timestamp,open,high,low,close,volume
1712059200000,0.619,0.626,0.593,0.625,9302853.0
1712062800000,0.625,0.729,0.622,0.705,59343266.0
1712066400000,0.706,0.779,0.68,0.692,103264012.0
1712070000000,0.692,0.736,0.668,0.689,66798282.0
1712073600000,0.69,0.738,0.688,0.731,43717362.0
1712077200000,0.731,0.843,0.726,0.807,112881217.0
1712080800000,0.807,0.91,0.806,0.846,135491569.0
1712084400000,0.847,0.885,0.803,0.87,85643306.0
1712088000000,0.87,0.872,0.813,0.822,48157133.0
1712091600000,0.823,0.877,0.823,0.86,32343914.0
1712095200000,0.859,0.872,0.821,0.846,36940581.0
1712098800000,0.846,0.849,0.75,0.772,65389773.0
1712102400000,0.772,0.787,0.703,0.78,72714492.0
1712106000000,0.78,0.868,0.765,0.846,103859124.0
1712109600000,0.847,0.855,0.796,0.837,46341961.0
1712113200000,0.837,0.892,0.819,0.87,50266136.0
1712116800000,0.87,0.873,0.824,0.83,37535469.0
1712120400000,0.829,0.831,0.782,0.82,60673483.0
1712124000000,0.82,0.864,0.813,0.856,38644298.0
1712127600000,0.856,0.924,0.823,0.918,71719051.0
1712131200000,0.919,0.935,0.867,0.93,104319200.0
1712134800000,0.93,0.959,0.915,0.926,86345051.0
1712138400000,0.925,0.946,0.901,0.925,62823579.0
1712142000000,0.925,0.944,0.893,0.904,57728821.0
1712145600000,0.905,0.936,0.855,0.925,108657692.0
1712149200000,0.924,0.975,0.924,0.932,96685677.0
1712152800000,0.931,1.045,0.93,1.045,114387115.0
1712156400000,1.045,1.216,1.002,1.194,207711383.0
1712160000000,1.194,1.305,1.15,1.169,295510177.0
1712163600000,1.168,1.222,1.091,1.105,160466274.0
1712167200000,1.105,1.155,1.08,1.082,89119904.0
1712170800000,1.081,1.139,1.055,1.108,67506519.0
1712174400000,1.107,1.108,1.045,1.104,78198747.0
1712178000000,1.103,1.157,1.065,1.152,62559512.0
1712181600000,1.152,1.157,1.101,1.106,37517841.0
1712185200000,1.106,1.148,1.063,1.134,51163800.0
1712188800000,1.134,1.164,1.092,1.108,58732301.0
1712192400000,1.109,1.124,1.07,1.078,41093550.0
1712196000000,1.078,1.099,1.004,1.061,73874344.0
1712199600000,1.061,1.08,0.952,0.955,87304765.0
1712203200000,0.954,0.998,0.911,0.988,116202445.0
1712206800000,0.989,1.045,0.972,1.041,84167512.0
1712210400000,1.042,1.07,1.012,1.014,60107320.0
1712214000000,1.015,1.039,0.986,1.005,59264388.0
1712217600000,1.004,1.036,0.952,0.96,64149194.0
1712221200000,0.959,1.022,0.958,1.015,51096774.0
1712224800000,1.016,1.134,1.011,1.098,145869735.0
1712228400000,1.099,1.167,1.08,1.126,87758475.0
1712232000000,1.125,1.155,1.087,1.091,80206643.0
1712235600000,1.091,1.134,1.072,1.095,64427206.0
1712239200000,1.096,1.151,1.087,1.099,57079080.0
1712242800000,1.099,1.119,1.032,1.037,67041805.0
1712246400000,1.038,1.065,1.014,1.027,61757065.0
1712250000000,1.027,1.057,1.009,1.05,49477104.0
1712253600000,1.049,1.05,0.973,0.978,58443393.0
1712257200000,0.978,1.012,0.977,1.003,39599218.0
1712260800000,1.003,1.01,0.928,0.983,80584259.0
1712264400000,0.983,0.99,0.934,0.942,36636770.0
1712268000000,0.943,0.984,0.94,0.975,33389407.0
1712271600000,0.975,1.005,0.957,0.971,38051310.0
1712275200000,0.971,1.01,0.952,0.974,51151406.0
1712278800000,0.974,1.04,0.969,1.014,52798659.0
1712282400000,1.015,1.016,0.916,0.953,102512297.0
1712286000000,0.952,0.963,0.93,0.955,32281465.0
1712289600000,0.955,0.999,0.954,0.972,47387669.0
1712293200000,0.972,0.972,0.921,0.952,63273704.0
1712296800000,0.952,0.96,0.919,0.936,36944862.0
1712300400000,0.936,0.936,0.872,0.902,76954029.0
1712304000000,0.903,0.954,0.901,0.938,59827081.0
1712307600000,0.939,0.954,0.916,0.918,41396204.0
1712311200000,0.919,0.929,0.888,0.906,63391730.0
1712314800000,0.906,0.914,0.861,0.878,71486904.0
1712318400000,0.878,0.95,0.87,0.937,90071560.0
1712322000000,0.936,0.96,0.916,0.931,80017264.0
1712325600000,0.932,0.99,0.916,0.98,68579232.0
1712329200000,0.981,0.982,0.94,0.962,62000269.0
1712332800000,0.963,0.982,0.944,0.97,40480452.0
1712336400000,0.969,1.026,0.959,0.996,85122184.0
1712340000000,0.996,1.013,0.969,0.977,50428040.0
1712343600000,0.976,0.989,0.962,0.976,30592120.0
1712347200000,0.976,1.046,0.976,1.033,55438858.0
1712350800000,1.033,1.064,1.015,1.037,52236827.0
1712354400000,1.037,1.039,1.004,1.009,38372430.0
1712358000000,1.008,1.024,1.004,1.016,27752330.0
1712361600000,1.016,1.045,0.976,0.981,73237072.0
1712365200000,0.981,1.0,0.966,0.974,35329383.0
1712368800000,0.975,0.984,0.963,0.976,27160621.0
1712372400000,0.977,1.009,0.971,0.987,39384853.0
1712376000000,0.988,0.994,0.969,0.98,24678609.0
1712379600000,0.981,1.049,0.98,1.041,51058545.0
1712383200000,1.041,1.091,1.024,1.072,72224201.0
1712386800000,1.072,1.148,1.07,1.129,118201371.0
1712390400000,1.129,1.13,1.087,1.113,78503388.0
1712394000000,1.113,1.117,1.063,1.068,52423125.0
1712397600000,1.068,1.097,1.068,1.09,42083618.0
1712401200000,1.09,1.115,1.08,1.109,44113268.0
1712404800000,1.108,1.14,1.075,1.094,76755106.0
1712408400000,1.093,1.105,1.061,1.086,55476942.0
1712412000000,1.085,1.135,1.084,1.125,71438701.0
1712415600000,1.125,1.195,1.114,1.151,116973232.0
1712419200000,1.152,1.167,1.113,1.134,69739102.0
1712422800000,1.133,1.133,1.106,1.113,32888729.0
1712426400000,1.113,1.14,1.109,1.138,34455327.0
1712430000000,1.138,1.138,1.116,1.12,22132879.0
1712433600000,1.12,1.14,1.117,1.132,21515907.0
1712437200000,1.132,1.135,1.091,1.1,23383130.0
1712440800000,1.099,1.107,1.085,1.089,21229178.0
1712444400000,1.088,1.103,1.085,1.089,22872504.0
1712448000000,1.09,1.107,1.074,1.096,29321089.0
1712451600000,1.095,1.108,1.061,1.077,34297865.0
1712455200000,1.078,1.107,1.074,1.083,27502458.0
1712458800000,1.082,1.108,1.072,1.108,37197544.0
1712462400000,1.108,1.169,1.097,1.145,71479160.0
1712466000000,1.146,1.18,1.14,1.165,49360550.0
1712469600000,1.165,1.229,1.158,1.227,66179940.0
1712473200000,1.227,1.248,1.181,1.21,89461373.0
1712476800000,1.21,1.215,1.16,1.187,53500503.0
1712480400000,1.186,1.24,1.177,1.23,47037621.0
1712484000000,1.23,1.252,1.193,1.21,73654684.0
1712487600000,1.21,1.247,1.209,1.225,54908782.0
1712491200000,1.225,1.24,1.182,1.21,55822253.0
1712494800000,1.21,1.219,1.173,1.214,50586297.0
1712498400000,1.214,1.245,1.205,1.227,57364114.0
1712502000000,1.227,1.271,1.216,1.259,74397549.0
1712505600000,1.259,1.264,1.227,1.242,53874650.0
1712509200000,1.241,1.245,1.202,1.212,36965392.0
1712512800000,1.211,1.219,1.187,1.189,26992498.0
1712516400000,1.189,1.204,1.176,1.182,25209146.0
1712520000000,1.182,1.205,1.18,1.183,20471517.0
1712523600000,1.184,1.187,1.162,1.177,17632397.0
1712527200000,1.177,1.195,1.161,1.187,23484249.0
1712530800000,1.187,1.194,1.175,1.19,21145423.0
1712534400000,1.19,1.19,1.136,1.151,52138621.0
1712538000000,1.15,1.171,1.148,1.164,20049548.0
1712541600000,1.164,1.179,1.143,1.155,28818564.0
1712545200000,1.155,1.167,1.147,1.158,21215977.0
1712548800000,1.159,1.188,1.155,1.156,22550758.0
1712552400000,1.155,1.18,1.154,1.172,17857901.0
1712556000000,1.171,1.172,1.125,1.139,34482457.0
1712559600000,1.138,1.154,1.117,1.119,33265452.0
1712563200000,1.12,1.131,1.076,1.117,78355031.0
1712566800000,1.117,1.137,1.096,1.112,44918424.0
1712570400000,1.113,1.133,1.094,1.118,32095122.0
1712574000000,1.119,1.132,1.106,1.114,25332692.0
1712577600000,1.114,1.339,1.113,1.282,256690894.0
1712581200000,1.282,1.358,1.252,1.288,200567762.0
1712584800000,1.288,1.314,1.257,1.276,96541571.0
1712588400000,1.277,1.292,1.224,1.245,62964734.0
1712592000000,1.245,1.279,1.241,1.277,37666533.0
1712595600000,1.277,1.282,1.243,1.25,28229389.0
1712599200000,1.25,1.279,1.249,1.257,18044574.0
1712602800000,1.258,1.281,1.25,1.279,15075599.0
1712606400000,1.28,1.312,1.279,1.296,34828368.0
1712610000000,1.296,1.309,1.275,1.293,17978139.0
1712613600000,1.293,1.312,1.271,1.28,25424805.0
1712617200000,1.28,1.327,1.275,1.294,33716675.0
1712620800000,1.294,1.339,1.294,1.301,47814218.0
1712624400000,1.301,1.366,1.299,1.312,61360211.0
1712628000000,1.313,1.385,1.312,1.375,49027095.0
1712631600000,1.376,1.395,1.35,1.371,56779366.0
1712635200000,1.37,1.38,1.33,1.344,40046458.0
1712638800000,1.345,1.393,1.341,1.357,41220125.0
1712642400000,1.357,1.409,1.351,1.361,63127111.0
1712646000000,1.361,1.385,1.292,1.293,81393525.0
1712649600000,1.294,1.328,1.27,1.321,101092446.0
1712653200000,1.322,1.323,1.252,1.257,58054067.0
1712656800000,1.257,1.281,1.247,1.257,43112076.0
1712660400000,1.256,1.29,1.25,1.281,33471520.0
1712664000000,1.281,1.282,1.234,1.253,44491589.0
1712667600000,1.253,1.277,1.231,1.262,38559309.0
1712671200000,1.263,1.278,1.202,1.233,70448269.0
1712674800000,1.233,1.257,1.227,1.25,42592451.0
1712678400000,1.251,1.251,1.195,1.21,49949637.0
1712682000000,1.21,1.232,1.208,1.226,28406297.0
1712685600000,1.227,1.25,1.213,1.248,20783759.0
1712689200000,1.248,1.249,1.227,1.246,17582150.0
1712692800000,1.246,1.252,1.232,1.243,11828343.0
1712696400000,1.242,1.245,1.218,1.239,13550273.0
1712700000000,1.239,1.248,1.223,1.229,18333731.0
1712703600000,1.23,1.247,1.201,1.241,31672102.0
1712707200000,1.241,1.277,1.223,1.252,45363772.0
1712710800000,1.252,1.293,1.234,1.29,42913420.0
1712714400000,1.289,1.3,1.252,1.257,51604397.0
1712718000000,1.258,1.33,1.256,1.322,50503134.0
1712721600000,1.321,1.393,1.32,1.376,65412239.0
1712725200000,1.376,1.388,1.328,1.367,50880383.0
1712728800000,1.367,1.39,1.346,1.356,39960479.0
1712732400000,1.356,1.416,1.356,1.379,62994302.0
1712736000000,1.379,1.44,1.362,1.42,85251801.0
1712739600000,1.42,1.449,1.397,1.409,70889855.0
1712743200000,1.409,1.418,1.355,1.376,77157065.0
1712746800000,1.376,1.379,1.341,1.36,46565564.0
1712750400000,1.36,1.381,1.303,1.345,100154793.0
1712754000000,1.345,1.429,1.31,1.424,96332257.0
1712757600000,1.423,1.423,1.379,1.395,80676471.0
1712761200000,1.395,1.443,1.387,1.438,62377859.0
1712764800000,1.438,1.496,1.418,1.47,132540162.0
1712768400000,1.47,1.506,1.444,1.452,75071137.0
1712772000000,1.452,1.474,1.413,1.42,46745532.0
1712775600000,1.42,1.432,1.403,1.412,29273080.0
1712779200000,1.412,1.428,1.404,1.416,25920625.0
1712782800000,1.416,1.425,1.39,1.42,24703829.0
1712786400000,1.421,1.447,1.407,1.425,41103162.0
1712790000000,1.426,1.467,1.425,1.457,37301770.0
1712793600000,1.456,1.489,1.428,1.445,56385465.0
1712797200000,1.445,1.454,1.406,1.438,49150762.0
1712800800000,1.438,1.484,1.431,1.445,44675154.0
1712804400000,1.445,1.475,1.431,1.434,26016492.0
1712808000000,1.433,1.44,1.415,1.434,28577858.0
1712811600000,1.434,1.462,1.42,1.424,36746609.0
1712815200000,1.424,1.433,1.41,1.421,26997525.0
1712818800000,1.421,1.429,1.382,1.405,44322794.0
1712822400000,1.406,1.423,1.389,1.423,30071672.0
1712826000000,1.423,1.505,1.404,1.501,84672226.0
1712829600000,1.502,1.524,1.469,1.472,80927537.0
1712833200000,1.473,1.502,1.454,1.458,50488367.0
1712836800000,1.458,1.498,1.457,1.498,44309061.0
1712840400000,1.498,1.52,1.462,1.478,65347102.0
1712844000000,1.478,1.489,1.424,1.429,54103412.0
1712847600000,1.43,1.438,1.408,1.431,48191785.0
1712851200000,1.431,1.448,1.411,1.439,35295909.0
1712854800000,1.439,1.453,1.406,1.407,27776685.0
1712858400000,1.407,1.41,1.39,1.403,27116891.0
1712862000000,1.404,1.429,1.392,1.415,18809218.0
1712865600000,1.414,1.421,1.394,1.405,18309913.0
1712869200000,1.405,1.418,1.394,1.413,12686720.0
1712872800000,1.414,1.423,1.382,1.388,18961586.0
1712876400000,1.388,1.397,1.352,1.371,33805454.0
1712880000000,1.372,1.442,1.371,1.431,40317355.0
1712883600000,1.431,1.45,1.424,1.439,28050588.0
1712887200000,1.439,1.447,1.422,1.428,21121921.0
1712890800000,1.429,1.459,1.416,1.456,25579443.0
1712894400000,1.456,1.48,1.441,1.45,33781704.0
1712898000000,1.449,1.472,1.447,1.464,19965884.0
1712901600000,1.464,1.481,1.451,1.472,24890798.0
1712905200000,1.472,1.477,1.453,1.459,24863434.0
1712908800000,1.459,1.47,1.426,1.433,32642291.0
1712912400000,1.434,1.454,1.416,1.424,28191771.0
1712916000000,1.425,1.425,1.393,1.418,35860000.0
1712919600000,1.418,1.431,1.409,1.419,22505795.0
1712923200000,1.42,1.425,1.381,1.395,46724857.0
1712926800000,1.395,1.402,1.313,1.344,111952325.0
1712930400000,1.344,1.367,1.248,1.263,145643832.0
1712934000000,1.264,1.302,1.25,1.262,105660320.0
1712937600000,1.262,1.282,1.211,1.229,120518756.0
1712941200000,1.227,1.268,1.11,1.262,220051375.0
1712944800000,1.261,1.287,1.06,1.207,237437234.0
1712948400000,1.207,1.317,1.192,1.264,142024467.0
1712952000000,1.265,1.308,1.214,1.228,83233319.0
1712955600000,1.229,1.241,1.187,1.215,40359507.0
1712959200000,1.214,1.222,1.167,1.2,40482351.0
1712962800000,1.2,1.302,1.167,1.276,88272705.0
1712966400000,1.277,1.277,1.226,1.235,35851016.0
1712970000000,1.235,1.237,1.182,1.195,42611427.0
1712973600000,1.194,1.257,1.194,1.24,49815289.0
1712977200000,1.24,1.298,1.235,1.291,43753090.0
1712980800000,1.29,1.31,1.257,1.304,43423192.0
1712984400000,1.303,1.342,1.293,1.3,55040624.0
1712988000000,1.299,1.312,1.275,1.282,38881915.0
1712991600000,1.283,1.297,1.265,1.271,32834793.0
1712995200000,1.272,1.306,1.266,1.269,34148289.0
1712998800000,1.269,1.299,1.261,1.278,33443061.0
1713002400000,1.277,1.282,1.241,1.246,41780637.0
1713006000000,1.246,1.267,1.227,1.241,32794041.0
1713009600000,1.242,1.254,1.217,1.219,37187707.0
1713013200000,1.219,1.258,1.216,1.238,45503851.0
1713016800000,1.238,1.244,1.178,1.188,61317979.0
1713020400000,1.188,1.205,1.145,1.153,72595532.0
1713024000000,1.152,1.172,1.11,1.126,90391920.0
1713027600000,1.125,1.127,1.032,1.082,160912614.0
1713031200000,1.083,1.113,1.043,1.103,105135066.0
1713034800000,1.104,1.117,0.973,1.039,109865233.0
1713038400000,1.038,1.094,0.911,1.052,250541153.0
1713042000000,1.053,1.077,0.905,1.021,145502620.0
1713045600000,1.022,1.116,0.969,1.085,125820141.0
1713049200000,1.084,1.118,1.025,1.047,72630722.0
1713052800000,1.046,1.093,1.004,1.064,74921874.0
1713056400000,1.064,1.094,1.038,1.07,53614158.0
1713060000000,1.069,1.076,1.02,1.021,48215934.0
1713063600000,1.022,1.041,0.987,1.033,62674509.0
1713067200000,1.034,1.095,1.021,1.089,69714224.0
1713070800000,1.088,1.144,1.081,1.127,62769253.0
1713074400000,1.127,1.182,1.108,1.158,61895764.0
1713078000000,1.157,1.168,1.129,1.151,38873725.0
1713081600000,1.151,1.154,1.116,1.127,40107628.0
1713085200000,1.127,1.14,1.091,1.1,53293492.0
1713088800000,1.1,1.117,1.083,1.099,33220267.0
1713092400000,1.098,1.105,1.069,1.081,42866140.0
1713096000000,1.082,1.12,1.068,1.093,50351747.0
1713099600000,1.093,1.124,1.062,1.068,51042960.0
1713103200000,1.068,1.094,1.052,1.082,54822387.0
1713106800000,1.081,1.11,1.071,1.104,53946351.0
1713110400000,1.104,1.176,1.097,1.157,75890715.0
1713114000000,1.157,1.173,1.08,1.118,130452890.0
1713117600000,1.118,1.167,1.102,1.15,52105512.0
1713121200000,1.151,1.157,1.126,1.135,29249335.0
1713124800000,1.135,1.148,1.105,1.109,31842457.0
1713128400000,1.109,1.128,1.1,1.11,18923462.0
1713132000000,1.111,1.22,1.109,1.214,72313893.0
1713135600000,1.213,1.221,1.2,1.208,30244649.0
1713139200000,1.207,1.208,1.165,1.17,45931957.0
1713142800000,1.171,1.171,1.133,1.154,45343197.0
1713146400000,1.155,1.156,1.121,1.13,36314586.0
1713150000000,1.129,1.144,1.123,1.129,29040362.0
1713153600000,1.129,1.136,1.103,1.119,41934170.0
1713157200000,1.119,1.159,1.113,1.156,36167673.0
1713160800000,1.156,1.194,1.136,1.176,69321573.0
1713164400000,1.176,1.186,1.156,1.168,37193207.0
1713168000000,1.168,1.18,1.151,1.157,36475308.0
1713171600000,1.158,1.176,1.141,1.163,44699626.0
1713175200000,1.163,1.18,1.153,1.173,28812321.0
1713178800000,1.174,1.187,1.141,1.142,42514953.0
1713182400000,1.142,1.154,1.128,1.149,35587519.0
1713186000000,1.148,1.196,1.148,1.178,79773803.0
1713189600000,1.177,1.207,1.151,1.153,105898414.0
1713193200000,1.154,1.2,1.133,1.165,90778579.0
1713196800000,1.165,1.187,1.118,1.12,88302284.0
1713200400000,1.12,1.147,1.096,1.113,73516240.0
1713204000000,1.114,1.125,1.065,1.069,74163601.0
1713207600000,1.07,1.096,1.058,1.072,64823524.0
1713211200000,1.073,1.081,1.036,1.039,39503621.0
1713214800000,1.039,1.061,1.021,1.058,29115708.0
1713218400000,1.058,1.087,1.043,1.084,30239666.0
1713222000000,1.084,1.085,1.046,1.055,35920650.0
1713225600000,1.055,1.06,1.02,1.031,35398489.0
1713229200000,1.031,1.078,1.021,1.041,46637332.0
1713232800000,1.041,1.066,1.03,1.061,37902718.0
1713236400000,1.061,1.068,1.026,1.031,37687481.0
1713240000000,1.032,1.042,0.971,0.989,89459200.0
1713243600000,0.989,1.013,0.976,1.004,44314795.0
1713247200000,1.005,1.037,1.001,1.034,31963889.0
1713250800000,1.034,1.066,1.026,1.048,44974029.0
1713254400000,1.048,1.05,1.027,1.035,35808252.0
1713258000000,1.034,1.048,1.027,1.031,28445305.0
1713261600000,1.031,1.035,0.983,1.01,86192046.0
1713265200000,1.01,1.023,0.987,1.017,57402012.0
1713268800000,1.018,1.019,0.963,0.973,64521171.0
1713272400000,0.974,0.979,0.941,0.964,115325351.0
1713276000000,0.964,0.974,0.923,0.925,74751935.0
1713279600000,0.924,0.933,0.893,0.912,108974939.0
1713283200000,0.912,0.955,0.9,0.954,88918666.0
1713286800000,0.954,0.965,0.94,0.948,81166323.0
1713290400000,0.948,0.967,0.94,0.966,48464248.0
1713294000000,0.966,0.973,0.95,0.954,33498474.0
1713297600000,0.954,0.969,0.951,0.962,23836857.0
1713301200000,0.962,1.006,0.957,0.986,40973929.0
1713304800000,0.986,0.989,0.976,0.984,20482484.0
1713308400000,0.985,0.997,0.973,0.978,23419089.0
1713312000000,0.978,1.013,0.962,0.996,41605084.0
1713315600000,0.995,1.032,0.973,1.028,51527953.0
1713319200000,1.028,1.043,1.013,1.035,49676962.0
1713322800000,1.036,1.05,1.019,1.029,39464114.0
1713326400000,1.029,1.051,1.003,1.047,54707305.0
1713330000000,1.048,1.055,1.013,1.019,43937415.0
1713333600000,1.02,1.032,1.012,1.018,26430237.0
1713337200000,1.018,1.026,0.998,1.002,46711716.0
1713340800000,1.002,1.01,0.985,0.992,38309908.0
1713344400000,0.992,1.007,0.987,0.993,30282009.0
1713348000000,0.994,0.998,0.97,0.974,39922100.0
1713351600000,0.973,0.979,0.949,0.95,44131613.0
1713355200000,0.95,0.958,0.935,0.951,67233317.0
1713358800000,0.952,0.968,0.936,0.948,60490335.0
1713362400000,0.948,0.949,0.903,0.934,131380558.0
1713366000000,0.935,0.94,0.908,0.924,104925993.0
1713369600000,0.924,0.954,0.911,0.931,89239650.0
1713373200000,0.931,0.962,0.922,0.957,50584711.0
1713376800000,0.957,0.977,0.95,0.964,49857054.0
1713380400000,0.964,0.964,0.94,0.949,37618914.0
1713384000000,0.95,0.954,0.926,0.929,38586039.0
1713387600000,0.929,0.954,0.926,0.939,23132257.0
1713391200000,0.94,0.944,0.929,0.935,19016966.0
1713394800000,0.935,0.942,0.916,0.923,23098265.0
1713398400000,0.923,0.936,0.892,0.925,53951705.0
1713402000000,0.925,0.942,0.918,0.931,37263542.0
1713405600000,0.931,0.936,0.895,0.916,45499809.0
1713409200000,0.917,0.94,0.914,0.933,42676444.0
1713412800000,0.932,0.936,0.915,0.917,36627282.0
1713416400000,0.917,0.921,0.886,0.89,38624644.0
1713420000000,0.89,0.893,0.84,0.855,104901125.0
1713423600000,0.856,0.858,0.818,0.839,87511216.0
1713427200000,0.839,0.864,0.835,0.86,67394393.0
1713430800000,0.859,0.88,0.856,0.868,57457161.0
1713434400000,0.868,0.883,0.861,0.879,36389264.0
1713438000000,0.878,0.913,0.877,0.893,66860370.0
1713441600000,0.893,0.897,0.869,0.881,49590890.0
1713445200000,0.882,0.909,0.878,0.904,64608365.0
1713448800000,0.904,0.939,0.897,0.932,81328558.0
1713452400000,0.931,0.95,0.907,0.917,62467037.0
1713456000000,0.916,0.934,0.908,0.917,42805507.0
1713459600000,0.917,0.918,0.887,0.892,38808538.0
1713463200000,0.893,0.908,0.882,0.902,38517745.0
1713466800000,0.903,0.913,0.9,0.91,24631224.0
1713470400000,0.91,0.92,0.902,0.92,19975430.0
1713474000000,0.92,0.928,0.91,0.917,17195738.0
1713477600000,0.917,0.925,0.908,0.916,16466957.0
1713481200000,0.916,0.921,0.907,0.912,11021997.0
1713484800000,0.911,0.913,0.892,0.896,27557264.0
1713488400000,0.897,0.898,0.848,0.855,63641950.0
1713492000000,0.855,0.866,0.815,0.848,114810230.0
1713495600000,0.848,0.867,0.838,0.86,60437096.0
1713499200000,0.859,0.9,0.859,0.896,50450487.0
1713502800000,0.896,0.908,0.881,0.893,35229800.0
1713506400000,0.893,0.949,0.881,0.94,69559105.0
1713510000000,0.939,0.955,0.927,0.934,65598981.0
1713513600000,0.934,0.96,0.93,0.955,57879272.0
1713517200000,0.955,1.024,0.946,1.018,91686857.0
1713520800000,1.018,1.042,0.983,1.006,94330533.0
1713524400000,1.006,1.031,1.003,1.019,53710410.0
1713528000000,1.019,1.029,0.997,1.0,53656049.0
1713531600000,0.999,1.014,0.984,1.009,58415831.0
1713535200000,1.01,1.02,0.981,1.006,51834812.0
1713538800000,1.007,1.024,1.002,1.007,35795646.0
1713542400000,1.008,1.019,0.977,0.998,67279209.0
1713546000000,0.998,1.015,0.994,1.012,34956891.0
1713549600000,1.012,1.019,0.989,0.998,32173829.0
1713553200000,0.997,1.015,0.995,1.005,22386685.0
1713556800000,1.006,1.006,0.973,0.979,23854688.0
1713560400000,0.98,0.987,0.976,0.983,13664175.0
1713564000000,0.982,0.995,0.963,0.965,19207760.0
1713567600000,0.965,0.985,0.944,0.968,49522504.0
1713571200000,0.967,0.984,0.951,0.957,47556359.0
1713574800000,0.957,0.999,0.947,0.984,38904413.0
1713578400000,0.985,1.03,0.983,1.024,45814254.0
1713582000000,1.024,1.029,0.991,1.002,35380021.0
1713585600000,1.002,1.021,0.994,1.01,31338262.0
1713589200000,1.01,1.026,1.002,1.018,23996628.0
1713592800000,1.019,1.037,1.012,1.02,31579536.0
1713596400000,1.021,1.022,1.001,1.003,23074661.0
1713600000000,1.004,1.005,0.981,0.986,32709779.0
1713603600000,0.986,0.989,0.966,0.976,37720517.0
1713607200000,0.976,0.985,0.96,0.973,35583523.0
1713610800000,0.973,0.986,0.97,0.979,26183630.0
1713614400000,0.98,0.992,0.972,0.983,22809291.0
1713618000000,0.984,0.989,0.97,0.972,22701027.0
1713621600000,0.973,0.98,0.965,0.973,24214612.0
1713625200000,0.974,1.009,0.965,1.008,41771772.0
1713628800000,1.008,1.022,0.998,1.01,51568943.0
1713632400000,1.009,1.086,1.009,1.077,93612813.0
1713636000000,1.077,1.111,1.073,1.082,68850592.0
1713639600000,1.083,1.105,1.068,1.104,32420996.0
1713643200000,1.105,1.12,1.086,1.09,42185278.0
1713646800000,1.09,1.1,1.082,1.093,13045509.0
1713650400000,1.093,1.095,1.074,1.075,12948934.0
1713654000000,1.075,1.089,1.075,1.083,13470105.0
1713657600000,1.083,1.086,1.054,1.065,24062113.0
1713661200000,1.066,1.083,1.064,1.076,16555693.0
1713664800000,1.075,1.097,1.067,1.092,25348357.0
1713668400000,1.091,1.103,1.074,1.082,33274742.0
1713672000000,1.081,1.094,1.075,1.087,20113710.0
1713675600000,1.087,1.101,1.083,1.095,18331149.0
1713679200000,1.095,1.096,1.076,1.083,21034172.0
1713682800000,1.082,1.095,1.066,1.086,25750936.0
1713686400000,1.087,1.092,1.071,1.077,21028687.0
1713690000000,1.077,1.087,1.072,1.075,17529746.0
1713693600000,1.076,1.082,1.062,1.079,18511106.0
1713697200000,1.079,1.107,1.076,1.092,34273525.0
1713700800000,1.092,1.098,1.066,1.069,25690779.0
1713704400000,1.069,1.081,1.041,1.054,45886682.0
1713708000000,1.054,1.069,1.049,1.055,25331031.0
1713711600000,1.055,1.076,1.054,1.064,18018552.0
1713715200000,1.064,1.069,1.025,1.037,48587885.0
1713718800000,1.037,1.046,1.028,1.042,16517383.0
1713722400000,1.042,1.047,1.039,1.043,9309719.0
1713726000000,1.043,1.051,1.037,1.039,10749909.0
1713729600000,1.039,1.052,1.035,1.052,11121935.0
1713733200000,1.052,1.068,1.049,1.049,13678092.0
1713736800000,1.05,1.065,1.045,1.047,20941346.0
1713740400000,1.047,1.056,1.04,1.049,11545971.0
1713744000000,1.05,1.074,1.043,1.052,18851611.0
1713747600000,1.052,1.074,1.031,1.033,38843252.0
1713751200000,1.033,1.05,1.026,1.049,28516389.0
1713754800000,1.049,1.085,1.045,1.074,26337640.0
1713758400000,1.073,1.082,1.066,1.077,23717461.0
1713762000000,1.077,1.095,1.072,1.094,22549147.0
1713765600000,1.095,1.1,1.082,1.085,23330280.0
1713769200000,1.084,1.088,1.061,1.062,24338112.0
1713772800000,1.063,1.07,1.051,1.054,19628964.0
1713776400000,1.054,1.064,1.05,1.058,19837936.0
1713780000000,1.058,1.069,1.052,1.065,17714192.0
1713783600000,1.066,1.072,1.045,1.054,22494183.0
1713787200000,1.054,1.064,1.049,1.058,20700349.0
1713790800000,1.057,1.069,1.044,1.054,32215081.0
1713794400000,1.054,1.068,1.036,1.037,34368207.0
1713798000000,1.038,1.048,1.027,1.042,32517156.0
1713801600000,1.042,1.049,1.028,1.037,21966219.0
1713805200000,1.037,1.057,1.032,1.047,23811059.0
1713808800000,1.046,1.06,1.043,1.048,16763686.0
1713812400000,1.047,1.054,1.039,1.048,11086556.0
1713816000000,1.048,1.065,1.046,1.06,15792060.0
1713819600000,1.059,1.069,1.057,1.063,6924888.0
1713823200000,1.063,1.071,1.055,1.067,18290297.0
1713826800000,1.066,1.067,1.041,1.047,17332567.0
1713830400000,1.048,1.066,1.042,1.062,22031354.0
1713834000000,1.061,1.064,1.047,1.053,18447968.0
1713837600000,1.052,1.057,1.033,1.035,15474989.0
1713841200000,1.035,1.044,1.007,1.01,32992529.0
1713844800000,1.01,1.023,0.992,0.999,34617903.0
1713848400000,0.999,1.013,0.994,1.006,22116196.0
1713852000000,1.006,1.007,0.982,0.986,26506583.0
1713855600000,0.987,0.993,0.977,0.983,29754904.0
1713859200000,0.982,0.997,0.976,0.995,20824207.0
1713862800000,0.995,0.998,0.983,0.987,17023682.0
1713866400000,0.988,0.998,0.987,0.992,16665671.0
1713870000000,0.992,0.994,0.975,0.984,22090387.0
1713873600000,0.984,0.991,0.969,0.982,23209641.0
1713877200000,0.982,1.001,0.972,0.994,33478570.0
1713880800000,0.994,1.012,0.988,1.007,47980710.0
1713884400000,1.007,1.012,0.973,0.981,49972265.0
1713888000000,0.981,0.991,0.974,0.979,22580189.0
1713891600000,0.979,0.984,0.966,0.978,20899533.0
1713895200000,0.978,0.981,0.969,0.97,15098450.0
1713898800000,0.971,0.975,0.964,0.97,13634929.0
1713902400000,0.97,0.971,0.951,0.965,21912468.0
1713906000000,0.964,0.965,0.953,0.964,8239174.0
1713909600000,0.964,0.971,0.946,0.95,17927128.0
1713913200000,0.949,0.952,0.93,0.938,25976821.0
1713916800000,0.938,0.951,0.926,0.946,29413427.0
1713920400000,0.946,0.959,0.942,0.951,21561452.0
1713924000000,0.951,0.953,0.932,0.938,22923717.0
1713927600000,0.937,0.955,0.936,0.948,13986807.0
1713931200000,0.947,0.969,0.945,0.962,19811659.0
1713934800000,0.963,0.965,0.944,0.947,20285679.0
1713938400000,0.947,0.959,0.932,0.956,18702772.0
1713942000000,0.956,0.963,0.95,0.956,17993102.0
1713945600000,0.956,0.963,0.949,0.952,14183841.0
1713949200000,0.953,0.955,0.939,0.948,14940089.0
1713952800000,0.948,0.97,0.945,0.968,22078221.0
1713956400000,0.967,0.984,0.957,0.979,31405528.0
1713960000000,0.979,0.981,0.959,0.96,24625731.0
1713963600000,0.96,0.961,0.921,0.924,50954867.0
1713967200000,0.924,0.934,0.906,0.916,70025406.0
1713970800000,0.917,0.917,0.883,0.891,58084690.0
1713974400000,0.891,0.903,0.884,0.895,35311662.0
1713978000000,0.894,0.912,0.893,0.903,22666853.0
1713981600000,0.902,0.908,0.884,0.886,22537090.0
1713985200000,0.887,0.904,0.875,0.899,29506787.0
1713988800000,0.898,0.904,0.874,0.882,20588474.0
1713992400000,0.881,0.887,0.871,0.887,12114955.0
1713996000000,0.887,0.888,0.86,0.87,23839610.0
1713999600000,0.87,0.876,0.859,0.874,27081382.0
1714003200000,0.873,0.878,0.862,0.863,17017936.0
1714006800000,0.863,0.876,0.839,0.841,26164325.0
1714010400000,0.841,0.86,0.833,0.859,27656443.0
1714014000000,0.859,0.864,0.845,0.86,18013989.0
1714017600000,0.859,0.869,0.847,0.863,22293401.0
1714021200000,0.863,0.865,0.853,0.854,10211209.0
1714024800000,0.854,0.862,0.849,0.856,11127106.0
1714028400000,0.855,0.86,0.841,0.846,15703988.0
1714032000000,0.846,0.867,0.845,0.862,24029721.0
1714035600000,0.861,0.869,0.851,0.853,16493534.0
1714039200000,0.854,0.854,0.835,0.839,36028373.0
1714042800000,0.839,0.862,0.838,0.858,19082682.0
1714046400000,0.858,0.868,0.843,0.846,32941569.0
1714050000000,0.846,0.865,0.837,0.861,38337558.0
1714053600000,0.861,0.868,0.851,0.856,29688724.0
1714057200000,0.855,0.907,0.853,0.9,40052774.0
1714060800000,0.9,0.9,0.877,0.886,37602870.0
1714064400000,0.886,0.895,0.879,0.891,17809890.0
1714068000000,0.891,0.897,0.879,0.895,15132669.0
1714071600000,0.895,0.896,0.88,0.888,8947200.0
1714075200000,0.888,0.892,0.881,0.889,10356017.0
1714078800000,0.888,0.896,0.881,0.883,7479792.0
1714082400000,0.882,0.882,0.866,0.87,12058656.0
1714086000000,0.871,0.874,0.867,0.871,7480540.0
1714089600000,0.871,0.882,0.855,0.865,18081719.0
1714093200000,0.864,0.878,0.845,0.866,25411849.0
1714096800000,0.865,0.886,0.864,0.871,15037695.0
1714100400000,0.87,0.871,0.85,0.85,13735957.0
1714104000000,0.851,0.862,0.84,0.85,17647690.0
1714107600000,0.849,0.857,0.847,0.853,10564633.0
1714111200000,0.853,0.853,0.826,0.834,19380870.0
1714114800000,0.834,0.843,0.826,0.835,19512044.0
1714118400000,0.834,0.852,0.832,0.852,16045477.0
1714122000000,0.852,0.858,0.845,0.851,16765002.0
1714125600000,0.851,0.856,0.843,0.848,12170547.0
1714129200000,0.848,0.857,0.843,0.844,12458430.0
1714132800000,0.844,0.852,0.832,0.837,18544899.0
1714136400000,0.838,0.853,0.82,0.849,36642740.0
1714140000000,0.848,0.86,0.823,0.826,44639451.0
1714143600000,0.827,0.834,0.816,0.828,36992406.0
1714147200000,0.829,0.854,0.824,0.849,21595001.0
1714150800000,0.848,0.854,0.841,0.853,12853046.0
1714154400000,0.853,0.853,0.841,0.845,10276117.0
1714158000000,0.845,0.845,0.833,0.834,10029639.0
1714161600000,0.834,0.842,0.829,0.831,9200434.0
1714165200000,0.832,0.836,0.823,0.836,7195446.0
1714168800000,0.836,0.84,0.81,0.819,21638972.0
1714172400000,0.82,0.824,0.817,0.824,7666757.0
1714176000000,0.823,0.839,0.815,0.823,27243069.0
1714179600000,0.824,0.83,0.76,0.784,87045581.0
1714183200000,0.785,0.812,0.779,0.794,27518979.0
1714186800000,0.794,0.813,0.793,0.808,15629897.0
1714190400000,0.807,0.824,0.806,0.824,15882385.0
1714194000000,0.823,0.827,0.812,0.817,11690530.0
1714197600000,0.818,0.821,0.805,0.81,12614768.0
1714201200000,0.81,0.82,0.808,0.817,8984854.0
1714204800000,0.816,0.844,0.816,0.822,26248710.0
1714208400000,0.822,0.829,0.803,0.811,21437519.0
1714212000000,0.812,0.816,0.801,0.803,12647431.0
1714215600000,0.803,0.813,0.795,0.81,17012641.0
1714219200000,0.811,0.833,0.806,0.822,24532851.0
1714222800000,0.823,0.833,0.82,0.828,15199418.0
1714226400000,0.829,0.837,0.815,0.818,18245867.0
1714230000000,0.819,0.819,0.803,0.808,16046204.0
1714233600000,0.808,0.819,0.805,0.812,16741552.0
1714237200000,0.811,0.846,0.807,0.84,27097876.0
1714240800000,0.84,0.847,0.821,0.826,34455248.0
1714244400000,0.827,0.831,0.821,0.827,9700068.0
1714248000000,0.827,0.832,0.815,0.819,9221887.0
1714251600000,0.819,0.834,0.812,0.83,8943359.0
1714255200000,0.829,0.833,0.821,0.827,8715424.0
1714258800000,0.826,0.847,0.825,0.84,17398301.0
1714262400000,0.84,0.846,0.836,0.842,14673290.0
1714266000000,0.841,0.869,0.838,0.855,26911515.0
1714269600000,0.855,0.867,0.846,0.859,22469716.0
1714273200000,0.859,0.865,0.852,0.857,19723461.0
1714276800000,0.858,0.866,0.851,0.862,17780701.0
1714280400000,0.861,0.878,0.854,0.857,25052130.0
1714284000000,0.856,0.857,0.842,0.85,20339725.0
1714287600000,0.85,0.864,0.848,0.854,10840569.0
1714291200000,0.855,0.858,0.841,0.848,12813770.0
1714294800000,0.849,0.852,0.833,0.838,13397910.0
1714298400000,0.838,0.849,0.831,0.847,16620572.0
1714302000000,0.847,0.852,0.839,0.841,16052577.0
1714305600000,0.84,0.856,0.835,0.853,13272115.0
1714309200000,0.854,0.87,0.849,0.854,25247810.0
1714312800000,0.854,0.866,0.848,0.863,18498434.0
1714316400000,0.863,0.872,0.854,0.859,17735501.0
1714320000000,0.859,0.873,0.854,0.867,21482689.0
1714323600000,0.866,0.884,0.863,0.879,19690051.0
1714327200000,0.879,0.888,0.873,0.885,17767514.0
1714330800000,0.885,0.895,0.877,0.882,17127194.0
1714334400000,0.882,0.885,0.871,0.88,15415019.0
1714338000000,0.879,0.885,0.876,0.881,8750009.0
1714341600000,0.881,0.882,0.856,0.859,23481349.0
1714345200000,0.859,0.86,0.839,0.848,23879236.0
1714348800000,0.849,0.856,0.836,0.839,16748730.0
1714352400000,0.839,0.847,0.833,0.845,13888466.0
1714356000000,0.846,0.847,0.814,0.822,28492651.0
1714359600000,0.822,0.825,0.807,0.81,25176388.0
1714363200000,0.81,0.825,0.807,0.824,17950005.0
1714366800000,0.825,0.825,0.808,0.815,14585517.0
1714370400000,0.814,0.816,0.786,0.792,36061197.0
1714374000000,0.792,0.795,0.783,0.79,22365582.0
1714377600000,0.79,0.792,0.774,0.788,30890765.0
1714381200000,0.789,0.795,0.784,0.792,18930437.0
1714384800000,0.791,0.796,0.782,0.787,19702625.0
1714388400000,0.787,0.792,0.783,0.787,15712141.0
1714392000000,0.786,0.793,0.779,0.79,24655847.0
1714395600000,0.791,0.813,0.788,0.809,48760443.0
1714399200000,0.81,0.858,0.808,0.855,70708833.0
1714402800000,0.854,0.898,0.852,0.891,80982433.0
1714406400000,0.892,0.897,0.858,0.87,58291164.0
1714410000000,0.869,0.924,0.868,0.91,71352218.0
1714413600000,0.909,0.918,0.884,0.892,43431157.0
1714417200000,0.892,0.895,0.874,0.89,29324191.0
1714420800000,0.89,0.894,0.879,0.885,21560967.0
1714424400000,0.885,0.887,0.873,0.885,13165497.0
1714428000000,0.885,0.937,0.88,0.93,54743411.0
1714431600000,0.93,0.944,0.923,0.926,38981637.0
1714435200000,0.927,0.939,0.917,0.926,36916281.0
1714438800000,0.926,0.935,0.898,0.901,37961104.0
1714442400000,0.901,0.912,0.89,0.901,39524347.0
1714446000000,0.9,0.902,0.886,0.894,20409627.0
1714449600000,0.894,0.9,0.882,0.888,18373235.0
1714453200000,0.889,0.9,0.877,0.886,24425574.0
1714456800000,0.887,0.908,0.884,0.901,23040511.0
1714460400000,0.9,0.904,0.885,0.888,23527964.0
1714464000000,0.888,0.891,0.833,0.843,82719464.0
1714467600000,0.843,0.852,0.83,0.831,44292653.0
1714471200000,0.83,0.836,0.811,0.825,45626948.0
1714474800000,0.825,0.826,0.81,0.813,38726896.0
1714478400000,0.813,0.825,0.791,0.812,67629297.0
1714482000000,0.811,0.821,0.806,0.814,33723549.0
1714485600000,0.814,0.827,0.806,0.818,47828359.0
1714489200000,0.819,0.825,0.802,0.813,39753865.0
1714492800000,0.813,0.822,0.795,0.813,53427739.0
1714496400000,0.813,0.819,0.799,0.812,27811558.0
1714500000000,0.811,0.816,0.804,0.813,17988725.0
1714503600000,0.812,0.819,0.796,0.806,36826197.0
1714507200000,0.806,0.824,0.804,0.807,30796686.0
1714510800000,0.807,0.813,0.799,0.808,12559985.0
1714514400000,0.809,0.836,0.806,0.817,35495364.0
1714518000000,0.818,0.822,0.805,0.814,21569721.0
1714521600000,0.814,0.821,0.798,0.802,32119132.0
1714525200000,0.801,0.819,0.785,0.81,42292861.0
1714528800000,0.811,0.813,0.79,0.8,33387704.0
1714532400000,0.8,0.803,0.791,0.799,15221568.0
1714536000000,0.8,0.806,0.791,0.793,13522307.0
1714539600000,0.793,0.8,0.776,0.781,31426658.0
1714543200000,0.781,0.784,0.767,0.768,28850582.0
1714546800000,0.768,0.77,0.73,0.756,106430990.0
1714550400000,0.755,0.787,0.75,0.787,61308807.0
1714554000000,0.787,0.811,0.782,0.806,48071618.0
1714557600000,0.806,0.817,0.796,0.811,37222573.0
1714561200000,0.812,0.817,0.806,0.816,19593548.0
1714564800000,0.816,0.819,0.807,0.811,28700281.0
1714568400000,0.811,0.812,0.801,0.802,26196501.0
1714572000000,0.802,0.806,0.788,0.8,30593849.0
1714575600000,0.801,0.801,0.776,0.778,35758889.0
1714579200000,0.778,0.798,0.773,0.78,31580598.0
1714582800000,0.781,0.792,0.77,0.785,28317188.0
1714586400000,0.785,0.831,0.784,0.814,77664867.0
1714590000000,0.814,0.82,0.773,0.777,49003955.0
1714593600000,0.778,0.787,0.771,0.783,21925847.0
1714597200000,0.783,0.798,0.78,0.797,11406280.0
1714600800000,0.797,0.808,0.794,0.799,19716255.0
1714604400000,0.799,0.805,0.795,0.799,11697174.0
1714608000000,0.799,0.808,0.777,0.779,23422507.0
1714611600000,0.78,0.786,0.765,0.775,25826643.0
1714615200000,0.776,0.779,0.765,0.773,15505846.0
1714618800000,0.773,0.781,0.77,0.775,10757734.0
1714622400000,0.776,0.785,0.774,0.778,9776549.0
1714626000000,0.778,0.779,0.767,0.776,14285621.0
1714629600000,0.776,0.783,0.774,0.778,13316693.0
1714633200000,0.778,0.797,0.778,0.788,19330600.0
1714636800000,0.788,0.799,0.784,0.792,16711703.0
1714640400000,0.792,0.795,0.783,0.795,13465391.0
1714644000000,0.795,0.815,0.792,0.812,24543214.0
1714647600000,0.812,0.83,0.809,0.815,57133306.0
1714651200000,0.815,0.829,0.811,0.818,34728898.0
1714654800000,0.817,0.831,0.804,0.807,32690261.0
1714658400000,0.807,0.823,0.803,0.817,30855391.0
1714662000000,0.817,0.832,0.814,0.817,33199706.0
1714665600000,0.816,0.819,0.803,0.807,21254471.0
1714669200000,0.807,0.818,0.806,0.815,13237329.0
1714672800000,0.815,0.822,0.811,0.814,15312787.0
1714676400000,0.813,0.818,0.809,0.816,11447506.0
1714680000000,0.816,0.818,0.798,0.798,15204038.0
1714683600000,0.798,0.815,0.797,0.806,8747214.0
1714687200000,0.807,0.813,0.801,0.805,17743896.0
1714690800000,0.804,0.807,0.795,0.797,13387763.0
1714694400000,0.796,0.8,0.788,0.798,21196501.0
1714698000000,0.797,0.814,0.795,0.808,24084455.0
1714701600000,0.808,0.819,0.805,0.811,19545425.0
1714705200000,0.811,0.817,0.809,0.813,16286533.0
1714708800000,0.812,0.816,0.8,0.803,15387510.0
1714712400000,0.804,0.81,0.801,0.802,12246361.0
1714716000000,0.803,0.804,0.794,0.797,16956433.0
1714719600000,0.797,0.801,0.791,0.793,15599681.0
1714723200000,0.793,0.8,0.79,0.796,12344696.0
1714726800000,0.795,0.801,0.794,0.797,10391703.0
1714730400000,0.797,0.797,0.784,0.788,17959912.0
1714734000000,0.787,0.793,0.782,0.791,14952791.0
1714737600000,0.791,0.819,0.785,0.809,44482114.0
1714741200000,0.81,0.824,0.808,0.822,39846586.0
1714744800000,0.822,0.843,0.814,0.835,42544990.0
1714748400000,0.836,0.845,0.824,0.842,24794075.0
1714752000000,0.843,0.877,0.843,0.855,55649170.0
1714755600000,0.855,0.861,0.85,0.853,22030249.0
1714759200000,0.854,0.857,0.843,0.847,13949398.0
1714762800000,0.847,0.854,0.84,0.854,16942840.0
1714766400000,0.854,0.863,0.848,0.857,20207929.0
1714770000000,0.856,0.859,0.849,0.858,14166212.0
1714773600000,0.858,0.859,0.85,0.855,13352520.0
1714777200000,0.855,0.858,0.848,0.852,11006556.0
1714780800000,0.852,0.857,0.844,0.851,14974257.0
1714784400000,0.851,0.853,0.832,0.836,20878412.0
1714788000000,0.836,0.838,0.822,0.827,20681501.0
1714791600000,0.827,0.835,0.825,0.832,14701588.0
1714795200000,0.833,0.846,0.83,0.843,16308960.0
1714798800000,0.843,0.844,0.835,0.843,9161372.0
1714802400000,0.843,0.852,0.839,0.84,13570222.0
1714806000000,0.84,0.841,0.835,0.838,7899042.0
1714809600000,0.838,0.849,0.836,0.848,10528100.0
1714813200000,0.849,0.866,0.846,0.862,17902454.0
1714816800000,0.862,0.876,0.854,0.872,20732007.0
1714820400000,0.873,0.873,0.84,0.843,34022184.0
1714824000000,0.844,0.851,0.837,0.85,19941198.0
1714827600000,0.85,0.85,0.827,0.836,23946297.0
1714831200000,0.836,0.84,0.831,0.834,11783402.0
1714834800000,0.835,0.837,0.829,0.835,12176078.0
1714838400000,0.836,0.837,0.827,0.831,12897870.0
1714842000000,0.83,0.831,0.822,0.828,17895122.0
1714845600000,0.828,0.837,0.825,0.835,8336979.0
1714849200000,0.835,0.843,0.831,0.84,8542034.0
1714852800000,0.839,0.844,0.833,0.84,9257291.0
1714856400000,0.84,0.845,0.83,0.836,12183047.0
1714860000000,0.837,0.838,0.829,0.831,9550398.0
1714863600000,0.831,0.832,0.825,0.827,7857509.0
1714867200000,0.827,0.832,0.813,0.819,23210182.0
1714870800000,0.82,0.821,0.795,0.807,29363977.0
1714874400000,0.806,0.811,0.797,0.798,11154805.0
1714878000000,0.799,0.802,0.794,0.799,11249358.0
1714881600000,0.8,0.804,0.797,0.802,7528531.0
1714885200000,0.802,0.81,0.8,0.801,9442949.0
1714888800000,0.802,0.805,0.798,0.799,9694614.0
1714892400000,0.798,0.808,0.798,0.802,12036659.0
1714896000000,0.801,0.813,0.8,0.811,14278238.0
1714899600000,0.81,0.811,0.801,0.805,14581097.0
1714903200000,0.804,0.81,0.799,0.802,12299814.0
1714906800000,0.802,0.81,0.799,0.804,12633014.0
1714910400000,0.804,0.806,0.798,0.798,8401444.0
1714914000000,0.798,0.812,0.795,0.805,21641454.0
1714917600000,0.805,0.808,0.795,0.805,15065041.0
1714921200000,0.805,0.82,0.803,0.818,24303895.0
1714924800000,0.817,0.823,0.811,0.818,13697754.0
1714928400000,0.817,0.825,0.813,0.813,10505586.0
1714932000000,0.813,0.814,0.802,0.807,12527251.0
1714935600000,0.807,0.814,0.805,0.809,7271022.0
1714939200000,0.808,0.811,0.803,0.81,7799041.0
1714942800000,0.809,0.81,0.803,0.808,4619868.0
1714946400000,0.808,0.809,0.802,0.808,8456643.0
1714950000000,0.808,0.815,0.807,0.813,8730737.0
1714953600000,0.812,0.832,0.81,0.829,14374163.0
1714957200000,0.829,0.836,0.821,0.826,15568984.0
1714960800000,0.826,0.859,0.825,0.839,37863317.0
1714964400000,0.839,0.873,0.839,0.867,34446099.0
1714968000000,0.867,0.888,0.863,0.878,41488594.0
1714971600000,0.879,0.907,0.878,0.901,46907378.0
1714975200000,0.901,0.914,0.888,0.902,43018924.0
1714978800000,0.901,0.915,0.898,0.911,28946283.0
1714982400000,0.911,0.935,0.902,0.909,59042956.0
1714986000000,0.909,0.927,0.906,0.922,31638463.0
1714989600000,0.922,0.929,0.886,0.897,58171400.0
1714993200000,0.898,0.924,0.897,0.919,32581546.0
1714996800000,0.919,0.926,0.868,0.885,78019048.0
1715000400000,0.885,0.902,0.88,0.898,43646436.0
1715004000000,0.898,0.908,0.872,0.873,41606434.0
1715007600000,0.874,0.889,0.868,0.877,40015175.0
1715011200000,0.877,0.891,0.863,0.867,33583397.0
1715014800000,0.868,0.873,0.85,0.862,30400771.0
1715018400000,0.863,0.869,0.855,0.86,20420671.0
1715022000000,0.861,0.865,0.852,0.865,19396263.0
1715025600000,0.865,0.881,0.859,0.88,16925650.0
1715029200000,0.881,0.889,0.876,0.889,15648577.0
1715032800000,0.889,0.906,0.885,0.899,29622039.0
1715036400000,0.9,0.9,0.887,0.892,21899831.0
1715040000000,0.892,0.905,0.883,0.895,39532819.0
1715043600000,0.896,0.919,0.886,0.916,36329294.0
1715047200000,0.916,0.919,0.898,0.898,21151744.0
1715050800000,0.899,0.901,0.856,0.872,56202076.0
1715054400000,0.872,0.883,0.867,0.874,21388397.0
1715058000000,0.875,0.887,0.861,0.875,24135847.0
1715061600000,0.876,0.879,0.855,0.861,18927614.0
1715065200000,0.861,0.89,0.859,0.886,30113539.0
1715068800000,0.885,0.917,0.883,0.911,35355785.0
1715072400000,0.911,0.914,0.898,0.908,20786225.0
1715076000000,0.908,0.918,0.9,0.912,25706774.0
1715079600000,0.911,0.912,0.891,0.892,25237708.0
1715083200000,0.892,0.925,0.866,0.898,123276247.0
1715086800000,0.897,0.92,0.876,0.91,79047146.0
1715090400000,0.91,0.988,0.905,0.979,133305626.0
1715094000000,0.979,1.005,0.958,0.966,126725977.0
1715097600000,0.967,0.97,0.94,0.953,51406315.0
1715101200000,0.952,0.957,0.935,0.938,36464562.0
1715104800000,0.938,0.946,0.926,0.928,38203744.0
1715108400000,0.929,0.936,0.916,0.929,30994461.0
1715112000000,0.929,0.943,0.923,0.926,32169162.0
1715115600000,0.926,0.931,0.912,0.926,15284961.0
1715119200000,0.926,0.927,0.906,0.911,24026514.0
1715122800000,0.91,0.922,0.901,0.918,44400591.0
1715126400000,0.918,0.951,0.912,0.937,71584855.0
1715130000000,0.936,0.947,0.924,0.935,32196074.0
1715133600000,0.934,0.946,0.926,0.932,22652148.0
1715137200000,0.931,0.938,0.91,0.918,29782813.0
1715140800000,0.918,0.935,0.894,0.909,40341192.0
1715144400000,0.91,0.912,0.896,0.899,24945513.0
1715148000000,0.899,0.905,0.882,0.8983,86805873.0
1715151600000,0.8983,0.905,0.887,0.8986,36594635.0
1715155200000,0.8986,0.8989,0.88,0.8943,33497054.0
1715158800000,0.8942,0.9017,0.8798,0.9017,25173637.0
1715162400000,0.9016,0.926,0.9011,0.9223,36043184.0
1715166000000,0.9223,0.934,0.909,0.9199,40115408.0
1715169600000,0.9199,0.9402,0.906,0.9144,40311217.0
1715173200000,0.9144,0.922,0.897,0.9185,39955440.0
1715176800000,0.9184,0.923,0.897,0.8976,27086649.0
1715180400000,0.8975,0.902,0.885,0.893,34639188.0
1715184000000,0.8931,0.903,0.8861,0.9018,16720215.0
1715187600000,0.9018,0.9038,0.89,0.8948,8529340.0
1715191200000,0.8948,0.9074,0.8932,0.9072,6923978.0
1715194800000,0.9072,0.908,0.8819,0.8986,16390727.0
1715198400000,0.8987,0.9054,0.8536,0.863,34607634.0
1715202000000,0.8631,0.88,0.8609,0.8712,27749501.0
1715205600000,0.8712,0.8738,0.8666,0.8703,16969172.0
1715209200000,0.8704,0.8762,0.8666,0.8727,16475624.0
1715212800000,0.8728,0.888,0.8642,0.8798,19422253.0
1715216400000,0.8799,0.886,0.8756,0.8807,15516323.0
1715220000000,0.8807,0.898,0.8771,0.8975,12369175.0
1715223600000,0.8975,0.9087,0.89,0.8953,16249697.0
1715227200000,0.8954,0.906,0.8875,0.8896,10629449.0
1715230800000,0.8897,0.8984,0.8856,0.8891,11433129.0
1715234400000,0.889,0.8995,0.8793,0.8808,12944837.0
1715238000000,0.8809,0.883,0.8666,0.8717,11651289.0
1715241600000,0.8718,0.8748,0.8651,0.8676,12979619.0
1715245200000,0.8677,0.8688,0.8562,0.8659,16807370.0
1715248800000,0.8659,0.866,0.853,0.8532,13954705.0
1715252400000,0.8532,0.8682,0.8514,0.8635,17301160.0
1715256000000,0.8635,0.8806,0.8611,0.8745,12900358.0
1715259600000,0.8746,0.8749,0.8522,0.8594,16915630.0
1715263200000,0.8595,0.8674,0.8543,0.8611,12655420.0
1715266800000,0.8611,0.8865,0.8595,0.8813,20710667.0
1715270400000,0.8812,0.8904,0.8576,0.8582,21602831.0
1715274000000,0.8583,0.8671,0.8571,0.8625,10650094.0
1715277600000,0.8626,0.8732,0.8625,0.8719,9690809.0
1715281200000,0.8719,0.8787,0.8702,0.8777,7427300.0
1715284800000,0.8777,0.8847,0.8746,0.8781,8750659.0
1715288400000,0.8781,0.888,0.877,0.8844,7504676.0
1715292000000,0.8845,0.8987,0.8837,0.8956,14606628.0
1715295600000,0.8955,0.8968,0.887,0.8936,11441649.0
1715299200000,0.8936,0.8989,0.886,0.8977,10988858.0
1715302800000,0.8976,0.9077,0.892,0.8993,15132651.0
1715306400000,0.8993,0.9052,0.8946,0.8997,10126356.0
1715310000000,0.8997,0.9018,0.8922,0.901,7644856.0
1715313600000,0.901,0.9115,0.8992,0.9036,10950755.0
1715317200000,0.9035,0.9057,0.888,0.8904,12898518.0
1715320800000,0.8904,0.9044,0.89,0.8989,13655015.0
1715324400000,0.8989,0.9024,0.8915,0.8926,11652774.0
1715328000000,0.8926,0.901,0.8879,0.8986,14565959.0
1715331600000,0.8985,0.9184,0.8951,0.9145,31758182.0
1715335200000,0.9144,0.929,0.9091,0.9262,22743219.0
1715338800000,0.9262,0.9358,0.9221,0.9333,19853015.0
1715342400000,0.9333,0.9367,0.9117,0.9177,24387156.0
1715346000000,0.9178,0.924,0.908,0.9143,14709715.0
1715349600000,0.9143,0.9147,0.8602,0.87,59879701.0
1715353200000,0.87,0.8756,0.8532,0.8568,35747829.0
1715356800000,0.8567,0.8615,0.8337,0.8473,43253926.0
1715360400000,0.8473,0.8475,0.8234,0.8337,27048472.0
1715364000000,0.8336,0.8455,0.8273,0.8424,15398037.0
1715367600000,0.8425,0.8468,0.8373,0.8453,10405868.0
1715371200000,0.8454,0.852,0.8366,0.8467,11443597.0
1715374800000,0.8467,0.8484,0.84,0.8449,6002868.0
1715378400000,0.8449,0.847,0.8422,0.8446,8591617.0
1715382000000,0.8445,0.8529,0.8438,0.847,9267986.0
1715385600000,0.847,0.853,0.8424,0.8496,10477188.0
1715389200000,0.8495,0.8617,0.8488,0.8507,14864220.0
1715392800000,0.8507,0.8539,0.8466,0.8525,8546371.0
1715396400000,0.8525,0.8593,0.8502,0.8571,7638636.0
1715400000000,0.8571,0.8597,0.8504,0.8517,6236666.0
1715403600000,0.8518,0.8552,0.85,0.8549,5858722.0
1715407200000,0.855,0.8657,0.855,0.8607,10025750.0
1715410800000,0.8607,0.8619,0.8554,0.8593,7701857.0
1715414400000,0.8594,0.861,0.852,0.8549,8920369.0
1715418000000,0.8549,0.861,0.848,0.8524,11041112.0
1715421600000,0.8524,0.8531,0.8422,0.848,13214118.0
1715425200000,0.8481,0.8485,0.8388,0.8424,16072055.0
1715428800000,0.8424,0.8494,0.842,0.8423,7686992.0
1715432400000,0.8423,0.8566,0.8399,0.8558,13479015.0
1715436000000,0.8557,0.858,0.851,0.8534,7641656.0
1715439600000,0.8534,0.8712,0.8532,0.8652,22939279.0
1715443200000,0.8652,0.8666,0.853,0.8563,9462611.0
1715446800000,0.8563,0.8584,0.8518,0.8542,5659407.0
1715450400000,0.8541,0.8596,0.8517,0.8574,5228072.0
1715454000000,0.8573,0.8576,0.851,0.854,2939524.0
1715457600000,0.8539,0.8543,0.842,0.8501,7185894.0
1715461200000,0.8502,0.8504,0.8431,0.8462,3829234.0
1715464800000,0.8462,0.848,0.8408,0.8426,6503825.0
1715468400000,0.8426,0.8456,0.837,0.8407,7329336.0
1715472000000,0.8407,0.8444,0.8372,0.8375,7313746.0
1715475600000,0.8375,0.8401,0.8342,0.8383,10882189.0
1715479200000,0.8383,0.8398,0.8357,0.8376,4656986.0
1715482800000,0.8375,0.8437,0.8353,0.8417,5259483.0
1715486400000,0.8417,0.8469,0.8407,0.8458,4896938.0
1715490000000,0.8457,0.848,0.8421,0.8477,4262788.0
1715493600000,0.8476,0.8522,0.8453,0.8469,6865800.0
1715497200000,0.8469,0.8506,0.8367,0.8387,10375860.0
1715500800000,0.8388,0.8444,0.8355,0.8407,8850797.0
1715504400000,0.8406,0.8413,0.8366,0.8402,5253381.0
1715508000000,0.8402,0.8512,0.8372,0.8485,9058129.0
1715511600000,0.8485,0.8502,0.8455,0.8484,4245414.0
1715515200000,0.8483,0.8497,0.8432,0.8446,5273288.0
1715518800000,0.8447,0.8475,0.8407,0.8457,4752825.0
1715522400000,0.8457,0.8489,0.8395,0.8403,5712308.0
1715526000000,0.8403,0.8466,0.8373,0.843,9059793.0
1715529600000,0.8431,0.8519,0.8393,0.8394,11282567.0
1715533200000,0.8394,0.8437,0.8361,0.8431,9268154.0
1715536800000,0.843,0.8439,0.8353,0.8365,5574179.0
1715540400000,0.8364,0.8367,0.8299,0.8348,8700534.0
1715544000000,0.8349,0.836,0.8302,0.8323,4817474.0
1715547600000,0.8324,0.8342,0.8186,0.8278,16331676.0
1715551200000,0.8278,0.8305,0.8266,0.8284,6987755.0
1715554800000,0.8283,0.8318,0.8268,0.83,3834855.0
1715558400000,0.83,0.8356,0.8256,0.8282,8225189.0
1715562000000,0.8282,0.8288,0.8128,0.8189,18973651.0
1715565600000,0.819,0.8218,0.7918,0.8011,35380774.0
1715569200000,0.8011,0.802,0.7864,0.7969,25629591.0
1715572800000,0.7969,0.7969,0.7883,0.7943,12576978.0
1715576400000,0.7942,0.8016,0.7925,0.7952,10354590.0
1715580000000,0.7952,0.8112,0.7943,0.8092,14277279.0
1715583600000,0.8092,0.8244,0.8065,0.821,16906317.0
1715587200000,0.821,0.8298,0.8169,0.8208,25852709.0
1715590800000,0.8209,0.834,0.8208,0.831,14072008.0
1715594400000,0.831,0.8326,0.806,0.8094,37931419.0
1715598000000,0.8094,0.8112,0.7944,0.7994,21754681.0
1715601600000,0.7994,0.8102,0.7945,0.81,19391610.0
1715605200000,0.81,0.813,0.7813,0.786,29788848.0
1715608800000,0.7861,0.7946,0.765,0.7719,44346509.0
1715612400000,0.7719,0.786,0.7687,0.7804,20827254.0
1715616000000,0.7804,0.7956,0.7796,0.7883,21172741.0
1715619600000,0.7884,0.7893,0.7705,0.7718,17864628.0
1715623200000,0.7719,0.7728,0.7551,0.7639,22562517.0
1715626800000,0.7639,0.769,0.762,0.7674,14932230.0
1715630400000,0.7673,0.7683,0.7652,0.7663,8462499.0
1715634000000,0.7663,0.7679,0.7633,0.7664,6232112.0
1715637600000,0.7664,0.7675,0.7557,0.7606,13455304.0
1715641200000,0.7607,0.7715,0.7604,0.7673,9541325.0
1715644800000,0.7672,0.773,0.7604,0.7629,15508066.0
1715648400000,0.7629,0.765,0.7511,0.7522,16842963.0
1715652000000,0.7523,0.7577,0.7441,0.7569,20132134.0
1715655600000,0.757,0.7678,0.7552,0.7639,15677184.0
1715659200000,0.7639,0.7677,0.759,0.7625,10567710.0
1715662800000,0.7625,0.7712,0.7613,0.7657,13019759.0
1715666400000,0.7658,0.7663,0.7381,0.7521,32427486.0
1715670000000,0.7521,0.757,0.7485,0.7554,11943727.0
1715673600000,0.7556,0.756,0.7434,0.7478,15111981.0
1715677200000,0.7478,0.7491,0.7407,0.7417,11713560.0
1715680800000,0.7418,0.7436,0.733,0.7407,17387386.0
1715684400000,0.7407,0.7433,0.7201,0.7219,25662755.0
1715688000000,0.7218,0.7355,0.7162,0.7173,43807720.0
1715691600000,0.7173,0.7319,0.7166,0.7194,28903108.0
1715695200000,0.7194,0.7222,0.7021,0.7076,51510398.0
1715698800000,0.7076,0.7137,0.6932,0.6961,28635376.0
1715702400000,0.6962,0.6999,0.6804,0.693,46239307.0
1715706000000,0.693,0.6943,0.6811,0.6829,20185130.0
1715709600000,0.6828,0.6892,0.6713,0.6875,25517204.0
1715713200000,0.6875,0.699,0.6849,0.6879,25031487.0
1715716800000,0.6878,0.6935,0.6854,0.6905,12170130.0
1715720400000,0.6905,0.6948,0.6838,0.6941,8480399.0
1715724000000,0.6941,0.698,0.6884,0.6909,10962352.0
1715727600000,0.6909,0.695,0.6893,0.6931,8458212.0
1715731200000,0.6931,0.7068,0.6928,0.6996,15956916.0
1715734800000,0.6996,0.7137,0.6988,0.7078,18412935.0
1715738400000,0.7078,0.7119,0.7011,0.7043,14073362.0
1715742000000,0.7043,0.7095,0.7015,0.7082,20605155.0
1715745600000,0.7082,0.709,0.7006,0.7024,8088475.0
1715749200000,0.7024,0.7073,0.696,0.6994,10922255.0
1715752800000,0.6995,0.7028,0.6956,0.6987,8260061.0
1715756400000,0.6988,0.7057,0.6973,0.6994,10937281.0
1715760000000,0.6993,0.7014,0.6832,0.6901,20502686.0
1715763600000,0.69,0.7049,0.6809,0.6963,27570650.0
1715767200000,0.6964,0.7015,0.6903,0.691,19560651.0
1715770800000,0.691,0.6922,0.6652,0.6724,43318137.0
1715774400000,0.6724,0.7268,0.6724,0.7168,76231061.0
1715778000000,0.7168,0.7376,0.7072,0.7131,49152000.0
1715781600000,0.7132,0.731,0.711,0.7277,24315177.0
1715785200000,0.7276,0.729,0.7159,0.7169,25808633.0
1715788800000,0.717,0.7234,0.706,0.7113,23708721.0
1715792400000,0.7113,0.7173,0.708,0.7149,12146708.0
1715796000000,0.7148,0.7287,0.7133,0.7248,16449265.0
1715799600000,0.7248,0.7387,0.7194,0.7375,15832659.0
1715803200000,0.7374,0.749,0.7344,0.7419,24588090.0
1715806800000,0.7418,0.7448,0.7265,0.7291,13899844.0
1715810400000,0.7292,0.7397,0.7285,0.7354,11730129.0
1715814000000,0.7353,0.7391,0.7326,0.7344,10755895.0
1715817600000,0.7343,0.745,0.7321,0.7377,17401075.0
1715821200000,0.7376,0.7462,0.7327,0.7332,15345500.0
1715824800000,0.7332,0.7384,0.7247,0.7271,12283053.0
1715828400000,0.7272,0.7468,0.721,0.7388,27106429.0
1715832000000,0.7387,0.7486,0.727,0.7281,42436446.0
1715835600000,0.7282,0.7325,0.725,0.7271,8436620.0
1715839200000,0.727,0.7316,0.7221,0.7267,10465613.0
1715842800000,0.7266,0.7364,0.7248,0.7283,10676445.0
1715846400000,0.7283,0.7343,0.7228,0.7241,8013700.0
1715850000000,0.7241,0.7249,0.713,0.7243,17303971.0
1715853600000,0.7243,0.7302,0.7143,0.7193,26737791.0
1715857200000,0.7193,0.7211,0.7138,0.7179,8514969.0
1715860800000,0.7178,0.7185,0.6876,0.6911,41729174.0
1715864400000,0.6911,0.6937,0.678,0.6866,27175721.0
1715868000000,0.6867,0.69,0.6529,0.6588,48661808.0
1715871600000,0.6588,0.6678,0.655,0.6623,28202260.0
1715875200000,0.6622,0.668,0.6601,0.6633,16851848.0
1715878800000,0.6632,0.6739,0.6592,0.6704,17689948.0
1715882400000,0.6703,0.6769,0.6699,0.6748,12567121.0
1715886000000,0.6748,0.6784,0.6717,0.6732,10475064.0
1715889600000,0.6732,0.6758,0.6703,0.6725,7629608.0
1715893200000,0.6726,0.6744,0.669,0.6717,5888307.0
1715896800000,0.6717,0.6724,0.6664,0.6707,10751727.0
1715900400000,0.6707,0.6772,0.6652,0.6707,12120794.0
1715904000000,0.6708,0.6845,0.6684,0.6835,14380888.0
1715907600000,0.6836,0.6948,0.6755,0.6884,20925995.0
1715911200000,0.6885,0.6967,0.6874,0.6895,13788558.0
1715914800000,0.6895,0.6954,0.685,0.6883,14013821.0
1715918400000,0.6883,0.6919,0.6826,0.6891,10381597.0
1715922000000,0.6891,0.6938,0.6818,0.6862,9821837.0
1715925600000,0.6861,0.7,0.6808,0.6953,18674089.0
1715929200000,0.6954,0.7132,0.6953,0.7124,22338252.0
1715932800000,0.7124,0.715,0.7027,0.7054,13151031.0
1715936400000,0.7054,0.7144,0.7014,0.7066,14338656.0
1715940000000,0.7065,0.7112,0.704,0.7076,9262422.0
1715943600000,0.7075,0.7089,0.7015,0.7025,9220479.0
1715947200000,0.7025,0.7247,0.6971,0.7201,26933453.0
1715950800000,0.72,0.7279,0.7094,0.7145,28426258.0
1715954400000,0.7144,0.7483,0.7144,0.746,40817070.0
1715958000000,0.7459,0.7468,0.7325,0.7434,28518762.0
1715961600000,0.7433,0.7455,0.7284,0.7302,21209528.0
1715965200000,0.7302,0.7345,0.721,0.7224,27788784.0
1715968800000,0.7223,0.7225,0.7107,0.7167,31943232.0
1715972400000,0.7167,0.7207,0.7138,0.7182,9131709.0
1715976000000,0.7181,0.7283,0.7138,0.7258,9462933.0
1715979600000,0.7258,0.7295,0.7223,0.728,6592092.0
1715983200000,0.728,0.7301,0.7252,0.728,5884250.0
1715986800000,0.728,0.7283,0.714,0.7191,11497027.0
1715990400000,0.7191,0.7227,0.7135,0.7196,8716520.0
1715994000000,0.7195,0.7219,0.7122,0.7176,7050865.0
1715997600000,0.7176,0.7218,0.708,0.7141,13341527.0
1716001200000,0.7141,0.7256,0.7134,0.7253,8240971.0
1716004800000,0.7252,0.7263,0.7171,0.721,5956696.0
1716008400000,0.721,0.725,0.7152,0.7164,6482333.0
1716012000000,0.7164,0.7191,0.7146,0.7181,5391065.0
1716015600000,0.718,0.7313,0.7166,0.7307,9617338.0
1716019200000,0.7308,0.7613,0.7284,0.7576,48479953.0
1716022800000,0.7576,0.7719,0.7565,0.7701,37826606.0
1716026400000,0.77,0.7866,0.7692,0.7808,41772295.0
1716030000000,0.7807,0.7932,0.7717,0.7843,43043874.0
1716033600000,0.7842,0.7858,0.7695,0.7708,33409676.0
1716037200000,0.7712,0.7757,0.752,0.7558,38896969.0
1716040800000,0.7558,0.7571,0.7383,0.7485,35825032.0
1716044400000,0.7486,0.761,0.7466,0.7583,18589006.0
1716048000000,0.7584,0.7657,0.7488,0.7527,19389690.0
1716051600000,0.7527,0.7685,0.7519,0.7636,14387971.0
1716055200000,0.7635,0.7655,0.7576,0.7597,8019788.0
1716058800000,0.7597,0.7626,0.7545,0.7609,6463352.0
1716062400000,0.7609,0.7632,0.755,0.7564,9449681.0
1716066000000,0.7564,0.7609,0.7506,0.7541,7421572.0
1716069600000,0.754,0.7604,0.7522,0.7538,6695962.0
1716073200000,0.7537,0.7608,0.753,0.7533,9333971.0
1716076800000,0.7533,0.7569,0.7463,0.7486,14017513.0
1716080400000,0.7487,0.7518,0.7405,0.742,10321720.0
1716084000000,0.742,0.7504,0.7413,0.7476,8734746.0
1716087600000,0.7477,0.7536,0.7422,0.7442,7771203.0
1716091200000,0.7443,0.7445,0.734,0.7425,11891795.0
1716094800000,0.7425,0.7444,0.7366,0.7383,7887629.0
1716098400000,0.7383,0.7439,0.73,0.7344,13502969.0
1716102000000,0.7344,0.7413,0.7307,0.7368,11161532.0
1716105600000,0.7368,0.7383,0.7272,0.7304,11579816.0
1716109200000,0.7304,0.7369,0.7269,0.7362,10422664.0
1716112800000,0.7361,0.743,0.7291,0.7315,14579248.0
1716116400000,0.7314,0.7326,0.721,0.7298,18496070.0
1716120000000,0.7298,0.7304,0.7197,0.7238,14611522.0
1716123600000,0.7237,0.7276,0.712,0.7223,22699339.0
1716127200000,0.7223,0.7238,0.7123,0.7139,13741235.0
1716130800000,0.7139,0.7178,0.7082,0.717,16009896.0
1716134400000,0.7171,0.7198,0.7,0.7016,23644298.0
1716138000000,0.7017,0.7081,0.6968,0.7065,13924401.0
1716141600000,0.7066,0.7095,0.7047,0.7074,5946283.0
1716145200000,0.7075,0.7144,0.705,0.7063,9504179.0
1716148800000,0.7062,0.7096,0.7042,0.707,4397373.0
1716152400000,0.707,0.7106,0.7003,0.7089,6198922.0
1716156000000,0.7089,0.7135,0.7072,0.7117,5262796.0
1716159600000,0.7116,0.7139,0.7077,0.7121,5618355.0
1716163200000,0.7121,0.7153,0.7054,0.7091,9765922.0
1716166800000,0.709,0.7114,0.69,0.7031,26206700.0
1716170400000,0.703,0.7189,0.7017,0.716,14004033.0
1716174000000,0.7159,0.7208,0.7143,0.7171,8413819.0
1716177600000,0.7171,0.7322,0.7157,0.7288,15064954.0
1716181200000,0.7287,0.7332,0.725,0.7253,13710847.0
1716184800000,0.7254,0.726,0.7058,0.709,17039533.0
1716188400000,0.709,0.7143,0.7073,0.7108,19864669.0
1716192000000,0.7108,0.7145,0.7096,0.7097,8317773.0
1716195600000,0.7097,0.7385,0.7095,0.7247,28048131.0
1716199200000,0.7246,0.7355,0.7223,0.7314,14067028.0
1716202800000,0.7314,0.735,0.7243,0.7257,10786134.0
1716206400000,0.7257,0.7326,0.715,0.7177,20360819.0
1716210000000,0.7178,0.7221,0.7121,0.7202,11539856.0
1716213600000,0.7201,0.7205,0.714,0.7156,8011122.0
1716217200000,0.7155,0.7308,0.7138,0.7299,13487453.0
1716220800000,0.73,0.7374,0.722,0.7337,19933216.0
1716224400000,0.7336,0.7433,0.7297,0.7421,15095426.0
1716228000000,0.742,0.7477,0.7393,0.7453,10601260.0
1716231600000,0.7453,0.8094,0.7369,0.8048,63866446.0
1716235200000,0.8048,0.8193,0.7962,0.8079,51093543.0
1716238800000,0.808,0.8384,0.7949,0.8306,41172228.0
1716242400000,0.8306,0.8337,0.8111,0.8111,29108483.0
1716246000000,0.8112,0.8487,0.805,0.8328,36450228.0
1716249600000,0.8328,0.88,0.8269,0.8578,72579893.0
1716253200000,0.8577,0.8677,0.82,0.8608,61592599.0
1716256800000,0.8609,0.8672,0.8406,0.8628,37452034.0
1716260400000,0.8626,0.8828,0.8573,0.8683,34286737.0
1716264000000,0.8683,0.8715,0.8535,0.8538,19812647.0
1716267600000,0.8539,0.8749,0.8458,0.8624,25117528.0
1716271200000,0.8624,0.8726,0.8568,0.8681,18955216.0
1716274800000,0.868,0.869,0.8462,0.8504,19392991.0
1716278400000,0.8504,0.8556,0.8447,0.8449,14483341.0
1716282000000,0.845,0.8485,0.827,0.8362,25232628.0
1716285600000,0.8361,0.867,0.8346,0.8562,26722827.0
1716289200000,0.8562,0.8999,0.855,0.8852,62307205.0
1716292800000,0.8851,0.8858,0.8605,0.864,43477212.0
1716296400000,0.8639,0.8827,0.8486,0.856,35939549.0
1716300000000,0.856,0.8811,0.8516,0.8619,31169747.0
1716303600000,0.8618,0.8819,0.8564,0.8616,28780725.0
1716307200000,0.8615,0.897,0.8587,0.8811,40376014.0
1716310800000,0.881,0.897,0.8761,0.8822,20994970.0
1716314400000,0.8821,0.8944,0.8672,0.8721,19697143.0
1716318000000,0.8721,0.8732,0.8561,0.8615,13186696.0
1716321600000,0.8615,0.8839,0.861,0.8747,10340138.0
1716325200000,0.8747,0.879,0.8607,0.8757,11531025.0
1716328800000,0.8757,0.8913,0.8677,0.8698,21716874.0
1716332400000,0.8697,0.8915,0.8667,0.8865,16240804.0
1716336000000,0.8865,0.8963,0.8645,0.8674,18993928.0
1716339600000,0.8673,0.892,0.8629,0.8826,18916327.0
1716343200000,0.8825,0.8825,0.8651,0.867,10552892.0
1716346800000,0.8669,0.8711,0.8532,0.8666,15056139.0
1716350400000,0.8666,0.871,0.8397,0.8436,27779008.0
1716354000000,0.8436,0.851,0.8342,0.8461,15375012.0
1716357600000,0.8462,0.8565,0.8457,0.852,9036827.0
1716361200000,0.8521,0.8565,0.8462,0.8471,8998715.0
1716364800000,0.8471,0.8544,0.8371,0.8509,17437395.0
1716368400000,0.851,0.8517,0.8341,0.8362,11743405.0
1716372000000,0.8363,0.8425,0.8316,0.8353,11570638.0
1716375600000,0.8352,0.8404,0.8254,0.8264,14075783.0
1716379200000,0.8263,0.8325,0.8021,0.8068,37993223.0
1716382800000,0.8067,0.8228,0.8037,0.8219,23965977.0
1716386400000,0.8218,0.8454,0.8186,0.8396,31198557.0
1716390000000,0.8395,0.8583,0.8351,0.8496,30175633.0
1716393600000,0.8496,0.8544,0.8396,0.8472,17176504.0
1716397200000,0.8473,0.8545,0.8422,0.8506,13763608.0
1716400800000,0.8505,0.854,0.8406,0.8504,13179314.0
1716404400000,0.8503,0.8521,0.8396,0.8414,6965575.0
1716408000000,0.8414,0.848,0.8253,0.8336,15916567.0
1716411600000,0.8337,0.8613,0.8293,0.8558,15473817.0
1716415200000,0.8557,0.8576,0.8401,0.8424,7899998.0
1716418800000,0.8424,0.8533,0.8366,0.8516,7734445.0
1716422400000,0.8516,0.8584,0.8455,0.8521,11241492.0
1716426000000,0.8522,0.8527,0.8361,0.8374,10898262.0
1716429600000,0.8374,0.8472,0.8352,0.8463,6939395.0
1716433200000,0.8464,0.857,0.841,0.8451,10335316.0
1716436800000,0.8451,0.8582,0.8406,0.855,8806338.0
1716440400000,0.8548,0.855,0.843,0.8467,8857133.0
1716444000000,0.8467,0.8562,0.8439,0.8524,7240024.0
1716447600000,0.8523,0.8574,0.8414,0.8441,14556220.0
1716451200000,0.8441,0.8505,0.8379,0.8494,15057736.0
1716454800000,0.8494,0.8683,0.8354,0.8389,28546223.0
1716458400000,0.8389,0.8433,0.8299,0.8362,15193711.0
1716462000000,0.8362,0.8577,0.8338,0.856,18887971.0
1716465600000,0.856,0.9077,0.8395,0.8721,81327297.0
1716469200000,0.872,0.8978,0.8303,0.852,78125033.0
1716472800000,0.852,0.8598,0.8324,0.8393,33674110.0
1716476400000,0.8393,0.8853,0.8314,0.863,40447374.0
1716480000000,0.863,0.8665,0.836,0.8564,32679274.0
1716483600000,0.8564,0.8755,0.8537,0.8666,24296082.0
1716487200000,0.8665,0.883,0.843,0.8797,39078245.0
1716490800000,0.8798,0.8997,0.8715,0.8769,38984072.0
1716494400000,0.8769,0.8769,0.835,0.8538,59869474.0
1716498000000,0.8537,0.9097,0.8426,0.8868,87971962.0
1716501600000,0.887,0.8968,0.8543,0.8745,31529124.0
1716505200000,0.8745,0.8784,0.8585,0.8665,15337200.0
1716508800000,0.8664,0.8808,0.8456,0.8716,23124358.0
1716512400000,0.8716,0.8749,0.8527,0.8744,15093117.0
1716516000000,0.8743,0.9147,0.8738,0.9049,35525595.0
1716519600000,0.9048,0.9189,0.8909,0.91,21701514.0
1716523200000,0.9099,0.9159,0.9004,0.9007,18792298.0
1716526800000,0.9008,0.9069,0.8632,0.8688,34183423.0
1716530400000,0.8686,0.876,0.84,0.8436,37477838.0
1716534000000,0.8437,0.8528,0.835,0.8401,22610573.0
1716537600000,0.8401,0.8485,0.8295,0.8445,20324905.0
1716541200000,0.8444,0.8467,0.8329,0.8424,13556641.0
1716544800000,0.8423,0.8483,0.8364,0.8457,12313242.0
1716548400000,0.8457,0.8725,0.8451,0.8574,37429664.0
1716552000000,0.8574,0.87,0.8432,0.865,28970355.0
1716555600000,0.8651,0.8855,0.86,0.8608,29716805.0
1716559200000,0.8609,0.8819,0.8609,0.8735,22435491.0
1716562800000,0.8735,0.8872,0.8718,0.8777,21834365.0
1716566400000,0.8776,0.8777,0.8546,0.8593,18688747.0
1716570000000,0.8594,0.8658,0.852,0.8586,16557806.0
1716573600000,0.8586,0.8678,0.8485,0.8526,21192847.0
1716577200000,0.8525,0.8557,0.8456,0.8545,8632849.0
1716580800000,0.8544,0.8661,0.8517,0.8556,9678341.0
1716584400000,0.8557,0.8595,0.8497,0.8517,5055801.0
1716588000000,0.8517,0.8533,0.8466,0.8514,5032827.0
1716591600000,0.8515,0.854,0.8475,0.8507,5528047.0
1716595200000,0.8508,0.8551,0.8449,0.8486,6884767.0
1716598800000,0.8486,0.8626,0.846,0.8604,9303060.0
1716602400000,0.8604,0.8667,0.8573,0.8638,6872562.0
1716606000000,0.8639,0.8711,0.8568,0.8709,7321193.0
1716609600000,0.8709,0.8882,0.8702,0.8852,14421275.0
1716613200000,0.8853,0.9304,0.8847,0.9205,47722536.0
1716616800000,0.9206,0.9381,0.9116,0.9218,35212461.0
1716620400000,0.9218,0.935,0.919,0.9289,19635785.0
1716624000000,0.9289,0.9298,0.9061,0.9114,17425252.0
1716627600000,0.9113,0.9296,0.9091,0.9278,13741173.0
1716631200000,0.9277,0.9319,0.916,0.9171,12308229.0
1716634800000,0.9172,0.9213,0.9086,0.9127,16586570.0
1716638400000,0.9128,0.918,0.9002,0.9169,13923176.0
1716642000000,0.917,0.9293,0.9087,0.9141,19115878.0
1716645600000,0.9141,0.9268,0.9134,0.9244,12161953.0
1716649200000,0.9245,0.9388,0.921,0.9317,15467369.0
1716652800000,0.9318,0.9345,0.9223,0.9293,9840001.0
1716656400000,0.9293,0.952,0.9264,0.9297,30094992.0
1716660000000,0.9298,0.9416,0.9278,0.9296,8713285.0
1716663600000,0.9296,0.942,0.9287,0.9322,10410383.0
1716667200000,0.9322,0.9333,0.9127,0.9194,13563007.0
1716670800000,0.9194,0.921,0.9102,0.9151,6311539.0
1716674400000,0.9152,0.9185,0.9105,0.9153,5647216.0
1716678000000,0.9153,0.9189,0.9112,0.9121,4986054.0
1716681600000,0.9121,0.9171,0.9051,0.9099,10238503.0
1716685200000,0.9098,0.93,0.9096,0.9219,8881348.0
1716688800000,0.9219,0.9306,0.9076,0.9151,12269764.0
1716692400000,0.9152,0.9292,0.9086,0.9251,12486108.0
1716696000000,0.9251,0.9341,0.9055,0.9109,16875472.0
1716699600000,0.9109,0.9136,0.9015,0.913,7595676.0
1716703200000,0.913,0.9258,0.9111,0.9207,11227648.0
1716706800000,0.9207,0.924,0.9097,0.9139,10909095.0
1716710400000,0.9139,0.9176,0.9049,0.9114,9424527.0
1716714000000,0.9115,0.9229,0.909,0.9122,12508241.0
1716717600000,0.9122,0.921,0.912,0.9197,7834034.0
1716721200000,0.9196,0.9267,0.9124,0.9181,10482707.0
1716724800000,0.9181,0.9229,0.913,0.9155,6728908.0
1716728400000,0.9155,0.9178,0.9071,0.9113,9890372.0
1716732000000,0.9111,0.95,0.908,0.9435,21841083.0
1716735600000,0.9434,0.973,0.9335,0.9553,49640066.0
1716739200000,0.9553,0.9649,0.9461,0.9561,20980926.0
1716742800000,0.9562,0.9687,0.9363,0.9374,19062742.0
1716746400000,0.9373,0.9423,0.9102,0.9139,29800727.0
1716750000000,0.9138,0.9316,0.9137,0.9287,12082915.0
1716753600000,0.9287,0.9289,0.9137,0.9169,8918980.0
1716757200000,0.9168,0.9245,0.9125,0.9241,8651828.0
1716760800000,0.924,0.9254,0.9158,0.9183,6254139.0
1716764400000,0.9183,0.9221,0.915,0.9194,6645519.0
1716768000000,0.9194,0.9295,0.9159,0.9191,10104803.0
1716771600000,0.919,0.9264,0.915,0.9245,7575133.0
1716775200000,0.9245,0.9538,0.9243,0.9469,21463398.0
1716778800000,0.9468,0.9552,0.941,0.9423,10700352.0
1716782400000,0.9424,0.945,0.9201,0.9246,12773500.0
1716786000000,0.9245,0.9321,0.9203,0.9288,10698650.0
1716789600000,0.9287,0.9356,0.9156,0.9188,11892575.0
1716793200000,0.9188,0.9242,0.9173,0.9188,7184248.0
1716796800000,0.9188,0.9251,0.9141,0.9163,10687494.0
1716800400000,0.9163,0.9231,0.9128,0.9172,7819513.0
1716804000000,0.9171,0.9191,0.9081,0.9152,9487322.0
1716807600000,0.9151,0.9198,0.9071,0.9116,7096593.0
1716811200000,0.9116,0.9135,0.9034,0.9109,7817616.0
1716814800000,0.9108,0.9223,0.9088,0.9185,11017336.0
1716818400000,0.9185,0.9214,0.8905,0.9041,24154795.0
1716822000000,0.9041,0.9231,0.9009,0.9173,21844500.0
1716825600000,0.9172,0.9335,0.9146,0.9309,20782364.0
1716829200000,0.931,0.935,0.9225,0.9298,11987581.0
1716832800000,0.9299,0.9432,0.9293,0.9319,26548068.0
1716836400000,0.9318,0.9342,0.9072,0.9117,14343319.0
1716840000000,0.9118,0.9188,0.91,0.9141,9398495.0
1716843600000,0.9142,0.92,0.9079,0.9146,6762889.0
1716847200000,0.9146,0.9281,0.9116,0.9212,7784707.0
1716850800000,0.9212,0.922,0.9141,0.9205,5470396.0
1716854400000,0.9205,0.9205,0.9058,0.9083,10657835.0
1716858000000,0.9083,0.9135,0.8813,0.8826,17548496.0
1716861600000,0.8827,0.8873,0.8655,0.885,26405079.0
1716865200000,0.885,0.8875,0.8739,0.8809,11549806.0
1716868800000,0.881,0.888,0.8694,0.8781,14789703.0
1716872400000,0.8782,0.8928,0.8697,0.8884,12115803.0
1716876000000,0.8885,0.9022,0.8855,0.8939,11948291.0
1716879600000,0.8938,0.8986,0.8841,0.8944,8771574.0
1716883200000,0.8944,0.9228,0.8919,0.9158,18676062.0
1716886800000,0.9158,0.9221,0.9104,0.9155,10066008.0
1716890400000,0.9155,0.9272,0.9124,0.9156,11111960.0
1716894000000,0.9156,0.9168,0.9071,0.9094,7486233.0
1716897600000,0.9095,0.9188,0.9021,0.9041,10212456.0
1716901200000,0.9044,0.9189,0.8977,0.9093,14008381.0
1716904800000,0.9094,0.9216,0.8908,0.8978,23973050.0
1716908400000,0.8978,0.9035,0.8909,0.9006,12301380.0
1716912000000,0.9007,0.9043,0.8888,0.8939,8812389.0
1716915600000,0.894,0.8999,0.8898,0.8957,4730996.0
1716919200000,0.8958,0.9018,0.8775,0.89,14546316.0
1716922800000,0.89,0.9098,0.8894,0.9046,10685198.0
1716926400000,0.9045,0.9051,0.8914,0.8924,7215837.0
1716930000000,0.8924,0.8941,0.886,0.8917,4000913.0
1716933600000,0.8918,0.8979,0.8913,0.8928,3165982.0
1716937200000,0.8928,0.8971,0.8906,0.8942,2818700.0
1716940800000,0.8943,0.9016,0.8925,0.8944,4530175.0
1716944400000,0.8945,0.9083,0.8877,0.9027,8537594.0
1716948000000,0.9027,0.9043,0.8926,0.8954,5467357.0
1716951600000,0.8955,0.898,0.8909,0.8931,5533212.0
1716955200000,0.8932,0.9032,0.8914,0.9021,5843003.0
1716958800000,0.9019,0.9052,0.897,0.9014,4189935.0
1716962400000,0.9014,0.9067,0.8952,0.8966,5065293.0
1716966000000,0.8967,0.8967,0.8851,0.8852,10333519.0
1716969600000,0.8853,0.8886,0.8611,0.8693,23101450.0
1716973200000,0.8694,0.8759,0.8601,0.8659,11113517.0
1716976800000,0.8659,0.875,0.8645,0.8733,7313024.0
1716980400000,0.8734,0.8744,0.8609,0.8616,7587790.0
1716984000000,0.8617,0.8676,0.852,0.8565,15234171.0
1716987600000,0.8565,0.8656,0.8437,0.8513,18245945.0
1716991200000,0.8514,0.8515,0.835,0.8427,14543773.0
1716994800000,0.8426,0.8526,0.8404,0.8417,9615790.0
1716998400000,0.8417,0.848,0.8356,0.8461,8798118.0
1717002000000,0.846,0.8484,0.8393,0.8457,5736039.0
1717005600000,0.8457,0.846,0.8377,0.843,4394769.0
1717009200000,0.8429,0.8454,0.8352,0.8371,5122440.0
1717012800000,0.8371,0.8408,0.8319,0.8391,5950045.0
1717016400000,0.8391,0.8454,0.8332,0.8411,5233764.0
1717020000000,0.8412,0.8418,0.8369,0.8403,3439488.0
1717023600000,0.8404,0.8415,0.835,0.8362,3039180.0
1717027200000,0.8363,0.8437,0.8358,0.8383,4758782.0
1717030800000,0.8383,0.8467,0.836,0.8445,4855874.0
1717034400000,0.8445,0.8518,0.8432,0.8478,5987487.0
1717038000000,0.8478,0.852,0.8461,0.8504,3530789.0
1717041600000,0.8504,0.8511,0.8405,0.8418,4666682.0
1717045200000,0.8419,0.8422,0.8356,0.8394,4384175.0
1717048800000,0.8394,0.8415,0.8248,0.8319,14880685.0
1717052400000,0.832,0.8329,0.8125,0.8188,14816457.0
1717056000000,0.8188,0.8494,0.8139,0.8445,21939837.0
1717059600000,0.8445,0.855,0.8425,0.8511,13620404.0
1717063200000,0.851,0.8544,0.8441,0.8498,7330116.0
1717066800000,0.8498,0.8586,0.8476,0.8539,5735937.0
1717070400000,0.8539,0.8745,0.8533,0.8643,13576078.0
1717074000000,0.8642,0.886,0.8626,0.8787,13602058.0
1717077600000,0.8785,0.898,0.873,0.8924,23285128.0
1717081200000,0.8923,0.8965,0.8672,0.878,21255933.0
1717084800000,0.8779,0.8788,0.8702,0.8787,6792980.0
1717088400000,0.8786,0.8848,0.8755,0.8832,7191500.0
1717092000000,0.8831,0.8845,0.8742,0.8816,4781329.0
1717095600000,0.8817,0.8822,0.8705,0.8739,6678235.0
1717099200000,0.8738,0.8745,0.8563,0.8648,13349918.0
1717102800000,0.8648,0.8688,0.8586,0.8682,3279927.0
1717106400000,0.8682,0.8689,0.8637,0.8659,2859731.0
1717110000000,0.8659,0.8726,0.865,0.8706,3196485.0
1717113600000,0.8705,0.8757,0.8596,0.8719,6969046.0
1717117200000,0.8719,0.8849,0.8685,0.8785,7291999.0
1717120800000,0.8785,0.8881,0.876,0.8806,7601865.0
1717124400000,0.8806,0.8943,0.8798,0.8905,9553647.0
1717128000000,0.8905,0.907,0.8905,0.8994,12939332.0
1717131600000,0.8994,0.9026,0.87,0.8719,20541841.0
1717135200000,0.872,0.8784,0.8611,0.8642,12350958.0
1717138800000,0.8642,0.8773,0.8615,0.8635,9220883.0
1717142400000,0.8635,0.8744,0.8613,0.8707,6092678.0
1717146000000,0.8708,0.873,0.8645,0.8722,4129175.0
1717149600000,0.8722,0.901,0.8708,0.8914,23906235.0
1717153200000,0.8914,0.9078,0.8862,0.9004,13026727.0
1717156800000,0.9004,0.9097,0.891,0.8956,16424118.0
1717160400000,0.8955,0.9053,0.8793,0.8839,21597948.0
1717164000000,0.8839,0.8905,0.8757,0.8792,18771782.0
1717167600000,0.8792,0.8855,0.8735,0.8748,11095309.0
1717171200000,0.8749,0.8794,0.863,0.8681,18229887.0
1717174800000,0.8682,0.8731,0.8657,0.8681,5327691.0
1717178400000,0.8682,0.8731,0.8644,0.8726,4351991.0
1717182000000,0.8726,0.8831,0.8707,0.8797,7283299.0
1717185600000,0.8797,0.8925,0.8763,0.891,4730550.0
1717189200000,0.891,0.8944,0.8874,0.8915,3526091.0
1717192800000,0.8916,0.8963,0.8895,0.8928,3503530.0
1717196400000,0.8927,0.8927,0.8752,0.8779,8596684.0
1717200000000,0.878,0.8825,0.8735,0.8788,3379061.0
1717203600000,0.8789,0.8889,0.8745,0.8785,7626219.0
1717207200000,0.8785,0.8932,0.8773,0.8925,3973288.0
1717210800000,0.8926,0.8963,0.8871,0.8888,6503493.0
1717214400000,0.8888,0.89,0.8786,0.879,4903034.0
1717218000000,0.8789,0.8809,0.8757,0.8784,3779761.0
1717221600000,0.8784,0.884,0.8758,0.8815,3615453.0
1717225200000,0.8815,0.8897,0.8808,0.888,4593737.0
1717228800000,0.8879,0.8972,0.8835,0.8935,7940109.0
1717232400000,0.8934,0.9,0.887,0.8938,8565946.0
1717236000000,0.8937,0.8967,0.8901,0.8939,4487214.0
1717239600000,0.894,0.9024,0.8937,0.899,6728119.0
1717243200000,0.899,0.9057,0.8927,0.899,6946638.0
1717246800000,0.899,0.914,0.8961,0.9112,10852550.0
1717250400000,0.9112,0.93,0.9091,0.9223,18613784.0
1717254000000,0.9223,0.9399,0.9109,0.9143,21305101.0
1717257600000,0.9144,0.9194,0.8985,0.9,15255235.0
1717261200000,0.9001,0.9081,0.8919,0.9002,12309985.0
1717264800000,0.9003,0.9049,0.8987,0.9013,4473784.0
1717268400000,0.9014,0.9054,0.9002,0.9008,2825703.0
1717272000000,0.9008,0.906,0.8988,0.904,2934414.0
1717275600000,0.9041,0.9044,0.8967,0.899,3203348.0
1717279200000,0.8991,0.9149,0.899,0.9142,5513619.0
1717282800000,0.9141,0.918,0.9076,0.9109,6569755.0
1717286400000,0.9109,0.9285,0.908,0.9273,5989158.0
1717290000000,0.9272,0.9356,0.9231,0.9298,8230705.0
1717293600000,0.9299,0.9343,0.9183,0.9253,8242706.0
1717297200000,0.9253,0.9308,0.9164,0.9188,6265437.0
1717300800000,0.9188,0.9293,0.9165,0.9277,5494905.0
1717304400000,0.9276,0.9295,0.9109,0.9149,7702780.0
1717308000000,0.9149,0.9198,0.9106,0.9139,6429174.0
1717311600000,0.9139,0.9149,0.8955,0.8969,10644573.0
1717315200000,0.897,0.9355,0.8934,0.9288,21018987.0
1717318800000,0.9288,0.9348,0.9046,0.9139,20244098.0
1717322400000,0.914,0.9164,0.9004,0.9042,10371661.0
1717326000000,0.9042,0.921,0.9008,0.9186,10271187.0
1717329600000,0.9186,0.9252,0.9055,0.9081,8880929.0
1717333200000,0.9081,0.9146,0.9036,0.9133,8579477.0
1717336800000,0.9133,0.9168,0.9081,0.9165,5589707.0
1717340400000,0.9164,0.9191,0.908,0.9112,5880392.0
1717344000000,0.9112,0.9146,0.9012,0.9055,5919173.0
1717347600000,0.9054,0.9055,0.8865,0.8875,12367207.0
1717351200000,0.8875,0.9008,0.879,0.8987,13610501.0
1717354800000,0.8986,0.9018,0.8831,0.8999,7398712.0
1717358400000,0.8999,0.9096,0.8925,0.909,6795691.0
1717362000000,0.9089,0.929,0.9074,0.9274,12235221.0
1717365600000,0.9273,0.9355,0.9225,0.9265,11146991.0
1717369200000,0.9264,0.9357,0.92,0.9206,8356147.0
1717372800000,0.9206,0.921,0.9041,0.9096,10960892.0
1717376400000,0.9097,0.9254,0.905,0.9218,11003235.0
1717380000000,0.9219,0.9555,0.921,0.9435,22149418.0
1717383600000,0.9434,0.9437,0.9233,0.9304,14455858.0
1717387200000,0.9304,0.9312,0.9104,0.9227,18138385.0
1717390800000,0.9226,0.9579,0.919,0.9413,22944481.0
1717394400000,0.9413,0.9649,0.9352,0.9554,20303522.0
1717398000000,0.9553,0.9666,0.9501,0.9505,11322249.0
1717401600000,0.9505,0.9749,0.9462,0.9576,17994775.0
1717405200000,0.9576,0.9749,0.9523,0.9734,12388765.0
1717408800000,0.9735,0.9799,0.9653,0.9675,14959941.0
1717412400000,0.9676,0.9759,0.9553,0.9628,13414568.0
1717416000000,0.9628,0.9963,0.9621,0.9922,20326371.0
1717419600000,0.9922,0.9968,0.9749,0.9795,16632489.0
1717423200000,0.9795,0.9844,0.945,0.9513,26312497.0
1717426800000,0.9512,0.9702,0.9502,0.9643,15021375.0
1717430400000,0.9643,0.9674,0.9378,0.949,18812117.0
1717434000000,0.949,0.964,0.944,0.9623,9812927.0
1717437600000,0.9623,1.0067,0.9607,0.9942,35351428.0
1717441200000,0.9942,0.9975,0.9726,0.9759,17475589.0
1717444800000,0.9759,0.9864,0.9724,0.9771,8330745.0
1717448400000,0.9771,0.9808,0.9636,0.9779,10051836.0
1717452000000,0.9779,1.0327,0.9755,1.0325,33659588.0
1717455600000,1.0324,1.0333,1.0037,1.0227,28558616.0
1717459200000,1.0227,1.045,1.0039,1.0415,32112272.0
1717462800000,1.0414,1.0764,1.0278,1.047,47800311.0
1717466400000,1.0471,1.0527,1.0165,1.0281,20793840.0
1717470000000,1.0281,1.035,1.0199,1.032,12356271.0
1717473600000,1.032,1.032,1.001,1.0027,24747890.0
1717477200000,1.0027,1.0052,0.9802,0.9813,23175644.0
1717480800000,0.9814,0.9822,0.9555,0.9694,30130389.0
1717484400000,0.9695,0.979,0.9601,0.9731,13443972.0
1717488000000,0.9731,0.9851,0.9677,0.9796,16584778.0
1717491600000,0.9796,0.9815,0.9515,0.9545,21607126.0
1717495200000,0.9546,0.9604,0.9477,0.9512,11401061.0
1717498800000,0.9511,0.9556,0.939,0.9463,13760590.0
1717502400000,0.9462,0.9541,0.938,0.9412,10668505.0
1717506000000,0.9412,0.9624,0.9398,0.9604,15885369.0
1717509600000,0.9604,0.9788,0.953,0.9686,20658174.0
1717513200000,0.9685,0.9823,0.9611,0.9743,16042095.0
1717516800000,0.9743,0.9995,0.9732,0.9871,24494712.0
1717520400000,0.987,0.9939,0.9778,0.9868,12534759.0
1717524000000,0.9867,0.9974,0.9851,0.9924,8476256.0
1717527600000,0.9923,0.9985,0.985,0.9906,9090054.0
1717531200000,0.9905,0.9908,0.9763,0.9836,8939263.0
1717534800000,0.9835,0.9852,0.9758,0.982,4078211.0
1717538400000,0.9819,0.9824,0.973,0.9736,4938582.0
1717542000000,0.9737,0.9837,0.9703,0.9779,7776805.0
1717545600000,0.9779,0.9887,0.9715,0.9826,9838406.0
1717549200000,0.9827,0.9865,0.975,0.9823,6685430.0
1717552800000,0.9823,0.9841,0.953,0.9607,21623174.0
1717556400000,0.9607,0.9644,0.9514,0.9572,7475479.0
1717560000000,0.9572,0.9642,0.9533,0.9636,6883939.0
1717563600000,0.9635,0.9636,0.9531,0.9577,6526875.0
1717567200000,0.9577,0.966,0.9528,0.9626,7888189.0
1717570800000,0.9626,0.975,0.9606,0.9632,8282323.0
1717574400000,0.9631,0.9698,0.9576,0.9606,4734918.0
1717578000000,0.9607,0.9645,0.955,0.9639,4534655.0
1717581600000,0.9638,0.965,0.9563,0.9621,4740458.0
1717585200000,0.9622,0.9716,0.9605,0.968,5182590.0
1717588800000,0.968,0.9753,0.9539,0.9618,11024459.0
1717592400000,0.9619,0.9623,0.9439,0.9475,9512252.0
1717596000000,0.9475,0.9556,0.933,0.9507,17124897.0
1717599600000,0.9508,0.966,0.9483,0.9624,9449705.0
1717603200000,0.9624,0.987,0.9604,0.9819,18396787.0
1717606800000,0.9818,0.9957,0.9778,0.9887,16027039.0
1717610400000,0.9888,0.9962,0.9804,0.9817,8365684.0
1717614000000,0.9816,0.9887,0.9757,0.9884,5283227.0
1717617600000,0.9883,0.9896,0.9786,0.9827,3402564.0
1717621200000,0.9827,0.9884,0.9786,0.9863,2624557.0
1717624800000,0.9863,0.9887,0.9747,0.9782,3128213.0
1717628400000,0.9782,0.9842,0.9756,0.9782,3595513.0
1717632000000,0.9783,0.982,0.9731,0.9764,4764300.0
1717635600000,0.9764,0.9922,0.9706,0.9852,8947369.0
1717639200000,0.9851,0.9925,0.9786,0.9914,4946529.0
1717642800000,0.9913,1.0072,0.9887,0.991,12821423.0
1717646400000,0.9911,0.9978,0.982,0.9824,7657815.0
1717650000000,0.9824,0.9852,0.97,0.972,8260435.0
1717653600000,0.972,0.9787,0.9612,0.9648,8931412.0
1717657200000,0.9649,0.9731,0.9601,0.9727,5603266.0
1717660800000,0.9727,0.9767,0.9656,0.972,5574322.0
1717664400000,0.9719,0.9755,0.9682,0.9707,4209344.0
1717668000000,0.9707,0.972,0.9646,0.97,3336717.0
1717671600000,0.9698,0.9733,0.9659,0.9688,3247016.0
1717675200000,0.9688,0.9818,0.966,0.9788,7813812.0
1717678800000,0.9788,0.9817,0.9692,0.9739,5369289.0
1717682400000,0.974,0.9764,0.9691,0.9731,4088307.0
1717686000000,0.9731,0.9888,0.9697,0.9756,15742129.0
1717689600000,0.9756,0.9807,0.9668,0.9751,8983099.0
1717693200000,0.9751,0.978,0.9675,0.9694,5555388.0
1717696800000,0.9694,0.9694,0.9555,0.9597,8579931.0
1717700400000,0.9598,0.9598,0.9419,0.9466,11549769.0
1717704000000,0.9466,0.965,0.9381,0.9604,10631115.0
1717707600000,0.9605,0.9619,0.9538,0.9571,3658746.0
1717711200000,0.9571,0.9578,0.9519,0.9538,3408609.0
1717714800000,0.9538,0.9545,0.9491,0.9504,2888242.0
1717718400000,0.9504,0.9559,0.9433,0.953,5552832.0
1717722000000,0.953,0.9578,0.9482,0.9541,2889455.0
1717725600000,0.954,0.9581,0.9393,0.9453,5650422.0
1717729200000,0.9453,0.9527,0.943,0.9492,4460738.0
1717732800000,0.9491,0.9593,0.9477,0.9589,4176038.0
1717736400000,0.9589,0.965,0.955,0.9553,5258968.0
1717740000000,0.9553,0.9585,0.9511,0.9582,4313329.0
1717743600000,0.9581,0.9614,0.9559,0.9586,3746381.0
1717747200000,0.9585,0.9592,0.9508,0.9511,2855490.0
1717750800000,0.9512,0.9565,0.9476,0.9534,3412194.0
1717754400000,0.9534,0.9571,0.9449,0.9526,4412256.0
1717758000000,0.9526,0.9655,0.9515,0.9633,6488506.0
1717761600000,0.9633,0.9654,0.9216,0.9382,29015939.0
1717765200000,0.9383,0.9455,0.9334,0.9435,12218686.0
1717768800000,0.9435,0.9495,0.9361,0.9484,5714909.0
1717772400000,0.9485,0.9514,0.9352,0.9373,8154587.0
1717776000000,0.9374,0.9374,0.9217,0.9258,8061123.0
1717779600000,0.9258,0.9259,0.894,0.8955,26356691.0
1717783200000,0.8952,0.8991,0.77,0.854,101889913.0
1717786800000,0.854,0.8913,0.8368,0.8859,27884262.0
1717790400000,0.8859,0.902,0.8618,0.8965,22362840.0
1717794000000,0.8964,0.8976,0.8808,0.8866,12186650.0
1717797600000,0.8867,0.892,0.8821,0.8863,6880225.0
1717801200000,0.8864,0.8892,0.8806,0.885,7204887.0
1717804800000,0.8849,0.8879,0.879,0.8815,6242727.0
1717808400000,0.8815,0.89,0.8793,0.884,5158841.0
1717812000000,0.8839,0.8846,0.8708,0.8775,5807119.0
1717815600000,0.8776,0.8783,0.8645,0.8671,5832390.0
1717819200000,0.8672,0.8714,0.85,0.8551,8713853.0
1717822800000,0.8552,0.8625,0.8551,0.8563,3947073.0
1717826400000,0.8564,0.8589,0.8507,0.8575,4303109.0
1717830000000,0.8576,0.8625,0.8559,0.8608,4355925.0
1717833600000,0.8608,0.8627,0.8561,0.8616,3795223.0
1717837200000,0.8616,0.87,0.8585,0.8605,5093265.0
1717840800000,0.8606,0.862,0.8457,0.8589,6596084.0
1717844400000,0.859,0.859,0.8361,0.8448,7763494.0
1717848000000,0.8448,0.8521,0.8367,0.8474,6762208.0
1717851600000,0.8474,0.8484,0.8202,0.8421,16865176.0
1717855200000,0.8422,0.8521,0.8354,0.8485,6235972.0
1717858800000,0.8484,0.85,0.8424,0.8454,4277247.0
1717862400000,0.8454,0.8485,0.8363,0.8397,5110105.0
1717866000000,0.8397,0.8471,0.8333,0.8456,4818494.0
1717869600000,0.8455,0.8481,0.8354,0.8387,3483596.0
1717873200000,0.8387,0.8422,0.826,0.8284,5152993.0
1717876800000,0.8285,0.8302,0.8203,0.8241,4956443.0
1717880400000,0.8242,0.8275,0.822,0.8252,2481276.0
1717884000000,0.8252,0.827,0.8127,0.8238,6109031.0
1717887600000,0.8239,0.8313,0.8198,0.8299,2952201.0
1717891200000,0.8299,0.8348,0.821,0.8225,5542489.0
1717894800000,0.8226,0.8313,0.8187,0.8294,4877362.0
1717898400000,0.8293,0.8293,0.8114,0.8127,5134797.0
1717902000000,0.8128,0.8239,0.8116,0.8224,3992164.0
1717905600000,0.8224,0.8242,0.8119,0.8142,4227426.0
1717909200000,0.8143,0.8225,0.81,0.8181,4883161.0
1717912800000,0.818,0.8243,0.816,0.8194,3406620.0
1717916400000,0.8194,0.826,0.8177,0.8181,2989258.0
1717920000000,0.8181,0.8194,0.8143,0.8182,3273552.0
1717923600000,0.8182,0.8237,0.818,0.822,3330979.0
1717927200000,0.8219,0.8228,0.8152,0.8153,2540594.0
1717930800000,0.8154,0.8207,0.8148,0.8185,3208788.0
1717934400000,0.8184,0.8396,0.8149,0.833,8411899.0
1717938000000,0.833,0.8357,0.8177,0.821,8160628.0
1717941600000,0.8211,0.8293,0.8191,0.8277,3694860.0
1717945200000,0.8276,0.8317,0.8245,0.8248,4540314.0
1717948800000,0.825,0.8326,0.8223,0.8311,4644936.0
1717952400000,0.831,0.8334,0.8265,0.829,3440976.0
1717956000000,0.829,0.835,0.8253,0.8315,4086380.0
1717959600000,0.8315,0.8353,0.8285,0.8304,3204871.0
1717963200000,0.8304,0.8309,0.8222,0.8252,2686288.0
1717966800000,0.8251,0.8289,0.8233,0.828,2127418.0
1717970400000,0.828,0.83,0.8245,0.8271,2456052.0
1717974000000,0.8271,0.8313,0.826,0.8301,2042620.0
1717977600000,0.83,0.8303,0.8191,0.8215,3727345.0
1717981200000,0.8214,0.8225,0.8168,0.8181,3467173.0
1717984800000,0.818,0.8207,0.8141,0.8164,3531358.0
1717988400000,0.8163,0.8209,0.8016,0.8058,9132260.0
1717992000000,0.8059,0.8119,0.8001,0.8096,7765913.0
1717995600000,0.8097,0.8099,0.8,0.8032,5405574.0
1717999200000,0.8033,0.8044,0.7972,0.7987,9810239.0
1718002800000,0.7987,0.7988,0.7848,0.7871,14570021.0
1718006400000,0.7871,0.8103,0.7865,0.8089,10431551.0
1718010000000,0.8089,0.8155,0.8069,0.8134,6958430.0
1718013600000,0.8133,0.8156,0.8099,0.8138,3114361.0
1718017200000,0.8139,0.8156,0.8107,0.8113,2428747.0
1718020800000,0.8113,0.8123,0.8047,0.8068,4436786.0
1718024400000,0.8067,0.8081,0.7911,0.794,9479577.0
1718028000000,0.7941,0.8049,0.7866,0.7996,8542237.0
1718031600000,0.7995,0.8205,0.7968,0.8157,9157730.0
1718035200000,0.8157,0.8227,0.8071,0.8122,9124314.0
1718038800000,0.8123,0.813,0.8055,0.8071,2938655.0
1718042400000,0.8071,0.8084,0.7918,0.796,6421080.0
1718046000000,0.796,0.7978,0.7786,0.7801,10802934.0
1718049600000,0.7802,0.7811,0.7689,0.7782,12148688.0
1718053200000,0.7783,0.7823,0.7724,0.7785,3348443.0
1718056800000,0.7786,0.7786,0.771,0.7745,3539342.0
1718060400000,0.7745,0.7767,0.769,0.7707,4297113.0
1718064000000,0.7708,0.7757,0.7672,0.7701,7381310.0
1718067600000,0.7702,0.775,0.7388,0.7537,17176162.0
1718071200000,0.7536,0.7619,0.7403,0.7474,17667736.0
1718074800000,0.7474,0.7604,0.746,0.7525,10083907.0
1718078400000,0.7524,0.7564,0.7428,0.746,10801640.0
1718082000000,0.746,0.7463,0.7369,0.7414,9711221.0
1718085600000,0.7415,0.7451,0.731,0.7379,7611347.0
1718089200000,0.738,0.7434,0.7323,0.7378,6352353.0
1718092800000,0.7378,0.7513,0.7352,0.7457,8975908.0
1718096400000,0.7457,0.7486,0.7365,0.7439,7351476.0
1718100000000,0.7438,0.7584,0.7416,0.7554,8855640.0
1718103600000,0.7555,0.7585,0.7503,0.7547,5640727.0
1718107200000,0.7547,0.7603,0.7459,0.7461,6218183.0
1718110800000,0.7461,0.7543,0.737,0.7442,11275672.0
1718114400000,0.7443,0.7457,0.7338,0.7369,10324244.0
1718118000000,0.737,0.7424,0.7075,0.7163,36070140.0
1718121600000,0.7163,0.7291,0.7136,0.7144,12365936.0
1718125200000,0.7144,0.716,0.7015,0.7114,15038036.0
1718128800000,0.7114,0.724,0.7093,0.7198,9209587.0
1718132400000,0.7198,0.7235,0.7132,0.716,16078898.0
1718136000000,0.716,0.7163,0.7045,0.7082,16091771.0
1718139600000,0.7083,0.7187,0.7023,0.7133,19640489.0
1718143200000,0.7133,0.7148,0.7053,0.7054,8183321.0
1718146800000,0.7055,0.7111,0.7033,0.7092,10324864.0
1718150400000,0.7093,0.7166,0.7062,0.7117,6386408.0
1718154000000,0.7117,0.7135,0.6843,0.696,21370232.0
1718157600000,0.696,0.7149,0.6925,0.7131,14078239.0
1718161200000,0.7131,0.718,0.7051,0.712,5684123.0
1718164800000,0.7119,0.7164,0.7072,0.7123,11058084.0
1718168400000,0.7123,0.7126,0.7063,0.7088,8503663.0
1718172000000,0.7089,0.7198,0.7081,0.7149,12502829.0
1718175600000,0.7148,0.7194,0.7142,0.7194,4620598.0
1718179200000,0.7193,0.73,0.7176,0.7217,10429646.0
1718182800000,0.7216,0.7284,0.7164,0.7277,7988878.0
1718186400000,0.7276,0.7363,0.7255,0.7295,10417760.0
1718190000000,0.7294,0.7332,0.7226,0.7265,6729086.0
1718193600000,0.7265,0.7782,0.725,0.7669,35013831.0
1718197200000,0.7669,0.7871,0.7404,0.7571,41268208.0
1718200800000,0.7571,0.7694,0.7485,0.7678,15623067.0
1718204400000,0.7677,0.7727,0.7557,0.7571,8030899.0
1718208000000,0.7571,0.7582,0.745,0.7503,8977323.0
1718211600000,0.7503,0.7617,0.745,0.7598,9573493.0
1718215200000,0.7597,0.7599,0.7341,0.7359,36450761.0
1718218800000,0.7359,0.7489,0.7105,0.7169,27153897.0
1718222400000,0.717,0.7322,0.7133,0.7299,13259313.0
1718226000000,0.73,0.7366,0.7298,0.7346,4918743.0
1718229600000,0.7346,0.7352,0.7301,0.7344,3208446.0
1718233200000,0.7343,0.7352,0.7267,0.73,3316407.0
1718236800000,0.73,0.73,0.7218,0.7264,4670428.0
1718240400000,0.7264,0.7264,0.715,0.716,5263276.0
1718244000000,0.7159,0.717,0.6932,0.6943,13452390.0
1718247600000,0.6943,0.6954,0.676,0.6936,25400551.0
1718251200000,0.6936,0.702,0.6928,0.6995,11425701.0
1718254800000,0.6995,0.7118,0.6992,0.7093,10015656.0
1718258400000,0.7093,0.7116,0.6988,0.7001,16216594.0
1718262000000,0.7001,0.7061,0.6983,0.706,4201903.0
1718265600000,0.706,0.7125,0.7044,0.7094,6471846.0
1718269200000,0.7094,0.7114,0.701,0.7065,5318790.0
1718272800000,0.7066,0.7124,0.7019,0.7098,4486088.0
1718276400000,0.7098,0.711,0.7,0.701,4470668.0
1718280000000,0.7011,0.7173,0.6941,0.7003,13270801.0
1718283600000,0.7004,0.7122,0.6987,0.7038,8097603.0
1718287200000,0.7038,0.7127,0.6975,0.7081,11672222.0
1718290800000,0.7081,0.7112,0.6871,0.6903,17354896.0
1718294400000,0.6903,0.7047,0.684,0.7043,15969951.0
1718298000000,0.7043,0.7046,0.6974,0.7022,6631797.0
1718301600000,0.7022,0.7042,0.6988,0.7025,4426151.0
1718305200000,0.7024,0.7032,0.6968,0.697,3099907.0
1718308800000,0.6971,0.7003,0.6932,0.6955,3308346.0
1718312400000,0.6956,0.7032,0.6909,0.703,3669037.0
1718316000000,0.7031,0.7042,0.6972,0.7026,3856686.0
1718319600000,0.7026,0.7026,0.694,0.6963,4110246.0
1718323200000,0.6964,0.6995,0.6888,0.6983,8945251.0
1718326800000,0.6983,0.7084,0.6923,0.7076,11076318.0
1718330400000,0.7077,0.7145,0.7018,0.7109,8413761.0
1718334000000,0.7109,0.7127,0.704,0.7051,5081921.0
1718337600000,0.7052,0.7144,0.7051,0.7121,5277628.0
1718341200000,0.7121,0.7194,0.7095,0.7185,12709929.0
1718344800000,0.7185,0.7188,0.7122,0.7125,4964128.0
1718348400000,0.7125,0.7191,0.7122,0.7179,4538901.0
1718352000000,0.7178,0.7277,0.7155,0.7259,9308410.0
1718355600000,0.7258,0.7258,0.7156,0.7184,6697008.0
1718359200000,0.7184,0.724,0.7161,0.7225,8197208.0
1718362800000,0.7224,0.734,0.718,0.7296,10690571.0
1718366400000,0.7295,0.7319,0.7223,0.7231,5431452.0
1718370000000,0.7231,0.7296,0.7191,0.7243,6564785.0
1718373600000,0.7242,0.7256,0.6864,0.7027,44810431.0
1718377200000,0.7026,0.7093,0.691,0.6966,12126527.0
1718380800000,0.6965,0.6996,0.65,0.6792,37161533.0
1718384400000,0.6792,0.6864,0.672,0.6827,10442062.0
1718388000000,0.6827,0.6844,0.6668,0.677,10818451.0
1718391600000,0.677,0.6849,0.6742,0.6818,4530549.0
1718395200000,0.6819,0.6908,0.6812,0.6883,5125190.0
1718398800000,0.6883,0.7292,0.6874,0.7191,17297582.0
1718402400000,0.7191,0.7195,0.7044,0.712,8932401.0
1718406000000,0.712,0.716,0.7075,0.7092,4466679.0
1718409600000,0.7091,0.7122,0.7042,0.7078,5910266.0
1718413200000,0.7078,0.7116,0.6965,0.6981,6566222.0
1718416800000,0.6981,0.7004,0.6944,0.6989,4455348.0
1718420400000,0.6989,0.7125,0.6971,0.7125,6605216.0
1718424000000,0.7125,0.7222,0.7092,0.7204,9489666.0
1718427600000,0.7205,0.7234,0.7153,0.7207,6032331.0
1718431200000,0.7207,0.7291,0.7182,0.7206,8156606.0
1718434800000,0.7206,0.731,0.7183,0.7212,8401369.0
1718438400000,0.7211,0.7248,0.7177,0.7198,4448614.0
1718442000000,0.7198,0.7207,0.7107,0.7159,7495337.0
1718445600000,0.7159,0.7203,0.7141,0.7199,3653937.0
1718449200000,0.7199,0.7212,0.7161,0.7185,3318090.0
1718452800000,0.7184,0.7256,0.7167,0.7253,4966384.0
1718456400000,0.7253,0.731,0.72,0.7307,6653064.0
1718460000000,0.7306,0.7311,0.7225,0.7297,7889326.0
1718463600000,0.7297,0.745,0.7293,0.7411,12888308.0
1718467200000,0.741,0.7447,0.7342,0.7392,7870464.0
1718470800000,0.7391,0.7499,0.7365,0.7443,7563095.0
1718474400000,0.7444,0.7454,0.7379,0.7383,5799040.0
1718478000000,0.7382,0.7418,0.7328,0.7395,6564188.0
1718481600000,0.7394,0.7412,0.7303,0.7385,7004408.0
1718485200000,0.7384,0.7466,0.7376,0.7461,3771263.0
1718488800000,0.7462,0.7495,0.7442,0.7485,3112189.0
1718492400000,0.7485,0.7485,0.7452,0.7479,2471363.0
1718496000000,0.7479,0.7487,0.7393,0.7393,4344887.0
1718499600000,0.7394,0.7444,0.7336,0.742,7164044.0
1718503200000,0.742,0.7458,0.7374,0.7394,4566230.0
1718506800000,0.7395,0.7408,0.7277,0.7341,8295230.0
1718510400000,0.7341,0.7343,0.724,0.7275,5858691.0
1718514000000,0.7275,0.738,0.7264,0.7372,4283773.0
1718517600000,0.7373,0.74,0.7275,0.7367,5035130.0
1718521200000,0.7367,0.7418,0.7339,0.7356,5663039.0
1718524800000,0.7356,0.7446,0.7339,0.74,5611786.0
1718528400000,0.7401,0.7432,0.7373,0.7411,4134626.0
1718532000000,0.7411,0.7488,0.7385,0.7482,6052673.0
1718535600000,0.7482,0.7556,0.7478,0.7549,8858240.0
1718539200000,0.7548,0.7613,0.7506,0.7581,10501551.0
1718542800000,0.7581,0.7683,0.7579,0.7672,11478204.0
1718546400000,0.7672,0.7749,0.7539,0.7557,13251618.0
1718550000000,0.7558,0.7622,0.7553,0.7561,6055408.0
1718553600000,0.7562,0.7658,0.7521,0.7656,7733229.0
1718557200000,0.7656,0.7713,0.7617,0.7637,5666339.0
1718560800000,0.7637,0.7697,0.7597,0.7682,4507434.0
1718564400000,0.7681,0.7715,0.7616,0.7622,3105565.0
1718568000000,0.7623,0.7647,0.7601,0.7608,2289784.0
1718571600000,0.7609,0.7625,0.759,0.7616,1750880.0
1718575200000,0.7616,0.7727,0.7616,0.7689,5972433.0
1718578800000,0.7689,0.77,0.7649,0.7656,2305439.0
1718582400000,0.7656,0.7727,0.7625,0.7639,5430688.0
1718586000000,0.7639,0.7649,0.7559,0.7593,6226446.0
1718589600000,0.7593,0.7594,0.7404,0.7468,11274849.0
1718593200000,0.7469,0.749,0.7358,0.7381,7642955.0
1718596800000,0.7382,0.7443,0.7316,0.7442,7824264.0
1718600400000,0.7442,0.7444,0.7309,0.7334,5998782.0
1718604000000,0.7334,0.7336,0.7172,0.718,12364526.0
1718607600000,0.7181,0.7201,0.7056,0.7062,15041125.0
1718611200000,0.7063,0.7153,0.7002,0.7016,16310846.0
1718614800000,0.7016,0.7097,0.6913,0.6937,13298447.0
1718618400000,0.6937,0.6986,0.6831,0.697,17195121.0
1718622000000,0.6969,0.7056,0.6957,0.6966,8192296.0
1718625600000,0.6967,0.7033,0.692,0.6934,6931540.0
1718629200000,0.6934,0.6945,0.6818,0.6848,12634740.0
1718632800000,0.6847,0.6997,0.6844,0.6943,9675534.0
1718636400000,0.6943,0.6999,0.6845,0.6876,9371082.0
1718640000000,0.6876,0.7077,0.6601,0.7059,31368751.0
1718643600000,0.706,0.7321,0.7044,0.7219,50205818.0
1718647200000,0.7218,0.7284,0.7114,0.7138,18124572.0
1718650800000,0.714,0.7175,0.7048,0.7062,12790042.0
1718654400000,0.7062,0.7073,0.6917,0.6983,18119288.0
1718658000000,0.6982,0.7012,0.6851,0.697,10822114.0
1718661600000,0.6969,0.7005,0.68,0.6861,13928590.0
1718665200000,0.686,0.6864,0.6728,0.6752,8956112.0
1718668800000,0.6753,0.677,0.6426,0.6543,31982628.0
1718672400000,0.6543,0.6605,0.5401,0.5942,109152182.0
1718676000000,0.5943,0.6065,0.5782,0.5952,51582692.0
1718679600000,0.5953,0.608,0.5922,0.6072,21696365.0
1718683200000,0.6072,0.6129,0.5999,0.6094,18926186.0
1718686800000,0.6095,0.6226,0.6092,0.6147,15150177.0
1718690400000,0.6147,0.6209,0.6109,0.6126,9721544.0
1718694000000,0.6126,0.6208,0.6062,0.6074,14366254.0
1718697600000,0.6074,0.6076,0.5995,0.6017,11583342.0
1718701200000,0.6018,0.6024,0.5951,0.599,12422449.0
1718704800000,0.5991,0.5999,0.5915,0.5923,10511890.0
1718708400000,0.5923,0.5958,0.5775,0.5912,25953936.0
1718712000000,0.5913,0.5981,0.578,0.5973,27956780.0
1718715600000,0.5973,0.5978,0.5816,0.5868,25299723.0
1718719200000,0.5869,0.6133,0.5826,0.5995,36669804.0
1718722800000,0.5995,0.6062,0.5952,0.6037,22488215.0
1718726400000,0.6037,0.6059,0.5877,0.5965,19195731.0
1718730000000,0.5965,0.6027,0.5861,0.5904,15406811.0
1718733600000,0.5905,0.5949,0.5861,0.5868,11969746.0
1718737200000,0.5867,0.6012,0.5823,0.6012,14533959.0
1718740800000,0.6011,0.6076,0.5917,0.6061,15897960.0
1718744400000,0.6061,0.6186,0.6041,0.613,10543544.0
1718748000000,0.6131,0.6216,0.6085,0.6212,11052300.0
1718751600000,0.6211,0.63,0.6193,0.6268,12163952.0
1718755200000,0.6268,0.6467,0.6235,0.6463,17505239.0
1718758800000,0.6462,0.6601,0.6422,0.6467,25950096.0
1718762400000,0.6467,0.6624,0.6463,0.6528,13084574.0
1718766000000,0.6527,0.672,0.6476,0.6685,24286672.0
1718769600000,0.6684,0.685,0.6644,0.6814,22817633.0
1718773200000,0.6813,0.683,0.6603,0.6667,16567026.0
1718776800000,0.6668,0.6768,0.6622,0.6739,11191594.0
1718780400000,0.6739,0.6758,0.6481,0.6544,26276572.0
1718784000000,0.6543,0.6579,0.6343,0.6345,18223960.0
1718787600000,0.6344,0.6431,0.6327,0.6423,11169520.0
1718791200000,0.6422,0.651,0.6402,0.6506,10101940.0
1718794800000,0.6505,0.6505,0.633,0.638,13001192.0
1718798400000,0.6379,0.646,0.6366,0.6423,10607842.0
1718802000000,0.6422,0.6497,0.6382,0.6404,10688077.0
1718805600000,0.6404,0.6408,0.6217,0.6273,18129054.0
1718809200000,0.6274,0.6329,0.6244,0.6285,7777834.0
1718812800000,0.6284,0.6372,0.6242,0.631,9573731.0
1718816400000,0.631,0.6437,0.6304,0.6375,10547011.0
1718820000000,0.6375,0.6455,0.6375,0.6422,6307940.0
1718823600000,0.6422,0.6438,0.6336,0.6348,6427405.0
1718827200000,0.6349,0.6383,0.631,0.6361,5768789.0
1718830800000,0.6362,0.6426,0.6336,0.6374,4126991.0
1718834400000,0.6375,0.6395,0.6276,0.6281,5854770.0
1718838000000,0.628,0.6339,0.6239,0.6335,5710732.0
1718841600000,0.6336,0.6392,0.6289,0.6317,9766662.0
1718845200000,0.6317,0.6457,0.6278,0.6307,14972410.0
1718848800000,0.6308,0.6314,0.6085,0.6148,26835849.0
1718852400000,0.6148,0.6227,0.6116,0.6184,9169868.0
1718856000000,0.6183,0.6245,0.6104,0.6238,12005415.0
1718859600000,0.6238,0.6351,0.6218,0.6329,9967670.0
1718863200000,0.633,0.6432,0.6309,0.6349,17887251.0
1718866800000,0.6348,0.6574,0.6347,0.6549,17994197.0
1718870400000,0.655,0.6594,0.648,0.6515,11721511.0
1718874000000,0.6515,0.6535,0.6386,0.6393,9826361.0
1718877600000,0.6393,0.6478,0.6317,0.646,15305544.0
1718881200000,0.6459,0.6675,0.6456,0.6555,29544286.0
1718884800000,0.6555,0.6601,0.6463,0.6475,13635417.0
1718888400000,0.6474,0.649,0.6288,0.6301,18881493.0
1718892000000,0.63,0.6307,0.6127,0.6204,25821056.0
1718895600000,0.6204,0.6223,0.6123,0.6145,12623200.0
1718899200000,0.6144,0.6225,0.5831,0.6212,29486633.0
1718902800000,0.6213,0.6265,0.619,0.6254,9122973.0
1718906400000,0.6254,0.6293,0.622,0.6225,10719154.0
1718910000000,0.6226,0.6252,0.6184,0.6229,6918172.0
1718913600000,0.6228,0.6259,0.6182,0.6232,5002722.0
1718917200000,0.6232,0.6248,0.6166,0.6193,3473680.0
1718920800000,0.6193,0.6207,0.6149,0.617,3839387.0
1718924400000,0.6171,0.6183,0.6115,0.6129,3896816.0
1718928000000,0.6129,0.6136,0.6027,0.6078,9903370.0
1718931600000,0.6078,0.6234,0.6061,0.6225,8354321.0
1718935200000,0.6224,0.6262,0.6117,0.6141,6392549.0
1718938800000,0.6141,0.6159,0.6082,0.6118,4982331.0
1718942400000,0.6119,0.6194,0.6091,0.6168,6111027.0
1718946000000,0.6168,0.6168,0.6094,0.615,5474348.0
1718949600000,0.615,0.6215,0.6133,0.6195,6824644.0
1718953200000,0.6194,0.6245,0.6083,0.612,11847274.0
1718956800000,0.6121,0.6164,0.5963,0.6007,18713302.0
1718960400000,0.6009,0.6211,0.5981,0.6196,17465738.0
1718964000000,0.6196,0.6218,0.6116,0.6142,7359115.0
1718967600000,0.6142,0.6197,0.6117,0.6126,6517792.0
1718971200000,0.6126,0.6165,0.6041,0.6084,9977810.0
1718974800000,0.6084,0.61,0.5937,0.5971,18110184.0
1718978400000,0.597,0.6218,0.5964,0.617,19113221.0
1718982000000,0.617,0.619,0.6015,0.6089,12590710.0
1718985600000,0.609,0.6139,0.6064,0.6078,7990227.0
1718989200000,0.6079,0.6098,0.5957,0.598,12884791.0
1718992800000,0.5981,0.6111,0.594,0.6105,12593823.0
1718996400000,0.6105,0.6131,0.607,0.6088,6861260.0
1719000000000,0.6087,0.6147,0.6049,0.6059,5508595.0
1719003600000,0.606,0.6069,0.5997,0.6056,3555899.0
1719007200000,0.6056,0.6056,0.6008,0.6016,4248464.0
1719010800000,0.6017,0.6036,0.5986,0.5993,4604840.0
1719014400000,0.5993,0.5998,0.5852,0.5891,12002918.0
1719018000000,0.5891,0.5929,0.5864,0.5876,7855445.0
1719021600000,0.5877,0.5929,0.5851,0.589,8243672.0
1719025200000,0.5891,0.5943,0.5877,0.5921,7178772.0
1719028800000,0.5921,0.5928,0.5875,0.5901,4883042.0
1719032400000,0.5901,0.5973,0.5867,0.5951,6285448.0
1719036000000,0.5952,0.6009,0.5933,0.5972,6329744.0
1719039600000,0.5971,0.599,0.5938,0.5956,3849645.0
1719043200000,0.5955,0.5969,0.5901,0.5932,6216827.0
1719046800000,0.5931,0.5972,0.5929,0.596,3706275.0
1719050400000,0.5959,0.5972,0.5907,0.5956,4221628.0
1719054000000,0.5957,0.5974,0.5929,0.5961,3948191.0
1719057600000,0.5961,0.6,0.5944,0.5949,4521743.0
1719061200000,0.5949,0.5986,0.594,0.5975,3932622.0
1719064800000,0.5974,0.6049,0.596,0.6012,7299689.0
1719068400000,0.6011,0.6029,0.5985,0.6029,3824433.0
1719072000000,0.603,0.6073,0.6015,0.6055,4636031.0
1719075600000,0.6056,0.61,0.6047,0.6057,5596450.0
1719079200000,0.6057,0.607,0.6018,0.6039,3052770.0
1719082800000,0.604,0.6046,0.6006,0.6014,2381092.0
1719086400000,0.6014,0.6016,0.5963,0.6005,4904396.0
1719090000000,0.6004,0.6052,0.6004,0.6051,2704513.0
1719093600000,0.6051,0.6061,0.6011,0.6042,3145695.0
1719097200000,0.6042,0.6046,0.5993,0.6013,3165205.0
1719100800000,0.6013,0.6097,0.5979,0.6065,7202116.0
1719104400000,0.6065,0.6094,0.6053,0.6083,4297222.0
1719108000000,0.6083,0.6107,0.6044,0.6074,3947030.0
1719111600000,0.6075,0.6119,0.6054,0.6104,3962530.0
1719115200000,0.6104,0.6112,0.6068,0.609,3429082.0
1719118800000,0.609,0.6105,0.6042,0.6054,3338806.0
1719122400000,0.6054,0.6067,0.6037,0.6051,1768491.0
1719126000000,0.6051,0.6062,0.6026,0.6044,2425120.0
1719129600000,0.6044,0.6086,0.6024,0.6082,2848713.0
1719133200000,0.6082,0.6098,0.6028,0.6051,3924613.0
1719136800000,0.6051,0.6055,0.5952,0.5967,6696217.0
1719140400000,0.5968,0.5976,0.5932,0.5971,5850915.0
1719144000000,0.5972,0.5988,0.5956,0.5972,3264584.0
1719147600000,0.5972,0.5987,0.593,0.5939,4359038.0
1719151200000,0.5939,0.5949,0.5867,0.5886,8687046.0
1719154800000,0.5885,0.5905,0.5806,0.5846,8953546.0
1719158400000,0.5847,0.5857,0.5654,0.5703,17535884.0
1719162000000,0.5703,0.5751,0.5675,0.5712,12308679.0
1719165600000,0.5712,0.5735,0.5695,0.5711,6331096.0
1719169200000,0.5711,0.5772,0.5703,0.5751,5136895.0
1719172800000,0.5751,0.576,0.56,0.5712,12715447.0
1719176400000,0.5713,0.5747,0.5669,0.5691,7881563.0
1719180000000,0.5691,0.5691,0.5569,0.5643,9954872.0
1719183600000,0.5643,0.5681,0.5595,0.568,8118888.0
1719187200000,0.568,0.5727,0.5661,0.5685,8913748.0
1719190800000,0.5684,0.5703,0.5611,0.5637,9067411.0
1719194400000,0.5636,0.5655,0.5509,0.5579,10825909.0
1719198000000,0.558,0.5638,0.5569,0.5585,6111922.0
1719201600000,0.5584,0.5653,0.5557,0.5646,9099135.0
1719205200000,0.5646,0.5667,0.5405,0.5465,26581139.0
1719208800000,0.5463,0.5545,0.546,0.5529,10066882.0
1719212400000,0.553,0.553,0.5448,0.5463,8953234.0
1719216000000,0.5463,0.5526,0.5415,0.5457,12206472.0
1719219600000,0.5457,0.5465,0.51,0.5418,50028118.0
1719223200000,0.5418,0.5513,0.5407,0.5461,15968639.0
1719226800000,0.5461,0.5486,0.5388,0.5482,11880086.0
1719230400000,0.5481,0.5538,0.5473,0.5512,9796038.0
1719234000000,0.5513,0.5528,0.542,0.552,14010875.0
1719237600000,0.5519,0.5534,0.5433,0.5474,14219953.0
1719241200000,0.5474,0.5498,0.5386,0.5422,10920449.0
1719244800000,0.5422,0.5552,0.5396,0.552,15740774.0
1719248400000,0.552,0.5627,0.5484,0.5549,23809554.0
1719252000000,0.555,0.5588,0.548,0.5538,11312990.0
1719255600000,0.5538,0.557,0.5467,0.5503,9872183.0
1719259200000,0.5502,0.5568,0.5374,0.5518,18631847.0
1719262800000,0.5518,0.5661,0.5513,0.5605,10654928.0
1719266400000,0.5605,0.5605,0.5544,0.5554,6213824.0
1719270000000,0.5554,0.5613,0.5553,0.5581,4684890.0
1719273600000,0.558,0.5599,0.5528,0.557,6953056.0
1719277200000,0.557,0.5609,0.5544,0.5608,5802293.0
1719280800000,0.5608,0.5632,0.5559,0.5593,7114873.0
1719284400000,0.5592,0.5719,0.5571,0.5648,10311522.0
1719288000000,0.5648,0.5669,0.5617,0.5636,5809006.0
1719291600000,0.5636,0.5682,0.5606,0.562,7154128.0
1719295200000,0.5619,0.5623,0.5568,0.5588,7662944.0
1719298800000,0.5589,0.561,0.5535,0.5552,6297871.0
1719302400000,0.5552,0.5576,0.5475,0.5495,8428301.0
1719306000000,0.5495,0.5599,0.5491,0.5592,7706310.0
1719309600000,0.5593,0.5599,0.554,0.556,5382217.0
1719313200000,0.556,0.5607,0.5559,0.5579,6887300.0
1719316800000,0.5579,0.5634,0.5561,0.5592,5931210.0
1719320400000,0.5591,0.5686,0.5586,0.5626,9288540.0
1719324000000,0.5626,0.5812,0.5611,0.581,19000945.0
1719327600000,0.5811,0.5891,0.5748,0.5838,12196837.0
1719331200000,0.5839,0.5856,0.5775,0.5785,8386327.0
1719334800000,0.5785,0.5836,0.5703,0.5718,8921637.0
1719338400000,0.5719,0.5828,0.5706,0.5795,6966804.0
1719342000000,0.5795,0.5819,0.576,0.5771,4761620.0
1719345600000,0.5772,0.5785,0.5754,0.5766,3074085.0
1719349200000,0.5767,0.5804,0.576,0.5785,2545509.0
1719352800000,0.5786,0.5818,0.5745,0.575,4254372.0
1719356400000,0.575,0.5755,0.5713,0.5723,3693532.0
1719360000000,0.5723,0.5726,0.567,0.5684,5977526.0
1719363600000,0.5685,0.5845,0.5661,0.5836,7558697.0
1719367200000,0.5837,0.5925,0.5831,0.5873,8559179.0
1719370800000,0.5873,0.5896,0.5789,0.5848,7993932.0
1719374400000,0.5848,0.5915,0.5824,0.5852,9623277.0
1719378000000,0.5851,0.5922,0.5783,0.585,10194921.0
1719381600000,0.5849,0.5893,0.5795,0.5822,7092770.0
1719385200000,0.5823,0.587,0.58,0.5842,6765360.0
1719388800000,0.5841,0.5842,0.5752,0.5777,8362837.0
1719392400000,0.5778,0.5805,0.5722,0.5799,8759004.0
1719396000000,0.5799,0.5807,0.5691,0.5709,9257091.0
1719399600000,0.5709,0.5743,0.5671,0.5683,5584796.0
1719403200000,0.5683,0.5711,0.5623,0.5652,7912886.0
1719406800000,0.5651,0.5738,0.5638,0.5732,7531338.0
1719410400000,0.5733,0.5752,0.5631,0.5668,13149445.0
1719414000000,0.5666,0.5672,0.5479,0.5542,17194318.0
1719417600000,0.5542,0.558,0.5521,0.553,7233047.0
1719421200000,0.5531,0.5535,0.542,0.5532,13214163.0
1719424800000,0.5532,0.5533,0.5474,0.5493,4631748.0
1719428400000,0.5493,0.5603,0.5484,0.5594,10214243.0
1719432000000,0.5594,0.5706,0.5583,0.5641,14530878.0
1719435600000,0.5641,0.565,0.5601,0.5613,4354880.0
1719439200000,0.5613,0.5614,0.5563,0.5578,3475936.0
1719442800000,0.5577,0.5599,0.5558,0.5589,4394546.0
1719446400000,0.5588,0.562,0.5541,0.5575,6188776.0
1719450000000,0.5574,0.561,0.5522,0.5578,5695414.0
1719453600000,0.5578,0.5583,0.551,0.5546,5033956.0
1719457200000,0.5547,0.5578,0.5515,0.5537,5196951.0
1719460800000,0.5536,0.557,0.5516,0.5562,4044172.0
1719464400000,0.5562,0.5577,0.5457,0.5461,7167774.0
1719468000000,0.5462,0.5484,0.5424,0.5456,6499092.0
1719471600000,0.5456,0.5488,0.5427,0.5475,6218234.0
1719475200000,0.5476,0.5492,0.5447,0.5475,3731289.0
1719478800000,0.5474,0.5593,0.5463,0.5573,7581564.0
1719482400000,0.5574,0.5708,0.5574,0.5605,12664268.0
1719486000000,0.5604,0.5647,0.5591,0.5612,6052015.0
1719489600000,0.5611,0.5835,0.561,0.5808,22371900.0
1719493200000,0.5807,0.592,0.58,0.5826,20585323.0
1719496800000,0.5826,0.5872,0.569,0.5713,17518218.0
1719500400000,0.5714,0.5772,0.569,0.5725,8335052.0
1719504000000,0.5726,0.5766,0.5687,0.5691,7174279.0
1719507600000,0.5692,0.571,0.5665,0.5674,4444607.0
1719511200000,0.5675,0.5684,0.565,0.5657,3697417.0
1719514800000,0.5657,0.5674,0.5631,0.5651,3377310.0
1719518400000,0.5651,0.5658,0.5627,0.5634,3776156.0
1719522000000,0.5635,0.5641,0.5614,0.5619,3149540.0
1719525600000,0.562,0.5626,0.5602,0.5623,3306989.0
1719529200000,0.5623,0.5629,0.5581,0.5602,3416830.0
1719532800000,0.5602,0.5628,0.5524,0.5546,7155924.0
1719536400000,0.5546,0.5695,0.5527,0.5673,11260326.0
1719540000000,0.5673,0.574,0.5603,0.5609,10842603.0
1719543600000,0.561,0.5681,0.5604,0.5668,5653318.0
1719547200000,0.5669,0.5682,0.5625,0.5661,3842225.0
1719550800000,0.566,0.5661,0.5606,0.5624,4295299.0
1719554400000,0.5624,0.5655,0.5611,0.5655,4363490.0
1719558000000,0.5654,0.5694,0.5611,0.564,6268400.0
1719561600000,0.564,0.5646,0.56,0.5644,3918872.0
1719565200000,0.5643,0.5661,0.5606,0.5627,4957455.0
1719568800000,0.5626,0.5655,0.5596,0.5612,4804259.0
1719572400000,0.5611,0.5633,0.5579,0.5602,5583722.0
1719576000000,0.5601,0.5669,0.5555,0.5568,14081382.0
1719579600000,0.5568,0.5575,0.5408,0.5458,28278072.0
1719583200000,0.5458,0.5482,0.533,0.5383,21199630.0
1719586800000,0.5383,0.5428,0.5347,0.5385,10881418.0
1719590400000,0.5385,0.5398,0.52,0.5292,23041890.0
1719594000000,0.5292,0.5292,0.5148,0.5203,17380085.0
1719597600000,0.5203,0.5213,0.5169,0.519,8652916.0
1719601200000,0.519,0.5209,0.5137,0.5158,12199222.0
1719604800000,0.5159,0.5187,0.5143,0.5146,5698666.0
1719608400000,0.5146,0.5148,0.5066,0.5109,12367624.0
1719612000000,0.5109,0.513,0.5078,0.5127,7784978.0
1719615600000,0.5126,0.5143,0.511,0.5119,4526077.0
1719619200000,0.5119,0.5157,0.5107,0.5149,6770992.0
1719622800000,0.5149,0.5214,0.5141,0.5198,5889395.0
1719626400000,0.5197,0.5211,0.5172,0.5182,4188088.0
1719630000000,0.5181,0.5221,0.5179,0.5189,4988958.0
1719633600000,0.5188,0.5189,0.5135,0.5143,4127225.0
1719637200000,0.5143,0.5149,0.5115,0.5132,4996179.0
1719640800000,0.5131,0.5143,0.5106,0.5139,5092393.0
1719644400000,0.5139,0.5184,0.5128,0.5157,5885221.0
1719648000000,0.5156,0.52,0.5144,0.5198,6205490.0
1719651600000,0.5197,0.5207,0.5146,0.5175,5884500.0
1719655200000,0.5176,0.5203,0.5165,0.5191,4358247.0
1719658800000,0.5191,0.5264,0.5189,0.5251,7997910.0
1719662400000,0.5251,0.5282,0.5212,0.5226,7965554.0
1719666000000,0.5226,0.524,0.5155,0.5164,8089924.0
1719669600000,0.5163,0.5169,0.5102,0.5132,9809851.0
1719673200000,0.5132,0.5153,0.5106,0.5153,5247417.0
1719676800000,0.5152,0.5175,0.5119,0.5121,5500236.0
1719680400000,0.5122,0.5133,0.5099,0.5113,5162204.0
1719684000000,0.5114,0.5116,0.5076,0.509,4862105.0
1719687600000,0.5089,0.5094,0.4933,0.5003,23778414.0
1719691200000,0.5003,0.5006,0.496,0.4977,8762902.0
1719694800000,0.4977,0.4991,0.4952,0.4968,6638746.0
1719698400000,0.4968,0.4971,0.4866,0.4908,16347215.0
1719702000000,0.4908,0.4909,0.4868,0.4886,9829813.0
1719705600000,0.4886,0.496,0.485,0.4943,13605932.0
1719709200000,0.4942,0.4948,0.4865,0.4883,8751695.0
1719712800000,0.4884,0.4893,0.4825,0.486,12530145.0
1719716400000,0.4861,0.4938,0.4859,0.4931,6257896.0
1719720000000,0.4931,0.495,0.489,0.4897,6895538.0
1719723600000,0.4897,0.4932,0.4897,0.4913,5933439.0
1719727200000,0.4913,0.4955,0.4913,0.495,6116556.0
1719730800000,0.4951,0.5057,0.4945,0.5011,16861613.0
1719734400000,0.5011,0.5072,0.5006,0.5057,9525505.0
1719738000000,0.5058,0.5072,0.4995,0.5003,8370355.0
1719741600000,0.5002,0.5036,0.4999,0.5026,4846940.0
1719745200000,0.5026,0.5048,0.5014,0.5017,5195571.0
1719748800000,0.5018,0.5035,0.4984,0.5004,6700130.0
1719752400000,0.5005,0.5114,0.5003,0.5107,8848626.0
1719756000000,0.5107,0.5128,0.5052,0.5074,10284144.0
1719759600000,0.5075,0.5121,0.5071,0.511,6209224.0
1719763200000,0.511,0.5122,0.5077,0.509,5697761.0
1719766800000,0.509,0.518,0.5081,0.5151,8828129.0
1719770400000,0.5151,0.5189,0.5121,0.5159,6423263.0
1719774000000,0.5159,0.5183,0.5148,0.5178,4341636.0
1719777600000,0.5178,0.5209,0.5165,0.5166,5631265.0
1719781200000,0.5165,0.5184,0.5143,0.5179,4817483.0
1719784800000,0.5179,0.5354,0.5179,0.5354,13043651.0
1719788400000,0.5354,0.5398,0.5298,0.5321,14968592.0
1719792000000,0.5321,0.5403,0.5312,0.537,11010450.0
1719795600000,0.537,0.5552,0.5353,0.5497,17954798.0
1719799200000,0.5497,0.5512,0.5407,0.5428,9974508.0
1719802800000,0.5429,0.543,0.5337,0.5349,9451768.0
1719806400000,0.5349,0.5381,0.5301,0.5341,8811580.0
1719810000000,0.5341,0.5363,0.5303,0.5318,6653870.0
1719813600000,0.5319,0.5356,0.5308,0.5333,5407124.0
1719817200000,0.5332,0.5372,0.533,0.5339,6486942.0
1719820800000,0.5338,0.5372,0.5273,0.531,10944126.0
1719824400000,0.531,0.5328,0.5203,0.523,13325926.0
1719828000000,0.523,0.5231,0.5174,0.5203,8603370.0
1719831600000,0.5203,0.5206,0.5111,0.5145,10142800.0
1719835200000,0.5144,0.5196,0.5143,0.5188,8529611.0
1719838800000,0.5188,0.5227,0.5112,0.5133,13224174.0
1719842400000,0.5133,0.5167,0.5117,0.5131,12096095.0
1719846000000,0.5131,0.5155,0.5083,0.5137,7983471.0
1719849600000,0.5137,0.5163,0.5111,0.5136,8845737.0
1719853200000,0.5136,0.5206,0.512,0.5194,7522966.0
1719856800000,0.5194,0.5222,0.5126,0.515,10665439.0
1719860400000,0.515,0.5172,0.5139,0.5165,5273509.0
1719864000000,0.5165,0.5168,0.5122,0.5123,3228393.0
1719867600000,0.5123,0.513,0.5094,0.5098,3827893.0
1719871200000,0.5098,0.5109,0.5027,0.5053,9311207.0
1719874800000,0.5053,0.5066,0.5035,0.5045,3430164.0
1719878400000,0.5046,0.5092,0.5022,0.5078,6232028.0
1719882000000,0.5078,0.5089,0.504,0.5077,4201805.0
1719885600000,0.5077,0.5088,0.502,0.5051,6768557.0
1719889200000,0.5051,0.5078,0.5023,0.5048,5361635.0
1719892800000,0.5048,0.5067,0.5017,0.5022,4706938.0
1719896400000,0.5022,0.5086,0.5017,0.5079,4921921.0
1719900000000,0.5079,0.509,0.5024,0.5038,5760009.0
1719903600000,0.5038,0.5042,0.4986,0.5018,7974241.0
1719907200000,0.5018,0.5075,0.4962,0.506,11431095.0
1719910800000,0.5059,0.5087,0.5011,0.5016,5857229.0
1719914400000,0.5017,0.5035,0.4993,0.5021,5627228.0
1719918000000,0.5021,0.5022,0.4992,0.5002,4071077.0
1719921600000,0.5002,0.5215,0.4986,0.5144,22933230.0
1719925200000,0.5144,0.5177,0.5082,0.5108,16962858.0
1719928800000,0.5107,0.5153,0.5021,0.5038,15554888.0
1719932400000,0.5038,0.5084,0.5032,0.5042,7227719.0
1719936000000,0.5041,0.5041,0.4981,0.5003,7473479.0
1719939600000,0.5004,0.5057,0.4985,0.5035,5808474.0
1719943200000,0.5035,0.5048,0.5012,0.503,7087224.0
1719946800000,0.503,0.5036,0.4996,0.5023,4456471.0
1719950400000,0.5024,0.5026,0.4983,0.4989,3501903.0
1719954000000,0.4988,0.4991,0.4953,0.4973,7165163.0
1719957600000,0.4972,0.5062,0.4955,0.5057,7509346.0
1719961200000,0.5058,0.5145,0.5053,0.513,11539130.0
1719964800000,0.513,0.5164,0.5017,0.5021,8692102.0
1719968400000,0.5021,0.5035,0.4949,0.5013,13640599.0
1719972000000,0.5012,0.5023,0.4823,0.4904,23618167.0
1719975600000,0.4904,0.4904,0.4731,0.4875,23437177.0
1719979200000,0.4876,0.4876,0.4788,0.4801,8950535.0
1719982800000,0.4801,0.4849,0.4778,0.4823,10873224.0
1719986400000,0.4823,0.4833,0.4792,0.4802,6161297.0
1719990000000,0.4802,0.4829,0.4785,0.4798,6780969.0
1719993600000,0.4798,0.4849,0.4778,0.4791,10236175.0
1719997200000,0.4791,0.4871,0.4772,0.4807,11058915.0
1720000800000,0.4808,0.4832,0.464,0.4816,38759223.0
1720004400000,0.4815,0.4815,0.4716,0.476,12830600.0
1720008000000,0.476,0.4764,0.4622,0.4637,22723258.0
1720011600000,0.4637,0.4776,0.46,0.4755,17576190.0
1720015200000,0.4755,0.4765,0.4681,0.4692,9323020.0
1720018800000,0.4692,0.4709,0.4664,0.4673,8993806.0
1720022400000,0.4672,0.4717,0.4622,0.4682,10885163.0
1720026000000,0.4683,0.4686,0.4616,0.4653,7476925.0
1720029600000,0.4653,0.4655,0.4538,0.457,16273569.0
1720033200000,0.457,0.4619,0.4521,0.4572,18820197.0
1720036800000,0.4572,0.4595,0.453,0.4551,6476209.0
1720040400000,0.4552,0.4626,0.4539,0.4608,7469919.0
1720044000000,0.4607,0.4624,0.4566,0.4609,6066709.0
1720047600000,0.4608,0.4638,0.4568,0.4599,6576575.0
1720051200000,0.46,0.4678,0.4596,0.4643,7666183.0
1720054800000,0.4643,0.4659,0.441,0.4587,55781420.0
1720058400000,0.4587,0.464,0.4489,0.4584,28293388.0
1720062000000,0.4584,0.4586,0.4528,0.4567,13654126.0
1720065600000,0.4568,0.457,0.4501,0.4553,7334044.0
1720069200000,0.4553,0.4566,0.4502,0.4509,5244849.0
1720072800000,0.4509,0.4565,0.4445,0.4526,19191823.0
1720076400000,0.4527,0.4527,0.4383,0.4425,20938238.0
1720080000000,0.4425,0.4499,0.4357,0.4486,20234640.0
1720083600000,0.4486,0.4502,0.4394,0.4473,16367677.0
1720087200000,0.4473,0.4507,0.4393,0.4498,12263657.0
1720090800000,0.4497,0.45,0.4419,0.4419,8391349.0
1720094400000,0.4419,0.4428,0.4261,0.4281,27001080.0
1720098000000,0.4282,0.4359,0.4184,0.4334,39287317.0
1720101600000,0.4334,0.4358,0.4284,0.4331,20020098.0
1720105200000,0.433,0.4443,0.4322,0.4428,15620228.0
1720108800000,0.4428,0.4428,0.4336,0.4371,10035486.0
1720112400000,0.4372,0.4385,0.4342,0.435,5116348.0
1720116000000,0.4351,0.4351,0.4276,0.4293,8451485.0
1720119600000,0.4292,0.4317,0.4257,0.4263,8803629.0
1720123200000,0.4264,0.4285,0.4234,0.4275,5589340.0
1720126800000,0.4274,0.4303,0.4247,0.4265,4437455.0
1720130400000,0.4265,0.4287,0.4197,0.4199,8623126.0
1720134000000,0.4199,0.4204,0.4,0.4061,33808651.0
1720137600000,0.4061,0.4066,0.3717,0.3903,97888925.0
1720141200000,0.3904,0.3918,0.3732,0.3902,42330172.0
1720144800000,0.3901,0.3901,0.342,0.3575,65435632.0
1720148400000,0.3577,0.3655,0.341,0.3552,110548596.0
1720152000000,0.3551,0.37,0.3461,0.3655,64345802.0
1720155600000,0.3656,0.3705,0.3638,0.3655,22436695.0
1720159200000,0.3654,0.3657,0.3546,0.3585,24292347.0
1720162800000,0.3586,0.3698,0.357,0.3674,29841560.0
1720166400000,0.3673,0.3715,0.3588,0.3601,27447850.0
1720170000000,0.3601,0.3667,0.3532,0.3644,35426405.0
1720173600000,0.3644,0.3751,0.3619,0.3709,28056572.0
1720177200000,0.3708,0.3799,0.3698,0.3771,22023586.0
1720180800000,0.377,0.3791,0.368,0.3697,29160169.0
1720184400000,0.3698,0.3802,0.3687,0.3761,19498082.0
1720188000000,0.376,0.376,0.3666,0.3676,23591304.0
1720191600000,0.3675,0.3741,0.3658,0.3733,27334646.0
1720195200000,0.3734,0.3755,0.3654,0.3676,26552898.0
1720198800000,0.3676,0.3795,0.366,0.3781,18222566.0
1720202400000,0.3781,0.3801,0.3722,0.3779,16886625.0
1720206000000,0.3779,0.3798,0.3746,0.3753,8985778.0
1720209600000,0.3753,0.3784,0.3725,0.376,7436708.0
1720213200000,0.3759,0.38,0.374,0.3756,6914501.0
1720216800000,0.3757,0.3834,0.3747,0.3785,11482349.0
1720220400000,0.3784,0.381,0.376,0.3777,12741467.0
1720224000000,0.3777,0.3908,0.3749,0.3793,28711328.0
1720227600000,0.3793,0.3795,0.3732,0.3775,17464638.0
1720231200000,0.3775,0.3784,0.3717,0.3776,13549807.0
1720234800000,0.3776,0.3787,0.3723,0.3736,10965822.0
1720238400000,0.3736,0.3738,0.368,0.3682,12883926.0
1720242000000,0.3683,0.3712,0.3677,0.3684,8909624.0
1720245600000,0.3683,0.3766,0.3677,0.3748,10610070.0
1720249200000,0.3748,0.3819,0.3747,0.3796,12748598.0
1720252800000,0.3797,0.3812,0.3756,0.3807,11355695.0
1720256400000,0.3806,0.3807,0.3684,0.3749,24822380.0
1720260000000,0.3748,0.3766,0.3723,0.375,11459658.0
1720263600000,0.375,0.377,0.3736,0.3759,10158396.0
1720267200000,0.3758,0.3774,0.3706,0.3729,10588965.0
1720270800000,0.3729,0.3801,0.3708,0.3774,14246896.0
1720274400000,0.3774,0.3866,0.3753,0.3825,20463194.0
1720278000000,0.3825,0.3885,0.3807,0.3844,14881864.0
1720281600000,0.3844,0.3985,0.3836,0.3958,32272370.0
1720285200000,0.3958,0.3987,0.3938,0.3971,14361134.0
1720288800000,0.3971,0.4066,0.3967,0.4055,13189184.0
1720292400000,0.4055,0.4091,0.4023,0.4085,15317103.0
1720296000000,0.4084,0.4138,0.4075,0.4112,12888570.0
1720299600000,0.4112,0.4177,0.4088,0.4151,11163204.0
1720303200000,0.415,0.4187,0.4119,0.4121,11747866.0
1720306800000,0.4122,0.4159,0.4101,0.4124,9247108.0
1720310400000,0.4124,0.4125,0.404,0.4045,16407901.0
1720314000000,0.4045,0.4065,0.397,0.4026,19854757.0
1720317600000,0.4026,0.412,0.4025,0.4095,15724844.0
1720321200000,0.4095,0.4099,0.404,0.4077,9227797.0
1720324800000,0.4077,0.4107,0.4005,0.4027,19438326.0
1720328400000,0.4027,0.4062,0.3992,0.4034,12133406.0
1720332000000,0.4033,0.4091,0.4028,0.4074,10200906.0
1720335600000,0.4074,0.4099,0.3995,0.4036,15350086.0
1720339200000,0.4036,0.4092,0.4033,0.4063,12089253.0
1720342800000,0.4063,0.4101,0.4024,0.4097,11337832.0
1720346400000,0.4097,0.4258,0.4085,0.4153,31068344.0
1720350000000,0.4152,0.4259,0.4135,0.4243,22641059.0
1720353600000,0.4242,0.4262,0.4138,0.4155,24622980.0
1720357200000,0.4154,0.4155,0.397,0.3978,35220634.0
1720360800000,0.3979,0.3989,0.388,0.392,33520556.0
1720364400000,0.392,0.3973,0.3897,0.3934,18947524.0
1720368000000,0.3934,0.4021,0.3915,0.4017,24553357.0
1720371600000,0.4017,0.4031,0.3936,0.4,21351535.0
1720375200000,0.4001,0.4029,0.3985,0.3989,11607672.0
1720378800000,0.3989,0.3994,0.3951,0.3964,6736395.0
1720382400000,0.3963,0.398,0.3939,0.3952,7651646.0
1720386000000,0.3952,0.3953,0.383,0.3875,17265704.0
1720389600000,0.3875,0.389,0.38,0.3805,12702604.0
1720393200000,0.3806,0.3843,0.3749,0.3775,20676833.0
1720396800000,0.3775,0.3805,0.355,0.3571,75169553.0
1720400400000,0.357,0.3585,0.3488,0.3521,44983544.0
1720404000000,0.352,0.3641,0.3499,0.361,29967780.0
1720407600000,0.3611,0.3659,0.3571,0.3602,22164227.0
1720411200000,0.3602,0.3719,0.3579,0.3705,28606984.0
1720414800000,0.3704,0.3717,0.3647,0.3685,16897589.0
1720418400000,0.3684,0.3733,0.3658,0.3701,18063401.0
1720422000000,0.3701,0.3706,0.3618,0.3667,20871495.0
1720425600000,0.3667,0.3967,0.3652,0.3934,57890868.0
1720429200000,0.3935,0.4096,0.392,0.4049,50532403.0
1720432800000,0.4049,0.41,0.3942,0.3963,31896526.0
1720436400000,0.3962,0.4126,0.3962,0.4081,28057173.0
1720440000000,0.408,0.4127,0.4051,0.4061,19967494.0
1720443600000,0.4062,0.4101,0.4,0.4032,21538521.0
1720447200000,0.4031,0.4041,0.383,0.3975,65715472.0
1720450800000,0.3975,0.4053,0.3919,0.3922,30689354.0
1720454400000,0.3923,0.3968,0.3875,0.3913,19146406.0
1720458000000,0.3914,0.396,0.3869,0.3952,18522776.0
1720461600000,0.3951,0.4102,0.3947,0.4042,32441685.0
1720465200000,0.4042,0.4076,0.4033,0.4048,11794281.0
1720468800000,0.4049,0.4064,0.4,0.4011,13949050.0
1720472400000,0.401,0.4057,0.3989,0.4036,9668241.0
1720476000000,0.4035,0.4077,0.4018,0.405,7454136.0
1720479600000,0.4049,0.4069,0.4025,0.4035,6422507.0
1720483200000,0.4034,0.4035,0.3978,0.4009,14631495.0
1720486800000,0.401,0.412,0.396,0.4011,23684784.0
1720490400000,0.4011,0.4084,0.3966,0.4081,14867242.0
1720494000000,0.4081,0.409,0.3992,0.4078,16695174.0
1720497600000,0.4078,0.4132,0.4048,0.4107,21260790.0
1720501200000,0.4107,0.4143,0.4073,0.4132,14555887.0
1720504800000,0.4131,0.417,0.4093,0.4135,15821022.0
1720508400000,0.4135,0.4146,0.4046,0.4063,17029606.0
1720512000000,0.4062,0.4122,0.4027,0.4073,23063096.0
1720515600000,0.4073,0.4097,0.406,0.408,10005624.0
1720519200000,0.408,0.4096,0.4047,0.4062,7509118.0
1720522800000,0.4062,0.4073,0.4015,0.4059,12173516.0
1720526400000,0.4058,0.4087,0.4044,0.4068,7538973.0
1720530000000,0.4069,0.4114,0.4056,0.4078,11770642.0
1720533600000,0.4079,0.4213,0.4037,0.4038,40128840.0
1720537200000,0.4038,0.4087,0.4002,0.4085,16249575.0
1720540800000,0.4084,0.4124,0.4066,0.4089,11217762.0
1720544400000,0.4089,0.4118,0.4058,0.4069,8255124.0
1720548000000,0.4069,0.4141,0.4049,0.4111,10544764.0
1720551600000,0.4111,0.4118,0.4086,0.4113,4634525.0
1720555200000,0.4112,0.4156,0.4096,0.4135,5628336.0
1720558800000,0.4135,0.4168,0.4114,0.4145,5844851.0
1720562400000,0.4145,0.4189,0.4109,0.4152,9196596.0
1720566000000,0.4151,0.4249,0.4132,0.4225,17023737.0
1720569600000,0.4226,0.4226,0.4117,0.4147,15159135.0
1720573200000,0.4146,0.4287,0.4115,0.4222,20864680.0
1720576800000,0.4221,0.4234,0.4148,0.4181,13393246.0
1720580400000,0.418,0.4256,0.4175,0.424,9405820.0
1720584000000,0.424,0.4425,0.4239,0.439,33492091.0
1720587600000,0.439,0.4416,0.4336,0.4344,15200422.0
1720591200000,0.4344,0.4377,0.429,0.4339,12029230.0
1720594800000,0.4339,0.436,0.4277,0.4292,9744907.0
1720598400000,0.4292,0.4296,0.4207,0.4236,13978967.0
1720602000000,0.4237,0.4237,0.4161,0.4181,10447140.0
1720605600000,0.4182,0.4205,0.4122,0.4192,12930511.0
1720609200000,0.4192,0.4206,0.4147,0.417,10947828.0
1720612800000,0.4171,0.4186,0.4089,0.4177,14953369.0
1720616400000,0.4177,0.4209,0.4116,0.4152,16132799.0
1720620000000,0.4152,0.4177,0.4116,0.4161,9940270.0
1720623600000,0.4161,0.4223,0.4138,0.4199,8379429.0
1720627200000,0.42,0.4285,0.4173,0.4183,16963525.0
1720630800000,0.4183,0.4186,0.4136,0.4152,7048205.0
1720634400000,0.4153,0.4154,0.4118,0.4122,7273645.0
1720638000000,0.4123,0.4139,0.4106,0.4131,7137367.0
1720641600000,0.4131,0.4144,0.4085,0.4115,9543877.0
1720645200000,0.4115,0.4117,0.4069,0.4094,5183081.0
1720648800000,0.4093,0.4125,0.4087,0.412,5641618.0
1720652400000,0.4119,0.4162,0.4114,0.4146,5487523.0
1720656000000,0.4146,0.415,0.4105,0.415,7704685.0
1720659600000,0.4149,0.4234,0.4112,0.4231,13736606.0
1720663200000,0.423,0.4248,0.4178,0.4184,11355557.0
1720666800000,0.4184,0.4188,0.4092,0.4136,12776118.0
1720670400000,0.4136,0.417,0.4131,0.4163,5330260.0
1720674000000,0.4163,0.4175,0.4125,0.4171,4956427.0
1720677600000,0.4171,0.4193,0.416,0.4166,5824232.0
1720681200000,0.4166,0.4177,0.4152,0.4172,5828325.0
1720684800000,0.4173,0.4192,0.413,0.4151,6069266.0
1720688400000,0.4153,0.4196,0.4149,0.419,6037799.0
1720692000000,0.4191,0.4226,0.4165,0.4224,6740720.0
1720695600000,0.4224,0.4231,0.4178,0.4202,8264304.0
1720699200000,0.4202,0.4332,0.4167,0.4235,35082633.0
1720702800000,0.4236,0.4241,0.4157,0.4179,13939783.0
1720706400000,0.418,0.4194,0.4091,0.4119,18397819.0
1720710000000,0.412,0.4134,0.4033,0.4039,16230597.0
1720713600000,0.4039,0.4074,0.3978,0.4065,14849548.0
1720717200000,0.4065,0.4086,0.4055,0.4071,4109754.0
1720720800000,0.4072,0.4108,0.4063,0.4102,4256904.0
1720724400000,0.4102,0.4103,0.4024,0.4027,6770839.0
1720728000000,0.4027,0.4029,0.3984,0.4005,8160992.0
1720731600000,0.4004,0.4006,0.3939,0.3982,7110952.0
1720735200000,0.3981,0.3983,0.3926,0.3944,8871851.0
1720738800000,0.3945,0.3953,0.3902,0.3935,8365440.0
1720742400000,0.3935,0.3973,0.3912,0.3921,12028211.0
1720746000000,0.3922,0.394,0.3815,0.3892,24715102.0
1720749600000,0.3892,0.3976,0.3885,0.3949,11655949.0
1720753200000,0.3949,0.3956,0.3838,0.3887,16126767.0
1720756800000,0.3888,0.3894,0.3839,0.3874,12034539.0
1720760400000,0.3874,0.3896,0.3856,0.3875,10024360.0
1720764000000,0.3874,0.3902,0.3859,0.3864,10356494.0
1720767600000,0.3864,0.3884,0.3818,0.3845,13159151.0
1720771200000,0.3844,0.386,0.3801,0.3836,11827543.0
1720774800000,0.3836,0.3868,0.3774,0.3796,15794604.0
1720778400000,0.3796,0.3802,0.3739,0.3784,15864589.0
1720782000000,0.3785,0.3803,0.3768,0.38,6377553.0
1720785600000,0.38,0.3854,0.3795,0.3842,13189755.0
1720789200000,0.3841,0.396,0.3841,0.393,19384226.0
1720792800000,0.3931,0.3975,0.3907,0.3959,14884128.0
1720796400000,0.396,0.3987,0.3931,0.3964,14075964.0
1720800000000,0.3964,0.4019,0.3937,0.3963,13144092.0
1720803600000,0.3963,0.3983,0.3937,0.3966,7238908.0
1720807200000,0.3966,0.4023,0.3947,0.3993,8845482.0
1720810800000,0.3993,0.4014,0.3957,0.3961,7445866.0
1720814400000,0.3962,0.397,0.391,0.3934,9982077.0
1720818000000,0.3933,0.3966,0.3924,0.395,3998320.0
1720821600000,0.395,0.3955,0.3926,0.3946,4438136.0
1720825200000,0.3946,0.3964,0.3935,0.3963,3997912.0
1720828800000,0.3962,0.3985,0.3949,0.3975,6084541.0
1720832400000,0.3976,0.4026,0.3972,0.4005,6504303.0
1720836000000,0.4005,0.4029,0.397,0.4003,7613548.0
1720839600000,0.4003,0.4017,0.3987,0.3995,3466859.0
1720843200000,0.3995,0.4021,0.3972,0.3974,4948877.0
1720846800000,0.3974,0.4032,0.3964,0.4022,6140917.0
1720850400000,0.4022,0.4022,0.399,0.4015,5148665.0
1720854000000,0.4014,0.4036,0.4,0.4033,5321212.0
1720857600000,0.4033,0.4043,0.3983,0.3987,7866672.0
1720861200000,0.3988,0.4052,0.3981,0.4035,15184112.0
1720864800000,0.4036,0.4045,0.3961,0.3977,7740895.0
1720868400000,0.3978,0.3978,0.3945,0.3964,5835206.0
1720872000000,0.3964,0.3972,0.3948,0.3957,4866327.0
1720875600000,0.3956,0.396,0.3925,0.3933,5582822.0
1720879200000,0.3933,0.3935,0.3878,0.39,12822631.0
1720882800000,0.39,0.3927,0.3889,0.3924,13701712.0
1720886400000,0.3923,0.3969,0.391,0.3916,8743312.0
1720890000000,0.3916,0.3922,0.3894,0.3918,4412134.0
1720893600000,0.3917,0.3933,0.3902,0.391,4285078.0
1720897200000,0.3911,0.3924,0.3897,0.3913,4118696.0
1720900800000,0.3913,0.3933,0.3908,0.3915,4183802.0
1720904400000,0.3914,0.3916,0.3898,0.3914,2939006.0
1720908000000,0.3914,0.4018,0.3868,0.4007,22200023.0
1720911600000,0.4006,0.4053,0.3983,0.3992,17994386.0
1720915200000,0.3992,0.4019,0.3947,0.3992,14517244.0
1720918800000,0.3992,0.4037,0.3992,0.4015,10991593.0
1720922400000,0.4015,0.4026,0.3966,0.3979,5451942.0
1720926000000,0.3979,0.4007,0.3965,0.3973,5349423.0
1720929600000,0.3972,0.403,0.3965,0.3999,10410470.0
1720933200000,0.3999,0.4034,0.3939,0.3947,45285579.0
1720936800000,0.3946,0.3949,0.3913,0.3925,9145379.0
1720940400000,0.3924,0.3943,0.3906,0.3923,5453951.0
1720944000000,0.3923,0.398,0.3923,0.3974,7572932.0
1720947600000,0.3974,0.4003,0.3945,0.3983,7508333.0
1720951200000,0.3982,0.3985,0.3897,0.3908,6827523.0
1720954800000,0.3907,0.3916,0.3883,0.3891,8558151.0
1720958400000,0.389,0.3891,0.3807,0.3819,19929804.0
1720962000000,0.382,0.3826,0.3796,0.3808,9679296.0
1720965600000,0.3808,0.3857,0.38,0.384,13424322.0
1720969200000,0.384,0.3857,0.3811,0.3843,9394186.0
1720972800000,0.3843,0.3882,0.3837,0.387,9003084.0
1720976400000,0.387,0.389,0.3863,0.3888,5369027.0
1720980000000,0.3888,0.3897,0.3863,0.3876,5041334.0
1720983600000,0.3877,0.3879,0.3847,0.385,4460204.0
1720987200000,0.385,0.387,0.3828,0.3859,6688404.0
1720990800000,0.386,0.398,0.3855,0.3972,15890703.0
1720994400000,0.3971,0.402,0.3971,0.3997,16746391.0
1720998000000,0.3997,0.4039,0.3971,0.3993,13341713.0
1721001600000,0.3993,0.4092,0.3975,0.4071,20928793.0
1721005200000,0.4071,0.413,0.4035,0.4074,20356297.0
1721008800000,0.4074,0.4207,0.4058,0.4181,19879858.0
1721012400000,0.4181,0.4235,0.4163,0.4221,18962968.0
1721016000000,0.4221,0.4246,0.4162,0.4225,17303951.0
1721019600000,0.4225,0.4255,0.4205,0.4225,10429021.0
1721023200000,0.4226,0.4324,0.4224,0.427,14730143.0
1721026800000,0.4269,0.4353,0.4242,0.4271,21677650.0
1721030400000,0.4271,0.432,0.4203,0.4227,19125751.0
1721034000000,0.4227,0.4238,0.418,0.4236,17156028.0
1721037600000,0.4236,0.4273,0.42,0.4212,12184456.0
1721041200000,0.4212,0.4338,0.4203,0.4293,20870325.0
1721044800000,0.4293,0.4343,0.425,0.426,26613943.0
1721048400000,0.4261,0.4327,0.4256,0.4309,20288656.0
1721052000000,0.4308,0.4332,0.4256,0.431,15069512.0
1721055600000,0.431,0.4328,0.4287,0.4299,12061526.0
1721059200000,0.4298,0.4443,0.4284,0.44,25880711.0
1721062800000,0.44,0.4425,0.4354,0.437,16531061.0
1721066400000,0.4371,0.4446,0.4347,0.4438,14701951.0
1721070000000,0.4438,0.4489,0.4385,0.4421,30524792.0
1721073600000,0.442,0.4499,0.4387,0.4492,17505959.0
1721077200000,0.4491,0.4531,0.4471,0.4481,12518747.0
1721080800000,0.4482,0.4714,0.4478,0.4685,36367374.0
1721084400000,0.4685,0.4942,0.4622,0.4794,65896658.0
1721088000000,0.4794,0.4811,0.4698,0.4785,46524376.0
1721091600000,0.4785,0.4954,0.477,0.4853,41910281.0
1721095200000,0.4853,0.4869,0.4741,0.4793,21300443.0
1721098800000,0.4792,0.4817,0.4756,0.4763,16217169.0
1721102400000,0.4764,0.479,0.4674,0.4723,16761887.0
1721106000000,0.4723,0.4746,0.4559,0.4597,29887713.0
1721109600000,0.4597,0.4656,0.4515,0.4535,22599195.0
1721113200000,0.4534,0.4589,0.4508,0.4532,26729387.0
1721116800000,0.4532,0.456,0.4452,0.4526,23153084.0
1721120400000,0.4525,0.4574,0.4494,0.4553,13303571.0
1721124000000,0.4552,0.457,0.4522,0.4547,11419606.0
1721127600000,0.4548,0.456,0.4514,0.4541,9902383.0
1721131200000,0.4542,0.4543,0.4469,0.4472,13813493.0
1721134800000,0.4472,0.4512,0.4458,0.4466,15267631.0
1721138400000,0.4465,0.4527,0.4453,0.4517,13782468.0
1721142000000,0.4518,0.4719,0.4507,0.4677,32323717.0
1721145600000,0.4677,0.4722,0.4588,0.4674,28364926.0
1721149200000,0.4674,0.4725,0.4647,0.4692,12419974.0
1721152800000,0.4692,0.4696,0.4636,0.4663,8450827.0
1721156400000,0.4664,0.4762,0.4646,0.4693,17062287.0
1721160000000,0.4694,0.4705,0.464,0.4643,8527932.0
1721163600000,0.4644,0.4659,0.4617,0.4622,7279690.0
1721167200000,0.4623,0.4636,0.4586,0.4595,11245356.0
1721170800000,0.4595,0.4675,0.4587,0.4635,8374983.0
1721174400000,0.4634,0.4731,0.4616,0.4693,12513449.0
1721178000000,0.4692,0.4787,0.4688,0.4726,20336916.0
1721181600000,0.4726,0.4772,0.4682,0.4695,10350382.0
1721185200000,0.4696,0.4735,0.4646,0.469,11776703.0
1721188800000,0.4689,0.4729,0.4685,0.4725,8307496.0
1721192400000,0.4726,0.4827,0.4718,0.4792,17345572.0
1721196000000,0.4792,0.485,0.4751,0.4849,15122638.0
1721199600000,0.4849,0.4866,0.4788,0.4828,14623856.0
1721203200000,0.4829,0.485,0.4681,0.4743,34140417.0
1721206800000,0.4743,0.4822,0.4731,0.4812,12531926.0
1721210400000,0.4812,0.4821,0.4757,0.4796,12985644.0
1721214000000,0.4797,0.4799,0.4674,0.4715,17788424.0
1721217600000,0.4714,0.473,0.4665,0.4673,12533164.0
1721221200000,0.4673,0.476,0.4627,0.4745,18652049.0
1721224800000,0.4745,0.4755,0.4676,0.4744,15305390.0
1721228400000,0.4743,0.4781,0.4653,0.4658,15228749.0
1721232000000,0.4658,0.4684,0.4518,0.4581,35227663.0
1721235600000,0.4581,0.4614,0.4554,0.4565,10839967.0
1721239200000,0.4566,0.4662,0.4556,0.4662,7622744.0
1721242800000,0.4661,0.4711,0.4639,0.4678,10643324.0
1721246400000,0.4678,0.4722,0.4662,0.4674,5759596.0
1721250000000,0.4673,0.4676,0.4607,0.4639,8381013.0
1721253600000,0.4639,0.4647,0.4579,0.4585,6403639.0
1721257200000,0.4585,0.462,0.4567,0.4576,5469339.0
1721260800000,0.4576,0.4667,0.4552,0.4653,12732478.0
1721264400000,0.4654,0.474,0.4641,0.4723,15914162.0
1721268000000,0.4723,0.4765,0.4667,0.4691,15256657.0
1721271600000,0.4691,0.4783,0.4687,0.4773,8905094.0
1721275200000,0.4773,0.4773,0.4658,0.4659,8534578.0
1721278800000,0.466,0.4713,0.4595,0.4695,14192056.0
1721282400000,0.4695,0.4748,0.4661,0.4709,12129948.0
1721286000000,0.471,0.4768,0.4651,0.4654,17992555.0
1721289600000,0.4655,0.4735,0.4619,0.4728,15600428.0
1721293200000,0.4727,0.4799,0.4712,0.4735,17310639.0
1721296800000,0.4735,0.4737,0.4665,0.472,9420017.0
1721300400000,0.4719,0.4787,0.4665,0.4772,13142917.0
1721304000000,0.4772,0.4873,0.476,0.4822,16947832.0
1721307600000,0.4823,0.4921,0.474,0.4782,28585965.0
1721311200000,0.4781,0.4811,0.462,0.4684,31973939.0
1721314800000,0.4683,0.4684,0.456,0.4571,24795350.0
1721318400000,0.457,0.4661,0.4504,0.4661,21264595.0
1721322000000,0.466,0.4689,0.462,0.4639,15998054.0
1721325600000,0.464,0.4721,0.4622,0.4707,15406677.0
1721329200000,0.4707,0.4719,0.4606,0.4621,19344757.0
1721332800000,0.4621,0.4637,0.4589,0.4623,8259541.0
1721336400000,0.4623,0.467,0.4597,0.4663,4581105.0
1721340000000,0.4663,0.484,0.4656,0.4786,25342725.0
1721343600000,0.4787,0.4962,0.4787,0.4896,27528539.0
1721347200000,0.4896,0.4899,0.4706,0.472,26314371.0
1721350800000,0.472,0.4771,0.4658,0.4721,21393165.0
1721354400000,0.472,0.478,0.4699,0.4719,11636437.0
1721358000000,0.4718,0.4785,0.4701,0.477,9427740.0
1721361600000,0.477,0.4794,0.4731,0.4748,8362242.0
1721365200000,0.4748,0.4755,0.4699,0.4716,6498671.0
1721368800000,0.4716,0.4826,0.4702,0.4776,12652495.0
1721372400000,0.4777,0.4794,0.4631,0.4659,22483760.0
1721376000000,0.4659,0.4692,0.4603,0.4688,18111474.0
1721379600000,0.4688,0.4709,0.459,0.4599,13595954.0
1721383200000,0.4598,0.4654,0.4579,0.4611,10600397.0
1721386800000,0.461,0.4658,0.4606,0.4636,7192168.0
1721390400000,0.4636,0.4673,0.4599,0.4653,10263012.0
1721394000000,0.4652,0.4707,0.4564,0.4692,24348785.0
1721397600000,0.4692,0.48,0.4675,0.479,22261793.0
1721401200000,0.479,0.4822,0.4747,0.481,16474202.0
1721404800000,0.481,0.5131,0.4809,0.5083,59650529.0
1721408400000,0.5083,0.5119,0.4938,0.498,36998233.0
1721412000000,0.498,0.4982,0.487,0.4902,16338958.0
1721415600000,0.4902,0.4954,0.4897,0.4918,17799199.0
1721419200000,0.4918,0.4948,0.4882,0.4919,9841233.0
1721422800000,0.4918,0.4927,0.486,0.4868,7400225.0
1721426400000,0.4868,0.4884,0.4844,0.4851,7283209.0
1721430000000,0.485,0.4882,0.4838,0.4866,5170945.0
1721433600000,0.4867,0.4882,0.477,0.4805,13800886.0
1721437200000,0.4805,0.4844,0.479,0.48,6789853.0
1721440800000,0.48,0.4855,0.4785,0.4847,6393368.0
1721444400000,0.4847,0.4927,0.4845,0.4878,7313208.0
1721448000000,0.4878,0.496,0.4865,0.4948,6641757.0
1721451600000,0.4948,0.5,0.4935,0.4972,11295995.0
1721455200000,0.4971,0.5063,0.497,0.5033,8840806.0
1721458800000,0.5033,0.506,0.5003,0.5054,10617180.0
1721462400000,0.5053,0.5083,0.4941,0.4959,13971033.0
1721466000000,0.4959,0.5041,0.4908,0.4995,15649007.0
1721469600000,0.4995,0.5046,0.4977,0.5001,8805647.0
1721473200000,0.5002,0.5005,0.492,0.4925,8992109.0
1721476800000,0.4926,0.4944,0.4909,0.491,6837332.0
1721480400000,0.491,0.4973,0.4847,0.4934,18522448.0
1721484000000,0.4934,0.4987,0.4923,0.4959,7923791.0
1721487600000,0.4959,0.5011,0.4948,0.5,9671912.0
1721491200000,0.4999,0.5045,0.4939,0.4979,15705758.0
1721494800000,0.4978,0.5035,0.4956,0.5025,12968830.0
1721498400000,0.5024,0.5051,0.499,0.5037,5162902.0
1721502000000,0.5037,0.507,0.4978,0.4988,7528711.0
1721505600000,0.4987,0.5026,0.4981,0.5007,4574395.0
1721509200000,0.5007,0.501,0.4963,0.4994,5015418.0
1721512800000,0.4994,0.5006,0.495,0.4973,3946872.0
1721516400000,0.4973,0.5028,0.4966,0.5012,3371112.0
1721520000000,0.5012,0.5013,0.4835,0.4852,20314776.0
1721523600000,0.4853,0.4933,0.4851,0.4921,8588711.0
1721527200000,0.4922,0.4947,0.4895,0.4911,5241013.0
1721530800000,0.4911,0.4947,0.4899,0.4921,4255953.0
1721534400000,0.4921,0.4937,0.4874,0.4881,4617152.0
1721538000000,0.4881,0.4903,0.4842,0.4875,10530855.0
1721541600000,0.4875,0.4894,0.482,0.484,9130126.0
1721545200000,0.484,0.4846,0.4796,0.4807,9782327.0
1721548800000,0.4807,0.484,0.4804,0.4815,5195700.0
1721552400000,0.4815,0.4858,0.481,0.4852,5284166.0
1721556000000,0.4851,0.4863,0.4818,0.4827,3935500.0
1721559600000,0.4826,0.4839,0.48,0.4831,4832383.0
1721563200000,0.4831,0.4837,0.4743,0.4771,10708045.0
1721566800000,0.4772,0.4782,0.47,0.4725,11395343.0
1721570400000,0.4726,0.4787,0.4688,0.4769,11856092.0
1721574000000,0.4769,0.4794,0.4727,0.4737,10013387.0
1721577600000,0.4736,0.4782,0.4706,0.4782,11706455.0
1721581200000,0.4782,0.4797,0.4655,0.4685,16948672.0
1721584800000,0.4685,0.4719,0.453,0.4641,43272149.0
1721588400000,0.4641,0.476,0.4612,0.4756,15192968.0
1721592000000,0.4756,0.4862,0.4731,0.4821,17192458.0
1721595600000,0.4822,0.4906,0.4822,0.488,12984541.0
1721599200000,0.4879,0.4939,0.4875,0.4881,11832064.0
1721602800000,0.4882,0.4917,0.4858,0.4906,8894832.0
1721606400000,0.4907,0.4942,0.4876,0.4904,11162699.0
1721610000000,0.4904,0.4909,0.4806,0.488,15546549.0
1721613600000,0.4879,0.493,0.4855,0.4922,9640864.0
1721617200000,0.4922,0.4937,0.4818,0.482,9649351.0
1721620800000,0.4821,0.4844,0.4803,0.4809,7399110.0
1721624400000,0.4809,0.4821,0.4671,0.4727,14757231.0
1721628000000,0.4726,0.4741,0.4642,0.4671,14383634.0
1721631600000,0.4672,0.4673,0.4612,0.4615,14257598.0
1721635200000,0.4614,0.4649,0.4592,0.4599,12767047.0
1721638800000,0.46,0.4629,0.4583,0.4609,10075714.0
1721642400000,0.4609,0.4658,0.4597,0.464,8051942.0
1721646000000,0.4639,0.4679,0.4607,0.4661,9905951.0
1721649600000,0.4661,0.472,0.4642,0.4711,12351064.0
1721653200000,0.4712,0.4737,0.4611,0.4627,14905139.0
1721656800000,0.4627,0.4643,0.4531,0.4537,22826958.0
1721660400000,0.4536,0.456,0.4508,0.4514,18796574.0
1721664000000,0.4513,0.4519,0.4422,0.4448,22501158.0
1721667600000,0.4447,0.4464,0.4411,0.4451,13785567.0
1721671200000,0.4452,0.4476,0.4421,0.4436,13908054.0
1721674800000,0.4437,0.4501,0.4417,0.4499,12536336.0
1721678400000,0.4499,0.4502,0.4417,0.4443,13956669.0
1721682000000,0.4444,0.4449,0.4303,0.4353,26760890.0
1721685600000,0.4352,0.4362,0.4284,0.4335,28046489.0
1721689200000,0.4335,0.4349,0.4288,0.4333,14029549.0
1721692800000,0.4333,0.4406,0.4322,0.4388,18998339.0
1721696400000,0.4388,0.4475,0.4376,0.4457,35449709.0
1721700000000,0.4458,0.4516,0.4443,0.449,19813847.0
1721703600000,0.449,0.4498,0.4411,0.4421,11461584.0
1721707200000,0.442,0.4436,0.435,0.4361,14358246.0
1721710800000,0.4361,0.438,0.4289,0.432,24480509.0
1721714400000,0.432,0.4347,0.4266,0.4309,15883557.0
1721718000000,0.4309,0.4325,0.4286,0.4323,11159277.0
1721721600000,0.4323,0.4566,0.4315,0.4515,38384987.0
1721725200000,0.4514,0.4552,0.4455,0.4473,21827165.0
1721728800000,0.4473,0.4483,0.438,0.4387,17095408.0
1721732400000,0.4387,0.442,0.434,0.4392,16403461.0
1721736000000,0.4393,0.4428,0.435,0.4424,13221926.0
1721739600000,0.4424,0.446,0.4319,0.4357,32519521.0
1721743200000,0.4358,0.452,0.4323,0.4462,30646571.0
1721746800000,0.4461,0.4461,0.4304,0.433,30376026.0
1721750400000,0.4329,0.4342,0.4162,0.417,33403167.0
1721754000000,0.417,0.4221,0.4137,0.4172,30638919.0
1721757600000,0.4172,0.4205,0.4148,0.4179,12355857.0
1721761200000,0.4179,0.4234,0.4147,0.4174,13613191.0
1721764800000,0.4173,0.4204,0.4161,0.4169,12550410.0
1721768400000,0.417,0.4586,0.4164,0.4364,151979418.0
1721772000000,0.4363,0.4545,0.4351,0.4464,47117861.0
1721775600000,0.4464,0.4566,0.4394,0.4553,29395998.0
1721779200000,0.4553,0.459,0.4472,0.4501,32528895.0
1721782800000,0.4501,0.4562,0.4446,0.4484,23146849.0
1721786400000,0.4484,0.4536,0.441,0.453,16738091.0
1721790000000,0.453,0.4588,0.4516,0.4548,16476650.0
1721793600000,0.4548,0.4561,0.4475,0.4527,15134739.0
1721797200000,0.4526,0.4707,0.4508,0.4667,39211130.0
1721800800000,0.4667,0.4786,0.4644,0.4771,37863718.0
1721804400000,0.4771,0.4827,0.4734,0.4808,47005003.0
1721808000000,0.4808,0.4955,0.4787,0.4944,62006895.0
1721811600000,0.4945,0.498,0.4863,0.4927,48449153.0
1721815200000,0.4927,0.506,0.491,0.5034,50180950.0
1721818800000,0.5034,0.5067,0.4964,0.4973,41906178.0
1721822400000,0.4974,0.516,0.4967,0.5095,75263638.0
1721826000000,0.5096,0.5167,0.4984,0.5006,76825993.0
1721829600000,0.5006,0.5026,0.4874,0.4925,63349149.0
1721833200000,0.4925,0.4942,0.4762,0.4781,70947824.0
1721836800000,0.4782,0.4782,0.4652,0.4736,64217210.0
1721840400000,0.4736,0.481,0.4695,0.4753,41982805.0
1721844000000,0.4752,0.4848,0.4684,0.4706,47823277.0
1721847600000,0.4706,0.4719,0.4632,0.4641,26596322.0
1721851200000,0.4641,0.4663,0.461,0.4661,16007984.0
1721854800000,0.4661,0.4662,0.4515,0.4586,35671591.0
1721858400000,0.4587,0.4612,0.4531,0.4554,18438809.0
1721862000000,0.4554,0.4557,0.4512,0.4538,16030696.0
1721865600000,0.4539,0.4546,0.4469,0.4473,21134060.0
1721869200000,0.4473,0.4473,0.4268,0.4357,79658817.0
1721872800000,0.4357,0.4357,0.4213,0.4275,34669892.0
1721876400000,0.4275,0.4275,0.4223,0.4257,17352723.0
1721880000000,0.4256,0.4335,0.4225,0.4325,19916771.0
1721883600000,0.4325,0.4339,0.4253,0.4263,17492623.0
1721887200000,0.4264,0.4293,0.423,0.4282,15985955.0
1721890800000,0.4282,0.4306,0.4266,0.4274,10779428.0
1721894400000,0.4274,0.4313,0.4246,0.4302,18297966.0
1721898000000,0.4302,0.434,0.4286,0.4312,13578201.0
1721901600000,0.4313,0.4326,0.4259,0.4303,14216294.0
1721905200000,0.4304,0.4454,0.43,0.4443,30446531.0
1721908800000,0.4443,0.4455,0.43,0.4316,36435846.0
1721912400000,0.4317,0.4414,0.4277,0.4364,36085647.0
1721916000000,0.4366,0.4531,0.4324,0.4522,47046993.0
1721919600000,0.4521,0.4525,0.4399,0.4438,27180697.0
1721923200000,0.4437,0.4438,0.433,0.4339,27877741.0
1721926800000,0.434,0.4374,0.4301,0.4325,14226963.0
1721930400000,0.4324,0.4335,0.4206,0.4225,24679224.0
1721934000000,0.4224,0.4281,0.4164,0.4268,34865298.0
1721937600000,0.4267,0.4307,0.413,0.4307,38435278.0
1721941200000,0.4306,0.4362,0.4293,0.4334,21253004.0
1721944800000,0.4333,0.4344,0.4279,0.4311,13898019.0
1721948400000,0.4312,0.4334,0.426,0.428,12289933.0
1721952000000,0.428,0.4345,0.4233,0.433,20988990.0
1721955600000,0.4329,0.4368,0.4267,0.4282,18354771.0
1721959200000,0.4282,0.444,0.4278,0.4408,20902373.0
1721962800000,0.4408,0.4435,0.4357,0.4371,14346116.0
1721966400000,0.4371,0.4432,0.437,0.4404,10708193.0
1721970000000,0.4404,0.4449,0.4382,0.4436,8355730.0
1721973600000,0.4436,0.4467,0.4397,0.4453,14900031.0
1721977200000,0.4454,0.4484,0.4437,0.4453,9095508.0
1721980800000,0.4452,0.4487,0.4442,0.4444,9354721.0
1721984400000,0.4444,0.4475,0.4425,0.445,9573744.0
1721988000000,0.445,0.4456,0.4398,0.4415,8998788.0
1721991600000,0.4415,0.4417,0.437,0.4396,10250387.0
1721995200000,0.4395,0.4419,0.4366,0.4406,10180979.0
1721998800000,0.4406,0.4448,0.4351,0.4435,15461878.0
1722002400000,0.4435,0.4457,0.4337,0.4394,21834212.0
1722006000000,0.4394,0.452,0.4387,0.4493,21461950.0
1722009600000,0.4493,0.4643,0.4481,0.4604,29578517.0
1722013200000,0.4605,0.4682,0.4595,0.4632,18644891.0
1722016800000,0.4632,0.473,0.4628,0.4672,22360712.0
1722020400000,0.4672,0.4711,0.4642,0.4696,15228571.0
1722024000000,0.4696,0.471,0.4661,0.4689,11488618.0
1722027600000,0.4689,0.4704,0.4662,0.4669,6541055.0
1722031200000,0.467,0.4675,0.4613,0.4637,10334437.0
1722034800000,0.4637,0.467,0.4629,0.464,4170523.0
1722038400000,0.464,0.4663,0.4598,0.46,10046873.0
1722042000000,0.4601,0.4602,0.4556,0.4561,7758564.0
1722045600000,0.4561,0.4573,0.4533,0.4571,7834134.0
1722049200000,0.4571,0.4577,0.451,0.4516,6132942.0
1722052800000,0.4515,0.4538,0.451,0.4526,5853883.0
1722056400000,0.4526,0.4566,0.4507,0.4511,6608103.0
1722060000000,0.4511,0.4566,0.4508,0.4561,5968931.0
1722063600000,0.4561,0.4603,0.4548,0.456,8838448.0
1722067200000,0.4561,0.4588,0.452,0.4542,7819107.0
1722070800000,0.4541,0.4574,0.4521,0.4562,5716884.0
1722074400000,0.4562,0.4572,0.4535,0.4551,6012002.0
1722078000000,0.4552,0.4587,0.4528,0.4572,6965348.0
1722081600000,0.4572,0.4596,0.4562,0.4583,6710601.0
1722085200000,0.4584,0.4633,0.4575,0.4598,12960473.0
1722088800000,0.4598,0.4615,0.4557,0.4584,13474664.0
1722092400000,0.4584,0.4603,0.4482,0.4525,19362137.0
1722096000000,0.4525,0.4551,0.4489,0.451,10763003.0
1722099600000,0.4511,0.454,0.4475,0.4492,10420495.0
1722103200000,0.4493,0.4542,0.4485,0.4511,8097954.0
1722106800000,0.4511,0.4609,0.4466,0.4584,20929831.0
1722110400000,0.4584,0.4612,0.4444,0.458,39794268.0
1722114000000,0.458,0.475,0.4573,0.4744,29356859.0
1722117600000,0.4744,0.4798,0.4725,0.4741,14796728.0
1722121200000,0.4741,0.475,0.4678,0.4683,11171222.0
1722124800000,0.4683,0.4683,0.4569,0.4592,22288569.0
1722128400000,0.4592,0.4625,0.4577,0.4589,8534289.0
1722132000000,0.459,0.4594,0.4559,0.457,7497303.0
1722135600000,0.457,0.4588,0.4546,0.4548,6418410.0
1722139200000,0.4547,0.4556,0.4482,0.4484,10555708.0
1722142800000,0.4483,0.4494,0.4403,0.4451,19839514.0
1722146400000,0.4451,0.4571,0.4447,0.4515,19688447.0
1722150000000,0.4514,0.4539,0.4502,0.4523,6489077.0
1722153600000,0.4522,0.4537,0.4488,0.4502,6154408.0
1722157200000,0.4502,0.4565,0.4485,0.4542,8183004.0
1722160800000,0.4542,0.4634,0.4534,0.4588,10435071.0
1722164400000,0.4589,0.4655,0.4552,0.4626,14412362.0
1722168000000,0.4626,0.4628,0.4579,0.4583,7951833.0
1722171600000,0.4583,0.4599,0.4545,0.4575,8411427.0
1722175200000,0.4576,0.4576,0.451,0.4521,8367348.0
1722178800000,0.4521,0.4525,0.4464,0.4497,11630470.0
1722182400000,0.4496,0.4543,0.4489,0.45,8099882.0
1722186000000,0.45,0.4509,0.4468,0.4503,5690890.0
1722189600000,0.4504,0.4529,0.4489,0.4498,5489202.0
1722193200000,0.4499,0.4514,0.4469,0.4473,4347331.0
1722196800000,0.4473,0.4476,0.4446,0.4451,4462382.0
1722200400000,0.4452,0.4461,0.4431,0.4442,5528695.0
1722204000000,0.4442,0.4448,0.4407,0.4427,7438930.0
1722207600000,0.4428,0.4499,0.4421,0.4482,6262795.0
1722211200000,0.4482,0.4573,0.4459,0.4509,18627095.0
1722214800000,0.451,0.4529,0.4472,0.4473,8285724.0
1722218400000,0.4472,0.4649,0.4456,0.4647,20461900.0
1722222000000,0.4646,0.4676,0.461,0.4644,16221805.0
1722225600000,0.4644,0.4712,0.4633,0.4665,16046663.0
1722229200000,0.4666,0.4746,0.4665,0.4709,17080304.0
1722232800000,0.4709,0.4758,0.466,0.4665,18158260.0
1722236400000,0.4665,0.4697,0.4651,0.4677,10557452.0
1722240000000,0.4677,0.4712,0.4628,0.4678,10976203.0
1722243600000,0.4678,0.47,0.4644,0.465,8588437.0
1722247200000,0.465,0.4664,0.4614,0.465,9086003.0
1722250800000,0.4649,0.4655,0.462,0.4624,6873971.0
1722254400000,0.4625,0.4659,0.4612,0.4644,9508976.0
1722258000000,0.4643,0.4681,0.46,0.4606,13771737.0
1722261600000,0.4606,0.4613,0.4506,0.4521,24239293.0
1722265200000,0.452,0.4532,0.4415,0.445,31703457.0
1722268800000,0.4449,0.4475,0.4392,0.4414,27095694.0
1722272400000,0.4414,0.4495,0.4397,0.4453,25850628.0
1722276000000,0.4453,0.45,0.4445,0.4482,9610377.0
1722279600000,0.4481,0.4481,0.4443,0.4445,8141607.0
1722283200000,0.4445,0.446,0.4425,0.4442,5875193.0
1722286800000,0.4441,0.4444,0.4406,0.4443,7435431.0
1722290400000,0.4443,0.4459,0.4402,0.4404,6066359.0
1722294000000,0.4404,0.4425,0.4368,0.4396,11608559.0
1722297600000,0.4396,0.4423,0.4321,0.4422,26809123.0
1722301200000,0.4422,0.4478,0.4365,0.4373,14034257.0
1722304800000,0.4372,0.4394,0.4259,0.4335,31885459.0
1722308400000,0.4334,0.4364,0.4328,0.4332,7528578.0
1722312000000,0.4333,0.4356,0.4309,0.4341,8167979.0
1722315600000,0.4341,0.4352,0.43,0.432,8900407.0
1722319200000,0.432,0.4445,0.4315,0.4422,26082914.0
1722322800000,0.4422,0.4473,0.442,0.4437,9312831.0
1722326400000,0.4437,0.445,0.4412,0.4423,6595757.0
1722330000000,0.4423,0.4434,0.4373,0.4391,8477162.0
1722333600000,0.4391,0.4414,0.4365,0.4401,8103408.0
1722337200000,0.4402,0.4435,0.4378,0.44,9419692.0
1722340800000,0.44,0.4432,0.4367,0.4423,9375380.0
1722344400000,0.4423,0.4444,0.4369,0.4377,10170491.0
1722348000000,0.4377,0.4398,0.4313,0.4316,15987310.0
1722351600000,0.4315,0.438,0.4285,0.4359,13018398.0
1722355200000,0.4359,0.4371,0.4306,0.431,8524116.0
1722358800000,0.4311,0.4314,0.4227,0.4243,15744724.0
1722362400000,0.4242,0.4242,0.4158,0.4164,21014206.0
1722366000000,0.4163,0.4163,0.4102,0.4127,20206107.0
1722369600000,0.4128,0.4153,0.4053,0.4142,22467233.0
1722373200000,0.4141,0.4141,0.4089,0.4119,7472635.0
1722376800000,0.4119,0.4138,0.41,0.4125,6664121.0
1722380400000,0.4126,0.4145,0.4106,0.4114,6091453.0
1722384000000,0.4114,0.4133,0.4083,0.4124,12545935.0
1722387600000,0.4125,0.4151,0.4066,0.412,14848429.0
1722391200000,0.412,0.4154,0.4085,0.409,12073823.0
1722394800000,0.4091,0.4114,0.4083,0.4102,7078354.0
1722398400000,0.4103,0.4107,0.4053,0.408,12046718.0
1722402000000,0.4079,0.4119,0.404,0.4101,15306212.0
1722405600000,0.4101,0.4153,0.4096,0.4142,12725078.0
1722409200000,0.4143,0.4151,0.4099,0.4103,8061908.0
1722412800000,0.4104,0.4126,0.4083,0.4102,9740893.0
1722416400000,0.4103,0.4112,0.4084,0.4091,4888655.0
1722420000000,0.4091,0.4091,0.4047,0.4047,10505493.0
1722423600000,0.4047,0.4094,0.4029,0.4088,10271860.0
1722427200000,0.4088,0.4101,0.4062,0.4073,8776775.0
1722430800000,0.4074,0.418,0.4073,0.4133,24678264.0
1722434400000,0.4133,0.4168,0.4083,0.4095,18739966.0
1722438000000,0.4094,0.4108,0.4068,0.4071,19220921.0
1722441600000,0.4072,0.4142,0.405,0.4112,20018310.0
1722445200000,0.4113,0.4154,0.409,0.4119,10704855.0
1722448800000,0.4121,0.4148,0.4067,0.4135,19737441.0
1722452400000,0.4136,0.4145,0.398,0.4019,37322874.0
1722456000000,0.4019,0.4019,0.3915,0.3942,36540195.0
1722459600000,0.3941,0.4032,0.3932,0.3988,21111118.0
1722463200000,0.3989,0.3999,0.3931,0.3986,14370260.0
1722466800000,0.3986,0.4006,0.3961,0.3988,10494413.0
1722470400000,0.3989,0.4037,0.3971,0.4032,15721156.0
1722474000000,0.4031,0.4043,0.3977,0.402,11337633.0
1722477600000,0.402,0.4059,0.3986,0.4019,15020213.0
1722481200000,0.4018,0.4045,0.3987,0.4026,10604197.0
1722484800000,0.4026,0.4047,0.3929,0.3946,22247906.0
1722488400000,0.3946,0.4039,0.3904,0.4031,24954929.0
1722492000000,0.4031,0.4031,0.3967,0.3972,10287269.0
1722495600000,0.3972,0.4018,0.3959,0.3961,8946356.0
1722499200000,0.3961,0.4016,0.3941,0.3997,12659811.0
1722502800000,0.3997,0.401,0.3946,0.3947,13850352.0
1722506400000,0.3948,0.3999,0.3946,0.3993,5887728.0
1722510000000,0.3993,0.3995,0.3962,0.3976,5173286.0
1722513600000,0.3977,0.4024,0.3964,0.4002,8734014.0
1722517200000,0.4002,0.4011,0.3966,0.398,9736787.0
1722520800000,0.3979,0.3989,0.3857,0.3858,26218976.0
1722524400000,0.3859,0.3886,0.3813,0.3863,44710003.0
1722528000000,0.3862,0.3873,0.3751,0.3805,51353125.0
1722531600000,0.3805,0.3805,0.3747,0.3802,24298885.0
1722535200000,0.3802,0.3802,0.3638,0.3689,50755828.0
1722538800000,0.3688,0.3787,0.3683,0.3782,15209192.0
1722542400000,0.3782,0.3888,0.3766,0.388,23548421.0
1722546000000,0.388,0.3931,0.3868,0.3886,12888445.0
1722549600000,0.3886,0.3975,0.388,0.3957,17912383.0
1722553200000,0.3957,0.3981,0.3938,0.3957,7254037.0
1722556800000,0.3957,0.3989,0.3948,0.395,9462045.0
1722560400000,0.3949,0.395,0.387,0.3877,12747096.0
1722564000000,0.3878,0.3893,0.3804,0.3847,13094132.0
1722567600000,0.3847,0.3888,0.3827,0.3874,8889083.0
1722571200000,0.3874,0.3886,0.385,0.3867,6220315.0
1722574800000,0.3868,0.3869,0.3789,0.3793,10022968.0
1722578400000,0.3792,0.3822,0.3731,0.38,16078871.0
1722582000000,0.38,0.3811,0.3762,0.3784,9774229.0
1722585600000,0.3783,0.3809,0.3745,0.3809,8921304.0
1722589200000,0.3809,0.3835,0.3791,0.3825,7296475.0
1722592800000,0.3825,0.3878,0.3805,0.3856,9845381.0
1722596400000,0.3856,0.3874,0.3827,0.3832,8284875.0
1722600000000,0.3832,0.3876,0.3805,0.3852,19914398.0
1722603600000,0.3851,0.3901,0.3801,0.3855,21318121.0
1722607200000,0.3855,0.3861,0.3635,0.3643,39423190.0
1722610800000,0.3644,0.3686,0.355,0.367,55255499.0
1722614400000,0.367,0.37,0.3623,0.3652,23302110.0
1722618000000,0.3651,0.3693,0.3643,0.3649,12683421.0
1722621600000,0.3649,0.3659,0.3596,0.3605,13102670.0
1722625200000,0.3604,0.362,0.3566,0.36,14147833.0
1722628800000,0.3601,0.3626,0.3516,0.3568,40584566.0
1722632400000,0.3568,0.3576,0.3492,0.3555,22942739.0
1722636000000,0.3556,0.3562,0.3505,0.3517,14724099.0
1722639600000,0.3517,0.3546,0.3489,0.3515,20531055.0
1722643200000,0.3515,0.3534,0.344,0.3467,19960044.0
1722646800000,0.3468,0.347,0.3348,0.3419,42076112.0
1722650400000,0.3419,0.3475,0.3419,0.3449,15408000.0
1722654000000,0.345,0.3486,0.3439,0.3485,11034303.0
1722657600000,0.3485,0.3493,0.3463,0.3472,6784529.0
1722661200000,0.3472,0.3487,0.3467,0.3475,4763401.0
1722664800000,0.3476,0.3526,0.3474,0.3523,7959089.0
1722668400000,0.3522,0.3537,0.3502,0.3503,5858385.0
1722672000000,0.3504,0.351,0.3464,0.3493,8318395.0
1722675600000,0.3494,0.3516,0.3477,0.3504,6261311.0
1722679200000,0.3504,0.3516,0.3483,0.3502,6087395.0
1722682800000,0.3501,0.3511,0.3491,0.3499,4090507.0
1722686400000,0.35,0.3556,0.3495,0.3524,9145818.0
1722690000000,0.3525,0.3526,0.3488,0.3503,6054265.0
1722693600000,0.3504,0.3524,0.3482,0.3483,7453796.0
1722697200000,0.3483,0.3509,0.3366,0.3377,25955328.0
1722700800000,0.3376,0.3393,0.3263,0.3295,61623040.0
1722704400000,0.3294,0.3297,0.3196,0.3207,57905434.0
1722708000000,0.3207,0.3233,0.315,0.3186,39768741.0
1722711600000,0.3188,0.3207,0.3136,0.3137,29086603.0
1722715200000,0.3138,0.3176,0.3111,0.3121,30211128.0
1722718800000,0.312,0.3166,0.3104,0.3152,21691050.0
1722722400000,0.3152,0.3181,0.3122,0.3134,11876905.0
1722726000000,0.3134,0.3168,0.3121,0.3127,14679191.0
1722729600000,0.3128,0.3171,0.3113,0.3166,11378291.0
1722733200000,0.3165,0.3173,0.3117,0.3161,12594768.0
1722736800000,0.3161,0.3244,0.316,0.3228,14986197.0
1722740400000,0.3229,0.3233,0.32,0.3212,9166903.0
1722744000000,0.3213,0.323,0.3151,0.3163,16627815.0
1722747600000,0.3163,0.3204,0.3153,0.3201,9453615.0
1722751200000,0.3201,0.3234,0.3201,0.3217,8867615.0
1722754800000,0.3218,0.3218,0.3164,0.3174,10229861.0
1722758400000,0.3174,0.3218,0.3157,0.3204,14107898.0
1722762000000,0.3204,0.3213,0.3193,0.3196,6528936.0
1722765600000,0.3196,0.3203,0.3179,0.3196,6636646.0
1722769200000,0.3197,0.3203,0.3166,0.3175,9869988.0
1722772800000,0.3176,0.322,0.3175,0.3211,12480675.0
1722776400000,0.3212,0.322,0.318,0.3192,9148093.0
1722780000000,0.3192,0.32,0.3026,0.3052,61905140.0
1722783600000,0.3052,0.3054,0.2943,0.2953,53486197.0
1722787200000,0.2953,0.2958,0.2847,0.2856,81341232.0
1722790800000,0.2856,0.2879,0.2766,0.284,91922131.0
1722794400000,0.284,0.2929,0.2791,0.2921,54145931.0
1722798000000,0.2921,0.304,0.2897,0.3011,41532966.0
1722801600000,0.3011,0.3059,0.2982,0.2996,24520422.0
1722805200000,0.2996,0.3006,0.2952,0.2969,16467054.0
1722808800000,0.2969,0.3016,0.2966,0.2972,31026175.0
1722812400000,0.2971,0.2975,0.291,0.2918,17713620.0
1722816000000,0.2918,0.2944,0.2756,0.2794,102787767.0
1722819600000,0.2795,0.2806,0.237,0.2527,211768994.0
1722823200000,0.2528,0.2598,0.247,0.2596,114714999.0
1722826800000,0.2595,0.26,0.2522,0.2554,65125490.0
1722830400000,0.2554,0.2609,0.252,0.2556,44774210.0
1722834000000,0.2556,0.259,0.2462,0.2524,97344178.0
1722837600000,0.2525,0.2542,0.228,0.2383,224383102.0
1722841200000,0.2383,0.2549,0.2362,0.2508,76990928.0
1722844800000,0.2508,0.2525,0.2449,0.2464,47331094.0
1722848400000,0.2465,0.2494,0.2418,0.2467,47858358.0
1722852000000,0.2466,0.2471,0.2334,0.2355,71535243.0
1722855600000,0.2355,0.2364,0.2258,0.2361,88443796.0
1722859200000,0.2361,0.242,0.2334,0.2378,102272161.0
1722862800000,0.2378,0.2582,0.232,0.2569,120569152.0
1722866400000,0.2569,0.2756,0.2568,0.2694,101249119.0
1722870000000,0.2694,0.2713,0.2662,0.27,52615762.0
1722873600000,0.2699,0.2748,0.2633,0.2641,56605684.0
1722877200000,0.2641,0.2684,0.2622,0.2643,26282797.0
1722880800000,0.2643,0.265,0.2553,0.2555,27041752.0
1722884400000,0.2554,0.2609,0.2548,0.2597,35033022.0
1722888000000,0.2596,0.2643,0.2593,0.2633,20422094.0
1722891600000,0.2632,0.2674,0.261,0.2621,17922163.0
1722895200000,0.2621,0.2673,0.2607,0.2654,19536395.0
1722898800000,0.2654,0.2676,0.2592,0.2602,24777949.0
1722902400000,0.2602,0.2765,0.2597,0.2762,51564368.0
1722906000000,0.2763,0.2811,0.2743,0.275,47426439.0
1722909600000,0.2749,0.2766,0.2714,0.2743,24123574.0
1722913200000,0.2742,0.2752,0.2722,0.2726,13807367.0
1722916800000,0.2725,0.276,0.2706,0.2744,20192239.0
1722920400000,0.2744,0.2801,0.2735,0.28,25152216.0
1722924000000,0.2801,0.2812,0.2763,0.2783,22295671.0
1722927600000,0.2784,0.2814,0.2763,0.2813,18634776.0
1722931200000,0.2812,0.2817,0.2717,0.2757,32944376.0
1722934800000,0.2758,0.2768,0.2734,0.275,26056100.0
1722938400000,0.2749,0.2758,0.272,0.2736,18292201.0
1722942000000,0.2735,0.2755,0.2712,0.273,23516846.0
1722945600000,0.2731,0.2753,0.2708,0.2732,25370527.0
1722949200000,0.2732,0.2774,0.2708,0.2752,36464584.0
1722952800000,0.2751,0.2898,0.2745,0.2842,55298251.0
1722956400000,0.2843,0.2867,0.2751,0.2792,37290092.0
1722960000000,0.2792,0.2827,0.2768,0.2798,27349186.0
1722963600000,0.2798,0.2823,0.2762,0.2763,19117615.0
1722967200000,0.2763,0.2812,0.276,0.2779,14235585.0
1722970800000,0.278,0.2798,0.2761,0.2767,12031446.0
1722974400000,0.2768,0.2796,0.2751,0.2784,20486547.0
1722978000000,0.2784,0.2803,0.2764,0.2784,9265155.0
1722981600000,0.2783,0.282,0.2751,0.2771,22375716.0
1722985200000,0.2772,0.2788,0.273,0.2754,9604286.0
1722988800000,0.2753,0.2783,0.272,0.2759,20270255.0
1722992400000,0.2759,0.2835,0.2712,0.2831,33521450.0
1722996000000,0.283,0.2865,0.2791,0.2807,26467088.0
1722999600000,0.2806,0.2832,0.2792,0.2815,17373674.0
1723003200000,0.2815,0.2874,0.2809,0.2821,18234200.0
1723006800000,0.2821,0.2861,0.2812,0.2819,15785379.0
1723010400000,0.282,0.2835,0.2784,0.2796,12375580.0
1723014000000,0.2796,0.2805,0.2766,0.2794,13603251.0
1723017600000,0.2794,0.2821,0.2781,0.2802,13472905.0
1723021200000,0.2801,0.2822,0.2779,0.2782,16900118.0
1723024800000,0.2782,0.2821,0.2771,0.2779,15059849.0
1723028400000,0.2779,0.2785,0.274,0.2754,21957332.0
1723032000000,0.2754,0.28,0.2746,0.279,22517031.0
1723035600000,0.2789,0.2804,0.2752,0.2759,23655947.0
1723039200000,0.2758,0.2774,0.2626,0.2678,63315238.0
1723042800000,0.2679,0.2725,0.2665,0.2704,29376925.0
1723046400000,0.2704,0.272,0.2678,0.2687,24874296.0
1723050000000,0.2686,0.2714,0.2659,0.2693,23164413.0
1723053600000,0.2693,0.2709,0.2632,0.2639,22499708.0
1723057200000,0.2638,0.2661,0.2626,0.265,17624802.0
1723060800000,0.2651,0.2673,0.2589,0.2633,43835547.0
1723064400000,0.2633,0.2649,0.2612,0.2624,15860948.0
1723068000000,0.2624,0.2629,0.2565,0.2628,19714286.0
1723071600000,0.2629,0.2643,0.2602,0.2613,11590251.0
1723075200000,0.2612,0.264,0.2578,0.2631,26110292.0
1723078800000,0.2631,0.2758,0.263,0.2746,38436986.0
1723082400000,0.2746,0.2813,0.2743,0.2775,20245016.0
1723086000000,0.2776,0.2791,0.2745,0.2747,13949985.0
1723089600000,0.2747,0.2781,0.274,0.2752,11438489.0
1723093200000,0.2752,0.2797,0.275,0.2786,10279549.0
1723096800000,0.2786,0.2814,0.2774,0.2796,12229999.0
1723100400000,0.2797,0.2805,0.2762,0.2764,11185428.0
1723104000000,0.2765,0.279,0.2753,0.2777,9151299.0
1723107600000,0.2778,0.2792,0.2764,0.2772,10619139.0
1723111200000,0.2771,0.279,0.2758,0.2782,7014518.0
1723114800000,0.2781,0.2789,0.2763,0.2778,6287509.0
1723118400000,0.2778,0.2874,0.2768,0.2816,27804266.0
1723122000000,0.2816,0.2844,0.2764,0.2788,27786295.0
1723125600000,0.2788,0.2871,0.2781,0.2863,23550761.0
1723129200000,0.2862,0.2884,0.2848,0.2877,17339421.0
1723132800000,0.2877,0.3018,0.2869,0.3004,44656785.0
1723136400000,0.3004,0.3027,0.2945,0.295,19083569.0
1723140000000,0.295,0.2964,0.2926,0.2933,9176668.0
1723143600000,0.2934,0.2946,0.2924,0.2936,6795179.0
1723147200000,0.2936,0.295,0.2935,0.2943,4876589.0
1723150800000,0.2943,0.3038,0.2941,0.3028,10191352.0
1723154400000,0.3029,0.3126,0.301,0.3114,46052571.0
1723158000000,0.3114,0.3144,0.3087,0.3119,32761760.0
1723161600000,0.3119,0.3129,0.308,0.3092,27971674.0
1723165200000,0.3093,0.3093,0.3048,0.3054,17240947.0
1723168800000,0.3054,0.3065,0.3021,0.3022,8876364.0
1723172400000,0.3022,0.306,0.302,0.3045,10041429.0
1723176000000,0.3045,0.3062,0.2998,0.3,11843829.0
1723179600000,0.3,0.3044,0.2989,0.3041,8745266.0
1723183200000,0.3041,0.3103,0.3033,0.308,16607723.0
1723186800000,0.3081,0.3134,0.3079,0.3089,17139735.0
1723190400000,0.3089,0.313,0.3079,0.3124,9724115.0
1723194000000,0.3125,0.3148,0.3094,0.3113,12680669.0
1723197600000,0.3114,0.313,0.3079,0.3113,19481389.0
1723201200000,0.3113,0.3124,0.3064,0.3084,11748086.0
1723204800000,0.3084,0.309,0.3034,0.3059,12503746.0
1723208400000,0.306,0.3086,0.3023,0.3066,22804209.0
1723212000000,0.3066,0.3123,0.2992,0.3045,37504390.0
1723215600000,0.3046,0.3059,0.301,0.3013,19428496.0
1723219200000,0.3012,0.3072,0.3,0.3046,17671259.0
1723222800000,0.3047,0.3067,0.3035,0.3043,8779367.0
1723226400000,0.3043,0.3059,0.3031,0.3053,9770720.0
1723230000000,0.3054,0.3063,0.304,0.3044,8332757.0
1723233600000,0.3044,0.3065,0.3037,0.3053,8270063.0
1723237200000,0.3052,0.3093,0.3022,0.3086,13605279.0
1723240800000,0.3086,0.3114,0.3063,0.3103,17603648.0
1723244400000,0.3104,0.3123,0.3067,0.3117,10560587.0
1723248000000,0.3117,0.3159,0.3056,0.307,19775004.0
1723251600000,0.307,0.3098,0.306,0.3066,8379214.0
1723255200000,0.3066,0.3085,0.3052,0.306,6446362.0
1723258800000,0.306,0.3077,0.3036,0.3075,5913549.0
1723262400000,0.3075,0.3089,0.3058,0.3073,7750923.0
1723266000000,0.3073,0.3083,0.3055,0.3072,5941884.0
1723269600000,0.3073,0.3102,0.3069,0.3094,7309194.0
1723273200000,0.3095,0.3108,0.3079,0.3094,7136631.0
1723276800000,0.3094,0.3099,0.3069,0.3071,6113284.0
1723280400000,0.3071,0.3101,0.3068,0.3086,5962333.0
1723284000000,0.3086,0.3097,0.3064,0.3082,7371706.0
1723287600000,0.3083,0.3093,0.3075,0.3092,4696670.0
1723291200000,0.3092,0.3092,0.3068,0.3071,4490185.0
1723294800000,0.3071,0.3075,0.3036,0.3041,11105144.0
1723298400000,0.3042,0.3049,0.3024,0.3045,6954830.0
1723302000000,0.3044,0.308,0.3034,0.3051,10597509.0
1723305600000,0.3051,0.3074,0.3037,0.3069,10007038.0
1723309200000,0.3068,0.3078,0.3054,0.3075,4934401.0
1723312800000,0.3075,0.3112,0.3064,0.3096,16550032.0
1723316400000,0.3096,0.3229,0.3073,0.3214,36792670.0
1723320000000,0.3214,0.3232,0.3166,0.3227,20810435.0
1723323600000,0.3227,0.3349,0.3227,0.3266,28460650.0
1723327200000,0.3265,0.3267,0.3213,0.3213,15601294.0
1723330800000,0.3213,0.3218,0.3179,0.3194,8972468.0
1723334400000,0.3195,0.3202,0.3163,0.3175,13772511.0
1723338000000,0.3176,0.3214,0.3166,0.3206,11467462.0
1723341600000,0.3207,0.3221,0.3178,0.319,11021868.0
1723345200000,0.319,0.3249,0.3181,0.3229,15266474.0
1723348800000,0.3229,0.324,0.3192,0.3197,10290461.0
1723352400000,0.3197,0.3228,0.3189,0.3221,6147284.0
1723356000000,0.3222,0.3239,0.3203,0.3221,7150244.0
1723359600000,0.3221,0.3262,0.3218,0.3251,9153357.0
1723363200000,0.3252,0.326,0.3227,0.3234,9572932.0
1723366800000,0.3235,0.3268,0.3207,0.3215,15412714.0
1723370400000,0.3214,0.3214,0.3167,0.3175,12765914.0
1723374000000,0.3174,0.3186,0.3128,0.3159,18599797.0
1723377600000,0.3159,0.317,0.3094,0.3113,15248813.0
1723381200000,0.3114,0.3117,0.3072,0.3092,14859588.0
1723384800000,0.3092,0.3104,0.3028,0.304,15820059.0
1723388400000,0.304,0.3041,0.3009,0.3021,17612048.0
1723392000000,0.3022,0.3046,0.3011,0.304,9732593.0
1723395600000,0.304,0.3074,0.3034,0.3062,8439332.0
1723399200000,0.3062,0.3074,0.3042,0.3053,6922377.0
1723402800000,0.3052,0.3052,0.299,0.2993,15630229.0
1723406400000,0.2993,0.2994,0.2942,0.2971,29593091.0
1723410000000,0.2972,0.298,0.2932,0.2962,23341544.0
1723413600000,0.2963,0.2976,0.292,0.2954,16673690.0
1723417200000,0.2954,0.2954,0.2922,0.2933,6377406.0
1723420800000,0.2934,0.2991,0.2933,0.2984,22017875.0
1723424400000,0.2984,0.3012,0.2966,0.2998,10635085.0
1723428000000,0.2998,0.3003,0.2964,0.2982,10692891.0
1723431600000,0.2982,0.2997,0.2963,0.2978,7433544.0
1723435200000,0.2977,0.2999,0.2977,0.2982,6117908.0
1723438800000,0.2982,0.2994,0.2963,0.2983,5381943.0
1723442400000,0.2983,0.2986,0.2947,0.2963,7201169.0
1723446000000,0.2963,0.3021,0.2917,0.3002,32020639.0
1723449600000,0.3002,0.3084,0.3002,0.3014,24541176.0
1723453200000,0.3014,0.3044,0.3008,0.3034,17439511.0
1723456800000,0.3035,0.3121,0.3009,0.3111,25159075.0
1723460400000,0.3111,0.326,0.3103,0.3247,47902637.0
1723464000000,0.3247,0.335,0.3219,0.3345,41207595.0
1723467600000,0.3345,0.3382,0.3203,0.3222,72786642.0
1723471200000,0.3223,0.3412,0.3183,0.3407,81155912.0
1723474800000,0.3406,0.344,0.3293,0.3341,64738418.0
1723478400000,0.3342,0.3369,0.3295,0.3311,29493314.0
1723482000000,0.3311,0.3358,0.3292,0.3298,18817438.0
1723485600000,0.3299,0.3311,0.3213,0.3224,21472724.0
1723489200000,0.3225,0.3267,0.3225,0.3236,13865695.0
1723492800000,0.3237,0.3288,0.3219,0.3253,13434955.0
1723496400000,0.3252,0.3253,0.3199,0.3245,13376948.0
1723500000000,0.3245,0.3279,0.3229,0.3245,10957856.0
1723503600000,0.3245,0.3343,0.3239,0.3293,24318795.0
1723507200000,0.3293,0.3296,0.3222,0.3241,26346548.0
1723510800000,0.3241,0.325,0.3213,0.3234,13510927.0
1723514400000,0.3234,0.3247,0.3187,0.3207,13023585.0
1723518000000,0.3206,0.3213,0.3118,0.3126,18816681.0
1723521600000,0.3125,0.3163,0.3108,0.3162,9924431.0
1723525200000,0.3163,0.3165,0.3138,0.3153,7365560.0
1723528800000,0.3154,0.3184,0.3133,0.3182,8803151.0
1723532400000,0.3182,0.3184,0.315,0.3153,7454424.0
1723536000000,0.3153,0.3173,0.3131,0.3142,8741762.0
1723539600000,0.3141,0.3154,0.3122,0.3143,10661102.0
1723543200000,0.3143,0.3145,0.3111,0.313,11672262.0
1723546800000,0.313,0.3135,0.311,0.3133,6355834.0
1723550400000,0.3134,0.3174,0.3129,0.3159,17494983.0
1723554000000,0.3159,0.3261,0.3143,0.325,25571915.0
1723557600000,0.325,0.3347,0.3219,0.3318,32676953.0
1723561200000,0.3318,0.3365,0.3303,0.3316,23423018.0
1723564800000,0.3316,0.3428,0.3297,0.3425,29720688.0
1723568400000,0.3424,0.3438,0.3375,0.3392,18673952.0
1723572000000,0.3391,0.3408,0.3359,0.3394,12627148.0
1723575600000,0.3393,0.3425,0.3351,0.3423,12845134.0
1723579200000,0.3423,0.3423,0.3387,0.3391,6350251.0
1723582800000,0.3392,0.3461,0.3388,0.3459,12304033.0
1723586400000,0.3459,0.3469,0.3408,0.3422,16191010.0
1723590000000,0.3421,0.3429,0.3393,0.3402,6976980.0
1723593600000,0.3402,0.3424,0.3362,0.3414,15751368.0
1723597200000,0.3414,0.342,0.3373,0.3374,11778696.0
1723600800000,0.3375,0.3408,0.3368,0.3402,7623741.0
1723604400000,0.3402,0.3428,0.3386,0.3388,9321857.0
1723608000000,0.3389,0.3414,0.3373,0.3405,6964216.0
1723611600000,0.3405,0.3439,0.339,0.3407,12838606.0
1723615200000,0.3406,0.341,0.3333,0.3361,19194977.0
1723618800000,0.336,0.3362,0.3337,0.3343,5362591.0
1723622400000,0.3344,0.3351,0.3317,0.3334,8546758.0
1723626000000,0.3334,0.334,0.3309,0.3314,5705158.0
1723629600000,0.3314,0.3415,0.3313,0.3365,20252674.0
1723633200000,0.3365,0.3365,0.3317,0.3332,13189481.0
1723636800000,0.3333,0.3385,0.3303,0.3322,37794893.0
1723640400000,0.3321,0.3336,0.3232,0.3242,36556809.0
1723644000000,0.3241,0.3246,0.3181,0.3243,35878515.0
1723647600000,0.3242,0.3308,0.3215,0.3288,21409200.0
1723651200000,0.3288,0.3297,0.3241,0.326,16837449.0
1723654800000,0.326,0.3275,0.3251,0.3261,6955478.0
1723658400000,0.326,0.3279,0.3224,0.3242,9311932.0
1723662000000,0.3242,0.3244,0.3216,0.323,5650501.0
1723665600000,0.3229,0.3237,0.3216,0.3223,4698422.0
1723669200000,0.3223,0.3233,0.3206,0.3206,3601086.0
1723672800000,0.3207,0.3259,0.318,0.3254,11714845.0
1723676400000,0.3254,0.3264,0.3237,0.3242,5410236.0
1723680000000,0.3243,0.325,0.3223,0.3232,7090216.0
1723683600000,0.3232,0.3237,0.3186,0.3198,9877195.0
1723687200000,0.3199,0.3232,0.319,0.3207,12266885.0
1723690800000,0.3207,0.3217,0.3178,0.3181,5239527.0
1723694400000,0.3181,0.3186,0.3161,0.3173,8555698.0
1723698000000,0.3173,0.3177,0.3134,0.3144,10055117.0
1723701600000,0.3144,0.3172,0.3133,0.3143,13568061.0
1723705200000,0.3144,0.3159,0.3124,0.3144,13497236.0
1723708800000,0.3144,0.3156,0.312,0.3152,8605612.0
1723712400000,0.3151,0.3166,0.313,0.3132,7466250.0
1723716000000,0.3132,0.3134,0.3107,0.3114,5709024.0
1723719600000,0.3114,0.3187,0.3113,0.3176,8783781.0
1723723200000,0.3175,0.3333,0.3174,0.3244,37451941.0
1723726800000,0.3245,0.3357,0.3216,0.3333,32636366.0
1723730400000,0.3333,0.3348,0.3226,0.3231,22268700.0
1723734000000,0.3232,0.326,0.32,0.3224,15107165.0
1723737600000,0.3224,0.323,0.314,0.315,19526513.0
1723741200000,0.315,0.315,0.3048,0.3056,21450885.0
1723744800000,0.3056,0.3057,0.2964,0.2983,44366607.0
1723748400000,0.2983,0.3065,0.2961,0.3058,27885201.0
1723752000000,0.3057,0.3059,0.2995,0.3024,16421814.0
1723755600000,0.3025,0.3031,0.3003,0.3025,10160651.0
1723759200000,0.3026,0.3086,0.2991,0.3042,22667742.0
1723762800000,0.3041,0.3057,0.303,0.304,4983315.0
1723766400000,0.304,0.3059,0.3028,0.3035,6582890.0
1723770000000,0.3035,0.3042,0.2998,0.3013,8355697.0
1723773600000,0.3012,0.3099,0.2987,0.3057,15902732.0
1723777200000,0.3057,0.3057,0.2999,0.3006,10568725.0
1723780800000,0.3006,0.3017,0.2991,0.3007,14111805.0
1723784400000,0.3006,0.3015,0.2999,0.3,3941096.0
1723788000000,0.3,0.3041,0.2991,0.303,30930355.0
1723791600000,0.3031,0.3032,0.2997,0.301,5514922.0
1723795200000,0.3009,0.3022,0.2996,0.3,3781031.0
1723798800000,0.3,0.3018,0.2988,0.3014,6564046.0
1723802400000,0.3015,0.3015,0.2988,0.2993,5370167.0
1723806000000,0.2993,0.2999,0.2954,0.2966,11584932.0
1723809600000,0.2966,0.2983,0.2865,0.2886,39353010.0
1723813200000,0.2886,0.3053,0.2875,0.2981,57561423.0
1723816800000,0.298,0.2997,0.2892,0.2911,29803335.0
1723820400000,0.291,0.2929,0.2864,0.29,17352074.0
1723824000000,0.29,0.2976,0.2888,0.2952,22568198.0
1723827600000,0.2952,0.3024,0.2907,0.301,26890789.0
1723831200000,0.3009,0.3073,0.3007,0.3024,35441411.0
1723834800000,0.3024,0.3044,0.3012,0.3013,14100156.0
1723838400000,0.3013,0.3047,0.301,0.301,9136076.0
1723842000000,0.3011,0.3015,0.2995,0.3005,6183916.0
1723845600000,0.3004,0.3009,0.2989,0.2993,4025364.0
1723849200000,0.2993,0.3004,0.2983,0.2993,5417664.0
1723852800000,0.2993,0.2995,0.2969,0.2986,7462946.0
1723856400000,0.2986,0.3002,0.2979,0.2992,3987479.0
1723860000000,0.2991,0.3007,0.2982,0.2992,4399572.0
1723863600000,0.2992,0.2997,0.2964,0.2975,4002024.0
1723867200000,0.2974,0.2996,0.2973,0.2996,4104912.0
1723870800000,0.2995,0.2997,0.2978,0.2981,3012818.0
1723874400000,0.2982,0.2997,0.2964,0.297,5810266.0
1723878000000,0.297,0.2976,0.2955,0.2965,4534148.0
1723881600000,0.2966,0.3013,0.2955,0.298,13961982.0
1723885200000,0.2981,0.2985,0.295,0.297,12734692.0
1723888800000,0.297,0.2974,0.2909,0.2917,16476997.0
1723892400000,0.2918,0.2927,0.2899,0.2914,9409980.0
1723896000000,0.2914,0.2947,0.2907,0.2942,7248794.0
1723899600000,0.2943,0.2975,0.294,0.2946,10618337.0
1723903200000,0.2946,0.2971,0.2931,0.2968,8033757.0
1723906800000,0.2968,0.3034,0.2964,0.3009,19941918.0
1723910400000,0.3009,0.3035,0.2985,0.3021,15719567.0
1723914000000,0.3022,0.3045,0.2998,0.3001,12758676.0
1723917600000,0.3001,0.3007,0.2977,0.298,7245381.0
1723921200000,0.298,0.2981,0.2959,0.2974,6540275.0
1723924800000,0.2974,0.2985,0.2967,0.2979,4599956.0
1723928400000,0.2978,0.2994,0.297,0.2982,4334106.0
1723932000000,0.2982,0.3006,0.2977,0.2981,6550380.0
1723935600000,0.2981,0.2988,0.2972,0.2986,4242444.0
1723939200000,0.2985,0.2993,0.295,0.2976,9217971.0
1723942800000,0.2975,0.2978,0.2938,0.2943,8951745.0
1723946400000,0.2943,0.3006,0.2931,0.3,11151493.0
1723950000000,0.3,0.3014,0.2928,0.2928,12694205.0
1723953600000,0.2928,0.2945,0.2913,0.2931,8943163.0
1723957200000,0.2932,0.2949,0.29,0.2904,10657683.0
1723960800000,0.2904,0.2938,0.2899,0.2933,6574676.0
1723964400000,0.2933,0.2934,0.2904,0.2911,6465660.0
1723968000000,0.2911,0.2934,0.2906,0.2933,4936547.0
1723971600000,0.2933,0.2989,0.2922,0.2972,11003793.0
1723975200000,0.2972,0.3011,0.2968,0.2991,14594432.0
1723978800000,0.2991,0.2999,0.2971,0.2985,9084102.0
1723982400000,0.2985,0.3023,0.2968,0.2983,13535711.0
1723986000000,0.2983,0.3028,0.2976,0.2993,12924792.0
1723989600000,0.2993,0.3052,0.2975,0.303,20003670.0
1723993200000,0.3029,0.3034,0.3,0.3013,10235560.0
1723996800000,0.3014,0.3045,0.3007,0.3014,10520979.0
1724000400000,0.3014,0.3023,0.2954,0.2962,13759140.0
1724004000000,0.2963,0.2972,0.2949,0.2968,8661236.0
1724007600000,0.2968,0.2995,0.296,0.2992,4062915.0
1724011200000,0.2992,0.3012,0.2992,0.3002,6447476.0
1724014800000,0.3002,0.3005,0.2969,0.2975,4137326.0
1724018400000,0.2975,0.3003,0.2971,0.2974,4947846.0
1724022000000,0.2974,0.2982,0.2902,0.291,16649323.0
1724025600000,0.291,0.2928,0.2876,0.2881,25450699.0
1724029200000,0.2881,0.2949,0.2879,0.2927,13375974.0
1724032800000,0.2926,0.2961,0.2916,0.2957,10304505.0
1724036400000,0.2958,0.2962,0.2929,0.2939,7530117.0
1724040000000,0.294,0.2947,0.2906,0.2914,6425840.0
1724043600000,0.2915,0.2922,0.2899,0.2911,6855640.0
1724047200000,0.291,0.2912,0.2881,0.2908,9112163.0
1724050800000,0.2909,0.2937,0.2843,0.2853,14904092.0
1724054400000,0.2854,0.2892,0.2844,0.2884,13277235.0
1724058000000,0.2884,0.2896,0.2836,0.2842,18061304.0
1724061600000,0.2842,0.2859,0.281,0.2832,20850153.0
1724065200000,0.2832,0.2874,0.2816,0.2865,11682686.0
1724068800000,0.2864,0.288,0.2851,0.2864,10396768.0
1724072400000,0.2865,0.2908,0.2826,0.283,23626680.0
1724076000000,0.283,0.2837,0.2772,0.2802,29039579.0
1724079600000,0.2802,0.2823,0.2778,0.2781,15325513.0
1724083200000,0.2781,0.2793,0.2721,0.2745,26005321.0
1724086800000,0.2746,0.2891,0.2739,0.2861,53649411.0
1724090400000,0.2862,0.2864,0.2813,0.2826,19849255.0
1724094000000,0.2826,0.2848,0.282,0.2833,10246526.0
1724097600000,0.2834,0.2878,0.2833,0.2851,17096866.0
1724101200000,0.2852,0.2868,0.2843,0.2843,4281677.0
1724104800000,0.2844,0.2864,0.2838,0.2858,6533510.0
1724108400000,0.2859,0.2889,0.2842,0.2877,8176193.0
1724112000000,0.2878,0.2971,0.2853,0.2934,25650907.0
1724115600000,0.2934,0.2984,0.2933,0.2941,16959980.0
1724119200000,0.2942,0.2949,0.292,0.2932,7972926.0
1724122800000,0.2932,0.2946,0.2921,0.2937,6637570.0
1724126400000,0.2936,0.296,0.2926,0.2953,7479431.0
1724130000000,0.2953,0.3011,0.2951,0.3009,13852614.0
1724133600000,0.301,0.3046,0.2978,0.3024,17257114.0
1724137200000,0.3024,0.3036,0.3,0.3022,10657678.0
1724140800000,0.3022,0.3026,0.2972,0.2984,12294519.0
1724144400000,0.2984,0.2998,0.2975,0.2992,7153461.0
1724148000000,0.2993,0.3005,0.2973,0.2974,6111798.0
1724151600000,0.2974,0.2987,0.2953,0.2958,9900829.0
1724155200000,0.2958,0.2977,0.2948,0.2955,8252631.0
1724158800000,0.2955,0.2995,0.2926,0.2992,14977916.0
1724162400000,0.2992,0.2995,0.2887,0.2892,32534481.0
1724166000000,0.2893,0.2894,0.2837,0.286,28807315.0
1724169600000,0.286,0.293,0.285,0.2903,17031116.0
1724173200000,0.2902,0.2924,0.2898,0.292,5198037.0
1724176800000,0.292,0.295,0.2911,0.2924,7858627.0
1724180400000,0.2925,0.2952,0.2918,0.2936,4107013.0
1724184000000,0.2936,0.2968,0.2936,0.2941,4765535.0
1724187600000,0.2941,0.2945,0.2916,0.2924,5419409.0
1724191200000,0.2924,0.2956,0.2924,0.2945,6304023.0
1724194800000,0.2944,0.2949,0.2932,0.2935,3686159.0
1724198400000,0.2934,0.2966,0.2921,0.2922,7954941.0
1724202000000,0.2921,0.2958,0.2912,0.2957,8963624.0
1724205600000,0.2956,0.2979,0.2944,0.2965,5873506.0
1724209200000,0.2965,0.2971,0.2955,0.2965,5344423.0
1724212800000,0.2965,0.2987,0.2955,0.298,7002336.0
1724216400000,0.2979,0.2985,0.2967,0.2976,5742248.0
1724220000000,0.2976,0.3003,0.2972,0.2983,5404816.0
1724223600000,0.2983,0.2993,0.2964,0.2972,6417495.0
1724227200000,0.2973,0.2984,0.2942,0.2944,9437743.0
1724230800000,0.2944,0.2947,0.2899,0.2903,12031636.0
1724234400000,0.2903,0.291,0.2881,0.2903,5987541.0
1724238000000,0.2903,0.2906,0.2878,0.2881,5853309.0
1724241600000,0.2881,0.2892,0.2853,0.2873,7344220.0
1724245200000,0.2873,0.2921,0.2825,0.2913,22923574.0
1724248800000,0.2914,0.2974,0.2863,0.2869,49635638.0
1724252400000,0.2867,0.2898,0.2854,0.2882,12140007.0
1724256000000,0.2882,0.2925,0.2868,0.2925,9763349.0
1724259600000,0.2925,0.2989,0.2908,0.2975,13502298.0
1724263200000,0.2975,0.3026,0.2957,0.3016,14343069.0
1724266800000,0.3016,0.303,0.3,0.3019,9994283.0
1724270400000,0.3019,0.306,0.3016,0.3029,14468595.0
1724274000000,0.3029,0.3082,0.3023,0.3062,9306733.0
1724277600000,0.3062,0.3073,0.3038,0.3044,6296857.0
1724281200000,0.3045,0.3049,0.302,0.3036,4461369.0
1724284800000,0.3037,0.3053,0.3021,0.3023,8182677.0
1724288400000,0.3023,0.3039,0.3014,0.3028,6749235.0
1724292000000,0.3028,0.3029,0.2965,0.3002,13214994.0
1724295600000,0.3001,0.3023,0.2984,0.3016,7019472.0
1724299200000,0.3016,0.3062,0.3015,0.3061,5859113.0
1724302800000,0.3061,0.3062,0.3032,0.3042,4635522.0
1724306400000,0.3041,0.3059,0.3033,0.3044,4683573.0
1724310000000,0.3044,0.3081,0.3043,0.3068,6591264.0
1724313600000,0.3068,0.309,0.3051,0.3059,7948847.0
1724317200000,0.3058,0.3062,0.3036,0.3038,5479629.0
1724320800000,0.3038,0.3087,0.3031,0.3084,7296513.0
1724324400000,0.3084,0.3091,0.3055,0.3063,9478114.0
1724328000000,0.3062,0.3063,0.3003,0.3012,16090858.0
1724331600000,0.3012,0.304,0.2992,0.3033,17272647.0
1724335200000,0.3033,0.3033,0.2986,0.3002,15602432.0
1724338800000,0.3002,0.3034,0.2985,0.3003,13018008.0
1724342400000,0.3003,0.3027,0.2996,0.3009,9941534.0
1724346000000,0.301,0.3025,0.2988,0.299,5393910.0
1724349600000,0.2989,0.3019,0.2982,0.3002,5651966.0
1724353200000,0.3002,0.3012,0.2985,0.2992,4693926.0
1724356800000,0.2993,0.3044,0.2993,0.3038,8358423.0
1724360400000,0.3037,0.305,0.3023,0.3027,4731096.0
1724364000000,0.3028,0.3039,0.302,0.3032,3038510.0
1724367600000,0.3031,0.306,0.3023,0.3044,4187837.0
1724371200000,0.3045,0.3107,0.304,0.3071,9534630.0
1724374800000,0.3071,0.3083,0.305,0.3062,4135138.0
1724378400000,0.3062,0.3091,0.3059,0.3072,5790271.0
1724382000000,0.3072,0.3086,0.3065,0.3071,4812950.0
1724385600000,0.3072,0.3092,0.3069,0.3074,4392000.0
1724389200000,0.3074,0.3239,0.3071,0.3204,38056740.0
1724392800000,0.3203,0.3222,0.3167,0.3201,13744715.0
1724396400000,0.3201,0.3211,0.3169,0.319,6805583.0
1724400000000,0.319,0.3204,0.3178,0.3193,7054535.0
1724403600000,0.3194,0.3197,0.3157,0.3182,8165079.0
1724407200000,0.3183,0.32,0.318,0.3183,4101302.0
1724410800000,0.3183,0.3184,0.3147,0.316,7667406.0
1724414400000,0.316,0.3209,0.3159,0.3203,7556825.0
1724418000000,0.3203,0.3244,0.3185,0.323,18778498.0
1724421600000,0.3231,0.3332,0.3193,0.3222,54437057.0
1724425200000,0.3221,0.3408,0.3216,0.3356,36959947.0
1724428800000,0.3355,0.3401,0.3342,0.3399,20232376.0
1724432400000,0.34,0.3511,0.3381,0.3502,36673112.0
1724436000000,0.3501,0.3577,0.3476,0.3532,29818430.0
1724439600000,0.3533,0.3577,0.3505,0.3533,23643709.0
1724443200000,0.3534,0.3626,0.3532,0.3608,17320215.0
1724446800000,0.3609,0.3649,0.3593,0.3604,13489847.0
1724450400000,0.3604,0.3649,0.358,0.3596,13693876.0
1724454000000,0.3597,0.3639,0.3584,0.3598,10854651.0
1724457600000,0.3599,0.3705,0.3565,0.3689,20798835.0
1724461200000,0.369,0.3698,0.3607,0.3623,13105851.0
1724464800000,0.3624,0.3644,0.3606,0.3616,5231535.0
1724468400000,0.3615,0.3618,0.3582,0.3586,5130338.0
1724472000000,0.3586,0.3615,0.3575,0.3593,8400426.0
1724475600000,0.3592,0.3619,0.3587,0.3609,5388711.0
1724479200000,0.3609,0.3651,0.3596,0.362,4713374.0
1724482800000,0.3621,0.3666,0.3618,0.3661,9548935.0
1724486400000,0.3661,0.3706,0.3631,0.3704,10307463.0
1724490000000,0.3703,0.3848,0.3666,0.3725,47719163.0
1724493600000,0.3725,0.3819,0.3688,0.3748,20673600.0
1724497200000,0.3748,0.3752,0.3683,0.3688,8879919.0
1724500800000,0.3688,0.3705,0.3652,0.3665,9640967.0
1724504400000,0.3665,0.3704,0.3654,0.3702,5510395.0
1724508000000,0.3703,0.3719,0.3674,0.3716,5565889.0
1724511600000,0.3716,0.3748,0.3697,0.3738,7447527.0
1724515200000,0.3737,0.3818,0.3719,0.376,16147689.0
1724518800000,0.3759,0.3796,0.3744,0.3763,9922663.0
1724522400000,0.3762,0.3776,0.3712,0.3748,10491237.0
1724526000000,0.3748,0.3774,0.3734,0.3738,4700555.0
1724529600000,0.3737,0.3764,0.3717,0.3728,4160862.0
1724533200000,0.3728,0.373,0.3616,0.3627,14977934.0
1724536800000,0.3627,0.3661,0.3611,0.3646,9200387.0
1724540400000,0.3646,0.3698,0.3643,0.3693,5110900.0
1724544000000,0.3694,0.37,0.3606,0.3618,14955320.0
1724547600000,0.3617,0.367,0.3583,0.3609,17723468.0
1724551200000,0.3609,0.367,0.3602,0.3646,9813422.0
1724554800000,0.3646,0.3648,0.3587,0.3613,7661024.0
1724558400000,0.3612,0.3621,0.3567,0.3601,9493594.0
1724562000000,0.36,0.3672,0.3599,0.3661,11144053.0
1724565600000,0.3661,0.3697,0.3616,0.3629,12499067.0
1724569200000,0.3629,0.3632,0.3506,0.3535,22928951.0
1724572800000,0.3534,0.3606,0.3506,0.3585,15741945.0
1724576400000,0.3586,0.3604,0.3539,0.3553,9373100.0
1724580000000,0.3552,0.3555,0.3516,0.3528,7660628.0
1724583600000,0.3527,0.357,0.3526,0.3534,5942193.0
1724587200000,0.3535,0.3555,0.3522,0.3537,5154274.0
1724590800000,0.3536,0.3603,0.3525,0.3581,11542553.0
1724594400000,0.3581,0.3603,0.355,0.3564,9240416.0
1724598000000,0.3563,0.3605,0.3546,0.3566,10131712.0
1724601600000,0.3566,0.3595,0.3537,0.355,10173842.0
1724605200000,0.3551,0.3578,0.3525,0.3543,6724179.0
1724608800000,0.3544,0.3549,0.3483,0.3494,8406113.0
1724612400000,0.3495,0.351,0.3485,0.3497,5028776.0
1724616000000,0.3497,0.3512,0.3482,0.3496,5244900.0
1724619600000,0.3496,0.3575,0.349,0.3556,6881726.0
1724623200000,0.3557,0.3581,0.3496,0.3507,9564397.0
1724626800000,0.3507,0.3555,0.3472,0.3485,12120145.0
1724630400000,0.3486,0.3546,0.3478,0.35,11699872.0
1724634000000,0.3501,0.3506,0.3411,0.3418,13617716.0
1724637600000,0.3417,0.3424,0.3385,0.3419,11593880.0
1724641200000,0.3419,0.3435,0.3413,0.3431,8125613.0
1724644800000,0.3431,0.3445,0.3407,0.3426,8670856.0
1724648400000,0.3426,0.343,0.3391,0.3393,4392141.0
1724652000000,0.3393,0.34,0.3359,0.3384,10377943.0
1724655600000,0.3384,0.3404,0.3357,0.337,8528741.0
1724659200000,0.3371,0.3403,0.3365,0.3377,7441712.0
1724662800000,0.3378,0.3408,0.3337,0.3407,10440324.0
1724666400000,0.3406,0.3424,0.3356,0.336,11528168.0
1724670000000,0.336,0.3386,0.3344,0.3354,8017870.0
1724673600000,0.3354,0.3356,0.326,0.3274,19712799.0
1724677200000,0.3274,0.33,0.3252,0.3282,16212327.0
1724680800000,0.3283,0.3312,0.3244,0.3293,31779228.0
1724684400000,0.3294,0.3299,0.3249,0.325,10552240.0
1724688000000,0.3249,0.326,0.3216,0.3236,13665756.0
1724691600000,0.3236,0.3247,0.3161,0.3164,19745966.0
1724695200000,0.3164,0.3172,0.3118,0.3143,22628301.0
1724698800000,0.3143,0.3152,0.3111,0.3125,8777432.0
1724702400000,0.3125,0.3159,0.3103,0.313,9363105.0
1724706000000,0.3129,0.3142,0.3095,0.3129,9537159.0
1724709600000,0.3129,0.315,0.3115,0.3144,8548405.0
1724713200000,0.3144,0.3145,0.3117,0.3121,7305606.0
1724716800000,0.3121,0.3153,0.3116,0.3127,12167915.0
1724720400000,0.3126,0.3189,0.312,0.3154,14221189.0
1724724000000,0.3153,0.317,0.3115,0.3126,8570298.0
1724727600000,0.3127,0.3138,0.3063,0.3135,24067176.0
1724731200000,0.3135,0.3146,0.3104,0.3106,10402579.0
1724734800000,0.3107,0.3155,0.3104,0.315,9233358.0
1724738400000,0.315,0.3152,0.3061,0.3078,17765707.0
1724742000000,0.3077,0.3089,0.3057,0.3065,11361490.0
1724745600000,0.3065,0.3074,0.3022,0.3046,12212581.0
1724749200000,0.3045,0.3061,0.3014,0.3024,10860110.0
1724752800000,0.3025,0.3025,0.2941,0.2947,29768671.0
1724756400000,0.2948,0.2974,0.2924,0.2954,14917966.0
1724760000000,0.2954,0.2965,0.2913,0.2956,16365955.0
1724763600000,0.2956,0.297,0.2938,0.2942,14882035.0
1724767200000,0.2943,0.295,0.2894,0.2913,26518087.0
1724770800000,0.2913,0.2946,0.2899,0.2935,15917010.0
1724774400000,0.2934,0.2953,0.2907,0.2909,20597094.0
1724778000000,0.2908,0.2922,0.2895,0.2915,10759204.0
1724781600000,0.2914,0.2938,0.2909,0.2924,9028425.0
1724785200000,0.2924,0.2937,0.2897,0.2908,7967343.0
1724788800000,0.2908,0.2912,0.2858,0.2864,12115830.0
1724792400000,0.2864,0.2866,0.27,0.2771,42788850.0
1724796000000,0.2771,0.2777,0.2652,0.2732,76721423.0
1724799600000,0.2731,0.2739,0.2708,0.2721,16973961.0
1724803200000,0.2721,0.2721,0.2648,0.2665,32451452.0
1724806800000,0.2666,0.2733,0.2629,0.2728,30244980.0
1724810400000,0.2727,0.2763,0.2684,0.2705,29569602.0
1724814000000,0.2704,0.2743,0.27,0.2732,18544490.0
1724817600000,0.2731,0.2749,0.271,0.2719,12581633.0
1724821200000,0.2719,0.2738,0.2706,0.2718,13236072.0
1724824800000,0.2717,0.2726,0.2693,0.2708,14883861.0
1724828400000,0.2708,0.2722,0.2652,0.2661,21248381.0
1724832000000,0.2661,0.2731,0.264,0.271,34333098.0
1724835600000,0.271,0.2857,0.2693,0.2853,33227225.0
1724839200000,0.2852,0.286,0.2746,0.2751,35753748.0
1724842800000,0.2751,0.2791,0.2745,0.2778,17626431.0
1724846400000,0.2778,0.2794,0.2739,0.2763,16921995.0
1724850000000,0.2762,0.2764,0.2675,0.2682,28419708.0
1724853600000,0.2683,0.274,0.2654,0.2682,65267372.0
1724857200000,0.2681,0.2682,0.2568,0.2598,54379895.0
1724860800000,0.2598,0.2599,0.2487,0.2585,90807936.0
1724864400000,0.2584,0.2618,0.2551,0.2559,35984485.0
1724868000000,0.2559,0.2636,0.2552,0.2632,38565316.0
1724871600000,0.2631,0.2661,0.257,0.2581,36973574.0
1724875200000,0.2581,0.2648,0.2577,0.2611,47581213.0
1724878800000,0.2612,0.2622,0.2559,0.2566,22027279.0
1724882400000,0.2566,0.2573,0.2486,0.2537,34792474.0
1724886000000,0.2537,0.2549,0.2522,0.2541,10113908.0
1724889600000,0.2541,0.2567,0.2529,0.2554,21628717.0
1724893200000,0.2554,0.2573,0.252,0.2533,21991814.0
1724896800000,0.2532,0.2575,0.2517,0.2573,17451137.0
1724900400000,0.2573,0.2583,0.2554,0.2565,11280267.0
1724904000000,0.2565,0.2565,0.253,0.2543,14591354.0
1724907600000,0.2542,0.2551,0.2526,0.2549,17939865.0
1724911200000,0.2549,0.2557,0.2519,0.2531,24147446.0
1724914800000,0.2531,0.2545,0.2517,0.2518,17126317.0
1724918400000,0.2518,0.252,0.2461,0.2484,31900397.0
1724922000000,0.2483,0.252,0.248,0.2496,21865994.0
1724925600000,0.2495,0.2524,0.2493,0.2506,22858922.0
1724929200000,0.2505,0.2546,0.2501,0.2508,29029545.0
1724932800000,0.2508,0.2526,0.2482,0.2513,42024635.0
1724936400000,0.2513,0.2553,0.2512,0.2542,35300943.0
1724940000000,0.2543,0.257,0.2509,0.2536,35178892.0
1724943600000,0.2535,0.2601,0.2534,0.2557,32014102.0
1724947200000,0.2557,0.2587,0.2516,0.2523,31123064.0
1724950800000,0.2522,0.2534,0.25,0.2513,28982413.0
1724954400000,0.2512,0.2513,0.238,0.2384,84429965.0
1724958000000,0.2385,0.2433,0.2363,0.2407,58281455.0
1724961600000,0.2406,0.2449,0.2399,0.2445,17458107.0
1724965200000,0.2446,0.2454,0.2429,0.2429,11730423.0
1724968800000,0.243,0.2439,0.2404,0.2425,23588257.0
1724972400000,0.2425,0.2432,0.2413,0.2417,17761776.0
1724976000000,0.2416,0.2454,0.2405,0.2422,22092770.0
1724979600000,0.2423,0.2433,0.24,0.2416,26606171.0
1724983200000,0.2416,0.2435,0.2399,0.2424,16830375.0
1724986800000,0.2423,0.2428,0.2405,0.2416,10711459.0
1724990400000,0.2416,0.244,0.2414,0.2418,11723504.0
1724994000000,0.2418,0.2422,0.2392,0.2406,21279961.0
1724997600000,0.2406,0.2438,0.2398,0.2433,19269870.0
1725001200000,0.2432,0.2455,0.2416,0.2425,12850394.0
1725004800000,0.2424,0.2439,0.2408,0.2417,11956594.0
1725008400000,0.2417,0.2422,0.2402,0.2405,12437653.0
1725012000000,0.2405,0.2414,0.2381,0.24,18477396.0
1725015600000,0.24,0.2409,0.2374,0.2374,17395386.0
1725019200000,0.2374,0.2429,0.237,0.239,44384991.0
1725022800000,0.2389,0.2403,0.2335,0.2396,48454091.0
1725026400000,0.2397,0.2421,0.2315,0.2318,71757602.0
1725030000000,0.2318,0.2327,0.2258,0.2267,85629100.0
1725033600000,0.2268,0.2321,0.2258,0.2319,70248211.0
1725037200000,0.2319,0.2365,0.231,0.2348,28301239.0
1725040800000,0.2348,0.2437,0.2346,0.2425,42724915.0
1725044400000,0.2424,0.2437,0.2376,0.2381,31987784.0
1725048000000,0.2382,0.2402,0.2379,0.2398,15973219.0
1725051600000,0.2398,0.2414,0.2389,0.2406,12049950.0
1725055200000,0.2406,0.2424,0.2402,0.2414,12446859.0
1725058800000,0.2414,0.2424,0.2409,0.2413,6076896.0
1725062400000,0.2413,0.2445,0.2406,0.2425,13059998.0
1725066000000,0.2424,0.2434,0.2415,0.2424,5998515.0
1725069600000,0.2424,0.2429,0.2411,0.2418,5713877.0
1725073200000,0.2419,0.2426,0.241,0.2413,4741138.0
1725076800000,0.2414,0.2448,0.2412,0.2445,5327340.0
1725080400000,0.2445,0.2445,0.2418,0.2419,4991703.0
1725084000000,0.242,0.2431,0.2417,0.2422,4499493.0
1725087600000,0.2422,0.2437,0.2418,0.242,5130523.0
1725091200000,0.242,0.2424,0.2395,0.2396,7205927.0
1725094800000,0.2395,0.2406,0.2369,0.2383,17630063.0
1725098400000,0.2383,0.2436,0.238,0.2431,13240383.0
1725102000000,0.2431,0.2443,0.2423,0.2435,9759514.0
1725105600000,0.2434,0.2439,0.2422,0.2431,8778921.0
1725109200000,0.243,0.2456,0.2414,0.2419,16158530.0
1725112800000,0.2418,0.2433,0.2401,0.2409,16202603.0
1725116400000,0.2409,0.2413,0.2389,0.2406,8659345.0
1725120000000,0.2406,0.2411,0.2348,0.2355,21349968.0
1725123600000,0.2355,0.2364,0.2323,0.2346,27194257.0
1725127200000,0.2347,0.2385,0.2344,0.2355,14925211.0
1725130800000,0.2354,0.2364,0.2347,0.2359,7699173.0
1725134400000,0.2358,0.2379,0.2349,0.2376,6572413.0
1725138000000,0.2376,0.2402,0.2367,0.2395,5593673.0
1725141600000,0.2395,0.2397,0.2377,0.2378,4262634.0
1725145200000,0.2377,0.238,0.237,0.2374,2471312.0
1725148800000,0.2374,0.2388,0.2366,0.2373,8637874.0
1725152400000,0.2372,0.2373,0.234,0.2344,7621775.0
1725156000000,0.2345,0.235,0.2323,0.2348,14757065.0
1725159600000,0.2347,0.2372,0.2339,0.2366,5783601.0
1725163200000,0.2365,0.2391,0.2352,0.238,9138963.0
1725166800000,0.2379,0.2389,0.2323,0.2335,17665000.0
1725170400000,0.2334,0.2396,0.2328,0.2385,16459867.0
1725174000000,0.2385,0.2403,0.2363,0.2402,9533289.0
1725177600000,0.2402,0.2404,0.236,0.2362,9964625.0
1725181200000,0.2362,0.2378,0.2351,0.2352,11441543.0
1725184800000,0.2352,0.2358,0.2332,0.2335,11783774.0
1725188400000,0.2335,0.2359,0.2331,0.2358,9238905.0
1725192000000,0.2357,0.2363,0.2331,0.2334,11961989.0
1725195600000,0.2334,0.2351,0.2289,0.2326,27217819.0
1725199200000,0.2326,0.2331,0.2277,0.2302,54002106.0
1725202800000,0.2302,0.2357,0.2283,0.2346,36491142.0
1725206400000,0.2346,0.2368,0.2299,0.2304,29523398.0
1725210000000,0.2305,0.2312,0.2239,0.2267,33891831.0
1725213600000,0.2267,0.2359,0.2263,0.2341,36342344.0
1725217200000,0.2341,0.2367,0.2328,0.2347,16125822.0
1725220800000,0.2346,0.2362,0.2327,0.2334,16694146.0
1725224400000,0.2333,0.2334,0.2288,0.2302,9595610.0
1725228000000,0.2302,0.2308,0.2185,0.2196,47765360.0
1725231600000,0.2196,0.2232,0.2182,0.222,33432587.0
1725235200000,0.2219,0.2268,0.2206,0.2255,29321695.0
1725238800000,0.2256,0.2284,0.224,0.2277,19408973.0
1725242400000,0.2277,0.2302,0.2261,0.2272,18852596.0
1725246000000,0.2272,0.2298,0.2254,0.2276,25153363.0
1725249600000,0.2276,0.2283,0.2213,0.2213,22163136.0
1725253200000,0.2214,0.2249,0.2202,0.2225,26810625.0
1725256800000,0.2225,0.2249,0.2225,0.2233,13505749.0
1725260400000,0.2232,0.2247,0.2176,0.2197,26220626.0
1725264000000,0.2197,0.2294,0.2193,0.227,49513541.0
1725267600000,0.227,0.2332,0.2249,0.2325,29857979.0
1725271200000,0.2326,0.2352,0.231,0.2333,32846818.0
1725274800000,0.2334,0.2368,0.2314,0.2364,30029172.0
1725278400000,0.2364,0.2364,0.2326,0.2333,18609048.0
1725282000000,0.2332,0.2337,0.2289,0.2292,20067829.0
1725285600000,0.2292,0.2371,0.2271,0.2364,38432613.0
1725289200000,0.2365,0.2381,0.2343,0.2345,23435201.0
1725292800000,0.2344,0.2383,0.2334,0.2335,21779132.0
1725296400000,0.2335,0.2385,0.2333,0.2376,20761667.0
1725300000000,0.2376,0.2377,0.2328,0.2338,24506881.0
1725303600000,0.2338,0.2349,0.2329,0.2344,7139377.0
1725307200000,0.2344,0.2431,0.234,0.241,28012582.0
1725310800000,0.241,0.2432,0.2383,0.2391,21828482.0
1725314400000,0.2391,0.2406,0.2367,0.2377,15655717.0
1725318000000,0.2377,0.239,0.2375,0.2386,13688678.0
1725321600000,0.2386,0.2392,0.2371,0.2387,16956473.0
1725325200000,0.2387,0.2408,0.2372,0.2392,13899034.0
1725328800000,0.2392,0.244,0.2381,0.2384,31094748.0
1725332400000,0.2384,0.2396,0.237,0.2376,13400957.0
1725336000000,0.2375,0.2382,0.2347,0.2366,17485748.0
1725339600000,0.2365,0.2388,0.2349,0.2384,18961271.0
1725343200000,0.2384,0.2385,0.2359,0.2362,14778957.0
1725346800000,0.2362,0.2384,0.2356,0.2376,12564020.0
1725350400000,0.2377,0.2379,0.2322,0.2326,20165900.0
1725354000000,0.2325,0.2345,0.2323,0.2334,11557517.0
1725357600000,0.2334,0.237,0.2331,0.2345,13473266.0
1725361200000,0.2345,0.2369,0.2337,0.2363,9723611.0
1725364800000,0.2363,0.2368,0.2347,0.2353,11310471.0
1725368400000,0.2352,0.2371,0.2267,0.2284,51444470.0
1725372000000,0.2284,0.2285,0.224,0.2254,51254496.0
1725375600000,0.2254,0.2261,0.2208,0.2215,34302456.0
1725379200000,0.2216,0.2249,0.2201,0.2236,27139961.0
1725382800000,0.2235,0.225,0.2229,0.223,15050702.0
1725386400000,0.2231,0.224,0.2219,0.223,13256565.0
1725390000000,0.223,0.2256,0.2216,0.2235,21742689.0
1725393600000,0.2235,0.2246,0.2221,0.2234,9191729.0
1725397200000,0.2235,0.2238,0.2218,0.2234,6937627.0
1725400800000,0.2234,0.2238,0.2212,0.2213,9900866.0
1725404400000,0.2213,0.2222,0.218,0.2192,22652216.0
1725408000000,0.2192,0.2228,0.2151,0.2158,35795700.0
1725411600000,0.2158,0.2161,0.204,0.2154,105467077.0
1725415200000,0.2154,0.2178,0.2147,0.2164,23730302.0
1725418800000,0.2164,0.2178,0.2162,0.2173,17294959.0
1725422400000,0.2173,0.2184,0.2157,0.2165,13019726.0
1725426000000,0.2165,0.2165,0.2124,0.2126,18574779.0
1725429600000,0.2126,0.2151,0.2125,0.2127,20468246.0
1725433200000,0.2126,0.2164,0.2125,0.2154,22454957.0
1725436800000,0.2154,0.2159,0.2128,0.2141,13521338.0
1725440400000,0.214,0.2144,0.2112,0.2113,17219460.0
1725444000000,0.2114,0.2122,0.2089,0.2113,31413877.0
1725447600000,0.2114,0.2125,0.209,0.2094,23656740.0
1725451200000,0.2094,0.2132,0.2092,0.2115,21098034.0
1725454800000,0.2115,0.2136,0.21,0.2134,28987533.0
1725458400000,0.2134,0.2239,0.2121,0.2216,80907859.0
1725462000000,0.2217,0.2235,0.2185,0.2229,55428478.0
1725465600000,0.2228,0.2278,0.2221,0.2246,59460544.0
1725469200000,0.2246,0.2246,0.2198,0.2201,29263434.0
1725472800000,0.2201,0.2208,0.2176,0.2183,26099443.0
1725476400000,0.2182,0.2198,0.2175,0.2195,16401944.0
1725480000000,0.2195,0.2206,0.2184,0.2203,15407209.0
1725483600000,0.2203,0.2228,0.2194,0.2223,6898999.0
1725487200000,0.2224,0.2242,0.2214,0.2225,16585963.0
1725490800000,0.2224,0.2228,0.2204,0.2214,17011237.0
1725494400000,0.2215,0.2246,0.2193,0.2194,28141456.0
1725498000000,0.2194,0.2211,0.2189,0.2203,14079445.0
1725501600000,0.2203,0.2207,0.218,0.2183,16395015.0
1725505200000,0.2183,0.2184,0.2112,0.2126,45303828.0
1725508800000,0.2125,0.2136,0.2115,0.2129,26358175.0
1725512400000,0.2128,0.213,0.2101,0.2113,19754354.0
1725516000000,0.2113,0.2122,0.2091,0.2113,25412381.0
1725519600000,0.2114,0.2144,0.2109,0.2142,16144915.0
1725523200000,0.2142,0.2168,0.2136,0.2145,19984408.0
1725526800000,0.2144,0.2201,0.2139,0.2165,89087109.0
1725530400000,0.2164,0.2184,0.2151,0.2168,22262737.0
1725534000000,0.2167,0.2176,0.2157,0.2164,13505632.0
1725537600000,0.2165,0.2192,0.2154,0.2163,42105980.0
1725541200000,0.2164,0.2174,0.213,0.2159,51273567.0
1725544800000,0.2158,0.2169,0.2094,0.2105,42780220.0
1725548400000,0.2105,0.2117,0.2077,0.21,53102767.0
1725552000000,0.21,0.2109,0.2063,0.2075,32547833.0
1725555600000,0.2075,0.2108,0.2068,0.2105,21135266.0
1725559200000,0.2106,0.2117,0.2093,0.2109,15530378.0
1725562800000,0.2109,0.2109,0.2052,0.2066,28328693.0
1725566400000,0.2066,0.2075,0.2057,0.2062,20701946.0
1725570000000,0.2062,0.208,0.2055,0.2076,11792029.0
1725573600000,0.2077,0.2084,0.2051,0.2077,18525617.0
1725577200000,0.2077,0.2085,0.2068,0.2073,11185857.0
1725580800000,0.2072,0.2096,0.2061,0.2093,23792502.0
1725584400000,0.2093,0.2129,0.2082,0.2116,24966510.0
1725588000000,0.2116,0.2135,0.211,0.2126,19161484.0
1725591600000,0.2126,0.2141,0.212,0.2123,11959808.0
1725595200000,0.2122,0.2128,0.2096,0.2099,14731905.0
1725598800000,0.2098,0.2108,0.2082,0.2103,20005497.0
1725602400000,0.2102,0.2107,0.2082,0.2092,17882215.0
1725606000000,0.2093,0.2093,0.2037,0.2072,59607498.0
1725609600000,0.2071,0.2139,0.2071,0.2135,62168950.0
1725613200000,0.2134,0.2136,0.208,0.2089,27738807.0
1725616800000,0.2088,0.2139,0.2088,0.2129,25254234.0
1725620400000,0.213,0.2138,0.2104,0.2114,21249087.0
1725624000000,0.2115,0.217,0.2092,0.2164,65511735.0
1725627600000,0.2164,0.2171,0.2098,0.2101,57330659.0
1725631200000,0.2101,0.2101,0.2048,0.209,94245563.0
1725634800000,0.209,0.2118,0.2056,0.2115,73931965.0
1725638400000,0.2115,0.2123,0.2067,0.2083,50474835.0
1725642000000,0.2084,0.2095,0.2038,0.2067,49502638.0
1725645600000,0.2067,0.2069,0.2012,0.2013,46058537.0
1725649200000,0.2013,0.2055,0.2012,0.2039,57795260.0
1725652800000,0.2039,0.2047,0.1951,0.1956,85437443.0
1725656400000,0.1956,0.2023,0.1937,0.2022,61709333.0
1725660000000,0.2023,0.2048,0.2013,0.2038,17787453.0
1725663600000,0.2039,0.205,0.2034,0.2043,10991375.0
1725667200000,0.2043,0.2067,0.2038,0.2054,15513645.0
1725670800000,0.2054,0.206,0.2034,0.2044,13030141.0
1725674400000,0.2044,0.2059,0.2037,0.2056,9970016.0
1725678000000,0.2056,0.2069,0.2049,0.2051,7192119.0
1725681600000,0.2051,0.2062,0.2049,0.2058,7381782.0
1725685200000,0.2058,0.2082,0.2051,0.2077,16601377.0
1725688800000,0.2076,0.2099,0.2072,0.2098,11811127.0
1725692400000,0.2099,0.2116,0.2083,0.2104,23248927.0
1725696000000,0.2105,0.2113,0.2092,0.2103,12808507.0
1725699600000,0.2103,0.2104,0.208,0.2083,8928200.0
1725703200000,0.2083,0.2101,0.2082,0.2091,7324279.0
1725706800000,0.2092,0.2117,0.2092,0.2104,12483627.0
1725710400000,0.2105,0.2115,0.2101,0.2103,12262800.0
1725714000000,0.2104,0.2113,0.2098,0.2112,8445213.0
1725717600000,0.2111,0.2119,0.2102,0.2114,9887337.0
1725721200000,0.2114,0.213,0.211,0.2113,13586072.0
1725724800000,0.2113,0.2126,0.2099,0.2104,14956063.0
1725728400000,0.2104,0.2108,0.2076,0.2083,16504321.0
1725732000000,0.2082,0.2104,0.2073,0.2095,12345738.0
1725735600000,0.2094,0.213,0.2094,0.2124,10479767.0
1725739200000,0.2123,0.2126,0.2094,0.2095,14014630.0
1725742800000,0.2095,0.21,0.2082,0.2086,7859629.0
1725746400000,0.2086,0.2092,0.2074,0.2076,7552077.0
1725750000000,0.2075,0.211,0.207,0.211,7129734.0
1725753600000,0.2109,0.2114,0.2089,0.2101,10661874.0
1725757200000,0.2102,0.2121,0.21,0.2108,7966456.0
1725760800000,0.2108,0.2127,0.2103,0.2122,7066303.0
1725764400000,0.2123,0.214,0.2119,0.2133,8996577.0
1725768000000,0.2133,0.2155,0.2131,0.2145,12782761.0
1725771600000,0.2146,0.2152,0.2116,0.2125,12789194.0
1725775200000,0.2124,0.2137,0.2122,0.2129,9381862.0
1725778800000,0.213,0.2159,0.213,0.2154,12910306.0
1725782400000,0.2153,0.2178,0.2149,0.2173,12938881.0
1725786000000,0.2172,0.2194,0.216,0.216,14739099.0
1725789600000,0.2161,0.2175,0.2161,0.2167,10143759.0
1725793200000,0.2166,0.2169,0.215,0.2153,10334476.0
1725796800000,0.2152,0.218,0.213,0.217,38928601.0
1725800400000,0.217,0.2172,0.2143,0.2161,16631758.0
1725804000000,0.2161,0.2164,0.2134,0.2134,15524592.0
1725807600000,0.2135,0.2142,0.2119,0.2123,22004324.0
1725811200000,0.2122,0.2138,0.2108,0.2127,16568019.0
1725814800000,0.2127,0.217,0.2127,0.2168,13602804.0
1725818400000,0.2168,0.2171,0.2149,0.2152,8830853.0
1725822000000,0.2151,0.2155,0.2142,0.2147,6876479.0
1725825600000,0.2146,0.2155,0.2138,0.2151,7897576.0
1725829200000,0.2152,0.2183,0.2151,0.2176,14280944.0
1725832800000,0.2175,0.2252,0.2165,0.218,48146065.0
1725836400000,0.2181,0.2211,0.2177,0.2201,17689137.0
1725840000000,0.22,0.2211,0.2164,0.2192,19324278.0
1725843600000,0.2192,0.2214,0.2174,0.219,21117535.0
1725847200000,0.2191,0.2195,0.216,0.2172,14671389.0
1725850800000,0.2173,0.2176,0.2151,0.2164,13720528.0
1725854400000,0.2164,0.2187,0.2162,0.2165,17366680.0
1725858000000,0.2164,0.2171,0.215,0.2158,12134062.0
1725861600000,0.2158,0.2181,0.2154,0.2181,10847228.0
1725865200000,0.2181,0.2197,0.2169,0.2194,13583055.0
1725868800000,0.2194,0.2217,0.2193,0.2211,14424601.0
1725872400000,0.2211,0.2298,0.2208,0.2224,52503804.0
1725876000000,0.2225,0.2253,0.2215,0.2251,21978400.0
1725879600000,0.2251,0.2253,0.2225,0.2235,12861522.0
1725883200000,0.2235,0.2258,0.2223,0.2256,14291682.0
1725886800000,0.2256,0.2272,0.2241,0.2265,30448439.0
1725890400000,0.2265,0.2268,0.2205,0.2213,38092362.0
1725894000000,0.2213,0.2267,0.2212,0.2261,16847213.0
1725897600000,0.2261,0.2326,0.2259,0.2314,41830043.0
1725901200000,0.2315,0.2325,0.2289,0.2304,20299618.0
1725904800000,0.2305,0.2329,0.2296,0.2316,20340985.0
1725908400000,0.2316,0.2346,0.2313,0.234,16284155.0
1725912000000,0.234,0.2345,0.2322,0.2335,13673124.0
1725915600000,0.2334,0.2379,0.2331,0.2363,25518562.0
1725919200000,0.2363,0.2372,0.2343,0.2347,10466989.0
1725922800000,0.2347,0.2355,0.2336,0.2343,7391581.0
1725926400000,0.2344,0.2345,0.231,0.2324,17123793.0
1725930000000,0.2324,0.2326,0.2302,0.2305,7756330.0
1725933600000,0.2305,0.2305,0.2284,0.2293,11044268.0
1725937200000,0.2294,0.2295,0.2275,0.2276,9529108.0
1725940800000,0.2276,0.229,0.2265,0.2282,12614964.0
1725944400000,0.2283,0.2319,0.2283,0.2308,13016836.0
1725948000000,0.2308,0.231,0.2282,0.2282,7183690.0
1725951600000,0.2283,0.2311,0.2274,0.2294,18600206.0
1725955200000,0.2293,0.2302,0.2268,0.2274,12124645.0
1725958800000,0.2273,0.2327,0.2261,0.2309,35980012.0
1725962400000,0.2309,0.2316,0.2293,0.2313,12014830.0
1725966000000,0.2314,0.2328,0.2302,0.2324,11797668.0
1725969600000,0.2324,0.2338,0.2302,0.2304,17668435.0
1725973200000,0.2304,0.2304,0.2269,0.2283,34466999.0
1725976800000,0.2283,0.2314,0.2273,0.2305,34218637.0
1725980400000,0.2306,0.2349,0.2304,0.2306,40363650.0
1725984000000,0.2306,0.2325,0.226,0.2265,55060495.0
1725987600000,0.2266,0.2309,0.2265,0.2289,29157367.0
1725991200000,0.229,0.2345,0.2288,0.231,26012759.0
1725994800000,0.2309,0.2333,0.2295,0.2315,21761084.0
1725998400000,0.2315,0.2321,0.2297,0.2297,16810340.0
1726002000000,0.2297,0.2307,0.2285,0.2286,8365797.0
1726005600000,0.2286,0.2296,0.2278,0.2286,9817972.0
1726009200000,0.2287,0.2296,0.2273,0.2279,9420222.0
1726012800000,0.228,0.2287,0.2263,0.2267,12904395.0
1726016400000,0.2268,0.2268,0.2207,0.2221,29741912.0
1726020000000,0.2222,0.2247,0.222,0.2226,16444994.0
1726023600000,0.2225,0.2233,0.2211,0.2223,17297541.0
1726027200000,0.2223,0.223,0.2191,0.2204,26812896.0
1726030800000,0.2204,0.2206,0.2175,0.219,19970836.0
1726034400000,0.219,0.221,0.2184,0.2201,15052727.0
1726038000000,0.2202,0.2226,0.2201,0.2223,11908813.0
1726041600000,0.2223,0.2224,0.2192,0.2194,13488491.0
1726045200000,0.2194,0.2207,0.2186,0.2191,12583855.0
1726048800000,0.2191,0.2198,0.2165,0.2175,25762625.0
1726052400000,0.2175,0.2185,0.2168,0.2185,13480385.0
1726056000000,0.2185,0.22,0.2142,0.2179,46830424.0
1726059600000,0.2178,0.2207,0.2125,0.2127,56444203.0
1726063200000,0.2126,0.2143,0.2066,0.2084,80551750.0
1726066800000,0.2084,0.2115,0.2076,0.2092,61198491.0
1726070400000,0.2092,0.2128,0.2088,0.2112,31644473.0
1726074000000,0.2111,0.2141,0.2109,0.2116,33548934.0
1726077600000,0.2115,0.2158,0.2111,0.2126,40942214.0
1726081200000,0.2126,0.213,0.2108,0.2122,19233130.0
1726084800000,0.2122,0.2145,0.212,0.2135,9231898.0
1726088400000,0.2135,0.2146,0.2122,0.2124,7490261.0
1726092000000,0.2125,0.2131,0.2116,0.2125,9023890.0
1726095600000,0.2124,0.2126,0.2112,0.2115,11324372.0
1726099200000,0.2115,0.2141,0.2111,0.2112,26250937.0
1726102800000,0.2113,0.2153,0.2113,0.215,20613374.0
1726106400000,0.215,0.2179,0.2133,0.2134,28652793.0
1726110000000,0.2134,0.2144,0.2125,0.2125,15298463.0
1726113600000,0.2126,0.2147,0.2102,0.2104,34861009.0
1726117200000,0.2104,0.2105,0.2082,0.209,30871226.0
1726120800000,0.2091,0.2101,0.2082,0.2094,21972485.0
1726124400000,0.2094,0.2111,0.2089,0.2094,18676384.0
1726128000000,0.2094,0.2103,0.2079,0.2085,21660085.0
1726131600000,0.2085,0.2094,0.2072,0.2075,29309469.0
1726135200000,0.2075,0.2088,0.2068,0.207,22841013.0
1726138800000,0.2069,0.2072,0.2025,0.2044,53891533.0
1726142400000,0.2044,0.2068,0.2025,0.2063,55044410.0
1726146000000,0.2063,0.2088,0.2056,0.2079,50573716.0
1726149600000,0.2079,0.21,0.2037,0.2038,61361794.0
1726153200000,0.2038,0.2055,0.202,0.2031,55277285.0
1726156800000,0.2031,0.2058,0.2029,0.2052,26048383.0
1726160400000,0.2051,0.2063,0.2044,0.206,26588125.0
1726164000000,0.206,0.2084,0.2057,0.2072,31527512.0
1726167600000,0.2071,0.2093,0.2064,0.2087,27096710.0
1726171200000,0.2088,0.2089,0.207,0.2072,14373415.0
1726174800000,0.2073,0.2094,0.2069,0.2083,13625436.0
1726178400000,0.2083,0.2114,0.2081,0.2113,18052194.0
1726182000000,0.2113,0.2129,0.2102,0.2117,26493034.0
1726185600000,0.2117,0.2131,0.2111,0.2113,21394304.0
1726189200000,0.2112,0.2116,0.2088,0.2101,20213205.0
1726192800000,0.2102,0.2104,0.2087,0.2095,8813774.0
1726196400000,0.2095,0.21,0.2079,0.2079,11750136.0
1726200000000,0.2079,0.2086,0.2073,0.2075,12284584.0
1726203600000,0.2076,0.2098,0.2075,0.2095,12279706.0
1726207200000,0.2095,0.2096,0.2082,0.2083,16897883.0
1726210800000,0.2083,0.2093,0.2073,0.2088,11851733.0
1726214400000,0.2088,0.2095,0.2075,0.2077,15537865.0
1726218000000,0.2076,0.2105,0.2074,0.2095,15690568.0
1726221600000,0.2096,0.2114,0.2092,0.2112,21547247.0
1726225200000,0.2112,0.2127,0.2103,0.2106,23968198.0
1726228800000,0.2106,0.2123,0.2086,0.2107,40977515.0
1726232400000,0.2107,0.2116,0.2054,0.207,53593132.0
1726236000000,0.2071,0.2086,0.2056,0.2076,50338548.0
1726239600000,0.2076,0.2161,0.2071,0.214,85451969.0
1726243200000,0.2139,0.2191,0.2139,0.2188,73621313.0
1726246800000,0.2189,0.2221,0.2176,0.2179,48835500.0
1726250400000,0.2179,0.2216,0.2178,0.2213,33527252.0
1726254000000,0.2212,0.2235,0.221,0.2216,24453103.0
1726257600000,0.2215,0.2234,0.2204,0.2206,14302500.0
1726261200000,0.2205,0.2234,0.2205,0.2208,26536968.0
1726264800000,0.2208,0.2232,0.2208,0.2217,16291639.0
1726268400000,0.2217,0.222,0.2177,0.2195,24215240.0
1726272000000,0.2196,0.2208,0.2195,0.2204,12951811.0
1726275600000,0.2204,0.2244,0.22,0.2232,14250427.0
1726279200000,0.2232,0.2255,0.2229,0.2252,22062796.0
1726282800000,0.2252,0.2269,0.224,0.2255,9917168.0
1726286400000,0.2255,0.2264,0.2245,0.2252,11545141.0
1726290000000,0.2252,0.2254,0.2228,0.223,11628907.0
1726293600000,0.2229,0.2248,0.2225,0.2238,13537952.0
1726297200000,0.2238,0.2245,0.2227,0.2232,10368024.0
1726300800000,0.2231,0.2246,0.222,0.2224,16751782.0
1726304400000,0.2224,0.2245,0.2217,0.2243,11542293.0
1726308000000,0.2242,0.2248,0.2218,0.2227,15686607.0
1726311600000,0.2226,0.2228,0.2209,0.2219,15345163.0
1726315200000,0.2219,0.2256,0.2211,0.2246,18833980.0
1726318800000,0.2246,0.2258,0.2238,0.2244,12439416.0
1726322400000,0.2244,0.2247,0.2226,0.2234,21161343.0
1726326000000,0.2234,0.2238,0.2214,0.2221,12017804.0
1726329600000,0.222,0.2238,0.2215,0.2218,11053701.0
1726333200000,0.2218,0.2219,0.2202,0.2207,10055775.0
1726336800000,0.2208,0.2211,0.218,0.2209,26034291.0
1726340400000,0.221,0.2211,0.2191,0.2194,9085716.0
1726344000000,0.2193,0.2211,0.2188,0.2209,11302637.0
1726347600000,0.2209,0.2219,0.2204,0.2211,5514123.0
1726351200000,0.221,0.222,0.2205,0.2219,6942183.0
1726354800000,0.2218,0.2232,0.2217,0.2223,6878503.0
1726358400000,0.2222,0.2223,0.2204,0.2206,7741827.0
1726362000000,0.2206,0.2247,0.2205,0.2246,14034142.0
1726365600000,0.2245,0.2295,0.2245,0.2293,27340128.0
1726369200000,0.2292,0.2305,0.2265,0.2271,20845637.0
1726372800000,0.227,0.2274,0.2243,0.2248,19410957.0
1726376400000,0.2248,0.2255,0.2241,0.2242,9267357.0
1726380000000,0.2242,0.2257,0.2242,0.225,8706877.0
1726383600000,0.225,0.2266,0.224,0.2265,11992281.0
1726387200000,0.2264,0.2267,0.2244,0.2248,12599795.0
1726390800000,0.2247,0.2255,0.2235,0.224,8638509.0
1726394400000,0.2241,0.2244,0.2223,0.2236,10239235.0
1726398000000,0.2235,0.2235,0.2206,0.222,18797298.0
1726401600000,0.222,0.2245,0.2216,0.2245,14516127.0
1726405200000,0.2244,0.2276,0.224,0.2264,22020409.0
1726408800000,0.2264,0.2272,0.2232,0.2261,20406754.0
1726412400000,0.2262,0.2275,0.2248,0.2254,16384987.0
1726416000000,0.2253,0.226,0.2205,0.2208,17898961.0
1726419600000,0.2208,0.2213,0.218,0.2188,24147604.0
1726423200000,0.2188,0.2201,0.2166,0.2193,20267986.0
1726426800000,0.2193,0.2209,0.2183,0.2189,14133185.0
1726430400000,0.2188,0.2192,0.2156,0.2165,20244747.0
1726434000000,0.2165,0.2166,0.2125,0.2148,25498091.0
1726437600000,0.2149,0.2151,0.2129,0.2137,8055098.0
1726441200000,0.2136,0.2137,0.2094,0.2119,34323936.0
1726444800000,0.2119,0.2127,0.2101,0.2119,26007990.0
1726448400000,0.2119,0.2122,0.2087,0.21,28687897.0
1726452000000,0.21,0.2103,0.2062,0.2068,30921136.0
1726455600000,0.2069,0.2104,0.2065,0.2103,23513049.0
1726459200000,0.2102,0.2102,0.2089,0.2095,10439566.0
1726462800000,0.2094,0.2132,0.2093,0.2131,18219377.0
1726466400000,0.2132,0.2147,0.2109,0.2111,20647005.0
1726470000000,0.2111,0.2134,0.2106,0.2132,12809790.0
1726473600000,0.2132,0.2184,0.213,0.2147,26315006.0
1726477200000,0.2148,0.2155,0.2109,0.2125,23992692.0
1726480800000,0.2125,0.2128,0.21,0.2124,22385411.0
1726484400000,0.2124,0.2143,0.2114,0.2131,15972242.0
1726488000000,0.213,0.2143,0.2107,0.2118,24473841.0
1726491600000,0.2118,0.2164,0.2096,0.2164,40406764.0
1726495200000,0.2163,0.2177,0.2109,0.2113,47891724.0
1726498800000,0.2113,0.2163,0.2113,0.2123,30901535.0
1726502400000,0.2122,0.2132,0.21,0.2106,21766766.0
1726506000000,0.2107,0.2143,0.208,0.2137,29561927.0
1726509600000,0.2137,0.2138,0.2104,0.2113,19611822.0
1726513200000,0.2113,0.2119,0.2095,0.2105,15458217.0
1726516800000,0.2105,0.2106,0.2078,0.2079,18712796.0
1726520400000,0.2079,0.2096,0.2065,0.2093,16530945.0
1726524000000,0.2093,0.2093,0.2062,0.2075,13262941.0
1726527600000,0.2076,0.2104,0.2075,0.2093,9423079.0
1726531200000,0.2093,0.2101,0.2067,0.2068,17605544.0
1726534800000,0.2068,0.2094,0.2051,0.2089,24514539.0
1726538400000,0.209,0.2108,0.2078,0.2093,12676489.0
1726542000000,0.2092,0.211,0.209,0.2102,7816890.0
1726545600000,0.2103,0.2118,0.2099,0.2118,9550387.0
1726549200000,0.2118,0.2163,0.2114,0.2153,16396142.0
1726552800000,0.2154,0.2156,0.2126,0.2128,15595369.0
1726556400000,0.2128,0.2153,0.2122,0.2147,10595171.0
1726560000000,0.2148,0.2166,0.2124,0.2127,19927116.0
1726563600000,0.2126,0.2127,0.2086,0.2108,38828423.0
1726567200000,0.2108,0.2131,0.2107,0.213,17905945.0
1726570800000,0.213,0.214,0.2097,0.213,17613081.0
1726574400000,0.2131,0.2146,0.2121,0.2134,13265616.0
1726578000000,0.2133,0.2159,0.2114,0.2121,24718874.0
1726581600000,0.2121,0.221,0.2116,0.2202,69257489.0
1726585200000,0.2202,0.2299,0.2201,0.2295,70946187.0
1726588800000,0.2296,0.2308,0.2234,0.2248,58763819.0
1726592400000,0.2248,0.2265,0.2218,0.2252,32038801.0
1726596000000,0.2251,0.2259,0.2205,0.2219,28649841.0
1726599600000,0.2218,0.2254,0.2208,0.2232,23764148.0
1726603200000,0.2232,0.2255,0.2225,0.2245,17287489.0
1726606800000,0.2245,0.2258,0.2239,0.2256,6911597.0
1726610400000,0.2255,0.2267,0.2249,0.2255,12247075.0
1726614000000,0.2255,0.2279,0.224,0.2276,11221051.0
1726617600000,0.2277,0.228,0.2229,0.2268,24633689.0
1726621200000,0.2269,0.2289,0.2246,0.2276,19628640.0
1726624800000,0.2276,0.2309,0.2259,0.2299,17871481.0
1726628400000,0.2298,0.2329,0.2288,0.2301,30105176.0
1726632000000,0.2301,0.2323,0.2271,0.2288,26725562.0
1726635600000,0.2288,0.2296,0.2267,0.2296,16394534.0
1726639200000,0.2296,0.2346,0.2293,0.2336,23338702.0
1726642800000,0.2336,0.2345,0.2304,0.2323,18764333.0
1726646400000,0.2323,0.2333,0.2286,0.2289,19416716.0
1726650000000,0.229,0.2297,0.2236,0.2239,28275195.0
1726653600000,0.2238,0.2254,0.2214,0.2243,27206907.0
1726657200000,0.2243,0.2257,0.2233,0.2234,12542918.0
1726660800000,0.2234,0.2267,0.2228,0.2264,11811206.0
1726664400000,0.2264,0.2282,0.2223,0.2231,26038539.0
1726668000000,0.2232,0.2257,0.2223,0.2224,20150276.0
1726671600000,0.2225,0.2235,0.218,0.2191,25952620.0
1726675200000,0.219,0.2233,0.2181,0.2219,33190949.0
1726678800000,0.2219,0.2246,0.2192,0.2225,24725717.0
1726682400000,0.2224,0.2347,0.2219,0.2319,77415700.0
1726686000000,0.2319,0.2337,0.2276,0.2282,56485233.0
1726689600000,0.2282,0.2313,0.226,0.2309,22995262.0
1726693200000,0.2309,0.2316,0.2288,0.2289,10141761.0
1726696800000,0.2288,0.2363,0.2288,0.2347,19682996.0
1726700400000,0.2347,0.2427,0.2346,0.2425,40043829.0
1726704000000,0.2426,0.2475,0.2408,0.2445,48075994.0
1726707600000,0.2444,0.2452,0.2404,0.2441,32627521.0
1726711200000,0.2442,0.249,0.2438,0.2489,25042706.0
1726714800000,0.2488,0.2528,0.2466,0.252,41478159.0
1726718400000,0.252,0.2523,0.2486,0.2509,29211956.0
1726722000000,0.2509,0.2551,0.2503,0.251,27292517.0
1726725600000,0.251,0.252,0.2485,0.2495,23258781.0
1726729200000,0.2495,0.2522,0.2486,0.2512,21567067.0
1726732800000,0.2512,0.253,0.2488,0.249,19315949.0
1726736400000,0.2491,0.2525,0.2489,0.2503,15390460.0
1726740000000,0.2502,0.2515,0.247,0.2489,21473854.0
1726743600000,0.2489,0.25,0.2469,0.2496,13582375.0
1726747200000,0.2495,0.2508,0.2469,0.2485,25321738.0
1726750800000,0.2485,0.2508,0.2466,0.2493,22902293.0
1726754400000,0.2494,0.2512,0.2461,0.2466,25350126.0
1726758000000,0.2467,0.2495,0.2466,0.2484,14071374.0
1726761600000,0.2483,0.2533,0.2481,0.2507,23141985.0
1726765200000,0.2507,0.2526,0.2504,0.2513,14523483.0
1726768800000,0.2512,0.2524,0.2498,0.2502,9926305.0
1726772400000,0.2502,0.2514,0.249,0.2494,10492346.0
1726776000000,0.2493,0.2503,0.2485,0.2489,8418759.0
1726779600000,0.2487,0.2503,0.247,0.2474,11109234.0
1726783200000,0.2474,0.2496,0.2463,0.2494,15945461.0
1726786800000,0.2494,0.2502,0.2477,0.2482,10937685.0
1726790400000,0.2482,0.2495,0.244,0.2457,20430566.0
1726794000000,0.2456,0.2474,0.2415,0.2465,23148261.0
1726797600000,0.2466,0.2476,0.2447,0.2472,12683687.0
1726801200000,0.2472,0.2548,0.2468,0.2546,25555091.0
1726804800000,0.2546,0.2593,0.253,0.2552,50719909.0
1726808400000,0.2552,0.2601,0.2546,0.2562,33388063.0
1726812000000,0.2561,0.2661,0.255,0.2639,43690769.0
1726815600000,0.2638,0.2641,0.2584,0.2603,28341880.0
1726819200000,0.2604,0.2607,0.2547,0.2578,24156174.0
1726822800000,0.2577,0.2608,0.2572,0.2591,17641854.0
1726826400000,0.2591,0.2623,0.2584,0.2605,14102418.0
1726830000000,0.2606,0.2607,0.2527,0.2547,29711157.0
1726833600000,0.2546,0.2602,0.2545,0.2588,25174358.0
1726837200000,0.2587,0.2624,0.2545,0.2573,48959935.0
1726840800000,0.2574,0.2661,0.2573,0.2597,55023781.0
1726844400000,0.2596,0.2626,0.2565,0.2618,31373923.0
1726848000000,0.2619,0.2649,0.2566,0.2575,25275227.0
1726851600000,0.2575,0.2577,0.2547,0.256,18174913.0
1726855200000,0.2561,0.2579,0.253,0.2576,19363291.0
1726858800000,0.2576,0.2586,0.2566,0.2568,8249701.0
1726862400000,0.2568,0.2581,0.256,0.257,6016239.0
1726866000000,0.2571,0.2626,0.257,0.2617,11937304.0
1726869600000,0.2616,0.2633,0.2602,0.2625,9710190.0
1726873200000,0.2625,0.2626,0.258,0.2601,16893480.0
1726876800000,0.2602,0.2633,0.258,0.2609,23074733.0
1726880400000,0.261,0.2613,0.2555,0.2555,17917891.0
1726884000000,0.2555,0.2594,0.2552,0.2585,15255681.0
1726887600000,0.2584,0.2603,0.256,0.2565,12432606.0
1726891200000,0.2565,0.2574,0.251,0.253,22838637.0
1726894800000,0.2531,0.2565,0.2526,0.2547,9189893.0
1726898400000,0.2547,0.263,0.2547,0.2613,19794058.0
1726902000000,0.2612,0.2629,0.2594,0.26,12828870.0
1726905600000,0.2601,0.2607,0.2565,0.2576,12436835.0
1726909200000,0.2575,0.2596,0.2565,0.2583,11275219.0
1726912800000,0.2583,0.2586,0.2558,0.2564,8354880.0
1726916400000,0.2563,0.258,0.256,0.2571,7190386.0
1726920000000,0.2571,0.2601,0.2565,0.2597,7909190.0
1726923600000,0.2596,0.2635,0.2572,0.2624,14360509.0
1726927200000,0.2625,0.2745,0.2615,0.2733,54723629.0
1726930800000,0.2732,0.2733,0.2662,0.2683,27066703.0
1726934400000,0.2683,0.2732,0.2682,0.2719,20408280.0
1726938000000,0.272,0.2734,0.2693,0.2723,19915976.0
1726941600000,0.2722,0.2796,0.2712,0.2761,28141337.0
1726945200000,0.276,0.2865,0.2752,0.2824,44197435.0
1726948800000,0.2823,0.2837,0.2791,0.2793,21239239.0
1726952400000,0.2792,0.2831,0.2784,0.2824,16480152.0
1726956000000,0.2824,0.2843,0.2798,0.2835,10516863.0
1726959600000,0.2835,0.2897,0.2831,0.2882,21517624.0
1726963200000,0.2881,0.2974,0.2805,0.2973,54110616.0
1726966800000,0.2974,0.3043,0.2892,0.2897,74105320.0
1726970400000,0.2898,0.291,0.279,0.2806,48511965.0
1726974000000,0.2806,0.2819,0.2774,0.2796,25425156.0
1726977600000,0.2797,0.2803,0.2772,0.2775,13757519.0
1726981200000,0.2775,0.2783,0.2728,0.2733,22289079.0
1726984800000,0.2733,0.2754,0.272,0.2725,14988162.0
1726988400000,0.2725,0.2739,0.2712,0.2728,10997211.0
1726992000000,0.2728,0.2776,0.2723,0.2773,14399241.0
1726995600000,0.2774,0.2783,0.2684,0.2692,22940297.0
1726999200000,0.2692,0.27,0.2659,0.2698,19671818.0
1727002800000,0.2698,0.2722,0.2666,0.2712,19373019.0
1727006400000,0.2712,0.2724,0.268,0.2697,13186435.0
1727010000000,0.2696,0.271,0.2655,0.2665,16125372.0
1727013600000,0.2665,0.2699,0.2653,0.2672,16921113.0
1727017200000,0.2671,0.2675,0.2644,0.266,14491247.0
1727020800000,0.266,0.2692,0.2623,0.2676,25944101.0
1727024400000,0.2675,0.2728,0.2673,0.2724,19508725.0
1727028000000,0.2725,0.2735,0.2706,0.2707,22402330.0
1727031600000,0.2707,0.2715,0.2669,0.2704,13478025.0
1727035200000,0.2704,0.272,0.2696,0.27,9087902.0
1727038800000,0.27,0.2711,0.2645,0.2649,10444222.0
1727042400000,0.2649,0.2757,0.261,0.275,52035287.0
1727046000000,0.2749,0.2756,0.2703,0.274,28882915.0
1727049600000,0.274,0.2793,0.266,0.275,49704162.0
1727053200000,0.2751,0.2897,0.2751,0.2861,54604063.0
1727056800000,0.2861,0.287,0.2814,0.2854,34713805.0
1727060400000,0.2854,0.296,0.2846,0.2902,55646883.0
1727064000000,0.2902,0.2908,0.2844,0.2853,20358039.0
1727067600000,0.2852,0.2899,0.2839,0.2867,16558170.0
1727071200000,0.2867,0.2873,0.2833,0.2843,14371414.0
1727074800000,0.2843,0.2846,0.2777,0.2781,25392028.0
1727078400000,0.2782,0.2788,0.2738,0.2749,21676639.0
1727082000000,0.275,0.2809,0.2748,0.2798,15599826.0
1727085600000,0.2797,0.2816,0.2775,0.278,13454529.0
1727089200000,0.2781,0.2783,0.2744,0.2755,10908524.0
1727092800000,0.2754,0.2769,0.2717,0.2731,11755031.0
1727096400000,0.2731,0.2762,0.2723,0.2743,16570470.0
1727100000000,0.2743,0.2838,0.2739,0.2795,30291081.0
1727103600000,0.2796,0.2846,0.2753,0.2817,25488319.0
1727107200000,0.2817,0.2862,0.2781,0.2788,28692137.0
1727110800000,0.2788,0.2799,0.2766,0.2793,11728723.0
1727114400000,0.2794,0.2855,0.2787,0.2838,15280467.0
1727118000000,0.2837,0.287,0.2813,0.2821,14269237.0
1727121600000,0.2821,0.2839,0.2802,0.281,7893160.0
1727125200000,0.281,0.2831,0.2784,0.2808,12382400.0
1727128800000,0.2808,0.2808,0.2781,0.2785,5436867.0
1727132400000,0.2786,0.2812,0.2773,0.281,7030985.0
1727136000000,0.2811,0.2853,0.2777,0.2784,29891453.0
1727139600000,0.2786,0.2799,0.2738,0.2769,19304515.0
1727143200000,0.2768,0.2807,0.2747,0.2796,15416642.0
1727146800000,0.2796,0.2815,0.2788,0.2811,6163106.0
1727150400000,0.2811,0.2815,0.2765,0.2775,10136265.0
1727154000000,0.2775,0.2837,0.2771,0.2823,20315858.0
1727157600000,0.2822,0.2859,0.2812,0.2851,12604869.0
1727161200000,0.2851,0.3044,0.2847,0.303,54863294.0
1727164800000,0.3031,0.3115,0.2984,0.3066,74590907.0
1727168400000,0.3065,0.3069,0.2915,0.2952,55265810.0
1727172000000,0.2952,0.3002,0.2938,0.2983,21119832.0
1727175600000,0.2983,0.3008,0.2967,0.3002,18279664.0
1727179200000,0.3003,0.3077,0.2994,0.3066,31755537.0
1727182800000,0.3067,0.3158,0.304,0.3106,45105052.0
1727186400000,0.3107,0.3112,0.302,0.3065,58650962.0
1727190000000,0.3063,0.3105,0.304,0.3049,29532089.0
1727193600000,0.3049,0.3095,0.3045,0.3071,19009476.0
1727197200000,0.307,0.3143,0.3063,0.3113,24317428.0
1727200800000,0.3113,0.3131,0.31,0.3122,17117718.0
1727204400000,0.3122,0.319,0.3117,0.317,18645634.0
1727208000000,0.317,0.3259,0.315,0.3245,30957622.0
1727211600000,0.3244,0.3259,0.3184,0.3249,30276509.0
1727215200000,0.3248,0.33,0.3237,0.3257,61724964.0
1727218800000,0.3258,0.327,0.3206,0.3224,20655047.0
1727222400000,0.3224,0.3377,0.3224,0.3345,45431055.0
1727226000000,0.3344,0.3414,0.3324,0.3341,35256538.0
1727229600000,0.3341,0.3383,0.3318,0.3332,19343771.0
1727233200000,0.3331,0.3332,0.3252,0.3264,25689256.0
1727236800000,0.3265,0.3272,0.318,0.319,26005801.0
1727240400000,0.3191,0.321,0.3163,0.3176,14364944.0
1727244000000,0.3177,0.3182,0.3104,0.3108,21050663.0
1727247600000,0.3108,0.3141,0.3093,0.3111,17212278.0
1727251200000,0.3111,0.3139,0.311,0.3137,10698098.0
1727254800000,0.3136,0.3191,0.3122,0.3136,17275062.0
1727258400000,0.3137,0.3197,0.313,0.3182,18425638.0
1727262000000,0.3183,0.322,0.3157,0.3201,11764768.0
1727265600000,0.32,0.3201,0.3108,0.3111,17665507.0
1727269200000,0.3112,0.313,0.307,0.3124,18546027.0
1727272800000,0.3123,0.3171,0.312,0.3165,18856270.0
1727276400000,0.3164,0.3176,0.309,0.3091,19261872.0
1727280000000,0.3093,0.3132,0.3063,0.3098,23764038.0
1727283600000,0.3099,0.3107,0.3063,0.3072,11072847.0
1727287200000,0.3072,0.3149,0.3065,0.3135,16904261.0
1727290800000,0.3135,0.3178,0.3132,0.3135,10968544.0
1727294400000,0.3135,0.3162,0.3129,0.3158,5674401.0
1727298000000,0.3158,0.3163,0.3134,0.3136,3841088.0
1727301600000,0.3137,0.3142,0.3105,0.3137,9124825.0
1727305200000,0.3137,0.3141,0.3104,0.3128,7261792.0
1727308800000,0.3128,0.3164,0.3072,0.3098,19348954.0
1727312400000,0.31,0.3146,0.3074,0.3141,12875516.0
1727316000000,0.314,0.3179,0.3133,0.3174,9780685.0
1727319600000,0.3173,0.319,0.3161,0.3179,6238934.0
1727323200000,0.3179,0.32,0.3133,0.3138,10975345.0
1727326800000,0.3138,0.32,0.3124,0.3194,9375466.0
1727330400000,0.3193,0.3218,0.3167,0.3171,10100799.0
1727334000000,0.3171,0.3222,0.3161,0.3214,10169323.0
1727337600000,0.3214,0.3273,0.3209,0.3244,27745119.0
1727341200000,0.3246,0.3353,0.3243,0.3319,35702636.0
1727344800000,0.3318,0.3412,0.3289,0.3409,38099736.0
1727348400000,0.3409,0.378,0.3405,0.3726,326675018.0
1727352000000,0.3725,0.3725,0.3451,0.3476,137320220.0
1727355600000,0.3476,0.356,0.3431,0.3495,68927153.0
1727359200000,0.3494,0.3678,0.3472,0.3562,82940578.0
1727362800000,0.3561,0.366,0.3555,0.3613,41255511.0
1727366400000,0.3614,0.3747,0.3594,0.3687,50532247.0
1727370000000,0.3688,0.3746,0.362,0.3624,42089831.0
1727373600000,0.3623,0.3652,0.3606,0.3646,20801955.0
1727377200000,0.3645,0.3718,0.3631,0.3666,24627499.0
1727380800000,0.3666,0.3687,0.3593,0.3597,21006512.0
1727384400000,0.3597,0.3632,0.3561,0.3611,15978666.0
1727388000000,0.361,0.3666,0.361,0.3652,14059870.0
1727391600000,0.3651,0.366,0.3576,0.3635,19400037.0
1727395200000,0.3636,0.3699,0.361,0.3689,31168889.0
1727398800000,0.3688,0.3747,0.3667,0.3714,32094940.0
1727402400000,0.3715,0.3763,0.3602,0.3609,39416404.0
1727406000000,0.3609,0.3682,0.3601,0.3642,20802012.0
1727409600000,0.3643,0.3666,0.3606,0.3632,16390549.0
1727413200000,0.3633,0.3661,0.3611,0.3644,14894100.0
1727416800000,0.3644,0.3678,0.3542,0.3552,32828598.0
1727420400000,0.3553,0.3584,0.3537,0.3551,14954364.0
1727424000000,0.3552,0.3609,0.3548,0.3604,17993276.0
1727427600000,0.3604,0.3621,0.358,0.3582,13469425.0
1727431200000,0.3582,0.3585,0.3475,0.3491,27339976.0
1727434800000,0.3491,0.3522,0.3457,0.3478,20592971.0
1727438400000,0.3478,0.3539,0.3475,0.3525,20163892.0
1727442000000,0.3524,0.3525,0.3471,0.3483,17163443.0
1727445600000,0.3484,0.3548,0.3477,0.3503,26304652.0
1727449200000,0.3503,0.3552,0.3488,0.3515,19874061.0
1727452800000,0.3514,0.36,0.3501,0.359,22946694.0
1727456400000,0.359,0.3597,0.3492,0.3523,20631356.0
1727460000000,0.3523,0.3533,0.3505,0.3529,6510660.0
1727463600000,0.3528,0.3586,0.3527,0.3553,10576686.0
1727467200000,0.3553,0.3591,0.3532,0.3568,11971766.0
1727470800000,0.3568,0.3583,0.3557,0.3573,6430113.0
1727474400000,0.3574,0.3613,0.3556,0.3595,9113471.0
1727478000000,0.3595,0.363,0.3581,0.3595,9848052.0
1727481600000,0.3594,0.3667,0.3594,0.3662,14756194.0
1727485200000,0.3662,0.3694,0.3624,0.3652,18962562.0
1727488800000,0.3651,0.373,0.3632,0.3717,20118931.0
1727492400000,0.3718,0.3737,0.3635,0.3647,18879542.0
1727496000000,0.3647,0.3659,0.36,0.3609,12256561.0
1727499600000,0.361,0.3613,0.3553,0.3558,14657007.0
1727503200000,0.3557,0.3569,0.3512,0.3545,16440715.0
1727506800000,0.3544,0.3582,0.3534,0.3536,8985733.0
1727510400000,0.3537,0.3565,0.3515,0.3524,14094628.0
1727514000000,0.3525,0.3581,0.3475,0.3568,21624573.0
1727517600000,0.3569,0.3641,0.3559,0.3628,15547479.0
1727521200000,0.3628,0.3639,0.3594,0.3616,14793729.0
1727524800000,0.3617,0.3622,0.3543,0.3544,14825747.0
1727528400000,0.3543,0.3548,0.3489,0.3502,15950107.0
1727532000000,0.3503,0.3591,0.3499,0.3584,15128532.0
1727535600000,0.3584,0.3627,0.3567,0.3573,15326747.0
1727539200000,0.3572,0.3587,0.3525,0.3533,13898349.0
1727542800000,0.3533,0.3603,0.353,0.3557,8248374.0
1727546400000,0.3557,0.359,0.3551,0.3574,7945319.0
1727550000000,0.3574,0.3623,0.3571,0.3615,6077081.0
1727553600000,0.3616,0.3653,0.3592,0.3598,13762276.0
1727557200000,0.3598,0.3611,0.3523,0.3593,14823022.0
1727560800000,0.3593,0.3639,0.3573,0.3626,9096669.0
1727564400000,0.3625,0.3698,0.3615,0.3688,15428651.0
1727568000000,0.3689,0.3724,0.3634,0.3642,27826184.0
1727571600000,0.3643,0.3676,0.3625,0.3633,17353869.0
1727575200000,0.3633,0.3746,0.3633,0.368,24945741.0
1727578800000,0.3681,0.378,0.365,0.3768,20820738.0
1727582400000,0.3767,0.3771,0.3675,0.3698,22792747.0
1727586000000,0.3699,0.3767,0.3626,0.3633,35979958.0
1727589600000,0.3634,0.3661,0.3578,0.3598,24878821.0
1727593200000,0.3599,0.362,0.3538,0.3551,20733111.0
1727596800000,0.3551,0.3628,0.3549,0.3593,18799888.0
1727600400000,0.3594,0.3641,0.3594,0.3604,11156315.0
1727604000000,0.3605,0.3628,0.3575,0.3598,12024943.0
1727607600000,0.3597,0.3627,0.3578,0.3593,7780347.0
1727611200000,0.3593,0.3608,0.3497,0.3507,21715420.0
1727614800000,0.3507,0.3565,0.3482,0.3551,24137533.0
1727618400000,0.355,0.3598,0.3534,0.3565,14372395.0
1727622000000,0.3565,0.3672,0.3542,0.3669,21003303.0
1727625600000,0.367,0.3895,0.3669,0.3877,63437954.0
1727629200000,0.3878,0.3981,0.3831,0.394,78729473.0
1727632800000,0.394,0.3984,0.389,0.39,31221132.0
1727636400000,0.3901,0.3949,0.3872,0.3947,22631584.0
1727640000000,0.3946,0.3961,0.3858,0.3882,30325637.0
1727643600000,0.3881,0.394,0.3875,0.3938,10807016.0
1727647200000,0.3938,0.3958,0.3893,0.3926,15621991.0
1727650800000,0.3927,0.3936,0.3871,0.3881,16748141.0
1727654400000,0.3881,0.3945,0.382,0.3928,31499180.0
1727658000000,0.3928,0.3945,0.3775,0.3781,28412318.0
1727661600000,0.3781,0.384,0.3729,0.3735,28870729.0
1727665200000,0.3735,0.3893,0.3705,0.3863,38039850.0
1727668800000,0.3862,0.3943,0.3789,0.3923,34058544.0
1727672400000,0.3923,0.3945,0.3864,0.3886,25024834.0
1727676000000,0.3887,0.408,0.3887,0.4032,75801523.0
1727679600000,0.4033,0.422,0.4026,0.4178,96318908.0
1727683200000,0.4179,0.4191,0.4053,0.4057,71742979.0
1727686800000,0.4059,0.407,0.3946,0.3948,62251253.0
1727690400000,0.3948,0.4026,0.394,0.3968,50024037.0
1727694000000,0.3968,0.4034,0.3951,0.4012,34112557.0
1727697600000,0.4012,0.4022,0.3948,0.3997,32773034.0
1727701200000,0.3996,0.4008,0.391,0.3931,34736332.0
1727704800000,0.393,0.3936,0.3861,0.389,36324866.0
1727708400000,0.389,0.3905,0.3806,0.3818,37403411.0
1727712000000,0.3818,0.3886,0.381,0.3837,26526429.0
1727715600000,0.3837,0.3872,0.3829,0.3843,12817782.0
1727719200000,0.3844,0.3844,0.3778,0.3822,16942939.0
1727722800000,0.3822,0.3837,0.3804,0.3819,7356862.0
1727726400000,0.3819,0.3859,0.3811,0.384,12210765.0
1727730000000,0.384,0.3849,0.3764,0.3769,12830930.0
1727733600000,0.377,0.3796,0.371,0.3715,28817740.0
1727737200000,0.3716,0.3737,0.3634,0.3667,45546691.0
1727740800000,0.3667,0.3834,0.3666,0.3808,48882513.0
1727744400000,0.3808,0.3887,0.3793,0.3855,26295199.0
1727748000000,0.3855,0.3868,0.3801,0.3819,15877012.0
1727751600000,0.382,0.3963,0.3813,0.3935,30550606.0
1727755200000,0.3936,0.3968,0.3878,0.391,25925023.0
1727758800000,0.3911,0.3918,0.383,0.3833,17194061.0
1727762400000,0.3833,0.3894,0.3812,0.3842,17786169.0
1727766000000,0.3842,0.3869,0.3811,0.3819,14141150.0
1727769600000,0.382,0.3839,0.3762,0.3782,21656048.0
1727773200000,0.3783,0.3821,0.3776,0.3781,9088622.0
1727776800000,0.3781,0.3827,0.3778,0.3814,8466704.0
1727780400000,0.3814,0.3833,0.377,0.3786,9479482.0
1727784000000,0.3787,0.3798,0.3742,0.3761,9630089.0
1727787600000,0.376,0.3764,0.362,0.3661,40183849.0
1727791200000,0.3661,0.3688,0.3529,0.3557,52729104.0
1727794800000,0.3557,0.373,0.3441,0.3708,85551187.0
1727798400000,0.3708,0.375,0.3613,0.3683,53794555.0
1727802000000,0.3683,0.3708,0.34,0.3666,91943113.0
1727805600000,0.3666,0.3714,0.3615,0.3621,27088136.0
1727809200000,0.362,0.363,0.3545,0.3549,26122862.0
1727812800000,0.3551,0.3652,0.3506,0.3617,35125612.0
1727816400000,0.3618,0.3646,0.355,0.3602,15286156.0
1727820000000,0.3601,0.3602,0.3499,0.3526,17596553.0
1727823600000,0.3526,0.3583,0.3513,0.3541,15019237.0
1727827200000,0.3541,0.3665,0.3534,0.3571,28351067.0
1727830800000,0.3571,0.3645,0.3562,0.3625,14737379.0
1727834400000,0.3624,0.3664,0.3602,0.3646,14093589.0
1727838000000,0.3644,0.368,0.3599,0.3607,11118366.0
1727841600000,0.3606,0.3612,0.3538,0.3571,11428358.0
1727845200000,0.3571,0.3599,0.3537,0.3548,10724590.0
1727848800000,0.3547,0.3729,0.3523,0.3696,27707868.0
1727852400000,0.3697,0.3767,0.3634,0.3707,24417821.0
1727856000000,0.3707,0.383,0.3695,0.3778,25719362.0
1727859600000,0.3778,0.379,0.3608,0.3626,27890088.0
1727863200000,0.3625,0.3705,0.3597,0.3599,21318430.0
1727866800000,0.36,0.3642,0.3554,0.3579,24075448.0
1727870400000,0.358,0.367,0.3525,0.353,35108058.0
1727874000000,0.353,0.3534,0.3338,0.3411,77354988.0
1727877600000,0.3411,0.3489,0.3339,0.334,45795112.0
1727881200000,0.3341,0.3461,0.3328,0.3444,39818459.0
1727884800000,0.3444,0.3567,0.3432,0.3437,38222159.0
1727888400000,0.3438,0.3476,0.3396,0.3428,27856097.0
1727892000000,0.3429,0.3443,0.3248,0.3255,37461907.0
1727895600000,0.3254,0.3317,0.3203,0.3289,46794280.0
1727899200000,0.3289,0.3355,0.3242,0.3331,21835401.0
1727902800000,0.3332,0.3356,0.3276,0.3278,10725258.0
1727906400000,0.3279,0.3279,0.3224,0.327,14424664.0
1727910000000,0.3269,0.3285,0.3201,0.3203,20361725.0
1727913600000,0.3203,0.3321,0.3191,0.3265,32580198.0
1727917200000,0.3265,0.3335,0.3248,0.3272,22837803.0
1727920800000,0.3271,0.3305,0.3202,0.3204,13372450.0
1727924400000,0.3203,0.3204,0.301,0.3055,52689971.0
1727928000000,0.3055,0.3149,0.3047,0.3111,31053337.0
1727931600000,0.3111,0.3195,0.3102,0.3141,29894763.0
1727935200000,0.314,0.3157,0.31,0.3114,14197810.0
1727938800000,0.3114,0.312,0.3013,0.3016,27932778.0
1727942400000,0.3016,0.3026,0.2925,0.2931,51390461.0
1727946000000,0.2931,0.302,0.2879,0.3008,55877158.0
1727949600000,0.3008,0.3056,0.2977,0.3047,28575205.0
1727953200000,0.3048,0.3057,0.2969,0.2981,30959307.0
1727956800000,0.298,0.3012,0.2951,0.2978,31184667.0
1727960400000,0.2979,0.3032,0.2926,0.2982,43810035.0
1727964000000,0.2982,0.3033,0.286,0.2866,57623029.0
1727967600000,0.2867,0.2942,0.2823,0.2922,72203167.0
1727971200000,0.2923,0.2928,0.2752,0.2756,82193905.0
1727974800000,0.2757,0.2867,0.273,0.286,55465553.0
1727978400000,0.286,0.289,0.283,0.2865,33899648.0
1727982000000,0.2865,0.2887,0.2836,0.2871,28122345.0
1727985600000,0.2871,0.2877,0.2798,0.2808,31784292.0
1727989200000,0.2808,0.2843,0.2775,0.2832,20911816.0
1727992800000,0.2832,0.2837,0.2792,0.2805,16094616.0
1727996400000,0.2805,0.2829,0.2777,0.2792,14431101.0
1728000000000,0.2792,0.284,0.2776,0.279,39235973.0
1728003600000,0.2791,0.2913,0.2787,0.2865,34237317.0
1728007200000,0.2866,0.2879,0.2818,0.2822,16764859.0
1728010800000,0.2823,0.2836,0.2801,0.2835,14410094.0
1728014400000,0.2835,0.2908,0.2832,0.287,19168489.0
1728018000000,0.2871,0.2916,0.2866,0.2903,14831153.0
1728021600000,0.2903,0.2918,0.2861,0.2861,16433730.0
1728025200000,0.2861,0.2908,0.2855,0.2888,15117752.0
1728028800000,0.2887,0.2956,0.2881,0.2916,26494353.0
1728032400000,0.2915,0.2963,0.2876,0.2885,21084349.0
1728036000000,0.2884,0.2911,0.2866,0.2871,16620157.0
1728039600000,0.2871,0.29,0.2851,0.2894,22499533.0
1728043200000,0.2893,0.2929,0.282,0.2926,51704934.0
1728046800000,0.2925,0.2948,0.2851,0.2885,38489502.0
1728050400000,0.2884,0.29,0.2831,0.2887,36638351.0
1728054000000,0.2887,0.295,0.2871,0.2928,41790226.0
1728057600000,0.2928,0.2979,0.2901,0.2933,38443344.0
1728061200000,0.2932,0.3026,0.2927,0.3009,32708423.0
1728064800000,0.3009,0.303,0.2975,0.3008,23467268.0
1728068400000,0.3008,0.3131,0.2999,0.3115,41337068.0
1728072000000,0.3115,0.3213,0.3078,0.3187,54377748.0
1728075600000,0.3187,0.3208,0.3126,0.3134,20916241.0
1728079200000,0.3135,0.3175,0.3104,0.3117,20374917.0
1728082800000,0.3117,0.3117,0.3081,0.3094,12812457.0
1728086400000,0.3093,0.3215,0.3093,0.3167,37769272.0
1728090000000,0.3167,0.3175,0.3109,0.3118,15556631.0
1728093600000,0.3119,0.3121,0.301,0.3013,23223327.0
1728097200000,0.3014,0.3031,0.298,0.2985,25065705.0
1728100800000,0.2984,0.3026,0.2982,0.2996,12137865.0
1728104400000,0.2995,0.3059,0.2994,0.3049,14210315.0
1728108000000,0.3049,0.3077,0.3018,0.3075,12324967.0
1728111600000,0.3076,0.3083,0.2997,0.3003,16091583.0
1728115200000,0.3002,0.3039,0.2999,0.3008,15866455.0
1728118800000,0.3007,0.3032,0.3003,0.3021,10878554.0
1728122400000,0.3022,0.3028,0.2972,0.2985,18968420.0
1728126000000,0.2986,0.3006,0.2976,0.299,8208768.0
1728129600000,0.299,0.3011,0.2982,0.3008,11413493.0
1728133200000,0.3008,0.3018,0.2925,0.2938,29665200.0
1728136800000,0.2938,0.295,0.2914,0.293,19923764.0
1728140400000,0.2931,0.2939,0.2904,0.2915,11845376.0
1728144000000,0.2916,0.2916,0.2799,0.2804,43143784.0
1728147600000,0.2804,0.2822,0.2798,0.2805,18867137.0
1728151200000,0.2804,0.2816,0.2765,0.2774,24725842.0
1728154800000,0.2775,0.2782,0.2752,0.2756,16037228.0
1728158400000,0.2756,0.2788,0.274,0.2772,19889278.0
1728162000000,0.2771,0.2822,0.277,0.2796,23340553.0
1728165600000,0.2796,0.2895,0.2794,0.2878,23778141.0
1728169200000,0.2877,0.2877,0.2851,0.286,12409718.0
1728172800000,0.2861,0.2878,0.2843,0.2852,14969852.0
1728176400000,0.2853,0.2906,0.2846,0.2889,14912181.0
1728180000000,0.2889,0.289,0.2848,0.2848,11533006.0
1728183600000,0.2848,0.2896,0.2842,0.2857,16052552.0
1728187200000,0.2858,0.288,0.2848,0.2863,10809072.0
1728190800000,0.2863,0.2876,0.2848,0.2861,13187300.0
1728194400000,0.2861,0.287,0.2836,0.2843,11502142.0
1728198000000,0.2842,0.2879,0.2841,0.2845,10019750.0
1728201600000,0.2844,0.2862,0.2825,0.2839,13345054.0
1728205200000,0.2839,0.2851,0.2832,0.2835,10439123.0
1728208800000,0.2835,0.2848,0.2832,0.2835,7149161.0
1728212400000,0.2834,0.2895,0.2834,0.2889,13758428.0
1728216000000,0.2889,0.2919,0.2868,0.2914,17417821.0
1728219600000,0.2914,0.2941,0.2885,0.2888,22741366.0
1728223200000,0.2888,0.3025,0.2873,0.3011,40295604.0
1728226800000,0.301,0.302,0.2895,0.292,43796292.0
1728230400000,0.2919,0.2972,0.2906,0.2907,30637332.0
1728234000000,0.2907,0.2989,0.2904,0.2915,26102622.0
1728237600000,0.2915,0.2939,0.2901,0.2916,11674482.0
1728241200000,0.2916,0.2951,0.288,0.2885,16122269.0
1728244800000,0.2885,0.2918,0.2882,0.2902,9934750.0
1728248400000,0.2903,0.2917,0.2852,0.2853,13879385.0
1728252000000,0.2854,0.2917,0.2854,0.2916,11584026.0
1728255600000,0.2916,0.297,0.2915,0.2945,17677094.0
1728259200000,0.2944,0.3018,0.291,0.3009,37841049.0
1728262800000,0.3008,0.3069,0.2987,0.3061,29728035.0
1728266400000,0.3061,0.3131,0.3045,0.3102,39574863.0
1728270000000,0.3102,0.3118,0.3029,0.3087,27306449.0
1728273600000,0.3086,0.3113,0.3002,0.3007,35617947.0
1728277200000,0.3007,0.3027,0.294,0.2943,27629715.0
1728280800000,0.2942,0.3002,0.2938,0.2976,22117697.0
1728284400000,0.2977,0.2989,0.2951,0.2955,12686653.0
1728288000000,0.2955,0.301,0.2955,0.2995,22302376.0
1728291600000,0.2995,0.2996,0.2883,0.2893,39740570.0
1728295200000,0.2894,0.2895,0.2824,0.2845,37802145.0
1728298800000,0.2845,0.2916,0.2839,0.2887,39727533.0
1728302400000,0.2886,0.2888,0.2852,0.2857,17337352.0
1728306000000,0.2857,0.2957,0.2852,0.2941,30691058.0
1728309600000,0.2941,0.311,0.2941,0.304,85956992.0
1728313200000,0.3039,0.3068,0.2984,0.2989,41744162.0
1728316800000,0.2989,0.302,0.2954,0.3007,26044317.0
1728320400000,0.3007,0.3041,0.2976,0.3014,20644065.0
1728324000000,0.3013,0.3039,0.2912,0.2923,34877670.0
1728327600000,0.2924,0.2982,0.292,0.2964,22651949.0
1728331200000,0.2964,0.2968,0.2886,0.2888,16020347.0
1728334800000,0.2889,0.2934,0.2877,0.2929,12786812.0
1728338400000,0.2929,0.2944,0.2872,0.2877,18714723.0
1728342000000,0.2877,0.2896,0.2832,0.284,26847152.0
1728345600000,0.2841,0.2889,0.2833,0.2877,16722784.0
1728349200000,0.2877,0.2897,0.2841,0.2873,14937133.0
1728352800000,0.2872,0.2908,0.2843,0.2908,13722645.0
1728356400000,0.2907,0.291,0.2863,0.2878,15361972.0
1728360000000,0.2879,0.2907,0.2856,0.2891,18438943.0
1728363600000,0.2891,0.29,0.2807,0.2834,30415206.0
1728367200000,0.2835,0.2854,0.28,0.2838,21171901.0
1728370800000,0.2837,0.2838,0.2778,0.2808,22050756.0
1728374400000,0.2809,0.2848,0.2788,0.2848,16735309.0
1728378000000,0.2849,0.2866,0.2827,0.2857,17648258.0
1728381600000,0.2857,0.287,0.2822,0.2827,12843566.0
1728385200000,0.2827,0.284,0.281,0.2831,11605935.0
1728388800000,0.283,0.2837,0.2774,0.2792,19393506.0
1728392400000,0.2793,0.284,0.276,0.2835,32259293.0
1728396000000,0.2835,0.2867,0.2759,0.2788,41151613.0
1728399600000,0.2788,0.2793,0.2681,0.2727,57074075.0
1728403200000,0.2728,0.2783,0.2695,0.278,27376161.0
1728406800000,0.2781,0.2784,0.2732,0.2763,20591961.0
1728410400000,0.2763,0.2835,0.2758,0.2787,39643785.0
1728414000000,0.2786,0.2903,0.2763,0.2834,50346143.0
1728417600000,0.2834,0.2866,0.282,0.2855,16526732.0
1728421200000,0.2855,0.2896,0.2846,0.2887,13911933.0
1728424800000,0.2887,0.2902,0.2823,0.2824,17724138.0
1728428400000,0.2824,0.2831,0.28,0.2824,13113556.0
1728432000000,0.2824,0.2849,0.2802,0.2826,17273009.0
1728435600000,0.2826,0.2876,0.2813,0.2835,18742054.0
1728439200000,0.2835,0.2839,0.2797,0.28,14592223.0
1728442800000,0.2799,0.2828,0.2779,0.2812,16889971.0
1728446400000,0.2811,0.2843,0.28,0.2813,9440228.0
1728450000000,0.2813,0.2893,0.281,0.288,14661295.0
1728453600000,0.288,0.2885,0.2832,0.2841,15077610.0
1728457200000,0.2841,0.2841,0.2793,0.2819,17911741.0
1728460800000,0.2818,0.2844,0.2812,0.283,9654019.0
1728464400000,0.2831,0.2862,0.2819,0.2856,8901367.0
1728468000000,0.2855,0.286,0.2816,0.2823,11525501.0
1728471600000,0.2822,0.2873,0.2815,0.2858,10144511.0
1728475200000,0.2858,0.286,0.2761,0.2792,29893634.0
1728478800000,0.2791,0.2802,0.274,0.2745,35474835.0
1728482400000,0.2746,0.277,0.2717,0.2734,27395203.0
1728486000000,0.2734,0.2858,0.2731,0.283,43135774.0
1728489600000,0.2831,0.2844,0.2759,0.2768,23943867.0
1728493200000,0.2767,0.2784,0.2743,0.2754,14785000.0
1728496800000,0.2753,0.2762,0.2709,0.273,29040115.0
1728500400000,0.2731,0.2742,0.2697,0.2702,17009070.0
1728504000000,0.2702,0.2702,0.2641,0.2658,42603675.0
1728507600000,0.2658,0.2716,0.2649,0.2712,14334074.0
1728511200000,0.2711,0.2712,0.2674,0.2687,13620254.0
1728514800000,0.2686,0.2694,0.2666,0.2668,6704185.0
1728518400000,0.2668,0.2683,0.264,0.2667,14601967.0
1728522000000,0.2666,0.27,0.2665,0.2673,12134408.0
1728525600000,0.2673,0.2688,0.267,0.2681,6033712.0
1728529200000,0.2681,0.2711,0.2673,0.2674,8629906.0
1728532800000,0.2674,0.2679,0.266,0.2667,7450450.0
1728536400000,0.2667,0.2727,0.2662,0.2709,9754737.0
1728540000000,0.2709,0.2776,0.2707,0.2765,26853953.0
1728543600000,0.2764,0.2784,0.2743,0.2745,15871586.0
1728547200000,0.2745,0.2783,0.2721,0.2746,22029738.0
1728550800000,0.2745,0.275,0.2686,0.2703,25582636.0
1728554400000,0.2703,0.2789,0.2701,0.2769,25199639.0
1728558000000,0.277,0.2775,0.272,0.274,19417341.0
1728561600000,0.274,0.2743,0.2665,0.2682,35949664.0
1728565200000,0.2682,0.2754,0.267,0.2702,35966055.0
1728568800000,0.2702,0.2755,0.2666,0.272,38804617.0
1728572400000,0.2721,0.2744,0.2665,0.2709,25403365.0
1728576000000,0.271,0.2735,0.2611,0.2617,52013428.0
1728579600000,0.2618,0.263,0.2555,0.2582,49075166.0
1728583200000,0.2581,0.2698,0.2565,0.2693,53111703.0
1728586800000,0.2693,0.2713,0.2674,0.2691,22428290.0
1728590400000,0.2692,0.2716,0.2676,0.2687,16780618.0
1728594000000,0.2687,0.2719,0.2676,0.2708,9198896.0
1728597600000,0.2708,0.2728,0.2672,0.27,17307715.0
1728601200000,0.27,0.2727,0.2696,0.2708,9688107.0
1728604800000,0.2707,0.2735,0.2698,0.2698,11327026.0
1728608400000,0.2699,0.2754,0.2689,0.2741,9439122.0
1728612000000,0.2742,0.277,0.2722,0.2733,16542500.0
1728615600000,0.2734,0.2739,0.2706,0.2709,9612705.0
1728619200000,0.2709,0.272,0.2684,0.269,11589093.0
1728622800000,0.269,0.2704,0.268,0.2688,6835407.0
1728626400000,0.2688,0.2742,0.2688,0.2723,15455741.0
1728630000000,0.2724,0.2731,0.2696,0.2698,14836271.0
1728633600000,0.2698,0.2724,0.2692,0.2709,15691602.0
1728637200000,0.2709,0.2768,0.2707,0.2745,16346874.0
1728640800000,0.2746,0.2772,0.2741,0.2763,17052438.0
1728644400000,0.2762,0.2787,0.2746,0.2786,18211423.0
1728648000000,0.2786,0.2838,0.2783,0.2807,39142986.0
1728651600000,0.2807,0.2841,0.2775,0.2835,25892136.0
1728655200000,0.2835,0.2886,0.2819,0.2879,43637820.0
1728658800000,0.2878,0.3303,0.2871,0.3247,292634479.0
1728662400000,0.3248,0.3456,0.324,0.3435,255253999.0
1728666000000,0.3435,0.3438,0.3285,0.3323,139263679.0
1728669600000,0.3324,0.3391,0.3285,0.3379,71796796.0
1728673200000,0.3379,0.3416,0.335,0.3369,55523516.0
1728676800000,0.3369,0.3394,0.3329,0.3391,33241269.0
1728680400000,0.3391,0.3396,0.3337,0.3392,24478445.0
1728684000000,0.3393,0.3463,0.3381,0.3412,57140674.0
1728687600000,0.3412,0.3438,0.3386,0.3431,32971277.0
1728691200000,0.3431,0.3489,0.3409,0.3418,55242626.0
1728694800000,0.3418,0.345,0.3357,0.3401,43191518.0
1728698400000,0.3402,0.3421,0.3378,0.3409,22341096.0
1728702000000,0.341,0.343,0.333,0.3365,33018800.0
1728705600000,0.3365,0.3374,0.3314,0.3341,26685794.0
1728709200000,0.3341,0.3382,0.3335,0.3348,19509269.0
1728712800000,0.3349,0.3397,0.3336,0.3339,26690331.0
1728716400000,0.334,0.3382,0.3336,0.3345,15544574.0
1728720000000,0.3346,0.3405,0.3338,0.3389,25825348.0
1728723600000,0.3388,0.3404,0.3286,0.3302,48562313.0
1728727200000,0.3302,0.3354,0.3263,0.3306,51034389.0
1728730800000,0.3306,0.3336,0.3293,0.3315,25279407.0
1728734400000,0.3314,0.3336,0.329,0.33,23419992.0
1728738000000,0.3299,0.3344,0.3283,0.3306,31162081.0
1728741600000,0.3306,0.3358,0.3301,0.3338,42106634.0
1728745200000,0.3337,0.3371,0.3294,0.3307,47567028.0
1728748800000,0.3308,0.3349,0.3299,0.33,23081604.0
1728752400000,0.33,0.3314,0.3285,0.3289,20794712.0
1728756000000,0.3288,0.3303,0.3227,0.3249,30697769.0
1728759600000,0.3249,0.3319,0.3236,0.3292,27258025.0
1728763200000,0.3292,0.3294,0.3263,0.3264,13403363.0
1728766800000,0.3263,0.3304,0.3263,0.3269,11358256.0
1728770400000,0.3269,0.3302,0.3255,0.329,14239799.0
1728774000000,0.3289,0.3319,0.3285,0.3292,13901654.0
1728777600000,0.3293,0.3329,0.3274,0.328,17501881.0
1728781200000,0.3279,0.3279,0.3227,0.3264,27172927.0
1728784800000,0.3265,0.3319,0.3255,0.3314,15792753.0
1728788400000,0.3314,0.3329,0.3256,0.327,17106002.0
1728792000000,0.3269,0.3307,0.3261,0.3299,10303001.0
1728795600000,0.3299,0.3379,0.3293,0.3328,50427618.0
1728799200000,0.3327,0.3436,0.3322,0.3386,45250072.0
1728802800000,0.3386,0.3405,0.3312,0.3342,28935340.0
1728806400000,0.3342,0.3428,0.3339,0.3352,34587113.0
1728810000000,0.3353,0.3402,0.335,0.3379,16509073.0
1728813600000,0.3379,0.3444,0.3363,0.3371,32221547.0
1728817200000,0.3372,0.3403,0.3296,0.3305,39532217.0
1728820800000,0.3305,0.3442,0.3304,0.3392,39870480.0
1728824400000,0.3393,0.3564,0.3387,0.3497,76696672.0
1728828000000,0.3496,0.354,0.3404,0.3464,103790402.0
1728831600000,0.3463,0.3538,0.3386,0.3463,97987293.0
1728835200000,0.3462,0.3665,0.3449,0.3596,128688019.0
1728838800000,0.3596,0.3615,0.3447,0.3458,65178305.0
1728842400000,0.3457,0.3484,0.343,0.3451,37672170.0
1728846000000,0.3451,0.3536,0.3418,0.3529,47552034.0
1728849600000,0.3529,0.3621,0.3518,0.3606,53066086.0
1728853200000,0.3606,0.3635,0.3578,0.3597,32558590.0
1728856800000,0.3597,0.3689,0.3581,0.3602,54634172.0
1728860400000,0.3601,0.3605,0.3553,0.3567,25094112.0
1728864000000,0.3567,0.3594,0.3523,0.3546,34090140.0
1728867600000,0.3545,0.3606,0.3477,0.3487,35827611.0
1728871200000,0.3487,0.356,0.3469,0.3526,21574566.0
1728874800000,0.3526,0.3823,0.3521,0.3732,99379691.0
1728878400000,0.3732,0.3889,0.3681,0.385,103704064.0
1728882000000,0.385,0.3906,0.3818,0.3833,57923411.0
1728885600000,0.3832,0.4075,0.3776,0.4026,108729114.0
1728889200000,0.4026,0.4038,0.393,0.3988,59658432.0
1728892800000,0.3988,0.3988,0.3909,0.3947,38848588.0
1728896400000,0.3947,0.3955,0.3865,0.3893,39349003.0
1728900000000,0.3893,0.4046,0.3871,0.4028,59377474.0
1728903600000,0.4028,0.4114,0.3958,0.402,101314384.0
1728907200000,0.4021,0.4073,0.3941,0.3956,56524757.0
1728910800000,0.3956,0.4027,0.3944,0.3995,43681936.0
1728914400000,0.3995,0.4351,0.3946,0.4279,189706486.0
1728918000000,0.4279,0.4339,0.4198,0.4226,71424606.0
1728921600000,0.4226,0.4254,0.4123,0.4131,47955080.0
1728925200000,0.413,0.4171,0.4107,0.4111,29315491.0
1728928800000,0.4111,0.412,0.404,0.4041,28465253.0
1728932400000,0.4041,0.4113,0.4013,0.4036,39242224.0
1728936000000,0.4036,0.4053,0.4004,0.4012,14448659.0
1728939600000,0.4012,0.4028,0.3966,0.398,22064870.0
1728943200000,0.3979,0.41,0.3975,0.4092,42082819.0
1728946800000,0.4092,0.4108,0.404,0.4095,39608247.0
1728950400000,0.4096,0.4105,0.4017,0.407,33592459.0
1728954000000,0.4071,0.4116,0.4012,0.407,30621212.0
1728957600000,0.407,0.4186,0.4069,0.414,33979639.0
1728961200000,0.4139,0.4152,0.4061,0.4064,26484698.0
1728964800000,0.4064,0.4168,0.4036,0.4163,32014151.0
1728968400000,0.4164,0.4264,0.4135,0.4256,51682261.0
1728972000000,0.4255,0.4433,0.421,0.4432,107713725.0
1728975600000,0.4432,0.4588,0.4396,0.4469,120538157.0
1728979200000,0.4469,0.463,0.4428,0.4568,93684195.0
1728982800000,0.4568,0.458,0.435,0.4356,69072311.0
1728986400000,0.4356,0.4411,0.4329,0.4352,41277907.0
1728990000000,0.4353,0.4358,0.4151,0.4184,96362398.0
1728993600000,0.4184,0.439,0.418,0.4361,83114903.0
1728997200000,0.436,0.4508,0.4284,0.4469,79675438.0
1729000800000,0.4469,0.4543,0.4219,0.4255,181366169.0
1729004400000,0.4256,0.4366,0.4162,0.4292,112720941.0
1729008000000,0.4292,0.4416,0.4217,0.4231,60014222.0
1729011600000,0.4231,0.4274,0.4135,0.4142,49126489.0
1729015200000,0.4143,0.4219,0.4134,0.4184,27292821.0
1729018800000,0.4184,0.4211,0.4148,0.4151,20809618.0
1729022400000,0.4153,0.4158,0.4028,0.403,41809679.0
1729026000000,0.403,0.4117,0.402,0.4113,19306948.0
1729029600000,0.4112,0.4126,0.4063,0.408,17091549.0
1729033200000,0.408,0.4298,0.4078,0.4276,58888381.0
1729036800000,0.4277,0.4296,0.4116,0.4118,38327471.0
1729040400000,0.4119,0.424,0.4075,0.4205,46163951.0
1729044000000,0.4206,0.4373,0.4182,0.4299,59487723.0
1729047600000,0.4298,0.442,0.4273,0.4393,44084389.0
1729051200000,0.4393,0.4474,0.4312,0.4438,55521899.0
1729054800000,0.4437,0.45,0.4336,0.4369,52642827.0
1729058400000,0.437,0.445,0.4168,0.4196,68702781.0
1729062000000,0.4196,0.4217,0.4132,0.4193,55597298.0
1729065600000,0.4192,0.426,0.4115,0.413,45313540.0
1729069200000,0.413,0.421,0.409,0.4117,37516655.0
1729072800000,0.4118,0.4169,0.4097,0.4132,30105507.0
1729076400000,0.4131,0.419,0.4069,0.4113,55107122.0
1729080000000,0.4113,0.4171,0.402,0.4035,51988736.0
1729083600000,0.4036,0.4072,0.392,0.3941,74051574.0
1729087200000,0.3942,0.4017,0.383,0.3914,93188108.0
1729090800000,0.3914,0.3947,0.385,0.389,41128467.0
1729094400000,0.389,0.3913,0.3821,0.3906,37467330.0
1729098000000,0.3907,0.3935,0.3881,0.3883,20899758.0
1729101600000,0.3883,0.3905,0.3856,0.3857,11594632.0
1729105200000,0.3857,0.3892,0.3853,0.3881,10538073.0
1729108800000,0.3881,0.4007,0.3881,0.3973,31806141.0
1729112400000,0.3973,0.4102,0.3966,0.3988,48565642.0
1729116000000,0.3988,0.4028,0.3981,0.3996,16543440.0
1729119600000,0.3996,0.4025,0.3958,0.3977,17487155.0
1729123200000,0.3978,0.404,0.3965,0.3991,18721688.0
1729126800000,0.3991,0.4098,0.3991,0.4057,31364391.0
1729130400000,0.4057,0.4067,0.3972,0.3995,25794520.0
1729134000000,0.3996,0.4028,0.398,0.3988,17040761.0
1729137600000,0.3988,0.4008,0.3926,0.3957,21799109.0
1729141200000,0.3958,0.3962,0.3851,0.386,36033268.0
1729144800000,0.386,0.407,0.3854,0.3993,60604211.0
1729148400000,0.3993,0.4032,0.3865,0.4024,52911360.0
1729152000000,0.4024,0.4048,0.3946,0.3963,36715044.0
1729155600000,0.3963,0.3986,0.3883,0.3887,23133558.0
1729159200000,0.3888,0.3915,0.3839,0.3884,32426835.0
1729162800000,0.3884,0.3902,0.3811,0.3843,38726969.0
1729166400000,0.3843,0.3922,0.3827,0.3874,26029586.0
1729170000000,0.3874,0.3954,0.382,0.3869,42556960.0
1729173600000,0.3869,0.4006,0.3842,0.397,43075108.0
1729177200000,0.397,0.4024,0.3923,0.4012,36271100.0
1729180800000,0.4012,0.4043,0.3959,0.3988,49234030.0
1729184400000,0.3989,0.4016,0.3804,0.3811,57712981.0
1729188000000,0.3811,0.383,0.3743,0.3802,39828219.0
1729191600000,0.3803,0.3849,0.3784,0.3828,12654405.0
1729195200000,0.3827,0.387,0.3811,0.3813,12881621.0
1729198800000,0.3813,0.3842,0.3809,0.3816,7047928.0
1729202400000,0.3816,0.3848,0.3785,0.3792,16572270.0
1729206000000,0.3793,0.3799,0.3734,0.3757,21550909.0
1729209600000,0.3757,0.3768,0.365,0.3653,37013700.0
1729213200000,0.3652,0.382,0.3652,0.3788,46247129.0
1729216800000,0.3789,0.3971,0.3763,0.3964,58719701.0
1729220400000,0.3964,0.3989,0.389,0.3905,41168119.0
1729224000000,0.3904,0.3999,0.3902,0.3913,37784576.0
1729227600000,0.3914,0.3937,0.3853,0.3936,23271898.0
1729231200000,0.3936,0.4067,0.3918,0.4005,47851677.0
1729234800000,0.4005,0.4043,0.3917,0.3967,28156903.0
1729238400000,0.3965,0.3966,0.3906,0.3943,19959548.0
1729242000000,0.3943,0.3978,0.3856,0.3866,34394151.0
1729245600000,0.3867,0.3906,0.3855,0.3885,19243332.0
1729249200000,0.3885,0.403,0.3872,0.3977,46685137.0
1729252800000,0.3978,0.404,0.3946,0.396,33982253.0
1729256400000,0.3959,0.42,0.3954,0.4168,104663455.0
1729260000000,0.4169,0.4311,0.4121,0.4285,97889951.0
1729263600000,0.4284,0.4399,0.4277,0.4341,100972914.0
1729267200000,0.434,0.4358,0.4224,0.4264,86378774.0
1729270800000,0.4264,0.4278,0.4213,0.4229,35599504.0
1729274400000,0.4228,0.4286,0.4208,0.4233,22817718.0
1729278000000,0.4233,0.425,0.4177,0.42,27552557.0
1729281600000,0.4201,0.4251,0.4187,0.4208,17726844.0
1729285200000,0.4208,0.422,0.4144,0.4161,18067234.0
1729288800000,0.4161,0.4191,0.4144,0.4173,15086025.0
1729292400000,0.4173,0.4191,0.4127,0.4132,13645585.0
1729296000000,0.4132,0.4178,0.4102,0.4128,22813150.0
1729299600000,0.4127,0.422,0.4099,0.4129,36117481.0
1729303200000,0.4128,0.4199,0.4125,0.4145,16461436.0
1729306800000,0.4146,0.4182,0.411,0.4112,18003308.0
1729310400000,0.4113,0.4138,0.4093,0.4104,18778785.0
1729314000000,0.4105,0.4151,0.4103,0.4129,10916581.0
1729317600000,0.4129,0.4182,0.4112,0.4147,16624497.0
1729321200000,0.4148,0.4179,0.4113,0.4126,12686475.0
1729324800000,0.4126,0.4194,0.4119,0.4186,17438509.0
1729328400000,0.4186,0.4193,0.4133,0.4152,19252592.0
1729332000000,0.4152,0.4164,0.4013,0.4043,41261778.0
1729335600000,0.4044,0.4059,0.4,0.4004,42063264.0
1729339200000,0.4004,0.4038,0.4002,0.4008,17092334.0
1729342800000,0.4007,0.4014,0.3927,0.3941,58215148.0
1729346400000,0.3942,0.3993,0.3941,0.3982,22377924.0
1729350000000,0.3982,0.4011,0.3962,0.3981,34733906.0
1729353600000,0.398,0.3981,0.3938,0.3941,19399208.0
1729357200000,0.3941,0.3972,0.3941,0.3958,10542022.0
1729360800000,0.3958,0.3997,0.3955,0.3979,8834057.0
1729364400000,0.3979,0.3994,0.396,0.3966,7582473.0
1729368000000,0.3966,0.3988,0.3951,0.3976,8533315.0
1729371600000,0.3976,0.3999,0.396,0.3961,8297967.0
1729375200000,0.3961,0.4009,0.3955,0.3997,8634494.0
1729378800000,0.3997,0.4045,0.3995,0.4011,15638316.0
1729382400000,0.4011,0.4061,0.3988,0.3992,17153608.0
1729386000000,0.3993,0.4002,0.3954,0.3959,14218242.0
1729389600000,0.3959,0.3983,0.39,0.3922,34490646.0
1729393200000,0.3921,0.3923,0.3864,0.3903,27083532.0
1729396800000,0.3902,0.3952,0.3875,0.3896,15784272.0
1729400400000,0.3895,0.3992,0.3894,0.3966,22632708.0
1729404000000,0.3967,0.4004,0.3944,0.3999,14722204.0
1729407600000,0.3999,0.4026,0.3966,0.3984,18033280.0
1729411200000,0.3984,0.4029,0.3968,0.3974,14548865.0
1729414800000,0.3974,0.3999,0.3941,0.3987,12417091.0
1729418400000,0.3987,0.401,0.3956,0.3959,10366503.0
1729422000000,0.3959,0.4001,0.3957,0.3991,9850058.0
1729425600000,0.3991,0.4014,0.389,0.3896,30560026.0
1729429200000,0.3897,0.3973,0.3875,0.3971,28774581.0
1729432800000,0.3972,0.4159,0.397,0.4097,88840659.0
1729436400000,0.4097,0.4099,0.3998,0.4064,34627309.0
1729440000000,0.4064,0.4077,0.4003,0.4015,16118826.0
1729443600000,0.4015,0.406,0.3983,0.4037,24128625.0
1729447200000,0.4037,0.4109,0.4026,0.4098,26027816.0
1729450800000,0.4098,0.4099,0.4041,0.4068,9267425.0
1729454400000,0.4067,0.4128,0.406,0.4116,12096504.0
1729458000000,0.4115,0.4133,0.407,0.4074,11749991.0
1729461600000,0.4075,0.415,0.4073,0.4079,26773632.0
1729465200000,0.4079,0.4145,0.4056,0.4122,15413569.0
1729468800000,0.4122,0.433,0.4102,0.419,64564748.0
1729472400000,0.419,0.4345,0.4183,0.4293,38643414.0
1729476000000,0.4294,0.4301,0.4124,0.4127,31882890.0
1729479600000,0.4126,0.4132,0.4043,0.4079,27635508.0
1729483200000,0.4079,0.4085,0.3999,0.4072,29225232.0
1729486800000,0.4073,0.4214,0.4072,0.4169,48280861.0
1729490400000,0.4169,0.4213,0.4059,0.4071,23519909.0
1729494000000,0.4071,0.4114,0.4032,0.4037,17051244.0
1729497600000,0.4037,0.41,0.3991,0.4017,22543304.0
1729501200000,0.4017,0.4044,0.3945,0.3996,25811246.0
1729504800000,0.3997,0.4014,0.3943,0.3951,16638386.0
1729508400000,0.3951,0.4003,0.393,0.398,18617193.0
1729512000000,0.398,0.4066,0.3977,0.4016,26083692.0
1729515600000,0.4016,0.4028,0.3881,0.3909,58127725.0
1729519200000,0.391,0.3955,0.3893,0.391,27447384.0
1729522800000,0.3911,0.3961,0.3873,0.3952,26109350.0
1729526400000,0.3952,0.3981,0.3883,0.3973,21221439.0
1729530000000,0.3973,0.402,0.3962,0.3966,20732581.0
1729533600000,0.3966,0.3975,0.3942,0.3966,8947170.0
1729537200000,0.3967,0.4014,0.3964,0.4005,12087029.0
1729540800000,0.4005,0.4027,0.3979,0.3995,7681212.0
1729544400000,0.3995,0.4013,0.3976,0.3991,5922272.0
1729548000000,0.3992,0.4006,0.3952,0.3972,9256037.0
1729551600000,0.3972,0.3973,0.3891,0.3899,16079278.0
1729555200000,0.39,0.3944,0.3858,0.3944,34323830.0
1729558800000,0.3945,0.3969,0.391,0.3959,18629163.0
1729562400000,0.396,0.3963,0.3866,0.388,21260187.0
1729566000000,0.388,0.3925,0.387,0.3908,13386665.0
1729569600000,0.3908,0.391,0.3856,0.3872,10343610.0
1729573200000,0.3873,0.3919,0.3864,0.3879,10733361.0
1729576800000,0.3879,0.3954,0.3878,0.39,16419747.0
1729580400000,0.39,0.3924,0.3879,0.3886,9269975.0
1729584000000,0.3886,0.3895,0.38,0.3804,33354630.0
1729587600000,0.3804,0.3843,0.3798,0.3826,38889621.0
1729591200000,0.3826,0.3857,0.3811,0.385,10288192.0
1729594800000,0.3852,0.3887,0.3845,0.3862,10526060.0
1729598400000,0.3861,0.3897,0.3819,0.3842,18002647.0
1729602000000,0.3843,0.3889,0.3801,0.3867,20789450.0
1729605600000,0.3867,0.3924,0.3835,0.3875,30680195.0
1729609200000,0.3875,0.3895,0.3815,0.3851,16994813.0
1729612800000,0.3851,0.3857,0.3751,0.3753,28029394.0
1729616400000,0.3754,0.3849,0.3752,0.3847,15387385.0
1729620000000,0.3847,0.3868,0.3811,0.3817,10948768.0
1729623600000,0.3816,0.3849,0.3814,0.3835,6439935.0
1729627200000,0.3834,0.3848,0.3813,0.3844,4742324.0
1729630800000,0.3844,0.3886,0.3837,0.3864,8588722.0
1729634400000,0.3864,0.39,0.3853,0.3889,9257479.0
1729638000000,0.3889,0.3898,0.3838,0.3866,9215674.0
1729641600000,0.3867,0.3898,0.3832,0.3839,13128061.0
1729645200000,0.3838,0.3874,0.383,0.3854,6509684.0
1729648800000,0.3853,0.3863,0.3777,0.3779,16482682.0
1729652400000,0.3778,0.3807,0.3742,0.379,15501659.0
1729656000000,0.379,0.3811,0.3766,0.3776,13296131.0
1729659600000,0.3776,0.3787,0.3744,0.3758,10044484.0
1729663200000,0.3759,0.3795,0.3737,0.3744,10526272.0
1729666800000,0.3745,0.3756,0.3706,0.3725,14858034.0
1729670400000,0.3725,0.3757,0.3701,0.3708,11646252.0
1729674000000,0.3708,0.3755,0.3694,0.3746,19446669.0
1729677600000,0.3745,0.3778,0.3734,0.3743,10138812.0
1729681200000,0.3744,0.3763,0.3707,0.3721,8935423.0
1729684800000,0.3721,0.3752,0.371,0.3733,9496054.0
1729688400000,0.3732,0.3777,0.3724,0.3751,16206365.0
1729692000000,0.3751,0.3751,0.3702,0.3705,11619542.0
1729695600000,0.3707,0.3712,0.3616,0.368,39181867.0
1729699200000,0.3679,0.3728,0.3627,0.3639,29642484.0
1729702800000,0.3639,0.3692,0.362,0.3628,15456102.0
1729706400000,0.3628,0.3632,0.3545,0.3619,50655065.0
1729710000000,0.3619,0.3671,0.3604,0.3655,20713457.0
1729713600000,0.3655,0.3684,0.3638,0.3669,11256417.0
1729717200000,0.3668,0.3685,0.3653,0.3655,7668309.0
1729720800000,0.3655,0.3675,0.3636,0.3637,6806291.0
1729724400000,0.3638,0.3707,0.3632,0.3687,10886480.0
1729728000000,0.3687,0.376,0.366,0.3757,15575568.0
1729731600000,0.3757,0.3809,0.3736,0.3776,34552076.0
1729735200000,0.3775,0.381,0.3753,0.3804,10838965.0
1729738800000,0.3805,0.3822,0.3765,0.3786,11438881.0
1729742400000,0.3786,0.3809,0.3766,0.3803,10246681.0
1729746000000,0.3802,0.3823,0.378,0.3784,8187874.0
1729749600000,0.3784,0.3815,0.3756,0.3757,10375495.0
1729753200000,0.3757,0.3769,0.373,0.3738,12575651.0
1729756800000,0.3738,0.3769,0.3696,0.3697,14272566.0
1729760400000,0.3698,0.3712,0.3653,0.3686,21000920.0
1729764000000,0.3686,0.3779,0.3681,0.3742,14791324.0
1729767600000,0.3742,0.3771,0.3737,0.3755,7510614.0
1729771200000,0.3755,0.38,0.3748,0.3799,15477056.0
1729774800000,0.3799,0.39,0.3768,0.3881,40113788.0
1729778400000,0.3881,0.3962,0.3821,0.3873,52335122.0
1729782000000,0.3874,0.3976,0.386,0.3926,31361008.0
1729785600000,0.3926,0.3943,0.3901,0.3905,16005195.0
1729789200000,0.3905,0.3906,0.3855,0.3862,14976692.0
1729792800000,0.3863,0.3925,0.3862,0.3909,10852755.0
1729796400000,0.3908,0.3941,0.3887,0.394,8967076.0
1729800000000,0.3939,0.3944,0.3876,0.3882,7999504.0
1729803600000,0.3883,0.3991,0.3876,0.395,23284580.0
1729807200000,0.3949,0.3975,0.3898,0.3901,13982587.0
1729810800000,0.39,0.392,0.3877,0.3906,11639952.0
1729814400000,0.3907,0.3933,0.385,0.3854,12424448.0
1729818000000,0.3854,0.3855,0.3792,0.38,17957961.0
1729821600000,0.3801,0.3808,0.3763,0.3789,13347613.0
1729825200000,0.3789,0.3829,0.3783,0.3793,11029037.0
1729828800000,0.3792,0.38,0.3691,0.3703,32431519.0
1729832400000,0.3702,0.3732,0.3682,0.3701,19486737.0
1729836000000,0.3701,0.3733,0.3684,0.369,13434891.0
1729839600000,0.369,0.3713,0.3655,0.3706,14124032.0
1729843200000,0.3706,0.3768,0.3674,0.3753,23680450.0
1729846800000,0.3754,0.3825,0.3749,0.3823,18659430.0
1729850400000,0.3822,0.3899,0.3811,0.3895,25851493.0
1729854000000,0.3896,0.3949,0.3875,0.3909,22624981.0
1729857600000,0.391,0.3947,0.3859,0.3863,20143761.0
1729861200000,0.3863,0.3914,0.3816,0.3891,29331784.0
1729864800000,0.3891,0.3922,0.3827,0.3839,34854422.0
1729868400000,0.3841,0.3871,0.373,0.3751,31038005.0
1729872000000,0.3751,0.3818,0.3692,0.3788,30996710.0
1729875600000,0.3789,0.3814,0.3665,0.3708,43192458.0
1729879200000,0.3708,0.3868,0.3689,0.3798,104700754.0
1729882800000,0.3797,0.3834,0.3765,0.3779,16214768.0
1729886400000,0.378,0.379,0.3692,0.3743,21784004.0
1729890000000,0.3743,0.3772,0.3715,0.3759,12547853.0
1729893600000,0.3759,0.3763,0.3652,0.3653,20001664.0
1729897200000,0.3654,0.3666,0.3158,0.3505,223082195.0
1729900800000,0.3505,0.3606,0.3431,0.3565,68370296.0
1729904400000,0.3564,0.3638,0.3546,0.3573,33403585.0
1729908000000,0.3573,0.3628,0.3527,0.3581,23683816.0
1729911600000,0.3582,0.3597,0.356,0.3571,13147761.0
1729915200000,0.3571,0.3584,0.3556,0.356,9081911.0
1729918800000,0.356,0.3603,0.3559,0.3594,12433374.0
1729922400000,0.3593,0.3606,0.3575,0.3575,12387135.0
1729926000000,0.3575,0.3576,0.3524,0.3528,12113622.0
1729929600000,0.3528,0.3583,0.3523,0.3558,10364235.0
1729933200000,0.3558,0.3623,0.355,0.3608,14867010.0
1729936800000,0.3607,0.3637,0.3582,0.3594,10369245.0
1729940400000,0.3594,0.3615,0.3566,0.3593,10082162.0
1729944000000,0.3593,0.3612,0.3573,0.358,7337850.0
1729947600000,0.358,0.3588,0.3525,0.3529,13647689.0
1729951200000,0.3528,0.354,0.3418,0.3437,24436223.0
1729954800000,0.3437,0.3512,0.3433,0.3479,22062490.0
1729958400000,0.3479,0.3508,0.3455,0.3496,12512602.0
1729962000000,0.3497,0.3578,0.3494,0.3536,14024506.0
1729965600000,0.3536,0.3562,0.3507,0.3511,8260658.0
1729969200000,0.3512,0.3538,0.3512,0.352,5833807.0
1729972800000,0.3521,0.3593,0.3512,0.3537,9593846.0
1729976400000,0.3537,0.3596,0.3536,0.3585,10990697.0
1729980000000,0.3585,0.3597,0.3573,0.3579,4573901.0
1729983600000,0.3578,0.3589,0.3568,0.3575,5020709.0
1729987200000,0.3576,0.3579,0.3535,0.3542,7922362.0
1729990800000,0.3543,0.358,0.3523,0.3572,8340509.0
1729994400000,0.3573,0.3589,0.355,0.3554,9269779.0
1729998000000,0.3553,0.3607,0.3542,0.3583,13130750.0
1730001600000,0.3583,0.3591,0.3536,0.3539,7444839.0
1730005200000,0.3539,0.3552,0.3522,0.3533,6946557.0
1730008800000,0.3533,0.3534,0.3502,0.3515,7610901.0
1730012400000,0.3515,0.3537,0.351,0.3521,8541594.0
1730016000000,0.3521,0.355,0.3517,0.3525,6510147.0
1730019600000,0.3524,0.3524,0.3451,0.3484,18047452.0
1730023200000,0.3484,0.3496,0.3467,0.3477,8719663.0
1730026800000,0.3477,0.3496,0.346,0.3468,7441308.0
1730030400000,0.3467,0.3544,0.3465,0.3516,16252974.0
1730034000000,0.3517,0.3584,0.3496,0.3507,21179938.0
1730037600000,0.3507,0.3588,0.3505,0.3557,22821800.0
1730041200000,0.3556,0.3572,0.3533,0.3545,9647250.0
1730044800000,0.3546,0.359,0.3544,0.3579,12306678.0
1730048400000,0.3578,0.3597,0.3538,0.3544,13212367.0
1730052000000,0.3544,0.3549,0.3487,0.349,11965857.0
1730055600000,0.349,0.3523,0.3471,0.3508,10514547.0
1730059200000,0.3508,0.3545,0.3505,0.3522,7363548.0
1730062800000,0.3522,0.3672,0.352,0.3657,23725121.0
1730066400000,0.3657,0.3734,0.3656,0.3676,24758139.0
1730070000000,0.3675,0.369,0.3618,0.362,10548170.0
1730073600000,0.362,0.3639,0.3573,0.359,19749898.0
1730077200000,0.359,0.3604,0.3483,0.3495,24609728.0
1730080800000,0.3496,0.3535,0.3468,0.3469,17424919.0
1730084400000,0.3469,0.35,0.3352,0.3364,41868629.0
1730088000000,0.3364,0.3413,0.3344,0.3394,21391582.0
1730091600000,0.3393,0.3398,0.3325,0.3374,19731629.0
1730095200000,0.3373,0.3383,0.333,0.3335,13865797.0
1730098800000,0.3335,0.3441,0.3284,0.3358,91646175.0
1730102400000,0.3358,0.3414,0.3351,0.3385,21142318.0
1730106000000,0.3384,0.3413,0.3354,0.3398,19534228.0
1730109600000,0.3397,0.3563,0.3375,0.3481,68285587.0
1730113200000,0.348,0.3495,0.3435,0.3462,24389097.0
1730116800000,0.3463,0.3464,0.3375,0.3423,39215482.0
1730120400000,0.3423,0.3458,0.3389,0.3393,25270925.0
1730124000000,0.3394,0.3429,0.3357,0.338,30936494.0
1730127600000,0.3381,0.3382,0.3313,0.3315,26775052.0
1730131200000,0.3315,0.3411,0.3309,0.3387,35841228.0
1730134800000,0.3387,0.3452,0.3336,0.338,31513106.0
1730138400000,0.3382,0.3415,0.3363,0.3387,9753831.0
1730142000000,0.3387,0.345,0.3382,0.3409,20754518.0
1730145600000,0.3416,0.3553,0.3413,0.3529,19929126.0
1730149200000,0.3517,0.3529,0.348,0.3494,4088179.0
1730152800000,0.3608,0.3753,0.3608,0.372,50123091.0
1730156400000,0.372,0.3775,0.37,0.3715,20362099.0
1730160000000,0.3715,0.3787,0.3664,0.3762,25937567.0
1730163600000,0.3761,0.3811,0.3719,0.3784,38161908.0
1730167200000,0.3784,0.3924,0.3738,0.3863,50796572.0
1730170800000,0.3863,0.3945,0.3861,0.3905,31694140.0
1730174400000,0.3905,0.3913,0.3823,0.385,19442701.0
1730178000000,0.3851,0.3885,0.3819,0.3859,20518709.0
1730181600000,0.3859,0.3958,0.3841,0.3902,32139283.0
1730185200000,0.3901,0.3905,0.3847,0.3852,24840607.0
1730188800000,0.3852,0.3885,0.3821,0.3843,26304027.0
1730192400000,0.3844,0.387,0.3833,0.3847,18861488.0
1730196000000,0.3846,0.3881,0.3826,0.3873,15725545.0
1730199600000,0.3873,0.3903,0.383,0.3847,27915741.0
1730203200000,0.3847,0.3855,0.3748,0.3765,44930812.0
1730206800000,0.3764,0.3798,0.3732,0.3795,27252684.0
1730210400000,0.3795,0.3832,0.375,0.3764,25611478.0
1730214000000,0.3765,0.381,0.375,0.38,18216095.0
1730217600000,0.3801,0.3928,0.3795,0.3905,35695009.0
1730221200000,0.3906,0.3944,0.3843,0.3882,29575243.0
1730224800000,0.3881,0.3934,0.387,0.389,15287308.0
1730228400000,0.389,0.3906,0.378,0.3828,31802761.0
1730232000000,0.3828,0.3841,0.3783,0.3812,16218056.0
1730235600000,0.3812,0.3836,0.3801,0.3819,6306474.0
1730239200000,0.3819,0.3864,0.381,0.3834,9862160.0
1730242800000,0.3834,0.3841,0.3789,0.3805,12625787.0
1730246400000,0.3804,0.3818,0.3766,0.3809,20847383.0
1730250000000,0.3809,0.3853,0.3783,0.3844,16233606.0
1730253600000,0.3845,0.3874,0.3822,0.3833,8520212.0
1730257200000,0.3833,0.3869,0.3821,0.3841,9892668.0
1730260800000,0.3841,0.3841,0.3797,0.3805,6115929.0
1730264400000,0.3804,0.3907,0.3803,0.3895,17722111.0
1730268000000,0.3895,0.3954,0.3854,0.3863,23273667.0
1730271600000,0.3862,0.3932,0.3857,0.388,17607192.0
1730275200000,0.388,0.3967,0.3805,0.3843,37401706.0
1730278800000,0.3842,0.4002,0.3835,0.3978,40198585.0
1730282400000,0.3978,0.4053,0.3921,0.394,46583277.0
1730286000000,0.394,0.3965,0.3734,0.3752,81813121.0
1730289600000,0.3752,0.3804,0.373,0.3788,40281047.0
1730293200000,0.3789,0.382,0.3711,0.3813,35864513.0
1730296800000,0.3813,0.3949,0.3783,0.3849,54606240.0
1730300400000,0.3848,0.3857,0.3729,0.3732,40619947.0
1730304000000,0.3732,0.3763,0.3704,0.3712,18999365.0
1730307600000,0.3712,0.3725,0.3663,0.3679,31049681.0
1730311200000,0.368,0.3708,0.3653,0.3676,14806152.0
1730314800000,0.3675,0.3683,0.3654,0.3656,7949755.0
1730318400000,0.3657,0.3706,0.3628,0.37,24027849.0
1730322000000,0.3701,0.3715,0.3614,0.3627,16003875.0
1730325600000,0.3628,0.3643,0.3601,0.363,11887141.0
1730329200000,0.363,0.3643,0.361,0.3615,9499901.0
1730332800000,0.3615,0.3638,0.357,0.3573,21586026.0
1730336400000,0.3572,0.3601,0.3528,0.3569,23752445.0
1730340000000,0.3569,0.3577,0.3549,0.3558,13586108.0
1730343600000,0.3559,0.3583,0.3517,0.3534,16864361.0
1730347200000,0.3535,0.3553,0.3529,0.3544,7959983.0
1730350800000,0.3543,0.3578,0.3526,0.3556,13307342.0
1730354400000,0.3557,0.3557,0.3492,0.3502,22091543.0
1730358000000,0.3501,0.3574,0.3477,0.3563,30874456.0
1730361600000,0.3564,0.3623,0.3556,0.36,35370987.0
1730365200000,0.3599,0.362,0.358,0.3585,17784817.0
1730368800000,0.3585,0.3664,0.3556,0.3644,27457296.0
1730372400000,0.3644,0.3652,0.3566,0.3577,22695004.0
1730376000000,0.3576,0.3601,0.3528,0.3539,30131295.0
1730379600000,0.3538,0.3571,0.3518,0.3567,23960414.0
1730383200000,0.3567,0.3576,0.3487,0.3546,43650636.0
1730386800000,0.3545,0.3599,0.3523,0.3572,23486222.0
1730390400000,0.3573,0.3576,0.3517,0.352,13329780.0
1730394000000,0.352,0.3547,0.3488,0.352,17579338.0
1730397600000,0.3521,0.3616,0.3463,0.3604,32756001.0
1730401200000,0.3604,0.3799,0.3602,0.3675,106040777.0
1730404800000,0.3675,0.3748,0.3652,0.3731,54842937.0
1730408400000,0.373,0.3739,0.3664,0.3717,23913909.0
1730412000000,0.3717,0.3733,0.3676,0.371,17545090.0
1730415600000,0.3709,0.3712,0.3618,0.3625,22249554.0
1730419200000,0.3625,0.3741,0.3614,0.3728,26345069.0
1730422800000,0.3728,0.3781,0.3698,0.3702,48913309.0
1730426400000,0.3701,0.3707,0.3626,0.3667,48896097.0
1730430000000,0.3667,0.3681,0.3626,0.3634,15504736.0
1730433600000,0.3633,0.3763,0.3632,0.3746,31511567.0
1730437200000,0.3747,0.3766,0.3652,0.3654,30252206.0
1730440800000,0.3655,0.3656,0.3531,0.3542,72206851.0
1730444400000,0.3543,0.3558,0.3481,0.3507,37294834.0
1730448000000,0.3507,0.3584,0.3501,0.3513,28054672.0
1730451600000,0.3513,0.3622,0.3505,0.3619,21891935.0
1730455200000,0.3619,0.373,0.3616,0.3708,58397750.0
1730458800000,0.3708,0.3718,0.3677,0.3691,19882309.0
1730462400000,0.3692,0.3834,0.3692,0.3783,61736743.0
1730466000000,0.3782,0.3917,0.3751,0.3899,67552374.0
1730469600000,0.3899,0.3959,0.3842,0.3869,103657212.0
1730473200000,0.3869,0.388,0.3655,0.3693,104282113.0
1730476800000,0.3693,0.3775,0.3677,0.3713,59529946.0
1730480400000,0.3712,0.3746,0.3662,0.3683,32431410.0
1730484000000,0.3683,0.3704,0.366,0.3663,17114412.0
1730487600000,0.3664,0.3698,0.3625,0.3693,26551538.0
1730491200000,0.3692,0.3703,0.3662,0.3667,10673970.0
1730494800000,0.3668,0.3673,0.3606,0.3657,16334387.0
1730498400000,0.3657,0.3687,0.3649,0.3657,11102351.0
1730502000000,0.3658,0.3689,0.363,0.3687,11636596.0
1730505600000,0.3686,0.3773,0.3681,0.3724,20999029.0
1730509200000,0.3725,0.3741,0.3659,0.3726,23544465.0
1730512800000,0.3725,0.383,0.3713,0.3814,28611918.0
1730516400000,0.3815,0.3832,0.3705,0.3711,24615189.0
1730520000000,0.371,0.3742,0.3702,0.3709,11363255.0
1730523600000,0.3708,0.3722,0.3657,0.3666,19162222.0
1730527200000,0.3667,0.3674,0.3626,0.3667,14400395.0
1730530800000,0.3666,0.3691,0.3653,0.3663,13014814.0
1730534400000,0.3662,0.3695,0.3653,0.3662,13123914.0
1730538000000,0.3662,0.3663,0.3596,0.3605,16605233.0
1730541600000,0.3606,0.3623,0.3578,0.3617,16616600.0
1730545200000,0.3617,0.3636,0.3607,0.3621,8040907.0
1730548800000,0.362,0.3629,0.3549,0.356,31199559.0
1730552400000,0.356,0.3609,0.3539,0.3559,19377562.0
1730556000000,0.3559,0.3596,0.3542,0.3569,17093259.0
1730559600000,0.3568,0.3581,0.3534,0.3547,17025650.0
1730563200000,0.3548,0.3598,0.3532,0.3569,13955404.0
1730566800000,0.3569,0.3581,0.3535,0.3562,9493306.0
1730570400000,0.3561,0.3593,0.3537,0.3553,8730530.0
1730574000000,0.3554,0.3571,0.3539,0.3555,8863068.0
1730577600000,0.3555,0.3569,0.3538,0.3566,5425016.0
1730581200000,0.3566,0.3597,0.355,0.3564,9743838.0
1730584800000,0.3563,0.3597,0.3553,0.3581,6282511.0
1730588400000,0.3581,0.3619,0.3556,0.3617,8108934.0
1730592000000,0.3617,0.3633,0.3584,0.3612,11140742.0
1730595600000,0.3612,0.3627,0.357,0.3577,13768517.0
1730599200000,0.3577,0.3616,0.3458,0.3488,50699665.0
1730602800000,0.3489,0.3552,0.3437,0.3539,26100725.0
1730606400000,0.3538,0.3659,0.3526,0.3639,27711887.0
1730610000000,0.3639,0.3687,0.3599,0.3605,29102004.0
1730613600000,0.3604,0.3614,0.3536,0.3541,30498805.0
1730617200000,0.3541,0.356,0.3521,0.3533,16960557.0
1730620800000,0.3533,0.3615,0.3516,0.3585,35888314.0
1730624400000,0.3584,0.3613,0.3453,0.3465,32480699.0
1730628000000,0.3465,0.3544,0.3462,0.3516,23846125.0
1730631600000,0.3515,0.3527,0.3456,0.3466,16033515.0
1730635200000,0.3467,0.3497,0.3414,0.3425,20878477.0
1730638800000,0.3425,0.3435,0.3319,0.3323,53728847.0
1730642400000,0.3323,0.3338,0.325,0.3261,52455237.0
1730646000000,0.3261,0.3272,0.3165,0.3242,71330868.0
1730649600000,0.3242,0.3286,0.3213,0.3242,38905823.0
1730653200000,0.3242,0.3312,0.3241,0.3273,21309382.0
1730656800000,0.3274,0.3302,0.3213,0.3221,23845021.0
1730660400000,0.322,0.3318,0.3203,0.3299,19653632.0
1730664000000,0.3299,0.3418,0.3285,0.3402,23166008.0
1730667600000,0.3403,0.3465,0.3391,0.3402,28458638.0
1730671200000,0.3402,0.341,0.336,0.3387,11523411.0
1730674800000,0.3386,0.3398,0.3354,0.3368,10491710.0
1730678400000,0.3369,0.337,0.3309,0.3361,20016416.0
1730682000000,0.336,0.345,0.335,0.3437,21207476.0
1730685600000,0.3437,0.3509,0.3414,0.35,20649745.0
1730689200000,0.3501,0.359,0.3436,0.3445,35587108.0
1730692800000,0.3445,0.3477,0.3411,0.3421,12493514.0
1730696400000,0.3421,0.3428,0.3364,0.3367,19385052.0
1730700000000,0.3367,0.3449,0.3366,0.3444,16585989.0
1730703600000,0.3443,0.3459,0.3404,0.341,14786618.0
1730707200000,0.341,0.3442,0.3375,0.3385,17034876.0
1730710800000,0.3386,0.3474,0.3385,0.3424,23155576.0
1730714400000,0.3423,0.3468,0.3413,0.3439,19832563.0
1730718000000,0.3438,0.3509,0.3425,0.3474,18315156.0
1730721600000,0.3473,0.3493,0.3439,0.3482,14495173.0
1730725200000,0.3482,0.3562,0.348,0.3503,27752345.0
1730728800000,0.3502,0.3519,0.342,0.3452,26288223.0
1730732400000,0.3453,0.3502,0.343,0.3486,24757939.0
1730736000000,0.3487,0.3523,0.3408,0.3424,29902355.0
1730739600000,0.3423,0.3483,0.3404,0.3417,25567105.0
1730743200000,0.3416,0.3433,0.3341,0.337,27323031.0
1730746800000,0.337,0.3418,0.3365,0.3392,16858300.0
1730750400000,0.3391,0.3398,0.3331,0.3349,16842795.0
1730754000000,0.3348,0.3371,0.3225,0.3236,35695423.0
1730757600000,0.3235,0.335,0.3225,0.3326,32588073.0
1730761200000,0.3325,0.3338,0.3267,0.3294,15893093.0
1730764800000,0.3294,0.3335,0.327,0.3294,18370822.0
1730768400000,0.3294,0.3314,0.3222,0.3287,24173127.0
1730772000000,0.3287,0.3297,0.3241,0.3253,11689132.0
1730775600000,0.3254,0.3295,0.3254,0.3286,9260410.0
1730779200000,0.3286,0.3456,0.3286,0.3442,34566766.0
1730782800000,0.3442,0.3506,0.3423,0.3497,21141838.0
1730786400000,0.3498,0.3515,0.3429,0.348,29836311.0
1730790000000,0.348,0.3493,0.3431,0.3458,16108093.0
1730793600000,0.3459,0.3469,0.3414,0.3457,12647151.0
1730797200000,0.3459,0.3488,0.342,0.3425,13586568.0
1730800800000,0.3425,0.3465,0.3416,0.3432,12615945.0
1730804400000,0.3432,0.3492,0.3409,0.3471,23165747.0
1730808000000,0.3472,0.3477,0.3404,0.3413,19495148.0
1730811600000,0.3413,0.344,0.3395,0.3424,14513373.0
1730815200000,0.3424,0.363,0.3406,0.3589,58655181.0
1730818800000,0.3588,0.3615,0.3512,0.3585,44536848.0
1730822400000,0.3585,0.362,0.3562,0.3589,22528463.0
1730826000000,0.3591,0.3612,0.3512,0.3518,23558277.0
1730829600000,0.3519,0.3541,0.3494,0.353,12271853.0
1730833200000,0.353,0.3549,0.343,0.3453,27938397.0
1730836800000,0.3452,0.3484,0.3425,0.3454,17220831.0
1730840400000,0.3455,0.3469,0.3425,0.3431,8445300.0
1730844000000,0.3431,0.3472,0.3406,0.3471,9620103.0
1730847600000,0.347,0.3528,0.3457,0.3512,15130547.0
1730851200000,0.3512,0.3715,0.3511,0.3671,52331069.0
1730854800000,0.3672,0.3719,0.363,0.3681,35372543.0
1730858400000,0.3682,0.3865,0.3666,0.3834,56223379.0
1730862000000,0.3834,0.3966,0.3822,0.3896,81024621.0
1730865600000,0.3897,0.3963,0.3893,0.3914,36160374.0
1730869200000,0.3915,0.3998,0.3866,0.3991,36938293.0
1730872800000,0.3991,0.4088,0.3981,0.3998,56349284.0
1730876400000,0.3997,0.4097,0.3964,0.4015,46967276.0
1730880000000,0.4015,0.4034,0.3935,0.3988,50739043.0
1730883600000,0.3989,0.4065,0.3988,0.4049,20262878.0
1730887200000,0.405,0.4158,0.4013,0.4118,43474970.0
1730890800000,0.4119,0.4177,0.4084,0.4157,27087521.0
1730894400000,0.4157,0.4268,0.4148,0.4198,40878281.0
1730898000000,0.4199,0.4233,0.4127,0.4218,31086533.0
1730901600000,0.4218,0.4274,0.4157,0.4169,43532716.0
1730905200000,0.4169,0.4272,0.4141,0.4229,38757330.0
1730908800000,0.4229,0.4252,0.4177,0.4197,22001570.0
1730912400000,0.4196,0.4249,0.4172,0.4229,29005338.0
1730916000000,0.4228,0.4363,0.4221,0.435,33343984.0
1730919600000,0.435,0.439,0.4301,0.4385,22639051.0
1730923200000,0.4385,0.4444,0.4329,0.4345,32197526.0
1730926800000,0.4342,0.4448,0.4329,0.4422,22066759.0
1730930400000,0.4423,0.4893,0.4423,0.4791,91924965.0
1730934000000,0.4792,0.4859,0.4666,0.4849,87897676.0
1730937600000,0.4849,0.5084,0.4837,0.5031,102515755.0
1730941200000,0.5031,0.514,0.4982,0.4989,77895005.0
1730944800000,0.4989,0.5028,0.4894,0.4986,55438404.0
1730948400000,0.4986,0.5028,0.4852,0.489,43270732.0
1730952000000,0.489,0.5023,0.4814,0.5007,55206847.0
1730955600000,0.5007,0.5055,0.4971,0.5047,39950578.0
1730959200000,0.5047,0.5198,0.498,0.5187,78313830.0
1730962800000,0.5185,0.5499,0.5109,0.538,182726232.0
1730966400000,0.5379,0.5495,0.5259,0.5365,91493904.0
1730970000000,0.5367,0.5375,0.5205,0.5258,50856384.0
1730973600000,0.5258,0.5334,0.5218,0.524,43331349.0
1730977200000,0.524,0.5243,0.5112,0.513,54079313.0
1730980800000,0.5129,0.5188,0.5041,0.5151,60607065.0
1730984400000,0.5152,0.5184,0.4988,0.5015,49830696.0
1730988000000,0.5013,0.5063,0.4953,0.4995,60169757.0
1730991600000,0.4994,0.5139,0.497,0.5104,69712630.0
1730995200000,0.5104,0.5128,0.498,0.5077,47277117.0
1730998800000,0.5077,0.5082,0.5006,0.5071,30834475.0
1731002400000,0.5069,0.5106,0.4976,0.5056,34697957.0
1731006000000,0.5056,0.5088,0.4972,0.5063,34319805.0
1731009600000,0.5063,0.512,0.5035,0.5057,25378881.0
1731013200000,0.5056,0.5126,0.5048,0.5086,15643305.0
1731016800000,0.5086,0.5108,0.5046,0.5099,18920331.0
1731020400000,0.51,0.5178,0.5069,0.508,28807080.0
1731024000000,0.508,0.5161,0.5017,0.5035,38195263.0
1731027600000,0.5036,0.5062,0.498,0.5056,24141133.0
1731031200000,0.5056,0.5056,0.4874,0.4883,36000356.0
1731034800000,0.4883,0.4941,0.4863,0.4888,23209021.0
1731038400000,0.4888,0.4941,0.4858,0.4896,21877171.0
1731042000000,0.4896,0.4945,0.4895,0.493,12628035.0
1731045600000,0.493,0.4938,0.4896,0.4919,11531626.0
1731049200000,0.4919,0.4922,0.4812,0.4845,34710236.0
1731052800000,0.4845,0.4853,0.4741,0.4786,51163573.0
1731056400000,0.4786,0.4973,0.4767,0.4968,40493443.0
1731060000000,0.4968,0.514,0.4932,0.5135,64829908.0
1731063600000,0.5135,0.5188,0.5068,0.5104,54980180.0
1731067200000,0.5104,0.5371,0.5064,0.5262,70062534.0
1731070800000,0.5262,0.5335,0.5181,0.5232,44453858.0
1731074400000,0.5232,0.5298,0.4968,0.498,65641949.0
1731078000000,0.4981,0.5034,0.4899,0.4966,55226209.0
1731081600000,0.4968,0.4989,0.4864,0.4886,32765841.0
1731085200000,0.4886,0.4931,0.4801,0.4871,34069883.0
1731088800000,0.4871,0.4974,0.4834,0.4945,27100715.0
1731092400000,0.4944,0.5012,0.4916,0.4972,19129713.0
1731096000000,0.4973,0.5045,0.4946,0.499,24517756.0
1731099600000,0.499,0.5054,0.4937,0.5043,13808496.0
1731103200000,0.5043,0.5058,0.4951,0.498,11627937.0
1731106800000,0.498,0.4983,0.4914,0.4954,9585988.0
1731110400000,0.4954,0.507,0.4933,0.5038,21848670.0
1731114000000,0.5037,0.5119,0.4948,0.502,28005260.0
1731117600000,0.502,0.506,0.4924,0.4939,20553361.0
1731121200000,0.4939,0.4946,0.485,0.4869,23374284.0
1731124800000,0.4868,0.4938,0.4868,0.4927,11202585.0
1731128400000,0.4927,0.5141,0.4918,0.5087,32543304.0
1731132000000,0.5087,0.519,0.5032,0.5112,44698039.0
1731135600000,0.5111,0.5136,0.5031,0.5043,19432385.0
1731139200000,0.5044,0.5168,0.5022,0.5155,22924122.0
1731142800000,0.5155,0.5205,0.5115,0.5123,15255806.0
1731146400000,0.5122,0.5181,0.5107,0.5117,12642308.0
1731150000000,0.5118,0.5268,0.5104,0.5197,21717598.0
1731153600000,0.5196,0.5227,0.5066,0.5113,26097021.0
1731157200000,0.5114,0.5313,0.5114,0.5233,44275081.0
1731160800000,0.5232,0.5235,0.5002,0.5099,46526699.0
1731164400000,0.5102,0.5124,0.5038,0.5095,19937320.0
1731168000000,0.5096,0.5212,0.5071,0.514,30316919.0
1731171600000,0.5138,0.5182,0.5037,0.5162,25723044.0
1731175200000,0.5163,0.5246,0.5144,0.5193,18598038.0
1731178800000,0.5193,0.5267,0.5168,0.5229,18151279.0
1731182400000,0.523,0.5569,0.5208,0.5525,75702945.0
1731186000000,0.5526,0.5686,0.5524,0.557,64712623.0
1731189600000,0.557,0.5573,0.5375,0.5512,32654126.0
1731193200000,0.5513,0.5516,0.5401,0.5484,30033266.0
1731196800000,0.5486,0.5486,0.5361,0.5419,26992359.0
1731200400000,0.5419,0.5531,0.5319,0.551,34528180.0
1731204000000,0.551,0.584,0.5473,0.5751,57869666.0
1731207600000,0.5751,0.5883,0.57,0.5827,38970798.0
1731211200000,0.5828,0.5834,0.5672,0.5769,40757108.0
1731214800000,0.5768,0.5864,0.5607,0.5656,52503017.0
1731218400000,0.5657,0.5684,0.5541,0.5566,34901189.0
1731222000000,0.5566,0.559,0.5515,0.5568,24088157.0
1731225600000,0.5568,0.5651,0.554,0.5608,20464945.0
1731229200000,0.5607,0.5813,0.5607,0.57,33051600.0
1731232800000,0.5699,0.5872,0.5694,0.5715,34946710.0
1731236400000,0.5714,0.5787,0.5662,0.573,18778901.0
1731240000000,0.573,0.5772,0.5525,0.5591,45194638.0
1731243600000,0.559,0.5631,0.5475,0.5561,32554395.0
1731247200000,0.5562,0.5565,0.5415,0.5461,36709210.0
1731250800000,0.5461,0.5545,0.5427,0.5483,23277558.0
1731254400000,0.5484,0.5554,0.5445,0.5545,20827554.0
1731258000000,0.5545,0.5666,0.5504,0.5605,21003377.0
1731261600000,0.5606,0.5687,0.5566,0.5579,25143903.0
1731265200000,0.5579,0.5641,0.5462,0.5527,33728190.0
1731268800000,0.5526,0.5563,0.5385,0.5394,29393191.0
1731272400000,0.5394,0.5538,0.5243,0.5457,40674370.0
1731276000000,0.5456,0.556,0.5405,0.5501,23720321.0
1731279600000,0.5502,0.5556,0.5477,0.5544,15986763.0
1731283200000,0.5543,0.5661,0.5468,0.5623,28434112.0
1731286800000,0.5623,0.5642,0.5505,0.5526,18868127.0
1731290400000,0.5526,0.5763,0.55,0.5683,26155832.0
1731294000000,0.5684,0.5824,0.5578,0.5689,28211243.0
1731297600000,0.5689,0.5732,0.5584,0.5675,19688236.0
1731301200000,0.5675,0.569,0.5449,0.5529,33786540.0
1731304800000,0.5526,0.5734,0.5477,0.568,39627223.0
1731308400000,0.568,0.5731,0.5631,0.5652,23932586.0
1731312000000,0.5652,0.595,0.5648,0.592,46629034.0
1731315600000,0.592,0.5971,0.5756,0.5963,41626772.0
1731319200000,0.5964,0.6099,0.5939,0.5978,56150469.0
1731322800000,0.5977,0.6249,0.5879,0.6244,63000337.0
1731326400000,0.6242,0.6449,0.6073,0.633,128880726.0
1731330000000,0.6329,0.653,0.619,0.6438,71520206.0
1731333600000,0.6437,0.6729,0.6265,0.6337,138658668.0
1731337200000,0.6337,0.65,0.6235,0.6303,74718372.0
1731340800000,0.6303,0.66,0.6271,0.6371,63306591.0
1731344400000,0.637,0.6618,0.634,0.6473,48559320.0
1731348000000,0.6475,0.6505,0.6341,0.6401,33367045.0
1731351600000,0.64,0.6482,0.6344,0.6369,27163318.0
1731355200000,0.6368,0.6438,0.6332,0.6356,22106090.0
1731358800000,0.6357,0.6375,0.6265,0.6375,20948605.0
1731362400000,0.6375,0.6376,0.6144,0.6241,31165094.0
1731366000000,0.624,0.6362,0.6213,0.6344,29692979.0
1731369600000,0.6343,0.6351,0.6039,0.6221,45096924.0
1731373200000,0.622,0.6224,0.605,0.6111,23310884.0
1731376800000,0.6111,0.6164,0.6012,0.6083,18389942.0
1731380400000,0.6083,0.6131,0.6004,0.6126,15728077.0
1731384000000,0.6125,0.6156,0.5978,0.5996,27078911.0
1731387600000,0.5996,0.6047,0.593,0.5979,27860598.0
1731391200000,0.5978,0.6075,0.5973,0.6031,21857082.0
1731394800000,0.6031,0.6185,0.6029,0.6172,34452653.0
1731398400000,0.6171,0.6241,0.6074,0.6191,24545924.0
1731402000000,0.6191,0.6244,0.591,0.5932,42449630.0
1731405600000,0.5932,0.6058,0.5561,0.5936,108281764.0
1731409200000,0.5936,0.6047,0.5855,0.5924,43087225.0
1731412800000,0.5923,0.597,0.5779,0.5883,34619369.0
1731416400000,0.5883,0.5943,0.5727,0.5896,44554515.0
1731420000000,0.5896,0.6037,0.578,0.6017,37716775.0
1731423600000,0.6017,0.6055,0.5941,0.5977,19826100.0
1731427200000,0.5978,0.6039,0.5804,0.5987,35203936.0
1731430800000,0.5989,0.6034,0.5912,0.5912,14101273.0
1731434400000,0.5913,0.6082,0.5903,0.6001,14638693.0
1731438000000,0.6,0.6095,0.5964,0.5984,14123012.0
1731441600000,0.5986,0.5995,0.5794,0.5831,26428298.0
1731445200000,0.5831,0.5937,0.5764,0.5923,13081543.0
1731448800000,0.5924,0.6073,0.5899,0.6064,13968368.0
1731452400000,0.6065,0.6137,0.5895,0.5918,28006632.0
1731456000000,0.5918,0.5975,0.5771,0.5773,34592277.0
1731459600000,0.5774,0.5832,0.563,0.5691,30828059.0
1731463200000,0.5691,0.5724,0.5465,0.5613,42265904.0
1731466800000,0.5614,0.5626,0.5399,0.5409,33331822.0
1731470400000,0.541,0.5489,0.521,0.5366,46290049.0
1731474000000,0.5366,0.5398,0.5265,0.5293,32828843.0
1731477600000,0.5293,0.5396,0.5208,0.529,27444421.0
1731481200000,0.5291,0.5474,0.527,0.5468,29195930.0
1731484800000,0.5469,0.5645,0.5449,0.559,35555936.0
1731488400000,0.5591,0.5605,0.5493,0.5506,30955351.0
1731492000000,0.5506,0.5592,0.5462,0.557,22720722.0
1731495600000,0.5569,0.5654,0.5498,0.5515,21720177.0
1731499200000,0.5514,0.557,0.5434,0.5505,20477170.0
1731502800000,0.5505,0.5772,0.5484,0.5652,56706812.0
1731506400000,0.565,0.65,0.5559,0.6432,99298834.0
1731510000000,0.6433,0.6502,0.6129,0.6171,79765102.0
1731513600000,0.6172,0.63,0.5956,0.5998,46663321.0
1731517200000,0.5999,0.6107,0.5935,0.5954,19780653.0
1731520800000,0.5954,0.6056,0.5909,0.5958,20144766.0
1731524400000,0.5958,0.5976,0.5722,0.5771,61706686.0
1731528000000,0.577,0.5848,0.5701,0.5728,26178225.0
1731531600000,0.5727,0.578,0.556,0.5759,39690050.0
1731535200000,0.5759,0.5928,0.5734,0.5911,26730264.0
1731538800000,0.5911,0.5972,0.5841,0.5904,14023778.0
1731542400000,0.5903,0.5927,0.5761,0.5766,24141122.0
1731546000000,0.5766,0.5891,0.568,0.5816,36229834.0
1731549600000,0.5815,0.6037,0.5782,0.5951,40457491.0
1731553200000,0.5951,0.5992,0.5801,0.5953,19092344.0
1731556800000,0.5953,0.6026,0.5874,0.6003,15033218.0
1731560400000,0.6002,0.6047,0.5903,0.5996,11632789.0
1731564000000,0.5995,0.6048,0.58,0.58,19915043.0
1731567600000,0.58,0.5823,0.5634,0.5717,33344937.0
1731571200000,0.5717,0.5782,0.5591,0.5656,26501954.0
1731574800000,0.5656,0.5736,0.5608,0.5674,17354507.0
1731578400000,0.5673,0.5731,0.5513,0.5525,35994390.0
1731582000000,0.5526,0.5538,0.5365,0.5463,40201188.0
1731585600000,0.5463,0.5488,0.5381,0.5448,19435015.0
1731589200000,0.5447,0.5503,0.5382,0.5402,20200727.0
1731592800000,0.5401,0.5561,0.5326,0.5365,50891548.0
1731596400000,0.5365,0.5435,0.5273,0.5407,37545042.0
1731600000000,0.5407,0.5584,0.5367,0.5536,26832650.0
1731603600000,0.5537,0.5547,0.5468,0.5502,23012205.0
1731607200000,0.5503,0.5525,0.5453,0.5469,13300778.0
1731610800000,0.5469,0.5533,0.5469,0.5529,8974373.0
1731614400000,0.5529,0.5534,0.5448,0.5473,12317979.0
1731618000000,0.5472,0.5557,0.5456,0.5524,12616824.0
1731621600000,0.5525,0.5526,0.5373,0.5426,15524900.0
1731625200000,0.5427,0.5449,0.5316,0.5386,24308130.0
1731628800000,0.5386,0.551,0.5371,0.5414,18131112.0
1731632400000,0.5414,0.5452,0.5254,0.5379,39114098.0
1731636000000,0.5379,0.5509,0.5285,0.5501,20727075.0
1731639600000,0.5502,0.5509,0.5408,0.5448,25868804.0
1731643200000,0.5447,0.5461,0.5229,0.5283,29128217.0
1731646800000,0.5283,0.5445,0.5229,0.541,24784458.0
1731650400000,0.541,0.5528,0.5408,0.5498,15590093.0
1731654000000,0.5499,0.5578,0.5468,0.5477,14479238.0
1731657600000,0.5477,0.558,0.542,0.5556,17646843.0
1731661200000,0.5557,0.5735,0.5554,0.5648,28174534.0
1731664800000,0.5648,0.5669,0.5601,0.5627,14176882.0
1731668400000,0.5626,0.5831,0.5586,0.5716,39479379.0
1731672000000,0.5717,0.5805,0.5602,0.5619,30317854.0
1731675600000,0.5618,0.5663,0.5522,0.5605,24249794.0
1731679200000,0.5605,0.5612,0.5481,0.5504,28789315.0
1731682800000,0.5505,0.5508,0.532,0.5381,36520064.0
1731686400000,0.5381,0.548,0.5321,0.5419,21121198.0
1731690000000,0.5419,0.6034,0.5347,0.5608,193301192.0
1731693600000,0.5607,0.5639,0.5475,0.5579,34014036.0
1731697200000,0.5578,0.5601,0.5495,0.5542,21891507.0
1731700800000,0.5542,0.5596,0.5466,0.5516,26755006.0
1731704400000,0.5516,0.5521,0.545,0.5486,14028028.0
1731708000000,0.5486,0.5512,0.5365,0.5404,22874279.0
1731711600000,0.5404,0.5419,0.536,0.5365,14329426.0
1731715200000,0.5366,0.5428,0.5329,0.5422,21641854.0
1731718800000,0.5422,0.5503,0.5401,0.5483,19149203.0
1731722400000,0.5483,0.5519,0.546,0.5513,11516854.0
1731726000000,0.5514,0.5704,0.55,0.5683,22875863.0
1731729600000,0.5683,0.5771,0.5658,0.5695,20212944.0
1731733200000,0.5696,0.5707,0.5602,0.5644,13633764.0
1731736800000,0.5644,0.5655,0.5551,0.5566,13555550.0
1731740400000,0.5567,0.5584,0.5501,0.5504,9474308.0
1731744000000,0.5504,0.5527,0.5454,0.5493,15416644.0
1731747600000,0.5493,0.5506,0.5403,0.5407,15779483.0
1731751200000,0.5407,0.5504,0.538,0.5471,17945417.0
1731754800000,0.547,0.5642,0.5425,0.5634,28672491.0
1731758400000,0.5634,0.5659,0.55,0.5566,30694709.0
1731762000000,0.5565,0.5644,0.5468,0.5489,23772751.0
1731765600000,0.5489,0.5515,0.5395,0.5425,27638445.0
1731769200000,0.5426,0.5429,0.524,0.5278,50592850.0
1731772800000,0.5277,0.5322,0.5231,0.5311,21259998.0
1731776400000,0.531,0.5453,0.5292,0.5443,20397396.0
1731780000000,0.5444,0.5515,0.5421,0.5508,19067010.0
1731783600000,0.5507,0.5545,0.5465,0.5508,14838055.0
1731787200000,0.5509,0.5541,0.5441,0.546,15669099.0
1731790800000,0.5462,0.555,0.5445,0.5535,13334103.0
1731794400000,0.5536,0.5595,0.5502,0.5502,12118576.0
1731798000000,0.5503,0.5561,0.547,0.5543,13801846.0
1731801600000,0.5544,0.5637,0.5523,0.5588,17897435.0
1731805200000,0.5588,0.5665,0.5484,0.5658,34418523.0
1731808800000,0.5657,0.5972,0.5464,0.5933,94031846.0
1731812400000,0.5933,0.5938,0.5583,0.5679,56298169.0
1731816000000,0.5679,0.586,0.5648,0.582,29995474.0
1731819600000,0.5819,0.5984,0.5813,0.5937,27614069.0
1731823200000,0.5935,0.6076,0.5901,0.6006,29465702.0
1731826800000,0.6005,0.6005,0.5847,0.5962,23513771.0
1731830400000,0.5962,0.6026,0.5874,0.5883,18850173.0
1731834000000,0.5884,0.5961,0.5814,0.5829,17708193.0
1731837600000,0.5828,0.585,0.5698,0.5764,25835272.0
1731841200000,0.5764,0.5771,0.5621,0.5629,19650385.0
1731844800000,0.5629,0.5699,0.5605,0.568,15243819.0
1731848400000,0.5682,0.5685,0.5569,0.5637,18403702.0
1731852000000,0.5637,0.5748,0.5636,0.5671,18515424.0
1731855600000,0.5672,0.571,0.5617,0.5618,10504595.0
1731859200000,0.5618,0.5683,0.558,0.5673,10657352.0
1731862800000,0.5673,0.5685,0.5614,0.5668,7897827.0
1731866400000,0.5668,0.5671,0.5556,0.5561,10993710.0
1731870000000,0.5561,0.5624,0.5516,0.5584,13389040.0
1731873600000,0.5585,0.5612,0.5512,0.5536,11211628.0
1731877200000,0.5536,0.5595,0.5504,0.5512,10312369.0
1731880800000,0.5512,0.5537,0.5462,0.5492,16163640.0
1731884400000,0.5491,0.555,0.5445,0.5543,13658475.0
1731888000000,0.5544,0.5664,0.5481,0.5643,15670287.0
1731891600000,0.5643,0.571,0.5599,0.5662,15803526.0
1731895200000,0.5662,0.5705,0.5641,0.565,9175072.0
1731898800000,0.565,0.5721,0.5603,0.5719,8780129.0
1731902400000,0.5719,0.5753,0.5649,0.5676,10580458.0
1731906000000,0.5676,0.5737,0.5638,0.5698,10312607.0
1731909600000,0.5699,0.5808,0.5673,0.5766,9906151.0
1731913200000,0.5766,0.582,0.5666,0.5678,17055631.0
1731916800000,0.5679,0.5714,0.5625,0.5682,11410289.0
1731920400000,0.5683,0.5703,0.5609,0.5683,10865719.0
1731924000000,0.5682,0.5827,0.5673,0.5807,11651696.0
1731927600000,0.5807,0.5812,0.5705,0.5759,25508008.0
1731931200000,0.5758,0.5885,0.5689,0.588,26737253.0
1731934800000,0.5879,0.5951,0.5746,0.5865,33055227.0
1731938400000,0.5865,0.6074,0.5811,0.5811,46697824.0
1731942000000,0.5812,0.6275,0.5811,0.6231,47556903.0
1731945600000,0.6231,0.633,0.5957,0.5982,63215077.0
1731949200000,0.5982,0.6165,0.594,0.6048,33913786.0
1731952800000,0.6049,0.6075,0.555,0.5637,91605134.0
1731956400000,0.5637,0.5643,0.547,0.5529,50118021.0
1731960000000,0.5528,0.5798,0.5517,0.5784,51910026.0
1731963600000,0.5783,0.5857,0.5726,0.5836,28655718.0
1731967200000,0.5836,0.588,0.5812,0.5833,15186275.0
1731970800000,0.5833,0.5854,0.5728,0.58,17244975.0
1731974400000,0.58,0.5815,0.566,0.5675,21299618.0
1731978000000,0.5676,0.5705,0.5588,0.5593,14667788.0
1731981600000,0.5593,0.5679,0.5582,0.5638,14356779.0
1731985200000,0.5639,0.5682,0.5606,0.5662,6504001.0
1731988800000,0.5662,0.5779,0.5655,0.5688,18963467.0
1731992400000,0.5688,0.5688,0.5586,0.5626,12100824.0
1731996000000,0.5625,0.5665,0.5576,0.5613,13495736.0
1731999600000,0.5613,0.5644,0.5575,0.56,13789063.0
1732003200000,0.5599,0.5639,0.5551,0.5605,15097317.0
1732006800000,0.5605,0.5608,0.5543,0.5568,13660020.0
1732010400000,0.5568,0.559,0.5514,0.5575,15129834.0
1732014000000,0.5574,0.558,0.5528,0.5544,6102810.0
1732017600000,0.5545,0.5626,0.5531,0.558,22124706.0
1732021200000,0.558,0.5598,0.547,0.5477,22634994.0
1732024800000,0.5477,0.5551,0.5436,0.5494,17584614.0
1732028400000,0.5495,0.554,0.5452,0.5534,12983982.0
1732032000000,0.5536,0.554,0.5482,0.5503,8702330.0
1732035600000,0.5502,0.5548,0.5477,0.5482,11885974.0
1732039200000,0.5483,0.5536,0.547,0.5518,11297717.0
1732042800000,0.5518,0.5523,0.5441,0.545,9362621.0
1732046400000,0.5451,0.5458,0.5314,0.5339,22900395.0
1732050000000,0.5339,0.539,0.5285,0.5374,21936321.0
1732053600000,0.5375,0.5386,0.5283,0.5321,14158281.0
1732057200000,0.532,0.5373,0.531,0.5344,8420608.0
1732060800000,0.5345,0.5346,0.5275,0.5283,12274236.0
1732064400000,0.5283,0.5312,0.5165,0.518,31934479.0
1732068000000,0.518,0.5197,0.5131,0.5142,24942522.0
1732071600000,0.5142,0.5162,0.5058,0.5152,35763708.0
1732075200000,0.5152,0.5224,0.5148,0.519,21732833.0
1732078800000,0.519,0.5246,0.516,0.5234,10073728.0
1732082400000,0.5234,0.5245,0.5189,0.5201,9195790.0
1732086000000,0.5201,0.5348,0.5188,0.5299,14415260.0
1732089600000,0.5299,0.5373,0.5284,0.5351,18463222.0
1732093200000,0.5352,0.5365,0.5304,0.5334,10083216.0
1732096800000,0.5334,0.5366,0.5298,0.5308,8748539.0
1732100400000,0.5309,0.5399,0.5261,0.5383,26317431.0
1732104000000,0.5384,0.5468,0.5331,0.5438,17934331.0
1732107600000,0.5438,0.5448,0.5326,0.5345,21981868.0
1732111200000,0.5346,0.5473,0.5346,0.5374,23722417.0
1732114800000,0.5375,0.5423,0.531,0.5423,13134745.0
1732118400000,0.5423,0.5437,0.5175,0.5206,29316221.0
1732122000000,0.5205,0.5282,0.5097,0.5099,25737969.0
1732125600000,0.5098,0.5209,0.5051,0.5153,31146704.0
1732129200000,0.5153,0.5153,0.5014,0.5118,21254791.0
1732132800000,0.5118,0.5244,0.5084,0.5196,12451669.0
1732136400000,0.5196,0.5239,0.5182,0.5199,8017992.0
1732140000000,0.5198,0.5228,0.5166,0.5182,5785624.0
1732143600000,0.5182,0.5222,0.5146,0.5159,7545208.0
1732147200000,0.5159,0.5271,0.514,0.5213,11027141.0
1732150800000,0.5214,0.5245,0.5191,0.5206,8795581.0
1732154400000,0.5206,0.521,0.4965,0.5083,36577473.0
1732158000000,0.5083,0.53,0.507,0.5216,29293513.0
1732161600000,0.5216,0.5398,0.5167,0.5313,23675413.0
1732165200000,0.5312,0.5352,0.5236,0.5283,11575875.0
1732168800000,0.5284,0.5289,0.5179,0.5191,10104570.0
1732172400000,0.5192,0.5279,0.5191,0.5254,11988988.0
1732176000000,0.5255,0.531,0.5245,0.5282,12372838.0
1732179600000,0.5282,0.5285,0.5163,0.5168,12039800.0
1732183200000,0.5168,0.5205,0.5106,0.5114,12189472.0
1732186800000,0.5114,0.5179,0.5078,0.5167,13408840.0
1732190400000,0.5166,0.565,0.5161,0.5528,69531140.0
1732194000000,0.5527,0.5825,0.5526,0.5698,52795363.0
1732197600000,0.5697,0.5946,0.5697,0.5927,55605346.0
1732201200000,0.5926,0.5927,0.5598,0.5794,61351157.0
1732204800000,0.5793,0.6066,0.5789,0.601,41510501.0
1732208400000,0.6009,0.6009,0.5845,0.5891,30180124.0
1732212000000,0.5892,0.5912,0.5761,0.5812,20372671.0
1732215600000,0.5812,0.5829,0.5663,0.5692,26033763.0
1732219200000,0.5691,0.5741,0.5662,0.5691,14061403.0
1732222800000,0.5691,0.5696,0.5632,0.5671,9935602.0
1732226400000,0.5671,0.5829,0.5668,0.5822,10573972.0
1732230000000,0.5821,0.5937,0.5784,0.5922,12976283.0
1732233600000,0.5923,0.593,0.5765,0.5798,23117001.0
1732237200000,0.5798,0.5967,0.5733,0.5909,27920478.0
1732240800000,0.5909,0.6023,0.5882,0.5958,17578413.0
1732244400000,0.5958,0.5997,0.5888,0.5972,11556429.0
1732248000000,0.5972,0.6146,0.5951,0.6017,19243687.0
1732251600000,0.6015,0.614,0.6,0.6033,14604648.0
1732255200000,0.6031,0.6069,0.5905,0.5971,19746087.0
1732258800000,0.597,0.604,0.586,0.5914,17129204.0
1732262400000,0.5914,0.6137,0.5913,0.6086,24796322.0
1732266000000,0.6086,0.62,0.6081,0.6179,23738906.0
1732269600000,0.6178,0.6208,0.6027,0.6077,27700922.0
1732273200000,0.6077,0.6226,0.605,0.6168,20855049.0
1732276800000,0.6169,0.6299,0.6121,0.6202,27585711.0
1732280400000,0.6202,0.6205,0.5929,0.6005,53401048.0
1732284000000,0.6004,0.6076,0.5845,0.5885,31601426.0
1732287600000,0.5884,0.5985,0.583,0.5897,26006955.0
1732291200000,0.5897,0.5963,0.5861,0.5948,17882724.0
1732294800000,0.5946,0.5977,0.5903,0.5934,13196525.0
1732298400000,0.5935,0.5974,0.5876,0.5899,12370237.0
1732302000000,0.59,0.5957,0.5831,0.5931,11862884.0
1732305600000,0.5931,0.5982,0.59,0.5903,8141358.0
1732309200000,0.5904,0.5998,0.5859,0.597,11364842.0
1732312800000,0.5968,0.5974,0.5871,0.5894,7669423.0
1732316400000,0.5894,0.6003,0.587,0.5962,15594768.0
1732320000000,0.5963,0.62,0.5923,0.6007,31988826.0
1732323600000,0.6006,0.6146,0.5987,0.6127,17975244.0
1732327200000,0.6127,0.613,0.5889,0.5922,20323823.0
1732330800000,0.5923,0.6112,0.5885,0.6087,19834914.0
1732334400000,0.6086,0.6346,0.6069,0.6283,39553234.0
1732338000000,0.6282,0.6305,0.6161,0.6224,18562747.0
1732341600000,0.6225,0.6558,0.6127,0.6534,42264114.0
1732345200000,0.6535,0.6685,0.6433,0.6455,49635303.0
1732348800000,0.6456,0.6722,0.6454,0.6645,34479713.0
1732352400000,0.6647,0.6726,0.65,0.6549,21171657.0
1732356000000,0.6549,0.656,0.6353,0.6398,19932765.0
1732359600000,0.6398,0.6464,0.638,0.6385,11246076.0
1732363200000,0.6386,0.655,0.6371,0.6447,16656274.0
1732366800000,0.6447,0.664,0.6444,0.6536,18142798.0
1732370400000,0.6536,0.6761,0.6496,0.6656,31473122.0
1732374000000,0.6656,0.6728,0.6587,0.6635,20439961.0
1732377600000,0.6634,0.6679,0.6335,0.653,60492273.0
1732381200000,0.6529,0.672,0.6413,0.6685,36725274.0
1732384800000,0.6685,0.6745,0.6592,0.6599,23879089.0
1732388400000,0.66,0.665,0.6473,0.6526,13843195.0
1732392000000,0.6525,0.6537,0.64,0.6535,16737849.0
1732395600000,0.6536,0.669,0.6498,0.6657,11798577.0
1732399200000,0.6658,0.6835,0.664,0.6654,32251787.0
1732402800000,0.6654,0.6705,0.6555,0.6685,14378368.0
1732406400000,0.6685,0.6857,0.6624,0.6674,26373929.0
1732410000000,0.6674,0.6844,0.6668,0.6726,17465945.0
1732413600000,0.6726,0.6736,0.6598,0.6598,16751026.0
1732417200000,0.6598,0.6641,0.6507,0.6626,14274541.0
1732420800000,0.6626,0.663,0.6433,0.648,17325203.0
1732424400000,0.6479,0.6501,0.6411,0.6462,10587119.0
1732428000000,0.6462,0.6521,0.6413,0.6447,13833327.0
1732431600000,0.6447,0.648,0.6427,0.6435,8238251.0
1732435200000,0.6435,0.6447,0.626,0.628,23538810.0
1732438800000,0.628,0.6323,0.6236,0.6286,17313107.0
1732442400000,0.6286,0.6347,0.6171,0.6201,22224760.0
1732446000000,0.62,0.6223,0.6024,0.604,36792589.0
1732449600000,0.6039,0.6113,0.5844,0.5979,53581661.0
1732453200000,0.5978,0.6304,0.5952,0.6288,37037827.0
1732456800000,0.6287,0.629,0.6108,0.6254,35560952.0
1732460400000,0.6255,0.6261,0.6111,0.6119,18792481.0
1732464000000,0.6118,0.6464,0.6103,0.6389,37329467.0
1732467600000,0.6388,0.6419,0.6297,0.6311,15805730.0
1732471200000,0.6311,0.6438,0.6306,0.6374,8546655.0
1732474800000,0.6374,0.6405,0.6308,0.6387,6016433.0
1732478400000,0.6387,0.6451,0.6371,0.6412,6080329.0
1732482000000,0.6411,0.6442,0.6376,0.6393,5364451.0
1732485600000,0.6394,0.6579,0.6389,0.6549,13848157.0
1732489200000,0.6549,0.6884,0.6545,0.6812,32214243.0
1732492800000,0.6813,0.7191,0.6726,0.6752,61711186.0
1732496400000,0.6752,0.677,0.6574,0.667,30235992.0
1732500000000,0.667,0.6813,0.6667,0.6716,14552827.0
1732503600000,0.6716,0.6719,0.6585,0.6688,13829027.0
1732507200000,0.6689,0.675,0.6624,0.6644,9961136.0
1732510800000,0.6645,0.681,0.6633,0.6709,11656760.0
1732514400000,0.6708,0.6708,0.6558,0.6569,15608982.0
1732518000000,0.6569,0.662,0.6453,0.6522,21367131.0
1732521600000,0.6522,0.6597,0.6515,0.6566,7687472.0
1732525200000,0.6567,0.672,0.6563,0.6649,15925394.0
1732528800000,0.6648,0.6809,0.6591,0.6733,19618676.0
1732532400000,0.6732,0.6775,0.655,0.6575,18714347.0
1732536000000,0.6576,0.662,0.6526,0.6566,13920893.0
1732539600000,0.6566,0.6786,0.646,0.6675,32506035.0
1732543200000,0.6676,0.6793,0.6387,0.6398,46458807.0
1732546800000,0.6398,0.6705,0.6233,0.6585,53424487.0
1732550400000,0.6584,0.6644,0.638,0.6435,30592939.0
1732554000000,0.6434,0.6442,0.6174,0.6283,22620354.0
1732557600000,0.6284,0.63,0.6208,0.6243,10704371.0
1732561200000,0.6244,0.6457,0.6181,0.6377,18080616.0
1732564800000,0.6378,0.6469,0.6306,0.6424,11564241.0
1732568400000,0.6425,0.6429,0.6198,0.6299,13663463.0
1732572000000,0.6299,0.6345,0.6114,0.6318,14304910.0
1732575600000,0.6317,0.6436,0.6282,0.6314,13897286.0
1732579200000,0.6314,0.65,0.6281,0.6355,18331906.0
1732582800000,0.6354,0.6434,0.6353,0.6407,7110691.0
1732586400000,0.6406,0.6452,0.6367,0.6407,5162829.0
1732590000000,0.6407,0.6411,0.6265,0.6297,8667841.0
1732593600000,0.6296,0.6314,0.6243,0.6277,6736640.0
1732597200000,0.6276,0.6332,0.6253,0.6328,5886221.0
1732600800000,0.6327,0.6378,0.6263,0.6285,8521797.0
1732604400000,0.6285,0.6315,0.6019,0.6027,35760042.0
1732608000000,0.6027,0.6028,0.5665,0.5719,106628951.0
1732611600000,0.572,0.5797,0.5665,0.5785,24961485.0
1732615200000,0.5786,0.5863,0.56,0.5635,38387099.0
1732618800000,0.5636,0.5827,0.557,0.5807,50659253.0
1732622400000,0.5806,0.5902,0.5668,0.5788,44660045.0
1732626000000,0.5788,0.5934,0.5764,0.5859,33636955.0
1732629600000,0.586,0.6192,0.5793,0.6125,56960947.0
1732633200000,0.6126,0.614,0.5945,0.5962,26778742.0
1732636800000,0.5962,0.6218,0.5955,0.6099,29010604.0
1732640400000,0.6098,0.6244,0.6027,0.62,29657544.0
1732644000000,0.6199,0.623,0.5918,0.5921,36505461.0
1732647600000,0.592,0.5961,0.582,0.5867,23130549.0
1732651200000,0.5866,0.6092,0.585,0.6053,28866017.0
1732654800000,0.6052,0.6108,0.5964,0.5964,15424523.0
1732658400000,0.5964,0.6046,0.5919,0.5957,13944690.0
1732662000000,0.5956,0.6057,0.595,0.6001,9531647.0
1732665600000,0.6002,0.6144,0.5916,0.5939,18630498.0
1732669200000,0.5939,0.6164,0.5906,0.616,13492498.0
1732672800000,0.6161,0.6243,0.603,0.6235,19241524.0
1732676400000,0.6234,0.625,0.606,0.6083,18885713.0
1732680000000,0.6084,0.6218,0.6072,0.6143,15484233.0
1732683600000,0.6143,0.6225,0.6083,0.6121,10587990.0
1732687200000,0.6122,0.64,0.612,0.6358,32904120.0
1732690800000,0.6358,0.6428,0.6294,0.6305,16814850.0
1732694400000,0.6305,0.6487,0.6297,0.6402,20540095.0
1732698000000,0.6402,0.6406,0.624,0.6281,19215179.0
1732701600000,0.6282,0.6474,0.6277,0.6435,17875837.0
1732705200000,0.6436,0.6513,0.6283,0.6485,21558264.0
1732708800000,0.6484,0.6501,0.635,0.6457,20972383.0
1732712400000,0.6456,0.6585,0.6365,0.6484,32504687.0
1732716000000,0.6483,0.6657,0.646,0.665,30008829.0
1732719600000,0.6649,0.6783,0.6614,0.6657,33325404.0
1732723200000,0.6658,0.6707,0.6455,0.6474,36685609.0
1732726800000,0.6474,0.6696,0.643,0.6686,24927498.0
1732730400000,0.6686,0.6839,0.668,0.6813,29766202.0
1732734000000,0.6813,0.7149,0.6793,0.7045,48185502.0
1732737600000,0.7044,0.7375,0.7001,0.7302,57575186.0
1732741200000,0.7303,0.7365,0.7148,0.7212,35899671.0
1732744800000,0.7213,0.7239,0.7023,0.704,26125779.0
1732748400000,0.7041,0.7166,0.7034,0.7084,20562936.0
1732752000000,0.7083,0.7267,0.7004,0.7211,27634630.0
1732755600000,0.7211,0.7485,0.7188,0.7459,36336372.0
1732759200000,0.7459,0.7545,0.7329,0.7512,29061574.0
1732762800000,0.7513,0.762,0.7309,0.745,65500645.0
1732766400000,0.745,0.7609,0.7377,0.757,34202487.0
1732770000000,0.7571,0.7571,0.7316,0.7334,23341888.0
1732773600000,0.7335,0.7351,0.716,0.7211,30257591.0
1732777200000,0.7213,0.7233,0.705,0.7098,26119452.0
1732780800000,0.7098,0.7212,0.7085,0.7163,18385516.0
1732784400000,0.7163,0.7202,0.708,0.7187,14252523.0
1732788000000,0.7187,0.7269,0.7058,0.709,30693712.0
1732791600000,0.7089,0.709,0.6914,0.7009,30591804.0
1732795200000,0.701,0.7195,0.6999,0.7135,27050536.0
1732798800000,0.7134,0.7143,0.7012,0.7035,24037513.0
1732802400000,0.7035,0.7066,0.6904,0.6965,23189689.0
1732806000000,0.6965,0.7,0.6868,0.6917,18491264.0
1732809600000,0.6918,0.6971,0.685,0.6865,14098808.0
1732813200000,0.6863,0.6938,0.684,0.6881,11906774.0
1732816800000,0.6882,0.6993,0.6871,0.6967,12957435.0
1732820400000,0.6967,0.705,0.6963,0.7034,13708629.0
1732824000000,0.7034,0.7043,0.6938,0.6964,10542961.0
1732827600000,0.6964,0.7035,0.6946,0.6994,6920220.0
1732831200000,0.6994,0.7196,0.6982,0.7177,14915119.0
1732834800000,0.7176,0.7194,0.7067,0.7074,12152348.0
1732838400000,0.7074,0.7129,0.6986,0.6998,13371046.0
1732842000000,0.6998,0.715,0.6994,0.7092,11531537.0
1732845600000,0.7091,0.7197,0.7069,0.7134,9424404.0
1732849200000,0.7134,0.7208,0.7082,0.709,10297683.0
1732852800000,0.709,0.7243,0.7081,0.7154,9984000.0
1732856400000,0.7154,0.7226,0.7037,0.7043,10452387.0
1732860000000,0.7044,0.7124,0.6978,0.7007,11734540.0
1732863600000,0.7007,0.7025,0.6852,0.6951,20863513.0
1732867200000,0.695,0.7137,0.6936,0.7136,9338690.0
1732870800000,0.7135,0.7224,0.7073,0.7186,11512854.0
1732874400000,0.7187,0.7303,0.7182,0.7273,17292886.0
1732878000000,0.7272,0.7379,0.7225,0.7337,16119253.0
1732881600000,0.7337,0.7411,0.7284,0.7365,15026240.0
1732885200000,0.7366,0.7551,0.7323,0.7525,24756437.0
1732888800000,0.7526,0.77,0.7433,0.7611,33496753.0
1732892400000,0.7612,0.7934,0.7213,0.7232,107153831.0
1732896000000,0.7232,0.7466,0.722,0.7454,23021094.0
1732899600000,0.7455,0.7708,0.7352,0.7613,28382746.0
1732903200000,0.7613,0.7783,0.7574,0.7669,24333536.0
1732906800000,0.7668,0.7795,0.755,0.7745,24588093.0
1732910400000,0.7746,0.7819,0.7721,0.773,11621027.0
1732914000000,0.773,0.7928,0.7705,0.7918,17973586.0
1732917600000,0.7917,0.7956,0.7797,0.7923,16321182.0
1732921200000,0.7923,0.7962,0.7844,0.7904,11451832.0
1732924800000,0.7903,0.8347,0.7851,0.7904,61343823.0
1732928400000,0.7904,0.7964,0.7764,0.7949,27501366.0
1732932000000,0.7948,0.8096,0.7805,0.796,23818514.0
1732935600000,0.796,0.8045,0.7876,0.7995,16084058.0
1732939200000,0.7994,0.8068,0.7842,0.7867,16303499.0
1732942800000,0.7867,0.8098,0.7838,0.8071,11709463.0
1732946400000,0.8072,0.8211,0.7913,0.7936,27231755.0
1732950000000,0.7937,0.825,0.7895,0.8149,24684913.0
1732953600000,0.8148,0.816,0.796,0.8012,15366253.0
1732957200000,0.8011,0.8051,0.7966,0.7968,8716352.0
1732960800000,0.7968,0.8002,0.7758,0.7816,22291587.0
1732964400000,0.7816,0.7879,0.7709,0.7722,13711609.0
1732968000000,0.7722,0.7795,0.771,0.7788,9939358.0
1732971600000,0.7789,0.784,0.7744,0.7801,9277783.0
1732975200000,0.7802,0.7893,0.7713,0.7747,9997922.0
1732978800000,0.7748,0.7834,0.7713,0.7776,9552517.0
1732982400000,0.7776,0.7877,0.7753,0.7842,9003794.0
1732986000000,0.784,0.7994,0.7764,0.7992,10171270.0
1732989600000,0.7992,0.8197,0.7977,0.8135,19035760.0
1732993200000,0.8135,0.8302,0.8102,0.8206,17523682.0
1732996800000,0.8207,0.8259,0.8123,0.8248,15111728.0
1733000400000,0.8247,0.8376,0.8117,0.8356,16012872.0
1733004000000,0.8357,0.8487,0.8272,0.8477,19943928.0
1733007600000,0.8478,0.8595,0.833,0.843,25337925.0
1733011200000,0.8429,0.87,0.8331,0.8405,45180416.0
1733014800000,0.8405,0.8791,0.8362,0.8654,34589808.0
1733018400000,0.8654,0.8874,0.8472,0.8595,46023231.0
1733022000000,0.8596,0.8856,0.8595,0.8715,31030206.0
1733025600000,0.8716,0.8751,0.8416,0.8527,22503293.0
1733029200000,0.8527,0.8567,0.8308,0.8333,17761528.0
1733032800000,0.833,0.847,0.8321,0.8325,13247843.0
1733036400000,0.8325,0.8417,0.8235,0.834,16187447.0
1733040000000,0.834,0.8452,0.8285,0.8308,10615654.0
1733043600000,0.8308,0.8317,0.8152,0.8215,13551337.0
1733047200000,0.8215,0.8215,0.805,0.8106,13455250.0
1733050800000,0.8105,0.8245,0.8066,0.8192,16621856.0
1733054400000,0.8192,0.8296,0.8166,0.8294,19031780.0
1733058000000,0.8294,0.8323,0.817,0.8216,14864009.0
1733061600000,0.8218,0.8276,0.813,0.8191,13769033.0
1733065200000,0.819,0.8335,0.8165,0.828,12746650.0
1733068800000,0.828,0.8316,0.8166,0.8169,9247494.0
1733072400000,0.817,0.8219,0.8122,0.8205,7927571.0
1733076000000,0.8204,0.8259,0.8174,0.8231,5078316.0
1733079600000,0.823,0.8275,0.8141,0.8191,7711798.0
1733083200000,0.819,0.8199,0.8089,0.8117,9382932.0
1733086800000,0.8116,0.8239,0.8093,0.8192,5990437.0
1733090400000,0.8192,0.8282,0.8176,0.8222,4885397.0
1733094000000,0.8222,0.8277,0.8164,0.8225,8192273.0
1733097600000,0.8224,0.8283,0.8131,0.8171,16996371.0
1733101200000,0.8172,0.8326,0.8134,0.8288,15552165.0
1733104800000,0.8288,0.8313,0.8136,0.8216,14186373.0
1733108400000,0.8217,0.8305,0.793,0.7945,26518730.0
1733112000000,0.7945,0.8235,0.784,0.822,41332822.0
1733115600000,0.822,0.864,0.8203,0.8565,57837385.0
1733119200000,0.8565,0.8798,0.8422,0.8527,44119631.0
1733122800000,0.8526,0.8567,0.8302,0.8318,26637103.0
1733126400000,0.8318,0.8399,0.796,0.8316,50115625.0
1733130000000,0.8315,0.8509,0.8191,0.8318,33672536.0
1733133600000,0.8319,0.8468,0.8178,0.8235,29677627.0
1733137200000,0.8236,0.8467,0.8185,0.8325,27903896.0
1733140800000,0.8326,0.8785,0.8326,0.8536,44615764.0
1733144400000,0.8536,0.8839,0.8462,0.8791,38374895.0
1733148000000,0.879,0.8897,0.8538,0.8743,41587848.0
1733151600000,0.8744,0.8799,0.8431,0.8637,29913985.0
1733155200000,0.8638,0.8641,0.8295,0.8299,25815734.0
1733158800000,0.8299,0.8321,0.8051,0.8113,31328330.0
1733162400000,0.8112,0.8221,0.8082,0.8097,16329965.0
1733166000000,0.8097,0.8116,0.8015,0.811,10627535.0
1733169600000,0.8109,0.8265,0.8078,0.8114,17367588.0
1733173200000,0.8112,0.8216,0.8012,0.8119,11276040.0
1733176800000,0.8119,0.8134,0.8024,0.8055,6932104.0
1733180400000,0.8055,0.8419,0.8052,0.8388,20819229.0
1733184000000,0.8388,0.848,0.8276,0.8301,24379073.0
1733187600000,0.8302,0.8612,0.8244,0.8486,31187259.0
1733191200000,0.8485,0.8748,0.839,0.8717,25558175.0
1733194800000,0.8717,0.8827,0.8516,0.859,28003391.0
1733198400000,0.859,0.8664,0.8458,0.8531,12647176.0
1733202000000,0.8531,0.858,0.8356,0.841,16003945.0
1733205600000,0.841,0.8526,0.8218,0.8248,16694645.0
1733209200000,0.8247,0.8302,0.8148,0.8251,24113096.0
1733212800000,0.8252,0.8361,0.8214,0.8261,15598635.0
1733216400000,0.8262,0.8563,0.8181,0.8558,23916089.0
1733220000000,0.8557,0.8749,0.838,0.8452,34559534.0
1733223600000,0.8452,0.8539,0.839,0.8478,12065075.0
1733227200000,0.8478,0.8537,0.8343,0.8494,13587088.0
1733230800000,0.8494,0.8535,0.7939,0.8075,57048955.0
1733234400000,0.8073,0.8192,0.7475,0.8138,93735602.0
1733238000000,0.8138,0.8268,0.79,0.8091,34633086.0
1733241600000,0.8092,0.8346,0.8028,0.8071,23750416.0
1733245200000,0.8071,0.8094,0.786,0.804,22885792.0
1733248800000,0.8041,0.8083,0.7933,0.8051,14874321.0
1733252400000,0.805,0.805,0.7873,0.8001,13028914.0
1733256000000,0.8002,0.8134,0.7993,0.8071,8478049.0
1733259600000,0.8069,0.8231,0.806,0.8171,14085658.0
1733263200000,0.8172,0.8188,0.8039,0.8166,18856380.0
1733266800000,0.8167,0.8225,0.8077,0.8083,16471499.0
1733270400000,0.8084,0.832,0.8052,0.8303,25431064.0
1733274000000,0.8303,0.8437,0.8239,0.8267,29681912.0
1733277600000,0.8267,0.8268,0.8007,0.8046,19490427.0
1733281200000,0.8046,0.8196,0.804,0.8135,9381774.0
1733284800000,0.8134,0.8355,0.8125,0.8346,12190150.0
1733288400000,0.8345,0.842,0.831,0.841,14580197.0
1733292000000,0.841,0.8634,0.8357,0.8617,19862232.0
1733295600000,0.8617,0.8629,0.8503,0.8538,13597975.0
1733299200000,0.8538,0.8733,0.8516,0.8703,17346125.0
1733302800000,0.8703,0.8847,0.8624,0.8844,28117082.0
1733306400000,0.8844,0.915,0.8827,0.8956,48125575.0
1733310000000,0.8956,0.924,0.8926,0.9064,27577247.0
1733313600000,0.9064,0.9191,0.888,0.905,31237588.0
1733317200000,0.9051,0.932,0.902,0.929,35553954.0
1733320800000,0.9291,0.9696,0.9203,0.951,75222406.0
1733324400000,0.9508,0.957,0.9231,0.9281,45253139.0
1733328000000,0.9282,0.938,0.8993,0.9092,40657783.0
1733331600000,0.9091,0.9255,0.899,0.919,22909600.0
1733335200000,0.919,0.94,0.9091,0.9338,20973279.0
1733338800000,0.9337,0.9475,0.9304,0.9401,15673399.0
1733342400000,0.9401,0.9429,0.9142,0.9245,18366292.0
1733346000000,0.9246,0.9383,0.9115,0.9153,14115903.0
1733349600000,0.9153,0.9282,0.907,0.9111,10806939.0
1733353200000,0.911,0.9127,0.8954,0.9057,13548065.0
1733356800000,0.9057,0.9065,0.8763,0.8783,19712594.0
1733360400000,0.8783,0.8825,0.8531,0.8805,31119653.0
1733364000000,0.8804,0.9361,0.8743,0.906,32915869.0
1733367600000,0.906,0.9207,0.892,0.8973,30528151.0
1733371200000,0.8973,0.918,0.895,0.9153,14055319.0
1733374800000,0.9153,0.9239,0.905,0.92,15511312.0
1733378400000,0.9201,0.954,0.9086,0.9505,30825175.0
1733382000000,0.9504,0.965,0.9427,0.95,33867863.0
1733385600000,0.9499,0.9611,0.9367,0.961,25227444.0
1733389200000,0.9611,0.97,0.952,0.9586,26396027.0
1733392800000,0.9585,0.9865,0.951,0.9713,35492514.0
1733396400000,0.9713,0.9843,0.9651,0.9672,21480646.0
1733400000000,0.9672,0.9726,0.9358,0.9368,27918847.0
1733403600000,0.9368,0.9453,0.9238,0.9309,22346981.0
1733407200000,0.9309,0.9324,0.9198,0.9247,14959590.0
1733410800000,0.9246,0.9263,0.9108,0.9219,21633236.0
1733414400000,0.922,0.9414,0.916,0.9373,19381774.0
1733418000000,0.9374,0.9639,0.9367,0.9531,32376201.0
1733421600000,0.9532,0.957,0.9441,0.9538,13885799.0
1733425200000,0.9539,0.9566,0.9312,0.9314,14959433.0
1733428800000,0.9314,0.9379,0.9118,0.9258,22813639.0
1733432400000,0.9258,0.9317,0.92,0.9263,9079199.0
1733436000000,0.9262,0.985,0.8897,0.9843,50195381.0
1733439600000,0.9842,0.9972,0.9555,0.9636,59028855.0
1733443200000,0.9636,1.03,0.9521,1.0113,57316247.0
1733446800000,1.0112,1.0112,0.9815,0.984,34045948.0
1733450400000,0.984,1.0243,0.9823,1.0223,30811029.0
1733454000000,1.0222,1.0515,1.0132,1.0465,37385933.0
1733457600000,1.0465,1.0565,1.0298,1.045,25324747.0
1733461200000,1.0451,1.0455,1.0088,1.0119,23917700.0
1733464800000,1.0118,1.0342,1.0094,1.031,18194319.0
1733468400000,1.031,1.0435,1.028,1.0358,12890603.0
1733472000000,1.0358,1.0444,1.019,1.0199,15143065.0
1733475600000,1.0199,1.0209,0.9982,1.0041,27751149.0
1733479200000,1.0042,1.0145,0.9968,1.0136,13775009.0
1733482800000,1.0136,1.0352,1.0134,1.0269,16434555.0
1733486400000,1.0268,1.0449,1.013,1.0162,22569128.0
1733490000000,1.0162,1.043,1.007,1.0179,28359567.0
1733493600000,1.0178,1.04,1.0,1.0359,27244039.0
1733497200000,1.0359,1.0684,1.0153,1.0235,48644408.0
1733500800000,1.0235,1.0624,1.0204,1.0395,27185592.0
1733504400000,1.0395,1.0646,1.0301,1.057,19778959.0
1733508000000,1.0569,1.075,1.0512,1.0517,21838294.0
1733511600000,1.0518,1.0586,1.0372,1.0395,12266045.0
1733515200000,1.0394,1.0445,1.0245,1.0293,12058995.0
1733518800000,1.0293,1.0577,1.029,1.0566,14402571.0
1733522400000,1.0567,1.0605,1.0335,1.0447,15092060.0
1733526000000,1.0446,1.0628,1.043,1.0465,14764865.0
1733529600000,1.0466,1.0794,1.0466,1.0634,25972074.0
1733533200000,1.0634,1.0695,1.0377,1.0527,22909378.0
1733536800000,1.0527,1.076,1.0501,1.0731,17848092.0
1733540400000,1.0731,1.097,1.0705,1.0916,25949677.0
1733544000000,1.0916,1.1388,1.085,1.1368,40176275.0
1733547600000,1.1369,1.1469,1.1106,1.1189,31319955.0
1733551200000,1.119,1.1346,1.1159,1.1201,16260879.0
1733554800000,1.1201,1.129,1.106,1.1177,19780311.0
1733558400000,1.1177,1.1272,1.0853,1.0924,20215374.0
1733562000000,1.0924,1.1087,1.0661,1.0752,29736011.0
1733565600000,1.0753,1.0869,1.0742,1.078,13961153.0
1733569200000,1.0779,1.089,1.0736,1.0752,9959850.0
1733572800000,1.0752,1.0867,1.0731,1.0816,10104833.0
1733576400000,1.0816,1.0836,1.0616,1.0648,13202950.0
1733580000000,1.0647,1.0691,1.055,1.0591,16188615.0
1733583600000,1.0591,1.0604,1.043,1.0492,19032736.0
1733587200000,1.0493,1.0513,1.0405,1.0446,9813986.0
1733590800000,1.0446,1.0462,1.027,1.0299,16338574.0
1733594400000,1.0298,1.0412,1.0292,1.0382,7924807.0
1733598000000,1.0383,1.0483,1.0312,1.0333,12310127.0
1733601600000,1.0334,1.043,1.031,1.0397,4666438.0
1733605200000,1.0397,1.0494,1.0344,1.0486,6281995.0
1733608800000,1.0487,1.0548,1.0397,1.0485,8871498.0
1733612400000,1.0485,1.059,1.0474,1.0503,9689920.0
1733616000000,1.0503,1.0835,1.0502,1.0757,25526257.0
1733619600000,1.0756,1.0756,1.0377,1.0403,18013596.0
1733623200000,1.0403,1.0484,1.0324,1.0334,10070979.0
1733626800000,1.0335,1.04,1.0231,1.0261,10832224.0
1733630400000,1.0261,1.03,0.9909,0.9974,32461355.0
1733634000000,0.9973,1.0135,0.9893,1.0107,26903186.0
1733637600000,1.0108,1.0199,1.0033,1.0108,16361948.0
1733641200000,1.0108,1.0378,1.0108,1.0331,20551507.0
1733644800000,1.0329,1.0336,1.0056,1.0067,22245235.0
1733648400000,1.0065,1.0162,0.9901,0.9957,24207358.0
1733652000000,0.9957,1.0084,0.9949,1.0044,11109447.0
1733655600000,1.0044,1.019,0.997,1.009,14692452.0
1733659200000,1.009,1.0105,0.999,1.0071,12984783.0
1733662800000,1.0071,1.0299,1.0039,1.0241,18759321.0
1733666400000,1.024,1.031,1.0147,1.0183,11125994.0
1733670000000,1.0183,1.0223,1.0077,1.0087,11058550.0
1733673600000,1.0087,1.0173,0.999,1.0003,11834279.0
1733677200000,1.0005,1.0185,0.9963,1.0174,8049748.0
1733680800000,1.0174,1.0192,1.0003,1.0032,7316723.0
1733684400000,1.0032,1.0121,0.9983,1.0104,8342936.0
1733688000000,1.0104,1.0163,1.0068,1.012,4726325.0
1733691600000,1.012,1.0273,1.012,1.025,6011276.0
1733695200000,1.0251,1.0316,1.0186,1.0194,8177388.0
1733698800000,1.0194,1.0337,1.017,1.0281,11279139.0
1733702400000,1.0281,1.0284,1.0005,1.0069,20237916.0
1733706000000,1.007,1.0192,1.0017,1.0022,9938670.0
1733709600000,1.0022,1.023,1.0002,1.0159,16628802.0
1733713200000,1.0159,1.0169,0.9708,0.9835,32589557.0
1733716800000,0.9834,0.9935,0.965,0.9743,27303678.0
1733720400000,0.9743,0.9904,0.9721,0.9856,10597017.0
1733724000000,0.9856,0.9866,0.954,0.9599,23541664.0
1733727600000,0.9599,0.97,0.938,0.9664,33049509.0
1733731200000,0.9664,0.975,0.9431,0.9439,24225155.0
1733734800000,0.9437,0.979,0.9405,0.9683,27383764.0
1733738400000,0.9683,0.9728,0.9557,0.9645,13110739.0
1733742000000,0.9645,0.9658,0.9389,0.9433,18588596.0
1733745600000,0.9433,0.9691,0.9313,0.9684,33096207.0
1733749200000,0.9682,1.01,0.964,0.9976,40288398.0
1733752800000,0.9977,1.0085,0.9858,0.9941,23304956.0
1733756400000,0.9941,0.9988,0.9572,0.9666,30065960.0
1733760000000,0.9666,0.9808,0.958,0.9621,19135526.0
1733763600000,0.9621,0.9718,0.9595,0.9605,10265593.0
1733767200000,0.9606,0.9858,0.9606,0.9688,14788292.0
1733770800000,0.9687,1.0052,0.9636,0.9857,27696142.0
1733774400000,0.9856,0.9908,0.94,0.9481,53524336.0
1733778000000,0.9481,0.9874,0.85,0.9528,127434242.0
1733781600000,0.9527,0.9786,0.8586,0.9717,103704295.0
1733785200000,0.9717,1.0295,0.9463,1.0038,65007839.0
1733788800000,1.0038,1.0667,0.985,1.0571,80887783.0
1733792400000,1.0571,1.07,1.0065,1.0257,49179685.0
1733796000000,1.0256,1.0264,0.9499,0.9509,45612453.0
1733799600000,0.9509,0.9727,0.92,0.9585,85053494.0
1733803200000,0.9584,0.9866,0.9168,0.9823,48132585.0
1733806800000,0.9823,0.988,0.9611,0.9716,24530855.0
1733810400000,0.9715,1.015,0.9699,0.996,35087645.0
1733814000000,0.9959,1.0001,0.9739,0.9826,20801216.0
1733817600000,0.9826,0.9908,0.9582,0.9708,26890266.0
1733821200000,0.9709,1.0056,0.9705,0.9933,29786466.0
1733824800000,0.9933,1.0216,0.9933,1.0108,27426553.0
1733828400000,1.0107,1.0118,0.9777,0.9898,20009852.0
1733832000000,0.99,0.9974,0.9459,0.9563,37506315.0
1733835600000,0.9563,0.9839,0.9544,0.9746,35387319.0
1733839200000,0.9745,0.9873,0.9545,0.9596,35516343.0
1733842800000,0.9596,0.9618,0.8966,0.8975,69389403.0
1733846400000,0.8974,0.9156,0.857,0.9022,99312252.0
1733850000000,0.9022,0.9029,0.8562,0.8582,54477702.0
1733853600000,0.8581,0.9149,0.8546,0.8993,43082513.0
1733857200000,0.8994,0.9248,0.8951,0.9108,22572471.0
1733860800000,0.9107,0.9162,0.8902,0.895,20401732.0
1733864400000,0.8951,0.9119,0.8905,0.8963,26763850.0
1733868000000,0.8964,0.925,0.8952,0.9109,16258652.0
1733871600000,0.9108,0.9275,0.9007,0.9016,13351776.0
1733875200000,0.9017,0.9086,0.8824,0.8971,33376037.0
1733878800000,0.8972,0.8975,0.8598,0.8604,35326925.0
1733882400000,0.8605,0.9048,0.8568,0.8985,32557943.0
1733886000000,0.8984,0.9181,0.8953,0.9179,22078984.0
1733889600000,0.9179,0.9267,0.9086,0.922,17600499.0
1733893200000,0.9221,0.933,0.9073,0.9124,15255034.0
1733896800000,0.9124,0.9349,0.9077,0.931,15660852.0
1733900400000,0.931,0.9439,0.908,0.9092,17925071.0
1733904000000,0.9093,0.9548,0.9078,0.9457,23398412.0
1733907600000,0.9456,0.9674,0.9434,0.9671,20052547.0
1733911200000,0.967,0.9689,0.9501,0.9508,17124356.0
1733914800000,0.9507,0.9775,0.9471,0.977,18485025.0
1733918400000,0.977,0.984,0.9659,0.9679,14942138.0
1733922000000,0.968,1.0008,0.9626,0.9818,35821901.0
1733925600000,0.9817,1.0023,0.9735,0.999,25279434.0
1733929200000,0.999,1.0286,0.9944,0.9997,36434050.0
1733932800000,0.9998,1.014,0.9941,1.0037,21445052.0
1733936400000,1.0037,1.0227,1.0023,1.0087,21768628.0
1733940000000,1.0087,1.0297,0.998,1.0184,16879148.0
1733943600000,1.0184,1.0219,1.0025,1.0037,10925380.0
1733947200000,1.0037,1.0065,0.9922,0.9965,10368032.0
1733950800000,0.9966,0.9974,0.9889,0.9907,13263883.0
1733954400000,0.9907,1.0319,0.9906,1.0298,18428749.0
1733958000000,1.0298,1.0476,1.0295,1.0475,16977626.0
1733961600000,1.0475,1.0544,1.0392,1.0487,19087007.0
1733965200000,1.0488,1.076,1.046,1.0693,24957686.0
1733968800000,1.0694,1.106,1.069,1.0928,37889531.0
1733972400000,1.0928,1.1202,1.088,1.1122,26706502.0
1733976000000,1.1121,1.1183,1.0802,1.0835,24909864.0
1733979600000,1.0835,1.1069,1.0777,1.0876,19992736.0
1733983200000,1.0877,1.0966,1.0734,1.0949,16001448.0
1733986800000,1.0948,1.105,1.0889,1.1011,12067009.0
1733990400000,1.1009,1.1229,1.0978,1.1124,23227395.0
1733994000000,1.1123,1.1424,1.1069,1.1282,29930383.0
1733997600000,1.1282,1.143,1.1104,1.1203,28596666.0
1734001200000,1.1204,1.1221,1.0946,1.1067,19863251.0
1734004800000,1.1067,1.1077,1.0911,1.1017,12536571.0
1734008400000,1.1017,1.1049,1.0695,1.084,28483551.0
1734012000000,1.084,1.0974,1.0763,1.0859,20115182.0
1734015600000,1.0858,1.0874,1.0706,1.0867,15623558.0
1734019200000,1.0867,1.0972,1.078,1.0909,14544796.0
1734022800000,1.0909,1.0975,1.0782,1.0874,7790275.0
1734026400000,1.0873,1.091,1.0766,1.0825,6680344.0
1734030000000,1.0824,1.0842,1.0432,1.0481,24847580.0
1734033600000,1.0481,1.0639,1.0474,1.0537,11009376.0
1734037200000,1.0537,1.059,1.047,1.0486,7906816.0
1734040800000,1.0487,1.0507,1.0321,1.0393,15884315.0
1734044400000,1.0393,1.0445,1.0312,1.0362,8487003.0
1734048000000,1.0363,1.0474,1.036,1.0402,13608657.0
1734051600000,1.0401,1.0402,1.0171,1.0274,24773417.0
1734055200000,1.0276,1.052,1.0269,1.0475,19968038.0
1734058800000,1.0474,1.0563,1.0455,1.05,9176531.0
1734062400000,1.05,1.0511,1.0302,1.0343,8463742.0
1734066000000,1.0342,1.0502,1.0333,1.0353,11113222.0
1734069600000,1.0353,1.0532,1.024,1.0248,10388373.0
1734073200000,1.0247,1.0351,1.0126,1.0307,14762872.0
1734076800000,1.0307,1.0376,1.0263,1.0359,7533477.0
1734080400000,1.0361,1.0421,1.0297,1.0407,8208679.0
1734084000000,1.0407,1.0417,1.019,1.0415,12733357.0
1734087600000,1.0414,1.0543,1.038,1.0384,12565777.0
1734091200000,1.0385,1.0412,1.0263,1.0308,12284840.0
1734094800000,1.0309,1.035,1.0157,1.0243,11667766.0
1734098400000,1.0242,1.0309,1.0156,1.0302,11744456.0
1734102000000,1.0303,1.0354,0.988,0.9903,31011123.0
1734105600000,0.9902,1.0019,0.977,0.9936,28528705.0
1734109200000,0.9936,1.0059,0.991,0.9985,11885953.0
1734112800000,0.9984,0.9995,0.9823,0.9856,11911994.0
1734116400000,0.9856,0.9951,0.9854,0.9934,4365473.0
1734120000000,0.9934,1.0079,0.9919,1.0027,8142463.0
1734123600000,1.0028,1.0048,0.9943,0.9946,4989211.0
1734127200000,0.9945,0.9955,0.9721,0.9779,15196642.0
1734130800000,0.9779,0.9993,0.9764,0.9968,11565130.0
1734134400000,0.9968,1.0057,0.9921,1.0022,10313844.0
1734138000000,1.0021,1.0375,1.0017,1.0074,23802832.0
1734141600000,1.0073,1.0261,1.0008,1.019,16448327.0
1734145200000,1.019,1.0239,1.0139,1.0188,7036588.0
1734148800000,1.0189,1.0197,1.007,1.0086,4821281.0
1734152400000,1.0086,1.0093,1.0007,1.0024,5700895.0
1734156000000,1.0024,1.0096,0.9987,1.0012,6008051.0
1734159600000,1.0012,1.0041,0.9983,0.9995,6610332.0
1734163200000,0.9995,1.0145,0.9994,1.0119,7437587.0
1734166800000,1.012,1.0132,0.9996,1.0001,5106242.0
1734170400000,1.0,1.0038,0.9859,1.002,11265052.0
1734174000000,1.0021,1.0111,0.9966,1.0002,10346778.0
1734177600000,1.0002,1.0019,0.982,0.9825,10967689.0
1734181200000,0.9824,0.9931,0.9733,0.9861,16032093.0
1734184800000,0.9861,0.9998,0.9849,0.9874,8970709.0
1734188400000,0.9874,0.9916,0.9808,0.9874,8790594.0
1734192000000,0.9874,0.9882,0.9731,0.9851,10365624.0
1734195600000,0.9847,0.9879,0.9626,0.9674,11794499.0
1734199200000,0.9673,0.972,0.9463,0.951,25455652.0
1734202800000,0.951,1.037,0.9497,1.0356,65213571.0
1734206400000,1.0356,1.0843,0.9982,1.0086,132475837.0
1734210000000,1.0086,1.1154,1.0021,1.0836,109573500.0
1734213600000,1.0836,1.1614,1.0763,1.1484,136136345.0
1734217200000,1.1483,1.162,1.1313,1.132,75301840.0
1734220800000,1.132,1.1975,1.1246,1.197,121607914.0
1734224400000,1.1971,1.1989,1.1634,1.1656,74755873.0
1734228000000,1.1656,1.1683,1.1255,1.127,64595543.0
1734231600000,1.1269,1.1329,1.1105,1.1313,50105999.0
1734235200000,1.1313,1.174,1.1292,1.1694,79303355.0
1734238800000,1.1695,1.1828,1.1577,1.1624,57389674.0
1734242400000,1.1624,1.165,1.1437,1.1524,45800754.0
1734246000000,1.1524,1.153,1.1191,1.1325,55680933.0
1734249600000,1.1325,1.148,1.1226,1.146,38180621.0
1734253200000,1.1461,1.16,1.1405,1.1494,33360271.0
1734256800000,1.1493,1.1715,1.1467,1.1608,43679812.0
1734260400000,1.1609,1.1663,1.1345,1.1457,41150827.0
1734264000000,1.1457,1.1548,1.1274,1.138,46523729.0
1734267600000,1.1379,1.1655,1.135,1.1489,53258414.0
1734271200000,1.1489,1.1942,1.1487,1.193,81047865.0
1734274800000,1.193,1.2165,1.1774,1.2101,108002422.0
1734278400000,1.2101,1.229,1.184,1.1862,94711180.0
1734282000000,1.1862,1.1981,1.1744,1.1795,51313062.0
1734285600000,1.1796,1.1847,1.1688,1.1813,34214869.0
1734289200000,1.1813,1.1856,1.1573,1.1612,37493419.0
1734292800000,1.1612,1.1705,1.1536,1.1612,24740191.0
1734296400000,1.1611,1.1814,1.1523,1.1796,36527404.0
1734300000000,1.1796,1.2605,1.1733,1.2384,82123079.0
1734303600000,1.2384,1.2766,1.2211,1.2514,77001291.0
1734307200000,1.2514,1.3285,1.2461,1.2993,95088806.0
1734310800000,1.2993,1.3131,1.278,1.281,40565184.0
1734314400000,1.281,1.2998,1.2723,1.2922,37401797.0
1734318000000,1.2923,1.3023,1.2662,1.2674,39448370.0
1734321600000,1.2673,1.2825,1.2555,1.2626,22975505.0
1734325200000,1.2625,1.2663,1.2232,1.2273,33119641.0
1734328800000,1.2274,1.2481,1.2241,1.2296,26049721.0
1734332400000,1.2296,1.2528,1.2281,1.2421,20646887.0
1734336000000,1.2422,1.2479,1.2244,1.2309,22083783.0
1734339600000,1.2308,1.2432,1.2237,1.2252,22752324.0
1734343200000,1.2253,1.2318,1.2042,1.2091,38903625.0
1734346800000,1.209,1.2126,1.1856,1.1872,46148780.0
1734350400000,1.1872,1.1936,1.1611,1.1753,55695580.0
1734354000000,1.1754,1.2137,1.1694,1.206,49857473.0
1734357600000,1.2061,1.2169,1.1809,1.186,63331572.0
1734361200000,1.1859,1.2146,1.1834,1.1997,41361405.0
1734364800000,1.1996,1.2099,1.184,1.1896,25866203.0
1734368400000,1.1895,1.2038,1.1848,1.1848,17428526.0
1734372000000,1.1849,1.2094,1.1844,1.2032,21585966.0
1734375600000,1.2033,1.2035,1.1711,1.173,17640900.0
1734379200000,1.173,1.1844,1.1681,1.1693,14662521.0
1734382800000,1.1694,1.1966,1.1652,1.1907,12404354.0
1734386400000,1.1908,1.1914,1.1778,1.1822,11469773.0
1734390000000,1.1823,1.1929,1.178,1.1819,12260146.0
1734393600000,1.1819,1.1973,1.168,1.1683,26277291.0
1734397200000,1.1683,1.1839,1.1573,1.1589,24170969.0
1734400800000,1.1589,1.1855,1.1589,1.1848,14816337.0
1734404400000,1.1848,1.1896,1.1679,1.1694,13136667.0
1734408000000,1.1693,1.1727,1.1557,1.1573,17471770.0
1734411600000,1.1573,1.1715,1.1511,1.1663,14987169.0
1734415200000,1.1663,1.1683,1.1409,1.1596,20436909.0
1734418800000,1.1596,1.1847,1.1596,1.1718,22277080.0
1734422400000,1.1718,1.1767,1.1523,1.1539,16681494.0
1734426000000,1.1539,1.1672,1.1503,1.1606,16726046.0
1734429600000,1.1606,1.1633,1.1435,1.1554,16277355.0
1734433200000,1.1554,1.1574,1.136,1.1481,22278314.0
1734436800000,1.1482,1.1575,1.1377,1.1509,11979431.0
1734440400000,1.151,1.1626,1.147,1.1527,11760173.0
1734444000000,1.1527,1.166,1.1469,1.1616,16133119.0
1734447600000,1.1616,1.1621,1.1231,1.1319,34496900.0
1734451200000,1.1318,1.1506,1.1244,1.1491,20201861.0
1734454800000,1.1492,1.1497,1.1324,1.1399,12980864.0
1734458400000,1.1398,1.1505,1.1253,1.127,14366939.0
1734462000000,1.1271,1.1337,1.1182,1.1239,15601139.0
1734465600000,1.124,1.1308,1.121,1.122,6552935.0
1734469200000,1.1221,1.1338,1.1132,1.127,11914258.0
1734472800000,1.127,1.1318,1.104,1.1117,15163948.0
1734476400000,1.1117,1.1135,1.0984,1.1118,22145889.0
1734480000000,1.1117,1.1144,1.0906,1.1017,18749837.0
1734483600000,1.1017,1.1117,1.0825,1.0859,20667011.0
1734487200000,1.086,1.0963,1.083,1.0913,10223196.0
1734490800000,1.0912,1.0935,1.0801,1.0806,9557635.0
1734494400000,1.0805,1.0813,1.0484,1.0585,37948281.0
1734498000000,1.0586,1.0845,1.0578,1.0708,25257001.0
1734501600000,1.0709,1.0765,1.0569,1.0642,15012378.0
1734505200000,1.0642,1.0738,1.0625,1.0671,11539574.0
1734508800000,1.0672,1.0707,1.0602,1.0663,9915478.0
1734512400000,1.0663,1.1119,1.0656,1.1098,26349631.0
1734516000000,1.1095,1.1182,1.0914,1.1037,23604697.0
1734519600000,1.1036,1.1319,1.1023,1.1165,19963521.0
1734523200000,1.1165,1.125,1.0713,1.0735,28070787.0
1734526800000,1.0734,1.0866,1.0657,1.0702,17993851.0
1734530400000,1.0702,1.077,1.0534,1.0534,22158798.0
1734534000000,1.0534,1.064,1.043,1.0534,29623029.0
1734537600000,1.0535,1.1471,1.0532,1.1145,184522626.0
1734541200000,1.1146,1.1148,1.0876,1.0921,36702996.0
1734544800000,1.092,1.1048,1.087,1.1005,21733687.0
1734548400000,1.1005,1.11,1.0598,1.0775,87774215.0
1734552000000,1.0775,1.128,1.0006,1.1136,160117828.0
1734555600000,1.1137,1.1353,1.0877,1.1132,57943536.0
1734559200000,1.1132,1.1277,1.0955,1.0994,39178495.0
1734562800000,1.0995,1.1049,1.0741,1.0763,45469844.0
1734566400000,1.0763,1.1247,1.0608,1.1204,60960978.0
1734570000000,1.1204,1.1397,1.09,1.0961,48008761.0
1734573600000,1.096,1.1299,1.0675,1.1298,90399283.0
1734577200000,1.1298,1.1812,1.1224,1.1795,70891673.0
1734580800000,1.1795,1.1984,1.1666,1.1692,52891319.0
1734584400000,1.1692,1.1755,1.1408,1.1545,36847558.0
1734588000000,1.1545,1.1551,1.1311,1.1439,34701938.0
1734591600000,1.1439,1.1663,1.1327,1.1654,26633772.0
1734595200000,1.1653,1.1733,1.1443,1.1639,33866051.0
1734598800000,1.1639,1.1677,1.1224,1.1421,41097249.0
1734602400000,1.1421,1.1543,1.1221,1.1473,36873801.0
1734606000000,1.1474,1.1656,1.13,1.1562,29834315.0
1734609600000,1.1563,1.1645,1.1265,1.1343,31421673.0
1734613200000,1.1343,1.1354,1.0867,1.0923,46572706.0
1734616800000,1.0923,1.1266,1.0858,1.0871,45327330.0
1734620400000,1.0871,1.0917,1.0309,1.04,79263029.0
1734624000000,1.0399,1.0716,1.0257,1.0598,47289957.0
1734627600000,1.0599,1.0685,1.008,1.0263,68770373.0
1734631200000,1.0264,1.0308,0.9801,1.0119,102872209.0
1734634800000,1.0119,1.015,0.9647,0.968,76924880.0
1734638400000,0.9681,0.9785,0.9325,0.9605,88828071.0
1734642000000,0.9606,0.9821,0.9536,0.9592,72316632.0
1734645600000,0.9591,0.983,0.9548,0.9776,30737951.0
1734649200000,0.9777,0.9779,0.9511,0.9538,34950031.0
1734652800000,0.9538,0.9847,0.9378,0.9765,59916646.0
1734656400000,0.9763,1.005,0.9715,0.9989,32615353.0
1734660000000,0.9989,1.0294,0.9868,1.0084,32414693.0
1734663600000,1.0084,1.0144,0.9751,0.9764,26895710.0
1734667200000,0.9765,0.9888,0.9634,0.9657,27684953.0
1734670800000,0.9657,0.9732,0.9437,0.9442,26213666.0
1734674400000,0.9442,0.9524,0.9061,0.9244,67631041.0
1734678000000,0.9244,0.9566,0.8842,0.8861,90722457.0
1734681600000,0.886,0.8914,0.8615,0.872,126274062.0
1734685200000,0.872,0.9116,0.8711,0.8953,99327470.0
1734688800000,0.8953,0.9138,0.8739,0.8858,108152781.0
1734692400000,0.8857,0.8955,0.8462,0.8549,100412200.0
1734696000000,0.8547,0.932,0.8547,0.916,85821735.0
1734699600000,0.916,1.0,0.9136,0.9966,94033239.0
1734703200000,0.9965,1.0149,0.9771,0.9928,72525653.0
1734706800000,0.9929,1.0127,0.9895,1.0043,53828822.0
1734710400000,1.0043,1.032,0.9944,1.0163,62430469.0
1734714000000,1.0163,1.0765,1.0095,1.0648,63943769.0
1734717600000,1.065,1.1135,1.0454,1.1009,72709599.0
1734721200000,1.1009,1.196,1.098,1.1921,96945304.0
1734724800000,1.1921,1.1991,1.1531,1.1726,106626027.0
1734728400000,1.1726,1.1856,1.1473,1.1604,65248188.0
1734732000000,1.1603,1.1877,1.1543,1.1811,35498864.0
1734735600000,1.1812,1.19,1.1657,1.1793,27971174.0
1734739200000,1.1792,1.22,1.1625,1.188,66911050.0
1734742800000,1.188,1.1972,1.1453,1.1535,47094227.0
1734746400000,1.1534,1.1779,1.15,1.1623,21803866.0
1734750000000,1.1623,1.1714,1.146,1.1481,21016021.0
1734753600000,1.148,1.1829,1.1478,1.1772,23357275.0
1734757200000,1.1774,1.1815,1.167,1.1762,22120479.0
1734760800000,1.1762,1.1985,1.1708,1.1856,29934879.0
1734764400000,1.1856,1.1963,1.1745,1.1832,24971820.0
1734768000000,1.1832,1.1952,1.1681,1.1764,31563332.0
1734771600000,1.1765,1.1898,1.1608,1.1841,28878246.0
1734775200000,1.1841,1.2124,1.1809,1.2068,34930457.0
1734778800000,1.2068,1.2131,1.165,1.1749,49534779.0
1734782400000,1.1749,1.1767,1.1263,1.1325,59715249.0
1734786000000,1.1322,1.142,1.086,1.0955,98643517.0
1734789600000,1.0955,1.11,1.0587,1.0616,52264520.0
1734793200000,1.0616,1.0886,1.0536,1.0744,54739548.0
1734796800000,1.0745,1.0846,1.0561,1.0585,41857432.0
1734800400000,1.0585,1.0787,1.0423,1.0715,40806713.0
1734804000000,1.0716,1.0774,1.0493,1.0535,21483894.0
1734807600000,1.0536,1.0699,1.0397,1.0502,45617841.0
1734811200000,1.0501,1.0653,1.0432,1.0583,21755849.0
1734814800000,1.0584,1.0662,1.0352,1.0354,20250946.0
1734818400000,1.0354,1.0361,0.9938,0.9996,64072882.0
1734822000000,0.9997,1.0207,0.9907,1.0089,27584981.0
1734825600000,1.0088,1.0451,1.0,1.0358,36712277.0
1734829200000,1.0358,1.0478,1.0182,1.0186,23045923.0
1734832800000,1.0186,1.0333,1.0045,1.0157,22604634.0
1734836400000,1.0156,1.0317,1.0043,1.0258,22563310.0
1734840000000,1.0257,1.0273,0.9954,0.9983,22781823.0
1734843600000,0.9983,1.0129,0.99,1.0063,31615511.0
1734847200000,1.0065,1.0347,1.0049,1.0291,23188708.0
1734850800000,1.0291,1.0346,1.0168,1.0255,17666287.0
1734854400000,1.0254,1.069,1.0238,1.0649,41261577.0
1734858000000,1.065,1.0931,1.0465,1.0816,43071882.0
1734861600000,1.0816,1.106,1.07,1.0794,36023572.0
1734865200000,1.0793,1.0795,1.0583,1.0648,28078257.0
1734868800000,1.0646,1.0781,1.0481,1.0483,35596424.0
1734872400000,1.0484,1.0645,1.0385,1.0396,29210843.0
1734876000000,1.0396,1.0445,1.0001,1.0102,56674760.0
1734879600000,1.0102,1.0348,1.0088,1.0207,37602085.0
1734883200000,1.0207,1.0518,1.0142,1.0472,29193930.0
1734886800000,1.0471,1.0488,1.0353,1.0387,15723850.0
1734890400000,1.0387,1.0767,1.0365,1.07,33453092.0
1734894000000,1.07,1.0794,1.0427,1.0475,31347991.0
1734897600000,1.0475,1.0622,1.02,1.0607,39146539.0
1734901200000,1.0608,1.0711,1.0469,1.0562,25312178.0
1734904800000,1.0561,1.0573,1.031,1.0489,23518862.0
1734908400000,1.0489,1.0651,1.024,1.0295,25848082.0
1734912000000,1.0295,1.0314,1.0106,1.0171,28598341.0
1734915600000,1.017,1.0507,1.0116,1.0279,28752991.0
1734919200000,1.0279,1.0584,1.0166,1.0492,42004345.0
1734922800000,1.0492,1.0858,1.0369,1.0827,43051246.0
1734926400000,1.0827,1.1034,1.0737,1.0875,50400803.0
1734930000000,1.0874,1.091,1.0676,1.0708,19958710.0
1734933600000,1.0707,1.076,1.0388,1.0419,30761062.0
1734937200000,1.0419,1.047,1.0235,1.0348,28074127.0
1734940800000,1.0348,1.0583,1.0296,1.0481,27541775.0
1734944400000,1.0482,1.0656,1.0475,1.0546,21722962.0
1734948000000,1.0545,1.0625,1.0387,1.06,27562340.0
1734951600000,1.06,1.0643,1.0342,1.0357,15630803.0
1734955200000,1.0358,1.0515,1.0344,1.044,15244877.0
1734958800000,1.0439,1.0516,1.0033,1.0116,44594054.0
1734962400000,1.0116,1.029,1.0021,1.0126,34469474.0
1734966000000,1.0125,1.0165,0.991,0.9935,36226530.0
1734969600000,0.9934,1.0411,0.9925,1.0359,38766502.0
1734973200000,1.0359,1.0448,1.0204,1.0255,36471036.0
1734976800000,1.0254,1.0304,1.0161,1.0183,15209321.0
1734980400000,1.0183,1.048,1.0178,1.0326,24031338.0
1734984000000,1.0326,1.0837,1.0313,1.0779,36286750.0
1734987600000,1.0779,1.0976,1.0733,1.0765,37937796.0
1734991200000,1.0766,1.1224,1.0765,1.1009,28766743.0
1734994800000,1.1008,1.1064,1.0726,1.0781,24462103.0
1734998400000,1.0781,1.083,1.0588,1.0735,32120060.0
1735002000000,1.0735,1.0812,1.0517,1.0529,17337292.0
1735005600000,1.0529,1.0577,1.0366,1.0489,23529943.0
1735009200000,1.0489,1.0561,1.0461,1.0542,8950381.0
1735012800000,1.0543,1.0584,1.0453,1.0561,11146197.0
1735016400000,1.0561,1.0605,1.0491,1.0569,10307197.0
1735020000000,1.0569,1.0608,1.0334,1.0353,14718264.0
1735023600000,1.0353,1.0423,1.0297,1.0365,14060119.0
1735027200000,1.0365,1.0469,1.0231,1.0295,17704358.0
1735030800000,1.0294,1.0335,1.0183,1.024,13312662.0
1735034400000,1.024,1.0255,1.0132,1.0166,14927119.0
1735038000000,1.0167,1.0335,1.0138,1.033,17447507.0
1735041600000,1.033,1.0401,1.024,1.0392,18626807.0
1735045200000,1.0392,1.0825,1.0359,1.0779,43623087.0
1735048800000,1.0779,1.0927,1.0725,1.0878,29743546.0
1735052400000,1.0878,1.0948,1.0735,1.0787,25215517.0
1735056000000,1.0788,1.0895,1.0575,1.0638,25628746.0
1735059600000,1.0638,1.0649,1.0387,1.0488,24843113.0
1735063200000,1.0488,1.0646,1.0485,1.0535,18392549.0
1735066800000,1.0535,1.0549,1.0388,1.0388,12564789.0
1735070400000,1.0389,1.0402,1.0193,1.0307,22433287.0
1735074000000,1.0307,1.0479,1.0298,1.0444,11671681.0
1735077600000,1.0444,1.056,1.0412,1.0412,11732317.0
1735081200000,1.0412,1.0609,1.0391,1.0547,14297065.0
1735084800000,1.0547,1.0683,1.0504,1.0574,15939099.0
1735088400000,1.0574,1.0653,1.042,1.0447,15036239.0
1735092000000,1.0448,1.0593,1.0369,1.0546,14200965.0
1735095600000,1.0546,1.063,1.0399,1.0409,14720762.0
1735099200000,1.0409,1.0477,1.0342,1.0347,10872311.0
1735102800000,1.0347,1.0448,1.0337,1.0413,7791436.0
1735106400000,1.0414,1.0476,1.0259,1.0312,15568208.0
1735110000000,1.0311,1.0439,1.0231,1.0255,12982387.0
1735113600000,1.0255,1.0329,1.0236,1.0267,10173802.0
1735117200000,1.0267,1.0343,1.0259,1.0291,10073161.0
1735120800000,1.0291,1.0519,1.0208,1.0253,28659446.0
1735124400000,1.0253,1.0329,1.0159,1.0178,18963566.0
1735128000000,1.0179,1.0477,1.0151,1.0357,23974041.0
1735131600000,1.0358,1.0523,1.032,1.0496,14938970.0
1735135200000,1.0495,1.0543,1.0417,1.0462,11465095.0
1735138800000,1.0463,1.048,1.0281,1.0293,14172952.0
1735142400000,1.0294,1.0331,1.0183,1.0242,18191945.0
1735146000000,1.0243,1.0288,1.0198,1.0285,8371639.0
1735149600000,1.0285,1.0308,1.0159,1.0181,11558318.0
1735153200000,1.0181,1.0266,1.0171,1.0193,10734757.0
1735156800000,1.0193,1.0231,0.9988,1.0053,37829802.0
1735160400000,1.0054,1.0151,1.0007,1.0076,13344140.0
1735164000000,1.0077,1.0151,1.0027,1.009,6749167.0
1735167600000,1.0089,1.0296,1.0084,1.0289,12669804.0
1735171200000,1.029,1.0419,1.0154,1.0196,18469880.0
1735174800000,1.0196,1.0257,1.0053,1.0117,10735123.0
1735178400000,1.0116,1.0149,0.997,1.0004,14493412.0
1735182000000,1.0004,1.006,0.9951,1.001,15241270.0
1735185600000,1.001,1.0016,0.9906,0.9958,15740495.0
1735189200000,0.9958,0.9965,0.9866,0.9905,16692705.0
1735192800000,0.9905,0.9936,0.9807,0.9842,16869213.0
1735196400000,0.9843,0.9843,0.9745,0.9793,19472002.0
1735200000000,0.9794,0.9843,0.9501,0.9664,62573680.0
1735203600000,0.9664,0.9668,0.951,0.952,18908608.0
1735207200000,0.952,0.9583,0.9467,0.9479,16168376.0
1735210800000,0.9479,0.9539,0.9415,0.9422,13863210.0
1735214400000,0.9422,0.956,0.9406,0.9519,16351154.0
1735218000000,0.9519,0.9547,0.94,0.9493,14205808.0
1735221600000,0.9492,0.9605,0.9338,0.9376,34874063.0
1735225200000,0.9377,0.9499,0.931,0.9323,26064810.0
1735228800000,0.9324,0.9465,0.9237,0.9406,31597343.0
1735232400000,0.9406,0.9409,0.92,0.9213,23933365.0
1735236000000,0.9213,0.9287,0.9172,0.9261,14040378.0
1735239600000,0.9261,0.9305,0.9172,0.9265,13209181.0
1735243200000,0.9264,0.93,0.9161,0.9218,11510563.0
1735246800000,0.9219,0.9323,0.9143,0.932,13480605.0
1735250400000,0.932,0.9426,0.9289,0.9295,11414260.0
1735254000000,0.9295,0.9312,0.9188,0.9259,14412838.0
1735257600000,0.9259,0.9334,0.9161,0.9311,18466860.0
1735261200000,0.9311,0.9558,0.9301,0.9497,23147374.0
1735264800000,0.9498,0.9658,0.9401,0.9459,28569180.0
1735268400000,0.946,0.9462,0.9342,0.945,16948689.0
1735272000000,0.9449,0.9575,0.9425,0.9448,13290764.0
1735275600000,0.9449,0.9556,0.9372,0.9537,12425177.0
1735279200000,0.9536,0.9614,0.9446,0.9609,14366080.0
1735282800000,0.9609,0.9617,0.931,0.936,27158499.0
1735286400000,0.936,0.9693,0.9359,0.9575,28120850.0
1735290000000,0.9575,0.9954,0.9567,0.9745,42815788.0
1735293600000,0.9746,0.9775,0.952,0.9655,19512648.0
1735297200000,0.9655,0.9775,0.962,0.9758,12369174.0
1735300800000,0.9758,0.9774,0.9586,0.9605,11418655.0
1735304400000,0.9604,0.9624,0.9446,0.9598,15925409.0
1735308000000,0.9598,0.9605,0.9314,0.9403,23625252.0
1735311600000,0.9403,0.9405,0.9108,0.9162,33573603.0
1735315200000,0.9163,0.9261,0.9121,0.9204,18632775.0
1735318800000,0.9204,0.948,0.9162,0.9408,22273794.0
1735322400000,0.9407,0.9414,0.9327,0.9388,8976147.0
1735326000000,0.9387,0.9389,0.9274,0.9301,6996838.0
1735329600000,0.9302,0.9321,0.9196,0.9301,7897679.0
1735333200000,0.9302,0.9319,0.9111,0.9117,8901615.0
1735336800000,0.9117,0.9163,0.8977,0.907,23978015.0
1735340400000,0.907,0.9107,0.9007,0.9049,9721452.0
1735344000000,0.9049,0.9118,0.9028,0.9039,10333991.0
1735347600000,0.9038,0.9056,0.8922,0.8965,16851993.0
1735351200000,0.8965,0.9054,0.8928,0.894,10105149.0
1735354800000,0.8939,0.906,0.8939,0.9017,9158948.0
1735358400000,0.9016,0.9024,0.8931,0.8985,7166014.0
1735362000000,0.8985,0.9048,0.8978,0.9,8288257.0
1735365600000,0.9001,0.9028,0.8901,0.8945,8517866.0
1735369200000,0.8944,0.9012,0.8828,0.8836,16864981.0
1735372800000,0.8835,0.8998,0.8834,0.8985,13309932.0
1735376400000,0.8985,0.9087,0.898,0.9058,17379219.0
1735380000000,0.9058,0.9086,0.8911,0.8919,12349862.0
1735383600000,0.8918,0.913,0.8915,0.9094,15089925.0
1735387200000,0.9095,0.9161,0.8961,0.8965,18615232.0
1735390800000,0.8965,0.9153,0.8963,0.9108,19593469.0
1735394400000,0.9108,0.928,0.9045,0.9094,30802978.0
1735398000000,0.9093,0.9256,0.909,0.9141,15566741.0
1735401600000,0.9143,0.9307,0.9137,0.9294,12784442.0
1735405200000,0.9295,0.9452,0.9289,0.9375,20138624.0
1735408800000,0.9375,0.9407,0.9265,0.9321,10107691.0
1735412400000,0.9321,0.9377,0.9292,0.9343,6729436.0
1735416000000,0.9342,0.9422,0.9291,0.9415,5409217.0
1735419600000,0.9415,0.95,0.9362,0.9491,8279784.0
1735423200000,0.9492,0.951,0.9401,0.9453,6614968.0
1735426800000,0.9453,0.9477,0.9365,0.9465,9327395.0
1735430400000,0.9465,0.9498,0.936,0.9392,10369174.0
1735434000000,0.9392,0.9459,0.9278,0.9334,12644072.0
1735437600000,0.9335,0.9535,0.9289,0.9486,14209498.0
1735441200000,0.9487,0.9531,0.9431,0.95,16407518.0
1735444800000,0.9501,0.954,0.942,0.9467,6739230.0
1735448400000,0.9467,0.9471,0.9412,0.9468,3088599.0
1735452000000,0.9468,0.9475,0.937,0.9465,6667667.0
1735455600000,0.9466,0.9753,0.9429,0.9721,21553301.0
1735459200000,0.972,0.9736,0.95,0.9513,14035319.0
1735462800000,0.9512,0.9542,0.944,0.9475,9244401.0
1735466400000,0.9475,0.952,0.9411,0.9459,7664380.0
1735470000000,0.9458,0.9487,0.9401,0.9411,7522761.0
1735473600000,0.9412,0.9478,0.9367,0.9428,8100118.0
1735477200000,0.9429,0.9678,0.9424,0.9601,20818846.0
1735480800000,0.9601,0.971,0.9445,0.9552,29070668.0
1735484400000,0.9552,0.9564,0.9433,0.9457,14210355.0
1735488000000,0.9458,0.9597,0.9401,0.9494,18056314.0
1735491600000,0.9494,0.961,0.9421,0.9445,13063216.0
1735495200000,0.9444,0.9498,0.9391,0.9466,8941928.0
1735498800000,0.9465,0.9482,0.9389,0.9401,8196837.0
1735502400000,0.94,0.9402,0.9207,0.9287,17800372.0
1735506000000,0.9286,0.9395,0.9233,0.9268,11634744.0
1735509600000,0.9267,0.9325,0.9148,0.9215,12216666.0
1735513200000,0.9215,0.948,0.9166,0.9434,20499589.0
1735516800000,0.9435,0.9811,0.9333,0.9796,39054611.0
1735520400000,0.9797,1.0109,0.9723,0.9908,47925332.0
1735524000000,0.9909,1.0143,0.985,1.0044,24540463.0
1735527600000,1.0045,1.0143,0.996,0.997,16799736.0
1735531200000,0.997,1.0123,0.9859,0.9872,19783088.0
1735534800000,0.9872,0.9942,0.9741,0.9852,18845951.0
1735538400000,0.9852,1.0149,0.9847,1.0129,18595618.0
1735542000000,1.0128,1.0182,0.9972,1.0037,18973799.0
1735545600000,1.0037,1.0178,0.9918,0.9973,19087185.0
1735549200000,0.9972,1.0071,0.9881,1.0032,19650119.0
1735552800000,1.0033,1.0063,0.9811,0.9824,12051748.0
1735556400000,0.9825,0.9924,0.9714,0.991,18331111.0
1735560000000,0.9909,1.0024,0.9755,0.9765,20508753.0
1735563600000,0.9765,0.9821,0.9502,0.953,35470347.0
1735567200000,0.9531,0.9706,0.9412,0.9612,39686175.0
1735570800000,0.9613,0.9775,0.9469,0.9481,40648989.0
1735574400000,0.9481,0.9578,0.9349,0.941,20985692.0
1735578000000,0.9411,0.9886,0.9407,0.9841,30721679.0
1735581600000,0.9841,0.9906,0.9798,0.9852,18600933.0
1735585200000,0.9852,0.9984,0.9821,0.9902,11040816.0
1735588800000,0.9902,1.0008,0.9901,0.9907,11086182.0
1735592400000,0.9907,0.9921,0.9535,0.9581,24147372.0
1735596000000,0.9581,0.9669,0.9568,0.9598,13075346.0
1735599600000,0.9597,0.9609,0.9486,0.9528,12355958.0
1735603200000,0.9528,0.9571,0.939,0.9394,13469560.0
1735606800000,0.9395,0.9491,0.9365,0.9447,10951843.0
1735610400000,0.9448,0.9489,0.9372,0.9397,7777108.0
1735614000000,0.9398,0.9466,0.9332,0.9378,8101999.0
1735617600000,0.9377,0.9476,0.9267,0.9301,11065756.0
1735621200000,0.9302,0.9393,0.9234,0.9373,10582020.0
1735624800000,0.9374,0.9409,0.9239,0.9274,14702379.0
1735628400000,0.9274,0.9328,0.92,0.9252,9642411.0
1735632000000,0.9252,0.9574,0.9252,0.9384,26252660.0
1735635600000,0.9384,0.9431,0.9297,0.9346,13479994.0
1735639200000,0.9345,0.9386,0.9259,0.9297,10093293.0
1735642800000,0.9298,0.9356,0.9264,0.9343,11498116.0
1735646400000,0.9344,0.944,0.9175,0.9198,25306130.0
1735650000000,0.9199,0.955,0.9195,0.9458,26045587.0
1735653600000,0.9459,0.9581,0.944,0.9459,18450796.0
1735657200000,0.9458,0.9506,0.9362,0.9387,12991359.0
1735660800000,0.9388,0.9438,0.927,0.9353,13231785.0
1735664400000,0.9354,0.9379,0.9055,0.9197,24950838.0
1735668000000,0.9197,0.924,0.915,0.9176,10903557.0
1735671600000,0.9176,0.9265,0.9171,0.9227,5511859.0
1735675200000,0.9226,0.9297,0.9185,0.923,5248637.0
1735678800000,0.923,0.9273,0.9151,0.9207,5661272.0
1735682400000,0.9207,0.9207,0.9075,0.9115,5779631.0
1735686000000,0.9115,0.9147,0.9056,0.9092,7102239.0
1735689600000,0.9092,0.931,0.9066,0.9291,10352973.0
1735693200000,0.9291,0.9296,0.913,0.9142,6587098.0
1735696800000,0.9142,0.9228,0.9136,0.9198,4805981.0
1735700400000,0.9199,0.9208,0.913,0.9196,4329184.0
1735704000000,0.9197,0.9224,0.9142,0.9188,7151033.0
1735707600000,0.9188,0.9215,0.9133,0.9147,6293477.0
1735711200000,0.9147,0.9192,0.9122,0.919,5992329.0
1735714800000,0.919,0.9216,0.9147,0.9172,4010380.0
1735718400000,0.9172,0.9196,0.9074,0.9081,7333297.0
1735722000000,0.9081,0.9117,0.894,0.905,21504560.0
1735725600000,0.905,0.9072,0.8999,0.9013,6465572.0
1735729200000,0.9014,0.921,0.8965,0.9181,13842348.0
1735732800000,0.9181,0.9208,0.9134,0.9163,8469956.0
1735736400000,0.9163,0.9229,0.9079,0.9129,8873437.0
1735740000000,0.9129,0.923,0.9059,0.9201,13105592.0
1735743600000,0.9201,0.94,0.9179,0.9374,14740551.0
1735747200000,0.9374,0.9415,0.9212,0.926,14892728.0
1735750800000,0.926,0.9297,0.9138,0.9224,9125681.0
1735754400000,0.9224,0.9446,0.9161,0.9434,12542092.0
1735758000000,0.9433,0.9505,0.9353,0.9474,14783649.0
1735761600000,0.9474,0.9604,0.9474,0.9597,10006817.0
1735765200000,0.9596,0.9712,0.9572,0.9672,11070102.0
1735768800000,0.9672,0.9683,0.957,0.9652,6944299.0
1735772400000,0.9653,0.9665,0.9565,0.959,6482601.0
1735776000000,0.959,0.981,0.9589,0.9758,19300864.0
1735779600000,0.9757,0.9926,0.9719,0.9726,14924355.0
1735783200000,0.9727,0.9789,0.966,0.9788,6605045.0
1735786800000,0.9788,0.9819,0.9732,0.9742,4551357.0
1735790400000,0.9742,0.99,0.9702,0.9861,8073071.0
1735794000000,0.9861,1.0215,0.98,1.0202,29234775.0
1735797600000,1.0201,1.0226,1.0031,1.0081,24678068.0
1735801200000,1.0082,1.0147,0.9968,1.0129,16814235.0
1735804800000,1.0129,1.0344,1.0108,1.0326,18225658.0
1735808400000,1.0323,1.045,1.0266,1.0423,20908170.0
1735812000000,1.0423,1.0469,1.0281,1.0288,17590224.0
1735815600000,1.0289,1.0503,1.028,1.048,11926806.0
1735819200000,1.048,1.0709,1.0443,1.0642,23705910.0
1735822800000,1.0642,1.0708,1.0561,1.0597,19807708.0
1735826400000,1.0597,1.0783,1.0447,1.0574,41082910.0
1735830000000,1.0573,1.0602,1.0461,1.0493,14867166.0
1735833600000,1.0494,1.0597,1.0367,1.051,20901106.0
1735837200000,1.0511,1.0593,1.0331,1.041,17681089.0
1735840800000,1.0409,1.0492,1.0356,1.0468,10258598.0
1735844400000,1.0467,1.0517,1.042,1.0449,6194943.0
1735848000000,1.045,1.0521,1.0393,1.0447,6047162.0
1735851600000,1.0446,1.0456,1.033,1.0335,6684961.0
1735855200000,1.0335,1.04,1.021,1.0309,15787510.0
1735858800000,1.0308,1.0361,1.0269,1.0332,6454034.0
1735862400000,1.0333,1.0408,1.026,1.0295,7480313.0
1735866000000,1.0295,1.0354,1.0239,1.0351,5780320.0
1735869600000,1.0352,1.0589,1.0306,1.0523,15683028.0
1735873200000,1.0523,1.0675,1.0511,1.0575,15704594.0
1735876800000,1.0575,1.061,1.0343,1.0361,13701169.0
1735880400000,1.0362,1.041,1.027,1.035,11336138.0
1735884000000,1.035,1.0454,1.0271,1.0295,8895287.0
1735887600000,1.0295,1.0322,1.0214,1.0241,10380633.0
1735891200000,1.0242,1.034,1.0205,1.0301,11031324.0
1735894800000,1.0301,1.0562,1.0295,1.0503,14556649.0
1735898400000,1.0503,1.0525,1.0403,1.0436,9758349.0
1735902000000,1.0436,1.0649,1.0435,1.0617,11498209.0
1735905600000,1.0618,1.1421,1.0587,1.1249,93189508.0
1735909200000,1.1248,1.1523,1.115,1.1505,43740936.0
1735912800000,1.1504,1.1999,1.1491,1.1949,72489969.0
1735916400000,1.1949,1.221,1.183,1.1938,80885898.0
1735920000000,1.1939,1.2014,1.185,1.1976,31465766.0
1735923600000,1.1975,1.2216,1.1881,1.2144,27143635.0
1735927200000,1.2143,1.2432,1.214,1.2318,38105463.0
1735930800000,1.2317,1.249,1.23,1.2456,21699205.0
1735934400000,1.2456,1.2479,1.222,1.2385,29964613.0
1735938000000,1.2386,1.2471,1.224,1.2253,17173503.0
1735941600000,1.2253,1.2371,1.2183,1.22,12158097.0
1735945200000,1.2199,1.228,1.2134,1.2148,12977275.0
1735948800000,1.2147,1.2177,1.1889,1.1897,27368809.0
1735952400000,1.1898,1.2,1.1846,1.1927,17574862.0
1735956000000,1.1927,1.1941,1.1857,1.1914,9315570.0
1735959600000,1.1914,1.205,1.1905,1.1923,17550822.0
1735963200000,1.1923,1.2002,1.1864,1.1991,10730978.0
1735966800000,1.1991,1.2099,1.1966,1.2019,11001627.0
1735970400000,1.2018,1.2114,1.1975,1.1988,8754415.0
1735974000000,1.1988,1.2,1.1876,1.188,11761011.0
1735977600000,1.188,1.1936,1.175,1.176,17409695.0
1735981200000,1.1761,1.1968,1.1753,1.1891,12425678.0
1735984800000,1.189,1.1939,1.1819,1.1925,11952821.0
1735988400000,1.1925,1.2061,1.1905,1.1958,15427892.0
1735992000000,1.1959,1.2333,1.1951,1.2328,30661637.0
1735995600000,1.2327,1.2882,1.2204,1.2795,63984401.0
1735999200000,1.2794,1.2949,1.27,1.2911,43691866.0
1736002800000,1.2912,1.312,1.2631,1.2641,70551017.0
1736006400000,1.2641,1.2804,1.236,1.239,42915169.0
1736010000000,1.2391,1.2478,1.2309,1.2438,21807725.0
1736013600000,1.2438,1.2569,1.2339,1.2487,17394046.0
1736017200000,1.2487,1.268,1.2428,1.2431,12889127.0
1736020800000,1.2432,1.2566,1.2402,1.2498,12219847.0
1736024400000,1.2497,1.2553,1.2362,1.2408,10997909.0
1736028000000,1.2409,1.244,1.2355,1.2407,7220223.0
1736031600000,1.2407,1.2409,1.2286,1.2334,6823753.0
1736035200000,1.2334,1.2368,1.226,1.2272,8828919.0
1736038800000,1.2271,1.2388,1.209,1.2236,24327076.0
1736042400000,1.2235,1.2255,1.2101,1.2138,7835328.0
1736046000000,1.2137,1.2138,1.207,1.2101,7233835.0
1736049600000,1.21,1.2265,1.2087,1.2179,12945172.0
1736053200000,1.218,1.2188,1.2075,1.2081,6502164.0
1736056800000,1.2081,1.2137,1.2028,1.2077,9067832.0
1736060400000,1.2077,1.2112,1.2019,1.2036,5533300.0
1736064000000,1.2035,1.2103,1.1945,1.1956,14147767.0
1736067600000,1.1956,1.2175,1.195,1.2136,13909305.0
1736071200000,1.2136,1.2638,1.2122,1.2615,49752934.0
1736074800000,1.2614,1.2952,1.2415,1.2778,53333125.0
1736078400000,1.2778,1.301,1.2484,1.2792,39065785.0
1736082000000,1.2791,1.2935,1.2541,1.257,29858647.0
1736085600000,1.2567,1.2649,1.2341,1.2514,30929859.0
1736089200000,1.2513,1.2951,1.2486,1.2793,35706160.0
1736092800000,1.279,1.2825,1.25,1.2505,15844637.0
1736096400000,1.2505,1.2528,1.2361,1.2393,16056905.0
1736100000000,1.2392,1.2397,1.2196,1.2277,18764936.0
1736103600000,1.2277,1.2384,1.2235,1.2364,10127302.0
1736107200000,1.2363,1.2565,1.2329,1.2492,12737757.0
1736110800000,1.2491,1.255,1.2406,1.2478,6621604.0
1736114400000,1.2478,1.2732,1.2426,1.2537,15490226.0
1736118000000,1.2537,1.2644,1.2465,1.2618,11022469.0
1736121600000,1.2618,1.276,1.2536,1.2647,19641611.0
1736125200000,1.2646,1.2805,1.2457,1.2606,22836546.0
1736128800000,1.2606,1.2857,1.26,1.2628,21228657.0
1736132400000,1.2627,1.2658,1.2422,1.2473,16790428.0
1736136000000,1.2474,1.257,1.2379,1.2467,14109869.0
1736139600000,1.2468,1.249,1.2308,1.2333,11969302.0
1736143200000,1.2334,1.2371,1.2149,1.2181,17686106.0
1736146800000,1.2181,1.2251,1.2107,1.2113,16466967.0
1736150400000,1.2115,1.2181,1.199,1.1997,19097345.0
1736154000000,1.1997,1.2159,1.1912,1.1952,26973960.0
1736157600000,1.1952,1.2075,1.1881,1.2072,20448995.0
1736161200000,1.2072,1.2162,1.2032,1.2143,17439424.0
1736164800000,1.2143,1.2246,1.195,1.1978,25581382.0
1736168400000,1.1978,1.208,1.19,1.2023,17723344.0
1736172000000,1.2024,1.2385,1.1903,1.2248,40377343.0
1736175600000,1.225,1.238,1.2141,1.2317,41855132.0
1736179200000,1.2318,1.2511,1.2159,1.2192,38807909.0
1736182800000,1.2192,1.2193,1.1916,1.1968,31466202.0
1736186400000,1.1968,1.208,1.1921,1.1975,14591952.0
1736190000000,1.1976,1.2053,1.1975,1.2003,7181343.0
1736193600000,1.2002,1.2097,1.19,1.192,10717806.0
1736197200000,1.1919,1.1929,1.1609,1.1726,40780597.0
1736200800000,1.1726,1.1805,1.1681,1.1775,11880476.0
1736204400000,1.1775,1.1781,1.1691,1.1716,9505469.0
1736208000000,1.1716,1.1835,1.1646,1.1686,17656257.0
1736211600000,1.1686,1.1794,1.1658,1.1721,9386603.0
1736215200000,1.172,1.1732,1.1414,1.1421,33247079.0
1736218800000,1.1421,1.1628,1.14,1.161,22890855.0
1736222400000,1.1609,1.1628,1.145,1.1455,13554093.0
1736226000000,1.1454,1.157,1.1441,1.1562,11286666.0
1736229600000,1.1561,1.1628,1.1518,1.1601,9734890.0
1736233200000,1.1601,1.1636,1.1537,1.1571,13573581.0
1736236800000,1.1571,1.1714,1.1552,1.1662,12178466.0
1736240400000,1.1662,1.1692,1.1474,1.152,15529281.0
1736244000000,1.152,1.1526,1.143,1.1469,13160389.0
1736247600000,1.1469,1.159,1.1432,1.1515,18004713.0
1736251200000,1.1515,1.1652,1.145,1.1603,14876912.0
1736254800000,1.1602,1.1605,1.1472,1.1503,8965673.0
1736258400000,1.1504,1.1637,1.1418,1.1499,19322456.0
1736262000000,1.1496,1.1775,1.0934,1.1087,166092565.0
1736265600000,1.1086,1.1214,1.0941,1.1008,54032045.0
1736269200000,1.1009,1.1072,1.0824,1.0938,36232784.0
1736272800000,1.0938,1.1013,1.0758,1.0808,34399817.0
1736276400000,1.0808,1.0845,1.0568,1.058,43215338.0
1736280000000,1.058,1.0728,1.0514,1.0616,23228084.0
1736283600000,1.0616,1.0623,1.04,1.04,19474208.0
1736287200000,1.04,1.0615,1.0381,1.0544,21702964.0
1736290800000,1.0543,1.0543,1.0337,1.0356,15528377.0
1736294400000,1.0356,1.0527,1.0348,1.0444,13091405.0
1736298000000,1.0445,1.0445,1.0261,1.0332,14978744.0
1736301600000,1.0332,1.0354,1.0153,1.0191,20048177.0
1736305200000,1.0191,1.024,1.0025,1.0081,33403968.0
1736308800000,1.0081,1.0119,0.9966,0.9983,22355928.0
1736312400000,0.9983,1.0018,0.9786,0.9812,27143622.0
1736316000000,0.9812,0.9926,0.9657,0.9668,36722496.0
1736319600000,0.9668,0.985,0.9617,0.9844,25553706.0
1736323200000,0.9843,1.0018,0.98,0.9896,29943925.0
1736326800000,0.9895,0.9989,0.9771,0.9771,15489008.0
1736330400000,0.9771,0.9824,0.9733,0.974,17588810.0
1736334000000,0.974,0.9758,0.9533,0.9741,40878077.0
1736337600000,0.9741,0.9754,0.9457,0.9484,24723258.0
1736341200000,0.9483,0.9697,0.9483,0.9547,27645349.0
1736344800000,0.9547,0.9738,0.9542,0.9607,26848570.0
1736348400000,0.9606,0.9769,0.9439,0.9577,36820507.0
1736352000000,0.9577,0.9598,0.9328,0.9333,24237047.0
1736355600000,0.9334,0.9603,0.9,0.9595,112767076.0
1736359200000,0.9595,0.9769,0.9426,0.9527,54530327.0
1736362800000,0.9527,0.9671,0.9449,0.9549,25419543.0
1736366400000,0.9548,0.9623,0.9419,0.9493,17371835.0
1736370000000,0.9493,0.9621,0.9416,0.9507,13866356.0
1736373600000,0.9507,0.9707,0.9503,0.9673,14511211.0
1736377200000,0.9674,0.977,0.9585,0.975,18431906.0
1736380800000,0.975,0.9867,0.9621,0.9726,21544452.0
1736384400000,0.9726,0.9885,0.9704,0.9709,25758100.0
1736388000000,0.9709,0.9768,0.9471,0.9516,38415206.0
1736391600000,0.9516,0.9541,0.9325,0.9352,23665667.0
1736395200000,0.9351,0.9403,0.9168,0.9387,29820260.0
1736398800000,0.9386,0.944,0.9303,0.9349,15749152.0
1736402400000,0.9349,0.939,0.9229,0.9278,15003193.0
1736406000000,0.9278,0.9342,0.9027,0.9069,33885856.0
1736409600000,0.9069,0.9395,0.9068,0.937,33718731.0
1736413200000,0.937,0.9529,0.9332,0.9469,27547645.0
1736416800000,0.9469,0.9507,0.9221,0.9277,21863560.0
1736420400000,0.9277,0.9448,0.9203,0.9239,15412098.0
1736424000000,0.9239,0.9339,0.9114,0.9141,19725107.0
1736427600000,0.9141,0.9184,0.879,0.8807,56217698.0
1736431200000,0.8807,0.8942,0.861,0.8876,72171914.0
1736434800000,0.8875,0.9485,0.8782,0.9354,63849117.0
1736438400000,0.9354,0.9636,0.9314,0.9491,50583183.0
1736442000000,0.9491,0.9498,0.9082,0.9157,35359534.0
1736445600000,0.9156,0.9249,0.9102,0.9178,22833653.0
1736449200000,0.9179,0.9193,0.893,0.8968,24030929.0
1736452800000,0.8968,0.9088,0.8792,0.9039,44103768.0
1736456400000,0.9039,0.9163,0.9,0.9018,20305839.0
1736460000000,0.9018,0.9191,0.8978,0.909,13101116.0
1736463600000,0.909,0.912,0.8978,0.9008,9364263.0
1736467200000,0.9008,0.9266,0.9008,0.9152,21583474.0
1736470800000,0.9152,0.9235,0.9072,0.922,11368800.0
1736474400000,0.9221,0.9538,0.9198,0.939,28340939.0
1736478000000,0.9391,0.9419,0.9275,0.9373,16622138.0
1736481600000,0.9374,0.9471,0.9303,0.9359,15536627.0
1736485200000,0.9359,0.9622,0.9284,0.9395,20762679.0
1736488800000,0.9394,0.9468,0.9319,0.942,20836129.0
1736492400000,0.9421,0.9688,0.9392,0.9499,38591439.0
1736496000000,0.9498,0.958,0.9349,0.9398,24018293.0
1736499600000,0.9398,0.97,0.9352,0.9623,31144736.0
1736503200000,0.9624,0.9679,0.9487,0.9619,21243396.0
1736506800000,0.9619,0.963,0.9375,0.944,28246426.0
1736510400000,0.944,0.9497,0.9295,0.94,21236436.0
1736514000000,0.9399,0.948,0.8834,0.8968,98144707.0
1736517600000,0.8966,0.9317,0.8924,0.8943,67573169.0
1736521200000,0.8943,0.9207,0.8721,0.9036,76299269.0
1736524800000,0.9036,0.9084,0.887,0.8919,36134292.0
1736528400000,0.8919,0.9457,0.8893,0.9394,41105270.0
1736532000000,0.9393,0.9487,0.9189,0.9215,39237101.0
1736535600000,0.9215,0.9336,0.9169,0.9234,17626444.0
1736539200000,0.9235,0.9293,0.9078,0.915,18541600.0
1736542800000,0.9151,0.9216,0.9125,0.9145,7819632.0
1736546400000,0.9146,0.924,0.9082,0.9194,8126814.0
1736550000000,0.9194,0.9225,0.9085,0.9097,8986212.0
1736553600000,0.9098,0.9159,0.9027,0.9096,11930680.0
1736557200000,0.9097,0.9161,0.8838,0.8919,32814732.0
1736560800000,0.892,0.8984,0.8867,0.8895,12841551.0
1736564400000,0.8894,0.8907,0.8825,0.8879,9386279.0
1736568000000,0.8879,0.8913,0.8792,0.888,12269820.0
1736571600000,0.888,0.9006,0.8841,0.8991,14570203.0
1736575200000,0.8991,0.9069,0.8932,0.8941,15446148.0
1736578800000,0.8941,0.8985,0.8793,0.8875,23726688.0
1736582400000,0.8875,0.8935,0.8743,0.8757,24110183.0
1736586000000,0.8757,0.8887,0.8752,0.8873,24121977.0
1736589600000,0.8874,0.9096,0.8874,0.9077,37874179.0
1736593200000,0.9077,0.918,0.9001,0.915,27825137.0
1736596800000,0.915,0.9182,0.9054,0.9084,13883684.0
1736600400000,0.9084,0.9096,0.8929,0.8961,18327361.0
1736604000000,0.8961,0.9031,0.8889,0.8995,17269809.0
1736607600000,0.8995,0.8995,0.8892,0.8906,12016679.0
1736611200000,0.8906,0.9063,0.8847,0.8958,21414881.0
1736614800000,0.8958,0.896,0.8836,0.8884,15309233.0
1736618400000,0.8884,0.8941,0.884,0.8912,10485186.0
1736622000000,0.8912,0.8953,0.8848,0.8918,10277651.0
1736625600000,0.8917,0.9218,0.8883,0.9198,19302818.0
1736629200000,0.9197,0.9367,0.9192,0.9309,28867421.0
1736632800000,0.9309,0.9332,0.9117,0.913,20741539.0
1736636400000,0.9131,0.9183,0.9059,0.9077,11147935.0
1736640000000,0.9078,0.9114,0.9004,0.9065,16053569.0
1736643600000,0.9066,0.9087,0.9004,0.9044,10185286.0
1736647200000,0.9044,0.9074,0.8968,0.9023,9467847.0
1736650800000,0.9024,0.9052,0.8937,0.9021,8852492.0
1736654400000,0.9022,0.9049,0.8939,0.898,9210156.0
1736658000000,0.8981,0.9029,0.8952,0.8981,5787109.0
1736661600000,0.8981,0.9021,0.8909,0.8931,8038903.0
1736665200000,0.8931,0.8971,0.8885,0.8944,8623558.0
1736668800000,0.8944,0.898,0.8851,0.8872,11688367.0
1736672400000,0.8872,0.8911,0.88,0.8818,15211856.0
1736676000000,0.8819,0.8881,0.8761,0.886,15519128.0
1736679600000,0.8861,0.9209,0.885,0.9134,42745446.0
1736683200000,0.9134,0.9147,0.8885,0.8893,37081926.0
1736686800000,0.8893,0.905,0.8875,0.9021,19848926.0
1736690400000,0.9021,0.9104,0.8926,0.8967,25358725.0
1736694000000,0.8967,0.9157,0.8918,0.9154,29100163.0
1736697600000,0.9155,0.9189,0.898,0.9029,20480971.0
1736701200000,0.9029,0.9067,0.8953,0.8982,12254510.0
1736704800000,0.8981,0.9036,0.8921,0.8933,15285153.0
1736708400000,0.8933,0.8964,0.8885,0.8952,12437612.0
1736712000000,0.8952,0.9023,0.8853,0.8891,15763803.0
1736715600000,0.8892,0.8915,0.878,0.8795,18355196.0
1736719200000,0.8794,0.8819,0.8664,0.8711,29444279.0
1736722800000,0.8711,0.8792,0.8694,0.8777,13411731.0
1736726400000,0.8778,0.9167,0.8733,0.9117,49994075.0
1736730000000,0.9116,0.9153,0.8801,0.8825,39059006.0
1736733600000,0.8826,0.8847,0.8513,0.8591,49298364.0
1736737200000,0.8592,0.8651,0.821,0.8227,75625610.0
1736740800000,0.8227,0.85,0.8214,0.8332,50131253.0
1736744400000,0.8332,0.8361,0.811,0.8164,49441572.0
1736748000000,0.8164,0.8238,0.8017,0.8057,47001097.0
1736751600000,0.8055,0.8169,0.7992,0.8125,52305624.0
1736755200000,0.8125,0.8154,0.7901,0.7942,60216606.0
1736758800000,0.7943,0.7971,0.7837,0.7871,59405313.0
1736762400000,0.7871,0.7964,0.7789,0.7918,57132885.0
1736766000000,0.7918,0.792,0.7764,0.7786,47151611.0
1736769600000,0.7786,0.7947,0.7763,0.7823,49099585.0
1736773200000,0.7822,0.8076,0.781,0.791,54354725.0
1736776800000,0.7911,0.8369,0.7637,0.8235,134652836.0
1736780400000,0.8236,0.8373,0.8121,0.8136,75045583.0
1736784000000,0.8136,0.82,0.8009,0.8019,38882907.0
1736787600000,0.802,0.8069,0.778,0.7789,45267686.0
1736791200000,0.779,0.7837,0.7225,0.7593,159439558.0
1736794800000,0.7593,0.7706,0.7441,0.76,61437316.0
1736798400000,0.76,0.82,0.7555,0.8002,62469941.0
1736802000000,0.8002,0.809,0.7921,0.802,42969072.0
1736805600000,0.802,0.8201,0.7993,0.8038,32384104.0
1736809200000,0.8038,0.8039,0.7929,0.7977,17084364.0
1736812800000,0.7978,0.8083,0.7913,0.7927,23443913.0
1736816400000,0.7927,0.811,0.7869,0.7897,28309843.0
1736820000000,0.7896,0.8126,0.7894,0.8019,23329955.0
1736823600000,0.8018,0.816,0.8008,0.8066,21033455.0
1736827200000,0.8066,0.818,0.8033,0.8177,17550379.0
1736830800000,0.8176,0.8364,0.8052,0.8076,41712865.0
1736834400000,0.8075,0.8171,0.8046,0.8109,24895501.0
1736838000000,0.811,0.8164,0.8026,0.8028,20637716.0
1736841600000,0.8028,0.8177,0.8016,0.8109,27922086.0
1736845200000,0.811,0.8523,0.8061,0.8409,74753385.0
1736848800000,0.841,0.8444,0.8174,0.8205,39613041.0
1736852400000,0.8205,0.8232,0.8111,0.8219,24207472.0
1736856000000,0.8219,0.8265,0.81,0.814,32689309.0
1736859600000,0.8142,0.8422,0.811,0.8382,72548657.0
1736863200000,0.8383,0.8563,0.8258,0.8353,59927904.0
1736866800000,0.8353,0.8445,0.8328,0.8349,36869925.0
1736870400000,0.8349,0.837,0.8212,0.8262,36079507.0
1736874000000,0.8261,0.84,0.822,0.8285,23473603.0
1736877600000,0.8285,0.8352,0.8241,0.8274,21118302.0
1736881200000,0.8274,0.8314,0.8198,0.825,18379215.0
1736884800000,0.825,0.8304,0.8151,0.8282,18705718.0
1736888400000,0.8281,0.8388,0.825,0.8278,16596804.0
1736892000000,0.8279,0.8505,0.8278,0.8478,14919971.0
1736895600000,0.8478,0.8513,0.8284,0.8309,19367027.0
1736899200000,0.8309,0.838,0.821,0.8232,22922471.0
1736902800000,0.8231,0.834,0.8176,0.8258,28470450.0
1736906400000,0.8259,0.8323,0.8112,0.8116,33611713.0
1736910000000,0.8117,0.8272,0.8073,0.8266,21111528.0
1736913600000,0.8266,0.832,0.8142,0.8244,18792344.0
1736917200000,0.8244,0.8256,0.8162,0.8197,12914476.0
1736920800000,0.8196,0.8228,0.8104,0.8198,20119853.0
1736924400000,0.8197,0.8301,0.8195,0.8206,16044286.0
1736928000000,0.8207,0.8266,0.81,0.8103,20950197.0
1736931600000,0.8103,0.8132,0.7807,0.7835,67833849.0
1736935200000,0.7835,0.7913,0.7826,0.7843,22580888.0
1736938800000,0.7842,0.7862,0.7745,0.7856,31417400.0
1736942400000,0.7856,0.787,0.7768,0.778,19495251.0
1736946000000,0.7779,0.846,0.7769,0.8443,116869351.0
1736949600000,0.8442,0.8869,0.8421,0.8806,131467103.0
1736953200000,0.8807,0.9212,0.8794,0.8899,110363644.0
1736956800000,0.8898,0.9246,0.8895,0.9119,62167903.0
1736960400000,0.912,0.9151,0.8942,0.9004,42761499.0
1736964000000,0.9004,0.9165,0.8982,0.9125,20744558.0
1736967600000,0.9124,0.9217,0.906,0.9156,23182559.0
1736971200000,0.9156,0.9269,0.9074,0.9162,33829335.0
1736974800000,0.9162,0.9257,0.913,0.9189,21041594.0
1736978400000,0.9189,0.9673,0.9169,0.9645,56206967.0
1736982000000,0.9643,0.9734,0.9414,0.943,44107397.0
1736985600000,0.9429,0.9502,0.9173,0.9204,39359851.0
1736989200000,0.9205,0.9296,0.9186,0.9204,18449714.0
1736992800000,0.9204,0.9212,0.9083,0.9121,19168749.0
1736996400000,0.9121,0.9133,0.9012,0.9077,17011593.0
1737000000000,0.9076,0.9143,0.905,0.9136,11310487.0
1737003600000,0.9136,0.9153,0.9038,0.9048,12675335.0
1737007200000,0.9048,0.9198,0.9022,0.9185,14252671.0
1737010800000,0.9186,0.9188,0.9063,0.9082,10798407.0
1737014400000,0.9082,0.912,0.8746,0.8822,53831502.0
1737018000000,0.8822,0.8928,0.8761,0.8928,30174327.0
1737021600000,0.8927,0.8938,0.8839,0.8889,19035543.0
1737025200000,0.889,0.9073,0.8828,0.9066,42164985.0
1737028800000,0.9065,0.9573,0.9032,0.9477,67627842.0
1737032400000,0.9476,0.9516,0.9184,0.9306,70040750.0
1737036000000,0.9306,0.9378,0.8861,0.8892,89882216.0
1737039600000,0.8893,0.9164,0.8857,0.9098,56802485.0
1737043200000,0.9097,0.9264,0.9069,0.9113,36291640.0
1737046800000,0.9112,0.9236,0.904,0.912,25415606.0
1737050400000,0.9121,0.92,0.9025,0.9048,18493342.0
1737054000000,0.9049,0.9264,0.9022,0.9239,17033093.0
1737057600000,0.9238,0.9307,0.9118,0.9175,18627201.0
1737061200000,0.9174,0.9219,0.9038,0.9088,15089650.0
1737064800000,0.9088,0.9101,0.8881,0.898,20619155.0
1737068400000,0.8979,0.9153,0.893,0.9116,20402741.0
1737072000000,0.9117,0.9304,0.9101,0.9295,18545907.0
1737075600000,0.9294,0.971,0.9292,0.9679,64237788.0
1737079200000,0.9679,0.9768,0.9442,0.9487,48173826.0
1737082800000,0.9487,0.9539,0.9345,0.9378,19807686.0
1737086400000,0.9378,0.9533,0.9333,0.9522,22532419.0
1737090000000,0.9521,0.9543,0.9297,0.9333,20336061.0
1737093600000,0.9332,0.9393,0.9272,0.9318,15436587.0
1737097200000,0.9319,0.9387,0.9247,0.9281,16305894.0
1737100800000,0.9281,0.9522,0.9229,0.9465,33026696.0
1737104400000,0.9466,0.9637,0.9432,0.9511,32133272.0
1737108000000,0.9511,0.968,0.9473,0.9624,26436387.0
1737111600000,0.9625,0.9762,0.9575,0.9719,28747568.0
1737115200000,0.972,0.9767,0.9478,0.9567,34980860.0
1737118800000,0.9568,0.987,0.9497,0.9519,59795869.0
1737122400000,0.952,0.967,0.9493,0.9606,42657096.0
1737126000000,0.9606,0.9843,0.9495,0.9561,54375116.0
1737129600000,0.9561,0.9667,0.9451,0.9534,41489413.0
1737133200000,0.9533,0.9573,0.931,0.9357,36073644.0
1737136800000,0.9357,0.9391,0.9284,0.9308,14359542.0
1737140400000,0.9308,0.9416,0.93,0.931,16650420.0
1737144000000,0.931,0.9812,0.9307,0.9753,50096639.0
1737147600000,0.9753,0.9853,0.9563,0.9704,31979319.0
1737151200000,0.9703,0.9938,0.97,0.9867,32057490.0
1737154800000,0.9866,1.0042,0.9637,0.9639,61283482.0
1737158400000,0.9639,0.9932,0.9523,0.9819,53052598.0
1737162000000,0.982,0.9864,0.9593,0.964,26672999.0
1737165600000,0.9641,0.9718,0.9381,0.9409,25666823.0
1737169200000,0.941,0.945,0.9174,0.9185,49524784.0
1737172800000,0.9184,0.926,0.9019,0.9191,56842968.0
1737176400000,0.9191,0.9209,0.8631,0.8673,91266776.0
1737180000000,0.8672,0.8846,0.8665,0.8815,56837041.0
1737183600000,0.8815,0.8863,0.866,0.8688,30876031.0
1737187200000,0.8689,0.8837,0.8588,0.8805,51514972.0
1737190800000,0.8805,0.8833,0.866,0.8731,21663176.0
1737194400000,0.8731,0.88,0.8585,0.8751,35528368.0
1737198000000,0.8751,0.9456,0.871,0.9383,108983344.0
1737201600000,0.9384,0.9496,0.9156,0.9237,67106128.0
1737205200000,0.9237,0.9256,0.9085,0.9226,39365051.0
1737208800000,0.9226,0.924,0.8888,0.8929,45313538.0
1737212400000,0.8929,0.9051,0.8778,0.8839,44370353.0
1737216000000,0.8839,0.8969,0.87,0.8703,48904689.0
1737219600000,0.8704,0.8827,0.8641,0.8645,27296082.0
1737223200000,0.8645,0.8708,0.8435,0.8542,41653857.0
1737226800000,0.8542,0.875,0.8542,0.8717,21181816.0
1737230400000,0.8718,0.8743,0.8551,0.8587,15143987.0
1737234000000,0.8586,0.8661,0.8557,0.8581,9379386.0
1737237600000,0.858,0.8722,0.8571,0.8667,9186345.0
1737241200000,0.8667,0.885,0.8641,0.881,21723941.0
1737244800000,0.8809,0.9156,0.8808,0.908,54814051.0
1737248400000,0.908,0.9468,0.9062,0.9366,71024102.0
1737252000000,0.9366,0.9429,0.9255,0.9262,25435460.0
1737255600000,0.9262,0.9296,0.9087,0.918,27979673.0
1737259200000,0.9179,0.9188,0.893,0.8982,39915268.0
1737262800000,0.8982,0.9035,0.8842,0.9013,25604004.0
1737266400000,0.9014,0.9014,0.8781,0.8789,20030117.0
1737270000000,0.879,0.8834,0.8653,0.8747,28179887.0
1737273600000,0.8747,0.8782,0.8549,0.855,34945903.0
1737277200000,0.8551,0.8685,0.827,0.8576,107048305.0
1737280800000,0.8576,0.8577,0.8378,0.842,41659581.0
1737284400000,0.842,0.8448,0.8142,0.8273,45798850.0
1737288000000,0.8274,0.8565,0.8274,0.8546,47446050.0
1737291600000,0.8546,0.8887,0.8478,0.8883,44623596.0
1737295200000,0.8887,0.9314,0.8826,0.922,123963719.0
1737298800000,0.922,0.9297,0.9011,0.9112,66152827.0
1737302400000,0.9112,0.9372,0.9108,0.9258,52667746.0
1737306000000,0.9257,0.947,0.9248,0.9456,38617870.0
1737309600000,0.9455,0.9484,0.9238,0.937,26829793.0
1737313200000,0.937,0.9384,0.9211,0.9313,17016204.0
1737316800000,0.9313,0.9485,0.9197,0.929,44834468.0
1737320400000,0.9291,0.9408,0.8758,0.8799,106504601.0
1737324000000,0.8798,0.9066,0.845,0.8746,92293043.0
1737327600000,0.8745,0.8745,0.8152,0.8463,109333433.0
1737331200000,0.8463,0.8471,0.8,0.8099,117201390.0
1737334800000,0.81,0.8367,0.8012,0.8157,56683235.0
1737338400000,0.8156,0.8534,0.8079,0.8109,58811769.0
1737342000000,0.811,0.8306,0.8055,0.8264,24816754.0
1737345600000,0.8264,0.834,0.8106,0.8242,26142890.0
1737349200000,0.8243,0.8518,0.8223,0.8366,34888596.0
1737352800000,0.8366,0.91,0.8366,0.8928,80269981.0
1737356400000,0.8927,0.9397,0.8898,0.9135,131957898.0
1737360000000,0.9135,0.944,0.91,0.9347,49446615.0
1737363600000,0.9347,0.9374,0.91,0.9153,40527386.0
1737367200000,0.9153,0.9218,0.8907,0.8991,33351673.0
1737370800000,0.8991,0.9068,0.889,0.9059,27199914.0
1737374400000,0.9058,0.9063,0.8621,0.8723,62154020.0
1737378000000,0.8724,0.9231,0.8638,0.9103,105673806.0
1737381600000,0.9102,0.9707,0.8982,0.9524,129948107.0
1737385200000,0.9522,0.9655,0.9338,0.9425,89022435.0
1737388800000,0.9424,0.9657,0.9234,0.9656,74393538.0
1737392400000,0.9655,0.9688,0.88,0.9113,166645203.0
1737396000000,0.9112,0.939,0.8972,0.9184,72741094.0
1737399600000,0.9182,0.9387,0.9088,0.9233,37454754.0
1737403200000,0.9233,0.926,0.9058,0.9068,23467704.0
1737406800000,0.9068,0.91,0.885,0.8874,30759894.0
1737410400000,0.8874,0.9205,0.8767,0.9148,37643146.0
1737414000000,0.915,0.9159,0.8731,0.8778,48660216.0
1737417600000,0.8778,0.8781,0.8388,0.8412,63149196.0
1737421200000,0.8413,0.8554,0.8362,0.8409,36502929.0
1737424800000,0.8408,0.8504,0.83,0.8482,30298185.0
1737428400000,0.8481,0.8591,0.8347,0.8546,37955271.0
1737432000000,0.8546,0.8807,0.8402,0.876,51619254.0
1737435600000,0.876,0.8766,0.8486,0.8495,28276064.0
1737439200000,0.8495,0.8682,0.8467,0.8577,30183510.0
1737442800000,0.8577,0.8735,0.8538,0.8641,22999212.0
1737446400000,0.8642,0.8688,0.8439,0.857,29139743.0
1737450000000,0.8569,0.8752,0.8481,0.8728,30387632.0
1737453600000,0.8728,0.9269,0.8673,0.9232,63031416.0
1737457200000,0.9232,0.928,0.8956,0.9041,45579783.0
1737460800000,0.9042,0.9134,0.8912,0.9003,27368087.0
1737464400000,0.9003,0.901,0.8769,0.8968,37743444.0
1737468000000,0.8967,0.906,0.8788,0.88,42899764.0
1737471600000,0.8801,0.8849,0.8679,0.8733,37617010.0
1737475200000,0.8733,0.9043,0.8692,0.8859,43977933.0
1737478800000,0.8859,0.9225,0.885,0.9171,34643382.0
1737482400000,0.9171,0.97,0.9161,0.9506,63922245.0
1737486000000,0.9506,0.9591,0.9342,0.9398,37251273.0
1737489600000,0.9398,0.9516,0.9269,0.9416,23196323.0
1737493200000,0.9417,0.9496,0.9323,0.9478,16899856.0
1737496800000,0.9478,0.9538,0.9334,0.9408,17125424.0
1737500400000,0.9409,0.9507,0.9245,0.9345,31587866.0
1737504000000,0.9344,0.9523,0.9258,0.9483,25049422.0
1737507600000,0.9483,0.9497,0.9315,0.9328,18853885.0
1737511200000,0.9327,0.9728,0.9291,0.9571,35182550.0
1737514800000,0.957,0.9628,0.9372,0.9418,24645500.0
1737518400000,0.9418,0.9481,0.9295,0.9434,17407112.0
1737522000000,0.9434,0.9637,0.9385,0.9399,21148484.0
1737525600000,0.9399,0.9475,0.9271,0.9314,19372531.0
1737529200000,0.9315,0.936,0.9241,0.9307,18960286.0
1737532800000,0.9308,0.9337,0.9071,0.9192,33128118.0
1737536400000,0.9192,0.924,0.9129,0.9203,13215562.0
1737540000000,0.9203,0.9206,0.9042,0.9068,19609612.0
1737543600000,0.9069,0.9125,0.9024,0.9033,23243603.0
1737547200000,0.9034,0.9051,0.8909,0.9035,30824379.0
1737550800000,0.9034,0.9049,0.8864,0.8915,25144855.0
1737554400000,0.8916,0.8977,0.8841,0.8882,25670463.0
1737558000000,0.8882,0.8921,0.8805,0.8892,20991546.0
1737561600000,0.8892,0.8962,0.8816,0.8903,20469059.0
1737565200000,0.8903,0.8965,0.887,0.8938,13177200.0
1737568800000,0.8937,0.8969,0.8732,0.8763,25989671.0
1737572400000,0.8764,0.8889,0.876,0.8816,23644492.0
1737576000000,0.8815,0.8878,0.8756,0.8767,13943404.0
1737579600000,0.8766,0.8777,0.8669,0.8709,16716031.0
1737583200000,0.8708,0.8745,0.8562,0.8576,18151053.0
1737586800000,0.8575,0.8609,0.839,0.8538,65981544.0
1737590400000,0.8538,0.856,0.8474,0.849,18486595.0
1737594000000,0.8489,0.8529,0.8388,0.8395,18696382.0
1737597600000,0.8395,0.8434,0.8324,0.8422,31519904.0
1737601200000,0.8423,0.8559,0.8369,0.8373,27113709.0
1737604800000,0.8374,0.8443,0.8288,0.8347,30663129.0
1737608400000,0.8347,0.8457,0.8347,0.8392,14006412.0
1737612000000,0.8393,0.8432,0.8346,0.837,13705440.0
1737615600000,0.8371,0.8477,0.8334,0.8455,14735411.0
1737619200000,0.8454,0.8483,0.83,0.8304,17048481.0
1737622800000,0.8305,0.8378,0.8258,0.8305,21707036.0
1737626400000,0.8305,0.8324,0.8188,0.8249,22185276.0
1737630000000,0.8249,0.8328,0.8221,0.8317,14455876.0
1737633600000,0.8316,0.8328,0.8216,0.8243,19091720.0
1737637200000,0.8243,0.845,0.8172,0.8397,33509624.0
1737640800000,0.8396,0.8642,0.8289,0.854,58927668.0
1737644400000,0.854,0.8603,0.83,0.8451,70739628.0
1737648000000,0.8451,0.8722,0.8405,0.8407,60527227.0
1737651600000,0.8406,0.8491,0.8299,0.8457,24321291.0
1737655200000,0.8458,0.8476,0.8219,0.8241,19221198.0
1737658800000,0.8241,0.8253,0.8112,0.8146,26592593.0
1737662400000,0.8145,0.8432,0.8,0.8213,123132233.0
1737666000000,0.8213,0.8251,0.8012,0.8074,33449193.0
1737669600000,0.8075,0.843,0.8057,0.8416,23881032.0
1737673200000,0.8416,0.8659,0.8336,0.8487,45227358.0
1737676800000,0.8487,0.8553,0.8295,0.831,23310171.0
1737680400000,0.831,0.8351,0.8136,0.8179,25941879.0
1737684000000,0.8179,0.8211,0.8092,0.8126,18159403.0
1737687600000,0.8127,0.83,0.8086,0.8202,43600373.0
1737691200000,0.8201,0.843,0.8161,0.8402,27048792.0
1737694800000,0.8403,0.905,0.8368,0.9045,85310382.0
1737698400000,0.9045,0.9154,0.884,0.9074,79284937.0
1737702000000,0.9074,0.9248,0.8884,0.8969,44659075.0
1737705600000,0.8968,0.9026,0.8869,0.8883,21581738.0
1737709200000,0.8883,0.896,0.8763,0.8812,27851663.0
1737712800000,0.8812,0.9082,0.8762,0.9028,38844318.0
1737716400000,0.9027,0.9098,0.893,0.9045,23862168.0
1737720000000,0.9046,0.909,0.8942,0.9087,23328474.0
1737723600000,0.9088,0.9215,0.9032,0.9175,37026664.0
1737727200000,0.9176,0.9258,0.9015,0.9073,41471573.0
1737730800000,0.9072,0.914,0.8796,0.8896,45395964.0
1737734400000,0.8896,0.9036,0.8871,0.8924,27644732.0
1737738000000,0.8924,0.9095,0.886,0.902,26163606.0
1737741600000,0.902,0.9037,0.8907,0.8954,20859331.0
1737745200000,0.8953,0.9056,0.8906,0.8994,18018172.0
1737748800000,0.8995,0.9091,0.8649,0.8653,43900787.0
1737752400000,0.8653,0.8759,0.862,0.8647,25365733.0
1737756000000,0.8648,0.868,0.8539,0.8558,17092007.0
1737759600000,0.8558,0.8568,0.836,0.8448,30816457.0
1737763200000,0.8448,0.8451,0.825,0.8266,27647553.0
1737766800000,0.8266,0.8441,0.8251,0.8386,19683942.0
1737770400000,0.8385,0.844,0.8344,0.8391,11804267.0
1737774000000,0.839,0.8536,0.8364,0.8484,15686799.0
1737777600000,0.8484,0.8503,0.8374,0.8388,14674478.0
1737781200000,0.8389,0.844,0.8368,0.8404,10414113.0
1737784800000,0.8405,0.8485,0.8365,0.8389,11228395.0
1737788400000,0.8389,0.8399,0.8315,0.8335,12511092.0
1737792000000,0.8334,0.8408,0.8328,0.8365,9406245.0
1737795600000,0.8366,0.8415,0.8332,0.8385,11355823.0
1737799200000,0.8384,0.8425,0.8277,0.84,16855105.0
1737802800000,0.84,0.8537,0.8375,0.8497,14558532.0
1737806400000,0.8496,0.8533,0.842,0.8498,15191423.0
1737810000000,0.8498,0.8679,0.8487,0.8596,27242469.0
1737813600000,0.8596,0.8611,0.8451,0.8586,23656411.0
1737817200000,0.8586,0.8775,0.858,0.8618,35148557.0
1737820800000,0.8619,0.8673,0.8484,0.8537,20406912.0
1737824400000,0.8537,0.8725,0.8463,0.8717,21515377.0
1737828000000,0.8716,0.8782,0.8622,0.8656,30125748.0
1737831600000,0.8657,0.8737,0.8645,0.8682,9944069.0
1737835200000,0.8683,0.8732,0.8578,0.8592,9245075.0
1737838800000,0.8593,0.8789,0.8536,0.8688,23875876.0
1737842400000,0.8687,0.8742,0.8573,0.8596,10553309.0
1737846000000,0.8596,0.8617,0.854,0.8563,7979381.0
1737849600000,0.8563,0.8658,0.8531,0.8591,11296302.0
1737853200000,0.8592,0.8612,0.8463,0.8491,17777513.0
1737856800000,0.8491,0.8494,0.838,0.8412,14544901.0
1737860400000,0.8413,0.8513,0.8391,0.8452,14909535.0
1737864000000,0.8452,0.8795,0.8425,0.8688,37608725.0
1737867600000,0.8687,0.8687,0.8493,0.8558,20498836.0
1737871200000,0.8558,0.8581,0.8511,0.8544,8830526.0
1737874800000,0.8544,0.859,0.8451,0.8517,14282304.0
1737878400000,0.8518,0.8546,0.844,0.8482,15515142.0
1737882000000,0.8482,0.8487,0.8273,0.8327,45099812.0
1737885600000,0.8326,0.8371,0.8303,0.8347,12339111.0
1737889200000,0.8347,0.8423,0.8344,0.841,14274116.0
1737892800000,0.841,0.841,0.831,0.8346,12640239.0
1737896400000,0.8347,0.8375,0.8318,0.836,9731868.0
1737900000000,0.836,0.8364,0.8293,0.8324,13162972.0
1737903600000,0.8324,0.8359,0.8303,0.8313,9651549.0
1737907200000,0.8313,0.8319,0.825,0.826,19140766.0
1737910800000,0.8261,0.8293,0.81,0.8226,47244181.0
1737914400000,0.8225,0.8288,0.8171,0.8248,14203390.0
1737918000000,0.8248,0.8267,0.8184,0.8254,8395265.0
1737921600000,0.8253,0.8272,0.8114,0.8145,12999695.0
1737925200000,0.8144,0.8152,0.8,0.8022,35534470.0
1737928800000,0.8021,0.8078,0.7944,0.7996,28468209.0
1737932400000,0.7995,0.7997,0.7734,0.7757,62034105.0
1737936000000,0.7757,0.7836,0.761,0.766,58412323.0
1737939600000,0.766,0.7693,0.7546,0.7566,40074585.0
1737943200000,0.7566,0.7586,0.7444,0.7498,44746486.0
1737946800000,0.7498,0.7611,0.7451,0.7486,23983373.0
1737950400000,0.7486,0.7496,0.7352,0.7375,31095018.0
1737954000000,0.7375,0.7408,0.728,0.739,35150330.0
1737957600000,0.739,0.7463,0.7294,0.7323,40750169.0
1737961200000,0.7323,0.7359,0.701,0.7239,85681890.0
1737964800000,0.7239,0.7248,0.7067,0.7162,40693511.0
1737968400000,0.7162,0.7242,0.7096,0.7212,34886042.0
1737972000000,0.7211,0.7214,0.7001,0.7012,34290978.0
1737975600000,0.7012,0.7231,0.7005,0.7063,36074970.0
1737979200000,0.7064,0.7414,0.7013,0.7345,47762928.0
1737982800000,0.7344,0.7529,0.7221,0.7282,70055923.0
1737986400000,0.7282,0.7737,0.7238,0.7648,71991393.0
1737990000000,0.7647,0.7677,0.7368,0.7461,61315703.0
1737993600000,0.7461,0.7469,0.7238,0.7274,34623187.0
1737997200000,0.7275,0.7383,0.7161,0.7184,29437435.0
1738000800000,0.7183,0.7245,0.707,0.7102,27018641.0
1738004400000,0.7103,0.7247,0.7103,0.7185,20799947.0
1738008000000,0.7184,0.7625,0.7184,0.7583,48759677.0
1738011600000,0.7583,0.7728,0.7465,0.7535,55882781.0
1738015200000,0.7534,0.7578,0.7487,0.7497,14039876.0
1738018800000,0.7497,0.7576,0.7449,0.7513,14677994.0
1738022400000,0.7513,0.7596,0.7372,0.741,23409192.0
1738026000000,0.741,0.7432,0.7301,0.7391,19902904.0
1738029600000,0.7391,0.7509,0.7378,0.7429,14754855.0
1738033200000,0.7429,0.7554,0.735,0.7542,17864660.0
1738036800000,0.754,0.7708,0.7511,0.752,29097497.0
1738040400000,0.752,0.7545,0.7435,0.7453,20063236.0
1738044000000,0.7454,0.7489,0.7352,0.7361,19032780.0
1738047600000,0.736,0.7437,0.7318,0.7344,19443050.0
1738051200000,0.7344,0.7395,0.7276,0.7385,19465952.0
1738054800000,0.7385,0.7398,0.7252,0.7275,22550527.0
1738058400000,0.7275,0.7322,0.7236,0.7268,18639054.0
1738062000000,0.7268,0.7296,0.7154,0.7199,22067657.0
1738065600000,0.72,0.7243,0.7105,0.7149,22308849.0
1738069200000,0.7148,0.7227,0.7144,0.7167,18535157.0
1738072800000,0.7167,0.7279,0.7084,0.7218,33905097.0
1738076400000,0.7218,0.7461,0.721,0.728,53732464.0
1738080000000,0.7282,0.7287,0.7106,0.7154,27869966.0
1738083600000,0.7155,0.7283,0.712,0.7135,20192883.0
1738087200000,0.7136,0.7201,0.7003,0.7027,29754285.0
1738090800000,0.7027,0.7091,0.7011,0.7067,15421703.0
1738094400000,0.7067,0.7106,0.668,0.671,82017185.0
1738098000000,0.6711,0.6842,0.6596,0.6617,63913885.0
1738101600000,0.6616,0.6685,0.6538,0.661,40197412.0
1738105200000,0.661,0.6655,0.6518,0.6573,29378727.0
1738108800000,0.6574,0.667,0.6534,0.655,35296244.0
1738112400000,0.655,0.6736,0.655,0.6661,25199027.0
1738116000000,0.6661,0.6757,0.6659,0.6699,23412421.0
1738119600000,0.6698,0.6812,0.668,0.6783,21410424.0
1738123200000,0.6784,0.6865,0.6759,0.6778,15712484.0
1738126800000,0.6778,0.6835,0.676,0.6825,13125654.0
1738130400000,0.6824,0.7013,0.6813,0.7012,27060027.0
1738134000000,0.7012,0.7115,0.6961,0.7071,25780443.0
1738137600000,0.707,0.712,0.6954,0.698,28639330.0
1738141200000,0.698,0.6987,0.685,0.689,25703981.0
1738144800000,0.689,0.6989,0.6837,0.6946,17383275.0
1738148400000,0.6946,0.6988,0.6912,0.6945,11807212.0
1738152000000,0.6944,0.6954,0.6791,0.6801,24443319.0
1738155600000,0.6802,0.6815,0.6688,0.6733,31707526.0
1738159200000,0.6732,0.6803,0.6674,0.6752,26106248.0
1738162800000,0.6753,0.6846,0.6736,0.6798,22678990.0
1738166400000,0.6797,0.6827,0.6713,0.6772,17742094.0
1738170000000,0.6772,0.6971,0.6767,0.6873,27781795.0
1738173600000,0.6875,0.7048,0.6788,0.7022,26533269.0
1738177200000,0.7023,0.725,0.6707,0.7082,132217253.0
1738180800000,0.7082,0.7422,0.6962,0.7129,100008742.0
1738184400000,0.7128,0.7368,0.6989,0.7163,62990970.0
1738188000000,0.7163,0.7165,0.6947,0.6951,27360477.0
1738191600000,0.6952,0.6979,0.6783,0.6817,25637071.0
1738195200000,0.6818,0.6896,0.6752,0.6878,26477902.0
1738198800000,0.6879,0.7028,0.6843,0.6951,22395784.0
1738202400000,0.6951,0.7031,0.6886,0.7031,18491562.0
1738206000000,0.7032,0.7272,0.701,0.7253,34606868.0
1738209600000,0.7252,0.7384,0.7169,0.7359,39865837.0
1738213200000,0.736,0.7379,0.7212,0.7285,23375960.0
1738216800000,0.7284,0.7365,0.7244,0.7257,21919593.0
1738220400000,0.7258,0.7353,0.7158,0.7327,26844642.0
1738224000000,0.7325,0.7374,0.7217,0.7345,23082272.0
1738227600000,0.7345,0.7742,0.7342,0.7661,76898644.0
1738231200000,0.766,0.778,0.7603,0.7769,46171399.0
1738234800000,0.7768,0.7784,0.7656,0.7715,25957825.0
1738238400000,0.7715,0.7722,0.7523,0.7658,30407651.0
1738242000000,0.7658,0.7792,0.7573,0.7758,38557243.0
1738245600000,0.7757,0.7957,0.771,0.7948,68720500.0
1738249200000,0.7948,0.7983,0.7705,0.7748,45466945.0
1738252800000,0.7749,0.7856,0.77,0.7837,30390586.0
1738256400000,0.7837,0.7856,0.771,0.7737,17655667.0
1738260000000,0.7737,0.7741,0.7545,0.7664,28278825.0
1738263600000,0.7664,0.7816,0.7641,0.7777,22667073.0
1738267200000,0.7778,0.7781,0.7573,0.7596,22074666.0
1738270800000,0.7596,0.7664,0.7536,0.7603,18001551.0
1738274400000,0.7603,0.7672,0.7562,0.7611,8041635.0
1738278000000,0.7611,0.7692,0.7561,0.7593,10736902.0
1738281600000,0.7593,0.7764,0.7531,0.7736,25034469.0
1738285200000,0.7736,0.7798,0.7651,0.7747,19174373.0
1738288800000,0.7746,0.7751,0.7566,0.757,18678996.0
1738292400000,0.7569,0.7584,0.7408,0.7445,37534542.0
1738296000000,0.7446,0.7448,0.7261,0.7273,25929665.0
1738299600000,0.7274,0.7452,0.7273,0.7433,21777236.0
1738303200000,0.7433,0.7681,0.7412,0.7668,27774351.0
1738306800000,0.7669,0.79,0.7647,0.7841,52646734.0
1738310400000,0.7841,0.7845,0.7618,0.7648,30849441.0
1738314000000,0.7649,0.7743,0.76,0.7654,20109397.0
1738317600000,0.7655,0.7753,0.7586,0.7746,19358377.0
1738321200000,0.7746,0.818,0.7743,0.8067,70489392.0
1738324800000,0.8066,0.821,0.7988,0.8042,45361169.0
1738328400000,0.8041,0.8165,0.7916,0.8004,44808364.0
1738332000000,0.8005,0.8071,0.7902,0.7946,38827791.0
1738335600000,0.7945,0.8248,0.794,0.813,45973176.0
1738339200000,0.8129,0.8194,0.7867,0.8027,45542919.0
1738342800000,0.8028,0.8053,0.7863,0.7871,21163668.0
1738346400000,0.7872,0.7932,0.7649,0.7676,46522430.0
1738350000000,0.7677,0.7862,0.7669,0.7783,28366631.0
1738353600000,0.7782,0.7782,0.7523,0.7657,41685968.0
1738357200000,0.7657,0.7723,0.7555,0.7699,24935792.0
1738360800000,0.77,0.7756,0.7628,0.7683,15516162.0
1738364400000,0.7682,0.7697,0.7615,0.7644,9725382.0
1738368000000,0.7643,0.7742,0.7567,0.7726,17101554.0
1738371600000,0.7726,0.7882,0.7694,0.7712,25361448.0
1738375200000,0.7711,0.7891,0.768,0.7745,18368772.0
1738378800000,0.7745,0.7767,0.756,0.7642,18331467.0
1738382400000,0.7642,0.7713,0.76,0.7628,9796094.0
1738386000000,0.7629,0.7671,0.76,0.7627,5403443.0
1738389600000,0.7628,0.7631,0.7505,0.7548,10463836.0
1738393200000,0.7548,0.7592,0.7485,0.7503,12543259.0
1738396800000,0.7504,0.7528,0.738,0.7423,28345888.0
1738400400000,0.7423,0.7426,0.7181,0.7201,30455468.0
1738404000000,0.72,0.7288,0.7145,0.7162,25308654.0
1738407600000,0.7162,0.7275,0.7151,0.7253,15707403.0
1738411200000,0.7252,0.7339,0.7218,0.729,21169967.0
1738414800000,0.729,0.7324,0.7192,0.7204,13927651.0
1738418400000,0.7203,0.7256,0.7155,0.7164,13321537.0
1738422000000,0.7165,0.7252,0.7119,0.721,20539924.0
1738425600000,0.7211,0.7284,0.7175,0.7179,20790785.0
1738429200000,0.7179,0.7275,0.7179,0.723,14348989.0
1738432800000,0.7231,0.7251,0.7087,0.7125,19605701.0
1738436400000,0.7125,0.713,0.7011,0.7052,34977293.0
1738440000000,0.7051,0.7057,0.6834,0.6959,53129577.0
1738443600000,0.6959,0.7021,0.682,0.6869,31969107.0
1738447200000,0.6868,0.6908,0.6754,0.6787,34525210.0
1738450800000,0.6786,0.6852,0.6695,0.6753,35853503.0
1738454400000,0.6752,0.6876,0.6693,0.6843,27653639.0
1738458000000,0.6842,0.694,0.6822,0.6842,22824506.0
1738461600000,0.6841,0.6844,0.6675,0.6681,34052820.0
1738465200000,0.6681,0.671,0.6512,0.656,61500588.0
1738468800000,0.656,0.6708,0.6517,0.666,27553819.0
1738472400000,0.666,0.6839,0.6645,0.6775,31331918.0
1738476000000,0.6775,0.6818,0.671,0.6736,22774209.0
1738479600000,0.6737,0.6738,0.6629,0.6666,25730812.0
1738483200000,0.6666,0.6792,0.6607,0.6721,24262198.0
1738486800000,0.6722,0.675,0.6658,0.6687,13801447.0
1738490400000,0.6687,0.6688,0.6539,0.6609,24735200.0
1738494000000,0.6609,0.6674,0.6389,0.6426,48565918.0
1738497600000,0.6426,0.6587,0.6377,0.6389,40950816.0
1738501200000,0.6389,0.661,0.6389,0.6606,34825270.0
1738504800000,0.6606,0.663,0.6523,0.6526,24218992.0
1738508400000,0.6525,0.6526,0.6385,0.6488,29686871.0
1738512000000,0.6488,0.649,0.6033,0.6112,86852391.0
1738515600000,0.6113,0.6195,0.5933,0.5995,102467165.0
1738519200000,0.5996,0.6139,0.587,0.5917,86931250.0
1738522800000,0.5917,0.6102,0.58,0.6013,93588873.0
1738526400000,0.6014,0.6134,0.594,0.5957,31350246.0
1738530000000,0.5958,0.5974,0.5766,0.5792,43900578.0
1738533600000,0.5792,0.5921,0.5444,0.5835,84074724.0
1738537200000,0.5834,0.5835,0.5504,0.5782,107585105.0
1738540800000,0.5782,0.5783,0.531,0.5536,151396677.0
1738544400000,0.5536,0.56,0.48,0.5095,230496237.0
1738548000000,0.5094,0.5589,0.4696,0.5456,242229853.0
1738551600000,0.5457,0.5676,0.5422,0.5454,85092442.0
1738555200000,0.5455,0.551,0.5244,0.5252,50259321.0
1738558800000,0.5253,0.5556,0.5207,0.5552,51331957.0
1738562400000,0.5552,0.5744,0.5467,0.5648,52187597.0
1738566000000,0.5647,0.6099,0.5625,0.6073,57987365.0
1738569600000,0.6072,0.6072,0.5712,0.5814,68977009.0
1738573200000,0.5814,0.6411,0.567,0.5673,116441493.0
1738576800000,0.5671,0.6067,0.5651,0.6018,60659133.0
1738580400000,0.6019,0.6092,0.5804,0.586,40013497.0
1738584000000,0.586,0.6069,0.5757,0.5762,46114982.0
1738587600000,0.5763,0.5866,0.569,0.5799,53283862.0
1738591200000,0.5799,0.6159,0.5632,0.609,118017554.0
1738594800000,0.6089,0.668,0.6022,0.6457,133589611.0
1738598400000,0.6457,0.6598,0.6327,0.6377,63471137.0
1738602000000,0.6377,0.6404,0.6254,0.6314,48356206.0
1738605600000,0.6313,0.6533,0.6303,0.6468,35891194.0
1738609200000,0.6468,0.665,0.6462,0.6552,39427319.0
1738612800000,0.6553,0.657,0.6331,0.6482,39218298.0
1738616400000,0.6483,0.6569,0.6381,0.6491,44016246.0
1738620000000,0.6492,0.7027,0.648,0.6879,84161937.0
1738623600000,0.6878,0.6941,0.6736,0.6775,32505237.0
1738627200000,0.6774,0.6864,0.6647,0.6651,35173191.0
1738630800000,0.6651,0.677,0.6623,0.6735,24850123.0
1738634400000,0.6736,0.6766,0.6622,0.6632,22858440.0
1738638000000,0.6633,0.6724,0.6543,0.6712,24158640.0
1738641600000,0.6711,0.6844,0.6489,0.6508,45362777.0
1738645200000,0.6509,0.652,0.6127,0.6158,80516733.0
1738648800000,0.6159,0.6288,0.6135,0.6193,32428124.0
1738652400000,0.6193,0.6229,0.6037,0.6062,34168399.0
1738656000000,0.6061,0.6203,0.6032,0.6122,33214494.0
1738659600000,0.6122,0.6373,0.6119,0.6233,49125284.0
1738663200000,0.6233,0.6386,0.6226,0.6327,25784625.0
1738666800000,0.6326,0.6584,0.6318,0.6399,38280276.0
1738670400000,0.6399,0.6634,0.6367,0.648,36347592.0
1738674000000,0.6481,0.6671,0.6395,0.6427,46775190.0
1738677600000,0.6427,0.6774,0.6378,0.6594,63278182.0
1738681200000,0.6593,0.6629,0.6327,0.6485,66868296.0
1738684800000,0.6485,0.6536,0.6354,0.6382,47887665.0
1738688400000,0.6381,0.6458,0.6281,0.6383,31903761.0
1738692000000,0.6383,0.6468,0.6329,0.6385,31366442.0
1738695600000,0.6386,0.6562,0.6225,0.6227,53427051.0
1738699200000,0.6227,0.6302,0.6084,0.6111,62225809.0
1738702800000,0.6112,0.6115,0.5904,0.5906,65757842.0
1738706400000,0.5907,0.6109,0.5889,0.6095,50091208.0
1738710000000,0.6095,0.6188,0.6033,0.6071,29275039.0
1738713600000,0.6072,0.6102,0.5998,0.6008,23810836.0
1738717200000,0.6008,0.6114,0.595,0.5977,27076931.0
1738720800000,0.5977,0.6073,0.5898,0.602,31855097.0
1738724400000,0.602,0.6053,0.591,0.5933,19469441.0
1738728000000,0.5933,0.5974,0.5892,0.5926,15755647.0
1738731600000,0.5927,0.5987,0.5727,0.598,48785338.0
1738735200000,0.5979,0.598,0.5845,0.5868,31965327.0
1738738800000,0.5868,0.5893,0.5784,0.5863,23655894.0
1738742400000,0.5862,0.5908,0.5802,0.5827,20307710.0
1738746000000,0.5826,0.5941,0.5743,0.5814,37452867.0
1738749600000,0.5813,0.5901,0.5776,0.5868,25852881.0
1738753200000,0.5868,0.6,0.5855,0.5934,41713596.0
1738756800000,0.5933,0.5983,0.5816,0.5834,37356562.0
1738760400000,0.5834,0.598,0.5823,0.5932,29687336.0
1738764000000,0.5932,0.5979,0.5782,0.5802,45463308.0
1738767600000,0.5804,0.5908,0.5724,0.5783,48844927.0
1738771200000,0.5782,0.5809,0.556,0.5672,85479042.0
1738774800000,0.5672,0.5718,0.5471,0.5522,51912993.0
1738778400000,0.5523,0.5618,0.548,0.5519,32991881.0
1738782000000,0.5518,0.5678,0.5489,0.564,30908350.0
1738785600000,0.5641,0.5654,0.5455,0.5527,27374801.0
1738789200000,0.5528,0.5587,0.5501,0.5518,15408083.0
1738792800000,0.5518,0.5592,0.5406,0.5442,32556998.0
1738796400000,0.5442,0.5509,0.5417,0.5488,17299504.0
1738800000000,0.5487,0.5542,0.5362,0.5391,31216963.0
1738803600000,0.5392,0.5476,0.5327,0.5402,37144468.0
1738807200000,0.5401,0.5504,0.5379,0.538,23763928.0
1738810800000,0.5379,0.5513,0.5338,0.5452,25966851.0
1738814400000,0.5453,0.5532,0.5416,0.5501,21073430.0
1738818000000,0.5501,0.5567,0.5447,0.5476,19893726.0
1738821600000,0.5476,0.5597,0.5427,0.5583,26532116.0
1738825200000,0.5583,0.5583,0.5451,0.5472,23763016.0
1738828800000,0.5472,0.5491,0.5363,0.5378,31958014.0
1738832400000,0.5378,0.5497,0.5348,0.5427,33318287.0
1738836000000,0.5428,0.5475,0.535,0.5399,32813472.0
1738839600000,0.54,0.5401,0.5237,0.5333,63580606.0
1738843200000,0.5333,0.5371,0.5188,0.5257,51180351.0
1738846800000,0.5257,0.5391,0.5224,0.5327,39420200.0
1738850400000,0.5328,0.5345,0.5084,0.5123,74076611.0
1738854000000,0.5124,0.5183,0.501,0.5093,73733281.0
1738857600000,0.5093,0.5114,0.4937,0.5009,62926458.0
1738861200000,0.5009,0.5052,0.4937,0.5013,60340793.0
1738864800000,0.5013,0.5025,0.4895,0.4905,46745966.0
1738868400000,0.4904,0.499,0.4804,0.4843,56554631.0
1738872000000,0.4843,0.494,0.4834,0.4904,36522801.0
1738875600000,0.4904,0.4911,0.475,0.4816,48776369.0
1738879200000,0.4815,0.4822,0.4721,0.4809,30496629.0
1738882800000,0.4808,0.4817,0.4638,0.4713,43569555.0
1738886400000,0.4713,0.4915,0.4712,0.4779,43766443.0
1738890000000,0.4778,0.5014,0.4749,0.4977,38940311.0
1738893600000,0.4977,0.5018,0.4856,0.4899,28108701.0
1738897200000,0.4898,0.4937,0.4804,0.4873,28085667.0
1738900800000,0.4874,0.4949,0.4864,0.4885,34971060.0
1738904400000,0.4885,0.4885,0.4815,0.485,17969024.0
1738908000000,0.485,0.4865,0.4721,0.4797,40278848.0
1738911600000,0.4797,0.4943,0.4797,0.4865,43216972.0
1738915200000,0.4864,0.4992,0.4819,0.4936,33075321.0
1738918800000,0.4937,0.5192,0.4926,0.5183,75220909.0
1738922400000,0.5182,0.5329,0.5171,0.5214,63048129.0
1738926000000,0.5215,0.5338,0.519,0.5308,44733297.0
1738929600000,0.5307,0.5407,0.5225,0.5357,48214863.0
1738933200000,0.5358,0.5493,0.5241,0.5427,78690340.0
1738936800000,0.5427,0.5475,0.5335,0.5445,64334479.0
1738940400000,0.5446,0.5447,0.5131,0.5161,111805760.0
1738944000000,0.5162,0.525,0.5071,0.5136,53325802.0
1738947600000,0.5136,0.516,0.5014,0.5085,47221741.0
1738951200000,0.5085,0.5232,0.5059,0.5137,35350344.0
1738954800000,0.5137,0.5185,0.5081,0.5097,22174199.0
1738958400000,0.5098,0.5105,0.4889,0.4919,49912509.0
1738962000000,0.4919,0.5008,0.4901,0.493,27377066.0
1738965600000,0.4929,0.493,0.4793,0.4843,34697283.0
1738969200000,0.4842,0.4965,0.4814,0.4928,28253634.0
1738972800000,0.4927,0.5023,0.4881,0.4958,39563132.0
1738976400000,0.4958,0.4967,0.4804,0.4805,25666805.0
1738980000000,0.4805,0.4893,0.4805,0.4868,23053010.0
1738983600000,0.4868,0.4932,0.4801,0.4814,20977995.0
1738987200000,0.4814,0.4836,0.4771,0.4802,19161122.0
1738990800000,0.4802,0.4894,0.4761,0.4872,24751671.0
1738994400000,0.4871,0.496,0.4858,0.4913,28029700.0
1738998000000,0.4912,0.5047,0.4891,0.5,34214294.0
1739001600000,0.5,0.5049,0.4914,0.4914,33137557.0
1739005200000,0.4913,0.5002,0.4911,0.498,20860648.0
1739008800000,0.498,0.5028,0.4968,0.5019,22324668.0
1739012400000,0.5019,0.5067,0.4927,0.5001,26663790.0
1739016000000,0.5001,0.5054,0.496,0.4982,25549365.0
1739019600000,0.4982,0.514,0.4972,0.5078,30547963.0
1739023200000,0.5078,0.5106,0.5002,0.509,28718891.0
1739026800000,0.509,0.5149,0.4971,0.5036,36383723.0
1739030400000,0.5035,0.5115,0.4972,0.5095,27729122.0
1739034000000,0.5094,0.5228,0.5093,0.5181,37596250.0
1739037600000,0.518,0.525,0.5147,0.5189,23466173.0
1739041200000,0.519,0.5335,0.5175,0.5277,42094217.0
1739044800000,0.5278,0.5328,0.5222,0.529,25418904.0
1739048400000,0.5289,0.533,0.5217,0.5222,15637164.0
1739052000000,0.5223,0.5228,0.5121,0.5165,23367287.0
1739055600000,0.5165,0.5264,0.5165,0.5219,13340669.0
1739059200000,0.5219,0.5247,0.5186,0.5212,14518565.0
1739062800000,0.5212,0.5325,0.517,0.53,16195413.0
1739066400000,0.5299,0.5318,0.5151,0.5155,15741059.0
1739070000000,0.5154,0.5391,0.5128,0.5365,34107683.0
1739073600000,0.5364,0.5365,0.5217,0.5262,20162317.0
1739077200000,0.5263,0.5268,0.5149,0.5178,16627320.0
1739080800000,0.5179,0.5185,0.5069,0.5121,20872331.0
1739084400000,0.512,0.5121,0.5027,0.5074,21078463.0
1739088000000,0.5074,0.5116,0.5042,0.5073,14542997.0
1739091600000,0.5073,0.5077,0.5007,0.5024,13673374.0
1739095200000,0.5024,0.5066,0.4987,0.5016,16951079.0
1739098800000,0.5017,0.5037,0.4974,0.4987,18530114.0
1739102400000,0.4986,0.5003,0.4907,0.4923,37381196.0
1739106000000,0.4924,0.4936,0.4821,0.4856,40361790.0
1739109600000,0.4857,0.4927,0.4841,0.486,34565210.0
1739113200000,0.4859,0.4938,0.4846,0.4907,33877687.0
1739116800000,0.4906,0.4929,0.4858,0.4898,18384985.0
1739120400000,0.4898,0.4922,0.477,0.4798,32992855.0
1739124000000,0.4798,0.4814,0.4772,0.4794,15641692.0
1739127600000,0.4793,0.481,0.4727,0.4768,21968550.0
1739131200000,0.4768,0.4889,0.4762,0.4849,34032643.0
1739134800000,0.4849,0.4862,0.4603,0.4653,62262551.0
1739138400000,0.4653,0.4812,0.4576,0.4741,55361180.0
1739142000000,0.474,0.4785,0.4714,0.4759,19338254.0
1739145600000,0.4759,0.4962,0.4754,0.4932,41127306.0
1739149200000,0.4931,0.495,0.4677,0.4682,47330360.0
1739152800000,0.4682,0.4757,0.4633,0.4691,35945603.0
1739156400000,0.4692,0.5035,0.4657,0.4888,68045431.0
1739160000000,0.4889,0.5013,0.4845,0.4918,38040105.0
1739163600000,0.4919,0.4956,0.4835,0.4848,30556705.0
1739167200000,0.4849,0.4873,0.4766,0.4817,25754661.0
1739170800000,0.4818,0.4888,0.4815,0.4826,20522420.0
1739174400000,0.4827,0.4919,0.4803,0.4885,29486289.0
1739178000000,0.4885,0.4918,0.4808,0.4842,25544963.0
1739181600000,0.4842,0.4893,0.4807,0.4821,18969187.0
1739185200000,0.482,0.4872,0.477,0.4839,26599195.0
1739188800000,0.4839,0.4871,0.4725,0.4734,30046156.0
1739192400000,0.4735,0.5023,0.4702,0.4985,67789603.0
1739196000000,0.4984,0.5035,0.4854,0.4893,69409370.0
1739199600000,0.4893,0.4926,0.4788,0.4848,42585498.0
1739203200000,0.4848,0.4964,0.4806,0.4891,35070538.0
1739206800000,0.4891,0.4985,0.486,0.4964,30029139.0
1739210400000,0.4963,0.4991,0.4879,0.4934,27409824.0
1739214000000,0.4934,0.4972,0.4822,0.485,26597827.0
1739217600000,0.4849,0.4877,0.4803,0.4809,19302704.0
1739221200000,0.481,0.4813,0.467,0.4674,33614644.0
1739224800000,0.4674,0.4815,0.4635,0.4729,49230396.0
1739228400000,0.4729,0.478,0.4683,0.4776,18387925.0
1739232000000,0.4776,0.496,0.4763,0.491,39376231.0
1739235600000,0.491,0.4951,0.4861,0.4881,32233218.0
1739239200000,0.488,0.4903,0.4753,0.4802,26489639.0
1739242800000,0.4801,0.4806,0.4741,0.4761,22304968.0
1739246400000,0.4761,0.4897,0.4726,0.4888,38854846.0
1739250000000,0.4889,0.502,0.4829,0.4992,57169186.0
1739253600000,0.4991,0.5078,0.4912,0.5052,42846392.0
1739257200000,0.5053,0.5061,0.493,0.4941,34160644.0
1739260800000,0.494,0.5008,0.4915,0.4989,27004664.0
1739264400000,0.4988,0.5002,0.4871,0.4879,39123941.0
1739268000000,0.4878,0.4884,0.4785,0.4821,41792445.0
1739271600000,0.4822,0.4863,0.4794,0.486,25213142.0
1739275200000,0.486,0.487,0.4717,0.4763,46424150.0
1739278800000,0.4763,0.48,0.4528,0.4534,97227678.0
1739282400000,0.4534,0.4643,0.4514,0.4629,62613158.0
1739286000000,0.4628,0.4672,0.457,0.4597,49928925.0
1739289600000,0.4596,0.4661,0.454,0.4584,35832375.0
1739293200000,0.4585,0.4597,0.4503,0.4557,32558874.0
1739296800000,0.4557,0.4565,0.4421,0.4472,52424553.0
1739300400000,0.4473,0.4498,0.4376,0.4404,49332870.0
1739304000000,0.4403,0.4453,0.4346,0.4413,33313222.0
1739307600000,0.4413,0.4479,0.439,0.443,28354194.0
1739311200000,0.4429,0.4495,0.4369,0.4392,22235909.0
1739314800000,0.4392,0.4454,0.439,0.4421,14120758.0
1739318400000,0.4422,0.449,0.4387,0.4462,24797430.0
1739322000000,0.4463,0.4486,0.439,0.4425,19646586.0
1739325600000,0.4425,0.4435,0.4266,0.4302,43354800.0
1739329200000,0.4302,0.4355,0.4243,0.4299,35717703.0
1739332800000,0.4299,0.4341,0.4243,0.4264,30038998.0
1739336400000,0.4264,0.4377,0.4236,0.4353,28819767.0
1739340000000,0.4353,0.436,0.4256,0.4284,25540615.0
1739343600000,0.4285,0.4363,0.4272,0.4322,23268784.0
1739347200000,0.4322,0.4378,0.4292,0.4299,24914485.0
1739350800000,0.4298,0.4322,0.4237,0.4304,30077938.0
1739354400000,0.4304,0.4338,0.4215,0.4295,31842549.0
1739358000000,0.4295,0.4344,0.428,0.4307,24955262.0
1739361600000,0.4307,0.4373,0.4271,0.4295,23899639.0
1739365200000,0.4295,0.4424,0.4035,0.4145,196863213.0
1739368800000,0.4145,0.4159,0.4007,0.4137,82515560.0
1739372400000,0.4136,0.4203,0.4014,0.4172,83734893.0
1739376000000,0.4172,0.4267,0.4036,0.4267,77531661.0
1739379600000,0.4267,0.4377,0.4257,0.4289,76471497.0
1739383200000,0.429,0.4306,0.4186,0.4223,38609823.0
1739386800000,0.4224,0.4318,0.4178,0.4309,30415249.0
1739390400000,0.4308,0.4349,0.4267,0.4288,25802308.0
1739394000000,0.4289,0.4422,0.4266,0.4352,33257620.0
1739397600000,0.4352,0.4591,0.4329,0.4509,65305192.0
1739401200000,0.4508,0.4577,0.4471,0.4503,46324130.0
1739404800000,0.4504,0.4604,0.4431,0.4494,56554842.0
1739408400000,0.4495,0.4665,0.4459,0.4663,39389240.0
1739412000000,0.4662,0.4695,0.4518,0.4655,39782528.0
1739415600000,0.4655,0.469,0.4601,0.4634,28476331.0
1739419200000,0.4633,0.4662,0.4532,0.4563,33252536.0
1739422800000,0.4563,0.4607,0.4523,0.455,21831286.0
1739426400000,0.4551,0.4609,0.4512,0.4529,30523573.0
1739430000000,0.4528,0.4603,0.4486,0.4524,41717653.0
1739433600000,0.4523,0.4618,0.4504,0.4576,31292723.0
1739437200000,0.4575,0.464,0.4542,0.4633,30656913.0
1739440800000,0.4633,0.4635,0.4531,0.4557,24501356.0
1739444400000,0.4557,0.4578,0.4462,0.4539,34557774.0
1739448000000,0.4539,0.4558,0.4468,0.4496,32751221.0
1739451600000,0.4497,0.4614,0.4465,0.4543,47246672.0
1739455200000,0.4543,0.4604,0.4402,0.4549,72236946.0
1739458800000,0.4549,0.4736,0.4529,0.4564,69040996.0
1739462400000,0.4563,0.4564,0.4369,0.4391,53815076.0
1739466000000,0.4392,0.4479,0.4362,0.4386,30969807.0
1739469600000,0.4387,0.4427,0.4287,0.4425,40355476.0
1739473200000,0.4425,0.4541,0.4408,0.4418,39773764.0
1739476800000,0.4418,0.4517,0.4413,0.4445,21699218.0
1739480400000,0.4444,0.4544,0.4437,0.449,22313127.0
1739484000000,0.4489,0.45,0.4366,0.4374,16761059.0
1739487600000,0.4375,0.451,0.4373,0.4495,17163260.0
1739491200000,0.4496,0.4565,0.4425,0.4484,27375330.0
1739494800000,0.4483,0.4528,0.4429,0.4498,25070433.0
1739498400000,0.4497,0.4581,0.4475,0.4522,22895153.0
1739502000000,0.4523,0.4579,0.4499,0.4558,15168759.0
1739505600000,0.4557,0.4575,0.4496,0.4522,13736621.0
1739509200000,0.4522,0.4556,0.449,0.4528,15240837.0
1739512800000,0.4528,0.4584,0.452,0.4578,16376944.0
1739516400000,0.4578,0.4675,0.4565,0.46,29728621.0
1739520000000,0.46,0.4705,0.4589,0.4657,27746193.0
1739523600000,0.4657,0.473,0.4646,0.4724,27397011.0
1739527200000,0.4724,0.476,0.4661,0.4667,25626819.0
1739530800000,0.4668,0.4746,0.4653,0.4699,24513441.0
1739534400000,0.4699,0.4699,0.4596,0.4616,25636971.0
1739538000000,0.4617,0.47,0.4595,0.4672,21542309.0
1739541600000,0.4673,0.4805,0.4654,0.4768,36948231.0
1739545200000,0.4769,0.4807,0.4647,0.4776,48775191.0
1739548800000,0.4775,0.4813,0.4704,0.4805,33539888.0
1739552400000,0.4804,0.5004,0.4777,0.494,75413616.0
1739556000000,0.494,0.4987,0.4902,0.492,41677371.0
1739559600000,0.4919,0.4966,0.4849,0.4911,32846114.0
1739563200000,0.4911,0.4947,0.4853,0.4873,24179645.0
1739566800000,0.4873,0.5017,0.4798,0.4999,33875084.0
1739570400000,0.4998,0.5021,0.4745,0.4803,41857138.0
1739574000000,0.4804,0.4878,0.4758,0.4843,22221512.0
1739577600000,0.4843,0.4852,0.4735,0.4785,24660239.0
1739581200000,0.4785,0.4838,0.4748,0.481,19426120.0
1739584800000,0.4809,0.4863,0.4757,0.4801,16439508.0
1739588400000,0.48,0.4896,0.4787,0.4854,20288266.0
1739592000000,0.4854,0.4968,0.4812,0.4859,30172262.0
1739595600000,0.4859,0.4967,0.4845,0.4946,26566926.0
1739599200000,0.4947,0.4949,0.4818,0.4826,24433113.0
1739602800000,0.4826,0.4868,0.4747,0.4811,30330944.0
1739606400000,0.4811,0.4834,0.474,0.476,21621977.0
1739610000000,0.4759,0.4783,0.4684,0.4687,26396145.0
1739613600000,0.4687,0.4701,0.4561,0.4676,57935181.0
1739617200000,0.4675,0.4702,0.4571,0.4634,32781087.0
1739620800000,0.4635,0.4673,0.4608,0.4639,20162269.0
1739624400000,0.464,0.4677,0.4612,0.4617,19878985.0
1739628000000,0.4618,0.4622,0.4561,0.4604,35457031.0
1739631600000,0.4605,0.4653,0.4566,0.4589,19843960.0
1739635200000,0.4588,0.4615,0.4528,0.4558,33628667.0
1739638800000,0.4557,0.4576,0.4493,0.4529,31405788.0
1739642400000,0.453,0.4623,0.4516,0.4598,20531408.0
1739646000000,0.4599,0.4611,0.4544,0.4549,13687185.0
1739649600000,0.455,0.4577,0.4513,0.4541,13849949.0
1739653200000,0.4541,0.459,0.4534,0.4582,8521208.0
1739656800000,0.4582,0.4594,0.4531,0.4567,10103238.0
1739660400000,0.4567,0.4584,0.4542,0.4563,8087939.0
1739664000000,0.4564,0.4588,0.453,0.4537,12765361.0
1739667600000,0.4538,0.4542,0.4476,0.4533,16642638.0
1739671200000,0.4533,0.4547,0.4447,0.4471,21690758.0
1739674800000,0.4471,0.4519,0.4446,0.4511,15190292.0
1739678400000,0.451,0.4553,0.45,0.4542,11635473.0
1739682000000,0.4541,0.4577,0.4503,0.4546,10728029.0
1739685600000,0.4545,0.4583,0.4528,0.4542,11067723.0
1739689200000,0.4543,0.4543,0.4473,0.4486,13726372.0
1739692800000,0.4488,0.4537,0.446,0.4537,20621599.0
1739696400000,0.4536,0.4576,0.4465,0.4566,26885443.0
1739700000000,0.4566,0.4602,0.4548,0.457,23658663.0
1739703600000,0.457,0.4659,0.4558,0.465,21600170.0
1739707200000,0.465,0.4658,0.4579,0.4586,19964413.0
1739710800000,0.4586,0.4605,0.4506,0.4513,24561653.0
1739714400000,0.4512,0.4572,0.446,0.4547,36872834.0
1739718000000,0.4547,0.4582,0.4524,0.455,13954467.0
1739721600000,0.4551,0.4593,0.4489,0.4526,25254146.0
1739725200000,0.4527,0.4581,0.4472,0.449,19736967.0
1739728800000,0.449,0.4499,0.4435,0.4476,27829529.0
1739732400000,0.4477,0.4502,0.443,0.4494,13750046.0
1739736000000,0.4493,0.4508,0.4428,0.4443,11608235.0
1739739600000,0.4442,0.4521,0.4409,0.4505,22676722.0
1739743200000,0.4505,0.4508,0.4425,0.4486,14932209.0
1739746800000,0.4486,0.4518,0.4433,0.4491,23806445.0
1739750400000,0.4491,0.4574,0.4482,0.4571,19784175.0
1739754000000,0.4571,0.463,0.4526,0.4615,20235436.0
1739757600000,0.4614,0.4668,0.4551,0.4571,21713950.0
1739761200000,0.457,0.458,0.4505,0.4559,25029647.0
1739764800000,0.4559,0.4582,0.4492,0.4522,24949833.0
1739768400000,0.4521,0.4556,0.4439,0.4538,46300152.0
1739772000000,0.4539,0.46,0.4491,0.4518,27263782.0
1739775600000,0.4517,0.455,0.4362,0.4399,46482284.0
1739779200000,0.4398,0.4544,0.4341,0.4529,50286141.0
1739782800000,0.4528,0.4645,0.4523,0.4608,53391822.0
1739786400000,0.4607,0.4757,0.4594,0.4684,63091843.0
1739790000000,0.4683,0.4738,0.4631,0.4694,29199274.0
1739793600000,0.4694,0.4782,0.4688,0.4743,34190408.0
1739797200000,0.4742,0.4762,0.4702,0.4734,22692424.0
1739800800000,0.4733,0.4831,0.4716,0.4757,51474857.0
1739804400000,0.4757,0.48,0.4571,0.4593,57593750.0
1739808000000,0.4594,0.4605,0.451,0.4529,52377745.0
1739811600000,0.4529,0.4579,0.448,0.4489,32138992.0
1739815200000,0.4488,0.4492,0.44,0.4412,38394798.0
1739818800000,0.4413,0.4486,0.4382,0.4476,27429971.0
1739822400000,0.4475,0.468,0.4457,0.4595,56196177.0
1739826000000,0.4596,0.4663,0.4573,0.4657,26865716.0
1739829600000,0.4657,0.4665,0.4539,0.4545,22675829.0
1739833200000,0.4544,0.4583,0.4526,0.4552,13800880.0
1739836800000,0.4551,0.4588,0.4503,0.4541,17313839.0
1739840400000,0.4541,0.4644,0.4523,0.4635,17648151.0
1739844000000,0.4634,0.4665,0.4543,0.4665,22312432.0
1739847600000,0.4664,0.4729,0.4636,0.4654,31563997.0
1739851200000,0.4653,0.4698,0.4487,0.4549,43503317.0
1739854800000,0.455,0.4562,0.4406,0.4439,42461143.0
1739858400000,0.4439,0.4453,0.4309,0.4323,62839595.0
1739862000000,0.4324,0.4342,0.4245,0.4291,52846106.0
1739865600000,0.4292,0.4317,0.4188,0.4222,47388761.0
1739869200000,0.4221,0.4373,0.4194,0.4372,60912733.0
1739872800000,0.4371,0.4384,0.4313,0.4322,26857642.0
1739876400000,0.4323,0.4347,0.4253,0.4268,30231368.0
1739880000000,0.4268,0.4378,0.4261,0.4313,34159479.0
1739883600000,0.4312,0.4322,0.4256,0.4293,34189774.0
1739887200000,0.4294,0.4396,0.4227,0.4252,62935341.0
1739890800000,0.4251,0.4261,0.4104,0.4131,69060243.0
1739894400000,0.4132,0.4186,0.4049,0.406,72329349.0
1739898000000,0.406,0.4133,0.4035,0.4111,46154287.0
1739901600000,0.4112,0.4177,0.4095,0.4141,34739766.0
1739905200000,0.4141,0.4168,0.4101,0.4117,21488847.0
1739908800000,0.4117,0.4149,0.4075,0.4115,23180385.0
1739912400000,0.4115,0.4271,0.4105,0.4208,50254056.0
1739916000000,0.4208,0.4272,0.4184,0.4209,17963746.0
1739919600000,0.4208,0.4244,0.4192,0.4227,14609997.0
1739923200000,0.4227,0.4267,0.4193,0.4203,19657891.0
1739926800000,0.4204,0.4221,0.4143,0.4197,23746198.0
1739930400000,0.4197,0.4263,0.4191,0.4229,16884660.0
1739934000000,0.423,0.4231,0.4181,0.4199,13282765.0
1739937600000,0.4199,0.4206,0.4091,0.4092,22434939.0
1739941200000,0.4092,0.4132,0.4078,0.4126,18232781.0
1739944800000,0.4126,0.4203,0.4106,0.4179,23797182.0
1739948400000,0.418,0.4246,0.4148,0.4226,36756698.0
1739952000000,0.4226,0.4271,0.4192,0.42,25071510.0
1739955600000,0.42,0.4237,0.416,0.4222,19841224.0
1739959200000,0.4223,0.4302,0.4219,0.428,30715876.0
1739962800000,0.4279,0.4308,0.4267,0.4282,17720545.0
1739966400000,0.4283,0.4289,0.4197,0.4199,28825203.0
1739970000000,0.4199,0.4244,0.4184,0.4219,19713096.0
1739973600000,0.4219,0.4235,0.4082,0.4089,49562696.0
1739977200000,0.409,0.4094,0.395,0.4001,126811307.0
1739980800000,0.4001,0.4072,0.3973,0.4041,48805739.0
1739984400000,0.4041,0.41,0.3995,0.4005,39887202.0
1739988000000,0.4006,0.4025,0.3938,0.399,53420578.0
1739991600000,0.399,0.4051,0.3968,0.4001,33907494.0
1739995200000,0.4,0.4049,0.398,0.399,31296086.0
1739998800000,0.3989,0.4034,0.3852,0.3879,65750773.0
1740002400000,0.3879,0.3952,0.3873,0.3948,43011822.0
1740006000000,0.3948,0.4007,0.3932,0.3964,34220648.0
1740009600000,0.3963,0.4032,0.392,0.4015,30636731.0
1740013200000,0.4014,0.4049,0.3901,0.3939,37501421.0
1740016800000,0.3938,0.4071,0.3925,0.404,35530020.0
1740020400000,0.404,0.4095,0.4023,0.4083,35818481.0
1740024000000,0.4082,0.4138,0.407,0.4082,35167147.0
1740027600000,0.4082,0.4084,0.4032,0.4032,22444597.0
1740031200000,0.4033,0.4041,0.3981,0.4002,28110119.0
1740034800000,0.4002,0.4033,0.3967,0.4013,25597643.0
1740038400000,0.4013,0.4046,0.3995,0.403,22076944.0
1740042000000,0.4031,0.4041,0.4005,0.4021,19165954.0
1740045600000,0.4022,0.4096,0.4002,0.4092,25249663.0
1740049200000,0.4092,0.4103,0.4045,0.4048,31991053.0
1740052800000,0.4048,0.4109,0.4047,0.4061,27598323.0
1740056400000,0.4061,0.4086,0.4023,0.4075,31329891.0
1740060000000,0.4076,0.4145,0.4018,0.4034,68820647.0
1740063600000,0.4034,0.4069,0.3978,0.3992,39582183.0
1740067200000,0.3992,0.4071,0.398,0.3997,37206053.0
1740070800000,0.3997,0.4068,0.3987,0.4055,28100293.0
1740074400000,0.4054,0.4137,0.4046,0.4085,42375314.0
1740078000000,0.4086,0.4194,0.4084,0.4172,46094180.0
1740081600000,0.4171,0.4217,0.4153,0.4158,26961864.0
1740085200000,0.4158,0.416,0.4096,0.4102,30546447.0
1740088800000,0.4102,0.4153,0.4098,0.4138,13713023.0
1740092400000,0.4137,0.4241,0.4134,0.419,25093936.0
1740096000000,0.419,0.4228,0.4093,0.4105,35180883.0
1740099600000,0.4105,0.4114,0.401,0.4065,44031174.0
1740103200000,0.4065,0.4097,0.4014,0.4023,23260754.0
1740106800000,0.4023,0.4101,0.4021,0.4095,21076705.0
1740110400000,0.4094,0.4207,0.4087,0.4172,53014146.0
1740114000000,0.4172,0.4197,0.413,0.4167,22062558.0
1740117600000,0.4166,0.4185,0.4143,0.4181,15465254.0
1740121200000,0.4181,0.4199,0.4149,0.4159,16704344.0
1740124800000,0.4159,0.4196,0.4128,0.4187,25307001.0
1740128400000,0.4187,0.4331,0.4176,0.4296,65398955.0
1740132000000,0.4295,0.437,0.4285,0.4331,53892672.0
1740135600000,0.4331,0.4356,0.43,0.4304,27791681.0
1740139200000,0.4304,0.4645,0.4291,0.463,95440186.0
1740142800000,0.463,0.4761,0.4545,0.4666,124264461.0
1740146400000,0.4667,0.4699,0.454,0.4581,86909716.0
1740150000000,0.4581,0.4625,0.4123,0.4175,313234396.0
1740153600000,0.4174,0.4464,0.4063,0.4448,295635951.0
1740157200000,0.4447,0.4519,0.4318,0.4327,130497046.0
1740160800000,0.4327,0.4555,0.4319,0.4462,93320935.0
1740164400000,0.4461,0.4514,0.4234,0.43,115755996.0
1740168000000,0.4299,0.4439,0.4278,0.4358,56312159.0
1740171600000,0.4359,0.4478,0.4351,0.4444,40696547.0
1740175200000,0.4443,0.4623,0.4397,0.4603,56793400.0
1740178800000,0.4603,0.4684,0.4572,0.4612,62345860.0
1740182400000,0.4611,0.4719,0.4568,0.4605,72485960.0
1740186000000,0.4605,0.4764,0.4604,0.4672,63768034.0
1740189600000,0.4673,0.4685,0.4516,0.4561,57441668.0
1740193200000,0.4561,0.4635,0.4484,0.4539,47241195.0
1740196800000,0.4539,0.4687,0.4518,0.4597,50279238.0
1740200400000,0.4597,0.4644,0.4553,0.4634,28543833.0
1740204000000,0.4635,0.4699,0.4522,0.4546,46671761.0
1740207600000,0.4547,0.4592,0.448,0.4488,38437021.0
1740211200000,0.4488,0.4497,0.4435,0.4477,37636086.0
1740214800000,0.4477,0.4507,0.4457,0.4477,28408698.0
1740218400000,0.4477,0.4522,0.4464,0.4466,37205050.0
1740222000000,0.4465,0.449,0.4443,0.4473,19476492.0
1740225600000,0.4472,0.4521,0.4456,0.4496,27343948.0
1740229200000,0.4497,0.4515,0.4405,0.4417,33071211.0
1740232800000,0.4417,0.4441,0.4379,0.4406,28067287.0
1740236400000,0.4407,0.4497,0.4392,0.4473,31139922.0
1740240000000,0.4473,0.47,0.4471,0.4684,72867662.0
1740243600000,0.4685,0.472,0.4567,0.4567,45388423.0
1740247200000,0.4566,0.4622,0.4543,0.4577,27896440.0
1740250800000,0.4578,0.4589,0.4538,0.4561,13557667.0
1740254400000,0.4561,0.4567,0.4479,0.4495,19970903.0
1740258000000,0.4495,0.4527,0.4477,0.4487,12760136.0
1740261600000,0.4486,0.4528,0.4482,0.4486,10185643.0
1740265200000,0.4486,0.4517,0.4454,0.4471,16352166.0
1740268800000,0.447,0.4493,0.4436,0.4475,18054980.0
1740272400000,0.4476,0.4491,0.4383,0.4391,30422174.0
1740276000000,0.4392,0.4416,0.4369,0.4381,25107398.0
1740279600000,0.4382,0.4409,0.4357,0.4366,23129680.0
1740283200000,0.4366,0.4368,0.4306,0.4326,27649197.0
1740286800000,0.4326,0.4419,0.4319,0.4389,27377672.0
1740290400000,0.439,0.4407,0.4359,0.4401,17738133.0
1740294000000,0.44,0.4715,0.4391,0.463,85763777.0
1740297600000,0.463,0.472,0.4579,0.4615,58223448.0
1740301200000,0.4614,0.462,0.4515,0.4581,34133649.0
1740304800000,0.458,0.4623,0.4554,0.4556,27672763.0
1740308400000,0.4556,0.459,0.4485,0.4505,26569067.0
1740312000000,0.4505,0.4536,0.4456,0.4504,32125374.0
1740315600000,0.4503,0.4589,0.4502,0.4559,30870798.0
1740319200000,0.4559,0.4574,0.4469,0.452,29628444.0
1740322800000,0.452,0.4623,0.447,0.4474,50832975.0
1740326400000,0.4474,0.4582,0.4473,0.4501,31650525.0
1740330000000,0.4501,0.4585,0.4488,0.4537,17682103.0
1740333600000,0.4538,0.4547,0.446,0.4463,19390935.0
1740337200000,0.4463,0.4472,0.441,0.4422,27111432.0
1740340800000,0.4421,0.4432,0.4372,0.4378,17882225.0
1740344400000,0.4379,0.4466,0.4344,0.4456,30147630.0
1740348000000,0.4457,0.4467,0.4372,0.4401,31368361.0
1740351600000,0.4402,0.4461,0.438,0.4414,32056171.0
1740355200000,0.4413,0.4526,0.4387,0.4389,45471069.0
1740358800000,0.4388,0.4389,0.421,0.4238,76853522.0
1740362400000,0.4237,0.4275,0.4201,0.4211,35232452.0
1740366000000,0.4211,0.4211,0.4124,0.4136,58463661.0
1740369600000,0.4136,0.4149,0.4092,0.4104,46202249.0
1740373200000,0.4104,0.4145,0.4075,0.4131,30664795.0
1740376800000,0.4132,0.4141,0.4095,0.4105,23709398.0
1740380400000,0.4104,0.4128,0.4081,0.4093,21353669.0
1740384000000,0.4092,0.4098,0.4012,0.4035,47878926.0
1740387600000,0.4036,0.4162,0.4024,0.4109,44908370.0
1740391200000,0.411,0.4112,0.4034,0.4072,37822866.0
1740394800000,0.4073,0.4237,0.4067,0.42,118077835.0
1740398400000,0.42,0.4201,0.4083,0.4151,73639982.0
1740402000000,0.415,0.4203,0.4062,0.4066,57388921.0
1740405600000,0.4067,0.4111,0.4017,0.4051,59224725.0
1740409200000,0.4051,0.4095,0.4014,0.409,54167746.0
1740412800000,0.409,0.4136,0.4037,0.4051,41713094.0
1740416400000,0.4052,0.4112,0.4008,0.4031,32636476.0
1740420000000,0.403,0.4035,0.3986,0.3996,32768177.0
1740423600000,0.3996,0.4027,0.3882,0.3939,55310691.0
1740427200000,0.3939,0.4039,0.3921,0.3978,40055412.0
1740430800000,0.3977,0.4025,0.3936,0.3948,25990286.0
1740434400000,0.3948,0.3949,0.3655,0.3753,158506185.0
1740438000000,0.3753,0.382,0.3695,0.3746,52826115.0
1740441600000,0.3746,0.3865,0.367,0.3694,93571842.0
1740445200000,0.3693,0.3743,0.3622,0.3665,59187555.0
1740448800000,0.3666,0.3773,0.3621,0.374,42876234.0
1740452400000,0.374,0.402,0.3713,0.3755,113800611.0
1740456000000,0.3756,0.384,0.3736,0.3794,50558296.0
1740459600000,0.3794,0.3842,0.3777,0.3809,37662405.0
1740463200000,0.3808,0.3815,0.3739,0.3748,43310396.0
1740466800000,0.3749,0.3868,0.364,0.3857,166956074.0
1740470400000,0.3858,0.4052,0.3833,0.3945,129339628.0
1740474000000,0.3946,0.4127,0.3932,0.3986,134490342.0
1740477600000,0.3986,0.4065,0.3918,0.3992,117527442.0
1740481200000,0.3993,0.4099,0.3878,0.4079,90635154.0
1740484800000,0.4079,0.419,0.3971,0.4033,100444010.0
1740488400000,0.4034,0.4046,0.3942,0.3992,45464019.0
1740492000000,0.3992,0.4037,0.3943,0.3978,53222691.0
1740495600000,0.3979,0.4218,0.3962,0.4116,105035527.0
1740499200000,0.4116,0.4183,0.4041,0.41,61448667.0
1740502800000,0.4099,0.414,0.4044,0.4068,30280528.0
1740506400000,0.4068,0.4082,0.3993,0.4028,29449209.0
1740510000000,0.4028,0.4121,0.4,0.4115,22853699.0
1740513600000,0.4115,0.4166,0.4076,0.4126,31525687.0
1740517200000,0.4125,0.4175,0.4103,0.4159,15676450.0
1740520800000,0.416,0.4181,0.408,0.4099,23487383.0
1740524400000,0.4099,0.4141,0.406,0.4068,16044274.0
1740528000000,0.4068,0.4091,0.4043,0.4069,17861376.0
1740531600000,0.407,0.4107,0.4055,0.4091,12813313.0
1740535200000,0.4091,0.4193,0.4079,0.4171,24832451.0
1740538800000,0.4171,0.4293,0.4152,0.4174,56327320.0
1740542400000,0.4173,0.4263,0.4156,0.416,26711499.0
1740546000000,0.4159,0.4175,0.4094,0.41,21348754.0
1740549600000,0.4099,0.4148,0.4084,0.4134,24202993.0
1740553200000,0.4134,0.4148,0.4085,0.409,22060928.0
1740556800000,0.4089,0.4118,0.4025,0.4035,33368979.0
1740560400000,0.4035,0.4113,0.4028,0.4102,22689554.0
1740564000000,0.4102,0.4102,0.403,0.4096,20516049.0
1740567600000,0.4095,0.4119,0.4019,0.4036,26891400.0
1740571200000,0.4035,0.4055,0.395,0.398,36839995.0
1740574800000,0.3979,0.4035,0.396,0.4022,34204655.0
1740578400000,0.4022,0.42,0.3979,0.4184,72343804.0
1740582000000,0.4185,0.4347,0.4182,0.4282,78583377.0
1740585600000,0.4283,0.4298,0.4177,0.4215,58781068.0
1740589200000,0.4216,0.4256,0.4093,0.4134,46641048.0
1740592800000,0.4133,0.4174,0.404,0.4059,73528096.0
1740596400000,0.4059,0.4116,0.4022,0.4069,44795583.0
1740600000000,0.4069,0.438,0.4021,0.4366,85141370.0
1740603600000,0.4366,0.4402,0.4238,0.4322,83114695.0
1740607200000,0.4323,0.4401,0.4278,0.4289,36992346.0
1740610800000,0.4289,0.4333,0.4231,0.4279,23009860.0
1740614400000,0.428,0.4367,0.4262,0.4336,35693797.0
1740618000000,0.4336,0.4404,0.4281,0.4349,27499897.0
1740621600000,0.435,0.4401,0.4313,0.4343,22879992.0
1740625200000,0.4344,0.4422,0.43,0.4327,27625739.0
1740628800000,0.4326,0.4354,0.4209,0.4242,26831693.0
1740632400000,0.4242,0.433,0.4225,0.4302,22860267.0
1740636000000,0.4302,0.4387,0.4286,0.4331,17482706.0
1740639600000,0.4331,0.4357,0.4295,0.4321,16430977.0
1740643200000,0.4321,0.4367,0.4282,0.4323,22597998.0
1740646800000,0.4322,0.439,0.4281,0.4313,27687276.0
1740650400000,0.4313,0.4386,0.4298,0.4377,18162470.0
1740654000000,0.4376,0.4383,0.4275,0.4304,30295872.0
1740657600000,0.4304,0.4323,0.4254,0.4288,20651637.0
1740661200000,0.4288,0.4336,0.426,0.4281,26454515.0
1740664800000,0.4281,0.4305,0.4191,0.4203,40319266.0
1740668400000,0.4202,0.4288,0.4169,0.4242,42984638.0
1740672000000,0.4242,0.4325,0.4205,0.4215,27800246.0
1740675600000,0.4215,0.4289,0.4205,0.4286,24542475.0
1740679200000,0.4286,0.4302,0.4265,0.4271,12834477.0
1740682800000,0.4271,0.4297,0.42,0.4245,22555369.0
1740686400000,0.4246,0.4248,0.4142,0.4159,36980982.0
1740690000000,0.4159,0.4204,0.4101,0.4199,30994576.0
1740693600000,0.4199,0.4201,0.4118,0.4177,16962222.0
1740697200000,0.4176,0.4185,0.4121,0.4162,16058641.0
1740700800000,0.4163,0.4179,0.411,0.411,16141134.0
1740704400000,0.4111,0.4128,0.4008,0.4008,68888933.0
1740708000000,0.4007,0.4065,0.3968,0.4002,67383234.0
1740711600000,0.4001,0.4046,0.386,0.3875,47882724.0
1740715200000,0.3874,0.3915,0.3826,0.388,51758672.0
1740718800000,0.388,0.3906,0.3841,0.3887,23103819.0
1740722400000,0.3888,0.3905,0.3839,0.3874,30639147.0
1740726000000,0.3873,0.3957,0.3861,0.3879,37363324.0
1740729600000,0.388,0.3953,0.3847,0.3947,38774764.0
1740733200000,0.3947,0.3977,0.3922,0.3953,37657235.0
1740736800000,0.3952,0.396,0.3849,0.3864,36497887.0
1740740400000,0.3865,0.3926,0.3854,0.3893,17986169.0
1740744000000,0.3892,0.3933,0.3872,0.3927,17506822.0
1740747600000,0.3928,0.4054,0.3912,0.4031,52513505.0
1740751200000,0.4031,0.4123,0.4021,0.4082,49975524.0
1740754800000,0.4081,0.4184,0.4072,0.4152,35545843.0
1740758400000,0.4152,0.4216,0.4119,0.4152,28345337.0
1740762000000,0.4152,0.4186,0.4131,0.4162,13217202.0
1740765600000,0.4162,0.4281,0.4158,0.4241,32305080.0
1740769200000,0.424,0.4262,0.4203,0.4217,15797206.0
1740772800000,0.4217,0.4224,0.4162,0.4186,17739711.0
1740776400000,0.4186,0.422,0.4161,0.4189,14147185.0
1740780000000,0.4188,0.4196,0.413,0.4144,14074503.0
1740783600000,0.4144,0.4153,0.4119,0.414,13063746.0
1740787200000,0.4141,0.4142,0.4034,0.4035,31678389.0
1740790800000,0.4035,0.413,0.403,0.4109,22846266.0
1740794400000,0.411,0.4153,0.4051,0.4125,30774781.0
1740798000000,0.4125,0.4188,0.4108,0.4136,17532732.0
1740801600000,0.4136,0.4194,0.4127,0.4172,15672164.0
1740805200000,0.4172,0.4172,0.4127,0.4143,13262821.0
1740808800000,0.4143,0.4152,0.4088,0.4107,17610849.0
1740812400000,0.4107,0.4132,0.408,0.4117,16399675.0
1740816000000,0.4117,0.4147,0.4108,0.4131,12919542.0
1740819600000,0.4131,0.4138,0.405,0.4098,22917744.0
1740823200000,0.4099,0.4099,0.4024,0.4042,22540713.0
1740826800000,0.4042,0.4047,0.3983,0.4002,32379042.0
1740830400000,0.4003,0.402,0.3973,0.4002,18006408.0
1740834000000,0.4003,0.4016,0.3907,0.3933,31121047.0
1740837600000,0.3932,0.3962,0.3922,0.3943,17600791.0
1740841200000,0.3944,0.3969,0.389,0.3927,21770099.0
1740844800000,0.3927,0.3961,0.3898,0.3957,18684554.0
1740848400000,0.3957,0.3957,0.3914,0.394,13577743.0
1740852000000,0.394,0.3966,0.3919,0.3947,11537288.0
1740855600000,0.3947,0.399,0.3942,0.3953,15791319.0
1740859200000,0.3954,0.3972,0.3927,0.3963,18058419.0
1740862800000,0.3963,0.4026,0.3943,0.4013,17896829.0
1740866400000,0.4013,0.4035,0.3992,0.4012,15226076.0
1740870000000,0.4011,0.4017,0.3967,0.4004,11041587.0
1740873600000,0.4004,0.4037,0.3976,0.4018,18420985.0
1740877200000,0.4018,0.4056,0.4005,0.402,14086599.0
1740880800000,0.4021,0.4039,0.3962,0.3977,18466437.0
1740884400000,0.3977,0.3995,0.3963,0.3965,9429107.0
1740888000000,0.3966,0.3999,0.3961,0.3986,8091399.0
1740891600000,0.3985,0.4004,0.397,0.3979,9280585.0
1740895200000,0.3979,0.3992,0.3931,0.396,24517361.0
1740898800000,0.3961,0.3973,0.3926,0.3942,11125327.0
1740902400000,0.3943,0.3968,0.3914,0.395,17494656.0
1740906000000,0.3949,0.4047,0.3947,0.4,26398595.0
1740909600000,0.4001,0.4034,0.3986,0.4027,13457029.0
1740913200000,0.4027,0.4037,0.401,0.4017,11542470.0
1740916800000,0.4017,0.4019,0.3977,0.3984,16301650.0
1740920400000,0.3985,0.3986,0.3935,0.3958,18943991.0
1740924000000,0.3957,0.3967,0.3861,0.3871,36823101.0
1740927600000,0.3871,0.4149,0.3845,0.3993,152127043.0
1740931200000,0.3995,0.4384,0.3937,0.4333,205727331.0
1740934800000,0.4334,0.4635,0.4271,0.4467,199132985.0
1740938400000,0.4468,0.4525,0.4313,0.4364,79359932.0
1740942000000,0.4365,0.4704,0.4365,0.4664,84936567.0
1740945600000,0.4664,0.4716,0.4546,0.457,80645726.0
1740949200000,0.4569,0.4619,0.454,0.4558,26461626.0
1740952800000,0.4559,0.4681,0.4535,0.4666,27332896.0
1740956400000,0.4665,0.4787,0.4633,0.475,59475595.0
1740960000000,0.475,0.4801,0.4611,0.4621,65254097.0
1740963600000,0.4621,0.4654,0.4465,0.4521,46419367.0
1740967200000,0.452,0.4536,0.4442,0.4453,33636986.0
1740970800000,0.4453,0.4463,0.4345,0.4428,40452191.0
1740974400000,0.4428,0.4469,0.4421,0.4422,18899222.0
1740978000000,0.4422,0.4442,0.4382,0.4422,17720049.0
1740981600000,0.4422,0.4422,0.4186,0.4235,59654677.0
1740985200000,0.4236,0.4279,0.4184,0.4262,38054384.0
1740988800000,0.4262,0.4281,0.4139,0.4169,41242568.0
1740992400000,0.4168,0.4197,0.412,0.4154,33396836.0
1740996000000,0.4153,0.421,0.4143,0.4162,22516834.0
1740999600000,0.4162,0.4176,0.4121,0.4139,18405197.0
1741003200000,0.4138,0.4178,0.4119,0.4159,26027983.0
1741006800000,0.4158,0.4229,0.4153,0.4185,31633175.0
1741010400000,0.4184,0.4272,0.401,0.402,144345098.0
1741014000000,0.4021,0.4092,0.3994,0.4006,66065456.0
1741017600000,0.4006,0.4034,0.3951,0.3961,38460862.0
1741021200000,0.396,0.3988,0.3926,0.3946,27037906.0
1741024800000,0.3946,0.3952,0.3742,0.3766,102956109.0
1741028400000,0.3766,0.3794,0.3602,0.3642,93735457.0
1741032000000,0.3642,0.369,0.3558,0.363,76433628.0
1741035600000,0.3631,0.3666,0.3568,0.3599,53556865.0
1741039200000,0.3599,0.3692,0.3588,0.3662,34045885.0
1741042800000,0.3661,0.3702,0.3623,0.3635,30333346.0
1741046400000,0.3634,0.3707,0.3607,0.3646,36665684.0
1741050000000,0.3644,0.3663,0.3477,0.3494,131542925.0
1741053600000,0.3494,0.3517,0.338,0.3459,96192415.0
1741057200000,0.346,0.3505,0.3424,0.347,39271393.0
1741060800000,0.347,0.3524,0.3455,0.3487,26966481.0
1741064400000,0.3487,0.3578,0.3482,0.3512,30670736.0
1741068000000,0.3512,0.3551,0.3496,0.3501,24822041.0
1741071600000,0.3501,0.3509,0.3451,0.347,38033305.0
1741075200000,0.3469,0.3533,0.3455,0.3501,27558781.0
1741078800000,0.3502,0.3511,0.3429,0.3434,25142084.0
1741082400000,0.3435,0.3474,0.3422,0.3451,23609918.0
1741086000000,0.3451,0.348,0.3412,0.3421,25295473.0
1741089600000,0.3421,0.3479,0.3387,0.345,35566455.0
1741093200000,0.3449,0.345,0.3373,0.3387,55437590.0
1741096800000,0.3388,0.3619,0.3375,0.3442,110441422.0
1741100400000,0.3442,0.3481,0.338,0.3455,69872714.0
1741104000000,0.3455,0.3475,0.3336,0.3451,94450989.0
1741107600000,0.3451,0.3589,0.3445,0.3587,69921118.0
1741111200000,0.3586,0.366,0.3563,0.3645,35878866.0
1741114800000,0.3644,0.3715,0.3628,0.3673,47751249.0
1741118400000,0.3673,0.3816,0.3663,0.3777,62652283.0
1741122000000,0.3778,0.393,0.376,0.3839,87752338.0
1741125600000,0.3839,0.3871,0.3779,0.3805,39458169.0
1741129200000,0.3805,0.3851,0.3764,0.3829,30433681.0
1741132800000,0.3828,0.3917,0.3769,0.3771,50453072.0
1741136400000,0.3772,0.3784,0.3684,0.3727,50387308.0
1741140000000,0.3727,0.3741,0.3633,0.3696,52519186.0
1741143600000,0.3695,0.3718,0.36,0.3604,45303374.0
1741147200000,0.3604,0.3672,0.3601,0.3642,27318067.0
1741150800000,0.3642,0.3702,0.3631,0.3687,27385703.0
1741154400000,0.3688,0.3759,0.3659,0.3732,35837611.0
1741158000000,0.3732,0.3846,0.3714,0.3801,51003336.0
1741161600000,0.38,0.3869,0.377,0.3795,41887090.0
1741165200000,0.3795,0.3892,0.3778,0.3835,56940436.0
1741168800000,0.3834,0.3942,0.3825,0.3902,46874764.0
1741172400000,0.3902,0.3914,0.3799,0.3821,35289913.0
1741176000000,0.3821,0.3853,0.3784,0.381,22580687.0
1741179600000,0.381,0.3832,0.3753,0.3767,27970963.0
1741183200000,0.3767,0.377,0.3672,0.3687,56883997.0
1741186800000,0.3688,0.3767,0.3655,0.3666,35320393.0
1741190400000,0.3666,0.3687,0.36,0.3645,38558893.0
1741194000000,0.3645,0.3691,0.358,0.362,53637824.0
1741197600000,0.362,0.3632,0.3575,0.3614,28192085.0
1741201200000,0.3614,0.3677,0.3605,0.3661,32045569.0
1741204800000,0.3661,0.3712,0.3641,0.3652,29090213.0
1741208400000,0.3652,0.3667,0.3569,0.3592,42162263.0
1741212000000,0.3592,0.3603,0.345,0.349,78135977.0
1741215600000,0.3491,0.3509,0.3408,0.3435,81679685.0
1741219200000,0.3435,0.3501,0.3417,0.3484,56399527.0
1741222800000,0.3485,0.3547,0.3442,0.352,51784613.0
1741226400000,0.3519,0.3605,0.3514,0.3585,55966864.0
1741230000000,0.3586,0.3898,0.3576,0.3877,151126111.0
1741233600000,0.3877,0.4108,0.3788,0.4044,155484546.0
1741237200000,0.4045,0.411,0.396,0.4097,80997328.0
1741240800000,0.4097,0.4123,0.3961,0.3977,86182084.0
1741244400000,0.3977,0.4057,0.3923,0.402,69361841.0
1741248000000,0.402,0.412,0.4006,0.4113,46837701.0
1741251600000,0.4114,0.4119,0.3866,0.3912,116996227.0
1741255200000,0.3912,0.4064,0.3895,0.403,70028322.0
1741258800000,0.403,0.4147,0.4002,0.4088,66687743.0
1741262400000,0.4089,0.4125,0.4006,0.4056,55330007.0
1741266000000,0.4056,0.4091,0.3966,0.3971,64975476.0
1741269600000,0.3972,0.4095,0.3922,0.3982,87637049.0
1741273200000,0.3982,0.411,0.3975,0.4008,55760934.0
1741276800000,0.4008,0.4021,0.3931,0.3945,40626549.0
1741280400000,0.3944,0.3944,0.3775,0.3795,76633826.0
1741284000000,0.3795,0.38,0.3719,0.3759,45366707.0
1741287600000,0.3759,0.3825,0.3724,0.3796,32262930.0
1741291200000,0.3796,0.3831,0.3739,0.3782,30915121.0
1741294800000,0.3783,0.3807,0.371,0.374,32739199.0
1741298400000,0.374,0.3802,0.3702,0.3734,47134311.0
1741302000000,0.3734,0.3743,0.3633,0.3645,49144437.0
1741305600000,0.3645,0.3729,0.3527,0.3552,148519830.0
1741309200000,0.3551,0.3736,0.352,0.3696,90070242.0
1741312800000,0.3697,0.3796,0.3666,0.3719,65779096.0
1741316400000,0.3719,0.3811,0.3715,0.3765,34860946.0
1741320000000,0.3765,0.3797,0.3741,0.3756,22765499.0
1741323600000,0.3757,0.3824,0.375,0.3773,25253769.0
1741327200000,0.3774,0.3803,0.3761,0.3783,20247914.0
1741330800000,0.3782,0.3844,0.3741,0.3827,54920626.0
1741334400000,0.3827,0.4056,0.3797,0.4008,86281530.0
1741338000000,0.4007,0.4134,0.4001,0.4105,88557186.0
1741341600000,0.4106,0.4145,0.4063,0.414,43800318.0
1741345200000,0.4139,0.4142,0.4068,0.4126,42149795.0
1741348800000,0.4127,0.4149,0.4092,0.4125,41494947.0
1741352400000,0.4125,0.4403,0.4098,0.4254,165064543.0
1741356000000,0.4255,0.4488,0.4207,0.4379,227727008.0
1741359600000,0.4379,0.4388,0.4239,0.4318,76954545.0
1741363200000,0.4318,0.4363,0.4207,0.4295,87835256.0
1741366800000,0.4296,0.445,0.4286,0.437,96790239.0
1741370400000,0.437,0.4586,0.4363,0.4553,87614977.0
1741374000000,0.4553,0.4593,0.4363,0.4394,81065948.0
1741377600000,0.4394,0.4459,0.4321,0.4417,56700999.0
1741381200000,0.4416,0.4429,0.4284,0.4331,60416545.0
1741384800000,0.433,0.4338,0.4257,0.4308,37115153.0
1741388400000,0.4308,0.4309,0.4228,0.428,40608608.0
1741392000000,0.4279,0.4409,0.4275,0.4387,51312157.0
1741395600000,0.4388,0.4421,0.4268,0.4316,46026334.0
1741399200000,0.4317,0.4415,0.4316,0.4394,33599802.0
1741402800000,0.4395,0.444,0.434,0.4397,31860635.0
1741406400000,0.4396,0.4433,0.4353,0.4377,28145345.0
1741410000000,0.4378,0.441,0.4253,0.4293,52924062.0
1741413600000,0.4293,0.4498,0.4291,0.4456,70804757.0
1741417200000,0.4456,0.4534,0.4388,0.4397,52894682.0
1741420800000,0.4396,0.4494,0.4377,0.4468,52847252.0
1741424400000,0.4469,0.4498,0.4421,0.443,54182957.0
1741428000000,0.443,0.449,0.4378,0.4427,63789826.0
1741431600000,0.4428,0.4431,0.4315,0.4353,54559700.0
1741435200000,0.4354,0.4408,0.4305,0.4349,39217543.0
1741438800000,0.4348,0.4471,0.4342,0.4446,49605594.0
1741442400000,0.4447,0.4564,0.4424,0.4466,94915322.0
1741446000000,0.4465,0.465,0.4447,0.4555,100092768.0
1741449600000,0.4555,0.4598,0.4441,0.4499,81158412.0
1741453200000,0.4498,0.4535,0.4431,0.4458,47358695.0
1741456800000,0.4457,0.4478,0.4387,0.4449,32837258.0
1741460400000,0.445,0.4516,0.4405,0.4466,24286983.0
1741464000000,0.4467,0.4495,0.4426,0.445,17790483.0
1741467600000,0.445,0.4523,0.4417,0.4419,24138043.0
1741471200000,0.4419,0.4432,0.4334,0.4389,36539822.0
1741474800000,0.4389,0.4468,0.4387,0.4417,24729465.0
1741478400000,0.4417,0.4423,0.4357,0.4372,22065214.0
1741482000000,0.4373,0.446,0.4351,0.4395,23923193.0
1741485600000,0.4395,0.4428,0.436,0.4369,19140671.0
1741489200000,0.437,0.4445,0.4351,0.4376,25395418.0
1741492800000,0.4377,0.439,0.4353,0.4362,15150860.0
1741496400000,0.4362,0.4372,0.4309,0.4313,17949631.0
1741500000000,0.4314,0.4377,0.4289,0.436,32299044.0
1741503600000,0.436,0.4396,0.4327,0.4354,21455367.0
1741507200000,0.4354,0.4403,0.4306,0.4371,25638126.0
1741510800000,0.4371,0.4399,0.4331,0.4333,15476836.0
1741514400000,0.4334,0.4364,0.4233,0.4247,63748301.0
1741518000000,0.4248,0.4336,0.4205,0.4297,58969471.0
1741521600000,0.4298,0.4302,0.4191,0.4227,32845042.0
1741525200000,0.4227,0.4256,0.4179,0.4185,32414075.0
1741528800000,0.4184,0.4226,0.4168,0.4192,39243612.0
1741532400000,0.4193,0.4253,0.4077,0.4113,55058415.0
1741536000000,0.4112,0.415,0.4062,0.4088,52592226.0
1741539600000,0.4088,0.4191,0.4082,0.4141,55109162.0
1741543200000,0.4141,0.4281,0.4127,0.4252,63371141.0
1741546800000,0.4252,0.4324,0.4195,0.4267,46736888.0
1741550400000,0.4268,0.4322,0.4208,0.421,46046546.0
1741554000000,0.421,0.425,0.419,0.4247,21131391.0
1741557600000,0.4246,0.4275,0.417,0.4195,25273414.0
1741561200000,0.4195,0.4292,0.4169,0.4199,32912306.0
1741564800000,0.4199,0.4333,0.416,0.4314,50137654.0
1741568400000,0.4314,0.4445,0.4308,0.4355,55149656.0
1741572000000,0.4355,0.4438,0.4327,0.4414,30924328.0
1741575600000,0.4415,0.4422,0.4296,0.4376,35644634.0
1741579200000,0.4376,0.4612,0.4362,0.4603,68336695.0
1741582800000,0.4602,0.4677,0.4558,0.4572,69756299.0
1741586400000,0.4572,0.4595,0.4497,0.4564,41420811.0
1741590000000,0.4564,0.4652,0.4563,0.461,39877451.0
1741593600000,0.461,0.4625,0.4496,0.4515,35346873.0
1741597200000,0.4514,0.4794,0.4513,0.4644,100436039.0
1741600800000,0.4644,0.4675,0.4432,0.4514,67091134.0
1741604400000,0.4514,0.46,0.4424,0.4572,55694561.0
1741608000000,0.4572,0.4573,0.4453,0.4516,50362254.0
1741611600000,0.4516,0.4556,0.438,0.4412,65100723.0
1741615200000,0.4412,0.4412,0.4185,0.4225,121474918.0
1741618800000,0.4225,0.4366,0.4169,0.4199,94438022.0
1741622400000,0.4199,0.4219,0.4078,0.4131,77609355.0
1741626000000,0.4131,0.4157,0.3988,0.4033,68956413.0
1741629600000,0.4032,0.4076,0.3936,0.3939,54486531.0
1741633200000,0.3939,0.4182,0.3932,0.4174,76627036.0
1741636800000,0.4175,0.4264,0.4122,0.424,64375461.0
1741640400000,0.424,0.4322,0.4187,0.4211,39343314.0
1741644000000,0.4211,0.4227,0.4156,0.4189,21742169.0
1741647600000,0.4189,0.424,0.412,0.4127,32417558.0
1741651200000,0.4126,0.4153,0.3891,0.4054,89552904.0
1741654800000,0.4054,0.426,0.4034,0.4186,91167493.0
1741658400000,0.4187,0.4207,0.4051,0.4115,50045592.0
1741662000000,0.4115,0.413,0.4017,0.403,27719050.0
1741665600000,0.4031,0.4117,0.4014,0.4074,44415048.0
1741669200000,0.4074,0.4192,0.407,0.4088,34827102.0
1741672800000,0.4088,0.412,0.4029,0.4043,25088651.0
1741676400000,0.4044,0.4175,0.404,0.4159,37000083.0
1741680000000,0.416,0.4183,0.4098,0.4113,27692068.0
1741683600000,0.4111,0.4152,0.406,0.4083,24753685.0
1741687200000,0.4083,0.4138,0.4052,0.4106,25099572.0
1741690800000,0.4106,0.4126,0.4054,0.4065,26403581.0
1741694400000,0.4066,0.4077,0.3952,0.3958,47719771.0
1741698000000,0.3959,0.4041,0.3906,0.3943,77992432.0
1741701600000,0.3944,0.3974,0.3684,0.3736,126658827.0
1741705200000,0.3737,0.393,0.3717,0.3887,76103571.0
1741708800000,0.3887,0.3944,0.3839,0.3874,41144573.0
1741712400000,0.3873,0.3888,0.3791,0.3824,37685918.0
1741716000000,0.3824,0.4107,0.3823,0.4066,75588750.0
1741719600000,0.4066,0.4123,0.3994,0.4039,56178125.0
1741723200000,0.4038,0.4066,0.3981,0.399,26764740.0
1741726800000,0.3991,0.4012,0.3915,0.3935,22708029.0
1741730400000,0.3934,0.3969,0.3901,0.3943,19419781.0
1741734000000,0.3942,0.3945,0.3859,0.3901,25149961.0
1741737600000,0.3902,0.3916,0.3851,0.3889,22070908.0
1741741200000,0.3889,0.3951,0.3868,0.3902,24697197.0
1741744800000,0.3902,0.3913,0.3757,0.3774,47432790.0
1741748400000,0.3774,0.3823,0.3722,0.3731,43441836.0
1741752000000,0.3731,0.374,0.3657,0.3712,47780217.0
1741755600000,0.3711,0.3728,0.3682,0.3687,26045013.0
1741759200000,0.3688,0.3709,0.3638,0.3675,39647932.0
1741762800000,0.3674,0.3749,0.3667,0.3733,54628138.0
1741766400000,0.3733,0.3809,0.369,0.3768,72466034.0
1741770000000,0.3768,0.3813,0.3687,0.3699,46496401.0
1741773600000,0.3698,0.3716,0.3665,0.3689,28356807.0
1741777200000,0.369,0.3742,0.3689,0.3741,28919419.0
1741780800000,0.3741,0.3891,0.3722,0.38,97419828.0
1741784400000,0.38,0.3815,0.3664,0.3689,67240135.0
1741788000000,0.3689,0.3718,0.3582,0.3591,80069070.0
1741791600000,0.3591,0.3626,0.3552,0.3618,72728150.0
1741795200000,0.3618,0.3701,0.3595,0.365,53335646.0
1741798800000,0.3651,0.3741,0.3643,0.3659,40638997.0
1741802400000,0.366,0.3717,0.3649,0.3657,28991467.0
1741806000000,0.3656,0.3691,0.3637,0.3667,17419528.0
1741809600000,0.3666,0.3725,0.3654,0.3707,17344195.0
1741813200000,0.3707,0.3757,0.3698,0.3729,19136020.0
1741816800000,0.3729,0.3753,0.3706,0.3709,14241460.0
1741820400000,0.371,0.3714,0.3681,0.3699,14479822.0
1741824000000,0.3698,0.3716,0.3651,0.3655,25632702.0
1741827600000,0.3656,0.3686,0.3609,0.3672,25474835.0
1741831200000,0.3672,0.3705,0.3629,0.3634,18242140.0
1741834800000,0.3635,0.3699,0.3635,0.3676,18051861.0
1741838400000,0.3675,0.3719,0.361,0.3621,28424781.0
1741842000000,0.3622,0.3671,0.3575,0.3581,36612083.0
1741845600000,0.358,0.3603,0.3555,0.3586,28273010.0
1741849200000,0.3587,0.3604,0.3562,0.3576,23930057.0
1741852800000,0.3576,0.3621,0.3526,0.3583,55706554.0
1741856400000,0.3584,0.3684,0.3582,0.368,35095490.0
1741860000000,0.3679,0.368,0.3628,0.3659,24769812.0
1741863600000,0.3659,0.3724,0.3639,0.3723,26929759.0
1741867200000,0.3723,0.3749,0.3622,0.3635,57918970.0
1741870800000,0.3635,0.3673,0.3513,0.3526,67506618.0
1741874400000,0.3526,0.3564,0.3502,0.3548,60303758.0
1741878000000,0.3548,0.356,0.3461,0.3481,69048717.0
1741881600000,0.3482,0.3494,0.3377,0.3403,59525230.0
1741885200000,0.3404,0.3424,0.3367,0.3397,37234693.0
1741888800000,0.3396,0.3461,0.3391,0.3403,43645800.0
1741892400000,0.3402,0.342,0.337,0.3374,22171248.0
1741896000000,0.3374,0.3387,0.3362,0.3381,24928432.0
1741899600000,0.3381,0.3406,0.3354,0.3395,26823975.0
1741903200000,0.3395,0.3419,0.3368,0.3414,20839140.0
1741906800000,0.3414,0.3432,0.3376,0.3391,23361651.0
1741910400000,0.3391,0.3442,0.3387,0.3398,23037087.0
1741914000000,0.3398,0.3408,0.3354,0.3362,38876849.0
1741917600000,0.3363,0.3384,0.3357,0.3364,21798802.0
1741921200000,0.3364,0.3365,0.3327,0.3345,47592176.0
1741924800000,0.3345,0.3425,0.3337,0.342,26874845.0
1741928400000,0.342,0.3437,0.3383,0.3414,33434931.0
1741932000000,0.3414,0.3436,0.3377,0.3406,32859022.0
1741935600000,0.3406,0.3433,0.3391,0.3421,28195307.0
1741939200000,0.3421,0.3496,0.3415,0.346,40706362.0
1741942800000,0.3461,0.35,0.3437,0.3455,30816565.0
1741946400000,0.3455,0.3492,0.3429,0.3457,25577178.0
1741950000000,0.3457,0.3495,0.345,0.3485,18392259.0
1741953600000,0.3485,0.3511,0.3438,0.3478,33948163.0
1741957200000,0.3477,0.3519,0.344,0.35,35374914.0
1741960800000,0.35,0.3574,0.3455,0.3572,54395240.0
1741964400000,0.3572,0.3662,0.3543,0.3546,101925922.0
1741968000000,0.3546,0.3627,0.351,0.3624,79658985.0
1741971600000,0.3623,0.3644,0.3535,0.3547,39442890.0
1741975200000,0.3547,0.3608,0.3547,0.3591,21518774.0
1741978800000,0.3592,0.3623,0.3548,0.3569,22060179.0
1741982400000,0.3568,0.3574,0.3478,0.352,31538687.0
1741986000000,0.3519,0.3525,0.347,0.3504,14787706.0
1741989600000,0.3504,0.3559,0.3503,0.3552,15429446.0
1741993200000,0.3553,0.3555,0.3485,0.3495,18378146.0
1741996800000,0.3495,0.3531,0.3475,0.3525,16683947.0
1742000400000,0.3524,0.3553,0.3499,0.3528,18415003.0
1742004000000,0.3528,0.3569,0.3493,0.3562,17652442.0
1742007600000,0.3562,0.3634,0.3558,0.3625,36074191.0
1742011200000,0.3624,0.3634,0.3579,0.3616,22094616.0
1742014800000,0.3616,0.3628,0.3584,0.361,18399927.0
1742018400000,0.361,0.3662,0.3588,0.3638,25173933.0
1742022000000,0.3639,0.364,0.3571,0.3578,26922135.0
1742025600000,0.3579,0.3637,0.3555,0.363,21567293.0
1742029200000,0.3631,0.371,0.3615,0.3705,38675179.0
1742032800000,0.3704,0.372,0.3668,0.3674,35885982.0
1742036400000,0.3674,0.3743,0.3662,0.3741,30333603.0
1742040000000,0.3742,0.3797,0.3716,0.3718,50735291.0
1742043600000,0.3718,0.3736,0.3666,0.3702,30984330.0
1742047200000,0.3701,0.3701,0.3636,0.3636,24017213.0
1742050800000,0.3637,0.3695,0.3637,0.3688,25609488.0
1742054400000,0.3688,0.3717,0.3657,0.3672,32004698.0
1742058000000,0.3672,0.372,0.3672,0.3694,19025309.0
1742061600000,0.3694,0.3698,0.3633,0.3642,20468361.0
1742065200000,0.3641,0.3684,0.3616,0.3682,18599940.0
1742068800000,0.3682,0.3738,0.3678,0.372,22728733.0
1742072400000,0.372,0.373,0.369,0.3717,15857022.0
1742076000000,0.3716,0.3728,0.3695,0.3713,10649563.0
1742079600000,0.3712,0.3726,0.3692,0.3714,9258487.0
1742083200000,0.3713,0.3782,0.3698,0.3753,25172600.0
1742086800000,0.3753,0.3772,0.37,0.3708,18296544.0
1742090400000,0.3707,0.3769,0.3701,0.3708,21588017.0
1742094000000,0.3709,0.3732,0.3702,0.3715,12759189.0
1742097600000,0.3714,0.3715,0.3676,0.3698,16778721.0
1742101200000,0.3698,0.3712,0.3684,0.3702,11188582.0
1742104800000,0.3702,0.3733,0.3691,0.3698,10558113.0
1742108400000,0.3698,0.3699,0.3662,0.3668,14959542.0
1742112000000,0.3668,0.3676,0.3624,0.3645,23548647.0
1742115600000,0.3645,0.3646,0.3574,0.3596,33790110.0
1742119200000,0.3596,0.3602,0.3568,0.358,19171985.0
1742122800000,0.3579,0.3607,0.3534,0.3538,54276383.0
1742126400000,0.3538,0.3571,0.3521,0.3535,26483330.0
1742130000000,0.3534,0.3568,0.3474,0.3485,29419695.0
1742133600000,0.3485,0.3606,0.3485,0.3598,60669868.0
1742137200000,0.3597,0.3618,0.3555,0.3592,29713633.0
1742140800000,0.3593,0.3643,0.3577,0.3633,32410496.0
1742144400000,0.3634,0.3696,0.3634,0.3659,29053722.0
1742148000000,0.366,0.3679,0.3623,0.3645,15810874.0
1742151600000,0.3645,0.3647,0.3566,0.3585,20369253.0
1742155200000,0.3585,0.3616,0.3574,0.361,10893011.0
1742158800000,0.361,0.3614,0.3581,0.3599,9613414.0
1742162400000,0.3598,0.3606,0.354,0.3545,17140003.0
1742166000000,0.3544,0.3595,0.3527,0.3582,17774291.0
1742169600000,0.3582,0.3692,0.3575,0.3682,28357177.0
1742173200000,0.3683,0.3715,0.3654,0.367,19523888.0
1742176800000,0.367,0.3688,0.3648,0.3658,16053137.0
1742180400000,0.3657,0.3686,0.3646,0.3657,10256257.0
1742184000000,0.3658,0.3688,0.3642,0.3686,11243673.0
1742187600000,0.3685,0.3688,0.3644,0.3654,14744956.0
1742191200000,0.3654,0.3721,0.3644,0.3672,21234405.0
1742194800000,0.3673,0.3738,0.3664,0.3698,27776276.0
1742198400000,0.3698,0.3704,0.3643,0.369,22421479.0
1742202000000,0.369,0.3704,0.3669,0.3681,16538059.0
1742205600000,0.368,0.3702,0.3669,0.3678,13180755.0
1742209200000,0.3679,0.3749,0.366,0.3719,25939957.0
1742212800000,0.3719,0.376,0.366,0.3669,37850726.0
1742216400000,0.367,0.3715,0.3657,0.3668,18555279.0
1742220000000,0.3667,0.3673,0.362,0.3649,31412223.0
1742223600000,0.365,0.3696,0.3622,0.3685,22035901.0
1742227200000,0.3684,0.3946,0.3678,0.3752,188384477.0
1742230800000,0.3752,0.385,0.3719,0.3799,65389797.0
1742234400000,0.38,0.3852,0.3766,0.3844,32197343.0
1742238000000,0.3844,0.3867,0.3812,0.3824,28670005.0
1742241600000,0.3823,0.3834,0.3769,0.3783,28076788.0
1742245200000,0.3783,0.3803,0.3751,0.3784,18705361.0
1742248800000,0.3785,0.3825,0.3767,0.3789,12375687.0
1742252400000,0.3788,0.3794,0.3747,0.3767,15464457.0
1742256000000,0.3767,0.378,0.3724,0.3746,20915685.0
1742259600000,0.3746,0.3764,0.3708,0.3759,21255200.0
1742263200000,0.376,0.3848,0.3759,0.3788,33822172.0
1742266800000,0.3789,0.3789,0.3677,0.3683,33488936.0
1742270400000,0.3684,0.3711,0.3654,0.367,20676096.0
1742274000000,0.3671,0.3737,0.3671,0.3727,14171746.0
1742277600000,0.3726,0.3732,0.365,0.3664,22384025.0
1742281200000,0.3664,0.3718,0.3659,0.3677,15440406.0
1742284800000,0.3678,0.3687,0.3626,0.3644,29301000.0
1742288400000,0.3644,0.3651,0.36,0.3619,22786475.0
1742292000000,0.3619,0.3642,0.3591,0.3609,19962643.0
1742295600000,0.3609,0.3613,0.3575,0.3591,14941227.0
1742299200000,0.3591,0.3631,0.3567,0.3599,25571555.0
1742302800000,0.3598,0.3635,0.3591,0.3601,23097967.0
1742306400000,0.36,0.3626,0.3566,0.3597,20680213.0
1742310000000,0.3596,0.3622,0.3568,0.3587,20000772.0
1742313600000,0.3587,0.3604,0.357,0.3604,12735256.0
1742317200000,0.3603,0.3622,0.3544,0.3562,21074187.0
1742320800000,0.3562,0.3608,0.3551,0.3596,12434294.0
1742324400000,0.3596,0.3654,0.3589,0.3654,18222505.0
1742328000000,0.3653,0.3654,0.3597,0.3603,13629582.0
1742331600000,0.3603,0.3615,0.3575,0.3597,13501114.0
1742335200000,0.3597,0.3632,0.3594,0.3612,10494528.0
1742338800000,0.3611,0.3693,0.361,0.3675,24902569.0
1742342400000,0.3674,0.382,0.367,0.3815,41030511.0
1742346000000,0.3814,0.3819,0.3706,0.3709,28151863.0
1742349600000,0.3709,0.3784,0.3706,0.3735,22446647.0
1742353200000,0.3735,0.376,0.3703,0.3744,12536821.0
1742356800000,0.3744,0.3754,0.3689,0.3702,15795251.0
1742360400000,0.3702,0.3718,0.3694,0.3702,7648772.0
1742364000000,0.3702,0.3706,0.3663,0.3683,12677549.0
1742367600000,0.3683,0.3696,0.3642,0.3654,16188752.0
1742371200000,0.3653,0.3678,0.3648,0.3665,13103627.0
1742374800000,0.3665,0.3705,0.3647,0.3699,20265254.0
1742378400000,0.3699,0.3762,0.3683,0.3748,26687748.0
1742382000000,0.3749,0.3927,0.3732,0.3913,71198446.0
1742385600000,0.3912,0.3999,0.3869,0.3939,96942783.0
1742389200000,0.3939,0.398,0.39,0.3915,51209352.0
1742392800000,0.3916,0.3945,0.3887,0.3902,37450032.0
1742396400000,0.3901,0.396,0.3876,0.3937,30981544.0
1742400000000,0.3937,0.3947,0.3889,0.3904,23347485.0
1742403600000,0.3905,0.391,0.3793,0.3815,38871438.0
1742407200000,0.3815,0.3904,0.3779,0.3897,55827607.0
1742410800000,0.3897,0.3928,0.3833,0.3883,37612073.0
1742414400000,0.3883,0.3936,0.3881,0.3915,24332268.0
1742418000000,0.3914,0.3936,0.3905,0.3918,11059133.0
1742421600000,0.3918,0.3976,0.39,0.3931,16585799.0
1742425200000,0.3931,0.397,0.3917,0.3932,12235337.0
1742428800000,0.3933,0.3978,0.3879,0.3891,26294785.0
1742432400000,0.389,0.3897,0.3841,0.3863,16649041.0
1742436000000,0.3863,0.3871,0.384,0.3866,12151289.0
1742439600000,0.3867,0.3872,0.3832,0.3852,8335066.0
1742443200000,0.3852,0.3887,0.385,0.3871,8534758.0
1742446800000,0.387,0.3896,0.3857,0.3883,8885879.0
1742450400000,0.3881,0.3922,0.3848,0.3885,18493829.0
1742454000000,0.3885,0.3892,0.3845,0.385,14921123.0
1742457600000,0.3849,0.392,0.3848,0.3909,19018932.0
1742461200000,0.3909,0.393,0.3894,0.3897,12908352.0
1742464800000,0.3897,0.3905,0.3775,0.3825,51624079.0
1742468400000,0.3826,0.3936,0.3826,0.3899,24841397.0
1742472000000,0.3899,0.3909,0.3863,0.3883,14663158.0
1742475600000,0.3883,0.3934,0.3867,0.3904,15808508.0
1742479200000,0.3903,0.3986,0.3902,0.3942,36103866.0
1742482800000,0.3943,0.3945,0.3806,0.3824,40931332.0
1742486400000,0.3824,0.3863,0.3751,0.3771,40771002.0
1742490000000,0.3771,0.3821,0.3735,0.3792,29555853.0
1742493600000,0.3793,0.3814,0.3778,0.3791,10463125.0
1742497200000,0.379,0.381,0.3777,0.3802,8494527.0
1742500800000,0.3801,0.3829,0.3791,0.3812,9847957.0
1742504400000,0.3811,0.3843,0.3808,0.3819,9292492.0
1742508000000,0.3818,0.3843,0.38,0.3808,11274050.0
1742511600000,0.3809,0.3843,0.3798,0.3835,9995140.0
1742515200000,0.3836,0.3886,0.383,0.3839,20341967.0
1742518800000,0.384,0.3852,0.3786,0.3804,15036106.0
1742522400000,0.3803,0.3813,0.3774,0.3785,13048491.0
1742526000000,0.3785,0.3789,0.3732,0.374,13162877.0
1742529600000,0.374,0.3788,0.3739,0.3772,12219347.0
1742533200000,0.3772,0.3772,0.3747,0.3761,9041665.0
1742536800000,0.3761,0.3763,0.3707,0.3729,16001510.0
1742540400000,0.3729,0.3736,0.3694,0.371,23288465.0
1742544000000,0.371,0.3733,0.3679,0.3691,20773670.0
1742547600000,0.3691,0.3709,0.3667,0.3678,20116140.0
1742551200000,0.3678,0.3681,0.3626,0.3641,28500700.0
1742554800000,0.3641,0.3658,0.3627,0.3651,14800496.0
1742558400000,0.3652,0.3665,0.3613,0.362,20076328.0
1742562000000,0.3619,0.3665,0.3606,0.3655,22360222.0
1742565600000,0.3655,0.3666,0.3617,0.3652,17856540.0
1742569200000,0.3652,0.3654,0.3574,0.3581,66877593.0
1742572800000,0.3581,0.3626,0.3572,0.362,34376357.0
1742576400000,0.362,0.3626,0.3596,0.3609,12226259.0
1742580000000,0.3609,0.3638,0.3597,0.36,21720471.0
1742583600000,0.3601,0.3613,0.3583,0.3596,11109239.0
1742587200000,0.3596,0.361,0.3587,0.3605,14509511.0
1742590800000,0.3605,0.3632,0.3586,0.3595,12558686.0
1742594400000,0.3596,0.3597,0.352,0.3521,40287625.0
1742598000000,0.352,0.3544,0.3485,0.3504,45893877.0
1742601600000,0.3505,0.3539,0.3493,0.3537,21561818.0
1742605200000,0.3537,0.3573,0.352,0.3534,26031219.0
1742608800000,0.3534,0.3556,0.3523,0.3535,10568616.0
1742612400000,0.3535,0.3538,0.351,0.3522,10839336.0
1742616000000,0.3522,0.3587,0.3503,0.3567,25706992.0
1742619600000,0.3567,0.3577,0.3547,0.3574,14731014.0
1742623200000,0.3573,0.3619,0.3555,0.3585,25888796.0
1742626800000,0.3584,0.3595,0.357,0.3575,16484945.0
1742630400000,0.3575,0.3603,0.3571,0.3573,12627863.0
1742634000000,0.3572,0.3631,0.3572,0.36,19711691.0
1742637600000,0.3601,0.3611,0.3579,0.3594,19008558.0
1742641200000,0.3594,0.3596,0.3562,0.3572,17857887.0
1742644800000,0.3571,0.36,0.3559,0.3573,15889767.0
1742648400000,0.3574,0.359,0.3559,0.3588,12315048.0
1742652000000,0.3587,0.3588,0.3525,0.3529,21350649.0
1742655600000,0.3529,0.3574,0.3522,0.3562,15384373.0
1742659200000,0.3561,0.358,0.3541,0.3553,14942595.0
1742662800000,0.3553,0.3564,0.3541,0.3544,10391638.0
1742666400000,0.3544,0.3573,0.3544,0.3564,10693909.0
1742670000000,0.3563,0.3584,0.3558,0.3578,9183200.0
1742673600000,0.3577,0.3587,0.3562,0.357,8634101.0
1742677200000,0.3571,0.3585,0.3547,0.3568,11454540.0
1742680800000,0.3568,0.3594,0.3567,0.3581,9597946.0
1742684400000,0.358,0.3589,0.3543,0.3553,11282296.0
1742688000000,0.3553,0.3571,0.3532,0.355,13420026.0
1742691600000,0.355,0.3578,0.3541,0.3563,9441140.0
1742695200000,0.3563,0.3607,0.3552,0.3592,14111552.0
1742698800000,0.3592,0.3623,0.3574,0.3623,10513613.0
1742702400000,0.3622,0.3623,0.3591,0.3605,12286322.0
1742706000000,0.3605,0.3617,0.3577,0.3606,9759075.0
1742709600000,0.3606,0.3624,0.3582,0.3614,8871619.0
1742713200000,0.3614,0.3633,0.3604,0.3607,8757351.0
1742716800000,0.3607,0.3648,0.3602,0.3629,18489745.0
1742720400000,0.363,0.3674,0.3629,0.3667,17020845.0
1742724000000,0.3668,0.3697,0.3663,0.3675,15652627.0
1742727600000,0.3676,0.3696,0.366,0.3671,18711173.0
1742731200000,0.3671,0.3696,0.3649,0.3673,17672896.0
1742734800000,0.3674,0.3747,0.3662,0.3738,36438865.0
1742738400000,0.3739,0.3747,0.3689,0.3705,25996285.0
1742742000000,0.3705,0.3738,0.3697,0.3713,16004855.0
1742745600000,0.3713,0.3715,0.365,0.3653,28457208.0
1742749200000,0.3652,0.3666,0.3617,0.364,25262390.0
1742752800000,0.364,0.3661,0.3626,0.3657,11445059.0
1742756400000,0.3656,0.3687,0.3651,0.3673,11387378.0
1742760000000,0.3673,0.3689,0.3656,0.3657,6045870.0
1742763600000,0.3656,0.3668,0.3637,0.3666,10417786.0
1742767200000,0.3666,0.3697,0.3652,0.3665,8394428.0
1742770800000,0.3665,0.3704,0.3665,0.3704,10084232.0
1742774400000,0.3704,0.3816,0.3679,0.3745,38841400.0
1742778000000,0.3745,0.3777,0.3673,0.3688,32770566.0
1742781600000,0.3687,0.3794,0.368,0.378,17311638.0
1742785200000,0.3781,0.393,0.377,0.3919,64230305.0
1742788800000,0.3918,0.3963,0.3891,0.395,32967025.0
1742792400000,0.395,0.3989,0.3916,0.3928,37880655.0
1742796000000,0.3929,0.3958,0.3905,0.3925,27584808.0
1742799600000,0.3925,0.3943,0.3872,0.3884,17752632.0
1742803200000,0.3884,0.3975,0.3881,0.3954,26747883.0
1742806800000,0.3954,0.4021,0.3943,0.401,34067684.0
1742810400000,0.4011,0.4029,0.3962,0.4002,25798623.0
1742814000000,0.4002,0.4004,0.3949,0.3962,21721105.0
1742817600000,0.3963,0.3999,0.3934,0.3992,21092256.0
1742821200000,0.3991,0.4076,0.3964,0.4036,35251632.0
1742824800000,0.4035,0.4091,0.3994,0.4001,53257736.0
1742828400000,0.4002,0.4035,0.3963,0.3996,30648613.0
1742832000000,0.3997,0.4021,0.3966,0.401,31421359.0
1742835600000,0.401,0.4043,0.3999,0.402,16865569.0
1742839200000,0.4019,0.403,0.3983,0.4024,12169936.0
1742842800000,0.4024,0.4029,0.4003,0.4013,6637026.0
1742846400000,0.4012,0.4053,0.4,0.4045,13105160.0
1742850000000,0.4044,0.4089,0.404,0.4087,19477782.0
1742853600000,0.4087,0.4089,0.4052,0.4066,12560986.0
1742857200000,0.4067,0.4098,0.4029,0.4087,20944351.0
1742860800000,0.4086,0.411,0.4054,0.4077,27091639.0
1742864400000,0.4078,0.4081,0.3954,0.3994,51425277.0
1742868000000,0.3994,0.4005,0.3966,0.398,13912725.0
1742871600000,0.3981,0.3997,0.3941,0.3959,21340414.0
1742875200000,0.3958,0.3984,0.3945,0.3976,14638191.0
1742878800000,0.3977,0.4004,0.3972,0.3981,12798100.0
1742882400000,0.3981,0.4016,0.3974,0.4009,10800968.0
1742886000000,0.4009,0.406,0.3997,0.402,23038902.0
1742889600000,0.4021,0.4145,0.3995,0.4113,50259095.0
1742893200000,0.4113,0.4185,0.4092,0.4153,33037804.0
1742896800000,0.4154,0.4231,0.4144,0.4209,27972601.0
1742900400000,0.421,0.4271,0.4184,0.4263,30094492.0
1742904000000,0.4263,0.4315,0.4204,0.4258,55027594.0
1742907600000,0.4259,0.4424,0.4235,0.4345,84249277.0
1742911200000,0.4345,0.4352,0.425,0.4276,38958830.0
1742914800000,0.4275,0.4388,0.4275,0.4337,37851209.0
1742918400000,0.4337,0.436,0.4271,0.4284,30054719.0
1742922000000,0.4285,0.431,0.4237,0.4248,21277575.0
1742925600000,0.4248,0.4262,0.4186,0.4203,28069643.0
1742929200000,0.4202,0.4232,0.4148,0.4182,25299963.0
1742932800000,0.4182,0.4213,0.4157,0.4166,19081441.0
1742936400000,0.4166,0.4198,0.4162,0.4181,10918554.0
1742940000000,0.4181,0.4214,0.4163,0.4211,11217616.0
1742943600000,0.4212,0.4249,0.4188,0.4242,16582662.0
1742947200000,0.4243,0.4257,0.4188,0.4207,24206453.0
1742950800000,0.4207,0.4248,0.4168,0.4226,20926715.0
1742954400000,0.4226,0.4236,0.4175,0.4191,21030675.0
1742958000000,0.4191,0.4201,0.413,0.4137,22323250.0
1742961600000,0.4137,0.4152,0.4119,0.4147,15214078.0
1742965200000,0.4147,0.4192,0.4126,0.4166,19893028.0
1742968800000,0.4167,0.426,0.4164,0.4255,26623773.0
1742972400000,0.4255,0.4315,0.4235,0.4299,23473838.0
1742976000000,0.43,0.4307,0.4242,0.4264,20724709.0
1742979600000,0.4264,0.4285,0.4209,0.4284,22714871.0
1742983200000,0.4284,0.4373,0.4271,0.4335,34012941.0
1742986800000,0.4334,0.4342,0.4275,0.4277,21717454.0
1742990400000,0.4278,0.4323,0.4233,0.4313,32394226.0
1742994000000,0.4313,0.4358,0.423,0.4243,48476584.0
1742997600000,0.4242,0.4301,0.4177,0.4235,74689337.0
1743001200000,0.4234,0.4257,0.4141,0.4169,48961198.0
1743004800000,0.4169,0.4228,0.4158,0.4195,24174135.0
1743008400000,0.4194,0.4228,0.4144,0.4155,27426892.0
1743012000000,0.4155,0.4157,0.4038,0.4053,53847701.0
1743015600000,0.4054,0.4094,0.4016,0.4075,31529934.0
1743019200000,0.4075,0.4157,0.4072,0.4132,19491874.0
1743022800000,0.4132,0.4152,0.4053,0.4102,20499112.0
1743026400000,0.4102,0.4103,0.4064,0.4079,9561274.0
1743030000000,0.4078,0.4096,0.4044,0.409,14896818.0
1743033600000,0.409,0.4219,0.406,0.4218,27580548.0
1743037200000,0.4217,0.4247,0.4201,0.423,24029460.0
1743040800000,0.423,0.4357,0.422,0.433,33815615.0
1743044400000,0.4331,0.4353,0.4295,0.4347,18449726.0
1743048000000,0.4347,0.4348,0.4268,0.4281,15950627.0
1743051600000,0.4281,0.4346,0.4267,0.4339,19142735.0
1743055200000,0.4339,0.4357,0.4306,0.4327,21361029.0
1743058800000,0.4326,0.4381,0.4313,0.4323,28456400.0
1743062400000,0.4322,0.4341,0.4273,0.4323,25073471.0
1743066000000,0.4322,0.436,0.4285,0.4313,32969737.0
1743069600000,0.4313,0.4353,0.4289,0.4307,15849974.0
1743073200000,0.4307,0.4326,0.4273,0.4301,18959953.0
1743076800000,0.4302,0.4359,0.4261,0.4316,25364786.0
1743080400000,0.4316,0.4351,0.4232,0.4303,50055904.0
1743084000000,0.4303,0.4346,0.4228,0.4343,36098158.0
1743087600000,0.4343,0.4345,0.4174,0.4208,39319105.0
1743091200000,0.4208,0.4264,0.4197,0.4222,18450172.0
1743094800000,0.4223,0.4255,0.419,0.4198,14302299.0
1743098400000,0.4197,0.4455,0.4193,0.4371,65962117.0
1743102000000,0.4371,0.4395,0.4275,0.4293,36203338.0
1743105600000,0.4293,0.434,0.4225,0.4317,40181252.0
1743109200000,0.4316,0.4355,0.4302,0.4321,10283390.0
1743112800000,0.4321,0.4324,0.4301,0.4305,8708793.0
1743116400000,0.4305,0.4338,0.4283,0.4294,12028164.0
1743120000000,0.4294,0.4313,0.4225,0.4264,18919596.0
1743123600000,0.4265,0.429,0.4201,0.4239,24465580.0
1743127200000,0.424,0.4257,0.4203,0.4213,11426663.0
1743130800000,0.4214,0.4215,0.4146,0.4154,18975183.0
1743134400000,0.4155,0.4172,0.4072,0.4108,36706241.0
1743138000000,0.4109,0.4111,0.3988,0.4,30331482.0
1743141600000,0.3999,0.4045,0.396,0.3961,29231465.0
1743145200000,0.3961,0.3988,0.3918,0.3932,33477858.0
1743148800000,0.3933,0.3964,0.3885,0.3919,29754835.0
1743152400000,0.392,0.393,0.3891,0.39,20298283.0
1743156000000,0.39,0.3917,0.3876,0.3891,17152591.0
1743159600000,0.389,0.3938,0.3852,0.3895,51427886.0
1743163200000,0.3895,0.3922,0.3853,0.387,29548790.0
1743166800000,0.387,0.3909,0.3834,0.3836,27707770.0
1743170400000,0.3836,0.3871,0.3812,0.3867,31645163.0
1743174000000,0.3866,0.39,0.3841,0.3885,19699773.0
1743177600000,0.3886,0.3918,0.3851,0.3858,23657076.0
1743181200000,0.3857,0.3889,0.383,0.3884,26486794.0
1743184800000,0.3883,0.3895,0.3837,0.3865,15826139.0
1743188400000,0.3864,0.3883,0.3832,0.3851,11119652.0
1743192000000,0.3851,0.3886,0.382,0.3834,14690793.0
1743195600000,0.3833,0.3883,0.3817,0.3837,12850667.0
1743199200000,0.3836,0.3892,0.3833,0.3888,9259422.0
1743202800000,0.3887,0.3887,0.3848,0.3853,8440376.0
1743206400000,0.3853,0.3886,0.3847,0.3867,10367299.0
1743210000000,0.3868,0.3908,0.3853,0.3894,11896790.0
1743213600000,0.3894,0.3922,0.3841,0.3851,16889299.0
1743217200000,0.3849,0.3944,0.3825,0.3931,19577501.0
1743220800000,0.3932,0.3945,0.386,0.3867,12283304.0
1743224400000,0.3866,0.3879,0.3834,0.385,12372468.0
1743228000000,0.385,0.3852,0.3775,0.3804,32068428.0
1743231600000,0.3804,0.3818,0.375,0.3772,24587746.0
1743235200000,0.3771,0.3789,0.3745,0.3758,15120592.0
1743238800000,0.3758,0.3775,0.3703,0.374,21648547.0
1743242400000,0.374,0.3745,0.371,0.3718,12036761.0
1743246000000,0.3718,0.3739,0.3675,0.3716,37535754.0
1743249600000,0.3716,0.3759,0.3702,0.3754,16233655.0
1743253200000,0.3753,0.3811,0.3746,0.3787,26970313.0
1743256800000,0.3787,0.3793,0.3732,0.3733,14254018.0
1743260400000,0.3733,0.3748,0.3712,0.3731,9968285.0
1743264000000,0.3731,0.3743,0.3687,0.3695,15019408.0
1743267600000,0.3695,0.3732,0.3651,0.3673,30917734.0
1743271200000,0.3673,0.3719,0.3669,0.3684,16539410.0
1743274800000,0.3684,0.3707,0.3662,0.3707,7651135.0
1743278400000,0.3707,0.3711,0.364,0.3653,24067037.0
1743282000000,0.3653,0.3683,0.3652,0.3665,7264136.0
1743285600000,0.3666,0.3674,0.3642,0.3653,6218957.0
1743289200000,0.3653,0.3653,0.3602,0.364,19472967.0
1743292800000,0.364,0.3642,0.3577,0.3637,24125295.0
1743296400000,0.3636,0.3679,0.3622,0.3622,14553101.0
1743300000000,0.3623,0.3678,0.3623,0.3645,9825450.0
1743303600000,0.3645,0.3679,0.3614,0.3621,16088256.0
1743307200000,0.3622,0.3665,0.3621,0.3651,11261707.0
1743310800000,0.3651,0.3654,0.3606,0.3612,9860561.0
1743314400000,0.3613,0.3643,0.3582,0.361,14270147.0
1743318000000,0.3611,0.3617,0.3587,0.3604,10812473.0
1743321600000,0.3603,0.3656,0.3602,0.3645,13277222.0
1743325200000,0.3645,0.3654,0.3625,0.3628,11375655.0
1743328800000,0.3628,0.3658,0.362,0.3648,28949814.0
1743332400000,0.3648,0.3704,0.3643,0.37,22406650.0
1743336000000,0.3701,0.3748,0.3685,0.3729,28971351.0
1743339600000,0.373,0.3756,0.3655,0.3656,54311431.0
1743343200000,0.3656,0.3699,0.3641,0.3691,28925403.0
1743346800000,0.3691,0.3716,0.3661,0.3689,11898784.0
1743350400000,0.3689,0.3713,0.365,0.3658,16601609.0
1743354000000,0.3657,0.3703,0.363,0.3695,16112278.0
1743357600000,0.3695,0.3757,0.3692,0.3746,11641671.0
1743361200000,0.3747,0.3782,0.3715,0.3719,16962881.0
1743364800000,0.3719,0.3735,0.3701,0.3706,6367683.0
1743368400000,0.3706,0.3736,0.3666,0.3683,8387715.0
1743372000000,0.3682,0.3735,0.3633,0.371,20399092.0
1743375600000,0.3709,0.3711,0.3662,0.3696,17511160.0
1743379200000,0.3697,0.3718,0.3623,0.3653,18056674.0
1743382800000,0.3654,0.3746,0.3635,0.3701,20398920.0
1743386400000,0.3701,0.3706,0.3627,0.3628,20147545.0
1743390000000,0.3628,0.365,0.3524,0.3532,46111526.0
1743393600000,0.3533,0.3588,0.3507,0.3577,28570699.0
1743397200000,0.3577,0.363,0.3577,0.3592,15434549.0
1743400800000,0.3593,0.3605,0.3515,0.354,20509853.0
1743404400000,0.354,0.3555,0.348,0.3509,27843029.0
1743408000000,0.3509,0.3544,0.35,0.3505,16836072.0
1743411600000,0.3505,0.3516,0.3442,0.3475,39375508.0
1743415200000,0.3475,0.354,0.3434,0.3535,43856555.0
1743418800000,0.3536,0.3538,0.3466,0.3511,16930763.0
1743422400000,0.351,0.357,0.348,0.3551,17387291.0
1743426000000,0.3552,0.3557,0.3418,0.348,56384457.0
1743429600000,0.3481,0.36,0.3481,0.3566,79575495.0
1743433200000,0.3566,0.3628,0.3566,0.3581,32756426.0
1743436800000,0.3581,0.36,0.3508,0.3526,39725996.0
1743440400000,0.3525,0.3568,0.3471,0.3494,43674941.0
1743444000000,0.3495,0.359,0.3495,0.3563,25508963.0
1743447600000,0.3563,0.358,0.3501,0.3514,19618370.0
1743451200000,0.3515,0.3531,0.3488,0.3493,10833292.0
1743454800000,0.3492,0.352,0.3492,0.3494,6796263.0
1743458400000,0.3494,0.35,0.3463,0.3489,10679751.0
1743462000000,0.3488,0.3496,0.3422,0.3436,20382700.0
1743465600000,0.3436,0.3477,0.3421,0.3453,21741664.0
1743469200000,0.3452,0.3464,0.342,0.3429,13380803.0
1743472800000,0.3428,0.3509,0.3426,0.3505,25578263.0
1743476400000,0.3506,0.3537,0.3472,0.348,15036747.0
1743480000000,0.3481,0.3515,0.3458,0.3495,14875361.0
1743483600000,0.3496,0.3528,0.3472,0.3475,19701854.0
1743487200000,0.3475,0.3524,0.3457,0.3497,20104742.0
1743490800000,0.3498,0.3526,0.3463,0.3489,35426828.0
1743494400000,0.349,0.3607,0.3488,0.3583,56859906.0
1743498000000,0.3583,0.3631,0.3583,0.363,34964858.0
1743501600000,0.363,0.3635,0.3548,0.3555,32176294.0
1743505200000,0.3555,0.3562,0.3506,0.354,27880343.0
1743508800000,0.354,0.358,0.3523,0.3561,21161243.0
1743512400000,0.3562,0.3588,0.3528,0.3572,20894633.0
1743516000000,0.3572,0.363,0.3492,0.3622,43370004.0
1743519600000,0.3622,0.3737,0.3604,0.3704,78970552.0
1743523200000,0.3705,0.3728,0.3642,0.3673,33256620.0
1743526800000,0.3673,0.3723,0.366,0.3696,21962327.0
1743530400000,0.3695,0.3709,0.3636,0.3706,28056908.0
1743534000000,0.3706,0.3716,0.3681,0.3696,13844174.0
1743537600000,0.3696,0.3715,0.3665,0.3706,12478942.0
1743541200000,0.3707,0.3745,0.3675,0.3689,18095550.0
1743544800000,0.369,0.3734,0.3687,0.3702,9191298.0
1743548400000,0.3702,0.3738,0.3661,0.369,16397835.0
1743552000000,0.3689,0.3705,0.3632,0.3644,17944861.0
1743555600000,0.3644,0.3659,0.361,0.364,19554435.0
1743559200000,0.3639,0.3648,0.358,0.3601,23251810.0
1743562800000,0.3601,0.3657,0.3599,0.3621,13458390.0
1743566400000,0.3621,0.3645,0.3582,0.3599,12881125.0
1743570000000,0.36,0.36,0.3507,0.352,41374031.0
1743573600000,0.3519,0.3591,0.3514,0.3525,23344284.0
1743577200000,0.3525,0.3546,0.3499,0.3525,23855839.0
1743580800000,0.3525,0.3568,0.3504,0.3543,20369804.0
1743584400000,0.3544,0.3622,0.3541,0.3576,37386538.0
1743588000000,0.3576,0.3607,0.3546,0.3558,18530374.0
1743591600000,0.3559,0.3582,0.3533,0.3537,13382795.0
1743595200000,0.3538,0.3561,0.352,0.356,16457345.0
1743598800000,0.3559,0.363,0.3509,0.3574,40098023.0
1743602400000,0.3573,0.3615,0.3551,0.3581,26953336.0
1743606000000,0.3581,0.378,0.3574,0.3714,115581075.0
1743609600000,0.3714,0.3764,0.3691,0.3707,57887960.0
1743613200000,0.3706,0.3718,0.3581,0.3601,45691976.0
1743616800000,0.36,0.3634,0.3586,0.3615,39272377.0
1743620400000,0.3616,0.3659,0.3587,0.3656,20600187.0
1743624000000,0.3656,0.3847,0.3562,0.3666,127251860.0
1743627600000,0.3666,0.3681,0.3527,0.356,60214391.0
1743631200000,0.356,0.356,0.3363,0.3369,56749207.0
1743634800000,0.3368,0.3385,0.3296,0.3306,48167908.0
1743638400000,0.3306,0.3443,0.3287,0.3418,68575489.0
1743642000000,0.3418,0.3423,0.3349,0.3362,34967454.0
1743645600000,0.3361,0.3407,0.3355,0.3402,22450234.0
1743649200000,0.3403,0.3404,0.3337,0.336,19655755.0
1743652800000,0.336,0.3385,0.334,0.3359,21504256.0
1743656400000,0.3358,0.337,0.33,0.3303,35694858.0
1743660000000,0.3304,0.3325,0.3223,0.3234,71412885.0
1743663600000,0.3235,0.3237,0.3171,0.3201,67905221.0
1743667200000,0.3201,0.3241,0.3193,0.3225,28701507.0
1743670800000,0.3225,0.3228,0.3171,0.3174,31787155.0
1743674400000,0.3174,0.3202,0.308,0.3091,70978039.0
1743678000000,0.3091,0.3099,0.3046,0.3071,61519088.0
1743681600000,0.3071,0.3093,0.2991,0.301,77137688.0
1743685200000,0.301,0.3092,0.3005,0.3079,57609692.0
1743688800000,0.3079,0.3079,0.3008,0.3022,43059692.0
1743692400000,0.3021,0.308,0.3019,0.3058,37900827.0
1743696000000,0.3057,0.3105,0.3051,0.3057,34249235.0
1743699600000,0.3058,0.3088,0.3046,0.3073,23168368.0
1743703200000,0.3074,0.3136,0.3052,0.3107,32878425.0
1743706800000,0.3106,0.3122,0.3065,0.3081,25881887.0
1743710400000,0.3081,0.3142,0.3058,0.312,26019622.0
1743714000000,0.312,0.3183,0.3111,0.3171,29109511.0
1743717600000,0.3171,0.3176,0.3113,0.3122,25865231.0
1743721200000,0.3122,0.315,0.3103,0.3144,14587277.0
1743724800000,0.3144,0.3172,0.3123,0.3137,19322592.0
1743728400000,0.3137,0.3159,0.3092,0.3105,21814851.0
1743732000000,0.3105,0.3158,0.3105,0.3135,25214507.0
1743735600000,0.3135,0.3143,0.3107,0.3135,16560020.0
1743739200000,0.3136,0.3147,0.311,0.3123,12851433.0
1743742800000,0.3123,0.3177,0.3094,0.3158,26906370.0
1743746400000,0.3157,0.3168,0.3143,0.315,11880671.0
1743750000000,0.315,0.32,0.315,0.3181,26159643.0
1743753600000,0.318,0.3216,0.3171,0.318,28069013.0
1743757200000,0.3181,0.3186,0.3145,0.3148,30007754.0
1743760800000,0.3149,0.3155,0.3,0.3009,103944292.0
1743764400000,0.3008,0.3023,0.2914,0.2952,121498592.0
1743768000000,0.2951,0.2996,0.2906,0.2989,76828246.0
1743771600000,0.2989,0.3018,0.2935,0.3003,56000006.0
1743775200000,0.3003,0.3016,0.2924,0.2982,80103932.0
1743778800000,0.2981,0.3093,0.2979,0.3053,95925156.0
1743782400000,0.3053,0.3099,0.3024,0.3085,33899496.0
1743786000000,0.3084,0.316,0.3057,0.3153,63492819.0
1743789600000,0.3153,0.316,0.3074,0.3078,32118728.0
1743793200000,0.3078,0.312,0.3067,0.3113,21040962.0
1743796800000,0.3113,0.3162,0.3085,0.3155,21673410.0
1743800400000,0.3154,0.3176,0.3122,0.3152,17357132.0
1743804000000,0.3153,0.3198,0.3145,0.318,20360782.0
1743807600000,0.3181,0.3185,0.3146,0.3183,18107215.0
1743811200000,0.3184,0.325,0.318,0.3229,27510058.0
1743814800000,0.323,0.3275,0.3205,0.3253,23974016.0
1743818400000,0.3254,0.3259,0.3212,0.3219,15392627.0
1743822000000,0.3219,0.3254,0.3206,0.3254,11559325.0
1743825600000,0.3254,0.3257,0.3225,0.3251,19729450.0
1743829200000,0.3251,0.3268,0.322,0.3226,16574238.0
1743832800000,0.3226,0.3233,0.3183,0.32,22799360.0
1743836400000,0.32,0.3223,0.3188,0.3219,11158695.0
1743840000000,0.322,0.3246,0.3197,0.3242,28277907.0
1743843600000,0.3243,0.3313,0.3241,0.3304,29958603.0
1743847200000,0.3305,0.3327,0.3282,0.3311,31474563.0
1743850800000,0.3311,0.3313,0.3254,0.3261,25325226.0
1743854400000,0.3261,0.3285,0.3215,0.3232,35601651.0
1743858000000,0.3233,0.3236,0.3166,0.3195,52558272.0
1743861600000,0.3195,0.3226,0.3177,0.3216,39999259.0
1743865200000,0.3217,0.3219,0.3151,0.3166,33338865.0
1743868800000,0.3167,0.3188,0.316,0.3183,13226362.0
1743872400000,0.3183,0.3193,0.3155,0.3182,14876950.0
1743876000000,0.3182,0.3196,0.3166,0.3189,12186544.0
1743879600000,0.3189,0.3196,0.316,0.3176,11898768.0
1743883200000,0.3176,0.3219,0.3168,0.3199,15555109.0
1743886800000,0.3199,0.3202,0.3163,0.3168,10258586.0
1743890400000,0.3168,0.3196,0.3168,0.3189,5922853.0
1743894000000,0.3188,0.3203,0.3172,0.3197,11816674.0
1743897600000,0.3198,0.3201,0.3159,0.3163,18983725.0
1743901200000,0.3163,0.3186,0.3133,0.3146,15333073.0
1743904800000,0.3146,0.3166,0.3135,0.3153,15142114.0
1743908400000,0.3153,0.3164,0.3135,0.3158,11540737.0
1743912000000,0.3158,0.3159,0.3135,0.3159,5642812.0
1743915600000,0.3158,0.3187,0.3156,0.3174,11918059.0
1743919200000,0.3174,0.3178,0.3125,0.3126,11511678.0
1743922800000,0.3126,0.3138,0.3106,0.3108,16632415.0
1743926400000,0.3108,0.3124,0.3078,0.3116,24093054.0
1743930000000,0.3117,0.3126,0.3086,0.309,11471728.0
1743933600000,0.309,0.3102,0.3064,0.3074,14017943.0
1743937200000,0.3074,0.3074,0.3053,0.3067,12962812.0
1743940800000,0.3066,0.3082,0.3029,0.3032,18739636.0
1743944400000,0.3032,0.3046,0.2907,0.293,75386008.0
1743948000000,0.293,0.2968,0.2902,0.2967,56051291.0
1743951600000,0.2967,0.2981,0.2919,0.2922,36594425.0
1743955200000,0.2922,0.2933,0.2853,0.2868,63197896.0
1743958800000,0.2867,0.2883,0.2809,0.2875,95299738.0
1743962400000,0.2875,0.2879,0.28,0.2803,83264125.0
1743966000000,0.2804,0.2843,0.2776,0.2825,50101050.0
1743969600000,0.2825,0.2835,0.2716,0.272,62491756.0
1743973200000,0.2721,0.2769,0.2716,0.2736,26938716.0
1743976800000,0.2735,0.2791,0.2708,0.2749,51840190.0
1743980400000,0.2748,0.2798,0.2707,0.2761,51681360.0
1743984000000,0.2761,0.2768,0.2712,0.2737,33328095.0
1743987600000,0.2738,0.2817,0.2734,0.2781,38437677.0
1743991200000,0.278,0.2794,0.2738,0.2756,24017530.0
1743994800000,0.2756,0.2764,0.2613,0.2659,70498937.0
1743998400000,0.2659,0.2722,0.2649,0.2688,29885345.0
1744002000000,0.2689,0.2752,0.2665,0.2712,63587975.0
1744005600000,0.2711,0.2727,0.2496,0.2596,143803768.0
1744009200000,0.2597,0.2731,0.2595,0.2642,96101085.0
1744012800000,0.2641,0.2734,0.2633,0.2716,66102907.0
1744016400000,0.2716,0.2744,0.2684,0.2697,45055265.0
1744020000000,0.2697,0.2771,0.2697,0.2736,35075409.0
1744023600000,0.2736,0.2776,0.2695,0.2712,34475632.0
1744027200000,0.2712,0.2822,0.2712,0.2806,55775325.0
1744030800000,0.2806,0.292,0.2735,0.2898,88643277.0
1744034400000,0.2898,0.3059,0.288,0.2946,180789024.0
1744038000000,0.2946,0.2967,0.2864,0.2902,57140643.0
1744041600000,0.2901,0.2907,0.2834,0.2846,41540174.0
1744045200000,0.2846,0.2941,0.2846,0.2902,38844856.0
1744048800000,0.2903,0.2917,0.2874,0.2879,20336964.0
1744052400000,0.2879,0.2907,0.2866,0.2878,20452625.0
1744056000000,0.2878,0.2958,0.2878,0.294,15817930.0
1744059600000,0.2939,0.2942,0.2905,0.2931,11398523.0
1744063200000,0.2931,0.2962,0.292,0.2946,18919644.0
1744066800000,0.2946,0.2952,0.2904,0.2922,15839330.0
1744070400000,0.2921,0.2927,0.2874,0.2881,19289123.0
1744074000000,0.288,0.2996,0.2872,0.2992,21010246.0
1744077600000,0.2992,0.3025,0.2972,0.2978,27739359.0
1744081200000,0.2978,0.2991,0.2946,0.2958,15979637.0
1744084800000,0.2958,0.2992,0.2943,0.2991,29964615.0
1744088400000,0.299,0.2997,0.2946,0.298,79312814.0
1744092000000,0.298,0.2981,0.2932,0.2936,22646184.0
1744095600000,0.2934,0.2964,0.2917,0.2957,16365371.0
1744099200000,0.2956,0.2958,0.2919,0.2956,16617798.0
1744102800000,0.2955,0.298,0.2937,0.2944,16431322.0
1744106400000,0.2944,0.2977,0.2936,0.296,25643826.0
1744110000000,0.2961,0.3055,0.2959,0.3052,33736924.0
1744113600000,0.3051,0.3059,0.3015,0.3036,31494821.0
1744117200000,0.3035,0.3082,0.3019,0.3044,49021644.0
1744120800000,0.3043,0.3067,0.2971,0.2974,45004313.0
1744124400000,0.2975,0.2993,0.2934,0.2958,38754724.0
1744128000000,0.2958,0.2958,0.2861,0.2876,43265329.0
1744131600000,0.2877,0.2885,0.2817,0.2855,44770760.0
1744135200000,0.2856,0.2869,0.2812,0.2818,32464541.0
1744138800000,0.2819,0.2834,0.2763,0.2784,36818483.0
1744142400000,0.2785,0.2819,0.2765,0.2799,19648161.0
1744146000000,0.28,0.2807,0.2736,0.278,16520650.0
1744149600000,0.2779,0.278,0.273,0.2758,25374390.0
1744153200000,0.2759,0.2761,0.2734,0.2753,14235025.0
1744156800000,0.2753,0.2791,0.2737,0.2743,21054112.0
1744160400000,0.2744,0.2755,0.2625,0.2723,79309592.0
1744164000000,0.2724,0.2752,0.2691,0.2699,30258966.0
1744167600000,0.2699,0.2723,0.2661,0.2681,36684213.0
1744171200000,0.268,0.2759,0.2671,0.2737,29308329.0
1744174800000,0.2737,0.2796,0.2735,0.2768,27618020.0
1744178400000,0.2767,0.2854,0.2763,0.2844,33385836.0
1744182000000,0.2844,0.2908,0.2837,0.2892,72290337.0
1744185600000,0.2892,0.2904,0.2865,0.2893,25479259.0
1744189200000,0.2893,0.2914,0.2855,0.2869,31580150.0
1744192800000,0.287,0.2913,0.2851,0.2897,30619471.0
1744196400000,0.2897,0.2902,0.2796,0.2822,71795551.0
1744200000000,0.2823,0.2847,0.2775,0.2823,32457941.0
1744203600000,0.2823,0.2905,0.2805,0.2883,54651891.0
1744207200000,0.2883,0.2917,0.2822,0.2825,41542032.0
1744210800000,0.2825,0.2864,0.282,0.2843,63524797.0
1744214400000,0.2844,0.2907,0.2837,0.29,32785445.0
1744218000000,0.29,0.3224,0.2893,0.3215,193461950.0
1744221600000,0.3216,0.3259,0.3158,0.316,106896491.0
1744225200000,0.316,0.3224,0.3158,0.3202,26632319.0
1744228800000,0.3203,0.3249,0.3192,0.3241,21734919.0
1744232400000,0.3241,0.3259,0.319,0.3225,27706284.0
1744236000000,0.3224,0.3232,0.3195,0.32,12368456.0
1744239600000,0.3201,0.3207,0.3151,0.3165,18772890.0
1744243200000,0.3166,0.3167,0.3062,0.3104,46341088.0
1744246800000,0.3103,0.3123,0.3084,0.3106,19352627.0
1744250400000,0.3105,0.3135,0.3083,0.3083,21176358.0
1744254000000,0.3084,0.3084,0.3008,0.3048,27123279.0
1744257600000,0.3048,0.3064,0.3018,0.3051,17581906.0
1744261200000,0.3051,0.3087,0.3036,0.3065,24719980.0
1744264800000,0.3065,0.3108,0.304,0.3072,32810396.0
1744268400000,0.3072,0.3081,0.3014,0.3041,23794404.0
1744272000000,0.3041,0.3048,0.2994,0.3001,39599064.0
1744275600000,0.3001,0.3017,0.2983,0.2998,31640096.0
1744279200000,0.2997,0.3007,0.2974,0.2997,16212170.0
1744282800000,0.2998,0.3001,0.2957,0.2981,21221650.0
1744286400000,0.2981,0.3062,0.2973,0.3011,48686863.0
1744290000000,0.3011,0.3103,0.294,0.3013,120857036.0
1744293600000,0.3012,0.3189,0.3,0.3091,122799947.0
1744297200000,0.3091,0.3101,0.2973,0.3,79563844.0
1744300800000,0.3,0.3033,0.2936,0.2972,56444402.0
1744304400000,0.2972,0.299,0.2931,0.2979,33090427.0
1744308000000,0.2979,0.3019,0.2973,0.301,24403726.0
1744311600000,0.3009,0.302,0.2966,0.2983,19475050.0
1744315200000,0.2982,0.3039,0.298,0.3027,13416950.0
1744318800000,0.3028,0.3049,0.3004,0.3008,13476295.0
1744322400000,0.3009,0.3033,0.2995,0.3011,16042129.0
1744326000000,0.3011,0.3047,0.3004,0.3024,10320200.0
1744329600000,0.3025,0.3052,0.2984,0.2994,21436693.0
1744333200000,0.2995,0.3058,0.2993,0.3055,19224862.0
1744336800000,0.3055,0.3111,0.3035,0.3078,20442057.0
1744340400000,0.3078,0.3141,0.3078,0.3113,25133566.0
1744344000000,0.3113,0.3139,0.3089,0.3097,19478648.0
1744347600000,0.3098,0.314,0.3093,0.314,22393533.0
1744351200000,0.314,0.3186,0.3136,0.3168,28627021.0
1744354800000,0.3169,0.3169,0.3126,0.3144,17350632.0
1744358400000,0.3145,0.3186,0.3112,0.3162,33767286.0
1744362000000,0.3163,0.3213,0.3144,0.3194,47761262.0
1744365600000,0.3194,0.3241,0.3161,0.3183,59026928.0
1744369200000,0.3182,0.3202,0.3138,0.3142,29134116.0
1744372800000,0.3142,0.3158,0.3115,0.3135,28581840.0
1744376400000,0.3135,0.3214,0.3116,0.3197,35934184.0
1744380000000,0.3197,0.3197,0.3111,0.3137,38412380.0
1744383600000,0.3136,0.3191,0.3121,0.3177,22415804.0
1744387200000,0.3178,0.3202,0.3148,0.3175,18958366.0
1744390800000,0.3175,0.322,0.3152,0.3218,30552209.0
1744394400000,0.3219,0.3239,0.3168,0.317,34030881.0
1744398000000,0.3169,0.3194,0.3153,0.316,14132525.0
1744401600000,0.3159,0.3173,0.3143,0.3154,13004735.0
1744405200000,0.3153,0.3199,0.3149,0.3159,12224058.0
1744408800000,0.3158,0.3163,0.3135,0.3137,8643709.0
1744412400000,0.3137,0.316,0.3116,0.3153,13240685.0
1744416000000,0.3154,0.318,0.3137,0.316,16141574.0
1744419600000,0.3159,0.3173,0.3154,0.3161,9862961.0
1744423200000,0.3161,0.3167,0.3082,0.3083,20250188.0
1744426800000,0.3083,0.3105,0.3073,0.309,21434772.0
1744430400000,0.309,0.3109,0.305,0.3107,27868171.0
1744434000000,0.3106,0.3116,0.3095,0.31,11676220.0
1744437600000,0.3099,0.3135,0.3099,0.3116,20339828.0
1744441200000,0.3117,0.3145,0.3105,0.3133,16824029.0
1744444800000,0.3134,0.3195,0.3125,0.3153,30519767.0
1744448400000,0.3153,0.3178,0.3131,0.3135,21107867.0
1744452000000,0.3135,0.3135,0.3086,0.3096,20121071.0
1744455600000,0.3097,0.3124,0.3092,0.3112,12057801.0
1744459200000,0.3112,0.3131,0.3094,0.3121,15721611.0
1744462800000,0.3121,0.3218,0.3109,0.3206,53124241.0
1744466400000,0.3207,0.33,0.319,0.3247,65808374.0
1744470000000,0.3247,0.3333,0.3227,0.3308,96158214.0
1744473600000,0.3307,0.3378,0.3284,0.3338,58703097.0
1744477200000,0.3338,0.3363,0.3291,0.335,31661221.0
1744480800000,0.335,0.3397,0.333,0.3381,28204826.0
1744484400000,0.3382,0.3392,0.3323,0.339,26002321.0
1744488000000,0.339,0.3435,0.3365,0.3419,34243549.0
1744491600000,0.342,0.3453,0.3386,0.3434,35934434.0
1744495200000,0.3435,0.3502,0.343,0.3453,54240599.0
1744498800000,0.3454,0.3485,0.3408,0.3421,27102996.0
1744502400000,0.3421,0.3442,0.3387,0.3429,25134780.0
1744506000000,0.343,0.3487,0.3376,0.3387,39574058.0
1744509600000,0.3387,0.341,0.3372,0.3396,20538951.0
1744513200000,0.3395,0.34,0.3346,0.3348,14551693.0
1744516800000,0.3349,0.3351,0.3248,0.326,39939261.0
1744520400000,0.326,0.3282,0.3248,0.3268,18604548.0
1744524000000,0.3267,0.3309,0.3254,0.3293,22590445.0
1744527600000,0.3293,0.3315,0.3263,0.3269,21438219.0
1744531200000,0.3269,0.3292,0.3252,0.3289,16472402.0
1744534800000,0.3289,0.3351,0.3283,0.334,34191622.0
1744538400000,0.334,0.3349,0.3307,0.3343,18365977.0
1744542000000,0.3343,0.3402,0.3306,0.3332,43663853.0
1744545600000,0.3331,0.3337,0.3295,0.3309,18797853.0
1744549200000,0.3309,0.3323,0.3148,0.3162,73675981.0
1744552800000,0.3162,0.3198,0.3145,0.3188,51292194.0
1744556400000,0.3188,0.3194,0.3159,0.3176,16458644.0
1744560000000,0.3175,0.3229,0.317,0.3213,24897372.0
1744563600000,0.3212,0.3339,0.3203,0.3319,35011602.0
1744567200000,0.3319,0.3329,0.3266,0.3287,30874078.0
1744570800000,0.3287,0.3288,0.3139,0.3193,51119653.0
1744574400000,0.3193,0.3248,0.3128,0.3137,42311257.0
1744578000000,0.3137,0.3139,0.3065,0.3108,29542051.0
1744581600000,0.3109,0.3128,0.3055,0.3058,16808825.0
1744585200000,0.3058,0.3093,0.3045,0.3075,20084492.0
1744588800000,0.3076,0.3169,0.3067,0.3114,28528180.0
1744592400000,0.3114,0.3146,0.3083,0.3098,20261324.0
1744596000000,0.3098,0.3226,0.3085,0.3158,39119131.0
1744599600000,0.3158,0.3164,0.3082,0.3089,32629234.0
1744603200000,0.309,0.3166,0.3083,0.3154,37503055.0
1744606800000,0.3155,0.3169,0.3085,0.3106,25582081.0
1744610400000,0.3106,0.3106,0.305,0.3061,21483702.0
1744614000000,0.306,0.3103,0.3041,0.3095,23763945.0
1744617600000,0.3096,0.3139,0.3079,0.3123,24678230.0
1744621200000,0.3124,0.3142,0.3059,0.3091,26652944.0
1744624800000,0.3091,0.3194,0.3085,0.3174,30808567.0
1744628400000,0.3175,0.3215,0.317,0.3183,29441666.0
1744632000000,0.3184,0.3196,0.3085,0.3147,61868120.0
1744635600000,0.3148,0.3186,0.3085,0.3107,58812269.0
1744639200000,0.3108,0.3205,0.3101,0.3141,48630608.0
1744642800000,0.3142,0.3148,0.2959,0.2983,100136369.0
1744646400000,0.2983,0.3009,0.2929,0.297,61859630.0
1744650000000,0.297,0.3022,0.2969,0.302,26805583.0
1744653600000,0.302,0.3031,0.2976,0.2988,30738637.0
1744657200000,0.2987,0.3018,0.2968,0.298,19783844.0
1744660800000,0.2981,0.2998,0.2957,0.2984,23111760.0
1744664400000,0.2983,0.2996,0.2938,0.2976,19086046.0
1744668000000,0.2977,0.2979,0.2945,0.2958,14067008.0
1744671600000,0.2958,0.2976,0.2938,0.2959,15368303.0
1744675200000,0.296,0.2969,0.291,0.2925,56671871.0
1744678800000,0.2925,0.2967,0.2892,0.2955,35092467.0
1744682400000,0.2956,0.2958,0.29,0.293,22852218.0
1744686000000,0.293,0.2963,0.2914,0.2955,20550081.0
1744689600000,0.2956,0.2975,0.292,0.2956,23983417.0
1744693200000,0.2956,0.2983,0.295,0.2955,36665838.0
1744696800000,0.2956,0.2975,0.2936,0.2958,17675741.0
1744700400000,0.2958,0.301,0.2957,0.2997,18460519.0
1744704000000,0.2997,0.3004,0.2984,0.2998,16188359.0
1744707600000,0.2998,0.3043,0.2981,0.3029,30790043.0
1744711200000,0.3028,0.3061,0.2968,0.2981,45444408.0
1744714800000,0.2981,0.2987,0.2954,0.2974,24463388.0
1744718400000,0.2974,0.2998,0.2939,0.2977,20736523.0
1744722000000,0.2978,0.3049,0.2956,0.2971,41996726.0
1744725600000,0.2971,0.299,0.289,0.2914,67398888.0
1744729200000,0.2913,0.2941,0.2843,0.2862,52703417.0
1744732800000,0.2861,0.2864,0.2809,0.2826,41324226.0
1744736400000,0.2826,0.2847,0.2785,0.28,35661564.0
1744740000000,0.2799,0.2804,0.2761,0.2784,36165763.0
1744743600000,0.2783,0.2814,0.2776,0.2789,26923698.0
1744747200000,0.2788,0.2809,0.2769,0.2779,20314789.0
1744750800000,0.2779,0.2805,0.2762,0.2796,22559714.0
1744754400000,0.2795,0.2796,0.2729,0.2743,37271522.0
1744758000000,0.2742,0.2753,0.272,0.2737,55681346.0
1744761600000,0.2736,0.2764,0.2713,0.2736,24804544.0
1744765200000,0.2737,0.2769,0.2731,0.2768,16532415.0
1744768800000,0.2769,0.2778,0.2743,0.2763,19916439.0
1744772400000,0.2763,0.2765,0.2733,0.2745,16639656.0
1744776000000,0.2745,0.2754,0.2703,0.2723,27042508.0
1744779600000,0.2723,0.2734,0.2675,0.2714,42878061.0
1744783200000,0.2714,0.2757,0.2707,0.275,27843350.0
1744786800000,0.275,0.2759,0.2689,0.2698,43832519.0
1744790400000,0.2699,0.2736,0.268,0.2704,37945657.0
1744794000000,0.2705,0.2718,0.2675,0.2679,28048097.0
1744797600000,0.2679,0.2716,0.2676,0.2701,24515224.0
1744801200000,0.2702,0.2715,0.2683,0.2708,23296716.0
1744804800000,0.2708,0.2726,0.2668,0.2681,29699770.0
1744808400000,0.268,0.2737,0.2678,0.2695,35668419.0
1744812000000,0.2694,0.2773,0.2694,0.2753,34735129.0
1744815600000,0.2752,0.279,0.2721,0.273,37337897.0
1744819200000,0.273,0.274,0.2681,0.2722,42951901.0
1744822800000,0.2722,0.2769,0.261,0.2627,84193083.0
1744826400000,0.2628,0.2707,0.2618,0.2682,66898506.0
1744830000000,0.2682,0.2746,0.2646,0.2732,34142433.0
1744833600000,0.2731,0.2765,0.2692,0.27,33641881.0
1744837200000,0.27,0.2738,0.2689,0.273,19770140.0
1744840800000,0.2731,0.2735,0.2708,0.272,10294266.0
1744844400000,0.2721,0.2724,0.2681,0.27,20960840.0
1744848000000,0.2701,0.2715,0.2689,0.2709,14636660.0
1744851600000,0.2709,0.2739,0.2699,0.2717,13822157.0
1744855200000,0.2718,0.2719,0.269,0.2714,11936187.0
1744858800000,0.2714,0.2726,0.2696,0.2717,12929460.0
1744862400000,0.2716,0.276,0.2712,0.2757,12811894.0
1744866000000,0.2757,0.2781,0.2751,0.2764,21011000.0
1744869600000,0.2764,0.2795,0.2761,0.2785,21886246.0
1744873200000,0.2785,0.2789,0.2766,0.2774,20008618.0
1744876800000,0.2774,0.2781,0.2736,0.2741,30298763.0
1744880400000,0.2741,0.2744,0.2702,0.2731,42766568.0
1744884000000,0.273,0.2735,0.2706,0.2725,18758408.0
1744887600000,0.2725,0.274,0.2715,0.2731,15504996.0
1744891200000,0.2731,0.2753,0.2731,0.2742,23473556.0
1744894800000,0.2741,0.275,0.2715,0.2736,27779082.0
1744898400000,0.2736,0.2737,0.267,0.2688,39594169.0
1744902000000,0.2688,0.2729,0.2688,0.2709,30920446.0
1744905600000,0.271,0.2773,0.2684,0.2758,41676399.0
1744909200000,0.2758,0.279,0.275,0.2778,24220031.0
1744912800000,0.2779,0.2814,0.2772,0.2773,36777951.0
1744916400000,0.2772,0.2785,0.2703,0.2738,36478618.0
1744920000000,0.2737,0.2773,0.2737,0.2763,19262004.0
1744923600000,0.2763,0.2771,0.2743,0.2768,8537880.0
1744927200000,0.2767,0.2775,0.2718,0.2719,16557841.0
1744930800000,0.272,0.2761,0.2719,0.276,12111749.0
1744934400000,0.2759,0.2777,0.2747,0.2757,12778356.0
1744938000000,0.2757,0.2792,0.2747,0.2767,14690646.0
1744941600000,0.2768,0.2801,0.275,0.2788,15132797.0
1744945200000,0.2788,0.2791,0.2756,0.2777,13395121.0
1744948800000,0.2776,0.2798,0.2763,0.2784,14115867.0
1744952400000,0.2784,0.2797,0.2764,0.2794,12678372.0
1744956000000,0.2793,0.2817,0.2785,0.2815,20098966.0
1744959600000,0.2815,0.284,0.2796,0.2839,25805857.0
1744963200000,0.2838,0.2881,0.2832,0.2839,35644732.0
1744966800000,0.284,0.2842,0.2812,0.2829,23799910.0
1744970400000,0.2828,0.2835,0.2787,0.2796,19433483.0
1744974000000,0.2796,0.2829,0.2783,0.282,30997789.0
1744977600000,0.2821,0.289,0.2819,0.2836,60691344.0
1744981200000,0.2836,0.2841,0.2807,0.2823,30853380.0
1744984800000,0.2822,0.2832,0.2795,0.281,23616253.0
1744988400000,0.2809,0.281,0.2776,0.2787,24524683.0
1744992000000,0.2787,0.2813,0.278,0.2811,18221236.0
1744995600000,0.2811,0.2837,0.2808,0.2823,16027101.0
1744999200000,0.2823,0.2828,0.2796,0.2809,15804659.0
1745002800000,0.2808,0.283,0.2802,0.2826,11812917.0
1745006400000,0.2826,0.283,0.2812,0.2824,11887257.0
1745010000000,0.2824,0.2831,0.2811,0.2818,8035208.0
1745013600000,0.2819,0.2822,0.2801,0.2803,9726784.0
1745017200000,0.2803,0.2814,0.2782,0.2809,13208833.0
1745020800000,0.281,0.2817,0.2793,0.2798,7601036.0
1745024400000,0.2798,0.2827,0.2797,0.2823,8623873.0
1745028000000,0.2824,0.2855,0.2818,0.2849,16359011.0
1745031600000,0.2849,0.2889,0.2842,0.2888,20726707.0
1745035200000,0.2888,0.29,0.2855,0.2855,28287861.0
1745038800000,0.2855,0.2861,0.2817,0.2819,27841383.0
1745042400000,0.2819,0.2838,0.28,0.2814,35004772.0
1745046000000,0.2814,0.2847,0.2813,0.2836,16385198.0
1745049600000,0.2836,0.2849,0.283,0.2844,11243696.0
1745053200000,0.2845,0.2862,0.2817,0.2819,18717863.0
1745056800000,0.2818,0.2822,0.2809,0.2815,11530676.0
1745060400000,0.2814,0.2819,0.2796,0.2805,14087867.0
1745064000000,0.2805,0.2818,0.2795,0.2814,9543084.0
1745067600000,0.2815,0.2833,0.2805,0.2829,13265316.0
1745071200000,0.2829,0.2846,0.2822,0.2836,19378371.0
1745074800000,0.2835,0.2844,0.2812,0.2824,16336060.0
1745078400000,0.2825,0.2842,0.2807,0.281,14928979.0
1745082000000,0.281,0.2876,0.2806,0.2864,20291089.0
1745085600000,0.2864,0.2872,0.2851,0.2856,13324178.0
1745089200000,0.2855,0.286,0.2839,0.2845,10835218.0
1745092800000,0.2845,0.2849,0.2825,0.2847,16529701.0
1745096400000,0.2847,0.2865,0.2843,0.2863,10941576.0
1745100000000,0.2864,0.2868,0.2847,0.286,9166715.0
1745103600000,0.2861,0.2868,0.2838,0.285,11954489.0
1745107200000,0.2849,0.287,0.2838,0.2852,10970330.0
1745110800000,0.2853,0.2878,0.2851,0.2877,8833740.0
1745114400000,0.2877,0.2896,0.2867,0.2876,14765589.0
1745118000000,0.2877,0.2885,0.2857,0.2871,12652740.0
1745121600000,0.2872,0.2914,0.2866,0.2892,17051519.0
1745125200000,0.2892,0.2912,0.2863,0.2863,17513808.0
1745128800000,0.2863,0.2894,0.2858,0.2871,14087815.0
1745132400000,0.2871,0.2872,0.2815,0.2828,38512633.0
1745136000000,0.2828,0.283,0.28,0.2811,22730241.0
1745139600000,0.2812,0.2827,0.28,0.281,11487676.0
1745143200000,0.281,0.2815,0.275,0.277,30766882.0
1745146800000,0.277,0.2784,0.2742,0.276,26063645.0
1745150400000,0.276,0.2797,0.2755,0.2782,24163609.0
1745154000000,0.2781,0.2797,0.2771,0.2791,13643434.0
1745157600000,0.279,0.2833,0.2783,0.2822,25437341.0
1745161200000,0.2823,0.2831,0.2792,0.2801,19646912.0
1745164800000,0.2801,0.2849,0.2794,0.2848,22584029.0
1745168400000,0.2848,0.285,0.2817,0.2833,8632659.0
1745172000000,0.2832,0.2872,0.2828,0.2868,13310138.0
1745175600000,0.2869,0.288,0.2857,0.2873,12944426.0
1745179200000,0.2874,0.2906,0.287,0.2905,23613283.0
1745182800000,0.2905,0.2907,0.2862,0.2882,15304166.0
1745186400000,0.2883,0.2884,0.283,0.2841,16134332.0
1745190000000,0.2842,0.2869,0.2842,0.2857,10675805.0
1745193600000,0.2857,0.2988,0.2849,0.2948,52495080.0
1745197200000,0.2949,0.3003,0.2944,0.2987,33841795.0
1745200800000,0.2988,0.3002,0.2942,0.2965,33441130.0
1745204400000,0.2965,0.2972,0.2924,0.2927,21651098.0
1745208000000,0.2927,0.2974,0.2911,0.2973,20821149.0
1745211600000,0.2973,0.303,0.2972,0.2992,42677463.0
1745215200000,0.2992,0.3022,0.2989,0.3008,27208065.0
1745218800000,0.3008,0.3019,0.2993,0.3008,15656088.0
1745222400000,0.3009,0.3022,0.3001,0.3013,12862959.0
1745226000000,0.3013,0.3024,0.2966,0.299,23222491.0
1745229600000,0.2991,0.2996,0.2963,0.2992,14214026.0
1745233200000,0.2993,0.2998,0.2968,0.2982,18134305.0
1745236800000,0.2982,0.3011,0.2956,0.2959,22334734.0
1745240400000,0.2959,0.2987,0.295,0.2953,21681094.0
1745244000000,0.2952,0.3053,0.2936,0.3021,56157631.0
1745247600000,0.3021,0.3031,0.2984,0.2999,26951686.0
1745251200000,0.2999,0.3007,0.289,0.2894,47266634.0
1745254800000,0.2895,0.2897,0.2847,0.2866,53386352.0
1745258400000,0.2866,0.2876,0.2846,0.2856,15925481.0
1745262000000,0.2855,0.2925,0.2852,0.2903,27070067.0
1745265600000,0.2902,0.2909,0.2881,0.2902,10017954.0
1745269200000,0.2901,0.2902,0.2873,0.2879,9127439.0
1745272800000,0.2879,0.2881,0.2849,0.2877,17099836.0
1745276400000,0.2876,0.2886,0.2854,0.2872,10688879.0
1745280000000,0.2872,0.2879,0.2792,0.2848,36348939.0
1745283600000,0.2847,0.2962,0.2837,0.2958,35247718.0
1745287200000,0.2958,0.2989,0.2877,0.2886,45603447.0
1745290800000,0.2886,0.2894,0.2858,0.2866,16335705.0
1745294400000,0.2865,0.2889,0.2855,0.287,14495284.0
1745298000000,0.2869,0.2871,0.2832,0.2857,16915862.0
1745301600000,0.2857,0.2868,0.2827,0.2846,21103738.0
1745305200000,0.2846,0.2934,0.2841,0.293,31957342.0
1745308800000,0.293,0.2964,0.292,0.2946,41297856.0
1745312400000,0.2946,0.2954,0.291,0.2923,22557272.0
1745316000000,0.2924,0.2951,0.2911,0.2947,16385974.0
1745319600000,0.2948,0.2978,0.2946,0.2968,23455700.0
1745323200000,0.2967,0.3013,0.296,0.2994,33998687.0
1745326800000,0.2994,0.3077,0.2975,0.3063,63333130.0
1745330400000,0.3063,0.3106,0.3036,0.3089,48164664.0
1745334000000,0.3089,0.3162,0.3086,0.3117,73541121.0
1745337600000,0.3118,0.3141,0.3074,0.3093,28053639.0
1745341200000,0.3093,0.3107,0.3063,0.3096,19522100.0
1745344800000,0.3096,0.3121,0.3095,0.3112,12533151.0
1745348400000,0.3112,0.3119,0.3073,0.3095,17290844.0
1745352000000,0.3095,0.3102,0.3085,0.309,10198344.0
1745355600000,0.309,0.3188,0.3079,0.3163,39508756.0
1745359200000,0.3163,0.3206,0.315,0.319,44008706.0
1745362800000,0.3191,0.3236,0.3185,0.3215,31526831.0
1745366400000,0.3214,0.3272,0.3208,0.3265,71376773.0
1745370000000,0.3266,0.3312,0.3249,0.3286,52163508.0
1745373600000,0.3285,0.3405,0.328,0.3383,91354746.0
1745377200000,0.3383,0.3443,0.3371,0.3421,71278955.0
1745380800000,0.3422,0.347,0.3379,0.3467,67448111.0
1745384400000,0.3466,0.3467,0.3396,0.3401,32025620.0
1745388000000,0.3402,0.3438,0.3385,0.3397,25627792.0
1745391600000,0.3396,0.3411,0.3356,0.3382,29672503.0
1745395200000,0.3382,0.3424,0.3358,0.3416,30168908.0
1745398800000,0.3416,0.345,0.3408,0.3408,26423835.0
1745402400000,0.3408,0.3443,0.3364,0.3435,58758547.0
1745406000000,0.3435,0.3483,0.3429,0.345,43160666.0
1745409600000,0.345,0.3563,0.3447,0.3513,103053387.0
1745413200000,0.3512,0.3578,0.3434,0.3451,102332369.0
1745416800000,0.3452,0.3528,0.3438,0.346,65540922.0
1745420400000,0.3461,0.3487,0.3366,0.3474,72279299.0
1745424000000,0.3473,0.3505,0.3402,0.3483,45015837.0
1745427600000,0.3482,0.3525,0.3433,0.3464,34303712.0
1745431200000,0.3464,0.348,0.3403,0.3406,22593007.0
1745434800000,0.3406,0.342,0.3286,0.3321,65659544.0
1745438400000,0.3321,0.3399,0.3319,0.3388,28568165.0
1745442000000,0.3388,0.3411,0.3357,0.3385,15403642.0
1745445600000,0.3385,0.3419,0.3371,0.3411,13644637.0
1745449200000,0.3411,0.3416,0.3386,0.3399,14496744.0
1745452800000,0.3399,0.3428,0.3358,0.3374,26069441.0
1745456400000,0.3375,0.3395,0.3335,0.3379,21040212.0
1745460000000,0.3379,0.3383,0.3301,0.3316,31063544.0
1745463600000,0.3315,0.3329,0.3261,0.3262,41511234.0
1745467200000,0.3262,0.3313,0.326,0.3294,26760342.0
1745470800000,0.3295,0.3328,0.3292,0.3323,14771010.0
1745474400000,0.3322,0.3337,0.3272,0.3279,19203254.0
1745478000000,0.3278,0.3315,0.3263,0.3279,22790255.0
1745481600000,0.328,0.3347,0.3275,0.3339,44114044.0
1745485200000,0.3339,0.3408,0.3337,0.3353,54815050.0
1745488800000,0.3352,0.3383,0.3326,0.3355,21599965.0
1745492400000,0.3355,0.3416,0.3336,0.3401,23770802.0
1745496000000,0.3401,0.3428,0.3372,0.3426,17762186.0
1745499600000,0.3425,0.3465,0.3404,0.3436,36793507.0
1745503200000,0.3435,0.3563,0.3433,0.353,69374662.0
1745506800000,0.353,0.3632,0.352,0.355,121823062.0
1745510400000,0.355,0.3664,0.354,0.3606,59062693.0
1745514000000,0.3607,0.3625,0.3484,0.3529,57100231.0
1745517600000,0.353,0.3553,0.3492,0.3525,31328938.0
1745521200000,0.3525,0.3557,0.3497,0.3531,18936107.0
1745524800000,0.3531,0.3558,0.3511,0.3528,17047450.0
1745528400000,0.3529,0.3548,0.3481,0.352,17405408.0
1745532000000,0.352,0.357,0.3495,0.3527,15320993.0
1745535600000,0.3527,0.3583,0.3507,0.3562,17933381.0
1745539200000,0.3563,0.364,0.3559,0.361,38804170.0
1745542800000,0.3609,0.3673,0.3601,0.3614,34041828.0
1745546400000,0.3615,0.3639,0.3495,0.3513,57067744.0
1745550000000,0.3514,0.3557,0.3487,0.3556,30253056.0
1745553600000,0.3556,0.3592,0.3529,0.3531,22507814.0
1745557200000,0.3531,0.3574,0.3527,0.3563,13950061.0
1745560800000,0.3564,0.3725,0.3542,0.3717,79404453.0
1745564400000,0.3717,0.3777,0.3635,0.3697,82832092.0
1745568000000,0.3696,0.3749,0.3689,0.3717,36680613.0
1745571600000,0.3718,0.3721,0.3618,0.3679,54175929.0
1745575200000,0.3679,0.369,0.3597,0.3601,39664278.0
1745578800000,0.3602,0.3671,0.3601,0.3664,29043250.0
1745582400000,0.3664,0.3721,0.3592,0.3606,52126785.0
1745586000000,0.3606,0.363,0.3561,0.3614,38171299.0
1745589600000,0.3613,0.3715,0.3607,0.3696,47113801.0
1745593200000,0.3697,0.3725,0.362,0.3631,50072192.0
1745596800000,0.3631,0.3668,0.3589,0.3624,37218556.0
1745600400000,0.3624,0.3681,0.3563,0.3566,49443279.0
1745604000000,0.3567,0.3646,0.3564,0.3603,38701522.0
1745607600000,0.3603,0.3611,0.357,0.3608,25630790.0
1745611200000,0.3609,0.3626,0.3593,0.3605,13623925.0
1745614800000,0.3605,0.3644,0.357,0.358,16523221.0
1745618400000,0.358,0.3669,0.3579,0.365,15395466.0
1745622000000,0.3649,0.3668,0.362,0.3629,11211583.0
1745625600000,0.363,0.3709,0.3629,0.3696,19094537.0
1745629200000,0.3697,0.3789,0.3661,0.3786,38597587.0
1745632800000,0.3785,0.3795,0.3702,0.3716,34441415.0
1745636400000,0.3715,0.3731,0.368,0.3689,16655005.0
1745640000000,0.3689,0.3704,0.3622,0.3631,24480221.0
1745643600000,0.3631,0.3648,0.3607,0.3631,18347628.0
1745647200000,0.3632,0.3686,0.3619,0.3675,16947853.0
1745650800000,0.3675,0.373,0.3672,0.3679,24427466.0
1745654400000,0.3679,0.3745,0.3653,0.369,49855519.0
1745658000000,0.3689,0.3689,0.3604,0.3627,41228011.0
1745661600000,0.3628,0.3722,0.362,0.3657,43229129.0
1745665200000,0.3658,0.3671,0.3551,0.3574,39244792.0
1745668800000,0.3575,0.3602,0.3557,0.357,20957996.0
1745672400000,0.357,0.3594,0.3503,0.353,40538938.0
1745676000000,0.3529,0.3574,0.351,0.355,24923142.0
1745679600000,0.3551,0.3612,0.3549,0.36,17140910.0
1745683200000,0.3601,0.3615,0.3556,0.358,18434423.0
1745686800000,0.3579,0.3606,0.3564,0.3588,10405662.0
1745690400000,0.3587,0.3601,0.3576,0.358,9206443.0
1745694000000,0.358,0.3625,0.3578,0.3615,10794318.0
1745697600000,0.3616,0.3625,0.3579,0.3581,9272190.0
1745701200000,0.358,0.3621,0.358,0.36,7170599.0
1745704800000,0.3601,0.3663,0.3601,0.3622,16853928.0
1745708400000,0.3622,0.366,0.3598,0.3648,18066205.0
1745712000000,0.3648,0.3678,0.362,0.3649,28514461.0
1745715600000,0.3649,0.3652,0.3489,0.3506,41995188.0
1745719200000,0.3507,0.3534,0.3491,0.3523,21553710.0
1745722800000,0.3522,0.3571,0.3514,0.3553,18530591.0
1745726400000,0.3553,0.3568,0.3476,0.3484,20572053.0
1745730000000,0.3484,0.3499,0.345,0.3473,27630494.0
1745733600000,0.3474,0.3493,0.3462,0.3479,12044143.0
1745737200000,0.3479,0.3512,0.3465,0.351,11725109.0
1745740800000,0.3509,0.3538,0.3501,0.3507,17877036.0
1745744400000,0.3508,0.3525,0.349,0.3515,13464484.0
1745748000000,0.3515,0.3523,0.3495,0.3513,14007873.0
1745751600000,0.3513,0.3537,0.3504,0.3531,14549196.0
1745755200000,0.3531,0.3545,0.3479,0.3485,27727201.0
1745758800000,0.3485,0.3551,0.3453,0.3549,32202751.0
1745762400000,0.3549,0.3615,0.3535,0.3539,36000378.0
1745766000000,0.3538,0.3554,0.3485,0.3492,28413675.0
1745769600000,0.3491,0.3498,0.3422,0.3448,35642334.0
1745773200000,0.3448,0.3486,0.3439,0.3475,19668251.0
1745776800000,0.3475,0.355,0.3468,0.3538,15139369.0
1745780400000,0.3539,0.3549,0.3493,0.3516,13808758.0
1745784000000,0.3515,0.3519,0.3484,0.3492,8210859.0
1745787600000,0.3492,0.3526,0.3482,0.3507,6371626.0
1745791200000,0.3507,0.3515,0.3451,0.3458,17245385.0
1745794800000,0.3458,0.3458,0.3424,0.3437,13093460.0
1745798400000,0.3437,0.3451,0.3381,0.339,36992402.0
1745802000000,0.339,0.3404,0.331,0.3333,52736333.0
1745805600000,0.3332,0.3425,0.3325,0.3396,29230233.0
1745809200000,0.3396,0.3449,0.337,0.3429,19684861.0
1745812800000,0.343,0.3478,0.343,0.3469,15129847.0
1745816400000,0.3468,0.3534,0.3461,0.3493,28618490.0
1745820000000,0.3493,0.3546,0.3493,0.3527,27260505.0
1745823600000,0.3526,0.3577,0.3508,0.3569,28275104.0
1745827200000,0.3569,0.3596,0.3538,0.3541,27391755.0
1745830800000,0.3542,0.358,0.3542,0.3555,17802474.0
1745834400000,0.3556,0.3583,0.348,0.3551,54891174.0
1745838000000,0.355,0.3577,0.352,0.3549,22874496.0
1745841600000,0.355,0.3554,0.348,0.3489,32784564.0
1745845200000,0.3489,0.3507,0.3405,0.3406,51002965.0
1745848800000,0.3407,0.3462,0.3364,0.3378,55748522.0
1745852400000,0.3378,0.339,0.3284,0.3316,80633531.0
1745856000000,0.3315,0.3329,0.3251,0.3314,54251977.0
1745859600000,0.3313,0.3368,0.3299,0.3361,30346898.0
1745863200000,0.3361,0.3366,0.332,0.3346,17537248.0
1745866800000,0.3345,0.3418,0.3342,0.3398,25784106.0
1745870400000,0.3397,0.3401,0.3322,0.3344,24901478.0
1745874000000,0.3344,0.3348,0.3322,0.3345,11426574.0
1745877600000,0.3344,0.3363,0.3321,0.3351,13736211.0
1745881200000,0.3351,0.3355,0.3321,0.3348,13487931.0
1745884800000,0.3348,0.337,0.3325,0.3344,22429560.0
1745888400000,0.3343,0.3381,0.3304,0.3334,29146576.0
1745892000000,0.3334,0.3342,0.3309,0.3335,12810828.0
1745895600000,0.3335,0.3367,0.3327,0.336,10587571.0
1745899200000,0.336,0.337,0.3268,0.3282,32007348.0
1745902800000,0.3283,0.331,0.3234,0.3287,38820698.0
1745906400000,0.3287,0.336,0.3281,0.3347,29148393.0
1745910000000,0.3348,0.3394,0.334,0.3381,24927739.0
1745913600000,0.3382,0.3397,0.3344,0.3376,34586038.0
1745917200000,0.3375,0.3385,0.33,0.3324,34757621.0
1745920800000,0.3323,0.3326,0.3216,0.3274,77538549.0
1745924400000,0.3274,0.3297,0.3252,0.3267,27793203.0
1745928000000,0.3267,0.3285,0.3222,0.3248,24160790.0
1745931600000,0.3248,0.3267,0.3222,0.3242,28292375.0
1745935200000,0.3242,0.3281,0.3232,0.3278,24751649.0
1745938800000,0.3278,0.3283,0.3234,0.3248,18452073.0
1745942400000,0.3248,0.3308,0.3238,0.3256,29037705.0
1745946000000,0.3256,0.3278,0.3238,0.3252,32287761.0
1745949600000,0.3253,0.3287,0.3252,0.3281,15063461.0
1745953200000,0.3282,0.3294,0.3231,0.3233,25667066.0
1745956800000,0.3234,0.3245,0.3166,0.3187,52972379.0
1745960400000,0.3188,0.3189,0.3086,0.3108,63737913.0
1745964000000,0.3107,0.3108,0.3039,0.3057,65570081.0
1745967600000,0.3058,0.3103,0.303,0.3101,33478827.0
1745971200000,0.3101,0.3132,0.3085,0.3127,24229907.0
1745974800000,0.3127,0.3136,0.3067,0.3102,31124058.0
1745978400000,0.3102,0.3179,0.3092,0.3176,28892735.0
1745982000000,0.3176,0.3193,0.3141,0.3169,35426235.0
1745985600000,0.3169,0.3191,0.3145,0.3189,18058973.0
1745989200000,0.3189,0.3193,0.3143,0.3162,17789912.0
1745992800000,0.3161,0.3192,0.3149,0.3166,19106425.0
1745996400000,0.3166,0.3184,0.3128,0.3143,25148858.0
1746000000000,0.3142,0.3167,0.313,0.3157,16927439.0
1746003600000,0.3158,0.3219,0.3158,0.3217,26366899.0
1746007200000,0.3217,0.3221,0.3172,0.3183,17067367.0
1746010800000,0.3184,0.3213,0.3176,0.3201,13817004.0
1746014400000,0.3201,0.3214,0.3089,0.3124,58804914.0
1746018000000,0.3125,0.3127,0.3013,0.3027,72939791.0
1746021600000,0.3027,0.3138,0.3025,0.3126,63767889.0
1746025200000,0.3126,0.3168,0.3126,0.3129,40173816.0
1746028800000,0.3129,0.3129,0.3057,0.311,60919930.0
1746032400000,0.311,0.3138,0.3073,0.3126,22932623.0
1746036000000,0.3127,0.3162,0.3117,0.3133,21739174.0
1746039600000,0.3133,0.3169,0.3107,0.315,20700597.0
1746043200000,0.3151,0.3196,0.3145,0.3158,19819636.0
1746046800000,0.3157,0.318,0.312,0.3131,19573406.0
1746050400000,0.313,0.3163,0.3127,0.3141,14014593.0
1746054000000,0.3141,0.3203,0.3132,0.3194,19513955.0
1746057600000,0.3195,0.3226,0.3179,0.3212,20712759.0
1746061200000,0.3212,0.3252,0.321,0.3228,19828705.0
1746064800000,0.3229,0.3244,0.3196,0.32,15889547.0
1746068400000,0.3201,0.3225,0.3177,0.3189,14177958.0
1746072000000,0.319,0.3236,0.3173,0.3231,21088628.0
1746075600000,0.3231,0.3245,0.3209,0.3215,17553106.0
1746079200000,0.3214,0.3223,0.3183,0.3187,13106777.0
1746082800000,0.3186,0.3199,0.3156,0.3182,25772644.0
1746086400000,0.3181,0.324,0.3141,0.3237,41401532.0
1746090000000,0.3237,0.3316,0.3215,0.3297,57366995.0
1746093600000,0.3298,0.3349,0.328,0.3323,46841133.0
1746097200000,0.3324,0.3366,0.3314,0.3328,29155054.0
1746100800000,0.3328,0.336,0.3321,0.3347,20132945.0
1746104400000,0.3348,0.335,0.3272,0.3277,50381347.0
1746108000000,0.3278,0.3409,0.3278,0.3402,68100719.0
1746111600000,0.3403,0.3418,0.3295,0.3298,67392299.0
1746115200000,0.3299,0.3319,0.3238,0.3247,88888755.0
1746118800000,0.3247,0.3288,0.3212,0.3235,46221309.0
1746122400000,0.3234,0.3261,0.32,0.3257,25012251.0
1746126000000,0.3258,0.326,0.321,0.3238,28257110.0
1746129600000,0.3239,0.3282,0.322,0.3254,28156671.0
1746133200000,0.3254,0.3289,0.3231,0.3243,16822178.0
1746136800000,0.3243,0.326,0.3209,0.3217,16586804.0
1746140400000,0.3218,0.3226,0.3188,0.3221,22980517.0
1746144000000,0.3221,0.329,0.3208,0.3242,33864152.0
1746147600000,0.3241,0.3272,0.3217,0.3241,20908088.0
1746151200000,0.324,0.3253,0.3222,0.3232,15425723.0
1746154800000,0.3231,0.3236,0.3161,0.3167,38953364.0
1746158400000,0.3167,0.3169,0.3076,0.3085,79613071.0
1746162000000,0.3084,0.3097,0.3041,0.307,39273191.0
1746165600000,0.3069,0.3087,0.3056,0.3085,31613296.0
1746169200000,0.3085,0.3114,0.3077,0.3088,26385103.0
1746172800000,0.3089,0.3128,0.3076,0.3128,24741259.0
1746176400000,0.3127,0.3133,0.3101,0.3105,14354901.0
1746180000000,0.3104,0.3113,0.3077,0.3084,27733186.0
1746183600000,0.3083,0.3108,0.307,0.3074,22203210.0
1746187200000,0.3075,0.3123,0.3062,0.3112,31522221.0
1746190800000,0.3112,0.3116,0.3075,0.3087,20314877.0
1746194400000,0.3088,0.3129,0.3087,0.3115,29018718.0
1746198000000,0.3115,0.3124,0.3075,0.309,24782081.0
1746201600000,0.3091,0.3173,0.3091,0.3157,43054483.0
1746205200000,0.3156,0.3157,0.3113,0.3124,31679377.0
1746208800000,0.3123,0.3135,0.3101,0.3114,18050109.0
1746212400000,0.3114,0.3131,0.3085,0.309,18102185.0
1746216000000,0.3091,0.3122,0.3078,0.312,14679463.0
1746219600000,0.312,0.3122,0.3061,0.3074,15101568.0
1746223200000,0.3075,0.3092,0.303,0.3051,37003478.0
1746226800000,0.3051,0.3077,0.3045,0.3073,17734669.0
1746230400000,0.3073,0.3077,0.3046,0.3058,17314569.0
1746234000000,0.3058,0.3068,0.303,0.3036,21736856.0
1746237600000,0.3036,0.3072,0.3031,0.307,15738033.0
1746241200000,0.3069,0.3075,0.3044,0.3051,18157455.0
1746244800000,0.3052,0.3063,0.3037,0.3048,12988831.0
1746248400000,0.3048,0.3051,0.302,0.3023,29285109.0
1746252000000,0.3023,0.3026,0.3001,0.3005,28823719.0
1746255600000,0.3005,0.3011,0.2983,0.2997,35909754.0
1746259200000,0.2997,0.3006,0.2978,0.299,22204400.0
1746262800000,0.2991,0.3007,0.2984,0.3,16779668.0
1746266400000,0.3,0.3003,0.2944,0.2951,45326335.0
1746270000000,0.295,0.2972,0.2931,0.2943,33353367.0
1746273600000,0.2944,0.2984,0.2943,0.297,20194946.0
1746277200000,0.2971,0.2981,0.2963,0.2981,13483857.0
1746280800000,0.2981,0.2991,0.297,0.2982,18568819.0
1746284400000,0.2982,0.2998,0.2967,0.2971,17542339.0
1746288000000,0.2971,0.2972,0.2921,0.2942,41722630.0
1746291600000,0.2942,0.2943,0.2872,0.2934,79630438.0
1746295200000,0.2934,0.2955,0.2919,0.2929,25054057.0
1746298800000,0.2928,0.2955,0.2921,0.2954,14569622.0
1746302400000,0.2955,0.2962,0.2933,0.2936,11382078.0
1746306000000,0.2936,0.296,0.2921,0.2939,10841548.0
1746309600000,0.2939,0.2948,0.2931,0.2937,9862396.0
1746313200000,0.2938,0.2938,0.291,0.2914,16285267.0
1746316800000,0.2913,0.2925,0.2879,0.2894,29992735.0
1746320400000,0.2893,0.2922,0.2871,0.2915,23334633.0
1746324000000,0.2916,0.2962,0.2914,0.2922,27661130.0
1746327600000,0.2922,0.2933,0.2894,0.2913,22543544.0
1746331200000,0.2913,0.2944,0.2892,0.2903,23823050.0
1746334800000,0.2902,0.2948,0.2899,0.2929,13245102.0
1746338400000,0.2929,0.2946,0.2902,0.2945,17066245.0
1746342000000,0.2946,0.2947,0.2913,0.2933,14765546.0
1746345600000,0.2933,0.2933,0.2875,0.2895,32690304.0
1746349200000,0.2895,0.2901,0.2875,0.2889,17423051.0
1746352800000,0.289,0.2907,0.2878,0.29,16901491.0
1746356400000,0.29,0.2918,0.2891,0.2904,16613797.0
1746360000000,0.2904,0.2912,0.2888,0.2891,17416264.0
1746363600000,0.2891,0.2901,0.285,0.2867,48566496.0
1746367200000,0.2867,0.2907,0.2864,0.2901,25705808.0
1746370800000,0.29,0.2917,0.2877,0.2896,18001386.0
1746374400000,0.2896,0.2908,0.2866,0.2879,16840123.0
1746378000000,0.288,0.2892,0.2853,0.2887,18538652.0
1746381600000,0.2886,0.2904,0.2862,0.2863,13388366.0
1746385200000,0.2864,0.289,0.2855,0.2877,11894077.0
1746388800000,0.2877,0.2914,0.2874,0.2906,15027369.0
1746392400000,0.2906,0.2909,0.2886,0.2903,11308840.0
1746396000000,0.2902,0.2904,0.2823,0.2856,49539003.0
1746399600000,0.2857,0.2866,0.2834,0.2858,20815812.0
1746403200000,0.2859,0.2891,0.2856,0.2872,15537135.0
1746406800000,0.2872,0.2872,0.2801,0.2833,39106909.0
1746410400000,0.2832,0.2888,0.2818,0.2875,35899028.0
1746414000000,0.2875,0.2891,0.2865,0.2876,13937281.0
1746417600000,0.2877,0.2922,0.2862,0.2921,22158565.0
1746421200000,0.2921,0.2928,0.2897,0.2926,19076775.0
1746424800000,0.2927,0.2941,0.2903,0.2909,17506974.0
1746428400000,0.2908,0.2932,0.2897,0.2922,16036741.0
1746432000000,0.2921,0.2976,0.2892,0.2906,50321284.0
1746435600000,0.2906,0.2915,0.2874,0.2876,15785708.0
1746439200000,0.2875,0.2878,0.2776,0.2806,68567562.0
1746442800000,0.2807,0.2822,0.2788,0.2802,27804549.0
1746446400000,0.2803,0.2819,0.2764,0.2789,46636759.0
1746450000000,0.279,0.2806,0.2764,0.2804,32298633.0
1746453600000,0.2805,0.2823,0.2776,0.2803,37071893.0
1746457200000,0.2803,0.2804,0.275,0.2771,33218531.0
1746460800000,0.2771,0.2804,0.2764,0.2778,23220818.0
1746464400000,0.2778,0.2829,0.2764,0.2815,27773739.0
1746468000000,0.2816,0.2837,0.2808,0.2828,20178037.0
1746471600000,0.2828,0.2834,0.2777,0.2783,19400225.0
1746475200000,0.2783,0.2786,0.2678,0.2708,91403140.0
1746478800000,0.2708,0.2736,0.2691,0.2705,32553214.0
1746482400000,0.2704,0.2728,0.2692,0.2713,26075562.0
1746486000000,0.2713,0.2716,0.2601,0.2619,92840430.0
1746489600000,0.262,0.2631,0.2594,0.2623,43779429.0
1746493200000,0.2622,0.2655,0.2598,0.2636,50254710.0
1746496800000,0.2636,0.2649,0.2615,0.2639,30776620.0
1746500400000,0.2639,0.2676,0.2639,0.2672,27153853.0
1746504000000,0.2672,0.2675,0.2658,0.2659,15788134.0
1746507600000,0.266,0.2663,0.2641,0.2648,17106959.0
1746511200000,0.2648,0.2691,0.2647,0.2689,20612885.0
1746514800000,0.2689,0.27,0.2669,0.2672,24316660.0
1746518400000,0.2673,0.2678,0.2627,0.2653,44300655.0
1746522000000,0.2652,0.2654,0.262,0.2644,32128108.0
1746525600000,0.2644,0.2645,0.2607,0.2622,41598955.0
1746529200000,0.2621,0.2643,0.259,0.2618,46235915.0
1746532800000,0.2617,0.2625,0.2598,0.2625,24956883.0
1746536400000,0.2625,0.2635,0.2592,0.2618,43711833.0
1746540000000,0.2618,0.267,0.2618,0.2624,54955839.0
1746543600000,0.2624,0.2644,0.2573,0.2592,58267779.0
1746547200000,0.2592,0.2603,0.2561,0.2569,56458282.0
1746550800000,0.2568,0.2626,0.2567,0.2606,31281461.0
1746554400000,0.2607,0.2649,0.2606,0.264,27413788.0
1746558000000,0.2641,0.2658,0.2632,0.2637,21810176.0
1746561600000,0.2638,0.2648,0.2597,0.2607,21951167.0
1746565200000,0.2607,0.2622,0.2573,0.2609,25125263.0
1746568800000,0.2609,0.2693,0.2608,0.2686,48226553.0
1746572400000,0.2686,0.2708,0.2665,0.2696,32574098.0
1746576000000,0.2696,0.275,0.2695,0.2726,69744053.0
1746579600000,0.2726,0.2748,0.2718,0.274,33972164.0
1746583200000,0.2739,0.2742,0.2698,0.27,32090022.0
1746586800000,0.2701,0.2709,0.267,0.2701,31789705.0
1746590400000,0.2701,0.2714,0.2694,0.2702,19032310.0
1746594000000,0.2702,0.2716,0.2693,0.2697,15590992.0
1746597600000,0.2696,0.2712,0.2673,0.2695,25337900.0
1746601200000,0.2694,0.2728,0.2691,0.2725,19720298.0
1746604800000,0.2724,0.273,0.2704,0.2719,22121280.0
1746608400000,0.2719,0.2731,0.2704,0.2721,16017387.0
1746612000000,0.2721,0.2724,0.2692,0.2699,16110647.0
1746615600000,0.2699,0.2722,0.269,0.2713,13847477.0
1746619200000,0.2714,0.2715,0.2671,0.2684,31174081.0
1746622800000,0.2683,0.2711,0.2662,0.27,31090190.0
1746626400000,0.27,0.2707,0.2649,0.2662,46045070.0
1746630000000,0.2662,0.267,0.2645,0.2653,24078811.0
1746633600000,0.2652,0.2655,0.2613,0.2653,35206127.0
1746637200000,0.2652,0.2658,0.262,0.2642,26379965.0
1746640800000,0.2642,0.2702,0.2628,0.2676,58488673.0
1746644400000,0.2676,0.2681,0.2627,0.2644,32301646.0
1746648000000,0.2645,0.2661,0.2625,0.2653,17002480.0
1746651600000,0.2652,0.2681,0.263,0.2656,15802380.0
1746655200000,0.2656,0.2684,0.265,0.2679,21827427.0
1746658800000,0.2679,0.2695,0.2663,0.2673,14609651.0
1746662400000,0.2674,0.2723,0.2671,0.2718,24811776.0
1746666000000,0.2717,0.274,0.2695,0.271,41224261.0
1746669600000,0.2711,0.2775,0.2711,0.2756,39915043.0
1746673200000,0.2756,0.2856,0.2748,0.2844,79523085.0
1746676800000,0.2845,0.3029,0.2845,0.2956,165482230.0
1746680400000,0.2956,0.3001,0.2936,0.294,54698971.0
1746684000000,0.2939,0.3019,0.2933,0.3018,42841670.0
1746687600000,0.3018,0.3039,0.2971,0.299,70726621.0
1746691200000,0.299,0.3019,0.2979,0.3001,38419289.0
1746694800000,0.3001,0.309,0.2988,0.3075,50002181.0
1746698400000,0.3074,0.3102,0.3047,0.3092,42077080.0
1746702000000,0.3091,0.3096,0.3046,0.3058,41384295.0
1746705600000,0.3058,0.3108,0.3029,0.3034,50791857.0
1746709200000,0.3033,0.3077,0.3012,0.3026,47457130.0
1746712800000,0.3026,0.3082,0.3004,0.3048,40237990.0
1746716400000,0.3047,0.3193,0.3044,0.3108,129854187.0
1746720000000,0.3107,0.315,0.3076,0.314,65536824.0
1746723600000,0.314,0.317,0.3112,0.3126,52419929.0
1746727200000,0.3126,0.3172,0.3122,0.3139,41858523.0
1746730800000,0.3138,0.3249,0.313,0.3249,75357037.0
1746734400000,0.3249,0.3339,0.3204,0.3311,85828793.0
1746738000000,0.3311,0.3519,0.3265,0.3467,131652292.0
1746741600000,0.3467,0.3509,0.339,0.344,78309122.0
1746745200000,0.344,0.3445,0.3362,0.3406,61734598.0
1746748800000,0.3406,0.3472,0.3365,0.3435,52599889.0
1746752400000,0.3435,0.3496,0.3403,0.3425,44578601.0
1746756000000,0.3425,0.3483,0.3387,0.3474,50344789.0
1746759600000,0.3475,0.3501,0.3358,0.3384,64324507.0
1746763200000,0.3385,0.3391,0.3335,0.3366,56958889.0
1746766800000,0.3367,0.3524,0.3359,0.3504,70823408.0
1746770400000,0.3505,0.37,0.3491,0.3674,120888593.0
1746774000000,0.3674,0.389,0.3672,0.3743,224765715.0
1746777600000,0.3744,0.3938,0.3635,0.373,182344263.0
1746781200000,0.373,0.3787,0.3618,0.3696,113496151.0
1746784800000,0.3697,0.3808,0.3674,0.3785,62315260.0
1746788400000,0.3785,0.3849,0.3694,0.3748,71440050.0
1746792000000,0.3748,0.383,0.3703,0.3813,39797190.0
1746795600000,0.3814,0.3952,0.3787,0.3904,88471275.0
1746799200000,0.3903,0.392,0.3679,0.373,117913178.0
1746802800000,0.3731,0.3772,0.3617,0.3657,88805431.0
1746806400000,0.3658,0.3702,0.3601,0.3622,65941189.0
1746810000000,0.3623,0.3732,0.3606,0.372,51496289.0
1746813600000,0.3719,0.3729,0.3664,0.368,25471072.0
1746817200000,0.368,0.3702,0.363,0.3633,23283908.0
1746820800000,0.3634,0.3689,0.3631,0.3677,19385850.0
1746824400000,0.3677,0.3705,0.3649,0.3695,16646946.0
1746828000000,0.3696,0.3714,0.3653,0.3656,18463445.0
1746831600000,0.3657,0.3704,0.3653,0.3678,20684271.0
1746835200000,0.3679,0.3767,0.3566,0.3616,69936062.0
1746838800000,0.3616,0.3728,0.3612,0.3717,41341227.0
1746842400000,0.3717,0.3788,0.3697,0.3716,39729113.0
1746846000000,0.3715,0.3723,0.3683,0.3709,17277677.0
1746849600000,0.3709,0.3738,0.3651,0.3704,21358898.0
1746853200000,0.3705,0.3737,0.3691,0.3728,20575267.0
1746856800000,0.3728,0.378,0.3677,0.3706,44233242.0
1746860400000,0.3705,0.3822,0.3693,0.3805,43717342.0
1746864000000,0.3805,0.3873,0.3726,0.3774,67575362.0
1746867600000,0.3775,0.3846,0.3713,0.3828,44368586.0
1746871200000,0.3829,0.3889,0.3777,0.3779,45330969.0
1746874800000,0.378,0.3808,0.3691,0.3699,44661164.0
1746878400000,0.37,0.3825,0.3698,0.3783,39910207.0
1746882000000,0.3784,0.3858,0.3779,0.385,33472712.0
1746885600000,0.3849,0.3868,0.3784,0.3811,24731462.0
1746889200000,0.3811,0.3849,0.3792,0.381,23359916.0
1746892800000,0.381,0.3877,0.3791,0.3868,29227033.0
1746896400000,0.3868,0.3956,0.383,0.3862,68210988.0
1746900000000,0.3862,0.3905,0.3826,0.3901,26196067.0
1746903600000,0.3902,0.3931,0.3873,0.3909,19688811.0
1746907200000,0.3909,0.3928,0.386,0.3894,18261201.0
1746910800000,0.3894,0.4142,0.3894,0.4069,52191062.0
1746914400000,0.4068,0.4273,0.4028,0.4228,62512348.0
1746918000000,0.4229,0.4264,0.4138,0.4185,76153066.0
1746921600000,0.4185,0.4267,0.4083,0.4216,78470126.0
1746925200000,0.4215,0.4355,0.4114,0.4152,75816954.0
1746928800000,0.4151,0.4289,0.4106,0.4177,49982452.0
1746932400000,0.4177,0.4239,0.4121,0.4166,35009083.0
1746936000000,0.4166,0.419,0.4073,0.4095,36308413.0
1746939600000,0.4096,0.4101,0.4039,0.4054,28788573.0
1746943200000,0.4054,0.408,0.3959,0.4003,51077159.0
1746946800000,0.4003,0.4004,0.3876,0.3913,69731260.0
1746950400000,0.3913,0.397,0.3905,0.3943,27651611.0
1746954000000,0.3943,0.4041,0.3943,0.4025,38643430.0
1746957600000,0.4024,0.4098,0.4009,0.409,32883087.0
1746961200000,0.4089,0.4152,0.4032,0.4142,39271045.0
1746964800000,0.4141,0.4173,0.4094,0.4142,32103393.0
1746968400000,0.4142,0.4198,0.3994,0.4002,61945803.0
1746972000000,0.4002,0.4167,0.3985,0.4093,62153183.0
1746975600000,0.4094,0.414,0.3986,0.4025,40408166.0
1746979200000,0.4024,0.4033,0.3929,0.3957,44122964.0
1746982800000,0.3957,0.4082,0.393,0.4074,37928784.0
1746986400000,0.4075,0.4188,0.4047,0.4113,40648683.0
1746990000000,0.4113,0.4126,0.4048,0.4061,25199729.0
1746993600000,0.4061,0.4096,0.4016,0.408,20418488.0
1746997200000,0.408,0.4085,0.4009,0.4055,15892334.0
1747000800000,0.4055,0.4072,0.3991,0.4043,18261584.0
1747004400000,0.4043,0.4083,0.4006,0.4081,24208382.0
1747008000000,0.4082,0.4207,0.4059,0.4194,36421831.0
1747011600000,0.4194,0.4256,0.4062,0.4139,46175672.0
1747015200000,0.4139,0.4257,0.4121,0.4208,45751017.0
1747018800000,0.4208,0.4227,0.4121,0.4152,40133119.0
1747022400000,0.4152,0.4177,0.4102,0.4162,21689409.0
1747026000000,0.4162,0.4197,0.4079,0.4094,29795785.0
1747029600000,0.4095,0.4183,0.4073,0.4165,21395979.0
1747033200000,0.4165,0.4395,0.4165,0.4228,116193510.0
1747036800000,0.4227,0.4298,0.4111,0.4263,78203892.0
1747040400000,0.4263,0.4289,0.4133,0.4152,37018454.0
1747044000000,0.4152,0.4223,0.4122,0.4195,36190938.0
1747047600000,0.4195,0.4244,0.4037,0.4055,60058447.0
1747051200000,0.4054,0.4148,0.4018,0.4121,53375525.0
1747054800000,0.4121,0.4179,0.4056,0.4115,67360766.0
1747058400000,0.4115,0.4171,0.3948,0.398,107391110.0
1747062000000,0.398,0.404,0.3908,0.3983,78022971.0
1747065600000,0.3982,0.4034,0.3958,0.4015,37061551.0
1747069200000,0.4016,0.4041,0.3888,0.3923,36603703.0
1747072800000,0.3923,0.3937,0.3698,0.3777,141127579.0
1747076400000,0.3778,0.3842,0.3769,0.3834,43426385.0
1747080000000,0.3833,0.3921,0.382,0.3887,38112612.0
1747083600000,0.3888,0.3905,0.3845,0.3857,17619224.0
1747087200000,0.3857,0.3895,0.383,0.3855,24368639.0
1747090800000,0.3856,0.392,0.3853,0.3867,21129552.0
1747094400000,0.3868,0.3877,0.3771,0.3776,34292950.0
1747098000000,0.3776,0.3798,0.3674,0.3708,62399936.0
1747101600000,0.3709,0.3725,0.3616,0.3654,54152496.0
1747105200000,0.3654,0.3682,0.3573,0.3587,54732812.0
1747108800000,0.3586,0.3718,0.3582,0.3715,41577279.0
1747112400000,0.3715,0.375,0.3681,0.3712,33383775.0
1747116000000,0.3713,0.3741,0.3692,0.3703,24058347.0
1747119600000,0.3704,0.3771,0.3695,0.3748,24212711.0
1747123200000,0.3748,0.3826,0.3738,0.3753,35998538.0
1747126800000,0.3753,0.3876,0.3749,0.3812,49772461.0
1747130400000,0.3812,0.382,0.376,0.3792,36378609.0
1747134000000,0.3791,0.3871,0.3773,0.3843,32414340.0
1747137600000,0.3843,0.396,0.3774,0.3891,81959902.0
1747141200000,0.3892,0.3982,0.3889,0.3938,61313802.0
1747144800000,0.3939,0.3991,0.3864,0.3886,74726466.0
1747148400000,0.3885,0.3962,0.3858,0.395,38805536.0
1747152000000,0.395,0.4424,0.394,0.4409,264832247.0
1747155600000,0.4409,0.4542,0.4357,0.4426,163263734.0
1747159200000,0.4425,0.4452,0.4308,0.4386,72352664.0
1747162800000,0.4386,0.454,0.4343,0.4435,89480977.0
1747166400000,0.4434,0.4495,0.4358,0.4473,47396201.0
1747170000000,0.4473,0.4564,0.4444,0.4493,40834472.0
1747173600000,0.4492,0.4562,0.4435,0.4442,39106866.0
1747177200000,0.4443,0.4611,0.4402,0.4542,51076788.0
1747180800000,0.4542,0.4628,0.4471,0.4514,55740710.0
1747184400000,0.4514,0.4556,0.441,0.445,44320798.0
1747188000000,0.445,0.4468,0.4323,0.4347,73072309.0
1747191600000,0.4346,0.4367,0.4274,0.432,44720299.0
1747195200000,0.432,0.435,0.4273,0.4346,30574544.0
1747198800000,0.4346,0.4387,0.4288,0.4365,41299110.0
1747202400000,0.4365,0.4398,0.4313,0.4373,31688403.0
1747206000000,0.4373,0.4378,0.4274,0.4284,37759973.0
1747209600000,0.4284,0.4313,0.4202,0.4211,74500193.0
1747213200000,0.4212,0.4258,0.417,0.4242,66942293.0
1747216800000,0.4242,0.4285,0.423,0.4235,25240158.0
1747220400000,0.4235,0.429,0.4235,0.4247,18934111.0
1747224000000,0.4248,0.4255,0.4162,0.4191,45775214.0
1747227600000,0.4191,0.4216,0.4085,0.4145,81558175.0
1747231200000,0.4145,0.4146,0.4045,0.4093,72612881.0
1747234800000,0.4094,0.4094,0.4019,0.4085,52781719.0
1747238400000,0.4085,0.4102,0.4021,0.405,34921277.0
1747242000000,0.405,0.4073,0.3989,0.407,44726672.0
1747245600000,0.407,0.4088,0.4042,0.4085,27518227.0
1747249200000,0.4085,0.4117,0.4061,0.4073,35291454.0
1747252800000,0.4074,0.4134,0.4069,0.4073,20660590.0
1747256400000,0.4073,0.4124,0.4032,0.412,23208661.0
1747260000000,0.412,0.4133,0.4028,0.4044,20085847.0
1747263600000,0.4044,0.4092,0.4015,0.4076,19886322.0
1747267200000,0.4076,0.4219,0.407,0.4168,53061883.0
1747270800000,0.4168,0.4182,0.3962,0.4015,83625631.0
1747274400000,0.4015,0.4097,0.4,0.4051,43729928.0
1747278000000,0.405,0.4065,0.3838,0.3865,98731083.0
1747281600000,0.3865,0.3913,0.3846,0.3897,50627937.0
1747285200000,0.3896,0.391,0.3764,0.3777,70323744.0
1747288800000,0.3778,0.3808,0.3739,0.3782,61026485.0
1747292400000,0.3783,0.3793,0.3661,0.368,70293510.0
1747296000000,0.3679,0.3789,0.3678,0.3772,51148511.0
1747299600000,0.3771,0.3778,0.3694,0.3733,43365719.0
1747303200000,0.3733,0.3752,0.3699,0.3741,35102444.0
1747306800000,0.374,0.3776,0.3708,0.3758,50855600.0
1747310400000,0.3757,0.3822,0.3723,0.3754,70581056.0
1747314000000,0.3753,0.378,0.3663,0.3734,63612373.0
1747317600000,0.3733,0.3747,0.3638,0.3694,82792424.0
1747321200000,0.3693,0.3832,0.3681,0.383,74001172.0
1747324800000,0.383,0.3893,0.3751,0.3891,79381445.0
1747328400000,0.3891,0.3893,0.3806,0.3822,70526724.0
1747332000000,0.3822,0.3835,0.3709,0.3729,75624035.0
1747335600000,0.3729,0.3769,0.3671,0.3724,42376137.0
1747339200000,0.3725,0.3753,0.366,0.3697,35304480.0
1747342800000,0.3697,0.3713,0.3624,0.3694,34538470.0
1747346400000,0.3695,0.3739,0.3644,0.3645,27209724.0
1747350000000,0.3645,0.3684,0.3567,0.3669,52217619.0
1747353600000,0.3669,0.3728,0.3646,0.3695,38094438.0
1747357200000,0.3696,0.3728,0.3636,0.3719,44192722.0
1747360800000,0.3718,0.3766,0.3692,0.3735,31867674.0
1747364400000,0.3735,0.3822,0.3729,0.379,46167366.0
1747368000000,0.3791,0.3823,0.3707,0.3743,41350729.0
1747371600000,0.3744,0.38,0.3743,0.3787,36640410.0
1747375200000,0.3787,0.3838,0.3778,0.3805,41161196.0
1747378800000,0.3805,0.3841,0.3771,0.3801,35807720.0
1747382400000,0.3802,0.3819,0.3709,0.376,48846443.0
1747386000000,0.3761,0.3813,0.3741,0.3804,36053882.0
1747389600000,0.3805,0.385,0.3781,0.3829,28808521.0
1747393200000,0.3829,0.3877,0.3809,0.3849,45796480.0
1747396800000,0.3849,0.3879,0.3801,0.3825,38962082.0
1747400400000,0.3824,0.3914,0.3813,0.3907,49152462.0
1747404000000,0.3906,0.3906,0.375,0.3786,84173704.0
1747407600000,0.3787,0.3845,0.3785,0.3821,39099302.0
1747411200000,0.3822,0.3859,0.3709,0.3793,63191714.0
1747414800000,0.3793,0.3891,0.3776,0.3843,79597648.0
1747418400000,0.3842,0.3875,0.3783,0.3872,44603415.0
1747422000000,0.3872,0.3942,0.3838,0.3895,62650389.0
1747425600000,0.3895,0.3913,0.3809,0.3827,33414522.0
1747429200000,0.3826,0.3865,0.38,0.3832,18454530.0
1747432800000,0.3833,0.3839,0.3736,0.3784,38363961.0
1747436400000,0.3784,0.3866,0.3778,0.3786,32165549.0
1747440000000,0.3785,0.3817,0.3745,0.3801,41070983.0
1747443600000,0.38,0.3817,0.3728,0.3775,43798296.0
1747447200000,0.3776,0.3921,0.3751,0.3887,63155470.0
1747450800000,0.3886,0.3928,0.3815,0.3903,56485141.0
1747454400000,0.3902,0.392,0.3826,0.3827,38142192.0
1747458000000,0.3827,0.384,0.376,0.3781,51531578.0
1747461600000,0.378,0.382,0.3758,0.3818,41581168.0
1747465200000,0.3817,0.3871,0.3759,0.3782,44231520.0
1747468800000,0.3782,0.3789,0.369,0.3696,62180759.0
1747472400000,0.3696,0.3706,0.3651,0.3685,56971272.0
1747476000000,0.3685,0.3727,0.3649,0.3661,40031079.0
1747479600000,0.3661,0.3668,0.3616,0.3632,47722275.0
1747483200000,0.3633,0.3645,0.3587,0.3595,29528716.0
1747486800000,0.3596,0.3636,0.3557,0.3588,52946230.0
1747490400000,0.3587,0.3662,0.3578,0.364,44162488.0
1747494000000,0.3639,0.3649,0.3578,0.3601,31047938.0
1747497600000,0.3601,0.3621,0.3513,0.3546,65573244.0
1747501200000,0.3545,0.3575,0.3533,0.354,27418245.0
1747504800000,0.354,0.3591,0.3522,0.3522,26083619.0
1747508400000,0.3522,0.3527,0.3479,0.3502,37802126.0
1747512000000,0.3502,0.3566,0.3476,0.3558,24777419.0
1747515600000,0.3558,0.3566,0.3516,0.3525,14649685.0
1747519200000,0.3524,0.3526,0.346,0.3479,21407153.0
1747522800000,0.3478,0.3514,0.346,0.3497,17381112.0
1747526400000,0.3496,0.3527,0.347,0.3519,25999564.0
1747530000000,0.3519,0.3562,0.3497,0.3556,21855625.0
1747533600000,0.3555,0.3577,0.3528,0.3551,29608474.0
1747537200000,0.3552,0.3614,0.3527,0.3602,29921936.0
1747540800000,0.3603,0.3688,0.3603,0.3674,37353482.0
1747544400000,0.3674,0.3797,0.3661,0.3785,59897217.0
1747548000000,0.3786,0.3823,0.3761,0.3796,51128918.0
1747551600000,0.3797,0.3843,0.3785,0.3838,36278289.0
1747555200000,0.3838,0.3877,0.3821,0.3834,42557425.0
1747558800000,0.3834,0.3852,0.376,0.3796,41948534.0
1747562400000,0.3797,0.3801,0.3743,0.3768,30788226.0
1747566000000,0.3769,0.3796,0.3748,0.3756,25236698.0
1747569600000,0.3756,0.3799,0.3718,0.3797,35043450.0
1747573200000,0.3797,0.389,0.3776,0.3884,53240413.0
1747576800000,0.3885,0.4045,0.3839,0.3963,110234420.0
1747580400000,0.3963,0.4072,0.3924,0.4048,86613451.0
1747584000000,0.4049,0.4067,0.3979,0.4025,57655613.0
1747587600000,0.4024,0.4027,0.3869,0.3877,75158956.0
1747591200000,0.3878,0.3886,0.3749,0.3771,100825440.0
1747594800000,0.3771,0.3808,0.3667,0.368,59936723.0
1747598400000,0.368,0.3715,0.3574,0.3702,92826086.0
1747602000000,0.3702,0.3771,0.3699,0.3723,32218597.0
1747605600000,0.3723,0.3808,0.3655,0.3805,62848413.0
1747609200000,0.3806,0.3933,0.3741,0.3902,49377437.0
1747612800000,0.3902,0.3941,0.3743,0.3765,84759131.0
1747616400000,0.3766,0.3798,0.3728,0.3739,39386232.0
1747620000000,0.3738,0.3756,0.3676,0.3696,42075042.0
1747623600000,0.3695,0.37,0.3609,0.3633,48529793.0
1747627200000,0.3634,0.3665,0.3492,0.3521,92546303.0
1747630800000,0.3522,0.3551,0.3493,0.3536,45199309.0
1747634400000,0.3536,0.3605,0.3482,0.3494,90690266.0
1747638000000,0.3493,0.3578,0.3487,0.3549,44814135.0
1747641600000,0.3549,0.3575,0.3495,0.353,51909855.0
1747645200000,0.3529,0.355,0.3501,0.3512,28167287.0
1747648800000,0.3513,0.3537,0.3472,0.3506,41173302.0
1747652400000,0.3506,0.3533,0.3488,0.3517,27353632.0
1747656000000,0.3517,0.3524,0.3421,0.3453,60101013.0
1747659600000,0.3452,0.3608,0.3435,0.3558,89991043.0
1747663200000,0.3558,0.3612,0.351,0.3591,68392080.0
1747666800000,0.3591,0.363,0.3559,0.36,60364534.0
1747670400000,0.3601,0.3687,0.3556,0.3685,55162636.0
1747674000000,0.3685,0.3791,0.3658,0.3679,97869649.0
1747677600000,0.3679,0.3715,0.3614,0.3642,47415085.0
1747681200000,0.3642,0.3675,0.3616,0.3661,32652042.0
1747684800000,0.366,0.3685,0.3625,0.3644,33255340.0
1747688400000,0.3644,0.3653,0.3585,0.3642,23323594.0
1747692000000,0.3641,0.3641,0.3586,0.3617,17064129.0
1747695600000,0.3617,0.3709,0.3611,0.3695,29626040.0
1747699200000,0.3695,0.3797,0.3655,0.3658,77486298.0
1747702800000,0.3657,0.3829,0.3642,0.3775,82735255.0
1747706400000,0.3775,0.3978,0.3775,0.3869,135331924.0
1747710000000,0.387,0.3892,0.3796,0.3849,66054090.0
1747713600000,0.3849,0.3864,0.3784,0.3835,40425782.0
1747717200000,0.3835,0.3891,0.3811,0.3814,41310728.0
1747720800000,0.3814,0.3828,0.3757,0.3807,41887213.0
1747724400000,0.3808,0.382,0.3702,0.3734,60506179.0
1747728000000,0.3734,0.3784,0.3716,0.3736,44392378.0
1747731600000,0.3735,0.376,0.3707,0.3727,25502376.0
1747735200000,0.3728,0.3736,0.3654,0.3695,53473091.0
1747738800000,0.3696,0.373,0.3653,0.3713,40406193.0
1747742400000,0.3712,0.3712,0.362,0.3661,50342570.0
1747746000000,0.3662,0.369,0.3624,0.3662,42476036.0
1747749600000,0.3661,0.3704,0.3642,0.3653,48185458.0
1747753200000,0.3653,0.375,0.3631,0.3707,62378913.0
1747756800000,0.3708,0.3738,0.3636,0.3646,47272961.0
1747760400000,0.3646,0.375,0.3635,0.3706,58020857.0
1747764000000,0.3705,0.3724,0.3578,0.36,69495705.0
1747767600000,0.3599,0.3771,0.3586,0.3739,56324087.0
1747771200000,0.3739,0.3855,0.37,0.3832,67410078.0
1747774800000,0.3831,0.3873,0.3777,0.379,50397592.0
1747778400000,0.379,0.3811,0.3706,0.3759,33532147.0
1747782000000,0.3759,0.3811,0.3741,0.3775,30047762.0
1747785600000,0.3775,0.3844,0.377,0.3791,32801299.0
1747789200000,0.3791,0.3829,0.3719,0.3727,32631797.0
1747792800000,0.3727,0.3801,0.3669,0.3793,54340088.0
1747796400000,0.3794,0.3927,0.3781,0.3868,73092072.0
1747800000000,0.3867,0.3914,0.3813,0.3855,46845860.0
1747803600000,0.3854,0.3975,0.3852,0.3958,82722025.0
1747807200000,0.3958,0.4023,0.3891,0.3971,76878037.0
1747810800000,0.3972,0.3996,0.3821,0.3827,79576216.0
1747814400000,0.3828,0.3867,0.3794,0.3804,45972133.0
1747818000000,0.3804,0.3821,0.3765,0.3778,37632785.0
1747821600000,0.3778,0.3854,0.3766,0.3828,38973110.0
1747825200000,0.3829,0.3941,0.3824,0.3911,54824404.0
1747828800000,0.391,0.3983,0.3871,0.395,66530264.0
1747832400000,0.3951,0.3983,0.387,0.3936,74328602.0
1747836000000,0.3937,0.4041,0.3915,0.4007,93270504.0
1747839600000,0.4007,0.4066,0.3942,0.3998,113542374.0
1747843200000,0.3999,0.4138,0.398,0.4051,104160843.0
1747846800000,0.4051,0.4091,0.3843,0.3891,199929032.0
1747850400000,0.3892,0.3931,0.3851,0.3872,56601887.0
1747854000000,0.3873,0.3988,0.3853,0.3979,56906628.0
1747857600000,0.3978,0.3994,0.3885,0.3938,56015926.0
1747861200000,0.3938,0.3972,0.3908,0.3949,26126116.0
1747864800000,0.3949,0.4,0.3944,0.3989,29608362.0
1747868400000,0.399,0.4083,0.3956,0.3958,63355820.0
1747872000000,0.3959,0.4136,0.3956,0.4117,75116797.0
1747875600000,0.4118,0.4146,0.401,0.403,58411702.0
1747879200000,0.403,0.4087,0.4003,0.4064,33429959.0
1747882800000,0.4064,0.4132,0.4029,0.4072,48991700.0
1747886400000,0.4072,0.4133,0.403,0.4109,45037009.0
1747890000000,0.4108,0.4146,0.405,0.406,49207344.0
1747893600000,0.4061,0.4087,0.4018,0.4044,45972421.0
1747897200000,0.4044,0.411,0.4025,0.4106,37546025.0
1747900800000,0.4106,0.4204,0.4093,0.4128,82447043.0
1747904400000,0.4129,0.4213,0.4111,0.4156,62962797.0
1747908000000,0.4157,0.4159,0.4059,0.4067,42878438.0
1747911600000,0.4067,0.4095,0.4037,0.4066,38040425.0
1747915200000,0.4064,0.4116,0.403,0.4094,42437707.0
1747918800000,0.4095,0.4096,0.3974,0.4023,74247774.0
1747922400000,0.4023,0.4143,0.4023,0.4114,51665486.0
1747926000000,0.4113,0.4152,0.4096,0.4109,39792409.0
1747929600000,0.411,0.4223,0.4096,0.4179,76969838.0
1747933200000,0.4178,0.4229,0.4148,0.4165,42527388.0
1747936800000,0.4165,0.4188,0.4136,0.418,17001479.0
1747940400000,0.4181,0.4192,0.4106,0.4135,22018574.0
1747944000000,0.4136,0.4223,0.4127,0.414,34068594.0
1747947600000,0.4139,0.4142,0.4061,0.4085,31297097.0
1747951200000,0.4086,0.4159,0.4082,0.4086,32373931.0
1747954800000,0.4087,0.4176,0.4085,0.4167,18271192.0
1747958400000,0.4167,0.4196,0.4112,0.4154,36148238.0
1747962000000,0.4154,0.4279,0.4133,0.4272,45730701.0
1747965600000,0.4273,0.4452,0.4268,0.4403,97986775.0
1747969200000,0.4403,0.4468,0.4403,0.4412,46257718.0
1747972800000,0.4412,0.4445,0.4339,0.4401,52607113.0
1747976400000,0.4401,0.4408,0.4172,0.4252,92406527.0
1747980000000,0.4252,0.426,0.4157,0.4189,51450683.0
1747983600000,0.419,0.4279,0.417,0.4182,55739992.0
1747987200000,0.4182,0.4234,0.4167,0.4213,32657249.0
1747990800000,0.4213,0.4302,0.419,0.4301,43005724.0
1747994400000,0.4301,0.4308,0.4222,0.4264,42328164.0
1747998000000,0.4264,0.4264,0.3985,0.4006,150461734.0
1748001600000,0.4007,0.4011,0.3851,0.3959,173307101.0
1748005200000,0.3958,0.4071,0.3919,0.4063,82080001.0
1748008800000,0.4063,0.4105,0.4015,0.4047,53770024.0
1748012400000,0.4046,0.407,0.3935,0.394,55136321.0
1748016000000,0.394,0.3979,0.389,0.3975,56759544.0
1748019600000,0.3975,0.4007,0.3945,0.3966,34540147.0
1748023200000,0.3965,0.398,0.3886,0.3906,40163800.0
1748026800000,0.3906,0.394,0.3898,0.3904,19512758.0
1748030400000,0.3904,0.3909,0.3818,0.3831,44648304.0
1748034000000,0.3832,0.3858,0.38,0.382,25064845.0
1748037600000,0.382,0.3857,0.378,0.378,28265278.0
1748041200000,0.3781,0.3796,0.3675,0.3703,68645319.0
1748044800000,0.3704,0.3741,0.3682,0.3684,46154482.0
1748048400000,0.3684,0.3732,0.3661,0.3668,44082687.0
1748052000000,0.3668,0.3724,0.3653,0.37,30502271.0
1748055600000,0.37,0.3748,0.3689,0.3739,32068496.0
1748059200000,0.3739,0.3825,0.3721,0.38,39998021.0
1748062800000,0.3801,0.3802,0.3701,0.372,49337057.0
1748066400000,0.3719,0.3746,0.3684,0.3717,38322444.0
1748070000000,0.3717,0.3755,0.3675,0.3684,35310911.0
1748073600000,0.3684,0.3704,0.3642,0.37,51289796.0
1748077200000,0.3701,0.3759,0.3685,0.3705,51146335.0
1748080800000,0.3706,0.3784,0.369,0.3765,40848581.0
1748084400000,0.3765,0.3796,0.3749,0.376,39898195.0
1748088000000,0.3761,0.3779,0.3723,0.3747,31396033.0
1748091600000,0.3748,0.3756,0.3695,0.3704,26104631.0
1748095200000,0.3703,0.3762,0.3696,0.3754,21477647.0
1748098800000,0.3754,0.3769,0.3676,0.3711,41192141.0
1748102400000,0.3711,0.3727,0.3669,0.371,25593967.0
1748106000000,0.371,0.3752,0.369,0.37,19665920.0
1748109600000,0.3701,0.373,0.3664,0.367,20611102.0
1748113200000,0.3671,0.3697,0.3665,0.3687,12573951.0
1748116800000,0.3687,0.3725,0.3673,0.3696,18944866.0
1748120400000,0.3697,0.37,0.365,0.3678,15489515.0
1748124000000,0.3678,0.3679,0.3643,0.3662,19126045.0
1748127600000,0.3662,0.3705,0.363,0.3681,24541136.0
1748131200000,0.3681,0.3708,0.3604,0.3621,43947798.0
1748134800000,0.362,0.3651,0.3561,0.3609,54321735.0
1748138400000,0.3611,0.3666,0.3566,0.3658,29655315.0
1748142000000,0.3657,0.3748,0.3655,0.3721,35203920.0
1748145600000,0.3722,0.3722,0.366,0.3692,27435554.0
1748149200000,0.3692,0.37,0.3662,0.3684,15960551.0
1748152800000,0.3683,0.3697,0.3666,0.3678,11729956.0
1748156400000,0.3678,0.368,0.3615,0.3629,26665038.0
1748160000000,0.3629,0.3629,0.3552,0.3576,47734892.0
1748163600000,0.3577,0.3613,0.3554,0.36,35362468.0
1748167200000,0.3601,0.3616,0.3575,0.358,18559760.0
1748170800000,0.3579,0.3609,0.3572,0.3589,15454940.0
1748174400000,0.3589,0.3653,0.3571,0.3644,32273664.0
1748178000000,0.3644,0.365,0.3604,0.361,20625774.0
1748181600000,0.361,0.3623,0.356,0.3578,31063294.0
1748185200000,0.3579,0.359,0.3485,0.357,77474292.0
1748188800000,0.357,0.357,0.3519,0.3556,27422448.0
1748192400000,0.3556,0.3573,0.3537,0.356,15738142.0
1748196000000,0.3561,0.3594,0.3543,0.3557,18242574.0
1748199600000,0.3557,0.3644,0.3551,0.3627,21723506.0
1748203200000,0.3628,0.3677,0.3607,0.3658,24412555.0
1748206800000,0.3657,0.3673,0.3618,0.3633,15681898.0
1748210400000,0.3633,0.3774,0.3625,0.3771,46790751.0
1748214000000,0.3771,0.3799,0.374,0.3782,36771118.0
1748217600000,0.3783,0.3865,0.3757,0.3862,45603474.0
1748221200000,0.3863,0.3869,0.3801,0.3828,33824136.0
1748224800000,0.3828,0.383,0.3758,0.3782,42481589.0
1748228400000,0.3783,0.3835,0.3767,0.3815,25178078.0
1748232000000,0.3815,0.3833,0.3806,0.3822,16230242.0
1748235600000,0.3821,0.3853,0.3802,0.3844,21799072.0
1748239200000,0.3845,0.3897,0.3836,0.3894,26309211.0
1748242800000,0.3893,0.3951,0.3873,0.3932,59551705.0
1748246400000,0.3932,0.3939,0.3864,0.3877,34680551.0
1748250000000,0.3877,0.3899,0.3833,0.385,33311897.0
1748253600000,0.3849,0.3858,0.3814,0.3829,24657887.0
1748257200000,0.3829,0.3848,0.3806,0.3839,20936936.0
1748260800000,0.3839,0.3861,0.3817,0.384,17906225.0
1748264400000,0.384,0.3857,0.3764,0.378,52022954.0
1748268000000,0.3779,0.3814,0.3731,0.3773,63892414.0
1748271600000,0.3772,0.3846,0.3736,0.3825,57305775.0
1748275200000,0.3825,0.3854,0.3709,0.3754,84923880.0
1748278800000,0.3754,0.3773,0.3723,0.3743,46463352.0
1748282400000,0.3744,0.3797,0.373,0.3774,31522038.0
1748286000000,0.3774,0.3797,0.376,0.3786,15798619.0
1748289600000,0.3786,0.3836,0.3769,0.3818,34283139.0
1748293200000,0.3818,0.3869,0.3815,0.3862,20732815.0
1748296800000,0.3862,0.3874,0.3811,0.3817,16816984.0
1748300400000,0.3817,0.3864,0.3802,0.386,12354920.0
1748304000000,0.3861,0.392,0.3842,0.3845,35620995.0
1748307600000,0.3846,0.3846,0.3737,0.3764,63769780.0
1748311200000,0.3764,0.3817,0.3754,0.3771,33943621.0
1748314800000,0.3772,0.3851,0.3769,0.3787,30258820.0
1748318400000,0.3787,0.3822,0.377,0.3778,32272341.0
1748322000000,0.3779,0.3844,0.3734,0.3835,35910536.0
1748325600000,0.3835,0.3948,0.3834,0.3861,90291565.0
1748329200000,0.3861,0.3931,0.386,0.3924,34619187.0
1748332800000,0.3923,0.3994,0.3923,0.3964,67909202.0
1748336400000,0.3964,0.3976,0.3907,0.3974,44726798.0
1748340000000,0.3975,0.4017,0.3958,0.4007,42689235.0
1748343600000,0.4006,0.403,0.3948,0.4007,47700008.0
1748347200000,0.4007,0.4084,0.397,0.4075,79348825.0
1748350800000,0.4076,0.414,0.3976,0.3996,124599137.0
1748354400000,0.3996,0.4045,0.3935,0.3984,83571045.0
1748358000000,0.3985,0.4062,0.3958,0.4036,57168072.0
1748361600000,0.4036,0.4086,0.4015,0.4058,44882267.0
1748365200000,0.4058,0.4148,0.4057,0.4102,72786466.0
1748368800000,0.4104,0.4125,0.4022,0.4025,39820867.0
1748372400000,0.4024,0.4035,0.3993,0.4014,28009300.0
1748376000000,0.4015,0.4034,0.3993,0.4008,21492219.0
1748379600000,0.4007,0.4018,0.3972,0.3989,17886549.0
1748383200000,0.399,0.3999,0.3944,0.3968,24829627.0
1748386800000,0.3968,0.3982,0.395,0.3979,12805478.0
1748390400000,0.3979,0.4017,0.3941,0.4017,24459221.0
1748394000000,0.4017,0.4047,0.3973,0.398,38702064.0
1748397600000,0.3979,0.4011,0.3931,0.399,40461522.0
1748401200000,0.3991,0.4022,0.3977,0.4007,15192135.0
1748404800000,0.4008,0.4019,0.3962,0.4007,22315519.0
1748408400000,0.4006,0.4022,0.3979,0.4011,16771250.0
1748412000000,0.4011,0.4012,0.396,0.3975,22939306.0
1748415600000,0.3976,0.4011,0.395,0.3954,20472898.0
1748419200000,0.3954,0.399,0.3919,0.3989,37839734.0
1748422800000,0.3989,0.3991,0.3909,0.3924,25320753.0
1748426400000,0.3924,0.3956,0.3889,0.3953,26761394.0
1748430000000,0.3954,0.4017,0.3932,0.4017,28891271.0
1748433600000,0.4018,0.409,0.3997,0.4044,56097646.0
1748437200000,0.4045,0.4048,0.3913,0.3917,79272690.0
1748440800000,0.3916,0.3928,0.3833,0.3838,96515000.0
1748444400000,0.3839,0.3845,0.3785,0.3787,64742740.0
1748448000000,0.3787,0.3818,0.376,0.3811,43708941.0
1748451600000,0.3811,0.3857,0.3786,0.3813,54144947.0
1748455200000,0.3812,0.3837,0.3745,0.3748,32658754.0
1748458800000,0.3748,0.3787,0.3719,0.374,51097063.0
1748462400000,0.374,0.3784,0.3732,0.3782,29589830.0
1748466000000,0.3782,0.3826,0.3769,0.3823,18884687.0
1748469600000,0.3822,0.383,0.377,0.3789,20610813.0
1748473200000,0.379,0.3917,0.3788,0.3897,55204301.0
1748476800000,0.3898,0.4025,0.3867,0.4016,61504964.0
1748480400000,0.4017,0.402,0.3927,0.3957,39389846.0
1748484000000,0.3956,0.4117,0.3926,0.4111,67904402.0
1748487600000,0.4112,0.412,0.4006,0.4017,66636520.0
1748491200000,0.4016,0.4039,0.3871,0.3922,66057597.0
1748494800000,0.3922,0.3926,0.3887,0.3898,33335400.0
1748498400000,0.3898,0.3912,0.3859,0.3876,29513261.0
1748502000000,0.3875,0.3915,0.3849,0.3902,26729971.0
1748505600000,0.3903,0.3952,0.3871,0.3901,48158433.0
1748509200000,0.39,0.391,0.388,0.3899,22840083.0
1748512800000,0.39,0.3912,0.3865,0.3895,23488179.0
1748516400000,0.3895,0.394,0.3888,0.3918,35975318.0
1748520000000,0.3917,0.3918,0.384,0.3865,42411345.0
1748523600000,0.3866,0.3907,0.3804,0.3833,55464203.0
1748527200000,0.3832,0.3903,0.3775,0.3888,77630456.0
1748530800000,0.3888,0.3905,0.3809,0.3827,42819381.0
1748534400000,0.3828,0.3847,0.3754,0.3777,46491004.0
1748538000000,0.3776,0.3826,0.3762,0.3798,35881664.0
1748541600000,0.3799,0.3824,0.3767,0.377,26077903.0
1748545200000,0.377,0.3787,0.3736,0.3761,43331120.0
1748548800000,0.3761,0.3785,0.3743,0.3761,18633297.0
1748552400000,0.3762,0.3809,0.3758,0.3804,15110728.0
1748556000000,0.3804,0.3805,0.376,0.376,13387927.0
1748559600000,0.376,0.3775,0.3698,0.3729,29879423.0
1748563200000,0.3728,0.3765,0.3512,0.3572,124046307.0
1748566800000,0.3573,0.3628,0.3563,0.3575,60998682.0
1748570400000,0.3575,0.363,0.3571,0.3606,30640401.0
1748574000000,0.3605,0.3634,0.3594,0.3605,21875242.0
1748577600000,0.3605,0.3622,0.3582,0.3605,23149961.0
1748581200000,0.3606,0.3627,0.3562,0.3587,24612367.0
1748584800000,0.3587,0.3599,0.3496,0.3511,65352785.0
1748588400000,0.3511,0.3541,0.3497,0.3507,46056279.0
1748592000000,0.3508,0.3539,0.3489,0.3513,46840006.0
1748595600000,0.3513,0.3531,0.3446,0.3505,58948750.0
1748599200000,0.3504,0.3521,0.3461,0.3513,30397574.0
1748602800000,0.3513,0.3529,0.3472,0.3489,23648766.0
1748606400000,0.349,0.3502,0.3377,0.3456,88394075.0
1748610000000,0.3457,0.3472,0.3345,0.3366,81543520.0
1748613600000,0.3366,0.3404,0.3343,0.3365,59584506.0
1748617200000,0.3365,0.3401,0.3331,0.3336,52076568.0
1748620800000,0.3337,0.3356,0.3103,0.3203,216681369.0
1748624400000,0.3203,0.3221,0.3164,0.3202,63542883.0
1748628000000,0.3202,0.3225,0.3168,0.3197,69513817.0
1748631600000,0.3197,0.3238,0.3186,0.3214,39324768.0
1748635200000,0.3214,0.3232,0.319,0.3194,28341581.0
1748638800000,0.3195,0.3218,0.3158,0.3174,30415699.0
1748642400000,0.3174,0.3185,0.303,0.3036,99586830.0
1748646000000,0.3036,0.3051,0.2976,0.3006,110208416.0
1748649600000,0.3007,0.3028,0.2911,0.2953,111244501.0
1748653200000,0.2954,0.2996,0.2858,0.2927,98716937.0
1748656800000,0.2928,0.2969,0.2901,0.292,55001853.0
1748660400000,0.292,0.2972,0.2902,0.2964,47769159.0
1748664000000,0.2965,0.3005,0.2935,0.2997,40533438.0
1748667600000,0.2997,0.3015,0.297,0.2979,34492445.0
1748671200000,0.2979,0.3047,0.2974,0.3027,40656355.0
1748674800000,0.3028,0.3063,0.302,0.3047,28891583.0
1748678400000,0.3047,0.3054,0.3008,0.302,30784393.0
1748682000000,0.3019,0.3035,0.2987,0.301,31313667.0
1748685600000,0.3009,0.3042,0.2983,0.3009,29789577.0
1748689200000,0.3009,0.3011,0.2973,0.2986,19040249.0
1748692800000,0.2987,0.3036,0.2979,0.3035,31839132.0
1748696400000,0.3034,0.3079,0.2996,0.3004,50278152.0
1748700000000,0.3004,0.3046,0.2998,0.302,40452502.0
1748703600000,0.3019,0.3045,0.2986,0.2995,49993170.0
1748707200000,0.2994,0.3055,0.2981,0.3037,41553590.0
1748710800000,0.3037,0.3064,0.3019,0.3021,29295326.0
1748714400000,0.302,0.3076,0.3013,0.3073,23327534.0
1748718000000,0.3074,0.3088,0.3061,0.307,18899345.0
1748721600000,0.3069,0.3079,0.3052,0.3077,12999735.0
1748725200000,0.3078,0.3107,0.3069,0.3095,18343911.0
1748728800000,0.3095,0.3103,0.3072,0.3073,16499511.0
1748732400000,0.3072,0.3095,0.3047,0.3056,19807189.0
1748736000000,0.3056,0.3064,0.302,0.3048,28413336.0
1748739600000,0.3047,0.3073,0.3006,0.3012,19382356.0
1748743200000,0.3012,0.3078,0.2989,0.3063,30216616.0
1748746800000,0.3064,0.3083,0.3033,0.3062,20704145.0
1748750400000,0.3062,0.3131,0.3046,0.3128,31484598.0
1748754000000,0.3129,0.3157,0.3088,0.3105,31433818.0
1748757600000,0.3104,0.3137,0.3097,0.3118,18970816.0
1748761200000,0.3118,0.3118,0.308,0.3101,17939639.0
1748764800000,0.3101,0.3105,0.3061,0.309,20435755.0
1748768400000,0.3091,0.3104,0.3016,0.305,38814150.0
1748772000000,0.305,0.3073,0.303,0.3059,25643130.0
1748775600000,0.3059,0.3079,0.3043,0.3068,19981918.0
1748779200000,0.3069,0.3076,0.3019,0.3038,23660641.0
1748782800000,0.3038,0.3078,0.3029,0.3058,16762448.0
1748786400000,0.3058,0.3112,0.3058,0.3084,33300952.0
1748790000000,0.3084,0.312,0.3068,0.3111,30979421.0
1748793600000,0.3111,0.317,0.3101,0.3131,47912208.0
1748797200000,0.3131,0.3145,0.3111,0.3127,22108572.0
1748800800000,0.3128,0.3128,0.3046,0.3085,38425634.0
1748804400000,0.3085,0.3106,0.3072,0.3103,19756360.0
1748808000000,0.3103,0.3136,0.3081,0.3113,23905938.0
1748811600000,0.3114,0.3155,0.3104,0.315,14482406.0
1748815200000,0.315,0.3183,0.3136,0.3138,21604231.0
1748818800000,0.3138,0.3174,0.3124,0.3133,23565896.0
1748822400000,0.3132,0.3135,0.3101,0.3111,24102712.0
1748826000000,0.3111,0.3152,0.3094,0.3095,22635647.0
1748829600000,0.3095,0.3107,0.307,0.308,22364960.0
1748833200000,0.3081,0.3084,0.304,0.3058,28377903.0
1748836800000,0.3058,0.3068,0.3037,0.3043,16285127.0
1748840400000,0.3043,0.3065,0.3012,0.3034,28101674.0
1748844000000,0.3033,0.3097,0.3009,0.3071,36321240.0
1748847600000,0.3071,0.3115,0.3071,0.3092,31142052.0
1748851200000,0.3092,0.3119,0.3045,0.3061,39768262.0
1748854800000,0.3062,0.3063,0.3007,0.3024,39410475.0
1748858400000,0.3023,0.3037,0.3003,0.3035,28449531.0
1748862000000,0.3036,0.3052,0.3019,0.3044,24795710.0
1748865600000,0.3043,0.3084,0.3022,0.3076,29366144.0
1748869200000,0.3077,0.3134,0.306,0.3077,60822854.0
1748872800000,0.3077,0.3153,0.3065,0.3126,60193082.0
1748876400000,0.3125,0.3153,0.3104,0.312,29975033.0
1748880000000,0.312,0.3143,0.3088,0.3127,28446293.0
1748883600000,0.3128,0.314,0.3095,0.3124,19945513.0
1748887200000,0.3123,0.3157,0.3096,0.3104,32735182.0
1748890800000,0.3103,0.3113,0.3027,0.3055,74099963.0
1748894400000,0.3055,0.3125,0.3055,0.3112,33423084.0
1748898000000,0.3113,0.3247,0.3111,0.3211,141322793.0
1748901600000,0.3211,0.329,0.3208,0.3281,91922685.0
1748905200000,0.3281,0.3301,0.3213,0.3225,96733484.0
1748908800000,0.3225,0.3326,0.3206,0.3321,65372314.0
1748912400000,0.3321,0.3391,0.3309,0.3384,75634130.0
1748916000000,0.3384,0.3396,0.33,0.3312,63791288.0
1748919600000,0.3313,0.3321,0.3254,0.3292,59190480.0
1748923200000,0.3292,0.3295,0.3243,0.3261,36546823.0
1748926800000,0.3262,0.3359,0.3261,0.335,42617766.0
1748930400000,0.3351,0.3371,0.3295,0.337,53396064.0
1748934000000,0.337,0.3403,0.3358,0.3388,40821320.0
1748937600000,0.3387,0.3399,0.3323,0.3369,59974285.0
1748941200000,0.3369,0.3426,0.336,0.3392,52705514.0
1748944800000,0.3392,0.3458,0.3388,0.3457,62685671.0
1748948400000,0.3458,0.3469,0.3388,0.3409,67376753.0
1748952000000,0.3409,0.3432,0.3375,0.3431,43015746.0
1748955600000,0.3432,0.3487,0.3399,0.3417,90018670.0
1748959200000,0.3418,0.3475,0.3378,0.3466,76808151.0
1748962800000,0.3465,0.348,0.3416,0.3422,74233080.0
1748966400000,0.3422,0.3434,0.3356,0.3362,64511096.0
1748970000000,0.3362,0.3422,0.3357,0.339,38091167.0
1748973600000,0.3389,0.3399,0.3354,0.339,42825501.0
1748977200000,0.339,0.3444,0.3389,0.3415,40427704.0
1748980800000,0.3416,0.3421,0.3338,0.3382,50824834.0
1748984400000,0.3381,0.3395,0.3304,0.3315,47744150.0
1748988000000,0.3315,0.338,0.3302,0.3364,51290561.0
1748991600000,0.3364,0.3387,0.3338,0.3376,29137289.0
1748995200000,0.3375,0.3404,0.3339,0.3392,37601242.0
1748998800000,0.3393,0.3509,0.3385,0.3463,71155163.0
1749002400000,0.3464,0.3511,0.341,0.3425,42717858.0
1749006000000,0.3424,0.3485,0.3418,0.346,32073231.0
1749009600000,0.3459,0.3473,0.3402,0.341,37800494.0
1749013200000,0.3409,0.3435,0.3383,0.3398,32019674.0
1749016800000,0.3398,0.3443,0.3381,0.3411,29047124.0
1749020400000,0.3412,0.3422,0.3377,0.3412,23826037.0
1749024000000,0.3412,0.3434,0.3392,0.3397,22559055.0
1749027600000,0.3397,0.3419,0.3363,0.3413,32388080.0
1749031200000,0.3414,0.3418,0.335,0.3353,28913805.0
1749034800000,0.3352,0.3364,0.3325,0.3337,33439350.0
1749038400000,0.3337,0.3351,0.3282,0.3302,63343209.0
1749042000000,0.3302,0.3363,0.328,0.3347,60651046.0
1749045600000,0.3346,0.3382,0.3311,0.3381,53582492.0
1749049200000,0.3382,0.3454,0.3348,0.3438,77979273.0
1749052800000,0.3438,0.3556,0.34,0.343,214522581.0
1749056400000,0.343,0.3437,0.3315,0.3332,71733004.0
1749060000000,0.3333,0.3363,0.3288,0.3294,38071951.0
1749063600000,0.3294,0.3314,0.3212,0.3225,62954393.0
1749067200000,0.3224,0.323,0.3133,0.3146,93763755.0
1749070800000,0.3147,0.3214,0.3114,0.3189,57645902.0
1749074400000,0.3189,0.3206,0.312,0.3129,49743531.0
1749078000000,0.313,0.3163,0.312,0.314,32906587.0
1749081600000,0.314,0.3184,0.3111,0.3172,39941912.0
1749085200000,0.3172,0.3196,0.3136,0.3155,31128505.0
1749088800000,0.3154,0.3206,0.3154,0.3174,37696838.0
1749092400000,0.3174,0.3196,0.3157,0.3172,25896190.0
1749096000000,0.3173,0.3183,0.3157,0.317,25040668.0
1749099600000,0.317,0.3174,0.3101,0.3123,49544399.0
1749103200000,0.3124,0.3148,0.3103,0.3116,35215824.0
1749106800000,0.3116,0.3148,0.3111,0.3136,32122307.0
1749110400000,0.3137,0.3157,0.3111,0.3122,27648245.0
1749114000000,0.3122,0.314,0.3092,0.3118,35436713.0
1749117600000,0.3118,0.3124,0.3065,0.309,43534105.0
1749121200000,0.309,0.3104,0.307,0.3099,25568409.0
1749124800000,0.3099,0.3182,0.3089,0.3157,93972550.0
1749128400000,0.3158,0.3172,0.3039,0.3057,111504845.0
1749132000000,0.3056,0.3112,0.3017,0.3073,122469408.0
1749135600000,0.3073,0.3122,0.3071,0.3101,40205175.0
1749139200000,0.3101,0.3106,0.3026,0.3054,98245967.0
1749142800000,0.3055,0.3094,0.3054,0.3081,39837620.0
1749146400000,0.3081,0.3119,0.3059,0.3088,53087854.0
1749150000000,0.3088,0.3092,0.296,0.2997,141260999.0
1749153600000,0.2996,0.3013,0.2833,0.2835,222469906.0
1749157200000,0.2834,0.2908,0.2825,0.2901,124594806.0
1749160800000,0.2901,0.2901,0.2851,0.2868,47679649.0
1749164400000,0.2869,0.2889,0.2836,0.2838,43307099.0
1749168000000,0.2838,0.2912,0.2838,0.2904,52432137.0
1749171600000,0.2903,0.2907,0.2872,0.2899,30553415.0
1749175200000,0.29,0.2925,0.2868,0.2923,34069707.0
1749178800000,0.2924,0.2953,0.2904,0.2934,41039944.0
1749182400000,0.2935,0.2941,0.2905,0.293,28367822.0
1749186000000,0.2929,0.2959,0.2917,0.2957,34955139.0
1749189600000,0.2957,0.2981,0.295,0.2962,37344014.0
1749193200000,0.2961,0.298,0.2923,0.2928,40839902.0
1749196800000,0.2929,0.2948,0.2925,0.293,22812101.0
1749200400000,0.2931,0.2961,0.2929,0.2933,23056637.0
1749204000000,0.2932,0.2959,0.293,0.2948,23389999.0
1749207600000,0.2948,0.2967,0.2929,0.2953,26665187.0
1749211200000,0.2953,0.3021,0.295,0.2961,67300625.0
1749214800000,0.2962,0.3048,0.2962,0.3011,72285338.0
1749218400000,0.301,0.3076,0.3005,0.3052,66558262.0
1749222000000,0.3052,0.3078,0.3003,0.3024,48926528.0
1749225600000,0.3023,0.3042,0.3002,0.3012,27450195.0
1749229200000,0.3012,0.3017,0.2964,0.2992,60430226.0
1749232800000,0.2992,0.2994,0.293,0.2936,38601089.0
1749236400000,0.2936,0.2959,0.2929,0.2947,31773297.0
1749240000000,0.2948,0.2995,0.294,0.2964,26946446.0
1749243600000,0.2964,0.2976,0.2942,0.2967,14659326.0
1749247200000,0.2967,0.2974,0.2944,0.2967,15287843.0
1749250800000,0.2966,0.2995,0.2955,0.2976,18333258.0
1749254400000,0.2976,0.3045,0.2975,0.3042,32783196.0
1749258000000,0.3043,0.3059,0.2998,0.301,43347780.0
1749261600000,0.301,0.3029,0.2997,0.3022,16599095.0
1749265200000,0.3022,0.3069,0.3013,0.3059,29248883.0
1749268800000,0.3059,0.308,0.3041,0.3077,23209758.0
1749272400000,0.3078,0.3089,0.3058,0.3059,23508140.0
1749276000000,0.306,0.3109,0.3057,0.3101,46670523.0
1749279600000,0.3102,0.3122,0.3078,0.3097,29199081.0
1749283200000,0.3097,0.3107,0.3083,0.3101,21572029.0
1749286800000,0.3102,0.3113,0.3076,0.3089,21238000.0
1749290400000,0.309,0.3157,0.3089,0.3143,48096038.0
1749294000000,0.3144,0.3206,0.3134,0.32,47385303.0
1749297600000,0.32,0.3246,0.3184,0.3222,81158593.0
1749301200000,0.3223,0.3327,0.3202,0.3308,94622030.0
1749304800000,0.3307,0.337,0.3291,0.3305,117734328.0
1749308400000,0.3305,0.3348,0.3291,0.3327,88412164.0
1749312000000,0.3328,0.3337,0.3259,0.3294,78464097.0
1749315600000,0.3293,0.3299,0.3227,0.3229,66808999.0
1749319200000,0.323,0.328,0.3228,0.3268,45631459.0
1749322800000,0.3268,0.3286,0.3249,0.3254,34212932.0
1749326400000,0.3254,0.3263,0.3228,0.3231,23682816.0
1749330000000,0.3231,0.3237,0.3211,0.3225,18666381.0
1749333600000,0.3225,0.3245,0.3206,0.3217,27792646.0
1749337200000,0.3218,0.322,0.3201,0.3212,16354154.0
1749340800000,0.3213,0.3221,0.3157,0.3172,52415766.0
1749344400000,0.3173,0.3203,0.3165,0.3187,20635497.0
1749348000000,0.3186,0.3195,0.3167,0.3169,17586746.0
1749351600000,0.3168,0.3193,0.3167,0.3176,14313744.0
1749355200000,0.3176,0.3203,0.3168,0.3196,21196192.0
1749358800000,0.3196,0.3203,0.3174,0.3181,20883486.0
1749362400000,0.318,0.3225,0.3179,0.3188,32391982.0
1749366000000,0.3187,0.3195,0.3162,0.3168,21272835.0
1749369600000,0.3168,0.3199,0.3158,0.3164,38108099.0
1749373200000,0.3163,0.3168,0.3111,0.3122,61067080.0
1749376800000,0.3121,0.3131,0.3111,0.3126,24563465.0
1749380400000,0.3126,0.3161,0.3126,0.3154,27777758.0
1749384000000,0.3153,0.3156,0.3113,0.3125,30123283.0
1749387600000,0.3124,0.3175,0.3111,0.3127,39327688.0
1749391200000,0.3127,0.3151,0.3119,0.3143,24528945.0
1749394800000,0.3144,0.3175,0.3141,0.3145,31233398.0
1749398400000,0.3145,0.3214,0.3138,0.3198,60428101.0
1749402000000,0.3198,0.3224,0.3171,0.3176,41752509.0
1749405600000,0.3175,0.3203,0.3161,0.3184,27216507.0
1749409200000,0.3184,0.3195,0.3172,0.3192,18203935.0
1749412800000,0.3192,0.3218,0.3184,0.3196,22053484.0
1749416400000,0.3196,0.3228,0.3193,0.3215,16591511.0
1749420000000,0.3215,0.322,0.3164,0.3177,30044851.0
1749423600000,0.3176,0.3178,0.3149,0.3167,21682029.0
1749427200000,0.3167,0.3213,0.3152,0.321,34141445.0
1749430800000,0.321,0.3214,0.3173,0.3185,24951287.0
1749434400000,0.3185,0.3207,0.3168,0.317,17208089.0
1749438000000,0.317,0.3209,0.3153,0.3207,26106419.0
1749441600000,0.3207,0.3214,0.3164,0.3176,21653584.0
1749445200000,0.3177,0.3196,0.3162,0.3174,17721170.0
1749448800000,0.3173,0.3208,0.3164,0.3203,24131726.0
1749452400000,0.3204,0.3205,0.3179,0.3192,14149507.0
1749456000000,0.3193,0.3249,0.3183,0.3247,39156110.0
1749459600000,0.3246,0.33,0.3217,0.3269,75298589.0
1749463200000,0.3269,0.3305,0.3259,0.3281,52646232.0
1749466800000,0.3281,0.3304,0.3261,0.3281,46116260.0
1749470400000,0.3281,0.3332,0.3271,0.3306,45821730.0
1749474000000,0.3306,0.3313,0.3224,0.3234,54296087.0
1749477600000,0.3234,0.3296,0.3234,0.327,41500002.0
1749481200000,0.327,0.3293,0.3242,0.3242,27644760.0
1749484800000,0.3242,0.3337,0.3242,0.3313,49262905.0
1749488400000,0.3314,0.3326,0.3274,0.3292,36559202.0
1749492000000,0.3292,0.3305,0.3268,0.3285,26072510.0
1749495600000,0.3284,0.3294,0.3257,0.3276,18863559.0
1749499200000,0.3276,0.3295,0.3269,0.3283,12083449.0
1749502800000,0.3283,0.34,0.3283,0.3383,69301438.0
1749506400000,0.3383,0.343,0.3367,0.3428,59327418.0
1749510000000,0.3428,0.3446,0.34,0.3437,41641496.0
1749513600000,0.3437,0.3475,0.3407,0.3431,69926612.0
1749517200000,0.343,0.3486,0.3423,0.3464,39477346.0
1749520800000,0.3464,0.3499,0.3434,0.3484,50328935.0
1749524400000,0.3484,0.3491,0.3449,0.3474,32780051.0
1749528000000,0.3475,0.3485,0.3417,0.3433,32097216.0
1749531600000,0.3433,0.3448,0.3376,0.3386,42827019.0
1749535200000,0.3387,0.3404,0.3336,0.3392,47562431.0
1749538800000,0.3392,0.3412,0.3373,0.339,26132887.0
1749542400000,0.3391,0.3405,0.3356,0.3366,30745035.0
1749546000000,0.3366,0.3414,0.3356,0.341,27191895.0
1749549600000,0.341,0.3427,0.3387,0.3425,26784473.0
1749553200000,0.3425,0.3679,0.339,0.3679,216769345.0
1749556800000,0.3678,0.3733,0.3635,0.3689,130116968.0
1749560400000,0.3689,0.3696,0.3565,0.3608,102770132.0
1749564000000,0.3607,0.3625,0.354,0.3552,75548836.0
1749567600000,0.3551,0.3596,0.3498,0.3563,72347360.0
1749571200000,0.3563,0.3602,0.35,0.3502,61458084.0
1749574800000,0.3501,0.3559,0.35,0.3515,34111115.0
1749578400000,0.3516,0.3574,0.3503,0.3555,31471053.0
1749582000000,0.3556,0.3657,0.3546,0.3602,92390818.0
1749585600000,0.3603,0.3642,0.354,0.3637,55073252.0
1749589200000,0.3638,0.3656,0.3581,0.3615,51264787.0
1749592800000,0.3616,0.3678,0.3612,0.3661,46201561.0
1749596400000,0.3662,0.3717,0.3649,0.3705,44693450.0
1749600000000,0.3705,0.374,0.3626,0.3635,67338284.0
1749603600000,0.3635,0.364,0.3567,0.3588,55340023.0
1749607200000,0.3588,0.3625,0.3557,0.3577,37195257.0
1749610800000,0.3577,0.3618,0.357,0.3577,33499997.0
1749614400000,0.3577,0.3601,0.3563,0.3581,17177695.0
1749618000000,0.3581,0.3603,0.3555,0.3568,19400094.0
1749621600000,0.3568,0.3592,0.3546,0.3579,25629322.0
1749625200000,0.3578,0.3624,0.3564,0.3597,37232244.0
1749628800000,0.3597,0.3607,0.3531,0.3539,36906200.0
1749632400000,0.3539,0.3559,0.3505,0.3515,41151397.0
1749636000000,0.3516,0.3535,0.3496,0.3531,32465779.0
1749639600000,0.3531,0.3536,0.35,0.3529,29056164.0
1749643200000,0.3529,0.3698,0.3514,0.3639,140516345.0
1749646800000,0.3639,0.3681,0.3601,0.3625,70497523.0
1749650400000,0.3626,0.3758,0.3612,0.3699,109505314.0
1749654000000,0.3698,0.3781,0.3694,0.3738,127233859.0
1749657600000,0.3737,0.3746,0.3656,0.3714,51884736.0
1749661200000,0.3714,0.3727,0.3638,0.3643,48292223.0
1749664800000,0.3643,0.3651,0.3584,0.3603,50890575.0
1749668400000,0.3604,0.3608,0.3545,0.3559,47223011.0
1749672000000,0.3558,0.3602,0.3529,0.3562,37630525.0
1749675600000,0.3562,0.3603,0.3441,0.3453,60335485.0
1749679200000,0.3452,0.3483,0.3411,0.3441,66421326.0
1749682800000,0.3441,0.3476,0.3433,0.3458,23746583.0
1749686400000,0.3458,0.3492,0.3425,0.3481,39728340.0
1749690000000,0.3481,0.3487,0.3434,0.3484,27112510.0
1749693600000,0.3483,0.3509,0.3447,0.3451,22189811.0
1749697200000,0.3451,0.3457,0.3403,0.3422,39571788.0
1749700800000,0.3423,0.3426,0.338,0.3397,42273817.0
1749704400000,0.3397,0.3397,0.3367,0.3374,34858113.0
1749708000000,0.3374,0.3404,0.3354,0.3367,36472602.0
1749711600000,0.3368,0.3377,0.3306,0.3307,51987572.0
1749715200000,0.3307,0.334,0.3285,0.3318,52857024.0
1749718800000,0.3318,0.3327,0.3298,0.3315,24669280.0
1749722400000,0.3315,0.3322,0.3272,0.3295,41355705.0
1749726000000,0.3295,0.3299,0.3254,0.3264,40214634.0
1749729600000,0.3265,0.3333,0.3254,0.3315,52208548.0
1749733200000,0.3315,0.3344,0.3297,0.3331,53067849.0
1749736800000,0.3332,0.3377,0.3328,0.3361,58191737.0
1749740400000,0.3361,0.3377,0.3225,0.3253,100250408.0
1749744000000,0.3253,0.3314,0.3242,0.3292,49603679.0
1749747600000,0.3291,0.337,0.3289,0.3324,51544391.0
1749751200000,0.3325,0.3326,0.3255,0.3275,44921349.0
1749754800000,0.3275,0.3289,0.3178,0.3196,66624872.0
1749758400000,0.3195,0.3214,0.312,0.3144,98666446.0
1749762000000,0.3145,0.3193,0.3122,0.3127,55360538.0
1749765600000,0.3127,0.3154,0.3102,0.312,42007283.0
1749769200000,0.3121,0.3139,0.3105,0.311,30932112.0
1749772800000,0.311,0.3122,0.289,0.2915,272877338.0
1749776400000,0.2916,0.2922,0.28,0.2833,180792891.0
1749780000000,0.2833,0.284,0.2781,0.2823,102384708.0
1749783600000,0.2823,0.2891,0.2811,0.287,86305905.0
1749787200000,0.287,0.2907,0.2841,0.2887,64270657.0
1749790800000,0.2887,0.291,0.2876,0.2888,42117117.0
1749794400000,0.2888,0.2926,0.2856,0.2926,48169837.0
1749798000000,0.2926,0.2962,0.2896,0.2942,66694561.0
1749801600000,0.2942,0.3007,0.2932,0.2951,72735494.0
1749805200000,0.2951,0.2962,0.2925,0.2935,39821117.0
1749808800000,0.2936,0.2945,0.2903,0.2939,45040520.0
1749812400000,0.2938,0.2954,0.2902,0.2942,48546050.0
1749816000000,0.2942,0.2968,0.2917,0.2925,44492434.0
1749819600000,0.2925,0.2971,0.2906,0.2935,55594463.0
1749823200000,0.2935,0.2958,0.288,0.2932,78457355.0
1749826800000,0.2933,0.3006,0.2917,0.2945,91606709.0
1749830400000,0.2946,0.2996,0.2903,0.2957,87781356.0
1749834000000,0.2956,0.2956,0.2892,0.293,46047359.0
1749837600000,0.2929,0.2941,0.287,0.291,56051715.0
1749841200000,0.291,0.2921,0.2876,0.2901,44704513.0
1749844800000,0.2902,0.2951,0.2894,0.2937,35382379.0
1749848400000,0.2938,0.2965,0.2912,0.2945,22749148.0
1749852000000,0.2946,0.2976,0.2935,0.296,23587101.0
1749855600000,0.296,0.3006,0.2959,0.3002,27231701.0
1749859200000,0.3003,0.3016,0.2977,0.2986,37933909.0
1749862800000,0.2985,0.2997,0.2956,0.2974,23615105.0
1749866400000,0.2974,0.2994,0.2966,0.2988,18259174.0
1749870000000,0.2988,0.3007,0.2973,0.2981,15914944.0
1749873600000,0.298,0.3,0.2979,0.2995,12107968.0
1749877200000,0.2995,0.3006,0.2975,0.2992,13711733.0
1749880800000,0.2992,0.3006,0.297,0.2974,20207198.0
1749884400000,0.2974,0.2981,0.2938,0.2972,34384224.0
1749888000000,0.2971,0.2975,0.2944,0.2964,15992803.0
1749891600000,0.2964,0.2973,0.2937,0.2939,24308661.0
1749895200000,0.2939,0.2973,0.2937,0.2957,22094680.0
1749898800000,0.2957,0.2978,0.2951,0.2964,15485627.0
1749902400000,0.2963,0.2969,0.2942,0.2965,16428819.0
1749906000000,0.2965,0.2997,0.2952,0.2972,32969697.0
1749909600000,0.2971,0.2976,0.294,0.2947,18165977.0
1749913200000,0.2947,0.2955,0.2895,0.292,44288971.0
1749916800000,0.2919,0.2936,0.2875,0.2885,48168331.0
1749920400000,0.2884,0.2933,0.2876,0.2923,23778415.0
1749924000000,0.2923,0.2946,0.2883,0.2914,30757104.0
1749927600000,0.2914,0.2924,0.2895,0.2897,26740944.0
1749931200000,0.2897,0.2908,0.2863,0.2897,41322777.0
1749934800000,0.2898,0.294,0.289,0.2932,27503961.0
1749938400000,0.2933,0.2947,0.2915,0.2928,19439024.0
1749942000000,0.2928,0.2941,0.2919,0.2922,10000118.0
1749945600000,0.2923,0.2964,0.2923,0.2956,23333200.0
1749949200000,0.2955,0.2962,0.293,0.2938,13539321.0
1749952800000,0.2937,0.2959,0.2935,0.2936,11995384.0
1749956400000,0.2937,0.2961,0.2932,0.2949,15064801.0
1749960000000,0.2948,0.2987,0.2948,0.2986,20921748.0
1749963600000,0.2985,0.3009,0.2965,0.3001,28794670.0
1749967200000,0.3002,0.3008,0.2964,0.2969,29029734.0
1749970800000,0.2968,0.297,0.2944,0.296,25392322.0
1749974400000,0.296,0.2965,0.2943,0.296,17726940.0
1749978000000,0.2959,0.296,0.2915,0.2921,33281394.0
1749981600000,0.2921,0.2967,0.2919,0.2966,25685937.0
1749985200000,0.2966,0.2977,0.2946,0.297,24455254.0
1749988800000,0.297,0.299,0.2955,0.2985,20304511.0
1749992400000,0.2985,0.3025,0.2973,0.3024,57159642.0
1749996000000,0.3025,0.3038,0.2983,0.3026,50496541.0
1749999600000,0.3027,0.3047,0.2986,0.2996,46098581.0
1750003200000,0.2996,0.3017,0.2983,0.3011,28921211.0
1750006800000,0.301,0.3024,0.2985,0.3009,18717583.0
1750010400000,0.3009,0.3012,0.2982,0.2992,20645399.0
1750014000000,0.2992,0.3011,0.2967,0.2989,22239865.0
1750017600000,0.299,0.2991,0.293,0.2951,43228074.0
1750021200000,0.2951,0.2967,0.2932,0.2964,19073869.0
1750024800000,0.2964,0.3033,0.2957,0.3022,39743786.0
1750028400000,0.3022,0.304,0.3003,0.3029,21905247.0
1750032000000,0.303,0.3032,0.2998,0.3009,21764948.0
1750035600000,0.3009,0.3057,0.2972,0.3054,38588742.0
1750039200000,0.3053,0.3082,0.3053,0.3058,29159923.0
1750042800000,0.3059,0.3072,0.3046,0.3047,18377444.0
1750046400000,0.3047,0.3087,0.3042,0.3066,21112702.0
1750050000000,0.3066,0.312,0.3055,0.3086,47426585.0
1750053600000,0.3087,0.3111,0.3071,0.3088,25458037.0
1750057200000,0.3089,0.3138,0.3089,0.3113,43799335.0
1750060800000,0.3114,0.3117,0.3086,0.3104,24816593.0
1750064400000,0.3105,0.3112,0.3092,0.3102,19582744.0
1750068000000,0.3102,0.3119,0.3082,0.3091,18273507.0
1750071600000,0.3092,0.3107,0.3065,0.3096,29145714.0
1750075200000,0.3095,0.3103,0.3066,0.309,25331480.0
1750078800000,0.309,0.3139,0.3071,0.3134,46751220.0
1750082400000,0.3134,0.3161,0.3117,0.3121,64738498.0
1750086000000,0.3121,0.3143,0.3103,0.3111,31989554.0
1750089600000,0.311,0.3147,0.3103,0.3122,33037358.0
1750093200000,0.3123,0.313,0.3105,0.3113,20689174.0
1750096800000,0.3113,0.314,0.311,0.3138,18842942.0
1750100400000,0.3139,0.3156,0.3113,0.3127,38310837.0
1750104000000,0.3127,0.3151,0.3105,0.3144,25729604.0
1750107600000,0.3143,0.3151,0.3111,0.314,18363741.0
1750111200000,0.3139,0.3145,0.2956,0.3018,111593077.0
1750114800000,0.3018,0.3044,0.2931,0.2942,86386591.0
1750118400000,0.2942,0.2985,0.285,0.2983,167613091.0
1750122000000,0.2983,0.302,0.2963,0.2993,66212580.0
1750125600000,0.2993,0.3011,0.2958,0.3008,53535852.0
1750129200000,0.3009,0.3016,0.2972,0.2982,42103866.0
1750132800000,0.2982,0.2987,0.2957,0.2967,25846070.0
1750136400000,0.2966,0.297,0.291,0.2925,61754163.0
1750140000000,0.2925,0.2945,0.2915,0.2933,37501581.0
1750143600000,0.2933,0.2944,0.2923,0.2925,23024805.0
1750147200000,0.2924,0.2931,0.2892,0.2898,42688594.0
1750150800000,0.2898,0.2955,0.2865,0.2889,92879679.0
1750154400000,0.2889,0.2892,0.2852,0.2881,42829885.0
1750158000000,0.2881,0.2881,0.2855,0.2871,25674562.0
1750161600000,0.2872,0.2884,0.2853,0.2857,35582562.0
1750165200000,0.2857,0.2897,0.2854,0.2873,45458655.0
1750168800000,0.2873,0.2914,0.285,0.2855,61061362.0
1750172400000,0.2856,0.2858,0.2781,0.2814,167217781.0
1750176000000,0.2814,0.2818,0.2765,0.2772,79423204.0
1750179600000,0.2771,0.279,0.2747,0.2762,73387644.0
1750183200000,0.2761,0.281,0.2757,0.281,36289022.0
1750186800000,0.281,0.2893,0.2806,0.2867,76964305.0
1750190400000,0.2866,0.2882,0.2814,0.2815,47801884.0
1750194000000,0.2815,0.2839,0.2801,0.2813,33924822.0
1750197600000,0.2814,0.2816,0.2766,0.2772,34536475.0
1750201200000,0.2772,0.2815,0.2771,0.2798,21152580.0
1750204800000,0.2798,0.2821,0.2775,0.2817,32188968.0
1750208400000,0.2817,0.2831,0.2789,0.2792,26616296.0
1750212000000,0.2792,0.28,0.2774,0.2776,25692096.0
1750215600000,0.2777,0.281,0.2771,0.2802,20371131.0
1750219200000,0.2801,0.2844,0.2796,0.2832,22088800.0
1750222800000,0.2833,0.2834,0.2817,0.2818,19804522.0
1750226400000,0.2818,0.2831,0.2782,0.2792,31006987.0
1750230000000,0.2792,0.2812,0.2782,0.2811,26607822.0
1750233600000,0.2811,0.2828,0.2775,0.2796,36791783.0
1750237200000,0.2795,0.2808,0.2748,0.277,47262084.0
1750240800000,0.277,0.2771,0.2694,0.2705,113661324.0
1750244400000,0.2705,0.2742,0.2696,0.2741,50501215.0
1750248000000,0.274,0.2744,0.2707,0.271,32639028.0
1750251600000,0.271,0.2732,0.2668,0.2728,94835282.0
1750255200000,0.2727,0.2799,0.2714,0.2757,103675898.0
1750258800000,0.2757,0.2785,0.2738,0.2772,48456368.0
1750262400000,0.2771,0.278,0.2735,0.2747,48295326.0
1750266000000,0.2747,0.2774,0.272,0.2763,45030820.0
1750269600000,0.2764,0.2796,0.2721,0.2721,83972244.0
1750273200000,0.2721,0.2779,0.2715,0.2754,51888140.0
1750276800000,0.2755,0.2856,0.274,0.2844,51657582.0
1750280400000,0.2844,0.2864,0.2795,0.2853,50812152.0
1750284000000,0.2852,0.2866,0.2833,0.2849,30403399.0
1750287600000,0.2849,0.2869,0.2839,0.2852,18203755.0
1750291200000,0.2853,0.2898,0.2839,0.2874,36527109.0
1750294800000,0.2874,0.2875,0.2832,0.2847,30119639.0
1750298400000,0.2847,0.2865,0.2828,0.2846,23094714.0
1750302000000,0.2846,0.2875,0.2845,0.2869,17917790.0
1750305600000,0.2869,0.2871,0.2842,0.2869,19260578.0
1750309200000,0.287,0.2887,0.2856,0.286,30587628.0
1750312800000,0.286,0.2874,0.2847,0.2868,51854264.0
1750316400000,0.2868,0.2881,0.2856,0.2858,33917770.0
1750320000000,0.2857,0.2874,0.2852,0.2855,17632809.0
1750323600000,0.2855,0.2902,0.2848,0.2898,28921658.0
1750327200000,0.2899,0.29,0.2852,0.286,43633977.0
1750330800000,0.2859,0.2872,0.285,0.2865,24726342.0
1750334400000,0.2865,0.2882,0.2857,0.2879,18662643.0
1750338000000,0.2878,0.2889,0.2851,0.2859,31502376.0
1750341600000,0.2858,0.2863,0.2806,0.2817,66508742.0
1750345200000,0.2818,0.2842,0.281,0.2821,35044483.0
1750348800000,0.2821,0.2838,0.2794,0.2799,37949287.0
1750352400000,0.28,0.2863,0.2792,0.2846,41674810.0
1750356000000,0.2847,0.2876,0.2818,0.2833,31553641.0
1750359600000,0.2832,0.284,0.2816,0.2823,15371925.0
1750363200000,0.2824,0.2837,0.2802,0.2811,21110329.0
1750366800000,0.2811,0.2828,0.2806,0.2817,17030899.0
1750370400000,0.2818,0.2852,0.2817,0.2834,19598329.0
1750374000000,0.2833,0.2841,0.2814,0.2826,12031115.0
1750377600000,0.2825,0.2855,0.2822,0.2843,18708354.0
1750381200000,0.2843,0.2846,0.2809,0.2841,19520665.0
1750384800000,0.2842,0.2845,0.2813,0.2822,12690710.0
1750388400000,0.2822,0.2833,0.2806,0.2821,13594357.0
1750392000000,0.282,0.283,0.2786,0.2788,25363707.0
1750395600000,0.2788,0.2822,0.2786,0.2819,17746224.0
1750399200000,0.282,0.2844,0.2817,0.2838,25652323.0
1750402800000,0.2838,0.2899,0.283,0.2895,48726549.0
1750406400000,0.2894,0.2925,0.2877,0.2884,60678279.0
1750410000000,0.2884,0.2895,0.287,0.2887,24356822.0
1750413600000,0.2887,0.2908,0.2873,0.2878,27939703.0
1750417200000,0.2878,0.2899,0.2873,0.2891,17631684.0
1750420800000,0.289,0.2918,0.2884,0.2911,27684691.0
1750424400000,0.291,0.2928,0.2867,0.2885,47856617.0
1750428000000,0.2884,0.2891,0.2785,0.2788,84046076.0
1750431600000,0.2789,0.2819,0.2782,0.28,46229131.0
1750435200000,0.2801,0.2803,0.2733,0.2742,68280640.0
1750438800000,0.2742,0.2755,0.2631,0.2696,205920937.0
1750442400000,0.2695,0.2718,0.2681,0.2714,63495180.0
1750446000000,0.2713,0.2713,0.2674,0.2698,36108224.0
1750449600000,0.2697,0.2745,0.2697,0.27,46882522.0
1750453200000,0.27,0.2702,0.2666,0.2668,24803164.0
1750456800000,0.2668,0.2668,0.2615,0.2628,63210202.0
1750460400000,0.2629,0.2664,0.2619,0.2653,45148698.0
1750464000000,0.2653,0.2684,0.2648,0.267,24676983.0
1750467600000,0.2671,0.2714,0.2669,0.2707,22216858.0
1750471200000,0.2707,0.2714,0.2681,0.2686,13598534.0
1750474800000,0.2686,0.2702,0.268,0.2688,15630411.0
1750478400000,0.2687,0.2692,0.268,0.2681,9484365.0
1750482000000,0.2681,0.2693,0.2673,0.2684,15644994.0
1750485600000,0.2685,0.2694,0.2677,0.2688,11512716.0
1750489200000,0.2688,0.2691,0.2667,0.2679,18292027.0
1750492800000,0.2679,0.2692,0.2667,0.269,13395497.0
1750496400000,0.269,0.2708,0.2677,0.2696,23724605.0
1750500000000,0.2697,0.2707,0.2672,0.2682,22863568.0
1750503600000,0.2681,0.2692,0.2676,0.2681,12549540.0
1750507200000,0.2681,0.2688,0.2653,0.2656,25933087.0
1750510800000,0.2657,0.2667,0.2608,0.2615,44476718.0
1750514400000,0.2615,0.2638,0.2601,0.2614,52904403.0
1750518000000,0.2614,0.2637,0.26,0.2636,44402667.0
1750521600000,0.2637,0.265,0.2607,0.2621,42022099.0
1750525200000,0.262,0.2637,0.2568,0.2575,60415964.0
1750528800000,0.2576,0.26,0.2555,0.2566,59809222.0
1750532400000,0.2566,0.2572,0.253,0.2538,63869693.0
1750536000000,0.2538,0.2569,0.2522,0.2555,47353855.0
1750539600000,0.2555,0.256,0.24,0.245,130972117.0
1750543200000,0.245,0.2487,0.2446,0.2485,43202019.0
1750546800000,0.2485,0.2501,0.243,0.2499,82172081.0
1750550400000,0.25,0.2555,0.2475,0.2533,76167164.0
1750554000000,0.2533,0.2543,0.2491,0.2492,36554320.0
1750557600000,0.2493,0.2515,0.2458,0.2478,40642487.0
1750561200000,0.2477,0.2485,0.2442,0.2458,34167579.0
1750564800000,0.2459,0.2497,0.2449,0.2477,23688561.0
1750568400000,0.2477,0.2501,0.2469,0.2489,28520953.0
1750572000000,0.2489,0.2507,0.2475,0.2501,25236157.0
1750575600000,0.2501,0.2503,0.2462,0.248,29090860.0
1750579200000,0.2481,0.2484,0.2445,0.2459,30664058.0
1750582800000,0.2459,0.2469,0.2391,0.2394,86169216.0
1750586400000,0.2394,0.2453,0.2386,0.2444,68454770.0
1750590000000,0.2444,0.2466,0.2432,0.2445,41108587.0
1750593600000,0.2445,0.2464,0.2403,0.2447,52794455.0
1750597200000,0.2447,0.2457,0.2275,0.2313,319562125.0
1750600800000,0.2313,0.2352,0.2252,0.2343,186548561.0
1750604400000,0.2343,0.2356,0.23,0.2307,61087887.0
1750608000000,0.2307,0.2322,0.2288,0.2303,59142884.0
1750611600000,0.2302,0.2338,0.2278,0.2314,75329509.0
1750615200000,0.2313,0.2325,0.2273,0.2279,38640323.0
1750618800000,0.228,0.229,0.2263,0.2284,41397818.0
1750622400000,0.2285,0.2328,0.2223,0.2319,111114249.0
1750626000000,0.2319,0.2334,0.2288,0.2294,30318875.0
1750629600000,0.2295,0.2373,0.2293,0.2372,66178835.0
1750633200000,0.2372,0.2382,0.2359,0.2381,30517682.0
1750636800000,0.238,0.243,0.2379,0.2406,61099402.0
1750640400000,0.2406,0.2422,0.2387,0.242,24248710.0
1750644000000,0.2421,0.2424,0.2398,0.2411,22871072.0
1750647600000,0.2411,0.2423,0.24,0.2409,23560118.0
1750651200000,0.241,0.2423,0.2401,0.2406,21214694.0
1750654800000,0.2407,0.2436,0.2406,0.243,23532087.0
1750658400000,0.2431,0.2446,0.2415,0.2432,32975024.0
1750662000000,0.2432,0.2454,0.2431,0.2445,34464025.0
1750665600000,0.2446,0.2458,0.243,0.245,28494308.0
1750669200000,0.245,0.245,0.2426,0.2436,26803848.0
1750672800000,0.2436,0.244,0.2403,0.2414,35320435.0
1750676400000,0.2414,0.2422,0.2393,0.2416,43281470.0
1750680000000,0.2417,0.2451,0.2397,0.2448,35432927.0
1750683600000,0.2448,0.2473,0.2379,0.2448,124426259.0
1750687200000,0.2449,0.2466,0.2409,0.2413,79028418.0
1750690800000,0.2414,0.243,0.2372,0.2383,52806575.0
1750694400000,0.2383,0.2389,0.2303,0.2345,136726898.0
1750698000000,0.2346,0.2436,0.2337,0.2429,120767359.0
1750701600000,0.243,0.2493,0.2426,0.2482,82698869.0
1750705200000,0.2481,0.2524,0.248,0.2516,60426199.0
1750708800000,0.2517,0.2595,0.25,0.2572,110969512.0
1750712400000,0.2573,0.2591,0.2537,0.2549,49106345.0
1750716000000,0.255,0.27,0.2549,0.2687,154163591.0
1750719600000,0.2687,0.2717,0.267,0.2691,62780312.0
1750723200000,0.2691,0.2712,0.2667,0.2711,62524285.0
1750726800000,0.2712,0.2732,0.269,0.2722,41522224.0
1750730400000,0.2722,0.2723,0.2681,0.2684,28422301.0
1750734000000,0.2684,0.27,0.2675,0.2686,23590464.0
1750737600000,0.2686,0.2701,0.2679,0.27,19635403.0
1750741200000,0.2699,0.2762,0.2693,0.2751,47777668.0
1750744800000,0.2751,0.2798,0.273,0.2747,63746232.0
1750748400000,0.2748,0.2765,0.2683,0.2692,66781598.0
1750752000000,0.2691,0.2708,0.2656,0.2679,89832694.0
1750755600000,0.2678,0.2728,0.2669,0.2687,46095959.0
1750759200000,0.2688,0.2691,0.2663,0.2677,28936864.0
1750762800000,0.2676,0.2689,0.2654,0.2677,28320123.0
1750766400000,0.2678,0.2703,0.267,0.2693,28626028.0
1750770000000,0.2692,0.27,0.2658,0.2686,48908104.0
1750773600000,0.2687,0.2721,0.2679,0.269,56426542.0
1750777200000,0.2691,0.2711,0.2665,0.2688,31292574.0
1750780800000,0.2688,0.2765,0.2677,0.2761,53584293.0
1750784400000,0.2761,0.2764,0.2686,0.2699,61250294.0
1750788000000,0.2699,0.2703,0.2653,0.2659,51761263.0
1750791600000,0.2659,0.2669,0.2632,0.2656,29709734.0
1750795200000,0.2655,0.2673,0.2632,0.2672,28701361.0
1750798800000,0.2672,0.2692,0.2642,0.2685,21465660.0
1750802400000,0.2686,0.2686,0.2662,0.2678,19098776.0
1750806000000,0.2678,0.2691,0.2656,0.2691,15862725.0
1750809600000,0.2691,0.2707,0.2664,0.2705,29529277.0
1750813200000,0.2706,0.2714,0.2676,0.2698,26974659.0
1750816800000,0.2698,0.273,0.269,0.2695,27623327.0
1750820400000,0.2695,0.2716,0.2688,0.2691,16899293.0
1750824000000,0.2692,0.2702,0.2669,0.2682,21549490.0
1750827600000,0.2682,0.2694,0.2667,0.2673,16451356.0
1750831200000,0.2673,0.2693,0.2666,0.2682,14796278.0
1750834800000,0.2683,0.2705,0.2671,0.2682,25233435.0
1750838400000,0.2683,0.2689,0.2637,0.2669,39183012.0
1750842000000,0.2669,0.2697,0.265,0.2662,39231940.0
1750845600000,0.2661,0.2672,0.2643,0.266,27360084.0
1750849200000,0.266,0.2689,0.2647,0.2687,21459871.0
1750852800000,0.2687,0.2688,0.2659,0.2678,18425378.0
1750856400000,0.2678,0.2736,0.2674,0.2712,72797378.0
1750860000000,0.2712,0.2716,0.2612,0.2656,99798591.0
1750863600000,0.2656,0.2658,0.2593,0.2599,60472104.0
1750867200000,0.2599,0.2618,0.257,0.2581,44887555.0
1750870800000,0.258,0.2638,0.258,0.2605,50944682.0
1750874400000,0.2606,0.2608,0.2576,0.2587,33769533.0
1750878000000,0.2587,0.262,0.2586,0.2609,23607496.0
1750881600000,0.2609,0.2626,0.2598,0.2621,19568629.0
1750885200000,0.262,0.2641,0.2579,0.2586,23528785.0
1750888800000,0.2587,0.2587,0.2552,0.256,25567457.0
1750892400000,0.2559,0.2578,0.2549,0.2575,20015486.0
1750896000000,0.2575,0.2593,0.2566,0.2589,21934830.0
1750899600000,0.2589,0.2651,0.2572,0.2637,50080772.0
1750903200000,0.2638,0.2695,0.2632,0.2692,67947034.0
1750906800000,0.2692,0.2725,0.2628,0.2645,59012177.0
1750910400000,0.2644,0.265,0.2598,0.2615,30455182.0
1750914000000,0.2615,0.2622,0.2589,0.2603,26961070.0
1750917600000,0.2603,0.2623,0.2597,0.2621,17643274.0
1750921200000,0.262,0.2653,0.2611,0.2637,30810017.0
1750924800000,0.2637,0.2653,0.2615,0.2622,30720946.0
1750928400000,0.2623,0.2629,0.258,0.2585,46799676.0
1750932000000,0.2585,0.2591,0.2565,0.2579,34618840.0
1750935600000,0.2579,0.2582,0.2561,0.2566,21738641.0
1750939200000,0.2567,0.2567,0.2522,0.2525,56444642.0
1750942800000,0.2524,0.2531,0.248,0.2487,75998653.0
1750946400000,0.2488,0.2526,0.2471,0.2505,68359567.0
1750950000000,0.2505,0.2518,0.2473,0.2504,65411649.0
1750953600000,0.2504,0.2507,0.2465,0.2478,44469138.0
1750957200000,0.2478,0.2504,0.2459,0.2466,43058318.0
1750960800000,0.2467,0.249,0.2458,0.2476,33745235.0
1750964400000,0.2476,0.2523,0.2474,0.2514,42477361.0
1750968000000,0.2513,0.2597,0.2504,0.2558,65053458.0
1750971600000,0.2558,0.2558,0.2488,0.2515,58952814.0
1750975200000,0.2514,0.2537,0.2504,0.2508,34260488.0
1750978800000,0.2509,0.2511,0.249,0.2498,24035281.0
1750982400000,0.2498,0.2516,0.2476,0.2477,26402510.0
1750986000000,0.2478,0.2531,0.2468,0.2519,49602097.0
1750989600000,0.2519,0.253,0.2505,0.2522,23181661.0
1750993200000,0.2523,0.2528,0.2506,0.2514,19574556.0
1750996800000,0.2514,0.2516,0.2496,0.2507,17026823.0
1751000400000,0.2506,0.255,0.2504,0.2508,25237172.0
1751004000000,0.2508,0.2536,0.2503,0.2522,16728890.0
1751007600000,0.2522,0.2539,0.2493,0.2503,25007902.0
1751011200000,0.2503,0.2545,0.2498,0.2531,25484572.0
1751014800000,0.2531,0.2539,0.2513,0.2528,30857661.0
1751018400000,0.2528,0.2532,0.2501,0.2503,23319434.0
1751022000000,0.2502,0.2519,0.2499,0.2506,15114894.0
1751025600000,0.2506,0.253,0.2475,0.248,45525060.0
1751029200000,0.248,0.25,0.2472,0.25,34323340.0
1751032800000,0.25,0.2523,0.2477,0.2482,36543424.0
1751036400000,0.2482,0.2539,0.2477,0.2534,40440538.0
1751040000000,0.2533,0.2572,0.2516,0.2541,52542838.0
1751043600000,0.2541,0.2551,0.2478,0.2498,52716818.0
1751047200000,0.2498,0.2507,0.2452,0.2467,55202706.0
1751050800000,0.2466,0.2486,0.2462,0.2484,35844444.0
1751054400000,0.2484,0.2511,0.2472,0.2508,24922342.0
1751058000000,0.2508,0.2533,0.2501,0.2521,26122707.0
1751061600000,0.2521,0.2534,0.2519,0.2531,10602349.0
1751065200000,0.2531,0.2539,0.252,0.2536,11480683.0
1751068800000,0.2536,0.2547,0.2526,0.2535,13994009.0
1751072400000,0.2535,0.2544,0.2516,0.254,15031930.0
1751076000000,0.254,0.2547,0.2531,0.2533,10599108.0
1751079600000,0.2534,0.2535,0.2523,0.2528,7482022.0
1751083200000,0.2527,0.2531,0.2515,0.2517,9911846.0
1751086800000,0.2516,0.2539,0.2516,0.2525,13236126.0
1751090400000,0.2525,0.2535,0.252,0.2534,9236815.0
1751094000000,0.2534,0.2561,0.2526,0.2559,22840616.0
1751097600000,0.2559,0.2564,0.2545,0.2553,17795669.0
1751101200000,0.2552,0.2589,0.2547,0.2582,19289453.0
1751104800000,0.2583,0.2595,0.2573,0.2582,19372741.0
1751108400000,0.2583,0.2591,0.2573,0.2575,18001170.0
1751112000000,0.2576,0.2599,0.2567,0.2597,22613002.0
1751115600000,0.2597,0.2612,0.257,0.2574,31215199.0
1751119200000,0.2573,0.2592,0.2567,0.2586,17231443.0
1751122800000,0.2586,0.262,0.2584,0.2619,16831713.0
1751126400000,0.2618,0.265,0.2617,0.2632,47512741.0
1751130000000,0.2631,0.2677,0.2615,0.2672,36594705.0
1751133600000,0.2671,0.2676,0.2643,0.2656,27998638.0
1751137200000,0.2655,0.2667,0.2637,0.2638,15390169.0
1751140800000,0.2638,0.2648,0.2627,0.263,12557370.0
1751144400000,0.263,0.2655,0.2628,0.265,8766440.0
1751148000000,0.265,0.2669,0.2641,0.2653,17204682.0
1751151600000,0.2652,0.2654,0.2634,0.2651,12461431.0
1751155200000,0.2651,0.266,0.2638,0.2649,18417809.0
1751158800000,0.2649,0.2651,0.262,0.2621,16536339.0
1751162400000,0.2621,0.2629,0.2613,0.2625,13450369.0
1751166000000,0.2624,0.2627,0.2609,0.261,8270605.0
1751169600000,0.261,0.2617,0.2603,0.2608,10246746.0
1751173200000,0.2609,0.2623,0.2604,0.2621,11845014.0
1751176800000,0.2622,0.2641,0.2621,0.2638,13273285.0
1751180400000,0.2639,0.2647,0.2625,0.2647,13075641.0
1751184000000,0.2648,0.2676,0.2647,0.2669,29086927.0
1751187600000,0.267,0.27,0.2656,0.268,29216746.0
1751191200000,0.268,0.269,0.2657,0.2663,29796013.0
1751194800000,0.2664,0.2673,0.2654,0.2665,13480036.0
1751198400000,0.2665,0.2678,0.2651,0.2671,16102649.0
1751202000000,0.2671,0.2689,0.2661,0.2665,18606011.0
1751205600000,0.2665,0.2676,0.264,0.2641,23882478.0
1751209200000,0.264,0.2647,0.2622,0.264,29644177.0
1751212800000,0.264,0.2659,0.2634,0.2658,21491399.0
1751216400000,0.2659,0.2668,0.264,0.2662,13579332.0
1751220000000,0.2662,0.2684,0.265,0.2679,16876369.0
1751223600000,0.2678,0.2686,0.2664,0.2681,18357030.0
1751227200000,0.2681,0.2688,0.2669,0.2671,10399594.0
1751230800000,0.2671,0.2717,0.2653,0.271,24511109.0
1751234400000,0.271,0.2865,0.2708,0.2838,119394662.0
1751238000000,0.2839,0.2852,0.2783,0.2784,70507446.0
1751241600000,0.2785,0.279,0.2749,0.2751,50531596.0
1751245200000,0.2752,0.2754,0.2723,0.2734,31635671.0
1751248800000,0.2735,0.2743,0.2709,0.2711,30077285.0
1751252400000,0.2711,0.2721,0.2701,0.2708,21847111.0
1751256000000,0.2708,0.2713,0.2691,0.2697,21587527.0
1751259600000,0.2697,0.2737,0.2695,0.2733,40338484.0
1751263200000,0.2732,0.274,0.2655,0.268,62858874.0
1751266800000,0.268,0.2728,0.2672,0.2724,39775991.0
1751270400000,0.2724,0.2732,0.2691,0.2699,29265778.0
1751274000000,0.27,0.271,0.2673,0.2674,28752783.0
1751277600000,0.2675,0.2691,0.2666,0.2674,34185734.0
1751281200000,0.2675,0.2694,0.2663,0.2668,27225256.0
1751284800000,0.2669,0.2681,0.2638,0.2649,34336375.0
1751288400000,0.265,0.267,0.2635,0.2645,41216397.0
1751292000000,0.2644,0.2658,0.2621,0.2627,67348273.0
1751295600000,0.2628,0.2718,0.2621,0.268,116665335.0
1751299200000,0.2681,0.2702,0.2665,0.2691,51369171.0
1751302800000,0.2691,0.2702,0.2675,0.2685,23026046.0
1751306400000,0.2684,0.2697,0.2662,0.2669,22253377.0
1751310000000,0.267,0.2751,0.2666,0.2747,59563341.0
1751313600000,0.2747,0.275,0.2699,0.2701,41681040.0
1751317200000,0.2701,0.2713,0.2669,0.2683,28122995.0
1751320800000,0.2683,0.2693,0.2664,0.2668,27247916.0
1751324400000,0.2668,0.2688,0.2657,0.2662,12794313.0
1751328000000,0.2662,0.2683,0.2649,0.266,26709175.0
1751331600000,0.266,0.268,0.2656,0.2659,20174731.0
1751335200000,0.2659,0.2677,0.2645,0.2649,19348000.0
1751338800000,0.265,0.2661,0.2641,0.2649,12814037.0
1751342400000,0.265,0.2651,0.2622,0.2622,16437945.0
1751346000000,0.2623,0.2628,0.2606,0.2619,32113593.0
1751349600000,0.2619,0.2627,0.2609,0.2621,11914964.0
1751353200000,0.2621,0.2633,0.259,0.2631,27329328.0
1751356800000,0.2631,0.2633,0.2594,0.26,19258131.0
1751360400000,0.26,0.2616,0.2591,0.2606,17731426.0
1751364000000,0.2606,0.2612,0.2587,0.2598,16157360.0
1751367600000,0.2598,0.2598,0.2571,0.2582,24695874.0
1751371200000,0.2582,0.2592,0.2562,0.2565,26371782.0
1751374800000,0.2566,0.2583,0.2544,0.2575,35584630.0
1751378400000,0.2575,0.2603,0.2547,0.2572,68675381.0
1751382000000,0.2571,0.2581,0.2552,0.2559,23115651.0
1751385600000,0.2559,0.2568,0.2542,0.2555,22831316.0
1751389200000,0.2555,0.2556,0.2532,0.2546,20988361.0
1751392800000,0.2547,0.2547,0.252,0.2528,23228697.0
1751396400000,0.2527,0.2542,0.2517,0.2524,22049364.0
1751400000000,0.2525,0.254,0.2516,0.2535,18190115.0
1751403600000,0.2535,0.2549,0.2522,0.2531,10418278.0
1751407200000,0.2531,0.2538,0.2516,0.2517,13541224.0
1751410800000,0.2517,0.253,0.2504,0.2525,17465432.0
1751414400000,0.2525,0.2531,0.2512,0.2519,10925816.0
1751418000000,0.2518,0.2537,0.249,0.2531,27601025.0
1751421600000,0.2531,0.2541,0.2518,0.2529,14128998.0
1751425200000,0.2529,0.2553,0.2527,0.2536,21444193.0
1751428800000,0.2536,0.2577,0.2526,0.2575,25445744.0
1751432400000,0.2575,0.2588,0.2563,0.2583,24256318.0
1751436000000,0.2583,0.2602,0.2572,0.2601,20014111.0
1751439600000,0.2601,0.2604,0.2579,0.2594,16280067.0
1751443200000,0.2594,0.261,0.2594,0.2603,19041764.0
1751446800000,0.2604,0.2622,0.2599,0.261,23982431.0
1751450400000,0.2611,0.2622,0.2596,0.2617,16345777.0
1751454000000,0.2618,0.2627,0.2595,0.2599,21925409.0
1751457600000,0.2598,0.2602,0.2584,0.2594,22111443.0
1751461200000,0.2595,0.2643,0.2591,0.262,33604884.0
1751464800000,0.262,0.2638,0.2612,0.2635,34425560.0
1751468400000,0.2636,0.2682,0.2631,0.2672,50347618.0
1751472000000,0.2671,0.2781,0.2665,0.2778,115498942.0
1751475600000,0.2778,0.2794,0.2711,0.2736,88366737.0
1751479200000,0.2736,0.2767,0.2736,0.2761,33563204.0
1751482800000,0.276,0.2789,0.2743,0.2785,26678924.0
1751486400000,0.2785,0.2799,0.2769,0.2775,37379704.0
1751490000000,0.2776,0.2798,0.2773,0.2793,19959948.0
1751493600000,0.2793,0.2822,0.2787,0.2791,24471315.0
1751497200000,0.2792,0.2797,0.276,0.2762,26216124.0
1751500800000,0.2761,0.2787,0.2753,0.2779,23178157.0
1751504400000,0.2778,0.2816,0.2769,0.2811,22611603.0
1751508000000,0.2812,0.2815,0.2779,0.2791,27010459.0
1751511600000,0.2791,0.2802,0.2776,0.2778,12312063.0
1751515200000,0.2778,0.2805,0.2769,0.2801,22492953.0
1751518800000,0.2801,0.2854,0.2801,0.2853,46275493.0
1751522400000,0.2853,0.2868,0.2841,0.2844,31806422.0
1751526000000,0.2844,0.2869,0.2833,0.2866,26755211.0
1751529600000,0.2866,0.2875,0.2835,0.2837,19865777.0
1751533200000,0.2837,0.2864,0.283,0.2843,34599739.0
1751536800000,0.2843,0.2845,0.2787,0.28,45947179.0
1751540400000,0.28,0.2804,0.2774,0.2795,23005728.0
1751544000000,0.2795,0.2847,0.2757,0.2789,82151696.0
1751547600000,0.2788,0.2846,0.2769,0.2827,69198680.0
1751551200000,0.2827,0.284,0.2763,0.2774,54462041.0
1751554800000,0.2774,0.2784,0.2695,0.2701,71887020.0
1751558400000,0.27,0.2743,0.2698,0.2722,44269961.0
1751562000000,0.2723,0.2743,0.2714,0.2721,25672310.0
1751565600000,0.2721,0.2733,0.2704,0.2731,23695147.0
1751569200000,0.2731,0.2746,0.2729,0.2741,14924367.0
1751572800000,0.2741,0.2764,0.2736,0.2761,17796902.0
1751576400000,0.2762,0.2792,0.2758,0.2778,33598081.0
1751580000000,0.2777,0.2784,0.2764,0.2781,10852403.0
1751583600000,0.278,0.2787,0.2755,0.2759,13642837.0
1751587200000,0.2759,0.2771,0.2743,0.2756,34486325.0
1751590800000,0.2756,0.2807,0.2755,0.2769,31783442.0
1751594400000,0.2768,0.2771,0.2715,0.2731,35977512.0
1751598000000,0.2732,0.2744,0.2722,0.2725,13456102.0
1751601600000,0.2726,0.2736,0.2698,0.2701,22116733.0
1751605200000,0.2701,0.2719,0.269,0.27,20671324.0
1751608800000,0.27,0.27,0.2659,0.2672,31523956.0
1751612400000,0.2672,0.2679,0.2638,0.264,38713749.0
1751616000000,0.264,0.2654,0.2617,0.2644,39329924.0
1751619600000,0.2645,0.266,0.2636,0.2643,19598367.0
1751623200000,0.2643,0.2651,0.2607,0.2611,32853327.0
1751626800000,0.2612,0.2629,0.2609,0.2619,22251411.0
1751630400000,0.2619,0.263,0.2593,0.2608,30713053.0
1751634000000,0.2608,0.2622,0.2571,0.2572,54966659.0
1751637600000,0.2573,0.2579,0.2536,0.2552,80430805.0
1751641200000,0.2551,0.2552,0.2519,0.2528,63995252.0
1751644800000,0.2527,0.2533,0.248,0.2504,80526515.0
1751648400000,0.2504,0.2519,0.2497,0.2515,41741191.0
1751652000000,0.2515,0.2517,0.2483,0.2497,42518591.0
1751655600000,0.2497,0.25,0.2477,0.2489,26515135.0
1751659200000,0.2489,0.251,0.2485,0.2509,19851013.0
1751662800000,0.2509,0.2525,0.2498,0.2523,17274185.0
1751666400000,0.2523,0.2564,0.2517,0.2561,36782218.0
1751670000000,0.2562,0.2562,0.2524,0.253,20291170.0
1751673600000,0.253,0.2561,0.253,0.2552,19749512.0
1751677200000,0.2553,0.2553,0.2534,0.2542,11535400.0
1751680800000,0.2542,0.2549,0.2526,0.2547,17207681.0
1751684400000,0.2547,0.2562,0.2541,0.2544,14648679.0
1751688000000,0.2545,0.2551,0.2527,0.2529,12259759.0
1751691600000,0.2528,0.2535,0.251,0.2533,21517675.0
1751695200000,0.2534,0.257,0.2523,0.2564,29332713.0
1751698800000,0.2564,0.2574,0.2539,0.2544,22231878.0
1751702400000,0.2544,0.255,0.2522,0.2534,22504859.0
1751706000000,0.2534,0.2549,0.2518,0.2545,20406383.0
1751709600000,0.2544,0.2547,0.2536,0.2537,12334354.0
1751713200000,0.2536,0.2556,0.2536,0.2546,16936592.0
1751716800000,0.2546,0.255,0.2524,0.2531,25565779.0
1751720400000,0.253,0.2543,0.2521,0.2525,12394148.0
1751724000000,0.2525,0.2541,0.2517,0.254,10784469.0
1751727600000,0.254,0.2549,0.2525,0.2536,14057797.0
1751731200000,0.2536,0.2545,0.2513,0.2536,27389569.0
1751734800000,0.2537,0.2543,0.2516,0.2528,21991813.0
1751738400000,0.2528,0.2529,0.2488,0.2495,32722243.0
1751742000000,0.2496,0.2526,0.2491,0.2524,15435475.0
1751745600000,0.2523,0.2537,0.2513,0.2536,16177443.0
1751749200000,0.2535,0.2552,0.2532,0.2544,13151053.0
1751752800000,0.2543,0.2567,0.254,0.2566,13761348.0
1751756400000,0.2566,0.257,0.2544,0.2548,15652300.0
1751760000000,0.2549,0.2551,0.2535,0.2547,12038292.0
1751763600000,0.2547,0.2548,0.253,0.2536,8137402.0
1751767200000,0.2536,0.2546,0.2531,0.2534,8027441.0
1751770800000,0.2533,0.2545,0.2529,0.2542,8217234.0
1751774400000,0.2542,0.2553,0.2538,0.2542,8081111.0
1751778000000,0.2542,0.2543,0.2531,0.2531,8765374.0
1751781600000,0.2531,0.2554,0.2531,0.2544,10070426.0
1751785200000,0.2545,0.2555,0.254,0.2542,11211260.0
1751788800000,0.2542,0.2548,0.2529,0.2542,18363996.0
1751792400000,0.2542,0.2555,0.2534,0.2534,10445876.0
1751796000000,0.2535,0.2551,0.2532,0.2538,12586895.0
1751799600000,0.2538,0.2551,0.2532,0.255,9333207.0
1751803200000,0.2549,0.2577,0.2543,0.2577,19964575.0
1751806800000,0.2577,0.2627,0.2566,0.2615,66675564.0
1751810400000,0.2615,0.2629,0.2575,0.2596,51966622.0
1751814000000,0.2597,0.2602,0.2578,0.2601,19878870.0
1751817600000,0.2601,0.2618,0.2595,0.2616,21911251.0
1751821200000,0.2617,0.2618,0.2596,0.2608,12027137.0
1751824800000,0.2608,0.2611,0.2568,0.2586,24104517.0
1751828400000,0.2586,0.26,0.2582,0.26,11933208.0
1751832000000,0.26,0.2619,0.2596,0.2604,11707547.0
1751835600000,0.2605,0.2666,0.2605,0.2651,34331022.0
1751839200000,0.2652,0.2678,0.2638,0.2641,31293396.0
1751842800000,0.2641,0.2645,0.2602,0.2618,25813109.0
1751846400000,0.2618,0.2631,0.261,0.2623,21958103.0
1751850000000,0.2623,0.2629,0.2606,0.2626,13533023.0
1751853600000,0.2626,0.2671,0.2626,0.2651,20974943.0
1751857200000,0.2651,0.2677,0.2646,0.2663,21044239.0
1751860800000,0.2664,0.2686,0.2663,0.2667,29091492.0
1751864400000,0.2666,0.2682,0.2648,0.2651,27289252.0
1751868000000,0.2652,0.2672,0.264,0.2642,17322577.0
1751871600000,0.2643,0.2666,0.2634,0.2662,24917231.0
1751875200000,0.2661,0.2666,0.2644,0.2659,21210595.0
1751878800000,0.2658,0.2658,0.2622,0.2627,19818190.0
1751882400000,0.2627,0.2631,0.2614,0.2622,22361426.0
1751886000000,0.2622,0.2638,0.2611,0.2621,15403903.0
1751889600000,0.2622,0.2623,0.2594,0.2605,26987476.0
1751893200000,0.2606,0.2633,0.2594,0.263,36577368.0
1751896800000,0.263,0.2634,0.2568,0.2581,50503109.0
1751900400000,0.2581,0.2601,0.2577,0.2591,26290432.0
1751904000000,0.2592,0.2601,0.2563,0.2571,44450011.0
1751907600000,0.2571,0.2592,0.2556,0.2578,38875322.0
1751911200000,0.2578,0.2584,0.2554,0.2578,21041618.0
1751914800000,0.2577,0.2621,0.2574,0.2588,42088523.0
1751918400000,0.2587,0.2587,0.2534,0.2551,38774692.0
1751922000000,0.2551,0.2561,0.2532,0.255,21168685.0
1751925600000,0.2551,0.2556,0.2532,0.2545,18466032.0
1751929200000,0.2545,0.2575,0.2543,0.2564,20365764.0
1751932800000,0.2563,0.2582,0.2554,0.2561,24927427.0
1751936400000,0.256,0.256,0.2532,0.2537,16911797.0
1751940000000,0.2536,0.2548,0.2516,0.2523,32067220.0
1751943600000,0.2522,0.2551,0.252,0.2541,16778792.0
1751947200000,0.254,0.2555,0.2531,0.2553,11577820.0
1751950800000,0.2554,0.2556,0.254,0.255,11982583.0
1751954400000,0.255,0.2561,0.2545,0.2548,14600659.0
1751958000000,0.2547,0.2554,0.2536,0.2547,15891717.0
1751961600000,0.2548,0.2551,0.2521,0.2523,18965513.0
1751965200000,0.2524,0.2539,0.2517,0.2533,14909069.0
1751968800000,0.2534,0.2571,0.2528,0.257,24752886.0
1751972400000,0.2571,0.2591,0.2569,0.259,32475573.0
1751976000000,0.2589,0.2602,0.257,0.2596,25457142.0
1751979600000,0.2596,0.2619,0.2577,0.2594,31214893.0
1751983200000,0.2593,0.2597,0.2536,0.2541,45478078.0
1751986800000,0.2541,0.2549,0.2527,0.2539,27133731.0
1751990400000,0.254,0.2552,0.2521,0.255,31498393.0
1751994000000,0.255,0.263,0.2548,0.2619,78365877.0
1751997600000,0.2619,0.2646,0.2614,0.2644,29702231.0
1752001200000,0.2644,0.2648,0.2616,0.2633,21252194.0
1752004800000,0.2633,0.264,0.26,0.2612,28337430.0
1752008400000,0.2612,0.2649,0.2611,0.2646,15182760.0
1752012000000,0.2646,0.2661,0.2628,0.2659,18671024.0
1752015600000,0.2659,0.266,0.2646,0.2653,11797040.0
1752019200000,0.2654,0.2663,0.2626,0.2633,16438306.0
1752022800000,0.2633,0.2656,0.2607,0.2613,19851273.0
1752026400000,0.2613,0.2629,0.261,0.2627,10811678.0
1752030000000,0.2628,0.2646,0.2613,0.2622,16994817.0
1752033600000,0.2622,0.2644,0.2619,0.2643,11764729.0
1752037200000,0.2644,0.2683,0.263,0.2669,34514345.0
1752040800000,0.2669,0.2675,0.2646,0.2661,22419674.0
1752044400000,0.2661,0.2666,0.2643,0.2661,18736155.0
1752048000000,0.2661,0.2685,0.2655,0.2666,24977770.0
1752051600000,0.2666,0.2672,0.2639,0.2647,24687251.0
1752055200000,0.2648,0.2671,0.2644,0.2671,15975581.0
1752058800000,0.2672,0.2708,0.2668,0.2694,44067398.0
1752062400000,0.2694,0.275,0.2687,0.2713,52947241.0
1752066000000,0.2714,0.273,0.2698,0.2704,35889852.0
1752069600000,0.2704,0.2738,0.2671,0.2693,60909674.0
1752073200000,0.2693,0.271,0.2679,0.269,22804966.0
1752076800000,0.2691,0.2719,0.2691,0.2711,20895602.0
1752080400000,0.2712,0.2715,0.2681,0.2699,31816319.0
1752084000000,0.2699,0.2759,0.2693,0.2745,53832175.0
1752087600000,0.2745,0.2852,0.2744,0.2835,118283745.0
1752091200000,0.2834,0.2845,0.2772,0.2804,86181131.0
1752094800000,0.2804,0.2912,0.2803,0.2876,89658099.0
1752098400000,0.2876,0.2908,0.2866,0.2906,42945832.0
1752102000000,0.2905,0.2909,0.2871,0.2876,27445388.0
1752105600000,0.2876,0.2907,0.2854,0.2856,36121635.0
1752109200000,0.2857,0.2897,0.2849,0.2887,32566257.0
1752112800000,0.2888,0.2915,0.2885,0.2907,44992129.0
1752116400000,0.2908,0.2917,0.2877,0.2886,24572697.0
1752120000000,0.2886,0.2902,0.2864,0.2899,21872852.0
1752123600000,0.29,0.291,0.2867,0.2872,31681526.0
1752127200000,0.2872,0.2903,0.2859,0.2899,25210654.0
1752130800000,0.2899,0.2937,0.2896,0.2913,53398862.0
1752134400000,0.2912,0.2924,0.289,0.2921,27691974.0
1752138000000,0.2921,0.2934,0.2906,0.2909,32462868.0
1752141600000,0.2909,0.2913,0.2894,0.2902,29776659.0
1752145200000,0.2901,0.2901,0.2871,0.2884,27415345.0
1752148800000,0.2883,0.2883,0.2854,0.2879,37118458.0
1752152400000,0.2879,0.2982,0.2874,0.2926,138685086.0
1752156000000,0.2926,0.2934,0.2887,0.2914,56732703.0
1752159600000,0.2914,0.2927,0.2886,0.291,35564029.0
1752163200000,0.291,0.3023,0.2908,0.3022,104636647.0
1752166800000,0.3023,0.3061,0.3004,0.3056,87865894.0
1752170400000,0.3056,0.3069,0.2998,0.3032,68955628.0
1752174000000,0.3031,0.3039,0.3004,0.3017,28222291.0
1752177600000,0.3016,0.3059,0.3015,0.3046,28534174.0
1752181200000,0.3046,0.316,0.304,0.3144,121510532.0
1752184800000,0.3144,0.3208,0.3129,0.3202,64745677.0
1752188400000,0.3201,0.3217,0.3144,0.3176,60701556.0
1752192000000,0.3176,0.3183,0.3096,0.3135,72280664.0
1752195600000,0.3136,0.3216,0.3127,0.3216,57715710.0
1752199200000,0.3216,0.3273,0.3197,0.3255,53301726.0
1752202800000,0.3255,0.3283,0.3222,0.328,40190362.0
1752206400000,0.328,0.3798,0.3253,0.355,405229242.0
1752210000000,0.355,0.3658,0.3457,0.3536,276610846.0
1752213600000,0.3535,0.3572,0.3427,0.3454,125306137.0
1752217200000,0.3455,0.3537,0.3445,0.345,122846630.0
1752220800000,0.345,0.3852,0.3449,0.3693,536562156.0
1752224400000,0.3692,0.3724,0.3616,0.3664,146850285.0
1752228000000,0.3664,0.3674,0.3581,0.3593,97705012.0
1752231600000,0.3592,0.3613,0.3542,0.3548,79314937.0
1752235200000,0.3547,0.3585,0.3485,0.3541,95068453.0
1752238800000,0.3541,0.3562,0.3481,0.3516,77427057.0
1752242400000,0.3516,0.3571,0.3489,0.3511,91037670.0
1752246000000,0.351,0.3516,0.3355,0.3414,135708282.0
1752249600000,0.3414,0.346,0.3365,0.344,112224434.0
1752253200000,0.344,0.3487,0.3431,0.3483,57220244.0
1752256800000,0.3483,0.3504,0.3463,0.3489,48772316.0
1752260400000,0.3489,0.3517,0.3459,0.3512,34579211.0
1752264000000,0.3512,0.3512,0.3465,0.347,32679455.0
1752267600000,0.347,0.348,0.3377,0.3407,55624367.0
1752271200000,0.3406,0.3417,0.3302,0.3345,92184005.0
1752274800000,0.3345,0.3391,0.3337,0.3378,33706004.0
1752278400000,0.3378,0.3386,0.3274,0.3329,70730520.0
1752282000000,0.3329,0.3372,0.3324,0.3353,39804071.0
1752285600000,0.3354,0.3437,0.3341,0.3379,56286465.0
1752289200000,0.3379,0.3411,0.3343,0.3362,28993850.0
1752292800000,0.3361,0.3374,0.3288,0.3304,44986694.0
1752296400000,0.3304,0.3335,0.3279,0.3321,34252592.0
1752300000000,0.3321,0.3339,0.3289,0.3328,33802429.0
1752303600000,0.3328,0.3363,0.3311,0.3348,34811244.0
1752307200000,0.3348,0.3389,0.3343,0.3362,38795803.0
1752310800000,0.3361,0.3394,0.3342,0.338,25772657.0
1752314400000,0.338,0.34,0.336,0.3385,22891943.0
1752318000000,0.3385,0.3393,0.3336,0.3343,27895240.0
1752321600000,0.3343,0.336,0.3169,0.3228,118382180.0
1752325200000,0.3227,0.3234,0.316,0.3233,83725290.0
1752328800000,0.3234,0.3263,0.318,0.3209,63752486.0
1752332400000,0.3209,0.3224,0.3118,0.3154,121599385.0
1752336000000,0.3154,0.3207,0.3141,0.3173,37384617.0
1752339600000,0.3173,0.3244,0.3166,0.324,31382157.0
1752343200000,0.324,0.3251,0.3217,0.3236,18642795.0
1752346800000,0.3235,0.3247,0.3222,0.3239,12731419.0
1752350400000,0.324,0.3242,0.3176,0.3181,26817316.0
1752354000000,0.318,0.3227,0.318,0.3221,15237018.0
1752357600000,0.3221,0.3226,0.3185,0.322,21798023.0
1752361200000,0.322,0.3237,0.3198,0.3225,16268724.0
1752364800000,0.3225,0.3239,0.3195,0.3208,23738922.0
1752368400000,0.3208,0.3255,0.3201,0.3236,21835788.0
1752372000000,0.3237,0.3251,0.32,0.324,22344361.0
1752375600000,0.324,0.3257,0.322,0.3244,17097860.0
1752379200000,0.3244,0.3282,0.3228,0.3275,25476120.0
1752382800000,0.3275,0.3288,0.3243,0.3246,29241603.0
1752386400000,0.3246,0.3305,0.3243,0.3279,25347754.0
1752390000000,0.3279,0.3348,0.3269,0.3341,42788289.0
1752393600000,0.3341,0.3346,0.325,0.3281,42080823.0
1752397200000,0.3281,0.3311,0.3259,0.331,31868708.0
1752400800000,0.331,0.3342,0.3296,0.3309,30021736.0
1752404400000,0.331,0.3391,0.3308,0.3363,50136148.0
1752408000000,0.3363,0.3465,0.3341,0.3416,71413119.0
1752411600000,0.3417,0.3505,0.339,0.3472,77784140.0
1752415200000,0.3473,0.3526,0.3417,0.3448,81765866.0
1752418800000,0.3449,0.3493,0.3406,0.3443,46419627.0
1752422400000,0.3443,0.3468,0.3409,0.341,43014581.0
1752426000000,0.3411,0.3438,0.337,0.3425,43507743.0
1752429600000,0.3425,0.3516,0.3425,0.351,47117389.0
1752433200000,0.351,0.3517,0.3458,0.3463,29204644.0
1752436800000,0.3464,0.3511,0.3444,0.3509,24781617.0
1752440400000,0.351,0.3513,0.3391,0.3422,45020778.0
1752444000000,0.3422,0.3438,0.3364,0.3404,51787665.0
1752447600000,0.3404,0.3449,0.34,0.3428,32992503.0
1752451200000,0.3428,0.3489,0.3394,0.3453,47157223.0
1752454800000,0.3454,0.3499,0.3421,0.3491,46228840.0
1752458400000,0.349,0.3578,0.3484,0.3528,68996378.0
1752462000000,0.3527,0.3589,0.3493,0.3536,57061038.0
1752465600000,0.3537,0.3593,0.3509,0.3571,50579702.0
1752469200000,0.3571,0.3623,0.3459,0.352,101994418.0
1752472800000,0.352,0.3526,0.3463,0.3496,54999804.0
1752476400000,0.3496,0.3557,0.3494,0.3536,40540612.0
1752480000000,0.3537,0.3538,0.3454,0.3493,54361705.0
1752483600000,0.3494,0.3576,0.349,0.3561,50054066.0
1752487200000,0.3562,0.3607,0.3498,0.3582,79465469.0
1752490800000,0.3581,0.3587,0.3507,0.3514,42588100.0
1752494400000,0.3514,0.3536,0.3474,0.3512,37143494.0
1752498000000,0.3512,0.3537,0.3463,0.3506,44808965.0
1752501600000,0.3506,0.3528,0.342,0.347,71964886.0
1752505200000,0.3471,0.3478,0.3388,0.3425,67473223.0
1752508800000,0.3424,0.3483,0.341,0.3459,48928350.0
1752512400000,0.3459,0.3461,0.34,0.3422,45047585.0
1752516000000,0.3423,0.3424,0.3358,0.3361,46324057.0
1752519600000,0.3361,0.3397,0.3352,0.3372,40377571.0
1752523200000,0.3373,0.3373,0.3289,0.336,74702029.0
1752526800000,0.3359,0.3388,0.334,0.3382,19991292.0
1752530400000,0.3381,0.3385,0.3349,0.3372,17910820.0
1752534000000,0.3372,0.3384,0.3346,0.337,12817344.0
1752537600000,0.337,0.3389,0.3313,0.3324,28071732.0
1752541200000,0.3324,0.3351,0.3271,0.3308,50881787.0
1752544800000,0.3307,0.3326,0.3262,0.3279,38260549.0
1752548400000,0.328,0.3282,0.3207,0.3256,59814414.0
1752552000000,0.3256,0.3315,0.3215,0.3305,42744841.0
1752555600000,0.3305,0.3318,0.3285,0.3304,19110135.0
1752559200000,0.3303,0.332,0.328,0.3312,26382840.0
1752562800000,0.3312,0.3338,0.3293,0.3295,43878730.0
1752566400000,0.3296,0.3357,0.3267,0.3327,53933467.0
1752570000000,0.3326,0.3424,0.3323,0.3378,64043957.0
1752573600000,0.3377,0.341,0.3363,0.3392,36549794.0
1752577200000,0.3391,0.3402,0.3331,0.3368,44471983.0
1752580800000,0.3369,0.3445,0.3316,0.3377,89465402.0
1752584400000,0.3377,0.3478,0.3368,0.3461,76319372.0
1752588000000,0.3461,0.3498,0.3344,0.3364,82673297.0
1752591600000,0.3364,0.3475,0.3334,0.3465,67625645.0
1752595200000,0.3466,0.3521,0.3435,0.3497,60234131.0
1752598800000,0.3496,0.3592,0.3458,0.3576,69040956.0
1752602400000,0.3577,0.3601,0.3445,0.3484,77127852.0
1752606000000,0.3483,0.352,0.3414,0.3432,50358905.0
1752609600000,0.3431,0.3478,0.3418,0.3452,29013343.0
1752613200000,0.3452,0.3532,0.3441,0.3523,26904274.0
1752616800000,0.3523,0.3555,0.3503,0.3552,30389564.0
1752620400000,0.3552,0.3639,0.355,0.3611,60716640.0
1752624000000,0.361,0.3636,0.3554,0.3628,53947105.0
1752627600000,0.3629,0.3643,0.3596,0.3615,32908340.0
1752631200000,0.3615,0.362,0.3486,0.3519,71902614.0
1752634800000,0.352,0.3538,0.3498,0.352,37667345.0
1752638400000,0.3521,0.3523,0.3461,0.3501,56124492.0
1752642000000,0.3502,0.3557,0.35,0.3538,51329767.0
1752645600000,0.3538,0.3587,0.3503,0.3583,37584322.0
1752649200000,0.3583,0.3649,0.3556,0.3614,51037183.0
1752652800000,0.3614,0.3625,0.3585,0.361,37759839.0
1752656400000,0.3611,0.3638,0.3565,0.3584,59292822.0
1752660000000,0.3585,0.3611,0.358,0.3589,31119929.0
1752663600000,0.3588,0.3651,0.3585,0.3644,53419230.0
1752667200000,0.3644,0.3681,0.3618,0.3634,55781152.0
1752670800000,0.3634,0.3664,0.3579,0.3612,64356022.0
1752674400000,0.3611,0.368,0.358,0.3666,68582781.0
1752678000000,0.3666,0.3699,0.3589,0.3661,92813582.0
1752681600000,0.3661,0.3736,0.3645,0.3718,67157341.0
1752685200000,0.3718,0.3744,0.3689,0.3723,40342807.0
1752688800000,0.3723,0.3765,0.3694,0.3699,49967602.0
1752692400000,0.37,0.3741,0.368,0.3737,38231037.0
1752696000000,0.3737,0.3803,0.3732,0.3766,48329541.0
1752699600000,0.3766,0.3836,0.3751,0.3804,44694178.0
1752703200000,0.3804,0.3833,0.3706,0.3717,53569365.0
1752706800000,0.3718,0.3729,0.3668,0.3715,38862245.0
1752710400000,0.3715,0.3809,0.3707,0.3751,43358849.0
1752714000000,0.3751,0.3792,0.3627,0.3687,73500235.0
1752717600000,0.3686,0.3747,0.3674,0.373,30604850.0
1752721200000,0.373,0.3733,0.3586,0.3624,79086565.0
1752724800000,0.3623,0.3646,0.3597,0.3643,33755038.0
1752728400000,0.3643,0.3697,0.3614,0.3696,37721424.0
1752732000000,0.3696,0.3749,0.3649,0.3729,60521098.0
1752735600000,0.3729,0.3779,0.3677,0.3759,51769441.0
1752739200000,0.3758,0.3802,0.3729,0.3776,56841584.0
1752742800000,0.3777,0.3869,0.376,0.383,75442641.0
1752746400000,0.383,0.3874,0.3806,0.3812,50536924.0
1752750000000,0.3813,0.3857,0.3782,0.3796,47102023.0
1752753600000,0.3795,0.3849,0.3757,0.384,56994263.0
1752757200000,0.384,0.3873,0.3718,0.3791,82262389.0
1752760800000,0.3791,0.385,0.3753,0.3811,57025091.0
1752764400000,0.3811,0.3825,0.3739,0.3779,54789478.0
1752768000000,0.3778,0.3795,0.3647,0.3694,106541887.0
1752771600000,0.3695,0.3758,0.3674,0.3752,59421999.0
1752775200000,0.3752,0.3772,0.372,0.374,28939208.0
1752778800000,0.3741,0.3764,0.3656,0.3662,45914869.0
1752782400000,0.3662,0.3699,0.3603,0.369,76898970.0
1752786000000,0.3691,0.383,0.3688,0.3762,112400532.0
1752789600000,0.3762,0.3886,0.3744,0.3826,64417782.0
1752793200000,0.3826,0.3884,0.3779,0.3786,46954730.0
1752796800000,0.3786,0.3885,0.3743,0.3884,58252011.0
1752800400000,0.3883,0.404,0.3853,0.4016,117163361.0
1752804000000,0.4016,0.4018,0.3926,0.3959,53614589.0
1752807600000,0.396,0.3985,0.3921,0.3949,43309518.0
1752811200000,0.3949,0.4002,0.3921,0.3998,38954413.0
1752814800000,0.3998,0.4071,0.3983,0.4066,65549925.0
1752818400000,0.4066,0.4067,0.3976,0.4007,47923985.0
1752822000000,0.4007,0.4046,0.397,0.3995,73262132.0
1752825600000,0.3996,0.4159,0.398,0.4135,125696585.0
1752829200000,0.4135,0.4168,0.4099,0.4124,81292135.0
1752832800000,0.4125,0.4138,0.3983,0.4064,99816442.0
1752836400000,0.4065,0.4072,0.3959,0.4006,57218073.0
1752840000000,0.4006,0.4069,0.3981,0.4068,43460019.0
1752843600000,0.4068,0.409,0.401,0.4047,68549048.0
1752847200000,0.4046,0.4067,0.3889,0.3925,137159228.0
1752850800000,0.3926,0.3944,0.384,0.3891,75010820.0
1752854400000,0.3891,0.3946,0.3879,0.3916,47836317.0
1752858000000,0.3916,0.4015,0.3889,0.3981,43557317.0
1752861600000,0.3981,0.3983,0.39,0.3921,35150696.0
1752865200000,0.3921,0.3952,0.3868,0.3897,48599622.0
1752868800000,0.3896,0.3914,0.3779,0.3848,95807309.0
1752872400000,0.3847,0.3933,0.3839,0.3899,36279016.0
1752876000000,0.3898,0.3947,0.3868,0.3889,33816674.0
1752879600000,0.3889,0.3906,0.3833,0.39,30053215.0
1752883200000,0.3901,0.3956,0.3834,0.3836,40817621.0
1752886800000,0.3837,0.3934,0.3795,0.3913,46861173.0
1752890400000,0.3914,0.3939,0.3871,0.3936,27982013.0
1752894000000,0.3937,0.4003,0.393,0.4003,45931925.0
1752897600000,0.4002,0.4055,0.3951,0.3996,44574856.0
1752901200000,0.3996,0.4005,0.3947,0.3971,24251690.0
1752904800000,0.397,0.4004,0.3942,0.3976,23175610.0
1752908400000,0.3975,0.4029,0.3946,0.3968,26213188.0
1752912000000,0.3969,0.3988,0.3929,0.3949,26592354.0
1752915600000,0.3949,0.4009,0.3938,0.3979,33169244.0
1752919200000,0.3978,0.4034,0.3957,0.3993,33757265.0
1752922800000,0.3994,0.4013,0.3934,0.3958,37512065.0
1752926400000,0.3959,0.4015,0.3946,0.4002,27113316.0
1752930000000,0.4002,0.4034,0.3965,0.3996,39579509.0
1752933600000,0.3997,0.4,0.3944,0.3957,34720617.0
1752937200000,0.3956,0.4107,0.395,0.4072,76879111.0
1752940800000,0.4072,0.4275,0.405,0.4184,164617646.0
1752944400000,0.4184,0.42,0.4056,0.4083,79073309.0
1752948000000,0.4083,0.4153,0.4068,0.4151,46469072.0
1752951600000,0.4152,0.4157,0.4078,0.4129,37923712.0
1752955200000,0.4128,0.4258,0.4107,0.423,58552902.0
1752958800000,0.4229,0.4269,0.4147,0.4269,66345617.0
1752962400000,0.4269,0.4417,0.4242,0.438,110391855.0
1752966000000,0.438,0.4402,0.4273,0.434,69152934.0
1752969600000,0.434,0.4364,0.4275,0.4327,50311559.0
1752973200000,0.4326,0.4493,0.4316,0.4382,108677098.0
1752976800000,0.4382,0.447,0.4353,0.4464,48416485.0
1752980400000,0.4464,0.4581,0.4451,0.4547,113514122.0
1752984000000,0.4546,0.4752,0.4511,0.458,175710565.0
1752987600000,0.458,0.4744,0.4567,0.4686,98045578.0
1752991200000,0.4685,0.4688,0.4576,0.4592,74293533.0
1752994800000,0.4592,0.4663,0.4586,0.4591,55632653.0
1752998400000,0.4591,0.4782,0.4583,0.4704,91712667.0
1753002000000,0.4704,0.4933,0.465,0.4863,181935071.0
1753005600000,0.4863,0.501,0.4832,0.4845,177026201.0
1753009200000,0.4845,0.5078,0.481,0.4971,132944297.0
1753012800000,0.4971,0.5045,0.485,0.4877,117087635.0
1753016400000,0.4877,0.4944,0.4841,0.4917,84157648.0
1753020000000,0.4918,0.4919,0.4718,0.4784,153762190.0
1753023600000,0.4783,0.523,0.4766,0.5189,287222759.0
1753027200000,0.5188,0.5212,0.5011,0.5024,149991801.0
1753030800000,0.5023,0.5043,0.4913,0.4922,103049384.0
1753034400000,0.4924,0.5045,0.4924,0.503,69202118.0
1753038000000,0.503,0.5262,0.5014,0.5048,122748450.0
1753041600000,0.5047,0.5079,0.4975,0.498,55824485.0
1753045200000,0.4981,0.499,0.492,0.4954,44957427.0
1753048800000,0.4953,0.5004,0.4836,0.4951,124235869.0
1753052400000,0.4951,0.5006,0.4915,0.4916,47245404.0
1753056000000,0.4916,0.4988,0.4858,0.4977,62557184.0
1753059600000,0.4976,0.5092,0.489,0.4923,89378107.0
1753063200000,0.4923,0.4968,0.4891,0.4906,59099697.0
1753066800000,0.4907,0.4974,0.4898,0.4971,36453191.0
1753070400000,0.4971,0.5042,0.4938,0.499,47201308.0
1753074000000,0.499,0.504,0.4939,0.5026,36553541.0
1753077600000,0.5027,0.5115,0.5002,0.5008,69121011.0
1753081200000,0.5009,0.5068,0.5004,0.5031,32841251.0
1753084800000,0.5031,0.5041,0.4919,0.497,52227011.0
1753088400000,0.4971,0.5006,0.489,0.4954,60380998.0
1753092000000,0.4953,0.5044,0.4899,0.5026,51785908.0
1753095600000,0.5025,0.5045,0.4981,0.5026,45831154.0
1753099200000,0.5027,0.5037,0.4932,0.4957,52289286.0
1753102800000,0.4956,0.5425,0.4921,0.5407,622361336.0
1753106400000,0.5408,0.5918,0.534,0.5366,590494563.0
1753110000000,0.5367,0.5469,0.5197,0.5295,298474061.0
1753113600000,0.5296,0.5421,0.5155,0.5384,175952609.0
1753117200000,0.5384,0.5486,0.5336,0.5483,84328686.0
1753120800000,0.5483,0.5549,0.535,0.5373,121002111.0
1753124400000,0.5372,0.548,0.5182,0.5224,106701696.0
1753128000000,0.5224,0.5262,0.5101,0.5117,92211017.0
1753131600000,0.5117,0.5198,0.51,0.5101,40195787.0
1753135200000,0.5102,0.5133,0.503,0.5079,71973428.0
1753138800000,0.508,0.5178,0.5035,0.5166,46530909.0
1753142400000,0.5166,0.5245,0.5091,0.5128,73941685.0
1753146000000,0.5129,0.5219,0.4951,0.521,141858796.0
1753149600000,0.5209,0.5392,0.5155,0.5202,132915278.0
1753153200000,0.5201,0.5261,0.5055,0.5115,89101082.0
1753156800000,0.5114,0.512,0.49,0.4907,118591208.0
1753160400000,0.4906,0.5029,0.4906,0.4978,83338154.0
1753164000000,0.4977,0.5025,0.4901,0.4932,62211715.0
1753167600000,0.4932,0.502,0.4916,0.4945,56982123.0
1753171200000,0.4944,0.4944,0.467,0.4821,230034927.0
1753174800000,0.4821,0.5016,0.4722,0.4965,148228456.0
1753178400000,0.4964,0.5096,0.4951,0.5092,129750442.0
1753182000000,0.5093,0.5098,0.4972,0.5045,67859405.0
1753185600000,0.5044,0.5045,0.4974,0.5001,42377360.0
1753189200000,0.5001,0.5071,0.4863,0.4896,117131730.0
1753192800000,0.4896,0.528,0.4828,0.5196,180413548.0
1753196400000,0.5196,0.5257,0.5029,0.5102,134116549.0
1753200000000,0.5102,0.5165,0.5048,0.5084,62730608.0
1753203600000,0.5084,0.5131,0.503,0.5076,56748129.0
1753207200000,0.5077,0.5097,0.5005,0.5055,55335155.0
1753210800000,0.5055,0.5097,0.493,0.4952,61021991.0
1753214400000,0.495,0.5046,0.4933,0.4992,35153953.0
1753218000000,0.4991,0.4996,0.4947,0.4988,19478588.0
1753221600000,0.4988,0.5021,0.4975,0.4987,22186044.0
1753225200000,0.4988,0.5106,0.4988,0.5085,51764423.0
1753228800000,0.5086,0.5099,0.4983,0.4987,47862455.0
1753232400000,0.4988,0.4993,0.4916,0.4967,42321602.0
1753236000000,0.4968,0.5015,0.4859,0.4889,53618955.0
1753239600000,0.4889,0.4924,0.4836,0.4867,43267761.0
1753243200000,0.4867,0.4918,0.485,0.4915,30569733.0
1753246800000,0.4915,0.4924,0.4846,0.4873,25917571.0
1753250400000,0.4873,0.4874,0.4761,0.4801,68146176.0
1753254000000,0.48,0.4824,0.4723,0.4772,52764891.0
1753257600000,0.4772,0.4822,0.4755,0.4816,31365157.0
1753261200000,0.4815,0.4818,0.4724,0.4738,46903881.0
1753264800000,0.4738,0.4756,0.4672,0.4754,66256636.0
1753268400000,0.4755,0.4755,0.4632,0.4676,88973070.0
1753272000000,0.4676,0.4699,0.4565,0.4577,91666106.0
1753275600000,0.4578,0.4636,0.4391,0.4483,218196361.0
1753279200000,0.4483,0.4549,0.4467,0.4531,94681387.0
1753282800000,0.453,0.4684,0.4511,0.4671,89479392.0
1753286400000,0.4671,0.4681,0.4528,0.4529,116428029.0
1753290000000,0.453,0.4613,0.4435,0.4608,125116712.0
1753293600000,0.4607,0.4688,0.4571,0.4677,68947675.0
1753297200000,0.4677,0.4708,0.4627,0.4657,43673075.0
1753300800000,0.4659,0.4711,0.4472,0.4587,106075878.0
1753304400000,0.4587,0.4613,0.4405,0.4497,91919289.0
1753308000000,0.4497,0.4619,0.4454,0.4583,44346973.0
1753311600000,0.4583,0.4645,0.4577,0.4599,34045356.0
1753315200000,0.46,0.4706,0.4523,0.4689,62290449.0
1753318800000,0.4689,0.4764,0.4649,0.4738,72063594.0
1753322400000,0.4738,0.4829,0.4686,0.4793,61605634.0
1753326000000,0.4793,0.4874,0.4752,0.4754,55671271.0
1753329600000,0.4755,0.4799,0.4664,0.4676,76878623.0
1753333200000,0.4676,0.4678,0.4433,0.4455,119836598.0
1753336800000,0.4456,0.4538,0.4241,0.4334,186588299.0
1753340400000,0.4334,0.4481,0.4264,0.4474,98792831.0
1753344000000,0.4475,0.4603,0.4426,0.4603,90866896.0
1753347600000,0.4602,0.4712,0.4596,0.4707,88980543.0
1753351200000,0.4707,0.4789,0.4599,0.4744,97729175.0
1753354800000,0.4744,0.4811,0.4706,0.4768,90349758.0
1753358400000,0.4767,0.4816,0.4702,0.4769,75970465.0
1753362000000,0.4769,0.5006,0.4756,0.4826,189198039.0
1753365600000,0.4827,0.5098,0.4803,0.5092,165681199.0
1753369200000,0.5091,0.5104,0.4883,0.4939,129052443.0
1753372800000,0.494,0.4945,0.4735,0.4773,114589880.0
1753376400000,0.4773,0.4877,0.4746,0.4837,69366341.0
1753380000000,0.4836,0.4884,0.4761,0.4848,46950125.0
1753383600000,0.4849,0.4985,0.4845,0.4941,62150327.0
1753387200000,0.4941,0.5,0.4899,0.4935,45157757.0
1753390800000,0.4935,0.4938,0.4766,0.4779,48994819.0
1753394400000,0.4778,0.4785,0.4738,0.4766,33714030.0
1753398000000,0.4766,0.4782,0.4658,0.4715,87028019.0
1753401600000,0.4716,0.4779,0.4647,0.4669,71211467.0
1753405200000,0.4669,0.4879,0.4653,0.4845,67075791.0
1753408800000,0.4845,0.4881,0.472,0.4745,79881158.0
1753412400000,0.4745,0.495,0.4734,0.4907,106385276.0
1753416000000,0.4906,0.5026,0.4742,0.502,124844036.0
1753419600000,0.5021,0.5054,0.4903,0.4964,92924680.0
1753423200000,0.4965,0.5026,0.4868,0.4911,66243820.0
1753426800000,0.4912,0.5117,0.4849,0.5055,157307063.0
1753430400000,0.5056,0.5309,0.5025,0.5221,212142618.0
1753434000000,0.5221,0.5627,0.5196,0.5567,276060467.0
1753437600000,0.5568,0.578,0.556,0.5696,272096502.0
1753441200000,0.5696,0.5804,0.5616,0.5673,165783763.0
1753444800000,0.5672,0.5885,0.5591,0.5677,238348984.0
1753448400000,0.5676,0.5756,0.5593,0.5736,180835264.0
1753452000000,0.5736,0.5797,0.5436,0.5469,285739575.0
1753455600000,0.5469,0.5698,0.5469,0.5661,167306478.0
1753459200000,0.5661,0.5689,0.5373,0.5501,182094743.0
1753462800000,0.5501,0.5544,0.5339,0.5355,107485698.0
1753466400000,0.5355,0.5386,0.5313,0.5379,57977574.0
1753470000000,0.5379,0.5474,0.5343,0.5397,84597145.0
1753473600000,0.5397,0.569,0.5355,0.5601,125177189.0
1753477200000,0.5601,0.597,0.5595,0.5924,160463579.0
1753480800000,0.5925,0.6188,0.5913,0.6039,234359295.0
1753484400000,0.6039,0.6248,0.6011,0.6028,161525485.0
1753488000000,0.6028,0.6218,0.5906,0.604,219973046.0
1753491600000,0.6041,0.6073,0.5857,0.5862,92703813.0
1753495200000,0.5862,0.6039,0.5856,0.5888,88192117.0
1753498800000,0.5887,0.5928,0.577,0.585,87549035.0
1753502400000,0.5849,0.5911,0.5793,0.589,69124727.0
1753506000000,0.589,0.6036,0.586,0.6022,90670692.0
1753509600000,0.6023,0.6101,0.5826,0.5866,130894116.0
1753513200000,0.5867,0.5988,0.5851,0.5903,81017516.0
1753516800000,0.5904,0.5985,0.5862,0.597,67306233.0
1753520400000,0.597,0.5974,0.585,0.5887,58683117.0
1753524000000,0.5887,0.5975,0.5831,0.5941,70040899.0
1753527600000,0.594,0.5977,0.5698,0.5743,142296953.0
1753531200000,0.5743,0.5783,0.5701,0.5756,54644894.0
1753534800000,0.5755,0.579,0.5671,0.57,63625895.0
1753538400000,0.57,0.5744,0.5603,0.5645,101139796.0
1753542000000,0.5645,0.5661,0.5546,0.5622,105298643.0
1753545600000,0.5621,0.5665,0.5583,0.5651,60578901.0
1753549200000,0.565,0.5803,0.5603,0.5787,102615083.0
1753552800000,0.5788,0.5885,0.5752,0.5831,74057115.0
1753556400000,0.5831,0.5997,0.5829,0.5929,95786705.0
1753560000000,0.5929,0.6021,0.583,0.5855,70605155.0
1753563600000,0.5854,0.6007,0.5812,0.595,46285830.0
1753567200000,0.595,0.6196,0.5949,0.6128,123227250.0
1753570800000,0.6128,0.6355,0.6104,0.6187,137194004.0
1753574400000,0.6188,0.6377,0.6135,0.6305,113502858.0
1753578000000,0.6305,0.65,0.626,0.6296,128988923.0
1753581600000,0.6297,0.632,0.6166,0.6202,60315266.0
1753585200000,0.6202,0.6242,0.6121,0.6132,41120367.0
1753588800000,0.6132,0.6269,0.6125,0.6222,56833370.0
1753592400000,0.6221,0.6307,0.615,0.6229,55748942.0
1753596000000,0.6228,0.6236,0.6135,0.6174,36466851.0
1753599600000,0.6175,0.6205,0.6062,0.6133,55879165.0
1753603200000,0.6132,0.6146,0.6076,0.6108,46590140.0
1753606800000,0.6107,0.6175,0.6078,0.6096,58562808.0
1753610400000,0.6096,0.6122,0.608,0.6086,42141078.0
1753614000000,0.6087,0.6278,0.6054,0.6126,107898073.0
1753617600000,0.6127,0.6389,0.6087,0.6372,93112428.0
1753621200000,0.6373,0.6419,0.6181,0.6241,96393595.0
1753624800000,0.6241,0.6355,0.6205,0.6222,64323575.0
1753628400000,0.6223,0.6493,0.616,0.6452,110869874.0
1753632000000,0.6453,0.6798,0.6416,0.6634,231612477.0
1753635600000,0.6635,0.6789,0.6445,0.6749,134385570.0
1753639200000,0.6749,0.6881,0.6694,0.6864,116953540.0
1753642800000,0.6864,0.6874,0.6636,0.6673,71112393.0
1753646400000,0.6673,0.6828,0.6672,0.6802,52953408.0
1753650000000,0.6802,0.6813,0.6537,0.6662,64187169.0
1753653600000,0.6662,0.6863,0.6655,0.676,75817289.0
1753657200000,0.6759,0.6827,0.663,0.67,58267466.0
1753660800000,0.6701,0.695,0.6632,0.6657,126886090.0
1753664400000,0.6658,0.6674,0.6528,0.6549,74752036.0
1753668000000,0.6548,0.6671,0.6523,0.6631,57542444.0
1753671600000,0.6632,0.6757,0.6557,0.6707,38596069.0
1753675200000,0.6707,0.6925,0.6669,0.6923,87488519.0
1753678800000,0.6922,0.7015,0.677,0.682,127237527.0
1753682400000,0.682,0.6964,0.6746,0.6884,71189946.0
1753686000000,0.6884,0.6887,0.6761,0.6804,47490365.0
1753689600000,0.6804,0.6977,0.6791,0.6901,70041674.0
1753693200000,0.6901,0.6931,0.6741,0.6858,63605045.0
1753696800000,0.6858,0.6863,0.6673,0.672,56402988.0
1753700400000,0.672,0.6751,0.6643,0.6679,42828727.0
1753704000000,0.6679,0.6852,0.6673,0.6748,67112749.0
1753707600000,0.6748,0.6755,0.6548,0.656,94750289.0
1753711200000,0.6559,0.6606,0.64,0.6486,149131766.0
1753714800000,0.6487,0.6756,0.647,0.6574,141406340.0
1753718400000,0.6574,0.6754,0.6508,0.6746,92805806.0
1753722000000,0.6746,0.6842,0.6541,0.6557,112890849.0
1753725600000,0.6557,0.6558,0.6411,0.6511,95128564.0
1753729200000,0.6512,0.6598,0.6309,0.6392,88806383.0
1753732800000,0.6391,0.642,0.6277,0.6349,66852705.0
1753736400000,0.6349,0.6454,0.6311,0.6406,51518077.0
1753740000000,0.6405,0.6452,0.6249,0.6299,57418342.0
1753743600000,0.63,0.6401,0.6283,0.6333,39626675.0
1753747200000,0.6333,0.6391,0.614,0.6215,94881133.0
1753750800000,0.6216,0.6259,0.6111,0.6113,51103000.0
1753754400000,0.6114,0.613,0.5949,0.5969,112898954.0
1753758000000,0.5969,0.629,0.5967,0.622,123394123.0
1753761600000,0.6219,0.6304,0.6167,0.6207,75964866.0
1753765200000,0.6207,0.639,0.6206,0.6382,71793849.0
1753768800000,0.6382,0.6423,0.6279,0.6299,63350162.0
1753772400000,0.63,0.6434,0.625,0.6396,68234857.0
1753776000000,0.6397,0.6407,0.6208,0.6217,64378331.0
1753779600000,0.6218,0.6294,0.6181,0.6235,50405756.0
1753783200000,0.6234,0.6249,0.6072,0.6079,65018444.0
1753786800000,0.6079,0.619,0.6061,0.6116,53026136.0
1753790400000,0.6116,0.6153,0.6037,0.6073,60131935.0
1753794000000,0.6074,0.6111,0.583,0.5859,130814670.0
1753797600000,0.5858,0.5866,0.565,0.5734,191999288.0
1753801200000,0.5733,0.5876,0.5703,0.5832,107427053.0
1753804800000,0.5833,0.585,0.5632,0.572,105186909.0
1753808400000,0.572,0.5784,0.565,0.5764,69779989.0
1753812000000,0.5764,0.5776,0.5673,0.5731,42191122.0
1753815600000,0.5732,0.5803,0.5673,0.5697,40236783.0
1753819200000,0.5697,0.5703,0.5579,0.5654,81003645.0
1753822800000,0.5655,0.5705,0.5613,0.5646,27767240.0
1753826400000,0.5646,0.5726,0.5552,0.5724,57290987.0
1753830000000,0.5724,0.5772,0.5652,0.5703,56473462.0
1753833600000,0.5703,0.5748,0.5532,0.5623,78184787.0
1753837200000,0.5623,0.5812,0.5591,0.5781,71228349.0
1753840800000,0.5781,0.5899,0.5741,0.5835,77211293.0
1753844400000,0.5835,0.5871,0.5757,0.5765,36649048.0
1753848000000,0.5765,0.582,0.5665,0.5679,53272933.0
1753851600000,0.5679,0.58,0.5652,0.5786,56638184.0
1753855200000,0.5786,0.5849,0.5718,0.5826,42453605.0
1753858800000,0.5826,0.5891,0.5766,0.5816,56166635.0
1753862400000,0.5816,0.5959,0.5753,0.5908,80421422.0
1753866000000,0.5908,0.5964,0.5688,0.5736,94525921.0
1753869600000,0.5738,0.5817,0.5704,0.5727,39246506.0
1753873200000,0.5728,0.5767,0.5542,0.5589,99718449.0
1753876800000,0.5588,0.573,0.5541,0.5639,91882827.0
1753880400000,0.564,0.5733,0.5615,0.565,80850683.0
1753884000000,0.565,0.5788,0.5565,0.5777,91405550.0
1753887600000,0.5778,0.5787,0.54,0.5454,147448985.0
1753891200000,0.5454,0.5643,0.5417,0.5627,90174260.0
1753894800000,0.5627,0.57,0.5609,0.5699,56298003.0
1753898400000,0.5698,0.5832,0.5561,0.5572,147919036.0
1753902000000,0.5571,0.595,0.5328,0.5925,305221991.0
1753905600000,0.5924,0.6103,0.5889,0.6003,149232452.0
1753909200000,0.6003,0.6056,0.5781,0.5899,94913934.0
1753912800000,0.5897,0.5958,0.5824,0.5875,68371419.0
1753916400000,0.5875,0.6078,0.5874,0.6077,71954530.0
1753920000000,0.6076,0.6268,0.595,0.6251,133841224.0
1753923600000,0.6251,0.6349,0.6165,0.6298,96648592.0
1753927200000,0.6297,0.6377,0.6231,0.6238,62063633.0
1753930800000,0.6238,0.6342,0.6194,0.6341,59483989.0
1753934400000,0.6341,0.6447,0.6271,0.642,61332230.0
1753938000000,0.6418,0.651,0.6352,0.645,83463257.0
1753941600000,0.6449,0.6756,0.639,0.6649,151213277.0
1753945200000,0.6649,0.6698,0.6528,0.6588,86989924.0
1753948800000,0.6588,0.6823,0.6575,0.674,106865346.0
1753952400000,0.6741,0.6825,0.6647,0.6702,98295633.0
1753956000000,0.6702,0.6737,0.659,0.6594,73793946.0
1753959600000,0.6594,0.6748,0.6568,0.6704,92487709.0
1753963200000,0.6704,0.6738,0.6625,0.6679,93131284.0
1753966800000,0.6679,0.6688,0.6322,0.6427,263697009.0
1753970400000,0.6428,0.648,0.6193,0.6224,189191623.0
1753974000000,0.6224,0.6318,0.6062,0.6125,162385532.0
1753977600000,0.6126,0.6342,0.6093,0.6249,141504918.0
1753981200000,0.6249,0.6256,0.6061,0.6143,92509484.0
1753984800000,0.6143,0.6194,0.6006,0.6045,142517612.0
1753988400000,0.6046,0.6078,0.5827,0.5878,150322499.0
1753992000000,0.5878,0.5951,0.5815,0.5838,93133634.0
1753995600000,0.5838,0.5859,0.5631,0.5705,116005922.0
1753999200000,0.5705,0.5756,0.5605,0.5735,132069426.0
1754002800000,0.5736,0.5805,0.5638,0.5692,97729223.0
1754006400000,0.5693,0.6008,0.5586,0.5928,241006906.0
1754010000000,0.5928,0.6044,0.5825,0.5904,202312888.0
1754013600000,0.5903,0.6128,0.5881,0.6061,127795504.0
1754017200000,0.606,0.6069,0.5904,0.5945,87716441.0
1754020800000,0.5944,0.5981,0.5842,0.5889,134914673.0
1754024400000,0.589,0.5921,0.5653,0.5739,122587097.0
1754028000000,0.5739,0.5825,0.5666,0.5801,97716824.0
1754031600000,0.58,0.5965,0.5756,0.5936,107352229.0
1754035200000,0.5935,0.5975,0.574,0.5766,157490313.0
1754038800000,0.5766,0.5908,0.5693,0.5729,100037026.0
1754042400000,0.5729,0.5819,0.5706,0.5796,64752679.0
1754046000000,0.5797,0.6026,0.5739,0.6002,103896511.0
1754049600000,0.6002,0.61,0.5945,0.6041,135525143.0
1754053200000,0.6042,0.6095,0.5764,0.581,186475582.0
1754056800000,0.5811,0.6213,0.5771,0.6114,261860663.0
1754060400000,0.6114,0.6125,0.5866,0.5968,162649657.0
1754064000000,0.5966,0.6027,0.5808,0.5837,125511550.0
1754067600000,0.5837,0.5983,0.5704,0.5746,134809214.0
1754071200000,0.5748,0.591,0.5716,0.5893,117281683.0
1754074800000,0.5893,0.6065,0.5839,0.594,114868579.0
1754078400000,0.5939,0.5978,0.5535,0.5742,210542287.0
1754082000000,0.5743,0.5843,0.5729,0.5803,92617031.0
1754085600000,0.5803,0.5803,0.5543,0.5704,148169600.0
1754089200000,0.5704,0.5875,0.5662,0.5788,86854711.0
1754092800000,0.5787,0.591,0.5737,0.587,74826583.0
1754096400000,0.587,0.5879,0.5734,0.587,43823907.0
1754100000000,0.5869,0.5949,0.5801,0.5933,41702438.0
1754103600000,0.5933,0.5948,0.5766,0.5802,45813885.0
1754107200000,0.5803,0.5855,0.5744,0.5796,48366182.0
1754110800000,0.5796,0.5797,0.5726,0.5764,32933907.0
1754114400000,0.5765,0.5768,0.5524,0.5546,118617151.0
1754118000000,0.5546,0.5562,0.5379,0.5522,163530224.0
1754121600000,0.5522,0.5538,0.5396,0.5407,80559766.0
1754125200000,0.5408,0.544,0.5356,0.5422,66819619.0
1754128800000,0.5422,0.5436,0.5346,0.5399,60932026.0
1754132400000,0.54,0.545,0.537,0.5379,50053129.0
1754136000000,0.538,0.5487,0.5363,0.5473,63765874.0
1754139600000,0.5473,0.548,0.5393,0.5437,51745687.0
1754143200000,0.5437,0.5441,0.5266,0.5343,132851891.0
1754146800000,0.5343,0.5454,0.5343,0.5385,86570356.0
1754150400000,0.5386,0.5448,0.533,0.5386,68979824.0
1754154000000,0.5386,0.5416,0.521,0.5267,82369235.0
1754157600000,0.5267,0.5289,0.5147,0.5212,125998294.0
1754161200000,0.521,0.537,0.5186,0.53,87503596.0
1754164800000,0.53,0.5401,0.5294,0.5344,43901316.0
1754168400000,0.5344,0.537,0.5254,0.5271,37684366.0
1754172000000,0.527,0.5287,0.519,0.5224,46421712.0
1754175600000,0.5225,0.5246,0.5121,0.521,78034299.0
1754179200000,0.521,0.529,0.5106,0.5274,109238222.0
1754182800000,0.5273,0.5305,0.523,0.5244,52568381.0
1754186400000,0.5245,0.5328,0.5244,0.531,37742086.0
1754190000000,0.5309,0.5392,0.5305,0.5341,52115596.0
1754193600000,0.5341,0.5392,0.5307,0.5383,39255864.0
1754197200000,0.5383,0.544,0.5368,0.5426,50771506.0
1754200800000,0.5426,0.5461,0.5378,0.539,70620812.0
1754204400000,0.539,0.5493,0.539,0.549,47267251.0
1754208000000,0.5489,0.564,0.5484,0.5573,131598306.0
1754211600000,0.5572,0.5596,0.547,0.5521,73560377.0
1754215200000,0.5521,0.5669,0.5484,0.5596,97085473.0
1754218800000,0.5596,0.5646,0.5536,0.5601,78319191.0
1754222400000,0.5601,0.5726,0.5546,0.5689,94012702.0
1754226000000,0.5689,0.581,0.5668,0.5775,121138511.0
1754229600000,0.5775,0.5845,0.5694,0.5702,134058831.0
1754233200000,0.5702,0.5807,0.5645,0.5795,97195985.0
1754236800000,0.5795,0.592,0.5765,0.5904,89482990.0
1754240400000,0.5905,0.5969,0.5869,0.5912,89860770.0
1754244000000,0.5911,0.5955,0.5865,0.5912,45696491.0
1754247600000,0.5912,0.6069,0.5877,0.5923,93284715.0
1754251200000,0.5923,0.5986,0.5864,0.5888,59264759.0
1754254800000,0.5888,0.5951,0.5869,0.5949,35241940.0
1754258400000,0.5948,0.6064,0.5931,0.5971,71755504.0
1754262000000,0.597,0.6024,0.5912,0.5936,63341885.0
1754265600000,0.5935,0.6198,0.5894,0.6159,159525168.0
1754269200000,0.6159,0.6194,0.6064,0.6083,98074342.0
1754272800000,0.6083,0.6287,0.6031,0.6218,94220512.0
1754276400000,0.6218,0.6254,0.6081,0.6156,115980008.0
1754280000000,0.6156,0.621,0.5998,0.6012,90675737.0
1754283600000,0.6013,0.6041,0.5935,0.602,88341476.0
1754287200000,0.6021,0.6067,0.5957,0.6065,62888258.0
1754290800000,0.6065,0.6269,0.6052,0.6221,115745867.0
1754294400000,0.6221,0.6342,0.6143,0.6231,140901785.0
1754298000000,0.623,0.6255,0.6099,0.612,76066874.0
1754301600000,0.612,0.6225,0.6084,0.6138,84129027.0
1754305200000,0.6139,0.6186,0.6097,0.6108,48760495.0
1754308800000,0.6108,0.6222,0.6089,0.6155,65737501.0
1754312400000,0.6155,0.6369,0.6141,0.6336,145517837.0
1754316000000,0.6336,0.6406,0.6092,0.612,191493045.0
1754319600000,0.612,0.6227,0.6099,0.621,112867505.0
1754323200000,0.6209,0.6225,0.6141,0.6172,64768960.0
1754326800000,0.6172,0.6224,0.6032,0.6083,102191734.0
1754330400000,0.6082,0.6102,0.6033,0.6068,46445722.0
1754334000000,0.6068,0.6075,0.5975,0.5998,67749967.0
1754337600000,0.5999,0.6048,0.5989,0.6031,41428184.0
1754341200000,0.6031,0.6088,0.6011,0.6045,48949878.0
1754344800000,0.6045,0.6096,0.6044,0.608,37397815.0
1754348400000,0.608,0.6102,0.6011,0.6037,37745885.0
1754352000000,0.6037,0.6075,0.5957,0.6031,62007488.0
1754355600000,0.6031,0.608,0.5996,0.6021,30355906.0
1754359200000,0.6021,0.6045,0.5949,0.597,45366781.0
1754362800000,0.5969,0.5973,0.5844,0.5869,105623980.0
1754366400000,0.587,0.5905,0.5833,0.5849,41594279.0
1754370000000,0.585,0.5891,0.5816,0.5875,42652877.0
1754373600000,0.5875,0.5916,0.5837,0.5857,52587927.0
1754377200000,0.5858,0.5882,0.5787,0.5803,75064315.0
1754380800000,0.5803,0.5837,0.5734,0.5797,80693144.0
1754384400000,0.5798,0.5869,0.5792,0.5863,58251515.0
1754388000000,0.5862,0.5918,0.5816,0.585,87009804.0
1754391600000,0.585,0.5957,0.5817,0.5913,77883453.0
1754395200000,0.5912,0.6061,0.5867,0.6036,135712054.0
1754398800000,0.6036,0.6065,0.5922,0.5963,107333120.0
1754402400000,0.5962,0.5965,0.5782,0.58,172189269.0
1754406000000,0.58,0.5953,0.5688,0.5769,124808563.0
1754409600000,0.5768,0.5835,0.5673,0.5691,94119293.0
1754413200000,0.5691,0.5815,0.5682,0.5781,67935716.0
1754416800000,0.5781,0.5806,0.5715,0.579,35530363.0
1754420400000,0.579,0.583,0.5731,0.5751,32292906.0
1754424000000,0.5752,0.5822,0.575,0.5817,31978487.0
1754427600000,0.5817,0.5847,0.57,0.5731,32987973.0
1754431200000,0.573,0.581,0.5652,0.5784,65142595.0
1754434800000,0.5784,0.5863,0.5773,0.5794,43264034.0
1754438400000,0.5794,0.5853,0.5737,0.5781,49487676.0
1754442000000,0.578,0.5828,0.5729,0.5784,46462591.0
1754445600000,0.5783,0.5785,0.5664,0.5675,44151948.0
1754449200000,0.5676,0.5693,0.5582,0.5595,67186256.0
1754452800000,0.5595,0.5621,0.5562,0.5605,37025967.0
1754456400000,0.5606,0.5898,0.5587,0.5812,137185170.0
1754460000000,0.5812,0.5929,0.5773,0.589,73867950.0
1754463600000,0.5889,0.5939,0.5844,0.5857,56864476.0
1754467200000,0.5856,0.5866,0.5644,0.5676,92727699.0
1754470800000,0.5675,0.5811,0.5658,0.5714,77629491.0
1754474400000,0.5713,0.5758,0.5607,0.565,59745476.0
1754478000000,0.565,0.5718,0.5636,0.5681,35779509.0
1754481600000,0.5681,0.57,0.5594,0.562,51559669.0
1754485200000,0.5621,0.5672,0.5577,0.5665,80947071.0
1754488800000,0.5666,0.5874,0.5662,0.5873,143587613.0
1754492400000,0.5873,0.5936,0.5788,0.593,112189898.0
1754496000000,0.5929,0.5995,0.5869,0.5913,85101948.0
1754499600000,0.5913,0.5988,0.588,0.5978,37547065.0
1754503200000,0.5977,0.6065,0.5942,0.5964,66214274.0
1754506800000,0.5964,0.5998,0.5932,0.5984,27955707.0
1754510400000,0.5983,0.5996,0.5932,0.5992,27439596.0
1754514000000,0.5992,0.6048,0.5926,0.5942,36701775.0
1754517600000,0.5942,0.599,0.5926,0.5969,26006202.0
1754521200000,0.597,0.6022,0.5916,0.6009,27376825.0
1754524800000,0.601,0.6056,0.5963,0.5967,34272907.0
1754528400000,0.5967,0.6166,0.5954,0.6011,81926800.0
1754532000000,0.6011,0.61,0.5973,0.5979,52921586.0
1754535600000,0.598,0.6005,0.5946,0.5977,31085563.0
1754539200000,0.5977,0.6072,0.5968,0.5995,32683276.0
1754542800000,0.5995,0.6,0.5841,0.5882,68282188.0
1754546400000,0.5882,0.6025,0.5863,0.601,55108428.0
1754550000000,0.6011,0.6071,0.5975,0.6005,54810965.0
1754553600000,0.6004,0.6185,0.5999,0.6132,83684847.0
1754557200000,0.6132,0.632,0.612,0.6285,106649123.0
1754560800000,0.6284,0.639,0.6244,0.6331,148723182.0
1754564400000,0.6332,0.642,0.6307,0.6307,94750312.0
1754568000000,0.6307,0.6354,0.6256,0.6338,68885827.0
1754571600000,0.6338,0.6383,0.6288,0.6301,64074618.0
1754575200000,0.6301,0.6306,0.6169,0.6199,93203966.0
1754578800000,0.62,0.6222,0.6157,0.6192,55810629.0
1754582400000,0.6191,0.6211,0.608,0.6185,102594033.0
1754586000000,0.6185,0.6235,0.615,0.623,47093961.0
1754589600000,0.623,0.6239,0.6182,0.622,37074644.0
1754593200000,0.6221,0.6403,0.6221,0.6397,69456257.0
1754596800000,0.6397,0.6493,0.6374,0.6454,74594869.0
1754600400000,0.6454,0.6588,0.645,0.6489,70260712.0
1754604000000,0.6489,0.6527,0.6321,0.6376,117943061.0
1754607600000,0.6376,0.6393,0.6331,0.6367,39986445.0
1754611200000,0.6367,0.6392,0.625,0.6313,96139458.0
1754614800000,0.6312,0.6354,0.6269,0.6329,48076651.0
1754618400000,0.6328,0.6353,0.6219,0.6251,44796520.0
1754622000000,0.625,0.6363,0.6248,0.6334,58520652.0
1754625600000,0.6333,0.6394,0.6291,0.6296,46290405.0
1754629200000,0.6297,0.6308,0.6162,0.618,59713174.0
1754632800000,0.6179,0.6214,0.6166,0.62,36105362.0
1754636400000,0.62,0.6248,0.6137,0.623,53632291.0
1754640000000,0.6231,0.6273,0.6124,0.6149,62140704.0
1754643600000,0.6149,0.6174,0.6109,0.6162,40530513.0
1754647200000,0.6163,0.6175,0.6138,0.6155,23966688.0
1754650800000,0.6155,0.6207,0.6155,0.6202,32316174.0
1754654400000,0.6202,0.6203,0.6131,0.6148,40372392.0
1754658000000,0.6148,0.6384,0.6124,0.6372,99567598.0
1754661600000,0.6372,0.6478,0.6231,0.6309,165081521.0
1754665200000,0.6309,0.6334,0.6144,0.622,98932944.0
1754668800000,0.622,0.6259,0.6133,0.6199,59782466.0
1754672400000,0.62,0.6493,0.6199,0.6492,105536513.0
1754676000000,0.6492,0.6664,0.6451,0.6663,128773710.0
1754679600000,0.6664,0.6695,0.6517,0.6607,87431181.0
1754683200000,0.6607,0.6627,0.6509,0.6549,32185030.0
1754686800000,0.6548,0.6557,0.6419,0.6439,50098762.0
1754690400000,0.644,0.65,0.6422,0.6492,24812232.0
1754694000000,0.6493,0.6512,0.6428,0.6448,29505837.0
1754697600000,0.6449,0.6529,0.6434,0.6456,33201582.0
1754701200000,0.6455,0.6474,0.6355,0.6456,39574485.0
1754704800000,0.6456,0.6538,0.6427,0.6528,34726242.0
1754708400000,0.6527,0.6546,0.6482,0.6529,27041930.0
1754712000000,0.6528,0.6845,0.6522,0.6828,113027686.0
1754715600000,0.6828,0.7082,0.6792,0.7039,179944368.0
1754719200000,0.704,0.7093,0.6974,0.7031,86550836.0
1754722800000,0.7031,0.7235,0.7013,0.7207,114884132.0
1754726400000,0.7206,0.741,0.7193,0.7311,159265896.0
1754730000000,0.7312,0.7369,0.7251,0.7354,81242926.0
1754733600000,0.7354,0.74,0.7272,0.7352,76713507.0
1754737200000,0.7352,0.7452,0.7308,0.7353,90408863.0
1754740800000,0.7354,0.761,0.7319,0.7592,142573088.0
1754744400000,0.7592,0.7603,0.7266,0.7275,198537181.0
1754748000000,0.7275,0.7384,0.7261,0.7318,96386477.0
1754751600000,0.7319,0.7405,0.7308,0.7341,73466846.0
1754755200000,0.7341,0.7537,0.7335,0.7442,103992573.0
1754758800000,0.7441,0.7656,0.7403,0.7556,116318163.0
1754762400000,0.7557,0.7611,0.7478,0.7534,67452414.0
1754766000000,0.7535,0.7616,0.752,0.7566,49556168.0
1754769600000,0.7565,0.7598,0.7453,0.7468,61294818.0
1754773200000,0.7468,0.7512,0.7418,0.7432,50788461.0
1754776800000,0.7432,0.7604,0.7389,0.7405,70722157.0
1754780400000,0.7406,0.7433,0.7341,0.7372,46221686.0
1754784000000,0.7371,0.7648,0.7343,0.7624,82624564.0
1754787600000,0.7624,0.7698,0.7406,0.7468,114813487.0
1754791200000,0.7469,0.7488,0.7371,0.7392,47873129.0
1754794800000,0.7392,0.7492,0.7349,0.7461,73130104.0
1754798400000,0.7461,0.7595,0.7426,0.7573,49240575.0
1754802000000,0.7573,0.762,0.7462,0.7473,66476874.0
1754805600000,0.7473,0.7517,0.7365,0.7446,75088617.0
1754809200000,0.7446,0.7628,0.7356,0.7372,152763821.0
1754812800000,0.7372,0.7562,0.7169,0.7496,185976341.0
1754816400000,0.7496,0.754,0.7421,0.7458,55713878.0
1754820000000,0.7459,0.7482,0.7317,0.7398,73168036.0
1754823600000,0.7398,0.7532,0.7394,0.7425,55699842.0
1754827200000,0.7426,0.7593,0.7397,0.7568,58464185.0
1754830800000,0.7567,0.7603,0.7453,0.7463,54699506.0
1754834400000,0.7464,0.7793,0.7435,0.7771,151357267.0
1754838000000,0.7771,0.8103,0.7734,0.7933,237842770.0
1754841600000,0.7932,0.7985,0.7757,0.7795,109451767.0
1754845200000,0.7794,0.7839,0.7718,0.7737,74147007.0
1754848800000,0.7735,0.7828,0.7719,0.7824,30781521.0
1754852400000,0.7825,0.7888,0.7775,0.7787,42568799.0
1754856000000,0.7786,0.7791,0.7706,0.7735,37287635.0
1754859600000,0.7736,0.779,0.7653,0.7774,39127948.0
1754863200000,0.7773,0.7895,0.7718,0.7894,48728582.0
1754866800000,0.7893,0.802,0.789,0.7975,63227085.0
1754870400000,0.7975,0.8347,0.7941,0.8266,153038873.0
1754874000000,0.8266,0.8529,0.8222,0.8345,168625036.0
1754877600000,0.8342,0.8431,0.8223,0.8255,107052422.0
1754881200000,0.8255,0.838,0.8196,0.8337,73880607.0
1754884800000,0.8338,0.8498,0.8337,0.8387,81213030.0
1754888400000,0.8389,0.8473,0.8323,0.836,57000349.0
1754892000000,0.836,0.8465,0.8336,0.8433,45279112.0
1754895600000,0.8432,0.8558,0.8235,0.8267,123474781.0
1754899200000,0.8266,0.8339,0.8159,0.8235,83326799.0
1754902800000,0.8234,0.8288,0.816,0.8222,44487098.0
1754906400000,0.8222,0.8295,0.8169,0.8191,60059592.0
1754910000000,0.8191,0.8208,0.7851,0.7912,191694595.0
1754913600000,0.7912,0.8038,0.7872,0.8006,130798589.0
1754917200000,0.8006,0.8152,0.7882,0.8056,181832967.0
1754920800000,0.8056,0.817,0.7959,0.8016,106023609.0
1754924400000,0.8016,0.8178,0.7974,0.8169,78426637.0
1754928000000,0.817,0.8271,0.8077,0.8105,101559217.0
1754931600000,0.8105,0.8117,0.7957,0.7963,60687236.0
1754935200000,0.7963,0.7993,0.7875,0.7972,69757248.0
1754938800000,0.7971,0.803,0.7904,0.7935,40160612.0
1754942400000,0.7935,0.7973,0.788,0.7926,38292339.0
1754946000000,0.7925,0.8014,0.7744,0.784,73773665.0
1754949600000,0.784,0.7857,0.771,0.7843,60999458.0
1754953200000,0.7843,0.8009,0.7828,0.7948,53958541.0
1754956800000,0.7948,0.8142,0.7945,0.8109,62570806.0
1754960400000,0.8108,0.8163,0.8062,0.8089,48890322.0
1754964000000,0.8088,0.8174,0.8053,0.8115,41705947.0
1754967600000,0.8115,0.8173,0.8074,0.8153,44288505.0
1754971200000,0.8152,0.8165,0.8038,0.8075,37168988.0
1754974800000,0.8076,0.8077,0.7884,0.794,79633389.0
1754978400000,0.7939,0.8,0.7856,0.7876,50351910.0
1754982000000,0.7876,0.7955,0.7826,0.7951,50520046.0
1754985600000,0.795,0.8007,0.7856,0.7897,47340758.0
1754989200000,0.7897,0.7911,0.7671,0.7692,76711727.0
1754992800000,0.7692,0.7704,0.7533,0.7672,139176691.0
1754996400000,0.7673,0.7782,0.7604,0.7764,65992669.0
1755000000000,0.7764,0.8427,0.7707,0.8298,289690264.0
1755003600000,0.8299,0.8316,0.795,0.8098,193626255.0
1755007200000,0.8099,0.8143,0.7892,0.7986,100171187.0
1755010800000,0.7985,0.8206,0.796,0.8169,118160931.0
1755014400000,0.817,0.8199,0.8028,0.8132,76500754.0
1755018000000,0.8132,0.8247,0.8082,0.8235,68246293.0
1755021600000,0.8234,0.8238,0.8046,0.8086,56039011.0
1755025200000,0.8085,0.8183,0.8055,0.8129,35477904.0
1755028800000,0.813,0.826,0.807,0.8221,65022615.0
1755032400000,0.822,0.8223,0.7912,0.7932,73549671.0
1755036000000,0.7933,0.8017,0.7815,0.7992,93667062.0
1755039600000,0.7992,0.8099,0.794,0.8095,70905642.0
1755043200000,0.8095,0.8319,0.803,0.8107,97619163.0
1755046800000,0.8108,0.8122,0.7922,0.7994,75522871.0
1755050400000,0.7993,0.8032,0.7934,0.7991,41581580.0
1755054000000,0.7991,0.8048,0.7897,0.7946,51944058.0
1755057600000,0.7946,0.8011,0.7914,0.7989,39322795.0
1755061200000,0.7988,0.8073,0.7906,0.7907,57110732.0
1755064800000,0.7907,0.7973,0.7779,0.7924,100654863.0
1755068400000,0.7924,0.7951,0.7862,0.7931,31178999.0
1755072000000,0.7931,0.7976,0.786,0.7934,42754840.0
1755075600000,0.7933,0.8053,0.7933,0.8015,63757570.0
1755079200000,0.8015,0.8154,0.7956,0.8147,65700554.0
1755082800000,0.8147,0.816,0.7952,0.7987,67625101.0
1755086400000,0.7988,0.8031,0.7912,0.7917,58301437.0
1755090000000,0.7917,0.8077,0.7789,0.7843,114276523.0
1755093600000,0.7845,0.7925,0.776,0.7798,115536766.0
1755097200000,0.7798,0.7855,0.7666,0.7745,102835643.0
1755100800000,0.7746,0.7916,0.773,0.7798,76475221.0
1755104400000,0.7798,0.788,0.7764,0.7852,33446018.0
1755108000000,0.7853,0.789,0.7657,0.7702,53103701.0
1755111600000,0.7702,0.7832,0.7676,0.7824,39127541.0
1755115200000,0.7824,0.7851,0.767,0.7676,45215623.0
1755118800000,0.7676,0.774,0.76,0.7655,61405721.0
1755122400000,0.7655,0.784,0.7613,0.775,51956514.0
1755126000000,0.775,0.7825,0.775,0.7766,34379892.0
1755129600000,0.7766,0.7821,0.7611,0.7655,59512504.0
1755133200000,0.7654,0.7873,0.7544,0.7869,106127259.0
1755136800000,0.7869,0.7898,0.7707,0.7782,60690005.0
1755140400000,0.7782,0.7792,0.7719,0.7752,36646491.0
1755144000000,0.7752,0.7798,0.7638,0.764,47930713.0
1755147600000,0.764,0.7702,0.7562,0.7589,62662355.0
1755151200000,0.759,0.7596,0.7297,0.736,178765345.0
1755154800000,0.7359,0.7404,0.7254,0.735,102116457.0
1755158400000,0.7351,0.7354,0.7138,0.7235,124011518.0
1755162000000,0.7235,0.7314,0.7178,0.7289,69694098.0
1755165600000,0.7288,0.7317,0.7198,0.7315,57319823.0
1755169200000,0.7314,0.7341,0.7241,0.7287,43196601.0
1755172800000,0.7286,0.7377,0.6762,0.7134,325555620.0
1755176400000,0.7133,0.7333,0.6934,0.7288,273867619.0
1755180000000,0.7289,0.7551,0.7231,0.7537,163298238.0
1755183600000,0.7537,0.7554,0.7366,0.7395,106293087.0
1755187200000,0.7395,0.743,0.7172,0.7195,139894679.0
1755190800000,0.7195,0.7298,0.7152,0.7294,59753261.0
1755194400000,0.7295,0.7396,0.7213,0.7371,60400417.0
1755198000000,0.7371,0.7443,0.7326,0.7331,38839307.0
1755201600000,0.733,0.7354,0.7231,0.7308,43190013.0
1755205200000,0.7307,0.7307,0.7026,0.7132,86956938.0
1755208800000,0.7131,0.7205,0.7039,0.7153,52516307.0
1755212400000,0.7152,0.7269,0.7131,0.7157,44738308.0
1755216000000,0.7157,0.7171,0.6918,0.708,105614644.0
1755219600000,0.708,0.7158,0.7053,0.7122,48229966.0
1755223200000,0.7122,0.7257,0.7115,0.7154,43278217.0
1755226800000,0.7153,0.7325,0.7138,0.7226,44925072.0
1755230400000,0.7226,0.7278,0.7169,0.7208,35699572.0
1755234000000,0.7208,0.7258,0.7157,0.7244,27389256.0
1755237600000,0.7244,0.7494,0.7241,0.7429,100628213.0
1755241200000,0.7429,0.749,0.7316,0.7376,59099582.0
1755244800000,0.7377,0.7498,0.7289,0.7365,81350028.0
1755248400000,0.7364,0.7395,0.7206,0.7252,65584424.0
1755252000000,0.7252,0.7473,0.7222,0.7408,87251356.0
1755255600000,0.7408,0.7474,0.7184,0.7184,88640197.0
1755259200000,0.7185,0.737,0.713,0.7272,122130194.0
1755262800000,0.7272,0.7384,0.717,0.7276,102096296.0
1755266400000,0.7276,0.7348,0.6988,0.7036,175418450.0
1755270000000,0.7036,0.7047,0.6846,0.6906,151790813.0
1755273600000,0.6907,0.6992,0.6831,0.6955,99870007.0
1755277200000,0.6956,0.6995,0.6878,0.6935,48290973.0
1755280800000,0.6935,0.6992,0.6878,0.6964,40566324.0
1755284400000,0.6964,0.7065,0.6902,0.7036,60978199.0
1755288000000,0.7036,0.7091,0.6995,0.7075,32772495.0
1755291600000,0.7074,0.7088,0.6976,0.7078,26024541.0
1755295200000,0.7078,0.7248,0.7068,0.7244,38528666.0
1755298800000,0.7243,0.728,0.711,0.719,53965401.0
1755302400000,0.7191,0.7259,0.7162,0.717,42239120.0
1755306000000,0.717,0.7255,0.7125,0.7241,25483044.0
1755309600000,0.7241,0.7317,0.72,0.7271,39752806.0
1755313200000,0.7272,0.7323,0.7242,0.7301,24089446.0
1755316800000,0.7301,0.7324,0.722,0.7293,33798730.0
1755320400000,0.7292,0.7327,0.7243,0.7248,21936101.0
1755324000000,0.7247,0.7324,0.7232,0.7265,28417638.0
1755327600000,0.7265,0.7372,0.7258,0.7337,29045559.0
1755331200000,0.7337,0.7357,0.72,0.7201,35189296.0
1755334800000,0.7201,0.722,0.7151,0.7159,37342235.0
1755338400000,0.716,0.7241,0.7144,0.719,40890991.0
1755342000000,0.7191,0.7244,0.7047,0.7059,44981985.0
1755345600000,0.7059,0.7141,0.7051,0.7139,34341535.0
1755349200000,0.7139,0.7209,0.7082,0.7115,41278839.0
1755352800000,0.7115,0.7179,0.7074,0.7173,35242787.0
1755356400000,0.7174,0.7242,0.7136,0.7226,39935633.0
1755360000000,0.7226,0.725,0.7163,0.7177,21918013.0
1755363600000,0.7177,0.7185,0.712,0.7149,22647798.0
1755367200000,0.7149,0.7183,0.7106,0.7158,17621942.0
1755370800000,0.7159,0.7266,0.7154,0.7229,24943633.0
1755374400000,0.7229,0.7282,0.7194,0.7241,19364255.0
1755378000000,0.7241,0.7312,0.721,0.7284,16554287.0
1755381600000,0.7284,0.7346,0.7242,0.7305,24417719.0
1755385200000,0.7305,0.7355,0.727,0.7328,22024385.0
1755388800000,0.7329,0.7348,0.7288,0.7294,17071801.0
1755392400000,0.7294,0.7345,0.7239,0.7277,24859492.0
1755396000000,0.7277,0.7391,0.7233,0.7387,27217788.0
1755399600000,0.7388,0.744,0.7368,0.7412,43410432.0
1755403200000,0.7412,0.746,0.7292,0.7356,60188251.0
1755406800000,0.7355,0.7419,0.724,0.7272,48485116.0
1755410400000,0.7272,0.7301,0.7207,0.7217,24444148.0
1755414000000,0.7217,0.7249,0.7188,0.7217,25304923.0
1755417600000,0.7218,0.7346,0.7168,0.734,39899757.0
1755421200000,0.7339,0.7398,0.7304,0.7357,62044150.0
1755424800000,0.7357,0.7361,0.7214,0.7251,45312440.0
1755428400000,0.725,0.7269,0.7194,0.7227,34758253.0
1755432000000,0.7227,0.7229,0.7139,0.715,35215872.0
1755435600000,0.7149,0.7179,0.7105,0.7139,39184821.0
1755439200000,0.7138,0.7209,0.7123,0.7209,30595608.0
1755442800000,0.7208,0.7234,0.7131,0.7224,46688527.0
1755446400000,0.7225,0.7283,0.7113,0.7126,65840270.0
1755450000000,0.7126,0.7158,0.7077,0.7137,32509742.0
1755453600000,0.7137,0.7154,0.7031,0.7126,33334604.0
1755457200000,0.7127,0.716,0.7102,0.7115,24765931.0
1755460800000,0.7114,0.7145,0.7092,0.7137,16966667.0
1755464400000,0.7137,0.7177,0.712,0.7128,12490280.0
1755468000000,0.7127,0.721,0.7113,0.7192,24663505.0
1755471600000,0.7192,0.7193,0.7075,0.709,22679152.0
1755475200000,0.709,0.7163,0.7041,0.7053,40772748.0
1755478800000,0.7053,0.7084,0.691,0.6936,82322340.0
1755482400000,0.6936,0.695,0.6781,0.6807,96331869.0
1755486000000,0.6807,0.6845,0.6751,0.6835,55220742.0
1755489600000,0.6835,0.6916,0.681,0.6913,37061741.0
1755493200000,0.6914,0.696,0.6836,0.6892,46931913.0
1755496800000,0.6892,0.6892,0.6751,0.681,47548481.0
1755500400000,0.681,0.6824,0.6771,0.68,25867513.0
1755504000000,0.6799,0.6825,0.6732,0.6754,41114545.0
1755507600000,0.6753,0.6818,0.6703,0.6771,59222819.0
1755511200000,0.6772,0.6798,0.6701,0.6703,33135386.0
1755514800000,0.6703,0.6758,0.6681,0.6741,34683751.0
1755518400000,0.6741,0.6814,0.6733,0.6802,44050643.0
1755522000000,0.6803,0.6831,0.6661,0.6672,65195918.0
1755525600000,0.6671,0.6752,0.6669,0.6749,42377507.0
1755529200000,0.6748,0.6832,0.6712,0.6831,35698674.0
1755532800000,0.6831,0.6876,0.671,0.6721,54475627.0
1755536400000,0.6721,0.6857,0.6718,0.6754,41992779.0
1755540000000,0.6754,0.6844,0.6728,0.6839,27774418.0
1755543600000,0.6839,0.6887,0.6793,0.6808,50742427.0
1755547200000,0.6809,0.6886,0.6791,0.6839,33412236.0
1755550800000,0.6838,0.6917,0.6827,0.6872,27444670.0
1755554400000,0.6872,0.6945,0.6827,0.6833,42598952.0
1755558000000,0.6833,0.686,0.6755,0.677,30321603.0
1755561600000,0.677,0.6923,0.6691,0.6905,61950446.0
1755565200000,0.6904,0.6937,0.6731,0.6791,56655295.0
1755568800000,0.6791,0.6795,0.6697,0.6704,35108209.0
1755572400000,0.6704,0.6719,0.6584,0.6603,66775594.0
1755576000000,0.6603,0.6621,0.6512,0.6621,64625264.0
1755579600000,0.662,0.6655,0.6524,0.6527,36496749.0
1755583200000,0.6527,0.6574,0.6505,0.6542,24707384.0
1755586800000,0.6543,0.6547,0.6483,0.6525,35309806.0
1755590400000,0.6525,0.6571,0.6474,0.6557,44185317.0
1755594000000,0.6557,0.6644,0.6544,0.6587,52266159.0
1755597600000,0.6587,0.6616,0.6561,0.6584,27901164.0
1755601200000,0.6584,0.6641,0.6582,0.6633,35340873.0
1755604800000,0.6634,0.6637,0.6579,0.6614,23475402.0
1755608400000,0.6613,0.6678,0.6485,0.6523,83429301.0
1755612000000,0.6524,0.6553,0.6308,0.6393,143302071.0
1755615600000,0.6394,0.6476,0.6354,0.6372,76221820.0
1755619200000,0.6373,0.6393,0.6314,0.6347,49627361.0
1755622800000,0.6347,0.6393,0.63,0.6385,45266870.0
1755626400000,0.6386,0.6423,0.6303,0.6345,38782020.0
1755630000000,0.6345,0.6414,0.6301,0.6341,36175064.0
1755633600000,0.6342,0.6447,0.6335,0.6439,25748884.0
1755637200000,0.644,0.6474,0.642,0.6448,19117841.0
1755640800000,0.6449,0.6455,0.6399,0.6411,29754605.0
1755644400000,0.6411,0.6431,0.6341,0.6364,43755582.0
1755648000000,0.6364,0.6508,0.6362,0.6448,50899257.0
1755651600000,0.6448,0.65,0.6409,0.6476,41688629.0
1755655200000,0.6475,0.6517,0.6442,0.6446,28773551.0
1755658800000,0.6446,0.648,0.639,0.6418,28844164.0
1755662400000,0.6418,0.6485,0.6416,0.647,22259750.0
1755666000000,0.6471,0.6508,0.6434,0.6507,23934698.0
1755669600000,0.6507,0.6551,0.6462,0.6471,35240151.0
1755673200000,0.6472,0.6523,0.647,0.649,24931922.0
1755676800000,0.6491,0.6568,0.6479,0.6554,36897249.0
1755680400000,0.6554,0.658,0.6433,0.6435,58869807.0
1755684000000,0.6436,0.6512,0.641,0.6467,33958334.0
1755687600000,0.6467,0.6486,0.633,0.6408,52737025.0
1755691200000,0.6407,0.6484,0.637,0.6407,44420377.0
1755694800000,0.6407,0.6407,0.624,0.6257,116110247.0
1755698400000,0.6256,0.6469,0.6215,0.6434,108861418.0
1755702000000,0.6435,0.6593,0.6425,0.6472,116982558.0
1755705600000,0.6471,0.6591,0.6461,0.6512,54122489.0
1755709200000,0.6511,0.6613,0.649,0.6578,46590618.0
1755712800000,0.6578,0.6584,0.6414,0.6445,50444786.0
1755716400000,0.6445,0.6587,0.6434,0.6579,48959722.0
1755720000000,0.6578,0.66,0.6512,0.6576,35113372.0
1755723600000,0.6575,0.6599,0.6505,0.6544,29248911.0
1755727200000,0.6544,0.6623,0.6512,0.6601,27889127.0
1755730800000,0.6601,0.6615,0.6553,0.6568,23304537.0
1755734400000,0.6568,0.6579,0.6451,0.6475,42190066.0
1755738000000,0.6474,0.6573,0.644,0.6569,32878216.0
1755741600000,0.6568,0.6602,0.6404,0.6442,49224412.0
1755745200000,0.6442,0.6573,0.6439,0.6494,55884111.0
1755748800000,0.6494,0.6513,0.6438,0.6466,32340587.0
1755752400000,0.6466,0.6514,0.6421,0.6505,26635789.0
1755756000000,0.6504,0.6505,0.6402,0.6448,29883060.0
1755759600000,0.6448,0.6458,0.6367,0.6432,36805822.0
1755763200000,0.6433,0.645,0.6324,0.6326,39788447.0
1755766800000,0.6327,0.6378,0.6285,0.6335,47178663.0
1755770400000,0.6335,0.6358,0.6309,0.6332,19457108.0
1755774000000,0.6331,0.6371,0.6308,0.6355,28701584.0
1755777600000,0.6354,0.6362,0.6233,0.6269,58902944.0
1755781200000,0.627,0.6367,0.6254,0.6304,57911819.0
1755784800000,0.6303,0.6451,0.6286,0.6334,84359291.0
1755788400000,0.6334,0.6352,0.6222,0.6235,60619903.0
1755792000000,0.6235,0.6267,0.6204,0.623,43489249.0
1755795600000,0.6229,0.6254,0.6171,0.6227,50939087.0
1755799200000,0.6227,0.6317,0.6204,0.63,27897907.0
1755802800000,0.6301,0.6312,0.6211,0.623,40921672.0
1755806400000,0.623,0.6331,0.6191,0.6283,35292755.0
1755810000000,0.6283,0.6355,0.6245,0.6307,30879604.0
1755813600000,0.6307,0.634,0.6296,0.6316,14122175.0
1755817200000,0.6316,0.6319,0.6261,0.6287,16247199.0
1755820800000,0.6286,0.6367,0.6284,0.6353,24914311.0
1755824400000,0.6353,0.6405,0.6302,0.6379,34578505.0
1755828000000,0.638,0.6491,0.6366,0.6472,49159520.0
1755831600000,0.6472,0.6525,0.6442,0.6464,36202786.0
1755835200000,0.6463,0.6529,0.6448,0.6464,32424257.0
1755838800000,0.6464,0.6545,0.6441,0.6499,30791244.0
1755842400000,0.6499,0.6575,0.646,0.6512,52301161.0
1755846000000,0.6512,0.663,0.6496,0.6611,68497348.0
1755849600000,0.6611,0.6683,0.6532,0.6538,85726125.0
1755853200000,0.6537,0.6546,0.6458,0.6493,52901440.0
1755856800000,0.6493,0.6505,0.6447,0.6458,33104774.0
1755860400000,0.6459,0.646,0.6376,0.6376,45283466.0
1755864000000,0.6377,0.6392,0.6234,0.6345,116639637.0
1755867600000,0.6345,0.6537,0.6294,0.6498,117410976.0
1755871200000,0.6497,0.7273,0.6497,0.7182,615990929.0
1755874800000,0.7181,0.7378,0.7166,0.7246,178870955.0
1755878400000,0.7246,0.7424,0.7231,0.7259,148019067.0
1755882000000,0.7259,0.7444,0.7256,0.7348,103234962.0
1755885600000,0.7348,0.7379,0.7279,0.7324,65674179.0
1755889200000,0.7324,0.7427,0.7283,0.7412,50004924.0
1755892800000,0.7411,0.7449,0.7343,0.7442,41051263.0
1755896400000,0.7442,0.7497,0.7387,0.7446,54348314.0
1755900000000,0.7446,0.747,0.7349,0.7386,36560539.0
1755903600000,0.7385,0.7535,0.7371,0.753,41704951.0
1755907200000,0.753,0.764,0.744,0.7582,97106475.0
1755910800000,0.7583,0.7621,0.7482,0.7599,60700356.0
1755914400000,0.76,0.7607,0.7376,0.756,108395917.0
1755918000000,0.756,0.7596,0.7464,0.7525,78151391.0
1755921600000,0.7526,0.7674,0.75,0.7626,52244935.0
1755925200000,0.7624,0.7749,0.7565,0.7599,77233079.0
1755928800000,0.7599,0.7651,0.755,0.7569,40071663.0
1755932400000,0.7569,0.7569,0.7327,0.7352,76477818.0
1755936000000,0.7351,0.7466,0.7313,0.744,68573443.0
1755939600000,0.744,0.7464,0.7391,0.745,33680357.0
1755943200000,0.7449,0.7465,0.7419,0.7433,24951032.0
1755946800000,0.7433,0.7499,0.7429,0.7449,26219571.0
1755950400000,0.7448,0.7525,0.7409,0.7485,38939664.0
1755954000000,0.7486,0.7503,0.7385,0.7403,40047110.0
1755957600000,0.7404,0.7451,0.7335,0.7367,55760435.0
1755961200000,0.7367,0.739,0.7335,0.7368,24697888.0
1755964800000,0.7368,0.7401,0.7348,0.7381,17624857.0
1755968400000,0.738,0.7457,0.738,0.7399,22160457.0
1755972000000,0.74,0.7492,0.74,0.7477,17847234.0
1755975600000,0.7478,0.7498,0.7453,0.7461,11380053.0
1755979200000,0.7461,0.7475,0.7435,0.7449,11322132.0
1755982800000,0.7449,0.746,0.7345,0.7367,34199897.0
1755986400000,0.7367,0.7399,0.7365,0.7394,13017716.0
1755990000000,0.7393,0.7442,0.7393,0.7403,15941216.0
1755993600000,0.7402,0.7478,0.7382,0.7444,22978758.0
1755997200000,0.7444,0.7455,0.7398,0.7408,16506256.0
1756000800000,0.7408,0.7419,0.7182,0.7183,75949935.0
1756004400000,0.7183,0.7212,0.7164,0.7193,45381045.0
1756008000000,0.7193,0.7215,0.7113,0.7116,44345492.0
1756011600000,0.7115,0.7158,0.7065,0.7089,55186337.0
1756015200000,0.7089,0.71,0.7011,0.7036,55270023.0
1756018800000,0.7037,0.7108,0.7027,0.707,31779583.0
1756022400000,0.707,0.7108,0.7052,0.7056,24792264.0
1756026000000,0.7056,0.7064,0.7008,0.7021,31157389.0
1756029600000,0.702,0.704,0.6919,0.6954,69792994.0
1756033200000,0.6955,0.7006,0.6934,0.6953,36361997.0
1756036800000,0.6953,0.6984,0.6929,0.697,27798588.0
1756040400000,0.697,0.7024,0.696,0.6986,40801104.0
1756044000000,0.6986,0.7018,0.6933,0.6994,51239390.0
1756047600000,0.6993,0.7079,0.6925,0.6943,82885488.0
1756051200000,0.6943,0.7005,0.6932,0.6993,36440308.0
1756054800000,0.6993,0.712,0.6984,0.7073,70423272.0
1756058400000,0.7073,0.7232,0.7055,0.7145,83148099.0
1756062000000,0.7145,0.7251,0.6797,0.7024,239094289.0
1756065600000,0.7023,0.7029,0.6862,0.6957,87730356.0
1756069200000,0.6958,0.7059,0.6906,0.6988,38793753.0
1756072800000,0.6988,0.7002,0.6819,0.6952,52238534.0
1756076400000,0.6953,0.7002,0.6918,0.694,28120465.0
1756080000000,0.6941,0.699,0.6744,0.6815,71443918.0
1756083600000,0.6816,0.6908,0.681,0.6862,29264674.0
1756087200000,0.6862,0.6938,0.6854,0.6918,32725667.0
1756090800000,0.6917,0.6962,0.6779,0.6795,38482407.0
1756094400000,0.6796,0.6808,0.6702,0.672,55962995.0
1756098000000,0.6721,0.6737,0.6662,0.6674,44945668.0
1756101600000,0.6673,0.6707,0.6592,0.6601,70256558.0
1756105200000,0.6601,0.664,0.6441,0.6485,104234821.0
1756108800000,0.6485,0.6536,0.6415,0.6468,71676302.0
1756112400000,0.6468,0.6476,0.6425,0.6457,31563537.0
1756116000000,0.6457,0.6457,0.6331,0.636,65808439.0
1756119600000,0.6361,0.6423,0.6339,0.6422,43793313.0
1756123200000,0.6422,0.6461,0.6401,0.6443,50937479.0
1756126800000,0.6443,0.6487,0.6394,0.6454,69181458.0
1756130400000,0.6455,0.6507,0.6431,0.6466,57760322.0
1756134000000,0.6465,0.6559,0.6454,0.6497,56091330.0
1756137600000,0.6498,0.6553,0.6452,0.6485,37035311.0
1756141200000,0.6486,0.6506,0.644,0.6458,29431936.0
1756144800000,0.6458,0.6514,0.6425,0.6483,25360752.0
1756148400000,0.6483,0.6491,0.6307,0.632,74283243.0
1756152000000,0.6321,0.6413,0.6253,0.6256,125640827.0
1756155600000,0.6256,0.6304,0.62,0.6214,56261385.0
1756159200000,0.6213,0.6274,0.6138,0.6204,51583163.0
1756162800000,0.6204,0.6232,0.6152,0.6212,30077723.0
1756166400000,0.6213,0.6275,0.6166,0.6241,42184566.0
1756170000000,0.6242,0.631,0.6203,0.6305,39937336.0
1756173600000,0.6305,0.6366,0.6281,0.6284,39130892.0
1756177200000,0.6285,0.6303,0.6249,0.6267,21866293.0
1756180800000,0.6268,0.6334,0.6264,0.6281,18559344.0
1756184400000,0.6281,0.63,0.6252,0.6267,20360157.0
1756188000000,0.6268,0.6305,0.6225,0.6266,24116832.0
1756191600000,0.6265,0.633,0.6234,0.6271,29714894.0
1756195200000,0.627,0.6312,0.6253,0.6266,21991236.0
1756198800000,0.6267,0.6319,0.6266,0.6305,18838209.0
1756202400000,0.6306,0.6361,0.6301,0.6319,32183782.0
1756206000000,0.632,0.6333,0.6228,0.6262,32889709.0
1756209600000,0.6263,0.6423,0.6225,0.6318,79361318.0
1756213200000,0.6319,0.6338,0.6184,0.6271,58443225.0
1756216800000,0.6271,0.6391,0.6216,0.6368,40217648.0
1756220400000,0.6367,0.6397,0.6252,0.6255,56726550.0
1756224000000,0.6255,0.6298,0.6227,0.6294,22516947.0
1756227600000,0.6293,0.6307,0.6195,0.6244,27297936.0
1756231200000,0.6244,0.6291,0.6217,0.6267,24207942.0
1756234800000,0.6268,0.638,0.6222,0.6373,42156288.0
1756238400000,0.6372,0.6429,0.631,0.6342,60687904.0
1756242000000,0.6342,0.636,0.6275,0.6354,29011316.0
1756245600000,0.6353,0.6369,0.6266,0.6312,36728638.0
1756249200000,0.6312,0.6366,0.6251,0.6286,38058273.0
1756252800000,0.6286,0.6292,0.6171,0.6193,43686016.0
1756256400000,0.6194,0.6198,0.608,0.6187,77544940.0
1756260000000,0.6188,0.6296,0.6115,0.6225,56285246.0
1756263600000,0.6225,0.6329,0.6179,0.6259,45937991.0
1756267200000,0.626,0.6361,0.6244,0.6315,54543500.0
1756270800000,0.6315,0.6325,0.6227,0.6242,34257475.0
1756274400000,0.6242,0.6251,0.6177,0.6207,35272169.0
1756278000000,0.6208,0.6213,0.616,0.6181,27395269.0
1756281600000,0.6181,0.6205,0.612,0.6169,29108250.0
1756285200000,0.6168,0.6236,0.614,0.6144,34495763.0
1756288800000,0.6144,0.617,0.6081,0.6098,50669002.0
1756292400000,0.6097,0.6156,0.6096,0.6136,29033386.0
1756296000000,0.6137,0.618,0.6093,0.6141,47280899.0
1756299600000,0.6141,0.6254,0.6091,0.6176,71158166.0
1756303200000,0.6177,0.6292,0.614,0.6188,55742881.0
1756306800000,0.6189,0.6246,0.6163,0.6229,34947850.0
1756310400000,0.623,0.6278,0.616,0.6222,48643135.0
1756314000000,0.6221,0.6276,0.6176,0.6248,24860508.0
1756317600000,0.6247,0.6275,0.6176,0.6184,24981537.0
1756321200000,0.6185,0.6197,0.6101,0.6163,43367383.0
1756324800000,0.6163,0.6278,0.6034,0.624,162214671.0
1756328400000,0.6241,0.6267,0.6113,0.6143,38805418.0
1756332000000,0.6143,0.6145,0.6062,0.6103,37013386.0
1756335600000,0.6102,0.6178,0.6075,0.6096,27032814.0
1756339200000,0.6096,0.6163,0.6039,0.6157,44746743.0
1756342800000,0.6158,0.6225,0.615,0.62,38796310.0
1756346400000,0.62,0.6209,0.6152,0.6191,18173672.0
1756350000000,0.6191,0.6269,0.6178,0.6238,27851856.0
1756353600000,0.6237,0.6356,0.6225,0.6311,47477475.0
1756357200000,0.6311,0.6359,0.6306,0.6332,25495802.0
1756360800000,0.6332,0.6402,0.6309,0.6401,27712550.0
1756364400000,0.6401,0.6431,0.6361,0.6417,47673028.0
1756368000000,0.6418,0.645,0.6347,0.6361,41117894.0
1756371600000,0.636,0.6363,0.6304,0.6324,31024218.0
1756375200000,0.6323,0.636,0.6304,0.6359,17675462.0
1756378800000,0.6359,0.6577,0.6331,0.6538,88457353.0
1756382400000,0.6537,0.6593,0.6481,0.655,95274903.0
1756386000000,0.6551,0.6733,0.6544,0.6618,140676144.0
1756389600000,0.6618,0.6749,0.6549,0.6682,102178216.0
1756393200000,0.6682,0.6697,0.6521,0.6561,60515321.0
1756396800000,0.6561,0.6703,0.6547,0.6579,58602412.0
1756400400000,0.6578,0.6654,0.6571,0.6623,29802298.0
1756404000000,0.6623,0.6648,0.6574,0.661,30971526.0
1756407600000,0.661,0.6661,0.6543,0.6545,35596091.0
1756411200000,0.6546,0.6628,0.6539,0.6618,24152965.0
1756414800000,0.6618,0.6665,0.6586,0.6658,18770305.0
1756418400000,0.6657,0.6788,0.6657,0.6753,34226530.0
1756422000000,0.6753,0.6827,0.6731,0.6764,51071606.0
1756425600000,0.6765,0.6805,0.6693,0.6707,35264166.0
1756429200000,0.6708,0.6726,0.6562,0.6564,42806177.0
1756432800000,0.6564,0.6674,0.654,0.6667,49592412.0
1756436400000,0.6668,0.6727,0.6628,0.6683,76723018.0
1756440000000,0.6683,0.6746,0.6627,0.6675,100545331.0
1756443600000,0.6676,0.6713,0.6643,0.6704,23857935.0
1756447200000,0.6703,0.672,0.6464,0.6591,60088064.0
1756450800000,0.6591,0.6592,0.6439,0.6464,76976815.0
1756454400000,0.6464,0.6518,0.6445,0.6456,46735348.0
1756458000000,0.6455,0.6518,0.6413,0.649,45376395.0
1756461600000,0.649,0.6593,0.6483,0.6577,59917907.0
1756465200000,0.6577,0.6606,0.6437,0.6464,89429673.0
1756468800000,0.6465,0.6696,0.6462,0.6638,100748761.0
1756472400000,0.6637,0.6679,0.6426,0.6457,83868083.0
1756476000000,0.6456,0.6507,0.6366,0.6441,85892231.0
1756479600000,0.6441,0.656,0.6439,0.6493,50098979.0
1756483200000,0.6493,0.6534,0.6435,0.6495,35302666.0
1756486800000,0.6494,0.6511,0.6414,0.6448,28101539.0
1756490400000,0.6448,0.647,0.6287,0.631,62224388.0
1756494000000,0.631,0.6412,0.6301,0.6366,29851119.0
1756497600000,0.6366,0.6398,0.6327,0.6349,27568154.0
1756501200000,0.6349,0.6503,0.6299,0.6485,27789151.0
1756504800000,0.6485,0.6492,0.6411,0.6438,15799166.0
1756508400000,0.6439,0.6479,0.6408,0.6415,15956728.0
1756512000000,0.6415,0.6418,0.6235,0.634,67442579.0
1756515600000,0.6341,0.6378,0.6291,0.6302,25530962.0
1756519200000,0.6301,0.648,0.6273,0.648,30082035.0
1756522800000,0.648,0.6595,0.6441,0.6555,42668110.0
1756526400000,0.6555,0.6584,0.6435,0.6555,64247940.0
1756530000000,0.6555,0.6659,0.6528,0.6624,31688745.0
1756533600000,0.6624,0.6825,0.6624,0.6765,58803908.0
1756537200000,0.6766,0.6816,0.6705,0.6765,43263412.0
1756540800000,0.6764,0.6774,0.6683,0.6689,27615448.0
1756544400000,0.6689,0.6744,0.6685,0.6707,21269128.0
1756548000000,0.6707,0.6748,0.669,0.6718,19339920.0
1756551600000,0.6719,0.672,0.669,0.671,10188016.0
1756555200000,0.671,0.6715,0.659,0.6605,38019749.0
1756558800000,0.6606,0.6609,0.6504,0.6568,51353463.0
1756562400000,0.6568,0.6651,0.6544,0.6636,30995545.0
1756566000000,0.6636,0.6642,0.6592,0.6599,15878297.0
1756569600000,0.6598,0.6598,0.6536,0.6543,18968627.0
1756573200000,0.6543,0.6566,0.6523,0.6538,14024393.0
1756576800000,0.6539,0.6579,0.6515,0.6544,18642204.0
1756580400000,0.6544,0.6546,0.651,0.6516,6491634.0
1756584000000,0.6516,0.6524,0.6492,0.6518,10702053.0
1756587600000,0.6517,0.6538,0.6507,0.6519,6428352.0
1756591200000,0.652,0.6535,0.6506,0.6533,6570998.0
1756594800000,0.6534,0.6573,0.6532,0.654,13680881.0
1756598400000,0.6541,0.6672,0.6537,0.6651,31929057.0
1756602000000,0.6651,0.6698,0.6587,0.6682,32591203.0
1756605600000,0.6683,0.6706,0.6642,0.6684,20007622.0
1756609200000,0.6683,0.6804,0.668,0.6803,38274719.0
1756612800000,0.6803,0.6812,0.6741,0.6778,44497733.0
1756616400000,0.6777,0.6777,0.665,0.6682,37620754.0
1756620000000,0.6683,0.6823,0.6681,0.6801,58470786.0
1756623600000,0.6801,0.6821,0.6753,0.6782,27741669.0
1756627200000,0.6781,0.6818,0.6769,0.6792,35185728.0
1756630800000,0.6791,0.6799,0.6706,0.671,20129387.0
1756634400000,0.671,0.6727,0.6626,0.6657,32579281.0
1756638000000,0.6658,0.6695,0.6628,0.6691,21078872.0
1756641600000,0.6691,0.6692,0.6558,0.6596,33749044.0
1756645200000,0.6596,0.662,0.6538,0.6555,23277696.0
1756648800000,0.6555,0.6575,0.6516,0.6528,21317332.0
1756652400000,0.6528,0.6608,0.6524,0.6603,26875958.0
1756656000000,0.6604,0.6604,0.654,0.6579,26511077.0
1756659600000,0.6579,0.6612,0.6562,0.6604,13628186.0
1756663200000,0.6604,0.6706,0.6579,0.6688,26689215.0
1756666800000,0.6688,0.6705,0.6636,0.6641,15074188.0
1756670400000,0.6642,0.6664,0.6611,0.6636,14568177.0
1756674000000,0.6636,0.6644,0.6618,0.6636,9947145.0
1756677600000,0.6637,0.6652,0.6543,0.6556,22811932.0
1756681200000,0.6555,0.6555,0.6389,0.6395,51108802.0
1756684800000,0.6394,0.6444,0.6327,0.6391,53585719.0
1756688400000,0.6391,0.6476,0.6355,0.6442,27897584.0
1756692000000,0.6443,0.6448,0.6325,0.6361,34308532.0
1756695600000,0.6361,0.6382,0.6326,0.6353,21072551.0
1756699200000,0.6353,0.637,0.6286,0.6318,29506402.0
1756702800000,0.6319,0.6338,0.6287,0.6291,27072538.0
1756706400000,0.6291,0.6343,0.6243,0.6304,37278390.0
1756710000000,0.6303,0.6451,0.6262,0.6451,55684022.0
1756713600000,0.645,0.651,0.6404,0.6461,57875109.0
1756717200000,0.6462,0.6522,0.6439,0.645,36054603.0
1756720800000,0.6451,0.6454,0.6335,0.6376,36344766.0
1756724400000,0.6376,0.6398,0.6318,0.633,24834858.0
1756728000000,0.633,0.6393,0.6313,0.6369,26723868.0
1756731600000,0.637,0.6382,0.628,0.6295,36308608.0
1756735200000,0.6296,0.637,0.6284,0.6318,30709127.0
1756738800000,0.6317,0.6348,0.6267,0.628,24918293.0
1756742400000,0.628,0.6328,0.6261,0.6277,30734663.0
1756746000000,0.6276,0.6296,0.6228,0.6264,29178867.0
1756749600000,0.6263,0.6356,0.6259,0.6298,21520439.0
1756753200000,0.6298,0.6309,0.6268,0.6296,10292058.0
1756756800000,0.6297,0.6301,0.616,0.6178,70431658.0
1756760400000,0.6179,0.6193,0.6071,0.6123,46066266.0
1756764000000,0.6123,0.6172,0.6095,0.6156,26159338.0
1756767600000,0.6156,0.6293,0.6155,0.6283,28739157.0
1756771200000,0.6284,0.6363,0.6279,0.6358,34783060.0
1756774800000,0.6357,0.6492,0.6336,0.6463,57600690.0
1756778400000,0.6463,0.6704,0.6441,0.6699,80695796.0
1756782000000,0.6699,0.6797,0.6628,0.6792,84774896.0
1756785600000,0.6793,0.685,0.6714,0.6819,54178525.0
1756789200000,0.682,0.6842,0.6771,0.6798,31809716.0
1756792800000,0.6798,0.6925,0.6773,0.6844,63049135.0
1756796400000,0.6844,0.6901,0.674,0.6842,73834813.0
1756800000000,0.6841,0.6946,0.6834,0.6888,41088413.0
1756803600000,0.6888,0.6997,0.6888,0.699,50810943.0
1756807200000,0.699,0.7055,0.69,0.6963,110813806.0
1756810800000,0.6964,0.6982,0.6872,0.6891,69956387.0
1756814400000,0.689,0.6909,0.6639,0.6652,138029460.0
1756818000000,0.6652,0.6906,0.6617,0.6861,150329376.0
1756821600000,0.686,0.6975,0.678,0.6905,108603570.0
1756825200000,0.6905,0.693,0.6706,0.6729,84745199.0
1756828800000,0.6728,0.678,0.6691,0.6763,38457559.0
1756832400000,0.6762,0.681,0.6724,0.6777,35711242.0
1756836000000,0.6776,0.6786,0.6686,0.6754,31450271.0
1756839600000,0.6755,0.679,0.6674,0.6714,29599390.0
1756843200000,0.6714,0.6868,0.6702,0.6814,34355520.0
1756846800000,0.6815,0.695,0.6815,0.6932,32047191.0
1756850400000,0.6933,0.6943,0.6872,0.692,29174830.0
1756854000000,0.692,0.6927,0.6868,0.6875,15214684.0
1756857600000,0.6876,0.6908,0.683,0.6838,29221073.0
1756861200000,0.6838,0.6859,0.6754,0.6833,37416426.0
1756864800000,0.6832,0.6926,0.6791,0.6887,51695242.0
1756868400000,0.6886,0.6957,0.6869,0.6945,27895846.0
1756872000000,0.6945,0.6999,0.6871,0.699,48720762.0
1756875600000,0.6991,0.7,0.6875,0.6901,42340548.0
1756879200000,0.6902,0.6943,0.6864,0.6891,25559120.0
1756882800000,0.6891,0.6925,0.6868,0.6914,21521645.0
1756886400000,0.6914,0.699,0.6909,0.6926,33464880.0
1756890000000,0.6927,0.7062,0.6912,0.7049,46224902.0
1756893600000,0.7049,0.7188,0.6995,0.7186,95762922.0
1756897200000,0.7185,0.7256,0.7159,0.7163,71429490.0
1756900800000,0.7163,0.7265,0.7163,0.7234,51626915.0
1756904400000,0.7235,0.7361,0.7214,0.7301,116010354.0
1756908000000,0.73,0.7385,0.7283,0.7359,68710266.0
1756911600000,0.7359,0.7366,0.7271,0.7285,43075763.0
1756915200000,0.7284,0.7301,0.7189,0.7204,49168370.0
1756918800000,0.7205,0.7287,0.7205,0.7266,30572524.0
1756922400000,0.7267,0.7309,0.7255,0.7276,20571919.0
1756926000000,0.7276,0.7362,0.7257,0.7339,24634785.0
1756929600000,0.734,0.7352,0.7254,0.7276,36553710.0
1756933200000,0.7276,0.7288,0.7235,0.725,12530948.0
1756936800000,0.7251,0.729,0.7243,0.7259,15007340.0
1756940400000,0.7259,0.7306,0.7239,0.7304,16509271.0
1756944000000,0.7304,0.7374,0.7279,0.7348,33759933.0
1756947600000,0.7348,0.7353,0.7226,0.7265,48672234.0
1756951200000,0.7266,0.7276,0.7167,0.7191,38374267.0
1756954800000,0.7192,0.72,0.709,0.7105,48536597.0
1756958400000,0.7106,0.7157,0.7101,0.7109,32395395.0
1756962000000,0.7108,0.711,0.705,0.7106,43411429.0
1756965600000,0.7107,0.7114,0.6999,0.7031,49808464.0
1756969200000,0.7031,0.707,0.7013,0.7062,22205204.0
1756972800000,0.7063,0.712,0.7,0.7011,44707651.0
1756976400000,0.7011,0.7049,0.7011,0.704,25569980.0
1756980000000,0.704,0.7084,0.7018,0.7018,36138734.0
1756983600000,0.7019,0.7049,0.6963,0.6972,42370153.0
1756987200000,0.6972,0.7061,0.6926,0.7009,84504932.0
1756990800000,0.701,0.7025,0.6898,0.6909,58722320.0
1756994400000,0.6908,0.6934,0.684,0.6842,66891886.0
1756998000000,0.6842,0.6843,0.6748,0.676,71647384.0
1757001600000,0.676,0.6765,0.6523,0.6537,101402040.0
1757005200000,0.6536,0.658,0.6448,0.6518,87435012.0
1757008800000,0.6519,0.6557,0.6461,0.6482,58814812.0
1757012400000,0.6483,0.6508,0.641,0.6411,42401083.0
1757016000000,0.6411,0.6506,0.6401,0.6468,49795465.0
1757019600000,0.6469,0.6539,0.6466,0.6533,32373715.0
1757023200000,0.6533,0.658,0.6513,0.6571,35295785.0
1757026800000,0.6572,0.6574,0.6467,0.647,40940909.0
1757030400000,0.647,0.6545,0.6435,0.6445,52869650.0
1757034000000,0.6445,0.6541,0.6439,0.6516,27991454.0
1757037600000,0.6516,0.6551,0.6493,0.654,24895713.0
1757041200000,0.654,0.6552,0.6507,0.6536,16364922.0
1757044800000,0.6537,0.654,0.6511,0.6537,12803163.0
1757048400000,0.6536,0.6563,0.6519,0.6563,22479709.0
1757052000000,0.6562,0.6564,0.6521,0.655,17896174.0
1757055600000,0.655,0.6813,0.6546,0.6743,127219070.0
1757059200000,0.6744,0.6744,0.6605,0.6665,82575271.0
1757062800000,0.6666,0.668,0.6618,0.6666,32501082.0
1757066400000,0.6666,0.6706,0.666,0.6692,26164298.0
1757070000000,0.6691,0.6723,0.6661,0.6703,26210064.0
1757073600000,0.6703,0.6889,0.6677,0.6872,141536269.0
1757077200000,0.6872,0.6968,0.6807,0.6855,104209435.0
1757080800000,0.6856,0.6859,0.6501,0.6553,189904982.0
1757084400000,0.6552,0.6635,0.6518,0.6588,68834828.0
1757088000000,0.6587,0.6605,0.6526,0.6593,30109191.0
1757091600000,0.6594,0.6632,0.6562,0.6625,23892795.0
1757095200000,0.6626,0.6763,0.6611,0.6752,43578802.0
1757098800000,0.6752,0.6795,0.6721,0.6788,30875911.0
1757102400000,0.6787,0.7194,0.6722,0.718,311726846.0
1757106000000,0.718,0.7404,0.7144,0.7304,263660567.0
1757109600000,0.7304,0.7327,0.7127,0.7309,80624794.0
1757113200000,0.7308,0.7391,0.727,0.7316,84579679.0
1757116800000,0.7317,0.754,0.725,0.7508,119616726.0
1757120400000,0.7508,0.7508,0.7295,0.7382,81908773.0
1757124000000,0.7382,0.7524,0.7381,0.7507,67911920.0
1757127600000,0.7507,0.765,0.7485,0.7489,103072861.0
1757131200000,0.749,0.7513,0.7323,0.7423,92876796.0
1757134800000,0.7422,0.7428,0.729,0.7303,59300721.0
1757138400000,0.7303,0.7433,0.7302,0.743,45887789.0
1757142000000,0.743,0.7509,0.74,0.75,48877979.0
1757145600000,0.7499,0.754,0.746,0.7482,53623299.0
1757149200000,0.7481,0.749,0.74,0.7418,56010067.0
1757152800000,0.7418,0.7577,0.7401,0.7556,56129602.0
1757156400000,0.7556,0.7558,0.7483,0.7525,39746461.0
1757160000000,0.7525,0.7528,0.7415,0.7432,42972002.0
1757163600000,0.7432,0.7439,0.7324,0.736,70604901.0
1757167200000,0.7361,0.7444,0.7359,0.7392,43510864.0
1757170800000,0.7393,0.7395,0.724,0.725,73252014.0
1757174400000,0.725,0.7387,0.725,0.7347,68782122.0
1757178000000,0.7346,0.7379,0.7327,0.7368,27082247.0
1757181600000,0.7367,0.7428,0.734,0.7402,41394687.0
1757185200000,0.7401,0.7404,0.7269,0.7292,33457942.0
1757188800000,0.7291,0.7305,0.7258,0.7305,34089063.0
1757192400000,0.7305,0.7308,0.725,0.729,33331641.0
1757196000000,0.729,0.74,0.7289,0.7394,49330225.0
1757199600000,0.7394,0.7433,0.7363,0.7371,33053624.0
1757203200000,0.7372,0.7376,0.7317,0.7347,36281325.0
1757206800000,0.7348,0.7415,0.7311,0.7359,45282390.0
1757210400000,0.7358,0.748,0.7343,0.7472,41838188.0
1757214000000,0.7472,0.7519,0.7422,0.7427,41220621.0
1757217600000,0.7426,0.7441,0.7388,0.7418,22213288.0
1757221200000,0.7419,0.7463,0.7386,0.74,28139524.0
1757224800000,0.74,0.7405,0.7346,0.735,16072957.0
1757228400000,0.7349,0.7404,0.7284,0.7303,39115898.0
1757232000000,0.7303,0.7442,0.7288,0.7376,43810711.0
1757235600000,0.7376,0.7433,0.7307,0.735,35756846.0
1757239200000,0.735,0.7411,0.7343,0.7383,25086031.0
1757242800000,0.7383,0.7445,0.7368,0.744,22383048.0
1757246400000,0.7441,0.7473,0.7367,0.7374,26751962.0
1757250000000,0.7374,0.7413,0.7334,0.7355,24455221.0
1757253600000,0.7355,0.7398,0.7338,0.7396,25615198.0
1757257200000,0.7396,0.75,0.7371,0.7493,47898871.0
1757260800000,0.7494,0.7497,0.7426,0.7436,28501571.0
1757264400000,0.7435,0.7444,0.7316,0.7348,42790292.0
1757268000000,0.7349,0.7354,0.7294,0.7336,17771194.0
1757271600000,0.7335,0.7426,0.7326,0.7426,22063391.0
1757275200000,0.7425,0.7483,0.7369,0.7452,34341994.0
1757278800000,0.7451,0.7455,0.7409,0.7427,10699627.0
1757282400000,0.7426,0.7439,0.7391,0.7422,15470341.0
1757286000000,0.7422,0.751,0.7357,0.7366,41987155.0
1757289600000,0.7366,0.7481,0.7344,0.7407,33062399.0
1757293200000,0.7407,0.7451,0.7375,0.7392,14109728.0
1757296800000,0.7391,0.7477,0.7341,0.7454,37375061.0
1757300400000,0.7455,0.7712,0.7445,0.7671,97492558.0
1757304000000,0.7672,0.7749,0.7565,0.7576,81850732.0
1757307600000,0.7577,0.7728,0.7533,0.7684,44351797.0
1757311200000,0.7684,0.7699,0.7596,0.7609,31786326.0
1757314800000,0.761,0.7667,0.757,0.7597,34165351.0
1757318400000,0.7597,0.7659,0.7557,0.7639,34566702.0
1757322000000,0.7638,0.7785,0.7603,0.7714,70879927.0
1757325600000,0.7714,0.7898,0.77,0.7851,70489123.0
1757329200000,0.785,0.7874,0.7703,0.7786,55655567.0
1757332800000,0.7787,0.7804,0.7656,0.7696,45455134.0
1757336400000,0.7696,0.7788,0.7605,0.7627,58782751.0
1757340000000,0.7628,0.7761,0.7619,0.7728,35663162.0
1757343600000,0.7729,0.7779,0.7658,0.7777,41540049.0
1757347200000,0.7776,0.8051,0.7772,0.7942,157816618.0
1757350800000,0.7941,0.7948,0.7722,0.7736,88303184.0
1757354400000,0.7737,0.7784,0.7704,0.7758,35463688.0
1757358000000,0.7759,0.7762,0.7661,0.7705,27434694.0
1757361600000,0.7706,0.7712,0.762,0.7654,30872184.0
1757365200000,0.7653,0.7724,0.762,0.7713,21324578.0
1757368800000,0.7713,0.7814,0.7711,0.78,35804391.0
1757372400000,0.7801,0.7832,0.7741,0.781,22833415.0
1757376000000,0.7811,0.784,0.7735,0.7794,30696791.0
1757379600000,0.7793,0.7993,0.7774,0.799,63926758.0
1757383200000,0.7989,0.801,0.7741,0.7787,63871751.0
1757386800000,0.7786,0.7995,0.7751,0.796,52513873.0
1757390400000,0.796,0.8003,0.7878,0.7882,40901086.0
1757394000000,0.7882,0.7972,0.7844,0.7957,29610232.0
1757397600000,0.7957,0.8052,0.7937,0.8017,57468208.0
1757401200000,0.8017,0.873,0.8017,0.8408,426623417.0
1757404800000,0.8408,0.8441,0.8245,0.8366,96954281.0
1757408400000,0.8366,0.8415,0.8256,0.8271,48005689.0
1757412000000,0.8271,0.8342,0.8125,0.8291,78211644.0
1757415600000,0.8291,0.8449,0.8223,0.8342,88817449.0
1757419200000,0.8342,0.8364,0.804,0.8117,107843396.0
1757422800000,0.8116,0.8205,0.803,0.8152,56514899.0
1757426400000,0.8151,0.8194,0.785,0.7895,163199290.0
1757430000000,0.7894,0.7946,0.7762,0.791,113578039.0
1757433600000,0.7911,0.8102,0.7899,0.8098,81586726.0
1757437200000,0.8098,0.8218,0.8026,0.8069,69896346.0
1757440800000,0.8068,0.8292,0.8037,0.8289,61831733.0
1757444400000,0.8289,0.837,0.8231,0.8278,50233446.0
1757448000000,0.8278,0.8286,0.8131,0.8208,40984976.0
1757451600000,0.8209,0.8264,0.8151,0.8158,30060367.0
1757455200000,0.8158,0.8236,0.8114,0.8161,34224397.0
1757458800000,0.8162,0.817,0.8049,0.8062,36631225.0
1757462400000,0.8061,0.8286,0.8058,0.8197,53676344.0
1757466000000,0.8197,0.8349,0.8094,0.8336,60346226.0
1757469600000,0.8336,0.838,0.821,0.8224,38876251.0
1757473200000,0.8224,0.8271,0.8138,0.8214,37356607.0
1757476800000,0.8214,0.8215,0.8028,0.8031,41874108.0
1757480400000,0.803,0.8078,0.7937,0.8056,64418857.0
1757484000000,0.8055,0.8108,0.8001,0.8089,25144245.0
1757487600000,0.8089,0.8167,0.804,0.8072,42804193.0
1757491200000,0.8072,0.8162,0.8025,0.8142,26418609.0
1757494800000,0.8142,0.817,0.8092,0.8096,18690144.0
1757498400000,0.8096,0.8121,0.8036,0.8079,30209682.0
1757502000000,0.8079,0.8098,0.8011,0.8039,23695606.0
1757505600000,0.8039,0.827,0.8019,0.8158,102686294.0
1757509200000,0.8157,0.8275,0.8116,0.818,69055545.0
1757512800000,0.8181,0.8241,0.8037,0.8046,56161590.0
1757516400000,0.8046,0.811,0.7917,0.7943,55508005.0
1757520000000,0.7944,0.7995,0.7846,0.7993,70526179.0
1757523600000,0.7994,0.8001,0.7861,0.7887,34128447.0
1757527200000,0.7887,0.7907,0.7832,0.7869,29404271.0
1757530800000,0.787,0.787,0.7702,0.7763,66151562.0
1757534400000,0.7763,0.7825,0.7734,0.7806,22393008.0
1757538000000,0.7807,0.7857,0.7772,0.7792,26340071.0
1757541600000,0.7792,0.7868,0.7789,0.7839,25575334.0
1757545200000,0.7839,0.7859,0.7754,0.7784,29220958.0
1757548800000,0.7785,0.7834,0.7716,0.7814,31452476.0
1757552400000,0.7814,0.7929,0.7788,0.7905,43742654.0
1757556000000,0.7906,0.7923,0.7843,0.7869,23041879.0
1757559600000,0.787,0.7978,0.7856,0.7971,33828665.0
1757563200000,0.7972,0.7982,0.7795,0.7832,43440750.0
1757566800000,0.7831,0.7839,0.7748,0.779,26494783.0
1757570400000,0.779,0.7867,0.7786,0.7844,19839602.0
1757574000000,0.7844,0.786,0.7819,0.7824,14073554.0
1757577600000,0.7824,0.786,0.7806,0.783,15290132.0
1757581200000,0.783,0.7868,0.7785,0.7829,23361473.0
1757584800000,0.7829,0.783,0.7744,0.7766,27441508.0
1757588400000,0.7766,0.7785,0.7605,0.7671,52821055.0
1757592000000,0.7671,0.784,0.75,0.7826,158501083.0
1757595600000,0.7826,0.7827,0.7612,0.7685,92411359.0
1757599200000,0.7686,0.77,0.7471,0.7576,115562235.0
1757602800000,0.7576,0.7612,0.7532,0.7558,39220175.0
1757606400000,0.7558,0.7676,0.7548,0.7658,40419041.0
1757610000000,0.7658,0.7687,0.7619,0.7668,22328474.0
1757613600000,0.7668,0.7712,0.7613,0.7629,28886291.0
1757617200000,0.7629,0.7667,0.7591,0.764,21736651.0
1757620800000,0.7641,0.7727,0.7626,0.7709,22188111.0
1757624400000,0.7709,0.7727,0.7688,0.7702,13340298.0
1757628000000,0.7701,0.7769,0.7685,0.7725,26937357.0
1757631600000,0.7725,0.7817,0.7724,0.7794,25439068.0
1757635200000,0.7794,0.7888,0.7756,0.7807,45362461.0
1757638800000,0.7806,0.7837,0.7679,0.7702,35795529.0
1757642400000,0.7702,0.7774,0.7669,0.7738,27032241.0
1757646000000,0.7738,0.7747,0.7673,0.7703,19308973.0
1757649600000,0.7703,0.7776,0.7676,0.7732,30062652.0
1757653200000,0.7733,0.7776,0.7701,0.7774,19155413.0
1757656800000,0.7775,0.7785,0.7735,0.7763,20225091.0
1757660400000,0.7762,0.7834,0.7705,0.7708,36843349.0
1757664000000,0.7709,0.7714,0.765,0.7692,28310675.0
1757667600000,0.7692,0.7696,0.7612,0.7636,22415405.0
1757671200000,0.7635,0.7644,0.7574,0.7613,27681276.0
1757674800000,0.7613,0.762,0.7511,0.7518,40797676.0
1757678400000,0.7519,0.7574,0.7488,0.7558,45122753.0
1757682000000,0.7558,0.7572,0.7457,0.7525,45483294.0
1757685600000,0.7525,0.758,0.7501,0.7541,44488996.0
1757689200000,0.7542,0.7547,0.7445,0.7515,51092444.0
1757692800000,0.7514,0.7552,0.7477,0.7541,30493813.0
1757696400000,0.754,0.7674,0.7502,0.7659,60021525.0
1757700000000,0.7659,0.777,0.7637,0.7761,57597638.0
1757703600000,0.776,0.7842,0.7704,0.7828,40818983.0
1757707200000,0.7827,0.7862,0.7705,0.7762,59753864.0
1757710800000,0.7763,0.7764,0.7638,0.7724,31046872.0
1757714400000,0.7724,0.7795,0.771,0.7737,25520083.0
1757718000000,0.7736,0.784,0.768,0.7782,36934320.0
1757721600000,0.7783,0.7814,0.7723,0.7783,26916053.0
1757725200000,0.7784,0.7826,0.7701,0.771,27708490.0
1757728800000,0.771,0.7719,0.7662,0.7707,23985714.0
1757732400000,0.7706,0.7765,0.7673,0.7758,24586925.0
1757736000000,0.7757,0.7779,0.7682,0.7684,22545645.0
1757739600000,0.7683,0.7683,0.761,0.7666,26359431.0
1757743200000,0.7666,0.7672,0.7573,0.7596,25105538.0
1757746800000,0.7596,0.763,0.7561,0.7621,26362081.0
1757750400000,0.7622,0.7668,0.7609,0.7668,16568917.0
1757754000000,0.7668,0.7749,0.7659,0.7744,27923858.0
1757757600000,0.7743,0.7754,0.765,0.7656,27970282.0
1757761200000,0.7656,0.7748,0.7614,0.7731,28922766.0
1757764800000,0.7731,0.7735,0.7579,0.7697,38301718.0
1757768400000,0.7697,0.7768,0.75,0.7609,72331310.0
1757772000000,0.7609,0.7658,0.752,0.7607,44468357.0
1757775600000,0.7606,0.7684,0.7564,0.7604,33604601.0
1757779200000,0.7603,0.7655,0.7503,0.753,49161546.0
1757782800000,0.7531,0.7659,0.7483,0.7625,54831456.0
1757786400000,0.7624,0.7703,0.759,0.768,28798471.0
1757790000000,0.7681,0.7695,0.7633,0.7667,17610885.0
1757793600000,0.7668,0.7715,0.766,0.7693,21223403.0
1757797200000,0.7692,0.7714,0.7625,0.7631,13242907.0
1757800800000,0.7632,0.7639,0.7577,0.7627,14474370.0
1757804400000,0.7628,0.764,0.7592,0.7618,10614761.0
1757808000000,0.7619,0.7633,0.751,0.7546,26834162.0
1757811600000,0.7545,0.7579,0.7487,0.757,24021770.0
1757815200000,0.7571,0.76,0.7513,0.753,20919959.0
1757818800000,0.753,0.7531,0.7418,0.7439,39558166.0
1757822400000,0.7439,0.7579,0.7351,0.7535,86067557.0
1757826000000,0.7536,0.7576,0.7513,0.7528,21171870.0
1757829600000,0.7528,0.7546,0.7435,0.748,31071511.0
1757833200000,0.748,0.7508,0.7449,0.7479,17573750.0
1757836800000,0.7479,0.7479,0.7419,0.7442,21878386.0
1757840400000,0.7442,0.75,0.7417,0.7454,20851604.0
1757844000000,0.7453,0.7492,0.7448,0.7478,9214955.0
1757847600000,0.7479,0.7505,0.7368,0.7388,38434349.0
1757851200000,0.7388,0.7447,0.7354,0.738,28194225.0
1757854800000,0.7381,0.7418,0.731,0.7349,45799510.0
1757858400000,0.735,0.7414,0.7306,0.7379,44330411.0
1757862000000,0.7379,0.7385,0.7301,0.7372,22507869.0
1757865600000,0.7372,0.7458,0.7356,0.7412,32302895.0
1757869200000,0.7412,0.7541,0.7398,0.7488,32392013.0
1757872800000,0.7488,0.7519,0.7458,0.7473,12768148.0
1757876400000,0.7473,0.7474,0.7419,0.7435,14441070.0
1757880000000,0.7434,0.7527,0.743,0.7484,18521536.0
1757883600000,0.7484,0.7589,0.7436,0.7513,30773292.0
1757887200000,0.7514,0.7559,0.7495,0.7517,13858373.0
1757890800000,0.7517,0.7528,0.7374,0.7422,29484434.0
1757894400000,0.7423,0.7572,0.742,0.752,36034065.0
1757898000000,0.7519,0.7649,0.7435,0.7624,42150311.0
1757901600000,0.7623,0.7694,0.7611,0.768,45567869.0
1757905200000,0.768,0.7744,0.7653,0.769,41256911.0
1757908800000,0.769,0.7739,0.7655,0.768,32344081.0
1757912400000,0.768,0.7725,0.765,0.7667,25407649.0
1757916000000,0.7668,0.7677,0.7462,0.7498,66256639.0
1757919600000,0.7497,0.7565,0.7401,0.7442,57299006.0
1757923200000,0.7442,0.7502,0.735,0.7379,79937934.0
1757926800000,0.7379,0.7446,0.7332,0.7341,45614994.0
1757930400000,0.734,0.7363,0.726,0.7303,48304671.0
1757934000000,0.7303,0.7348,0.713,0.7255,99855283.0
1757937600000,0.7255,0.7293,0.7207,0.7241,42248434.0
1757941200000,0.7241,0.7316,0.7218,0.7281,35864471.0
1757944800000,0.7282,0.7627,0.7172,0.7312,342805557.0
1757948400000,0.7312,0.733,0.6918,0.7024,211360544.0
1757952000000,0.7024,0.7041,0.691,0.6949,83328031.0
1757955600000,0.695,0.7105,0.6941,0.7101,51860256.0
1757959200000,0.7101,0.7144,0.7014,0.7077,42901268.0
1757962800000,0.7076,0.7124,0.7034,0.7104,20938666.0
1757966400000,0.7104,0.7136,0.7051,0.7071,25922893.0
1757970000000,0.7072,0.708,0.7016,0.7065,21498187.0
1757973600000,0.7065,0.7084,0.7001,0.7019,19432187.0
1757977200000,0.7019,0.7075,0.6982,0.7015,24481556.0
1757980800000,0.7016,0.7024,0.6948,0.6995,26596629.0
1757984400000,0.6996,0.7069,0.6976,0.7002,29671843.0
1757988000000,0.7002,0.7044,0.6971,0.6977,16289425.0
1757991600000,0.6978,0.6986,0.6916,0.6925,26214921.0
1757995200000,0.6925,0.6981,0.6845,0.6972,63360954.0
1757998800000,0.6973,0.7048,0.6962,0.7045,34386315.0
1758002400000,0.7045,0.7082,0.6948,0.6975,33210324.0
1758006000000,0.6974,0.7009,0.6965,0.6983,19294494.0
1758009600000,0.6982,0.706,0.6982,0.7019,22671622.0
1758013200000,0.7019,0.7086,0.6991,0.7042,24402041.0
1758016800000,0.7042,0.706,0.7005,0.7012,19195970.0
1758020400000,0.7013,0.7055,0.7001,0.7034,19110430.0
1758024000000,0.7033,0.7072,0.7012,0.7031,17927611.0
1758027600000,0.7031,0.7097,0.6975,0.7033,64002327.0
1758031200000,0.7033,0.7033,0.6922,0.7001,51217415.0
1758034800000,0.7002,0.7128,0.6972,0.7122,44773283.0
1758038400000,0.7123,0.713,0.7026,0.706,29412703.0
1758042000000,0.7059,0.7133,0.704,0.7054,36234897.0
1758045600000,0.7053,0.7078,0.6993,0.7015,22007182.0
1758049200000,0.7015,0.702,0.698,0.7003,15866472.0
1758052800000,0.7003,0.7036,0.6996,0.7028,14190895.0
1758056400000,0.7028,0.7057,0.7011,0.7055,13725363.0
1758060000000,0.7055,0.7096,0.7027,0.7061,19029794.0
1758063600000,0.7062,0.7062,0.6971,0.6979,21042205.0
1758067200000,0.6978,0.6989,0.6931,0.6963,23550324.0
1758070800000,0.6963,0.6987,0.6892,0.6946,24755160.0
1758074400000,0.6946,0.6984,0.6898,0.6949,23175075.0
1758078000000,0.6948,0.6982,0.685,0.6867,52569904.0
1758081600000,0.6868,0.6897,0.6701,0.6733,102903033.0
1758085200000,0.6733,0.6805,0.6728,0.6803,37009164.0
1758088800000,0.6803,0.6865,0.6778,0.6862,34827197.0
1758092400000,0.6863,0.6867,0.6818,0.6823,25649582.0
1758096000000,0.6824,0.6829,0.677,0.6788,25599304.0
1758099600000,0.6788,0.6813,0.6774,0.6785,21170868.0
1758103200000,0.6785,0.6833,0.6781,0.6797,15931944.0
1758106800000,0.6796,0.6922,0.6775,0.6876,25327678.0
1758110400000,0.6876,0.695,0.6844,0.6919,51221461.0
1758114000000,0.692,0.6947,0.6838,0.6876,25927866.0
1758117600000,0.6877,0.6894,0.6849,0.6876,16629644.0
1758121200000,0.6877,0.6928,0.6866,0.6887,18249288.0
1758124800000,0.6888,0.6971,0.6815,0.6955,44031859.0
1758128400000,0.6956,0.7022,0.6858,0.6881,48708994.0
1758132000000,0.6871,0.71,0.685,0.6957,159662302.0
1758135600000,0.6956,0.7127,0.6952,0.7089,60135310.0
1758139200000,0.7088,0.7178,0.6976,0.7007,52880804.0
1758142800000,0.7007,0.7158,0.6936,0.7126,38881052.0
1758146400000,0.7126,0.7203,0.7107,0.7166,44996802.0
1758150000000,0.7165,0.7214,0.706,0.7097,48260002.0
1758153600000,0.7096,0.7121,0.7052,0.7071,23157520.0
1758157200000,0.707,0.7144,0.7043,0.7095,38547315.0
1758160800000,0.7095,0.7099,0.7001,0.7049,35024578.0
1758164400000,0.7048,0.7119,0.7039,0.7083,32087074.0
1758168000000,0.7082,0.7087,0.7023,0.7051,18554807.0
1758171600000,0.7051,0.7053,0.699,0.7016,21786170.0
1758175200000,0.7016,0.703,0.6931,0.6972,30755573.0
1758178800000,0.6972,0.704,0.6969,0.6992,26530556.0
1758182400000,0.6992,0.706,0.6986,0.7059,21076208.0
1758186000000,0.7059,0.7061,0.7,0.7022,23621206.0
1758189600000,0.7022,0.705,0.6959,0.6976,26549175.0
1758193200000,0.6976,0.7012,0.6971,0.6986,14957693.0
1758196800000,0.6986,0.7005,0.6959,0.6976,20909205.0
1758200400000,0.6976,0.7027,0.692,0.6972,40283360.0
1758204000000,0.6971,0.7052,0.6961,0.6993,45315762.0
1758207600000,0.6993,0.703,0.6966,0.6998,27310088.0
1758211200000,0.6999,0.7085,0.6995,0.7039,30290000.0
1758214800000,0.7039,0.709,0.7013,0.7053,30297697.0
1758218400000,0.7053,0.7053,0.6993,0.7025,29467871.0
1758222000000,0.7025,0.7027,0.6907,0.696,36784661.0
1758225600000,0.696,0.7005,0.6951,0.6975,13348288.0
1758229200000,0.6976,0.7009,0.695,0.7,13506582.0
1758232800000,0.6999,0.7035,0.6967,0.6997,18249604.0
1758236400000,0.6996,0.6999,0.6938,0.6978,20594704.0
1758240000000,0.6979,0.7078,0.6979,0.7077,25861301.0
1758243600000,0.7075,0.7092,0.6991,0.7005,20894170.0
1758247200000,0.7004,0.7028,0.6911,0.6941,30819242.0
1758250800000,0.6942,0.6961,0.683,0.6839,44884463.0
1758254400000,0.6838,0.6858,0.6756,0.6851,56706119.0
1758258000000,0.6851,0.6853,0.6763,0.6799,31526177.0
1758261600000,0.6799,0.68,0.6733,0.6749,30712789.0
1758265200000,0.6749,0.6785,0.6723,0.6742,32447289.0
1758268800000,0.6742,0.678,0.6716,0.6726,23476180.0
1758272400000,0.6726,0.6749,0.6633,0.6678,54202541.0
1758276000000,0.6678,0.6697,0.6653,0.6676,28111050.0
1758279600000,0.6675,0.668,0.654,0.6587,77495384.0
1758283200000,0.6587,0.6634,0.6581,0.6622,34085294.0
1758286800000,0.6621,0.6876,0.662,0.6698,216798433.0
1758290400000,0.6699,0.6745,0.6621,0.6663,60507341.0
1758294000000,0.6663,0.6702,0.6631,0.6685,39196129.0
1758297600000,0.6686,0.6759,0.6673,0.6741,31396847.0
1758301200000,0.674,0.6776,0.6674,0.6708,33181183.0
1758304800000,0.6709,0.6727,0.6663,0.6674,19474026.0
1758308400000,0.6675,0.6707,0.6662,0.6663,12136594.0
1758312000000,0.6663,0.6717,0.6661,0.6681,10662358.0
1758315600000,0.6682,0.6689,0.6648,0.6677,10391214.0
1758319200000,0.6676,0.6702,0.667,0.6694,8620183.0
1758322800000,0.6694,0.6725,0.6623,0.6725,19755676.0
1758326400000,0.6725,0.6727,0.6651,0.6707,13237735.0
1758330000000,0.6708,0.6708,0.6646,0.665,8552042.0
1758333600000,0.665,0.6664,0.6572,0.665,25212249.0
1758337200000,0.665,0.6659,0.6614,0.6632,9887945.0
1758340800000,0.6633,0.6658,0.66,0.6631,15436537.0
1758344400000,0.6632,0.6732,0.6603,0.6713,28113120.0
1758348000000,0.6714,0.6714,0.6662,0.6697,15125940.0
1758351600000,0.6696,0.6821,0.6695,0.6802,32782248.0
1758355200000,0.6801,0.6807,0.6665,0.6673,33680224.0
1758358800000,0.6674,0.6699,0.6611,0.6641,22360753.0
1758362400000,0.664,0.6681,0.6616,0.6621,14394408.0
1758366000000,0.6621,0.6661,0.6619,0.6653,11421063.0
1758369600000,0.6653,0.6657,0.6621,0.664,10509352.0
1758373200000,0.6641,0.668,0.663,0.6664,13982249.0
1758376800000,0.6664,0.6727,0.6626,0.6708,20568140.0
1758380400000,0.6708,0.675,0.6707,0.6744,24628143.0
1758384000000,0.6744,0.6769,0.6701,0.6733,24452537.0
1758387600000,0.6734,0.6738,0.6687,0.6709,12430804.0
1758391200000,0.6708,0.6711,0.6655,0.6671,16121488.0
1758394800000,0.6671,0.6673,0.663,0.6642,15117358.0
1758398400000,0.6642,0.6675,0.6636,0.6659,7650698.0
1758402000000,0.6659,0.6678,0.6645,0.6654,6592239.0
1758405600000,0.6654,0.6674,0.6642,0.6664,6881845.0
1758409200000,0.6664,0.6667,0.6628,0.6651,10013424.0
1758412800000,0.6651,0.6791,0.6634,0.6766,39747838.0
1758416400000,0.6766,0.6783,0.668,0.6698,24691895.0
1758420000000,0.6698,0.6784,0.6697,0.6758,21435497.0
1758423600000,0.6758,0.6779,0.6719,0.6744,17166479.0
1758427200000,0.6745,0.6757,0.6703,0.6721,13679750.0
1758430800000,0.6722,0.6774,0.6706,0.6766,14640620.0
1758434400000,0.6767,0.6781,0.6682,0.6685,26248716.0
1758438000000,0.6685,0.6687,0.6637,0.6655,32783911.0
1758441600000,0.6656,0.6662,0.661,0.6634,26001395.0
1758445200000,0.6634,0.6642,0.65,0.6553,67444965.0
1758448800000,0.6552,0.6566,0.651,0.6525,16495029.0
1758452400000,0.6525,0.6575,0.6514,0.6562,12291714.0
1758456000000,0.6562,0.6617,0.6556,0.6578,22695597.0
1758459600000,0.6578,0.6604,0.6566,0.6585,10351996.0
1758463200000,0.6584,0.6597,0.6537,0.6537,18437408.0
1758466800000,0.6538,0.6574,0.6524,0.6544,18406496.0
1758470400000,0.6543,0.6561,0.6451,0.6487,56645006.0
1758474000000,0.6487,0.6497,0.6425,0.6491,31101920.0
1758477600000,0.6491,0.6522,0.6476,0.6486,18565470.0
1758481200000,0.6485,0.6493,0.6444,0.6491,14822271.0
1758484800000,0.6491,0.6498,0.6455,0.6466,12043572.0
1758488400000,0.6466,0.6486,0.6409,0.6448,23172298.0
1758492000000,0.6449,0.6474,0.6402,0.647,20078913.0
1758495600000,0.6469,0.647,0.64,0.641,17507411.0
1758499200000,0.6409,0.645,0.624,0.6288,136107211.0
1758502800000,0.6287,0.6344,0.62,0.6285,55738699.0
1758506400000,0.6285,0.6326,0.6208,0.6276,49120498.0
1758510000000,0.6276,0.6302,0.6261,0.6288,21116084.0
1758513600000,0.6288,0.6307,0.6262,0.6281,13426561.0
1758517200000,0.6282,0.6287,0.6141,0.6151,43710069.0
1758520800000,0.6145,0.616,0.558,0.6059,403914846.0
1758524400000,0.6059,0.6073,0.597,0.6018,98654391.0
1758528000000,0.6018,0.6054,0.5971,0.601,63228144.0
1758531600000,0.601,0.6014,0.594,0.5948,43413563.0
1758535200000,0.5947,0.6041,0.5924,0.6033,45785342.0
1758538800000,0.6033,0.6057,0.5953,0.5974,37969446.0
1758542400000,0.5974,0.6027,0.5954,0.5994,31971917.0
1758546000000,0.5994,0.6041,0.5955,0.6033,42068239.0
1758549600000,0.6032,0.6079,0.5992,0.6002,42973386.0
1758553200000,0.6002,0.6017,0.5878,0.5903,64583348.0
1758556800000,0.5903,0.5933,0.5852,0.5859,43058983.0
1758560400000,0.5859,0.5907,0.5826,0.5903,48365967.0
1758564000000,0.5903,0.5938,0.5878,0.5885,33394594.0
1758567600000,0.5885,0.5905,0.5827,0.584,28096460.0
1758571200000,0.584,0.5942,0.5835,0.5931,25191739.0
1758574800000,0.5931,0.5981,0.5912,0.5976,17758968.0
1758578400000,0.5975,0.598,0.5954,0.5967,13402241.0
1758582000000,0.5967,0.603,0.5965,0.5997,26233262.0
1758585600000,0.5997,0.6018,0.5937,0.5957,38661013.0
1758589200000,0.5957,0.5963,0.5861,0.587,29508744.0
1758592800000,0.587,0.59,0.5831,0.5843,29177573.0
1758596400000,0.5844,0.5997,0.58,0.5974,53302085.0
1758600000000,0.5974,0.5987,0.5913,0.5954,23096733.0
1758603600000,0.5955,0.5995,0.5919,0.5949,21177454.0
1758607200000,0.5949,0.6063,0.5948,0.6036,42469812.0
1758610800000,0.6036,0.6101,0.6015,0.6071,38107549.0
1758614400000,0.6071,0.6162,0.6063,0.616,49969749.0
1758618000000,0.616,0.6177,0.6108,0.6115,40198799.0
1758621600000,0.6114,0.6176,0.611,0.6149,22624990.0
1758625200000,0.6148,0.6163,0.6108,0.6142,18725500.0
1758628800000,0.6142,0.617,0.6108,0.6142,20426791.0
1758632400000,0.6142,0.616,0.608,0.6129,35625693.0
1758636000000,0.6129,0.6172,0.6085,0.6099,29142629.0
1758639600000,0.6099,0.6156,0.606,0.6125,33325134.0
1758643200000,0.6126,0.6194,0.6084,0.6165,37802971.0
1758646800000,0.6165,0.6175,0.6017,0.6031,46230328.0
1758650400000,0.6032,0.6066,0.5979,0.6009,36113972.0
1758654000000,0.6009,0.6063,0.5975,0.6002,40801119.0
1758657600000,0.6003,0.6042,0.5972,0.6039,22874016.0
1758661200000,0.6039,0.6074,0.6008,0.6057,12413342.0
1758664800000,0.6056,0.6074,0.6012,0.6041,10993281.0
1758668400000,0.6041,0.6081,0.6013,0.6024,16268265.0
1758672000000,0.6023,0.6122,0.6022,0.6068,22924612.0
1758675600000,0.6068,0.6166,0.6051,0.6148,21219742.0
1758679200000,0.6149,0.6159,0.6055,0.6122,30937028.0
1758682800000,0.6122,0.6141,0.5972,0.598,45469581.0
1758686400000,0.598,0.6078,0.5886,0.5984,86170677.0
1758690000000,0.5985,0.6066,0.595,0.604,39857889.0
1758693600000,0.604,0.6074,0.6026,0.6038,24333412.0
1758697200000,0.6038,0.6054,0.599,0.6031,27376793.0
1758700800000,0.6031,0.6044,0.5953,0.5955,20403587.0
1758704400000,0.5956,0.6057,0.5926,0.6041,42727154.0
1758708000000,0.6041,0.6081,0.6006,0.6024,26923179.0
1758711600000,0.6025,0.6096,0.6017,0.6066,21929462.0
1758715200000,0.6066,0.6093,0.6043,0.6062,15908989.0
1758718800000,0.6063,0.61,0.6014,0.6016,29073880.0
1758722400000,0.6016,0.613,0.6014,0.6092,31722079.0
1758726000000,0.6093,0.6106,0.5969,0.5977,36035395.0
1758729600000,0.5978,0.6018,0.5957,0.5999,23657931.0
1758733200000,0.6,0.6036,0.5978,0.5996,21510866.0
1758736800000,0.5996,0.6005,0.5963,0.5982,17012994.0
1758740400000,0.5982,0.6011,0.5966,0.5992,10757447.0
1758744000000,0.5993,0.6031,0.5969,0.6021,14573563.0
1758747600000,0.6021,0.6025,0.5862,0.5884,41729065.0
1758751200000,0.5884,0.5975,0.5879,0.5953,25051412.0
1758754800000,0.5953,0.5977,0.5909,0.5937,15719527.0
1758758400000,0.5936,0.5953,0.5868,0.5886,26590268.0
1758762000000,0.5886,0.5939,0.5864,0.5933,30700023.0
1758765600000,0.5932,0.5984,0.5861,0.5963,43860900.0
1758769200000,0.5962,0.5969,0.5843,0.5953,55245989.0
1758772800000,0.5953,0.6014,0.5818,0.5858,88192587.0
1758776400000,0.5859,0.6053,0.5826,0.5971,63314498.0
1758780000000,0.597,0.5973,0.5828,0.5844,43503699.0
1758783600000,0.5844,0.5899,0.5771,0.5793,46008694.0
1758787200000,0.5793,0.5844,0.5746,0.5795,37769847.0
1758790800000,0.5796,0.5848,0.5756,0.5759,29834602.0
1758794400000,0.5759,0.5839,0.575,0.5756,21751610.0
1758798000000,0.5757,0.5775,0.5688,0.5708,42084536.0
1758801600000,0.5707,0.5762,0.5631,0.569,88749242.0
1758805200000,0.569,0.577,0.5637,0.5713,69865545.0
1758808800000,0.5714,0.584,0.5714,0.5748,78992057.0
1758812400000,0.5748,0.5768,0.5683,0.5759,46125201.0
1758816000000,0.5758,0.576,0.5616,0.5632,55020008.0
1758819600000,0.5631,0.5651,0.5511,0.5549,102549419.0
1758823200000,0.5549,0.5776,0.5491,0.5757,91225184.0
1758826800000,0.5757,0.5803,0.5723,0.575,37726949.0
1758830400000,0.5751,0.5763,0.5651,0.5662,32472726.0
1758834000000,0.5662,0.5727,0.5643,0.5707,23921352.0
1758837600000,0.5707,0.5748,0.5644,0.5706,37753049.0
1758841200000,0.5707,0.5741,0.5622,0.5666,30212515.0
1758844800000,0.5666,0.5829,0.5662,0.5802,50309432.0
1758848400000,0.5801,0.5836,0.5747,0.578,31552711.0
1758852000000,0.5781,0.5818,0.5731,0.5761,18722314.0
1758855600000,0.5761,0.5808,0.5733,0.5795,14008904.0
1758859200000,0.5795,0.5802,0.572,0.5728,16071991.0
1758862800000,0.5729,0.5793,0.5714,0.5733,17264357.0
1758866400000,0.5734,0.5806,0.5706,0.5761,26548826.0
1758870000000,0.5761,0.5838,0.5748,0.5816,28889574.0
1758873600000,0.5817,0.5853,0.5778,0.5788,27023149.0
1758877200000,0.5788,0.5825,0.571,0.5732,29432080.0
1758880800000,0.5732,0.5739,0.566,0.57,27756386.0
1758884400000,0.5699,0.5752,0.5675,0.5695,21098283.0
1758888000000,0.5695,0.5814,0.5621,0.5767,61592168.0
1758891600000,0.5767,0.5798,0.5688,0.5776,39444333.0
1758895200000,0.5776,0.5793,0.5672,0.5708,35456745.0
1758898800000,0.5709,0.5795,0.5697,0.5778,22041883.0
1758902400000,0.5777,0.5863,0.5766,0.5841,32029937.0
1758906000000,0.5841,0.591,0.5807,0.5897,35425859.0
1758909600000,0.5897,0.5945,0.5869,0.5892,29556894.0
1758913200000,0.5891,0.5914,0.5838,0.588,25012800.0
1758916800000,0.588,0.5907,0.5853,0.5872,11552964.0
1758920400000,0.5872,0.5915,0.586,0.5909,10999106.0
1758924000000,0.5909,0.5957,0.5907,0.5927,15597246.0
1758927600000,0.5926,0.5974,0.5898,0.5971,19315699.0
1758931200000,0.5971,0.5983,0.5933,0.5975,14110301.0
1758934800000,0.5975,0.5983,0.5911,0.5919,13673577.0
1758938400000,0.5919,0.5936,0.5891,0.5895,9808918.0
1758942000000,0.5895,0.5927,0.5875,0.5901,13789822.0
1758945600000,0.5902,0.5931,0.5891,0.5895,14040890.0
1758949200000,0.5895,0.5922,0.5871,0.5907,8021311.0
1758952800000,0.5907,0.5909,0.5867,0.5884,6302490.0
1758956400000,0.5885,0.5895,0.5842,0.5851,10935517.0
1758960000000,0.5851,0.5851,0.5784,0.5792,21936397.0
1758963600000,0.5791,0.5808,0.5761,0.58,16301005.0
1758967200000,0.5799,0.5808,0.5751,0.5788,19891210.0
1758970800000,0.5787,0.5799,0.5771,0.5789,9264550.0
1758974400000,0.579,0.5828,0.5763,0.5825,22572384.0
1758978000000,0.5824,0.5825,0.5777,0.5783,11884247.0
1758981600000,0.5783,0.5801,0.5741,0.5747,15540825.0
1758985200000,0.5747,0.5797,0.5721,0.5791,19676336.0
1758988800000,0.5792,0.5792,0.5755,0.5766,12317161.0
1758992400000,0.5766,0.5767,0.5712,0.5746,18026005.0
1758996000000,0.5746,0.5758,0.5728,0.5754,10704194.0
1758999600000,0.5754,0.5764,0.5733,0.5762,9674548.0
1759003200000,0.5763,0.5778,0.5745,0.5765,8893494.0
1759006800000,0.5765,0.5818,0.5763,0.5804,9992739.0
1759010400000,0.5805,0.5869,0.5791,0.5798,18362745.0
1759014000000,0.5799,0.5818,0.5771,0.5778,9596413.0
1759017600000,0.5779,0.5797,0.5742,0.5757,14293658.0
1759021200000,0.5757,0.5765,0.5685,0.5699,21546908.0
1759024800000,0.5699,0.5746,0.5696,0.5718,10852377.0
1759028400000,0.5719,0.5736,0.5689,0.5715,7779969.0
1759032000000,0.5714,0.5714,0.5691,0.5711,5723174.0
1759035600000,0.5712,0.5735,0.5688,0.5694,7983706.0
1759039200000,0.5694,0.5704,0.564,0.5666,13142349.0
1759042800000,0.5666,0.5698,0.565,0.5672,6976342.0
1759046400000,0.5672,0.5709,0.5662,0.5674,14075194.0
1759050000000,0.5675,0.5686,0.5643,0.5646,10474005.0
1759053600000,0.5646,0.5653,0.5609,0.5646,11802706.0
1759057200000,0.5646,0.565,0.5613,0.5635,10352060.0
1759060800000,0.5636,0.5636,0.5585,0.5616,18539688.0
1759064400000,0.5616,0.5728,0.5613,0.572,19623306.0
1759068000000,0.572,0.5728,0.5687,0.5714,18404549.0
1759071600000,0.5715,0.5732,0.5699,0.5718,9956732.0
1759075200000,0.5717,0.5797,0.5716,0.5796,25584695.0
1759078800000,0.5796,0.5855,0.5788,0.5827,27130879.0
1759082400000,0.5827,0.5864,0.5815,0.5861,13041596.0
1759086000000,0.5861,0.5903,0.5837,0.5885,21312767.0
1759089600000,0.5885,0.599,0.5864,0.5966,31986190.0
1759093200000,0.5966,0.5973,0.5878,0.592,21156144.0
1759096800000,0.5919,0.6034,0.5916,0.6003,38090079.0
1759100400000,0.6003,0.6023,0.5977,0.5995,17001181.0
1759104000000,0.5995,0.5999,0.5911,0.5923,25888813.0
1759107600000,0.5923,0.5931,0.5865,0.5871,18442019.0
1759111200000,0.5872,0.5918,0.5854,0.5878,16668325.0
1759114800000,0.5878,0.5901,0.5855,0.5896,7879389.0
1759118400000,0.5897,0.59,0.5853,0.5864,10570231.0
1759122000000,0.5865,0.5867,0.5812,0.5829,14370812.0
1759125600000,0.5829,0.5831,0.5783,0.5784,17929932.0
1759129200000,0.5784,0.5805,0.5759,0.5789,17738004.0
1759132800000,0.5789,0.582,0.5787,0.5804,17067182.0
1759136400000,0.5804,0.5827,0.5743,0.5759,22995787.0
1759140000000,0.5758,0.5762,0.564,0.5644,33192428.0
1759143600000,0.5644,0.5677,0.5609,0.5668,33446788.0
1759147200000,0.5669,0.5685,0.5601,0.5609,36517133.0
1759150800000,0.5608,0.5752,0.5573,0.5728,61104324.0
1759154400000,0.5728,0.5845,0.5712,0.581,56422728.0
1759158000000,0.5811,0.583,0.567,0.5686,38942248.0
1759161600000,0.5686,0.5708,0.5582,0.5597,41087085.0
1759165200000,0.5596,0.5619,0.5552,0.5607,38951698.0
1759168800000,0.5607,0.5615,0.5562,0.5611,23733246.0
1759172400000,0.5611,0.568,0.5582,0.5672,18717539.0
1759176000000,0.5671,0.5747,0.5661,0.5733,27955482.0
1759179600000,0.5733,0.5748,0.5701,0.5704,13021579.0
1759183200000,0.5705,0.5714,0.5639,0.5645,18522629.0
1759186800000,0.5644,0.5659,0.5612,0.5642,16928423.0
1759190400000,0.5642,0.5678,0.5585,0.5611,27972530.0
1759194000000,0.5611,0.5649,0.557,0.5611,20734741.0
1759197600000,0.5611,0.5612,0.5561,0.5565,12905394.0
1759201200000,0.5565,0.5613,0.5555,0.5569,18271268.0
1759204800000,0.5569,0.5612,0.5555,0.5564,12929379.0
1759208400000,0.5564,0.5568,0.5441,0.5508,73725393.0
1759212000000,0.5508,0.5522,0.546,0.5482,23305986.0
1759215600000,0.5482,0.5495,0.5433,0.5452,23338028.0
1759219200000,0.5452,0.5466,0.5385,0.5397,36739660.0
1759222800000,0.5397,0.5429,0.5365,0.5397,47568335.0
1759226400000,0.5396,0.5431,0.5388,0.5415,20671645.0
1759230000000,0.5415,0.5481,0.54,0.5477,33361162.0
1759233600000,0.5476,0.5496,0.5442,0.5477,17322511.0
1759237200000,0.5477,0.5527,0.5453,0.5474,40046382.0
1759240800000,0.5473,0.5513,0.5431,0.5455,28228216.0
1759244400000,0.5454,0.5464,0.5396,0.5459,37013368.0
1759248000000,0.5459,0.5466,0.5339,0.5421,68953181.0
1759251600000,0.5421,0.5548,0.5405,0.5495,56250875.0
1759255200000,0.5496,0.5532,0.5476,0.5507,17301420.0
1759258800000,0.5507,0.5596,0.5481,0.5572,21710617.0
1759262400000,0.5573,0.5625,0.5554,0.5603,19939239.0
1759266000000,0.5603,0.5629,0.5564,0.5575,24256125.0
1759269600000,0.5575,0.5605,0.5556,0.5559,14733699.0
1759273200000,0.556,0.5628,0.554,0.5587,23736482.0
1759276800000,0.5587,0.5608,0.5559,0.5595,13608115.0
1759280400000,0.5595,0.5625,0.5567,0.5622,12795824.0
1759284000000,0.5621,0.5662,0.5607,0.5658,14296315.0
1759287600000,0.5658,0.5679,0.5612,0.5615,17358693.0
1759291200000,0.5615,0.5658,0.5604,0.5635,16995188.0
1759294800000,0.5636,0.572,0.563,0.5688,23111331.0
1759298400000,0.5688,0.5697,0.5623,0.5643,20023096.0
1759302000000,0.5642,0.5679,0.563,0.5641,12387536.0
1759305600000,0.564,0.59,0.5635,0.5896,67852141.0
1759309200000,0.5896,0.5985,0.589,0.5932,68030322.0
1759312800000,0.5932,0.5943,0.5859,0.5904,34797452.0
1759316400000,0.5904,0.5956,0.587,0.5908,22623665.0
1759320000000,0.5908,0.5919,0.5813,0.5818,29029491.0
1759323600000,0.5818,0.5855,0.5784,0.581,35560056.0
1759327200000,0.581,0.5857,0.5796,0.5812,36650544.0
1759330800000,0.5811,0.5862,0.5778,0.5824,22091315.0
1759334400000,0.5824,0.5869,0.5796,0.583,25801229.0
1759338000000,0.5829,0.5844,0.5793,0.5803,16395456.0
1759341600000,0.5803,0.5833,0.5784,0.5818,12492726.0
1759345200000,0.5818,0.5835,0.5792,0.5802,15373604.0
1759348800000,0.5802,0.5814,0.5741,0.5767,21665449.0
1759352400000,0.5766,0.5768,0.5719,0.5748,18410715.0
1759356000000,0.5748,0.5775,0.572,0.574,12224477.0
1759359600000,0.574,0.5812,0.5739,0.5806,18825410.0
1759363200000,0.5806,0.5838,0.5777,0.5788,25331605.0
1759366800000,0.5788,0.5875,0.5766,0.5873,19616528.0
1759370400000,0.5872,0.5977,0.585,0.5942,40337095.0
1759374000000,0.5942,0.6016,0.5923,0.5935,36745297.0
1759377600000,0.5935,0.5967,0.5884,0.596,30891483.0
1759381200000,0.596,0.606,0.5935,0.5996,41896481.0
1759384800000,0.5996,0.6054,0.5972,0.6009,21529994.0
1759388400000,0.6008,0.6028,0.5974,0.6006,15653660.0
1759392000000,0.6006,0.61,0.5999,0.609,29710112.0
1759395600000,0.609,0.6092,0.6033,0.6042,21051591.0
1759399200000,0.6041,0.6129,0.6035,0.6109,24683585.0
1759402800000,0.6108,0.6302,0.6098,0.6277,86405499.0
1759406400000,0.6276,0.6283,0.6186,0.6249,39104185.0
1759410000000,0.6249,0.6325,0.6168,0.6311,47889156.0
1759413600000,0.631,0.6315,0.6129,0.6184,65381372.0
1759417200000,0.6184,0.6247,0.6114,0.6238,52652036.0
1759420800000,0.6238,0.6415,0.6231,0.632,72214078.0
1759424400000,0.6319,0.6425,0.6273,0.6415,37494434.0
1759428000000,0.6416,0.648,0.6408,0.6459,43929628.0
1759431600000,0.6458,0.654,0.6391,0.6423,68950300.0
1759435200000,0.6423,0.6452,0.6382,0.6429,28560076.0
1759438800000,0.6428,0.6475,0.6376,0.6376,20731568.0
1759442400000,0.6377,0.641,0.6261,0.6281,53459013.0
1759446000000,0.6281,0.6333,0.6244,0.6311,28746069.0
1759449600000,0.6311,0.6317,0.6227,0.6242,23703727.0
1759453200000,0.6241,0.6262,0.6153,0.6158,29771767.0
1759456800000,0.6159,0.6185,0.6125,0.6177,32285868.0
1759460400000,0.6177,0.6228,0.6137,0.6151,30547038.0
1759464000000,0.6152,0.6202,0.6142,0.6175,15740833.0
1759467600000,0.6175,0.6175,0.6087,0.6124,26563761.0
1759471200000,0.6123,0.6159,0.6066,0.6111,23282432.0
1759474800000,0.611,0.6112,0.6054,0.6082,19847783.0
1759478400000,0.6082,0.6098,0.6024,0.6085,26774176.0
1759482000000,0.6086,0.6136,0.605,0.6128,28786255.0
1759485600000,0.6128,0.6143,0.6099,0.6126,26545700.0
1759489200000,0.6125,0.6133,0.6051,0.6101,25187468.0
1759492800000,0.6101,0.6131,0.6088,0.6106,21814881.0
1759496400000,0.6106,0.6148,0.6068,0.6112,29445760.0
1759500000000,0.6112,0.6146,0.6057,0.6101,34435091.0
1759503600000,0.6101,0.6255,0.6072,0.6244,58733551.0
1759507200000,0.6244,0.6347,0.6206,0.622,84295604.0
1759510800000,0.622,0.6222,0.6065,0.611,104838492.0
1759514400000,0.6111,0.6183,0.6065,0.6173,36752367.0
1759518000000,0.6172,0.6203,0.613,0.616,27496905.0
1759521600000,0.616,0.6197,0.6121,0.6195,18498323.0
1759525200000,0.6196,0.6217,0.6169,0.6177,14489738.0
1759528800000,0.6178,0.6228,0.6178,0.6208,11755786.0
1759532400000,0.6208,0.6209,0.615,0.6162,13727167.0
1759536000000,0.6162,0.6184,0.6124,0.6152,12391966.0
1759539600000,0.6152,0.6155,0.6071,0.6099,21883901.0
1759543200000,0.6099,0.6126,0.6067,0.6076,14359069.0
1759546800000,0.6076,0.6093,0.6045,0.6075,12287155.0
1759550400000,0.6074,0.6087,0.6047,0.6072,8960942.0
1759554000000,0.6072,0.6118,0.6069,0.611,14220596.0
1759557600000,0.611,0.6181,0.6109,0.6166,16728357.0
1759561200000,0.6166,0.6192,0.6103,0.6121,16882976.0
1759564800000,0.6122,0.6148,0.6027,0.6043,29258851.0
1759568400000,0.6043,0.608,0.6001,0.6014,21299225.0
1759572000000,0.6014,0.6054,0.5912,0.5939,55884675.0
1759575600000,0.5939,0.5968,0.5925,0.5953,24590066.0
1759579200000,0.5953,0.5977,0.5878,0.5891,37952823.0
1759582800000,0.589,0.5967,0.5884,0.5912,26053934.0
1759586400000,0.5912,0.5941,0.5841,0.5854,34160604.0
1759590000000,0.5854,0.5877,0.5803,0.5814,43725109.0
1759593600000,0.5814,0.5867,0.581,0.5848,22414290.0
1759597200000,0.5848,0.5861,0.5811,0.5837,14958159.0
1759600800000,0.5838,0.5851,0.582,0.5838,12193956.0
1759604400000,0.5839,0.5865,0.5832,0.5852,9635465.0
1759608000000,0.5853,0.5886,0.5853,0.5862,10337358.0
1759611600000,0.5862,0.5902,0.5858,0.5865,10468078.0
1759615200000,0.5865,0.5886,0.5862,0.5869,9063803.0
1759618800000,0.5869,0.5905,0.5852,0.5886,10325402.0
1759622400000,0.5887,0.5913,0.5832,0.5838,12845767.0
1759626000000,0.5838,0.5913,0.5837,0.5905,14188176.0
1759629600000,0.5905,0.6025,0.5889,0.602,36947828.0
1759633200000,0.6019,0.6135,0.6015,0.6112,45159096.0
1759636800000,0.6111,0.625,0.6082,0.6215,48110239.0
1759640400000,0.6215,0.6249,0.6159,0.6196,42030370.0
1759644000000,0.6197,0.62,0.6144,0.6151,19702907.0
1759647600000,0.6151,0.628,0.6151,0.6279,28351222.0
1759651200000,0.628,0.6304,0.6247,0.626,35287271.0
1759654800000,0.6261,0.6298,0.6153,0.6183,48661628.0
1759658400000,0.6182,0.6185,0.6041,0.606,58555465.0
1759662000000,0.606,0.6103,0.6038,0.6083,25157302.0
1759665600000,0.6083,0.6083,0.5988,0.6001,31922390.0
1759669200000,0.6001,0.6039,0.5997,0.6024,16484768.0
1759672800000,0.6025,0.6054,0.5973,0.6013,23036810.0
1759676400000,0.6012,0.6055,0.6004,0.6031,17895936.0
1759680000000,0.6031,0.6074,0.5986,0.6043,28085856.0
1759683600000,0.6044,0.6077,0.5928,0.5954,37266389.0
1759687200000,0.5953,0.5986,0.5926,0.5951,16886397.0
1759690800000,0.595,0.5959,0.5818,0.5832,57382812.0
1759694400000,0.5832,0.5885,0.5813,0.5852,21870043.0
1759698000000,0.5852,0.5872,0.5824,0.5835,11655315.0
1759701600000,0.5836,0.5863,0.5806,0.585,12070940.0
1759705200000,0.585,0.5885,0.5835,0.5836,14285093.0
1759708800000,0.5837,0.5896,0.5769,0.5809,43500281.0
1759712400000,0.5809,0.5863,0.5786,0.5838,22904496.0
1759716000000,0.5838,0.5879,0.5784,0.5816,24908490.0
1759719600000,0.5817,0.5825,0.578,0.5796,22408412.0
1759723200000,0.5795,0.5803,0.5731,0.5746,32235942.0
1759726800000,0.5746,0.575,0.5655,0.5705,56804320.0
1759730400000,0.5704,0.5753,0.5693,0.5728,36146570.0
1759734000000,0.5729,0.5774,0.5689,0.5714,36194377.0
1759737600000,0.5715,0.576,0.5715,0.5739,16542340.0
1759741200000,0.574,0.5888,0.5732,0.5836,98563151.0
1759744800000,0.5836,0.5854,0.5811,0.583,20179250.0
1759748400000,0.5829,0.5889,0.5797,0.5819,28226502.0
1759752000000,0.5818,0.5867,0.5818,0.5833,26656928.0
1759755600000,0.5832,0.593,0.5787,0.5927,53255520.0
1759759200000,0.5928,0.5953,0.584,0.5849,58595553.0
1759762800000,0.5849,0.5938,0.5843,0.5907,55631614.0
1759766400000,0.5907,0.5938,0.5857,0.5915,29008154.0
1759770000000,0.5914,0.6053,0.5893,0.6009,68624112.0
1759773600000,0.6008,0.6093,0.5992,0.607,49240753.0
1759777200000,0.6069,0.6096,0.6028,0.6042,37192925.0
1759780800000,0.6041,0.6107,0.6003,0.6038,45800194.0
1759784400000,0.6038,0.6069,0.597,0.6011,36893856.0
1759788000000,0.601,0.6055,0.5973,0.6033,24613782.0
1759791600000,0.6033,0.6066,0.6005,0.6031,21186549.0
1759795200000,0.603,0.606,0.5982,0.6038,19604812.0
1759798800000,0.6037,0.6095,0.601,0.6022,21222705.0
1759802400000,0.6023,0.6045,0.5986,0.6019,16350085.0
1759806000000,0.6019,0.6023,0.5961,0.6002,15825037.0
1759809600000,0.6002,0.6069,0.5925,0.6062,35844066.0
1759813200000,0.6062,0.6075,0.6013,0.6038,18964969.0
1759816800000,0.6038,0.6044,0.5888,0.5905,41633356.0
1759820400000,0.5904,0.595,0.5883,0.5912,26285184.0
1759824000000,0.5913,0.5915,0.5806,0.5865,46425353.0
1759827600000,0.5866,0.5919,0.5845,0.587,38879996.0
1759831200000,0.5869,0.5917,0.586,0.5898,16617989.0
1759834800000,0.5898,0.5968,0.5886,0.5955,21765901.0
1759838400000,0.5954,0.6056,0.5913,0.605,32798088.0
1759842000000,0.605,0.6081,0.5894,0.5942,78848164.0
1759845600000,0.5942,0.5956,0.5646,0.5663,160703077.0
1759849200000,0.5664,0.5678,0.5571,0.5609,120388181.0
1759852800000,0.5609,0.5667,0.5538,0.5601,77642098.0
1759856400000,0.5601,0.5618,0.5513,0.5527,43636175.0
1759860000000,0.5527,0.557,0.5514,0.5521,47545259.0
1759863600000,0.5521,0.5558,0.5501,0.5534,36418740.0
1759867200000,0.5535,0.5592,0.5526,0.5554,24237514.0
1759870800000,0.5554,0.5574,0.5505,0.5528,21407334.0
1759874400000,0.5529,0.5554,0.551,0.5521,16788706.0
1759878000000,0.5522,0.5527,0.5423,0.5444,60238885.0
1759881600000,0.5444,0.5477,0.5409,0.5453,32551428.0
1759885200000,0.5454,0.5502,0.5442,0.5484,20432299.0
1759888800000,0.5485,0.5517,0.5466,0.5467,17116818.0
1759892400000,0.5466,0.5466,0.535,0.5374,55337990.0
1759896000000,0.5374,0.5418,0.5319,0.5408,41637930.0
1759899600000,0.5408,0.5408,0.5336,0.5379,28159311.0
1759903200000,0.538,0.5395,0.5356,0.5374,15945505.0
1759906800000,0.5375,0.539,0.5353,0.5389,14152148.0
1759910400000,0.539,0.5449,0.5371,0.5418,29606799.0
1759914000000,0.5419,0.5428,0.5363,0.5388,18321570.0
1759917600000,0.5389,0.5438,0.5374,0.5425,17731819.0
1759921200000,0.5426,0.5438,0.5384,0.5395,20342052.0
1759924800000,0.5395,0.5413,0.5352,0.5406,28916112.0
1759928400000,0.5406,0.5429,0.5367,0.5414,43085867.0
1759932000000,0.5414,0.5568,0.5413,0.5519,144672655.0
1759935600000,0.5518,0.5625,0.5509,0.5599,53613977.0
1759939200000,0.5599,0.5661,0.5568,0.5654,39810997.0
1759942800000,0.5654,0.5734,0.5645,0.5712,57905882.0
1759946400000,0.5711,0.5754,0.5682,0.5732,31721208.0
1759950000000,0.5732,0.5768,0.5677,0.5758,24548418.0
1759953600000,0.5758,0.5789,0.572,0.5733,22027282.0
1759957200000,0.5731,0.5799,0.573,0.5764,16740256.0
1759960800000,0.5764,0.5796,0.5746,0.5755,12423543.0
1759964400000,0.5754,0.5792,0.5734,0.5768,16325482.0
1759968000000,0.5768,0.5786,0.5713,0.5719,18828091.0
1759971600000,0.5718,0.5735,0.5684,0.5722,25899396.0
1759975200000,0.5721,0.573,0.556,0.5578,53220744.0
1759978800000,0.5578,0.5688,0.5578,0.5654,27093900.0
1759982400000,0.5653,0.5728,0.5643,0.5703,17178165.0
1759986000000,0.5703,0.5737,0.5662,0.5715,16797842.0
1759989600000,0.5715,0.5737,0.5675,0.5727,21041322.0
1759993200000,0.5727,0.5742,0.5642,0.5648,22820694.0
1759996800000,0.5647,0.5678,0.555,0.5557,53900915.0
1760000400000,0.5557,0.5623,0.5519,0.557,36936009.0
1760004000000,0.5571,0.5601,0.5521,0.556,23157112.0
1760007600000,0.556,0.5598,0.555,0.5576,24198544.0
1760011200000,0.5576,0.5657,0.5562,0.5616,35577682.0
1760014800000,0.5616,0.563,0.544,0.545,63668275.0
1760018400000,0.5451,0.5505,0.5364,0.5419,74925616.0
1760022000000,0.5419,0.5497,0.5403,0.5415,40230775.0
1760025600000,0.5415,0.545,0.537,0.539,30857306.0
1760029200000,0.5389,0.5477,0.5382,0.547,26371778.0
1760032800000,0.547,0.5493,0.5435,0.5457,18989965.0
1760036400000,0.5458,0.5507,0.5447,0.5466,15289670.0
1760040000000,0.5466,0.5498,0.5455,0.5468,9220770.0
1760043600000,0.5469,0.5498,0.5454,0.5479,7782259.0
1760047200000,0.5479,0.5514,0.5468,0.5508,11406096.0
1760050800000,0.5508,0.551,0.5459,0.5464,9506731.0
1760054400000,0.5465,0.55,0.5437,0.5468,19262254.0
1760058000000,0.5468,0.5563,0.5467,0.5562,24923052.0
1760061600000,0.5562,0.5675,0.5555,0.558,43525002.0
1760065200000,0.558,0.5699,0.5513,0.5621,40414006.0
1760068800000,0.5621,0.5659,0.5557,0.5575,21235808.0
1760072400000,0.5575,0.5621,0.5537,0.5602,24329781.0
1760076000000,0.5603,0.5625,0.5507,0.5532,26276237.0
1760079600000,0.5531,0.5536,0.5468,0.5474,27050373.0
1760083200000,0.5474,0.5529,0.5457,0.5515,23559321.0
1760086800000,0.5515,0.556,0.545,0.5456,31724397.0
1760090400000,0.5455,0.5527,0.5429,0.5509,25552792.0
1760094000000,0.5509,0.5575,0.5496,0.5555,17879031.0
1760097600000,0.5556,0.5587,0.5538,0.5579,16417782.0
1760101200000,0.558,0.5647,0.5574,0.5613,32924734.0
1760104800000,0.5613,0.5654,0.5505,0.5523,49199829.0
1760108400000,0.5524,0.5534,0.52,0.5225,225014780.0
1760112000000,0.5224,0.5287,0.5174,0.5188,69757816.0
1760115600000,0.5187,0.5213,0.5101,0.5156,74059361.0
1760119200000,0.5156,0.5168,0.5112,0.5123,39140090.0
1760122800000,0.5123,0.5141,0.503,0.5095,71341822.0
1760126400000,0.5095,0.5119,0.4494,0.4654,230410504.0
1760130000000,0.4654,0.4733,0.128,0.4099,830393964.0
1760133600000,0.4096,0.4329,0.372,0.4283,542870766.0
1760137200000,0.4283,0.4535,0.4232,0.4355,180639567.0
1760140800000,0.4356,0.4512,0.425,0.4471,109769180.0
1760144400000,0.447,0.4483,0.4235,0.4285,88238313.0
1760148000000,0.4285,0.46,0.4283,0.4548,104674602.0
1760151600000,0.4547,0.455,0.4306,0.4359,69032380.0
1760155200000,0.436,0.4414,0.4315,0.4414,36864338.0
1760158800000,0.4413,0.4429,0.4297,0.4305,51755955.0
1760162400000,0.4306,0.4381,0.4235,0.4254,56392979.0
1760166000000,0.4254,0.4264,0.4202,0.423,51760620.0
1760169600000,0.423,0.4338,0.419,0.4321,55273903.0
1760173200000,0.432,0.4396,0.4272,0.4281,55209477.0
1760176800000,0.4281,0.4322,0.4216,0.4237,41251400.0
1760180400000,0.4237,0.4252,0.4153,0.4195,44265260.0
1760184000000,0.4194,0.4203,0.4041,0.4064,59604017.0
1760187600000,0.4063,0.4108,0.3987,0.4076,83918068.0
1760191200000,0.4076,0.4083,0.4009,0.4075,40601852.0
1760194800000,0.4075,0.4131,0.4001,0.4009,46585225.0
1760198400000,0.4008,0.4039,0.391,0.3937,60360173.0
1760202000000,0.3937,0.4001,0.3935,0.3958,41940824.0
1760205600000,0.3958,0.3964,0.3891,0.3899,31061462.0
1760209200000,0.3899,0.3902,0.3715,0.3739,88266523.0
1760212800000,0.3739,0.3755,0.3601,0.3617,112293496.0
1760216400000,0.3618,0.3734,0.3545,0.3721,116383932.0
1760220000000,0.3722,0.3739,0.3683,0.3694,43681331.0
1760223600000,0.3694,0.3719,0.3661,0.3689,34027806.0
1760227200000,0.3689,0.3698,0.3473,0.3492,83840087.0
1760230800000,0.3493,0.3557,0.3473,0.348,72390257.0
1760234400000,0.348,0.3569,0.3458,0.349,66402521.0
1760238000000,0.349,0.3576,0.3473,0.3554,104586910.0
1760241600000,0.3554,0.3662,0.3546,0.3636,83593083.0
1760245200000,0.3636,0.3661,0.3608,0.3612,50437860.0
1760248800000,0.3613,0.3713,0.3605,0.3664,57339129.0
1760252400000,0.3663,0.3693,0.3632,0.3667,42189343.0
1760256000000,0.3667,0.3685,0.3608,0.362,39405009.0
1760259600000,0.3621,0.3636,0.3566,0.3631,44596538.0
1760263200000,0.3632,0.3659,0.3589,0.3602,42242759.0
1760266800000,0.3602,0.37,0.36,0.3672,58995205.0
1760270400000,0.3671,0.3802,0.3668,0.3762,105083866.0
1760274000000,0.3762,0.3764,0.3633,0.3662,91226244.0
1760277600000,0.3662,0.3965,0.3642,0.3899,195147645.0
1760281200000,0.39,0.4085,0.3872,0.3983,243218407.0
1760284800000,0.3983,0.4079,0.396,0.4011,171828086.0
1760288400000,0.4012,0.4104,0.3999,0.4033,105818954.0
1760292000000,0.4034,0.4111,0.4005,0.4024,80736859.0
1760295600000,0.4025,0.4195,0.4024,0.4166,71916123.0
1760299200000,0.4167,0.4241,0.412,0.4175,81347023.0
1760302800000,0.4175,0.4248,0.4082,0.4151,64969737.0
1760306400000,0.4151,0.4199,0.4092,0.4125,59524456.0
1760310000000,0.4125,0.4147,0.4088,0.4117,25363205.0
1760313600000,0.4117,0.4186,0.4034,0.4073,66520838.0
1760317200000,0.4072,0.4151,0.4033,0.4134,43035712.0
1760320800000,0.4134,0.4154,0.4035,0.407,37401042.0
1760324400000,0.407,0.4095,0.4021,0.4032,36365540.0
1760328000000,0.4033,0.4047,0.3989,0.4033,34425825.0
1760331600000,0.4033,0.4076,0.4008,0.4046,28019484.0
1760335200000,0.4045,0.4185,0.4024,0.4167,54324384.0
1760338800000,0.4167,0.4321,0.4145,0.4311,109593243.0
1760342400000,0.4311,0.4487,0.4273,0.4481,116775999.0
1760346000000,0.4481,0.4504,0.4356,0.4421,97045041.0
1760349600000,0.4421,0.4484,0.4383,0.4406,60065418.0
1760353200000,0.4407,0.4409,0.4217,0.4262,125433713.0
1760356800000,0.4262,0.4378,0.4215,0.4273,79774355.0
1760360400000,0.4271,0.4447,0.426,0.4382,122582259.0
1760364000000,0.4381,0.4414,0.4206,0.4223,98092413.0
1760367600000,0.4223,0.4337,0.422,0.4296,40213533.0
1760371200000,0.4297,0.4366,0.428,0.4331,55326471.0
1760374800000,0.4331,0.449,0.4324,0.4482,51915772.0
1760378400000,0.4481,0.4588,0.443,0.4581,78596669.0
1760382000000,0.4581,0.4643,0.4538,0.457,69829228.0
1760385600000,0.4569,0.4719,0.4561,0.4713,47810300.0
1760389200000,0.4712,0.4731,0.4593,0.4612,38407807.0
1760392800000,0.4611,0.474,0.461,0.4706,32829786.0
1760396400000,0.4706,0.4772,0.4642,0.466,42374373.0
1760400000000,0.4661,0.4787,0.4659,0.4707,61068684.0
1760403600000,0.4707,0.4726,0.4614,0.4639,35413622.0
1760407200000,0.4638,0.4639,0.4542,0.4547,51172881.0
1760410800000,0.4547,0.4554,0.4466,0.4474,41686015.0
1760414400000,0.4475,0.4503,0.4379,0.4411,64779959.0
1760418000000,0.4412,0.4469,0.4336,0.4385,56894983.0
1760421600000,0.4386,0.4428,0.4194,0.4288,113767453.0
1760425200000,0.4288,0.4314,0.4183,0.4208,65031894.0
1760428800000,0.4208,0.4278,0.417,0.4254,61219764.0
1760432400000,0.4254,0.4326,0.4249,0.4283,49790422.0
1760436000000,0.4283,0.4284,0.4134,0.4208,90050390.0
1760439600000,0.421,0.431,0.4208,0.4242,54613986.0
1760443200000,0.4242,0.4246,0.4142,0.416,67398686.0
1760446800000,0.4161,0.4244,0.4103,0.4221,88481706.0
1760450400000,0.422,0.4312,0.4184,0.4213,82544850.0
1760454000000,0.4213,0.4343,0.4181,0.4336,70646061.0
1760457600000,0.4337,0.4459,0.4273,0.4321,132941093.0
1760461200000,0.4321,0.4412,0.4251,0.4333,83050019.0
1760464800000,0.4334,0.4411,0.4334,0.4376,42187750.0
1760468400000,0.4376,0.4413,0.4255,0.4329,74132726.0
1760472000000,0.4329,0.436,0.4292,0.4355,23706210.0
1760475600000,0.4354,0.436,0.432,0.4354,10784019.0
1760479200000,0.4354,0.4393,0.4332,0.4358,17364334.0
1760482800000,0.4359,0.4404,0.4354,0.4366,17147963.0
1760486400000,0.4366,0.4435,0.4326,0.4427,29541811.0
1760490000000,0.4427,0.4429,0.4362,0.4365,33489211.0
1760493600000,0.4365,0.4472,0.4361,0.4408,33294153.0
1760497200000,0.4407,0.4411,0.4356,0.4378,26324478.0
1760500800000,0.4379,0.4463,0.4346,0.4415,30583311.0
1760504400000,0.4416,0.4442,0.4385,0.4408,27043689.0
1760508000000,0.4408,0.4466,0.4376,0.4461,33068552.0
1760511600000,0.4462,0.4514,0.4423,0.449,35084582.0
1760515200000,0.449,0.4714,0.4477,0.462,92180251.0
1760518800000,0.4619,0.462,0.4485,0.4524,50702317.0
1760522400000,0.4524,0.4563,0.4489,0.4526,45377040.0
1760526000000,0.4525,0.4593,0.4456,0.456,41297932.0
1760529600000,0.456,0.4606,0.4517,0.4557,40429754.0
1760533200000,0.4557,0.4588,0.4397,0.4511,97604139.0
1760536800000,0.4511,0.4596,0.4435,0.4469,55800133.0
1760540400000,0.4468,0.4501,0.4308,0.4345,87506122.0
1760544000000,0.4345,0.4358,0.429,0.4317,42345949.0
1760547600000,0.4318,0.4348,0.4254,0.4317,49045254.0
1760551200000,0.4316,0.4393,0.4289,0.4385,28488358.0
1760554800000,0.4385,0.4427,0.4311,0.4333,36536397.0
1760558400000,0.4334,0.435,0.4177,0.4252,62056421.0
1760562000000,0.4252,0.4289,0.4202,0.4219,28715048.0
1760565600000,0.4219,0.4241,0.4166,0.4188,18697691.0
1760569200000,0.4188,0.4213,0.416,0.4193,21897433.0
1760572800000,0.4193,0.4222,0.4156,0.4182,25291164.0
1760576400000,0.4182,0.4284,0.4179,0.4267,29103335.0
1760580000000,0.4267,0.4293,0.4209,0.4249,24512074.0
1760583600000,0.4249,0.4265,0.4211,0.4218,19411711.0
1760587200000,0.4217,0.4283,0.4212,0.4217,22274523.0
1760590800000,0.4218,0.4277,0.4199,0.4236,21785997.0
1760594400000,0.4236,0.4296,0.4232,0.428,20246681.0
1760598000000,0.4281,0.4295,0.4242,0.4251,20161265.0
1760601600000,0.4251,0.4263,0.4196,0.4208,21271524.0
1760605200000,0.4207,0.44,0.4106,0.4359,122287225.0
1760608800000,0.4358,0.4436,0.4335,0.4378,56038393.0
1760612400000,0.4378,0.4411,0.4337,0.4407,27502066.0
1760616000000,0.4408,0.4447,0.4367,0.4373,33224157.0
1760619600000,0.4372,0.4401,0.4317,0.4329,36639026.0
1760623200000,0.433,0.434,0.4191,0.4243,91543848.0
1760626800000,0.4244,0.4254,0.4074,0.4105,92138063.0
1760630400000,0.4105,0.4159,0.3996,0.4149,117256915.0
1760634000000,0.415,0.4151,0.4042,0.405,51986035.0
1760637600000,0.405,0.4096,0.4009,0.4072,44248515.0
1760641200000,0.4072,0.4083,0.3974,0.3999,50409577.0
1760644800000,0.3999,0.4027,0.3932,0.3981,43816871.0
1760648400000,0.3981,0.4038,0.3968,0.4034,18624326.0
1760652000000,0.4035,0.4046,0.3997,0.4,16916751.0
1760655600000,0.3999,0.4038,0.399,0.4022,15556818.0
1760659200000,0.4022,0.406,0.4016,0.4056,17112049.0
1760662800000,0.4057,0.4091,0.4009,0.4028,20557205.0
1760666400000,0.4028,0.4068,0.3982,0.4055,23060887.0
1760670000000,0.4056,0.4105,0.4056,0.4094,25442410.0
1760673600000,0.4094,0.4116,0.4078,0.4105,18208164.0
1760677200000,0.4106,0.4123,0.4066,0.4105,34172167.0
1760680800000,0.4106,0.4111,0.3923,0.3957,93665738.0
1760684400000,0.3957,0.3969,0.3827,0.3838,139948161.0
1760688000000,0.3839,0.3901,0.379,0.3803,132333359.0
1760691600000,0.3803,0.4064,0.3786,0.4036,131720259.0
1760695200000,0.4036,0.4196,0.3982,0.4169,149157677.0
1760698800000,0.417,0.434,0.4129,0.423,159688129.0
1760702400000,0.4229,0.4321,0.4196,0.4203,54442414.0
1760706000000,0.4203,0.424,0.414,0.4206,74987846.0
1760709600000,0.4205,0.4237,0.4132,0.4182,59131378.0
1760713200000,0.4182,0.4342,0.4158,0.4334,74012138.0
1760716800000,0.4334,0.4399,0.4278,0.429,108859942.0
1760720400000,0.429,0.4399,0.4245,0.4382,66187075.0
1760724000000,0.4382,0.4485,0.4361,0.4399,84793896.0
1760727600000,0.4399,0.4413,0.4331,0.4387,41520510.0
1760731200000,0.4387,0.4461,0.4349,0.4393,31050162.0
1760734800000,0.4393,0.4446,0.4368,0.4416,27143470.0
1760738400000,0.4417,0.4439,0.4357,0.4373,17221549.0
1760742000000,0.4373,0.4381,0.4323,0.4353,30870962.0
1760745600000,0.4352,0.4387,0.4332,0.4364,21528893.0
1760749200000,0.4364,0.4444,0.4363,0.4412,31284722.0
1760752800000,0.4412,0.4473,0.4405,0.4421,36674081.0
1760756400000,0.4421,0.4481,0.4395,0.4439,26596863.0
1760760000000,0.4439,0.4444,0.439,0.442,23804180.0
1760763600000,0.4421,0.4553,0.4421,0.4548,41845456.0
1760767200000,0.4549,0.4614,0.4489,0.4608,58527538.0
1760770800000,0.4608,0.472,0.4533,0.4546,105723479.0
1760774400000,0.4545,0.4617,0.4504,0.4506,49076100.0
1760778000000,0.4505,0.4555,0.4451,0.4525,49190120.0
1760781600000,0.4526,0.4574,0.4507,0.457,23317581.0
1760785200000,0.457,0.4623,0.4534,0.4596,36590107.0
1760788800000,0.4597,0.4632,0.4567,0.4603,30512784.0
1760792400000,0.4603,0.463,0.4535,0.4569,40582389.0
1760796000000,0.457,0.4694,0.4524,0.4652,65054427.0
1760799600000,0.4652,0.4711,0.4593,0.4647,48259885.0
1760803200000,0.4648,0.466,0.4552,0.457,37141633.0
1760806800000,0.4569,0.4665,0.4536,0.4656,29669081.0
1760810400000,0.4656,0.4714,0.4635,0.4683,32735630.0
1760814000000,0.4682,0.4716,0.4642,0.4674,23494035.0
1760817600000,0.4675,0.4706,0.4645,0.4659,20643577.0
1760821200000,0.4659,0.4672,0.4619,0.4655,17698595.0
1760824800000,0.4654,0.4702,0.4619,0.4619,18527259.0
1760828400000,0.4619,0.4653,0.4613,0.4618,10477588.0
1760832000000,0.4618,0.4638,0.4554,0.4569,22665942.0
1760835600000,0.4569,0.4605,0.4549,0.4588,15506520.0
1760839200000,0.4588,0.4605,0.4558,0.4572,13435585.0
1760842800000,0.4572,0.4607,0.455,0.4592,23407332.0
1760846400000,0.4591,0.4597,0.4519,0.4544,23903437.0
1760850000000,0.4544,0.4596,0.4544,0.4557,15958406.0
1760853600000,0.4558,0.4568,0.4511,0.4519,15801441.0
1760857200000,0.4519,0.4553,0.4508,0.4522,17173885.0
1760860800000,0.4522,0.4576,0.4458,0.4503,49979284.0
1760864400000,0.4503,0.472,0.445,0.4632,93269205.0
1760868000000,0.4633,0.4855,0.4633,0.4805,139213708.0
1760871600000,0.4805,0.4958,0.4798,0.4939,102352023.0
1760875200000,0.494,0.4954,0.4836,0.4922,66693269.0
1760878800000,0.4923,0.5015,0.4885,0.4953,69354448.0
1760882400000,0.4953,0.5044,0.4918,0.499,72754702.0
1760886000000,0.4989,0.5014,0.4953,0.4973,32417624.0
1760889600000,0.4974,0.5042,0.493,0.4997,38675115.0
1760893200000,0.4997,0.5061,0.4949,0.4965,44691163.0
1760896800000,0.4966,0.4987,0.4932,0.4939,20579514.0
1760900400000,0.4938,0.4976,0.4894,0.4961,24093503.0
1760904000000,0.4961,0.4986,0.4934,0.4981,14702812.0
1760907600000,0.4981,0.4985,0.4923,0.4928,19240846.0
1760911200000,0.4929,0.4952,0.4923,0.4941,14365727.0
1760914800000,0.4941,0.4941,0.48,0.4815,38840074.0
1760918400000,0.4814,0.4814,0.4685,0.4704,61276558.0
1760922000000,0.4704,0.474,0.4673,0.4689,27314980.0
1760925600000,0.4689,0.4738,0.4652,0.4726,43200777.0
1760929200000,0.4726,0.4845,0.4721,0.475,65855150.0
1760932800000,0.475,0.4786,0.4675,0.4776,84435834.0
1760936400000,0.4775,0.4775,0.4661,0.4712,49862425.0
1760940000000,0.4712,0.4727,0.4635,0.4722,60346323.0
1760943600000,0.4721,0.4729,0.4659,0.4674,27538862.0
1760947200000,0.4673,0.4707,0.4638,0.4677,33341955.0
1760950800000,0.4676,0.4681,0.4631,0.4661,23548788.0
1760954400000,0.4661,0.4697,0.4627,0.4645,29796328.0
1760958000000,0.4645,0.4719,0.4642,0.4704,27648542.0
1760961600000,0.4705,0.4729,0.4673,0.4712,40871022.0
1760965200000,0.4711,0.4766,0.4666,0.4735,54689840.0
1760968800000,0.4735,0.4765,0.4663,0.4704,42558606.0
1760972400000,0.4704,0.4799,0.4678,0.4681,88105668.0
1760976000000,0.4682,0.4685,0.4523,0.4573,129903652.0
1760979600000,0.4573,0.4596,0.4515,0.4543,42070844.0
1760983200000,0.4544,0.4567,0.4483,0.45,43065491.0
1760986800000,0.45,0.4536,0.4485,0.4507,22142004.0
1760990400000,0.4508,0.4556,0.4495,0.4542,19600364.0
1760994000000,0.4541,0.4567,0.4503,0.4515,16780317.0
1760997600000,0.4514,0.4563,0.4505,0.4546,16136449.0
1761001200000,0.4545,0.4562,0.4508,0.4514,15214627.0
1761004800000,0.4515,0.4534,0.448,0.4515,20808724.0
1761008400000,0.4516,0.4517,0.4413,0.4438,38615267.0
1761012000000,0.4439,0.4443,0.4417,0.4422,24690560.0
1761015600000,0.4422,0.4434,0.4381,0.4387,29002595.0
1761019200000,0.4386,0.4402,0.4347,0.4354,61105243.0
1761022800000,0.4354,0.4511,0.4354,0.4463,74098680.0
1761026400000,0.4463,0.4502,0.4435,0.4463,31389318.0
1761030000000,0.4462,0.4577,0.4458,0.4533,44933519.0
1761033600000,0.4532,0.4544,0.4472,0.4493,31726675.0
1761037200000,0.4493,0.4506,0.4461,0.4472,17471133.0
1761040800000,0.4473,0.4503,0.4444,0.4482,29277400.0
1761044400000,0.4482,0.4489,0.4438,0.4467,28718032.0
1761048000000,0.4467,0.4532,0.4422,0.4427,32813049.0
1761051600000,0.4427,0.447,0.4391,0.4411,58775415.0
1761055200000,0.441,0.4542,0.44,0.4529,104465333.0
1761058800000,0.453,0.4704,0.4481,0.4614,154678609.0
1761062400000,0.4614,0.4658,0.4483,0.4507,77681695.0
1761066000000,0.4507,0.4574,0.4427,0.4545,94007829.0
1761069600000,0.4545,0.457,0.4488,0.4562,39621078.0
1761073200000,0.4562,0.4611,0.4546,0.4592,27031849.0
1761076800000,0.4593,0.4634,0.4517,0.4605,48204993.0
1761080400000,0.4605,0.4703,0.4521,0.4694,44825308.0
1761084000000,0.4694,0.4715,0.4561,0.4584,66162396.0
1761087600000,0.4585,0.4609,0.4526,0.454,34442617.0
1761091200000,0.4541,0.4549,0.4441,0.4462,48617175.0
1761094800000,0.4463,0.4525,0.4455,0.4492,31088919.0
1761098400000,0.4493,0.4559,0.4486,0.4505,24841858.0
1761102000000,0.4505,0.4518,0.448,0.449,17421987.0
1761105600000,0.449,0.4512,0.4466,0.4479,21325389.0
1761109200000,0.4478,0.4484,0.4383,0.4402,33887512.0
1761112800000,0.4401,0.4426,0.4385,0.442,23274006.0
1761116400000,0.4419,0.4548,0.4366,0.4545,57493793.0
1761120000000,0.4544,0.4544,0.4453,0.4493,37828564.0
1761123600000,0.4493,0.4597,0.4457,0.4556,46002873.0
1761127200000,0.4557,0.4632,0.4509,0.4589,58884854.0
1761130800000,0.4589,0.475,0.4528,0.4653,140214186.0
1761134400000,0.4654,0.4677,0.4574,0.4611,47089629.0
1761138000000,0.4612,0.4644,0.4559,0.4617,41372967.0
1761141600000,0.4617,0.4627,0.4179,0.4385,274993527.0
1761145200000,0.4384,0.4399,0.4228,0.43,127734439.0
1761148800000,0.43,0.4447,0.4272,0.4382,94189967.0
1761152400000,0.4383,0.4396,0.4281,0.4301,38232262.0
1761156000000,0.43,0.4348,0.4291,0.4317,18726381.0
1761159600000,0.4317,0.4402,0.4297,0.4339,38546047.0
1761163200000,0.4339,0.4363,0.4282,0.4297,24090875.0
1761166800000,0.4296,0.4309,0.4193,0.4248,62745688.0
1761170400000,0.4246,0.4299,0.4242,0.4269,19272242.0
1761174000000,0.4268,0.4355,0.4268,0.4343,24885501.0
1761177600000,0.4342,0.442,0.433,0.4382,27098504.0
1761181200000,0.4382,0.4435,0.4362,0.442,23960733.0
1761184800000,0.4421,0.4438,0.4388,0.4406,18310170.0
1761188400000,0.4405,0.4454,0.44,0.4443,16655252.0
1761192000000,0.4444,0.4479,0.4416,0.445,19660893.0
1761195600000,0.4451,0.4461,0.4404,0.4435,22529011.0
1761199200000,0.4435,0.4579,0.4433,0.4575,47139478.0
1761202800000,0.4575,0.4607,0.4521,0.4598,36782007.0
1761206400000,0.4598,0.4651,0.4576,0.4612,34846341.0
1761210000000,0.4612,0.4685,0.4606,0.4676,39752957.0
1761213600000,0.4676,0.4688,0.4626,0.4646,25421029.0
1761217200000,0.4646,0.4665,0.4616,0.4619,36315593.0
1761220800000,0.4618,0.4687,0.4587,0.4668,50797261.0
1761224400000,0.4669,0.4732,0.4642,0.4695,39655320.0
1761228000000,0.4695,0.4706,0.4598,0.4653,46718161.0
1761231600000,0.4653,0.47,0.4603,0.4657,41798423.0
1761235200000,0.4657,0.4719,0.4657,0.471,22462245.0
1761238800000,0.471,0.4759,0.4661,0.4672,50287880.0
1761242400000,0.4672,0.4675,0.4564,0.4585,59900518.0
1761246000000,0.4586,0.4587,0.4526,0.4564,29913191.0
1761249600000,0.4564,0.4564,0.4453,0.4471,29405868.0
1761253200000,0.447,0.452,0.4463,0.4503,17540194.0
1761256800000,0.4503,0.4545,0.45,0.453,18006854.0
1761260400000,0.453,0.4558,0.4518,0.4552,15887524.0
1761264000000,0.4552,0.4577,0.4523,0.453,39543495.0
1761267600000,0.4531,0.4555,0.4528,0.4548,11682732.0
1761271200000,0.4549,0.4609,0.4527,0.4605,18787439.0
1761274800000,0.4605,0.4608,0.452,0.4541,18937584.0
1761278400000,0.4541,0.4735,0.4528,0.4669,52542157.0
1761282000000,0.467,0.4727,0.4667,0.4696,24870750.0
1761285600000,0.4697,0.4703,0.4631,0.4667,23169478.0
1761289200000,0.4667,0.4677,0.4589,0.4652,36399777.0
1761292800000,0.4652,0.4699,0.4624,0.4668,28211527.0
1761296400000,0.4669,0.4741,0.4658,0.473,28652434.0
1761300000000,0.473,0.4802,0.4725,0.4747,37397663.0
1761303600000,0.4748,0.4766,0.4687,0.4734,26379212.0
1761307200000,0.4733,0.4873,0.4732,0.4828,60220572.0
1761310800000,0.4827,0.4839,0.4718,0.4766,40415485.0
1761314400000,0.4765,0.4765,0.4662,0.4719,38971125.0
1761318000000,0.4719,0.4742,0.4671,0.4726,34028324.0
1761321600000,0.4726,0.474,0.4649,0.4685,25094209.0
1761325200000,0.4684,0.4712,0.4658,0.4689,18329535.0
1761328800000,0.4689,0.4748,0.4679,0.4726,15233133.0
1761332400000,0.4727,0.4829,0.4723,0.4807,28814122.0
1761336000000,0.4807,0.4852,0.4798,0.4838,18567085.0
1761339600000,0.4838,0.4842,0.4794,0.48,12233491.0
1761343200000,0.48,0.4802,0.4772,0.4784,9944520.0
1761346800000,0.4784,0.483,0.4777,0.482,9567367.0
1761350400000,0.482,0.482,0.4737,0.4739,17218717.0
1761354000000,0.4738,0.4785,0.472,0.4734,16924786.0
1761357600000,0.4733,0.4745,0.4726,0.4733,8762321.0
1761361200000,0.4732,0.4742,0.4695,0.4697,11646543.0
1761364800000,0.4698,0.4708,0.4668,0.4677,12945953.0
1761368400000,0.4677,0.4704,0.4659,0.4697,15848791.0
1761372000000,0.4698,0.4698,0.4662,0.4668,12843946.0
1761375600000,0.4668,0.4686,0.4636,0.4654,19577859.0
1761379200000,0.4654,0.4664,0.4629,0.466,19640412.0
1761382800000,0.466,0.4665,0.458,0.4606,36063619.0
1761386400000,0.4605,0.4621,0.4581,0.4601,22677032.0
1761390000000,0.46,0.4627,0.4591,0.4621,15064251.0
1761393600000,0.462,0.4658,0.4617,0.4621,21351474.0
1761397200000,0.4621,0.465,0.4597,0.4623,23420628.0
1761400800000,0.4624,0.4665,0.462,0.4659,14581206.0
1761404400000,0.4658,0.4661,0.4617,0.4637,16840803.0
1761408000000,0.4637,0.4638,0.4608,0.4628,14869325.0
1761411600000,0.4627,0.4636,0.4614,0.4627,8585385.0
1761415200000,0.4628,0.4666,0.4626,0.4655,14199898.0
1761418800000,0.4655,0.4682,0.4643,0.4669,14398276.0
1761422400000,0.4669,0.4694,0.4666,0.4669,9982710.0
1761426000000,0.4669,0.471,0.4666,0.4682,9916742.0
1761429600000,0.4681,0.4716,0.4672,0.471,9760044.0
1761433200000,0.4709,0.4728,0.4697,0.4709,11236695.0
1761436800000,0.471,0.471,0.46,0.467,46386962.0
1761440400000,0.467,0.4688,0.4595,0.4627,24933622.0
1761444000000,0.4627,0.4632,0.4591,0.4611,21111480.0
1761447600000,0.4612,0.4614,0.4565,0.4605,19180914.0
1761451200000,0.4606,0.4635,0.4593,0.4626,8407490.0
1761454800000,0.4627,0.4647,0.4617,0.4635,8113377.0
1761458400000,0.4635,0.4639,0.4611,0.4616,8498080.0
1761462000000,0.4615,0.4642,0.461,0.4639,8463820.0
1761465600000,0.4639,0.4705,0.4637,0.4701,17180741.0
1761469200000,0.4701,0.4798,0.4698,0.4795,45174825.0
1761472800000,0.4796,0.4847,0.4774,0.4783,40012121.0
1761476400000,0.4784,0.4879,0.4764,0.4862,37957982.0
1761480000000,0.4861,0.49,0.4822,0.4877,44608597.0
1761483600000,0.4877,0.4979,0.4849,0.4942,52746883.0
1761487200000,0.494,0.4968,0.4908,0.4958,28560455.0
1761490800000,0.4958,0.502,0.4913,0.4978,37210680.0
1761494400000,0.4977,0.5019,0.4952,0.4983,27348998.0
1761498000000,0.4982,0.5035,0.4974,0.4997,22444485.0
1761501600000,0.4997,0.5035,0.4985,0.4993,16433063.0
1761505200000,0.4993,0.5015,0.4977,0.5007,12714425.0
1761508800000,0.5008,0.5046,0.4985,0.5014,23237037.0
1761512400000,0.5014,0.5077,0.498,0.5026,16617035.0
1761516000000,0.5026,0.518,0.5026,0.5092,56948747.0
1761519600000,0.5093,0.5131,0.5078,0.5093,21441727.0
1761523200000,0.5093,0.5141,0.5065,0.5101,25150179.0
1761526800000,0.5101,0.5139,0.5069,0.5124,20752910.0
1761530400000,0.5125,0.519,0.5115,0.5157,24791364.0
1761534000000,0.5157,0.5231,0.5143,0.5205,26369540.0
1761537600000,0.5205,0.5276,0.5134,0.5258,34110335.0
1761541200000,0.5257,0.5331,0.5226,0.5268,31908889.0
1761544800000,0.5267,0.5278,0.5201,0.5245,26297026.0
1761548400000,0.5245,0.534,0.5213,0.5268,40196030.0
1761552000000,0.5267,0.5324,0.522,0.5234,49513058.0
1761555600000,0.5235,0.5245,0.5137,0.5152,72135104.0
1761559200000,0.5151,0.5186,0.5125,0.5159,30168030.0
1761562800000,0.5159,0.5175,0.503,0.5078,51156481.0
1761566400000,0.5078,0.5078,0.4981,0.4989,33758981.0
1761570000000,0.4989,0.5052,0.4937,0.5001,51260930.0
1761573600000,0.5001,0.5023,0.4951,0.502,43185708.0
1761577200000,0.5019,0.5052,0.4992,0.5022,30579089.0
1761580800000,0.5023,0.5075,0.5008,0.5059,34054896.0
1761584400000,0.5058,0.51,0.5032,0.5083,24904641.0
1761588000000,0.5083,0.5143,0.5066,0.5103,30066538.0
1761591600000,0.5103,0.5138,0.5037,0.5044,28607366.0
1761595200000,0.5044,0.5071,0.5013,0.5026,21771561.0
1761598800000,0.5025,0.5107,0.5019,0.5059,16076037.0
1761602400000,0.5059,0.509,0.5008,0.5014,18089170.0
1761606000000,0.5014,0.5038,0.4988,0.501,15663264.0
1761609600000,0.5009,0.5029,0.4972,0.4999,15309110.0
1761613200000,0.5,0.5016,0.4971,0.5,10801287.0
1761616800000,0.5,0.5029,0.4926,0.4987,28028077.0
1761620400000,0.4986,0.5007,0.4935,0.4962,15573795.0
1761624000000,0.4961,0.4993,0.4944,0.4973,10602626.0
1761627600000,0.4973,0.4984,0.49,0.4913,20279778.0
1761631200000,0.4913,0.4942,0.4913,0.492,16174809.0
1761634800000,0.4921,0.4949,0.4915,0.4922,18628341.0
1761638400000,0.4923,0.4983,0.4903,0.4952,18582674.0
1761642000000,0.4951,0.4963,0.4903,0.4929,14258297.0
1761645600000,0.4929,0.4956,0.4911,0.4938,11759374.0
1761649200000,0.4938,0.5001,0.4914,0.492,34207355.0
1761652800000,0.492,0.4926,0.4872,0.4907,25564837.0
1761656400000,0.4907,0.4992,0.4906,0.4981,33768991.0
1761660000000,0.4981,0.5038,0.4789,0.4889,88452124.0
1761663600000,0.489,0.4928,0.4745,0.4786,77896097.0
1761667200000,0.4786,0.482,0.4741,0.475,67907387.0
1761670800000,0.475,0.4771,0.465,0.4701,71984337.0
1761674400000,0.4701,0.4726,0.4651,0.467,27515218.0
1761678000000,0.4671,0.468,0.4594,0.4613,56931041.0
1761681600000,0.4613,0.4656,0.4576,0.4614,74482955.0
1761685200000,0.4614,0.4657,0.4576,0.4613,36223074.0
1761688800000,0.4613,0.4629,0.4583,0.4615,23038494.0
1761692400000,0.4615,0.4619,0.4595,0.4599,11811405.0
1761696000000,0.4599,0.4644,0.4576,0.4621,19537096.0
1761699600000,0.4621,0.4622,0.4569,0.4591,27449822.0
1761703200000,0.4591,0.4597,0.4579,0.4589,9215172.0
1761706800000,0.4589,0.459,0.4507,0.4544,37392903.0
1761710400000,0.4545,0.4547,0.4514,0.4526,19838394.0
1761714000000,0.4525,0.4633,0.4524,0.46,38034025.0
1761717600000,0.4599,0.4655,0.4577,0.461,24120577.0
1761721200000,0.461,0.4633,0.4565,0.4601,21858800.0
1761724800000,0.46,0.4605,0.4537,0.4552,28993767.0
1761728400000,0.4551,0.4563,0.4542,0.4551,13167561.0
1761732000000,0.4551,0.462,0.454,0.4603,23405815.0
1761735600000,0.4603,0.4649,0.4601,0.4603,34852868.0
1761739200000,0.4604,0.4635,0.4559,0.4565,39081845.0
1761742800000,0.4566,0.4601,0.4522,0.4529,42604096.0
1761746400000,0.4529,0.4545,0.447,0.4528,58714057.0
1761750000000,0.4528,0.4548,0.4444,0.4491,46702847.0
1761753600000,0.4492,0.4531,0.4462,0.4506,47095710.0
1761757200000,0.4505,0.4566,0.4482,0.4564,28028083.0
1761760800000,0.4563,0.4589,0.4301,0.4498,136965694.0
1761764400000,0.4498,0.4554,0.4458,0.451,48152539.0
1761768000000,0.4511,0.4562,0.4468,0.4535,30776977.0
1761771600000,0.4535,0.4544,0.4492,0.4513,16806054.0
1761775200000,0.4512,0.4525,0.4491,0.4493,12091301.0
1761778800000,0.4493,0.4503,0.4383,0.4426,32817544.0
1761782400000,0.4426,0.4449,0.4374,0.4441,23336946.0
1761786000000,0.4442,0.445,0.4403,0.4423,20013086.0
1761789600000,0.4422,0.4444,0.4406,0.4429,12775526.0
1761793200000,0.4429,0.4432,0.4307,0.4346,43124113.0
1761796800000,0.4345,0.4346,0.4151,0.4215,131287410.0
1761800400000,0.4214,0.4252,0.4181,0.4234,42397184.0
1761804000000,0.4233,0.4274,0.4211,0.4235,31457705.0
1761807600000,0.4236,0.4308,0.4235,0.4295,31301037.0
1761811200000,0.4294,0.4308,0.4242,0.4246,23749535.0
1761814800000,0.4245,0.4262,0.4212,0.4215,27702203.0
1761818400000,0.4215,0.4235,0.418,0.4191,33121301.0
1761822000000,0.419,0.42,0.416,0.4172,35155524.0
1761825600000,0.4171,0.4197,0.4052,0.4082,135880972.0
1761829200000,0.4082,0.4127,0.4023,0.4092,95938616.0
1761832800000,0.4092,0.4145,0.4061,0.407,46396955.0
1761836400000,0.4069,0.4078,0.3963,0.3983,80725330.0
1761840000000,0.3983,0.4018,0.3961,0.3983,33768309.0
1761843600000,0.3983,0.3986,0.3806,0.3912,141087710.0
1761847200000,0.3913,0.3916,0.3839,0.3854,44397228.0
1761850800000,0.3855,0.3893,0.3844,0.3867,32392146.0
1761854400000,0.3866,0.3914,0.3855,0.3908,54961635.0
1761858000000,0.3908,0.3938,0.3889,0.3934,25809454.0
1761861600000,0.3934,0.3953,0.3922,0.3932,19936968.0
1761865200000,0.3932,0.3965,0.3917,0.3935,23194168.0
1761868800000,0.3936,0.3983,0.392,0.3944,33766762.0
1761872400000,0.3944,0.3993,0.3937,0.3963,29225943.0
1761876000000,0.3964,0.3964,0.3909,0.3931,35883049.0
1761879600000,0.3931,0.3986,0.3924,0.3961,27688589.0
1761883200000,0.3961,0.3995,0.3956,0.3961,30304569.0
1761886800000,0.3961,0.3969,0.3935,0.3968,15792346.0
1761890400000,0.3968,0.3987,0.395,0.3954,16336364.0
1761894000000,0.3954,0.3979,0.3947,0.3959,16475775.0
1761897600000,0.3959,0.398,0.3934,0.3971,15019488.0
1761901200000,0.3971,0.3982,0.395,0.3962,16675451.0
1761904800000,0.3963,0.4002,0.396,0.3982,17410888.0
1761908400000,0.3983,0.4017,0.3948,0.4011,26659788.0
1761912000000,0.401,0.4048,0.3963,0.3966,59718397.0
1761915600000,0.3966,0.4005,0.3952,0.4001,24967646.0
1761919200000,0.4002,0.4033,0.3973,0.4022,23728977.0
1761922800000,0.4023,0.404,0.3984,0.3986,34444755.0
1761926400000,0.3985,0.3994,0.388,0.3906,52807586.0
1761930000000,0.3905,0.3942,0.3879,0.3908,37820421.0
1761933600000,0.3909,0.3946,0.3882,0.3915,22294946.0
1761937200000,0.3914,0.3989,0.3892,0.3965,27979369.0
1761940800000,0.3964,0.3975,0.3903,0.3907,23022211.0
1761944400000,0.3907,0.3922,0.3886,0.3916,12157064.0
1761948000000,0.3917,0.3961,0.3911,0.3933,11027502.0
1761951600000,0.3933,0.394,0.3906,0.3917,15634107.0
1761955200000,0.3917,0.3917,0.3858,0.3896,24459008.0
1761958800000,0.3895,0.3922,0.3862,0.3863,14317925.0
1761962400000,0.3864,0.3899,0.382,0.3898,31269943.0
1761966000000,0.3898,0.3941,0.3898,0.3916,21173474.0
1761969600000,0.3915,0.3921,0.387,0.3894,15084174.0
1761973200000,0.3894,0.3912,0.3855,0.3857,13890126.0
1761976800000,0.3857,0.3884,0.3853,0.3872,12414874.0
1761980400000,0.3873,0.3903,0.3863,0.3898,15374158.0
1761984000000,0.3898,0.3916,0.3882,0.3914,11890343.0
1761987600000,0.3914,0.3948,0.3884,0.3886,24401038.0
1761991200000,0.3887,0.3939,0.3886,0.3926,14433171.0
1761994800000,0.3927,0.396,0.3905,0.3957,19629792.0
1761998400000,0.3958,0.3999,0.3942,0.3952,29695328.0
1762002000000,0.3952,0.3958,0.3899,0.3917,24504114.0
1762005600000,0.3917,0.3931,0.3864,0.3877,29642222.0
1762009200000,0.3877,0.3931,0.3868,0.3915,29435492.0
1762012800000,0.3915,0.3932,0.3889,0.391,19378112.0
1762016400000,0.391,0.3912,0.3885,0.3895,13039956.0
1762020000000,0.3896,0.392,0.3887,0.3919,9065578.0
1762023600000,0.3918,0.3923,0.3892,0.3921,9128220.0
1762027200000,0.3922,0.3937,0.3908,0.3914,9607677.0
1762030800000,0.3914,0.392,0.368,0.3772,52646255.0
1762034400000,0.3772,0.3862,0.3762,0.386,47093316.0
1762038000000,0.3861,0.3878,0.3833,0.3873,16124472.0
1762041600000,0.3872,0.388,0.3828,0.383,16054265.0
1762045200000,0.3831,0.3855,0.3825,0.384,9870246.0
1762048800000,0.3839,0.387,0.3818,0.3836,14054765.0
1762052400000,0.3836,0.3843,0.3816,0.3827,7166204.0
1762056000000,0.3827,0.3951,0.382,0.395,32759061.0
1762059600000,0.395,0.3958,0.3861,0.3894,27328966.0
1762063200000,0.3895,0.3923,0.3875,0.3914,12891496.0
1762066800000,0.3915,0.3945,0.3888,0.3923,13972859.0
1762070400000,0.3923,0.3934,0.3881,0.39,20895847.0
1762074000000,0.39,0.3924,0.3853,0.386,27518351.0
1762077600000,0.386,0.3873,0.3796,0.3842,31108015.0
1762081200000,0.3841,0.3877,0.3831,0.3873,13394766.0
1762084800000,0.3872,0.3878,0.3831,0.3848,17839989.0
1762088400000,0.3847,0.385,0.378,0.3794,32547987.0
1762092000000,0.3793,0.3805,0.3634,0.3659,155137969.0
1762095600000,0.3659,0.368,0.3621,0.3623,57560242.0
1762099200000,0.3623,0.3759,0.3612,0.3742,63429425.0
1762102800000,0.3741,0.3751,0.3668,0.3701,28792163.0
1762106400000,0.3701,0.3703,0.3677,0.3682,14357532.0
1762110000000,0.3682,0.3686,0.3644,0.3668,18557656.0
1762113600000,0.3669,0.3674,0.365,0.3667,13197727.0
1762117200000,0.3667,0.368,0.3652,0.3664,14264428.0
1762120800000,0.3664,0.3687,0.3641,0.3665,17007361.0
1762124400000,0.3665,0.3778,0.3665,0.3738,39812666.0
1762128000000,0.3739,0.3756,0.3656,0.366,37198541.0
1762131600000,0.3659,0.3676,0.36,0.3611,46838178.0
1762135200000,0.3611,0.3622,0.3565,0.3618,45034981.0
1762138800000,0.3618,0.3633,0.3514,0.3545,63581976.0
1762142400000,0.3544,0.3547,0.3503,0.3541,42234041.0
1762146000000,0.3541,0.3606,0.354,0.3565,39996616.0
1762149600000,0.3566,0.3574,0.3502,0.3555,35955186.0
1762153200000,0.3554,0.3642,0.3545,0.3587,42995938.0
1762156800000,0.3587,0.3602,0.3561,0.3585,22593676.0
1762160400000,0.3586,0.3614,0.3546,0.355,24458794.0
1762164000000,0.355,0.3566,0.3503,0.3518,20314997.0
1762167600000,0.3517,0.3549,0.3516,0.3524,33378614.0
1762171200000,0.3524,0.3582,0.3521,0.3528,20417494.0
1762174800000,0.3527,0.3568,0.3502,0.3533,38136035.0
1762178400000,0.3533,0.3558,0.3509,0.3557,31868493.0
1762182000000,0.3557,0.357,0.32,0.3334,278640024.0
1762185600000,0.3335,0.3435,0.3317,0.339,81367874.0
1762189200000,0.3389,0.3455,0.3375,0.3419,38612560.0
1762192800000,0.3419,0.3426,0.3353,0.3356,18484855.0
1762196400000,0.3356,0.3362,0.3312,0.3318,26250438.0
1762200000000,0.3318,0.3333,0.3249,0.3262,44572386.0
1762203600000,0.3262,0.3335,0.3254,0.3333,36856519.0
1762207200000,0.3333,0.335,0.3283,0.3294,23431019.0
1762210800000,0.3293,0.3329,0.3262,0.3328,20551069.0
1762214400000,0.3327,0.339,0.3293,0.336,29049683.0
1762218000000,0.3361,0.3384,0.3336,0.3366,19317050.0
1762221600000,0.3365,0.3401,0.3354,0.3354,19518171.0
1762225200000,0.3354,0.3419,0.3345,0.3391,19473671.0
1762228800000,0.3391,0.3397,0.3331,0.3336,16215585.0
1762232400000,0.3336,0.3345,0.319,0.3205,86919467.0
1762236000000,0.3204,0.3331,0.3202,0.3308,62413173.0
1762239600000,0.3307,0.3319,0.321,0.3237,50416499.0
1762243200000,0.3237,0.3327,0.3219,0.3287,79647400.0
1762246800000,0.3287,0.3298,0.3252,0.3265,31654545.0
1762250400000,0.3265,0.3293,0.3242,0.3253,24554357.0
1762254000000,0.3253,0.3297,0.3232,0.3245,36774818.0
1762257600000,0.3246,0.3263,0.3196,0.3221,29721941.0
1762261200000,0.3221,0.3251,0.3201,0.3216,38337748.0
1762264800000,0.3216,0.3327,0.3172,0.331,81803465.0
1762268400000,0.3311,0.3333,0.3219,0.3237,63344791.0
1762272000000,0.3237,0.326,0.3168,0.318,64413452.0
1762275600000,0.3179,0.3228,0.311,0.3201,88228043.0
1762279200000,0.3201,0.3262,0.3161,0.3223,110626843.0
1762282800000,0.3223,0.3242,0.3132,0.3138,49783924.0
1762286400000,0.3139,0.3166,0.2981,0.313,164399150.0
1762290000000,0.3131,0.3146,0.297,0.3145,127707634.0
1762293600000,0.3145,0.324,0.3128,0.3213,61724984.0
1762297200000,0.3213,0.3243,0.3177,0.3183,32070128.0
1762300800000,0.3183,0.3194,0.3109,0.3126,31506893.0
1762304400000,0.3126,0.3138,0.2996,0.3121,68576611.0
1762308000000,0.3121,0.322,0.3121,0.3219,60376166.0
1762311600000,0.322,0.3261,0.3203,0.3241,42625859.0
1762315200000,0.3241,0.3253,0.3208,0.3236,26032240.0
1762318800000,0.3236,0.3266,0.3234,0.3242,19029477.0
1762322400000,0.3242,0.3249,0.3215,0.3247,21068875.0
1762326000000,0.3246,0.3249,0.3184,0.3199,26294607.0
1762329600000,0.3199,0.3207,0.3139,0.3165,39263375.0
1762333200000,0.3165,0.3202,0.3158,0.3183,20140237.0
1762336800000,0.3183,0.3192,0.3141,0.3145,17647608.0
1762340400000,0.3144,0.3219,0.3143,0.3211,21105734.0
1762344000000,0.321,0.3234,0.3176,0.3232,40628668.0
1762347600000,0.3232,0.3288,0.3199,0.3263,39139753.0
1762351200000,0.3262,0.3292,0.3214,0.3267,50952091.0
1762354800000,0.3268,0.3319,0.3251,0.3316,45657901.0
1762358400000,0.3316,0.339,0.3294,0.3384,55302241.0
1762362000000,0.3384,0.339,0.3334,0.3345,36435303.0
1762365600000,0.3344,0.3425,0.3336,0.3406,35737300.0
1762369200000,0.3406,0.3427,0.3366,0.3369,34782591.0
1762372800000,0.3369,0.3391,0.3347,0.3368,24121601.0
1762376400000,0.3367,0.3368,0.3321,0.3325,21558182.0
1762380000000,0.3325,0.3347,0.3309,0.334,18518504.0
1762383600000,0.334,0.3348,0.3315,0.3319,13490555.0
1762387200000,0.3319,0.332,0.328,0.3286,21222146.0
1762390800000,0.3287,0.3289,0.3231,0.3282,32802859.0
1762394400000,0.3281,0.331,0.3251,0.3289,20078671.0
1762398000000,0.329,0.3324,0.3284,0.3289,14829278.0
1762401600000,0.329,0.3314,0.3277,0.3299,12544109.0
1762405200000,0.3298,0.3299,0.3223,0.3232,25202654.0
1762408800000,0.3232,0.3244,0.321,0.3212,23079499.0
1762412400000,0.3211,0.3224,0.3187,0.3198,28029600.0
1762416000000,0.3198,0.3215,0.3187,0.3202,17893820.0
1762419600000,0.3203,0.3239,0.3196,0.321,21728616.0
1762423200000,0.321,0.3235,0.3173,0.3191,43904194.0
1762426800000,0.3191,0.3213,0.3168,0.3191,16999032.0
1762430400000,0.3191,0.3193,0.3138,0.3143,30542155.0
1762434000000,0.3143,0.3266,0.3142,0.3229,113467791.0
1762437600000,0.323,0.3233,0.3143,0.3159,58220165.0
1762441200000,0.3158,0.3211,0.3117,0.3134,70166321.0
1762444800000,0.3134,0.3154,0.308,0.3131,56246612.0
1762448400000,0.3131,0.3154,0.3098,0.3154,28958368.0
1762452000000,0.3154,0.3206,0.3105,0.3172,25359573.0
1762455600000,0.3171,0.3179,0.3119,0.3134,43016242.0
1762459200000,0.3135,0.3156,0.3083,0.3109,33450736.0
1762462800000,0.3109,0.3136,0.3085,0.3118,22398229.0
1762466400000,0.3117,0.3122,0.3067,0.3118,19869491.0
1762470000000,0.3117,0.3117,0.3065,0.3092,17117122.0
1762473600000,0.3093,0.3144,0.3083,0.313,25448650.0
1762477200000,0.3131,0.3141,0.3059,0.3122,34287409.0
1762480800000,0.3122,0.3146,0.3084,0.3142,26753344.0
1762484400000,0.3143,0.3175,0.3121,0.3131,24542317.0
1762488000000,0.3132,0.3147,0.3095,0.3145,27737276.0
1762491600000,0.3146,0.3193,0.314,0.3188,25347263.0
1762495200000,0.3188,0.3212,0.3171,0.3174,24504712.0
1762498800000,0.3174,0.3204,0.3151,0.32,26057703.0
1762502400000,0.32,0.322,0.3168,0.3184,25137060.0
1762506000000,0.3185,0.3191,0.3104,0.3135,29376774.0
1762509600000,0.3134,0.3162,0.3094,0.3113,34839881.0
1762513200000,0.3113,0.3114,0.3032,0.3069,76713346.0
1762516800000,0.3068,0.3084,0.2976,0.2995,66237280.0
1762520400000,0.2995,0.3067,0.2976,0.3051,44287422.0
1762524000000,0.3051,0.3183,0.3009,0.3168,73934465.0
1762527600000,0.3169,0.3217,0.3129,0.3165,93381301.0
1762531200000,0.3166,0.3335,0.3151,0.3325,107890892.0
1762534800000,0.3324,0.3452,0.3292,0.3452,92123074.0
1762538400000,0.3452,0.347,0.3405,0.342,73235727.0
1762542000000,0.3419,0.3444,0.3383,0.3396,46683314.0
1762545600000,0.3396,0.3425,0.337,0.3407,40379679.0
1762549200000,0.3407,0.3428,0.3395,0.3427,28862858.0
1762552800000,0.3426,0.3431,0.3388,0.3419,19921285.0
1762556400000,0.3419,0.3421,0.3315,0.3338,38227926.0
1762560000000,0.3337,0.336,0.3262,0.3265,50321938.0
1762563600000,0.3264,0.3325,0.3261,0.3275,39728097.0
1762567200000,0.3274,0.3348,0.327,0.33,40542449.0
1762570800000,0.3299,0.335,0.3282,0.3284,48060574.0
1762574400000,0.3284,0.3359,0.3284,0.3299,25065166.0
1762578000000,0.33,0.3318,0.3233,0.3238,31464106.0
1762581600000,0.3239,0.3281,0.3214,0.3249,24686494.0
1762585200000,0.3249,0.3252,0.3187,0.3225,25132849.0
1762588800000,0.3226,0.3253,0.3193,0.3217,20438883.0
1762592400000,0.3216,0.3226,0.3158,0.318,29449091.0
1762596000000,0.3179,0.3222,0.3165,0.3211,26180937.0
1762599600000,0.3212,0.324,0.3185,0.3208,29492192.0
1762603200000,0.3208,0.3235,0.3195,0.3219,18596601.0
1762606800000,0.3219,0.3222,0.3163,0.3169,25775169.0
1762610400000,0.3169,0.3189,0.3126,0.3172,47594373.0
1762614000000,0.3172,0.3173,0.31,0.3115,36333990.0
1762617600000,0.3115,0.3144,0.3086,0.3143,30995315.0
1762621200000,0.3142,0.3167,0.3132,0.3154,20038270.0
1762624800000,0.3154,0.3198,0.3143,0.3188,14265130.0
1762628400000,0.3187,0.3194,0.3145,0.3173,13311302.0
1762632000000,0.3173,0.3178,0.3152,0.3161,8725750.0
1762635600000,0.316,0.3196,0.3156,0.3193,14795245.0
1762639200000,0.3192,0.3213,0.3185,0.3194,10000865.0
1762642800000,0.3194,0.3219,0.318,0.3204,13974550.0
1762646400000,0.3203,0.3211,0.3158,0.3174,28088426.0
1762650000000,0.3173,0.3195,0.3155,0.3182,9987945.0
1762653600000,0.3181,0.3199,0.3109,0.3117,22905282.0
1762657200000,0.3118,0.3162,0.3107,0.3134,27546497.0
1762660800000,0.3133,0.3177,0.312,0.3125,17561621.0
1762664400000,0.3125,0.3153,0.3114,0.3135,11134279.0
1762668000000,0.3134,0.3162,0.3126,0.3134,8191914.0
1762671600000,0.3134,0.3206,0.3132,0.3196,14268357.0
1762675200000,0.3196,0.3214,0.3171,0.318,30295716.0
1762678800000,0.318,0.3216,0.316,0.3166,19730731.0
1762682400000,0.3166,0.3174,0.3119,0.3174,31681735.0
1762686000000,0.3174,0.3195,0.3118,0.3125,36087865.0
1762689600000,0.3124,0.3161,0.3108,0.3153,26571209.0
1762693200000,0.3153,0.3216,0.3149,0.3177,33333012.0
1762696800000,0.3176,0.33,0.3155,0.3208,82720369.0
1762700400000,0.3207,0.3275,0.3205,0.3242,57600431.0
1762704000000,0.3242,0.3279,0.3221,0.3268,23593339.0
1762707600000,0.3268,0.3274,0.3223,0.3235,17035042.0
1762711200000,0.3235,0.3274,0.3202,0.327,14973267.0
1762714800000,0.327,0.3327,0.3244,0.3323,20983458.0
1762718400000,0.3323,0.333,0.3286,0.3295,20897857.0
1762722000000,0.3295,0.3307,0.3266,0.3299,17406078.0
1762725600000,0.3299,0.33,0.3249,0.3295,15008041.0
1762729200000,0.3295,0.3328,0.3252,0.3266,27399745.0
1762732800000,0.3265,0.3417,0.3236,0.3398,47003661.0
1762736400000,0.3397,0.349,0.335,0.3406,96416079.0
1762740000000,0.3405,0.3438,0.3365,0.3387,29786869.0
1762743600000,0.3388,0.3461,0.3386,0.3446,30867421.0
1762747200000,0.3446,0.3485,0.3405,0.348,34744528.0
1762750800000,0.3481,0.3491,0.3429,0.3481,34412018.0
1762754400000,0.3482,0.3504,0.3427,0.3452,29425055.0
1762758000000,0.3451,0.3467,0.3422,0.3452,23657086.0
1762761600000,0.3452,0.3466,0.3386,0.3397,25157294.0
1762765200000,0.3398,0.3556,0.3391,0.3523,47308146.0
1762768800000,0.3523,0.3543,0.3454,0.3471,44196583.0
1762772400000,0.3472,0.3589,0.3467,0.3509,64568981.0
1762776000000,0.3508,0.3533,0.3472,0.3504,41781743.0
1762779600000,0.3504,0.354,0.3476,0.3484,41459226.0
1762783200000,0.3484,0.3484,0.3351,0.3374,71890004.0
1762786800000,0.3374,0.3412,0.3335,0.3352,50417609.0
1762790400000,0.3352,0.3377,0.3293,0.3306,53596404.0
1762794000000,0.3306,0.3361,0.3298,0.3355,27369015.0
1762797600000,0.3356,0.3364,0.3297,0.3297,28715984.0
1762801200000,0.3298,0.3372,0.3292,0.3337,28888989.0
1762804800000,0.3336,0.3422,0.3334,0.3367,42969089.0
1762808400000,0.3366,0.3368,0.3303,0.3332,25514011.0
1762812000000,0.3331,0.3438,0.3308,0.3429,30263474.0
1762815600000,0.3429,0.3442,0.3362,0.3395,37698677.0
1762819200000,0.3396,0.343,0.3362,0.3405,34350946.0
1762822800000,0.3404,0.3583,0.3403,0.3507,100179969.0
1762826400000,0.3507,0.3582,0.344,0.3547,69707070.0
1762830000000,0.3546,0.3599,0.3523,0.355,35074201.0
1762833600000,0.3549,0.3569,0.3485,0.3493,28241532.0
1762837200000,0.3492,0.3495,0.3395,0.3399,40903021.0
1762840800000,0.3399,0.3418,0.3357,0.339,30214845.0
1762844400000,0.339,0.3405,0.3289,0.3295,37736301.0
1762848000000,0.3295,0.3331,0.3276,0.3311,31091904.0
1762851600000,0.331,0.3333,0.3286,0.3287,32672587.0
1762855200000,0.3287,0.3307,0.3265,0.3296,22319010.0
1762858800000,0.3295,0.333,0.3293,0.332,20310423.0
1762862400000,0.3321,0.3349,0.3278,0.3289,33961511.0
1762866000000,0.3289,0.3316,0.3267,0.3277,21755534.0
1762869600000,0.3276,0.3306,0.322,0.3301,82490817.0
1762873200000,0.33,0.33,0.3222,0.3235,62854177.0
1762876800000,0.3235,0.3277,0.3217,0.3257,28381677.0
1762880400000,0.3256,0.3276,0.3203,0.3229,26513018.0
1762884000000,0.3229,0.3243,0.3177,0.3188,29706408.0
1762887600000,0.3187,0.3202,0.3156,0.317,28177314.0
1762891200000,0.3171,0.3184,0.3122,0.3137,39250282.0
1762894800000,0.3137,0.3155,0.3105,0.3111,32617893.0
1762898400000,0.3111,0.3139,0.31,0.3133,30204610.0
1762902000000,0.3133,0.3136,0.3074,0.3089,27444506.0
1762905600000,0.309,0.3116,0.3059,0.3084,35324507.0
1762909200000,0.3084,0.3132,0.3078,0.3121,22864491.0
1762912800000,0.3121,0.3148,0.3094,0.313,41205894.0
1762916400000,0.3131,0.3142,0.3117,0.3135,12720633.0
1762920000000,0.3136,0.314,0.3115,0.3129,10080611.0
1762923600000,0.3129,0.3143,0.3119,0.3128,9517314.0
1762927200000,0.3128,0.3165,0.3122,0.315,18389328.0
1762930800000,0.3151,0.3152,0.311,0.3116,18070995.0
1762934400000,0.3117,0.3245,0.3116,0.3242,53010772.0
1762938000000,0.3241,0.3261,0.3209,0.3248,98233701.0
1762941600000,0.3249,0.3309,0.3246,0.328,22420684.0
1762945200000,0.3279,0.3303,0.3265,0.3275,22699802.0
1762948800000,0.3274,0.3318,0.3258,0.3273,34748519.0
1762952400000,0.3273,0.334,0.3267,0.332,29415759.0
1762956000000,0.3319,0.3319,0.3184,0.3233,58272337.0
1762959600000,0.3233,0.3268,0.3143,0.3157,68556596.0
1762963200000,0.3157,0.3163,0.3031,0.3054,124016329.0
1762966800000,0.3055,0.3136,0.3043,0.3106,70464138.0
1762970400000,0.3106,0.3126,0.3054,0.3059,37495098.0
1762974000000,0.306,0.3071,0.3011,0.3048,35729928.0
1762977600000,0.3047,0.3097,0.3033,0.3068,29094188.0
1762981200000,0.3069,0.31,0.3068,0.3079,20130059.0
1762984800000,0.308,0.3085,0.3045,0.3076,18378486.0
1762988400000,0.3075,0.3075,0.3047,0.3072,13093081.0
1762992000000,0.3072,0.3108,0.3063,0.3076,22117727.0
1762995600000,0.3077,0.3132,0.3075,0.3102,25689295.0
1762999200000,0.3102,0.3128,0.3096,0.3106,15465561.0
1763002800000,0.3107,0.3197,0.305,0.3165,44420137.0
1763006400000,0.3166,0.3183,0.3128,0.3158,30563672.0
1763010000000,0.3157,0.3248,0.3138,0.3235,30969398.0
1763013600000,0.3234,0.3243,0.3217,0.3225,18552867.0
1763017200000,0.3225,0.3247,0.3183,0.3197,26379954.0
1763020800000,0.3197,0.3222,0.3185,0.3206,13125442.0
1763024400000,0.3206,0.3212,0.3139,0.3149,30133067.0
1763028000000,0.3149,0.3199,0.3149,0.3158,20243689.0
1763031600000,0.3157,0.3178,0.3154,0.3163,15604352.0
1763035200000,0.3164,0.3178,0.3149,0.3164,14605530.0
1763038800000,0.3163,0.3168,0.3096,0.311,42110092.0
1763042400000,0.3111,0.3186,0.3064,0.3154,97874163.0
1763046000000,0.3153,0.3166,0.3077,0.3094,43503560.0
1763049600000,0.3093,0.3101,0.303,0.3035,52362461.0
1763053200000,0.3035,0.304,0.2907,0.2922,90812293.0
1763056800000,0.2922,0.2935,0.2868,0.2887,70482856.0
1763060400000,0.2888,0.2907,0.2824,0.2843,60206219.0
1763064000000,0.2843,0.2859,0.2812,0.283,45746055.0
1763067600000,0.2831,0.2857,0.2816,0.284,29177565.0
1763071200000,0.2839,0.2927,0.2835,0.291,27214466.0
1763074800000,0.291,0.2957,0.2891,0.2908,72686063.0
1763078400000,0.2908,0.2946,0.2878,0.2921,30399991.0
1763082000000,0.2921,0.2936,0.2902,0.2917,20279934.0
1763085600000,0.2917,0.2992,0.2915,0.2972,30538760.0
1763089200000,0.2973,0.298,0.2928,0.2937,19247275.0
1763092800000,0.2937,0.2938,0.2778,0.2863,121754371.0
1763096400000,0.2862,0.2905,0.2844,0.2882,37268690.0
1763100000000,0.2882,0.2937,0.2826,0.293,55859756.0
1763103600000,0.2929,0.2947,0.2899,0.2913,36854095.0
1763107200000,0.2913,0.2929,0.2893,0.2905,38248004.0
1763110800000,0.2905,0.2918,0.2844,0.2848,25510396.0
1763114400000,0.2847,0.2901,0.2846,0.2877,20928384.0
1763118000000,0.2877,0.2887,0.2842,0.2863,29826567.0
1763121600000,0.2864,0.2879,0.28,0.2865,69132858.0
1763125200000,0.2865,0.2888,0.2826,0.2858,39550108.0
1763128800000,0.2857,0.2903,0.2805,0.2881,73308204.0
1763132400000,0.2882,0.2895,0.2834,0.2853,50680305.0
1763136000000,0.2854,0.2878,0.2819,0.2831,72803916.0
1763139600000,0.2831,0.2885,0.279,0.2814,63468804.0
1763143200000,0.2813,0.2877,0.2801,0.2838,40238912.0
1763146800000,0.2838,0.291,0.2834,0.2895,34006993.0
1763150400000,0.2895,0.2903,0.2785,0.281,39452116.0
1763154000000,0.2809,0.2853,0.2791,0.2817,33574725.0
1763157600000,0.2817,0.2846,0.2785,0.2803,28649085.0
1763161200000,0.2802,0.2802,0.2709,0.2765,53741253.0
1763164800000,0.2765,0.2805,0.2758,0.279,31771428.0
1763168400000,0.2789,0.2825,0.2771,0.2815,27835171.0
1763172000000,0.2816,0.2833,0.2792,0.2833,31118616.0
1763175600000,0.2832,0.2846,0.2793,0.2806,45352331.0
1763179200000,0.2807,0.2812,0.2772,0.2784,20221681.0
1763182800000,0.2785,0.2817,0.2782,0.2812,15170375.0
1763186400000,0.2812,0.283,0.28,0.281,19751938.0
1763190000000,0.281,0.2813,0.2783,0.2791,18403721.0
1763193600000,0.2791,0.2794,0.2712,0.2722,43378230.0
1763197200000,0.2721,0.2757,0.2717,0.2722,27012379.0
1763200800000,0.2723,0.2773,0.2713,0.2768,21411718.0
1763204400000,0.2767,0.2776,0.2725,0.2743,32634417.0
1763208000000,0.2742,0.2787,0.2736,0.2784,18688872.0
1763211600000,0.2784,0.281,0.2774,0.2795,28992545.0
1763215200000,0.2795,0.2809,0.2775,0.2804,23683382.0
1763218800000,0.2803,0.2813,0.277,0.2792,25053642.0
1763222400000,0.2791,0.2799,0.276,0.2794,27293729.0
1763226000000,0.2795,0.2837,0.2786,0.2836,27718479.0
1763229600000,0.2836,0.2836,0.2816,0.2829,14610420.0
1763233200000,0.2829,0.2835,0.2791,0.2802,25059562.0
1763236800000,0.2802,0.2802,0.277,0.2778,16994254.0
1763240400000,0.2777,0.2791,0.2736,0.2743,24440998.0
1763244000000,0.2744,0.2769,0.2727,0.2766,20323973.0
1763247600000,0.2766,0.2773,0.275,0.2755,15297446.0
1763251200000,0.2755,0.2764,0.2713,0.274,27258237.0
1763254800000,0.2739,0.2752,0.266,0.2718,64717253.0
1763258400000,0.2717,0.2759,0.2697,0.2759,21491539.0
1763262000000,0.276,0.2771,0.2741,0.2756,20062745.0
1763265600000,0.2756,0.276,0.2731,0.2751,10800730.0
1763269200000,0.2751,0.2782,0.2748,0.2767,14990724.0
1763272800000,0.2767,0.2789,0.2762,0.2765,24200272.0
1763276400000,0.2765,0.2783,0.2753,0.2782,11562280.0
1763280000000,0.2782,0.2787,0.2757,0.2767,10809660.0
1763283600000,0.2767,0.2796,0.2747,0.2796,18680254.0
1763287200000,0.2795,0.2797,0.2775,0.2779,12604053.0
1763290800000,0.2779,0.2782,0.2686,0.2699,47855202.0
1763294400000,0.27,0.272,0.2661,0.2671,39762351.0
1763298000000,0.2671,0.2691,0.2641,0.2654,58656148.0
1763301600000,0.2653,0.2682,0.2627,0.2678,39920082.0
1763305200000,0.2678,0.2681,0.2599,0.2607,44821432.0
1763308800000,0.2607,0.2637,0.2561,0.2573,81670532.0
1763312400000,0.2574,0.2583,0.2537,0.2573,72966689.0
1763316000000,0.2573,0.2632,0.2555,0.2571,56290158.0
1763319600000,0.2571,0.2628,0.257,0.2594,29085728.0
1763323200000,0.2595,0.2631,0.2588,0.2592,19042067.0
1763326800000,0.2592,0.2597,0.257,0.2594,28591999.0
1763330400000,0.2594,0.2644,0.2571,0.2627,33562298.0
1763334000000,0.2627,0.2775,0.2564,0.2749,109760589.0
1763337600000,0.2749,0.2798,0.2691,0.2738,64375857.0
1763341200000,0.2738,0.2754,0.2701,0.2708,28937461.0
1763344800000,0.2708,0.2758,0.2699,0.2726,33236585.0
1763348400000,0.2726,0.2773,0.2722,0.2767,28119631.0
1763352000000,0.2767,0.2791,0.2759,0.2769,18448401.0
1763355600000,0.2769,0.2776,0.2745,0.2758,20333164.0
1763359200000,0.2758,0.2767,0.274,0.2764,14858261.0
1763362800000,0.2764,0.2813,0.2759,0.2808,34083184.0
1763366400000,0.2808,0.2839,0.2804,0.2822,40307059.0
1763370000000,0.2821,0.2854,0.2809,0.2836,23369765.0
1763373600000,0.2836,0.2836,0.28,0.2803,25394595.0
1763377200000,0.2803,0.2828,0.2777,0.279,25179036.0
1763380800000,0.2789,0.279,0.2766,0.2777,21562039.0
1763384400000,0.2778,0.2784,0.2703,0.2721,59494473.0
1763388000000,0.2721,0.2831,0.269,0.2759,135010454.0
1763391600000,0.276,0.2775,0.2647,0.266,102518559.0
1763395200000,0.2659,0.2715,0.2625,0.2694,84472831.0
1763398800000,0.2694,0.2699,0.2594,0.2604,72410703.0
1763402400000,0.2604,0.2626,0.2565,0.2568,77017567.0
1763406000000,0.2567,0.2613,0.2554,0.2589,51349285.0
1763409600000,0.2589,0.2615,0.2566,0.259,43948142.0
1763413200000,0.259,0.2618,0.2564,0.2586,34610412.0
1763416800000,0.2587,0.2614,0.2571,0.2594,25096878.0
1763420400000,0.2594,0.2599,0.2572,0.2597,15284512.0
1763424000000,0.2596,0.261,0.2541,0.2599,37364812.0
1763427600000,0.26,0.2612,0.2557,0.2566,29497709.0
1763431200000,0.2565,0.2626,0.2524,0.2557,59919717.0
1763434800000,0.2556,0.2638,0.2533,0.2623,54414772.0
1763438400000,0.2622,0.264,0.2574,0.2632,43002223.0
1763442000000,0.2632,0.2664,0.2608,0.2641,35785210.0
1763445600000,0.2641,0.2655,0.2602,0.2612,32103633.0
1763449200000,0.2612,0.2674,0.2602,0.2656,39276099.0
1763452800000,0.2655,0.2703,0.2652,0.27,36645380.0
1763456400000,0.2699,0.2704,0.2612,0.2646,60720649.0
1763460000000,0.2646,0.2682,0.2632,0.268,20581087.0
1763463600000,0.2679,0.27,0.2672,0.2679,28250064.0
1763467200000,0.2679,0.2709,0.2654,0.2698,23826376.0
1763470800000,0.2697,0.2697,0.2659,0.2684,21074338.0
1763474400000,0.2683,0.2718,0.2662,0.2663,44763021.0
1763478000000,0.2663,0.2799,0.2644,0.2737,114117136.0
1763481600000,0.2737,0.2797,0.2715,0.2758,68047302.0
1763485200000,0.2758,0.2768,0.2729,0.2749,21886328.0
1763488800000,0.2749,0.2785,0.2749,0.2769,18970511.0
1763492400000,0.2768,0.2785,0.2752,0.2761,16868281.0
1763496000000,0.276,0.2781,0.2756,0.2762,11699135.0
1763499600000,0.2762,0.2778,0.2741,0.2744,13211502.0
1763503200000,0.2743,0.2794,0.2743,0.278,15550079.0
1763506800000,0.278,0.2787,0.2763,0.2776,8909275.0
1763510400000,0.2776,0.2781,0.2732,0.2774,25155883.0
1763514000000,0.2774,0.2795,0.2757,0.2775,17214496.0
1763517600000,0.2775,0.2817,0.277,0.2807,27445784.0
1763521200000,0.2807,0.2816,0.2738,0.2757,32044912.0
1763524800000,0.2756,0.2764,0.2726,0.273,38757965.0
1763528400000,0.2731,0.2736,0.2649,0.2686,55469305.0
1763532000000,0.2685,0.2715,0.2678,0.2704,29202610.0
1763535600000,0.2704,0.2745,0.2701,0.2737,22067274.0
1763539200000,0.2736,0.2743,0.2704,0.2708,28564369.0
1763542800000,0.2708,0.2709,0.2683,0.2703,19633703.0
1763546400000,0.2703,0.274,0.2699,0.272,14426044.0
1763550000000,0.272,0.274,0.2715,0.2723,26205331.0
1763553600000,0.2724,0.2739,0.2701,0.2717,22416106.0
1763557200000,0.2718,0.2718,0.2667,0.2671,29389731.0
1763560800000,0.2671,0.2685,0.2632,0.2669,53960753.0
1763564400000,0.267,0.272,0.2618,0.2622,66524386.0
1763568000000,0.2621,0.2643,0.2562,0.2574,62066074.0
1763571600000,0.2573,0.2605,0.255,0.2601,63540544.0
1763575200000,0.26,0.2606,0.2519,0.2538,47351266.0
1763578800000,0.2538,0.2552,0.2504,0.2524,35705449.0
1763582400000,0.2524,0.26,0.2515,0.2591,33456800.0
1763586000000,0.2592,0.2651,0.2581,0.2643,56658657.0
1763589600000,0.2643,0.2653,0.2614,0.2648,18573230.0
1763593200000,0.2648,0.2704,0.2646,0.2688,28395669.0
1763596800000,0.2689,0.27,0.2669,0.2674,17103975.0
1763600400000,0.2674,0.271,0.2671,0.2708,18992050.0
1763604000000,0.2708,0.2742,0.2706,0.2713,36880218.0
1763607600000,0.2713,0.2716,0.27,0.2708,14286610.0
1763611200000,0.2708,0.2732,0.2687,0.2731,18701740.0
1763614800000,0.2732,0.2735,0.2711,0.2722,13998547.0
1763618400000,0.2722,0.2732,0.2695,0.2709,20186280.0
1763622000000,0.2708,0.2744,0.2702,0.2741,20704852.0
1763625600000,0.2741,0.2743,0.2716,0.273,17746160.0
1763629200000,0.2731,0.2733,0.2694,0.2702,21770585.0
1763632800000,0.2703,0.271,0.2683,0.2705,17113703.0
1763636400000,0.2704,0.2714,0.2688,0.2708,13660928.0
1763640000000,0.2709,0.2749,0.2691,0.2743,23294567.0
1763643600000,0.2743,0.2761,0.2708,0.2719,47239647.0
1763647200000,0.2719,0.276,0.2684,0.2739,57011483.0
1763650800000,0.274,0.2743,0.2676,0.2685,57187735.0
1763654400000,0.2685,0.2691,0.2538,0.2554,131389825.0
1763658000000,0.2553,0.2569,0.2506,0.2521,81088880.0
1763661600000,0.252,0.2549,0.2488,0.2503,48685739.0
1763665200000,0.2502,0.2566,0.2475,0.2556,47901384.0
1763668800000,0.2556,0.2556,0.2515,0.2531,24053330.0
1763672400000,0.253,0.2586,0.2529,0.2562,24010633.0
1763676000000,0.2562,0.2623,0.2559,0.26,22927034.0
1763679600000,0.26,0.2604,0.2528,0.2533,26051144.0
1763683200000,0.2533,0.2572,0.2529,0.2568,23224892.0
1763686800000,0.2569,0.26,0.2558,0.2563,23231404.0
1763690400000,0.2563,0.2566,0.2481,0.249,47368239.0
1763694000000,0.2489,0.254,0.2488,0.2514,41219093.0
1763697600000,0.2513,0.2523,0.2474,0.2506,35076595.0
1763701200000,0.2506,0.2527,0.2452,0.2464,68869658.0
1763704800000,0.2465,0.248,0.2437,0.2449,38787750.0
1763708400000,0.2448,0.2458,0.214,0.2319,243109578.0
1763712000000,0.2319,0.236,0.2302,0.2323,122792237.0
1763715600000,0.2323,0.2342,0.2275,0.2276,66202133.0
1763719200000,0.2276,0.231,0.2261,0.2273,73900988.0
1763722800000,0.2273,0.2311,0.2256,0.2268,74996877.0
1763726400000,0.2268,0.2347,0.2219,0.2332,130709122.0
1763730000000,0.2331,0.2391,0.2319,0.2361,90762987.0
1763733600000,0.2361,0.2419,0.2346,0.2389,93143490.0
1763737200000,0.239,0.2396,0.2337,0.2361,108951061.0
1763740800000,0.2362,0.2433,0.2334,0.2432,70875788.0
1763744400000,0.2433,0.2476,0.2427,0.243,64742825.0
1763748000000,0.2431,0.245,0.2383,0.2429,49650454.0
1763751600000,0.2428,0.2433,0.2381,0.2391,28947425.0
1763755200000,0.2391,0.2391,0.2347,0.2369,42820725.0
1763758800000,0.2369,0.2405,0.235,0.2389,31040413.0
1763762400000,0.2389,0.2396,0.2309,0.2312,31231591.0
1763766000000,0.2311,0.2377,0.2297,0.2372,35813404.0
1763769600000,0.2372,0.2377,0.2337,0.2355,53376467.0
1763773200000,0.2356,0.239,0.2354,0.2389,17769676.0
1763776800000,0.2389,0.2396,0.2356,0.2377,15614614.0
1763780400000,0.2378,0.2389,0.235,0.2367,28111427.0
1763784000000,0.2366,0.2367,0.2309,0.2346,29114574.0
1763787600000,0.2345,0.2352,0.2292,0.2317,24673179.0
1763791200000,0.2318,0.2356,0.23,0.2343,21746148.0
1763794800000,0.2342,0.2345,0.232,0.2328,17034526.0
1763798400000,0.2328,0.2331,0.2279,0.2292,30962299.0
1763802000000,0.2292,0.232,0.2274,0.2301,22734656.0
1763805600000,0.2301,0.2316,0.2278,0.2298,17654842.0
1763809200000,0.2297,0.2335,0.2289,0.2306,19606890.0
1763812800000,0.2306,0.2307,0.227,0.2276,31894301.0
1763816400000,0.2276,0.2293,0.2255,0.2271,26717219.0
1763820000000,0.2272,0.2328,0.227,0.231,30297471.0
1763823600000,0.231,0.2316,0.2274,0.2294,63871623.0
1763827200000,0.2294,0.2343,0.2291,0.2338,25056289.0
1763830800000,0.2338,0.2341,0.2322,0.2331,25761408.0
1763834400000,0.2331,0.2341,0.2315,0.2333,14051908.0
1763838000000,0.2332,0.2347,0.231,0.2317,20085651.0
1763841600000,0.2316,0.2333,0.2297,0.2308,12358838.0
1763845200000,0.2308,0.232,0.2293,0.231,22567390.0
1763848800000,0.2311,0.2373,0.2302,0.2355,18830445.0
1763852400000,0.2354,0.2363,0.2323,0.2329,12486425.0
1763856000000,0.2328,0.2351,0.2326,0.2338,13769281.0
1763859600000,0.2338,0.2374,0.2337,0.2356,18418788.0
1763863200000,0.2355,0.2383,0.2346,0.2368,25954389.0
1763866800000,0.2367,0.237,0.2342,0.2363,14156029.0
1763870400000,0.2363,0.2402,0.2363,0.2396,26279014.0
1763874000000,0.2395,0.2413,0.2383,0.2398,26924380.0
1763877600000,0.2397,0.2408,0.2367,0.237,14461725.0
1763881200000,0.237,0.2375,0.2343,0.236,17648138.0
1763884800000,0.2359,0.2384,0.2357,0.2379,10975344.0
1763888400000,0.2379,0.2385,0.2368,0.2376,13359662.0
1763892000000,0.2377,0.2383,0.236,0.2369,12762232.0
1763895600000,0.2369,0.237,0.2339,0.236,17526852.0
1763899200000,0.2359,0.2398,0.2356,0.2377,23506383.0
1763902800000,0.2378,0.2391,0.2367,0.2388,15084524.0
1763906400000,0.2387,0.2408,0.2354,0.2357,30415193.0
1763910000000,0.2357,0.2401,0.2352,0.2394,20609741.0
1763913600000,0.2394,0.2407,0.237,0.2372,21597317.0
1763917200000,0.2371,0.2388,0.2361,0.2371,22161361.0
1763920800000,0.2371,0.2408,0.237,0.239,18089930.0
1763924400000,0.239,0.2422,0.2388,0.2401,19995762.0
1763928000000,0.2401,0.2411,0.239,0.2393,11602942.0
1763931600000,0.2393,0.2414,0.2378,0.2409,13377229.0
1763935200000,0.2408,0.2414,0.2389,0.2395,11680194.0
1763938800000,0.2395,0.2399,0.2358,0.2367,20473058.0
1763942400000,0.2367,0.2383,0.2336,0.2361,32612815.0
1763946000000,0.2361,0.2389,0.2351,0.2385,23538627.0
1763949600000,0.2385,0.2461,0.2379,0.2429,54669353.0
1763953200000,0.243,0.2473,0.2423,0.2443,21743690.0
1763956800000,0.2444,0.2466,0.2402,0.2425,31418018.0
1763960400000,0.2425,0.2489,0.2406,0.2465,51228236.0
1763964000000,0.2466,0.2469,0.243,0.2467,28433083.0
1763967600000,0.2466,0.2472,0.2442,0.2444,24284783.0
1763971200000,0.2443,0.2456,0.2427,0.2441,24001858.0
1763974800000,0.244,0.2441,0.2381,0.239,122385124.0
1763978400000,0.239,0.2409,0.2385,0.2407,24261216.0
1763982000000,0.2406,0.2444,0.2399,0.2439,23038193.0
1763985600000,0.2438,0.245,0.2407,0.2413,29598794.0
1763989200000,0.2413,0.2449,0.2405,0.2422,29386440.0
1763992800000,0.2422,0.2471,0.2401,0.2457,69120267.0
1763996400000,0.2458,0.2477,0.2425,0.2464,45646407.0
1764000000000,0.2464,0.2487,0.2459,0.2464,28213586.0
1764003600000,0.2464,0.2557,0.2459,0.2551,66272481.0
1764007200000,0.2552,0.2565,0.2525,0.2553,39503168.0
1764010800000,0.2553,0.2568,0.254,0.255,20375048.0
1764014400000,0.255,0.2629,0.2548,0.2606,41348482.0
1764018000000,0.2605,0.2631,0.2587,0.2616,40454202.0
1764021600000,0.2615,0.2653,0.261,0.2629,27555239.0
1764025200000,0.2628,0.2639,0.2608,0.2638,18604441.0
1764028800000,0.2638,0.2642,0.261,0.2625,25094388.0
1764032400000,0.2626,0.2664,0.2611,0.2625,24339169.0
1764036000000,0.2626,0.2632,0.2592,0.2631,25250853.0
1764039600000,0.2631,0.2647,0.2611,0.2623,12066356.0
1764043200000,0.2624,0.2696,0.2623,0.2695,34312166.0
1764046800000,0.2695,0.2706,0.2665,0.2682,24324940.0
1764050400000,0.2682,0.269,0.2621,0.263,31518564.0
1764054000000,0.2631,0.2635,0.258,0.2585,28014624.0
1764057600000,0.2585,0.2632,0.2583,0.2618,23367419.0
1764061200000,0.2619,0.2685,0.2615,0.2684,33295267.0
1764064800000,0.2685,0.2706,0.2645,0.2699,34491206.0
1764068400000,0.2699,0.2735,0.2685,0.2731,44224657.0
1764072000000,0.2732,0.2795,0.2713,0.2766,62997504.0
1764075600000,0.2765,0.2798,0.2744,0.2765,50980936.0
1764079200000,0.2766,0.2815,0.272,0.2738,100318287.0
1764082800000,0.2737,0.2794,0.2699,0.2742,81555442.0
1764086400000,0.2742,0.28,0.2724,0.2786,68582206.0
1764090000000,0.2785,0.2835,0.2753,0.2816,57338613.0
1764093600000,0.2817,0.2872,0.2807,0.282,56899846.0
1764097200000,0.2821,0.283,0.2744,0.2803,46810430.0
1764100800000,0.2804,0.2854,0.2795,0.2813,37222743.0
1764104400000,0.2813,0.2822,0.2769,0.2785,53170318.0
1764108000000,0.2784,0.2859,0.276,0.2847,31541475.0
1764111600000,0.2846,0.2865,0.2819,0.2834,24528145.0
1764115200000,0.2834,0.2848,0.2815,0.2833,21625067.0
1764118800000,0.2832,0.2928,0.2823,0.2918,50547588.0
1764122400000,0.2917,0.2953,0.2897,0.2898,36843671.0
1764126000000,0.2898,0.2946,0.2872,0.2883,33891029.0
1764129600000,0.2883,0.292,0.2881,0.2889,26069748.0
1764133200000,0.2889,0.293,0.2879,0.2915,40532197.0
1764136800000,0.2915,0.2971,0.2906,0.2957,39356354.0
1764140400000,0.2957,0.2988,0.2929,0.2986,52210294.0
1764144000000,0.2987,0.2988,0.2936,0.2938,50356078.0
1764147600000,0.2938,0.2944,0.2847,0.2861,64159237.0
1764151200000,0.2861,0.2898,0.285,0.2861,45534275.0
1764154800000,0.2861,0.2895,0.2855,0.2878,31396858.0
1764158400000,0.2877,0.2892,0.2773,0.2801,127989781.0
1764162000000,0.28,0.2834,0.2792,0.2815,39459807.0
1764165600000,0.2814,0.2814,0.2736,0.2749,68418670.0
1764169200000,0.2749,0.2774,0.2721,0.2736,48301927.0
1764172800000,0.2735,0.2787,0.2727,0.2778,39474835.0
1764176400000,0.2778,0.2866,0.2756,0.2854,65830740.0
1764180000000,0.2854,0.287,0.2807,0.2837,49652647.0
1764183600000,0.2836,0.2839,0.2805,0.2813,30260731.0
1764187200000,0.2813,0.2817,0.2771,0.2799,27621613.0
1764190800000,0.2799,0.2839,0.2795,0.283,21990077.0
1764194400000,0.283,0.2845,0.2804,0.2807,18381728.0
1764198000000,0.2808,0.282,0.2793,0.2804,18631464.0
1764201600000,0.2804,0.2819,0.2784,0.2802,19257942.0
1764205200000,0.2803,0.2869,0.2799,0.2851,44697127.0
1764208800000,0.2852,0.2882,0.2822,0.2838,30649096.0
1764212400000,0.2838,0.2846,0.2778,0.2786,33333421.0
1764216000000,0.2785,0.281,0.2785,0.2794,13861097.0
1764219600000,0.2793,0.2803,0.277,0.2781,18725553.0
1764223200000,0.2781,0.2817,0.278,0.2794,17003600.0
1764226800000,0.2795,0.2818,0.279,0.2794,20070260.0
1764230400000,0.2793,0.2793,0.2747,0.2771,26557974.0
1764234000000,0.277,0.281,0.2766,0.2787,17804614.0
1764237600000,0.2787,0.2825,0.2781,0.2822,17326270.0
1764241200000,0.2821,0.283,0.2807,0.2819,17985780.0
1764244800000,0.2819,0.2828,0.2804,0.2807,19942842.0
1764248400000,0.2808,0.2839,0.2788,0.2825,28888489.0
1764252000000,0.2826,0.2862,0.2819,0.2859,26315961.0
1764255600000,0.2858,0.2876,0.283,0.2857,31367183.0
1764259200000,0.2857,0.2934,0.2847,0.2922,53478940.0
1764262800000,0.2922,0.2947,0.289,0.2923,38324000.0
1764266400000,0.2923,0.2962,0.2902,0.2941,28205609.0
1764270000000,0.294,0.2941,0.2908,0.2919,20085435.0
1764273600000,0.292,0.2934,0.2904,0.2929,14338481.0
1764277200000,0.2928,0.293,0.2892,0.2896,23631080.0
1764280800000,0.2896,0.2914,0.2856,0.286,20946436.0
1764284400000,0.2859,0.2877,0.2851,0.2856,16496202.0
1764288000000,0.2856,0.2881,0.2816,0.2819,29429718.0
1764291600000,0.2818,0.2823,0.2785,0.2791,23029406.0
1764295200000,0.2792,0.2823,0.278,0.2812,21498378.0
1764298800000,0.2813,0.2821,0.2792,0.28,14143854.0
1764302400000,0.2801,0.2821,0.2794,0.2802,11979814.0
1764306000000,0.2801,0.2825,0.2796,0.2808,14984062.0
1764309600000,0.2807,0.2817,0.2787,0.2789,13215533.0
1764313200000,0.2788,0.2797,0.2778,0.278,15194951.0
1764316800000,0.2781,0.2904,0.278,0.2904,42022845.0
1764320400000,0.2904,0.2942,0.2881,0.2917,49567011.0
1764324000000,0.2917,0.2944,0.2887,0.2922,29427400.0
1764327600000,0.2921,0.2922,0.2864,0.2881,37041533.0
1764331200000,0.2881,0.2917,0.2873,0.2894,24137701.0
1764334800000,0.2893,0.2943,0.2876,0.2929,29871643.0
1764338400000,0.2928,0.2948,0.2887,0.2905,48219643.0
1764342000000,0.2905,0.2919,0.2862,0.2879,37375411.0
1764345600000,0.288,0.2881,0.2792,0.2798,61591711.0
1764349200000,0.2798,0.2802,0.2765,0.2778,56662396.0
1764352800000,0.2778,0.2795,0.2761,0.2789,26077667.0
1764356400000,0.279,0.2835,0.2787,0.2812,25385813.0
1764360000000,0.2811,0.282,0.2786,0.2815,14302538.0
1764363600000,0.2814,0.2839,0.2814,0.2815,12217117.0
1764367200000,0.2816,0.2824,0.279,0.2814,16478047.0
1764370800000,0.2815,0.2828,0.2809,0.2819,8559278.0
1764374400000,0.2819,0.2841,0.2807,0.2837,10488379.0
1764378000000,0.2836,0.288,0.2829,0.2853,22491413.0
1764381600000,0.2852,0.2858,0.2816,0.2831,18376544.0
1764385200000,0.2831,0.2839,0.281,0.2826,8227603.0
1764388800000,0.2825,0.283,0.2781,0.2802,20117999.0
1764392400000,0.2802,0.2811,0.2786,0.2789,10053929.0
1764396000000,0.279,0.2803,0.2773,0.2781,19465159.0
1764399600000,0.278,0.2813,0.2775,0.2799,16329207.0
1764403200000,0.2798,0.281,0.2782,0.2795,10615415.0
1764406800000,0.2795,0.2807,0.2781,0.2792,10638384.0
1764410400000,0.2792,0.2798,0.2764,0.279,21650493.0
1764414000000,0.279,0.2815,0.278,0.2809,13394715.0
1764417600000,0.2809,0.2812,0.2786,0.2786,10623623.0
1764421200000,0.2785,0.2809,0.2781,0.2796,17666143.0
1764424800000,0.2796,0.2796,0.2771,0.2787,12360298.0
1764428400000,0.2788,0.2827,0.2787,0.2821,18107682.0
1764432000000,0.2822,0.2848,0.2812,0.2828,17057345.0
1764435600000,0.2828,0.2833,0.2797,0.2807,16979951.0
1764439200000,0.2808,0.2833,0.2787,0.2831,19843105.0
1764442800000,0.2832,0.2836,0.2817,0.2833,11546813.0
1764446400000,0.2833,0.287,0.2818,0.2865,20139095.0
1764450000000,0.2865,0.2869,0.2831,0.2843,15942373.0
1764453600000,0.2843,0.2848,0.2814,0.2823,10615971.0
1764457200000,0.2823,0.2844,0.2809,0.2834,10668619.0
1764460800000,0.2835,0.285,0.2825,0.2844,10727864.0
1764464400000,0.2843,0.2886,0.2838,0.2881,15945649.0
1764468000000,0.2881,0.2912,0.286,0.2873,24726541.0
1764471600000,0.2873,0.3012,0.284,0.2952,105992534.0
1764475200000,0.2953,0.2975,0.2916,0.294,38006841.0
1764478800000,0.294,0.2946,0.288,0.2905,29637694.0
1764482400000,0.2905,0.2947,0.2886,0.2918,23356815.0
1764486000000,0.2917,0.2918,0.2876,0.2892,19422333.0
1764489600000,0.2891,0.2901,0.2847,0.2863,35874095.0
1764493200000,0.2864,0.287,0.2845,0.2853,15125109.0
1764496800000,0.2854,0.2864,0.2789,0.2796,46942663.0
1764500400000,0.2796,0.2804,0.2764,0.2772,41774690.0
1764504000000,0.2772,0.2792,0.2748,0.2782,31516178.0
1764507600000,0.2782,0.2818,0.2773,0.2794,40007408.0
1764511200000,0.2794,0.28,0.2728,0.275,38775780.0
1764514800000,0.275,0.275,0.2673,0.2689,70313925.0
1764518400000,0.269,0.2729,0.2684,0.2719,23472486.0
1764522000000,0.272,0.2728,0.2701,0.2715,15276761.0
1764525600000,0.2714,0.2723,0.2704,0.2713,12564933.0
1764529200000,0.2713,0.2732,0.2701,0.271,16022295.0
1764532800000,0.2709,0.2718,0.2682,0.2688,16074018.0
1764536400000,0.2687,0.2696,0.2666,0.2668,21913102.0
1764540000000,0.2668,0.2681,0.2633,0.2639,31807650.0
1764543600000,0.2639,0.2641,0.258,0.2586,51825340.0
1764547200000,0.2586,0.2593,0.2441,0.2452,161076852.0
1764550800000,0.2452,0.2492,0.2437,0.2469,59200828.0
1764554400000,0.247,0.2497,0.246,0.2461,35006531.0
1764558000000,0.246,0.2464,0.2427,0.2432,39025100.0
1764561600000,0.2432,0.2444,0.2422,0.2437,31727779.0
1764565200000,0.2437,0.244,0.2402,0.2415,39100056.0
1764568800000,0.2415,0.2418,0.2391,0.2391,27844306.0
1764572400000,0.2392,0.2404,0.2355,0.2396,66066278.0
1764576000000,0.2395,0.2406,0.2374,0.2395,40632625.0
1764579600000,0.2394,0.2407,0.238,0.2395,28892440.0
1764583200000,0.2394,0.2406,0.2388,0.2391,17990691.0
1764586800000,0.2391,0.2393,0.2363,0.2391,34841280.0
1764590400000,0.2391,0.2423,0.2352,0.2417,47983531.0
1764594000000,0.2416,0.2443,0.2403,0.2424,73703781.0
1764597600000,0.2424,0.2447,0.241,0.2416,50271265.0
1764601200000,0.2416,0.2423,0.2372,0.24,80793950.0
1764604800000,0.24,0.2401,0.235,0.2358,48057572.0
1764608400000,0.2359,0.2386,0.2359,0.2374,23100544.0
1764612000000,0.2375,0.2438,0.2375,0.2435,38004121.0
1764615600000,0.2435,0.2442,0.2391,0.2396,25729135.0
1764619200000,0.2395,0.2421,0.2391,0.2399,26446948.0
1764622800000,0.2398,0.2416,0.2391,0.2397,26098029.0
1764626400000,0.2397,0.2429,0.2393,0.2415,19529624.0
1764630000000,0.2414,0.245,0.2413,0.2428,21254511.0
1764633600000,0.2428,0.2434,0.2402,0.2404,18008421.0
1764637200000,0.2404,0.2438,0.2383,0.2389,23955300.0
1764640800000,0.239,0.241,0.2373,0.2383,25612119.0
1764644400000,0.2383,0.2399,0.237,0.2387,21365552.0
1764648000000,0.2387,0.2398,0.2378,0.2384,14426822.0
1764651600000,0.2383,0.2396,0.2371,0.2383,17396513.0
1764655200000,0.2383,0.2421,0.2378,0.2417,19768366.0
1764658800000,0.2416,0.2416,0.2386,0.2397,22366083.0
1764662400000,0.2397,0.2401,0.2318,0.2332,60286681.0
1764666000000,0.2332,0.236,0.2329,0.2335,39810862.0
1764669600000,0.2335,0.2394,0.2333,0.238,32946534.0
1764673200000,0.2379,0.2395,0.2362,0.2385,27581068.0
1764676800000,0.2385,0.2396,0.2366,0.2382,21342961.0
1764680400000,0.2383,0.2394,0.2367,0.2387,48431651.0
1764684000000,0.2387,0.2463,0.2374,0.2462,102538648.0
1764687600000,0.2461,0.2653,0.2461,0.261,200290272.0
1764691200000,0.2611,0.2633,0.2549,0.258,100969166.0
1764694800000,0.258,0.2625,0.257,0.2616,38288369.0
1764698400000,0.2615,0.2658,0.2613,0.2656,35527696.0
1764702000000,0.2655,0.2678,0.2616,0.2628,35943499.0
1764705600000,0.2627,0.2654,0.2597,0.2648,47996581.0
1764709200000,0.2649,0.2673,0.2641,0.2662,27319367.0
1764712800000,0.2661,0.2772,0.266,0.2741,58882213.0
1764716400000,0.2742,0.2748,0.2684,0.2694,34203688.0
1764720000000,0.2695,0.271,0.2671,0.2692,36395302.0
1764723600000,0.2692,0.2745,0.2681,0.274,25852672.0
1764727200000,0.274,0.2759,0.2711,0.2729,34414303.0
1764730800000,0.2728,0.2785,0.2712,0.2755,40029976.0
1764734400000,0.2755,0.2766,0.2725,0.2753,42442281.0
1764738000000,0.2752,0.28,0.2748,0.2771,23437969.0
1764741600000,0.2772,0.2799,0.273,0.2739,37909116.0
1764745200000,0.2739,0.2783,0.2736,0.2783,20172810.0
1764748800000,0.2782,0.2806,0.2757,0.2774,34318517.0
1764752400000,0.2773,0.2793,0.2741,0.2761,24710892.0
1764756000000,0.276,0.2779,0.2734,0.2739,23501247.0
1764759600000,0.2738,0.2745,0.2722,0.2732,20973651.0
1764763200000,0.2732,0.2754,0.2713,0.2747,27898667.0
1764766800000,0.2747,0.2789,0.2744,0.2769,28189459.0
1764770400000,0.2769,0.2827,0.2708,0.2776,103385514.0
1764774000000,0.2777,0.2841,0.2763,0.2833,51509244.0
1764777600000,0.2833,0.2887,0.2783,0.2834,70523440.0
1764781200000,0.2835,0.2939,0.2829,0.293,60690332.0
1764784800000,0.293,0.2956,0.2875,0.2887,53567347.0
1764788400000,0.2887,0.2919,0.2865,0.2889,29167154.0
1764792000000,0.289,0.2943,0.2872,0.2902,37247311.0
1764795600000,0.2903,0.294,0.2894,0.2935,30933389.0
1764799200000,0.2935,0.2973,0.2922,0.2952,31990435.0
1764802800000,0.2953,0.2996,0.2953,0.2969,37654365.0
1764806400000,0.2969,0.3007,0.2955,0.2992,45724653.0
1764810000000,0.2993,0.3026,0.2957,0.2958,43689009.0
1764813600000,0.2958,0.2981,0.294,0.2958,30357047.0
1764817200000,0.2959,0.2972,0.2914,0.2931,28397454.0
1764820800000,0.2932,0.2959,0.2907,0.2957,22719571.0
1764824400000,0.2958,0.296,0.2927,0.2941,20347879.0
1764828000000,0.294,0.2959,0.2934,0.2954,13003832.0
1764831600000,0.2954,0.2955,0.2903,0.291,26445560.0
1764835200000,0.291,0.292,0.2855,0.2865,35955031.0
1764838800000,0.2866,0.2963,0.2861,0.2908,60368024.0
1764842400000,0.2909,0.2928,0.2895,0.2897,16702937.0
1764846000000,0.2897,0.2906,0.2886,0.2895,15972770.0
1764849600000,0.2894,0.29,0.2854,0.2863,26096227.0
1764853200000,0.2862,0.2872,0.2818,0.2828,43375625.0
1764856800000,0.2829,0.2864,0.2825,0.2839,42986755.0
1764860400000,0.2838,0.2911,0.2837,0.2899,43159785.0
1764864000000,0.29,0.2904,0.2871,0.2878,27146962.0
1764867600000,0.2877,0.2887,0.2855,0.2878,26847853.0
1764871200000,0.2878,0.291,0.2866,0.2878,26118827.0
1764874800000,0.2877,0.2878,0.2812,0.2854,58944616.0
1764878400000,0.2854,0.2869,0.283,0.286,18753551.0
1764882000000,0.2861,0.2869,0.2827,0.2834,21576001.0
1764885600000,0.2834,0.2853,0.2834,0.2841,8653946.0
1764889200000,0.2842,0.2844,0.2822,0.2834,11819596.0
1764892800000,0.2834,0.2857,0.2808,0.2813,19828095.0
1764896400000,0.2813,0.2858,0.2802,0.2844,19305797.0
1764900000000,0.2844,0.2884,0.2837,0.286,16989024.0
1764903600000,0.2861,0.2861,0.2813,0.2826,19858546.0
1764907200000,0.2826,0.2836,0.2803,0.2818,19899928.0
1764910800000,0.2818,0.2829,0.2799,0.2807,11450585.0
1764914400000,0.2807,0.2824,0.2797,0.2819,13596930.0
1764918000000,0.2819,0.285,0.2816,0.2839,22077253.0
1764921600000,0.2838,0.2851,0.2815,0.2839,17263694.0
1764925200000,0.2839,0.2839,0.278,0.279,34969191.0
1764928800000,0.2789,0.2832,0.2787,0.2799,24509449.0
1764932400000,0.2798,0.28,0.2758,0.2767,24051739.0
1764936000000,0.2766,0.2767,0.2744,0.2759,20175711.0
1764939600000,0.2758,0.2795,0.2723,0.2727,43735455.0
1764943200000,0.2727,0.2748,0.2701,0.2716,67852875.0
1764946800000,0.2717,0.2774,0.2686,0.2701,79327268.0
1764950400000,0.2701,0.2704,0.2562,0.2602,237351600.0
1764954000000,0.2601,0.2629,0.2585,0.2613,82397187.0
1764957600000,0.2613,0.2636,0.256,0.2565,42774305.0
1764961200000,0.2566,0.2602,0.2549,0.2574,75205409.0
1764964800000,0.2574,0.2595,0.2566,0.2593,24736980.0
1764968400000,0.2592,0.2613,0.2579,0.2582,22819886.0
1764972000000,0.2583,0.2606,0.2575,0.2606,12480738.0
1764975600000,0.2606,0.2618,0.2581,0.2598,13723140.0
1764979200000,0.2599,0.2599,0.2576,0.2588,10494059.0
1764982800000,0.2587,0.2597,0.2574,0.2589,11990191.0
1764986400000,0.2589,0.2593,0.258,0.2592,7996381.0
1764990000000,0.2591,0.2607,0.2586,0.2601,10890832.0
1764993600000,0.2601,0.2612,0.2589,0.261,11097971.0
1764997200000,0.2609,0.2624,0.2609,0.2612,11224434.0
1765000800000,0.2612,0.2623,0.2598,0.2602,9505126.0
1765004400000,0.2602,0.2607,0.2585,0.2599,10043345.0
1765008000000,0.2599,0.2601,0.2561,0.2567,16347262.0
1765011600000,0.2567,0.2584,0.2562,0.2569,15437704.0
1765015200000,0.2568,0.2586,0.2562,0.2563,12695857.0
1765018800000,0.2562,0.2581,0.2559,0.257,11239153.0
1765022400000,0.2571,0.2579,0.2565,0.2575,9150770.0
1765026000000,0.2574,0.2589,0.2569,0.2585,10845276.0
1765029600000,0.2585,0.2649,0.2577,0.2623,46197198.0
1765033200000,0.2624,0.263,0.2583,0.2602,35557522.0
1765036800000,0.2603,0.2635,0.2597,0.2628,22271895.0
1765040400000,0.2629,0.2652,0.2616,0.265,23605714.0
1765044000000,0.2651,0.2674,0.2646,0.2658,18353827.0
1765047600000,0.2658,0.2663,0.2615,0.2631,24524026.0
1765051200000,0.2631,0.2652,0.2625,0.2645,9560602.0
1765054800000,0.2644,0.2667,0.2636,0.2643,18640360.0
1765058400000,0.2643,0.2653,0.2616,0.2625,9209850.0
1765062000000,0.2625,0.2632,0.2608,0.2621,13658466.0
1765065600000,0.2621,0.2634,0.2613,0.263,11233401.0
1765069200000,0.2629,0.2633,0.2603,0.2603,8922498.0
1765072800000,0.2603,0.2624,0.2599,0.2617,9057601.0
1765076400000,0.2617,0.2624,0.261,0.262,7069126.0
1765080000000,0.262,0.2625,0.2603,0.2606,6660085.0
1765083600000,0.2606,0.2622,0.2606,0.2613,7787158.0
1765087200000,0.2613,0.2634,0.261,0.2631,7971386.0
1765090800000,0.263,0.2637,0.2593,0.2607,18784091.0
1765094400000,0.2607,0.2611,0.2574,0.2587,26705970.0
1765098000000,0.2587,0.2591,0.257,0.258,14365252.0
1765101600000,0.2581,0.2599,0.2577,0.2587,10750504.0
1765105200000,0.2588,0.2598,0.2573,0.2579,15761246.0
1765108800000,0.258,0.2618,0.2578,0.2614,16695910.0
1765112400000,0.2614,0.2618,0.2561,0.2575,22997509.0
1765116000000,0.2575,0.2579,0.2498,0.2515,93115253.0
1765119600000,0.2514,0.2621,0.2508,0.2616,55938212.0
1765123200000,0.2616,0.2616,0.2576,0.2609,32406120.0
1765126800000,0.2609,0.2732,0.259,0.2709,81994006.0
1765130400000,0.2709,0.2769,0.2709,0.2758,47319620.0
1765134000000,0.2759,0.2761,0.272,0.2754,32445303.0
1765137600000,0.2754,0.2823,0.2743,0.2821,36528702.0
1765141200000,0.2822,0.2822,0.2701,0.2718,62618519.0
1765144800000,0.2718,0.2721,0.2637,0.2671,77788395.0
1765148400000,0.2671,0.2684,0.2641,0.2673,28351799.0
1765152000000,0.2674,0.2703,0.2645,0.2678,27872613.0
1765155600000,0.2678,0.2778,0.2676,0.2712,43320498.0
1765159200000,0.2712,0.2733,0.2703,0.2726,20405661.0
1765162800000,0.2726,0.274,0.2701,0.2711,17932425.0
1765166400000,0.2712,0.2754,0.2704,0.2734,20024090.0
1765170000000,0.2734,0.277,0.272,0.2768,19997446.0
1765173600000,0.2768,0.278,0.2749,0.2762,21074544.0
1765177200000,0.2762,0.2777,0.2743,0.2769,16533992.0
1765180800000,0.2769,0.2785,0.2745,0.2768,17076910.0
1765184400000,0.2769,0.2826,0.2768,0.278,44647867.0
1765188000000,0.2781,0.2804,0.2771,0.2794,16306759.0
1765191600000,0.2794,0.2796,0.2757,0.2762,22754626.0
1765195200000,0.2762,0.2767,0.2742,0.275,19087254.0
1765198800000,0.275,0.2777,0.274,0.2754,27519919.0
1765202400000,0.2754,0.2838,0.2751,0.279,87153038.0
1765206000000,0.279,0.2805,0.2729,0.2743,73388086.0
1765209600000,0.2743,0.2808,0.2723,0.2781,51833544.0
1765213200000,0.2781,0.2804,0.2743,0.2768,35972700.0
1765216800000,0.2768,0.2784,0.2716,0.273,34855860.0
1765220400000,0.2729,0.2749,0.2718,0.273,19892393.0
1765224000000,0.2731,0.2767,0.2729,0.2755,17582711.0
1765227600000,0.2755,0.2774,0.2734,0.2767,22751758.0
1765231200000,0.2767,0.277,0.2722,0.2732,14483980.0
1765234800000,0.2731,0.2735,0.2706,0.2724,13240255.0
1765238400000,0.2724,0.2737,0.2703,0.2708,11610726.0
1765242000000,0.2709,0.2713,0.2679,0.2686,23826832.0
1765245600000,0.2687,0.2709,0.2674,0.2676,12097499.0
1765249200000,0.2676,0.2717,0.2665,0.2708,22265379.0
1765252800000,0.2709,0.2725,0.2671,0.2675,22245166.0
1765256400000,0.2674,0.2692,0.2657,0.2675,18564558.0
1765260000000,0.2676,0.2682,0.2654,0.2668,19613385.0
1765263600000,0.2669,0.2697,0.2659,0.2689,13939841.0
1765267200000,0.269,0.2727,0.2685,0.2708,34263286.0
1765270800000,0.2707,0.2708,0.2669,0.2669,16740497.0
1765274400000,0.267,0.2686,0.2649,0.2669,26188549.0
1765278000000,0.2669,0.2675,0.2638,0.2649,43456437.0
1765281600000,0.2649,0.268,0.2639,0.2675,27737216.0
1765285200000,0.2675,0.2685,0.2636,0.265,39893061.0
1765288800000,0.265,0.2671,0.2639,0.2664,25976325.0
1765292400000,0.2664,0.284,0.266,0.281,124902298.0
1765296000000,0.281,0.2906,0.2809,0.289,118218751.0
1765299600000,0.2891,0.2935,0.2855,0.2896,76244455.0
1765303200000,0.2897,0.29,0.287,0.289,26584229.0
1765306800000,0.289,0.2893,0.2848,0.286,24482004.0
1765310400000,0.2859,0.2863,0.2793,0.2819,47188162.0
1765314000000,0.2819,0.2825,0.2756,0.2784,34403196.0
1765317600000,0.2784,0.2825,0.2779,0.2808,25843326.0
1765321200000,0.2808,0.2815,0.279,0.2793,13764072.0
1765324800000,0.2794,0.2803,0.2762,0.2763,18920557.0
1765328400000,0.2763,0.2767,0.2715,0.2725,32186739.0
1765332000000,0.2724,0.2751,0.2709,0.2751,25984683.0
1765335600000,0.275,0.2768,0.2741,0.2756,17637374.0
1765339200000,0.2756,0.2775,0.2748,0.2752,14570665.0
1765342800000,0.2751,0.2764,0.2742,0.2752,12429649.0
1765346400000,0.2751,0.2754,0.2741,0.2742,8589072.0
1765350000000,0.2742,0.2742,0.2716,0.2732,17188856.0
1765353600000,0.2731,0.2744,0.2718,0.272,16888241.0
1765357200000,0.272,0.2738,0.2705,0.2736,23891338.0
1765360800000,0.2735,0.2767,0.2682,0.2683,46113062.0
1765364400000,0.2682,0.2694,0.266,0.2677,28142442.0
1765368000000,0.2676,0.2677,0.2658,0.2672,22428046.0
1765371600000,0.2672,0.2686,0.2663,0.2675,20524926.0
1765375200000,0.2674,0.268,0.2638,0.2646,39376944.0
1765378800000,0.2645,0.2664,0.2611,0.2629,46020301.0
1765382400000,0.2629,0.2659,0.2618,0.2626,33535479.0
1765386000000,0.2625,0.2661,0.262,0.2638,27825981.0
1765389600000,0.2637,0.2731,0.2628,0.2665,69650717.0
1765393200000,0.2666,0.2729,0.2629,0.269,119665679.0
1765396800000,0.269,0.2793,0.2646,0.2657,112777100.0
1765400400000,0.2657,0.2668,0.2591,0.2597,61115862.0
1765404000000,0.2598,0.2627,0.256,0.2614,44423797.0
1765407600000,0.2614,0.2623,0.2588,0.2593,14747100.0
1765411200000,0.2594,0.2598,0.2527,0.2539,42040971.0
1765414800000,0.2538,0.2546,0.2511,0.2513,28145267.0
1765418400000,0.2512,0.2519,0.2492,0.2504,55112086.0
1765422000000,0.2504,0.2506,0.2464,0.2474,47041161.0
1765425600000,0.2473,0.2507,0.2461,0.2499,32099095.0
1765429200000,0.2498,0.2511,0.2488,0.2506,18341601.0
1765432800000,0.2507,0.251,0.2491,0.2504,20229278.0
1765436400000,0.2505,0.2514,0.2497,0.2502,12511669.0
1765440000000,0.2502,0.2504,0.2479,0.2494,18429655.0
1765443600000,0.2493,0.2503,0.2484,0.2487,13529615.0
1765447200000,0.2488,0.2517,0.2488,0.2508,14339109.0
1765450800000,0.2509,0.2527,0.2505,0.2526,19116411.0
1765454400000,0.2525,0.2578,0.2519,0.2553,42538222.0
1765458000000,0.2553,0.2573,0.2548,0.2556,23484841.0
1765461600000,0.2557,0.2559,0.2516,0.253,39887424.0
1765465200000,0.253,0.2566,0.2515,0.2529,30893742.0
1765468800000,0.2528,0.2551,0.2504,0.2522,25028410.0
1765472400000,0.2522,0.2557,0.2512,0.2534,18798910.0
1765476000000,0.2533,0.26,0.2527,0.2567,39356182.0
1765479600000,0.2568,0.2591,0.2548,0.2561,30487754.0
1765483200000,0.2562,0.2614,0.2559,0.2606,31540384.0
1765486800000,0.2606,0.2678,0.2606,0.2652,73983083.0
1765490400000,0.2653,0.2671,0.2618,0.2635,37874641.0
1765494000000,0.2636,0.266,0.262,0.2648,19503293.0
1765497600000,0.2648,0.2674,0.2612,0.2615,24496174.0
1765501200000,0.2616,0.2666,0.2616,0.2651,21916284.0
1765504800000,0.2651,0.2672,0.2644,0.2662,13914941.0
1765508400000,0.2663,0.2666,0.2636,0.2639,12157884.0
1765512000000,0.2639,0.264,0.2617,0.2622,14569168.0
1765515600000,0.2622,0.2652,0.2617,0.2651,13886431.0
1765519200000,0.2652,0.2666,0.2628,0.2637,18850933.0
1765522800000,0.2637,0.2639,0.2621,0.2624,12307229.0
1765526400000,0.2625,0.2635,0.2606,0.262,17217378.0
1765530000000,0.2621,0.2656,0.2619,0.265,18601614.0
1765533600000,0.2649,0.2666,0.2644,0.2648,21525405.0
1765537200000,0.2647,0.2659,0.2631,0.2657,15704101.0
1765540800000,0.2658,0.2665,0.2642,0.2662,13157665.0
1765544400000,0.2662,0.2667,0.2646,0.2653,21001283.0
1765548000000,0.2654,0.2663,0.2627,0.2633,28412741.0
1765551600000,0.2633,0.2634,0.2493,0.2509,135549852.0
1765555200000,0.2509,0.2518,0.2452,0.2469,94549793.0
1765558800000,0.247,0.2502,0.2466,0.2471,36503964.0
1765562400000,0.2472,0.2502,0.2469,0.2477,39190710.0
1765566000000,0.2478,0.2479,0.2453,0.2466,27313656.0
1765569600000,0.2466,0.2476,0.2458,0.2471,19036400.0
1765573200000,0.247,0.2488,0.2461,0.2477,15096420.0
1765576800000,0.2477,0.2503,0.2475,0.2488,18091807.0
1765580400000,0.2489,0.2495,0.2479,0.2481,9955637.0
1765584000000,0.2481,0.25,0.2477,0.249,11224532.0
1765587600000,0.249,0.2497,0.2482,0.2488,8264148.0
1765591200000,0.2489,0.2497,0.2482,0.2484,8127840.0
1765594800000,0.2485,0.2491,0.248,0.2484,9008616.0
1765598400000,0.2484,0.249,0.2478,0.2489,8348170.0
1765602000000,0.2489,0.2494,0.2481,0.2491,9423910.0
1765605600000,0.2492,0.2495,0.248,0.2485,9635881.0
1765609200000,0.2485,0.2496,0.2484,0.2494,11927366.0
1765612800000,0.2494,0.2526,0.2491,0.2499,26535937.0
1765616400000,0.25,0.2514,0.2492,0.2504,14361164.0
1765620000000,0.2504,0.2513,0.2498,0.2501,13765114.0
1765623600000,0.2502,0.2503,0.248,0.2488,18940888.0
1765627200000,0.2488,0.2496,0.2469,0.2478,27608434.0
1765630800000,0.2478,0.2486,0.2458,0.2466,25972267.0
1765634400000,0.2466,0.2475,0.2451,0.2464,28173763.0
1765638000000,0.2465,0.2489,0.2464,0.248,19355478.0
1765641600000,0.248,0.2496,0.2474,0.248,16920817.0
1765645200000,0.248,0.2481,0.2457,0.2464,13077701.0
1765648800000,0.2464,0.2477,0.246,0.246,9961761.0
1765652400000,0.2461,0.2474,0.2458,0.2468,9581288.0
1765656000000,0.2467,0.2481,0.2467,0.2473,7876931.0
1765659600000,0.2473,0.2478,0.243,0.2465,41097009.0
1765663200000,0.2464,0.2469,0.2446,0.2454,15894741.0
1765666800000,0.2454,0.2472,0.2447,0.2469,13402881.0
1765670400000,0.2469,0.247,0.2449,0.2453,14499024.0
1765674000000,0.2453,0.2466,0.2447,0.2451,11363311.0
1765677600000,0.245,0.2467,0.245,0.2461,11104549.0
1765681200000,0.2462,0.2467,0.2447,0.2447,8581283.0
1765684800000,0.2447,0.2454,0.242,0.2426,28187472.0
1765688400000,0.2425,0.243,0.2414,0.2424,19095962.0
1765692000000,0.2424,0.2438,0.242,0.2432,10767435.0
1765695600000,0.2432,0.2442,0.2425,0.243,9177477.0
1765699200000,0.243,0.2437,0.2413,0.2419,14246713.0
1765702800000,0.2419,0.2431,0.2412,0.2424,15513699.0
1765706400000,0.2425,0.2426,0.24,0.2409,23687233.0
1765710000000,0.241,0.2413,0.2375,0.2398,46984080.0
1765713600000,0.2398,0.2416,0.2388,0.2412,29453400.0
1765717200000,0.2411,0.2411,0.2392,0.2402,19926737.0
1765720800000,0.2402,0.2407,0.2364,0.2378,33325021.0
1765724400000,0.2377,0.2383,0.237,0.2378,14261805.0
1765728000000,0.2377,0.2398,0.2367,0.2375,29646286.0
1765731600000,0.2376,0.2381,0.2339,0.2346,44189926.0
1765735200000,0.2347,0.2361,0.2335,0.2347,23075494.0
1765738800000,0.2347,0.2348,0.2331,0.2338,18242179.0
1765742400000,0.2338,0.2355,0.2324,0.2338,26313515.0
1765746000000,0.2337,0.2339,0.2309,0.232,24241933.0
1765749600000,0.2319,0.2339,0.2316,0.2336,15156673.0
1765753200000,0.2337,0.2358,0.2305,0.2343,36966282.0
1765756800000,0.2343,0.2373,0.2338,0.2364,32061403.0
1765760400000,0.2364,0.2406,0.2354,0.2378,29275521.0
1765764000000,0.2378,0.2411,0.2376,0.238,32924277.0
1765767600000,0.2379,0.2385,0.2369,0.2372,16077637.0
1765771200000,0.2373,0.2384,0.2356,0.2376,13431094.0
1765774800000,0.2377,0.2387,0.2371,0.2386,9163928.0
1765778400000,0.2385,0.2398,0.238,0.239,12689512.0
1765782000000,0.2391,0.2395,0.2369,0.2376,10339001.0
1765785600000,0.2376,0.2386,0.2368,0.2377,11963730.0
1765789200000,0.2376,0.2386,0.237,0.238,10907466.0
1765792800000,0.2379,0.2392,0.237,0.2375,15687381.0
1765796400000,0.2375,0.2378,0.2356,0.2357,21275491.0
1765800000000,0.2357,0.2376,0.2341,0.2374,32862508.0
1765803600000,0.2374,0.2377,0.233,0.2343,46306802.0
1765807200000,0.2344,0.2378,0.2259,0.2291,109636693.0
1765810800000,0.2291,0.2304,0.2221,0.2227,149650021.0
1765814400000,0.2227,0.2239,0.2181,0.2191,87420403.0
1765818000000,0.219,0.2203,0.2168,0.2175,50532125.0
1765821600000,0.2175,0.2193,0.2151,0.2191,61219083.0
1765825200000,0.219,0.2216,0.2179,0.2184,47934303.0
1765828800000,0.2184,0.2189,0.2162,0.2172,82598033.0
1765832400000,0.2173,0.2196,0.217,0.219,19212354.0
1765836000000,0.219,0.2191,0.2167,0.2178,15297877.0
1765839600000,0.2178,0.2192,0.2174,0.2185,21165039.0
1765843200000,0.2186,0.2198,0.2164,0.2166,26020385.0
1765846800000,0.2167,0.2176,0.2143,0.2163,33457764.0
1765850400000,0.2162,0.2171,0.2142,0.2158,22317490.0
1765854000000,0.2158,0.2163,0.214,0.2159,20448104.0
1765857600000,0.2159,0.2163,0.2108,0.214,52073189.0
1765861200000,0.2139,0.2146,0.2132,0.2136,18152229.0
1765864800000,0.2137,0.2173,0.2134,0.217,25777224.0
1765868400000,0.217,0.2182,0.2138,0.2146,31770857.0
1765872000000,0.2146,0.219,0.2145,0.2178,38976292.0
1765875600000,0.2178,0.2178,0.2162,0.2171,14844825.0
1765879200000,0.2171,0.2217,0.2164,0.2198,32038081.0
1765882800000,0.2198,0.2234,0.219,0.2229,43607152.0
1765886400000,0.2228,0.2232,0.2211,0.2219,26212534.0
1765890000000,0.2219,0.2264,0.2192,0.2196,75274588.0
1765893600000,0.2197,0.2243,0.2177,0.2228,79677988.0
1765897200000,0.2228,0.2263,0.2212,0.2255,56497669.0
1765900800000,0.2255,0.2257,0.2217,0.2226,39349964.0
1765904400000,0.2226,0.225,0.2199,0.2203,54366106.0
1765908000000,0.2204,0.2223,0.2195,0.2207,31315954.0
1765911600000,0.2207,0.2209,0.2169,0.2188,36080337.0
1765915200000,0.2188,0.2203,0.2183,0.2186,20784604.0
1765918800000,0.2185,0.2192,0.2176,0.2183,12470799.0
1765922400000,0.2183,0.2198,0.2175,0.2188,12038114.0
1765926000000,0.2189,0.2189,0.2174,0.2182,10694825.0
1765929600000,0.2182,0.2183,0.2146,0.215,28780094.0
1765933200000,0.215,0.2174,0.2142,0.2148,20058578.0
1765936800000,0.2148,0.2155,0.2132,0.2148,23149098.0
1765940400000,0.2148,0.2159,0.2135,0.2139,18286165.0
1765944000000,0.214,0.2149,0.2121,0.2131,34361389.0
1765947600000,0.2131,0.215,0.2115,0.2142,31815173.0
1765951200000,0.2142,0.2155,0.2136,0.2142,17575687.0
1765954800000,0.2142,0.2156,0.2135,0.2152,17793417.0
1765958400000,0.2152,0.2152,0.212,0.2124,24692947.0
1765962000000,0.2124,0.2127,0.2111,0.2115,30068707.0
1765965600000,0.2115,0.2116,0.2088,0.2096,60816613.0
1765969200000,0.2096,0.2114,0.2095,0.2111,24524688.0
1765972800000,0.211,0.2123,0.2104,0.2113,24846203.0
1765976400000,0.2113,0.2149,0.2107,0.214,44021549.0
1765980000000,0.2141,0.2172,0.2063,0.2171,165632821.0
1765983600000,0.217,0.2204,0.2075,0.2089,195453640.0
1765987200000,0.2089,0.2103,0.2025,0.2063,159019936.0
1765990800000,0.2063,0.207,0.2012,0.2022,77795047.0
1765994400000,0.2022,0.2047,0.2001,0.2008,68233910.0
1765998000000,0.2009,0.2039,0.1997,0.2038,55327418.0
1766001600000,0.2038,0.2058,0.2022,0.2028,35304902.0
1766005200000,0.2027,0.2038,0.2009,0.2014,19142498.0
1766008800000,0.2014,0.2035,0.2006,0.203,20816310.0
1766012400000,0.203,0.2043,0.2023,0.2042,18833671.0
1766016000000,0.2042,0.2048,0.2029,0.2034,15771789.0
1766019600000,0.2034,0.2034,0.2012,0.2019,17772116.0
1766023200000,0.202,0.2034,0.2011,0.2027,22606241.0
1766026800000,0.2027,0.2027,0.2005,0.202,17783713.0
1766030400000,0.202,0.2029,0.2013,0.2014,15861192.0
1766034000000,0.2013,0.2015,0.1998,0.2005,20590276.0
1766037600000,0.2005,0.2018,0.2001,0.2012,15954874.0
1766041200000,0.2013,0.2028,0.2008,0.2016,20301327.0
1766044800000,0.2015,0.203,0.2011,0.2021,18759780.0
1766048400000,0.2021,0.2029,0.201,0.2025,17941851.0
1766052000000,0.2025,0.2043,0.2021,0.2043,21573769.0
1766055600000,0.2044,0.2047,0.2031,0.2045,16669578.0
1766059200000,0.2046,0.2053,0.2033,0.2037,20942134.0
1766062800000,0.2036,0.2122,0.2035,0.2107,130131850.0
1766066400000,0.2108,0.2136,0.2074,0.2096,112229345.0
1766070000000,0.2095,0.2129,0.2066,0.2099,95192560.0
1766073600000,0.2099,0.2106,0.2074,0.2094,40003508.0
1766077200000,0.2094,0.2096,0.1961,0.1995,206547166.0
1766080800000,0.1994,0.2014,0.1964,0.197,55281365.0
1766084400000,0.1969,0.1974,0.1906,0.1918,133446535.0
1766088000000,0.1918,0.1947,0.1918,0.1925,55337571.0
1766091600000,0.1926,0.1971,0.1926,0.197,44234064.0
1766095200000,0.197,0.1979,0.1962,0.1971,18957187.0
1766098800000,0.1971,0.1978,0.1965,0.1975,24440050.0
1766102400000,0.1975,0.1988,0.1939,0.1951,51760196.0
1766106000000,0.195,0.195,0.1922,0.1938,24428940.0
1766109600000,0.1938,0.1946,0.1911,0.1931,52558719.0
1766113200000,0.1932,0.202,0.193,0.1995,116387035.0
1766116800000,0.1996,0.2008,0.1988,0.2004,44938518.0
1766120400000,0.2005,0.2032,0.1986,0.2013,61889628.0
1766124000000,0.2013,0.2037,0.2008,0.2036,37047906.0
1766127600000,0.2035,0.2087,0.2031,0.2038,79366387.0
1766131200000,0.2039,0.2046,0.2026,0.2039,25192758.0
1766134800000,0.2039,0.2042,0.2031,0.2033,16696495.0
1766138400000,0.2033,0.2041,0.2028,0.2034,17949829.0
1766142000000,0.2034,0.2049,0.2027,0.2043,22389711.0
1766145600000,0.2043,0.2048,0.2029,0.2036,25572446.0
1766149200000,0.2037,0.2046,0.2032,0.204,14420586.0
1766152800000,0.2041,0.2082,0.2033,0.2062,58159244.0
1766156400000,0.2062,0.2106,0.2046,0.2058,83623827.0
1766160000000,0.2059,0.2129,0.2057,0.2095,77573922.0
1766163600000,0.2096,0.2117,0.2053,0.2053,64341590.0
1766167200000,0.2054,0.2087,0.2049,0.208,36733779.0
1766170800000,0.2079,0.2134,0.2079,0.2117,46056755.0
1766174400000,0.2117,0.2125,0.2099,0.2116,33230820.0
1766178000000,0.2115,0.2115,0.2092,0.2095,11037670.0
1766181600000,0.2095,0.2106,0.2089,0.209,15256285.0
1766185200000,0.2091,0.2098,0.2083,0.2091,12166917.0
1766188800000,0.209,0.2094,0.2077,0.2084,15708827.0
1766192400000,0.2085,0.2109,0.2083,0.2098,16924479.0
1766196000000,0.2097,0.2109,0.2093,0.21,14786638.0
1766199600000,0.2101,0.2129,0.2098,0.2116,18589182.0
1766203200000,0.2115,0.212,0.2106,0.2109,10603357.0
1766206800000,0.2109,0.2111,0.2097,0.2104,13545173.0
1766210400000,0.2104,0.2114,0.21,0.2111,7637666.0
1766214000000,0.2112,0.2123,0.2102,0.2121,14603935.0
1766217600000,0.212,0.2141,0.212,0.2128,20183574.0
1766221200000,0.2128,0.2134,0.2123,0.2126,9844776.0
1766224800000,0.2127,0.2128,0.2106,0.211,18766927.0
1766228400000,0.2109,0.2133,0.2109,0.2131,17068602.0
1766232000000,0.2131,0.2131,0.2113,0.2116,18387712.0
1766235600000,0.2116,0.2124,0.2103,0.2122,29393692.0
1766239200000,0.2122,0.2131,0.2104,0.2128,16549713.0
1766242800000,0.2127,0.2129,0.2111,0.2114,23736148.0
1766246400000,0.2113,0.2121,0.2109,0.212,16154868.0
1766250000000,0.212,0.2127,0.2115,0.2118,10912841.0
1766253600000,0.2118,0.2129,0.2112,0.2124,11384610.0
1766257200000,0.2125,0.2133,0.2119,0.2123,10702090.0
1766260800000,0.2122,0.2125,0.2117,0.2125,9797768.0
1766264400000,0.2125,0.2133,0.2117,0.2118,11355104.0
1766268000000,0.2117,0.2125,0.2112,0.2121,7516412.0
1766271600000,0.2121,0.2128,0.2118,0.2123,11111743.0
1766275200000,0.2123,0.2129,0.2116,0.2125,7994079.0
1766278800000,0.2124,0.2125,0.2103,0.2106,13201670.0
1766282400000,0.2107,0.2113,0.2089,0.2093,21333297.0
1766286000000,0.2094,0.2112,0.2092,0.2105,12221082.0
1766289600000,0.2105,0.2111,0.2102,0.2105,6339104.0
1766293200000,0.2106,0.2121,0.2104,0.2113,12283395.0
1766296800000,0.2112,0.2121,0.211,0.212,9875137.0
1766300400000,0.212,0.2122,0.2113,0.2115,7484646.0
1766304000000,0.2115,0.2129,0.211,0.212,17534442.0
1766307600000,0.2119,0.2139,0.2113,0.2131,28793853.0
1766311200000,0.2131,0.2138,0.2113,0.2118,27305198.0
1766314800000,0.2118,0.2122,0.2113,0.2117,13504573.0
1766318400000,0.2118,0.2132,0.2095,0.2104,41926518.0
1766322000000,0.2104,0.2105,0.2037,0.2042,105714114.0
1766325600000,0.2041,0.2065,0.2038,0.2054,43659214.0
1766329200000,0.2054,0.2066,0.2042,0.2054,28921128.0
1766332800000,0.2055,0.2068,0.2049,0.2065,20721736.0
1766336400000,0.2065,0.2083,0.2063,0.2066,19843060.0
1766340000000,0.2065,0.2075,0.2054,0.2072,22707981.0
1766343600000,0.2073,0.2087,0.2066,0.2082,18099873.0
1766347200000,0.2083,0.2085,0.2067,0.207,10144312.0
1766350800000,0.207,0.2076,0.206,0.2067,17911496.0
1766354400000,0.2067,0.2091,0.2063,0.2091,13016839.0
1766358000000,0.2091,0.2113,0.2091,0.2103,29694631.0
1766361600000,0.2104,0.2171,0.2104,0.2144,97753570.0
1766365200000,0.2144,0.2164,0.2131,0.2131,44465736.0
1766368800000,0.2132,0.2133,0.2093,0.2112,42494066.0
1766372400000,0.2111,0.2129,0.2102,0.2116,20113490.0
1766376000000,0.2115,0.2126,0.2112,0.2118,18981245.0
1766379600000,0.2118,0.212,0.21,0.2103,21074699.0
1766383200000,0.2102,0.2119,0.2097,0.2109,13570670.0
1766386800000,0.2108,0.2123,0.2103,0.2108,13613973.0
1766390400000,0.2107,0.2136,0.2102,0.2105,33460694.0
1766394000000,0.2104,0.2117,0.2102,0.2114,13961435.0
1766397600000,0.2114,0.2127,0.2107,0.2124,18274721.0
1766401200000,0.2124,0.2145,0.2115,0.2139,25274614.0
1766404800000,0.2139,0.2159,0.2131,0.2143,31481465.0
1766408400000,0.2143,0.2145,0.2117,0.2127,20954887.0
1766412000000,0.2127,0.2144,0.2106,0.2131,48496494.0
1766415600000,0.2131,0.2143,0.2084,0.2113,67861760.0
1766419200000,0.2113,0.2117,0.209,0.2104,34949392.0
1766422800000,0.2104,0.211,0.2092,0.2103,20503681.0
1766426400000,0.2103,0.2119,0.2098,0.2104,24269844.0
1766430000000,0.2103,0.2105,0.2056,0.2062,52494129.0
1766433600000,0.2062,0.2075,0.2047,0.2063,39469146.0
1766437200000,0.2062,0.2075,0.2059,0.2064,17493632.0
1766440800000,0.2064,0.2083,0.2055,0.2078,14446494.0
1766444400000,0.2079,0.2083,0.206,0.2068,16201311.0
1766448000000,0.2068,0.2073,0.2057,0.2064,19273781.0
1766451600000,0.2064,0.2067,0.2043,0.205,24747557.0
1766455200000,0.205,0.2062,0.2032,0.2035,32003949.0
1766458800000,0.2035,0.2036,0.2015,0.2023,43740220.0
1766462400000,0.2023,0.2027,0.2001,0.2004,38436058.0
1766466000000,0.2005,0.2013,0.1995,0.2011,29286175.0
1766469600000,0.2012,0.2019,0.1992,0.2003,38231291.0
1766473200000,0.2002,0.2009,0.1999,0.2006,15271464.0
1766476800000,0.2007,0.2013,0.1999,0.2,16855981.0
1766480400000,0.2001,0.2009,0.1997,0.1999,18384902.0
1766484000000,0.1999,0.2012,0.1998,0.2009,26717888.0
1766487600000,0.2009,0.2017,0.2005,0.2008,14048416.0
1766491200000,0.2008,0.201,0.1981,0.199,39282583.0
1766494800000,0.1989,0.1996,0.194,0.1952,97826118.0
1766498400000,0.1952,0.1966,0.1927,0.1947,71909712.0
1766502000000,0.1946,0.1973,0.1937,0.1968,43271012.0
1766505600000,0.1969,0.2001,0.1965,0.1996,51383715.0
1766509200000,0.1996,0.2003,0.1969,0.1971,25745947.0
1766512800000,0.197,0.2004,0.1969,0.2,25674623.0
1766516400000,0.2,0.2003,0.1987,0.1999,16718385.0
1766520000000,0.1999,0.2021,0.1989,0.2007,23151032.0
1766523600000,0.2007,0.201,0.1996,0.2002,12424593.0
1766527200000,0.2002,0.2005,0.1981,0.1992,12081595.0
1766530800000,0.1992,0.2002,0.1985,0.2,22921373.0
1766534400000,0.1999,0.201,0.1993,0.2004,16713580.0
1766538000000,0.2004,0.201,0.1989,0.1991,11843576.0
1766541600000,0.1991,0.1992,0.1961,0.1969,26645381.0
1766545200000,0.1969,0.1983,0.196,0.1983,15812379.0
1766548800000,0.1982,0.199,0.1968,0.1969,12852507.0
1766552400000,0.197,0.1978,0.1956,0.1961,21164581.0
1766556000000,0.1961,0.1967,0.1957,0.1961,14334998.0
1766559600000,0.1962,0.1976,0.1959,0.1963,18706688.0
1766563200000,0.1963,0.1968,0.1956,0.1961,21643610.0
1766566800000,0.1961,0.197,0.1958,0.1963,12936448.0
1766570400000,0.1962,0.1983,0.196,0.1974,21990775.0
1766574000000,0.1973,0.1983,0.1972,0.1976,15617957.0
1766577600000,0.1977,0.2002,0.1975,0.1995,22389865.0
1766581200000,0.1994,0.1994,0.1977,0.1991,23580184.0
1766584800000,0.1991,0.2001,0.1959,0.1985,49322914.0
1766588400000,0.1986,0.2014,0.1974,0.201,37763696.0
1766592000000,0.2009,0.2033,0.1996,0.2021,43654930.0
1766595600000,0.2022,0.2025,0.1994,0.2,26233102.0
1766599200000,0.2001,0.2007,0.1995,0.1998,10203226.0
1766602800000,0.1999,0.2003,0.1991,0.1999,12283891.0
1766606400000,0.1999,0.2013,0.1998,0.2001,11510772.0
1766610000000,0.2001,0.2007,0.1998,0.2004,8096233.0
1766613600000,0.2004,0.2022,0.2002,0.2019,9528802.0
1766617200000,0.202,0.2021,0.2007,0.2009,9656973.0
1766620800000,0.2009,0.2019,0.2005,0.2007,12676799.0
1766624400000,0.2007,0.2021,0.2005,0.2018,10171838.0
1766628000000,0.2018,0.2035,0.2012,0.2032,15804361.0
1766631600000,0.2032,0.2045,0.2027,0.2043,16189510.0
1766635200000,0.2042,0.2047,0.2029,0.2029,14528974.0
1766638800000,0.203,0.203,0.2007,0.2022,29403589.0
1766642400000,0.2022,0.2037,0.202,0.2035,9674556.0
1766646000000,0.2036,0.2038,0.2027,0.2036,10537026.0
1766649600000,0.2036,0.2047,0.2025,0.2036,28581382.0
1766653200000,0.2036,0.2037,0.2026,0.2029,8495172.0
1766656800000,0.2029,0.2029,0.2009,0.2015,21129127.0
1766660400000,0.2014,0.2026,0.2014,0.2019,11373253.0
1766664000000,0.2018,0.2036,0.2016,0.2035,11027060.0
1766667600000,0.2035,0.2037,0.2023,0.2029,11903905.0
1766671200000,0.2028,0.2033,0.2016,0.2024,12332052.0
1766674800000,0.2024,0.2059,0.2019,0.205,34031958.0
1766678400000,0.2051,0.2065,0.2041,0.2045,24980617.0
1766682000000,0.2045,0.2047,0.2033,0.2044,12260074.0
1766685600000,0.2044,0.2057,0.2043,0.2048,14372250.0
1766689200000,0.2049,0.205,0.2042,0.2049,6528076.0
1766692800000,0.2049,0.2078,0.2044,0.2064,41191937.0
1766696400000,0.2065,0.2067,0.2057,0.2061,6775569.0
1766700000000,0.206,0.2062,0.2015,0.203,22588099.0
1766703600000,0.203,0.2037,0.1983,0.1993,55258862.0
1766707200000,0.1992,0.2002,0.1979,0.1997,37797864.0
1766710800000,0.1996,0.2026,0.1993,0.2023,22969899.0
1766714400000,0.2023,0.2108,0.2022,0.209,80071349.0
1766718000000,0.2091,0.2098,0.2076,0.2085,27070023.0
1766721600000,0.2085,0.2089,0.2066,0.2086,16957827.0
1766725200000,0.2086,0.2114,0.2081,0.2111,26624810.0
1766728800000,0.211,0.2135,0.2101,0.2113,52646687.0
1766732400000,0.2114,0.2125,0.2095,0.2105,30144294.0
1766736000000,0.2105,0.2124,0.2102,0.2111,27888752.0
1766739600000,0.2111,0.2132,0.2107,0.2126,23779515.0
1766743200000,0.2126,0.2138,0.2124,0.213,28128057.0
1766746800000,0.2129,0.2131,0.2118,0.2124,15274463.0
1766750400000,0.2125,0.214,0.2124,0.2131,18020326.0
1766754000000,0.2132,0.2133,0.2114,0.2123,30509745.0
1766757600000,0.2123,0.2125,0.207,0.2075,58117786.0
1766761200000,0.2074,0.208,0.2051,0.2072,86391041.0
1766764800000,0.2072,0.2078,0.2051,0.2053,37659972.0
1766768400000,0.2053,0.2082,0.2053,0.2075,21984183.0
1766772000000,0.2076,0.2094,0.2075,0.2084,18624166.0
1766775600000,0.2083,0.2099,0.2079,0.2093,13995296.0
1766779200000,0.2093,0.2109,0.2088,0.2099,13174880.0
1766782800000,0.2099,0.2103,0.2084,0.2084,8463950.0
1766786400000,0.2084,0.2099,0.2079,0.2099,10839823.0
1766790000000,0.2098,0.2106,0.2097,0.2101,9446548.0
1766793600000,0.21,0.2106,0.2098,0.2102,10534700.0
1766797200000,0.2102,0.211,0.2097,0.211,7637239.0
1766800800000,0.2109,0.2122,0.2104,0.2115,10702002.0
1766804400000,0.2116,0.213,0.2106,0.2122,13313809.0
1766808000000,0.2122,0.2122,0.2104,0.2106,9634704.0
1766811600000,0.2106,0.2121,0.2104,0.2118,8323508.0
1766815200000,0.2118,0.2124,0.2112,0.2113,8973868.0
1766818800000,0.2112,0.2116,0.2102,0.2106,9414949.0
1766822400000,0.2106,0.2111,0.2104,0.211,8070669.0
1766826000000,0.211,0.2133,0.2108,0.211,20673725.0
1766829600000,0.2111,0.2112,0.2091,0.2102,20734514.0
1766833200000,0.2101,0.2121,0.2101,0.2118,13108950.0
1766836800000,0.2118,0.212,0.2108,0.2115,13969675.0
1766840400000,0.2115,0.2118,0.2102,0.2106,10834169.0
1766844000000,0.2106,0.2124,0.2105,0.2119,10815287.0
1766847600000,0.2118,0.2136,0.2113,0.2133,21678277.0
1766851200000,0.2133,0.2136,0.212,0.2122,16037998.0
1766854800000,0.2122,0.2136,0.2121,0.2134,11162181.0
1766858400000,0.2134,0.2136,0.2127,0.2132,5476779.0
1766862000000,0.2132,0.214,0.2131,0.2136,6181583.0
1766865600000,0.2136,0.2147,0.2135,0.2137,9547455.0
1766869200000,0.2138,0.2152,0.2137,0.215,7562903.0
1766872800000,0.215,0.2163,0.2134,0.214,18265998.0
1766876400000,0.2141,0.218,0.214,0.2167,21868482.0
1766880000000,0.2168,0.2174,0.2158,0.2161,20250825.0
1766883600000,0.2162,0.2168,0.2146,0.215,14177268.0
1766887200000,0.2151,0.2151,0.2138,0.2139,11259843.0
1766890800000,0.2139,0.2139,0.2129,0.2135,14410632.0
1766894400000,0.2134,0.2135,0.2117,0.2121,11773932.0
1766898000000,0.2121,0.2144,0.2115,0.2134,16606161.0
1766901600000,0.2134,0.2144,0.2128,0.2139,9716637.0
1766905200000,0.214,0.214,0.2121,0.2123,11751543.0
1766908800000,0.2124,0.2134,0.2119,0.2124,11320877.0
1766912400000,0.2123,0.2129,0.2114,0.2118,11974437.0
1766916000000,0.2118,0.2126,0.2115,0.2116,14425577.0
1766919600000,0.2116,0.212,0.2102,0.2113,15297315.0
1766923200000,0.2113,0.2115,0.2095,0.2099,21390014.0
1766926800000,0.2099,0.211,0.2097,0.2106,14394752.0
1766930400000,0.2105,0.2129,0.2104,0.2114,24832746.0
1766934000000,0.2115,0.2122,0.2096,0.2098,17080983.0
1766937600000,0.2099,0.2111,0.2094,0.2099,16440601.0
1766941200000,0.2098,0.2108,0.2083,0.2088,19410111.0
1766944800000,0.2087,0.2089,0.2063,0.2068,33203636.0
1766948400000,0.2068,0.2078,0.2063,0.2064,15097124.0
1766952000000,0.2065,0.2078,0.206,0.2069,18043265.0
1766955600000,0.207,0.2076,0.2066,0.2074,11235354.0
1766959200000,0.2075,0.2086,0.2067,0.208,9551245.0
1766962800000,0.2081,0.2086,0.2065,0.2081,19626267.0
1766966400000,0.2081,0.2115,0.2073,0.211,36691000.0
1766970000000,0.211,0.2132,0.2087,0.2118,29348185.0
1766973600000,0.2119,0.2146,0.2118,0.2136,34009295.0
1766977200000,0.2137,0.2184,0.2135,0.2174,44758192.0
1766980800000,0.2174,0.219,0.2164,0.2184,49814543.0
1766984400000,0.2184,0.2188,0.2158,0.2159,32456593.0
1766988000000,0.2159,0.2171,0.2141,0.215,28514443.0
1766991600000,0.215,0.2154,0.2133,0.215,26102466.0
1766995200000,0.215,0.2166,0.2145,0.2154,22576575.0
1766998800000,0.2153,0.2158,0.2093,0.2112,57830527.0
1767002400000,0.2111,0.2133,0.2106,0.2121,27388386.0
1767006000000,0.212,0.212,0.2101,0.2103,23949579.0
1767009600000,0.2102,0.2106,0.2058,0.209,69235818.0
1767013200000,0.209,0.2098,0.2074,0.2078,21846446.0
1767016800000,0.2077,0.2117,0.2068,0.2088,52669378.0
1767020400000,0.2089,0.2121,0.2083,0.2114,33336615.0
1767024000000,0.2114,0.2122,0.2089,0.2095,29839303.0
1767027600000,0.2094,0.2105,0.2085,0.2102,32897784.0
1767031200000,0.2102,0.2104,0.2066,0.2073,32604414.0
1767034800000,0.2073,0.2104,0.2068,0.2098,41973368.0
1767038400000,0.2097,0.2104,0.2074,0.2078,30790633.0
1767042000000,0.2078,0.2096,0.2077,0.2094,9790790.0
1767045600000,0.2093,0.2101,0.2084,0.2095,9766530.0
1767049200000,0.2094,0.2106,0.209,0.2105,12943664.0
1767052800000,0.2104,0.2108,0.2088,0.2098,23622368.0
1767056400000,0.2098,0.2101,0.2087,0.2089,14055125.0
1767060000000,0.2089,0.2098,0.2071,0.2076,29847820.0
1767063600000,0.2076,0.2081,0.2041,0.2057,54459571.0
1767067200000,0.2056,0.2072,0.2055,0.2059,13409604.0
1767070800000,0.2059,0.2063,0.2032,0.2044,21534455.0
1767074400000,0.2044,0.206,0.2042,0.2055,13303943.0
1767078000000,0.2054,0.2065,0.205,0.2058,13582524.0
1767081600000,0.2058,0.2101,0.2057,0.2075,46562138.0
1767085200000,0.2076,0.2088,0.2075,0.2083,16901643.0
1767088800000,0.2083,0.2087,0.2071,0.2076,13691266.0
1767092400000,0.2075,0.2082,0.2073,0.2081,9978657.0
1767096000000,0.2081,0.2089,0.2067,0.2074,18834943.0
1767099600000,0.2074,0.2077,0.2063,0.2069,18165673.0
1767103200000,0.2068,0.2089,0.2042,0.2076,71455573.0
1767106800000,0.2075,0.2084,0.2056,0.2077,30122120.0
1767110400000,0.2078,0.209,0.2061,0.2066,30660708.0
1767114000000,0.2067,0.2071,0.2042,0.2051,28979389.0
1767117600000,0.205,0.2052,0.2033,0.2039,23251535.0
1767121200000,0.2039,0.2054,0.2021,0.2046,41524563.0
1767124800000,0.2046,0.2047,0.2027,0.2029,21528484.0
1767128400000,0.2029,0.2036,0.2026,0.2029,11604021.0
1767132000000,0.2029,0.2035,0.2008,0.202,23804534.0
1767135600000,0.2021,0.204,0.2018,0.2034,18783293.0
1767139200000,0.2034,0.2036,0.2023,0.2027,13644705.0
1767142800000,0.2027,0.2049,0.2026,0.2039,19816960.0
1767146400000,0.2039,0.2045,0.2032,0.2039,10683110.0
1767150000000,0.2038,0.2043,0.2026,0.2037,9562273.0
1767153600000,0.2038,0.2047,0.2034,0.204,7875742.0
1767157200000,0.2041,0.205,0.2038,0.2047,14359332.0
1767160800000,0.2048,0.2062,0.2046,0.2047,18805220.0
1767164400000,0.2047,0.205,0.2037,0.2044,11900285.0
1767168000000,0.2044,0.2054,0.2029,0.2032,15218629.0
1767171600000,0.2031,0.2046,0.2027,0.2043,13560059.0
1767175200000,0.2044,0.2052,0.2039,0.2047,15520495.0
1767178800000,0.2047,0.207,0.2046,0.2066,24322147.0
1767182400000,0.2066,0.2068,0.2045,0.205,16869708.0
1767186000000,0.205,0.2053,0.2036,0.2041,18614781.0
1767189600000,0.204,0.2061,0.2025,0.2039,33666824.0
1767193200000,0.2038,0.2038,0.2016,0.2026,34577297.0
1767196800000,0.2027,0.2031,0.1964,0.1987,86629287.0
1767200400000,0.1986,0.1994,0.1978,0.1984,27678179.0
1767204000000,0.1984,0.1999,0.1973,0.1986,32583464.0
1767207600000,0.1987,0.2005,0.1986,0.1987,20330159.0
1767211200000,0.1987,0.2021,0.198,0.2011,41781978.0
1767214800000,0.2012,0.2025,0.2009,0.2021,14106340.0
1767218400000,0.202,0.2023,0.2004,0.2005,11006618.0
1767222000000,0.2005,0.2008,0.1996,0.1998,11664444.0
1767225600000,0.1998,0.2013,0.1998,0.201,12990334.0
1767229200000,0.2009,0.2021,0.2002,0.2008,10340400.0
1767232800000,0.2008,0.2015,0.2002,0.2013,8691673.0
1767236400000,0.2013,0.2013,0.2005,0.2008,9345439.0
1767240000000,0.2008,0.2014,0.2001,0.2013,7654079.0
1767243600000,0.2012,0.2029,0.2012,0.2025,11302351.0
1767247200000,0.2025,0.2029,0.2016,0.2017,9300468.0
1767250800000,0.2018,0.2022,0.2015,0.2016,7287028.0
1767254400000,0.2016,0.2027,0.2014,0.2025,8097496.0
1767258000000,0.2025,0.204,0.2025,0.2034,15170159.0
1767261600000,0.2035,0.2048,0.2032,0.2046,9522501.0
1767265200000,0.2046,0.205,0.2041,0.2046,12377515.0
1767268800000,0.2046,0.205,0.2035,0.2045,13937601.0
1767272400000,0.2045,0.2055,0.2041,0.2055,20234925.0
1767276000000,0.2055,0.2062,0.2046,0.2059,18508543.0
1767279600000,0.2059,0.2089,0.2056,0.2079,32237424.0
1767283200000,0.208,0.2088,0.2067,0.2083,30101731.0
1767286800000,0.2083,0.2122,0.208,0.2118,45260559.0
1767290400000,0.2117,0.2127,0.2111,0.2127,26598072.0
1767294000000,0.2127,0.2155,0.2123,0.2155,27230881.0
1767297600000,0.2155,0.2158,0.2128,0.2131,29930870.0
1767301200000,0.2132,0.2144,0.2132,0.2142,15840690.0
1767304800000,0.2141,0.2171,0.2141,0.217,15733220.0
1767308400000,0.217,0.2183,0.216,0.2177,31881292.0
1767312000000,0.2176,0.2187,0.216,0.2174,29567331.0
1767315600000,0.2173,0.2179,0.2163,0.2173,15540929.0
1767319200000,0.2173,0.2173,0.2151,0.2171,16498770.0
1767322800000,0.2171,0.2215,0.2165,0.2209,43260477.0
1767326400000,0.2209,0.2235,0.2184,0.2199,53714051.0
1767330000000,0.22,0.2206,0.2186,0.2201,23074248.0
1767333600000,0.2202,0.2235,0.2202,0.2227,27642871.0
1767337200000,0.2226,0.2228,0.2193,0.22,30157615.0
1767340800000,0.2201,0.222,0.2193,0.2217,25156295.0
1767344400000,0.2217,0.2254,0.2209,0.225,49904087.0
1767348000000,0.2249,0.2267,0.2242,0.226,40831645.0
1767351600000,0.226,0.226,0.2223,0.2228,32273760.0
1767355200000,0.2228,0.2274,0.2214,0.2258,49209572.0
1767358800000,0.2258,0.227,0.2249,0.2254,28384302.0
1767362400000,0.2254,0.2317,0.2232,0.2291,90662451.0
1767366000000,0.2292,0.2337,0.2263,0.2318,85010486.0
1767369600000,0.2317,0.2365,0.2297,0.2352,106771050.0
1767373200000,0.2351,0.2361,0.231,0.2339,68537590.0
1767376800000,0.2338,0.2356,0.2316,0.2335,32662020.0
1767380400000,0.2335,0.2388,0.2333,0.237,53634485.0
1767384000000,0.237,0.2376,0.2345,0.2359,41071883.0
1767387600000,0.2359,0.2379,0.2354,0.2374,20604837.0
1767391200000,0.2374,0.2396,0.2368,0.2383,22422697.0
1767394800000,0.2382,0.2387,0.2365,0.2373,15972513.0
1767398400000,0.2372,0.2389,0.2361,0.237,18633285.0
1767402000000,0.2369,0.2384,0.2362,0.2378,24311656.0
1767405600000,0.2378,0.2396,0.2358,0.2389,26940335.0
1767409200000,0.2389,0.2409,0.2379,0.2395,24313234.0
1767412800000,0.2394,0.2399,0.2386,0.2399,17916896.0
1767416400000,0.2399,0.2414,0.2391,0.2404,27194800.0
1767420000000,0.2404,0.2422,0.2354,0.2363,40353535.0
1767423600000,0.2364,0.2372,0.2315,0.2333,60195299.0
1767427200000,0.2332,0.2352,0.2325,0.2342,38922323.0
1767430800000,0.2341,0.2367,0.2334,0.2354,20041005.0
1767434400000,0.2355,0.2362,0.2331,0.2332,19150225.0
1767438000000,0.2332,0.2338,0.2307,0.2329,45250171.0
1767441600000,0.2329,0.2338,0.2322,0.2336,19775833.0
1767445200000,0.2336,0.2353,0.2333,0.2347,20268567.0
1767448800000,0.2348,0.2368,0.2344,0.2362,23417431.0
1767452400000,0.2362,0.2362,0.2345,0.2354,18222699.0
1767456000000,0.2355,0.2395,0.2353,0.2387,33945295.0
1767459600000,0.2387,0.2391,0.2374,0.2378,15150393.0
1767463200000,0.2378,0.2386,0.2366,0.2386,14136771.0
1767466800000,0.2386,0.2386,0.2366,0.2369,9523750.0
1767470400000,0.2369,0.237,0.2345,0.2355,24689154.0
1767474000000,0.2355,0.2378,0.2349,0.2366,15908387.0
1767477600000,0.2367,0.2393,0.2363,0.2388,11990198.0
1767481200000,0.2388,0.2401,0.2381,0.239,16237193.0
1767484800000,0.2389,0.2435,0.2382,0.2421,61251781.0
1767488400000,0.242,0.2428,0.2401,0.2412,20198169.0
1767492000000,0.2412,0.2425,0.2392,0.2397,18357640.0
1767495600000,0.2396,0.2434,0.2394,0.242,30420059.0
1767499200000,0.242,0.2428,0.2397,0.2399,20268495.0
1767502800000,0.24,0.2416,0.2398,0.2415,11047661.0
1767506400000,0.2415,0.2432,0.2374,0.2384,33664816.0
1767510000000,0.2384,0.2413,0.2379,0.2405,20156810.0
1767513600000,0.2404,0.2406,0.2379,0.2402,24760583.0
1767517200000,0.2402,0.2438,0.2395,0.2429,36273524.0
1767520800000,0.243,0.2445,0.2427,0.2433,30126751.0
1767524400000,0.2432,0.2441,0.242,0.244,20391497.0
1767528000000,0.244,0.2478,0.2437,0.2445,56311722.0
1767531600000,0.2446,0.2471,0.2424,0.2467,31431293.0
1767535200000,0.2466,0.2492,0.2459,0.2489,40992356.0
1767538800000,0.2489,0.2511,0.2478,0.2498,57020673.0
1767542400000,0.2497,0.252,0.2492,0.2518,36910758.0
1767546000000,0.2517,0.2524,0.2504,0.2515,29700182.0
1767549600000,0.2515,0.2518,0.2467,0.2484,38389236.0
1767553200000,0.2483,0.2483,0.2436,0.2456,43354696.0
1767556800000,0.2456,0.2484,0.2451,0.2476,20620028.0
1767560400000,0.2475,0.2496,0.2457,0.2475,19894797.0
1767564000000,0.2475,0.25,0.247,0.2485,17035637.0
1767567600000,0.2485,0.2516,0.2485,0.2506,34627021.0
1767571200000,0.2506,0.253,0.2474,0.2497,48265330.0
1767574800000,0.2498,0.2529,0.2486,0.2498,59789418.0
1767578400000,0.2499,0.2525,0.2486,0.2509,46256390.0
1767582000000,0.2509,0.2512,0.2474,0.2477,19365711.0
1767585600000,0.2476,0.2484,0.2411,0.2422,81261998.0
1767589200000,0.2423,0.2436,0.2404,0.2405,34332927.0
1767592800000,0.2406,0.2415,0.2382,0.2403,32986701.0
1767596400000,0.2402,0.246,0.2396,0.2449,74546992.0
1767600000000,0.2449,0.2473,0.2438,0.2458,39837080.0
1767603600000,0.2458,0.2497,0.2441,0.2476,45549263.0
1767607200000,0.2476,0.2481,0.2437,0.2447,24931968.0
1767610800000,0.2448,0.2451,0.2423,0.2434,22231663.0
1767614400000,0.2434,0.2442,0.2419,0.2441,26054018.0
1767618000000,0.2441,0.2446,0.2411,0.2425,22240889.0
1767621600000,0.2426,0.2463,0.241,0.2449,38234040.0
1767625200000,0.245,0.2505,0.2425,0.2486,57405158.0
1767628800000,0.2486,0.2494,0.2451,0.246,40551392.0
1767632400000,0.2461,0.254,0.2436,0.2527,52556354.0
1767636000000,0.2527,0.2573,0.2511,0.2566,58975256.0
1767639600000,0.2567,0.2573,0.2539,0.2542,36377607.0
1767643200000,0.2542,0.2591,0.2536,0.2549,52659738.0
1767646800000,0.2549,0.2574,0.2542,0.2543,25152646.0
1767650400000,0.2543,0.2579,0.2531,0.2563,25431070.0
1767654000000,0.2564,0.2566,0.2524,0.2525,20583828.0
1767657600000,0.2524,0.2535,0.2484,0.2527,43907586.0
1767661200000,0.2527,0.2559,0.2508,0.2511,32841193.0
1767664800000,0.2511,0.2522,0.2491,0.2503,29969782.0
1767668400000,0.2503,0.2552,0.25,0.2526,30053871.0
1767672000000,0.2525,0.2539,0.2511,0.2522,23251889.0
1767675600000,0.2522,0.2529,0.2479,0.2487,27590787.0
1767679200000,0.2487,0.252,0.2479,0.2494,37890646.0
1767682800000,0.2494,0.2496,0.2459,0.2477,36667395.0
1767686400000,0.2477,0.2498,0.2472,0.2494,25897009.0
1767690000000,0.2494,0.2522,0.249,0.2511,30921236.0
1767693600000,0.2511,0.2518,0.2497,0.2504,20175372.0
1767697200000,0.2504,0.2533,0.2502,0.2522,25139840.0
1767700800000,0.2522,0.2566,0.2521,0.2559,26938778.0
1767704400000,0.2559,0.2572,0.2542,0.2553,35177201.0
1767708000000,0.2554,0.2634,0.2534,0.2554,127535520.0
1767711600000,0.2553,0.2585,0.2502,0.2522,82327720.0
1767715200000,0.2521,0.2526,0.2452,0.2475,79493039.0
1767718800000,0.2474,0.2489,0.2409,0.242,70702973.0
1767722400000,0.2419,0.2464,0.2408,0.2454,44347963.0
1767726000000,0.2455,0.2468,0.2441,0.2442,18441503.0
1767729600000,0.2441,0.2511,0.2441,0.2496,31971078.0
1767733200000,0.2496,0.2567,0.2487,0.2521,79099039.0
1767736800000,0.2521,0.2594,0.2498,0.259,65167764.0
1767740400000,0.259,0.2605,0.255,0.2567,52217308.0
1767744000000,0.2567,0.2569,0.2518,0.2522,25173291.0
1767747600000,0.2521,0.2534,0.2492,0.2497,25027737.0
1767751200000,0.2498,0.2528,0.2487,0.2524,40931178.0
1767754800000,0.2524,0.2544,0.2512,0.2518,22569599.0
1767758400000,0.2518,0.2539,0.25,0.2503,20568044.0
1767762000000,0.2503,0.2521,0.2493,0.2494,20984302.0
1767765600000,0.2494,0.2499,0.2482,0.2487,17431711.0
1767769200000,0.2487,0.2525,0.2486,0.2521,21883873.0
1767772800000,0.2521,0.2545,0.2518,0.2523,25745640.0
1767776400000,0.2523,0.2525,0.2454,0.2461,48931312.0
1767780000000,0.2461,0.2473,0.2455,0.2457,23327265.0
1767783600000,0.2458,0.2473,0.2446,0.2453,34108701.0
1767787200000,0.2452,0.2454,0.2412,0.242,56424039.0
1767790800000,0.242,0.2437,0.2406,0.241,38894702.0
1767794400000,0.2409,0.2413,0.2361,0.2395,78121835.0
1767798000000,0.2396,0.2399,0.2345,0.2363,73144264.0
1767801600000,0.2362,0.2377,0.2348,0.2364,29011020.0
1767805200000,0.2365,0.2383,0.2359,0.2367,18657346.0
1767808800000,0.2367,0.2388,0.236,0.2375,28761692.0
1767812400000,0.2375,0.2385,0.2355,0.2376,24848193.0
1767816000000,0.2377,0.2383,0.2354,0.2368,14319257.0
1767819600000,0.2368,0.2377,0.2363,0.2364,8188628.0
1767823200000,0.2365,0.2381,0.2347,0.2357,18555524.0
1767826800000,0.2357,0.2394,0.2341,0.2379,32375425.0
1767830400000,0.2379,0.2393,0.2362,0.2387,19039749.0
1767834000000,0.2387,0.2398,0.238,0.2385,15931622.0
1767837600000,0.2386,0.2398,0.2366,0.2372,19052391.0
1767841200000,0.2372,0.2384,0.2341,0.2355,21189496.0
1767844800000,0.2355,0.2378,0.2345,0.2367,20038225.0
1767848400000,0.2367,0.2388,0.2364,0.2369,13619008.0
1767852000000,0.2369,0.2372,0.2313,0.2318,46299698.0
1767855600000,0.2319,0.235,0.2288,0.2341,63527407.0
1767859200000,0.2342,0.2358,0.232,0.2323,24662835.0
1767862800000,0.2323,0.2334,0.2303,0.2309,31028413.0
1767866400000,0.2309,0.2333,0.2279,0.2326,49242522.0
1767870000000,0.2325,0.233,0.2286,0.2309,32386633.0
1767873600000,0.2309,0.2312,0.2287,0.2297,22285308.0
1767877200000,0.2296,0.2304,0.2283,0.229,17420379.0
1767880800000,0.229,0.2313,0.227,0.2308,56344327.0
1767884400000,0.2307,0.237,0.2292,0.2368,50791214.0
1767888000000,0.2368,0.2376,0.233,0.2365,42260441.0
1767891600000,0.2366,0.2382,0.2336,0.2367,52134789.0
1767895200000,0.2367,0.2371,0.2347,0.2357,21194770.0
1767898800000,0.2357,0.2373,0.233,0.2342,52081842.0
1767902400000,0.2341,0.2341,0.2313,0.2333,36517056.0
1767906000000,0.2333,0.2356,0.2329,0.2352,28462732.0
1767909600000,0.2352,0.2361,0.2321,0.2339,22209372.0
1767913200000,0.2338,0.2342,0.2329,0.2332,9166191.0
1767916800000,0.2333,0.2342,0.2328,0.2337,10559215.0
1767920400000,0.2337,0.2361,0.2306,0.2313,33592330.0
1767924000000,0.2313,0.2338,0.231,0.2313,13512923.0
1767927600000,0.2314,0.2342,0.2311,0.2341,15776905.0
1767931200000,0.2342,0.2346,0.2323,0.2331,12030460.0
1767934800000,0.233,0.234,0.2319,0.2333,12127414.0
1767938400000,0.2334,0.2336,0.2322,0.2333,12416650.0
1767942000000,0.2332,0.2334,0.2323,0.2325,9601579.0
1767945600000,0.2325,0.2332,0.2281,0.2299,40735832.0
1767949200000,0.2299,0.2346,0.2297,0.2329,46401064.0
1767952800000,0.2329,0.2338,0.2321,0.2331,12518942.0
1767956400000,0.2331,0.2343,0.2329,0.2331,9937980.0
1767960000000,0.2331,0.2339,0.2314,0.2318,15464248.0
1767963600000,0.2319,0.2373,0.2317,0.2355,38020315.0
1767967200000,0.2356,0.2357,0.2318,0.2332,40473648.0
1767970800000,0.2331,0.2406,0.2316,0.2366,82270899.0
1767974400000,0.2367,0.2418,0.2366,0.24,41554538.0
1767978000000,0.2401,0.2402,0.2345,0.2377,43824779.0
1767981600000,0.2376,0.2379,0.2319,0.2345,40900948.0
1767985200000,0.2344,0.2345,0.2306,0.2317,25656366.0
1767988800000,0.2317,0.2339,0.2312,0.2323,18321587.0
1767992400000,0.2323,0.2337,0.2313,0.2328,14530813.0
1767996000000,0.2328,0.2342,0.2318,0.234,14094285.0
1767999600000,0.2339,0.2341,0.2321,0.2325,8954928.0
1768003200000,0.2325,0.2329,0.2285,0.229,30420288.0
1768006800000,0.229,0.2306,0.2286,0.2299,13205197.0
1768010400000,0.2299,0.2304,0.2285,0.2295,9435501.0
1768014000000,0.2295,0.2297,0.2278,0.2291,12506751.0
1768017600000,0.2291,0.2293,0.227,0.2276,15704993.0
1768021200000,0.2277,0.2285,0.2272,0.2277,8611545.0
1768024800000,0.2277,0.2283,0.2265,0.2278,9161977.0
1768028400000,0.2279,0.2294,0.2277,0.2288,13106799.0
1768032000000,0.2287,0.23,0.2283,0.2298,11374411.0
1768035600000,0.2298,0.2306,0.2296,0.2303,12450891.0
1768039200000,0.2303,0.2311,0.2294,0.2308,11998174.0
1768042800000,0.2308,0.2312,0.2297,0.2312,7875559.0
1768046400000,0.2311,0.2323,0.2308,0.232,13048820.0
1768050000000,0.2319,0.2332,0.2315,0.2322,11861889.0
1768053600000,0.2322,0.2324,0.2302,0.2309,14069190.0
1768057200000,0.2309,0.2314,0.2295,0.2307,14705074.0
1768060800000,0.2306,0.2309,0.2294,0.2296,12518427.0
1768064400000,0.2297,0.2305,0.2276,0.2281,14107022.0
1768068000000,0.228,0.2294,0.2273,0.2287,10680582.0
1768071600000,0.2287,0.2306,0.2286,0.2305,6773175.0
1768075200000,0.2305,0.2307,0.2289,0.2293,18022463.0
1768078800000,0.2293,0.2294,0.2284,0.2285,6119615.0
1768082400000,0.2285,0.2285,0.2256,0.2258,15652704.0
1768086000000,0.2259,0.2279,0.2257,0.227,14012753.0
1768089600000,0.2271,0.2279,0.2264,0.2276,12696109.0
1768093200000,0.2276,0.2282,0.2267,0.2281,7183599.0
1768096800000,0.2282,0.2291,0.2277,0.2282,7614837.0
1768100400000,0.2282,0.2291,0.228,0.2283,5337438.0
1768104000000,0.2284,0.2285,0.2271,0.2281,8460429.0
1768107600000,0.2281,0.2288,0.2274,0.2283,5407470.0
1768111200000,0.2284,0.2289,0.2269,0.2288,8126026.0
1768114800000,0.2287,0.2295,0.2282,0.2293,8404746.0
1768118400000,0.2293,0.2301,0.2285,0.2294,7990708.0
1768122000000,0.2294,0.231,0.2293,0.2304,10469710.0
1768125600000,0.2304,0.2316,0.2302,0.231,8240472.0
1768129200000,0.2309,0.2315,0.2304,0.2315,7861041.0
1768132800000,0.2316,0.234,0.2312,0.2332,20276193.0
1768136400000,0.2332,0.2344,0.232,0.2322,18635773.0
1768140000000,0.2321,0.2354,0.232,0.2347,13050998.0
1768143600000,0.2348,0.2353,0.2311,0.2321,24288464.0
1768147200000,0.2322,0.2366,0.2316,0.2337,38483712.0
1768150800000,0.2337,0.2345,0.2314,0.2335,15992775.0
1768154400000,0.2335,0.2338,0.2314,0.2327,11957104.0
1768158000000,0.2326,0.2334,0.2304,0.2311,10490261.0
1768161600000,0.231,0.231,0.227,0.2288,41245753.0
1768165200000,0.2289,0.2303,0.227,0.2296,20028494.0
1768168800000,0.2296,0.2296,0.2255,0.2262,22495587.0
1768172400000,0.2262,0.2292,0.2236,0.2284,48361923.0
1768176000000,0.2284,0.2303,0.2252,0.2296,39511051.0
1768179600000,0.2295,0.2325,0.2291,0.2306,45599519.0
1768183200000,0.2307,0.2364,0.2304,0.2356,37894150.0
1768186800000,0.2357,0.2367,0.2315,0.2318,33412285.0
1768190400000,0.2318,0.2336,0.231,0.233,17346678.0
1768194000000,0.233,0.2337,0.2316,0.2321,12994023.0
1768197600000,0.232,0.2325,0.2299,0.2303,19118005.0
1768201200000,0.2303,0.2321,0.227,0.2272,40033254.0
1768204800000,0.2271,0.2284,0.2228,0.2249,66181592.0
1768208400000,0.225,0.2254,0.2232,0.2239,44326448.0
1768212000000,0.2239,0.2252,0.2227,0.2233,28152191.0
1768215600000,0.2232,0.2254,0.2228,0.2244,21744163.0
1768219200000,0.2243,0.2251,0.2231,0.2234,24478628.0
1768222800000,0.2233,0.2238,0.22,0.2208,50720114.0
1768226400000,0.2207,0.223,0.218,0.2212,73580967.0
1768230000000,0.2212,0.2236,0.2199,0.2223,44890274.0
1768233600000,0.2223,0.2259,0.2211,0.2233,54827767.0
1768237200000,0.2234,0.2244,0.2185,0.2198,45406823.0
1768240800000,0.2198,0.2222,0.219,0.2201,34338938.0
1768244400000,0.22,0.221,0.2185,0.2197,27225573.0
1768248000000,0.2198,0.2213,0.2165,0.2174,47764035.0
1768251600000,0.2174,0.2179,0.2135,0.2148,49961255.0
1768255200000,0.2148,0.2163,0.2145,0.2148,26237707.0
1768258800000,0.2148,0.2152,0.213,0.2137,21800675.0
1768262400000,0.2137,0.2151,0.2127,0.2148,31821519.0
1768266000000,0.2148,0.2158,0.2129,0.2135,29537140.0
1768269600000,0.2135,0.2156,0.2135,0.2138,24700138.0
1768273200000,0.2138,0.2149,0.2128,0.2147,30250386.0
1768276800000,0.2147,0.2156,0.2135,0.2155,21553961.0
1768280400000,0.2155,0.2212,0.2155,0.2196,64234157.0
1768284000000,0.2195,0.2217,0.2188,0.2216,24358612.0
1768287600000,0.2217,0.2218,0.2193,0.2199,18953189.0
1768291200000,0.2199,0.2212,0.2179,0.2206,22174890.0
1768294800000,0.2206,0.2216,0.2192,0.22,35565746.0
1768298400000,0.2201,0.2209,0.2182,0.2193,23627542.0
1768302000000,0.2193,0.2216,0.2191,0.2204,20973405.0
1768305600000,0.2203,0.2234,0.2198,0.2226,30624532.0
1768309200000,0.2227,0.2253,0.2214,0.2236,52751564.0
1768312800000,0.2236,0.227,0.2225,0.2244,55541992.0
1768316400000,0.2244,0.2261,0.2206,0.2259,82187021.0
1768320000000,0.2258,0.2273,0.2232,0.2255,61868285.0
1768323600000,0.2254,0.2259,0.2212,0.2229,51208059.0
1768327200000,0.2229,0.2279,0.2224,0.2267,51912535.0
1768330800000,0.2268,0.2297,0.2252,0.2283,43001437.0
1768334400000,0.2284,0.2292,0.2247,0.2264,44217160.0
1768338000000,0.2264,0.2289,0.2263,0.2284,18328955.0
1768341600000,0.2285,0.2438,0.2282,0.2418,166138409.0
1768345200000,0.2419,0.2437,0.2387,0.2406,64496691.0
1768348800000,0.2406,0.2427,0.2391,0.242,50326099.0
1768352400000,0.242,0.2444,0.2412,0.2425,39372330.0
1768356000000,0.2425,0.2448,0.2401,0.2405,32709183.0
1768359600000,0.2405,0.2442,0.2393,0.244,27295668.0
1768363200000,0.244,0.2446,0.2416,0.2436,28489902.0
1768366800000,0.2436,0.2439,0.2416,0.242,22609588.0
1768370400000,0.242,0.25,0.2401,0.2474,91269571.0
1768374000000,0.2474,0.249,0.2438,0.2458,68277062.0
1768377600000,0.2458,0.2539,0.2456,0.2482,113329307.0
1768381200000,0.2482,0.2485,0.2441,0.2452,43889022.0
1768384800000,0.2451,0.2456,0.2409,0.2419,46812435.0
1768388400000,0.2419,0.2419,0.2381,0.2391,38753251.0
1768392000000,0.2392,0.2403,0.2384,0.2389,24447229.0
1768395600000,0.2389,0.239,0.2351,0.2357,48462431.0
1768399200000,0.2357,0.2437,0.2353,0.2418,83005209.0
1768402800000,0.2417,0.2456,0.2396,0.2429,72416657.0
1768406400000,0.243,0.2492,0.2428,0.2445,77185620.0
1768410000000,0.2444,0.2453,0.2406,0.2413,53175060.0
1768413600000,0.2412,0.2424,0.2358,0.2385,70221063.0
1768417200000,0.2386,0.2445,0.2378,0.2416,43957755.0
1768420800000,0.2416,0.245,0.2402,0.2419,26180848.0
1768424400000,0.2419,0.243,0.2395,0.2407,17651221.0
1768428000000,0.2407,0.2409,0.2366,0.2378,22377550.0
1768431600000,0.2377,0.2405,0.2372,0.2376,21866060.0
1768435200000,0.2375,0.2378,0.2337,0.2354,33546823.0
1768438800000,0.2355,0.2375,0.2336,0.2348,31022440.0
1768442400000,0.2348,0.2358,0.2322,0.233,27801463.0
1768446000000,0.2331,0.2338,0.2274,0.2279,63599542.0
1768449600000,0.2278,0.2304,0.2274,0.2299,32688670.0
1768453200000,0.2298,0.2322,0.2295,0.2309,25348031.0
1768456800000,0.2309,0.2322,0.2298,0.2299,21747902.0
1768460400000,0.23,0.2335,0.2299,0.2328,16920583.0
1768464000000,0.2327,0.2333,0.2316,0.2331,17512224.0
1768467600000,0.2331,0.2367,0.2317,0.2356,34692305.0
1768471200000,0.2356,0.2365,0.2337,0.2338,18125421.0
1768474800000,0.2338,0.2345,0.2323,0.233,16109093.0
1768478400000,0.2329,0.2348,0.2326,0.2346,19411508.0
1768482000000,0.2346,0.2356,0.2333,0.2341,19923210.0
1768485600000,0.2341,0.2344,0.2287,0.2304,73994024.0
1768489200000,0.2303,0.2316,0.2229,0.228,107097733.0
1768492800000,0.2279,0.2293,0.2253,0.2287,44720405.0
1768496400000,0.2286,0.2299,0.2257,0.2262,35924087.0
1768500000000,0.2263,0.2269,0.2221,0.2226,48115399.0
1768503600000,0.2225,0.2229,0.2201,0.2223,40550098.0
1768507200000,0.2223,0.2237,0.2202,0.2213,20501808.0
1768510800000,0.2213,0.2229,0.2211,0.2223,15004194.0
1768514400000,0.2223,0.2242,0.222,0.2236,15071831.0
1768518000000,0.2236,0.2243,0.2227,0.2241,14078572.0
1768521600000,0.2241,0.2246,0.2236,0.2238,10466430.0
1768525200000,0.2237,0.2247,0.2231,0.2236,11662326.0
1768528800000,0.2235,0.2236,0.2212,0.2236,31246182.0
1768532400000,0.2237,0.2238,0.222,0.2224,14123309.0
1768536000000,0.2224,0.2234,0.2194,0.2206,30456513.0
1768539600000,0.2205,0.2239,0.2203,0.223,20792425.0
1768543200000,0.223,0.224,0.2224,0.2234,13133758.0
1768546800000,0.2235,0.2235,0.2216,0.2221,14859043.0
1768550400000,0.2222,0.2235,0.2219,0.2227,14410979.0
1768554000000,0.2226,0.2234,0.2218,0.2228,11556647.0
1768557600000,0.2228,0.223,0.2218,0.222,9058086.0
1768561200000,0.2221,0.2229,0.2212,0.2227,14994876.0
1768564800000,0.2227,0.2228,0.2214,0.2218,11492058.0
1768568400000,0.2218,0.2219,0.2195,0.2202,24341479.0
1768572000000,0.2202,0.2218,0.2197,0.22,36068788.0
1768575600000,0.22,0.2207,0.213,0.215,134915777.0
1768579200000,0.215,0.2174,0.2143,0.2163,42529684.0
1768582800000,0.2164,0.2176,0.2145,0.2173,22624807.0
1768586400000,0.2172,0.2181,0.2167,0.217,17922796.0
1768590000000,0.217,0.2178,0.2156,0.2168,17401069.0
1768593600000,0.2168,0.2222,0.2158,0.222,56054448.0
1768597200000,0.222,0.2225,0.2209,0.2218,27300653.0
1768600800000,0.2218,0.2225,0.2207,0.2219,22208103.0
1768604400000,0.2219,0.2226,0.2206,0.2212,20695250.0
1768608000000,0.2212,0.2215,0.2198,0.2201,24625286.0
1768611600000,0.2201,0.2219,0.2201,0.2216,17427981.0
1768615200000,0.2217,0.2219,0.2193,0.2198,18148658.0
1768618800000,0.2198,0.2203,0.2193,0.2196,7872173.0
1768622400000,0.2196,0.2199,0.2187,0.2196,9644000.0
1768626000000,0.2197,0.2206,0.2196,0.2198,8899603.0
1768629600000,0.2198,0.22,0.2193,0.2195,6368463.0
1768633200000,0.2195,0.2201,0.2188,0.2194,7006853.0
1768636800000,0.2193,0.222,0.2192,0.2218,11635827.0
1768640400000,0.2219,0.2225,0.2214,0.2219,13443314.0
1768644000000,0.2218,0.2233,0.2209,0.2212,15923256.0
1768647600000,0.2211,0.2212,0.2196,0.2198,15835066.0
1768651200000,0.2198,0.2213,0.2194,0.2208,19925029.0
1768654800000,0.2209,0.2216,0.2199,0.2213,15410462.0
1768658400000,0.2212,0.223,0.2205,0.2229,19098681.0
1768662000000,0.2229,0.2239,0.222,0.2238,28083039.0
1768665600000,0.2237,0.2241,0.22,0.2208,35217091.0
1768669200000,0.2208,0.2221,0.2205,0.2217,18804901.0
1768672800000,0.2216,0.2223,0.2204,0.222,10316458.0
1768676400000,0.222,0.2224,0.2212,0.2219,9254462.0
1768680000000,0.2219,0.2223,0.221,0.2211,5528359.0
1768683600000,0.2211,0.2211,0.22,0.2205,9084353.0
1768687200000,0.2205,0.2207,0.2171,0.2187,34956968.0
1768690800000,0.2187,0.2194,0.2184,0.2188,9860570.0
1768694400000,0.2189,0.2207,0.2178,0.2191,31087194.0
1768698000000,0.2192,0.2193,0.2171,0.2177,17294340.0
1768701600000,0.2178,0.2192,0.2163,0.2173,19964104.0
1768705200000,0.2174,0.2191,0.2171,0.2181,10789359.0
1768708800000,0.2181,0.2182,0.2171,0.218,7642458.0
1768712400000,0.2179,0.218,0.2171,0.2178,10122768.0
1768716000000,0.2177,0.218,0.217,0.2173,7890376.0
1768719600000,0.2173,0.2174,0.2154,0.216,21102097.0
1768723200000,0.2159,0.2167,0.2154,0.2161,15136837.0
1768726800000,0.216,0.2166,0.2151,0.2163,27454115.0
1768730400000,0.2163,0.2171,0.2153,0.2168,15808894.0
1768734000000,0.2169,0.2176,0.2161,0.2163,17242434.0
1768737600000,0.2163,0.2168,0.2151,0.2153,16654234.0
1768741200000,0.2152,0.2161,0.2138,0.2152,31630368.0
1768744800000,0.2152,0.2174,0.2136,0.2139,33413327.0
1768748400000,0.2139,0.2161,0.2133,0.2161,20888869.0
1768752000000,0.216,0.2173,0.2153,0.216,17162012.0
1768755600000,0.216,0.2167,0.2152,0.2164,14332955.0
1768759200000,0.2164,0.2196,0.2161,0.2187,24287828.0
1768762800000,0.2187,0.2192,0.2154,0.216,15517020.0
1768766400000,0.2159,0.2181,0.2152,0.2169,12158194.0
1768770000000,0.2169,0.2175,0.2165,0.2171,8048679.0
1768773600000,0.2171,0.2186,0.2169,0.2179,13923470.0
1768777200000,0.218,0.218,0.2031,0.2043,244348229.0
1768780800000,0.2042,0.2042,0.1743,0.1928,433369364.0
1768784400000,0.1928,0.1966,0.1921,0.1955,90214488.0
1768788000000,0.1954,0.1968,0.1948,0.196,38480886.0
1768791600000,0.196,0.1965,0.195,0.1958,24703430.0
1768795200000,0.1958,0.1965,0.1942,0.1943,22638057.0
1768798800000,0.1942,0.1949,0.193,0.1938,33379862.0
1768802400000,0.1938,0.1947,0.1925,0.1929,29801926.0
1768806000000,0.193,0.1949,0.1928,0.1948,26405696.0
1768809600000,0.1948,0.1957,0.1941,0.195,33388451.0
1768813200000,0.1949,0.1951,0.1939,0.1942,24104231.0
1768816800000,0.1942,0.195,0.1936,0.194,22572983.0
1768820400000,0.194,0.1943,0.1931,0.1936,18703884.0
1768824000000,0.1935,0.1938,0.1917,0.1931,35586295.0
1768827600000,0.1932,0.1942,0.1928,0.1933,17019901.0
1768831200000,0.1933,0.1937,0.1919,0.1928,33225766.0
1768834800000,0.1929,0.1939,0.1923,0.193,24250432.0
1768838400000,0.193,0.1951,0.1926,0.1946,31127492.0
1768842000000,0.1946,0.1953,0.1929,0.193,38158762.0
1768845600000,0.1931,0.1935,0.1918,0.1934,33430003.0
1768849200000,0.1934,0.1946,0.1932,0.194,21448743.0
1768852800000,0.194,0.1949,0.1934,0.1939,22079791.0
1768856400000,0.194,0.1946,0.1929,0.1932,21519650.0
1768860000000,0.1932,0.1935,0.1912,0.1914,27839280.0
1768863600000,0.1914,0.1963,0.1914,0.1946,56354790.0
1768867200000,0.1946,0.195,0.1925,0.1929,28778619.0
1768870800000,0.1929,0.194,0.1919,0.1932,16414723.0
1768874400000,0.1932,0.1937,0.1919,0.1929,19470058.0
1768878000000,0.1929,0.1932,0.1906,0.1913,36188773.0
1768881600000,0.1913,0.1918,0.1904,0.1912,21414231.0
1768885200000,0.1913,0.1927,0.1903,0.1921,37731534.0
1768888800000,0.192,0.1921,0.1888,0.1901,50782857.0
1768892400000,0.19,0.1905,0.1883,0.1884,30969638.0
1768896000000,0.1883,0.1886,0.1849,0.1868,80345716.0
1768899600000,0.1869,0.1871,0.1858,0.1868,35016899.0
1768903200000,0.1868,0.1894,0.1864,0.1877,34950806.0
1768906800000,0.1876,0.1883,0.1849,0.1852,47791795.0
1768910400000,0.1853,0.1858,0.1847,0.1851,26657648.0
1768914000000,0.185,0.1851,0.1817,0.1825,55039737.0
1768917600000,0.1826,0.1881,0.1824,0.1863,122272311.0
1768921200000,0.1863,0.1865,0.1826,0.1842,94411657.0
1768924800000,0.1841,0.1857,0.1809,0.1824,67873883.0
1768928400000,0.1823,0.1841,0.1804,0.1817,63329422.0
1768932000000,0.1818,0.1825,0.1802,0.1809,30337194.0
1768935600000,0.181,0.1823,0.1806,0.1815,21418742.0
1768939200000,0.1814,0.1837,0.1808,0.1832,31978688.0
1768942800000,0.1833,0.1834,0.1811,0.1812,15738661.0
1768946400000,0.1811,0.1814,0.1765,0.1799,58565693.0
1768950000000,0.1799,0.1802,0.1789,0.1794,31478393.0
1768953600000,0.1793,0.1825,0.1793,0.1824,28504575.0
1768957200000,0.1824,0.1837,0.1796,0.1811,41602792.0
1768960800000,0.1812,0.1826,0.1809,0.1825,23452981.0
1768964400000,0.1825,0.1837,0.1824,0.1825,20943233.0
1768968000000,0.1826,0.1851,0.1824,0.1842,20185517.0
1768971600000,0.1842,0.1845,0.1835,0.184,15091672.0
1768975200000,0.184,0.1841,0.1825,0.1827,15654953.0
1768978800000,0.1828,0.1836,0.1814,0.1818,17926327.0
1768982400000,0.1819,0.1825,0.1803,0.1814,27584767.0
1768986000000,0.1814,0.1817,0.1804,0.1811,14142562.0
1768989600000,0.1811,0.1821,0.1799,0.1801,17349521.0
1768993200000,0.18,0.1804,0.1773,0.1779,37219206.0
1768996800000,0.1778,0.1782,0.1753,0.1778,55931754.0
1769000400000,0.1779,0.1785,0.1743,0.1747,48288740.0
1769004000000,0.1746,0.181,0.1744,0.1803,93349435.0
1769007600000,0.1803,0.1816,0.1779,0.18,58928628.0
1769011200000,0.18,0.1803,0.1723,0.1728,95720703.0
1769014800000,0.1729,0.1748,0.1707,0.1729,93170875.0
1769018400000,0.1729,0.1746,0.172,0.1735,46872060.0
1769022000000,0.1735,0.1833,0.1729,0.1827,114172675.0
1769025600000,0.1827,0.1831,0.1794,0.1822,52510153.0
1769029200000,0.1823,0.184,0.1816,0.1824,23897972.0
1769032800000,0.1825,0.1834,0.18,0.1802,19898442.0
1769036400000,0.1803,0.1812,0.178,0.1788,33037346.0
1769040000000,0.1788,0.1814,0.1786,0.1802,23693252.0
1769043600000,0.1802,0.1815,0.1801,0.1807,15716335.0
1769047200000,0.1808,0.1812,0.1796,0.1798,16539533.0
1769050800000,0.1799,0.1815,0.1787,0.1796,15939541.0
1769054400000,0.1796,0.1803,0.1792,0.1795,19794531.0
1769058000000,0.1795,0.1804,0.1783,0.1789,26430883.0
1769061600000,0.1788,0.1797,0.1777,0.1792,29666856.0
1769065200000,0.1793,0.1795,0.1763,0.1766,43744405.0
1769068800000,0.1766,0.1784,0.1757,0.1782,44735911.0
1769072400000,0.1782,0.1794,0.1778,0.1791,25553332.0
1769076000000,0.1791,0.1792,0.1783,0.1788,13660802.0
1769079600000,0.1787,0.1787,0.177,0.1773,21990025.0
1769083200000,0.1774,0.1776,0.1768,0.1774,16181867.0
1769086800000,0.1775,0.1787,0.1755,0.1761,38295583.0
1769090400000,0.1761,0.1765,0.1735,0.1742,69378762.0
1769094000000,0.1742,0.1752,0.1717,0.1735,82023206.0
1769097600000,0.1736,0.1758,0.1729,0.1751,44869421.0
1769101200000,0.1751,0.1756,0.1735,0.1752,42435015.0
1769104800000,0.1753,0.1754,0.1731,0.1731,35871715.0
1769108400000,0.1732,0.1747,0.1725,0.174,36001347.0
1769112000000,0.174,0.1746,0.1724,0.1733,36524862.0
1769115600000,0.1734,0.1746,0.1731,0.1743,26589775.0
1769119200000,0.1744,0.1751,0.1733,0.1741,20037212.0
1769122800000,0.1741,0.1752,0.1729,0.1752,18331611.0
1769126400000,0.1752,0.1753,0.1742,0.1751,18971479.0
1769130000000,0.175,0.1773,0.175,0.1769,17641743.0
1769133600000,0.177,0.1777,0.1766,0.1772,13393837.0
1769137200000,0.1772,0.1791,0.177,0.1789,29860446.0
1769140800000,0.179,0.1795,0.1783,0.179,24228180.0
1769144400000,0.179,0.1798,0.1785,0.1797,15939953.0
1769148000000,0.1797,0.1802,0.1778,0.1781,26916492.0
1769151600000,0.1782,0.1799,0.178,0.1794,17236082.0
1769155200000,0.1793,0.1795,0.176,0.1769,26870743.0
1769158800000,0.1768,0.1777,0.1765,0.1771,19499868.0
1769162400000,0.1771,0.1781,0.1763,0.1768,43407404.0
1769166000000,0.1768,0.1778,0.1767,0.1773,11724278.0
1769169600000,0.1773,0.1773,0.1756,0.1763,23278823.0
1769173200000,0.1762,0.1778,0.1762,0.177,19834147.0
1769176800000,0.177,0.1775,0.1717,0.1732,76038523.0
1769180400000,0.1732,0.1773,0.1719,0.1766,62708752.0
1769184000000,0.1767,0.1793,0.1748,0.1775,51109411.0
1769187600000,0.1776,0.1816,0.1758,0.1788,74267948.0
1769191200000,0.1788,0.1801,0.1779,0.1785,34669057.0
1769194800000,0.1785,0.1785,0.1747,0.1755,53704160.0
1769198400000,0.1756,0.1759,0.1726,0.1739,40804338.0
1769202000000,0.1739,0.1756,0.1737,0.1745,15476339.0
1769205600000,0.1744,0.1761,0.1743,0.1758,16837873.0
1769209200000,0.1758,0.1759,0.1748,0.1752,9816128.0
1769212800000,0.1751,0.176,0.1747,0.1748,15616814.0
1769216400000,0.1747,0.1758,0.1744,0.1758,9112022.0
1769220000000,0.1758,0.1763,0.1747,0.175,13652608.0
1769223600000,0.175,0.1766,0.1746,0.1758,14218451.0
1769227200000,0.1759,0.1764,0.1757,0.1761,10567185.0
1769230800000,0.1761,0.1762,0.175,0.1759,9003785.0
1769234400000,0.1759,0.1764,0.1755,0.1761,10244494.0
1769238000000,0.1761,0.1765,0.1753,0.1754,8466901.0
1769241600000,0.1754,0.1769,0.1751,0.1767,12046993.0
1769245200000,0.1766,0.1767,0.175,0.1752,10127380.0
1769248800000,0.1751,0.1755,0.1749,0.175,8442669.0
1769252400000,0.175,0.1756,0.1749,0.1752,7935703.0
1769256000000,0.1753,0.1761,0.1751,0.1756,8708964.0
1769259600000,0.1755,0.1756,0.1737,0.1738,18610051.0
1769263200000,0.1738,0.1745,0.1734,0.1741,21200121.0
1769266800000,0.1741,0.1745,0.1725,0.1729,30795977.0
1769270400000,0.173,0.1743,0.1722,0.1738,33887584.0
1769274000000,0.1739,0.1743,0.1732,0.1738,23504796.0
1769277600000,0.1739,0.1743,0.1733,0.1738,12944733.0
1769281200000,0.1738,0.174,0.1733,0.1734,5983457.0
1769284800000,0.1734,0.1746,0.1734,0.1745,10714790.0
1769288400000,0.1745,0.1747,0.174,0.1742,7756156.0
1769292000000,0.1742,0.1749,0.1739,0.1745,6982576.0
1769295600000,0.1745,0.1746,0.1736,0.1739,10713287.0
1769299200000,0.1739,0.1747,0.1734,0.1747,15367438.0
1769302800000,0.1746,0.175,0.1735,0.1738,12630867.0
1769306400000,0.1738,0.1745,0.1732,0.1736,11097323.0
1769310000000,0.1736,0.1738,0.1711,0.1721,21899714.0
1769313600000,0.172,0.1735,0.1717,0.1729,11730282.0
1769317200000,0.1729,0.1737,0.1725,0.1735,8591456.0
1769320800000,0.1735,0.1739,0.1725,0.173,10384061.0
1769324400000,0.1729,0.1729,0.1718,0.1723,14270971.0
1769328000000,0.1723,0.173,0.1704,0.1713,24316477.0
1769331600000,0.1712,0.1738,0.171,0.1729,18581882.0
1769335200000,0.1729,0.1741,0.1728,0.1733,12636547.0
1769338800000,0.1733,0.1737,0.1719,0.1722,8525995.0
1769342400000,0.1721,0.1722,0.1711,0.1719,20683070.0
1769346000000,0.1719,0.1725,0.1712,0.1721,13977201.0
1769349600000,0.1721,0.1723,0.1687,0.1696,69748814.0
1769353200000,0.1696,0.1701,0.1682,0.1687,30808631.0
1769356800000,0.1687,0.1687,0.1634,0.1657,172825701.0
1769360400000,0.1657,0.1668,0.1653,0.1658,28807796.0
1769364000000,0.1658,0.1659,0.1629,0.164,78290845.0
1769367600000,0.164,0.1644,0.1589,0.16,123662406.0
1769371200000,0.16,0.162,0.16,0.1619,45980246.0
1769374800000,0.1619,0.1633,0.1616,0.1624,25864636.0
1769378400000,0.1623,0.1626,0.1604,0.1612,15957218.0
1769382000000,0.1612,0.1635,0.1603,0.1629,27217036.0
1769385600000,0.1629,0.1643,0.1623,0.1642,31441007.0
1769389200000,0.1642,0.1675,0.164,0.1667,31451100.0
1769392800000,0.1667,0.1668,0.165,0.1656,24029278.0
1769396400000,0.1656,0.1665,0.164,0.1647,15328892.0
1769400000000,0.1647,0.167,0.1646,0.1661,16905240.0
1769403600000,0.1661,0.1663,0.1655,0.1657,10754919.0
1769407200000,0.1658,0.1666,0.165,0.1665,14062229.0
1769410800000,0.1665,0.1673,0.1661,0.1668,18877038.0
1769414400000,0.1669,0.1687,0.1663,0.1671,27539872.0
1769418000000,0.1671,0.1672,0.1653,0.1655,20620019.0
1769421600000,0.1656,0.1668,0.1655,0.1662,12249272.0
1769425200000,0.1662,0.1663,0.1654,0.1656,9454830.0
1769428800000,0.1656,0.1663,0.1651,0.1655,12897152.0
1769432400000,0.1655,0.167,0.1652,0.1665,22480782.0
1769436000000,0.1665,0.1686,0.1651,0.1674,59546976.0
1769439600000,0.1674,0.1695,0.1655,0.1666,51101553.0
1769443200000,0.1666,0.1695,0.1658,0.1683,40988525.0
1769446800000,0.1684,0.1692,0.1667,0.1685,34910586.0
1769450400000,0.1685,0.1704,0.1681,0.17,33562394.0
1769454000000,0.17,0.1707,0.1691,0.1694,23407012.0
1769457600000,0.1694,0.1695,0.1673,0.1678,18460457.0
1769461200000,0.1678,0.171,0.1673,0.1703,30600366.0
1769464800000,0.1703,0.1709,0.1695,0.1697,16527368.0
1769468400000,0.1696,0.1703,0.1687,0.169,21242253.0
1769472000000,0.169,0.1693,0.168,0.1687,22949309.0
1769475600000,0.1686,0.1704,0.1676,0.1696,20331108.0
1769479200000,0.1696,0.1703,0.1685,0.1693,20257855.0
1769482800000,0.1692,0.1696,0.1684,0.1687,12508447.0
1769486400000,0.1687,0.1701,0.1685,0.1693,16343612.0
1769490000000,0.1693,0.1695,0.1683,0.1688,10497162.0
1769493600000,0.1689,0.1693,0.1671,0.1672,24968518.0
1769497200000,0.1672,0.1689,0.1672,0.1683,15774222.0
1769500800000,0.1683,0.169,0.1677,0.1683,13289925.0
1769504400000,0.1683,0.1683,0.167,0.1671,15773028.0
1769508000000,0.1671,0.1678,0.167,0.1675,10606495.0
1769511600000,0.1674,0.168,0.167,0.1672,8517864.0
1769515200000,0.1672,0.1675,0.1663,0.1669,16218417.0
1769518800000,0.1669,0.1678,0.166,0.1665,17305732.0
1769522400000,0.1665,0.1686,0.1656,0.1662,41853851.0
1769526000000,0.1662,0.1685,0.1659,0.1683,31615250.0
1769529600000,0.1683,0.1724,0.1682,0.1717,65667233.0
1769533200000,0.1717,0.1719,0.1665,0.167,71411027.0
1769536800000,0.1671,0.1714,0.1666,0.1704,41443137.0
1769540400000,0.1704,0.1716,0.1696,0.1711,27124117.0
1769544000000,0.1711,0.1749,0.1709,0.1741,90732405.0
1769547600000,0.1741,0.1744,0.1719,0.1723,31734918.0
1769551200000,0.1724,0.1743,0.1724,0.1739,18904685.0
1769554800000,0.1739,0.1752,0.1736,0.1745,26182754.0
1769558400000,0.1745,0.1749,0.173,0.1744,23247086.0
1769562000000,0.1743,0.1748,0.1726,0.1735,19919137.0
1769565600000,0.1735,0.1739,0.1727,0.1734,14355346.0
1769569200000,0.1733,0.1736,0.1726,0.173,13999188.0
1769572800000,0.1729,0.173,0.1717,0.1722,17155892.0
1769576400000,0.1722,0.1729,0.1713,0.1723,16627757.0
1769580000000,0.1723,0.174,0.1723,0.1737,23603814.0
1769583600000,0.1737,0.1743,0.1725,0.173,18657836.0
1769587200000,0.1729,0.1738,0.1722,0.1725,19440607.0
1769590800000,0.1724,0.1751,0.172,0.1747,28164073.0
1769594400000,0.1747,0.1753,0.1736,0.1742,31571417.0
1769598000000,0.1741,0.1764,0.1741,0.1759,38260120.0
1769601600000,0.1759,0.1762,0.1737,0.1741,28145649.0
1769605200000,0.1741,0.1756,0.1741,0.1745,30325857.0
1769608800000,0.1745,0.1747,0.1726,0.1734,33900031.0
1769612400000,0.1734,0.1742,0.1712,0.1726,39975437.0
1769616000000,0.1727,0.1736,0.1707,0.1713,42939434.0
1769619600000,0.1712,0.1739,0.1706,0.173,36701900.0
1769623200000,0.173,0.173,0.1709,0.1717,23519546.0
1769626800000,0.1717,0.1728,0.1705,0.172,48967215.0
1769630400000,0.1719,0.1741,0.1709,0.1714,30078575.0
1769634000000,0.1714,0.1729,0.1701,0.1723,43976220.0
1769637600000,0.1724,0.1744,0.1712,0.1743,24306173.0
1769641200000,0.1743,0.1746,0.1723,0.1728,22841791.0
1769644800000,0.1728,0.1732,0.1709,0.1719,23985331.0
1769648400000,0.172,0.1724,0.1694,0.1702,28498160.0
1769652000000,0.1701,0.1706,0.1653,0.1668,66535969.0
1769655600000,0.1668,0.1683,0.1661,0.1666,33336874.0
1769659200000,0.1665,0.1667,0.1645,0.1661,37024622.0
1769662800000,0.166,0.1669,0.1657,0.166,17321669.0
1769666400000,0.1659,0.1667,0.1657,0.166,14038477.0
1769670000000,0.166,0.1664,0.1656,0.1657,13591998.0
1769673600000,0.1657,0.1666,0.1648,0.1655,24447173.0
1769677200000,0.1655,0.1658,0.1648,0.1649,31959069.0
1769680800000,0.1649,0.1654,0.1645,0.1648,12669081.0
1769684400000,0.1647,0.1648,0.1632,0.1633,27358592.0
1769688000000,0.1633,0.164,0.1626,0.1632,29576261.0
1769691600000,0.1632,0.164,0.163,0.164,14905584.0
1769695200000,0.164,0.1645,0.1602,0.1605,74391397.0
1769698800000,0.1605,0.1605,0.1543,0.1577,222920548.0
1769702400000,0.1576,0.1597,0.1561,0.1596,73449853.0
1769706000000,0.1596,0.1621,0.1581,0.1582,57643454.0
1769709600000,0.1582,0.1587,0.1538,0.1539,86374222.0
1769713200000,0.1539,0.1562,0.1534,0.1551,58555272.0
1769716800000,0.1552,0.1575,0.1547,0.1572,26971953.0
1769720400000,0.1572,0.1584,0.1571,0.1575,28158917.0
1769724000000,0.1576,0.1583,0.1564,0.1568,17113406.0
1769727600000,0.1568,0.1574,0.1558,0.1572,17739721.0
1769731200000,0.1571,0.158,0.1567,0.1574,19989096.0
1769734800000,0.1574,0.1582,0.1481,0.1543,151982547.0
1769738400000,0.1544,0.1544,0.1501,0.1525,54718305.0
1769742000000,0.1525,0.1531,0.1515,0.152,24533016.0
1769745600000,0.1519,0.1547,0.1519,0.154,26490411.0
1769749200000,0.154,0.1545,0.1533,0.1541,18136411.0
1769752800000,0.1541,0.1544,0.151,0.1522,44425884.0
1769756400000,0.1522,0.1552,0.1522,0.1546,32620396.0
1769760000000,0.1546,0.1551,0.1531,0.154,29550455.0
1769763600000,0.1541,0.1544,0.1527,0.1538,29480827.0
1769767200000,0.1538,0.1548,0.1533,0.1544,16154849.0
1769770800000,0.1544,0.1576,0.154,0.1567,27337397.0
1769774400000,0.1567,0.1569,0.1555,0.1561,22342803.0
1769778000000,0.1561,0.1565,0.1539,0.1545,40954487.0
1769781600000,0.1545,0.1566,0.1541,0.1545,53870215.0
1769785200000,0.1545,0.1562,0.1524,0.1548,64224644.0
1769788800000,0.1548,0.1562,0.1532,0.1545,46802830.0
1769792400000,0.1546,0.1559,0.1535,0.1539,34491297.0
1769796000000,0.1539,0.1566,0.1492,0.1559,100656205.0
1769799600000,0.1559,0.157,0.1549,0.1556,54473713.0
1769803200000,0.1556,0.1556,0.1518,0.1527,68091104.0
1769806800000,0.1528,0.1543,0.1523,0.1535,35786971.0
1769810400000,0.1535,0.154,0.1522,0.1532,17878055.0
1769814000000,0.1532,0.154,0.1522,0.1539,25723929.0
1769817600000,0.1538,0.154,0.1529,0.1532,16864385.0
1769821200000,0.1531,0.1539,0.1527,0.1535,13378847.0
1769824800000,0.1534,0.1538,0.1522,0.1532,18271338.0
1769828400000,0.1531,0.1536,0.1523,0.1526,12921858.0
1769832000000,0.1525,0.153,0.1516,0.1519,25035593.0
1769835600000,0.1519,0.1526,0.1513,0.1524,23354469.0
1769839200000,0.1524,0.1526,0.15,0.1507,30698120.0
1769842800000,0.1507,0.1508,0.1482,0.1494,36545088.0
1769846400000,0.1494,0.1499,0.1455,0.1473,123350497.0
1769850000000,0.1472,0.1484,0.1468,0.147,33469235.0
1769853600000,0.1471,0.148,0.1464,0.1472,34401626.0
1769857200000,0.1472,0.1473,0.1458,0.1462,25273755.0
1769860800000,0.1462,0.1465,0.1455,0.1459,33959225.0
1769864400000,0.146,0.1462,0.1444,0.1448,49698681.0
1769868000000,0.1448,0.1451,0.1365,0.1396,322395624.0
1769871600000,0.1395,0.1416,0.1388,0.1393,83705654.0
1769875200000,0.1393,0.1418,0.1368,0.1375,143458691.0
1769878800000,0.1375,0.1385,0.1279,0.1314,400496519.0
1769882400000,0.1314,0.1321,0.1207,0.1296,352928435.0
1769886000000,0.1295,0.1328,0.1289,0.1322,116973850.0
1769889600000,0.1322,0.1336,0.1308,0.1326,65219508.0
1769893200000,0.1326,0.1367,0.1323,0.1358,81855357.0
1769896800000,0.1358,0.1366,0.1345,0.1358,35214816.0
1769900400000,0.1357,0.1399,0.1356,0.1386,54873522.0
1769904000000,0.1385,0.1398,0.1383,0.1393,47808544.0
1769907600000,0.1393,0.1398,0.1379,0.1395,26995625.0
1769911200000,0.1395,0.1397,0.1386,0.1391,24060254.0
1769914800000,0.1392,0.1394,0.1383,0.139,26825894.0
1769918400000,0.1391,0.1398,0.1389,0.1393,14840904.0
1769922000000,0.1393,0.1397,0.1384,0.1391,26649470.0
1769925600000,0.1391,0.1401,0.1384,0.1393,26509838.0
1769929200000,0.1393,0.1414,0.1387,0.1404,43251454.0
1769932800000,0.1404,0.1411,0.1397,0.1403,25890706.0
1769936400000,0.1402,0.1413,0.1392,0.141,25645484.0
1769940000000,0.1409,0.1415,0.1382,0.1384,60337034.0
1769943600000,0.1384,0.1399,0.1378,0.1391,34807068.0
1769947200000,0.139,0.1392,0.1377,0.1386,32384587.0
1769950800000,0.1386,0.14,0.1377,0.1386,41672699.0
1769954400000,0.1385,0.1401,0.1361,0.1388,81707783.0
1769958000000,0.1387,0.1388,0.1341,0.1359,105365796.0
1769961600000,0.136,0.1382,0.135,0.1369,79739946.0
1769965200000,0.1369,0.1375,0.1356,0.137,55965225.0
1769968800000,0.137,0.1403,0.1369,0.1386,86373860.0
1769972400000,0.1386,0.139,0.136,0.1369,41514508.0
1769976000000,0.1369,0.1389,0.1355,0.1371,49012933.0
1769979600000,0.1371,0.1373,0.1355,0.1362,48365992.0
1769983200000,0.1362,0.1388,0.136,0.1373,44818941.0
1769986800000,0.1373,0.1389,0.1325,0.1365,129390590.0
1769990400000,0.1365,0.1394,0.1349,0.1383,87334226.0
1769994000000,0.1383,0.1403,0.1361,0.1389,65044375.0
1769997600000,0.1389,0.1395,0.1374,0.1376,37876413.0
1770001200000,0.1376,0.1379,0.1318,0.1371,143015583.0
1770004800000,0.1372,0.1388,0.1341,0.1365,104564131.0
1770008400000,0.1365,0.1367,0.1325,0.1337,68859642.0
1770012000000,0.1338,0.1381,0.131,0.136,151309511.0
1770015600000,0.136,0.1375,0.1355,0.1358,50895647.0
1770019200000,0.1359,0.1373,0.1355,0.1364,70423630.0
1770022800000,0.1363,0.1396,0.1356,0.1384,67269881.0
1770026400000,0.1385,0.1391,0.138,0.1382,26963568.0
1770030000000,0.1382,0.1388,0.1376,0.1378,26072037.0
1770033600000,0.1378,0.1394,0.1378,0.1389,30629770.0
1770037200000,0.139,0.1404,0.1387,0.14,34215193.0
1770040800000,0.1399,0.1417,0.1387,0.1401,78098478.0
1770044400000,0.1401,0.1447,0.1395,0.1436,85890423.0
1770048000000,0.1437,0.1437,0.1405,0.1407,58481766.0
1770051600000,0.1407,0.1419,0.1402,0.1407,36438155.0
1770055200000,0.1407,0.1414,0.1398,0.1408,27630421.0
1770058800000,0.1407,0.141,0.1394,0.1396,24634032.0
1770062400000,0.1396,0.1402,0.1385,0.1391,27208642.0
1770066000000,0.1391,0.1403,0.139,0.1398,19117649.0
1770069600000,0.1398,0.1413,0.1398,0.1407,19558534.0
1770073200000,0.1407,0.1409,0.1399,0.14,13614911.0
1770076800000,0.14,0.1404,0.1388,0.14,35588550.0
1770080400000,0.1399,0.1399,0.1382,0.1393,22211678.0
1770084000000,0.1393,0.1393,0.1366,0.1368,39780122.0
1770087600000,0.1368,0.1397,0.1365,0.1392,36131784.0
1770091200000,0.1393,0.1404,0.1388,0.1401,24247782.0
1770094800000,0.1401,0.1403,0.1388,0.139,16345944.0
1770098400000,0.139,0.1394,0.1378,0.1388,28448680.0
1770102000000,0.1388,0.1399,0.1383,0.1395,23972660.0
1770105600000,0.1395,0.1403,0.1387,0.139,32487613.0
1770109200000,0.139,0.1393,0.1366,0.1377,64258367.0
1770112800000,0.1377,0.1385,0.1375,0.1379,19254829.0
1770116400000,0.138,0.1392,0.1377,0.1388,29132395.0
1770120000000,0.1388,0.1401,0.1382,0.1397,40114245.0
1770123600000,0.1396,0.14,0.1389,0.1396,20298128.0
1770127200000,0.1395,0.1399,0.1363,0.1363,72982303.0
1770130800000,0.1363,0.1413,0.136,0.1409,108661182.0
1770134400000,0.1409,0.141,0.1365,0.137,71137993.0
1770138000000,0.1371,0.1374,0.1337,0.1337,68597759.0
1770141600000,0.1337,0.1345,0.1307,0.131,125866314.0
1770145200000,0.1309,0.1385,0.1307,0.1376,119962572.0
1770148800000,0.1376,0.1437,0.1358,0.1423,120101898.0
1770152400000,0.1422,0.1437,0.1396,0.1399,56471383.0
1770156000000,0.1399,0.14,0.1376,0.1382,34317378.0
1770159600000,0.1382,0.1388,0.136,0.1372,40980210.0
1770163200000,0.1372,0.1392,0.1366,0.1386,28494034.0
1770166800000,0.1386,0.1409,0.1386,0.1393,26908143.0
1770170400000,0.1393,0.1396,0.1378,0.1385,19236473.0
1770174000000,0.1384,0.1409,0.1381,0.1404,47042181.0
1770177600000,0.1404,0.1412,0.1401,0.1404,27637437.0
1770181200000,0.1404,0.141,0.1391,0.1399,19112689.0
1770184800000,0.14,0.1411,0.1395,0.1406,18726978.0
1770188400000,0.1406,0.1412,0.1396,0.1408,23447683.0
1770192000000,0.1407,0.1414,0.1398,0.141,22892303.0
1770195600000,0.141,0.1411,0.1393,0.1396,20356844.0
1770199200000,0.1397,0.14,0.1393,0.1396,14662022.0
1770202800000,0.1396,0.1396,0.1375,0.1386,56975786.0
1770206400000,0.1387,0.1391,0.1379,0.1387,27694777.0
1770210000000,0.1386,0.1387,0.1365,0.1366,51208582.0
1770213600000,0.1365,0.1379,0.1346,0.1348,85217573.0
1770217200000,0.1348,0.1368,0.1324,0.1344,116024475.0
1770220800000,0.1343,0.1357,0.1325,0.1343,103815900.0
1770224400000,0.1342,0.1353,0.1326,0.1348,83832837.0
1770228000000,0.1347,0.1381,0.1321,0.136,115043566.0
1770231600000,0.1361,0.1384,0.1348,0.1381,66296236.0
1770235200000,0.1381,0.1383,0.1358,0.136,35931327.0
1770238800000,0.136,0.1364,0.1329,0.134,44622749.0
1770242400000,0.134,0.1359,0.1312,0.1322,47867166.0
1770246000000,0.1322,0.1352,0.1316,0.1338,49325589.0
1770249600000,0.1337,0.1346,0.1333,0.1339,22337265.0
1770253200000,0.134,0.1363,0.1329,0.1344,48167619.0
1770256800000,0.1344,0.1359,0.1331,0.1334,51427350.0
1770260400000,0.1334,0.1343,0.1323,0.1326,40227522.0
1770264000000,0.1326,0.1338,0.1319,0.1325,44123796.0
1770267600000,0.1325,0.134,0.1304,0.132,60509364.0
1770271200000,0.132,0.1321,0.1295,0.1301,45716497.0
1770274800000,0.13,0.1321,0.1296,0.13,52575996.0
1770278400000,0.13,0.1315,0.1299,0.1302,39077329.0
1770282000000,0.1303,0.132,0.1299,0.1303,40371152.0
1770285600000,0.1303,0.1305,0.127,0.1274,76124819.0
1770289200000,0.1273,0.1281,0.1253,0.1269,101243875.0
1770292800000,0.1269,0.1281,0.1258,0.1269,130058637.0
1770296400000,0.127,0.1279,0.1259,0.1262,54311991.0
1770300000000,0.1261,0.1291,0.1261,0.1265,97739787.0
1770303600000,0.1264,0.127,0.1174,0.1208,391755081.0
1770307200000,0.1209,0.1238,0.1196,0.1223,155778848.0
1770310800000,0.1223,0.1244,0.118,0.1195,165299110.0
1770314400000,0.1196,0.1209,0.1179,0.1205,118209197.0
1770318000000,0.1204,0.1208,0.118,0.1185,67571133.0
1770321600000,0.1184,0.1196,0.1129,0.1159,273040650.0
1770325200000,0.1158,0.1193,0.1141,0.1149,163111404.0
1770328800000,0.1149,0.1173,0.1127,0.1153,116436769.0
1770332400000,0.1153,0.1182,0.1135,0.1139,86940368.0
1770336000000,0.114,0.1148,0.0996,0.1115,728504595.0
1770339600000,0.1115,0.1158,0.111,0.1155,143511283.0
1770343200000,0.1155,0.1165,0.1124,0.1129,93015116.0
1770346800000,0.113,0.1139,0.1112,0.1126,81797064.0
1770350400000,0.1126,0.1144,0.112,0.1143,57479157.0
1770354000000,0.1142,0.1187,0.1139,0.1182,74368141.0
1770357600000,0.1182,0.1187,0.1159,0.1161,99832436.0
1770361200000,0.1161,0.1167,0.1148,0.1157,70498531.0
1770364800000,0.1156,0.1162,0.1141,0.115,113522751.0
1770368400000,0.115,0.1187,0.1145,0.1181,69052505.0
1770372000000,0.1181,0.1202,0.1175,0.12,67301785.0
1770375600000,0.12,0.1203,0.1192,0.1198,58314666.0
1770379200000,0.1199,0.1203,0.1188,0.1202,51194995.0
1770382800000,0.1202,0.122,0.1199,0.1214,75240885.0
1770386400000,0.1214,0.1249,0.1208,0.1239,82557306.0
1770390000000,0.1239,0.1243,0.1225,0.1235,66688439.0
1770393600000,0.1235,0.128,0.123,0.1274,97995272.0
1770397200000,0.1273,0.1303,0.1266,0.128,98390610.0
1770400800000,0.1281,0.1286,0.1258,0.1266,63427185.0
1770404400000,0.1267,0.1278,0.1257,0.1273,32525854.0
1770408000000,0.1274,0.1283,0.1259,0.1266,37344804.0
1770411600000,0.1266,0.1271,0.1255,0.1269,26131456.0
1770415200000,0.1269,0.1286,0.1266,0.1284,28901130.0
1770418800000,0.1283,0.1289,0.1269,0.127,28486992.0
1770422400000,0.127,0.1271,0.1247,0.1255,55861872.0
1770426000000,0.1255,0.1261,0.1245,0.1256,29676033.0
1770429600000,0.1256,0.126,0.125,0.1256,17023775.0
1770433200000,0.1256,0.1271,0.1255,0.1264,25816928.0
1770436800000,0.1264,0.1272,0.1252,0.1256,28731639.0
1770440400000,0.1257,0.1262,0.1249,0.1254,23093445.0
1770444000000,0.1253,0.1261,0.1232,0.1232,41694096.0
1770447600000,0.1233,0.124,0.1206,0.1221,101091096.0
1770451200000,0.122,0.1227,0.1213,0.1224,41053643.0
1770454800000,0.1224,0.123,0.1216,0.122,24203732.0
1770458400000,0.122,0.1225,0.1212,0.122,19913525.0
1770462000000,0.122,0.1224,0.1218,0.1222,14065496.0
1770465600000,0.1223,0.1265,0.122,0.1256,66200578.0
1770469200000,0.1256,0.1262,0.1238,0.1245,26921735.0
1770472800000,0.1246,0.125,0.1231,0.1236,26934779.0
1770476400000,0.1236,0.1261,0.1234,0.1254,31104013.0
1770480000000,0.1255,0.1298,0.1248,0.126,380845982.0
1770483600000,0.126,0.1266,0.1252,0.1257,22698276.0
1770487200000,0.1258,0.1285,0.1254,0.1272,41324154.0
1770490800000,0.1272,0.1273,0.1259,0.1262,13999022.0
1770494400000,0.1261,0.1273,0.1259,0.1268,16071948.0
1770498000000,0.1269,0.1273,0.1262,0.1265,12949518.0
1770501600000,0.1266,0.127,0.1261,0.1263,9830835.0
1770505200000,0.1263,0.1267,0.1254,0.1263,17998888.0
1770508800000,0.1263,0.1264,0.1252,0.1256,13632402.0
1770512400000,0.1256,0.1262,0.1255,0.1258,8495989.0
1770516000000,0.1258,0.1259,0.1246,0.1249,12100046.0
1770519600000,0.125,0.1252,0.1242,0.1243,9132997.0
1770523200000,0.1244,0.1251,0.1241,0.1249,10232725.0
1770526800000,0.1248,0.1251,0.124,0.1242,7657864.0
1770530400000,0.1242,0.1245,0.1238,0.1241,10053225.0
1770534000000,0.1241,0.1243,0.1231,0.1242,13357351.0
1770537600000,0.1243,0.1263,0.1238,0.1257,29953731.0
1770541200000,0.1256,0.1261,0.1238,0.124,23029965.0
1770544800000,0.1239,0.1246,0.1229,0.1237,23706473.0
1770548400000,0.1236,0.1258,0.1235,0.1253,31016259.0
1770552000000,0.1253,0.1254,0.1241,0.1246,22268197.0
1770555600000,0.1246,0.1249,0.1238,0.1243,29010943.0
1770559200000,0.1243,0.1248,0.1239,0.1241,16070567.0
1770562800000,0.1241,0.1243,0.122,0.1227,37322243.0
1770566400000,0.1226,0.1229,0.1198,0.1205,46773591.0
1770570000000,0.1204,0.1212,0.1202,0.1207,28433036.0
1770573600000,0.1207,0.1223,0.1206,0.1214,23673165.0
1770577200000,0.1214,0.1217,0.1208,0.1214,15200270.0
1770580800000,0.1214,0.1214,0.1198,0.12,19851100.0
1770584400000,0.12,0.1207,0.1191,0.1196,19640532.0
1770588000000,0.1196,0.1204,0.1194,0.1202,15847334.0
1770591600000,0.1202,0.1233,0.1191,0.1202,62665611.0
1770595200000,0.1202,0.1205,0.1193,0.1204,27437142.0
1770598800000,0.1204,0.1216,0.1196,0.1205,29509971.0
1770602400000,0.1204,0.1218,0.1197,0.121,20957863.0
1770606000000,0.1209,0.1224,0.1208,0.1221,18448527.0
1770609600000,0.1221,0.1222,0.1212,0.1212,11839249.0
1770613200000,0.1212,0.1216,0.1209,0.1212,12979547.0
1770616800000,0.1212,0.1212,0.1195,0.12,22365213.0
1770620400000,0.12,0.1204,0.1191,0.1192,20276492.0
1770624000000,0.1191,0.1193,0.1172,0.1179,54434556.0
1770627600000,0.1179,0.1182,0.1173,0.1177,29238926.0
1770631200000,0.1177,0.1179,0.1153,0.1159,55041757.0
1770634800000,0.1158,0.1168,0.1158,0.1163,27740710.0
1770638400000,0.1163,0.1169,0.1161,0.1161,18529700.0
1770642000000,0.1161,0.1166,0.1151,0.1151,24360455.0
1770645600000,0.1151,0.1179,0.1151,0.1174,47663752.0
1770649200000,0.1175,0.1193,0.1162,0.1189,73600843.0
1770652800000,0.1189,0.1211,0.1178,0.1197,37874745.0
1770656400000,0.1197,0.1224,0.1191,0.122,37455307.0
1770660000000,0.122,0.1227,0.1201,0.1207,38737573.0
1770663600000,0.1208,0.1215,0.1203,0.1214,19067334.0
1770667200000,0.1213,0.1219,0.1201,0.1207,25644286.0
1770670800000,0.1207,0.1211,0.1192,0.1208,23292539.0
1770674400000,0.1208,0.1213,0.1204,0.1207,11007861.0
1770678000000,0.1206,0.1209,0.1202,0.1203,11842587.0
1770681600000,0.1204,0.1206,0.1192,0.1192,17753684.0
1770685200000,0.1193,0.1206,0.1192,0.12,21079194.0
1770688800000,0.1201,0.1202,0.1188,0.1192,9904886.0
1770692400000,0.1192,0.1193,0.1167,0.1173,34017866.0
1770696000000,0.1173,0.1181,0.1173,0.1178,18188620.0
1770699600000,0.1179,0.118,0.1164,0.1166,15364514.0
1770703200000,0.1166,0.117,0.1145,0.1149,48159782.0
1770706800000,0.1148,0.116,0.1148,0.1152,26429820.0
1770710400000,0.1152,0.116,0.1151,0.1156,25124516.0
1770714000000,0.1156,0.1162,0.115,0.1153,19739839.0
1770717600000,0.1153,0.1158,0.115,0.1154,14071593.0
1770721200000,0.1153,0.116,0.1148,0.115,22247417.0
1770724800000,0.1151,0.1156,0.1143,0.1144,19159316.0
1770728400000,0.1144,0.115,0.1142,0.1146,25947161.0
1770732000000,0.1145,0.1156,0.1138,0.1145,50289975.0
1770735600000,0.1145,0.1166,0.1141,0.1162,43841381.0
1770739200000,0.1162,0.1174,0.1155,0.1163,30055935.0
1770742800000,0.1164,0.1167,0.1155,0.1159,22713397.0
1770746400000,0.1159,0.1162,0.113,0.1139,53168296.0
1770750000000,0.1139,0.1153,0.1133,0.1147,30081228.0
1770753600000,0.1148,0.1149,0.1143,0.1145,17373294.0
1770757200000,0.1144,0.1148,0.1136,0.114,15747035.0
1770760800000,0.1141,0.1151,0.114,0.1143,11176766.0
1770764400000,0.1142,0.1148,0.1139,0.1144,12863069.0
1770768000000,0.1144,0.115,0.1143,0.1149,13896374.0
1770771600000,0.1149,0.1151,0.1142,0.1149,19228759.0
1770775200000,0.1149,0.1155,0.1144,0.1144,13673194.0
1770778800000,0.1144,0.115,0.113,0.1142,23051135.0
1770782400000,0.1141,0.1144,0.1125,0.113,37882518.0
1770786000000,0.113,0.1135,0.1118,0.112,29371634.0
1770789600000,0.112,0.1123,0.111,0.1113,53173924.0
1770793200000,0.1113,0.1119,0.1109,0.1111,24540014.0
1770796800000,0.1111,0.1115,0.1107,0.1112,21572537.0
1770800400000,0.1113,0.1115,0.1101,0.1102,25776551.0
1770804000000,0.1103,0.1103,0.1085,0.1088,42047691.0
1770807600000,0.1088,0.1096,0.1082,0.1092,28957480.0
1770811200000,0.1092,0.1107,0.1088,0.1105,31348816.0
1770814800000,0.1106,0.1123,0.1102,0.1122,54029839.0
1770818400000,0.1122,0.1164,0.11,0.1102,127697456.0
1770822000000,0.1102,0.1111,0.1085,0.1099,98525759.0
1770825600000,0.1098,0.1119,0.109,0.109,78561263.0
1770829200000,0.109,0.1112,0.1086,0.1104,37131613.0
1770832800000,0.1104,0.1124,0.1096,0.1115,35961179.0
1770836400000,0.1115,0.1122,0.1104,0.1108,33186097.0
1770840000000,0.1107,0.112,0.1102,0.1116,27831054.0
1770843600000,0.1117,0.1136,0.1112,0.1129,31223487.0
1770847200000,0.1129,0.1139,0.1114,0.1115,33671713.0
1770850800000,0.1114,0.1118,0.1103,0.1114,30951673.0
1770854400000,0.1113,0.1134,0.1113,0.1133,29067470.0
1770858000000,0.1133,0.1148,0.1131,0.114,23656980.0
1770861600000,0.1141,0.1153,0.1138,0.1146,20372891.0
1770865200000,0.1146,0.1155,0.1142,0.1154,17291862.0
1770868800000,0.1154,0.1157,0.1144,0.1145,24175933.0
1770872400000,0.1146,0.1155,0.114,0.115,20247221.0
1770876000000,0.115,0.1167,0.1149,0.1161,21588535.0
1770879600000,0.1162,0.1165,0.1153,0.1164,22736234.0
1770883200000,0.1164,0.1166,0.1151,0.1158,21552314.0
1770886800000,0.1158,0.1179,0.1156,0.1175,32268262.0
1770890400000,0.1176,0.1188,0.1171,0.1187,30610643.0
1770894000000,0.1188,0.1191,0.1176,0.1178,29078428.0
1770897600000,0.1178,0.118,0.1162,0.1167,22823174.0
1770901200000,0.1166,0.1173,0.1154,0.1168,35547794.0
1770904800000,0.1168,0.1168,0.1148,0.1162,65530195.0
1770908400000,0.1162,0.1178,0.1152,0.1153,40398437.0
1770912000000,0.1153,0.1158,0.113,0.1143,99279361.0
1770915600000,0.1143,0.1156,0.1138,0.1146,32367106.0
1770919200000,0.1146,0.1159,0.1143,0.1154,34051121.0
1770922800000,0.1155,0.1177,0.115,0.1161,29262547.0
1770926400000,0.116,0.1165,0.1148,0.1154,23310544.0
1770930000000,0.1154,0.116,0.1152,0.1156,15317673.0
1770933600000,0.1156,0.1174,0.115,0.1173,14857853.0
1770937200000,0.1173,0.1196,0.1171,0.1191,44264354.0
1770940800000,0.1191,0.12,0.1164,0.1167,55176109.0
1770944400000,0.1167,0.1172,0.1157,0.1161,36395223.0
1770948000000,0.116,0.1168,0.1154,0.1162,40042558.0
1770951600000,0.1163,0.1168,0.1157,0.1163,15339710.0
1770955200000,0.1163,0.1163,0.1151,0.1153,24214035.0
1770958800000,0.1154,0.1156,0.1146,0.1148,17665429.0
1770962400000,0.1148,0.1153,0.1139,0.1153,20299585.0
1770966000000,0.1153,0.116,0.1149,0.1152,14633912.0
1770969600000,0.1151,0.1167,0.1148,0.1163,21769517.0
1770973200000,0.1163,0.1164,0.1156,0.1158,11594673.0
1770976800000,0.1157,0.1161,0.1151,0.1153,16717669.0
1770980400000,0.1153,0.1154,0.1146,0.1153,18700535.0
1770984000000,0.1153,0.1162,0.1148,0.1155,21600196.0
1770987600000,0.1155,0.1173,0.1152,0.1161,55918140.0
1770991200000,0.116,0.1185,0.1157,0.1177,48238426.0
1770994800000,0.1177,0.1215,0.1173,0.119,66064781.0
1770998400000,0.119,0.1218,0.1185,0.1211,38076599.0
1771002000000,0.121,0.1216,0.1204,0.1211,27151227.0
1771005600000,0.121,0.1216,0.1203,0.1213,24114695.0
1771009200000,0.1212,0.1215,0.1205,0.121,15338817.0
1771012800000,0.121,0.1219,0.1206,0.1214,29332874.0
1771016400000,0.1214,0.1222,0.1208,0.1212,17145981.0
1771020000000,0.1213,0.1217,0.1207,0.1211,8680757.0
1771023600000,0.121,0.1214,0.1206,0.1208,21243682.0
1771027200000,0.1209,0.1223,0.1202,0.1217,37757137.0
1771030800000,0.1217,0.122,0.1211,0.1219,16619465.0
1771034400000,0.1219,0.1222,0.1215,0.1217,15582692.0
1771038000000,0.1217,0.1221,0.1215,0.1219,15100608.0
1771041600000,0.1219,0.1221,0.1214,0.1218,11068268.0
1771045200000,0.1217,0.1228,0.1213,0.1215,15192329.0
1771048800000,0.1214,0.1215,0.1206,0.1211,11498228.0
1771052400000,0.1212,0.1222,0.1211,0.1219,12548769.0
1771056000000,0.1218,0.1248,0.1217,0.1244,38733922.0
1771059600000,0.1244,0.1245,0.1231,0.1234,28775274.0
1771063200000,0.1234,0.1237,0.123,0.1233,9780660.0
1771066800000,0.1232,0.1255,0.1232,0.1251,25769247.0
1771070400000,0.1251,0.1254,0.1243,0.1246,24389678.0
1771074000000,0.1245,0.125,0.1238,0.1248,31249674.0
1771077600000,0.1248,0.126,0.1246,0.1259,22284624.0
1771081200000,0.1259,0.1263,0.1251,0.1262,19675423.0
1771084800000,0.1262,0.1273,0.1253,0.1266,37413603.0
1771088400000,0.1267,0.1281,0.1262,0.1273,32406157.0
1771092000000,0.1272,0.1292,0.127,0.129,40273044.0
1771095600000,0.1291,0.1298,0.128,0.1294,33299442.0
1771099200000,0.1294,0.1299,0.1278,0.1284,26229185.0
1771102800000,0.1284,0.1295,0.1271,0.128,30259277.0
1771106400000,0.1279,0.13,0.1277,0.1294,21051895.0
1771110000000,0.1293,0.1295,0.128,0.1284,24817963.0
1771113600000,0.1284,0.1286,0.1273,0.1284,26929028.0
1771117200000,0.1283,0.1297,0.1277,0.129,28447656.0
1771120800000,0.1289,0.1293,0.1274,0.1287,26060984.0
1771124400000,0.1287,0.1291,0.1266,0.1288,42109311.0
1771128000000,0.1288,0.1305,0.1284,0.1294,48966189.0
1771131600000,0.1294,0.1307,0.1291,0.1299,20549836.0
1771135200000,0.1299,0.13,0.1287,0.129,15061922.0
1771138800000,0.129,0.131,0.1288,0.1295,25238552.0
1771142400000,0.1294,0.1298,0.1263,0.1268,62452307.0
1771146000000,0.1268,0.1278,0.1266,0.1274,22427269.0
1771149600000,0.1273,0.1273,0.1257,0.1266,29683770.0
1771153200000,0.1265,0.1267,0.1258,0.126,12798450.0
1771156800000,0.126,0.1263,0.1228,0.1228,50250909.0
1771160400000,0.1229,0.1243,0.1213,0.122,65128346.0
1771164000000,0.122,0.1234,0.1219,0.1232,20587977.0
1771167600000,0.1231,0.1237,0.1228,0.1232,14817811.0
1771171200000,0.1231,0.1232,0.1219,0.1224,21971886.0
1771174800000,0.1225,0.1226,0.119,0.1204,65005402.0
1771178400000,0.1204,0.1205,0.1188,0.1192,47894358.0
1771182000000,0.1192,0.1205,0.1184,0.1198,40052940.0
1771185600000,0.1197,0.1203,0.1192,0.1202,19646031.0
1771189200000,0.1202,0.1211,0.1201,0.1209,12448132.0
1771192800000,0.1209,0.1215,0.1207,0.121,13920327.0
1771196400000,0.121,0.1219,0.1198,0.1216,19555925.0
1771200000000,0.1215,0.122,0.1208,0.1213,21835762.0
1771203600000,0.1213,0.1218,0.1201,0.1206,15720583.0
1771207200000,0.1207,0.1211,0.12,0.1203,14455366.0
1771210800000,0.1204,0.1209,0.1203,0.1209,14468970.0
1771214400000,0.1208,0.1219,0.1207,0.1218,11680896.0
1771218000000,0.1219,0.1223,0.1197,0.1199,16059058.0
1771221600000,0.12,0.1213,0.1197,0.1212,15156266.0
1771225200000,0.1212,0.122,0.1194,0.1197,42654402.0
1771228800000,0.1197,0.1207,0.1195,0.1202,46100080.0
1771232400000,0.1203,0.1215,0.1202,0.1213,18187882.0
1771236000000,0.1212,0.1216,0.1208,0.1211,14699001.0
1771239600000,0.1211,0.1214,0.1192,0.1208,21356100.0
1771243200000,0.1209,0.1242,0.1204,0.1237,50474148.0
1771246800000,0.1237,0.1243,0.1205,0.1208,47082250.0
1771250400000,0.1207,0.122,0.12,0.1212,28901038.0
1771254000000,0.1212,0.122,0.1184,0.1193,46589859.0
1771257600000,0.1192,0.1209,0.1191,0.1202,30824129.0
1771261200000,0.1202,0.121,0.1196,0.1202,18420258.0
1771264800000,0.1202,0.121,0.1199,0.12,14097022.0
1771268400000,0.1201,0.1211,0.1197,0.1206,16150886.0
1771272000000,0.1207,0.1222,0.1202,0.1219,17272940.0
1771275600000,0.1219,0.1239,0.1214,0.1239,44017572.0
1771279200000,0.1239,0.1242,0.1228,0.1231,20994238.0
1771282800000,0.1231,0.1235,0.1228,0.1231,11568122.0
1771286400000,0.123,0.1236,0.1226,0.123,16642594.0
1771290000000,0.1229,0.1232,0.1222,0.1224,10424239.0
1771293600000,0.1223,0.124,0.1215,0.1237,25214622.0
1771297200000,0.1238,0.1238,0.1225,0.1227,9532562.0
1771300800000,0.1227,0.1232,0.1221,0.1227,12446944.0
1771304400000,0.1227,0.1228,0.1208,0.1219,15371409.0
1771308000000,0.1219,0.1228,0.1218,0.1223,6417117.0
1771311600000,0.1223,0.1224,0.1217,0.122,6597392.0
1771315200000,0.122,0.1222,0.1208,0.1209,12886643.0
1771318800000,0.1209,0.1213,0.1205,0.1209,15446412.0
1771322400000,0.1209,0.1211,0.1197,0.1201,17952747.0
1771326000000,0.12,0.1206,0.1198,0.1203,12134021.0
1771329600000,0.1203,0.1208,0.1197,0.1198,18086111.0
1771333200000,0.1198,0.1209,0.1195,0.1204,31417521.0
1771336800000,0.1204,0.1216,0.1182,0.1186,49212716.0
1771340400000,0.1186,0.1203,0.1182,0.1202,37514558.0
1771344000000,0.1202,0.123,0.12,0.1211,44383917.0
1771347600000,0.1211,0.1211,0.1188,0.1197,29253940.0
1771351200000,0.1197,0.1231,0.1195,0.1222,27982073.0
1771354800000,0.1222,0.1223,0.1211,0.1213,18638618.0
1771358400000,0.1212,0.1215,0.1203,0.1209,12207245.0
1771362000000,0.1209,0.1217,0.1201,0.1206,10824643.0
1771365600000,0.1206,0.1211,0.1201,0.1204,12058807.0
1771369200000,0.1204,0.1207,0.1201,0.1203,8363718.0
1771372800000,0.1203,0.1205,0.1196,0.1197,14615948.0
1771376400000,0.1198,0.12,0.1191,0.1195,10725464.0
1771380000000,0.1196,0.1207,0.1195,0.1204,9408308.0
1771383600000,0.1203,0.1208,0.1202,0.1205,5688370.0
1771387200000,0.1206,0.1206,0.1199,0.1202,13245055.0
1771390800000,0.1203,0.1209,0.1201,0.1206,5275373.0
1771394400000,0.1206,0.1212,0.1205,0.1205,6731610.0
1771398000000,0.1206,0.1218,0.1201,0.1214,10348544.0
1771401600000,0.1214,0.1219,0.1209,0.121,11593885.0
1771405200000,0.121,0.1211,0.1203,0.1204,9117902.0
1771408800000,0.1205,0.1209,0.1198,0.1199,10404443.0
1771412400000,0.12,0.1202,0.1187,0.1195,21593759.0
1771416000000,0.1195,0.1199,0.1186,0.1189,12394015.0
1771419600000,0.119,0.1192,0.117,0.1176,35131710.0
1771423200000,0.1176,0.1186,0.1171,0.1183,30953468.0
1771426800000,0.1183,0.1209,0.1182,0.1193,29264895.0
1771430400000,0.1192,0.1193,0.1172,0.1175,21073112.0
1771434000000,0.1175,0.1188,0.1171,0.1172,14456155.0
1771437600000,0.1173,0.1175,0.1158,0.1159,35899280.0
1771441200000,0.1159,0.1165,0.1143,0.1147,41711601.0
1771444800000,0.1148,0.1154,0.1143,0.1146,21524448.0
1771448400000,0.1146,0.1151,0.1141,0.1143,13025746.0
1771452000000,0.1143,0.1152,0.1139,0.1149,15444536.0
1771455600000,0.115,0.1151,0.1144,0.115,9092101.0
1771459200000,0.115,0.115,0.1139,0.114,12505293.0
1771462800000,0.1141,0.115,0.114,0.1145,12265867.0
1771466400000,0.1146,0.1149,0.1141,0.1146,7655425.0
1771470000000,0.1146,0.1154,0.1144,0.1151,9288341.0
1771473600000,0.1152,0.1155,0.1146,0.1149,10037344.0
1771477200000,0.1149,0.115,0.1135,0.1142,21046766.0
1771480800000,0.1142,0.115,0.1141,0.1144,10099142.0
1771484400000,0.1145,0.1146,0.114,0.1142,12010516.0
1771488000000,0.1143,0.1143,0.1123,0.1126,37594964.0
1771491600000,0.1127,0.1134,0.1125,0.1128,15295689.0
1771495200000,0.1128,0.1132,0.1122,0.1127,15932528.0
1771498800000,0.1128,0.113,0.1121,0.1123,18559294.0
1771502400000,0.1123,0.1124,0.1117,0.1118,20573688.0
1771506000000,0.1118,0.1118,0.1096,0.1103,46731891.0
1771509600000,0.1103,0.1107,0.1093,0.1098,42088092.0
1771513200000,0.1098,0.1106,0.1084,0.1087,42549488.0
1771516800000,0.1087,0.1088,0.1071,0.1073,57325023.0
1771520400000,0.1073,0.1092,0.1069,0.1078,46313675.0
1771524000000,0.1079,0.1097,0.1076,0.1096,38096538.0
1771527600000,0.1096,0.1114,0.1094,0.1112,33221303.0
1771531200000,0.1112,0.1124,0.1108,0.112,82791114.0
1771534800000,0.1119,0.1126,0.1114,0.1115,23734532.0
1771538400000,0.1115,0.1116,0.1102,0.1107,14715368.0
1771542000000,0.1107,0.1109,0.1101,0.1108,11567668.0
1771545600000,0.1109,0.1125,0.1107,0.1116,25827262.0
1771549200000,0.1115,0.1123,0.1112,0.1121,14143754.0
1771552800000,0.1122,0.1131,0.1108,0.111,46900925.0
1771556400000,0.111,0.1114,0.1106,0.1108,9913480.0
1771560000000,0.1109,0.1112,0.109,0.1108,53228138.0
1771563600000,0.1109,0.1122,0.11,0.1115,24126711.0
1771567200000,0.1115,0.1118,0.1108,0.1116,23495511.0
1771570800000,0.1116,0.1118,0.1102,0.1104,98565430.0
1771574400000,0.1104,0.1108,0.11,0.1106,16646373.0
1771578000000,0.1105,0.1114,0.1105,0.1113,14213948.0
1771581600000,0.1112,0.1117,0.1104,0.1105,22810093.0
1771585200000,0.1105,0.111,0.1098,0.11,22046495.0
1771588800000,0.1101,0.1102,0.1093,0.1097,25909872.0
1771592400000,0.1097,0.1097,0.1065,0.1075,93874599.0
1771596000000,0.1074,0.1098,0.1073,0.1088,60854782.0
1771599600000,0.1089,0.1125,0.1087,0.1125,106163281.0
1771603200000,0.1125,0.1134,0.1107,0.1116,63508604.0
1771606800000,0.1116,0.1119,0.1088,0.1117,62891516.0
1771610400000,0.1117,0.1125,0.1106,0.1115,50231234.0
1771614000000,0.1115,0.1119,0.1106,0.111,23459533.0
1771617600000,0.1111,0.1115,0.1102,0.1105,18119017.0
1771621200000,0.1104,0.1109,0.11,0.1105,14907911.0
1771624800000,0.1106,0.1108,0.1098,0.1107,16388799.0
1771628400000,0.1107,0.1114,0.1105,0.1112,11409893.0
1771632000000,0.1112,0.1119,0.1109,0.111,18771520.0
1771635600000,0.111,0.1114,0.1109,0.1111,11292720.0
1771639200000,0.1111,0.1116,0.1108,0.1112,9305046.0
1771642800000,0.1113,0.1113,0.1101,0.1103,19656853.0
1771646400000,0.1103,0.1105,0.1099,0.1103,10059871.0
1771650000000,0.1104,0.1111,0.1103,0.1106,8448840.0
1771653600000,0.1107,0.1107,0.1093,0.1095,13888052.0
1771657200000,0.1095,0.1101,0.1094,0.1098,10517065.0
1771660800000,0.1098,0.1113,0.1096,0.1112,17787043.0
1771664400000,0.1113,0.1125,0.1111,0.1115,29789683.0
1771668000000,0.1116,0.1119,0.1111,0.1115,17223439.0
1771671600000,0.1115,0.1119,0.1111,0.1114,13726858.0
1771675200000,0.1114,0.1118,0.1107,0.1108,19143760.0
1771678800000,0.1108,0.1114,0.1105,0.1113,20829995.0
1771682400000,0.1113,0.112,0.1105,0.1106,24024867.0
1771686000000,0.1106,0.1108,0.1095,0.1098,32351005.0
1771689600000,0.1099,0.11,0.1082,0.1088,55268548.0
1771693200000,0.1088,0.1094,0.1085,0.1092,18266426.0
1771696800000,0.1092,0.1094,0.1087,0.1091,12634601.0
1771700400000,0.1091,0.1093,0.1088,0.1089,10503082.0
1771704000000,0.1089,0.1091,0.1077,0.1078,18523204.0
1771707600000,0.1078,0.1091,0.1078,0.1088,18330051.0
1771711200000,0.1088,0.1089,0.1079,0.108,14430912.0
1771714800000,0.108,0.1083,0.1078,0.1078,13205921.0
1771718400000,0.1078,0.1079,0.1057,0.1065,59209984.0
1771722000000,0.1064,0.1069,0.1063,0.1064,18291708.0
1771725600000,0.1065,0.1068,0.1044,0.1045,47254651.0
1771729200000,0.1044,0.1049,0.1037,0.1049,33556099.0
1771732800000,0.1048,0.1049,0.104,0.1042,18674043.0
1771736400000,0.1041,0.1043,0.1037,0.104,21120233.0
1771740000000,0.104,0.1044,0.1037,0.104,18715475.0
1771743600000,0.1041,0.1043,0.1032,0.1032,23663165.0
1771747200000,0.1032,0.1037,0.1031,0.1034,17046048.0
1771750800000,0.1035,0.1044,0.1034,0.1044,17139795.0
1771754400000,0.1043,0.105,0.1041,0.1041,21947289.0
1771758000000,0.1041,0.1043,0.1034,0.1037,20610733.0
1771761600000,0.1036,0.1038,0.1024,0.1025,56474035.0
1771765200000,0.1025,0.1027,0.1013,0.1019,59586272.0
1771768800000,0.1019,0.102,0.1009,0.1014,42852357.0
1771772400000,0.1013,0.1019,0.1008,0.1013,31077670.0
1771776000000,0.1014,0.1014,0.1009,0.1011,19747006.0
1771779600000,0.1012,0.1014,0.1,0.1001,50451700.0
1771783200000,0.1001,0.1012,0.0999,0.1006,43141835.0
1771786800000,0.1007,0.1009,0.1004,0.1004,20400517.0
1771790400000,0.1004,0.1005,0.0997,0.1,20307474.0
1771794000000,0.1,0.1003,0.0987,0.1003,50471671.0
1771797600000,0.1002,0.1011,0.0999,0.101,20812314.0
1771801200000,0.101,0.1012,0.0997,0.0999,28007158.0
1771804800000,0.0999,0.1001,0.0981,0.0992,75782656.0
1771808400000,0.0992,0.0992,0.0953,0.0958,237248423.0
1771812000000,0.0958,0.0966,0.0953,0.0962,63078120.0
1771815600000,0.0962,0.097,0.0959,0.0965,31262149.0
1771819200000,0.0965,0.097,0.0964,0.0964,26106134.0
1771822800000,0.0965,0.0974,0.0963,0.0971,29071654.0
1771826400000,0.0971,0.0995,0.097,0.0992,45678506.0
1771830000000,0.0992,0.0996,0.0988,0.0988,23446980.0
1771833600000,0.0988,0.1,0.0986,0.0998,25027716.0
1771837200000,0.0997,0.1015,0.0995,0.1014,41711056.0
1771840800000,0.1014,0.1018,0.1004,0.1005,30094793.0
1771844400000,0.1006,0.1012,0.1003,0.1011,23715952.0
1771848000000,0.1011,0.1031,0.1007,0.1021,42774241.0
1771851600000,0.1021,0.1022,0.1009,0.1011,32083848.0
1771855200000,0.1011,0.1012,0.0997,0.1004,52414727.0
1771858800000,0.1003,0.1005,0.0986,0.0989,55975946.0
1771862400000,0.099,0.0994,0.0982,0.0987,57079950.0
1771866000000,0.0987,0.099,0.0971,0.0987,49975684.0
1771869600000,0.0987,0.0993,0.0977,0.0978,36114157.0
1771873200000,0.0978,0.0983,0.0974,0.0976,29093418.0
1771876800000,0.0976,0.0982,0.097,0.098,30457948.0
1771880400000,0.0979,0.0985,0.0976,0.0981,21913591.0
1771884000000,0.0981,0.0985,0.0977,0.098,20930632.0
1771887600000,0.0979,0.0986,0.0979,0.0984,21494784.0
1771891200000,0.0984,0.0993,0.0981,0.0993,29638980.0
1771894800000,0.0993,0.0997,0.0969,0.0984,64483676.0
1771898400000,0.0983,0.0989,0.0975,0.0975,23748433.0
1771902000000,0.0975,0.0976,0.0959,0.0963,43106119.0
1771905600000,0.0963,0.0966,0.0954,0.0962,35712970.0
1771909200000,0.0962,0.0964,0.0949,0.0957,30701916.0
1771912800000,0.0956,0.0959,0.095,0.0953,23412050.0
1771916400000,0.0954,0.096,0.0952,0.0955,20802697.0
1771920000000,0.0955,0.0958,0.0947,0.0955,28422824.0
1771923600000,0.0955,0.0956,0.0941,0.0945,55677359.0
1771927200000,0.0946,0.0951,0.0939,0.0949,29703211.0
1771930800000,0.095,0.0953,0.0949,0.0952,20750032.0
1771934400000,0.0952,0.0966,0.095,0.0961,42049487.0
1771938000000,0.0961,0.0964,0.0947,0.0959,36461775.0
1771941600000,0.0959,0.0976,0.0953,0.097,47005813.0
1771945200000,0.0971,0.0989,0.097,0.0988,55353109.0
1771948800000,0.0988,0.0995,0.098,0.0991,42013748.0
1771952400000,0.0992,0.0994,0.0984,0.0987,33798756.0
1771956000000,0.0987,0.0992,0.0983,0.0985,22660191.0
1771959600000,0.0986,0.0991,0.0981,0.0987,22499915.0
1771963200000,0.0987,0.0991,0.0983,0.0985,12015885.0
1771966800000,0.0985,0.0986,0.0974,0.0981,20174241.0
1771970400000,0.0981,0.0988,0.0979,0.0986,14581859.0
1771974000000,0.0986,0.0987,0.0978,0.0979,13037598.0
1771977600000,0.0979,0.0983,0.0974,0.0981,42929718.0
1771981200000,0.0981,0.1027,0.098,0.1011,101235551.0
1771984800000,0.1011,0.1025,0.1008,0.1009,55148978.0
1771988400000,0.101,0.1011,0.0995,0.0996,30739455.0
1771992000000,0.0996,0.1006,0.0989,0.1003,26094567.0
1771995600000,0.1003,0.1004,0.099,0.1,23647129.0
1771999200000,0.1,0.1009,0.0999,0.1003,19176068.0
1772002800000,0.1002,0.1007,0.0998,0.1007,16329371.0
1772006400000,0.1006,0.1015,0.1003,0.1013,24290801.0
1772010000000,0.1013,0.1021,0.1012,0.1017,25711311.0
1772013600000,0.1016,0.1018,0.1009,0.1015,25409893.0
1772017200000,0.1014,0.1019,0.1009,0.1015,15555781.0
1772020800000,0.1015,0.1032,0.101,0.1031,51961113.0
1772024400000,0.1031,0.1038,0.1026,0.1031,52852127.0
1772028000000,0.1031,0.1059,0.1029,0.1059,67611664.0
1772031600000,0.1059,0.1075,0.1052,0.1066,78365453.0
1772035200000,0.1067,0.1082,0.106,0.108,71924556.0
1772038800000,0.108,0.1089,0.1076,0.1087,40681171.0
1772042400000,0.1088,0.1107,0.1082,0.1104,48157017.0
1772046000000,0.1104,0.1118,0.1094,0.1116,44298188.0
1772049600000,0.1116,0.1123,0.1113,0.1118,56619917.0
1772053200000,0.1119,0.1151,0.1112,0.1139,60532878.0
1772056800000,0.1139,0.1147,0.1105,0.111,44329316.0
1772060400000,0.111,0.1111,0.1078,0.1093,54329222.0
1772064000000,0.1093,0.1097,0.1078,0.1085,48459587.0
1772067600000,0.1085,0.1095,0.1081,0.1086,21227310.0
1772071200000,0.1086,0.1099,0.1075,0.1098,24785498.0
1772074800000,0.1098,0.1101,0.1091,0.1093,23564144.0
1772078400000,0.1093,0.1105,0.1089,0.1098,40899967.0
1772082000000,0.1098,0.1098,0.108,0.1094,28868062.0
1772085600000,0.1095,0.1104,0.1089,0.1102,22925834.0
1772089200000,0.1102,0.1115,0.1101,0.1114,36880946.0
1772092800000,0.1115,0.1128,0.1108,0.1125,62088141.0
1772096400000,0.1126,0.1192,0.1121,0.116,210545032.0
1772100000000,0.116,0.1181,0.1114,0.1114,112576088.0
1772103600000,0.1115,0.1117,0.1093,0.1099,51956827.0
1772107200000,0.1099,0.1106,0.1086,0.1103,52284490.0
1772110800000,0.1103,0.1104,0.1087,0.109,38042351.0
1772114400000,0.1089,0.1095,0.1071,0.1085,79980194.0
1772118000000,0.1085,0.1086,0.1062,0.1077,59714704.0
1772121600000,0.1076,0.1078,0.1035,0.1039,82300068.0
1772125200000,0.104,0.105,0.1031,0.1035,58161856.0
1772128800000,0.1034,0.1049,0.1028,0.1049,42665976.0
1772132400000,0.1049,0.1068,0.1047,0.1049,42532053.0
1772136000000,0.1048,0.1055,0.1042,0.1046,19552140.0
1772139600000,0.1046,0.1053,0.1043,0.1052,15409804.0
1772143200000,0.1052,0.1059,0.1048,0.1058,13110387.0
1772146800000,0.1058,0.1058,0.105,0.1051,14577969.0
1772150400000,0.1051,0.1052,0.1041,0.1052,39330547.0
1772154000000,0.1052,0.1054,0.1046,0.1049,34326391.0
1772157600000,0.105,0.1054,0.1044,0.1048,17893538.0
1772161200000,0.1048,0.1058,0.1041,0.1056,33240598.0
1772164800000,0.1056,0.1088,0.1054,0.1074,122221778.0
1772168400000,0.1074,0.1078,0.1064,0.1067,29893875.0
1772172000000,0.1066,0.1067,0.1046,0.1064,44591821.0
1772175600000,0.1063,0.107,0.1057,0.107,22845785.0
1772179200000,0.1069,0.1079,0.1068,0.1077,29428431.0
1772182800000,0.1078,0.1089,0.1075,0.1079,40047860.0
1772186400000,0.1078,0.1081,0.1057,0.1059,50079962.0
1772190000000,0.1059,0.1071,0.1038,0.1038,61942380.0
1772193600000,0.1038,0.1042,0.1031,0.1039,44648538.0
1772197200000,0.1038,0.1045,0.1019,0.1042,55533786.0
1772200800000,0.1042,0.105,0.1033,0.1034,32050612.0
1772204400000,0.1034,0.1046,0.1032,0.1043,26423721.0
1772208000000,0.1043,0.1044,0.1019,0.1025,57417632.0
1772211600000,0.1025,0.1032,0.1013,0.1031,41468534.0
1772215200000,0.103,0.1034,0.1021,0.1022,18809330.0
1772218800000,0.1022,0.1024,0.1011,0.1016,23049337.0
1772222400000,0.1016,0.1023,0.1015,0.102,16032355.0
1772226000000,0.1021,0.1026,0.1012,0.1015,13467644.0
1772229600000,0.1015,0.1019,0.0995,0.1019,36971971.0
1772233200000,0.1018,0.1028,0.1017,0.1027,23739576.0
1772236800000,0.1027,0.1041,0.1024,0.104,33778197.0
1772240400000,0.104,0.1042,0.1026,0.1033,18683084.0
1772244000000,0.1033,0.1043,0.1031,0.1042,10032680.0
1772247600000,0.1041,0.1042,0.1033,0.1035,9176459.0
1772251200000,0.1035,0.1036,0.1026,0.1032,16645474.0
1772254800000,0.1032,0.1033,0.1015,0.102,20074728.0
1772258400000,0.1019,0.102,0.0959,0.0963,177022625.0
1772262000000,0.0962,0.0988,0.0954,0.0975,78986312.0
1772265600000,0.0974,0.0974,0.0955,0.0958,40124580.0
1772269200000,0.0957,0.0966,0.0954,0.0957,33848840.0
1772272800000,0.0957,0.0966,0.095,0.0957,44973116.0
1772276400000,0.0957,0.0965,0.0952,0.0954,30482264.0
1772280000000,0.0953,0.0964,0.0953,0.0962,25615652.0
1772283600000,0.0963,0.099,0.0953,0.0987,70801686.0
1772287200000,0.0988,0.0998,0.0977,0.0978,73441649.0
1772290800000,0.0978,0.0988,0.0971,0.0983,43657757.0
1772294400000,0.0984,0.099,0.0978,0.0989,23869539.0
1772298000000,0.0989,0.0999,0.0981,0.0998,64582326.0
1772301600000,0.0998,0.1021,0.0991,0.1015,48192578.0
1772305200000,0.1015,0.1034,0.1004,0.1024,43160591.0
1772308800000,0.1024,0.1053,0.1019,0.1048,57755401.0
1772312400000,0.1048,0.105,0.1028,0.1032,31217544.0
1772316000000,0.1033,0.1051,0.1033,0.1039,26156324.0
1772319600000,0.1039,0.1042,0.1032,0.1041,17489025.0
1772323200000,0.1041,0.1048,0.103,0.1034,25220360.0
1772326800000,0.1034,0.1065,0.1024,0.1056,41065759.0
1772330400000,0.1057,0.1081,0.1057,0.1071,56968304.0
1772334000000,0.1071,0.1074,0.106,0.1063,24379982.0
1772337600000,0.1064,0.1068,0.105,0.1057,26849857.0
1772341200000,0.1057,0.1065,0.1055,0.1062,13446075.0
1772344800000,0.1063,0.1063,0.1041,0.1046,34360916.0
1772348400000,0.1047,0.1059,0.1045,0.1058,17003455.0
1772352000000,0.1057,0.1062,0.1042,0.1045,24683579.0
1772355600000,0.1044,0.1057,0.1039,0.1044,23328179.0
1772359200000,0.1044,0.1049,0.1035,0.1042,23064195.0
1772362800000,0.1042,0.1046,0.1038,0.1041,12351001.0
1772366400000,0.104,0.1045,0.1033,0.1036,15450172.0
1772370000000,0.1035,0.1062,0.1031,0.1057,41700999.0
1772373600000,0.1057,0.1069,0.1045,0.1048,30173154.0
1772377200000,0.1047,0.106,0.1046,0.1051,13939749.0
1772380800000,0.1052,0.1061,0.103,0.1038,35229442.0
1772384400000,0.1038,0.104,0.1023,0.1032,43121238.0
1772388000000,0.1032,0.1054,0.1031,0.1043,31892641.0
1772391600000,0.1044,0.1045,0.1025,0.1027,22432873.0
1772395200000,0.1027,0.1029,0.1007,0.1011,33674691.0
1772398800000,0.101,0.1026,0.1009,0.1025,17385401.0
1772402400000,0.1024,0.1048,0.1023,0.1027,38387763.0
1772406000000,0.1026,0.1047,0.1025,0.1036,20908781.0
1772409600000,0.1036,0.1055,0.1033,0.1048,24110758.0
1772413200000,0.1048,0.1063,0.1045,0.1056,21224506.0
1772416800000,0.1056,0.106,0.1042,0.105,20375768.0
1772420400000,0.1051,0.1064,0.1045,0.106,23405736.0
1772424000000,0.1061,0.1073,0.1056,0.1059,27902842.0
1772427600000,0.1059,0.1061,0.1045,0.1047,30829235.0
1772431200000,0.1046,0.1052,0.1033,0.1038,21875202.0
1772434800000,0.1037,0.1038,0.1025,0.1032,16735492.0
1772438400000,0.1032,0.1039,0.1016,0.1036,30934828.0
1772442000000,0.1035,0.1047,0.1033,0.1038,23695123.0
1772445600000,0.1038,0.1041,0.1033,0.1039,12921150.0
1772449200000,0.1038,0.1045,0.1034,0.104,15544567.0
1772452800000,0.104,0.104,0.1032,0.1033,12556756.0
1772456400000,0.1034,0.1039,0.1024,0.1033,24431366.0
1772460000000,0.1033,0.107,0.1029,0.1067,63021273.0
1772463600000,0.1066,0.1107,0.1062,0.1094,101498234.0
1772467200000,0.1094,0.1149,0.1088,0.1137,155277857.0
1772470800000,0.1137,0.1153,0.1128,0.1143,104106756.0
1772474400000,0.1143,0.1156,0.113,0.1144,67009344.0
1772478000000,0.1144,0.1165,0.1131,0.1156,70756107.0
1772481600000,0.1156,0.1177,0.1147,0.116,75044762.0
1772485200000,0.116,0.1161,0.1141,0.1143,37056566.0
1772488800000,0.1143,0.1169,0.1141,0.116,25898814.0
1772492400000,0.1159,0.116,0.1131,0.1138,29006060.0
1772496000000,0.1139,0.1145,0.1128,0.1135,29269189.0
1772499600000,0.1134,0.1141,0.1123,0.1134,23192389.0
1772503200000,0.1133,0.1137,0.1123,0.1131,25731100.0
1772506800000,0.1132,0.1134,0.1122,0.1132,20572940.0
1772510400000,0.1132,0.1142,0.1128,0.1131,26081259.0
1772514000000,0.1131,0.1147,0.1123,0.1127,35126029.0
1772517600000,0.1128,0.1133,0.1116,0.1128,29280055.0
1772521200000,0.1128,0.1152,0.1119,0.1132,52555111.0
1772524800000,0.1131,0.1139,0.1111,0.1113,42360099.0
1772528400000,0.1112,0.1114,0.1081,0.1092,90960665.0
1772532000000,0.1091,0.1092,0.1079,0.1091,39451640.0
1772535600000,0.1091,0.1095,0.1085,0.1091,26474504.0
1772539200000,0.109,0.1107,0.1088,0.1092,29452743.0
1772542800000,0.1091,0.1092,0.1078,0.1085,25262830.0
1772546400000,0.1084,0.1095,0.107,0.1081,54373797.0
1772550000000,0.1081,0.1091,0.1075,0.109,37158666.0
1772553600000,0.109,0.1131,0.1087,0.1111,87500144.0
1772557200000,0.1111,0.1116,0.1095,0.1113,34810200.0
1772560800000,0.1114,0.1129,0.1103,0.1116,32284555.0
1772564400000,0.1117,0.112,0.1106,0.1107,23180432.0
1772568000000,0.1107,0.1111,0.1098,0.11,39264505.0
1772571600000,0.1099,0.11,0.1087,0.1097,16524495.0
1772575200000,0.1097,0.1116,0.1096,0.1109,15252940.0
1772578800000,0.1109,0.1118,0.1107,0.1112,14573548.0
1772582400000,0.1112,0.112,0.1105,0.1113,25240351.0
1772586000000,0.1113,0.1127,0.1109,0.112,27817404.0
1772589600000,0.1121,0.1126,0.1113,0.1123,15313386.0
1772593200000,0.1124,0.1124,0.11,0.1109,23991283.0
1772596800000,0.1109,0.1111,0.1097,0.1105,18041601.0
1772600400000,0.1104,0.1114,0.1097,0.111,15711357.0
1772604000000,0.111,0.1115,0.1099,0.1109,17576685.0
1772607600000,0.111,0.1124,0.1105,0.1116,23520265.0
1772611200000,0.1117,0.1161,0.1113,0.1155,186039667.0
1772614800000,0.1155,0.1198,0.1153,0.119,129878048.0
1772618400000,0.1189,0.1197,0.1156,0.1161,102565826.0
1772622000000,0.1161,0.1162,0.1147,0.1159,35230895.0
1772625600000,0.1158,0.1161,0.1144,0.1151,27303132.0
1772629200000,0.1151,0.1169,0.115,0.1169,24432509.0
1772632800000,0.1168,0.119,0.1157,0.1159,47999126.0
1772636400000,0.1159,0.1195,0.1159,0.1194,56671949.0
1772640000000,0.1195,0.1197,0.1175,0.1181,35699690.0
1772643600000,0.1182,0.1189,0.117,0.1172,29130845.0
1772647200000,0.1171,0.1176,0.1159,0.1173,27096838.0
1772650800000,0.1173,0.119,0.1171,0.1184,33933133.0
1772654400000,0.1184,0.1186,0.1173,0.1174,14102543.0
1772658000000,0.1174,0.1185,0.117,0.1184,12666915.0
1772661600000,0.1183,0.12,0.1174,0.1177,27344351.0
1772665200000,0.1176,0.118,0.1153,0.1173,36853160.0
1772668800000,0.1172,0.1177,0.1165,0.1165,15358855.0
1772672400000,0.1166,0.1175,0.1159,0.1164,27532167.0
1772676000000,0.1163,0.1182,0.1162,0.1179,17877181.0
1772679600000,0.1179,0.118,0.1166,0.1175,17294199.0
1772683200000,0.1174,0.1184,0.1171,0.1175,27305385.0
1772686800000,0.1174,0.1178,0.1159,0.1162,20596224.0
1772690400000,0.1161,0.119,0.1155,0.1187,27810919.0
1772694000000,0.1187,0.119,0.1162,0.1168,59886308.0
1772697600000,0.1168,0.1183,0.1164,0.117,35717833.0
1772701200000,0.117,0.1179,0.1169,0.1174,20770492.0
1772704800000,0.1174,0.1188,0.1172,0.1182,20794502.0
1772708400000,0.1182,0.1182,0.1154,0.1157,31042990.0
1772712000000,0.1157,0.1169,0.1153,0.1165,20739805.0
1772715600000,0.1165,0.1166,0.1152,0.1155,22814034.0
1772719200000,0.1156,0.1174,0.1154,0.117,33457036.0
1772722800000,0.1171,0.1172,0.1144,0.1152,34644883.0
1772726400000,0.1153,0.1154,0.1125,0.1141,57614309.0
1772730000000,0.1142,0.1149,0.1119,0.1124,34873211.0
1772733600000,0.1124,0.1141,0.1123,0.1138,19346628.0
1772737200000,0.1138,0.1156,0.1138,0.1152,23390037.0
1772740800000,0.1151,0.1172,0.1148,0.1168,27345357.0
1772744400000,0.1168,0.1174,0.1146,0.1153,46608742.0
1772748000000,0.1154,0.1164,0.1149,0.1157,13451120.0
1772751600000,0.1158,0.1162,0.1148,0.1151,11505635.0
1772755200000,0.115,0.1152,0.1145,0.1147,12757861.0
1772758800000,0.1148,0.1155,0.1137,0.1153,21899848.0
1772762400000,0.1152,0.1156,0.1146,0.1148,10875608.0
1772766000000,0.1147,0.1149,0.114,0.1143,8406115.0
1772769600000,0.1142,0.1143,0.1125,0.1133,17604740.0
1772773200000,0.1133,0.1139,0.1121,0.1133,27727073.0
1772776800000,0.1134,0.1145,0.113,0.114,13784924.0
1772780400000,0.1141,0.1162,0.1139,0.1157,21014805.0
1772784000000,0.1157,0.1158,0.1148,0.1149,15421261.0
1772787600000,0.115,0.115,0.1128,0.1136,24005426.0
1772791200000,0.1136,0.1146,0.1134,0.114,16011642.0
1772794800000,0.1141,0.1143,0.1127,0.1128,18626101.0
1772798400000,0.1127,0.1132,0.1117,0.1125,29251454.0
1772802000000,0.1125,0.113,0.1099,0.11,72720879.0
1772805600000,0.11,0.1104,0.1072,0.1079,80497627.0
1772809200000,0.1078,0.1083,0.1062,0.1068,47809918.0
1772812800000,0.1068,0.1071,0.1061,0.1064,27912707.0
1772816400000,0.1065,0.1069,0.1046,0.1048,43910548.0
1772820000000,0.1048,0.1058,0.1047,0.1055,24375377.0
1772823600000,0.1056,0.1063,0.1053,0.1054,15929565.0
1772827200000,0.1055,0.106,0.1047,0.1055,17678419.0
1772830800000,0.1055,0.1057,0.1051,0.1054,10299909.0
1772834400000,0.1055,0.1055,0.1039,0.1046,23111467.0
1772838000000,0.1046,0.1049,0.1042,0.1047,17838603.0
1772841600000,0.1047,0.1048,0.104,0.1047,16516410.0
1772845200000,0.1047,0.1047,0.1036,0.1039,13867496.0
1772848800000,0.1038,0.1043,0.1036,0.1036,13836976.0
1772852400000,0.1037,0.104,0.1023,0.1023,24435388.0
1772856000000,0.1023,0.1025,0.1014,0.1023,25784031.0
1772859600000,0.1023,0.1027,0.102,0.1022,14827587.0
1772863200000,0.1022,0.1024,0.1015,0.1015,14042676.0
1772866800000,0.1016,0.102,0.1008,0.1014,24112252.0
1772870400000,0.1014,0.1023,0.1012,0.1017,22657141.0
1772874000000,0.1017,0.1021,0.1013,0.1019,14793600.0
1772877600000,0.102,0.1029,0.1019,0.1022,27242742.0
1772881200000,0.1022,0.1029,0.1019,0.1026,19570095.0
1772884800000,0.1026,0.1028,0.1016,0.1017,34975959.0
1772888400000,0.1017,0.1026,0.1017,0.1025,17356235.0
1772892000000,0.1025,0.1026,0.0998,0.1014,72975529.0
1772895600000,0.1015,0.1016,0.1002,0.1008,25576536.0
1772899200000,0.1007,0.1018,0.1006,0.1017,25081259.0
1772902800000,0.1018,0.1027,0.1017,0.1021,17592385.0
1772906400000,0.1021,0.1022,0.1009,0.1013,26667015.0
1772910000000,0.1013,0.1014,0.1001,0.1006,27394356.0
1772913600000,0.1006,0.1013,0.1005,0.1009,12832408.0
1772917200000,0.101,0.1013,0.1005,0.1008,14056528.0
1772920800000,0.1009,0.101,0.0988,0.1001,31842509.0
1772924400000,0.1,0.1009,0.0998,0.1009,14748009.0
1772928000000,0.1008,0.1012,0.1007,0.1008,16369562.0
1772931600000,0.1008,0.101,0.1002,0.1008,13569005.0
1772935200000,0.1008,0.1012,0.0996,0.0999,19336736.0
1772938800000,0.0999,0.1006,0.0998,0.1001,13886982.0
1772942400000,0.1001,0.1003,0.0986,0.0993,28617155.0
1772946000000,0.0992,0.1003,0.0992,0.0999,15227744.0
1772949600000,0.0999,0.1,0.0988,0.0995,20351060.0
1772953200000,0.0995,0.1002,0.0993,0.0996,15555586.0
1772956800000,0.0997,0.1001,0.099,0.1,20952341.0
1772960400000,0.1,0.1005,0.0997,0.1,21098348.0
1772964000000,0.1001,0.1016,0.0999,0.1007,39567269.0
1772967600000,0.1006,0.1008,0.0995,0.0999,29441813.0
1772971200000,0.0999,0.1012,0.0989,0.1003,39533866.0
1772974800000,0.1003,0.1005,0.0988,0.0993,40152451.0
1772978400000,0.0993,0.0998,0.0989,0.0994,25773016.0
1772982000000,0.0995,0.0995,0.0978,0.0989,35753161.0
1772985600000,0.0988,0.099,0.0977,0.0979,22500729.0
1772989200000,0.0979,0.0989,0.0979,0.0983,15253043.0
1772992800000,0.0984,0.0985,0.0978,0.0984,13456862.0
1772996400000,0.0984,0.1003,0.0982,0.0999,33855424.0
1773000000000,0.0999,0.1003,0.099,0.0994,26998998.0
1773003600000,0.0995,0.0995,0.0986,0.0993,18221615.0
1773007200000,0.0992,0.0997,0.0965,0.0992,94962271.0
1773010800000,0.0993,0.0997,0.0983,0.0987,31165005.0
1773014400000,0.0987,0.1009,0.0986,0.0997,32485263.0
1773018000000,0.0997,0.1002,0.0989,0.0989,26586953.0
1773021600000,0.0989,0.1002,0.0984,0.0998,32600081.0
1773025200000,0.0998,0.1018,0.0996,0.1001,53001111.0
1773028800000,0.1001,0.1011,0.0998,0.1001,33728900.0
1773032400000,0.1001,0.1027,0.0998,0.1023,56028621.0
1773036000000,0.1023,0.1024,0.1008,0.101,38608732.0
1773039600000,0.1009,0.1017,0.1,0.1014,42031534.0
1773043200000,0.1015,0.1025,0.1013,0.1015,34922940.0
1773046800000,0.1015,0.1025,0.1009,0.1016,32293572.0
1773050400000,0.1017,0.1019,0.101,0.1011,20331139.0
1773054000000,0.1011,0.1015,0.1002,0.1012,23995906.0
1773057600000,0.1012,0.1019,0.101,0.1013,30468310.0
1773061200000,0.1013,0.1032,0.101,0.1029,56974740.0
1773064800000,0.1029,0.1039,0.1023,0.1033,55547939.0
1773068400000,0.1034,0.1037,0.1023,0.1032,41962030.0
1773072000000,0.1033,0.1037,0.1023,0.1026,33712861.0
1773075600000,0.1027,0.103,0.1019,0.1023,26172157.0
1773079200000,0.1022,0.1027,0.1014,0.102,50002043.0
1773082800000,0.102,0.105,0.1015,0.1026,59671259.0
1773086400000,0.1025,0.1027,0.1016,0.1021,44744320.0
1773090000000,0.1022,0.1026,0.1016,0.1024,18940529.0
1773093600000,0.1024,0.1025,0.1008,0.101,28935233.0
1773097200000,0.101,0.1016,0.1006,0.1008,27255658.0
1773100800000,0.1009,0.1025,0.1008,0.1017,39302539.0
1773104400000,0.1017,0.1023,0.1007,0.102,46925885.0
1773108000000,0.1021,0.1042,0.1018,0.1035,44829334.0
1773111600000,0.1035,0.1036,0.101,0.1013,37773443.0
1773115200000,0.1013,0.1027,0.1012,0.1018,29825532.0
1773118800000,0.1018,0.1022,0.101,0.1014,52659386.0
1773122400000,0.1014,0.102,0.1011,0.1019,27078133.0
1773126000000,0.1018,0.1032,0.1017,0.1028,56805924.0
1773129600000,0.1028,0.1039,0.1028,0.1037,37830390.0
1773133200000,0.1036,0.1052,0.1035,0.1047,36429456.0
1773136800000,0.1048,0.1048,0.1035,0.1045,34669610.0
1773140400000,0.1045,0.1047,0.1037,0.104,28430826.0
1773144000000,0.104,0.1041,0.1029,0.1035,25858058.0
1773147600000,0.1036,0.1044,0.1023,0.1033,52064339.0
1773151200000,0.1033,0.1064,0.1019,0.1063,62365942.0
1773154800000,0.1062,0.1066,0.1047,0.1062,51874978.0
1773158400000,0.1061,0.1068,0.105,0.1063,42192984.0
1773162000000,0.1063,0.1064,0.1045,0.1055,37841301.0
1773165600000,0.1055,0.1055,0.1029,0.1033,52015170.0
1773169200000,0.1033,0.1037,0.1025,0.1029,33747829.0
1773172800000,0.1029,0.1039,0.1028,0.1037,12397679.0
1773176400000,0.1036,0.1041,0.1022,0.1024,26971638.0
1773180000000,0.1024,0.1029,0.102,0.1026,22741585.0
1773183600000,0.1027,0.1032,0.1027,0.1029,12519109.0
1773187200000,0.103,0.1033,0.1023,0.1031,18420487.0
1773190800000,0.1031,0.1032,0.1024,0.1029,13690521.0
1773194400000,0.1029,0.1031,0.1022,0.1028,18371068.0
1773198000000,0.1027,0.1032,0.1018,0.1024,16175888.0
1773201600000,0.1023,0.1028,0.102,0.1025,26922313.0
1773205200000,0.1025,0.1026,0.1008,0.1011,34214493.0
1773208800000,0.101,0.102,0.1009,0.1017,29976220.0
1773212400000,0.1017,0.102,0.1009,0.1012,17551345.0
1773216000000,0.1012,0.1014,0.1006,0.1014,33577298.0
1773219600000,0.1013,0.1016,0.1009,0.1011,15422495.0
1773223200000,0.1011,0.1026,0.101,0.1022,22846378.0
1773226800000,0.1022,0.1029,0.1019,0.1023,20455988.0
1773230400000,0.1023,0.1045,0.102,0.1033,47627526.0
1773234000000,0.1034,0.1068,0.1032,0.1049,79798382.0
1773237600000,0.1049,0.1067,0.1048,0.1052,50773863.0
1773241200000,0.1051,0.1053,0.1027,0.1045,56480917.0
1773244800000,0.1044,0.1054,0.1039,0.1049,47921852.0
1773248400000,0.105,0.1061,0.1042,0.1045,47287291.0
1773252000000,0.1046,0.1059,0.1045,0.1057,23890902.0
1773255600000,0.1057,0.1061,0.105,0.1056,19559736.0
1773259200000,0.1055,0.1057,0.1049,0.1055,20812612.0
1773262800000,0.1055,0.1059,0.1051,0.1057,15426948.0
1773266400000,0.1057,0.1058,0.1047,0.1052,18315850.0
1773270000000,0.1052,0.1055,0.1042,0.1048,19174874.0
1773273600000,0.1048,0.1056,0.1046,0.1052,31501426.0
1773277200000,0.1052,0.1054,0.1045,0.1052,16890740.0
1773280800000,0.1052,0.1057,0.1038,0.1041,29095304.0
1773284400000,0.1041,0.1046,0.1035,0.1036,17301891.0
1773288000000,0.1036,0.1044,0.1035,0.1038,14856270.0
1773291600000,0.1038,0.104,0.1032,0.1038,14258187.0
1773295200000,0.1038,0.1047,0.1034,0.1037,32487162.0
1773298800000,0.1038,0.1045,0.1034,0.1042,23274372.0
1773302400000,0.1042,0.1054,0.1041,0.1047,18481631.0
1773306000000,0.1047,0.1052,0.1039,0.1045,25155442.0
1773309600000,0.1045,0.1054,0.1036,0.1051,27463190.0
1773313200000,0.1051,0.1051,0.1039,0.104,20859859.0
1773316800000,0.1041,0.105,0.1039,0.1048,22989377.0
1773320400000,0.1048,0.1054,0.1037,0.1043,43251763.0
1773324000000,0.1044,0.1051,0.1024,0.1034,67796601.0
1773327600000,0.1034,0.1057,0.1033,0.1052,50838045.0
1773331200000,0.1052,0.1065,0.1044,0.1059,38796578.0
1773334800000,0.1058,0.1061,0.105,0.1054,34733214.0
1773338400000,0.1054,0.1057,0.1046,0.1051,29515929.0
1773342000000,0.1051,0.1064,0.1047,0.1062,27073811.0
1773345600000,0.1061,0.1064,0.1051,0.1052,15107723.0
1773349200000,0.1051,0.1064,0.1051,0.1062,10435162.0
1773352800000,0.1062,0.1065,0.1057,0.1062,20111920.0
1773356400000,0.1062,0.1074,0.1062,0.1063,33481956.0
1773360000000,0.1063,0.1096,0.1061,0.1082,73931381.0
1773363600000,0.1082,0.1103,0.1081,0.11,46747479.0
1773367200000,0.11,0.1103,0.1094,0.1099,29933423.0
1773370800000,0.1099,0.1121,0.1098,0.1115,37998637.0
1773374400000,0.1115,0.1125,0.1108,0.1119,43731701.0
1773378000000,0.1119,0.112,0.1109,0.1111,32107673.0
1773381600000,0.111,0.112,0.1107,0.1111,35568573.0
1773385200000,0.111,0.1131,0.1108,0.1122,39160496.0
1773388800000,0.1121,0.1143,0.1115,0.1131,51061455.0
1773392400000,0.113,0.1148,0.1122,0.1139,57048077.0
1773396000000,0.1139,0.1148,0.1133,0.1136,42480128.0
1773399600000,0.1135,0.1146,0.113,0.1135,29189807.0
1773403200000,0.1135,0.1144,0.1131,0.1142,25555041.0
1773406800000,0.1142,0.1164,0.1136,0.1148,77824538.0
1773410400000,0.1147,0.1156,0.1117,0.1121,71183123.0
1773414000000,0.1121,0.1132,0.1114,0.112,60939335.0
1773417600000,0.112,0.1124,0.1108,0.1118,63053069.0
1773421200000,0.1117,0.1121,0.1092,0.1096,57805236.0
1773424800000,0.1095,0.11,0.1089,0.1093,32463731.0
1773428400000,0.1092,0.1096,0.1088,0.1091,17314135.0
1773432000000,0.109,0.1098,0.1089,0.1097,15677791.0
1773435600000,0.1097,0.1102,0.1089,0.1092,17002437.0
1773439200000,0.1092,0.1092,0.1077,0.1084,26341586.0
1773442800000,0.1083,0.1087,0.1081,0.1086,10715042.0
1773446400000,0.1086,0.1086,0.1073,0.1075,21340456.0
1773450000000,0.1074,0.1084,0.1072,0.1081,18304953.0
1773453600000,0.1081,0.1086,0.1077,0.1085,16621567.0
1773457200000,0.1084,0.1099,0.1084,0.1095,24696006.0
1773460800000,0.1096,0.1105,0.1092,0.1095,24873217.0
1773464400000,0.1094,0.1096,0.1084,0.1086,10845802.0
1773468000000,0.1086,0.1086,0.1069,0.1074,35993968.0
1773471600000,0.1074,0.1078,0.107,0.1072,12861713.0
1773475200000,0.1072,0.1075,0.107,0.1073,17153209.0
1773478800000,0.1073,0.1079,0.1071,0.1074,18278811.0
1773482400000,0.1074,0.1075,0.1066,0.1068,22304111.0
1773486000000,0.1067,0.1073,0.1067,0.1072,11732934.0
1773489600000,0.1072,0.1073,0.1065,0.107,12704136.0
1773493200000,0.107,0.1081,0.1068,0.1079,13022461.0
1773496800000,0.108,0.1083,0.1071,0.1073,18727560.0
1773500400000,0.1073,0.1078,0.107,0.1077,13506452.0
1773504000000,0.1076,0.1085,0.1074,0.1083,16955160.0
1773507600000,0.1083,0.1083,0.1074,0.1076,12779676.0
1773511200000,0.1075,0.1076,0.1072,0.1073,9763737.0
1773514800000,0.1072,0.1073,0.1066,0.1067,7528498.0
1773518400000,0.1068,0.1069,0.1065,0.1067,7866873.0
1773522000000,0.1067,0.1072,0.1061,0.1071,14219107.0
1773525600000,0.1071,0.1072,0.1069,0.107,8907117.0
1773529200000,0.107,0.1082,0.107,0.108,18880885.0
1773532800000,0.1079,0.1081,0.107,0.1073,13254541.0
1773536400000,0.1073,0.1088,0.107,0.1085,12938561.0
1773540000000,0.1086,0.1102,0.1086,0.1093,36986366.0
1773543600000,0.1093,0.1098,0.1085,0.1091,15457289.0
1773547200000,0.1091,0.1094,0.1083,0.1086,19174195.0
1773550800000,0.1085,0.1094,0.1083,0.1085,18105324.0
1773554400000,0.1086,0.1087,0.1077,0.1078,12207123.0
1773558000000,0.1078,0.1084,0.1077,0.1083,14459805.0
1773561600000,0.1084,0.1087,0.1081,0.1086,16433459.0
1773565200000,0.1085,0.1091,0.1083,0.1085,13339380.0
1773568800000,0.1086,0.1088,0.1083,0.1086,7778429.0
1773572400000,0.1086,0.1089,0.1084,0.1086,7858216.0
1773576000000,0.1087,0.1097,0.1086,0.109,19537744.0
1773579600000,0.109,0.1093,0.1074,0.1081,38818896.0
1773583200000,0.1081,0.1083,0.1072,0.108,17371313.0
1773586800000,0.108,0.1082,0.1074,0.1079,15663619.0
1773590400000,0.1079,0.1085,0.1075,0.1076,15432370.0
1773594000000,0.1077,0.109,0.1076,0.1086,20815391.0
1773597600000,0.1087,0.1091,0.1075,0.1079,23197517.0
1773601200000,0.1079,0.1088,0.1078,0.1088,11830689.0
1773604800000,0.1088,0.1099,0.1084,0.1093,25842911.0
1773608400000,0.1093,0.1107,0.1088,0.1101,25846609.0
1773612000000,0.1101,0.1115,0.1088,0.111,49623703.0
1773615600000,0.111,0.1113,0.1093,0.1104,41544672.0
1773619200000,0.1103,0.111,0.1098,0.1105,26929369.0
1773622800000,0.1105,0.1115,0.1098,0.1111,27803483.0
1773626400000,0.1111,0.1115,0.1103,0.111,21001076.0
1773630000000,0.1109,0.1136,0.1106,0.1125,58419653.0
1773633600000,0.1124,0.1142,0.1124,0.1138,64359739.0
1773637200000,0.1138,0.1159,0.1134,0.1157,62934485.0
1773640800000,0.1156,0.1171,0.1145,0.116,58526618.0
1773644400000,0.1161,0.1178,0.1161,0.1172,74199872.0
1773648000000,0.1172,0.1185,0.1164,0.1168,71011492.0
1773651600000,0.1168,0.1177,0.1165,0.1167,27735496.0
1773655200000,0.1167,0.117,0.1154,0.1162,39497475.0
1773658800000,0.1161,0.1164,0.1151,0.1151,17616596.0
1773662400000,0.1151,0.116,0.1147,0.1157,49641230.0
1773666000000,0.1157,0.1174,0.1151,0.1166,43606203.0
1773669600000,0.1166,0.1176,0.1152,0.1171,50569725.0
1773673200000,0.1171,0.1179,0.1166,0.117,41597690.0
1773676800000,0.117,0.1184,0.1166,0.118,40941921.0
1773680400000,0.118,0.1189,0.1176,0.118,31632815.0
1773684000000,0.1179,0.1189,0.1176,0.1179,30378086.0
1773687600000,0.1178,0.1189,0.1172,0.1182,31690061.0
1773691200000,0.1183,0.1188,0.118,0.1187,14340704.0
1773694800000,0.1187,0.1194,0.1179,0.1187,29762770.0
1773698400000,0.1187,0.1206,0.1186,0.1201,48614833.0
1773702000000,0.1201,0.1203,0.1191,0.1195,30587940.0
1773705600000,0.1196,0.1198,0.1178,0.1193,55316914.0
1773709200000,0.1193,0.12,0.1183,0.1189,42128611.0
1773712800000,0.1189,0.1191,0.1179,0.118,30819403.0
1773716400000,0.118,0.1183,0.1164,0.117,51361461.0
1773720000000,0.1169,0.1173,0.1148,0.1156,41854306.0
1773723600000,0.1155,0.116,0.1146,0.1151,28719560.0
1773727200000,0.1151,0.1166,0.1149,0.1161,27742382.0
1773730800000,0.1161,0.1177,0.116,0.1171,30495614.0
1773734400000,0.1171,0.1176,0.1164,0.1167,26786820.0
1773738000000,0.1167,0.1171,0.1161,0.1164,20364863.0
1773741600000,0.1164,0.1166,0.1158,0.1166,22977311.0
1773745200000,0.1166,0.1172,0.1162,0.1163,21219532.0
1773748800000,0.1164,0.1166,0.1151,0.1155,35814667.0
1773752400000,0.1154,0.1167,0.115,0.1154,39346147.0
1773756000000,0.1155,0.117,0.1152,0.1164,32927393.0
1773759600000,0.1164,0.1173,0.1151,0.1159,30004692.0
1773763200000,0.116,0.1167,0.1155,0.116,26097957.0
1773766800000,0.116,0.1168,0.1158,0.1167,15539280.0
1773770400000,0.1167,0.1172,0.1164,0.1168,14809135.0
1773774000000,0.1168,0.117,0.1158,0.1159,16335251.0
1773777600000,0.1159,0.117,0.1158,0.1168,11899187.0
1773781200000,0.1168,0.1189,0.1168,0.118,31492200.0
1773784800000,0.1181,0.1189,0.1174,0.1182,29524249.0
1773788400000,0.1183,0.1184,0.1163,0.1166,18772042.0
1773792000000,0.1165,0.1169,0.115,0.1161,38762056.0
1773795600000,0.1162,0.1168,0.116,0.1161,22534019.0
1773799200000,0.116,0.1173,0.116,0.1167,19520224.0
1773802800000,0.1168,0.1178,0.1165,0.1168,17816141.0
1773806400000,0.1169,0.117,0.1154,0.1164,22684268.0
1773810000000,0.1163,0.1175,0.1158,0.116,26720474.0
1773813600000,0.116,0.1167,0.1158,0.1158,14987334.0
1773817200000,0.1158,0.1158,0.1144,0.1153,33800005.0
1773820800000,0.1152,0.1159,0.115,0.1151,29580173.0
1773824400000,0.1151,0.1157,0.1149,0.1153,17841639.0
1773828000000,0.1152,0.1154,0.1136,0.1142,38790816.0
1773831600000,0.1142,0.1144,0.1116,0.112,87582093.0
1773835200000,0.112,0.1121,0.1097,0.1098,96283665.0
1773838800000,0.1098,0.1107,0.1092,0.1097,50846167.0
1773842400000,0.1097,0.1099,0.1072,0.1074,67411126.0
1773846000000,0.1075,0.1081,0.1068,0.1075,47645421.0
1773849600000,0.1075,0.1076,0.1069,0.1072,47128468.0
1773853200000,0.1072,0.1086,0.1069,0.108,32346532.0
1773856800000,0.108,0.1096,0.1075,0.108,70420289.0
1773860400000,0.1081,0.1088,0.1075,0.1075,29033125.0
1773864000000,0.1076,0.1084,0.1066,0.108,32973573.0
1773867600000,0.108,0.1089,0.108,0.1086,14400740.0
1773871200000,0.1087,0.1087,0.1081,0.1084,16557768.0
1773874800000,0.1084,0.1085,0.1078,0.1081,20209093.0
1773878400000,0.1082,0.1085,0.1078,0.1079,24281216.0
1773882000000,0.108,0.1081,0.1077,0.1077,15976245.0
1773885600000,0.1078,0.108,0.1071,0.1071,21568836.0
1773889200000,0.1071,0.1087,0.107,0.1073,30230381.0
1773892800000,0.1073,0.1075,0.1066,0.1066,25146642.0
1773896400000,0.1067,0.1069,0.1058,0.106,25984858.0
1773900000000,0.106,0.1062,0.1052,0.1055,28771631.0
1773903600000,0.1055,0.1055,0.1039,0.1043,47802772.0
1773907200000,0.1044,0.1048,0.1039,0.1044,25247750.0
1773910800000,0.1044,0.1055,0.1042,0.1045,33937552.0
1773914400000,0.1045,0.1046,0.103,0.1032,29125651.0
1773918000000,0.1032,0.1035,0.103,0.1033,17656561.0
1773921600000,0.1034,0.1036,0.1023,0.1024,49524788.0
1773925200000,0.1024,0.1032,0.1014,0.1027,65749068.0
1773928800000,0.1027,0.1032,0.1009,0.1014,55624925.0
1773932400000,0.1015,0.1019,0.1006,0.1017,46162160.0
1773936000000,0.1018,0.1018,0.1008,0.1011,32691264.0
1773939600000,0.1011,0.1022,0.1005,0.1018,28536919.0
1773943200000,0.1018,0.1019,0.1013,0.1018,11978040.0
1773946800000,0.1017,0.1034,0.1017,0.1024,45641217.0
1773950400000,0.1025,0.1035,0.1023,0.1031,17666831.0
1773954000000,0.103,0.1038,0.1029,0.1037,15983909.0
1773957600000,0.1037,0.1038,0.1024,0.1029,21009152.0
1773961200000,0.103,0.1032,0.1025,0.103,15722676.0
1773964800000,0.103,0.1036,0.1029,0.1035,19614113.0
1773968400000,0.1035,0.1046,0.1035,0.1042,32075296.0
1773972000000,0.1042,0.1043,0.1033,0.1037,21711585.0
1773975600000,0.1037,0.1047,0.1037,0.1043,22039236.0
1773979200000,0.1043,0.1053,0.104,0.1053,26874679.0
1773982800000,0.1053,0.1059,0.1049,0.1057,25902599.0
1773986400000,0.1057,0.1061,0.1053,0.1053,33908061.0
1773990000000,0.1053,0.1054,0.1044,0.1052,31249299.0
1773993600000,0.1052,0.1065,0.1049,0.105,32619388.0
1773997200000,0.105,0.1051,0.1041,0.1047,18406922.0
1774000800000,0.1047,0.105,0.1042,0.1045,14252072.0
1774004400000,0.1046,0.1052,0.1037,0.1042,17880201.0
1774008000000,0.1042,0.1045,0.1034,0.1037,21837691.0
1774011600000,0.1037,0.1044,0.1029,0.1032,43470187.0
1774015200000,0.1031,0.1038,0.1019,0.1021,59390707.0
1774018800000,0.1021,0.1024,0.1009,0.1021,56547391.0
1774022400000,0.1022,0.1026,0.1015,0.1022,34356708.0
1774026000000,0.1022,0.1024,0.1014,0.1022,31072483.0
1774029600000,0.1023,0.1024,0.1009,0.101,35817429.0
1774033200000,0.101,0.1013,0.1001,0.1011,38033310.0
1774036800000,0.1011,0.1015,0.1004,0.1011,26098946.0
1774040400000,0.1012,0.1028,0.101,0.1023,33428065.0
1774044000000,0.1022,0.1033,0.1021,0.1022,23652326.0
1774047600000,0.1022,0.1022,0.1016,0.1018,12852246.0
1774051200000,0.1019,0.1026,0.1018,0.1024,22495476.0
1774054800000,0.1024,0.1025,0.1018,0.1018,11162267.0
1774058400000,0.1018,0.1019,0.1015,0.1018,12984396.0
1774062000000,0.1019,0.1024,0.1017,0.1021,11940540.0
1774065600000,0.1021,0.1025,0.1018,0.1021,10950327.0
1774069200000,0.1021,0.1027,0.1021,0.1022,18010834.0
1774072800000,0.1022,0.1028,0.1021,0.1025,10114893.0
1774076400000,0.1025,0.1027,0.1017,0.102,20689634.0
1774080000000,0.1019,0.1022,0.1019,0.102,7448206.0
1774083600000,0.102,0.1022,0.1016,0.1017,8869184.0
1774087200000,0.1016,0.1017,0.1012,0.1013,11357274.0
1774090800000,0.1013,0.1016,0.101,0.1011,9033842.0
1774094400000,0.101,0.1012,0.1006,0.101,30530034.0
1774098000000,0.1009,0.1012,0.1007,0.101,9898509.0
1774101600000,0.101,0.1017,0.1009,0.1013,17707819.0
1774105200000,0.1012,0.1021,0.1011,0.1021,12600728.0
1774108800000,0.102,0.1021,0.1011,0.1011,18010426.0
1774112400000,0.1011,0.1014,0.1009,0.1012,13008141.0
1774116000000,0.1012,0.1016,0.1011,0.1014,8040526.0
1774119600000,0.1014,0.1015,0.1012,0.1014,5498870.0
1774123200000,0.1015,0.1023,0.1014,0.1022,9214678.0
1774126800000,0.1023,0.1026,0.1018,0.1022,11265462.0
1774130400000,0.1022,0.1026,0.1018,0.1021,11134821.0
1774134000000,0.1022,0.1022,0.0982,0.099,90310957.0
1774137600000,0.099,0.0993,0.0962,0.0989,138535716.0
1774141200000,0.0988,0.0994,0.0981,0.0987,28332264.0
1774144800000,0.0987,0.0995,0.0983,0.0989,25155000.0
1774148400000,0.0989,0.1002,0.0985,0.0992,31560544.0
1774152000000,0.0991,0.0998,0.099,0.0997,21370287.0
1774155600000,0.0997,0.0999,0.0992,0.0992,18363497.0
1774159200000,0.0993,0.0994,0.0987,0.0993,15932565.0
1774162800000,0.0993,0.0996,0.0984,0.0985,15701123.0
1774166400000,0.0985,0.0987,0.0975,0.0982,34801046.0
1774170000000,0.0982,0.0987,0.0981,0.0984,16551370.0
1774173600000,0.0983,0.0984,0.0972,0.0973,30190116.0
1774177200000,0.0973,0.0976,0.097,0.0973,27657344.0
1774180800000,0.0973,0.0983,0.0972,0.0979,18665134.0
1774184400000,0.0978,0.0985,0.0975,0.0977,25132843.0
1774188000000,0.0978,0.0982,0.0973,0.0977,21405784.0
1774191600000,0.0978,0.0983,0.0974,0.0979,25412663.0
1774195200000,0.0978,0.098,0.0974,0.0974,11956057.0
1774198800000,0.0975,0.0976,0.097,0.097,16951599.0
1774202400000,0.097,0.097,0.0956,0.0962,46080370.0
1774206000000,0.0962,0.0962,0.0945,0.0953,47744260.0
1774209600000,0.0954,0.0961,0.0949,0.0952,38147445.0
1774213200000,0.0951,0.0953,0.0937,0.095,55955256.0
1774216800000,0.095,0.0959,0.0943,0.0957,36262848.0
1774220400000,0.0957,0.0962,0.0953,0.0953,22695420.0
1774224000000,0.0954,0.0965,0.0952,0.0961,38604689.0
1774227600000,0.0961,0.0966,0.0957,0.0961,29127218.0
1774231200000,0.0961,0.0972,0.096,0.0967,22360279.0
1774234800000,0.0967,0.0972,0.0961,0.0961,19591176.0
1774238400000,0.0962,0.0969,0.0961,0.0969,15232463.0
1774242000000,0.0969,0.0972,0.0964,0.0968,26417546.0
1774245600000,0.0968,0.0968,0.095,0.0955,40805932.0
1774249200000,0.0955,0.0956,0.0941,0.0946,43122759.0
1774252800000,0.0946,0.095,0.0934,0.0936,45172065.0
1774256400000,0.0935,0.094,0.0925,0.094,59946093.0
1774260000000,0.0939,0.0946,0.0933,0.0935,36856827.0
1774263600000,0.0935,0.0988,0.0934,0.0957,398767860.0
1774267200000,0.0958,0.0962,0.0947,0.096,80083485.0
1774270800000,0.0961,0.0972,0.0955,0.0969,54401934.0
1774274400000,0.0969,0.0975,0.0957,0.0962,66427764.0
1774278000000,0.0962,0.0965,0.0929,0.0932,125116066.0
1774281600000,0.0932,0.094,0.0917,0.093,106633352.0
1774285200000,0.093,0.0942,0.0921,0.0928,63969231.0
1774288800000,0.0929,0.0941,0.0923,0.0939,91586501.0
1774292400000,0.0939,0.0941,0.0928,0.093,71666156.0
1774296000000,0.0931,0.0946,0.0926,0.0946,30793697.0
1774299600000,0.0946,0.095,0.0941,0.0943,33060280.0
1774303200000,0.0944,0.0945,0.0928,0.0933,41732027.0
1774306800000,0.0932,0.0939,0.0921,0.0937,50474574.0
1774310400000,0.0936,0.094,0.0921,0.0927,69821637.0
1774314000000,0.0926,0.0927,0.091,0.0917,78340732.0
1774317600000,0.0917,0.0927,0.0916,0.0925,36373097.0
1774321200000,0.0926,0.0928,0.0924,0.0924,22308782.0
1774324800000,0.0924,0.0927,0.0918,0.0921,29975913.0
1774328400000,0.092,0.0927,0.091,0.0921,242595856.0
1774332000000,0.0921,0.0929,0.0917,0.0929,93868202.0
1774335600000,0.0929,0.0943,0.0927,0.0943,41522312.0
1774339200000,0.0942,0.0946,0.0935,0.0939,51645438.0
1774342800000,0.094,0.0951,0.0934,0.0949,37667954.0
1774346400000,0.0949,0.095,0.0942,0.0946,28356793.0
1774350000000,0.0946,0.0957,0.0941,0.0951,43143484.0
1774353600000,0.0952,0.0953,0.0941,0.0945,20432463.0
1774357200000,0.0945,0.0949,0.0927,0.0931,50255604.0
1774360800000,0.0931,0.0936,0.0914,0.0922,98819645.0
1774364400000,0.0923,0.0929,0.0917,0.0921,40493680.0
1774368000000,0.0921,0.0927,0.0917,0.0924,37076467.0
1774371600000,0.0925,0.0926,0.0915,0.092,44012145.0
1774375200000,0.092,0.0934,0.0917,0.0932,52531499.0
1774378800000,0.0933,0.0936,0.0922,0.0923,136265092.0
1774382400000,0.0923,0.0953,0.0921,0.0948,66484403.0
1774386000000,0.0948,0.0955,0.0942,0.0954,30554993.0
1774389600000,0.0955,0.0961,0.0945,0.0951,52591067.0
1774393200000,0.0951,0.0957,0.0949,0.0952,26001731.0
1774396800000,0.0952,0.0956,0.0945,0.0948,39382376.0
1774400400000,0.0947,0.095,0.0939,0.0945,41683203.0
1774404000000,0.0945,0.0951,0.0943,0.0944,24572701.0
1774407600000,0.0945,0.0948,0.0938,0.0947,23954903.0
1774411200000,0.0947,0.0948,0.0939,0.0943,16441900.0
1774414800000,0.0942,0.0945,0.0938,0.0941,30050647.0
1774418400000,0.0942,0.0951,0.0938,0.0946,28854230.0
1774422000000,0.0946,0.0955,0.0945,0.0949,26775256.0
1774425600000,0.0949,0.0972,0.0949,0.0964,67942324.0
1774429200000,0.0964,0.0969,0.096,0.0967,44167185.0
1774432800000,0.0966,0.0969,0.0958,0.0961,23187572.0
1774436400000,0.0962,0.0977,0.0962,0.0974,47767397.0
1774440000000,0.0974,0.1002,0.0973,0.0999,104607764.0
1774443600000,0.1,0.1006,0.099,0.0994,72782969.0
1774447200000,0.0995,0.1008,0.0986,0.0991,73677544.0
1774450800000,0.0992,0.1,0.0978,0.0989,76462405.0
1774454400000,0.099,0.1014,0.0977,0.0998,81937979.0
1774458000000,0.0998,0.1007,0.0997,0.1,49855307.0
1774461600000,0.1,0.1016,0.0997,0.101,53402010.0
1774465200000,0.101,0.1038,0.1009,0.1023,113440712.0
1774468800000,0.1022,0.1029,0.0995,0.1001,162745510.0
1774472400000,0.1001,0.1026,0.0999,0.1025,50958725.0
1774476000000,0.1025,0.1043,0.1012,0.1034,93191425.0
1774479600000,0.1034,0.1049,0.1028,0.1043,69278421.0
1774483200000,0.1043,0.1063,0.1029,0.106,114746826.0
1774486800000,0.1059,0.1097,0.1059,0.1088,178583058.0
1774490400000,0.1088,0.1099,0.1066,0.1077,126713567.0
1774494000000,0.1077,0.1079,0.1041,0.105,89039934.0
1774497600000,0.105,0.1064,0.1041,0.1058,63625408.0
1774501200000,0.1058,0.1058,0.1016,0.1021,131434482.0
1774504800000,0.1021,0.1023,0.101,0.1016,55815880.0
1774508400000,0.1016,0.1021,0.1003,0.1015,58451812.0
1774512000000,0.1015,0.1021,0.1005,0.1007,47447330.0
1774515600000,0.1007,0.1013,0.0984,0.099,111135022.0
1774519200000,0.099,0.0997,0.0982,0.0992,57026968.0
1774522800000,0.0992,0.0993,0.0981,0.0983,38140818.0
1774526400000,0.0983,0.0986,0.0974,0.0979,71109546.0
1774530000000,0.0978,0.0992,0.0977,0.0987,40463515.0
1774533600000,0.0987,0.0994,0.098,0.0985,46771326.0
1774537200000,0.0985,0.0985,0.097,0.0973,60192738.0
1774540800000,0.0972,0.0978,0.0965,0.0972,47159163.0
1774544400000,0.0972,0.098,0.0964,0.0971,37460410.0
1774548000000,0.0971,0.0972,0.0961,0.0972,57642563.0
1774551600000,0.0971,0.0972,0.0953,0.0956,46669087.0
1774555200000,0.0955,0.0978,0.0951,0.0965,78046592.0
1774558800000,0.0964,0.0979,0.0962,0.0971,91864872.0
1774562400000,0.0972,0.0974,0.0961,0.0967,28073951.0
1774566000000,0.0968,0.0971,0.0961,0.0966,22466828.0
1774569600000,0.0966,0.0975,0.0965,0.0969,30071758.0
1774573200000,0.097,0.0976,0.0967,0.0974,18546639.0
1774576800000,0.0975,0.099,0.0974,0.0981,28159949.0
1774580400000,0.0982,0.0991,0.0975,0.0984,35034492.0
1774584000000,0.0985,0.099,0.0974,0.098,33425636.0
1774587600000,0.0979,0.0995,0.0978,0.0983,34129674.0
1774591200000,0.0984,0.0989,0.098,0.0984,20730223.0
1774594800000,0.0984,0.0987,0.0977,0.0983,31424006.0
1774598400000,0.0982,0.0986,0.0961,0.0963,65362061.0
1774602000000,0.0963,0.0966,0.0949,0.0951,53698125.0
1774605600000,0.0951,0.0954,0.0927,0.0928,98007431.0
1774609200000,0.0929,0.0937,0.0925,0.0932,38584283.0
1774612800000,0.0932,0.0934,0.0924,0.0934,26571656.0
1774616400000,0.0933,0.0938,0.0922,0.0924,60570897.0
1774620000000,0.0923,0.093,0.0918,0.0925,73675013.0
1774623600000,0.0924,0.094,0.0922,0.0928,59972838.0
1774627200000,0.0927,0.0928,0.0913,0.0917,55282349.0
1774630800000,0.0917,0.0925,0.0901,0.0907,83178496.0
1774634400000,0.0907,0.0908,0.0897,0.0904,110798184.0
1774638000000,0.0904,0.0907,0.0896,0.0902,59097849.0
1774641600000,0.0902,0.0905,0.0892,0.0895,37997396.0
1774645200000,0.0895,0.0904,0.0893,0.0894,23570988.0
1774648800000,0.0894,0.0896,0.0884,0.0889,43030966.0
1774652400000,0.0889,0.0895,0.0884,0.089,44459631.0
1774656000000,0.089,0.0898,0.089,0.0893,33523470.0
1774659600000,0.0893,0.0895,0.0877,0.0885,50188141.0
1774663200000,0.0885,0.0892,0.088,0.0889,29836089.0
1774666800000,0.0888,0.0892,0.0886,0.0892,20829948.0
1774670400000,0.0891,0.0893,0.0884,0.0891,20013327.0
1774674000000,0.0891,0.0894,0.0888,0.0891,17532265.0
1774677600000,0.0891,0.0904,0.089,0.0902,26224843.0
1774681200000,0.0903,0.0916,0.0902,0.0915,41285615.0
1774684800000,0.0914,0.0922,0.0911,0.0919,42820699.0
1774688400000,0.0919,0.0925,0.0913,0.0918,139250080.0
1774692000000,0.0919,0.0926,0.0908,0.0913,53849598.0
1774695600000,0.0912,0.0914,0.0905,0.0911,24359172.0
1774699200000,0.091,0.0911,0.0898,0.0902,40702490.0
1774702800000,0.0903,0.0919,0.0901,0.0913,71080844.0
1774706400000,0.0912,0.0914,0.0903,0.0911,61928772.0
1774710000000,0.0911,0.0938,0.0909,0.0927,102523673.0
1774713600000,0.0927,0.0936,0.0922,0.093,40452119.0
1774717200000,0.093,0.0932,0.0921,0.0925,26274464.0
1774720800000,0.0925,0.0949,0.0923,0.0937,191635697.0
1774724400000,0.0937,0.0938,0.0929,0.0935,28503776.0
1774728000000,0.0935,0.094,0.0932,0.0933,26575599.0
1774731600000,0.0933,0.0933,0.0921,0.0922,22398271.0
1774735200000,0.0922,0.0928,0.0918,0.0926,25789483.0
1774738800000,0.0925,0.0926,0.0898,0.0905,84911814.0
1774742400000,0.0904,0.0908,0.0898,0.0905,32596208.0
1774746000000,0.0904,0.0913,0.0904,0.0908,30489707.0
1774749600000,0.0908,0.0911,0.0905,0.0909,21934945.0
1774753200000,0.0909,0.0915,0.0906,0.0911,20475026.0
1774756800000,0.091,0.0912,0.0906,0.0911,18621848.0
1774760400000,0.091,0.0911,0.0902,0.0905,21937245.0
1774764000000,0.0904,0.0909,0.0903,0.0904,15949265.0
1774767600000,0.0904,0.0906,0.0899,0.0903,13142495.0
1774771200000,0.0902,0.0909,0.0901,0.0907,16940916.0
1774774800000,0.0906,0.0907,0.0902,0.0904,31309684.0
1774778400000,0.0904,0.0904,0.0896,0.0903,19653312.0
1774782000000,0.0902,0.092,0.0902,0.0915,47538229.0
1774785600000,0.0915,0.0915,0.0902,0.0906,21098209.0
1774789200000,0.0905,0.0908,0.0896,0.09,35094199.0
1774792800000,0.09,0.0909,0.0897,0.0902,31625453.0
1774796400000,0.0902,0.0906,0.0896,0.0903,29336198.0
1774800000000,0.0903,0.0909,0.0895,0.0897,26284235.0
1774803600000,0.0897,0.0901,0.0891,0.0899,32270583.0
1774807200000,0.09,0.0907,0.0895,0.0905,24568083.0
1774810800000,0.0905,0.0905,0.0897,0.0899,15605557.0
1774814400000,0.0899,0.091,0.0898,0.0907,19954858.0
1774818000000,0.0908,0.0912,0.0906,0.0911,10530632.0
1774821600000,0.0911,0.0911,0.0862,0.0891,141496609.0
1774825200000,0.0891,0.0901,0.0889,0.0898,65965133.0
1774828800000,0.0898,0.0921,0.0897,0.0904,80130518.0
1774832400000,0.0903,0.0913,0.0903,0.0912,42344844.0
1774836000000,0.0912,0.0927,0.0907,0.0915,48143283.0
1774839600000,0.0915,0.0919,0.0911,0.0916,20246205.0
1774843200000,0.0916,0.0925,0.0915,0.0921,62822600.0
1774846800000,0.0921,0.0923,0.0911,0.0912,17209789.0
1774850400000,0.0913,0.0915,0.0904,0.0906,32674807.0
1774854000000,0.0906,0.0914,0.0904,0.0911,33197622.0
1774857600000,0.0911,0.0919,0.0908,0.0913,33285036.0
1774861200000,0.0914,0.0916,0.0907,0.091,26218523.0
1774864800000,0.091,0.0913,0.0905,0.0912,24923224.0
1774868400000,0.0911,0.0923,0.0909,0.0917,56084809.0
1774872000000,0.0918,0.0927,0.0916,0.0922,71574801.0
1774875600000,0.0923,0.0926,0.0915,0.0917,54645041.0
1774879200000,0.0918,0.0934,0.0913,0.0931,43856966.0
1774882800000,0.0931,0.0938,0.0923,0.0933,43262712.0
1774886400000,0.0932,0.0934,0.0922,0.0928,29950313.0
1774890000000,0.0929,0.0932,0.0909,0.0912,59317075.0
1774893600000,0.0912,0.0914,0.0898,0.0903,81973900.0
1774897200000,0.0902,0.091,0.0897,0.0908,37181095.0
1774900800000,0.0908,0.0916,0.0908,0.0913,21983674.0
1774904400000,0.0913,0.0934,0.0912,0.0927,39772447.0
1774908000000,0.0927,0.0928,0.0916,0.0918,22646606.0
1774911600000,0.0917,0.0917,0.0907,0.0913,34158667.0
1774915200000,0.0912,0.0922,0.0909,0.092,29914442.0
1774918800000,0.092,0.094,0.0916,0.0931,49961641.0
1774922400000,0.0931,0.0939,0.0927,0.0936,26369762.0
1774926000000,0.0936,0.0936,0.0926,0.0929,23756785.0
1774929600000,0.0929,0.093,0.0914,0.0919,33831289.0
1774933200000,0.0919,0.0924,0.0916,0.0923,22377013.0
1774936800000,0.0923,0.0924,0.0914,0.092,22901571.0
1774940400000,0.092,0.0925,0.0914,0.0925,23633147.0
1774944000000,0.0925,0.0928,0.0913,0.0913,41018594.0
1774947600000,0.0914,0.0915,0.0896,0.09,57360989.0
1774951200000,0.0899,0.0905,0.0897,0.0901,42051392.0
1774954800000,0.0901,0.0912,0.0898,0.0911,58378335.0
1774958400000,0.0912,0.0915,0.0905,0.0906,27217558.0
1774962000000,0.0907,0.0918,0.0905,0.0915,38010623.0
1774965600000,0.0915,0.0925,0.0896,0.0902,64724258.0
1774969200000,0.0902,0.0913,0.0893,0.0894,52012781.0
1774972800000,0.0894,0.0918,0.0891,0.0913,105980982.0
1774976400000,0.0913,0.0926,0.0906,0.0909,60701554.0
1774980000000,0.0909,0.0916,0.0906,0.0914,28814124.0
1774983600000,0.0914,0.0917,0.0906,0.0909,19320492.0
1774987200000,0.091,0.0914,0.0906,0.0909,18031947.0
1774990800000,0.0909,0.0909,0.0897,0.0904,30437232.0
1774994400000,0.0905,0.0908,0.0898,0.0902,24869660.0
1774998000000,0.0902,0.091,0.09,0.0908,16097025.0
1775001600000,0.0909,0.0914,0.0903,0.0911,32321935.0
1775005200000,0.0912,0.0913,0.0893,0.0894,38695155.0
1775008800000,0.0894,0.0899,0.0891,0.0897,28834798.0
1775012400000,0.0897,0.0917,0.0896,0.0913,39176703.0
1775016000000,0.0912,0.0918,0.091,0.0915,27469089.0
1775019600000,0.0915,0.0927,0.0911,0.0925,47476724.0
1775023200000,0.0925,0.0939,0.0923,0.0934,44707848.0
1775026800000,0.0935,0.0936,0.0928,0.0929,35118596.0
1775030400000,0.0929,0.0935,0.0924,0.0926,46532189.0
1775034000000,0.0925,0.0928,0.0917,0.0919,32892749.0
1775037600000,0.0918,0.092,0.0909,0.0914,28691051.0
1775041200000,0.0915,0.0915,0.0905,0.0906,36877877.0
1775044800000,0.0905,0.0921,0.0901,0.091,71123594.0
1775048400000,0.091,0.0912,0.0893,0.0899,71980585.0
1775052000000,0.0898,0.0908,0.0896,0.0902,60415434.0
1775055600000,0.0903,0.0909,0.09,0.0905,34937069.0
1775059200000,0.0905,0.0916,0.0903,0.0913,35187572.0
1775062800000,0.0913,0.0927,0.0901,0.0903,72678707.0
1775066400000,0.0903,0.0907,0.0899,0.0901,32843183.0
1775070000000,0.0901,0.0909,0.0896,0.0904,35935511.0
1775073600000,0.0905,0.0906,0.0898,0.0902,28884532.0
1775077200000,0.0902,0.0913,0.0901,0.0908,28776988.0
1775080800000,0.0908,0.0909,0.0897,0.0898,30569144.0
1775084400000,0.0898,0.0903,0.0897,0.0901,14188123.0
1775088000000,0.0901,0.0908,0.0895,0.0904,44696265.0
1775091600000,0.0903,0.0906,0.0873,0.0878,155909396.0
1775095200000,0.0878,0.088,0.0851,0.0857,130515696.0
1775098800000,0.0857,0.0858,0.0841,0.0846,77398734.0
1775102400000,0.0846,0.0853,0.0842,0.0849,60025646.0
1775106000000,0.085,0.0852,0.0841,0.0846,67932002.0
1775109600000,0.0846,0.0847,0.0837,0.084,72581319.0
1775113200000,0.084,0.0841,0.0821,0.0824,139514458.0
1775116800000,0.0824,0.0826,0.0813,0.0817,134295830.0
1775120400000,0.0816,0.0818,0.0807,0.0808,95907577.0
1775124000000,0.0808,0.0819,0.0808,0.0815,56602683.0
1775127600000,0.0815,0.0821,0.0812,0.0818,42802540.0
1775131200000,0.0819,0.0821,0.0812,0.0812,47570040.0
1775134800000,0.0812,0.0814,0.08,0.0805,108233797.0
1775138400000,0.0805,0.0812,0.0798,0.0807,144575912.0
1775142000000,0.0807,0.0808,0.0788,0.0795,117911789.0
1775145600000,0.0795,0.0815,0.0791,0.0811,95553074.0
1775149200000,0.081,0.0823,0.08,0.0807,113119011.0
1775152800000,0.0808,0.0812,0.0801,0.0804,51696843.0
1775156400000,0.0804,0.0808,0.0802,0.0806,30588079.0
1775160000000,0.0807,0.0813,0.0803,0.081,33487283.0
1775163600000,0.0809,0.081,0.0803,0.0808,29106410.0
1775167200000,0.0808,0.0813,0.0805,0.0809,25637866.0
1775170800000,0.081,0.0816,0.0808,0.0812,28039659.0
1775174400000,0.0812,0.0817,0.0808,0.081,21979349.0
1775178000000,0.0811,0.0815,0.0807,0.0815,27796747.0
1775181600000,0.0815,0.0821,0.0809,0.0813,26514648.0
1775185200000,0.0813,0.0815,0.0808,0.0808,19192987.0
1775188800000,0.0808,0.0816,0.0805,0.0816,23769858.0
1775192400000,0.0816,0.0826,0.0814,0.0818,49461032.0
1775196000000,0.0818,0.0819,0.0814,0.0818,38703920.0
1775199600000,0.0817,0.0824,0.0815,0.0817,32199075.0
1775203200000,0.0817,0.0822,0.0816,0.0822,19527158.0
1775206800000,0.0821,0.0826,0.0816,0.0819,28012148.0
1775210400000,0.0818,0.0821,0.081,0.0818,31810851.0
1775214000000,0.0817,0.0821,0.0816,0.0819,16305825.0
1775217600000,0.0819,0.0829,0.0812,0.0817,101004870.0
1775221200000,0.0817,0.082,0.0813,0.082,36144105.0
1775224800000,0.0819,0.0823,0.0815,0.0818,80527377.0
1775228400000,0.0817,0.082,0.0805,0.0805,40548750.0
1775232000000,0.0805,0.0813,0.0802,0.0812,43939217.0
1775235600000,0.0811,0.0814,0.0803,0.0805,24507068.0
1775239200000,0.0804,0.0805,0.0798,0.0801,28035697.0
1775242800000,0.0801,0.0804,0.0796,0.0801,23559871.0
1775246400000,0.0801,0.0807,0.0801,0.0803,26130732.0
1775250000000,0.0804,0.0806,0.0798,0.08,19055732.0
1775253600000,0.08,0.0802,0.0786,0.079,63117739.0
1775257200000,0.079,0.0798,0.0786,0.0796,42945104.0
1775260800000,0.0797,0.0803,0.0794,0.0801,34800828.0
1775264400000,0.0801,0.0806,0.0799,0.0806,16272650.0
1775268000000,0.0806,0.0806,0.0798,0.0799,10120988.0
1775271600000,0.0799,0.0804,0.0798,0.0802,10327348.0
1775275200000,0.0802,0.0804,0.0799,0.08,16079158.0
1775278800000,0.08,0.0801,0.0795,0.0797,20069753.0
1775282400000,0.0796,0.0801,0.0792,0.0799,13703429.0
1775286000000,0.0799,0.0801,0.0797,0.0799,21649721.0
1775289600000,0.0799,0.0803,0.0796,0.0796,18575765.0
1775293200000,0.0797,0.08,0.0794,0.0798,15802582.0
1775296800000,0.0798,0.0802,0.0795,0.0801,18345840.0
1775300400000,0.0801,0.0808,0.0801,0.0808,16705912.0
1775304000000,0.0808,0.0809,0.0804,0.0807,17434231.0
1775307600000,0.0807,0.0815,0.0806,0.0808,32554282.0
1775311200000,0.0808,0.081,0.0798,0.0808,31219155.0
1775314800000,0.0808,0.0813,0.0804,0.0807,31453576.0
1775318400000,0.0807,0.0809,0.08,0.08,19098379.0
1775322000000,0.0801,0.081,0.08,0.0808,22070740.0
1775325600000,0.0808,0.0809,0.0801,0.0802,22135532.0
1775329200000,0.0801,0.081,0.0801,0.0804,24585633.0
1775332800000,0.0804,0.0805,0.0799,0.0799,19389368.0
1775336400000,0.0799,0.0804,0.0797,0.0801,19470308.0
1775340000000,0.08,0.0805,0.0799,0.08,12278361.0
1775343600000,0.0799,0.0801,0.0796,0.08,18817653.0
1775347200000,0.0801,0.0801,0.0795,0.0797,18763630.0
1775350800000,0.0796,0.08,0.0792,0.0794,18939807.0
1775354400000,0.0794,0.0795,0.0788,0.0794,23673059.0
1775358000000,0.0793,0.0795,0.0792,0.0793,11267233.0
1775361600000,0.0793,0.0793,0.0778,0.0784,71740374.0
1775365200000,0.0783,0.0787,0.0778,0.0781,27412608.0
1775368800000,0.0781,0.0782,0.0763,0.0773,130940576.0
1775372400000,0.0774,0.0775,0.077,0.0774,30331892.0
1775376000000,0.0773,0.0784,0.077,0.078,31037825.0
1775379600000,0.078,0.0783,0.0779,0.0781,16590528.0
1775383200000,0.0782,0.0782,0.0773,0.0776,22213624.0
1775386800000,0.0775,0.0777,0.0772,0.0776,26228533.0
1775390400000,0.0775,0.0777,0.0765,0.0769,55331089.0
1775394000000,0.0769,0.0773,0.0766,0.0772,30209574.0
1775397600000,0.0772,0.0774,0.0768,0.077,14656764.0
1775401200000,0.0771,0.078,0.0767,0.0771,48704384.0
1775404800000,0.0771,0.0775,0.0769,0.077,29156024.0
1775408400000,0.077,0.0783,0.0769,0.0779,31444052.0
1775412000000,0.0779,0.0784,0.0777,0.0779,24886700.0
1775415600000,0.0778,0.0782,0.0771,0.0776,22193774.0
1775419200000,0.0775,0.078,0.0774,0.0779,21295879.0
1775422800000,0.0779,0.0781,0.0774,0.0777,17143770.0
1775426400000,0.0777,0.0791,0.0775,0.0788,46441613.0
1775430000000,0.0789,0.0806,0.0788,0.0806,84636427.0
1775433600000,0.0806,0.0817,0.0805,0.0813,76311592.0
1775437200000,0.0813,0.0814,0.0803,0.0804,43138545.0
1775440800000,0.0803,0.0816,0.0802,0.0811,46633971.0
1775444400000,0.0811,0.0812,0.0804,0.0807,31303308.0
1775448000000,0.0806,0.0814,0.0805,0.081,23372077.0
1775451600000,0.081,0.0813,0.0807,0.081,18750537.0
1775455200000,0.081,0.081,0.0799,0.0806,33644203.0
1775458800000,0.0805,0.081,0.0801,0.0808,23458909.0
1775462400000,0.0807,0.0817,0.0807,0.0811,33903164.0
1775466000000,0.0811,0.0822,0.081,0.082,49041395.0
1775469600000,0.082,0.0834,0.082,0.0833,77217060.0
1775473200000,0.0834,0.0836,0.0827,0.0833,48622894.0
1775476800000,0.0833,0.0835,0.0821,0.0824,73316944.0
1775480400000,0.0824,0.0838,0.0822,0.0829,73680516.0
1775484000000,0.0828,0.0838,0.0822,0.0831,68661217.0
1775487600000,0.0831,0.0856,0.083,0.0847,127493734.0
1775491200000,0.0847,0.0849,0.0832,0.0837,79517931.0
1775494800000,0.0837,0.0842,0.0827,0.0838,54837587.0
1775498400000,0.0837,0.0847,0.0833,0.0847,41183192.0
1775502000000,0.0847,0.0851,0.0835,0.084,79228785.0
1775505600000,0.0839,0.0842,0.0834,0.0835,20261248.0
1775509200000,0.0835,0.0836,0.0828,0.0836,25055900.0
1775512800000,0.0835,0.0835,0.0813,0.0814,46358137.0
1775516400000,0.0814,0.0818,0.0805,0.0816,76119635.0
1775520000000,0.0816,0.0823,0.0813,0.0822,71499228.0
1775523600000,0.0822,0.0828,0.0816,0.0817,54206139.0
1775527200000,0.0817,0.0822,0.0814,0.0818,36105391.0
1775530800000,0.0817,0.082,0.081,0.0813,32105371.0
1775534400000,0.0812,0.0818,0.0809,0.0812,22588913.0
1775538000000,0.0812,0.0813,0.0803,0.0805,38665511.0
1775541600000,0.0806,0.0806,0.0801,0.0804,30070179.0
1775545200000,0.0803,0.0811,0.0803,0.0808,26525126.0
1775548800000,0.0808,0.0814,0.0807,0.081,29525701.0
1775552400000,0.0811,0.0821,0.081,0.0818,43183948.0
1775556000000,0.0818,0.0819,0.0806,0.0808,55064255.0
1775559600000,0.0808,0.0811,0.0802,0.0803,33713082.0
1775563200000,0.0804,0.0806,0.0792,0.0802,77731109.0
1775566800000,0.0803,0.081,0.0802,0.0808,40625852.0
1775570400000,0.0808,0.0825,0.0804,0.0818,73801281.0
1775574000000,0.0819,0.0822,0.0811,0.0815,66391352.0
1775577600000,0.0815,0.0819,0.081,0.0811,40488361.0
1775581200000,0.0811,0.0828,0.0808,0.082,46431173.0
1775584800000,0.082,0.0832,0.0818,0.0823,35184173.0
1775588400000,0.0823,0.0844,0.0822,0.0843,62991593.0
1775592000000,0.0843,0.0847,0.0833,0.0837,55877614.0
1775595600000,0.0837,0.0866,0.0835,0.0864,104616394.0
1775599200000,0.0865,0.0895,0.0864,0.0894,159660662.0
1775602800000,0.0895,0.0913,0.0889,0.0908,172510172.0
1775606400000,0.0908,0.0918,0.0902,0.0916,103413850.0
1775610000000,0.0916,0.0922,0.09,0.0906,83671977.0
1775613600000,0.0905,0.0913,0.0893,0.0902,65551455.0
1775617200000,0.0902,0.0905,0.0892,0.0894,31874360.0
1775620800000,0.0895,0.0915,0.0893,0.0909,65453438.0
1775624400000,0.0908,0.0925,0.0908,0.0916,78558844.0
1775628000000,0.0916,0.0927,0.0912,0.0924,54858068.0
1775631600000,0.0923,0.0929,0.0917,0.0921,66514220.0
1775635200000,0.0921,0.0934,0.0917,0.0928,67137792.0
1775638800000,0.0928,0.094,0.0921,0.0936,75662892.0
1775642400000,0.0936,0.0943,0.0921,0.0922,99494936.0
1775646000000,0.0922,0.0926,0.0906,0.0919,68340162.0
1775649600000,0.092,0.0924,0.0908,0.0913,61915241.0
1775653200000,0.0913,0.0919,0.0906,0.0911,105093853.0
1775656800000,0.0911,0.0912,0.0891,0.0894,100659682.0
1775660400000,0.0894,0.0913,0.0892,0.0913,61659501.0
1775664000000,0.0913,0.0922,0.0908,0.092,62565938.0
1775667600000,0.0919,0.092,0.0909,0.0912,57509654.0
1775671200000,0.0912,0.0913,0.0893,0.0894,55779488.0
1775674800000,0.0894,0.0894,0.0883,0.0888,52235816.0
1775678400000,0.0889,0.0896,0.0884,0.0889,43296301.0
1775682000000,0.089,0.0906,0.0887,0.09,35971289.0
1775685600000,0.09,0.09,0.0887,0.0891,47506086.0
1775689200000,0.0891,0.0891,0.0877,0.088,57596083.0
1775692800000,0.088,0.0882,0.0867,0.0874,52049835.0
1775696400000,0.0874,0.0875,0.0866,0.0872,41834960.0
1775700000000,0.0871,0.0873,0.0865,0.0867,20512304.0
1775703600000,0.0866,0.0868,0.086,0.0862,27010115.0
1775707200000,0.0863,0.0871,0.0858,0.0864,32603959.0
1775710800000,0.0864,0.0873,0.0864,0.0867,24330577.0
1775714400000,0.0867,0.0872,0.0866,0.0872,27841659.0
1775718000000,0.0872,0.0874,0.0863,0.0866,28424669.0
1775721600000,0.0866,0.0878,0.0865,0.0876,68768607.0
1775725200000,0.0876,0.088,0.0871,0.0875,42109975.0
1775728800000,0.0875,0.0877,0.0872,0.0873,22164820.0
1775732400000,0.0874,0.0874,0.0865,0.0867,26200495.0
1775736000000,0.0866,0.0875,0.0865,0.0871,25041757.0
1775739600000,0.0871,0.0871,0.0863,0.087,40236714.0
1775743200000,0.0871,0.0884,0.0868,0.0882,47616224.0
1775746800000,0.0882,0.0917,0.0876,0.0908,127513287.0
1775750400000,0.0909,0.0918,0.0897,0.0907,99348304.0
1775754000000,0.0906,0.0918,0.0902,0.0914,88043139.0
1775757600000,0.0914,0.0916,0.0901,0.091,55511472.0
1775761200000,0.091,0.0921,0.0903,0.0917,50609730.0
1775764800000,0.0918,0.0931,0.0918,0.0923,71019579.0
1775768400000,0.0922,0.0934,0.0917,0.0921,41953450.0
1775772000000,0.0922,0.0939,0.0911,0.0912,61032071.0
1775775600000,0.0912,0.0914,0.0903,0.0904,48311102.0
1775779200000,0.0904,0.0912,0.0901,0.0906,43843921.0
1775782800000,0.0906,0.0926,0.0903,0.0919,40199577.0
1775786400000,0.0919,0.094,0.0918,0.0934,67003970.0
1775790000000,0.0934,0.0949,0.0934,0.0948,74086600.0
1775793600000,0.0948,0.0964,0.0945,0.0962,92652300.0
1775797200000,0.0962,0.0983,0.0945,0.0981,114639518.0
1775800800000,0.098,0.0989,0.0967,0.0974,107765754.0
1775804400000,0.0973,0.098,0.0954,0.0956,69767611.0
1775808000000,0.0956,0.0973,0.0951,0.0963,60679485.0
1775811600000,0.0963,0.0983,0.0961,0.0968,74688087.0
1775815200000,0.0968,0.0968,0.095,0.0954,71453384.0
1775818800000,0.0954,0.0963,0.0945,0.0947,59297366.0
1775822400000,0.0947,0.0959,0.0946,0.0948,70038020.0
1775826000000,0.0949,0.0952,0.0938,0.0943,79937569.0
1775829600000,0.0943,0.095,0.0931,0.0942,116180031.0
1775833200000,0.0942,0.0975,0.094,0.0962,121938243.0
1775836800000,0.0962,0.0987,0.0959,0.0973,118609161.0
1775840400000,0.0973,0.0973,0.0953,0.0963,80418288.0
1775844000000,0.0963,0.0968,0.0954,0.0966,65093990.0
1775847600000,0.0965,0.0969,0.0953,0.0959,53776451.0
1775851200000,0.0959,0.0964,0.0942,0.095,61251205.0
1775854800000,0.095,0.0952,0.0939,0.0948,34946243.0
1775858400000,0.0948,0.0952,0.094,0.0944,31102318.0
1775862000000,0.0944,0.0947,0.094,0.0945,27981733.0
1775865600000,0.0944,0.0945,0.0936,0.0936,27226357.0
1775869200000,0.0936,0.0943,0.0933,0.0937,24717055.0
1775872800000,0.0938,0.0948,0.0935,0.0941,29367141.0
1775876400000,0.0942,0.0953,0.094,0.0941,32906116.0
1775880000000,0.0942,0.095,0.094,0.0946,30436395.0
1775883600000,0.0947,0.0949,0.0935,0.0938,44655139.0
1775887200000,0.0938,0.0941,0.0932,0.0935,29318441.0
1775890800000,0.0934,0.094,0.0933,0.0935,23339693.0
1775894400000,0.0936,0.0938,0.0923,0.0931,66376491.0
1775898000000,0.0931,0.0937,0.0927,0.0936,41764705.0
1775901600000,0.0936,0.0938,0.0926,0.093,43396480.0
1775905200000,0.093,0.0938,0.093,0.0933,21390002.0
1775908800000,0.0932,0.0936,0.0928,0.0931,20600852.0
1775912400000,0.093,0.0935,0.0921,0.0935,40786984.0
1775916000000,0.0935,0.0944,0.0933,0.0934,32706987.0
1775919600000,0.0935,0.0959,0.0934,0.0956,52315455.0
1775923200000,0.0957,0.0974,0.0951,0.0967,99893789.0
1775926800000,0.0967,0.0974,0.0961,0.0969,54122216.0
1775930400000,0.0969,0.0984,0.0961,0.0972,61007797.0
1775934000000,0.0973,0.0974,0.0962,0.0974,38907148.0
1775937600000,0.0974,0.0975,0.0959,0.0967,39009959.0
1775941200000,0.0967,0.0973,0.0962,0.0968,21742850.0
1775944800000,0.0967,0.098,0.0964,0.0969,34746240.0
1775948400000,0.0968,0.0968,0.0953,0.096,36830906.0
1775952000000,0.0959,0.0972,0.0955,0.097,32104510.0
1775955600000,0.097,0.0977,0.0917,0.0919,108260417.0
1775959200000,0.0919,0.0928,0.0911,0.0923,74544071.0
1775962800000,0.0923,0.0926,0.0915,0.0917,32056309.0
1775966400000,0.0917,0.092,0.0913,0.0917,24848150.0
1775970000000,0.0917,0.0921,0.0912,0.092,26615214.0
1775973600000,0.0919,0.0921,0.0913,0.0914,17703520.0
1775977200000,0.0913,0.092,0.0911,0.0915,18740076.0
1775980800000,0.0916,0.0924,0.0913,0.0922,23897137.0
1775984400000,0.0921,0.0921,0.0915,0.0917,17167271.0
1775988000000,0.0916,0.0921,0.0913,0.0915,21432049.0
1775991600000,0.0915,0.0922,0.0912,0.0916,18476171.0
1775995200000,0.0917,0.0922,0.0912,0.0913,37734417.0
1775998800000,0.0913,0.0919,0.0901,0.0904,59239496.0
1776002400000,0.0904,0.0914,0.09,0.0905,71732220.0
1776006000000,0.0906,0.0908,0.0901,0.0906,28846059.0
1776009600000,0.0905,0.091,0.09,0.0902,21501992.0
1776013200000,0.0901,0.0916,0.09,0.0914,34251920.0
1776016800000,0.0914,0.0916,0.091,0.0912,18651616.0
1776020400000,0.0912,0.0929,0.0911,0.0922,58472212.0
1776024000000,0.0922,0.0941,0.0916,0.0933,63165995.0
1776027600000,0.0932,0.0937,0.092,0.0927,33222491.0
1776031200000,0.0927,0.0928,0.0907,0.0913,52998852.0
1776034800000,0.0913,0.0915,0.0908,0.0911,27773146.0
1776038400000,0.0911,0.0916,0.0908,0.0912,37884381.0
1776042000000,0.0913,0.0933,0.0913,0.0929,51757041.0
1776045600000,0.0929,0.0933,0.0919,0.0921,38398419.0
1776049200000,0.0922,0.0935,0.0918,0.0932,35824859.0
1776052800000,0.0932,0.0948,0.0931,0.0933,78686284.0
1776056400000,0.0933,0.0938,0.0923,0.0931,58596323.0
1776060000000,0.0931,0.0938,0.09234,0.09305,46288683.0
1776063600000,0.09305,0.09328,0.0905,0.09103,82941294.0
1776067200000,0.09104,0.09142,0.09077,0.09138,51382232.0
1776070800000,0.09138,0.09242,0.09133,0.09206,67421898.0
1776074400000,0.09206,0.09216,0.09143,0.09158,46387366.0
1776078000000,0.09159,0.0922,0.09151,0.09218,32268071.0
1776081600000,0.09217,0.09423,0.09154,0.0936,86313069.0
1776085200000,0.0936,0.09405,0.0914,0.09385,113598862.0
1776088800000,0.09385,0.09528,0.09255,0.0952,100780581.0
1776092400000,0.0952,0.09528,0.0927,0.09325,147965449.0
1776096000000,0.09326,0.09574,0.09252,0.09453,113324965.0
1776099600000,0.09453,0.09587,0.09393,0.09408,70702899.0
1776103200000,0.09408,0.09668,0.09381,0.0965,91594919.0
1776106800000,0.09649,0.09695,0.09498,0.09674,74888010.0
1776110400000,0.09673,0.0969,0.09537,0.09546,49047776.0
1776114000000,0.09545,0.09775,0.09512,0.09654,51241185.0
1776117600000,0.09655,0.10164,0.0965,0.09944,413689553.0
1776121200000,0.09945,0.10113,0.09884,0.10086,150093147.0
1776124800000,0.10087,0.10116,0.09933,0.09955,120357347.0
1776128400000,0.09955,0.10008,0.09872,0.09928,64138372.0
1776132000000,0.09927,0.09999,0.0988,0.09881,62299565.0
1776135600000,0.0988,0.09906,0.09818,0.09843,57989134.0
1776139200000,0.09844,0.09859,0.09755,0.09774,53821961.0
1776142800000,0.09773,0.098,0.09679,0.09703,51007618.0
1776146400000,0.09703,0.0972,0.09652,0.09664,29403947.0
1776150000000,0.09664,0.09724,0.09644,0.09695,44652226.0
1776153600000,0.09694,0.09727,0.09651,0.0969,51114827.0
1776157200000,0.0969,0.09748,0.0966,0.09713,39092294.0
1776160800000,0.09713,0.0976,0.09624,0.09682,63428086.0
1776164400000,0.09681,0.09743,0.0962,0.09635,31737999.0
1776168000000,0.09635,0.09662,0.09596,0.09653,44386012.0
1776171600000,0.09653,0.09678,0.09581,0.09636,78794105.0
1776175200000,0.09636,0.0983,0.09556,0.09651,111558077.0
1776178800000,0.09653,0.09688,0.0951,0.09549,72056771.0
1776182400000,0.09548,0.0965,0.09544,0.09586,36345261.0
1776186000000,0.09586,0.09635,0.09523,0.0961,30422589.0
1776189600000,0.09611,0.0965,0.09448,0.09493,46334493.0
1776193200000,0.09492,0.09553,0.09436,0.09517,25217746.0
1776196800000,0.09518,0.09543,0.09491,0.09522,18963375.0
1776200400000,0.09522,0.09559,0.09461,0.09513,28849723.0
1776204000000,0.09512,0.09548,0.09486,0.09528,41410303.0
1776207600000,0.09527,0.09635,0.09511,0.09621,40148819.0
1776211200000,0.09621,0.09709,0.09598,0.09689,42748359.0
1776214800000,0.09689,0.09864,0.09656,0.09837,48418736.0
1776218400000,0.09836,0.0986,0.09726,0.09781,43289090.0
1776222000000,0.0978,0.098,0.09693,0.09716,28884238.0
1776225600000,0.09716,0.09762,0.09642,0.09682,25344039.0
1776229200000,0.09681,0.09718,0.09517,0.09559,41271433.0
1776232800000,0.09558,0.09586,0.09537,0.09548,24688106.0
1776236400000,0.09549,0.09558,0.09458,0.09479,45664373.0
1776240000000,0.0948,0.09619,0.09451,0.09574,34377720.0
1776243600000,0.09574,0.09597,0.09539,0.09592,28102389.0
1776247200000,0.09591,0.09711,0.09529,0.09633,49887248.0
1776250800000,0.09633,0.09719,0.09595,0.0968,38088544.0
1776254400000,0.0968,0.09833,0.09662,0.09771,49402592.0
1776258000000,0.09772,0.09824,0.09681,0.09737,32546734.0
1776261600000,0.09737,0.09905,0.09724,0.09798,76024143.0
1776265200000,0.09798,0.09809,0.09603,0.09681,37643082.0
1776268800000,0.09682,0.09884,0.09663,0.09821,44025595.0
1776272400000,0.09821,0.09892,0.09755,0.09808,27048254.0
1776276000000,0.09807,0.09959,0.09784,0.09899,27457001.0
1776279600000,0.09899,0.10092,0.09866,0.10027,48991113.0
1776283200000,0.10027,0.10039,0.09928,0.09984,28930468.0
1776286800000,0.09984,0.10048,0.099,0.10018,21051296.0
1776290400000,0.10017,0.10084,0.09953,0.09972,34753978.0
1776294000000,0.09973,0.09992,0.099,0.09929,28186351.0
1776297600000,0.09929,0.09961,0.0988,0.09942,33312789.0
1776301200000,0.09943,0.09961,0.09863,0.09945,22732432.0
1776304800000,0.09945,0.10119,0.09939,0.10039,34673738.0
1776308400000,0.10038,0.10194,0.10004,0.10171,40367872.0
1776312000000,0.10171,0.10276,0.10147,0.10214,46637019.0
1776315600000,0.10213,0.10339,0.10181,0.10279,38709591.0
1776319200000,0.10278,0.10379,0.10266,0.10345,36304956.0
1776322800000,0.10345,0.10448,0.10319,0.1039,60958663.0
1776326400000,0.1039,0.10424,0.10271,0.10288,43069142.0
1776330000000,0.10288,0.10335,0.10175,0.10176,37109903.0
1776333600000,0.10177,0.10193,0.10094,0.10106,36823762.0
1776337200000,0.10107,0.10167,0.10071,0.10137,30392286.0
1776340800000,0.10136,0.10303,0.10126,0.10294,34097492.0
1776344400000,0.10294,0.10569,0.10129,0.10268,106340730.0
1776348000000,0.10268,0.10288,0.10075,0.10236,76961327.0
1776351600000,0.10236,0.10836,0.10219,0.10815,121188102.0
1776355200000,0.10815,0.10842,0.10476,0.10544,95864882.0
1776358800000,0.10545,0.10953,0.10508,0.10863,71551431.0
1776362400000,0.10864,0.1133,0.10863,0.1123,116177594.0
1776366000000,0.1123,0.11567,0.11173,0.11436,97953760.0
1776369600000,0.11437,0.11523,0.11334,0.11474,64692829.0
1776373200000,0.11474,0.11518,0.112,0.11302,46899904.0
1776376800000,0.11302,0.11409,0.11288,0.11297,44159095.0
1776380400000,0.11296,0.11404,0.11227,0.11348,54726237.0
1776384000000,0.11347,0.11382,0.11208,0.11351,51457878.0
1776387600000,0.11351,0.11368,0.1104,0.11079,53113789.0
1776391200000,0.11079,0.11111,0.10971,0.11031,39109646.0
1776394800000,0.11031,0.11058,0.10964,0.10988,23624342.0
1776398400000,0.10987,0.11047,0.10927,0.10984,43031727.0
1776402000000,0.10983,0.10987,0.10868,0.10921,25579693.0
1776405600000,0.10921,0.11062,0.10907,0.11006,25595351.0
1776409200000,0.11007,0.11171,0.11007,0.11143,32371788.0
1776412800000,0.11144,0.11358,0.11143,0.11315,52087924.0
1776416400000,0.11315,0.11377,0.11176,0.11276,55788020.0
1776420000000,0.11277,0.11329,0.10945,0.1107,87266568.0
1776423600000,0.11069,0.11301,0.11054,0.11296,36791010.0
1776427200000,0.11297,0.1142,0.11182,0.11373,54381300.0
1776430800000,0.11374,0.11752,0.11291,0.11752,110246293.0
1776434400000,0.11751,0.11918,0.11576,0.11665,128727772.0
1776438000000,0.11665,0.11736,0.1158,0.11698,67654536.0
1776441600000,0.11699,0.12325,0.11676,0.12222,144127244.0
1776445200000,0.12223,0.12582,0.1208,0.12566,168002398.0
1776448800000,0.12569,0.12887,0.12338,0.12782,171161537.0
1776452400000,0.12783,0.13321,0.12666,0.1306,208526682.0
1776456000000,0.13061,0.13215,0.12801,0.13106,156433239.0
1776459600000,0.13105,0.13669,0.13033,0.13046,140603582.0
1776463200000,0.13046,0.13212,0.12942,0.12952,79388293.0
1776466800000,0.12953,0.12958,0.12492,0.12492,115017962.0
1776470400000,0.12491,0.12686,0.12431,0.12608,74178456.0
1776474000000,0.12609,0.12638,0.12335,0.12389,45351624.0
1776477600000,0.12388,0.12453,0.1224,0.1236,51893411.0
1776481200000,0.1236,0.12414,0.12259,0.12326,28473463.0
1776484800000,0.12327,0.12385,0.12233,0.12314,32873541.0
1776488400000,0.12314,0.12494,0.12313,0.12455,47270713.0
1776492000000,0.12455,0.12584,0.12428,0.1251,48132211.0
1776495600000,0.12509,0.12552,0.12397,0.12536,48371801.0
1776499200000,0.12536,0.1258,0.12258,0.12361,82591598.0
1776502800000,0.1236,0.12382,0.12201,0.12256,60649702.0
1776506400000,0.12257,0.12268,0.11956,0.12052,99263111.0
1776510000000,0.12051,0.12072,0.1189,0.11983,55906486.0
1776513600000,0.11983,0.12147,0.11968,0.12129,53766495.0
1776517200000,0.1213,0.12194,0.11996,0.12148,54197848.0
1776520800000,0.12149,0.12186,0.12025,0.12151,40499359.0
1776524400000,0.1215,0.12437,0.12133,0.12401,66152584.0
1776528000000,0.12401,0.12407,0.12147,0.12186,48524296.0
1776531600000,0.12185,0.12207,0.12094,0.12111,30772334.0
1776535200000,0.12111,0.12136,0.11914,0.11946,51337648.0
1776538800000,0.11946,0.12042,0.11847,0.11907,41808284.0
1776542400000,0.11906,0.12052,0.11876,0.12028,32148157.0
1776546000000,0.12028,0.12149,0.12015,0.12096,21507090.0
1776549600000,0.12095,0.12143,0.12017,0.12114,23067070.0
1776553200000,0.12114,0.12192,0.11981,0.11983,23623446.0
1776556800000,0.11984,0.12139,0.11897,0.12129,43859046.0
1776560400000,0.12129,0.12199,0.11909,0.11997,48740186.0
1776564000000,0.11997,0.12069,0.11839,0.1186,42041493.0
1776567600000,0.11861,0.12043,0.11753,0.1195,37122308.0
1776571200000,0.11949,0.12117,0.11934,0.12076,38349051.0
1776574800000,0.12075,0.1218,0.1201,0.12029,29559894.0
1776578400000,0.12028,0.12107,0.11931,0.12078,33424488.0
1776582000000,0.12079,0.12097,0.11752,0.11861,76640910.0
1776585600000,0.1186,0.11868,0.11702,0.11758,29728814.0
1776589200000,0.11757,0.11853,0.1171,0.11782,32995615.0
1776592800000,0.11783,0.11826,0.11692,0.11791,29645371.0
1776596400000,0.1179,0.12156,0.1176,0.12101,68224878.0
1776600000000,0.12102,0.12163,0.12043,0.12114,42327834.0
1776603600000,0.12115,0.12292,0.12025,0.12085,73507616.0
1776607200000,0.12083,0.12106,0.11932,0.12043,48152909.0
1776610800000,0.12042,0.12044,0.11696,0.11893,54574441.0
1776614400000,0.11894,0.1191,0.11634,0.11659,52733302.0
1776618000000,0.11658,0.11665,0.1145,0.11486,82439443.0
1776621600000,0.11486,0.11548,0.11449,0.11496,33281902.0
1776625200000,0.11496,0.11648,0.11496,0.116,27192904.0
1776628800000,0.116,0.11661,0.11533,0.11622,26557460.0
1776632400000,0.11622,0.1165,0.11404,0.11459,27331128.0
1776636000000,0.11458,0.11458,0.1123,0.11273,74956424.0
1776639600000,0.11272,0.11275,0.11159,0.11239,43764245.0
1776643200000,0.1124,0.11453,0.1123,0.11377,39914625.0
1776646800000,0.11377,0.11617,0.11374,0.11589,26167461.0
1776650400000,0.1159,0.11619,0.11488,0.11544,22965967.0
1776654000000,0.11544,0.11598,0.11518,0.11552,21198041.0
1776657600000,0.11552,0.11605,0.11531,0.11548,16095275.0
1776661200000,0.11549,0.1155,0.11369,0.11427,26498656.0
1776664800000,0.11427,0.11738,0.11408,0.11678,49405120.0
1776668400000,0.11678,0.11923,0.11576,0.11646,66770549.0
1776672000000,0.11646,0.11662,0.11443,0.11462,37256356.0
1776675600000,0.11462,0.11545,0.11439,0.1146,32107613.0
1776679200000,0.11461,0.11546,0.11443,0.11486,26510009.0
1776682800000,0.11486,0.11625,0.11423,0.11554,43483588.0
1776686400000,0.11554,0.1172,0.11521,0.11682,32635820.0
1776690000000,0.11682,0.11769,0.11606,0.11668,42382769.0
1776693600000,0.11668,0.11798,0.11483,0.11536,65775888.0
1776697200000,0.11536,0.11591,0.11417,0.11572,46931595.0
1776700800000,0.11573,0.11585,0.11311,0.11341,43521674.0
1776704400000,0.11342,0.11555,0.1134,0.11474,40632903.0
1776708000000,0.11474,0.11566,0.11333,0.11458,59380280.0
1776711600000,0.11459,0.11516,0.11361,0.11403,22636136.0
1776715200000,0.11403,0.11507,0.11346,0.11463,24838969.0
1776718800000,0.11463,0.11498,0.11322,0.11448,21665474.0
1776722400000,0.11448,0.11459,0.1126,0.11289,25369140.0
1776726000000,0.11289,0.11289,0.11179,0.11199,24536674.0
1776729600000,0.11199,0.11249,0.11116,0.1122,39156136.0
1776733200000,0.1122,0.11265,0.11159,0.11187,24567352.0
1776736800000,0.11188,0.11208,0.11065,0.1112,37702824.0
1776740400000,0.1112,0.11132,0.1103,0.11071,29231237.0
1776744000000,0.11071,0.11165,0.11062,0.11158,22566575.0
1776747600000,0.11158,0.1124,0.11094,0.11146,25037968.0
1776751200000,0.11146,0.11175,0.1101,0.11109,46117384.0
1776754800000,0.1111,0.11179,0.11056,0.11115,26699875.0
1776758400000,0.11116,0.11317,0.11103,0.11219,31826869.0
1776762000000,0.11219,0.11353,0.112,0.11335,31571994.0
1776765600000,0.11335,0.11409,0.11334,0.11402,21101858.0
1776769200000,0.114,0.11499,0.11346,0.11369,27678526.0
1776772800000,0.1137,0.114,0.11082,0.11168,59702613.0
1776776400000,0.11168,0.11209,0.11101,0.11203,24577473.0
1776780000000,0.11204,0.11249,0.11049,0.11092,36682291.0
1776783600000,0.11092,0.11258,0.11037,0.11242,41590584.0
1776787200000,0.11242,0.11309,0.11094,0.11108,29949849.0
1776790800000,0.11109,0.1122,0.10955,0.11157,66410644.0
1776794400000,0.11157,0.11195,0.11021,0.11125,47670822.0
1776798000000,0.11126,0.11224,0.1093,0.10974,43615062.0
1776801600000,0.10973,0.11186,0.10961,0.11094,38883281.0
1776805200000,0.11094,0.11118,0.11014,0.11079,17285527.0
1776808800000,0.11078,0.11089,0.10942,0.11031,22158229.0
1776812400000,0.11032,0.11217,0.1103,0.11196,21111042.0
1776816000000,0.11197,0.1123,0.1107,0.11135,28935025.0
1776819600000,0.11135,0.11144,0.11043,0.11105,15276171.0
1776823200000,0.11105,0.11368,0.11054,0.11306,54875199.0
1776826800000,0.11308,0.11367,0.11231,0.11295,40868613.0
1776830400000,0.11295,0.11388,0.11279,0.11304,28412590.0
1776834000000,0.11304,0.11475,0.1125,0.11251,61146675.0
1776837600000,0.11251,0.11279,0.11208,0.11239,26190485.0
1776841200000,0.11239,0.11259,0.11128,0.11203,33937135.0
1776844800000,0.11203,0.11262,0.11143,0.11235,22567516.0
1776848400000,0.11235,0.11268,0.11106,0.11151,29433854.0
1776852000000,0.11152,0.11168,0.11064,0.11095,30146915.0
1776855600000,0.11095,0.11158,0.11074,0.11154,26118304.0
1776859200000,0.11154,0.11164,0.11004,0.11041,34402123.0
1776862800000,0.1104,0.11125,0.10971,0.11026,61379079.0
1776866400000,0.11025,0.11165,0.11021,0.11163,51988836.0
1776870000000,0.11164,0.11233,0.11063,0.11074,44188805.0
1776873600000,0.11074,0.11167,0.11071,0.11147,32019146.0
1776877200000,0.11148,0.11232,0.11077,0.1114,26780895.0
1776880800000,0.11141,0.1118,0.11083,0.11087,17982360.0
1776884400000,0.11087,0.11087,0.10839,0.10922,74392987.0
1776888000000,0.10922,0.10931,0.10777,0.10843,49760818.0
1776891600000,0.10843,0.11001,0.10836,0.10987,75669407.0
1776895200000,0.10987,0.10995,0.10775,0.10796,43126177.0
1776898800000,0.10796,0.10801,0.10628,0.10641,48056370.0
1776902400000,0.10642,0.10783,0.10469,0.10732,70180986.0
1776906000000,0.10733,0.10762,0.10633,0.10676,18673333.0
1776909600000,0.10677,0.10678,0.10529,0.10598,33881802.0
1776913200000,0.10599,0.10633,0.10445,0.10498,46547006.0
1776916800000,0.10497,0.10593,0.10475,0.10566,18389642.0
1776920400000,0.10566,0.10615,0.10482,0.10544,25262759.0
1776924000000,0.10545,0.10619,0.10542,0.10588,21964014.0
1776927600000,0.10588,0.10615,0.10558,0.10578,19437937.0
1776931200000,0.10577,0.10651,0.1056,0.10573,22443071.0
1776934800000,0.10573,0.10582,0.1051,0.10563,21892839.0
1776938400000,0.10563,0.10563,0.10419,0.10453,36004556.0
1776942000000,0.10454,0.10559,0.10446,0.1053,23728656.0
1776945600000,0.1053,0.10649,0.10527,0.10605,33429485.0
1776949200000,0.10604,0.10707,0.1057,0.10663,31667887.0
1776952800000,0.10663,0.10721,0.10606,0.10696,33364023.0
1776956400000,0.10696,0.10817,0.10669,0.10765,48676527.0
1776960000000,0.10767,0.10789,0.10679,0.10698,26789653.0
1776963600000,0.10699,0.10713,0.10426,0.10704,72398461.0
1776967200000,0.10705,0.10852,0.10655,0.10813,49295780.0
1776970800000,0.10814,0.10998,0.10785,0.10945,45174498.0
1776974400000,0.10945,0.1112,0.10924,0.11033,45925509.0
1776978000000,0.11033,0.11047,0.1093,0.10973,21501617.0
1776981600000,0.10973,0.11033,0.10922,0.10959,21407060.0
1776985200000,0.10959,0.11002,0.10915,0.10973,21573107.0
1776988800000,0.10973,0.11173,0.10973,0.11099,42100462.0
1776992400000,0.11099,0.111,0.1097,0.11078,23783261.0
1776996000000,0.11078,0.11095,0.10947,0.1098,27013433.0
1776999600000,0.1098,0.10985,0.10841,0.10894,24281621.0
1777003200000,0.10894,0.10912,0.10828,0.10866,13936642.0
1777006800000,0.10865,0.1089,0.10807,0.10868,16294090.0
1777010400000,0.10869,0.10906,0.10811,0.10835,14029590.0
1777014000000,0.10835,0.10867,0.10775,0.10841,18637426.0
1777017600000,0.10842,0.10868,0.10757,0.1077,25392957.0
1777021200000,0.1077,0.10807,0.10706,0.10768,25402683.0
1777024800000,0.10767,0.10893,0.10744,0.10864,24023137.0
1777028400000,0.10864,0.11015,0.10852,0.10958,37840012.0
1777032000000,0.10959,0.11039,0.10896,0.10919,29419422.0
1777035600000,0.10919,0.11,0.10882,0.10919,39264871.0
1777039200000,0.10918,0.10943,0.10821,0.10824,19206056.0
1777042800000,0.10823,0.10887,0.10718,0.10866,57843345.0
1777046400000,0.10865,0.10879,0.10762,0.10829,20213153.0
1777050000000,0.10828,0.10937,0.10809,0.10904,27831380.0
1777053600000,0.10905,0.10919,0.10814,0.10836,11643919.0
1777057200000,0.10837,0.10868,0.10788,0.10843,21244013.0
1777060800000,0.10844,0.11006,0.10806,0.10976,26778748.0
1777064400000,0.10977,0.11018,0.10841,0.10863,16956765.0
1777068000000,0.10864,0.10866,0.1073,0.10776,15220120.0
1777071600000,0.10776,0.10863,0.10762,0.10857,10887404.0
1777075200000,0.10856,0.10875,0.10777,0.10857,12915347.0
1777078800000,0.10856,0.10937,0.10826,0.10898,12033507.0
1777082400000,0.10898,0.10948,0.10867,0.1092,14155947.0
1777086000000,0.1092,0.10999,0.10899,0.1095,11917512.0
1777089600000,0.1095,0.11005,0.10944,0.10954,11201566.0
1777093200000,0.10954,0.10971,0.10871,0.10936,16657825.0
1777096800000,0.10936,0.11024,0.10925,0.10978,18493667.0
1777100400000,0.10978,0.10992,0.10892,0.10892,17719791.0
1777104000000,0.10891,0.11001,0.10888,0.10999,15731382.0
1777107600000,0.10999,0.11082,0.10969,0.11015,27471769.0
1777111200000,0.11015,0.11034,0.10963,0.10965,12317924.0
1777114800000,0.10965,0.10966,0.10772,0.10825,34079193.0
1777118400000,0.10824,0.1086,0.10783,0.10833,19005339.0
1777122000000,0.10833,0.10866,0.10809,0.10829,8842508.0
1777125600000,0.10829,0.10853,0.10729,0.10767,18295670.0
1777129200000,0.10767,0.10827,0.10679,0.10756,27204307.0
1777132800000,0.10756,0.10815,0.10694,0.10758,18623553.0
1777136400000,0.10759,0.10766,0.10588,0.10652,43428494.0
1777140000000,0.10652,0.10729,0.10646,0.10679,10874713.0
1777143600000,0.10679,0.10688,0.10641,0.10648,9694032.0
1777147200000,0.10648,0.10685,0.10618,0.10671,9367626.0
1777150800000,0.10672,0.10713,0.10661,0.10679,7740725.0
1777154400000,0.1068,0.10745,0.10676,0.10725,9191112.0
1777158000000,0.10724,0.10742,0.10712,0.10728,6309749.0
1777161600000,0.10728,0.10735,0.10631,0.10654,30036214.0
1777165200000,0.10655,0.10664,0.10607,0.1061,6715109.0
1777168800000,0.10611,0.10664,0.10602,0.10637,10144871.0
1777172400000,0.10637,0.10672,0.10571,0.10618,15880939.0
1777176000000,0.10618,0.10691,0.10583,0.10641,15894217.0
1777179600000,0.10641,0.10749,0.10632,0.10737,21186155.0
1777183200000,0.10737,0.10877,0.10737,0.1084,23111868.0
1777186800000,0.10839,0.10962,0.10813,0.10934,20640282.0
1777190400000,0.10934,0.10997,0.10893,0.10926,25465156.0
1777194000000,0.10926,0.11103,0.10897,0.11046,32848547.0
1777197600000,0.11046,0.11054,0.10982,0.11016,15061894.0
1777201200000,0.11016,0.11133,0.10999,0.11063,26895497.0
1777204800000,0.11062,0.11084,0.10834,0.10894,41594508.0
1777208400000,0.10894,0.10898,0.10782,0.10804,30116093.0
1777212000000,0.10803,0.10952,0.10795,0.10907,31271336.0
1777215600000,0.10908,0.10964,0.10867,0.10948,17603602.0
1777219200000,0.10948,0.10954,0.1089,0.10911,36499746.0
1777222800000,0.10911,0.11027,0.10831,0.10922,36858750.0
1777226400000,0.10922,0.11007,0.10883,0.10931,20527703.0
1777230000000,0.10931,0.11021,0.10912,0.10913,14744181.0
1777233600000,0.10913,0.10984,0.10891,0.10898,10966924.0
1777237200000,0.10899,0.10952,0.10802,0.10924,17394520.0
1777240800000,0.10922,0.11005,0.10842,0.10913,38883902.0
1777244400000,0.10912,0.10992,0.1088,0.10924,16141997.0
1777248000000,0.10924,0.11069,0.10888,0.11061,31989151.0
1777251600000,0.11062,0.11231,0.11002,0.11194,40229785.0
1777255200000,0.11194,0.11225,0.1109,0.1115,35387641.0
1777258800000,0.11149,0.11361,0.11136,0.11194,48987825.0
1777262400000,0.11194,0.1124,0.11109,0.11183,24305757.0
1777266000000,0.11184,0.11191,0.10764,0.1089,103209246.0
1777269600000,0.10889,0.10936,0.10622,0.10703,76355872.0
1777273200000,0.10701,0.10719,0.106,0.10625,27313140.0
1777276800000,0.10625,0.10685,0.10604,0.10673,20566507.0
1777280400000,0.10673,0.10723,0.10628,0.10666,25590732.0
1777284000000,0.10665,0.10677,0.10575,0.10589,26025297.0
1777287600000,0.10588,0.10638,0.10529,0.10617,26747750.0
1777291200000,0.10616,0.10618,0.10489,0.10524,29949385.0
1777294800000,0.10523,0.10573,0.10466,0.10567,30930775.0
1777298400000,0.10566,0.10853,0.10559,0.1073,54095829.0
1777302000000,0.10731,0.10736,0.1044,0.10497,96095329.0
1777305600000,0.10496,0.10533,0.10446,0.10528,25513530.0
1777309200000,0.10528,0.10645,0.10528,0.10583,21986931.0
1777312800000,0.10583,0.10633,0.10539,0.10577,23155684.0
1777316400000,0.10576,0.10584,0.1039,0.10487,32418581.0
1777320000000,0.10488,0.10562,0.10488,0.10528,11890530.0
1777323600000,0.10528,0.10634,0.10478,0.10559,26854942.0
1777327200000,0.1056,0.10674,0.10556,0.10641,15935410.0
1777330800000,0.10642,0.10724,0.10637,0.10697,18832013.0
1777334400000,0.10697,0.10729,0.10634,0.1068,13817394.0
1777338000000,0.1068,0.10753,0.10666,0.10678,9236416.0
1777341600000,0.10679,0.10721,0.10587,0.10608,25994152.0
1777345200000,0.10607,0.10656,0.106,0.10629,10301756.0
1777348800000,0.10629,0.10731,0.10607,0.10618,19163075.0
1777352400000,0.10619,0.10712,0.10606,0.10635,19130023.0
1777356000000,0.10635,0.1071,0.10526,0.10566,31814131.0
1777359600000,0.10566,0.10578,0.1046,0.10535,21741400.0
1777363200000,0.10536,0.10633,0.10516,0.10602,21267015.0
1777366800000,0.10602,0.10642,0.10514,0.1057,16105330.0
1777370400000,0.10569,0.10614,0.10538,0.10579,11383128.0
1777374000000,0.10579,0.10587,0.10463,0.10522,19574957.0
1777377600000,0.10522,0.1059,0.10472,0.10581,19659930.0
1777381200000,0.10581,0.10697,0.10481,0.10621,33125767.0
1777384800000,0.10621,0.10634,0.10452,0.10628,46874863.0
1777388400000,0.10629,0.10694,0.10604,0.10674,32869349.0
1777392000000,0.10674,0.10741,0.10615,0.10632,28288585.0
1777395600000,0.10631,0.10659,0.10561,0.10585,16603080.0
1777399200000,0.10586,0.10653,0.10571,0.10651,13219925.0
1777402800000,0.10651,0.10705,0.10616,0.1068,12122917.0
1777406400000,0.1068,0.1072,0.10626,0.10629,8882952.0
1777410000000,0.10628,0.10695,0.10582,0.10586,14206155.0
1777413600000,0.10587,0.10636,0.10554,0.10566,10390778.0
1777417200000,0.10566,0.10622,0.10542,0.10606,8794250.0
1777420800000,0.10607,0.10675,0.106,0.10659,14802032.0
1777424400000,0.10659,0.10685,0.10583,0.10656,14988043.0
1777428000000,0.10657,0.10689,0.10588,0.10643,9528243.0
1777431600000,0.10644,0.10827,0.10641,0.10825,26840615.0
1777435200000,0.10825,0.10928,0.10769,0.1085,25172622.0
1777438800000,0.10849,0.10921,0.10816,0.10877,13245233.0
1777442400000,0.10877,0.10895,0.10783,0.10828,23392462.0
1777446000000,0.10829,0.10874,0.10767,0.10812,15406772.0
1777449600000,0.10813,0.10828,0.10752,0.10766,21842657.0
1777453200000,0.10765,0.10953,0.10752,0.10933,30295893.0
1777456800000,0.10932,0.11017,0.10903,0.10926,30499735.0
1777460400000,0.10925,0.10925,0.10816,0.10832,28933838.0
1777464000000,0.10831,0.10836,0.10639,0.10658,71779881.0
1777467600000,0.10657,0.10682,0.10504,0.10569,44764837.0
1777471200000,0.10568,0.10621,0.10485,0.10545,26674916.0
1777474800000,0.10544,0.10561,0.10151,0.10229,133092536.0
1777478400000,0.10228,0.10255,0.10144,0.10183,45007514.0
1777482000000,0.10184,0.10329,0.10173,0.10318,28775704.0
1777485600000,0.10317,0.10335,0.09966,0.10208,92132324.0
1777489200000,0.10208,0.10288,0.1017,0.10238,21733737.0
1777492800000,0.10238,0.10394,0.10223,0.10324,34814337.0
1777496400000,0.10324,0.10427,0.10296,0.10363,18439358.0
1777500000000,0.10364,0.10399,0.10334,0.10357,11429267.0
1777503600000,0.10357,0.10397,0.10342,0.10388,10617053.0
1777507200000,0.10389,0.10455,0.10375,0.10437,21026841.0
1777510800000,0.10437,0.10508,0.10421,0.10488,15388646.0
1777514400000,0.10489,0.10517,0.10258,0.10298,38756816.0
1777518000000,0.10298,0.10346,0.10243,0.10319,21212296.0
1777521600000,0.1032,0.10327,0.10207,0.10238,35123703.0
1777525200000,0.10238,0.10316,0.10211,0.10272,15597841.0
1777528800000,0.10271,0.10344,0.1025,0.10329,10711150.0
1777532400000,0.10329,0.10397,0.103,0.1038,19252149.0
1777536000000,0.10381,0.1041,0.10319,0.1032,15912302.0
1777539600000,0.1032,0.10411,0.10284,0.10359,20407176.0
1777543200000,0.1036,0.10371,0.1031,0.10321,13877087.0
1777546800000,0.10322,0.10455,0.10322,0.10383,33756317.0
1777550400000,0.10383,0.1047,0.10343,0.10347,28981657.0
1777554000000,0.10347,0.1037,0.10243,0.1025,38250936.0
1777557600000,0.1025,0.10287,0.10161,0.10228,46169877.0
1777561200000,0.10227,0.10323,0.10196,0.1029,23393159.0
1777564800000,0.1029,0.10309,0.10225,0.10262,16868246.0
1777568400000,0.10262,0.10306,0.10244,0.10255,9564183.0
1777572000000,0.10256,0.1032,0.10216,0.10243,8534411.0
1777575600000,0.10242,0.10289,0.10221,0.10246,12799482.0
1777579200000,0.10247,0.10289,0.10228,0.10255,10844483.0
1777582800000,0.10256,0.10276,0.10202,0.10203,9667349.0
1777586400000,0.10202,0.10245,0.10164,0.10208,16302014.0
1777590000000,0.10208,0.10275,0.10199,0.10264,8305415.0
1777593600000,0.10264,0.10324,0.10258,0.10286,13930191.0
1777597200000,0.10287,0.10377,0.10277,0.10366,18958079.0
1777600800000,0.10366,0.10409,0.10343,0.10382,13769793.0
1777604400000,0.10381,0.10523,0.10376,0.10405,38364105.0
1777608000000,0.10405,0.10439,0.10351,0.1036,11760817.0
1777611600000,0.1036,0.10394,0.10322,0.10352,10842228.0
1777615200000,0.10353,0.10382,0.10236,0.10258,19593687.0
1777618800000,0.10257,0.10269,0.10219,0.1024,19177456.0
1777622400000,0.1024,0.10285,0.1022,0.10269,13160414.0
1777626000000,0.10269,0.10273,0.10172,0.10186,14865002.0
1777629600000,0.10187,0.10247,0.10136,0.10238,22440127.0
1777633200000,0.10239,0.10309,0.10231,0.10288,17452556.0
1777636800000,0.10289,0.10384,0.10273,0.10296,29715615.0
1777640400000,0.10298,0.10535,0.10295,0.10497,48267329.0
1777644000000,0.10497,0.10533,0.10367,0.10458,47149497.0
1777647600000,0.10458,0.105,0.10328,0.10428,40605764.0
1777651200000,0.10429,0.10456,0.10347,0.10401,22385673.0
1777654800000,0.10401,0.10424,0.10317,0.10406,19661516.0
1777658400000,0.10406,0.1042,0.10361,0.10377,13901919.0
1777662000000,0.10378,0.10407,0.10333,0.10356,11596326.0
1777665600000,0.10357,0.10371,0.10251,0.10283,24005275.0
1777669200000,0.10284,0.10322,0.10262,0.10281,16836080.0
1777672800000,0.10281,0.10335,0.10225,0.1025,14398799.0
1777676400000,0.10249,0.10249,0.1015,0.10202,26892360.0
1777680000000,0.10202,0.10224,0.10145,0.102,21375483.0
1777683600000,0.10199,0.1028,0.10165,0.10249,23653575.0
1777687200000,0.10249,0.10287,0.10201,0.1021,18595924.0
1777690800000,0.1021,0.10306,0.10173,0.10282,27588164.0
1777694400000,0.10282,0.10309,0.10127,0.10139,56112452.0
1777698000000,0.10138,0.10147,0.10061,0.10105,29265642.0
1777701600000,0.10105,0.10209,0.10097,0.10201,19284154.0
1777705200000,0.102,0.10219,0.1017,0.10184,13034146.0
1777708800000,0.10173,0.10178,0.10141,0.10149,10857698.0
1777712400000,0.10149,0.10216,0.10149,0.10178,8380399.0
1777716000000,0.10177,0.10188,0.10153,0.10157,5851244.0
1777719600000,0.10156,0.10156,0.1006,0.10078,39231398.0
1777723200000,0.10089,0.10155,0.10089,0.10097,12951068.0
1777726800000,0.10097,0.1018,0.10094,0.10168,13964134.0
1777730400000,0.10168,0.10222,0.10145,0.10197,15928826.0
1777734000000,0.10196,0.10201,0.10196,0.102,11590.0
1777737600000,0.10258,0.10356,0.10248,0.10348,36770193.0
1777741200000,0.10348,0.10372,0.10237,0.10263,24716301.0
1777744800000,0.10262,0.10334,0.10185,0.10334,16476488.0
1777748400000,0.10307,0.10345,0.10292,0.10325,11631626.0
1777752000000,0.10326,0.10331,0.10285,0.10309,10816212.0
1777755600000,0.10308,0.10404,0.10262,0.10336,23015849.0
1777759200000,0.10336,0.10363,0.10279,0.10303,10226421.0
1777762800000,0.10303,0.10303,0.10237,0.10248,11850620.0
1777766400000,0.10248,0.10352,0.10193,0.10281,44854162.0
1777770000000,0.10281,0.10285,0.10066,0.1009,49033620.0
1777773600000,0.1009,0.10101,0.10012,0.10017,27989629.0
1777777200000,0.10018,0.10018,0.09974,0.10011,15809330.0
1777780800000,0.10013,0.10022,0.10001,0.10015,2725489.0
1777784400000,0.10014,0.10057,0.10013,0.10038,3974276.0
1777788000000,0.10023,0.10028,0.09983,0.09985,8080977.0
1777791600000,0.10014,0.1009,0.1001,0.10056,18430820.0
1777795200000,0.10056,0.10095,0.10047,0.10082,4010255.0
1777798800000,0.10037,0.10105,0.10021,0.10077,16345625.0
1777802400000,0.10078,0.10088,0.10029,0.10064,10406528.0
1777806000000,0.10054,0.10188,0.10042,0.10126,26581879.0
1777809600000,0.10126,0.10207,0.10107,0.10117,45460699.0
1777813200000,0.10118,0.10123,0.10091,0.10102,8533968.0
