timestamp,open,high,low,close,volume
1619899200000,5.4356,5.5193,5.3795,5.5139,737747.0
1619913600000,5.516,5.5216,5.2101,5.2224,1201704.0
1619928000000,5.2234,5.3381,5.169,5.238,1314392.0
1619942400000,5.2381,5.33,5.1592,5.3268,945482.0
1619956800000,5.3256,5.3543,5.2668,5.3443,628073.0
1619971200000,5.3447,5.37,5.2896,5.3512,485729.0
1619985600000,5.3516,5.3545,5.2279,5.2828,324981.0
1620000000000,5.2809,5.4653,5.2753,5.4031,920304.0
1620014400000,5.4036,5.4659,5.377,5.4332,700994.0
1620028800000,5.4353,5.5125,5.3681,5.4574,882154.0
1620043200000,5.4587,5.5244,5.3272,5.4807,1432979.0
1620057600000,5.4804,5.5724,5.4356,5.5402,961056.0
1620072000000,5.5405,5.5406,5.3823,5.4837,911064.0
1620086400000,5.4881,5.5012,4.9854,5.1195,1732166.0
1620100800000,5.1185,5.2321,5.0901,5.1538,702301.0
1620115200000,5.1526,5.2921,5.1088,5.2166,792477.0
1620129600000,5.2163,5.2208,4.8076,4.864,1980748.0
1620144000000,4.8614,5.0225,4.8,4.9992,1025561.0
1620158400000,4.9992,5.0276,4.79,4.8191,704961.0
1620172800000,4.8189,4.9988,4.7616,4.9256,831632.0
1620187200000,4.9245,5.0466,4.8573,5.0461,640264.0
1620201600000,5.0463,5.1289,5.01,5.0582,817654.0
1620216000000,5.0586,5.1972,5.0559,5.112,1081473.0
1620230400000,5.1147,5.25,5.0973,5.2271,925479.0
1620244800000,5.2253,5.2594,5.1328,5.2524,614454.0
1620259200000,5.2525,5.3027,5.1015,5.2072,1163803.0
1620273600000,5.2043,5.2331,5.0258,5.1533,974375.0
1620288000000,5.1522,5.3144,5.1522,5.2875,1117073.0
1620302400000,5.2892,5.5922,5.241,5.5415,1823503.0
1620316800000,5.5421,5.5678,5.1068,5.2463,1843899.0
1620331200000,5.2463,5.2882,5.1608,5.2173,674862.0
1620345600000,5.2173,5.459,5.1201,5.2158,1549293.0
1620360000000,5.2123,5.2179,5.0525,5.1695,1005205.0
1620374400000,5.1682,5.3702,5.1544,5.3515,809684.0
1620388800000,5.3529,5.5213,5.3134,5.497,1419541.0
1620403200000,5.4961,5.51,5.2227,5.3076,1206929.0
1620417600000,5.3038,5.3589,5.1313,5.3285,954600.0
1620432000000,5.3318,5.3968,5.2662,5.3543,791185.0
1620446400000,5.3545,5.5844,5.3378,5.416,1777450.0
1620460800000,5.4172,5.4719,5.313,5.3454,1050921.0
1620475200000,5.3459,5.3776,5.1601,5.1699,1029763.0
1620489600000,5.1727,5.2686,5.1524,5.2571,712711.0
1620504000000,5.2574,5.3013,5.225,5.2425,458012.0
1620518400000,5.2432,5.2828,5.0461,5.0819,697867.0
1620532800000,5.0819,5.1693,4.8833,5.085,1228248.0
1620547200000,5.0846,5.1972,5.0678,5.0845,701237.0
1620561600000,5.0832,5.2416,4.9731,5.1961,1024922.0
1620576000000,5.1961,5.2027,5.0211,5.0589,678902.0
1620590400000,5.0601,5.0929,5.0095,5.0726,678283.0
1620604800000,5.0731,5.2055,5.0351,5.1851,679072.0
1620619200000,5.191,5.2923,5.1508,5.1809,784796.0
1620633600000,5.1809,5.2176,5.0046,5.0936,907463.0
1620648000000,5.0929,5.1431,4.9369,5.0726,861105.0
1620662400000,5.0704,5.0828,4.6,4.6819,1132414.0
1620676800000,4.6798,4.7865,4.3256,4.696,2197990.0
1620691200000,4.6961,4.8219,4.615,4.6967,1147153.0
1620705600000,4.6962,4.8063,4.6509,4.7822,783635.0
1620720000000,4.7805,4.8824,4.6965,4.7579,691857.0
1620734400000,4.756,4.8762,4.6437,4.8399,951737.0
1620748800000,4.8401,4.9031,4.8,4.8869,485966.0
1620763200000,4.8895,4.9651,4.8457,4.9507,474324.0
1620777600000,4.9513,5.14,4.941,5.1146,747424.0
1620792000000,5.1149,5.2376,5.0873,5.1629,1063456.0
1620806400000,5.1609,5.5149,5.1217,5.4072,1844663.0
1620820800000,5.4096,5.9855,5.3536,5.5269,7189917.0
1620835200000,5.5278,5.6491,5.2521,5.5045,3440518.0
1620849600000,5.5073,5.5127,4.6132,4.7507,2438156.0
1620864000000,4.7612,5.2616,4.5015,5.1898,3428171.0
1620878400000,5.1882,5.457,5.1053,5.2796,2059922.0
1620892800000,5.2791,5.3427,4.7689,5.1723,2905107.0
1620907200000,5.1716,5.3333,5.0451,5.106,1480519.0
1620921600000,5.1052,5.3156,4.8528,5.084,2028224.0
1620936000000,5.0877,5.6492,5.0812,5.4968,1780507.0
1620950400000,5.4925,5.8798,5.454,5.7774,2379568.0
1620964800000,5.7902,5.859,5.5726,5.76,1869675.0
1620979200000,5.7581,5.9387,5.691,5.7348,1616834.0
1620993600000,5.7356,5.7899,5.6024,5.7651,1534467.0
1621008000000,5.7663,5.9577,5.7201,5.8096,1765298.0
1621022400000,5.8098,5.888,5.5557,5.7404,1170319.0
1621036800000,5.7435,6.9472,5.6271,6.6804,5128873.0
1621051200000,6.6839,7.35,6.6034,6.6883,7495557.0
1621065600000,6.6791,7.0,6.4712,6.6271,5520875.0
1621080000000,6.6275,6.9525,6.5213,6.5719,3641187.0
1621094400000,6.5686,6.5897,5.91,6.1069,3881326.0
1621108800000,6.1037,6.2576,5.8894,5.9553,1936333.0
1621123200000,5.9534,6.3647,5.9003,6.2279,2295265.0
1621137600000,6.228,6.4358,6.1304,6.3442,1756690.0
1621152000000,6.3445,6.6092,6.2403,6.341,1481034.0
1621166400000,6.3416,6.3908,6.0265,6.0357,1462383.0
1621180800000,6.0352,6.1293,5.5811,5.6906,2439359.0
1621195200000,5.6909,5.9092,5.5541,5.8783,1399477.0
1621209600000,5.8777,5.8933,5.1788,5.201,2036899.0
1621224000000,5.2096,5.837,5.01,5.6388,2916026.0
1621238400000,5.6388,5.9491,5.5954,5.8746,1717493.0
1621252800000,5.8726,5.9739,5.3887,5.4343,1714032.0
1621267200000,5.435,5.5689,5.21,5.5411,1634558.0
1621281600000,5.5435,5.7463,5.4736,5.7256,1280983.0
1621296000000,5.7257,5.9327,5.6395,5.7552,1352421.0
1621310400000,5.7511,6.2979,5.7477,6.1597,2174937.0
1621324800000,6.1621,6.2017,5.9748,6.0602,1164026.0
1621339200000,6.0611,6.0671,5.4952,5.5822,2974469.0
1621353600000,5.5825,5.8051,5.55,5.7059,1303237.0
1621368000000,5.6998,5.8206,5.6,5.6838,853028.0
1621382400000,5.6783,5.8778,5.2291,5.2401,2059093.0
1621396800000,5.2402,5.2926,4.8211,5.2133,2807053.0
1621411200000,5.2118,5.3224,4.5144,4.935,2843588.0
1621425600000,4.9385,4.9416,2.8242,4.175,4834763.0
1621440000000,4.1747,4.5163,3.9218,4.0661,4155805.0
1621454400000,4.0665,4.1868,3.5914,3.6075,2732198.0
1621468800000,3.6068,3.8,3.1905,3.7469,4248820.0
1621483200000,3.7461,4.2188,3.7206,4.0628,2498776.0
1621497600000,4.0621,4.115,3.8045,4.0747,2025905.0
1621512000000,4.0745,4.3741,4.0153,4.1115,2187653.0
1621526400000,4.1139,4.1196,3.7444,4.05,2633224.0
1621540800000,4.0505,4.2519,3.9538,4.1913,1225119.0
1621555200000,4.1867,4.3766,4.1154,4.1376,1651585.0
1621569600000,4.1378,4.1706,3.8289,3.8715,1494954.0
1621584000000,3.8729,4.0453,3.7815,3.9213,1497209.0
1621598400000,3.9195,4.0234,3.364,3.433,3527487.0
1621612800000,3.4268,3.5654,3.214,3.2742,2434307.0
1621627200000,3.2744,3.4815,3.0238,3.4647,2043011.0
1621641600000,3.4656,3.5336,3.2381,3.2861,1779922.0
1621656000000,3.2879,3.3172,2.9657,3.1555,2557860.0
1621670400000,3.1555,3.4202,3.1531,3.388,1597929.0
1621684800000,3.3888,3.5018,3.2551,3.3878,2038671.0
1621699200000,3.3836,3.432,3.0812,3.0879,1538807.0
1621713600000,3.0861,3.3025,3.0861,3.1647,909962.0
1621728000000,3.1655,3.3685,3.0938,3.2466,1222581.0
1621742400000,3.2465,3.2465,2.8949,2.9594,1638668.0
1621756800000,2.9609,2.962,2.5968,2.6714,3378434.0
1621771200000,2.6689,2.692,2.33,2.4647,4130106.0
1621785600000,2.466,2.568,2.2007,2.5005,3130358.0
1621800000000,2.501,2.7605,2.501,2.6598,2097475.0
1621814400000,2.66,2.8189,2.5749,2.7556,2337005.0
1621828800000,2.758,2.9682,2.6467,2.9607,1934593.0
1621843200000,2.9576,3.0252,2.7936,3.001,2062507.0
1621857600000,3.0023,3.1145,2.9033,3.0437,2788262.0
1621872000000,3.0444,3.2179,2.9,3.2037,1478615.0
1621886400000,3.2069,3.2773,3.1304,3.2672,1351123.0
1621900800000,3.267,3.4338,3.0545,3.105,2076368.0
1621915200000,3.1068,3.2899,2.9897,3.2821,1808076.0
1621929600000,3.2822,3.2878,2.8435,2.8554,1997258.0
1621944000000,2.8557,3.133,2.821,3.1215,1805406.0
1621958400000,3.1233,3.2965,3.0548,3.1461,1622071.0
1621972800000,3.1468,3.4114,3.1297,3.3329,1118773.0
1621987200000,3.3331,3.6452,3.2413,3.4905,2287377.0
1622001600000,3.49,3.6093,3.4254,3.496,1585615.0
1622016000000,3.4928,3.5264,3.3041,3.4364,2251392.0
1622030400000,3.4393,3.6276,3.3124,3.4073,4748050.0
1622044800000,3.4056,3.5247,3.2968,3.4798,2053284.0
1622059200000,3.4785,3.5473,3.3876,3.5374,1161210.0
1622073600000,3.537,3.54,3.1597,3.2064,2218147.0
1622088000000,3.2083,3.2496,3.1255,3.1837,2057617.0
1622102400000,3.1826,3.3655,3.1292,3.3096,2252088.0
1622116800000,3.3086,3.4869,3.3065,3.3925,1753574.0
1622131200000,3.3938,3.4057,3.2075,3.2554,1356487.0
1622145600000,3.2534,3.3076,3.1583,3.3017,1225742.0
1622160000000,3.3017,3.3369,3.1402,3.2941,1137977.0
1622174400000,3.2954,3.2959,2.8661,2.9743,1974609.0
1622188800000,2.972,3.0032,2.7007,2.7584,2422674.0
1622203200000,2.7569,3.1305,2.7263,3.0718,2645216.0
1622217600000,3.0711,3.0974,2.9418,3.0757,1801179.0
1622232000000,3.0759,3.1016,2.8484,2.9205,1452949.0
1622246400000,2.9215,2.973,2.856,2.8887,1474450.0
1622260800000,2.8909,2.9377,2.781,2.8648,1544526.0
1622275200000,2.8648,2.887,2.6885,2.8045,1614882.0
1622289600000,2.8037,2.8048,2.5517,2.6187,2203430.0
1622304000000,2.6189,2.7165,2.5235,2.5892,1641610.0
1622318400000,2.5894,2.7173,2.5336,2.6936,1066160.0
1622332800000,2.694,2.7571,2.525,2.7386,1518091.0
1622347200000,2.7376,3.1041,2.7185,3.0669,3138723.0
1622361600000,3.0671,3.2841,3.009,3.2428,6194698.0
1622376000000,3.2458,3.2632,3.0166,3.1227,4039922.0
1622390400000,3.1233,3.2616,3.0985,3.1465,2912863.0
1622404800000,3.1475,3.2593,3.08,3.1147,2213817.0
1622419200000,3.1165,3.215,2.9153,2.9555,2915088.0
1622433600000,2.9554,3.1888,2.88,3.184,3082378.0
1622448000000,3.1842,3.2475,3.11,3.1892,2018955.0
1622462400000,3.1889,3.3537,3.0916,3.3058,3096332.0
1622476800000,3.3051,3.366,3.2125,3.2595,1480442.0
1622491200000,3.2597,3.3762,3.191,3.355,1183896.0
1622505600000,3.3556,3.3841,3.1817,3.2097,1619823.0
1622520000000,3.2087,3.296,3.1508,3.1844,1221463.0
1622534400000,3.1845,3.2088,3.07,3.1782,1365761.0
1622548800000,3.1793,3.1806,3.0386,3.085,1555493.0
1622563200000,3.0847,3.147,3.034,3.0549,1096616.0
1622577600000,3.0558,3.2834,3.0526,3.2366,1197802.0
1622592000000,3.2363,3.2904,3.146,3.2445,1729506.0
1622606400000,3.2446,3.506,3.23,3.4491,5575746.0
1622620800000,3.4502,3.4667,3.3626,3.4209,1783759.0
1622635200000,3.4203,3.5139,3.3661,3.3892,1811486.0
1622649600000,3.3889,3.4363,3.3253,3.3362,1075284.0
1622664000000,3.3361,3.3468,3.2533,3.3139,1021806.0
1622678400000,3.3139,3.486,3.2652,3.4539,1527157.0
1622692800000,3.4548,3.5049,3.4278,3.4665,1337812.0
1622707200000,3.4672,3.6529,3.4443,3.5048,2484102.0
1622721600000,3.5051,3.5374,3.376,3.4113,2738377.0
1622736000000,3.4115,3.474,3.381,3.4489,922316.0
1622750400000,3.4485,3.6277,3.4476,3.6114,1242531.0
1622764800000,3.6131,3.6189,3.2617,3.3521,2179029.0
1622779200000,3.3525,3.3824,3.0452,3.1315,2575035.0
1622793600000,3.1308,3.2,3.0629,3.0881,1788122.0
1622808000000,3.0883,3.1956,3.001,3.1824,1751756.0
1622822400000,3.1815,3.2545,3.1551,3.192,899466.0
1622836800000,3.1879,3.2767,3.1309,3.1698,720501.0
1622851200000,3.1705,3.374,3.1512,3.3096,1068334.0
1622865600000,3.3106,3.429,3.2861,3.3668,1113988.0
1622880000000,3.3655,3.424,3.1265,3.1513,1743141.0
1622894400000,3.1527,3.2023,3.0938,3.1843,1577587.0
1622908800000,3.1811,3.1858,3.0628,3.0693,677692.0
1622923200000,3.0672,3.3764,2.9895,3.2841,2698089.0
1622937600000,3.2858,3.32,3.2125,3.2186,1708918.0
1622952000000,3.2184,3.2702,3.1683,3.1962,866416.0
1622966400000,3.1949,3.2166,3.1201,3.1311,799359.0
1622980800000,3.1314,3.2415,3.1026,3.1804,1139423.0
1622995200000,3.1795,3.2636,3.1366,3.1373,1030514.0
1623009600000,3.1378,3.2023,3.105,3.2023,715183.0
1623024000000,3.2026,3.2744,3.1567,3.2185,1092910.0
1623038400000,3.2193,3.244,3.1446,3.2273,1039402.0
1623052800000,3.2297,3.3082,3.1757,3.2385,1163090.0
1623067200000,3.2385,3.28,3.1728,3.192,992158.0
1623081600000,3.1928,3.2018,3.1143,3.1556,790242.0
1623096000000,3.1547,3.1712,2.905,2.9234,2474831.0
1623110400000,2.9234,2.9861,2.782,2.8472,1881878.0
1623124800000,2.8476,2.9313,2.7808,2.8934,1477942.0
1623139200000,2.8934,2.9509,2.8474,2.9239,1342348.0
1623153600000,2.9267,2.9352,2.6802,2.763,1747389.0
1623168000000,2.7628,2.9316,2.7456,2.9201,1454803.0
1623182400000,2.9216,2.9565,2.8881,2.8977,761125.0
1623196800000,2.8971,2.9493,2.7778,2.871,1672976.0
1623211200000,2.8717,3.0035,2.843,2.9287,1547080.0
1623225600000,2.9279,2.9657,2.8567,2.9555,1224655.0
1623240000000,2.9562,3.1729,2.9448,3.1649,2905052.0
1623254400000,3.1681,3.2652,3.1318,3.2428,2516929.0
1623268800000,3.2429,3.3368,3.2109,3.2264,2170844.0
1623283200000,3.2269,3.2476,3.1529,3.1548,1359133.0
1623297600000,3.1549,3.22,3.1216,3.194,1136245.0
1623312000000,3.1929,3.2473,3.0823,3.2122,2113014.0
1623326400000,3.2116,3.2175,3.0218,3.0739,1974430.0
1623340800000,3.0741,3.1033,2.9301,2.9362,1362299.0
1623355200000,2.9354,3.0108,2.8772,2.968,910239.0
1623369600000,2.9685,3.0146,2.8915,2.9881,1085886.0
1623384000000,2.9865,3.009,2.9275,2.9678,620639.0
1623398400000,2.9663,3.1236,2.9595,3.0839,1276178.0
1623412800000,3.0856,3.1657,3.0169,3.0732,1366535.0
1623427200000,3.0732,3.1823,3.0163,3.1047,1565812.0
1623441600000,3.1044,3.2022,2.9787,3.0217,2036510.0
1623456000000,3.0221,3.0237,2.8022,2.8514,1735839.0
1623470400000,2.8487,2.8977,2.81,2.8644,1027402.0
1623484800000,2.8621,2.9185,2.7856,2.9082,1404184.0
1623499200000,2.9089,2.9655,2.8729,2.8909,857923.0
1623513600000,2.8908,2.9777,2.8747,2.9443,796452.0
1623528000000,2.9446,3.0172,2.8843,2.9104,745984.0
1623542400000,2.9098,2.9723,2.8567,2.871,786450.0
1623556800000,2.8691,2.951,2.8663,2.9304,612305.0
1623571200000,2.9296,2.9657,2.9108,2.9288,453962.0
1623585600000,2.9284,2.9509,2.8606,2.8955,604265.0
1623600000000,2.8951,3.0697,2.8849,3.0602,1216001.0
1623614400000,3.0603,3.1581,3.0497,3.1325,1109544.0
1623628800000,3.1325,3.157,3.0566,3.0991,1005149.0
1623643200000,3.0992,3.1415,3.0864,3.116,635671.0
1623657600000,3.117,3.2426,3.0548,3.2139,1507837.0
1623672000000,3.212,3.3623,3.1903,3.3184,1965204.0
1623686400000,3.3185,3.336,3.1525,3.1783,1453494.0
1623700800000,3.1794,3.2301,3.1423,3.2225,751940.0
1623715200000,3.222,3.2831,3.1707,3.2434,995220.0
1623729600000,3.2433,3.3197,3.2245,3.269,893152.0
1623744000000,3.2695,3.2936,3.1775,3.2219,1803007.0
1623758400000,3.2226,3.302,3.1613,3.1993,1234873.0
1623772800000,3.1985,3.2866,3.1938,3.2051,914111.0
1623787200000,3.2041,3.2637,3.171,3.2166,667685.0
1623801600000,3.2165,3.2165,3.1345,3.1706,743786.0
1623816000000,3.1713,3.2092,3.1563,3.1757,732740.0
1623830400000,3.1759,3.2418,3.05,3.069,1586344.0
1623844800000,3.0704,3.0827,2.9908,3.0191,1188557.0
1623859200000,3.0178,3.1,2.979,3.0827,1207978.0
1623873600000,3.0819,3.1159,3.0167,3.0759,681517.0
1623888000000,3.0759,3.1481,3.053,3.1396,764232.0
1623902400000,3.1404,3.1651,3.0954,3.1427,700394.0
1623916800000,3.1429,3.2026,3.133,3.1351,1126697.0
1623931200000,3.1343,3.1352,3.0481,3.1264,1120037.0
1623945600000,3.1239,3.1289,2.9981,3.0707,1240957.0
1623960000000,3.0685,3.087,2.9973,3.0845,1150472.0
1623974400000,3.0846,3.1163,3.0011,3.0876,869812.0
1623988800000,3.0883,3.1562,3.0671,3.123,860917.0
1624003200000,3.1233,3.32,3.0487,3.2545,4079808.0
1624017600000,3.2544,3.279,3.0696,3.0794,7404896.0
1624032000000,3.081,3.1792,2.8614,2.8684,6130421.0
1624046400000,2.8675,2.9319,2.8585,2.9287,1541502.0
1624060800000,2.9281,2.9716,2.8414,2.8903,1992924.0
1624075200000,2.8901,2.9537,2.8721,2.9315,1269302.0
1624089600000,2.9302,2.9375,2.8759,2.9248,1103638.0
1624104000000,2.9249,2.9795,2.8824,2.9402,1667677.0
1624118400000,2.9399,2.9466,2.8609,2.9215,1394427.0
1624132800000,2.9216,2.9292,2.85,2.8604,776772.0
1624147200000,2.8633,2.8915,2.8066,2.8787,1213094.0
1624161600000,2.8788,2.9108,2.8562,2.8776,532102.0
1624176000000,2.8788,2.8908,2.6597,2.6774,1647225.0
1624190400000,2.6769,2.7919,2.65,2.7627,1500842.0
1624204800000,2.7622,2.8926,2.7536,2.8883,906579.0
1624219200000,2.8885,2.9091,2.8586,2.8816,744023.0
1624233600000,2.8818,2.9289,2.7831,2.784,1099462.0
1624248000000,2.783,2.7882,2.5853,2.6212,2547582.0
1624262400000,2.6208,2.6416,2.3682,2.4808,3067356.0
1624276800000,2.4821,2.5688,2.4,2.4985,1691572.0
1624291200000,2.4983,2.5259,2.403,2.4473,1472381.0
1624305600000,2.4474,2.4726,2.2339,2.2394,1931318.0
1624320000000,2.2397,2.3984,2.1437,2.3673,2557435.0
1624334400000,2.369,2.3753,2.275,2.311,1417009.0
1624348800000,2.3114,2.3134,2.0768,2.0779,2276210.0
1624363200000,2.0792,2.1724,1.9169,2.1616,3478796.0
1624377600000,2.1607,2.2475,2.1338,2.1373,2025638.0
1624392000000,2.137,2.2239,2.09,2.1303,1751501.0
1624406400000,2.1291,2.3278,2.0381,2.2857,2041697.0
1624420800000,2.2849,2.3541,2.25,2.32,1429188.0
1624435200000,2.3217,2.3686,2.271,2.3155,1135748.0
1624449600000,2.3149,2.3955,2.2426,2.2519,1604959.0
1624464000000,2.2527,2.2911,2.0225,2.0225,2454242.0
1624478400000,2.0224,2.1518,2.0224,2.146,3108394.0
1624492800000,2.1436,2.1745,2.0201,2.0675,2721467.0
1624507200000,2.0661,2.1402,2.041,2.0862,2603080.0
1624521600000,2.0872,2.1888,2.0841,2.1765,2353038.0
1624536000000,2.1774,2.22,2.1297,2.1684,2120522.0
1624550400000,2.1681,2.254,2.153,2.2049,2038525.0
1624564800000,2.2059,2.2169,2.145,2.1688,982094.0
1624579200000,2.1684,2.2295,2.1127,2.2063,1810658.0
1624593600000,2.2065,2.2077,2.0657,2.0942,1901776.0
1624608000000,2.0935,2.1199,2.0353,2.0445,1930659.0
1624622400000,2.0459,2.0928,1.982,2.0126,2461300.0
1624636800000,2.0137,2.0344,1.9024,1.9312,2995145.0
1624651200000,1.9311,1.9916,1.8759,1.8897,2899144.0
1624665600000,1.8894,1.9026,1.81,1.8726,4081234.0
1624680000000,1.8726,1.919,1.7714,1.7775,2968123.0
1624694400000,1.7774,1.8965,1.7441,1.8812,3677481.0
1624708800000,1.8814,1.892,1.7632,1.8356,3115329.0
1624723200000,1.8374,1.8701,1.7775,1.8228,2456096.0
1624737600000,1.8234,1.8881,1.7794,1.8847,1397438.0
1624752000000,1.8844,1.9314,1.858,1.919,2028533.0
1624766400000,1.9189,1.9308,1.8241,1.8876,1843561.0
1624780800000,1.8884,1.9107,1.8354,1.8643,2603228.0
1624795200000,1.8648,1.906,1.8236,1.8583,2115594.0
1624809600000,1.8579,1.8684,1.8117,1.8477,1523171.0
1624824000000,1.8477,1.9584,1.8068,1.9583,2219300.0
1624838400000,1.9586,1.9789,1.9253,1.9384,1673260.0
1624852800000,1.938,2.0594,1.9204,2.0444,2665150.0
1624867200000,2.0447,2.0483,1.9324,1.96,2649322.0
1624881600000,1.9606,2.0547,1.948,2.0514,2268074.0
1624896000000,2.0525,2.0613,1.9501,1.9616,2565051.0
1624910400000,1.9623,1.9977,1.9263,1.9733,1879921.0
1624924800000,1.973,2.0338,1.9596,1.995,1919044.0
1624939200000,1.9941,2.0856,1.9859,2.0751,2686858.0
1624953600000,2.0742,2.1708,2.062,2.145,3005932.0
1624968000000,2.1452,2.1788,2.0905,2.1323,2689422.0
1624982400000,2.1323,2.1886,2.0943,2.1266,1754754.0
1624996800000,2.1261,2.1285,2.0423,2.0936,1828460.0
1625011200000,2.0921,2.1201,1.9986,2.0034,2278538.0
1625025600000,2.0035,2.0458,1.9316,2.0335,2648043.0
1625040000000,2.0335,2.0452,1.9571,2.0213,2197753.0
1625054400000,2.0217,2.0458,1.9133,1.9339,2271353.0
1625068800000,1.9346,2.0315,1.9214,2.0309,1664607.0
1625083200000,2.0308,2.0868,2.0179,2.0868,1278233.0
1625097600000,2.0877,2.0882,1.9633,1.9681,1420518.0
1625112000000,1.9674,2.0608,1.9554,1.9638,2058830.0
1625126400000,1.9642,2.0064,1.915,2.0061,2667115.0
1625140800000,2.0048,2.1017,1.9564,2.0981,2603092.0
1625155200000,2.0976,2.1659,2.025,2.0468,6108613.0
1625169600000,2.0468,2.1348,2.0468,2.0692,2096213.0
1625184000000,2.0687,2.1963,2.0429,2.0573,5249411.0
1625198400000,2.0558,2.0958,1.9882,2.0199,3400769.0
1625212800000,2.0193,2.0314,1.9322,1.9514,3413940.0
1625227200000,1.9514,2.0276,1.9362,2.0253,2423230.0
1625241600000,2.0255,2.0951,2.0002,2.0895,2843456.0
1625256000000,2.09,2.1278,2.0485,2.1028,1371796.0
1625270400000,2.1031,2.2187,2.09,2.1889,4553136.0
1625284800000,2.189,2.2175,2.161,2.212,2370184.0
1625299200000,2.2128,2.2888,2.1976,2.2416,4028850.0
1625313600000,2.2413,2.265,2.216,2.2325,2213481.0
1625328000000,2.2331,2.2671,2.1936,2.2615,1937312.0
1625342400000,2.2616,2.2728,2.2038,2.2534,1534816.0
1625356800000,2.2529,2.2544,2.1567,2.196,1673615.0
1625371200000,2.1963,2.2622,2.1949,2.2398,1473995.0
1625385600000,2.2401,2.3438,2.239,2.2858,2764910.0
1625400000000,2.2855,2.296,2.2356,2.2846,1716574.0
1625414400000,2.2847,2.2958,2.2572,2.2849,1089084.0
1625428800000,2.2849,2.3123,2.2643,2.2889,1464630.0
1625443200000,2.2894,2.304,2.2018,2.2206,1681224.0
1625457600000,2.2199,2.2317,2.1849,2.2151,1236128.0
1625472000000,2.2162,2.2741,2.1055,2.1213,2280118.0
1625486400000,2.1213,2.1801,2.1126,2.1401,1471322.0
1625500800000,2.1402,2.2047,2.1126,2.1998,1178446.0
1625515200000,2.1997,2.2076,2.1612,2.1668,808060.0
1625529600000,2.1662,2.264,2.165,2.2395,1493554.0
1625544000000,2.2382,2.322,2.2382,2.3033,1423549.0
1625558400000,2.3036,2.3085,2.191,2.2275,2032247.0
1625572800000,2.2275,2.2858,2.2101,2.2447,1471799.0
1625587200000,2.2457,2.2607,2.1954,2.2478,881312.0
1625601600000,2.2479,2.2605,2.1902,2.2521,604019.0
1625616000000,2.2521,2.364,2.2322,2.3365,1953524.0
1625630400000,2.3364,2.3939,2.32,2.3394,2902312.0
1625644800000,2.3404,2.3615,2.29,2.3313,1556860.0
1625659200000,2.3308,2.384,2.3101,2.322,1564266.0
1625673600000,2.3218,2.4011,2.3041,2.3613,1111236.0
1625688000000,2.3616,2.3762,2.2817,2.3064,1162827.0
1625702400000,2.3057,2.3129,2.1619,2.1957,2082468.0
1625716800000,2.1952,2.1999,2.0797,2.1093,2276784.0
1625731200000,2.108,2.1489,2.0852,2.1444,1577400.0
1625745600000,2.1457,2.1649,2.0869,2.1573,1541433.0
1625760000000,2.1596,2.1636,2.1054,2.1364,754048.0
1625774400000,2.1357,2.1393,2.0403,2.0966,961824.0
1625788800000,2.0971,2.1025,2.0038,2.0898,1361163.0
1625803200000,2.0899,2.1134,2.0592,2.0799,1314268.0
1625817600000,2.0798,2.0893,2.0285,2.0411,1224043.0
1625832000000,2.0414,2.1193,2.0163,2.0959,1488433.0
1625846400000,2.0962,2.106,2.0611,2.0732,707162.0
1625860800000,2.0735,2.1195,2.0712,2.0902,847458.0
1625875200000,2.0902,2.1377,2.0617,2.0758,1060406.0
1625889600000,2.0741,2.1099,2.0521,2.0886,943237.0
1625904000000,2.0874,2.1067,2.0552,2.0804,977712.0
1625918400000,2.0789,2.0878,2.0548,2.0861,723301.0
1625932800000,2.0861,2.1206,2.0344,2.0579,1291932.0
1625947200000,2.0574,2.1148,2.026,2.1107,707581.0
1625961600000,2.1105,2.1855,2.0902,2.0966,1974554.0
1625976000000,2.0975,2.1767,2.075,2.1737,2273604.0
1625990400000,2.1734,2.2456,2.155,2.1972,4283900.0
1626004800000,2.1971,2.2303,2.17,2.1957,1944007.0
1626019200000,2.1958,2.2049,2.1707,2.1811,1045217.0
1626033600000,2.1809,2.1968,2.1543,2.1715,920814.0
1626048000000,2.1724,2.2279,2.1502,2.2166,1061735.0
1626062400000,2.2165,2.2217,2.1735,2.1796,956709.0
1626076800000,2.1793,2.1959,2.12,2.1206,1006273.0
1626091200000,2.1206,2.1523,2.115,2.1251,749713.0
1626105600000,2.1237,2.1285,2.029,2.0475,1069553.0
1626120000000,2.0469,2.1007,2.0299,2.0868,707488.0
1626134400000,2.0873,2.0973,2.0521,2.0782,557134.0
1626148800000,2.0794,2.0857,2.0199,2.0815,1026359.0
1626163200000,2.0821,2.0881,2.0228,2.0316,907176.0
1626177600000,2.0319,2.033,1.9852,2.0249,1486130.0
1626192000000,2.0255,2.0268,1.94,1.9413,1066122.0
1626206400000,1.9407,1.9624,1.92,1.9459,992390.0
1626220800000,1.9454,1.9562,1.8546,1.8779,1819535.0
1626235200000,1.8773,1.9353,1.8743,1.9278,1482418.0
1626249600000,1.9281,1.9899,1.8747,1.9728,1844244.0
1626264000000,1.974,2.084,1.9371,1.9953,3454792.0
1626278400000,1.9959,2.0443,1.9735,1.9819,1820701.0
1626292800000,1.9827,2.0231,1.9815,1.993,1040971.0
1626307200000,1.9932,2.0243,1.955,2.0014,1615884.0
1626321600000,2.001,2.0113,1.9172,1.9385,2192914.0
1626336000000,1.9386,1.9925,1.8911,1.9075,1879313.0
1626350400000,1.9072,1.9525,1.8709,1.9118,2368868.0
1626364800000,1.9119,1.9201,1.8561,1.8867,1477273.0
1626379200000,1.8867,1.9383,1.8859,1.9253,865201.0
1626393600000,1.9253,1.9796,1.9,1.9729,1098410.0
1626408000000,1.9729,1.9834,1.8846,1.9016,975301.0
1626422400000,1.9009,1.902,1.8154,1.8182,1554370.0
1626436800000,1.8173,1.9404,1.8171,1.9401,1923838.0
1626451200000,1.9404,1.943,1.8962,1.8994,1014068.0
1626465600000,1.8993,1.9104,1.8313,1.8367,1158275.0
1626480000000,1.8372,1.8758,1.7952,1.8244,1534777.0
1626494400000,1.8246,1.8649,1.8195,1.8507,882408.0
1626508800000,1.8504,1.9419,1.8208,1.9419,3584000.0
1626523200000,1.9405,1.9982,1.9301,1.9473,4614098.0
1626537600000,1.9471,2.0326,1.9284,2.02,3461227.0
1626552000000,2.0194,2.0365,1.9258,1.9357,2235969.0
1626566400000,1.9353,1.9917,1.931,1.9492,1712417.0
1626580800000,1.9489,1.956,1.9002,1.9133,1420073.0
1626595200000,1.9136,1.9423,1.9049,1.9405,1415497.0
1626609600000,1.9405,1.95,1.85,1.8678,1959843.0
1626624000000,1.8678,1.9032,1.8602,1.8981,1283018.0
1626638400000,1.898,1.9394,1.8852,1.9044,1384093.0
1626652800000,1.9052,1.917,1.8408,1.8658,1244291.0
1626667200000,1.8659,1.8883,1.8569,1.8591,698750.0
1626681600000,1.858,1.8686,1.7775,1.7815,1501003.0
1626696000000,1.7815,1.793,1.7126,1.7524,2126646.0
1626710400000,1.7521,1.7686,1.7174,1.7396,855526.0
1626724800000,1.7408,1.7555,1.7156,1.7293,815283.0
1626739200000,1.7292,1.7571,1.5937,1.6069,2857200.0
1626753600000,1.6066,1.6421,1.5961,1.6354,1356371.0
1626768000000,1.6343,1.6381,1.5421,1.6135,1828680.0
1626782400000,1.6132,1.7143,1.5963,1.7118,3427327.0
1626796800000,1.7123,1.714,1.6551,1.6804,2385912.0
1626811200000,1.6808,1.7019,1.6462,1.6772,777417.0
1626825600000,1.6777,1.6946,1.6157,1.6861,1227226.0
1626840000000,1.6858,1.7449,1.6853,1.7297,1742252.0
1626854400000,1.7286,1.7882,1.7083,1.7809,1448842.0
1626868800000,1.7808,1.8194,1.7437,1.806,2341718.0
1626883200000,1.8053,1.8369,1.73,1.7517,2537562.0
1626897600000,1.7515,1.827,1.7484,1.826,941836.0
1626912000000,1.826,1.8491,1.7747,1.8076,1096034.0
1626926400000,1.8065,1.8657,1.8042,1.8457,1585763.0
1626940800000,1.8459,1.8615,1.7875,1.8083,1503226.0
1626955200000,1.8077,1.855,1.764,1.8519,1289072.0
1626969600000,1.8525,1.94,1.8489,1.9349,3604355.0
1626984000000,1.9344,1.9377,1.874,1.9313,1020990.0
1626998400000,1.9313,1.9431,1.886,1.8946,1071863.0
1627012800000,1.8942,1.9376,1.8645,1.8973,1278059.0
1627027200000,1.8973,1.9041,1.8553,1.8673,1104435.0
1627041600000,1.8666,1.9167,1.8555,1.8631,1432262.0
1627056000000,1.8628,1.8732,1.8115,1.8489,1283980.0
1627070400000,1.8496,1.939,1.8465,1.9374,1328169.0
1627084800000,1.9369,1.9986,1.9134,1.9813,2516222.0
1627099200000,1.9824,2.1378,1.9558,2.0913,3451204.0
1627113600000,2.0908,2.1315,2.0369,2.1121,3186435.0
1627128000000,2.1115,2.1115,2.0251,2.0758,2074778.0
1627142400000,2.0766,2.1944,2.0721,2.1316,3649802.0
1627156800000,2.1311,2.1664,2.0841,2.136,2090597.0
1627171200000,2.1374,2.3087,2.1011,2.2171,7765281.0
1627185600000,2.2161,2.2358,2.121,2.1643,4374731.0
1627200000000,2.1632,2.1831,2.1101,2.1153,2545078.0
1627214400000,2.1154,2.1154,2.0375,2.0809,2172541.0
1627228800000,2.0798,2.0972,2.055,2.0717,1217167.0
1627243200000,2.0708,2.1567,2.0503,2.1548,1282423.0
1627257600000,2.154,2.3119,2.1326,2.3019,4707066.0
1627272000000,2.3014,2.5153,2.2964,2.3825,6063191.0
1627286400000,2.3835,2.398,2.3141,2.3552,3300492.0
1627300800000,2.3551,2.3749,2.2563,2.2947,3026292.0
1627315200000,2.2956,2.3767,2.2834,2.2906,2280848.0
1627329600000,2.2896,2.2952,2.1306,2.1442,3019713.0
1627344000000,2.1445,2.1665,2.0646,2.116,2592253.0
1627358400000,2.116,2.1598,2.1039,2.1498,1647763.0
1627372800000,2.1492,2.3492,2.1309,2.3467,3155151.0
1627387200000,2.3469,2.3545,2.2088,2.2268,5080748.0
1627401600000,2.227,2.2346,2.1017,2.1354,3067134.0
1627416000000,2.1359,2.2491,2.1354,2.2325,1507879.0
1627430400000,2.2322,2.2448,2.1639,2.2005,1698882.0
1627444800000,2.2005,2.3037,2.1783,2.2328,2961213.0
1627459200000,2.2331,2.2735,2.1849,2.2574,2093835.0
1627473600000,2.2575,2.2682,2.1508,2.1823,2225188.0
1627488000000,2.1834,2.2101,2.1303,2.1758,2059553.0
1627502400000,2.1756,2.2463,2.1458,2.2252,1484027.0
1627516800000,2.2234,2.3071,2.1846,2.2019,3299417.0
1627531200000,2.2017,2.2657,2.1955,2.2186,1593255.0
1627545600000,2.2208,2.2749,2.205,2.2236,1801277.0
1627560000000,2.2244,2.253,2.1959,2.2406,1347086.0
1627574400000,2.2401,2.2622,2.2114,2.2298,1071183.0
1627588800000,2.2295,2.2709,2.2033,2.2548,927107.0
1627603200000,2.2553,2.365,2.2205,2.3167,2285816.0
1627617600000,2.3165,2.329,2.2553,2.2896,1604194.0
1627632000000,2.2904,2.3166,2.1432,2.15,2500048.0
1627646400000,2.1505,2.2063,2.1456,2.2063,1222492.0
1627660800000,2.205,2.2363,2.1943,2.2296,1074908.0
1627675200000,2.2299,2.3333,2.2247,2.3218,1724740.0
1627689600000,2.3218,2.4955,2.2957,2.457,4021790.0
1627704000000,2.4571,2.5068,2.4083,2.4611,2847273.0
1627718400000,2.4612,2.4837,2.3932,2.4363,1878149.0
1627732800000,2.4356,2.4549,2.349,2.4105,1906189.0
1627747200000,2.4112,2.4153,2.35,2.3914,1064077.0
1627761600000,2.391,2.4294,2.3654,2.399,1306016.0
1627776000000,2.3993,2.4925,2.3753,2.489,2115483.0
1627790400000,2.4883,2.5529,2.4516,2.5251,2542598.0
1627804800000,2.525,2.549,2.4231,2.4502,2267852.0
1627819200000,2.4494,2.5065,2.4312,2.4693,1687955.0
1627833600000,2.4694,2.5033,2.3847,2.4832,1776956.0
1627848000000,2.4838,2.5375,2.3756,2.3906,1829203.0
1627862400000,2.3906,2.4153,2.3205,2.3833,1761699.0
1627876800000,2.3843,2.4459,2.3571,2.4207,1555306.0
1627891200000,2.42,2.4274,2.3776,2.4074,1847226.0
1627905600000,2.4084,2.4172,2.3528,2.4096,1558910.0
1627920000000,2.4102,2.4667,2.36,2.3685,3099294.0
1627934400000,2.3691,2.385,2.322,2.3532,1893876.0
1627948800000,2.3545,2.4006,2.2815,2.299,2285212.0
1627963200000,2.299,2.3112,2.2224,2.2729,2289099.0
1627977600000,2.2727,2.3477,2.25,2.3191,2155931.0
1627992000000,2.3194,2.377,2.2719,2.3272,1897492.0
1628006400000,2.3262,2.374,2.3031,2.3222,1361286.0
1628020800000,2.323,2.3694,2.2953,2.3416,785733.0
1628035200000,2.3409,2.3496,2.3,2.3039,1359963.0
1628049600000,2.3039,2.3309,2.2753,2.2954,805321.0
1628064000000,2.2963,2.4073,2.2584,2.4021,4481724.0
1628078400000,2.4025,2.4514,2.3933,2.4387,2743708.0
1628092800000,2.4392,2.4659,2.431,2.4413,1152724.0
1628107200000,2.4416,2.495,2.4355,2.4574,981229.0
1628121600000,2.4565,2.4831,2.3824,2.4448,1110272.0
1628136000000,2.4448,2.4793,2.4048,2.4235,1222293.0
1628150400000,2.424,2.4359,2.3572,2.3907,1524939.0
1628164800000,2.389,2.4732,2.3251,2.4418,4280615.0
1628179200000,2.4417,2.5917,2.434,2.5401,6169993.0
1628193600000,2.5399,2.5661,2.4706,2.5166,2509990.0
1628208000000,2.5166,2.5209,2.4462,2.4512,1240621.0
1628222400000,2.4523,2.5134,2.4278,2.492,1678226.0
1628236800000,2.4908,2.5006,2.4426,2.4475,1489157.0
1628251200000,2.4479,2.5181,2.43,2.5152,1957709.0
1628265600000,2.5163,2.5912,2.4932,2.5654,2619513.0
1628280000000,2.5678,2.5789,2.506,2.5259,1284004.0
1628294400000,2.526,2.6439,2.4811,2.6323,2598968.0
1628308800000,2.6329,2.7695,2.609,2.7499,9123432.0
1628323200000,2.7489,2.7957,2.72,2.7536,3351123.0
1628337600000,2.7528,2.7696,2.61,2.6864,3538085.0
1628352000000,2.6873,2.6903,2.5801,2.6716,2353784.0
1628366400000,2.6708,2.7938,2.6454,2.7846,1591229.0
1628380800000,2.7848,2.7884,2.6158,2.7213,3209235.0
1628395200000,2.721,2.7689,2.6834,2.7155,1963513.0
1628409600000,2.7155,2.7433,2.6526,2.6643,1323539.0
1628424000000,2.6652,2.7259,2.593,2.6048,1578752.0
1628438400000,2.6055,2.629,2.5225,2.5415,1709292.0
1628452800000,2.5424,2.6042,2.5214,2.5606,1047821.0
1628467200000,2.5609,2.5721,2.463,2.5449,1621383.0
1628481600000,2.5444,2.5723,2.5171,2.5698,1102370.0
1628496000000,2.5697,2.7133,2.5602,2.686,2250369.0
1628510400000,2.6861,2.7527,2.6514,2.7355,1605669.0
1628524800000,2.7341,2.75,2.6876,2.7098,1894885.0
1628539200000,2.7104,2.7281,2.6319,2.6892,897521.0
1628553600000,2.6899,2.7218,2.649,2.6688,1205183.0
1628568000000,2.6688,2.7121,2.6513,2.7101,950297.0
1628582400000,2.7096,2.8649,2.7011,2.8614,4629616.0
1628596800000,2.8618,2.9498,2.7585,2.8054,5847227.0
1628611200000,2.8045,2.8224,2.7147,2.8202,1795122.0
1628625600000,2.8209,2.8647,2.8014,2.8615,1168727.0
1628640000000,2.8612,2.8867,2.8223,2.855,1468020.0
1628654400000,2.8557,2.9375,2.8469,2.91,1620121.0
1628668800000,2.9098,2.9975,2.8775,2.9508,2349735.0
1628683200000,2.9507,3.0042,2.926,2.9443,2328128.0
1628697600000,2.9448,3.0507,2.9301,3.0416,1366169.0
1628712000000,3.0416,3.0445,2.8644,2.9764,2236696.0
1628726400000,2.9766,3.3006,2.9641,3.2133,3753099.0
1628740800000,3.2119,3.2677,2.9793,3.1616,6344795.0
1628755200000,3.1611,3.4649,3.1021,3.2072,16262765.0
1628769600000,3.2095,3.263,3.0618,3.1124,7832003.0
1628784000000,3.1122,3.3548,3.0501,3.2947,8199661.0
1628798400000,3.2943,3.3709,3.189,3.3429,4931324.0
1628812800000,3.343,3.4649,3.2354,3.2557,5168537.0
1628827200000,3.2559,3.4235,3.225,3.3672,3583519.0
1628841600000,3.3673,3.4934,3.3128,3.3585,4315082.0
1628856000000,3.3585,3.4157,3.2624,3.3228,2552283.0
1628870400000,3.3236,3.3775,3.2873,3.3215,1993586.0
1628884800000,3.3219,3.423,3.3089,3.4169,1708339.0
1628899200000,3.4169,3.4188,3.3208,3.3411,1572484.0
1628913600000,3.3418,3.4432,3.3246,3.408,2142261.0
1628928000000,3.4069,3.4449,3.2,3.2861,3753708.0
1628942400000,3.2871,3.3013,3.1959,3.268,2613390.0
1628956800000,3.2687,3.2738,3.2103,3.254,1448225.0
1628971200000,3.253,3.2619,3.16,3.2511,1223978.0
1628985600000,3.2509,3.2843,3.2,3.2018,1284201.0
1629000000000,3.2025,3.2369,3.0147,3.0748,3967503.0
1629014400000,3.0738,3.154,3.0436,3.1432,2207252.0
1629028800000,3.1424,3.1807,3.0743,3.151,1865555.0
1629043200000,3.1521,3.1974,3.1052,3.1935,1102957.0
1629057600000,3.1934,3.2689,3.1801,3.2347,1488409.0
1629072000000,3.2325,3.3179,3.221,3.2254,2182553.0
1629086400000,3.225,3.4871,3.225,3.435,3961783.0
1629100800000,3.4349,3.52,3.3682,3.4747,3745287.0
1629115200000,3.475,3.4817,3.2717,3.4348,4144386.0
1629129600000,3.4357,3.5728,3.3935,3.4576,3208025.0
1629144000000,3.4584,3.5026,3.3049,3.4663,3003868.0
1629158400000,3.464,3.9,3.3736,3.8775,12536292.0
1629172800000,3.8776,3.9769,3.7212,3.9397,8038190.0
1629187200000,3.9393,4.004,3.8365,3.9241,6632098.0
1629201600000,3.9238,3.9496,3.7122,3.776,4552381.0
1629216000000,3.7769,3.882,3.6679,3.7397,4145173.0
1629230400000,3.7397,3.7975,3.5049,3.7286,5316909.0
1629244800000,3.7283,4.3808,3.5868,4.2679,19671733.0
1629259200000,4.2667,4.3322,4.0401,4.0799,9491040.0
1629273600000,4.079,4.2593,3.9642,3.9932,8479440.0
1629288000000,3.9932,4.5,3.9526,4.3803,16486138.0
1629302400000,4.3802,4.5669,4.2542,4.2778,9400481.0
1629316800000,4.2782,4.4498,4.1051,4.4328,6354213.0
1629331200000,4.4328,4.8283,4.4269,4.4486,14608467.0
1629345600000,4.4492,4.5396,4.3333,4.4158,5822802.0
1629360000000,4.4158,4.53,4.1517,4.1611,6037801.0
1629374400000,4.1604,4.3721,4.1526,4.3151,4569904.0
1629388800000,4.3151,4.4855,4.261,4.4441,2736756.0
1629403200000,4.4442,4.5948,4.3716,4.4899,2207729.0
1629417600000,4.4897,4.5051,4.3134,4.376,3955092.0
1629432000000,4.3756,4.46,4.32,4.3725,2847587.0
1629446400000,4.3725,4.4427,4.3217,4.3924,2473401.0
1629460800000,4.3924,4.6235,4.3902,4.4879,3625390.0
1629475200000,4.4888,4.5107,4.321,4.3467,2698946.0
1629489600000,4.348,4.4395,4.3123,4.4164,1860530.0
1629504000000,4.4173,4.6214,4.317,4.5021,4375502.0
1629518400000,4.5031,4.5083,4.4059,4.458,2124308.0
1629532800000,4.4582,4.9583,4.4456,4.95,8144372.0
1629547200000,4.9501,5.4105,4.8886,5.3184,13894226.0
1629561600000,5.3187,5.9318,5.2769,5.7424,16891435.0
1629576000000,5.7425,6.269,5.6351,6.1879,14261106.0
1629590400000,6.1923,6.5953,5.9176,5.9982,23199458.0
1629604800000,5.9951,6.077,5.7578,5.7952,12616816.0
1629619200000,5.795,5.83,5.5533,5.611,11146472.0
1629633600000,5.6103,5.7083,5.3646,5.559,10919910.0
1629648000000,5.5587,5.603,5.3396,5.395,4067011.0
1629662400000,5.393,5.6094,5.336,5.467,3499290.0
1629676800000,5.4664,5.8888,5.4565,5.7671,9202641.0
1629691200000,5.7688,5.798,5.52,5.5509,4446425.0
1629705600000,5.552,5.65,5.4206,5.5938,3810148.0
1629720000000,5.5953,5.6174,5.369,5.4248,3755106.0
1629734400000,5.4232,5.6164,5.4128,5.4993,2895833.0
1629748800000,5.501,5.6287,5.457,5.5036,1924325.0
1629763200000,5.5026,5.5707,5.2778,5.4431,3794557.0
1629777600000,5.4433,5.7589,5.3874,5.7191,3698451.0
1629792000000,5.7191,5.7296,5.4952,5.5354,4101950.0
1629806400000,5.5351,5.5416,4.9182,5.061,6053739.0
1629820800000,5.0611,5.2525,4.8754,5.224,4685775.0
1629835200000,5.2235,5.37,5.05,5.0502,2238632.0
1629849600000,5.0496,5.3612,4.9782,5.128,3920831.0
1629864000000,5.1258,5.3253,5.0821,5.188,2288945.0
1629878400000,5.1884,5.2139,4.8146,4.9922,4213528.0
1629892800000,4.9896,5.6003,4.9259,5.5459,6185704.0
1629907200000,5.5459,5.6,5.318,5.3238,3815080.0
1629921600000,5.3223,5.6143,5.263,5.6027,2275467.0
1629936000000,5.5984,5.7667,5.3,5.3602,6303024.0
1629950400000,5.3593,5.411,4.9506,5.0458,5169409.0
1629964800000,5.0444,5.192,5.0,5.0624,3413136.0
1629979200000,5.0636,5.26,4.8913,5.0045,4201656.0
1629993600000,5.0034,5.0355,4.8,4.9046,2839200.0
1630008000000,4.902,4.998,4.8613,4.8707,1316592.0
1630022400000,4.8706,4.9586,4.6287,4.7006,4587198.0
1630036800000,4.7,4.9997,4.607,4.9851,2884335.0
1630051200000,4.9833,5.0899,4.8715,5.0053,3264162.0
1630065600000,5.0039,5.1698,4.91,5.094,3030126.0
1630080000000,5.0939,5.3963,5.033,5.2494,3048436.0
1630094400000,5.2483,5.383,5.1829,5.323,1637770.0
1630108800000,5.3244,5.3486,5.0915,5.0987,2411698.0
1630123200000,5.0996,5.23,5.0609,5.1912,1978908.0
1630137600000,5.1896,5.2175,5.07,5.0965,1882042.0
1630152000000,5.0935,5.64,5.0825,5.5962,9645456.0
1630166400000,5.5941,5.8142,5.5,5.7056,5959571.0
1630180800000,5.7054,5.7834,5.5658,5.725,2990183.0
1630195200000,5.7303,6.2321,5.7001,5.7347,12775636.0
1630209600000,5.7357,6.0723,5.6139,5.8679,7134650.0
1630224000000,5.8684,6.1923,5.743,5.9088,7835520.0
1630238400000,5.91,6.0924,5.6216,5.6742,5999645.0
1630252800000,5.6726,5.7294,5.5824,5.712,2461590.0
1630267200000,5.7119,5.7205,5.5409,5.5492,1617180.0
1630281600000,5.55,5.805,5.4698,5.5252,4487300.0
1630296000000,5.5246,5.5954,5.4454,5.5424,2584874.0
1630310400000,5.5414,5.59,5.405,5.4729,2253442.0
1630324800000,5.4728,5.6634,5.2337,5.6527,4512923.0
1630339200000,5.6509,5.8883,5.5812,5.6992,4035683.0
1630353600000,5.6986,5.7032,5.3031,5.3349,2249871.0
1630368000000,5.334,5.3698,5.1646,5.3313,3531394.0
1630382400000,5.3306,5.4438,5.1739,5.4237,2603417.0
1630396800000,5.4238,5.5037,5.28,5.4687,2588016.0
1630411200000,5.4671,5.5329,5.2548,5.3539,2772946.0
1630425600000,5.3531,5.3806,5.2093,5.3499,1543589.0
1630440000000,5.3488,5.3696,5.1515,5.2867,1431748.0
1630454400000,5.2858,5.443,5.1225,5.2464,2300135.0
1630468800000,5.2464,5.3792,5.2339,5.3165,1571821.0
1630483200000,5.3172,5.5599,5.2965,5.5326,2264866.0
1630497600000,5.5314,5.5926,5.3795,5.4342,2513554.0
1630512000000,5.4327,5.5922,5.401,5.527,1506443.0
1630526400000,5.5284,5.6084,5.454,5.5037,893980.0
1630540800000,5.5028,5.68,5.4416,5.597,1726191.0
1630555200000,5.5971,5.6917,5.512,5.5505,2387148.0
1630569600000,5.5505,5.6237,5.516,5.5606,1832179.0
1630584000000,5.5609,5.5741,5.42,5.4567,2781782.0
1630598400000,5.4593,5.532,5.4066,5.4396,1401841.0
1630612800000,5.4408,5.57,5.4301,5.5016,1188908.0
1630627200000,5.502,6.0272,5.4787,5.9891,8934269.0
1630641600000,5.993,6.3799,5.8756,6.2584,8674911.0
1630656000000,6.2583,6.65,6.1494,6.5414,13756439.0
1630670400000,6.541,6.7,6.39,6.598,11219483.0
1630684800000,6.5994,6.8879,6.3526,6.4091,13542081.0
1630699200000,6.4117,6.4298,6.1101,6.1815,6599601.0
1630713600000,6.1824,6.3849,6.0212,6.2984,5693007.0
1630728000000,6.2981,6.3093,6.1315,6.1676,3055364.0
1630742400000,6.168,6.359,6.1319,6.2042,4085382.0
1630756800000,6.2044,6.3141,6.15,6.2442,3142687.0
1630771200000,6.2436,6.2735,6.02,6.0671,3182217.0
1630785600000,6.0673,6.1373,6.011,6.0874,1917146.0
1630800000000,6.0878,6.1268,5.8751,5.8935,3953007.0
1630814400000,5.8934,6.0113,5.88,5.9781,2256482.0
1630828800000,5.9768,6.1978,5.9748,6.0494,3461410.0
1630843200000,6.0492,6.0838,5.9604,5.99,3167041.0
1630857600000,5.9889,6.0874,5.9738,5.9833,2044395.0
1630872000000,5.9841,6.1645,5.9809,6.15,2115662.0
1630886400000,6.1495,6.3054,6.0626,6.1992,3013062.0
1630900800000,6.1984,6.309,6.1503,6.2496,2466320.0
1630915200000,6.2493,6.4467,6.0586,6.133,4339071.0
1630929600000,6.134,6.1345,5.7125,6.0055,5696477.0
1630944000000,6.0062,6.0847,5.9506,6.0062,2074057.0
1630958400000,6.0066,6.1981,5.9809,6.1032,2163385.0
1630972800000,6.1045,6.1882,5.9606,6.0791,2511115.0
1630987200000,6.0779,6.892,6.0203,6.8158,10855929.0
1631001600000,6.8154,7.092,6.15,6.5109,23228635.0
1631016000000,6.5094,7.328,4.7379,6.0979,42002267.0
1631030400000,6.0987,7.7536,5.9611,7.0971,41356576.0
1631044800000,7.0976,8.8888,7.008,8.6751,30492084.0
1631059200000,8.6791,9.3999,8.2167,8.355,33857122.0
1631073600000,8.3579,8.6888,7.7017,7.7951,25519896.0
1631088000000,7.7971,10.6855,7.3473,10.1243,57334442.0
1631102400000,10.1176,10.8921,9.3272,9.92,55646755.0
1631116800000,9.92,11.0716,9.1391,9.277,29648281.0
1631131200000,9.273,10.5767,8.9091,10.3838,21589388.0
1631145600000,10.3843,11.7392,9.9999,11.148,26981890.0
1631160000000,11.15,11.7299,10.6179,11.4763,14574746.0
1631174400000,11.4707,11.9,10.53,10.5906,18436243.0
1631188800000,10.5912,11.0372,10.055,10.4452,19153635.0
1631203200000,10.444,11.03,9.68,9.8248,13644313.0
1631217600000,9.8228,10.0861,9.632,9.7419,6027637.0
1631232000000,9.742,10.1601,9.4569,10.1236,8960120.0
1631246400000,10.1236,10.4279,9.0558,9.2888,12014677.0
1631260800000,9.2893,9.6704,9.1281,9.259,10239700.0
1631275200000,9.2576,9.4031,8.5555,9.127,13265628.0
1631289600000,9.1266,9.387,8.7585,9.2014,6301643.0
1631304000000,9.2004,10.0381,8.6,9.9389,9394952.0
1631318400000,9.942,10.0192,8.7665,8.9707,9898489.0
1631332800000,8.9733,9.2291,8.8003,9.0097,6436721.0
1631347200000,9.0099,9.7069,8.8561,9.5739,7153446.0
1631361600000,9.5721,9.7853,9.1417,9.2215,6883936.0
1631376000000,9.2217,9.3302,8.8716,8.9174,4440431.0
1631390400000,8.9162,9.0896,8.8,9.0519,4330052.0
1631404800000,9.0532,9.0551,8.3,8.7502,7581383.0
1631419200000,8.7511,9.3156,8.5475,9.0576,7167826.0
1631433600000,9.0576,9.41,8.8592,8.9833,5876253.0
1631448000000,8.9832,9.6099,8.92,9.5374,7554441.0
1631462400000,9.5355,9.8096,9.0084,9.0544,5231642.0
1631476800000,9.0524,9.129,8.651,8.9476,4496650.0
1631491200000,8.9489,9.049,8.1098,8.1501,6371255.0
1631505600000,8.1497,8.46,7.9935,8.1588,5101377.0
1631520000000,8.1597,8.4453,7.9052,8.3842,5302630.0
1631534400000,8.3843,8.7065,7.6868,8.1081,9257723.0
1631548800000,8.1086,8.2309,8.0186,8.1471,2693300.0
1631563200000,8.1479,8.3167,8.1479,8.2112,1735857.0
1631577600000,8.2113,8.4331,8.0747,8.3477,2808945.0
1631592000000,8.3449,8.8877,8.1749,8.7424,4290744.0
1631606400000,8.739,9.1677,8.7132,8.9981,9666704.0
1631620800000,8.9923,9.21,8.7,9.1452,8024054.0
1631635200000,9.1452,9.3439,8.6201,8.6772,4704797.0
1631649600000,8.6792,8.7322,8.4093,8.6199,2981486.0
1631664000000,8.6172,9.0741,8.5419,8.9451,5433065.0
1631678400000,8.9442,9.5,8.8507,9.2686,6137106.0
1631692800000,9.2687,9.3173,8.884,8.9688,4022257.0
1631707200000,8.9706,9.0998,8.775,9.0461,4154373.0
1631721600000,9.0438,9.3086,9.0042,9.1514,3241354.0
1631736000000,9.1546,9.695,9.0669,9.2532,4856725.0
1631750400000,9.2558,9.3838,8.8297,8.9184,4363851.0
1631764800000,8.9194,9.2072,8.9011,9.135,2682884.0
1631779200000,9.1348,9.1425,8.7927,8.9475,2839811.0
1631793600000,8.9478,9.0103,8.5708,8.8668,4092688.0
1631808000000,8.8682,8.958,8.6227,8.7565,2196831.0
1631822400000,8.7579,8.8274,8.4325,8.7307,2450397.0
1631836800000,8.7312,8.8258,8.5343,8.7236,2402053.0
1631851200000,8.7224,8.96,8.5568,8.6055,2900200.0
1631865600000,8.6061,8.679,8.1536,8.2821,3686525.0
1631880000000,8.2847,8.5043,8.2192,8.4027,2452141.0
1631894400000,8.4046,8.55,8.1722,8.4276,1987398.0
1631908800000,8.4269,8.4998,8.1105,8.325,2192018.0
1631923200000,8.3267,8.4726,8.12,8.4394,1964451.0
1631937600000,8.4402,8.9131,8.4313,8.7665,3707680.0
1631952000000,8.7687,8.9929,8.6505,8.893,3020693.0
1631966400000,8.893,9.178,8.65,8.9051,5760070.0
1631980800000,8.9084,9.409,8.8599,9.1793,6791110.0
1631995200000,9.1791,9.4511,8.967,9.0748,4765845.0
1632009600000,9.0764,9.1095,8.7,8.8108,4045469.0
1632024000000,8.8121,9.1841,8.7588,9.1355,3554580.0
1632038400000,9.138,9.4081,8.7501,8.9696,7502464.0
1632052800000,8.9705,9.9459,8.8932,9.8946,14031213.0
1632067200000,9.8906,10.3925,9.6389,9.7005,12108327.0
1632081600000,9.7001,10.0783,9.4076,10.0701,6038867.0
1632096000000,10.0659,10.4449,9.0,9.256,17042561.0
1632110400000,9.256,9.6109,8.17,8.4606,17305871.0
1632124800000,8.4602,8.5933,7.822,8.1772,12765316.0
1632139200000,8.176,8.3759,7.344,8.02,18879192.0
1632153600000,8.02,8.3,7.5799,7.7921,9015216.0
1632168000000,7.7897,8.0084,7.505,7.6892,5737497.0
1632182400000,7.6878,7.95,7.05,7.6238,11551164.0
1632196800000,7.6241,7.8911,7.2744,7.8657,8101984.0
1632211200000,7.865,8.0,7.66,7.8304,6413181.0
1632225600000,7.8309,7.8957,7.355,7.5099,7863926.0
1632240000000,7.5121,7.6211,7.1222,7.1284,6706406.0
1632254400000,7.1319,7.2185,6.3321,6.6998,11145665.0
1632268800000,6.7008,7.1411,6.5161,6.9249,6852810.0
1632283200000,6.9248,7.1272,6.686,7.0396,5849640.0
1632297600000,7.0399,7.0947,6.7528,6.8024,4595508.0
1632312000000,6.8029,7.4706,6.7745,7.397,7574538.0
1632326400000,7.3958,7.7076,7.18,7.5543,7638717.0
1632340800000,7.5582,7.8198,7.3618,7.7614,3434475.0
1632355200000,7.7572,7.9373,7.4597,7.8506,5156729.0
1632369600000,7.8502,7.8745,7.615,7.7508,3532858.0
1632384000000,7.7494,7.7843,7.3556,7.4448,4132856.0
1632398400000,7.4461,8.6431,7.4047,8.4105,15092431.0
1632412800000,8.4066,9.0084,8.2913,8.9435,10710785.0
1632427200000,8.9439,9.427,8.865,9.1819,8731964.0
1632441600000,9.1811,9.296,8.6626,8.6978,7339365.0
1632456000000,8.6971,9.096,8.4718,8.8392,7536082.0
1632470400000,8.8352,8.8982,7.5101,7.8941,17459665.0
1632484800000,7.8953,7.9885,7.4102,7.7517,11818099.0
1632499200000,7.7513,7.9162,7.6301,7.8067,4207679.0
1632513600000,7.8083,8.1691,7.7743,7.9659,5298926.0
1632528000000,7.9651,8.4322,7.8761,8.0721,6592197.0
1632542400000,8.068,8.2194,7.6475,7.7141,5135954.0
1632556800000,7.7139,7.93,7.4504,7.7232,5903120.0
1632571200000,7.7236,7.8553,7.555,7.6796,4016262.0
1632585600000,7.6775,7.7223,7.507,7.6499,2848384.0
1632600000000,7.6488,7.7314,7.5,7.611,2318402.0
1632614400000,7.6068,7.6728,7.05,7.2685,4830174.0
1632628800000,7.2688,7.3305,6.6,6.8348,5485004.0
1632643200000,6.8355,7.4638,6.7121,7.2451,7857436.0
1632657600000,7.2484,7.56,7.2124,7.5563,3792120.0
1632672000000,7.5598,7.6749,7.3542,7.5224,3425266.0
1632686400000,7.5237,7.5531,7.1436,7.2919,2893221.0
1632700800000,7.2924,7.7782,7.1101,7.5434,3980808.0
1632715200000,7.5396,7.6264,7.3284,7.3712,2575484.0
1632729600000,7.3697,7.5096,7.2241,7.411,3274506.0
1632744000000,7.4097,7.4437,7.0995,7.1961,3466581.0
1632758400000,7.1959,7.2199,7.0039,7.0919,2389576.0
1632772800000,7.09,7.1202,6.8455,6.8833,2371857.0
1632787200000,6.8827,7.1085,6.8152,7.045,3391904.0
1632801600000,7.0455,7.1282,6.7103,6.7399,3183226.0
1632816000000,6.7399,6.9756,6.7137,6.9217,3104239.0
1632830400000,6.9242,7.0163,6.6888,6.6919,3659215.0
1632844800000,6.6931,6.7879,6.454,6.5013,3107391.0
1632859200000,6.5032,6.5903,6.3539,6.4161,2929437.0
1632873600000,6.416,6.7664,6.3642,6.7398,3539790.0
1632888000000,6.7405,6.8616,6.7068,6.8053,2805508.0
1632902400000,6.8095,7.3321,6.715,7.172,6578012.0
1632916800000,7.172,7.1943,6.6003,6.6238,5883825.0
1632931200000,6.6244,6.6626,6.4268,6.4624,4612851.0
1632945600000,6.4625,6.6908,6.3906,6.642,3140845.0
1632960000000,6.6415,6.928,6.5688,6.8504,4399282.0
1632974400000,6.8499,6.949,6.6735,6.7105,2750347.0
1632988800000,6.7108,6.75,6.5527,6.6415,2752522.0
1633003200000,6.6414,6.8,6.5838,6.6812,3070955.0
1633017600000,6.683,6.9966,6.6095,6.8357,4927359.0
1633032000000,6.8366,6.95,6.7164,6.9231,2087365.0
1633046400000,6.9249,7.066,6.8198,6.9119,2542579.0
1633060800000,6.9126,7.0782,6.8267,7.05,3635784.0
1633075200000,7.0489,7.5876,7.0386,7.509,8343093.0
1633089600000,7.5066,7.7503,7.3615,7.7004,5410593.0
1633104000000,7.6994,7.9839,7.632,7.9194,6095239.0
1633118400000,7.9195,7.9357,7.568,7.8358,3138385.0
1633132800000,7.8353,7.838,7.5871,7.6081,2745501.0
1633147200000,7.6077,7.7068,7.5272,7.6569,1929949.0
1633161600000,7.6567,8.0,7.6396,7.9535,4468611.0
1633176000000,7.9536,8.2054,7.85,8.1806,4659071.0
1633190400000,8.1779,8.2954,8.0261,8.0859,2891805.0
1633204800000,8.0872,8.1615,7.7155,7.8103,3268165.0
1633219200000,7.8101,8.5025,7.62,8.3401,5944863.0
1633233600000,8.3341,8.3499,8.065,8.1315,3142351.0
1633248000000,8.1294,8.2038,7.9192,8.1594,3376550.0
1633262400000,8.1593,8.3097,7.95,8.0444,3767498.0
1633276800000,8.0437,8.2884,7.9917,8.132,3290961.0
1633291200000,8.1347,8.1695,7.8686,8.0439,2296437.0
1633305600000,8.0439,8.0472,7.5613,7.6428,4533032.0
1633320000000,7.6429,7.8535,7.5344,7.8486,2908563.0
1633334400000,7.8479,7.8528,7.5567,7.6584,2595939.0
1633348800000,7.6575,7.9222,7.3561,7.6645,5184343.0
1633363200000,7.6604,8.2095,7.6336,7.8902,5490662.0
1633377600000,7.8909,7.9191,7.5583,7.6348,2965140.0
1633392000000,7.6343,7.987,7.5697,7.9116,3056235.0
1633406400000,7.9114,7.9127,7.75,7.8347,1785309.0
1633420800000,7.8355,8.2586,7.8354,8.0831,6324834.0
1633435200000,8.0815,8.16,7.62,7.686,4982392.0
1633449600000,7.685,7.7881,7.6134,7.769,2227021.0
1633464000000,7.7695,8.0619,7.7526,7.9938,2633412.0
1633478400000,7.9927,8.0186,7.7072,7.7103,2517491.0
1633492800000,7.7128,7.8,7.462,7.539,3233562.0
1633507200000,7.538,7.5612,7.1355,7.3301,4263613.0
1633521600000,7.3323,7.8273,7.3102,7.7594,5530695.0
1633536000000,7.7575,7.9458,7.6692,7.8037,2533622.0
1633550400000,7.8017,7.8998,7.6628,7.797,1690367.0
1633564800000,7.7978,7.8507,7.5023,7.612,2417186.0
1633579200000,7.6114,7.8454,7.5725,7.8196,2572935.0
1633593600000,7.8167,8.388,7.8101,8.1529,8973856.0
1633608000000,8.1529,8.495,7.9,8.3611,8732781.0
1633622400000,8.3649,8.4111,8.11,8.2273,4927461.0
1633636800000,8.2276,8.3175,8.06,8.2951,2116561.0
1633651200000,8.2941,8.7669,8.226,8.5211,6682272.0
1633665600000,8.521,8.521,8.3,8.4953,3494099.0
1633680000000,8.4963,8.4975,8.1571,8.1753,4623136.0
1633694400000,8.1731,8.376,8.1111,8.2461,3643184.0
1633708800000,8.2464,8.4892,8.187,8.28,2775020.0
1633723200000,8.2829,8.2888,8.0,8.118,2636489.0
1633737600000,8.1185,8.3004,8.01,8.2657,2572986.0
1633752000000,8.2657,8.4233,8.1964,8.2755,2491979.0
1633766400000,8.2749,8.2975,8.0748,8.1007,2305490.0
1633780800000,8.1008,8.189,8.0931,8.1247,1692299.0
1633795200000,8.1255,8.1395,7.9493,8.0103,1977901.0
1633809600000,8.0109,8.0721,7.9207,8.0501,1191478.0
1633824000000,8.0512,8.0551,7.7625,7.9318,2833025.0
1633838400000,7.9337,8.0124,7.8891,7.9317,1797138.0
1633852800000,7.934,8.01,7.703,7.7903,3132428.0
1633867200000,7.7908,7.8037,7.6811,7.7532,1918070.0
1633881600000,7.7535,7.7664,7.5594,7.5961,2144129.0
1633896000000,7.5963,7.6811,7.3105,7.3901,2946568.0
1633910400000,7.3902,7.5956,7.28,7.5902,2761063.0
1633924800000,7.5899,7.6558,7.4487,7.5986,2446909.0
1633939200000,7.5978,7.8275,7.4578,7.5195,3317950.0
1633953600000,7.5213,7.5945,7.3861,7.4879,2411745.0
1633968000000,7.4862,7.5394,7.2695,7.2772,1748546.0
1633982400000,7.2764,7.4328,7.2001,7.4215,1955391.0
1633996800000,7.4202,7.4219,7.001,7.0652,3353082.0
1634011200000,7.0653,7.15,6.9665,7.0384,2422646.0
1634025600000,7.0403,7.1245,6.7948,6.932,2955574.0
1634040000000,6.9319,7.234,6.7679,7.122,4503117.0
1634054400000,7.1227,7.2627,7.0722,7.1582,2057720.0
1634068800000,7.1571,7.2958,7.0795,7.2758,1620192.0
1634083200000,7.2739,7.4,7.2162,7.2935,2151395.0
1634097600000,7.2941,7.3483,6.9111,6.9397,3588106.0
1634112000000,6.9419,7.1675,6.9324,7.1537,2501359.0
1634126400000,7.1521,7.1578,6.9856,7.0926,1777680.0
1634140800000,7.092,7.259,7.073,7.1412,1933929.0
1634155200000,7.1418,7.2912,7.0929,7.2494,1604335.0
1634169600000,7.2512,7.5684,7.2045,7.5214,2815757.0
1634184000000,7.5227,7.679,7.4768,7.5249,2911348.0
1634198400000,7.5244,7.699,7.4326,7.6346,2559454.0
1634212800000,7.6347,7.9893,7.5689,7.8227,6507145.0
1634227200000,7.8243,7.9767,7.6711,7.8669,3315496.0
1634241600000,7.8649,8.189,7.7545,8.0572,4141225.0
1634256000000,8.0532,8.29,7.7425,7.8159,7060801.0
1634270400000,7.8123,8.0333,7.6845,7.8584,4906335.0
1634284800000,7.8576,8.0134,7.6288,7.957,4553314.0
1634299200000,7.957,8.2127,7.7718,7.9117,5307204.0
1634313600000,7.9098,8.0255,7.8192,7.9703,3055395.0
1634328000000,7.9701,8.0831,7.85,7.8761,1943795.0
1634342400000,7.8756,8.1332,7.8626,7.9786,2597305.0
1634356800000,7.9789,8.1956,7.927,8.1149,2580368.0
1634371200000,8.115,8.1721,8.0558,8.1239,2188758.0
1634385600000,8.1237,8.149,7.7593,7.8343,3240737.0
1634400000000,7.8315,7.8683,7.725,7.8097,1621623.0
1634414400000,7.8096,7.9396,7.8088,7.8713,1303025.0
1634428800000,7.8736,8.099,7.7946,7.9935,2233934.0
1634443200000,7.9925,8.05,7.8786,7.8955,1464944.0
1634457600000,7.8961,7.9761,7.85,7.8561,1176851.0
1634472000000,7.8562,7.9279,7.75,7.8097,1552882.0
1634486400000,7.8069,7.8668,7.7551,7.782,1068088.0
1634500800000,7.7813,7.8447,7.596,7.802,2587016.0
1634515200000,7.8023,7.94,7.7691,7.8143,1761260.0
1634529600000,7.8134,7.937,7.7808,7.8192,1395846.0
1634544000000,7.8185,7.9068,7.6345,7.6868,2228664.0
1634558400000,7.6868,7.895,7.623,7.7792,2434274.0
1634572800000,7.7788,7.858,7.7043,7.832,1363407.0
1634587200000,7.83,7.8636,7.7345,7.8547,1089420.0
1634601600000,7.8547,7.92,7.7722,7.8983,1338193.0
1634616000000,7.8974,7.925,7.7877,7.8413,1315821.0
1634630400000,7.8415,7.91,7.75,7.8646,1353345.0
1634644800000,7.8646,8.2757,7.8363,8.2082,8065615.0
1634659200000,8.2082,8.2257,8.0415,8.0535,2974346.0
1634673600000,8.0538,8.216,7.969,8.1911,2253749.0
1634688000000,8.1912,8.4879,8.135,8.2913,6037198.0
1634702400000,8.2908,8.428,8.2124,8.3247,3755011.0
1634716800000,8.3234,8.565,8.3017,8.4287,6179756.0
1634731200000,8.4288,8.6509,8.4261,8.5491,5640844.0
1634745600000,8.549,8.9056,8.5062,8.8323,4954264.0
1634760000000,8.8323,8.878,8.6632,8.7473,2288098.0
1634774400000,8.7477,8.9189,8.5835,8.6705,3831318.0
1634788800000,8.6706,8.895,8.6089,8.8458,2425789.0
1634803200000,8.8462,9.2941,8.8168,9.1189,6637244.0
1634817600000,9.1194,9.79,9.0501,9.2859,20900462.0
1634832000000,9.2837,9.4759,9.1342,9.2826,7018652.0
1634846400000,9.2812,9.5552,9.186,9.486,4914158.0
1634860800000,9.4832,9.689,9.269,9.3528,5210056.0
1634875200000,9.3535,9.3602,9.084,9.235,4714487.0
1634889600000,9.2351,9.36,9.0918,9.2953,3912837.0
1634904000000,9.2947,9.3131,8.862,8.9408,5277024.0
1634918400000,8.9418,9.0867,8.821,9.0437,2624032.0
1634932800000,9.0445,9.1998,8.9518,9.1178,2036036.0
1634947200000,9.1175,9.234,9.0004,9.1308,1893864.0
1634961600000,9.1315,9.1972,8.9849,9.024,1461017.0
1634976000000,9.0241,9.1024,8.8301,9.0657,2074707.0
1634990400000,9.0645,9.16,8.982,9.135,1615345.0
1635004800000,9.135,9.4374,9.122,9.3207,3608578.0
1635019200000,9.3208,9.3382,9.17,9.3169,1380544.0
1635033600000,9.3174,9.4948,9.2959,9.3682,2269431.0
1635048000000,9.3682,9.7129,9.2252,9.6018,2962131.0
1635062400000,9.6022,9.9747,9.5419,9.5559,5375673.0
1635076800000,9.5549,9.7224,9.2667,9.3012,4216122.0
1635091200000,9.3008,9.4653,9.1457,9.27,3036212.0
1635105600000,9.2697,9.6864,9.25,9.6101,1816166.0
1635120000000,9.6101,10.4703,9.5493,10.3494,6120932.0
1635134400000,10.3512,10.5161,10.2169,10.409,3912792.0
1635148800000,10.4097,10.4471,10.0888,10.2835,2977890.0
1635163200000,10.284,12.1609,10.1577,12.0098,37948641.0
1635177600000,12.0091,12.3401,11.8512,12.1,21784903.0
1635192000000,12.0996,12.744,11.96,12.3435,13177862.0
1635206400000,12.3435,12.7595,11.85,11.9024,9551784.0
1635220800000,11.9004,12.5199,11.8947,12.1773,8818568.0
1635235200000,12.1753,13.2451,12.012,13.1078,17721840.0
1635249600000,13.107,13.2279,12.4424,12.5605,16004359.0
1635264000000,12.561,12.6399,12.3158,12.4143,4919527.0
1635278400000,12.4143,12.5582,12.0054,12.3243,5729019.0
1635292800000,12.3278,12.8023,11.9369,12.0721,6908570.0
1635307200000,12.0721,12.2519,11.36,11.4888,8669095.0
1635321600000,11.4893,11.4936,10.267,10.9619,12537546.0
1635336000000,10.9612,11.483,10.8458,11.1691,6639740.0
1635350400000,11.1663,11.4773,10.8821,11.3633,4704549.0
1635364800000,11.3632,11.4964,10.8327,10.861,3411054.0
1635379200000,10.8622,12.6288,10.6548,12.3863,10536635.0
1635393600000,12.3871,12.6238,11.6174,11.7062,8813015.0
1635408000000,11.7041,12.0291,11.6417,11.71,5106651.0
1635422400000,11.7096,11.9084,11.5452,11.6885,3320287.0
1635436800000,11.6869,11.7499,11.089,11.4843,3900621.0
1635451200000,11.4844,11.5969,11.2424,11.3631,2493683.0
1635465600000,11.3601,11.5702,11.2895,11.4,3249246.0
1635480000000,11.3974,11.4141,11.1078,11.1566,3099081.0
1635494400000,11.1585,11.3635,11.1204,11.1862,2513037.0
1635508800000,11.1861,11.42,10.9922,11.4165,3699339.0
1635523200000,11.4165,11.619,11.3091,11.4001,3340596.0
1635537600000,11.4002,11.61,11.3001,11.5867,1383855.0
1635552000000,11.586,11.5944,11.02,11.0542,2322033.0
1635566400000,11.0546,11.1821,11.02,11.1363,1613731.0
1635580800000,11.1358,11.1598,10.7628,10.9238,2946256.0
1635595200000,10.9246,10.9325,10.483,10.7072,4312103.0
1635609600000,10.7054,10.7441,10.5147,10.6619,1979998.0
1635624000000,10.6627,10.7017,10.0692,10.5023,2659864.0
1635638400000,10.4991,10.7314,10.2609,10.3296,3409218.0
1635652800000,10.3309,10.4199,10.2802,10.2967,1493736.0
1635667200000,10.3008,10.3155,9.8139,9.982,3390392.0
1635681600000,9.9817,10.2038,9.7512,9.792,3407960.0
1635696000000,9.7905,10.0451,9.7,9.8441,2384585.0
1635710400000,9.8441,10.36,9.7919,10.1702,2591208.0
1635724800000,10.1723,10.7248,9.9,10.3513,5779936.0
1635739200000,10.3523,10.6332,10.107,10.4573,4398666.0
1635753600000,10.457,10.5347,10.1718,10.1824,3394602.0
1635768000000,10.185,10.4416,10.1006,10.3318,2811971.0
1635782400000,10.3318,10.3346,9.8434,10.0448,2512585.0
1635796800000,10.0452,10.194,9.9042,10.1519,1610307.0
1635811200000,10.1519,10.33,10.0255,10.273,2066342.0
1635825600000,10.2702,10.6287,10.1996,10.6105,2658214.0
1635840000000,10.611,10.8525,10.425,10.6508,4327458.0
1635854400000,10.6512,11.012,10.5153,10.7856,4197210.0
1635868800000,10.7878,10.8171,10.6085,10.6703,1852675.0
1635883200000,10.6709,10.6873,10.31,10.4796,1903558.0
1635897600000,10.4798,10.6395,10.3258,10.5153,2352145.0
1635912000000,10.5153,10.7241,10.201,10.6408,2963260.0
1635926400000,10.6408,11.17,10.5778,10.9818,5293027.0
1635940800000,10.9813,11.0304,10.3743,10.7738,4830603.0
1635955200000,10.7767,11.2363,10.7017,10.9107,4837476.0
1635969600000,10.9106,11.3099,10.8857,10.9798,2519555.0
1635984000000,10.9772,11.5414,10.8242,11.2905,5546397.0
1635998400000,11.2916,11.3558,10.75,10.8067,3103498.0
1636012800000,10.8066,10.9629,10.56,10.6779,2969235.0
1636027200000,10.6752,11.0503,10.3,10.4336,4478609.0
1636041600000,10.4317,10.57,10.2961,10.5243,1946803.0
1636056000000,10.5269,10.6523,10.4546,10.611,1169508.0
1636070400000,10.6114,10.7739,10.41,10.6262,1801012.0
1636084800000,10.6261,10.82,10.6132,10.7102,1595761.0
1636099200000,10.7103,10.8813,10.5743,10.6179,2160764.0
1636113600000,10.6194,10.9202,10.51,10.542,2702932.0
1636128000000,10.543,10.6348,10.354,10.4578,1556522.0
1636142400000,10.4553,10.4553,10.1181,10.3723,1878756.0
1636156800000,10.3718,10.4108,10.18,10.2894,1757724.0
1636171200000,10.2869,10.3342,10.1036,10.2012,1233601.0
1636185600000,10.2008,10.2284,9.7801,9.9054,2988692.0
1636200000000,9.903,10.0933,9.78,10.0598,1908586.0
1636214400000,10.0598,10.1955,9.9522,10.1566,1823797.0
1636228800000,10.1553,10.3633,10.1105,10.2044,1800577.0
1636243200000,10.2056,10.3792,10.12,10.2814,2176552.0
1636257600000,10.2824,10.3275,10.14,10.2171,1270495.0
1636272000000,10.2172,10.2671,10.0693,10.1705,1278667.0
1636286400000,10.1711,10.2489,10.152,10.1828,1281019.0
1636300800000,10.1812,10.57,10.1703,10.4011,2679904.0
1636315200000,10.4011,10.4802,10.248,10.3532,1129436.0
1636329600000,10.3511,10.5955,10.215,10.3161,2875889.0
1636344000000,10.3162,10.3471,10.0998,10.2491,1846630.0
1636358400000,10.2508,10.3036,10.0784,10.226,1859417.0
1636372800000,10.2258,10.5364,10.2004,10.4838,2907007.0
1636387200000,10.4863,10.8174,10.4159,10.5819,3741071.0
1636401600000,10.5819,10.8362,10.5025,10.7271,2479869.0
1636416000000,10.7299,10.9071,10.582,10.6483,2295100.0
1636430400000,10.6482,10.9054,10.5025,10.8613,2778557.0
1636444800000,10.8646,11.0033,10.5,10.7,3804700.0
1636459200000,10.6999,11.2145,10.5747,11.1038,6472499.0
1636473600000,11.1104,11.8212,10.8273,11.4995,8324639.0
1636488000000,11.5009,11.6627,11.3347,11.3914,2729015.0
1636502400000,11.3914,11.5623,11.1,11.1524,2863228.0
1636516800000,11.1543,11.3782,11.044,11.3591,3038034.0
1636531200000,11.3635,11.7955,11.2684,11.5531,6070099.0
1636545600000,11.5523,11.6897,11.3,11.4741,4082709.0
1636560000000,11.475,11.8272,10.8798,10.9289,4008691.0
1636574400000,10.929,11.2388,9.8,10.7844,9771451.0
1636588800000,10.7799,11.192,10.5717,11.0195,4193978.0
1636603200000,11.0182,11.4336,10.868,11.4124,2974030.0
1636617600000,11.4138,12.3978,11.11,12.2078,9963618.0
1636632000000,12.2081,12.5208,11.81,12.2806,7823079.0
1636646400000,12.2807,12.3919,11.8196,12.0309,3815851.0
1636660800000,12.0332,12.5549,11.9363,12.0467,4509788.0
1636675200000,12.0465,12.6765,11.7098,11.9207,7098154.0
1636689600000,11.9221,12.0933,11.5254,11.6891,3505044.0
1636704000000,11.6899,11.7925,11.2106,11.3562,4153997.0
1636718400000,11.3556,11.4999,11.0815,11.2187,2683499.0
1636732800000,11.2194,11.3137,10.9035,11.1244,2593570.0
1636747200000,11.1242,11.4369,11.1165,11.4071,1933890.0
1636761600000,11.4057,11.4385,10.9521,11.0102,2640870.0
1636776000000,11.0094,11.2244,10.98,11.1892,1271528.0
1636790400000,11.1908,11.2244,10.9631,11.0223,1458823.0
1636804800000,11.0228,11.2537,10.8442,11.1713,2508810.0
1636819200000,11.1711,11.264,11.05,11.1637,1702810.0
1636833600000,11.1632,11.2701,11.0389,11.1637,1137122.0
1636848000000,11.1633,11.4294,11.1602,11.2888,2076199.0
1636862400000,11.2894,11.3863,11.2027,11.2699,1460399.0
1636876800000,11.2699,11.6211,11.2427,11.378,2422866.0
1636891200000,11.3762,11.7591,11.2981,11.5936,3632818.0
1636905600000,11.5911,11.7773,11.13,11.5499,4119744.0
1636920000000,11.5499,11.918,11.5414,11.8743,2620407.0
1636934400000,11.8745,11.9996,11.6812,11.7148,1962667.0
1636948800000,11.7149,11.8672,11.6327,11.6789,1215884.0
1636963200000,11.6801,11.8,11.5148,11.6323,1478007.0
1636977600000,11.6305,11.6732,11.4091,11.4285,2285193.0
1636992000000,11.4292,11.5873,11.2462,11.3509,1727988.0
1637006400000,11.3509,11.3549,11.046,11.089,1846377.0
1637020800000,11.0896,11.1392,10.3,10.4422,6334288.0
1637035200000,10.4448,10.5409,10.22,10.356,3630074.0
1637049600000,10.3561,10.4124,8.8979,9.8485,9437816.0
1637064000000,9.8487,10.1284,9.7314,9.8877,4451671.0
1637078400000,9.888,9.9792,9.7144,9.853,2536256.0
1637092800000,9.8496,9.9395,9.367,9.6827,2859977.0
1637107200000,9.6818,9.7951,9.22,9.4061,3307772.0
1637121600000,9.4069,9.6636,9.2977,9.5601,2955936.0
1637136000000,9.56,9.8325,9.12,9.7578,4023344.0
1637150400000,9.7564,9.7798,9.3003,9.4436,2858162.0
1637164800000,9.4438,9.6572,9.3597,9.4841,1884141.0
1637179200000,9.4879,9.6461,9.3327,9.4194,1818625.0
1637193600000,9.4194,9.8981,9.3593,9.6083,4110053.0
1637208000000,9.6082,9.6773,9.2457,9.3629,2948742.0
1637222400000,9.3643,9.3984,9.0,9.1706,3494056.0
1637236800000,9.1697,9.3369,8.588,8.8087,4962774.0
1637251200000,8.8118,8.9803,8.4043,8.9195,4592542.0
1637265600000,8.9213,9.0321,8.6744,8.8052,2255348.0
1637280000000,8.8056,9.2229,8.6515,8.7149,3161110.0
1637294400000,8.7161,9.3899,8.69,9.1301,3924205.0
1637308800000,9.1305,9.5114,9.1242,9.258,3091287.0
1637323200000,9.2581,9.4857,9.2298,9.4052,2250137.0
1637337600000,9.4053,9.5811,9.308,9.438,1694863.0
1637352000000,9.438,9.4648,9.29,9.4228,1068018.0
1637366400000,9.4224,9.6564,9.4001,9.4266,2092833.0
1637380800000,9.4251,9.5157,9.3495,9.4132,1624688.0
1637395200000,9.4132,9.8539,9.4,9.7647,2456046.0
1637409600000,9.7599,9.8254,9.3003,9.3156,2416354.0
1637424000000,9.3156,9.8737,9.28,9.7135,3018921.0
1637438400000,9.7145,9.888,9.7009,9.8088,1760962.0
1637452800000,9.8072,9.8171,9.4111,9.4432,1841104.0
1637467200000,9.4421,9.6037,9.4185,9.5578,1167675.0
1637481600000,9.5575,9.6342,9.3539,9.4341,1684236.0
1637496000000,9.4351,9.7055,9.36,9.6839,1884044.0
1637510400000,9.684,9.791,9.5798,9.6381,1633223.0
1637524800000,9.6374,9.9449,9.607,9.6825,1726664.0
1637539200000,9.6826,9.7733,9.068,9.1358,3204316.0
1637553600000,9.1358,9.1989,9.0038,9.1358,1724574.0
1637568000000,9.1353,9.2777,9.1278,9.2043,1195046.0
1637582400000,9.2048,9.4297,9.0075,9.2733,2343278.0
1637596800000,9.2743,9.6,9.2041,9.2732,2509825.0
1637611200000,9.2716,9.5058,9.2237,9.2818,1509575.0
1637625600000,9.2818,9.5538,9.132,9.4645,1957578.0
1637640000000,9.4645,9.5751,9.1722,9.2255,1504041.0
1637654400000,9.2232,9.3738,9.0875,9.2219,2914550.0
1637668800000,9.2219,9.5799,9.2003,9.5024,2572697.0
1637683200000,9.5029,9.8527,9.4897,9.8322,2219462.0
1637697600000,9.8328,10.0,9.774,9.9866,1953738.0
1637712000000,9.9859,10.3468,9.6379,9.8598,5277170.0
1637726400000,9.8599,9.9143,9.6,9.7074,2073840.0
1637740800000,9.708,9.7817,9.4179,9.5026,1893813.0
1637755200000,9.5022,9.5598,9.1387,9.3178,2859535.0
1637769600000,9.3168,9.3482,9.0549,9.1082,2072367.0
1637784000000,9.1082,9.2965,9.04,9.2848,1686618.0
1637798400000,9.2833,9.4337,9.1775,9.3767,1905067.0
1637812800000,9.3782,9.3891,9.2042,9.2166,1833648.0
1637827200000,9.2166,9.3864,9.1188,9.2922,2182996.0
1637841600000,9.2945,9.5066,9.2786,9.3862,2554148.0
1637856000000,9.3875,9.489,9.2168,9.2728,1815298.0
1637870400000,9.2728,9.3968,9.2432,9.2934,1256033.0
1637884800000,9.2932,9.3886,9.1215,9.2278,1891199.0
1637899200000,9.2252,9.2692,8.72,8.8693,2842138.0
1637913600000,8.8671,8.8702,7.7459,8.1319,9250838.0
1637928000000,8.1327,8.4544,8.0153,8.2957,2931377.0
1637942400000,8.2958,8.4031,8.2151,8.3569,1478589.0
1637956800000,8.3532,8.432,8.2022,8.2768,1032958.0
1637971200000,8.2744,8.4797,8.2363,8.3324,1256694.0
1637985600000,8.3316,8.4076,8.2138,8.2714,959927.0
1638000000000,8.2713,8.4763,8.2698,8.3629,1341506.0
1638014400000,8.3639,8.4544,8.3322,8.3922,818005.0
1638028800000,8.3922,8.5439,8.3319,8.3344,1030364.0
1638043200000,8.3343,8.3876,8.1679,8.3176,1263137.0
1638057600000,8.3171,8.75,7.8505,7.8842,4038917.0
1638072000000,7.8807,8.0714,7.8094,8.0197,2535314.0
1638086400000,8.0208,8.128,7.8839,8.0248,1567908.0
1638100800000,8.0248,8.2579,7.87,8.0964,1865447.0
1638115200000,8.0979,8.1208,7.5222,7.9374,3013787.0
1638129600000,7.9384,8.4201,7.935,8.3993,2402432.0
1638144000000,8.3973,8.4468,8.3,8.327,1402460.0
1638158400000,8.3247,8.3554,8.2737,8.3001,846626.0
1638172800000,8.304,8.3385,8.105,8.2148,1505120.0
1638187200000,8.2148,8.498,8.1844,8.303,1710209.0
1638201600000,8.3061,8.4811,8.2339,8.3216,1431460.0
1638216000000,8.3236,8.5395,8.3001,8.4293,1181502.0
1638230400000,8.428,8.6879,8.3253,8.4744,2168197.0
1638244800000,8.4752,8.6057,8.2087,8.3315,1943053.0
1638259200000,8.3317,8.4959,8.2324,8.4851,1691603.0
1638273600000,8.4861,8.8873,8.4255,8.6281,3604864.0
1638288000000,8.6408,8.9597,8.555,8.822,5855485.0
1638302400000,8.822,9.0213,8.7,8.7568,2683870.0
1638316800000,8.7575,8.9269,8.6609,8.783,1456346.0
1638331200000,8.7819,8.79,8.6619,8.7292,1265080.0
1638345600000,8.7296,8.747,8.55,8.6347,1520840.0
1638360000000,8.6358,8.7844,8.5135,8.7075,2316697.0
1638374400000,8.7085,8.7791,8.5061,8.5799,1719784.0
1638388800000,8.5796,8.5951,8.3608,8.508,1613179.0
1638403200000,8.5081,8.5221,8.0645,8.2175,1892910.0
1638417600000,8.2185,8.3428,8.1989,8.3256,980661.0
1638432000000,8.3245,8.3425,8.1442,8.2278,1426923.0
1638446400000,8.2273,8.5683,8.1061,8.1792,2773966.0
1638460800000,8.179,8.2544,8.1243,8.2356,1144003.0
1638475200000,8.2357,8.38,8.2089,8.2452,1230219.0
1638489600000,8.2444,8.4117,8.2109,8.3394,1108032.0
1638504000000,8.3404,8.526,8.3334,8.3964,1895183.0
1638518400000,8.397,8.8619,8.3308,8.7389,2711377.0
1638532800000,8.7397,9.1096,8.7316,9.0427,6931075.0
1638547200000,9.0402,9.2385,8.5008,8.7163,9027886.0
1638561600000,8.7177,9.6134,8.2792,9.1345,11866669.0
1638576000000,9.1356,9.1703,8.4066,8.4305,7919904.0
1638590400000,8.4314,8.7567,6.1366,8.1203,23583366.0
1638604800000,8.1096,8.2715,7.2663,7.5754,12000980.0
1638619200000,7.5748,7.9126,7.4865,7.7192,6423371.0
1638633600000,7.7177,8.13,7.6115,7.8603,3695732.0
1638648000000,7.8619,8.0565,7.7616,7.9706,2294643.0
1638662400000,7.9746,8.177,7.67,8.0019,3241335.0
1638676800000,8.0018,8.109,7.8648,7.933,1778479.0
1638691200000,7.9319,7.9715,7.6342,7.7525,2458920.0
1638705600000,7.7465,7.8637,7.1107,7.3838,3731679.0
1638720000000,7.3826,7.5178,7.1524,7.4076,2578258.0
1638734400000,7.4076,7.4111,7.1195,7.3452,2069489.0
1638748800000,7.3453,7.428,6.9426,7.3693,3420720.0
1638763200000,7.3669,7.4,6.8356,6.9132,2492917.0
1638777600000,6.9125,7.1609,6.6322,6.9589,4374824.0
1638792000000,6.9582,7.0615,6.7247,7.0581,2544163.0
1638806400000,7.055,7.0679,6.8649,6.9869,1852154.0
1638820800000,6.986,7.3379,6.959,7.2558,3565418.0
1638835200000,7.2565,7.407,7.2324,7.2849,2447975.0
1638849600000,7.2834,7.3866,7.1782,7.2832,1958721.0
1638864000000,7.2831,7.4838,7.2401,7.376,2477287.0
1638878400000,7.3774,7.4933,7.0989,7.445,3808437.0
1638892800000,7.4465,7.4684,7.2322,7.3542,1992373.0
1638907200000,7.356,7.6848,7.3416,7.591,3386112.0
1638921600000,7.5929,7.877,7.4808,7.6787,2956895.0
1638936000000,7.6814,8.095,7.5708,7.9073,4704113.0
1638950400000,7.9068,8.1975,7.5839,7.8678,7878080.0
1638964800000,7.8687,8.5,7.7,8.4285,8402603.0
1638979200000,8.4285,9.5215,8.38,9.3051,28762758.0
1638993600000,9.3069,9.8869,9.1508,9.3429,22227529.0
1639008000000,9.3398,9.9,9.119,9.6063,16219955.0
1639022400000,9.6063,9.7959,9.189,9.5389,14583697.0
1639036800000,9.541,9.555,9.08,9.2324,11213997.0
1639051200000,9.2309,9.6336,8.857,9.2779,17741127.0
1639065600000,9.2791,9.5931,9.0464,9.2947,13426901.0
1639080000000,9.2938,10.117,8.9504,9.7659,19906391.0
1639094400000,9.7658,9.95,9.22,9.5596,14446006.0
1639108800000,9.5595,10.0493,9.4634,9.7113,12092269.0
1639123200000,9.7113,10.1745,9.5321,9.8015,16444792.0
1639137600000,9.7985,9.92,9.1539,9.293,14302065.0
1639152000000,9.2925,10.0823,9.1061,10.0404,10976359.0
1639166400000,10.041,10.3886,9.8767,10.0114,15373910.0
1639180800000,10.009,10.54,9.7601,9.77,12161165.0
1639195200000,9.769,9.9169,9.5665,9.6272,5903865.0
1639209600000,9.6292,9.97,9.5178,9.9108,5702148.0
1639224000000,9.9122,11.45,9.8523,11.2334,37069278.0
1639238400000,11.235,11.409,10.9328,11.3512,16889834.0
1639252800000,11.3545,11.84,11.002,11.6293,12324134.0
1639267200000,11.6339,11.85,11.1654,11.2813,13639517.0
1639281600000,11.2817,11.2859,10.7129,10.7899,10874212.0
1639296000000,10.7876,10.9982,10.5633,10.6832,10844359.0
1639310400000,10.6831,10.8794,10.5125,10.6602,6895308.0
1639324800000,10.6613,10.9861,10.6268,10.9207,5185695.0
1639339200000,10.9196,11.0489,10.5183,10.5651,4297096.0
1639353600000,10.5653,10.7195,10.2163,10.2664,6615567.0
1639368000000,10.2671,10.2711,9.7339,9.8012,8272644.0
1639382400000,9.8005,9.9254,9.7,9.834,5887619.0
1639396800000,9.835,9.9698,9.201,9.3653,11518891.0
1639411200000,9.367,9.6579,8.96,9.2358,9157694.0
1639425600000,9.2351,9.3808,9.0182,9.1038,5585934.0
1639440000000,9.1037,9.4928,8.98,9.2684,6419816.0
1639454400000,9.2684,9.6855,9.2003,9.6378,8117728.0
1639468800000,9.6346,9.6863,9.3254,9.4592,6453676.0
1639483200000,9.4601,9.5633,9.0628,9.1079,4670465.0
1639497600000,9.1085,9.3765,8.9142,9.0906,3963930.0
1639512000000,9.0898,9.4628,9.081,9.3297,3418029.0
1639526400000,9.3292,9.3888,9.0325,9.2375,2664117.0
1639540800000,9.2393,17.5589,9.2368,10.3779,75480442.0
1639555200000,10.3777,10.4989,10.1498,10.291,12132435.0
1639569600000,10.2916,10.3168,9.618,9.6709,14061490.0
1639584000000,9.6709,10.2994,9.6113,9.7304,20176733.0
1639598400000,9.7304,10.0687,9.71,9.8456,8064391.0
1639612800000,9.8492,10.1946,9.7804,9.8822,6654223.0
1639627200000,9.8822,9.9422,9.6,9.6524,5951943.0
1639641600000,9.6547,9.835,9.6036,9.7974,5346931.0
1639656000000,9.7988,9.8869,9.4618,9.8577,9348834.0
1639670400000,9.8566,10.288,9.5153,9.5556,9729142.0
1639684800000,9.5563,9.715,9.2017,9.2353,5641789.0
1639699200000,9.2348,9.3496,9.2003,9.2249,3396706.0
1639713600000,9.2245,9.2885,8.8344,8.926,6064936.0
1639728000000,8.9264,8.9722,8.6366,8.7166,6683248.0
1639742400000,8.717,8.7813,8.2763,8.5777,10042441.0
1639756800000,8.5777,8.7336,8.4444,8.4898,5990190.0
1639771200000,8.49,8.5974,8.3217,8.4077,3773058.0
1639785600000,8.4064,8.4391,8.0837,8.3,5881141.0
1639800000000,8.3011,8.4347,8.22,8.2821,3199688.0
1639814400000,8.2821,8.5497,8.2676,8.4381,4063096.0
1639828800000,8.4385,8.5053,8.333,8.3964,3400881.0
1639843200000,8.3966,8.541,8.34,8.4052,2714729.0
1639857600000,8.4051,8.4948,8.3603,8.4206,1940740.0
1639872000000,8.4204,8.7387,8.352,8.5,6420085.0
1639886400000,8.5,8.7556,8.4998,8.6976,3131201.0
1639900800000,8.6976,8.844,8.5461,8.6779,5222790.0
1639915200000,8.6784,9.575,8.6376,9.4976,22344893.0
1639929600000,9.4986,9.6887,9.2197,9.2643,15751857.0
1639944000000,9.2612,9.288,8.9575,9.0216,7511985.0
1639958400000,9.0229,9.0867,8.8151,8.8955,7066176.0
1639972800000,8.896,8.9372,8.58,8.7504,6310126.0
1639987200000,8.7507,8.78,8.35,8.4631,6271478.0
1640001600000,8.4631,8.4886,8.2629,8.3605,6237867.0
1640016000000,8.36,8.5375,8.3112,8.4827,4737610.0
1640030400000,8.4829,8.6478,8.4212,8.5106,5440635.0
1640044800000,8.5133,8.8732,8.5004,8.7307,6574913.0
1640059200000,8.7305,8.853,8.6777,8.7289,4447504.0
1640073600000,8.7314,8.8824,8.7155,8.79,3484302.0
1640088000000,8.7919,8.8858,8.5748,8.6645,4221181.0
1640102400000,8.6666,8.8999,8.6578,8.8529,3463573.0
1640116800000,8.8569,9.3714,8.8445,9.2532,7188601.0
1640131200000,9.2512,9.7097,9.0679,9.4794,8004757.0
1640145600000,9.4763,10.07,9.4,9.9612,7675327.0
1640160000000,9.9624,10.9651,9.8313,10.8048,22477233.0
1640174400000,10.8078,11.6156,10.42,11.3749,29146899.0
1640188800000,11.3749,11.83,10.93,11.2192,23018506.0
1640203200000,11.2178,11.5566,10.6541,10.8299,16717554.0
1640217600000,10.8317,12.99,10.7029,12.8764,40465840.0
1640232000000,12.875,12.9384,12.1148,12.2689,24862179.0
1640246400000,12.2683,13.9,12.2,13.5068,48618447.0
1640260800000,13.5065,14.2885,13.4123,13.5154,43669430.0
1640275200000,13.5136,14.2153,13.035,14.1399,35069027.0
1640289600000,14.1399,14.1418,13.2631,13.7134,22885427.0
1640304000000,13.7183,14.9537,13.5069,13.9074,41369758.0
1640318400000,13.9065,14.898,13.6786,14.5282,23545111.0
1640332800000,14.5278,14.8299,14.2417,14.4978,18235836.0
1640347200000,14.4978,15.78,14.3238,15.3981,39832789.0
1640361600000,15.3979,15.9489,14.9148,15.2154,24388552.0
1640376000000,15.2154,15.5633,14.5512,14.9432,14693980.0
1640390400000,14.9434,15.6998,14.5,14.6019,17639260.0
1640404800000,14.6031,14.7962,14.2092,14.5584,12720790.0
1640419200000,14.556,15.45,14.35,15.05,19425374.0
1640433600000,15.05,15.2499,14.6069,14.6481,10887289.0
1640448000000,14.6514,15.1519,14.4466,15.0714,10196637.0
1640462400000,15.0707,15.2789,14.9371,15.2204,7056536.0
1640476800000,15.2205,15.7568,14.5042,14.6063,13054069.0
1640491200000,14.6056,14.8642,14.5069,14.5817,5127206.0
1640505600000,14.5795,14.9367,14.5199,14.8061,6370953.0
1640520000000,14.8073,15.547,14.7102,15.2816,12915528.0
1640534400000,15.2819,15.9778,15.28,15.725,10326535.0
1640548800000,15.7234,16.29,15.621,16.2491,10595334.0
1640563200000,16.2479,16.4661,15.6006,15.7521,10830032.0
1640577600000,15.7476,15.7521,15.3201,15.416,6734408.0
1640592000000,15.4165,15.4702,15.08,15.219,6726662.0
1640606400000,15.2209,15.476,15.1451,15.3499,6803983.0
1640620800000,15.3506,15.4121,14.8555,14.9743,7752344.0
1640635200000,14.9744,15.1513,14.5474,14.752,6707441.0
1640649600000,14.7545,14.812,13.6188,13.9654,14945999.0
1640664000000,13.9621,14.8148,13.6333,14.3692,15848979.0
1640678400000,14.3672,14.5296,14.0196,14.3704,8349409.0
1640692800000,14.37,14.3986,13.6567,13.9417,9028160.0
1640707200000,13.9405,13.9741,13.073,13.2552,12287450.0
1640721600000,13.2573,13.4948,13.029,13.3132,6960738.0
1640736000000,13.3151,13.7654,13.2619,13.4849,8465359.0
1640750400000,13.4869,13.5705,13.1267,13.1667,5665261.0
1640764800000,13.1656,13.8288,13.142,13.6217,8363819.0
1640779200000,13.6219,14.7998,13.257,14.6703,30725815.0
1640793600000,14.6703,14.8532,14.2111,14.5141,16934409.0
1640808000000,14.5126,15.2198,14.12,14.8898,20152907.0
1640822400000,14.8911,15.5098,14.044,14.8551,30213692.0
1640836800000,14.8535,15.298,14.5026,15.18,15985762.0
1640851200000,15.1799,15.3908,14.9115,15.1694,17305531.0
1640865600000,15.1722,15.3916,14.58,14.9238,14631674.0
1640880000000,14.9245,15.18,14.8203,14.9651,9290172.0
1640894400000,14.965,15.517,14.822,15.4168,11580101.0
1640908800000,15.42,15.7146,15.2645,15.3346,11186550.0
1640923200000,15.3341,15.4128,14.9987,15.1512,7052775.0
1640937600000,15.1539,15.5939,15.0732,15.4327,7485464.0
1640952000000,15.4331,15.6997,15.3302,15.3439,7615138.0
1640966400000,15.3453,15.3899,14.2546,14.3036,10957196.0
1640980800000,14.3057,14.7887,14.1434,14.5989,7590792.0
1640995200000,14.5988,14.8648,14.5896,14.7276,4264620.0
1641009600000,14.7266,14.8966,14.5111,14.7418,3714745.0
1641024000000,14.743,14.7637,14.4103,14.436,3859709.0
1641038400000,14.4376,14.8373,14.4336,14.5938,4835892.0
1641052800000,14.5917,15.2353,14.5912,15.1136,5344838.0
1641067200000,15.114,15.3183,14.9538,15.169,4004215.0
1641081600000,15.1704,15.2639,14.88,15.0091,4777542.0
1641096000000,15.0086,15.0315,14.7176,14.8674,3995412.0
1641110400000,14.8647,14.8662,14.6061,14.6292,3838016.0
1641124800000,14.6292,14.6431,14.3162,14.4209,5508545.0
1641139200000,14.4225,14.6999,14.3355,14.4187,4960273.0
1641153600000,14.4182,14.4557,14.2299,14.3832,2926763.0
1641168000000,14.383,14.4012,13.9052,14.0081,4907151.0
1641182400000,14.0082,14.1516,13.9062,14.0941,4038398.0
1641196800000,14.0938,14.6566,14.0626,14.603,5561103.0
1641211200000,14.603,15.079,14.4882,15.0073,7020338.0
1641225600000,15.0099,15.7361,14.5838,15.5714,17856939.0
1641240000000,15.5699,16.4796,15.1734,16.469,17217277.0
1641254400000,16.4692,17.215,16.2005,16.8562,24521318.0
1641268800000,16.8567,17.3698,16.56,16.7796,16347294.0
1641283200000,16.781,17.0695,16.6024,16.9578,12945409.0
1641297600000,16.9555,17.6,16.8607,17.1884,25812541.0
1641312000000,17.1884,17.65,16.0075,16.2839,26919781.0
1641326400000,16.2843,16.6563,15.9295,16.0387,9203383.0
1641340800000,16.0421,16.9464,15.8416,16.8127,9594063.0
1641355200000,16.8157,16.8157,16.353,16.604,6544272.0
1641369600000,16.6066,17.2855,16.4305,17.0552,9635460.0
1641384000000,17.0525,17.1485,16.5803,16.788,12540340.0
1641398400000,16.7889,17.0913,15.18,15.4489,18471080.0
1641412800000,15.4512,15.5957,13.9489,15.2978,20958127.0
1641427200000,15.2977,15.7988,14.8688,14.9158,13478246.0
1641441600000,14.9125,15.7,14.7392,15.4903,12591670.0
1641456000000,15.4913,15.9158,14.9,15.6839,15884361.0
1641470400000,15.6804,16.1755,15.366,15.4688,17421287.0
1641484800000,15.468,16.2984,15.2527,16.1524,10464739.0
1641499200000,16.1483,16.2277,15.5421,15.9227,7290261.0
1641513600000,15.9251,16.0464,14.502,14.6991,12272196.0
1641528000000,14.6986,15.408,14.2316,15.1836,13629285.0
1641542400000,15.1834,15.74,15.085,15.1728,8213870.0
1641556800000,15.1729,15.589,14.5241,14.8809,11044103.0
1641571200000,14.8809,16.06,14.7,15.4303,13563104.0
1641585600000,15.4336,15.6532,14.8558,15.0606,5487042.0
1641600000000,15.0584,15.532,14.8968,15.2711,5290467.0
1641614400000,15.2662,15.49,15.2145,15.2662,3512110.0
1641628800000,15.265,15.4916,15.0593,15.1374,4020187.0
1641643200000,15.1362,15.2277,14.2553,14.4054,8422570.0
1641657600000,14.4085,14.4685,13.2938,13.6196,17813828.0
1641672000000,13.6165,14.3236,13.5001,13.8162,7685555.0
1641686400000,13.8148,14.0319,13.6166,13.6784,5969798.0
1641700800000,13.6786,13.8912,13.3501,13.5478,5632995.0
1641715200000,13.5502,13.6953,13.0948,13.4645,7435340.0
1641729600000,13.4658,13.5414,13.2,13.3001,5772701.0
1641744000000,13.3036,14.2069,13.2855,14.1003,8578067.0
1641758400000,14.1062,14.3124,13.4777,13.5152,5695954.0
1641772800000,13.5153,13.57,13.188,13.5099,5141440.0
1641787200000,13.5134,14.2498,13.44,14.2049,8079530.0
1641801600000,14.2015,14.619,13.97,14.1256,18637746.0
1641816000000,14.1256,14.99,13.5571,14.7433,46866544.0
1641830400000,14.7446,15.33,14.4309,14.6986,24788212.0
1641844800000,14.7016,15.5377,14.6736,15.45,17180247.0
1641859200000,15.45,16.7,15.27,16.3671,29916681.0
1641873600000,16.3671,16.4567,16.0502,16.4052,16491371.0
1641888000000,16.4055,16.5422,15.8247,16.0058,20764191.0
1641902400000,16.0081,16.9234,15.9554,16.2706,26805787.0
1641916800000,16.2706,18.1953,16.1984,17.8631,36807894.0
1641931200000,17.8626,18.486,17.7102,18.0296,17071477.0
1641945600000,18.0341,18.386,17.736,18.032,15723230.0
1641960000000,18.0325,18.86,17.9268,18.1727,16425093.0
1641974400000,18.1725,18.55,17.8236,18.2681,15555698.0
1641988800000,18.2689,18.3677,17.5938,17.6974,17279567.0
1642003200000,17.6966,18.18,17.4,17.9649,10557721.0
1642017600000,17.965,18.1595,17.435,17.5788,8330340.0
1642032000000,17.58,17.6961,17.1659,17.6125,8798601.0
1642046400000,17.6163,17.9945,17.462,17.6791,8539333.0
1642060800000,17.6786,18.55,17.62,18.4834,13770505.0
1642075200000,18.4834,19.884,18.1513,19.562,32151586.0
1642089600000,19.569,19.6389,19.07,19.476,17140126.0
1642104000000,19.4761,19.8649,19.245,19.602,13750595.0
1642118400000,19.6048,20.3337,18.9069,18.9915,21904660.0
1642132800000,18.9902,19.1365,18.5565,18.7527,10849925.0
1642147200000,18.7511,19.4949,18.43,18.9666,17133340.0
1642161600000,18.9672,20.07,18.5555,19.9797,15775219.0
1642176000000,19.9801,20.2,19.653,19.8202,12923037.0
1642190400000,19.8195,20.6424,19.5215,20.1838,9857842.0
1642204800000,20.1817,20.2912,19.6056,19.6652,7028824.0
1642219200000,19.6683,19.7088,19.18,19.4358,6758686.0
1642233600000,19.4357,19.595,19.2162,19.294,5492771.0
1642248000000,19.2922,19.826,19.03,19.7521,8202815.0
1642262400000,19.7501,19.8028,19.31,19.5011,4694385.0
1642276800000,19.5012,19.5558,19.2,19.2696,3186524.0
1642291200000,19.2681,19.65,18.7538,18.9893,6992106.0
1642305600000,18.9888,19.3787,18.86,19.34,4505426.0
1642320000000,19.3421,20.0,19.2537,19.931,9696403.0
1642334400000,19.9304,20.2427,19.605,20.076,11044023.0
1642348800000,20.0787,20.11,19.7106,20.0312,4939027.0
1642363200000,20.0332,20.4466,19.944,20.1371,6823711.0
1642377600000,20.1373,20.187,19.123,19.1763,7278174.0
1642392000000,19.1798,19.6792,19.0611,19.3753,6309573.0
1642406400000,19.3776,19.5981,19.04,19.2398,4834583.0
1642420800000,19.2398,19.3952,18.6264,18.7188,7664142.0
1642435200000,18.7188,18.799,17.6324,17.8433,16010237.0
1642449600000,17.8434,17.9341,17.34,17.6768,9180848.0
1642464000000,17.6768,18.222,17.54,17.7241,7697631.0
1642478400000,17.7246,18.2042,17.2267,17.9741,8104725.0
1642492800000,17.9749,18.1221,17.35,17.7733,9653232.0
1642507200000,17.7734,17.8935,16.7956,17.0089,15376505.0
1642521600000,17.0068,17.2764,16.7643,17.1389,8293792.0
1642536000000,17.1389,17.9777,17.0068,17.6899,7235638.0
1642550400000,17.69,17.839,17.1264,17.432,8553176.0
1642564800000,17.432,17.7887,16.5264,16.6032,9790390.0
1642579200000,16.6049,17.5697,16.38,17.4311,15853411.0
1642593600000,17.4313,17.5986,17.0103,17.1926,10422423.0
1642608000000,17.1925,17.2865,16.8039,16.8613,7106423.0
1642622400000,16.8613,16.8738,16.1579,16.2053,7212551.0
1642636800000,16.2053,16.4937,16.1111,16.387,5902542.0
1642651200000,16.387,16.8247,16.308,16.73,4576787.0
1642665600000,16.727,16.8,16.552,16.644,4778443.0
1642680000000,16.644,17.54,16.33,17.25,12703186.0
1642694400000,17.25,17.4,16.975,17.12,7898827.0
1642708800000,17.119,17.174,15.133,15.24,15280170.0
1642723200000,15.241,15.678,14.41,14.563,17574173.0
1642737600000,14.558,14.964,14.273,14.69,9415650.0
1642752000000,14.69,14.791,14.221,14.364,7218030.0
1642766400000,14.365,14.63,13.751,14.461,15912818.0
1642780800000,14.459,14.497,13.56,13.596,9480421.0
1642795200000,13.597,13.709,11.925,13.211,24721265.0
1642809600000,13.21,13.522,12.617,12.759,9655829.0
1642824000000,12.758,12.812,11.001,11.175,19265757.0
1642838400000,11.178,11.576,10.086,11.266,29147803.0
1642852800000,11.267,12.235,11.02,11.068,15863642.0
1642867200000,11.067,11.849,10.888,11.294,15164827.0
1642881600000,11.294,11.899,11.135,11.396,8737271.0
1642896000000,11.395,12.413,11.3,11.812,12493774.0
1642910400000,11.812,12.151,11.552,11.901,9175225.0
1642924800000,11.901,12.538,11.725,11.857,12650740.0
1642939200000,11.855,12.187,11.111,11.254,13361895.0
1642953600000,11.254,11.49,10.87,11.026,10116525.0
1642968000000,11.026,11.84,10.81,11.689,10504629.0
1642982400000,11.687,11.697,10.821,10.995,8865269.0
1642996800000,10.992,11.082,10.161,10.195,12114259.0
1643011200000,10.196,10.508,9.504,9.908,21965341.0
1643025600000,9.908,10.535,9.523,10.295,23961312.0
1643040000000,10.298,10.8,9.8,10.433,16269873.0
1643054400000,10.433,11.064,10.404,10.704,10098016.0
1643068800000,10.701,10.715,10.166,10.44,8968513.0
1643083200000,10.439,10.493,9.959,10.285,7672040.0
1643097600000,10.285,11.0,10.253,10.962,12254085.0
1643112000000,10.962,11.425,10.5,11.156,17245524.0
1643126400000,11.156,12.494,11.137,12.301,18722373.0
1643140800000,12.299,12.3,11.627,12.112,13572601.0
1643155200000,12.113,12.477,11.601,11.789,14201375.0
1643169600000,11.788,12.23,11.445,11.692,11996203.0
1643184000000,11.692,12.092,11.674,11.989,8897247.0
1643198400000,11.988,12.596,11.788,12.09,13280225.0
1643212800000,12.089,12.933,11.553,11.95,20671558.0
1643227200000,11.952,11.96,10.698,11.27,17091424.0
1643241600000,11.271,11.42,10.45,10.599,12591034.0
1643256000000,10.598,11.091,10.551,10.938,7844370.0
1643270400000,10.939,11.425,10.762,11.315,10028437.0
1643284800000,11.315,11.747,11.135,11.295,11313184.0
1643299200000,11.294,11.477,10.751,10.783,9619547.0
1643313600000,10.782,10.92,9.932,10.524,14035701.0
1643328000000,10.524,10.655,10.213,10.506,8671249.0
1643342400000,10.508,10.671,10.239,10.292,7307615.0
1643356800000,10.291,10.481,10.1,10.264,7341994.0
1643371200000,10.266,10.56,10.052,10.489,10608455.0
1643385600000,10.493,10.586,10.263,10.45,7203644.0
1643400000000,10.449,10.883,10.386,10.763,7072195.0
1643414400000,10.763,10.94,10.64,10.904,5210424.0
1643428800000,10.903,11.159,10.79,11.105,4678535.0
1643443200000,11.106,11.146,10.928,11.104,4254683.0
1643457600000,11.105,11.36,10.82,11.02,9586069.0
1643472000000,11.022,11.179,10.9,11.093,5233722.0
1643486400000,11.094,11.239,10.879,11.04,4924328.0
1643500800000,11.039,11.154,10.722,10.846,4771885.0
1643515200000,10.849,11.044,10.81,11.034,2949921.0
1643529600000,11.035,11.15,10.842,11.089,4153569.0
1643544000000,11.09,11.108,10.77,10.871,4496994.0
1643558400000,10.872,10.892,10.318,10.434,5981190.0
1643572800000,10.433,10.536,10.251,10.345,4541640.0
1643587200000,10.347,10.412,10.014,10.204,6511112.0
1643601600000,10.201,10.294,10.06,10.277,3234451.0
1643616000000,10.277,10.583,10.235,10.508,4942835.0
1643630400000,10.509,10.885,10.397,10.813,7784706.0
1643644800000,10.817,11.395,10.741,10.931,10654275.0
1643659200000,10.931,11.149,10.831,11.112,4108463.0
1643673600000,11.112,11.456,10.948,11.42,4893212.0
1643688000000,11.421,11.528,11.206,11.263,4390096.0
1643702400000,11.263,11.46,11.02,11.161,6872430.0
1643716800000,11.16,11.348,10.941,11.158,6226396.0
1643731200000,11.163,11.392,10.961,11.034,4622165.0
1643745600000,11.035,11.28,11.03,11.207,2753872.0
1643760000000,11.206,11.274,11.0,11.096,3149792.0
1643774400000,11.094,11.168,11.006,11.04,2424084.0
1643788800000,11.04,11.37,11.019,11.348,3799297.0
1643803200000,11.348,11.716,11.053,11.407,12635188.0
1643817600000,11.407,11.955,11.046,11.765,14598535.0
1643832000000,11.763,11.782,10.841,10.855,11923184.0
1643846400000,10.856,10.945,10.449,10.586,7178663.0
1643860800000,10.585,10.847,10.478,10.794,5505164.0
1643875200000,10.794,10.987,10.42,10.776,8562057.0
1643889600000,10.777,10.932,10.516,10.9,7358210.0
1643904000000,10.9,10.962,10.553,10.651,5144064.0
1643918400000,10.651,10.988,10.517,10.951,4587423.0
1643932800000,10.948,11.271,10.821,11.162,5951908.0
1643947200000,11.162,11.369,11.087,11.243,4773227.0
1643961600000,11.241,11.5,11.234,11.297,4339481.0
1643976000000,11.296,11.75,11.016,11.69,10750561.0
1643990400000,11.691,12.847,11.691,12.777,25004386.0
1644004800000,12.778,13.17,12.526,12.977,11907402.0
1644019200000,12.976,13.125,12.651,13.021,11157522.0
1644033600000,13.021,13.428,12.961,13.012,10005490.0
1644048000000,13.013,13.19,12.899,13.067,5948653.0
1644062400000,13.065,13.633,13.014,13.387,10694877.0
1644076800000,13.387,13.434,12.564,12.804,13018498.0
1644091200000,12.802,13.077,12.675,12.817,4325519.0
1644105600000,12.816,13.975,12.736,13.662,9046283.0
1644120000000,13.66,13.745,13.303,13.506,7326393.0
1644134400000,13.504,13.783,13.382,13.441,5865479.0
1644148800000,13.435,13.637,12.876,13.176,9085280.0
1644163200000,13.178,13.375,12.968,13.127,4313182.0
1644177600000,13.124,13.549,12.846,13.484,5952774.0
1644192000000,13.484,13.598,13.057,13.528,6610393.0
1644206400000,13.536,13.827,13.409,13.557,6005127.0
1644220800000,13.552,13.649,13.133,13.553,5229684.0
1644235200000,13.555,13.966,13.329,13.952,8154577.0
1644249600000,13.953,14.079,13.473,13.703,7947379.0
1644264000000,13.705,13.815,13.413,13.5,4408096.0
1644278400000,13.497,13.733,13.24,13.619,5765731.0
1644292800000,13.616,13.749,13.17,13.351,6983475.0
1644307200000,13.352,13.391,12.565,12.88,8707418.0
1644321600000,12.883,12.885,12.228,12.405,8176350.0
1644336000000,12.401,12.487,12.19,12.284,5335230.0
1644350400000,12.283,12.824,12.261,12.767,5215062.0
1644364800000,12.768,12.85,12.263,12.379,4776815.0
1644379200000,12.378,12.56,12.085,12.504,4278434.0
1644393600000,12.508,12.78,12.315,12.729,4409451.0
1644408000000,12.729,13.106,12.678,12.9,7779885.0
1644422400000,12.9,12.999,12.751,12.939,4242904.0
1644436800000,12.939,13.032,12.815,12.983,2706072.0
1644451200000,12.984,12.995,12.396,12.532,3871453.0
1644465600000,12.532,12.648,12.428,12.621,2312583.0
1644480000000,12.623,12.845,12.56,12.744,3892878.0
1644494400000,12.744,12.761,11.701,12.373,13126393.0
1644508800000,12.374,12.548,11.985,12.062,5847635.0
1644523200000,12.062,12.139,11.72,11.778,3386040.0
1644537600000,11.777,11.806,11.374,11.751,5774271.0
1644552000000,11.751,11.969,11.643,11.924,2933781.0
1644566400000,11.921,11.985,11.711,11.838,3090558.0
1644580800000,11.838,12.31,11.78,11.915,6685519.0
1644595200000,11.914,11.97,11.058,11.102,7976354.0
1644609600000,11.103,11.165,10.629,10.844,6654544.0
1644624000000,10.842,11.027,10.68,10.748,3873989.0
1644638400000,10.749,10.85,10.387,10.686,4750681.0
1644652800000,10.685,10.918,10.622,10.915,3980714.0
1644667200000,10.913,10.955,10.569,10.761,3543765.0
1644681600000,10.762,11.242,10.675,10.956,5979265.0
1644696000000,10.956,11.031,10.514,10.788,3874313.0
1644710400000,10.791,10.927,10.671,10.747,2540310.0
1644724800000,10.746,10.833,10.653,10.794,2088379.0
1644739200000,10.794,10.907,10.704,10.815,2452959.0
1644753600000,10.815,10.872,10.583,10.676,3224469.0
1644768000000,10.676,10.848,10.115,10.256,7338348.0
1644782400000,10.257,10.503,10.214,10.369,2828280.0
1644796800000,10.37,10.423,10.06,10.21,4184673.0
1644811200000,10.207,10.411,10.168,10.391,3150098.0
1644825600000,10.392,10.45,10.192,10.334,3107983.0
1644840000000,10.335,10.672,10.2,10.468,6427934.0
1644854400000,10.47,10.609,10.062,10.1,5199187.0
1644868800000,10.099,10.569,10.03,10.555,4255425.0
1644883200000,10.555,10.868,10.485,10.798,4298489.0
1644897600000,10.799,10.899,10.678,10.893,3157633.0
1644912000000,10.895,11.284,10.872,11.151,6821705.0
1644926400000,11.154,11.35,11.02,11.151,4882353.0
1644940800000,11.151,11.508,11.065,11.224,4674255.0
1644955200000,11.225,11.59,11.157,11.501,3196210.0
1644969600000,11.501,11.507,11.143,11.247,2941135.0
1644984000000,11.248,11.358,11.101,11.34,2568319.0
1644998400000,11.34,11.483,11.178,11.252,3807182.0
1645012800000,11.249,11.255,10.814,10.943,6079485.0
1645027200000,10.944,11.23,10.84,11.208,4527783.0
1645041600000,11.209,11.43,11.151,11.212,3898797.0
1645056000000,11.212,11.349,10.984,10.994,3130909.0
1645070400000,10.994,11.707,10.801,11.641,8392028.0
1645084800000,11.642,11.721,11.092,11.113,10649718.0
1645099200000,11.114,11.21,10.869,11.12,10397676.0
1645113600000,11.12,11.218,10.5,10.716,10463589.0
1645128000000,10.714,10.714,10.363,10.441,5444917.0
1645142400000,10.442,10.644,10.35,10.552,3299256.0
1645156800000,10.552,10.893,10.522,10.817,5121635.0
1645171200000,10.815,10.937,10.578,10.613,4548259.0
1645185600000,10.615,10.78,10.139,10.207,8443579.0
1645200000000,10.203,10.359,10.107,10.295,5278847.0
1645214400000,10.295,10.354,10.181,10.265,2236289.0
1645228800000,10.266,10.42,10.205,10.325,2436318.0
1645243200000,10.327,10.47,10.285,10.413,2060371.0
1645257600000,10.413,10.434,9.868,9.968,5353841.0
1645272000000,9.968,10.138,9.823,10.107,5877888.0
1645286400000,10.109,10.338,9.968,9.992,4251441.0
1645300800000,9.99,10.051,9.842,10.037,2807369.0
1645315200000,10.041,10.075,9.76,9.793,3836147.0
1645329600000,9.794,9.875,9.336,9.559,7310398.0
1645344000000,9.56,9.612,9.388,9.571,4571012.0
1645358400000,9.573,9.639,9.077,9.3,7092240.0
1645372800000,9.301,9.464,9.279,9.359,4237136.0
1645387200000,9.36,9.567,9.154,9.287,4600369.0
1645401600000,9.287,9.729,9.208,9.529,6002492.0
1645416000000,9.529,9.834,9.525,9.74,4741472.0
1645430400000,9.74,9.808,9.022,9.142,8002705.0
1645444800000,9.143,9.586,8.912,9.357,12303026.0
1645459200000,9.356,9.466,8.955,9.093,8706781.0
1645473600000,9.094,9.204,8.47,8.536,8649487.0
1645488000000,8.536,8.689,8.189,8.276,8099679.0
1645502400000,8.279,8.565,8.261,8.422,6989851.0
1645516800000,8.421,8.76,8.411,8.671,6132590.0
1645531200000,8.67,8.941,8.588,8.777,6669233.0
1645545600000,8.776,8.841,8.541,8.792,5942055.0
1645560000000,8.793,9.021,8.631,8.953,3828031.0
1645574400000,8.952,9.152,8.861,8.89,5418043.0
1645588800000,8.889,9.095,8.865,9.079,3663123.0
1645603200000,9.078,9.44,9.024,9.288,5958028.0
1645617600000,9.289,9.431,9.011,9.084,7464771.0
1645632000000,9.084,9.335,8.768,8.8,8628762.0
1645646400000,8.799,8.906,8.51,8.546,5929415.0
1645660800000,8.547,8.649,7.748,7.784,13038090.0
1645675200000,7.781,7.855,7.377,7.752,17505171.0
1645689600000,7.751,7.97,7.455,7.622,11214261.0
1645704000000,7.622,8.068,7.527,8.038,11593515.0
1645718400000,8.036,8.584,7.876,8.534,10776126.0
1645732800000,8.534,8.824,8.226,8.48,8962928.0
1645747200000,8.481,8.606,8.33,8.515,4909177.0
1645761600000,8.516,8.586,8.246,8.439,4476175.0
1645776000000,8.439,8.737,8.22,8.691,7569261.0
1645790400000,8.693,8.912,8.549,8.768,8564517.0
1645804800000,8.767,8.931,8.514,8.604,5751439.0
1645819200000,8.603,9.047,8.556,8.932,4681842.0
1645833600000,8.931,9.396,8.875,9.282,6328877.0
1645848000000,9.283,9.333,8.958,9.174,4064166.0
1645862400000,9.177,9.296,8.935,9.213,5722509.0
1645876800000,9.213,9.38,9.053,9.208,5585083.0
1645891200000,9.207,9.281,9.031,9.17,4460510.0
1645905600000,9.17,9.314,9.003,9.114,2722037.0
1645920000000,9.113,9.154,8.607,8.718,5389836.0
1645934400000,8.718,8.855,8.631,8.786,2513606.0
1645948800000,8.786,9.035,8.717,9.026,3990335.0
1645963200000,9.026,9.171,8.687,8.948,7730494.0
1645977600000,8.949,8.995,8.353,8.4,5211023.0
1645992000000,8.398,8.562,8.271,8.503,5379922.0
1646006400000,8.502,8.6,8.353,8.47,3412436.0
1646020800000,8.471,8.625,8.3,8.593,3660967.0
1646035200000,8.593,8.679,8.506,8.572,3458555.0
1646049600000,8.573,9.092,8.45,9.075,8282781.0
1646064000000,9.074,9.241,8.952,9.101,6974660.0
1646078400000,9.099,9.777,9.098,9.749,6748094.0
1646092800000,9.749,9.905,9.48,9.575,7043111.0
1646107200000,9.575,9.977,9.529,9.958,5017524.0
1646121600000,9.958,10.8,9.938,10.722,21048313.0
1646136000000,10.722,11.224,10.4,11.206,24282625.0
1646150400000,11.206,11.809,11.061,11.476,28727802.0
1646164800000,11.478,11.95,11.248,11.805,10596325.0
1646179200000,11.805,11.915,11.275,11.541,16688554.0
1646193600000,11.541,11.665,10.996,11.209,11300753.0
1646208000000,11.21,11.446,11.06,11.33,8334896.0
1646222400000,11.331,11.521,10.846,10.979,16897567.0
1646236800000,10.979,11.234,10.913,11.111,6433575.0
1646251200000,11.111,11.378,11.008,11.08,4195285.0
1646265600000,11.08,11.3,10.702,10.864,6568534.0
1646280000000,10.865,11.543,10.841,11.39,10631483.0
1646294400000,11.387,11.63,11.2,11.289,9130555.0
1646308800000,11.289,11.5,10.873,11.002,10387459.0
1646323200000,11.002,11.247,10.698,11.104,7101632.0
1646337600000,11.105,11.294,10.872,11.021,6595065.0
1646352000000,11.022,11.053,10.515,10.739,7809637.0
1646366400000,10.739,11.24,10.687,11.13,8025449.0
1646380800000,11.131,11.69,10.965,11.591,12967775.0
1646395200000,11.591,11.788,11.125,11.137,17935942.0
1646409600000,11.136,11.153,10.585,10.657,11333111.0
1646424000000,10.656,10.88,10.3,10.418,8786245.0
1646438400000,10.418,10.495,10.05,10.444,7439852.0
1646452800000,10.445,10.75,10.307,10.716,5930945.0
1646467200000,10.715,10.747,10.429,10.57,5829512.0
1646481600000,10.571,10.674,10.266,10.404,5517897.0
1646496000000,10.405,10.615,10.278,10.48,4651427.0
1646510400000,10.48,10.517,10.338,10.493,2673628.0
1646524800000,10.493,10.728,10.463,10.506,4748804.0
1646539200000,10.505,10.696,10.35,10.65,5205824.0
1646553600000,10.65,10.654,10.198,10.431,7235393.0
1646568000000,10.432,10.634,10.33,10.463,7160206.0
1646582400000,10.463,10.867,10.35,10.379,10549642.0
1646596800000,10.378,10.605,10.075,10.083,10370905.0
1646611200000,10.085,10.107,9.707,9.772,9871201.0
1646625600000,9.772,10.039,9.728,9.848,5175952.0
1646640000000,9.847,10.048,9.768,9.922,5180857.0
1646654400000,9.921,10.329,9.921,10.141,10139539.0
1646668800000,10.141,10.299,9.341,9.417,10662381.0
1646683200000,9.414,9.854,9.31,9.651,7292951.0
1646697600000,9.65,9.94,9.584,9.895,4533318.0
1646712000000,9.895,9.943,9.625,9.729,3725674.0
1646726400000,9.731,9.95,9.703,9.85,4412698.0
1646740800000,9.85,9.9,9.645,9.743,5788952.0
1646755200000,9.743,9.933,9.532,9.772,6378222.0
1646769600000,9.769,9.808,9.562,9.726,2496780.0
1646784000000,9.728,10.439,9.68,10.387,7201682.0
1646798400000,10.388,11.215,10.376,11.205,10635706.0
1646812800000,11.207,11.41,10.93,11.028,15092799.0
1646827200000,11.027,11.408,10.94,11.307,12827234.0
1646841600000,11.307,11.545,11.1,11.292,10825053.0
1646856000000,11.292,11.73,11.109,11.598,7473924.0
1646870400000,11.595,11.99,11.2,11.342,19441771.0
1646884800000,11.342,11.456,10.579,10.834,16624684.0
1646899200000,10.834,10.945,10.61,10.763,7808529.0
1646913600000,10.762,11.241,10.51,10.929,18603497.0
1646928000000,10.928,11.275,10.774,11.09,12386896.0
1646942400000,11.089,11.261,10.978,11.04,4914573.0
1646956800000,11.037,11.072,10.523,10.642,6672628.0
1646971200000,10.641,10.748,10.34,10.695,7329065.0
1646985600000,10.693,11.0,10.51,10.903,7268434.0
1647000000000,10.903,11.359,10.681,10.728,15031981.0
1647014400000,10.729,10.734,10.308,10.379,8207444.0
1647028800000,10.379,10.462,10.211,10.241,4319279.0
1647043200000,10.24,10.618,10.224,10.448,5042247.0
1647057600000,10.448,10.571,10.343,10.443,3274677.0
1647072000000,10.443,10.503,10.24,10.395,4082236.0
1647086400000,10.397,10.507,10.239,10.422,4076409.0
1647100800000,10.425,10.516,10.264,10.296,3004342.0
1647115200000,10.295,10.404,10.219,10.32,2301101.0
1647129600000,10.318,10.385,10.123,10.341,3683866.0
1647144000000,10.341,10.395,10.261,10.343,2136700.0
1647158400000,10.344,10.35,10.161,10.228,3569225.0
1647172800000,10.226,10.321,10.0,10.273,6034097.0
1647187200000,10.272,10.474,10.238,10.27,4625029.0
1647201600000,10.265,10.337,9.708,9.844,6929357.0
1647216000000,9.843,9.869,9.669,9.772,4608993.0
1647230400000,9.773,10.054,9.76,10.018,5192083.0
1647244800000,10.021,10.177,9.98,10.034,5004863.0
1647259200000,10.029,10.1,9.907,9.965,4833290.0
1647273600000,9.963,9.98,9.665,9.792,6838123.0
1647288000000,9.792,10.155,9.725,10.124,5165364.0
1647302400000,10.123,10.3,9.902,9.966,6987493.0
1647316800000,9.965,10.238,9.941,10.052,6939600.0
1647331200000,10.051,10.055,9.818,9.983,5517870.0
1647345600000,9.983,10.398,9.907,10.161,8711064.0
1647360000000,10.161,10.362,10.107,10.322,6625074.0
1647374400000,10.321,10.366,10.076,10.109,3680102.0
1647388800000,10.11,10.547,9.991,10.073,8155146.0
1647403200000,10.073,10.183,9.967,10.105,3747467.0
1647417600000,10.105,10.279,10.091,10.22,4984499.0
1647432000000,10.219,10.344,10.149,10.263,5037903.0
1647446400000,10.263,10.655,9.913,10.614,9873611.0
1647460800000,10.614,10.84,10.438,10.807,5342804.0
1647475200000,10.808,10.998,10.653,10.959,4626210.0
1647489600000,10.959,10.994,10.717,10.838,3985777.0
1647504000000,10.836,10.95,10.732,10.823,3161059.0
1647518400000,10.82,11.185,10.8,10.913,7881260.0
1647532800000,10.917,10.96,10.804,10.875,3012675.0
1647547200000,10.877,10.881,10.67,10.72,2583750.0
1647561600000,10.721,10.742,10.483,10.516,3334482.0
1647576000000,10.515,10.799,10.452,10.625,3293461.0
1647590400000,10.625,10.705,10.453,10.536,3021643.0
1647604800000,10.538,10.783,10.404,10.761,4776181.0
1647619200000,10.761,11.137,10.752,11.132,5808916.0
1647633600000,11.132,11.496,11.131,11.357,4866451.0
1647648000000,11.357,11.518,11.132,11.268,4058240.0
1647662400000,11.267,11.29,11.102,11.113,1971113.0
1647676800000,11.113,11.372,11.056,11.326,3576894.0
1647691200000,11.328,11.455,11.233,11.383,5034116.0
1647705600000,11.382,11.56,11.254,11.366,3973803.0
1647720000000,11.366,11.459,11.122,11.291,2940138.0
1647734400000,11.291,11.336,11.056,11.168,2486969.0
1647748800000,11.172,11.195,11.094,11.121,1558987.0
1647763200000,11.124,11.187,10.813,10.836,3800730.0
1647777600000,10.836,10.9,10.701,10.75,4537696.0
1647792000000,10.75,10.849,10.575,10.785,3473993.0
1647806400000,10.786,10.873,10.589,10.651,2440540.0
1647820800000,10.651,10.737,10.51,10.7,3260405.0
1647835200000,10.701,11.065,10.689,11.06,4477757.0
1647849600000,11.06,11.284,10.929,11.166,4666216.0
1647864000000,11.166,11.246,10.951,11.1,6002961.0
1647878400000,11.099,11.104,10.686,10.926,5291128.0
1647892800000,10.925,10.939,10.761,10.851,2321842.0
1647907200000,10.852,11.281,10.795,11.205,5748665.0
1647921600000,11.206,11.496,11.167,11.311,5741430.0
1647936000000,11.313,11.425,11.188,11.424,3532191.0
1647950400000,11.423,11.477,11.231,11.268,5245731.0
1647964800000,11.267,11.336,11.055,11.074,3397665.0
1647979200000,11.075,11.249,10.981,11.059,3461982.0
1647993600000,11.059,11.197,10.925,11.02,3688611.0
1648008000000,11.019,11.095,10.868,11.06,3716638.0
1648022400000,11.06,11.242,10.963,11.14,3648618.0
1648036800000,11.142,11.86,11.036,11.83,10952386.0
1648051200000,11.829,12.498,11.827,12.197,25593567.0
1648065600000,12.198,12.721,12.197,12.491,9900202.0
1648080000000,12.491,12.676,11.9,11.997,9577692.0
1648094400000,11.996,12.346,11.994,12.255,5891857.0
1648108800000,12.255,12.342,12.054,12.134,6132324.0
1648123200000,12.134,12.558,11.91,12.382,12428983.0
1648137600000,12.38,12.832,12.249,12.705,8442392.0
1648152000000,12.706,13.199,12.663,12.888,8501634.0
1648166400000,12.887,12.888,12.42,12.574,5920460.0
1648180800000,12.574,12.826,12.48,12.581,4189033.0
1648195200000,12.58,12.819,12.231,12.68,7276481.0
1648209600000,12.681,12.753,12.11,12.215,7588850.0
1648224000000,12.214,12.484,11.917,12.35,7666870.0
1648238400000,12.352,12.419,12.12,12.219,2872971.0
1648252800000,12.22,12.93,12.134,12.902,6052237.0
1648267200000,12.905,13.48,12.814,13.261,14228160.0
1648281600000,13.262,13.469,13.112,13.411,8513620.0
1648296000000,13.414,13.544,12.95,13.037,10728317.0
1648310400000,13.038,13.068,12.889,12.995,5029685.0
1648324800000,12.994,13.085,12.62,12.711,5874262.0
1648339200000,12.711,13.154,12.659,12.839,6594856.0
1648353600000,12.838,12.978,12.755,12.914,2934185.0
1648368000000,12.917,12.949,12.811,12.843,2662776.0
1648382400000,12.842,12.905,12.476,12.853,5644932.0
1648396800000,12.853,12.906,12.661,12.748,2799913.0
1648411200000,12.748,13.224,12.566,13.185,6836872.0
1648425600000,13.185,13.336,13.052,13.264,3896324.0
1648440000000,13.266,13.375,13.115,13.197,3681974.0
1648454400000,13.197,13.5,13.101,13.42,4553873.0
1648468800000,13.421,13.471,13.161,13.188,5780815.0
1648483200000,13.187,13.318,12.922,13.168,6438064.0
1648497600000,13.168,13.24,12.5,12.634,6387881.0
1648512000000,12.634,13.045,12.6,12.917,3961402.0
1648526400000,12.917,13.423,12.912,13.099,6022116.0
1648540800000,13.099,13.377,13.095,13.299,4599195.0
1648555200000,13.299,14.09,13.265,13.587,18642533.0
1648569600000,13.587,13.975,13.207,13.838,11809676.0
1648584000000,13.839,14.433,13.698,14.087,11467266.0
1648598400000,14.088,14.339,13.517,14.186,9949058.0
1648612800000,14.186,14.717,14.052,14.503,8442395.0
1648627200000,14.502,14.532,14.1,14.228,5741669.0
1648641600000,14.229,14.41,13.9,14.268,7990252.0
1648656000000,14.266,14.532,13.776,13.994,6967577.0
1648670400000,13.992,14.089,13.8,14.035,3060147.0
1648684800000,14.035,14.389,13.968,14.07,3883821.0
1648699200000,14.07,14.155,13.956,14.049,2427869.0
1648713600000,14.048,14.33,14.03,14.139,4432784.0
1648728000000,14.138,14.241,13.055,13.619,12755747.0
1648742400000,13.621,13.633,13.014,13.217,7470640.0
1648756800000,13.218,13.499,13.094,13.306,3152049.0
1648771200000,13.306,13.54,12.524,12.888,8061891.0
1648785600000,12.888,13.368,12.831,13.35,4207628.0
1648800000000,13.352,13.618,13.312,13.336,4752169.0
1648814400000,13.337,13.95,13.028,13.883,8127947.0
1648828800000,13.882,14.542,13.822,14.501,6198493.0
1648843200000,14.499,14.762,14.282,14.739,4888648.0
1648857600000,14.738,14.934,14.367,14.717,5647421.0
1648872000000,14.717,15.866,14.681,15.785,8750507.0
1648886400000,15.783,16.294,15.505,16.005,14119383.0
1648900800000,16.005,16.22,15.207,15.503,15416052.0
1648915200000,15.503,15.889,14.9,14.984,10412690.0
1648929600000,14.981,15.225,14.745,14.834,4761168.0
1648944000000,14.835,15.729,14.57,15.551,9360463.0
1648958400000,15.553,17.394,15.509,17.237,19586262.0
1648972800000,17.238,17.465,16.377,16.389,16591496.0
1648987200000,16.388,16.7,16.076,16.352,14123308.0
1649001600000,16.352,16.56,16.011,16.213,7506796.0
1649016000000,16.212,16.995,16.062,16.802,9480427.0
1649030400000,16.803,17.676,16.308,16.358,25806213.0
1649044800000,16.358,16.867,16.336,16.426,9328916.0
1649059200000,16.426,16.46,15.721,15.854,13626436.0
1649073600000,15.854,15.988,15.3,15.549,12611324.0
1649088000000,15.547,17.297,15.32,17.175,17217003.0
1649102400000,17.176,18.048,17.026,17.121,24426842.0
1649116800000,17.117,17.655,16.636,17.432,13919738.0
1649131200000,17.433,17.644,17.122,17.271,6584109.0
1649145600000,17.272,17.302,16.766,17.272,8577311.0
1649160000000,17.271,17.55,16.42,16.633,16966054.0
1649174400000,16.632,16.912,16.036,16.347,9681101.0
1649188800000,16.345,16.559,15.839,16.141,7104444.0
1649203200000,16.141,16.483,15.052,16.144,16273302.0
1649217600000,16.144,17.079,16.043,16.472,10974320.0
1649232000000,16.473,16.622,15.355,15.605,13976836.0
1649246400000,15.608,16.798,15.375,15.991,38256578.0
1649260800000,15.993,16.89,15.52,16.357,24900075.0
1649275200000,16.357,16.766,15.134,15.246,13356297.0
1649289600000,15.245,15.452,14.56,15.224,15734878.0
1649304000000,15.224,15.654,15.061,15.512,8500239.0
1649318400000,15.512,15.66,15.094,15.445,9045155.0
1649332800000,15.443,15.6,14.75,14.944,13529892.0
1649347200000,14.943,16.37,14.613,16.01,14904270.0
1649361600000,16.011,17.513,15.799,17.437,18809537.0
1649376000000,17.438,18.441,17.057,18.219,26920232.0
1649390400000,18.216,19.79,18.067,19.076,50030925.0
1649404800000,19.077,19.49,18.212,18.687,40922242.0
1649419200000,18.687,19.497,18.32,18.719,43368534.0
1649433600000,18.719,18.828,17.598,18.046,37592751.0
1649448000000,18.046,18.189,17.313,17.524,19401808.0
1649462400000,17.524,18.179,16.7,17.028,27252018.0
1649476800000,17.028,17.159,16.422,16.659,15144301.0
1649491200000,16.659,16.9,16.486,16.664,11403820.0
1649505600000,16.664,17.166,16.1,16.258,20433914.0
1649520000000,16.254,16.481,16.163,16.32,8479337.0
1649534400000,16.321,17.55,16.295,17.541,14687289.0
1649548800000,17.539,17.666,17.017,17.057,14434610.0
1649563200000,17.056,17.139,16.531,16.629,9962253.0
1649577600000,16.63,16.962,16.456,16.785,9365296.0
1649592000000,16.784,16.909,16.056,16.325,12288786.0
1649606400000,16.326,17.056,16.147,16.891,13159874.0
1649620800000,16.892,16.985,15.7,15.796,15046363.0
1649635200000,15.796,16.061,15.373,15.808,16437566.0
1649649600000,15.808,16.25,15.719,15.95,12191176.0
1649664000000,15.949,16.046,15.1,15.305,20240855.0
1649678400000,15.304,15.743,15.02,15.417,18322395.0
1649692800000,15.417,16.445,14.911,15.255,33698833.0
1649707200000,15.255,16.234,15.025,16.037,27782987.0
1649721600000,16.037,16.321,15.678,15.897,23211447.0
1649736000000,15.896,16.294,15.751,16.216,13846662.0
1649750400000,16.215,16.945,16.184,16.647,25151768.0
1649764800000,16.647,17.176,16.213,16.405,30519283.0
1649779200000,16.406,16.837,15.547,15.612,17548609.0
1649793600000,15.614,16.61,15.572,16.519,11257098.0
1649808000000,16.519,16.642,16.129,16.351,11574369.0
1649822400000,16.352,16.577,16.097,16.411,8727456.0
1649836800000,16.411,16.447,15.631,15.673,11839467.0
1649851200000,15.672,16.582,15.591,16.432,21458255.0
1649865600000,16.433,17.0,16.318,16.777,15267838.0
1649880000000,16.776,16.984,16.384,16.83,9362942.0
1649894400000,16.83,17.39,16.752,17.084,12517815.0
1649908800000,17.084,17.28,16.952,17.086,7647090.0
1649923200000,17.085,17.768,17.001,17.143,18239707.0
1649937600000,17.143,17.55,16.334,16.408,20663250.0
1649952000000,16.407,16.503,15.913,16.215,14977815.0
1649966400000,16.214,16.432,16.034,16.369,5865049.0
1649980800000,16.368,16.557,16.006,16.336,7550316.0
1649995200000,16.335,16.474,15.817,16.039,10854589.0
1650009600000,16.038,16.16,15.9,16.013,7424361.0
1650024000000,16.014,16.149,15.651,15.966,12519067.0
1650038400000,15.966,15.99,15.67,15.759,6717134.0
1650052800000,15.758,16.025,15.711,16.018,3678701.0
1650067200000,16.017,16.298,15.86,16.071,6509015.0
1650081600000,16.071,16.15,15.91,16.061,4268958.0
1650096000000,16.06,16.125,15.911,16.032,4047858.0
1650110400000,16.032,16.096,15.67,15.705,6120064.0
1650124800000,15.704,15.811,15.517,15.674,5710244.0
1650139200000,15.674,16.041,15.653,15.929,4950679.0
1650153600000,15.93,15.988,15.68,15.73,3272666.0
1650168000000,15.727,15.874,15.721,15.778,2177406.0
1650182400000,15.778,15.868,15.663,15.797,3346026.0
1650196800000,15.798,16.538,15.728,16.514,10145203.0
1650211200000,16.513,16.828,16.011,16.477,16469361.0
1650225600000,16.477,16.518,15.58,15.675,10222236.0
1650240000000,15.675,15.987,15.344,15.853,9546032.0
1650254400000,15.852,15.882,14.88,15.025,14363627.0
1650268800000,15.026,15.099,14.67,14.995,11080160.0
1650283200000,14.995,15.766,14.995,15.382,18358801.0
1650297600000,15.386,15.969,15.111,15.75,17939315.0
1650312000000,15.751,16.348,15.746,16.165,9560370.0
1650326400000,16.164,17.201,16.152,16.684,19920115.0
1650340800000,16.684,17.021,16.66,16.879,9301438.0
1650355200000,16.878,17.174,16.635,16.819,13954688.0
1650369600000,16.818,17.542,16.802,17.229,23368193.0
1650384000000,17.228,17.425,16.85,17.022,9042271.0
1650398400000,17.022,17.504,16.713,17.417,9557302.0
1650412800000,17.418,17.835,16.97,16.976,13852404.0
1650427200000,16.977,17.331,16.806,17.107,10910188.0
1650441600000,17.107,17.447,17.045,17.29,8734818.0
1650456000000,17.29,17.403,16.458,16.689,16444542.0
1650470400000,16.689,17.099,16.3,16.534,11886618.0
1650484800000,16.534,16.893,16.51,16.643,4652377.0
1650499200000,16.643,16.839,16.424,16.554,6669813.0
1650513600000,16.556,16.581,16.034,16.383,7499160.0
1650528000000,16.382,16.8,16.146,16.541,11638693.0
1650542400000,16.541,17.151,16.341,16.924,15595448.0
1650556800000,16.925,16.938,16.047,16.165,13219424.0
1650571200000,16.165,16.198,15.078,15.629,16136264.0
1650585600000,15.63,15.769,15.467,15.505,6958441.0
1650600000000,15.505,15.833,15.405,15.575,7168564.0
1650614400000,15.575,15.644,15.224,15.535,7481067.0
1650628800000,15.535,15.686,15.05,15.159,12310072.0
1650643200000,15.159,15.543,15.072,15.392,7999377.0
1650657600000,15.391,15.68,15.257,15.561,5567293.0
1650672000000,15.561,15.622,15.2,15.301,4233633.0
1650686400000,15.299,15.46,15.102,15.402,4563031.0
1650700800000,15.402,15.92,15.34,15.61,8531554.0
1650715200000,15.61,15.815,15.412,15.779,7173962.0
1650729600000,15.778,15.855,15.468,15.566,5418975.0
1650744000000,15.567,15.676,15.208,15.319,3789706.0
1650758400000,15.318,15.549,15.198,15.509,4507306.0
1650772800000,15.509,15.585,15.286,15.359,3434026.0
1650787200000,15.36,15.364,15.05,15.199,4632459.0
1650801600000,15.2,15.215,14.806,15.185,10049940.0
1650816000000,15.187,15.328,14.9,15.326,7253780.0
1650830400000,15.326,15.395,14.967,15.005,4296066.0
1650844800000,15.005,15.051,14.036,14.386,17427000.0
1650859200000,14.386,14.439,13.55,13.697,14293306.0
1650873600000,13.696,13.974,13.568,13.964,11713424.0
1650888000000,13.964,14.196,13.763,13.815,16742755.0
1650902400000,13.815,14.379,13.73,14.338,15222644.0
1650916800000,14.337,14.462,14.139,14.27,6862416.0
1650931200000,14.271,15.055,14.262,14.8,13230173.0
1650945600000,14.801,15.198,14.648,14.876,10719091.0
1650960000000,14.876,14.959,14.587,14.724,8042723.0
1650974400000,14.728,14.794,13.571,13.612,21921334.0
1650988800000,13.613,13.767,12.823,13.063,20534515.0
1651003200000,13.063,13.261,12.338,12.672,16099639.0
1651017600000,12.672,13.098,12.501,12.79,12354868.0
1651032000000,12.791,13.249,12.714,13.249,10753644.0
1651046400000,13.249,13.27,12.642,12.847,13246112.0
1651060800000,12.848,13.2,12.613,12.809,19702164.0
1651075200000,12.809,12.971,12.421,12.579,10098459.0
1651089600000,12.579,12.922,12.561,12.873,5701883.0
1651104000000,12.872,13.011,12.58,12.605,8697990.0
1651118400000,12.605,12.835,12.534,12.687,6859196.0
1651132800000,12.687,13.144,12.681,12.936,12351144.0
1651147200000,12.936,12.985,12.22,12.433,24013104.0
1651161600000,12.432,12.778,12.311,12.465,11087393.0
1651176000000,12.464,12.575,12.304,12.392,6338736.0
1651190400000,12.393,12.535,12.029,12.12,9275306.0
1651204800000,12.122,12.264,12.03,12.201,6239822.0
1651219200000,12.202,12.234,11.68,11.754,14031075.0
1651233600000,11.754,12.107,11.711,11.882,11966467.0
1651248000000,11.882,11.97,11.104,11.202,16774205.0
1651262400000,11.205,11.377,11.169,11.281,7832884.0
1651276800000,11.281,11.676,11.223,11.398,8769346.0
1651291200000,11.399,11.534,11.266,11.293,5300975.0
1651305600000,11.292,11.68,11.158,11.571,9189801.0
1651320000000,11.57,11.789,11.055,11.206,15372506.0
1651334400000,11.207,11.291,10.604,10.906,16334543.0
1651348800000,10.906,10.921,10.05,10.324,15947408.0
1651363200000,10.323,10.569,10.116,10.49,14970714.0
1651377600000,10.491,11.042,10.329,10.689,12892817.0
1651392000000,10.688,11.459,10.677,11.135,16195888.0
1651406400000,11.133,11.74,10.835,11.654,25379906.0
1651420800000,11.656,12.25,11.424,11.566,37583407.0
1651435200000,11.565,11.938,11.486,11.826,14411728.0
1651449600000,11.825,12.166,11.74,11.773,13070955.0
1651464000000,11.774,12.089,11.666,11.891,12796970.0
1651478400000,11.892,12.189,11.08,11.154,23544924.0
1651492800000,11.153,11.996,11.077,11.603,33275760.0
1651507200000,11.603,11.765,11.213,11.686,18679549.0
1651521600000,11.687,11.964,11.41,11.839,9895289.0
1651536000000,11.84,11.99,11.615,11.818,10640013.0
1651550400000,11.818,11.956,11.67,11.905,7230459.0
1651564800000,11.905,12.167,11.707,12.106,9676508.0
1651579200000,12.105,12.122,11.781,11.848,13153091.0
1651593600000,11.847,11.946,11.329,11.433,14594003.0
1651608000000,11.433,12.083,11.3,11.991,11971774.0
1651622400000,11.99,12.445,11.896,12.187,15281863.0
1651636800000,12.187,12.279,11.971,12.148,9110974.0
1651651200000,12.148,12.644,12.12,12.341,14446727.0
1651665600000,12.341,12.438,11.858,12.054,11406830.0
1651680000000,12.053,13.056,11.868,12.832,22160426.0
1651694400000,12.832,13.019,12.709,12.97,7341986.0
1651708800000,12.972,13.193,12.895,12.966,7853118.0
1651723200000,12.966,12.988,12.642,12.707,6988356.0
1651737600000,12.707,12.76,12.47,12.535,8543947.0
1651752000000,12.536,12.604,11.008,11.217,29086061.0
1651766400000,11.217,11.35,10.698,11.17,25264492.0
1651780800000,11.169,11.327,11.001,11.207,8187976.0
1651795200000,11.206,11.322,10.866,10.951,7979566.0
1651809600000,10.951,11.038,10.501,10.708,11288672.0
1651824000000,10.707,11.0,10.401,10.567,15226323.0
1651838400000,10.566,11.038,10.407,10.737,23074726.0
1651852800000,10.736,10.878,10.583,10.732,10307652.0
1651867200000,10.733,10.96,10.65,10.772,5403409.0
1651881600000,10.771,10.852,10.446,10.484,7248080.0
1651896000000,10.485,10.634,10.268,10.591,8477504.0
1651910400000,10.59,10.799,10.547,10.725,7786596.0
1651924800000,10.726,10.774,10.57,10.702,6877337.0
1651939200000,10.702,10.748,10.571,10.631,4899598.0
1651953600000,10.63,10.631,10.05,10.427,13918604.0
1651968000000,10.428,10.459,9.823,10.194,16724291.0
1651982400000,10.193,10.389,10.12,10.223,8348524.0
1651996800000,10.223,10.689,10.184,10.625,11392129.0
1652011200000,10.627,10.818,10.387,10.439,17793361.0
1652025600000,10.438,10.933,10.028,10.885,19365327.0
1652040000000,10.887,11.25,10.805,11.133,23028064.0
1652054400000,11.135,11.489,10.888,11.222,25206549.0
1652068800000,11.223,11.665,10.914,11.193,26443143.0
1652083200000,11.193,11.343,10.667,11.244,31894432.0
1652097600000,11.245,11.5,10.76,10.89,44873661.0
1652112000000,10.891,10.961,9.76,10.071,59425658.0
1652126400000,10.07,10.578,9.317,9.383,35522560.0
1652140800000,9.385,10.022,8.825,9.345,43986901.0
1652155200000,9.345,10.937,9.285,10.313,33388012.0
1652169600000,10.316,10.627,10.131,10.433,20377536.0
1652184000000,10.431,10.69,9.715,10.091,30991380.0
1652198400000,10.092,10.285,9.771,9.856,19661257.0
1652212800000,9.856,9.861,9.0,9.562,25413063.0
1652227200000,9.563,9.887,9.189,9.461,22643732.0
1652241600000,9.461,9.623,7.692,8.357,38395751.0
1652256000000,8.357,9.045,7.78,7.85,39270919.0
1652270400000,7.851,8.815,5.188,7.47,100251775.0
1652284800000,7.469,7.668,6.41,6.604,33549960.0
1652299200000,6.603,6.77,5.902,6.484,35745015.0
1652313600000,6.487,7.089,5.623,5.699,43933930.0
1652328000000,5.698,6.342,5.229,6.118,61071345.0
1652342400000,6.113,6.638,5.845,6.151,39495294.0
1652356800000,6.151,7.074,5.915,6.614,38417119.0
1652371200000,6.615,7.344,6.254,6.586,29357874.0
1652385600000,6.586,6.65,5.985,6.411,17200921.0
1652400000000,6.411,7.282,6.299,7.095,23350885.0
1652414400000,7.097,7.547,6.915,6.935,24937775.0
1652428800000,6.936,7.646,6.936,7.58,20512944.0
1652443200000,7.58,7.65,7.083,7.15,23804190.0
1652457600000,7.15,7.228,6.201,6.273,31048058.0
1652472000000,6.277,6.86,6.076,6.518,26674057.0
1652486400000,6.518,6.881,6.489,6.631,14956196.0
1652500800000,6.63,6.637,6.287,6.443,13256575.0
1652515200000,6.442,6.576,6.027,6.137,16260090.0
1652529600000,6.136,6.226,5.936,6.071,18179027.0
1652544000000,6.072,6.567,5.993,6.404,18036204.0
1652558400000,6.404,6.787,6.34,6.671,11454517.0
1652572800000,6.671,6.962,6.521,6.569,12781370.0
1652587200000,6.566,6.887,6.495,6.728,11900830.0
1652601600000,6.728,6.871,6.544,6.795,10728912.0
1652616000000,6.794,6.974,6.572,6.668,13072023.0
1652630400000,6.667,7.178,6.606,7.155,13217529.0
1652644800000,7.156,7.508,7.072,7.341,15200682.0
1652659200000,7.34,7.34,6.959,7.036,13040006.0
1652673600000,7.035,7.035,6.585,6.681,17469727.0
1652688000000,6.681,6.835,6.52,6.665,14615657.0
1652702400000,6.666,6.809,6.427,6.573,20820878.0
1652716800000,6.573,6.719,6.431,6.564,12089559.0
1652731200000,6.564,6.799,6.473,6.534,11349781.0
1652745600000,6.534,6.843,6.51,6.786,9812629.0
1652760000000,6.786,6.946,6.732,6.797,8639704.0
1652774400000,6.797,6.888,6.695,6.733,9150546.0
1652788800000,6.732,6.983,6.584,6.665,17989111.0
1652803200000,6.664,6.736,6.31,6.362,19558361.0
1652817600000,6.362,6.71,6.268,6.67,12564153.0
1652832000000,6.67,6.776,6.432,6.455,12473686.0
1652846400000,6.455,6.558,6.367,6.447,9378460.0
1652860800000,6.448,6.463,6.33,6.375,10141122.0
1652875200000,6.376,6.394,5.9,5.986,25626052.0
1652889600000,5.985,6.188,5.889,6.137,20114846.0
1652904000000,6.137,6.172,5.863,5.918,12690443.0
1652918400000,5.918,5.996,5.639,5.871,18936730.0
1652932800000,5.871,6.009,5.746,5.851,13223547.0
1652947200000,5.851,5.958,5.559,5.93,22627063.0
1652961600000,5.931,6.266,5.826,6.184,33587096.0
1652976000000,6.184,6.209,5.938,5.941,14121818.0
1652990400000,5.941,6.165,5.869,6.101,11227667.0
1653004800000,6.1,6.271,5.958,5.967,14605453.0
1653019200000,5.967,6.066,5.822,5.93,15698194.0
1653033600000,5.93,6.146,5.902,6.089,15581946.0
1653048000000,6.088,6.111,5.662,5.7,25700475.0
1653062400000,5.7,5.837,5.627,5.815,17115477.0
1653076800000,5.815,5.887,5.716,5.749,7578040.0
1653091200000,5.749,5.806,5.607,5.773,13017781.0
1653105600000,5.774,5.83,5.689,5.812,7496254.0
1653120000000,5.81,5.943,5.756,5.814,8556365.0
1653134400000,5.814,6.046,5.759,6.001,12129041.0
1653148800000,6.001,6.08,5.908,5.955,10566373.0
1653163200000,5.955,6.199,5.858,6.131,7274445.0
1653177600000,6.131,6.139,6.009,6.058,10697805.0
1653192000000,6.058,6.181,5.987,6.159,11661523.0
1653206400000,6.159,6.382,6.135,6.247,14783800.0
1653220800000,6.247,6.34,6.101,6.136,10445434.0
1653235200000,6.136,6.243,6.038,6.105,8125256.0
1653249600000,6.104,6.293,6.081,6.234,6795230.0
1653264000000,6.233,6.398,6.104,6.176,10816930.0
1653278400000,6.176,6.387,6.153,6.364,9986416.0
1653292800000,6.365,6.483,6.281,6.397,11685592.0
1653307200000,6.399,6.531,6.18,6.351,19112296.0
1653321600000,6.35,6.457,5.955,5.964,15604897.0
1653336000000,5.964,6.102,5.729,5.842,12873427.0
1653350400000,5.842,5.938,5.813,5.895,9482782.0
1653364800000,5.896,5.944,5.842,5.884,5819032.0
1653379200000,5.882,5.887,5.675,5.785,10828428.0
1653393600000,5.785,5.863,5.513,5.789,24348476.0
1653408000000,5.789,5.887,5.619,5.778,18071959.0
1653422400000,5.778,6.031,5.731,5.963,7398189.0
1653436800000,5.962,6.09,5.855,6.017,14052855.0
1653451200000,6.017,6.023,5.762,5.795,10774696.0
1653465600000,5.796,5.882,5.679,5.716,14049748.0
1653480000000,5.714,5.838,5.688,5.763,15026475.0
1653494400000,5.762,5.817,5.689,5.722,13050169.0
1653508800000,5.723,5.814,5.7,5.752,6799248.0
1653523200000,5.752,5.826,5.715,5.747,8637898.0
1653537600000,5.746,5.756,5.484,5.602,15988835.0
1653552000000,5.602,5.611,5.17,5.296,18038208.0
1653566400000,5.296,5.444,5.045,5.417,39230162.0
1653580800000,5.417,5.572,5.154,5.159,18402242.0
1653595200000,5.159,5.399,5.152,5.228,12684003.0
1653609600000,5.228,5.307,4.89,5.1,28455839.0
1653624000000,5.099,5.135,4.771,4.967,32162072.0
1653638400000,4.967,5.06,4.87,4.974,21363449.0
1653652800000,4.975,5.163,4.891,4.923,27236923.0
1653667200000,4.924,4.958,4.666,4.784,27113971.0
1653681600000,4.783,4.883,4.72,4.8,11578997.0
1653696000000,4.799,4.946,4.711,4.873,15212334.0
1653710400000,4.873,4.94,4.832,4.867,10288527.0
1653724800000,4.867,4.912,4.781,4.847,12832758.0
1653739200000,4.848,4.935,4.81,4.919,12873980.0
1653753600000,4.919,5.04,4.88,4.966,11672680.0
1653768000000,4.966,5.05,4.874,4.988,7473127.0
1653782400000,4.988,5.057,4.772,4.822,14527377.0
1653796800000,4.823,4.965,4.8,4.942,8997693.0
1653811200000,4.943,5.036,4.888,5.007,12768504.0
1653825600000,5.007,5.198,5.002,5.097,18885372.0
1653840000000,5.098,5.149,5.042,5.06,8397136.0
1653854400000,5.059,5.218,5.056,5.177,9283957.0
1653868800000,5.177,5.446,5.095,5.402,15681737.0
1653883200000,5.4,5.723,5.392,5.674,17356908.0
1653897600000,5.675,5.712,5.476,5.534,14007304.0
1653912000000,5.533,5.605,5.385,5.473,16302543.0
1653926400000,5.474,5.63,5.451,5.56,9566413.0
1653940800000,5.561,5.826,5.536,5.754,17236406.0
1653955200000,5.754,6.547,5.716,6.465,35320303.0
1653969600000,6.465,6.508,6.068,6.135,25437050.0
1653984000000,6.136,6.269,6.018,6.195,16548929.0
1653998400000,6.195,6.195,5.831,6.081,25842387.0
1654012800000,6.082,6.117,5.802,5.847,15086217.0
1654027200000,5.848,6.015,5.832,5.953,8018492.0
1654041600000,5.954,5.969,5.68,5.749,15261843.0
1654056000000,5.747,5.833,5.672,5.746,12172800.0
1654070400000,5.748,5.963,5.726,5.78,14297068.0
1654084800000,5.781,5.989,5.527,5.604,33553912.0
1654099200000,5.604,5.702,5.393,5.44,21987379.0
1654113600000,5.441,5.454,5.235,5.338,14819999.0
1654128000000,5.338,5.359,5.15,5.182,14879522.0
1654142400000,5.183,5.428,5.159,5.364,12126323.0
1654156800000,5.362,5.459,5.283,5.446,11589435.0
1654171200000,5.446,5.476,5.242,5.394,19369962.0
1654185600000,5.396,5.552,5.351,5.465,12597016.0
1654200000000,5.464,5.647,5.464,5.601,8848064.0
1654214400000,5.601,5.634,5.491,5.561,9171473.0
1654228800000,5.56,5.567,5.374,5.404,9253872.0
1654243200000,5.404,5.443,5.128,5.179,16126038.0
1654257600000,5.18,5.285,5.152,5.201,17049909.0
1654272000000,5.2,5.258,5.171,5.235,6488978.0
1654286400000,5.236,5.366,5.192,5.247,6436745.0
1654300800000,5.247,5.298,5.1,5.174,9224245.0
1654315200000,5.173,5.378,5.162,5.368,8614345.0
1654329600000,5.368,5.399,5.251,5.274,9131202.0
1654344000000,5.274,5.289,5.16,5.247,14599972.0
1654358400000,5.247,5.3,5.194,5.248,5123356.0
1654372800000,5.247,5.383,5.236,5.327,6231313.0
1654387200000,5.326,5.345,5.203,5.298,6350564.0
1654401600000,5.297,5.339,5.252,5.304,5290063.0
1654416000000,5.304,5.342,5.254,5.304,5493044.0
1654430400000,5.304,5.36,5.266,5.354,7086569.0
1654444800000,5.353,5.419,5.283,5.392,8758640.0
1654459200000,5.391,5.509,5.303,5.326,7608017.0
1654473600000,5.326,5.59,5.304,5.545,12834310.0
1654488000000,5.545,5.66,5.505,5.598,9421536.0
1654502400000,5.597,5.76,5.553,5.573,11191451.0
1654516800000,5.574,5.632,5.453,5.531,13565709.0
1654531200000,5.53,5.539,5.37,5.445,8851453.0
1654545600000,5.444,5.508,5.335,5.48,5803499.0
1654560000000,5.482,5.491,5.041,5.193,23148052.0
1654574400000,5.194,5.202,5.11,5.163,6560646.0
1654588800000,5.164,5.211,5.09,5.13,7110512.0
1654603200000,5.13,5.282,5.062,5.206,13678307.0
1654617600000,5.205,5.372,5.162,5.298,9067202.0
1654632000000,5.298,5.398,5.107,5.191,12098101.0
1654646400000,5.192,5.355,5.115,5.149,11952231.0
1654660800000,5.148,5.28,5.12,5.211,6273170.0
1654675200000,5.211,5.246,5.171,5.203,3904683.0
1654689600000,5.204,5.282,5.12,5.215,7823193.0
1654704000000,5.215,5.245,5.093,5.137,4826012.0
1654718400000,5.137,5.188,5.056,5.062,4390374.0
1654732800000,5.062,5.096,4.98,5.082,7161712.0
1654747200000,5.083,5.146,5.07,5.141,4405759.0
1654761600000,5.142,5.218,5.105,5.12,6531296.0
1654776000000,5.119,5.138,5.052,5.117,7616111.0
1654790400000,5.117,5.193,5.013,5.028,5676036.0
1654804800000,5.028,5.112,5.0,5.08,4427506.0
1654819200000,5.081,5.112,4.944,5.053,7678222.0
1654833600000,5.053,5.111,5.024,5.046,4239973.0
1654848000000,5.045,5.054,4.952,5.009,6252170.0
1654862400000,5.009,5.036,4.68,4.763,23363959.0
1654876800000,4.763,4.775,4.513,4.517,14509472.0
1654891200000,4.518,4.585,4.44,4.49,6933773.0
1654905600000,4.491,4.662,4.466,4.641,7875026.0
1654920000000,4.64,4.677,4.581,4.635,5778912.0
1654934400000,4.636,4.641,4.306,4.355,16677868.0
1654948800000,4.356,4.399,3.98,4.085,27302930.0
1654963200000,4.085,4.228,4.031,4.151,17241906.0
1654977600000,4.151,4.185,4.059,4.097,6957121.0
1654992000000,4.098,4.15,3.7,3.787,26515198.0
1655006400000,3.787,3.88,3.685,3.871,17919479.0
1655020800000,3.871,3.97,3.812,3.874,15492754.0
1655035200000,3.874,4.127,3.727,4.02,34094282.0
1655049600000,4.021,4.065,3.856,3.937,13909372.0
1655064000000,3.936,3.988,3.682,3.69,12692838.0
1655078400000,3.69,3.734,3.328,3.469,40557219.0
1655092800000,3.469,3.618,3.197,3.251,33142753.0
1655107200000,3.251,3.325,3.078,3.2,51585608.0
1655121600000,3.199,3.421,3.111,3.383,41825988.0
1655136000000,3.383,3.59,3.345,3.436,25152317.0
1655150400000,3.436,3.62,3.296,3.516,20489484.0
1655164800000,3.516,3.545,3.166,3.496,35341770.0
1655179200000,3.497,3.692,3.37,3.602,34600435.0
1655193600000,3.603,3.612,3.343,3.4,21756500.0
1655208000000,3.401,3.528,3.3,3.503,24093343.0
1655222400000,3.504,3.537,3.334,3.358,12795941.0
1655236800000,3.358,3.4,3.23,3.377,12126251.0
1655251200000,3.378,3.433,3.234,3.245,13025023.0
1655265600000,3.245,3.248,3.105,3.151,24850980.0
1655280000000,3.152,3.279,3.032,3.237,33762269.0
1655294400000,3.238,3.328,3.192,3.257,20934604.0
1655308800000,3.257,3.857,3.128,3.464,45542898.0
1655323200000,3.464,3.873,3.412,3.811,19347152.0
1655337600000,3.811,3.834,3.556,3.566,17338341.0
1655352000000,3.566,3.64,3.443,3.469,11220053.0
1655366400000,3.47,3.518,3.267,3.31,15821054.0
1655380800000,3.309,3.401,3.224,3.33,21928869.0
1655395200000,3.33,3.388,3.243,3.279,11820646.0
1655409600000,3.278,3.347,3.125,3.219,15994937.0
1655424000000,3.219,3.377,3.169,3.312,17271212.0
1655438400000,3.311,3.449,3.299,3.406,13457511.0
1655452800000,3.406,3.432,3.3,3.36,11717820.0
1655467200000,3.36,3.473,3.283,3.421,19917321.0
1655481600000,3.42,3.496,3.289,3.298,13289003.0
1655496000000,3.298,3.385,3.284,3.37,7771121.0
1655510400000,3.37,3.41,3.248,3.303,8689956.0
1655524800000,3.302,3.324,3.1,3.12,17479579.0
1655539200000,3.12,3.187,3.055,3.13,18634075.0
1655553600000,3.131,3.152,3.062,3.076,9293868.0
1655568000000,3.077,3.133,2.929,2.939,16729478.0
1655582400000,2.94,3.165,2.86,3.09,22393973.0
1655596800000,3.09,3.133,2.985,3.014,12494839.0
1655611200000,3.015,3.096,2.97,3.012,13209088.0
1655625600000,3.012,3.238,2.987,3.167,17626044.0
1655640000000,3.168,3.219,3.089,3.2,12484338.0
1655654400000,3.199,3.271,3.11,3.23,10203304.0
1655668800000,3.23,3.339,3.226,3.285,11473281.0
1655683200000,3.285,3.3,3.108,3.172,11036449.0
1655697600000,3.173,3.226,3.136,3.17,7717020.0
1655712000000,3.17,3.563,3.16,3.554,22111835.0
1655726400000,3.555,3.564,3.379,3.434,20261826.0
1655740800000,3.435,3.442,3.304,3.337,10764556.0
1655755200000,3.337,3.434,3.283,3.406,9656937.0
1655769600000,3.406,3.527,3.38,3.522,14364022.0
1655784000000,3.522,3.577,3.419,3.521,13847635.0
1655798400000,3.521,3.667,3.512,3.537,16812765.0
1655812800000,3.538,3.677,3.501,3.628,17713880.0
1655827200000,3.628,3.703,3.493,3.503,11482911.0
1655841600000,3.503,3.586,3.456,3.516,7299964.0
1655856000000,3.516,3.526,3.32,3.339,10790005.0
1655870400000,3.338,3.406,3.271,3.289,10071829.0
1655884800000,3.289,3.427,3.261,3.395,8431434.0
1655899200000,3.395,3.459,3.333,3.341,14312665.0
1655913600000,3.341,3.383,3.295,3.327,9653262.0
1655928000000,3.327,3.346,3.261,3.276,7816971.0
1655942400000,3.276,3.427,3.269,3.363,8713250.0
1655956800000,3.363,3.499,3.35,3.429,9181221.0
1655971200000,3.428,3.497,3.413,3.469,9515023.0
1655985600000,3.469,3.513,3.36,3.391,12830207.0
1656000000000,3.391,3.503,3.368,3.494,10120257.0
1656014400000,3.495,3.583,3.464,3.552,8402620.0
1656028800000,3.552,3.731,3.55,3.675,10563574.0
1656043200000,3.675,3.697,3.587,3.641,9714663.0
1656057600000,3.641,3.79,3.638,3.738,15913809.0
1656072000000,3.739,3.807,3.673,3.775,14437852.0
1656086400000,3.775,3.887,3.762,3.874,13072170.0
1656100800000,3.875,4.111,3.865,3.993,17726221.0
1656115200000,3.993,4.258,3.93,4.147,25178202.0
1656129600000,4.147,4.397,4.127,4.371,26199543.0
1656144000000,4.37,4.395,4.159,4.168,20947332.0
1656158400000,4.169,4.208,3.979,4.006,30844002.0
1656172800000,4.005,4.126,3.994,4.073,13700525.0
1656187200000,4.072,4.267,4.062,4.171,15110613.0
1656201600000,4.171,4.33,4.144,4.201,14124330.0
1656216000000,4.2,4.217,4.09,4.135,10541031.0
1656230400000,4.136,4.318,4.088,4.311,13652717.0
1656244800000,4.311,4.313,4.019,4.079,17044900.0
1656259200000,4.079,4.111,3.867,3.936,14573015.0
1656273600000,3.935,4.023,3.763,3.788,12415569.0
1656288000000,3.787,3.91,3.77,3.9,12449666.0
1656302400000,3.9,3.973,3.86,3.949,10265579.0
1656316800000,3.949,3.995,3.88,3.893,10349339.0
1656331200000,3.892,3.91,3.69,3.761,20341319.0
1656345600000,3.761,3.777,3.628,3.691,13250783.0
1656360000000,3.692,3.795,3.692,3.736,7784056.0
1656374400000,3.735,3.781,3.527,3.611,15505342.0
1656388800000,3.61,3.672,3.566,3.657,9181733.0
1656403200000,3.656,3.759,3.647,3.708,15301280.0
1656417600000,3.708,3.767,3.54,3.551,21475166.0
1656432000000,3.552,3.582,3.414,3.474,17638846.0
1656446400000,3.474,3.498,3.385,3.415,9655145.0
1656460800000,3.414,3.509,3.381,3.463,11106438.0
1656475200000,3.462,3.493,3.326,3.468,16625600.0
1656489600000,3.468,3.52,3.38,3.443,17079533.0
1656504000000,3.443,3.518,3.385,3.486,20058139.0
1656518400000,3.485,3.519,3.408,3.51,13256274.0
1656532800000,3.509,3.559,3.39,3.428,13619825.0
1656547200000,3.427,3.435,3.274,3.345,14754183.0
1656561600000,3.344,3.359,3.183,3.222,15738624.0
1656576000000,3.222,3.224,3.133,3.194,15051605.0
1656590400000,3.194,3.254,3.12,3.22,17690347.0
1656604800000,3.221,3.273,3.198,3.248,9841884.0
1656619200000,3.248,3.37,3.179,3.335,12893186.0
1656633600000,3.335,3.458,3.282,3.29,20237663.0
1656648000000,3.291,3.361,3.227,3.35,12468354.0
1656662400000,3.349,3.377,3.238,3.275,13052304.0
1656676800000,3.275,3.35,3.253,3.278,11038741.0
1656691200000,3.278,3.39,3.267,3.385,7844400.0
1656705600000,3.385,3.451,3.332,3.351,7775037.0
1656720000000,3.35,3.424,3.242,3.264,11778340.0
1656734400000,3.264,3.316,3.256,3.277,6349313.0
1656748800000,3.277,3.307,3.214,3.294,7257904.0
1656763200000,3.294,3.337,3.249,3.283,9402595.0
1656777600000,3.283,3.369,3.263,3.34,6862570.0
1656792000000,3.339,3.366,3.303,3.311,4098734.0
1656806400000,3.311,3.33,3.254,3.295,6490281.0
1656820800000,3.295,3.334,3.214,3.262,10847245.0
1656835200000,3.263,3.281,3.223,3.267,5597745.0
1656849600000,3.268,3.271,3.198,3.227,6130774.0
1656864000000,3.226,3.323,3.215,3.318,6130398.0
1656878400000,3.319,3.348,3.29,3.318,7115838.0
1656892800000,3.318,3.334,3.205,3.213,7494324.0
1656907200000,3.213,3.274,3.21,3.242,5624783.0
1656921600000,3.242,3.4,3.231,3.389,10760802.0
1656936000000,3.39,3.49,3.36,3.416,14015578.0
1656950400000,3.416,3.471,3.395,3.438,6969556.0
1656964800000,3.438,3.556,3.411,3.519,10584758.0
1656979200000,3.519,3.552,3.465,3.51,9024626.0
1656993600000,3.511,3.592,3.467,3.564,10595101.0
1657008000000,3.563,3.565,3.337,3.348,16784062.0
1657022400000,3.348,3.354,3.26,3.331,16615207.0
1657036800000,3.331,3.475,3.307,3.451,11708525.0
1657051200000,3.451,3.507,3.367,3.391,8946755.0
1657065600000,3.391,3.422,3.307,3.39,13499926.0
1657080000000,3.391,3.449,3.356,3.434,11080176.0
1657094400000,3.433,3.483,3.394,3.405,9382637.0
1657108800000,3.406,3.489,3.383,3.442,9356983.0
1657123200000,3.443,3.543,3.435,3.5,9028295.0
1657137600000,3.501,3.547,3.477,3.498,5649111.0
1657152000000,3.498,3.544,3.481,3.51,5648041.0
1657166400000,3.51,3.512,3.433,3.474,6400294.0
1657180800000,3.474,3.541,3.46,3.513,7488297.0
1657195200000,3.513,3.619,3.472,3.572,12989595.0
1657209600000,3.572,3.777,3.563,3.766,15456599.0
1657224000000,3.767,3.77,3.671,3.701,7380589.0
1657238400000,3.703,3.848,3.681,3.752,11324060.0
1657252800000,3.753,3.762,3.612,3.625,10343636.0
1657267200000,3.626,3.644,3.515,3.562,12091635.0
1657281600000,3.562,3.633,3.481,3.613,16061325.0
1657296000000,3.613,3.648,3.549,3.619,8812604.0
1657310400000,3.618,3.664,3.572,3.584,5524718.0
1657324800000,3.584,3.766,3.583,3.683,14167202.0
1657339200000,3.683,3.769,3.66,3.742,9748314.0
1657353600000,3.742,3.861,3.713,3.753,12520482.0
1657368000000,3.753,3.797,3.715,3.789,12218654.0
1657382400000,3.788,3.881,3.764,3.818,12384591.0
1657396800000,3.818,3.847,3.79,3.791,5391642.0
1657411200000,3.792,3.826,3.642,3.675,11447815.0
1657425600000,3.674,3.698,3.648,3.682,4825904.0
1657440000000,3.682,3.694,3.601,3.64,6306913.0
1657454400000,3.64,3.656,3.517,3.536,9951902.0
1657468800000,3.536,3.579,3.5,3.577,5820108.0
1657483200000,3.577,3.597,3.5,3.524,5554307.0
1657497600000,3.523,3.533,3.404,3.477,10208787.0
1657512000000,3.476,3.485,3.365,3.406,9073722.0
1657526400000,3.406,3.456,3.386,3.394,6853868.0
1657540800000,3.394,3.443,3.342,3.415,11036181.0
1657555200000,3.415,3.47,3.392,3.404,6758183.0
1657569600000,3.404,3.414,3.204,3.223,11475707.0
1657584000000,3.222,3.282,3.204,3.264,7182291.0
1657598400000,3.263,3.315,3.224,3.266,8492554.0
1657612800000,3.266,3.302,3.21,3.289,8711908.0
1657627200000,3.289,3.336,3.266,3.297,10515277.0
1657641600000,3.297,3.32,3.187,3.224,8503559.0
1657656000000,3.223,3.26,3.171,3.183,6537562.0
1657670400000,3.182,3.236,3.16,3.215,6644298.0
1657684800000,3.215,3.261,3.208,3.259,6832723.0
1657699200000,3.259,3.291,3.25,3.274,6152093.0
1657713600000,3.275,3.308,3.02,3.165,30485938.0
1657728000000,3.164,3.256,3.131,3.204,10947834.0
1657742400000,3.205,3.341,3.196,3.334,8281234.0
1657756800000,3.333,3.38,3.317,3.347,8755801.0
1657771200000,3.348,3.368,3.273,3.297,7537470.0
1657785600000,3.297,3.306,3.222,3.243,8581008.0
1657800000000,3.243,3.377,3.212,3.362,13145190.0
1657814400000,3.363,3.522,3.338,3.479,14179666.0
1657828800000,3.48,3.53,3.437,3.488,6040107.0
1657843200000,3.487,3.544,3.429,3.523,8848573.0
1657857600000,3.522,3.531,3.46,3.51,6822514.0
1657872000000,3.51,3.569,3.489,3.512,9937541.0
1657886400000,3.511,3.635,3.51,3.528,11509817.0
1657900800000,3.528,3.56,3.463,3.556,9109490.0
1657915200000,3.556,3.579,3.478,3.499,5276017.0
1657929600000,3.497,3.509,3.403,3.433,6691631.0
1657944000000,3.433,3.444,3.371,3.382,5904638.0
1657958400000,3.382,3.412,3.376,3.396,3882386.0
1657972800000,3.396,3.49,3.386,3.486,6593020.0
1657987200000,3.486,3.669,3.485,3.571,15376365.0
1658001600000,3.572,3.662,3.54,3.641,6149250.0
1658016000000,3.642,3.684,3.576,3.619,7519113.0
1658030400000,3.619,3.764,3.605,3.677,9211197.0
1658044800000,3.677,3.717,3.609,3.658,9223732.0
1658059200000,3.658,3.669,3.569,3.593,9497165.0
1658073600000,3.593,3.678,3.534,3.583,10056605.0
1658088000000,3.584,3.605,3.501,3.522,5205257.0
1658102400000,3.522,3.705,3.513,3.683,10019806.0
1658116800000,3.682,3.863,3.664,3.821,16166208.0
1658131200000,3.82,4.081,3.816,3.948,23712638.0
1658145600000,3.948,4.116,3.876,4.089,16011154.0
1658160000000,4.089,4.095,3.852,3.922,14102197.0
1658174400000,3.922,4.108,3.902,4.059,10300614.0
1658188800000,4.059,4.523,4.008,4.386,49302130.0
1658203200000,4.385,4.53,4.305,4.358,38811723.0
1658217600000,4.358,4.488,4.332,4.387,22249729.0
1658232000000,4.387,4.554,4.264,4.353,33378600.0
1658246400000,4.353,4.582,4.346,4.465,19292352.0
1658260800000,4.465,4.666,4.436,4.529,15218303.0
1658275200000,4.529,4.616,4.411,4.585,16598067.0
1658289600000,4.585,4.625,4.461,4.465,12038359.0
1658304000000,4.465,4.526,4.353,4.437,16012524.0
1658318400000,4.437,4.604,4.376,4.529,18589479.0
1658332800000,4.528,4.54,4.321,4.351,15940206.0
1658347200000,4.351,4.382,4.137,4.182,16272963.0
1658361600000,4.181,4.289,4.05,4.092,13332858.0
1658376000000,4.092,4.215,4.041,4.168,10991267.0
1658390400000,4.168,4.223,4.102,4.184,9745021.0
1658404800000,4.183,4.262,4.153,4.228,12512390.0
1658419200000,4.228,4.47,4.224,4.458,14410839.0
1658433600000,4.458,4.496,4.319,4.372,8597884.0
1658448000000,4.372,4.598,4.345,4.546,13544261.0
1658462400000,4.544,4.648,4.435,4.577,16709495.0
1658476800000,4.578,4.724,4.542,4.712,14329268.0
1658491200000,4.712,4.758,4.452,4.47,20727888.0
1658505600000,4.469,4.494,4.302,4.319,12476908.0
1658520000000,4.319,4.378,4.278,4.316,5784325.0
1658534400000,4.317,4.436,4.255,4.384,8013692.0
1658548800000,4.384,4.471,4.362,4.406,8754667.0
1658563200000,4.407,4.454,4.183,4.191,12005163.0
1658577600000,4.192,4.302,4.16,4.262,9140352.0
1658592000000,4.262,4.282,4.131,4.223,8310050.0
1658606400000,4.223,4.328,4.211,4.302,5165966.0
1658620800000,4.303,4.398,4.259,4.263,7757526.0
1658635200000,4.263,4.407,4.252,4.389,7641579.0
1658649600000,4.388,4.47,4.329,4.368,11009442.0
1658664000000,4.369,4.401,4.283,4.384,8137331.0
1658678400000,4.385,4.47,4.341,4.407,6446680.0
1658692800000,4.406,4.493,4.33,4.348,7406175.0
1658707200000,4.348,4.383,4.025,4.055,13141225.0
1658721600000,4.055,4.137,4.036,4.102,6245342.0
1658736000000,4.103,4.154,4.073,4.108,5557949.0
1658750400000,4.108,4.111,4.0,4.049,9045750.0
1658764800000,4.049,4.07,3.88,3.938,9925147.0
1658779200000,3.937,4.007,3.774,3.783,11922609.0
1658793600000,3.784,3.805,3.686,3.752,11733030.0
1658808000000,3.751,3.776,3.65,3.671,7612775.0
1658822400000,3.672,3.711,3.616,3.666,8345367.0
1658836800000,3.667,3.698,3.562,3.604,12811492.0
1658851200000,3.605,3.694,3.571,3.605,7382218.0
1658865600000,3.606,3.757,3.589,3.751,8743889.0
1658880000000,3.752,3.762,3.633,3.655,5826536.0
1658894400000,3.656,3.797,3.656,3.78,7864267.0
1658908800000,3.781,3.81,3.672,3.696,7620524.0
1658923200000,3.697,3.785,3.678,3.755,7485798.0
1658937600000,3.755,4.081,3.69,4.026,22356578.0
1658952000000,4.026,4.158,4.015,4.147,8957253.0
1658966400000,4.147,4.181,4.046,4.109,10208852.0
1658980800000,4.109,4.184,4.056,4.063,7988426.0
1658995200000,4.063,4.233,4.017,4.223,12886794.0
1659009600000,4.222,4.367,4.049,4.287,28342089.0
1659024000000,4.288,4.395,4.269,4.335,12050164.0
1659038400000,4.334,4.457,4.323,4.366,8102500.0
1659052800000,4.367,4.548,4.292,4.53,11519288.0
1659067200000,4.529,4.587,4.38,4.428,11270778.0
1659081600000,4.428,4.479,4.232,4.273,10089539.0
1659096000000,4.273,4.478,4.18,4.393,13946000.0
1659110400000,4.393,4.399,4.257,4.358,11092372.0
1659124800000,4.358,4.488,4.337,4.365,7950864.0
1659139200000,4.366,4.562,4.356,4.371,12968839.0
1659153600000,4.372,4.475,4.284,4.457,7781088.0
1659168000000,4.457,4.512,4.371,4.446,10868965.0
1659182400000,4.446,4.62,4.432,4.593,15432932.0
1659196800000,4.592,4.689,4.461,4.479,12809568.0
1659211200000,4.478,4.513,4.29,4.356,9899578.0
1659225600000,4.356,4.485,4.305,4.395,10100476.0
1659240000000,4.396,4.522,4.396,4.444,6245127.0
1659254400000,4.444,4.513,4.331,4.477,8736703.0
1659268800000,4.476,4.495,4.387,4.436,7021516.0
1659283200000,4.436,4.588,4.354,4.428,12749849.0
1659297600000,4.428,4.438,4.209,4.226,8168269.0
1659312000000,4.227,4.364,4.207,4.346,7838206.0
1659326400000,4.345,4.369,4.232,4.319,6484483.0
1659340800000,4.32,4.331,4.179,4.236,8865024.0
1659355200000,4.237,4.307,4.144,4.285,11700645.0
1659369600000,4.284,4.3,4.115,4.171,10432008.0
1659384000000,4.17,4.288,4.162,4.267,5183687.0
1659398400000,4.267,4.32,4.083,4.093,11126179.0
1659412800000,4.093,4.147,4.03,4.136,7410645.0
1659427200000,4.136,4.225,4.1,4.19,9700489.0
1659441600000,4.189,4.377,4.125,4.33,25352756.0
1659456000000,4.329,4.455,4.319,4.357,16860307.0
1659470400000,4.359,4.457,4.295,4.309,10354941.0
1659484800000,4.309,4.39,4.153,4.242,13855388.0
1659499200000,4.242,4.318,4.22,4.28,7169752.0
1659513600000,4.281,4.389,4.277,4.384,8210232.0
1659528000000,4.383,4.484,4.359,4.454,10990329.0
1659542400000,4.454,4.661,4.427,4.644,11289410.0
1659556800000,4.645,4.656,4.477,4.51,14191629.0
1659571200000,4.509,4.75,4.487,4.627,16125297.0
1659585600000,4.627,4.687,4.53,4.656,11180019.0
1659600000000,4.657,4.698,4.429,4.443,14659308.0
1659614400000,4.443,4.505,4.381,4.443,15341557.0
1659628800000,4.444,4.484,4.317,4.365,9720720.0
1659643200000,4.364,4.431,4.331,4.417,5052644.0
1659657600000,4.417,4.57,4.391,4.556,8600508.0
1659672000000,4.556,4.598,4.516,4.564,7036327.0
1659686400000,4.563,5.059,4.55,5.031,29307680.0
1659700800000,5.032,5.203,4.968,5.143,59308036.0
1659715200000,5.143,5.197,5.033,5.071,27592707.0
1659729600000,5.07,5.3,5.056,5.193,20450818.0
1659744000000,5.194,5.195,5.05,5.091,16384007.0
1659758400000,5.09,5.125,5.01,5.052,16476798.0
1659772800000,5.053,5.072,4.914,4.946,14106265.0
1659787200000,4.946,5.03,4.944,4.982,8606992.0
1659801600000,4.982,5.008,4.871,4.95,10151822.0
1659816000000,4.95,4.982,4.89,4.901,5926984.0
1659830400000,4.902,5.106,4.803,5.03,19094810.0
1659844800000,5.029,5.172,4.997,5.163,11791750.0
1659859200000,5.162,5.186,5.061,5.095,15665615.0
1659873600000,5.096,5.11,5.033,5.057,9587225.0
1659888000000,5.057,5.129,5.038,5.078,8265811.0
1659902400000,5.078,5.125,4.952,4.976,8321721.0
1659916800000,4.977,5.266,4.974,5.168,21095925.0
1659931200000,5.169,5.261,5.153,5.216,11545792.0
1659945600000,5.216,5.711,5.2,5.687,31972545.0
1659960000000,5.688,5.733,5.53,5.551,27785450.0
1659974400000,5.551,5.557,5.405,5.418,15058336.0
1659988800000,5.419,5.595,5.413,5.486,15965805.0
1660003200000,5.486,5.609,5.378,5.48,15222596.0
1660017600000,5.48,5.527,5.391,5.444,9443615.0
1660032000000,5.443,5.445,5.263,5.318,17717191.0
1660046400000,5.317,5.399,5.154,5.202,18264531.0
1660060800000,5.202,5.433,5.193,5.35,12018508.0
1660075200000,5.35,5.482,5.316,5.362,13074821.0
1660089600000,5.362,5.459,5.174,5.28,19517980.0
1660104000000,5.28,5.446,5.276,5.405,14049562.0
1660118400000,5.405,5.518,5.281,5.296,20277124.0
1660132800000,5.297,6.0,5.282,5.877,53910742.0
1660147200000,5.878,6.031,5.817,5.909,24815920.0
1660161600000,5.909,6.074,5.853,5.902,15853746.0
1660176000000,5.903,5.925,5.765,5.848,16439696.0
1660190400000,5.848,5.899,5.766,5.802,9855690.0
1660204800000,5.802,5.96,5.773,5.9,10234477.0
1660219200000,5.9,5.953,5.713,5.751,16865081.0
1660233600000,5.752,5.933,5.749,5.842,9073967.0
1660248000000,5.843,5.861,5.702,5.755,7092431.0
1660262400000,5.755,5.82,5.623,5.795,9537375.0
1660276800000,5.796,5.969,5.758,5.871,11327184.0
1660291200000,5.871,5.904,5.673,5.717,13210753.0
1660305600000,5.716,6.068,5.714,5.915,26142513.0
1660320000000,5.915,5.935,5.791,5.886,12312415.0
1660334400000,5.885,6.045,5.851,5.971,10654630.0
1660348800000,5.972,6.117,5.905,6.016,13703295.0
1660363200000,6.016,6.02,5.903,5.903,8970742.0
1660377600000,5.905,5.945,5.836,5.908,8544995.0
1660392000000,5.907,5.934,5.822,5.908,6131730.0
1660406400000,5.908,5.97,5.874,5.88,5890531.0
1660420800000,5.879,5.94,5.845,5.881,4043337.0
1660435200000,5.882,5.884,5.772,5.866,5667649.0
1660449600000,5.866,5.935,5.812,5.9,6108258.0
1660464000000,5.9,5.9,5.735,5.78,7243426.0
1660478400000,5.781,5.782,5.689,5.738,6064550.0
1660492800000,5.739,5.746,5.518,5.607,10128624.0
1660507200000,5.606,5.634,5.544,5.612,4126814.0
1660521600000,5.613,5.817,5.553,5.763,9859082.0
1660536000000,5.763,5.787,5.45,5.475,14091953.0
1660550400000,5.476,5.525,5.418,5.462,8105481.0
1660564800000,5.463,5.524,5.412,5.512,7869313.0
1660579200000,5.513,5.564,5.37,5.39,7708859.0
1660593600000,5.39,5.457,5.29,5.395,7743523.0
1660608000000,5.396,5.452,5.284,5.395,9633656.0
1660622400000,5.395,5.417,5.29,5.374,6420533.0
1660636800000,5.375,5.517,5.348,5.466,8575394.0
1660651200000,5.466,5.488,5.327,5.38,8989078.0
1660665600000,5.379,5.38,5.229,5.3,9403451.0
1660680000000,5.3,5.356,5.238,5.263,4883081.0
1660694400000,5.262,5.404,5.246,5.388,6529636.0
1660708800000,5.388,5.51,5.286,5.291,11532770.0
1660723200000,5.291,5.322,5.209,5.251,8199909.0
1660737600000,5.251,5.256,5.016,5.042,17150809.0
1660752000000,5.043,5.153,5.021,5.048,9975082.0
1660766400000,5.049,5.087,4.921,4.987,7480877.0
1660780800000,4.986,5.111,4.927,5.08,9831684.0
1660795200000,5.079,5.146,5.005,5.126,8042873.0
1660809600000,5.127,5.199,5.1,5.168,10351450.0
1660824000000,5.168,5.191,5.054,5.122,10195617.0
1660838400000,5.121,5.127,5.012,5.095,9010075.0
1660852800000,5.096,5.137,4.806,4.851,14278666.0
1660867200000,4.851,4.937,4.624,4.698,23313120.0
1660881600000,4.699,4.733,4.302,4.463,20040521.0
1660896000000,4.463,4.469,4.319,4.411,16277269.0
1660910400000,4.411,4.467,4.347,4.423,12197634.0
1660924800000,4.423,4.511,4.321,4.388,11958996.0
1660939200000,4.387,4.405,4.191,4.246,18175416.0
1660953600000,4.246,4.391,4.242,4.334,13388668.0
1660968000000,4.335,4.443,4.323,4.411,11934618.0
1660982400000,4.412,4.418,4.35,4.364,6870781.0
1660996800000,4.363,4.386,4.305,4.336,7944675.0
1661011200000,4.337,4.342,4.021,4.063,18098840.0
1661025600000,4.064,4.178,4.013,4.147,10959000.0
1661040000000,4.146,4.207,4.136,4.155,6232445.0
1661054400000,4.155,4.183,4.078,4.18,7968787.0
1661068800000,4.179,4.277,4.174,4.24,12144159.0
1661083200000,4.239,4.266,4.17,4.217,7491768.0
1661097600000,4.216,4.273,4.194,4.235,6404839.0
1661112000000,4.236,4.305,4.14,4.226,10185294.0
1661126400000,4.225,4.232,4.153,4.174,7484859.0
1661140800000,4.174,4.208,4.021,4.03,12106966.0
1661155200000,4.03,4.066,3.924,4.034,14603253.0
1661169600000,4.034,4.087,3.966,4.084,13764315.0
1661184000000,4.084,4.11,3.979,4.011,8421362.0
1661198400000,4.012,4.128,4.004,4.117,9324190.0
1661212800000,4.116,4.226,4.11,4.167,11034499.0
1661227200000,4.168,4.184,4.002,4.13,12514759.0
1661241600000,4.129,4.266,4.095,4.26,12805937.0
1661256000000,4.26,4.416,4.191,4.334,25958529.0
1661270400000,4.334,4.342,4.234,4.269,11550120.0
1661284800000,4.27,4.315,4.231,4.305,8103464.0
1661299200000,4.305,4.308,4.141,4.16,11098900.0
1661313600000,4.161,4.244,4.16,4.202,8514317.0
1661328000000,4.202,4.297,4.198,4.287,12263954.0
1661342400000,4.287,4.391,4.23,4.376,12988531.0
1661356800000,4.376,4.4,4.32,4.354,9660905.0
1661371200000,4.355,4.38,4.258,4.266,7535913.0
1661385600000,4.267,4.326,4.25,4.275,7201403.0
1661400000000,4.275,4.427,4.271,4.42,7501731.0
1661414400000,4.42,4.445,4.339,4.371,7760940.0
1661428800000,4.37,4.385,4.2,4.245,11129762.0
1661443200000,4.245,4.304,4.219,4.292,5068477.0
1661457600000,4.292,4.364,4.258,4.31,5869386.0
1661472000000,4.31,4.35,4.237,4.337,6732985.0
1661486400000,4.337,4.39,4.169,4.231,11729404.0
1661500800000,4.231,4.256,4.1,4.172,10740596.0
1661515200000,4.172,4.435,4.08,4.127,35743706.0
1661529600000,4.128,4.156,3.978,4.04,13986125.0
1661544000000,4.04,4.08,3.887,3.934,11456073.0
1661558400000,3.934,3.971,3.885,3.943,7163180.0
1661572800000,3.942,3.976,3.82,3.966,8636315.0
1661587200000,3.968,3.972,3.921,3.951,5506705.0
1661601600000,3.95,3.962,3.85,3.921,8833758.0
1661616000000,3.921,3.926,3.847,3.913,7364426.0
1661630400000,3.912,3.934,3.868,3.914,5077068.0
1661644800000,3.914,3.941,3.868,3.887,5490741.0
1661659200000,3.886,3.915,3.826,3.903,5326397.0
1661673600000,3.903,3.914,3.856,3.892,5560261.0
1661688000000,3.893,3.902,3.804,3.884,7539136.0
1661702400000,3.885,3.925,3.872,3.894,5219516.0
1661716800000,3.894,3.937,3.734,3.762,10513959.0
1661731200000,3.762,3.801,3.69,3.777,9400160.0
1661745600000,3.777,3.804,3.738,3.802,4430036.0
1661760000000,3.801,3.859,3.779,3.85,6404351.0
1661774400000,3.85,4.008,3.836,3.963,17004217.0
1661788800000,3.963,3.987,3.933,3.959,5846129.0
1661803200000,3.958,4.057,3.949,4.032,5620431.0
1661817600000,4.031,4.045,3.978,4.036,6195542.0
1661832000000,4.037,4.17,4.032,4.138,10670709.0
1661846400000,4.139,4.196,4.134,4.162,9404587.0
1661860800000,4.163,4.182,3.983,4.077,19971701.0
1661875200000,4.078,4.22,3.951,4.148,19876345.0
1661889600000,4.148,4.29,4.124,4.197,14585213.0
1661904000000,4.198,4.346,4.187,4.294,16602364.0
1661918400000,4.295,4.371,4.271,4.281,13873114.0
1661932800000,4.28,4.42,4.245,4.406,19493002.0
1661947200000,4.405,4.575,4.27,4.343,42032339.0
1661961600000,4.342,4.417,4.284,4.4,20534818.0
1661976000000,4.399,4.483,4.33,4.369,11223457.0
1661990400000,4.369,4.428,4.23,4.266,13219200.0
1662004800000,4.266,4.315,4.201,4.225,9962088.0
1662019200000,4.226,4.29,4.182,4.272,11400937.0
1662033600000,4.272,4.332,4.207,4.283,16464992.0
1662048000000,4.282,4.319,4.231,4.309,8281012.0
1662062400000,4.309,4.37,4.306,4.345,6159754.0
1662076800000,4.344,4.387,4.245,4.327,7585815.0
1662091200000,4.328,4.357,4.264,4.28,4817366.0
1662105600000,4.281,4.29,4.19,4.236,7228512.0
1662120000000,4.235,4.368,4.213,4.352,16549220.0
1662134400000,4.353,4.362,4.11,4.148,15158204.0
1662148800000,4.148,4.183,4.122,4.175,4238535.0
1662163200000,4.174,4.212,4.142,4.15,4716435.0
1662177600000,4.151,4.198,4.117,4.16,4512058.0
1662192000000,4.159,4.188,4.14,4.17,4060702.0
1662206400000,4.169,4.201,4.154,4.165,3516389.0
1662220800000,4.164,4.18,4.118,4.137,3444852.0
1662235200000,4.138,4.17,4.131,4.168,2073912.0
1662249600000,4.169,4.199,4.152,4.185,3503296.0
1662264000000,4.184,4.193,4.13,4.131,3482847.0
1662278400000,4.131,4.196,4.084,4.194,5267879.0
1662292800000,4.195,4.233,4.134,4.173,6257786.0
1662307200000,4.172,4.227,4.16,4.213,3882439.0
1662321600000,4.214,4.249,4.2,4.239,3962799.0
1662336000000,4.238,4.282,4.224,4.258,4746123.0
1662350400000,4.258,4.271,4.165,4.208,6142220.0
1662364800000,4.207,4.218,4.112,4.158,7738892.0
1662379200000,4.158,4.212,4.14,4.181,6527417.0
1662393600000,4.181,4.195,4.14,4.149,3458143.0
1662408000000,4.149,4.245,4.145,4.23,3858179.0
1662422400000,4.23,4.426,4.221,4.302,15091071.0
1662436800000,4.303,4.367,4.289,4.356,5985728.0
1662451200000,4.357,4.507,4.335,4.453,16614545.0
1662465600000,4.453,4.537,4.375,4.506,21724024.0
1662480000000,4.506,4.516,4.014,4.033,33332788.0
1662494400000,4.034,4.136,3.952,4.07,12831973.0
1662508800000,4.07,4.181,4.054,4.126,14754213.0
1662523200000,4.126,4.146,4.065,4.094,10951754.0
1662537600000,4.094,4.112,4.07,4.074,5703547.0
1662552000000,4.073,4.163,4.03,4.15,12755856.0
1662566400000,4.151,4.346,4.135,4.282,12656182.0
1662580800000,4.282,4.426,4.28,4.376,11818370.0
1662595200000,4.376,4.54,4.376,4.46,14914489.0
1662609600000,4.46,4.533,4.425,4.52,14111379.0
1662624000000,4.521,4.55,4.435,4.458,15372533.0
1662638400000,4.458,4.655,4.381,4.567,33078080.0
1662652800000,4.567,4.607,4.492,4.598,14722476.0
1662667200000,4.597,4.716,4.561,4.686,11095135.0
1662681600000,4.686,4.695,4.614,4.68,9392746.0
1662696000000,4.68,4.766,4.664,4.698,12734699.0
1662710400000,4.698,4.82,4.693,4.775,12693067.0
1662724800000,4.775,4.88,4.752,4.797,13984414.0
1662739200000,4.797,4.802,4.698,4.775,8327667.0
1662753600000,4.774,4.905,4.76,4.809,7745409.0
1662768000000,4.81,4.909,4.767,4.789,10141769.0
1662782400000,4.79,4.859,4.702,4.719,8013586.0
1662796800000,4.719,4.77,4.71,4.727,5752310.0
1662811200000,4.728,4.76,4.65,4.677,7755624.0
1662825600000,4.678,4.807,4.652,4.774,7512157.0
1662840000000,4.774,4.874,4.739,4.812,5748797.0
1662854400000,4.812,4.855,4.7,4.729,5357014.0
1662868800000,4.73,4.754,4.625,4.726,6330523.0
1662883200000,4.726,4.765,4.703,4.734,3859739.0
1662897600000,4.733,4.807,4.671,4.784,6788474.0
1662912000000,4.784,5.046,4.777,4.915,19868925.0
1662926400000,4.915,4.937,4.749,4.893,11512907.0
1662940800000,4.893,4.992,4.722,4.749,16440455.0
1662955200000,4.749,4.825,4.706,4.825,8741977.0
1662969600000,4.825,5.282,4.78,5.226,55968776.0
1662984000000,5.226,5.269,4.978,5.004,25881674.0
1662998400000,5.004,5.041,4.929,5.0,14545206.0
1663012800000,5.0,5.121,4.967,5.088,8954739.0
1663027200000,5.088,5.093,4.908,5.02,12111365.0
1663041600000,5.02,5.047,4.928,5.027,12545879.0
1663056000000,5.027,5.087,4.936,5.004,11159715.0
1663070400000,5.004,5.045,4.518,4.567,27310576.0
1663084800000,4.567,4.591,4.451,4.536,12455538.0
1663099200000,4.537,4.553,4.4,4.415,8475540.0
1663113600000,4.416,4.506,4.355,4.484,9841941.0
1663128000000,4.484,4.539,4.379,4.437,7211499.0
1663142400000,4.436,4.509,4.389,4.44,10095089.0
1663156800000,4.44,4.537,4.386,4.46,12825740.0
1663171200000,4.46,4.472,4.324,4.466,10021803.0
1663185600000,4.465,4.546,4.426,4.505,6230214.0
1663200000000,4.505,4.517,4.322,4.367,9671002.0
1663214400000,4.366,4.453,4.273,4.425,14023803.0
1663228800000,4.424,4.425,4.33,4.357,6357820.0
1663243200000,4.358,4.395,4.193,4.247,14626044.0
1663257600000,4.247,4.276,4.201,4.232,6673914.0
1663272000000,4.232,4.265,4.127,4.182,6576583.0
1663286400000,4.183,4.213,4.119,4.207,6817939.0
1663300800000,4.207,4.244,4.202,4.205,4386685.0
1663315200000,4.206,4.248,4.141,4.243,6102117.0
1663329600000,4.243,4.246,4.108,4.188,10642134.0
1663344000000,4.188,4.212,4.089,4.2,9374372.0
1663358400000,4.199,4.245,4.165,4.203,4900789.0
1663372800000,4.203,4.303,4.2,4.25,5457256.0
1663387200000,4.25,4.288,4.233,4.276,2712917.0
1663401600000,4.276,4.325,4.259,4.269,6468141.0
1663416000000,4.268,4.342,4.242,4.308,7886583.0
1663430400000,4.308,4.365,4.301,4.324,5060642.0
1663444800000,4.324,4.39,4.316,4.377,3682508.0
1663459200000,4.378,4.393,4.319,4.334,4652523.0
1663473600000,4.334,4.388,4.332,4.361,3090054.0
1663488000000,4.361,4.408,4.256,4.293,8095924.0
1663502400000,4.293,4.312,4.198,4.242,7627467.0
1663516800000,4.241,4.256,4.126,4.154,8685011.0
1663531200000,4.155,4.169,3.8,3.912,14145305.0
1663545600000,3.912,3.963,3.793,3.853,12364505.0
1663560000000,3.853,3.924,3.832,3.919,9100574.0
1663574400000,3.919,4.016,3.9,3.986,8425576.0
1663588800000,3.986,4.076,3.966,3.997,12768381.0
1663603200000,3.997,4.038,3.933,4.014,7155227.0
1663617600000,4.014,4.076,3.999,4.053,5985934.0
1663632000000,4.053,4.089,3.995,4.035,6271475.0
1663646400000,4.035,4.059,3.993,4.019,7392669.0
1663660800000,4.019,4.027,3.941,3.951,7474899.0
1663675200000,3.951,3.965,3.863,3.956,13320256.0
1663689600000,3.956,3.966,3.839,3.878,11239954.0
1663704000000,3.878,3.915,3.795,3.818,6175797.0
1663718400000,3.818,3.885,3.799,3.868,5846637.0
1663732800000,3.867,3.904,3.724,3.796,9125666.0
1663747200000,3.797,3.846,3.75,3.839,6667084.0
1663761600000,3.84,3.892,3.792,3.808,8623282.0
1663776000000,3.808,4.04,3.701,3.797,31343671.0
1663790400000,3.797,3.811,3.541,3.636,16464550.0
1663804800000,3.636,3.71,3.617,3.686,7238157.0
1663819200000,3.686,3.805,3.685,3.8,6045528.0
1663833600000,3.8,3.883,3.791,3.878,9606109.0
1663848000000,3.878,3.897,3.733,3.771,13104916.0
1663862400000,3.771,3.878,3.733,3.838,8671617.0
1663876800000,3.838,3.895,3.805,3.863,6275986.0
1663891200000,3.863,3.937,3.828,3.91,8561056.0
1663905600000,3.911,3.948,3.823,3.839,8342695.0
1663920000000,3.839,3.861,3.7,3.726,13656924.0
1663934400000,3.726,3.771,3.612,3.677,15670164.0
1663948800000,3.677,3.696,3.616,3.693,10316162.0
1663963200000,3.693,3.822,3.689,3.786,10410995.0
1663977600000,3.786,3.828,3.759,3.806,6096408.0
1663992000000,3.805,3.845,3.774,3.778,6272889.0
1664006400000,3.779,3.84,3.759,3.802,6742762.0
1664020800000,3.802,3.87,3.8,3.832,5873341.0
1664035200000,3.832,3.846,3.754,3.769,4999071.0
1664049600000,3.77,3.79,3.663,3.695,6373219.0
1664064000000,3.694,3.76,3.683,3.757,3769279.0
1664078400000,3.757,3.759,3.721,3.75,3089332.0
1664092800000,3.751,3.76,3.724,3.752,3222538.0
1664107200000,3.752,3.767,3.648,3.705,7661718.0
1664121600000,3.705,3.726,3.641,3.698,6845468.0
1664136000000,3.698,3.704,3.605,3.645,6479745.0
1664150400000,3.646,3.684,3.611,3.634,7936120.0
1664164800000,3.634,3.65,3.552,3.632,10485071.0
1664179200000,3.633,3.729,3.596,3.632,12018694.0
1664193600000,3.631,3.705,3.611,3.682,10036577.0
1664208000000,3.681,3.686,3.611,3.64,8171546.0
1664222400000,3.64,3.685,3.615,3.683,3598767.0
1664236800000,3.683,3.79,3.672,3.761,9999828.0
1664251200000,3.762,3.818,3.74,3.77,8302688.0
1664265600000,3.77,3.785,3.73,3.744,6928479.0
1664280000000,3.745,3.807,3.7,3.708,11374135.0
1664294400000,3.71,3.715,3.55,3.585,16471714.0
1664308800000,3.584,3.638,3.569,3.614,5482804.0
1664323200000,3.614,3.642,3.442,3.512,15015707.0
1664337600000,3.511,3.527,3.459,3.502,7006549.0
1664352000000,3.502,3.542,3.468,3.525,10094649.0
1664366400000,3.524,3.588,3.516,3.583,10713461.0
1664380800000,3.582,3.605,3.55,3.581,7550968.0
1664395200000,3.582,3.614,3.563,3.577,4929620.0
1664409600000,3.577,3.599,3.55,3.593,5036194.0
1664424000000,3.593,3.605,3.522,3.544,5437422.0
1664438400000,3.543,3.609,3.515,3.586,7227835.0
1664452800000,3.586,3.589,3.502,3.56,12531596.0
1664467200000,3.561,3.583,3.526,3.558,6343411.0
1664481600000,3.558,3.597,3.546,3.584,6569542.0
1664496000000,3.584,3.606,3.552,3.574,6495912.0
1664510400000,3.573,3.62,3.568,3.602,5335638.0
1664524800000,3.603,3.634,3.566,3.57,7421060.0
1664539200000,3.57,3.641,3.53,3.595,17238787.0
1664553600000,3.594,3.619,3.55,3.566,7077372.0
1664568000000,3.565,3.573,3.511,3.557,4961259.0
1664582400000,3.557,3.576,3.55,3.576,3095839.0
1664596800000,3.576,3.592,3.552,3.568,4351907.0
1664611200000,3.568,3.581,3.54,3.564,3288987.0
1664625600000,3.564,3.573,3.547,3.561,3166115.0
1664640000000,3.561,3.564,3.524,3.55,3923447.0
1664654400000,3.55,3.568,3.526,3.555,2683399.0
1664668800000,3.554,3.615,3.55,3.596,4656948.0
1664683200000,3.595,3.607,3.573,3.592,3895620.0
1664697600000,3.592,3.606,3.481,3.532,7782302.0
1664712000000,3.532,3.537,3.508,3.529,3627028.0
1664726400000,3.528,3.568,3.521,3.546,3483241.0
1664740800000,3.547,3.564,3.46,3.477,7023748.0
1664755200000,3.478,3.504,3.406,3.481,8151264.0
1664769600000,3.48,3.483,3.42,3.46,8665933.0
1664784000000,3.459,3.477,3.441,3.473,3948098.0
1664798400000,3.473,3.522,3.451,3.499,10794415.0
1664812800000,3.5,3.54,3.487,3.533,6035996.0
1664827200000,3.532,3.563,3.518,3.539,4228070.0
1664841600000,3.54,3.589,3.524,3.554,5088937.0
1664856000000,3.554,3.605,3.542,3.594,5902586.0
1664870400000,3.594,3.615,3.567,3.597,6926076.0
1664884800000,3.597,3.643,3.583,3.615,9558191.0
1664899200000,3.616,3.621,3.569,3.614,5172748.0
1664913600000,3.615,3.655,3.604,3.621,4406668.0
1664928000000,3.621,3.638,3.589,3.593,4349681.0
1664942400000,3.592,3.626,3.583,3.606,3382700.0
1664956800000,3.606,3.727,3.542,3.667,25836535.0
1664971200000,3.667,3.668,3.551,3.631,18224915.0
1664985600000,3.631,3.722,3.612,3.693,14719909.0
1665000000000,3.694,3.714,3.65,3.694,6989735.0
1665014400000,3.694,3.762,3.682,3.723,11595397.0
1665028800000,3.724,3.737,3.654,3.675,7991933.0
1665043200000,3.675,3.695,3.65,3.688,6184888.0
1665057600000,3.687,3.706,3.611,3.643,13317872.0
1665072000000,3.643,3.677,3.631,3.637,5967501.0
1665086400000,3.637,3.642,3.58,3.62,5145251.0
1665100800000,3.62,3.626,3.592,3.597,3873693.0
1665115200000,3.597,3.611,3.561,3.585,5124080.0
1665129600000,3.585,3.619,3.58,3.598,5416622.0
1665144000000,3.598,3.598,3.514,3.538,13349972.0
1665158400000,3.538,3.548,3.509,3.54,4987723.0
1665172800000,3.541,3.56,3.533,3.55,2176157.0
1665187200000,3.549,3.572,3.547,3.567,3196403.0
1665201600000,3.567,3.575,3.542,3.55,2653977.0
1665216000000,3.55,3.554,3.539,3.551,2348461.0
1665230400000,3.551,3.554,3.512,3.521,3939386.0
1665244800000,3.521,3.541,3.512,3.517,2495122.0
1665259200000,3.517,3.517,3.459,3.494,5387937.0
1665273600000,3.493,3.505,3.486,3.49,2501362.0
1665288000000,3.49,3.516,3.482,3.507,2122756.0
1665302400000,3.507,3.526,3.494,3.516,3079430.0
1665316800000,3.515,3.532,3.508,3.526,2975832.0
1665331200000,3.526,3.529,3.494,3.513,2722002.0
1665345600000,3.513,3.52,3.495,3.516,2706195.0
1665360000000,3.517,3.549,3.503,3.514,4073199.0
1665374400000,3.513,3.526,3.485,3.496,4021065.0
1665388800000,3.495,3.497,3.432,3.467,9079437.0
1665403200000,3.467,3.482,3.433,3.45,6565986.0
1665417600000,3.451,3.453,3.411,3.44,6743315.0
1665432000000,3.44,3.449,3.199,3.215,15973017.0
1665446400000,3.215,3.22,3.07,3.172,18244753.0
1665460800000,3.172,3.224,3.164,3.204,7003486.0
1665475200000,3.205,3.215,3.169,3.198,6530175.0
1665489600000,3.198,3.237,3.146,3.209,12750615.0
1665504000000,3.21,3.238,3.17,3.195,8264583.0
1665518400000,3.195,3.2,3.145,3.172,4421057.0
1665532800000,3.171,3.212,3.159,3.169,5065860.0
1665547200000,3.168,3.214,3.168,3.198,5021514.0
1665561600000,3.198,3.212,3.185,3.192,3453531.0
1665576000000,3.192,3.195,3.117,3.174,11878767.0
1665590400000,3.174,3.176,3.131,3.158,6109481.0
1665604800000,3.158,3.177,3.15,3.153,2262254.0
1665619200000,3.152,3.158,3.002,3.034,12843298.0
1665633600000,3.034,3.039,2.838,2.923,31315203.0
1665648000000,2.924,2.955,2.746,2.885,31276620.0
1665662400000,2.885,3.055,2.707,3.025,35488621.0
1665676800000,3.026,3.101,3.01,3.062,11419097.0
1665691200000,3.062,3.093,3.036,3.037,4781961.0
1665705600000,3.037,3.18,3.031,3.147,12156393.0
1665720000000,3.148,3.169,3.103,3.112,7079786.0
1665734400000,3.111,3.137,3.091,3.102,7337951.0
1665748800000,3.102,3.152,3.021,3.037,18056508.0
1665763200000,3.036,3.047,2.956,2.981,11499422.0
1665777600000,2.981,3.009,2.952,3.002,4906310.0
1665792000000,3.002,3.016,2.97,3.007,4804493.0
1665806400000,3.007,3.011,2.979,2.99,3436452.0
1665820800000,2.991,3.002,2.95,2.999,5677957.0
1665835200000,2.999,3.004,2.976,2.985,4030038.0
1665849600000,2.986,3.002,2.959,2.973,4252761.0
1665864000000,2.972,2.973,2.913,2.923,6272911.0
1665878400000,2.922,2.963,2.918,2.946,3507434.0
1665892800000,2.946,2.994,2.946,2.986,4074852.0
1665907200000,2.986,3.026,2.98,2.999,7066047.0
1665921600000,3.0,3.009,2.976,2.998,3916872.0
1665936000000,2.997,3.032,2.97,3.029,5197281.0
1665950400000,3.029,3.036,2.97,2.999,5837146.0
1665964800000,2.999,3.012,2.96,2.972,4519800.0
1665979200000,2.972,3.011,2.97,3.007,4925250.0
1665993600000,3.008,3.051,2.988,3.037,7098522.0
1666008000000,3.036,3.071,3.017,3.028,8612610.0
1666022400000,3.028,3.04,3.006,3.025,4683352.0
1666036800000,3.025,3.069,3.023,3.06,4443201.0
1666051200000,3.06,3.089,3.021,3.055,6314982.0
1666065600000,3.054,3.098,3.052,3.091,5495562.0
1666080000000,3.091,3.094,2.988,3.013,10358220.0
1666094400000,3.012,3.033,2.916,2.964,15725062.0
1666108800000,2.964,2.975,2.888,2.943,12604974.0
1666123200000,2.942,2.975,2.937,2.964,5640094.0
1666137600000,2.964,2.972,2.91,2.921,5931656.0
1666152000000,2.921,2.926,2.87,2.901,8258577.0
1666166400000,2.9,2.925,2.868,2.894,8578762.0
1666180800000,2.894,2.919,2.873,2.912,9149997.0
1666195200000,2.911,2.914,2.875,2.905,6170561.0
1666209600000,2.905,2.918,2.79,2.825,12067380.0
1666224000000,2.824,2.841,2.778,2.833,8250073.0
1666238400000,2.833,2.885,2.832,2.877,7848348.0
1666252800000,2.878,2.917,2.863,2.901,10885856.0
1666267200000,2.901,2.941,2.887,2.912,12672245.0
1666281600000,2.911,2.911,2.809,2.858,17439115.0
1666296000000,2.857,2.876,2.821,2.87,6059415.0
1666310400000,2.87,2.871,2.793,2.847,8880019.0
1666324800000,2.846,2.855,2.808,2.814,5876879.0
1666339200000,2.813,2.821,2.75,2.773,13077800.0
1666353600000,2.772,2.849,2.72,2.849,21120235.0
1666368000000,2.849,2.912,2.838,2.895,10086537.0
1666382400000,2.894,2.917,2.875,2.886,5598633.0
1666396800000,2.886,2.905,2.83,2.849,6300009.0
1666411200000,2.849,2.879,2.823,2.864,4561350.0
1666425600000,2.865,2.898,2.864,2.89,5191033.0
1666440000000,2.889,2.93,2.875,2.902,7055563.0
1666454400000,2.902,2.907,2.863,2.884,3800320.0
1666468800000,2.884,2.946,2.875,2.918,4813324.0
1666483200000,2.918,2.954,2.91,2.937,6085262.0
1666497600000,2.937,2.947,2.895,2.914,6317555.0
1666512000000,2.914,2.931,2.844,2.853,7889857.0
1666526400000,2.854,2.906,2.845,2.894,6915392.0
1666540800000,2.894,2.976,2.89,2.966,8271867.0
1666555200000,2.967,2.999,2.95,2.981,7221500.0
1666569600000,2.982,3.014,2.919,2.924,8178074.0
1666584000000,2.924,2.938,2.88,2.903,9148251.0
1666598400000,2.902,2.978,2.896,2.975,8036885.0
1666612800000,2.976,2.985,2.873,2.92,20082176.0
1666627200000,2.919,2.962,2.895,2.944,8791145.0
1666641600000,2.944,2.958,2.909,2.917,5263003.0
1666656000000,2.917,2.989,2.911,2.989,10874826.0
1666670400000,2.989,2.99,2.923,2.935,12954960.0
1666684800000,2.935,2.946,2.886,2.904,8724091.0
1666699200000,2.905,2.989,2.892,2.988,16791853.0
1666713600000,2.989,3.084,2.973,3.038,34487313.0
1666728000000,3.037,3.043,2.964,2.999,10241154.0
1666742400000,2.999,3.049,2.995,3.031,8775356.0
1666756800000,3.032,3.08,3.026,3.052,10629488.0
1666771200000,3.053,3.111,3.036,3.06,18377515.0
1666785600000,3.06,3.095,3.005,3.066,20634951.0
1666800000000,3.066,3.092,3.039,3.073,10279383.0
1666814400000,3.073,3.087,3.051,3.053,6439296.0
1666828800000,3.054,3.098,3.035,3.081,9710399.0
1666843200000,3.081,3.173,3.073,3.122,16188293.0
1666857600000,3.122,3.133,3.052,3.076,11565816.0
1666872000000,3.076,3.123,3.036,3.052,23289327.0
1666886400000,3.052,3.067,3.02,3.054,8852650.0
1666900800000,3.054,3.059,2.937,2.961,16405655.0
1666915200000,2.961,2.981,2.92,2.952,10660703.0
1666929600000,2.952,2.964,2.889,2.913,9753613.0
1666944000000,2.912,2.943,2.9,2.924,7320125.0
1666958400000,2.924,2.986,2.888,2.976,16652167.0
1666972800000,2.976,3.049,2.97,3.041,12138870.0
1666987200000,3.041,3.064,3.02,3.021,6056243.0
1667001600000,3.02,3.109,3.018,3.101,11262723.0
1667016000000,3.101,3.108,3.058,3.104,6657836.0
1667030400000,3.105,3.132,3.036,3.05,14513155.0
1667044800000,3.051,3.079,3.026,3.075,8858537.0
1667059200000,3.074,3.17,3.047,3.079,16242124.0
1667073600000,3.079,3.102,3.036,3.086,6009245.0
1667088000000,3.086,3.122,3.059,3.121,6046614.0
1667102400000,3.121,3.215,3.098,3.206,12606880.0
1667116800000,3.206,3.235,3.106,3.143,16138132.0
1667131200000,3.143,3.181,3.091,3.116,11934990.0
1667145600000,3.115,3.155,3.076,3.138,8521179.0
1667160000000,3.138,3.159,3.051,3.098,7328327.0
1667174400000,3.099,3.122,3.045,3.097,9112258.0
1667188800000,3.096,3.106,3.047,3.083,5822925.0
1667203200000,3.083,3.159,3.04,3.13,11975126.0
1667217600000,3.131,3.186,3.052,3.087,20184224.0
1667232000000,3.086,3.122,3.064,3.101,8630672.0
1667246400000,3.101,3.118,3.068,3.102,5721199.0
1667260800000,3.103,3.149,3.085,3.109,9655112.0
1667275200000,3.109,3.136,3.085,3.133,6675405.0
1667289600000,3.134,3.163,3.095,3.113,11799374.0
1667304000000,3.114,3.133,3.055,3.073,11951736.0
1667318400000,3.072,3.078,3.025,3.031,8507548.0
1667332800000,3.031,3.034,3.004,3.011,6364725.0
1667347200000,3.011,3.025,2.97,3.011,9040717.0
1667361600000,3.012,3.028,2.938,2.963,9154074.0
1667376000000,2.963,2.999,2.9,2.939,12021786.0
1667390400000,2.938,2.948,2.912,2.917,6745794.0
1667404800000,2.918,3.01,2.875,2.902,27935574.0
1667419200000,2.901,2.91,2.82,2.898,9552725.0
1667433600000,2.898,2.983,2.88,2.982,7893374.0
1667448000000,2.983,3.044,2.97,2.989,11675948.0
1667462400000,2.99,3.123,2.975,3.026,25285693.0
1667476800000,3.026,3.079,2.972,3.039,21426684.0
1667491200000,3.039,3.083,3.035,3.068,8518077.0
1667505600000,3.068,3.087,2.999,3.027,8127061.0
1667520000000,3.026,3.15,3.006,3.139,12528738.0
1667534400000,3.138,3.225,3.132,3.224,21262417.0
1667548800000,3.224,3.276,3.149,3.159,14534818.0
1667563200000,3.159,3.305,3.114,3.175,26346581.0
1667577600000,3.174,3.265,3.16,3.258,11224135.0
1667592000000,3.259,3.306,3.238,3.305,7135898.0
1667606400000,3.306,3.408,3.276,3.343,17999534.0
1667620800000,3.343,3.366,3.305,3.343,6010859.0
1667635200000,3.343,3.344,3.263,3.333,8077084.0
1667649600000,3.332,3.402,3.267,3.365,11406290.0
1667664000000,3.365,3.442,3.307,3.354,15393041.0
1667678400000,3.353,3.378,3.254,3.33,7293434.0
1667692800000,3.33,3.361,3.259,3.309,10027819.0
1667707200000,3.308,3.314,3.242,3.279,4329417.0
1667721600000,3.279,3.306,3.261,3.276,4885588.0
1667736000000,3.277,3.325,3.244,3.303,7636911.0
1667750400000,3.302,3.303,3.204,3.23,11590249.0
1667764800000,3.231,3.232,3.069,3.091,11681147.0
1667779200000,3.091,3.143,3.074,3.129,10591313.0
1667793600000,3.129,3.144,3.003,3.005,12570912.0
1667808000000,3.005,3.086,2.99,3.076,9447247.0
1667822400000,3.076,3.125,3.04,3.121,11014299.0
1667836800000,3.121,3.124,3.073,3.112,7586555.0
1667851200000,3.112,3.124,2.966,3.05,10686732.0
1667865600000,3.049,3.071,2.853,2.865,18241787.0
1667880000000,2.864,2.905,2.754,2.876,28976044.0
1667894400000,2.876,2.894,2.825,2.858,10942977.0
1667908800000,2.859,2.878,2.782,2.848,15708524.0
1667923200000,2.847,2.991,2.34,2.587,63095863.0
1667937600000,2.588,2.665,2.519,2.63,23444315.0
1667952000000,2.629,2.657,2.495,2.544,21886241.0
1667966400000,2.545,2.56,2.415,2.418,17647380.0
1667980800000,2.418,2.428,2.132,2.28,42181452.0
1667995200000,2.28,2.323,2.159,2.185,30791699.0
1668009600000,2.184,2.229,2.073,2.166,27586823.0
1668024000000,2.165,2.194,1.959,2.024,29210986.0
1668038400000,2.023,2.167,1.985,2.126,24532805.0
1668052800000,2.126,2.25,2.112,2.207,22433750.0
1668067200000,2.207,2.227,2.111,2.145,21722976.0
1668081600000,2.145,2.364,2.112,2.318,31776683.0
1668096000000,2.317,2.375,2.248,2.296,19231163.0
1668110400000,2.296,2.358,2.27,2.313,10279699.0
1668124800000,2.313,2.319,2.139,2.161,14396365.0
1668139200000,2.16,2.247,2.148,2.228,9876234.0
1668153600000,2.228,2.25,2.2,2.233,10630543.0
1668168000000,2.232,2.264,2.051,2.105,26059419.0
1668182400000,2.106,2.112,2.05,2.077,15982709.0
1668196800000,2.078,2.14,2.035,2.13,10963906.0
1668211200000,2.13,2.137,2.037,2.051,10152549.0
1668225600000,2.051,2.066,1.949,2.014,18844992.0
1668240000000,2.014,2.033,1.983,2.011,11568190.0
1668254400000,2.011,2.05,1.986,2.042,13803822.0
1668268800000,2.043,2.06,2.031,2.045,8802322.0
1668283200000,2.044,2.046,1.98,2.0,7324188.0
1668297600000,2.0,2.076,1.989,2.063,9327648.0
1668312000000,2.064,2.078,1.957,1.986,13224015.0
1668326400000,1.985,1.997,1.883,1.938,15929582.0
1668340800000,1.938,2.017,1.925,1.973,18313470.0
1668355200000,1.973,1.993,1.937,1.982,11766756.0
1668369600000,1.981,1.995,1.922,1.952,9048491.0
1668384000000,1.953,1.968,1.805,1.841,19921031.0
1668398400000,1.841,1.961,1.796,1.953,22822841.0
1668412800000,1.953,2.023,1.95,1.984,16834308.0
1668427200000,1.983,2.024,1.919,1.945,21393360.0
1668441600000,1.946,1.949,1.894,1.904,10381636.0
1668456000000,1.904,1.977,1.902,1.97,7643542.0
1668470400000,1.97,1.989,1.929,1.971,10633801.0
1668484800000,1.972,2.013,1.951,2.01,9870773.0
1668499200000,2.011,2.022,1.982,1.994,11192119.0
1668513600000,1.995,2.044,1.984,2.015,14936584.0
1668528000000,2.014,2.034,1.955,1.979,14347924.0
1668542400000,1.98,1.989,1.957,1.979,6896856.0
1668556800000,1.979,2.005,1.957,2.003,11719556.0
1668571200000,2.003,2.016,1.971,1.996,7767083.0
1668585600000,1.997,1.997,1.943,1.958,11785972.0
1668600000000,1.958,1.965,1.893,1.904,17341649.0
1668614400000,1.904,1.941,1.888,1.92,8487772.0
1668628800000,1.919,1.931,1.904,1.922,4657942.0
1668643200000,1.923,1.937,1.877,1.882,8733820.0
1668657600000,1.883,1.893,1.851,1.876,12229577.0
1668672000000,1.876,1.884,1.845,1.867,9817306.0
1668686400000,1.867,1.869,1.814,1.832,21621439.0
1668700800000,1.831,1.862,1.825,1.831,9715096.0
1668715200000,1.83,1.84,1.818,1.83,7805079.0
1668729600000,1.83,1.869,1.825,1.851,11259906.0
1668744000000,1.851,1.855,1.831,1.836,6482258.0
1668758400000,1.836,1.845,1.818,1.828,8595287.0
1668772800000,1.828,1.847,1.807,1.824,13448917.0
1668787200000,1.824,1.83,1.749,1.763,22428465.0
1668801600000,1.762,1.79,1.76,1.783,7063957.0
1668816000000,1.783,1.788,1.722,1.743,13938828.0
1668830400000,1.743,1.748,1.7,1.725,12453346.0
1668844800000,1.724,1.738,1.721,1.735,7005858.0
1668859200000,1.735,1.761,1.714,1.754,12501817.0
1668873600000,1.754,1.764,1.733,1.735,8195854.0
1668888000000,1.736,1.757,1.73,1.747,6387307.0
1668902400000,1.747,1.748,1.721,1.748,8783934.0
1668916800000,1.748,1.76,1.745,1.752,6896001.0
1668931200000,1.752,1.754,1.651,1.672,25321888.0
1668945600000,1.672,1.7,1.657,1.686,12808588.0
1668960000000,1.686,1.689,1.622,1.653,15463962.0
1668974400000,1.652,1.654,1.55,1.568,30729910.0
1668988800000,1.568,1.573,1.48,1.511,36195796.0
1669003200000,1.512,1.546,1.504,1.517,17077993.0
1669017600000,1.518,1.542,1.501,1.515,18777356.0
1669032000000,1.516,1.563,1.506,1.533,21194985.0
1669046400000,1.533,1.535,1.43,1.455,40094537.0
1669060800000,1.455,1.583,1.454,1.558,60698014.0
1669075200000,1.559,1.592,1.531,1.551,23955248.0
1669089600000,1.55,1.582,1.5,1.527,28386296.0
1669104000000,1.528,1.532,1.49,1.51,19719462.0
1669118400000,1.509,1.637,1.501,1.615,50335193.0
1669132800000,1.616,1.647,1.594,1.623,29754459.0
1669147200000,1.622,1.641,1.611,1.626,14684239.0
1669161600000,1.626,1.661,1.594,1.661,21871471.0
1669176000000,1.661,1.668,1.63,1.651,21319034.0
1669190400000,1.65,1.659,1.616,1.636,21021420.0
1669204800000,1.636,1.64,1.593,1.612,14223506.0
1669219200000,1.612,1.64,1.58,1.629,17270738.0
1669233600000,1.628,1.699,1.617,1.69,17636460.0
1669248000000,1.691,1.733,1.641,1.725,25469779.0
1669262400000,1.724,1.729,1.69,1.695,15049402.0
1669276800000,1.695,1.698,1.645,1.664,13541717.0
1669291200000,1.664,1.679,1.646,1.668,10414364.0
1669305600000,1.667,1.685,1.623,1.642,14310823.0
1669320000000,1.641,1.654,1.628,1.643,6191442.0
1669334400000,1.643,1.646,1.597,1.608,11935797.0
1669348800000,1.609,1.633,1.594,1.63,9358193.0
1669363200000,1.63,1.642,1.605,1.631,10264161.0
1669377600000,1.632,1.645,1.612,1.629,8337445.0
1669392000000,1.63,1.657,1.613,1.642,7160627.0
1669406400000,1.642,1.654,1.633,1.646,4860838.0
1669420800000,1.647,1.7,1.639,1.673,14680519.0
1669435200000,1.673,1.675,1.643,1.653,8362107.0
1669449600000,1.652,1.673,1.644,1.667,6519781.0
1669464000000,1.667,1.683,1.634,1.65,10950403.0
1669478400000,1.65,1.657,1.605,1.619,8843574.0
1669492800000,1.618,1.62,1.585,1.609,7475189.0
1669507200000,1.609,1.63,1.596,1.625,5564039.0
1669521600000,1.624,1.633,1.615,1.615,6085699.0
1669536000000,1.615,1.633,1.613,1.623,7966439.0
1669550400000,1.622,1.656,1.622,1.65,10786405.0
1669564800000,1.649,1.666,1.641,1.661,7036761.0
1669579200000,1.66,1.675,1.606,1.614,14309582.0
1669593600000,1.615,1.625,1.481,1.526,35719383.0
1669608000000,1.525,1.544,1.516,1.538,9965351.0
1669622400000,1.538,1.54,1.52,1.53,8548275.0
1669636800000,1.531,1.549,1.516,1.527,13015307.0
1669651200000,1.528,1.58,1.512,1.567,17168038.0
1669665600000,1.566,1.597,1.562,1.59,7748128.0
1669680000000,1.591,1.596,1.561,1.582,11446387.0
1669694400000,1.582,1.629,1.58,1.613,12091131.0
1669708800000,1.613,1.639,1.606,1.607,9195151.0
1669723200000,1.608,1.621,1.592,1.602,13405974.0
1669737600000,1.603,1.627,1.583,1.626,10426574.0
1669752000000,1.625,1.629,1.604,1.607,7134410.0
1669766400000,1.606,1.707,1.606,1.657,30006845.0
1669780800000,1.657,1.689,1.657,1.686,8416175.0
1669795200000,1.686,1.738,1.673,1.712,21416577.0
1669809600000,1.713,1.727,1.692,1.718,21314282.0
1669824000000,1.719,1.747,1.67,1.727,28108089.0
1669838400000,1.727,1.745,1.713,1.721,12419368.0
1669852800000,1.721,1.767,1.71,1.747,23672903.0
1669867200000,1.747,1.767,1.707,1.716,13291399.0
1669881600000,1.715,1.72,1.687,1.703,12191769.0
1669896000000,1.702,1.74,1.686,1.716,31567944.0
1669910400000,1.716,1.749,1.698,1.712,13591262.0
1669924800000,1.712,1.743,1.688,1.742,9646921.0
1669939200000,1.741,1.783,1.724,1.751,23392500.0
1669953600000,1.752,1.799,1.708,1.748,23808966.0
1669968000000,1.749,1.764,1.735,1.763,9575314.0
1669982400000,1.762,1.767,1.716,1.746,17473255.0
1669996800000,1.746,1.747,1.712,1.731,10611520.0
1670011200000,1.731,1.756,1.728,1.754,6175786.0
1670025600000,1.753,1.754,1.717,1.724,11262312.0
1670040000000,1.723,1.732,1.693,1.704,9206326.0
1670054400000,1.703,1.716,1.686,1.71,7395332.0
1670068800000,1.711,1.727,1.704,1.717,6176511.0
1670083200000,1.717,1.719,1.693,1.701,4555336.0
1670097600000,1.7,1.701,1.658,1.667,9944289.0
1670112000000,1.667,1.697,1.666,1.687,6338066.0
1670126400000,1.688,1.705,1.687,1.699,4403355.0
1670140800000,1.699,1.708,1.675,1.68,12239938.0
1670155200000,1.68,1.697,1.672,1.691,7229106.0
1670169600000,1.692,1.715,1.676,1.712,6545479.0
1670184000000,1.712,1.74,1.704,1.722,6419367.0
1670198400000,1.722,1.759,1.717,1.746,9475071.0
1670212800000,1.746,1.778,1.737,1.765,11463477.0
1670227200000,1.766,1.779,1.752,1.773,9451174.0
1670241600000,1.772,1.773,1.723,1.738,12581408.0
1670256000000,1.737,1.749,1.68,1.691,13503501.0
1670270400000,1.691,1.718,1.688,1.716,4601441.0
1670284800000,1.716,1.756,1.716,1.739,7232696.0
1670299200000,1.739,1.753,1.726,1.732,7756548.0
1670313600000,1.732,1.744,1.714,1.74,10241264.0
1670328000000,1.739,1.766,1.732,1.759,13624245.0
1670342400000,1.759,1.775,1.745,1.764,13755848.0
1670356800000,1.764,1.79,1.753,1.787,9130407.0
1670371200000,1.788,1.828,1.777,1.791,19624585.0
1670385600000,1.792,1.797,1.701,1.73,20826896.0
1670400000000,1.729,1.739,1.71,1.722,16935066.0
1670414400000,1.722,1.733,1.693,1.7,14517651.0
1670428800000,1.7,1.707,1.682,1.687,10156774.0
1670443200000,1.687,1.696,1.663,1.691,10918545.0
1670457600000,1.69,1.711,1.655,1.675,13336424.0
1670472000000,1.676,1.693,1.666,1.686,7802255.0
1670486400000,1.686,1.693,1.635,1.663,15354751.0
1670500800000,1.662,1.676,1.64,1.669,16868313.0
1670515200000,1.67,1.707,1.663,1.703,11895080.0
1670529600000,1.703,1.714,1.685,1.705,8531801.0
1670544000000,1.704,1.721,1.693,1.709,7679141.0
1670558400000,1.709,1.719,1.7,1.713,3853968.0
1670572800000,1.713,1.737,1.703,1.729,8903471.0
1670587200000,1.729,1.734,1.689,1.707,16788543.0
1670601600000,1.707,1.708,1.68,1.691,7455555.0
1670616000000,1.692,1.698,1.68,1.696,4616222.0
1670630400000,1.696,1.711,1.687,1.7,4622131.0
1670644800000,1.7,1.703,1.691,1.701,3316336.0
1670659200000,1.702,1.709,1.684,1.708,4313804.0
1670673600000,1.708,1.726,1.7,1.725,6472892.0
1670688000000,1.725,1.729,1.709,1.715,4609876.0
1670702400000,1.715,1.719,1.697,1.704,4430510.0
1670716800000,1.704,1.704,1.691,1.703,4707190.0
1670731200000,1.702,1.712,1.698,1.71,2985321.0
1670745600000,1.711,1.711,1.696,1.698,2946637.0
1670760000000,1.698,1.7,1.683,1.69,4357556.0
1670774400000,1.691,1.703,1.682,1.693,5307795.0
1670788800000,1.692,1.693,1.617,1.632,17772751.0
1670803200000,1.632,1.641,1.56,1.603,17695891.0
1670817600000,1.604,1.623,1.599,1.609,6545819.0
1670832000000,1.609,1.626,1.6,1.614,7864648.0
1670846400000,1.613,1.618,1.581,1.595,10583193.0
1670860800000,1.596,1.606,1.592,1.6,5721103.0
1670875200000,1.601,1.633,1.593,1.63,8976807.0
1670889600000,1.63,1.639,1.613,1.615,6875104.0
1670904000000,1.616,1.628,1.555,1.578,13598946.0
1670918400000,1.578,1.636,1.572,1.635,13491896.0
1670932800000,1.635,1.766,1.618,1.706,42904787.0
1670947200000,1.706,1.72,1.681,1.691,15465483.0
1670961600000,1.691,1.713,1.686,1.71,7113979.0
1670976000000,1.71,1.727,1.693,1.707,9383238.0
1670990400000,1.707,1.728,1.703,1.718,7068335.0
1671004800000,1.718,1.734,1.701,1.72,13532319.0
1671019200000,1.719,1.734,1.694,1.728,14570691.0
1671033600000,1.728,1.735,1.65,1.675,21812807.0
1671048000000,1.674,1.689,1.657,1.66,8716767.0
1671062400000,1.66,1.669,1.605,1.645,14975473.0
1671076800000,1.645,1.65,1.628,1.634,6287148.0
1671091200000,1.634,1.642,1.625,1.637,6603566.0
1671105600000,1.637,1.637,1.605,1.622,12151711.0
1671120000000,1.622,1.624,1.585,1.608,10259694.0
1671134400000,1.608,1.612,1.584,1.591,7403008.0
1671148800000,1.591,1.602,1.58,1.599,5690042.0
1671163200000,1.599,1.609,1.589,1.605,4318443.0
1671177600000,1.604,1.605,1.499,1.524,27120301.0
1671192000000,1.524,1.527,1.49,1.507,14828222.0
1671206400000,1.507,1.508,1.48,1.501,15971261.0
1671220800000,1.501,1.509,1.341,1.368,30371983.0
1671235200000,1.368,1.392,1.34,1.378,20199784.0
1671249600000,1.378,1.397,1.368,1.394,10027658.0
1671264000000,1.394,1.402,1.384,1.391,8219249.0
1671278400000,1.391,1.392,1.368,1.381,8392672.0
1671292800000,1.381,1.387,1.369,1.371,7834556.0
1671307200000,1.372,1.398,1.36,1.393,10010543.0
1671321600000,1.394,1.397,1.361,1.381,7990285.0
1671336000000,1.38,1.393,1.368,1.376,5370052.0
1671350400000,1.375,1.377,1.355,1.368,7359757.0
1671364800000,1.368,1.376,1.346,1.347,6892258.0
1671379200000,1.347,1.373,1.345,1.369,7910947.0
1671393600000,1.369,1.38,1.36,1.363,6948875.0
1671408000000,1.363,1.383,1.313,1.322,17697865.0
1671422400000,1.323,1.335,1.317,1.324,12357933.0
1671436800000,1.325,1.368,1.323,1.347,17372830.0
1671451200000,1.348,1.359,1.337,1.346,18975020.0
1671465600000,1.345,1.349,1.279,1.289,37288692.0
1671480000000,1.289,1.302,1.225,1.258,23420337.0
1671494400000,1.259,1.313,1.253,1.3,25016874.0
1671508800000,1.301,1.34,1.3,1.335,11245509.0
1671523200000,1.335,1.341,1.327,1.332,9475912.0
1671537600000,1.332,1.35,1.312,1.334,17609009.0
1671552000000,1.334,1.344,1.319,1.342,10489870.0
1671566400000,1.342,1.349,1.332,1.341,7377507.0
1671580800000,1.34,1.352,1.313,1.318,13148321.0
1671595200000,1.317,1.317,1.285,1.307,12360951.0
1671609600000,1.307,1.324,1.295,1.32,9288712.0
1671624000000,1.32,1.321,1.292,1.306,10999783.0
1671638400000,1.306,1.308,1.276,1.283,7990419.0
1671652800000,1.282,1.307,1.275,1.306,7868742.0
1671667200000,1.306,1.322,1.3,1.316,7180959.0
1671681600000,1.317,1.32,1.292,1.3,6473462.0
1671696000000,1.3,1.321,1.299,1.317,8840231.0
1671710400000,1.316,1.326,1.277,1.284,16556553.0
1671724800000,1.285,1.294,1.27,1.281,12091512.0
1671739200000,1.282,1.323,1.279,1.321,12940056.0
1671753600000,1.321,1.356,1.313,1.35,14689019.0
1671768000000,1.349,1.351,1.335,1.346,7998335.0
1671782400000,1.346,1.365,1.337,1.353,11350064.0
1671796800000,1.352,1.361,1.336,1.356,20819169.0
1671811200000,1.355,1.357,1.345,1.351,6766952.0
1671825600000,1.351,1.354,1.336,1.341,5864223.0
1671840000000,1.341,1.351,1.339,1.349,4540615.0
1671854400000,1.35,1.352,1.325,1.336,8675363.0
1671868800000,1.337,1.337,1.326,1.334,4825761.0
1671883200000,1.334,1.337,1.328,1.334,3365630.0
1671897600000,1.335,1.341,1.331,1.336,4646742.0
1671912000000,1.337,1.338,1.329,1.336,2798071.0
1671926400000,1.337,1.34,1.33,1.332,3079278.0
1671940800000,1.333,1.333,1.321,1.326,4178476.0
1671955200000,1.326,1.326,1.309,1.317,5659366.0
1671969600000,1.316,1.323,1.295,1.312,11998693.0
1671984000000,1.313,1.325,1.305,1.324,6767244.0
1671998400000,1.323,1.339,1.319,1.331,5645993.0
1672012800000,1.331,1.358,1.329,1.349,7797117.0
1672027200000,1.349,1.354,1.341,1.353,6530781.0
1672041600000,1.352,1.359,1.346,1.357,5675728.0
1672056000000,1.357,1.359,1.343,1.353,7892258.0
1672070400000,1.352,1.358,1.343,1.356,5171819.0
1672084800000,1.355,1.364,1.347,1.361,6224210.0
1672099200000,1.361,1.382,1.349,1.35,9534190.0
1672113600000,1.351,1.358,1.349,1.356,3955897.0
1672128000000,1.355,1.374,1.348,1.364,10949442.0
1672142400000,1.363,1.365,1.333,1.342,19169787.0
1672156800000,1.342,1.348,1.327,1.34,11644626.0
1672171200000,1.339,1.362,1.333,1.362,5318358.0
1672185600000,1.362,1.363,1.332,1.341,13300520.0
1672200000000,1.34,1.341,1.296,1.324,17793471.0
1672214400000,1.324,1.328,1.306,1.32,7648372.0
1672228800000,1.32,1.342,1.311,1.317,13241845.0
1672243200000,1.317,1.342,1.314,1.317,8565975.0
1672257600000,1.317,1.322,1.292,1.315,9949677.0
1672272000000,1.315,1.332,1.304,1.329,9465624.0
1672286400000,1.328,1.33,1.316,1.326,6077228.0
1672300800000,1.326,1.331,1.312,1.322,7709786.0
1672315200000,1.322,1.329,1.316,1.32,8423247.0
1672329600000,1.32,1.321,1.295,1.301,7949872.0
1672344000000,1.302,1.302,1.264,1.295,24602330.0
1672358400000,1.295,1.303,1.282,1.286,10382712.0
1672372800000,1.287,1.289,1.252,1.266,14223078.0
1672387200000,1.266,1.267,1.255,1.255,7858067.0
1672401600000,1.255,1.266,1.234,1.258,18480790.0
1672416000000,1.258,1.279,1.255,1.275,8456187.0
1672430400000,1.275,1.282,1.263,1.276,5427439.0
1672444800000,1.276,1.278,1.256,1.26,4833462.0
1672459200000,1.26,1.267,1.255,1.263,3834519.0
1672473600000,1.264,1.275,1.261,1.269,3710118.0
1672488000000,1.27,1.284,1.269,1.269,5447557.0
1672502400000,1.269,1.272,1.257,1.261,3825159.0
1672516800000,1.261,1.265,1.245,1.255,6086685.0
1672531200000,1.256,1.256,1.241,1.25,6753413.0
1672545600000,1.251,1.251,1.236,1.245,5333559.0
1672560000000,1.245,1.253,1.241,1.251,3672289.0
1672574400000,1.252,1.259,1.25,1.257,5109056.0
1672588800000,1.257,1.282,1.255,1.277,9802726.0
1672603200000,1.278,1.283,1.27,1.274,6242764.0
1672617600000,1.275,1.281,1.255,1.272,10645850.0
1672632000000,1.273,1.307,1.269,1.301,14696032.0
1672646400000,1.301,1.314,1.3,1.308,10314831.0
1672660800000,1.309,1.322,1.308,1.318,9102298.0
1672675200000,1.318,1.324,1.308,1.32,7405014.0
1672689600000,1.321,1.323,1.306,1.313,5577634.0
1672704000000,1.313,1.318,1.303,1.31,5117618.0
1672718400000,1.309,1.329,1.306,1.326,5919489.0
1672732800000,1.327,1.361,1.321,1.335,15071118.0
1672747200000,1.335,1.345,1.321,1.342,12487441.0
1672761600000,1.341,1.35,1.304,1.318,19555712.0
1672776000000,1.317,1.337,1.31,1.334,6523746.0
1672790400000,1.334,1.448,1.328,1.418,48648671.0
1672804800000,1.417,1.49,1.409,1.474,36382400.0
1672819200000,1.473,1.53,1.455,1.499,69553559.0
1672833600000,1.498,1.584,1.498,1.579,138579464.0
1672848000000,1.578,1.61,1.551,1.564,133719001.0
1672862400000,1.563,1.568,1.533,1.549,47207001.0
1672876800000,1.549,1.566,1.515,1.552,50266142.0
1672891200000,1.553,1.65,1.55,1.569,76311466.0
1672905600000,1.568,1.583,1.538,1.566,36597627.0
1672920000000,1.566,1.566,1.523,1.541,37542521.0
1672934400000,1.542,1.565,1.532,1.551,24978764.0
1672948800000,1.55,1.558,1.505,1.523,26623123.0
1672963200000,1.524,1.548,1.516,1.526,19518754.0
1672977600000,1.526,1.527,1.493,1.506,21414447.0
1672992000000,1.505,1.513,1.48,1.487,19129204.0
1673006400000,1.488,1.523,1.482,1.523,35905297.0
1673020800000,1.523,1.578,1.508,1.562,43992299.0
1673035200000,1.562,1.616,1.542,1.59,27207714.0
1673049600000,1.591,1.602,1.571,1.585,18884322.0
1673064000000,1.585,1.585,1.552,1.563,12575828.0
1673078400000,1.562,1.568,1.545,1.552,10196222.0
1673092800000,1.551,1.56,1.542,1.555,10979398.0
1673107200000,1.554,1.578,1.548,1.574,8168782.0
1673121600000,1.574,1.579,1.558,1.559,7646327.0
1673136000000,1.559,1.561,1.512,1.545,16294405.0
1673150400000,1.544,1.569,1.542,1.547,10498098.0
1673164800000,1.547,1.581,1.545,1.56,13322732.0
1673179200000,1.56,1.6,1.557,1.595,19192817.0
1673193600000,1.595,1.628,1.572,1.596,26819694.0
1673208000000,1.597,1.66,1.593,1.646,35006599.0
1673222400000,1.646,1.72,1.636,1.685,56464365.0
1673236800000,1.685,1.712,1.661,1.672,20291426.0
1673251200000,1.671,1.7,1.655,1.674,20242383.0
1673265600000,1.675,1.702,1.641,1.678,30889377.0
1673280000000,1.677,1.726,1.66,1.665,37947412.0
1673294400000,1.666,1.674,1.62,1.641,24761275.0
1673308800000,1.64,1.668,1.592,1.622,24066091.0
1673323200000,1.623,1.642,1.616,1.63,12001630.0
1673337600000,1.63,1.649,1.619,1.626,12233238.0
1673352000000,1.627,1.638,1.604,1.634,24678667.0
1673366400000,1.635,1.658,1.615,1.656,13191067.0
1673380800000,1.657,1.662,1.632,1.644,10162422.0
1673395200000,1.644,1.651,1.596,1.607,13749362.0
1673409600000,1.607,1.615,1.58,1.61,12590837.0
1673424000000,1.611,1.611,1.587,1.598,9570238.0
1673438400000,1.598,1.598,1.554,1.561,22591157.0
1673452800000,1.562,1.748,1.553,1.684,51298004.0
1673467200000,1.683,1.84,1.664,1.82,96398884.0
1673481600000,1.82,1.863,1.793,1.809,49420893.0
1673496000000,1.81,1.833,1.751,1.769,27550241.0
1673510400000,1.77,1.788,1.739,1.777,24112677.0
1673524800000,1.777,1.863,1.706,1.795,106760809.0
1673539200000,1.796,1.878,1.777,1.847,63999822.0
1673553600000,1.847,1.887,1.815,1.831,35370397.0
1673568000000,1.831,1.84,1.797,1.835,21568381.0
1673582400000,1.836,1.836,1.798,1.815,15361821.0
1673596800000,1.815,1.858,1.811,1.819,27153250.0
1673611200000,1.819,1.829,1.777,1.818,30385987.0
1673625600000,1.817,1.855,1.791,1.847,28623599.0
1673640000000,1.847,2.006,1.843,1.955,60123127.0
1673654400000,1.955,2.126,1.946,2.113,58779658.0
1673668800000,2.112,2.303,2.074,2.248,58927436.0
1673683200000,2.248,2.356,1.976,2.157,74179420.0
1673697600000,2.156,2.359,2.134,2.246,71346674.0
1673712000000,2.246,2.285,2.185,2.197,27697917.0
1673726400000,2.196,2.293,2.192,2.253,17545197.0
1673740800000,2.253,2.277,2.113,2.148,32414392.0
1673755200000,2.148,2.172,2.107,2.159,11745804.0
1673769600000,2.16,2.182,2.109,2.165,17949422.0
1673784000000,2.164,2.22,2.15,2.207,19714669.0
1673798400000,2.206,2.241,2.144,2.187,24457776.0
1673812800000,2.186,2.269,2.162,2.242,17065494.0
1673827200000,2.243,2.447,2.175,2.338,47483666.0
1673841600000,2.338,2.382,2.263,2.279,27795358.0
1673856000000,2.28,2.285,2.109,2.17,34072724.0
1673870400000,2.169,2.189,2.068,2.135,32769656.0
1673884800000,2.135,2.205,2.126,2.188,20267183.0
1673899200000,2.188,2.213,2.15,2.193,18655940.0
1673913600000,2.192,2.266,2.148,2.204,33279049.0
1673928000000,2.204,2.234,2.189,2.229,16576148.0
1673942400000,2.228,2.257,2.214,2.232,13079966.0
1673956800000,2.232,2.255,2.191,2.217,30005419.0
1673971200000,2.217,2.243,2.185,2.232,16230320.0
1673985600000,2.233,2.241,2.145,2.157,14404541.0
1674000000000,2.157,2.201,2.144,2.169,16592837.0
1674014400000,2.169,2.186,2.138,2.162,8320261.0
1674028800000,2.162,2.165,2.102,2.134,16000118.0
1674043200000,2.134,2.236,2.0,2.068,36870247.0
1674057600000,2.067,2.1,1.941,2.027,50969845.0
1674072000000,2.028,2.042,1.963,1.973,20994042.0
1674086400000,1.973,2.059,1.97,2.042,17015312.0
1674100800000,2.042,2.083,2.036,2.041,12363327.0
1674115200000,2.041,2.059,2.016,2.028,12382040.0
1674129600000,2.028,2.083,1.994,2.061,22342082.0
1674144000000,2.062,2.105,2.035,2.096,18544927.0
1674158400000,2.095,2.159,2.076,2.095,20833469.0
1674172800000,2.095,2.128,2.076,2.098,14580302.0
1674187200000,2.099,2.11,2.053,2.072,9700792.0
1674201600000,2.073,2.082,2.047,2.067,7689173.0
1674216000000,2.067,2.113,2.062,2.101,14581300.0
1674230400000,2.101,2.232,2.094,2.208,29553409.0
1674244800000,2.208,2.41,2.206,2.389,37336059.0
1674259200000,2.388,2.415,2.303,2.365,22581634.0
1674273600000,2.366,2.442,2.345,2.42,16300168.0
1674288000000,2.42,2.478,2.293,2.369,32073057.0
1674302400000,2.368,2.403,2.331,2.35,15995081.0
1674316800000,2.35,2.416,2.349,2.401,15308491.0
1674331200000,2.401,2.412,2.311,2.325,14867529.0
1674345600000,2.326,2.397,2.319,2.368,10731644.0
1674360000000,2.368,2.454,2.363,2.401,14328343.0
1674374400000,2.402,2.598,2.371,2.547,40536221.0
1674388800000,2.546,2.561,2.453,2.501,29498615.0
1674403200000,2.502,2.507,2.402,2.423,18727219.0
1674417600000,2.423,2.428,2.339,2.399,21009749.0
1674432000000,2.399,2.71,2.395,2.672,46517291.0
1674446400000,2.672,2.676,2.564,2.582,24150022.0
1674460800000,2.583,2.662,2.535,2.617,23041080.0
1674475200000,2.618,2.631,2.512,2.59,25197650.0
1674489600000,2.589,2.62,2.547,2.575,15960139.0
1674504000000,2.576,2.589,2.537,2.545,10109644.0
1674518400000,2.544,2.624,2.504,2.602,17362518.0
1674532800000,2.603,2.606,2.566,2.581,6361884.0
1674547200000,2.581,2.591,2.508,2.53,9364298.0
1674561600000,2.529,2.553,2.484,2.524,16152385.0
1674576000000,2.525,2.542,2.466,2.502,12294441.0
1674590400000,2.502,2.507,2.308,2.356,26650012.0
1674604800000,2.355,2.367,2.278,2.344,16281393.0
1674619200000,2.343,2.406,2.335,2.394,9494367.0
1674633600000,2.393,2.426,2.346,2.359,10850656.0
1674648000000,2.358,2.474,2.356,2.387,22487354.0
1674662400000,2.387,2.439,2.36,2.435,11198970.0
1674676800000,2.435,2.637,2.435,2.547,32240921.0
1674691200000,2.548,2.624,2.537,2.574,15758575.0
1674705600000,2.575,2.621,2.54,2.564,11765158.0
1674720000000,2.565,2.583,2.5,2.522,12453074.0
1674734400000,2.521,2.72,2.5,2.604,49145327.0
1674748800000,2.604,2.624,2.524,2.539,18000062.0
1674763200000,2.539,2.559,2.493,2.523,10567959.0
1674777600000,2.524,2.536,2.413,2.439,18771750.0
1674792000000,2.44,2.468,2.426,2.455,10044328.0
1674806400000,2.454,2.458,2.4,2.416,11771220.0
1674820800000,2.415,2.504,2.354,2.471,23191270.0
1674835200000,2.47,2.541,2.469,2.54,12445823.0
1674849600000,2.541,2.59,2.514,2.561,21785932.0
1674864000000,2.562,2.684,2.542,2.643,15934926.0
1674878400000,2.643,2.686,2.529,2.561,17605119.0
1674892800000,2.562,2.584,2.523,2.54,8883479.0
1674907200000,2.541,2.541,2.437,2.473,22029944.0
1674921600000,2.473,2.489,2.452,2.479,7264160.0
1674936000000,2.48,2.48,2.439,2.471,4574249.0
1674950400000,2.472,2.528,2.433,2.506,11892041.0
1674964800000,2.507,2.547,2.495,2.546,6050098.0
1674979200000,2.546,2.567,2.516,2.544,11077939.0
1674993600000,2.543,2.594,2.513,2.559,12219263.0
1675008000000,2.558,2.609,2.528,2.601,14163112.0
1675022400000,2.601,2.603,2.558,2.575,7514365.0
1675036800000,2.575,2.587,2.482,2.528,11057939.0
1675051200000,2.529,2.542,2.486,2.511,8064825.0
1675065600000,2.511,2.526,2.366,2.384,26191426.0
1675080000000,2.385,2.427,2.363,2.394,13488395.0
1675094400000,2.394,2.421,2.2,2.301,24143635.0
1675108800000,2.301,2.312,2.251,2.306,12004060.0
1675123200000,2.306,2.328,2.272,2.305,11124679.0
1675137600000,2.305,2.335,2.276,2.331,9018585.0
1675152000000,2.331,2.335,2.284,2.307,8445705.0
1675166400000,2.307,2.355,2.295,2.342,13732114.0
1675180800000,2.343,2.373,2.334,2.354,10592672.0
1675195200000,2.354,2.38,2.287,2.327,15203572.0
1675209600000,2.327,2.345,2.293,2.313,11972272.0
1675224000000,2.312,2.321,2.216,2.247,15809537.0
1675238400000,2.247,2.259,2.205,2.254,10747231.0
1675252800000,2.254,2.269,2.181,2.202,13439339.0
1675267200000,2.201,2.347,2.163,2.321,27015510.0
1675281600000,2.321,2.434,2.319,2.428,26528013.0
1675296000000,2.428,2.497,2.412,2.467,19689325.0
1675310400000,2.468,2.505,2.421,2.436,12013982.0
1675324800000,2.436,2.492,2.434,2.48,8677065.0
1675339200000,2.479,2.548,2.456,2.505,26639082.0
1675353600000,2.504,2.585,2.486,2.53,26183952.0
1675368000000,2.529,2.532,2.405,2.446,18591302.0
1675382400000,2.445,2.468,2.403,2.436,10685649.0
1675396800000,2.436,2.46,2.413,2.424,7104788.0
1675411200000,2.424,2.485,2.409,2.476,9062763.0
1675425600000,2.477,2.515,2.416,2.495,22935887.0
1675440000000,2.495,2.523,2.463,2.468,11493589.0
1675454400000,2.467,2.516,2.45,2.51,6516584.0
1675468800000,2.509,2.528,2.467,2.47,7632031.0
1675483200000,2.469,2.473,2.426,2.453,7440403.0
1675497600000,2.453,2.481,2.438,2.479,6193238.0
1675512000000,2.479,2.525,2.467,2.522,9752730.0
1675526400000,2.522,2.581,2.505,2.541,17804230.0
1675540800000,2.54,2.545,2.479,2.502,7098210.0
1675555200000,2.503,2.558,2.485,2.522,13857811.0
1675569600000,2.522,2.533,2.5,2.52,4920929.0
1675584000000,2.521,2.554,2.502,2.513,7442492.0
1675598400000,2.512,2.52,2.345,2.382,24890090.0
1675612800000,2.383,2.4,2.335,2.361,15526558.0
1675627200000,2.36,2.396,2.328,2.386,7396665.0
1675641600000,2.386,2.429,2.367,2.382,8058599.0
1675656000000,2.382,2.397,2.34,2.389,9021805.0
1675670400000,2.389,2.395,2.345,2.376,6979574.0
1675684800000,2.377,2.393,2.329,2.391,12245728.0
1675699200000,2.391,2.403,2.367,2.379,9381977.0
1675713600000,2.379,2.383,2.278,2.307,11064141.0
1675728000000,2.306,2.334,2.3,2.326,6647070.0
1675742400000,2.327,2.344,2.323,2.333,4536204.0
1675756800000,2.332,2.375,2.314,2.357,7224834.0
1675771200000,2.358,2.369,2.322,2.333,8127399.0
1675785600000,2.332,2.409,2.302,2.376,20335090.0
1675800000000,2.377,2.512,2.367,2.494,19046428.0
1675814400000,2.493,2.519,2.473,2.497,10442833.0
1675828800000,2.497,2.602,2.497,2.588,21245137.0
1675843200000,2.588,2.686,2.541,2.671,32339450.0
1675857600000,2.671,2.845,2.656,2.666,104576399.0
1675872000000,2.666,2.752,2.567,2.693,55448472.0
1675886400000,2.693,2.737,2.626,2.64,27159875.0
1675900800000,2.64,2.644,2.448,2.46,43097380.0
1675915200000,2.46,2.539,2.439,2.531,21870935.0
1675929600000,2.53,2.558,2.501,2.525,15099249.0
1675944000000,2.525,2.574,2.48,2.509,26568885.0
1675958400000,2.509,2.518,2.305,2.368,39093241.0
1675972800000,2.368,2.373,2.192,2.266,32312277.0
1675987200000,2.267,2.28,2.214,2.246,17013538.0
1676001600000,2.246,2.293,2.208,2.293,14706100.0
1676016000000,2.292,2.304,2.232,2.238,16053999.0
1676030400000,2.237,2.279,2.194,2.24,18553398.0
1676044800000,2.24,2.286,2.201,2.266,14504667.0
1676059200000,2.267,2.273,2.2,2.247,11026029.0
1676073600000,2.246,2.257,2.2,2.25,8739705.0
1676088000000,2.25,2.253,2.225,2.242,5207116.0
1676102400000,2.242,2.244,2.217,2.229,4740985.0
1676116800000,2.228,2.269,2.222,2.263,10988162.0
1676131200000,2.264,2.264,2.221,2.239,6960355.0
1676145600000,2.239,2.294,2.232,2.283,6304082.0
1676160000000,2.283,2.29,2.257,2.263,5361692.0
1676174400000,2.264,2.29,2.25,2.274,4512347.0
1676188800000,2.274,2.373,2.272,2.342,15238040.0
1676203200000,2.341,2.367,2.302,2.355,13318849.0
1676217600000,2.356,2.356,2.311,2.325,7452439.0
1676232000000,2.324,2.335,2.186,2.236,16818442.0
1676246400000,2.236,2.251,2.153,2.2,16224572.0
1676260800000,2.201,2.236,2.198,2.226,8376314.0
1676275200000,2.225,2.226,2.088,2.134,29873193.0
1676289600000,2.134,2.161,2.122,2.124,14341458.0
1676304000000,2.125,2.156,2.086,2.156,16572984.0
1676318400000,2.156,2.196,2.15,2.184,8099273.0
1676332800000,2.185,2.192,2.154,2.158,6444727.0
1676347200000,2.158,2.177,2.151,2.169,5281887.0
1676361600000,2.17,2.188,2.143,2.159,9560365.0
1676376000000,2.16,2.256,2.106,2.225,37186662.0
1676390400000,2.225,2.259,2.201,2.251,14959910.0
1676404800000,2.251,2.255,2.224,2.246,6693213.0
1676419200000,2.246,2.253,2.204,2.225,7997092.0
1676433600000,2.225,2.236,2.215,2.221,5715064.0
1676448000000,2.22,2.311,2.209,2.308,20365773.0
1676462400000,2.309,2.343,2.288,2.322,23503600.0
1676476800000,2.321,2.384,2.297,2.371,15034711.0
1676491200000,2.37,2.53,2.362,2.516,25942911.0
1676505600000,2.515,2.556,2.479,2.519,19952189.0
1676520000000,2.52,2.535,2.472,2.493,12055206.0
1676534400000,2.494,2.53,2.476,2.5,11960080.0
1676548800000,2.501,2.53,2.449,2.526,25519114.0
1676563200000,2.526,2.558,2.465,2.502,25312866.0
1676577600000,2.501,2.51,2.301,2.311,34584738.0
1676592000000,2.311,2.384,2.298,2.37,12421118.0
1676606400000,2.37,2.41,2.351,2.39,9221817.0
1676620800000,2.389,2.44,2.382,2.432,12308554.0
1676635200000,2.431,2.449,2.384,2.427,19877647.0
1676649600000,2.426,2.464,2.39,2.459,17413497.0
1676664000000,2.459,2.485,2.393,2.456,12796977.0
1676678400000,2.456,2.553,2.456,2.525,16506924.0
1676692800000,2.526,2.546,2.505,2.519,9450490.0
1676707200000,2.519,2.567,2.496,2.515,15431817.0
1676721600000,2.515,2.695,2.503,2.651,39106603.0
1676736000000,2.652,2.677,2.553,2.57,18457679.0
1676750400000,2.57,2.612,2.543,2.577,9435081.0
1676764800000,2.576,2.59,2.532,2.57,9340947.0
1676779200000,2.57,2.584,2.543,2.55,9611256.0
1676793600000,2.55,2.693,2.526,2.622,21941117.0
1676808000000,2.622,2.675,2.61,2.652,17530271.0
1676822400000,2.652,2.683,2.541,2.561,26960412.0
1676836800000,2.561,2.62,2.51,2.577,15576997.0
1676851200000,2.577,2.627,2.477,2.621,14855134.0
1676865600000,2.62,2.699,2.615,2.688,17253478.0
1676880000000,2.687,2.766,2.636,2.717,26479366.0
1676894400000,2.718,2.753,2.675,2.738,18153550.0
1676908800000,2.738,2.751,2.667,2.727,18323910.0
1676923200000,2.727,2.739,2.688,2.705,7070784.0
1676937600000,2.704,2.718,2.657,2.711,12310240.0
1676952000000,2.71,2.716,2.654,2.686,8223987.0
1676966400000,2.685,2.703,2.555,2.575,23737382.0
1676980800000,2.575,2.587,2.524,2.55,16791186.0
1676995200000,2.55,2.583,2.511,2.561,9823100.0
1677009600000,2.562,2.569,2.486,2.569,12258909.0
1677024000000,2.568,2.574,2.452,2.519,13783774.0
1677038400000,2.518,2.524,2.447,2.478,10102925.0
1677052800000,2.478,2.481,2.416,2.456,11920538.0
1677067200000,2.456,2.482,2.395,2.414,13926471.0
1677081600000,2.413,2.488,2.4,2.464,12291586.0
1677096000000,2.465,2.512,2.449,2.507,6814023.0
1677110400000,2.506,2.549,2.493,2.532,9217953.0
1677124800000,2.532,2.554,2.52,2.54,6828050.0
1677139200000,2.539,2.566,2.444,2.463,14194892.0
1677153600000,2.463,2.531,2.446,2.477,14334083.0
1677168000000,2.478,2.486,2.414,2.455,10158997.0
1677182400000,2.454,2.472,2.433,2.468,4802028.0
1677196800000,2.468,2.491,2.449,2.456,7338425.0
1677211200000,2.456,2.47,2.426,2.448,5795853.0
1677225600000,2.449,2.457,2.402,2.434,7371678.0
1677240000000,2.434,2.452,2.336,2.345,17595237.0
1677254400000,2.344,2.346,2.276,2.314,18457272.0
1677268800000,2.314,2.329,2.25,2.311,8137628.0
1677283200000,2.312,2.33,2.292,2.294,6369426.0
1677297600000,2.295,2.321,2.277,2.32,4911106.0
1677312000000,2.32,2.336,2.298,2.311,7488784.0
1677326400000,2.311,2.314,2.261,2.275,9694456.0
1677340800000,2.276,2.3,2.223,2.246,12164373.0
1677355200000,2.246,2.29,2.189,2.285,12602077.0
1677369600000,2.286,2.316,2.268,2.313,6260011.0
1677384000000,2.313,2.32,2.295,2.309,4011757.0
1677398400000,2.309,2.331,2.296,2.322,4044863.0
1677412800000,2.323,2.341,2.298,2.335,6843174.0
1677427200000,2.336,2.373,2.308,2.37,7131689.0
1677441600000,2.371,2.384,2.337,2.375,6784699.0
1677456000000,2.374,2.375,2.347,2.349,5398195.0
1677470400000,2.349,2.354,2.318,2.326,5527807.0
1677484800000,2.327,2.334,2.301,2.33,7237258.0
1677499200000,2.331,2.424,2.313,2.383,15543968.0
1677513600000,2.383,2.391,2.285,2.309,15796529.0
1677528000000,2.308,2.351,2.289,2.345,6350740.0
1677542400000,2.346,2.355,2.317,2.34,5371768.0
1677556800000,2.34,2.342,2.25,2.253,8829938.0
1677571200000,2.253,2.277,2.243,2.272,7441898.0
1677585600000,2.272,2.294,2.254,2.294,7965986.0
1677600000000,2.294,2.315,2.253,2.256,8112732.0
1677614400000,2.256,2.267,2.211,2.229,9021242.0
1677628800000,2.229,2.306,2.201,2.305,10856188.0
1677643200000,2.305,2.367,2.305,2.337,8963064.0
1677657600000,2.336,2.359,2.321,2.334,5994077.0
1677672000000,2.333,2.345,2.304,2.327,8990082.0
1677686400000,2.327,2.327,2.267,2.273,7850253.0
1677700800000,2.272,2.323,2.266,2.318,5346087.0
1677715200000,2.319,2.333,2.248,2.263,8346553.0
1677729600000,2.263,2.279,2.237,2.244,6360174.0
1677744000000,2.244,2.26,2.232,2.248,7325292.0
1677758400000,2.249,2.253,2.205,2.226,10159533.0
1677772800000,2.226,2.248,2.21,2.246,6076597.0
1677787200000,2.246,2.261,2.232,2.258,7737874.0
1677801600000,2.257,2.259,2.01,2.084,27163512.0
1677816000000,2.084,2.127,2.082,2.12,7316092.0
1677830400000,2.119,2.142,2.117,2.125,5698681.0
1677844800000,2.126,2.144,2.097,2.099,8661959.0
1677859200000,2.1,2.119,2.086,2.099,6757185.0
1677873600000,2.098,2.104,2.065,2.097,5989484.0
1677888000000,2.098,2.116,2.088,2.095,5441377.0
1677902400000,2.095,2.101,2.062,2.077,5685024.0
1677916800000,2.078,2.089,2.07,2.089,3692298.0
1677931200000,2.088,2.093,2.064,2.067,4639224.0
1677945600000,2.066,2.082,2.026,2.038,6343119.0
1677960000000,2.039,2.051,1.977,2.05,12005153.0
1677974400000,2.05,2.115,2.036,2.09,13165794.0
1677988800000,2.091,2.105,2.071,2.072,3962171.0
1678003200000,2.072,2.079,2.049,2.061,4867362.0
1678017600000,2.062,2.089,2.06,2.069,6003813.0
1678032000000,2.068,2.073,2.057,2.062,3193009.0
1678046400000,2.062,2.075,2.014,2.028,6911239.0
1678060800000,2.028,2.036,1.982,2.014,12144855.0
1678075200000,2.014,2.02,1.988,2.007,5947292.0
1678089600000,2.006,2.036,1.99,2.018,9103260.0
1678104000000,2.018,2.073,2.004,2.069,17787339.0
1678118400000,2.069,2.077,2.037,2.042,8655132.0
1678132800000,2.043,2.063,2.023,2.054,6137185.0
1678147200000,2.054,2.094,2.044,2.064,7741287.0
1678161600000,2.063,2.065,2.032,2.033,4114749.0
1678176000000,2.033,2.043,1.988,1.994,8614095.0
1678190400000,1.993,2.019,1.94,2.002,21551081.0
1678204800000,2.003,2.008,1.945,1.953,12935722.0
1678219200000,1.953,2.005,1.943,2.001,8750199.0
1678233600000,2.0,2.014,1.976,1.987,7098887.0
1678248000000,1.987,1.989,1.909,1.917,12312458.0
1678262400000,1.917,1.946,1.906,1.932,8502864.0
1678276800000,1.932,1.94,1.871,1.919,23166939.0
1678291200000,1.92,1.928,1.869,1.893,12842117.0
1678305600000,1.893,1.911,1.81,1.839,15738550.0
1678320000000,1.839,1.892,1.834,1.875,9651766.0
1678334400000,1.875,1.878,1.848,1.855,6679412.0
1678348800000,1.855,1.883,1.839,1.881,10104475.0
1678363200000,1.881,1.913,1.86,1.881,13348421.0
1678377600000,1.882,1.894,1.8,1.814,23456488.0
1678392000000,1.813,1.816,1.72,1.788,31770349.0
1678406400000,1.787,1.798,1.744,1.773,15773059.0
1678420800000,1.772,1.809,1.766,1.802,15445688.0
1678435200000,1.803,1.806,1.668,1.724,30014951.0
1678449600000,1.723,1.802,1.721,1.778,32462571.0
1678464000000,1.779,1.795,1.75,1.782,15559830.0
1678478400000,1.782,1.811,1.752,1.795,12593136.0
1678492800000,1.794,1.856,1.789,1.813,24264658.0
1678507200000,1.814,1.824,1.701,1.733,22638454.0
1678521600000,1.732,1.776,1.714,1.735,16108025.0
1678536000000,1.735,1.745,1.69,1.702,11794122.0
1678550400000,1.702,1.739,1.689,1.727,11246208.0
1678564800000,1.728,1.797,1.728,1.795,11974142.0
1678579200000,1.794,1.795,1.762,1.782,8479391.0
1678593600000,1.783,1.82,1.779,1.793,8075583.0
1678608000000,1.793,1.815,1.789,1.801,7287430.0
1678622400000,1.802,1.807,1.765,1.775,11412461.0
1678636800000,1.776,1.876,1.77,1.837,27839012.0
1678651200000,1.838,1.966,1.836,1.943,26044618.0
1678665600000,1.942,1.985,1.926,1.95,17957487.0
1678680000000,1.95,1.985,1.946,1.971,9530656.0
1678694400000,1.97,1.974,1.89,1.922,15552159.0
1678708800000,1.921,2.046,1.894,2.002,36107112.0
1678723200000,2.001,2.032,1.977,2.014,14829058.0
1678737600000,2.014,2.043,1.995,2.035,9557804.0
1678752000000,2.035,2.049,2.011,2.033,8955388.0
1678766400000,2.033,2.05,1.991,1.998,9640445.0
1678780800000,1.999,2.012,1.973,1.993,12564914.0
1678795200000,1.993,2.212,1.98,2.183,38228802.0
1678809600000,2.183,2.187,2.08,2.15,24304614.0
1678824000000,2.149,2.158,2.052,2.117,12587405.0
1678838400000,2.116,2.157,2.084,2.134,10105882.0
1678852800000,2.134,2.154,2.101,2.128,7025813.0
1678867200000,2.127,2.132,2.011,2.052,17140086.0
1678881600000,2.052,2.085,1.941,1.952,30722713.0
1678896000000,1.952,1.954,1.864,1.921,20418462.0
1678910400000,1.921,1.949,1.906,1.921,8830279.0
1678924800000,1.922,1.946,1.893,1.935,12356973.0
1678939200000,1.936,1.966,1.909,1.954,10530494.0
1678953600000,1.953,1.978,1.923,1.966,12339100.0
1678968000000,1.965,1.968,1.889,1.954,16038723.0
1678982400000,1.953,1.979,1.925,1.97,9424667.0
1678996800000,1.969,1.972,1.926,1.961,6032985.0
1679011200000,1.96,2.023,1.934,2.009,10280715.0
1679025600000,2.008,2.029,1.986,2.007,6906514.0
1679040000000,2.006,2.094,2.003,2.087,11015979.0
1679054400000,2.088,2.088,1.995,2.024,14949318.0
1679068800000,2.023,2.08,2.016,2.078,7964805.0
1679083200000,2.079,2.165,2.055,2.164,13434351.0
1679097600000,2.164,2.216,2.134,2.197,15269478.0
1679112000000,2.198,2.205,2.168,2.188,6161526.0
1679126400000,2.188,2.211,2.142,2.193,10043628.0
1679140800000,2.193,2.206,2.094,2.117,14685299.0
1679155200000,2.117,2.141,2.059,2.116,14637394.0
1679169600000,2.116,2.15,2.067,2.079,7319968.0
1679184000000,2.08,2.157,2.077,2.147,8705527.0
1679198400000,2.147,2.157,2.094,2.113,5962520.0
1679212800000,2.112,2.197,2.098,2.136,19614642.0
1679227200000,2.137,2.153,2.109,2.141,8419832.0
1679241600000,2.14,2.193,2.136,2.174,10550597.0
1679256000000,2.175,2.182,2.117,2.131,9972358.0
1679270400000,2.131,2.169,2.049,2.053,18477478.0
1679284800000,2.053,2.112,2.028,2.107,11340531.0
1679299200000,2.106,2.125,2.061,2.076,10748178.0
1679313600000,2.075,2.084,2.027,2.049,12946099.0
1679328000000,2.05,2.067,1.964,1.991,17851481.0
1679342400000,1.991,2.023,1.98,1.993,7708285.0
1679356800000,1.993,2.026,1.981,1.996,8036791.0
1679371200000,1.996,2.01,1.933,1.946,9262111.0
1679385600000,1.947,2.007,1.922,1.996,15858109.0
1679400000000,1.996,2.083,1.992,2.037,19695490.0
1679414400000,2.038,2.063,1.993,2.033,13383655.0
1679428800000,2.033,2.074,2.032,2.068,7413183.0
1679443200000,2.067,2.069,2.017,2.039,8222459.0
1679457600000,2.039,2.05,2.012,2.021,5738924.0
1679472000000,2.022,2.031,2.001,2.01,7202469.0
1679486400000,2.01,2.079,1.994,2.041,13670556.0
1679500800000,2.04,2.05,1.872,1.888,32403641.0
1679515200000,1.888,1.954,1.875,1.947,11952579.0
1679529600000,1.946,1.963,1.919,1.929,6623246.0
1679544000000,1.93,1.981,1.928,1.977,5765077.0
1679558400000,1.978,2.0,1.975,1.996,7255147.0
1679572800000,1.997,2.066,1.957,2.057,19372715.0
1679587200000,2.057,2.074,2.011,2.037,13940296.0
1679601600000,2.037,2.052,2.02,2.044,4340189.0
1679616000000,2.044,2.052,2.012,2.016,4696309.0
1679630400000,2.016,2.025,1.997,2.016,4978430.0
1679644800000,2.017,2.019,1.949,1.96,14195634.0
1679659200000,1.961,2.031,1.955,2.002,15882779.0
1679673600000,2.003,2.01,1.924,1.991,13723785.0
1679688000000,1.991,1.996,1.942,1.962,6486676.0
1679702400000,1.963,1.997,1.95,1.985,4192714.0
1679716800000,1.984,1.988,1.943,1.947,4519157.0
1679731200000,1.947,1.958,1.921,1.95,4969469.0
1679745600000,1.95,1.968,1.93,1.96,6280167.0
1679760000000,1.961,1.964,1.889,1.897,7521099.0
1679774400000,1.897,1.929,1.893,1.921,3484835.0
1679788800000,1.921,1.946,1.912,1.931,3746799.0
1679803200000,1.931,1.938,1.92,1.93,2793118.0
1679817600000,1.931,1.96,1.926,1.953,4929381.0
1679832000000,1.954,1.982,1.942,1.947,6658048.0
1679846400000,1.948,1.958,1.929,1.954,3659063.0
1679860800000,1.954,1.971,1.936,1.958,3548492.0
1679875200000,1.958,1.965,1.917,1.931,4725272.0
1679889600000,1.93,1.938,1.906,1.918,4387816.0
1679904000000,1.918,1.935,1.907,1.93,3713088.0
1679918400000,1.93,1.939,1.813,1.856,18747808.0
1679932800000,1.855,1.877,1.817,1.821,8930538.0
1679947200000,1.821,1.849,1.811,1.844,4321532.0
1679961600000,1.844,1.847,1.807,1.818,7964529.0
1679976000000,1.818,1.86,1.817,1.842,5211348.0
1679990400000,1.843,1.858,1.814,1.851,6877274.0
1680004800000,1.852,1.871,1.838,1.865,8893724.0
1680019200000,1.865,1.903,1.835,1.894,9126726.0
1680033600000,1.894,1.901,1.865,1.88,5068339.0
1680048000000,1.881,1.903,1.875,1.889,4026230.0
1680062400000,1.889,1.943,1.887,1.929,9296139.0
1680076800000,1.93,1.96,1.925,1.958,7354873.0
1680091200000,1.957,1.978,1.941,1.974,10755011.0
1680105600000,1.974,1.994,1.955,1.991,6224622.0
1680120000000,1.992,2.004,1.954,1.998,5348583.0
1680134400000,1.997,2.038,1.953,1.975,13908043.0
1680148800000,1.975,1.983,1.947,1.963,5598894.0
1680163200000,1.964,1.965,1.92,1.948,5493562.0
1680177600000,1.948,1.964,1.925,1.929,8307260.0
1680192000000,1.93,1.93,1.9,1.921,6620638.0
1680206400000,1.921,1.932,1.906,1.926,3914186.0
1680220800000,1.925,1.943,1.91,1.923,4624813.0
1680235200000,1.924,1.934,1.883,1.905,5836477.0
1680249600000,1.905,1.921,1.9,1.915,3859062.0
1680264000000,1.915,2.009,1.912,1.987,13275073.0
1680278400000,1.988,2.008,1.975,2.006,4928721.0
1680292800000,2.007,2.009,1.988,1.989,3199232.0
1680307200000,1.989,2.01,1.984,1.994,3900192.0
1680321600000,1.994,2.008,1.959,1.971,4295108.0
1680336000000,1.97,1.983,1.957,1.971,3415918.0
1680350400000,1.971,1.983,1.958,1.976,4315641.0
1680364800000,1.976,1.987,1.96,1.971,4032273.0
1680379200000,1.971,2.0,1.97,1.987,3118713.0
1680393600000,1.987,1.996,1.975,1.986,2551168.0
1680408000000,1.986,1.997,1.98,1.995,1927565.0
1680422400000,1.995,2.01,1.98,2.006,3525506.0
1680436800000,2.007,2.009,1.901,1.922,12097816.0
1680451200000,1.922,1.937,1.885,1.902,6630799.0
1680465600000,1.902,1.92,1.893,1.918,4234800.0
1680480000000,1.917,1.921,1.851,1.892,7731652.0
1680494400000,1.891,1.917,1.879,1.916,3611286.0
1680508800000,1.916,1.95,1.911,1.92,8451300.0
1680523200000,1.92,1.929,1.882,1.906,7967404.0
1680537600000,1.906,2.017,1.902,1.986,18085650.0
1680552000000,1.985,1.992,1.87,1.947,15626599.0
1680566400000,1.948,1.958,1.922,1.929,4452831.0
1680580800000,1.929,1.943,1.915,1.933,4066824.0
1680595200000,1.932,1.994,1.928,1.989,7165670.0
1680609600000,1.99,2.001,1.963,1.971,9150920.0
1680624000000,1.971,1.993,1.961,1.992,4092219.0
1680638400000,1.992,2.012,1.98,1.997,4415925.0
1680652800000,1.997,2.055,1.981,2.053,8373593.0
1680667200000,2.053,2.059,2.025,2.033,3612010.0
1680681600000,2.033,2.078,2.023,2.069,6088222.0
1680696000000,2.07,2.081,1.999,2.016,15402444.0
1680710400000,2.017,2.037,1.99,2.02,8505657.0
1680724800000,2.021,2.034,2.007,2.026,3713482.0
1680739200000,2.026,2.03,1.973,2.003,6155172.0
1680753600000,2.004,2.01,1.977,1.979,3659999.0
1680768000000,1.979,1.992,1.939,1.982,7849696.0
1680782400000,1.982,2.014,1.964,2.013,8352790.0
1680796800000,2.013,2.014,1.979,1.991,3705373.0
1680811200000,1.99,2.002,1.966,1.987,3658281.0
1680825600000,1.988,2.003,1.973,1.992,3490853.0
1680840000000,1.993,2.028,1.955,1.963,7402708.0
1680854400000,1.964,1.975,1.95,1.959,6263843.0
1680868800000,1.959,2.017,1.955,2.009,10159960.0
1680883200000,2.009,2.017,1.991,1.996,3150250.0
1680897600000,1.996,2.022,1.994,2.015,2657033.0
1680912000000,2.016,2.02,1.977,2.004,3676926.0
1680926400000,2.005,2.016,1.991,1.998,3054926.0
1680940800000,1.999,2.01,1.995,2.001,2428480.0
1680955200000,2.0,2.004,1.987,1.996,2430598.0
1680969600000,1.997,2.002,1.95,1.957,5207701.0
1680984000000,1.957,1.974,1.956,1.968,2471104.0
1680998400000,1.969,2.01,1.963,1.99,4378092.0
1681012800000,1.99,1.993,1.928,1.946,7012000.0
1681027200000,1.946,1.959,1.938,1.958,2714728.0
1681041600000,1.958,1.967,1.934,1.948,3592501.0
1681056000000,1.949,1.996,1.943,1.991,4542735.0
1681070400000,1.992,2.04,1.982,2.004,8637834.0
1681084800000,2.005,2.016,1.967,1.989,6855877.0
1681099200000,1.99,1.996,1.976,1.986,2566384.0
1681113600000,1.986,2.0,1.981,1.988,3039060.0
1681128000000,1.988,1.999,1.964,1.985,5158632.0
1681142400000,1.984,2.054,1.978,2.038,11923530.0
1681156800000,2.039,2.071,2.024,2.067,7318487.0
1681171200000,2.068,2.073,2.04,2.056,6897368.0
1681185600000,2.056,2.101,2.046,2.089,9096671.0
1681200000000,2.09,2.1,2.068,2.075,5952549.0
1681214400000,2.075,2.106,2.064,2.078,8960285.0
1681228800000,2.078,2.079,2.045,2.049,6822787.0
1681243200000,2.049,2.057,2.036,2.051,4456327.0
1681257600000,2.052,2.067,1.968,1.981,12578307.0
1681272000000,1.981,2.094,1.969,2.093,12453983.0
1681286400000,2.092,2.126,2.071,2.083,27998957.0
1681300800000,2.083,2.198,2.077,2.159,48342849.0
1681315200000,2.159,2.212,2.158,2.19,36065208.0
1681329600000,2.191,2.244,2.187,2.225,36356530.0
1681344000000,2.225,2.228,2.178,2.18,26652112.0
1681358400000,2.18,2.192,2.157,2.168,15646476.0
1681372800000,2.169,2.199,2.157,2.182,20461910.0
1681387200000,2.182,2.225,2.179,2.197,18918081.0
1681401600000,2.196,2.208,2.171,2.19,10564785.0
1681416000000,2.19,2.207,2.165,2.201,8364641.0
1681430400000,2.202,2.274,2.192,2.247,21304503.0
1681444800000,2.247,2.278,2.224,2.232,15078734.0
1681459200000,2.231,2.246,2.215,2.245,9458213.0
1681473600000,2.246,2.247,2.156,2.165,24674336.0
1681488000000,2.166,2.217,2.15,2.215,12467939.0
1681502400000,2.214,2.233,2.201,2.221,6928897.0
1681516800000,2.221,2.223,2.174,2.19,8174363.0
1681531200000,2.191,2.289,2.176,2.28,11905999.0
1681545600000,2.28,2.407,2.258,2.352,45483813.0
1681560000000,2.353,2.377,2.324,2.339,16917315.0
1681574400000,2.338,2.358,2.283,2.313,13910111.0
1681588800000,2.313,2.326,2.292,2.318,7175392.0
1681603200000,2.319,2.33,2.264,2.28,11362093.0
1681617600000,2.279,2.307,2.269,2.298,6753192.0
1681632000000,2.298,2.301,2.27,2.275,6397908.0
1681646400000,2.275,2.311,2.265,2.308,7399870.0
1681660800000,2.309,2.359,2.3,2.326,9588690.0
1681675200000,2.326,2.355,2.302,2.323,8168977.0
1681689600000,2.324,2.337,2.236,2.329,17342537.0
1681704000000,2.328,2.333,2.261,2.265,7830677.0
1681718400000,2.264,2.302,2.241,2.266,11606928.0
1681732800000,2.265,2.34,2.25,2.251,18963874.0
1681747200000,2.251,2.31,2.248,2.305,7155039.0
1681761600000,2.305,2.311,2.274,2.29,5144361.0
1681776000000,2.291,2.307,2.235,2.305,8140236.0
1681790400000,2.304,2.352,2.299,2.342,9865882.0
1681804800000,2.342,2.402,2.327,2.387,13833380.0
1681819200000,2.388,2.403,2.337,2.345,13108351.0
1681833600000,2.345,2.362,2.306,2.316,10357826.0
1681848000000,2.316,2.356,2.303,2.348,6369153.0
1681862400000,2.347,2.349,2.314,2.336,5607899.0
1681876800000,2.335,2.407,2.329,2.33,14822354.0
1681891200000,2.33,2.332,2.1,2.197,35335112.0
1681905600000,2.196,2.216,2.17,2.185,11018827.0
1681920000000,2.186,2.202,2.156,2.164,7976133.0
1681934400000,2.163,2.187,2.066,2.146,12380601.0
1681948800000,2.147,2.175,2.115,2.147,7901329.0
1681963200000,2.148,2.194,2.146,2.169,9599099.0
1681977600000,2.17,2.199,2.12,2.125,9209965.0
1681992000000,2.124,2.181,2.07,2.08,14692502.0
1682006400000,2.08,2.09,2.013,2.025,22193232.0
1682020800000,2.025,2.065,2.019,2.047,6554897.0
1682035200000,2.047,2.067,2.021,2.055,6465698.0
1682049600000,2.054,2.061,1.999,2.044,8228058.0
1682064000000,2.043,2.05,2.0,2.012,6428777.0
1682078400000,2.012,2.034,1.983,2.007,9137329.0
1682092800000,2.007,2.008,1.869,1.905,18306096.0
1682107200000,1.906,1.929,1.884,1.925,8632176.0
1682121600000,1.925,1.934,1.898,1.927,5041622.0
1682136000000,1.927,1.931,1.906,1.911,3098034.0
1682150400000,1.911,1.92,1.893,1.917,4028567.0
1682164800000,1.917,1.947,1.904,1.935,5655459.0
1682179200000,1.935,1.948,1.919,1.925,4410363.0
1682193600000,1.925,1.948,1.916,1.943,4054111.0
1682208000000,1.943,1.946,1.9,1.924,5537272.0
1682222400000,1.923,1.946,1.919,1.943,2812698.0
1682236800000,1.943,1.95,1.925,1.938,3231707.0
1682251200000,1.938,1.948,1.878,1.895,7356850.0
1682265600000,1.896,1.92,1.835,1.874,10174351.0
1682280000000,1.874,1.92,1.864,1.91,6150695.0
1682294400000,1.911,1.943,1.885,1.913,7922907.0
1682308800000,1.913,1.918,1.875,1.892,5142431.0
1682323200000,1.891,1.913,1.871,1.912,5939236.0
1682337600000,1.913,1.937,1.884,1.888,8389304.0
1682352000000,1.887,1.91,1.846,1.893,8345155.0
1682366400000,1.893,1.907,1.881,1.883,3309929.0
1682380800000,1.883,1.892,1.847,1.853,6059607.0
1682395200000,1.853,1.871,1.845,1.85,5413967.0
1682409600000,1.851,1.868,1.841,1.862,5989344.0
1682424000000,1.862,1.88,1.844,1.859,6494244.0
1682438400000,1.858,1.931,1.852,1.924,14320138.0
1682452800000,1.924,1.988,1.919,1.959,13123035.0
1682467200000,1.96,1.974,1.945,1.948,4689829.0
1682481600000,1.948,1.963,1.932,1.939,4285609.0
1682496000000,1.939,1.999,1.937,1.982,10271893.0
1682510400000,1.983,2.027,1.98,2.0,13287152.0
1682524800000,2.0,2.001,1.817,1.843,17893517.0
1682539200000,1.843,1.891,1.77,1.89,20742595.0
1682553600000,1.889,1.95,1.881,1.893,16503108.0
1682568000000,1.894,1.93,1.881,1.901,7975265.0
1682582400000,1.901,1.904,1.874,1.891,6599557.0
1682596800000,1.891,1.937,1.871,1.934,11829839.0
1682611200000,1.934,1.956,1.914,1.94,8387240.0
1682625600000,1.94,1.949,1.905,1.922,4245940.0
1682640000000,1.922,1.931,1.908,1.924,3469990.0
1682654400000,1.923,1.94,1.92,1.939,3106210.0
1682668800000,1.938,1.939,1.893,1.898,4855842.0
1682683200000,1.898,1.909,1.87,1.896,10345200.0
1682697600000,1.896,1.923,1.89,1.91,4608164.0
1682712000000,1.911,1.921,1.907,1.915,2124263.0
1682726400000,1.916,1.958,1.91,1.942,6352218.0
1682740800000,1.943,1.947,1.924,1.925,2539476.0
1682755200000,1.926,1.938,1.916,1.935,2950066.0
1682769600000,1.935,1.958,1.929,1.943,4393435.0
1682784000000,1.943,1.948,1.908,1.944,3323047.0
1682798400000,1.943,1.944,1.924,1.936,2112160.0
1682812800000,1.937,1.937,1.889,1.908,5871668.0
1682827200000,1.908,1.931,1.905,1.925,2269753.0
1682841600000,1.924,1.978,1.92,1.944,12346017.0
1682856000000,1.944,1.986,1.916,1.968,12125041.0
1682870400000,1.968,1.981,1.931,1.943,7204160.0
1682884800000,1.943,1.952,1.904,1.929,7299748.0
1682899200000,1.928,1.953,1.867,1.905,12249151.0
1682913600000,1.904,1.913,1.884,1.908,4168813.0
1682928000000,1.908,1.913,1.894,1.896,2817996.0
1682942400000,1.896,1.909,1.836,1.844,10610102.0
1682956800000,1.844,1.85,1.8,1.812,10544446.0
1682971200000,1.812,1.837,1.802,1.835,4455973.0
1682985600000,1.835,1.84,1.817,1.83,3704971.0
1683000000000,1.829,1.841,1.817,1.828,2696239.0
1683014400000,1.829,1.835,1.81,1.833,3669960.0
1683028800000,1.834,1.849,1.809,1.837,11018990.0
1683043200000,1.837,1.853,1.827,1.84,5522946.0
1683057600000,1.841,1.846,1.832,1.834,2287842.0
1683072000000,1.835,1.838,1.803,1.816,4238981.0
1683086400000,1.817,1.838,1.812,1.825,3221775.0
1683100800000,1.825,1.835,1.803,1.804,3889023.0
1683115200000,1.803,1.809,1.781,1.794,9065398.0
1683129600000,1.794,1.835,1.778,1.819,12560958.0
1683144000000,1.819,1.929,1.815,1.898,14689285.0
1683158400000,1.898,1.901,1.87,1.878,5233725.0
1683172800000,1.878,1.884,1.863,1.863,4458457.0
1683187200000,1.864,1.884,1.862,1.868,3830321.0
1683201600000,1.868,1.874,1.822,1.836,13170988.0
1683216000000,1.836,1.857,1.829,1.837,5173222.0
1683230400000,1.837,1.842,1.828,1.84,2521596.0
1683244800000,1.84,1.874,1.833,1.847,5626855.0
1683259200000,1.847,1.858,1.84,1.847,3027387.0
1683273600000,1.846,1.851,1.835,1.843,4135575.0
1683288000000,1.843,1.881,1.8,1.866,15233699.0
1683302400000,1.866,1.89,1.849,1.869,9734439.0
1683316800000,1.87,1.877,1.861,1.865,2725973.0
1683331200000,1.865,1.88,1.809,1.819,10484829.0
1683345600000,1.818,1.829,1.805,1.812,5235645.0
1683360000000,1.812,1.814,1.787,1.808,6805974.0
1683374400000,1.808,1.808,1.738,1.751,13434178.0
1683388800000,1.751,1.783,1.749,1.768,5304812.0
1683403200000,1.769,1.773,1.757,1.765,2919056.0
1683417600000,1.766,1.784,1.751,1.756,5933488.0
1683432000000,1.756,1.781,1.755,1.775,3084788.0
1683446400000,1.775,1.781,1.765,1.769,2933577.0
1683460800000,1.77,1.784,1.765,1.766,4275945.0
1683475200000,1.767,1.768,1.739,1.746,4935312.0
1683489600000,1.746,1.763,1.725,1.737,6152345.0
1683504000000,1.736,1.747,1.62,1.679,18068025.0
1683518400000,1.679,1.683,1.637,1.655,7671173.0
1683532800000,1.655,1.685,1.649,1.677,7267142.0
1683547200000,1.677,1.685,1.657,1.663,7360468.0
1683561600000,1.662,1.669,1.553,1.62,22971167.0
1683576000000,1.62,1.648,1.617,1.641,5208969.0
1683590400000,1.642,1.653,1.627,1.636,4536300.0
1683604800000,1.637,1.643,1.61,1.637,4966062.0
1683619200000,1.637,1.639,1.621,1.635,5145711.0
1683633600000,1.635,1.641,1.605,1.612,6570745.0
1683648000000,1.613,1.635,1.603,1.627,4819207.0
1683662400000,1.626,1.633,1.606,1.62,3141739.0
1683676800000,1.621,1.632,1.612,1.616,4170618.0
1683691200000,1.616,1.644,1.614,1.63,4861271.0
1683705600000,1.629,1.637,1.611,1.617,4753463.0
1683720000000,1.618,1.673,1.604,1.65,15604472.0
1683734400000,1.65,1.669,1.539,1.666,24759883.0
1683748800000,1.666,1.687,1.65,1.659,13459851.0
1683763200000,1.659,1.661,1.594,1.607,12670584.0
1683777600000,1.607,1.621,1.598,1.613,5207285.0
1683792000000,1.613,1.617,1.587,1.607,5649735.0
1683806400000,1.608,1.629,1.574,1.585,13982203.0
1683820800000,1.586,1.599,1.552,1.578,11634935.0
1683835200000,1.578,1.607,1.576,1.594,4547139.0
1683849600000,1.594,1.6,1.54,1.547,9119318.0
1683864000000,1.548,1.571,1.539,1.562,7783796.0
1683878400000,1.563,1.588,1.56,1.582,5762063.0
1683892800000,1.582,1.645,1.581,1.63,17994758.0
1683907200000,1.63,1.64,1.579,1.623,15468601.0
1683921600000,1.623,1.655,1.62,1.647,10068531.0
1683936000000,1.647,1.651,1.631,1.643,4584167.0
1683950400000,1.644,1.648,1.629,1.64,3485848.0
1683964800000,1.639,1.644,1.628,1.631,3555202.0
1683979200000,1.632,1.637,1.614,1.629,5347310.0
1683993600000,1.629,1.665,1.626,1.656,9340615.0
1684008000000,1.656,1.673,1.654,1.659,5706711.0
1684022400000,1.659,1.663,1.638,1.657,5989063.0
1684036800000,1.657,1.676,1.654,1.661,3984768.0
1684051200000,1.662,1.669,1.653,1.656,3644184.0
1684065600000,1.657,1.676,1.648,1.67,6342224.0
1684080000000,1.67,1.676,1.637,1.643,5759354.0
1684094400000,1.643,1.662,1.64,1.655,3510388.0
1684108800000,1.656,1.685,1.633,1.679,11194403.0
1684123200000,1.679,1.697,1.67,1.686,8790288.0
1684137600000,1.687,1.704,1.672,1.673,5995952.0
1684152000000,1.672,1.68,1.655,1.671,7267945.0
1684166400000,1.672,1.68,1.656,1.665,6609910.0
1684180800000,1.664,1.67,1.646,1.654,3843289.0
1684195200000,1.654,1.665,1.623,1.65,9711262.0
1684209600000,1.65,1.664,1.639,1.663,4380426.0
1684224000000,1.662,1.669,1.646,1.653,5015158.0
1684238400000,1.653,1.662,1.631,1.647,7913248.0
1684252800000,1.648,1.66,1.633,1.635,4320289.0
1684267200000,1.635,1.671,1.633,1.656,4344545.0
1684281600000,1.657,1.683,1.643,1.678,6179643.0
1684296000000,1.677,1.689,1.646,1.648,5496121.0
1684310400000,1.648,1.682,1.638,1.652,9480756.0
1684324800000,1.652,1.678,1.64,1.657,8712546.0
1684339200000,1.658,1.719,1.651,1.707,12288868.0
1684353600000,1.706,1.714,1.694,1.699,4651635.0
1684368000000,1.699,1.702,1.683,1.697,4231856.0
1684382400000,1.698,1.7,1.676,1.69,4264538.0
1684396800000,1.69,1.692,1.677,1.683,3910346.0
1684411200000,1.682,1.686,1.656,1.664,8353486.0
1684425600000,1.663,1.673,1.618,1.643,10735407.0
1684440000000,1.642,1.679,1.636,1.655,5247264.0
1684454400000,1.656,1.668,1.65,1.658,5269390.0
1684468800000,1.659,1.675,1.658,1.668,4125466.0
1684483200000,1.668,1.677,1.662,1.665,3633006.0
1684497600000,1.666,1.694,1.658,1.676,10715175.0
1684512000000,1.677,1.681,1.654,1.663,4982233.0
1684526400000,1.663,1.672,1.661,1.663,2278100.0
1684540800000,1.664,1.667,1.648,1.655,3757913.0
1684555200000,1.655,1.659,1.648,1.656,2459704.0
1684569600000,1.655,1.664,1.652,1.655,2149101.0
1684584000000,1.655,1.66,1.652,1.654,3101268.0
1684598400000,1.654,1.668,1.649,1.659,3515875.0
1684612800000,1.66,1.662,1.65,1.659,2314775.0
1684627200000,1.66,1.667,1.653,1.657,2332434.0
1684641600000,1.657,1.659,1.65,1.653,1654731.0
1684656000000,1.652,1.654,1.626,1.635,4736188.0
1684670400000,1.635,1.641,1.607,1.618,5231352.0
1684684800000,1.619,1.623,1.608,1.622,4969560.0
1684699200000,1.621,1.626,1.605,1.608,3731446.0
1684713600000,1.609,1.611,1.57,1.598,14526033.0
1684728000000,1.598,1.616,1.596,1.603,3344092.0
1684742400000,1.603,1.615,1.601,1.612,3678745.0
1684756800000,1.611,1.622,1.605,1.612,6899180.0
1684771200000,1.612,1.628,1.61,1.623,4388063.0
1684785600000,1.624,1.626,1.608,1.61,2605020.0
1684800000000,1.611,1.671,1.598,1.667,11156863.0
1684814400000,1.666,1.679,1.64,1.651,9864909.0
1684828800000,1.652,1.656,1.642,1.648,3043738.0
1684843200000,1.648,1.651,1.639,1.643,5001585.0
1684857600000,1.643,1.645,1.625,1.635,5199006.0
1684872000000,1.635,1.646,1.632,1.643,2569986.0
1684886400000,1.643,1.646,1.582,1.593,10684319.0
1684900800000,1.594,1.612,1.587,1.591,8103410.0
1684915200000,1.591,1.605,1.588,1.593,4592662.0
1684929600000,1.594,1.6,1.54,1.565,15618574.0
1684944000000,1.565,1.583,1.557,1.571,5470267.0
1684958400000,1.572,1.587,1.568,1.57,4661685.0
1684972800000,1.57,1.577,1.526,1.575,10448185.0
1684987200000,1.575,1.58,1.562,1.562,4784467.0
1685001600000,1.563,1.574,1.55,1.56,5610888.0
1685016000000,1.56,1.577,1.556,1.558,8340609.0
1685030400000,1.558,1.584,1.554,1.572,6841725.0
1685044800000,1.572,1.574,1.553,1.562,3657284.0
1685059200000,1.562,1.564,1.545,1.551,6200803.0
1685073600000,1.552,1.553,1.529,1.551,6539437.0
1685088000000,1.551,1.566,1.548,1.563,5883464.0
1685102400000,1.563,1.597,1.554,1.585,11790197.0
1685116800000,1.586,1.598,1.575,1.588,5499979.0
1685131200000,1.588,1.593,1.575,1.575,3230968.0
1685145600000,1.576,1.593,1.575,1.592,2418851.0
1685160000000,1.591,1.6,1.581,1.585,3326479.0
1685174400000,1.585,1.594,1.578,1.585,3102956.0
1685188800000,1.585,1.593,1.57,1.588,4711990.0
1685203200000,1.589,1.603,1.579,1.6,3544758.0
1685217600000,1.6,1.657,1.596,1.63,15099136.0
1685232000000,1.63,1.65,1.624,1.64,7863710.0
1685246400000,1.64,1.644,1.632,1.639,3093985.0
1685260800000,1.64,1.647,1.626,1.64,5334511.0
1685275200000,1.64,1.653,1.634,1.651,4820369.0
1685289600000,1.651,1.664,1.638,1.641,6624709.0
1685304000000,1.642,1.687,1.64,1.665,9583319.0
1685318400000,1.666,1.677,1.642,1.645,7699260.0
1685332800000,1.645,1.655,1.636,1.641,5373639.0
1685347200000,1.642,1.646,1.627,1.645,5293821.0
1685361600000,1.644,1.645,1.624,1.628,7392370.0
1685376000000,1.627,1.637,1.615,1.625,7655965.0
1685390400000,1.624,1.64,1.618,1.626,4820184.0
1685404800000,1.625,1.646,1.617,1.636,5226147.0
1685419200000,1.636,1.642,1.612,1.614,4778637.0
1685433600000,1.613,1.647,1.613,1.645,5754697.0
1685448000000,1.644,1.645,1.601,1.608,10291743.0
1685462400000,1.608,1.624,1.6,1.619,6382279.0
1685476800000,1.618,1.624,1.606,1.608,3520797.0
1685491200000,1.608,1.621,1.571,1.593,14585738.0
1685505600000,1.594,1.597,1.555,1.566,14721981.0
1685520000000,1.567,1.577,1.554,1.565,6700953.0
1685534400000,1.565,1.573,1.542,1.55,9163511.0
1685548800000,1.55,1.577,1.544,1.568,5420570.0
1685563200000,1.568,1.573,1.555,1.564,3293231.0
1685577600000,1.565,1.575,1.53,1.551,11067762.0
1685592000000,1.551,1.56,1.547,1.555,3482568.0
1685606400000,1.555,1.568,1.55,1.567,3708305.0
1685620800000,1.567,1.568,1.556,1.561,6349529.0
1685635200000,1.562,1.573,1.547,1.565,7760906.0
1685649600000,1.565,1.57,1.538,1.546,5337261.0
1685664000000,1.546,1.574,1.533,1.567,7565764.0
1685678400000,1.567,1.588,1.564,1.585,7202404.0
1685692800000,1.584,1.607,1.583,1.599,6524014.0
1685707200000,1.599,1.609,1.583,1.599,11616195.0
1685721600000,1.6,1.611,1.588,1.607,5294747.0
1685736000000,1.608,1.629,1.607,1.614,9964641.0
1685750400000,1.614,1.616,1.596,1.606,4084791.0
1685764800000,1.606,1.619,1.603,1.614,3186122.0
1685779200000,1.613,1.624,1.608,1.621,3317062.0
1685793600000,1.62,1.64,1.619,1.629,8006752.0
1685808000000,1.63,1.632,1.608,1.614,5019983.0
1685822400000,1.613,1.622,1.608,1.617,2920004.0
1685836800000,1.616,1.638,1.603,1.635,3867771.0
1685851200000,1.634,1.643,1.618,1.632,4283778.0
1685865600000,1.633,1.645,1.63,1.64,3438141.0
1685880000000,1.639,1.648,1.627,1.634,3577103.0
1685894400000,1.635,1.645,1.626,1.643,2321118.0
1685908800000,1.643,1.648,1.613,1.615,5368105.0
1685923200000,1.616,1.628,1.595,1.61,9303045.0
1685937600000,1.609,1.634,1.604,1.624,5472026.0
1685952000000,1.624,1.654,1.622,1.643,9009263.0
1685966400000,1.644,1.658,1.5,1.503,28868950.0
1685980800000,1.504,1.515,1.423,1.485,31461995.0
1685995200000,1.486,1.504,1.468,1.496,6108535.0
1686009600000,1.495,1.502,1.482,1.498,5303336.0
1686024000000,1.499,1.504,1.493,1.498,3868068.0
1686038400000,1.498,1.507,1.491,1.501,5020967.0
1686052800000,1.501,1.505,1.447,1.498,24234109.0
1686067200000,1.497,1.54,1.49,1.535,13400821.0
1686081600000,1.534,1.539,1.516,1.532,6352373.0
1686096000000,1.532,1.533,1.498,1.506,7235943.0
1686110400000,1.506,1.511,1.483,1.486,5714109.0
1686124800000,1.487,1.494,1.45,1.478,12793064.0
1686139200000,1.477,1.479,1.414,1.429,23098182.0
1686153600000,1.43,1.437,1.411,1.419,10237766.0
1686168000000,1.419,1.421,1.4,1.413,10018660.0
1686182400000,1.413,1.419,1.383,1.397,10277237.0
1686196800000,1.397,1.413,1.386,1.406,7989600.0
1686211200000,1.407,1.421,1.401,1.412,6986884.0
1686225600000,1.411,1.424,1.402,1.412,13027126.0
1686240000000,1.412,1.419,1.398,1.411,8349184.0
1686254400000,1.412,1.419,1.406,1.414,3858517.0
1686268800000,1.413,1.42,1.392,1.409,7742922.0
1686283200000,1.409,1.421,1.396,1.399,4857659.0
1686297600000,1.399,1.423,1.398,1.422,5182674.0
1686312000000,1.422,1.433,1.398,1.403,10186545.0
1686326400000,1.403,1.41,1.366,1.371,11020505.0
1686340800000,1.371,1.398,1.369,1.386,5753351.0
1686355200000,1.385,1.386,1.316,1.33,28022936.0
1686369600000,1.329,1.341,1.102,1.224,60840246.0
1686384000000,1.225,1.248,1.202,1.213,18585156.0
1686398400000,1.213,1.214,1.181,1.189,16615403.0
1686412800000,1.189,1.226,1.163,1.198,19516027.0
1686427200000,1.199,1.217,1.184,1.2,6983763.0
1686441600000,1.201,1.212,1.191,1.204,8704207.0
1686456000000,1.204,1.205,1.189,1.19,7462974.0
1686470400000,1.19,1.212,1.188,1.202,8033374.0
1686484800000,1.201,1.211,1.185,1.191,9385616.0
1686499200000,1.19,1.222,1.186,1.218,10699877.0
1686513600000,1.218,1.237,1.194,1.208,10360538.0
1686528000000,1.208,1.209,1.164,1.189,15358391.0
1686542400000,1.188,1.199,1.176,1.18,7220446.0
1686556800000,1.181,1.215,1.177,1.204,9766228.0
1686571200000,1.204,1.206,1.187,1.19,8225065.0
1686585600000,1.19,1.201,1.176,1.187,10135696.0
1686600000000,1.186,1.208,1.183,1.198,5911944.0
1686614400000,1.198,1.22,1.189,1.214,9505150.0
1686628800000,1.213,1.223,1.196,1.215,6631723.0
1686643200000,1.215,1.239,1.211,1.226,9918371.0
1686657600000,1.225,1.246,1.184,1.188,19927123.0
1686672000000,1.188,1.207,1.186,1.195,7313984.0
1686686400000,1.194,1.203,1.188,1.198,5041413.0
1686700800000,1.199,1.206,1.188,1.201,6060379.0
1686715200000,1.2,1.202,1.184,1.19,4508934.0
1686729600000,1.191,1.205,1.188,1.2,4672193.0
1686744000000,1.201,1.205,1.188,1.202,7732990.0
1686758400000,1.202,1.242,1.199,1.23,19384250.0
1686772800000,1.23,1.232,1.142,1.176,33610325.0
1686787200000,1.175,1.186,1.161,1.183,7999533.0
1686801600000,1.184,1.192,1.167,1.177,11676504.0
1686816000000,1.177,1.187,1.161,1.179,15654881.0
1686830400000,1.178,1.181,1.16,1.168,12364170.0
1686844800000,1.169,1.225,1.164,1.213,18329705.0
1686859200000,1.213,1.214,1.19,1.195,7668835.0
1686873600000,1.195,1.202,1.181,1.202,5691495.0
1686888000000,1.201,1.205,1.19,1.205,4721982.0
1686902400000,1.204,1.212,1.186,1.189,9097792.0
1686916800000,1.19,1.214,1.171,1.211,17871681.0
1686931200000,1.212,1.238,1.207,1.224,14078673.0
1686945600000,1.224,1.227,1.209,1.214,4273917.0
1686960000000,1.213,1.218,1.203,1.215,5335618.0
1686974400000,1.214,1.264,1.213,1.258,15737197.0
1686988800000,1.257,1.277,1.251,1.254,14137401.0
1687003200000,1.255,1.273,1.246,1.268,11609176.0
1687017600000,1.268,1.279,1.259,1.261,7717912.0
1687032000000,1.261,1.272,1.254,1.258,3968415.0
1687046400000,1.258,1.265,1.241,1.253,8132497.0
1687060800000,1.253,1.258,1.236,1.251,8176356.0
1687075200000,1.252,1.265,1.244,1.252,5513612.0
1687089600000,1.252,1.278,1.243,1.271,7423692.0
1687104000000,1.271,1.274,1.25,1.256,5559811.0
1687118400000,1.256,1.257,1.207,1.236,17688587.0
1687132800000,1.236,1.243,1.225,1.235,5250560.0
1687147200000,1.235,1.241,1.225,1.232,5543723.0
1687161600000,1.232,1.235,1.212,1.218,5952209.0
1687176000000,1.217,1.232,1.205,1.215,9793866.0
1687190400000,1.215,1.239,1.191,1.23,18849283.0
1687204800000,1.231,1.242,1.225,1.239,6663646.0
1687219200000,1.239,1.257,1.237,1.24,9095661.0
1687233600000,1.239,1.244,1.227,1.238,5025919.0
1687248000000,1.237,1.251,1.23,1.25,8025435.0
1687262400000,1.25,1.252,1.216,1.233,12673310.0
1687276800000,1.232,1.291,1.227,1.289,21085165.0
1687291200000,1.289,1.311,1.288,1.298,8829156.0
1687305600000,1.297,1.328,1.291,1.302,11977539.0
1687320000000,1.303,1.321,1.298,1.31,12921498.0
1687334400000,1.31,1.316,1.294,1.307,11248962.0
1687348800000,1.306,1.332,1.291,1.321,16569499.0
1687363200000,1.32,1.357,1.318,1.337,33074759.0
1687377600000,1.337,1.346,1.321,1.336,11494479.0
1687392000000,1.336,1.38,1.335,1.365,12603120.0
1687406400000,1.364,1.375,1.344,1.373,10536888.0
1687420800000,1.373,1.376,1.301,1.329,17966105.0
1687435200000,1.329,1.357,1.318,1.335,17773709.0
1687449600000,1.335,1.356,1.328,1.355,8847372.0
1687464000000,1.354,1.354,1.321,1.324,6510402.0
1687478400000,1.324,1.339,1.32,1.333,7832049.0
1687492800000,1.333,1.344,1.328,1.337,6017848.0
1687507200000,1.338,1.348,1.331,1.341,10040868.0
1687521600000,1.341,1.379,1.317,1.377,19908117.0
1687536000000,1.377,1.409,1.367,1.384,19064768.0
1687550400000,1.384,1.401,1.367,1.382,6668995.0
1687564800000,1.381,1.42,1.376,1.418,13215301.0
1687579200000,1.418,1.45,1.409,1.438,19869729.0
1687593600000,1.438,1.458,1.417,1.427,12039546.0
1687608000000,1.428,1.432,1.371,1.392,18124757.0
1687622400000,1.392,1.415,1.375,1.412,10177021.0
1687636800000,1.413,1.416,1.385,1.411,5526513.0
1687651200000,1.412,1.44,1.401,1.431,9434238.0
1687665600000,1.432,1.449,1.423,1.438,13503946.0
1687680000000,1.439,1.462,1.431,1.443,10016929.0
1687694400000,1.443,1.448,1.408,1.42,12700468.0
1687708800000,1.42,1.433,1.392,1.4,8339926.0
1687723200000,1.399,1.412,1.388,1.397,4663848.0
1687737600000,1.398,1.401,1.355,1.372,13642388.0
1687752000000,1.372,1.603,1.351,1.575,152805431.0
1687766400000,1.575,1.598,1.528,1.568,122982679.0
1687780800000,1.568,1.635,1.546,1.595,123397231.0
1687795200000,1.595,1.609,1.532,1.555,59632559.0
1687809600000,1.555,1.56,1.475,1.484,36715222.0
1687824000000,1.484,1.507,1.462,1.482,33760089.0
1687838400000,1.481,1.498,1.458,1.48,22949911.0
1687852800000,1.481,1.504,1.464,1.493,25521983.0
1687867200000,1.493,1.497,1.444,1.455,29873976.0
1687881600000,1.456,1.494,1.452,1.488,14964878.0
1687896000000,1.489,1.497,1.47,1.476,10171630.0
1687910400000,1.476,1.479,1.422,1.443,19791733.0
1687924800000,1.442,1.444,1.375,1.39,25355363.0
1687939200000,1.389,1.408,1.388,1.4,10216399.0
1687953600000,1.4,1.417,1.38,1.408,18796024.0
1687968000000,1.408,1.414,1.321,1.351,25381050.0
1687982400000,1.35,1.375,1.336,1.362,11897134.0
1687996800000,1.362,1.365,1.344,1.357,8723486.0
1688011200000,1.357,1.36,1.344,1.352,7224269.0
1688025600000,1.352,1.394,1.341,1.38,16475315.0
1688040000000,1.379,1.396,1.346,1.368,18785616.0
1688054400000,1.368,1.379,1.343,1.356,13693672.0
1688068800000,1.355,1.361,1.336,1.348,9970600.0
1688083200000,1.349,1.397,1.325,1.39,19011147.0
1688097600000,1.39,1.414,1.363,1.377,18588084.0
1688112000000,1.377,1.408,1.375,1.407,18180752.0
1688126400000,1.408,1.444,1.268,1.323,60913589.0
1688140800000,1.324,1.39,1.314,1.369,27404352.0
1688155200000,1.369,1.389,1.357,1.385,7118420.0
1688169600000,1.385,1.401,1.367,1.376,15657697.0
1688184000000,1.376,1.395,1.352,1.385,13896330.0
1688198400000,1.385,1.39,1.372,1.383,9435648.0
1688212800000,1.383,1.417,1.379,1.415,13362995.0
1688227200000,1.414,1.485,1.41,1.446,40591218.0
1688241600000,1.446,1.485,1.445,1.484,16157678.0
1688256000000,1.484,1.488,1.432,1.437,24886911.0
1688270400000,1.437,1.475,1.433,1.446,14801127.0
1688284800000,1.447,1.475,1.443,1.46,15907920.0
1688299200000,1.46,1.468,1.425,1.443,22336374.0
1688313600000,1.444,1.467,1.426,1.452,14380138.0
1688328000000,1.452,1.477,1.441,1.466,12749375.0
1688342400000,1.467,1.487,1.445,1.475,14361270.0
1688356800000,1.476,1.487,1.458,1.471,11848962.0
1688371200000,1.472,1.482,1.458,1.465,14627547.0
1688385600000,1.465,1.469,1.443,1.46,16640447.0
1688400000000,1.461,1.462,1.427,1.454,17237879.0
1688414400000,1.453,1.457,1.43,1.457,7266720.0
1688428800000,1.456,1.457,1.424,1.453,10822298.0
1688443200000,1.454,1.454,1.418,1.421,10672204.0
1688457600000,1.421,1.437,1.412,1.433,9623992.0
1688472000000,1.434,1.439,1.409,1.416,10499190.0
1688486400000,1.417,1.425,1.38,1.394,16033031.0
1688500800000,1.394,1.411,1.389,1.397,6489413.0
1688515200000,1.398,1.416,1.393,1.415,5937490.0
1688529600000,1.414,1.415,1.4,1.404,4524962.0
1688544000000,1.404,1.407,1.334,1.358,23819264.0
1688558400000,1.357,1.364,1.331,1.342,18387477.0
1688572800000,1.343,1.358,1.337,1.344,9101055.0
1688587200000,1.344,1.359,1.335,1.353,6490484.0
1688601600000,1.354,1.361,1.339,1.353,7110264.0
1688616000000,1.353,1.368,1.343,1.364,6962989.0
1688630400000,1.364,1.393,1.346,1.353,14866972.0
1688644800000,1.353,1.356,1.284,1.324,27176912.0
1688659200000,1.324,1.348,1.311,1.326,10523241.0
1688673600000,1.325,1.343,1.306,1.309,11423305.0
1688688000000,1.308,1.341,1.294,1.334,12814671.0
1688702400000,1.334,1.35,1.318,1.349,11147332.0
1688716800000,1.349,1.368,1.34,1.351,15249343.0
1688731200000,1.35,1.365,1.336,1.349,17158752.0
1688745600000,1.35,1.357,1.321,1.33,10438525.0
1688760000000,1.329,1.339,1.326,1.33,4728394.0
1688774400000,1.331,1.348,1.325,1.345,7872696.0
1688788800000,1.346,1.35,1.33,1.338,8006185.0
1688803200000,1.338,1.398,1.336,1.373,25327044.0
1688817600000,1.373,1.395,1.369,1.381,20130060.0
1688832000000,1.38,1.396,1.367,1.372,14848227.0
1688846400000,1.371,1.385,1.36,1.381,8626753.0
1688860800000,1.382,1.392,1.371,1.373,9567767.0
1688875200000,1.374,1.375,1.342,1.345,9087331.0
1688889600000,1.345,1.355,1.329,1.333,11758097.0
1688904000000,1.334,1.345,1.324,1.339,13075652.0
1688918400000,1.338,1.339,1.328,1.333,6085283.0
1688932800000,1.333,1.335,1.316,1.325,9019443.0
1688947200000,1.326,1.327,1.287,1.309,18005844.0
1688961600000,1.308,1.312,1.292,1.299,6818859.0
1688976000000,1.3,1.313,1.284,1.306,10319507.0
1688990400000,1.306,1.326,1.298,1.325,10679878.0
1689004800000,1.324,1.353,1.317,1.348,10198241.0
1689019200000,1.348,1.361,1.313,1.329,15333980.0
1689033600000,1.329,1.352,1.323,1.338,10641835.0
1689048000000,1.339,1.345,1.331,1.333,5748372.0
1689062400000,1.334,1.336,1.316,1.323,7379411.0
1689076800000,1.323,1.332,1.313,1.317,9042731.0
1689091200000,1.318,1.325,1.304,1.312,6775280.0
1689105600000,1.312,1.333,1.311,1.328,4392581.0
1689120000000,1.329,1.342,1.326,1.331,5540030.0
1689134400000,1.331,1.36,1.331,1.355,6549347.0
1689148800000,1.354,1.355,1.341,1.344,5373719.0
1689163200000,1.343,1.371,1.337,1.348,23549382.0
1689177600000,1.348,1.352,1.304,1.309,13407688.0
1689192000000,1.309,1.336,1.308,1.328,5439219.0
1689206400000,1.328,1.333,1.315,1.321,5461274.0
1689220800000,1.321,1.335,1.313,1.326,4811198.0
1689235200000,1.326,1.353,1.323,1.343,7672300.0
1689249600000,1.344,1.398,1.332,1.384,23318460.0
1689264000000,1.384,1.467,1.382,1.449,44997878.0
1689278400000,1.449,1.469,1.416,1.464,12533743.0
1689292800000,1.464,1.511,1.459,1.482,29958647.0
1689307200000,1.483,1.522,1.472,1.51,18392604.0
1689321600000,1.51,1.557,1.493,1.548,34066951.0
1689336000000,1.548,1.595,1.536,1.568,48870438.0
1689350400000,1.569,1.593,1.446,1.462,64659144.0
1689364800000,1.463,1.505,1.446,1.497,13400812.0
1689379200000,1.497,1.501,1.459,1.462,9490911.0
1689393600000,1.463,1.512,1.462,1.504,8556037.0
1689408000000,1.503,1.527,1.492,1.504,10338178.0
1689422400000,1.504,1.506,1.478,1.485,9696759.0
1689436800000,1.486,1.507,1.473,1.496,6344044.0
1689451200000,1.495,1.501,1.481,1.491,4088156.0
1689465600000,1.491,1.506,1.452,1.469,11156945.0
1689480000000,1.469,1.485,1.463,1.484,4787630.0
1689494400000,1.484,1.49,1.471,1.483,5523488.0
1689508800000,1.483,1.512,1.473,1.501,7459723.0
1689523200000,1.5,1.51,1.465,1.468,7289586.0
1689537600000,1.467,1.478,1.435,1.446,9914507.0
1689552000000,1.445,1.476,1.434,1.475,9116460.0
1689566400000,1.474,1.507,1.471,1.503,9398977.0
1689580800000,1.503,1.506,1.421,1.449,26291072.0
1689595200000,1.449,1.497,1.432,1.46,15755626.0
1689609600000,1.459,1.473,1.423,1.452,17874834.0
1689624000000,1.451,1.502,1.44,1.499,8301213.0
1689638400000,1.499,1.514,1.48,1.484,8640193.0
1689652800000,1.484,1.492,1.446,1.455,10605167.0
1689667200000,1.455,1.486,1.447,1.451,12615326.0
1689681600000,1.451,1.482,1.44,1.475,13513197.0
1689696000000,1.475,1.487,1.443,1.458,12692860.0
1689710400000,1.458,1.472,1.457,1.469,5106694.0
1689724800000,1.47,1.52,1.461,1.51,10993279.0
1689739200000,1.509,1.52,1.488,1.492,7650295.0
1689753600000,1.493,1.496,1.47,1.482,7524071.0
1689768000000,1.482,1.494,1.457,1.477,11449539.0
1689782400000,1.477,1.495,1.461,1.488,7484289.0
1689796800000,1.489,1.49,1.455,1.465,6124995.0
1689811200000,1.465,1.504,1.457,1.501,7703951.0
1689825600000,1.501,1.58,1.501,1.565,32924834.0
1689840000000,1.566,1.579,1.552,1.57,19990036.0
1689854400000,1.571,1.607,1.517,1.522,36348981.0
1689868800000,1.522,1.526,1.489,1.512,15128061.0
1689883200000,1.512,1.533,1.499,1.528,8160137.0
1689897600000,1.529,1.533,1.499,1.515,10256564.0
1689912000000,1.515,1.517,1.487,1.489,7949542.0
1689926400000,1.49,1.505,1.485,1.49,8315545.0
1689940800000,1.49,1.506,1.489,1.494,10021688.0
1689955200000,1.493,1.508,1.475,1.49,9293691.0
1689969600000,1.49,1.491,1.472,1.48,5066134.0
1689984000000,1.48,1.49,1.463,1.479,7255637.0
1689998400000,1.478,1.48,1.464,1.474,3790673.0
1690012800000,1.475,1.476,1.45,1.463,6612290.0
1690027200000,1.464,1.466,1.456,1.462,4028192.0
1690041600000,1.463,1.466,1.445,1.458,4037229.0
1690056000000,1.457,1.462,1.42,1.443,7915855.0
1690070400000,1.443,1.457,1.431,1.452,6290899.0
1690084800000,1.451,1.462,1.443,1.448,4651007.0
1690099200000,1.449,1.457,1.447,1.451,3631856.0
1690113600000,1.451,1.456,1.443,1.446,3493871.0
1690128000000,1.446,1.478,1.445,1.458,7901658.0
1690142400000,1.458,1.466,1.444,1.453,4666384.0
1690156800000,1.453,1.463,1.427,1.43,8179224.0
1690171200000,1.429,1.443,1.417,1.439,6710344.0
1690185600000,1.439,1.442,1.336,1.385,19679410.0
1690200000000,1.385,1.396,1.369,1.384,14336430.0
1690214400000,1.384,1.389,1.372,1.374,4825989.0
1690228800000,1.374,1.384,1.368,1.378,3902438.0
1690243200000,1.379,1.382,1.359,1.361,7418463.0
1690257600000,1.361,1.368,1.347,1.353,6912125.0
1690272000000,1.353,1.366,1.347,1.357,6061738.0
1690286400000,1.356,1.364,1.343,1.35,9922811.0
1690300800000,1.349,1.359,1.335,1.339,9373814.0
1690315200000,1.338,1.351,1.33,1.347,4702967.0
1690329600000,1.347,1.352,1.316,1.334,9985367.0
1690344000000,1.335,1.34,1.324,1.333,6411784.0
1690358400000,1.333,1.339,1.324,1.329,5718626.0
1690372800000,1.328,1.349,1.325,1.348,7708941.0
1690387200000,1.347,1.364,1.328,1.364,13221790.0
1690401600000,1.364,1.379,1.35,1.364,9503979.0
1690416000000,1.363,1.38,1.353,1.371,6713985.0
1690430400000,1.371,1.384,1.364,1.368,6667600.0
1690444800000,1.367,1.388,1.365,1.382,6326233.0
1690459200000,1.381,1.385,1.356,1.36,9133393.0
1690473600000,1.361,1.368,1.348,1.361,7209643.0
1690488000000,1.361,1.389,1.358,1.377,6556761.0
1690502400000,1.377,1.39,1.372,1.387,5831778.0
1690516800000,1.388,1.389,1.368,1.373,7026681.0
1690531200000,1.373,1.392,1.371,1.38,5234485.0
1690545600000,1.381,1.405,1.38,1.392,7499603.0
1690560000000,1.392,1.394,1.375,1.391,4242594.0
1690574400000,1.39,1.398,1.386,1.389,2515402.0
1690588800000,1.389,1.402,1.385,1.399,2826228.0
1690603200000,1.4,1.403,1.393,1.394,2413272.0
1690617600000,1.395,1.403,1.391,1.397,3590051.0
1690632000000,1.397,1.408,1.397,1.4,3808596.0
1690646400000,1.399,1.411,1.398,1.406,3455041.0
1690660800000,1.406,1.414,1.401,1.405,3141177.0
1690675200000,1.404,1.412,1.4,1.406,4182413.0
1690689600000,1.406,1.411,1.393,1.395,3128812.0
1690704000000,1.396,1.417,1.395,1.413,5965372.0
1690718400000,1.414,1.418,1.4,1.405,6494155.0
1690732800000,1.405,1.411,1.37,1.381,8487429.0
1690747200000,1.381,1.397,1.359,1.394,9005597.0
1690761600000,1.394,1.418,1.388,1.408,8012776.0
1690776000000,1.409,1.41,1.392,1.395,5022084.0
1690790400000,1.394,1.404,1.391,1.395,4145451.0
1690804800000,1.395,1.401,1.375,1.376,8983100.0
1690819200000,1.375,1.387,1.353,1.361,7706764.0
1690833600000,1.361,1.373,1.35,1.369,7064658.0
1690848000000,1.37,1.382,1.317,1.343,15468389.0
1690862400000,1.342,1.368,1.341,1.361,6615697.0
1690876800000,1.361,1.4,1.359,1.382,10895748.0
1690891200000,1.383,1.384,1.359,1.381,13189242.0
1690905600000,1.381,1.408,1.379,1.402,8254758.0
1690920000000,1.403,1.416,1.393,1.414,7223819.0
1690934400000,1.414,1.424,1.398,1.399,8715215.0
1690948800000,1.4,1.402,1.389,1.393,4819578.0
1690963200000,1.394,1.402,1.388,1.399,5545478.0
1690977600000,1.4,1.408,1.38,1.405,11386768.0
1690992000000,1.405,1.412,1.381,1.401,13522518.0
1691006400000,1.402,1.407,1.394,1.397,3818250.0
1691020800000,1.397,1.419,1.392,1.412,6619936.0
1691035200000,1.411,1.416,1.39,1.391,7749442.0
1691049600000,1.392,1.395,1.378,1.382,7147891.0
1691064000000,1.382,1.385,1.371,1.378,8313162.0
1691078400000,1.379,1.384,1.366,1.368,5293619.0
1691092800000,1.367,1.376,1.349,1.36,8199631.0
1691107200000,1.359,1.363,1.351,1.354,7269131.0
1691121600000,1.355,1.358,1.345,1.356,5164417.0
1691136000000,1.356,1.361,1.345,1.35,4271553.0
1691150400000,1.35,1.366,1.348,1.36,8833779.0
1691164800000,1.359,1.361,1.333,1.341,8133087.0
1691179200000,1.341,1.348,1.324,1.338,7755611.0
1691193600000,1.339,1.346,1.329,1.343,5116268.0
1691208000000,1.342,1.348,1.334,1.343,2934060.0
1691222400000,1.343,1.348,1.338,1.341,3161386.0
1691236800000,1.341,1.357,1.337,1.347,6635866.0
1691251200000,1.347,1.354,1.341,1.346,3248306.0
1691265600000,1.346,1.358,1.343,1.353,2162710.0
1691280000000,1.352,1.372,1.348,1.366,6251335.0
1691294400000,1.366,1.368,1.352,1.357,3574466.0
1691308800000,1.358,1.363,1.35,1.358,3423222.0
1691323200000,1.357,1.36,1.337,1.341,5300629.0
1691337600000,1.34,1.347,1.336,1.341,3256282.0
1691352000000,1.342,1.35,1.334,1.338,3875292.0
1691366400000,1.338,1.363,1.332,1.355,7143579.0
1691380800000,1.356,1.36,1.338,1.347,4826422.0
1691395200000,1.347,1.357,1.341,1.354,4012689.0
1691409600000,1.354,1.355,1.32,1.327,12600421.0
1691424000000,1.327,1.331,1.3,1.326,12194267.0
1691438400000,1.326,1.34,1.324,1.338,3637035.0
1691452800000,1.338,1.347,1.329,1.333,4738922.0
1691467200000,1.334,1.344,1.331,1.335,3722618.0
1691481600000,1.335,1.356,1.334,1.355,4040754.0
1691496000000,1.356,1.364,1.345,1.356,9345379.0
1691510400000,1.356,1.375,1.354,1.364,8008267.0
1691524800000,1.364,1.376,1.356,1.36,10372705.0
1691539200000,1.36,1.367,1.35,1.353,5018922.0
1691553600000,1.353,1.361,1.35,1.358,3166141.0
1691568000000,1.358,1.363,1.352,1.359,3369988.0
1691582400000,1.36,1.372,1.34,1.346,11524462.0
1691596800000,1.346,1.35,1.337,1.34,5660913.0
1691611200000,1.34,1.351,1.333,1.349,4052996.0
1691625600000,1.35,1.353,1.34,1.343,3739516.0
1691640000000,1.342,1.346,1.335,1.337,3688966.0
1691654400000,1.336,1.342,1.332,1.333,3199839.0
1691668800000,1.333,1.347,1.329,1.332,12510663.0
1691683200000,1.331,1.337,1.326,1.331,4041392.0
1691697600000,1.332,1.339,1.331,1.336,2112872.0
1691712000000,1.336,1.339,1.325,1.329,4673324.0
1691726400000,1.328,1.337,1.328,1.331,2522024.0
1691740800000,1.33,1.333,1.327,1.331,2055991.0
1691755200000,1.331,1.335,1.322,1.326,6610665.0
1691769600000,1.325,1.328,1.318,1.324,3439352.0
1691784000000,1.325,1.334,1.324,1.332,1928677.0
1691798400000,1.332,1.338,1.329,1.333,2984419.0
1691812800000,1.333,1.344,1.332,1.341,2842282.0
1691827200000,1.342,1.357,1.339,1.35,5687722.0
1691841600000,1.351,1.353,1.341,1.344,3328071.0
1691856000000,1.344,1.347,1.336,1.338,4208009.0
1691870400000,1.338,1.347,1.337,1.342,1928651.0
1691884800000,1.343,1.35,1.338,1.34,2927732.0
1691899200000,1.341,1.341,1.333,1.34,2218015.0
1691913600000,1.34,1.345,1.336,1.344,1518813.0
1691928000000,1.344,1.349,1.342,1.347,2706298.0
1691942400000,1.347,1.356,1.345,1.356,2610536.0
1691956800000,1.356,1.357,1.334,1.339,5465357.0
1691971200000,1.339,1.351,1.335,1.348,6102106.0
1691985600000,1.347,1.355,1.344,1.345,2446579.0
1692000000000,1.346,1.35,1.34,1.343,2263467.0
1692014400000,1.342,1.353,1.336,1.352,5350115.0
1692028800000,1.351,1.353,1.326,1.334,6127706.0
1692043200000,1.334,1.339,1.332,1.335,3259346.0
1692057600000,1.335,1.342,1.329,1.33,3798306.0
1692072000000,1.33,1.333,1.321,1.328,4147728.0
1692086400000,1.328,1.335,1.328,1.328,3553024.0
1692100800000,1.329,1.335,1.322,1.328,7037735.0
1692115200000,1.327,1.329,1.212,1.269,26037835.0
1692129600000,1.269,1.286,1.265,1.28,7386884.0
1692144000000,1.279,1.29,1.277,1.281,4685839.0
1692158400000,1.281,1.283,1.264,1.265,6331682.0
1692172800000,1.266,1.268,1.247,1.248,7137821.0
1692187200000,1.247,1.248,1.224,1.23,18062854.0
1692201600000,1.23,1.246,1.221,1.233,10003414.0
1692216000000,1.233,1.235,1.178,1.21,24740254.0
1692230400000,1.21,1.222,1.187,1.217,11473092.0
1692244800000,1.217,1.228,1.214,1.223,3838594.0
1692259200000,1.223,1.223,1.206,1.213,6960825.0
1692273600000,1.212,1.219,1.178,1.187,18955303.0
1692288000000,1.186,1.213,1.173,1.212,13577383.0
1692302400000,1.212,1.212,1.0,1.116,48742586.0
1692316800000,1.117,1.136,1.108,1.123,17184092.0
1692331200000,1.122,1.148,1.111,1.144,9195011.0
1692345600000,1.145,1.154,1.138,1.145,7429414.0
1692360000000,1.146,1.153,1.134,1.135,10175600.0
1692374400000,1.135,1.151,1.12,1.136,12530754.0
1692388800000,1.136,1.15,1.135,1.141,5381604.0
1692403200000,1.141,1.147,1.129,1.136,6294453.0
1692417600000,1.137,1.145,1.129,1.143,4232023.0
1692432000000,1.144,1.154,1.139,1.149,5474684.0
1692446400000,1.149,1.177,1.146,1.174,11251480.0
1692460800000,1.174,1.19,1.161,1.163,9671588.0
1692475200000,1.163,1.166,1.152,1.164,4885544.0
1692489600000,1.165,1.168,1.157,1.159,4060325.0
1692504000000,1.16,1.161,1.152,1.16,3184830.0
1692518400000,1.16,1.172,1.156,1.17,4693326.0
1692532800000,1.171,1.171,1.146,1.153,6624070.0
1692547200000,1.154,1.17,1.148,1.169,4747935.0
1692561600000,1.169,1.175,1.166,1.167,3186049.0
1692576000000,1.167,1.173,1.159,1.159,5247882.0
1692590400000,1.159,1.168,1.152,1.158,4642394.0
1692604800000,1.157,1.161,1.132,1.147,9238624.0
1692619200000,1.147,1.154,1.106,1.127,16931356.0
1692633600000,1.127,1.139,1.123,1.135,6674469.0
1692648000000,1.135,1.141,1.128,1.131,4076266.0
1692662400000,1.131,1.137,1.127,1.13,4350018.0
1692676800000,1.131,1.135,1.124,1.135,8465106.0
1692691200000,1.135,1.135,1.118,1.121,9366968.0
1692705600000,1.12,1.131,1.112,1.119,14525288.0
1692720000000,1.119,1.128,1.092,1.127,16631449.0
1692734400000,1.127,1.17,1.12,1.169,24431438.0
1692748800000,1.168,1.17,1.144,1.145,10167030.0
1692763200000,1.145,1.182,1.144,1.18,9262619.0
1692777600000,1.181,1.2,1.17,1.172,16048175.0
1692792000000,1.172,1.186,1.162,1.186,14484108.0
1692806400000,1.185,1.227,1.182,1.221,22868115.0
1692820800000,1.221,1.229,1.194,1.21,9231287.0
1692835200000,1.209,1.213,1.2,1.211,5152340.0
1692849600000,1.21,1.216,1.2,1.2,4671272.0
1692864000000,1.201,1.202,1.186,1.193,6368483.0
1692878400000,1.193,1.193,1.17,1.175,17963843.0
1692892800000,1.175,1.195,1.174,1.189,8824190.0
1692907200000,1.19,1.197,1.169,1.193,8004354.0
1692921600000,1.193,1.213,1.16,1.177,11748184.0
1692936000000,1.177,1.18,1.157,1.171,8511762.0
1692950400000,1.172,1.185,1.171,1.177,4357114.0
1692964800000,1.177,1.192,1.162,1.181,15684744.0
1692979200000,1.181,1.196,1.168,1.19,5471649.0
1692993600000,1.189,1.192,1.183,1.19,2706091.0
1693008000000,1.189,1.206,1.187,1.205,3545703.0
1693022400000,1.204,1.206,1.194,1.199,2448989.0
1693036800000,1.199,1.205,1.196,1.202,2745211.0
1693051200000,1.201,1.202,1.194,1.194,2260758.0
1693065600000,1.195,1.195,1.186,1.194,2440706.0
1693080000000,1.193,1.197,1.188,1.19,1545883.0
1693094400000,1.191,1.197,1.181,1.185,2760631.0
1693108800000,1.185,1.226,1.184,1.221,9832069.0
1693123200000,1.222,1.229,1.191,1.194,9537335.0
1693137600000,1.193,1.195,1.184,1.188,5833158.0
1693152000000,1.189,1.194,1.173,1.179,4510471.0
1693166400000,1.18,1.182,1.168,1.177,3633652.0
1693180800000,1.177,1.177,1.157,1.165,6425074.0
1693195200000,1.166,1.166,1.145,1.155,6380108.0
1693209600000,1.155,1.173,1.145,1.172,5933161.0
1693224000000,1.173,1.2,1.172,1.189,10442176.0
1693238400000,1.189,1.193,1.175,1.183,5465489.0
1693252800000,1.183,1.198,1.18,1.194,2840163.0
1693267200000,1.194,1.203,1.178,1.183,4504994.0
1693281600000,1.183,1.184,1.171,1.171,2886601.0
1693296000000,1.172,1.173,1.16,1.169,4494543.0
1693310400000,1.168,1.257,1.167,1.228,32722291.0
1693324800000,1.229,1.245,1.223,1.23,9254967.0
1693339200000,1.231,1.237,1.218,1.226,4363663.0
1693353600000,1.227,1.23,1.202,1.214,6118843.0
1693368000000,1.213,1.218,1.209,1.213,2328742.0
1693382400000,1.212,1.216,1.201,1.202,3992138.0
1693396800000,1.202,1.21,1.186,1.193,9123044.0
1693411200000,1.192,1.203,1.191,1.198,2550215.0
1693425600000,1.199,1.204,1.196,1.202,1816862.0
1693440000000,1.202,1.203,1.189,1.193,2498161.0
1693454400000,1.193,1.2,1.187,1.189,3391088.0
1693468800000,1.19,1.204,1.183,1.197,4412913.0
1693483200000,1.197,1.199,1.163,1.177,9556503.0
1693497600000,1.177,1.179,1.124,1.159,16511954.0
1693512000000,1.158,1.161,1.139,1.154,6058614.0
1693526400000,1.154,1.162,1.149,1.159,5916678.0
1693540800000,1.16,1.161,1.149,1.154,2622150.0
1693555200000,1.153,1.157,1.147,1.151,5018289.0
1693569600000,1.152,1.155,1.126,1.135,12061685.0
1693584000000,1.136,1.142,1.112,1.128,9507173.0
1693598400000,1.127,1.14,1.119,1.126,3808663.0
1693612800000,1.126,1.132,1.121,1.127,2659230.0
1693627200000,1.127,1.13,1.124,1.13,2284824.0
1693641600000,1.13,1.13,1.12,1.126,3039633.0
1693656000000,1.126,1.132,1.119,1.127,3349372.0
1693670400000,1.126,1.129,1.104,1.116,4782970.0
1693684800000,1.117,1.121,1.114,1.119,2129314.0
1693699200000,1.12,1.123,1.112,1.122,2626487.0
1693713600000,1.123,1.129,1.118,1.126,2141255.0
1693728000000,1.126,1.13,1.12,1.13,2303424.0
1693742400000,1.13,1.134,1.12,1.124,4509011.0
1693756800000,1.123,1.128,1.111,1.124,4455604.0
1693771200000,1.124,1.129,1.117,1.124,2271040.0
1693785600000,1.124,1.148,1.12,1.139,4621904.0
1693800000000,1.139,1.143,1.128,1.132,7029516.0
1693814400000,1.131,1.136,1.123,1.124,5350463.0
1693828800000,1.125,1.134,1.115,1.127,6843701.0
1693843200000,1.127,1.146,1.12,1.131,6514531.0
1693857600000,1.131,1.132,1.106,1.127,4827265.0
1693872000000,1.126,1.129,1.109,1.119,6329836.0
1693886400000,1.119,1.125,1.112,1.117,2534809.0
1693900800000,1.118,1.132,1.115,1.131,2863837.0
1693915200000,1.131,1.14,1.125,1.133,7270975.0
1693929600000,1.134,1.154,1.121,1.122,8552742.0
1693944000000,1.122,1.13,1.118,1.127,2828475.0
1693958400000,1.127,1.14,1.121,1.129,4257705.0
1693972800000,1.13,1.142,1.117,1.122,10131623.0
1693987200000,1.122,1.127,1.119,1.123,2650013.0
1694001600000,1.123,1.128,1.109,1.122,7715679.0
1694016000000,1.122,1.146,1.103,1.124,12049736.0
1694030400000,1.124,1.132,1.12,1.129,2436661.0
1694044800000,1.13,1.141,1.126,1.141,2410721.0
1694059200000,1.141,1.145,1.135,1.136,4551691.0
1694073600000,1.137,1.15,1.125,1.126,11728535.0
1694088000000,1.127,1.138,1.121,1.134,5918565.0
1694102400000,1.134,1.142,1.127,1.137,3695578.0
1694116800000,1.137,1.154,1.135,1.153,5353587.0
1694131200000,1.153,1.165,1.144,1.15,4359827.0
1694145600000,1.15,1.159,1.148,1.155,2937597.0
1694160000000,1.156,1.156,1.125,1.14,10616053.0
1694174400000,1.139,1.152,1.138,1.142,3822065.0
1694188800000,1.142,1.146,1.135,1.145,2714390.0
1694203200000,1.144,1.154,1.143,1.15,1796028.0
1694217600000,1.15,1.156,1.147,1.152,2097815.0
1694232000000,1.152,1.164,1.151,1.157,2968138.0
1694246400000,1.156,1.162,1.153,1.158,1934086.0
1694260800000,1.158,1.162,1.151,1.162,3357387.0
1694275200000,1.162,1.186,1.16,1.183,7980660.0
1694289600000,1.183,1.186,1.162,1.164,4159580.0
1694304000000,1.165,1.167,1.151,1.164,6306705.0
1694318400000,1.163,1.163,1.094,1.147,16929091.0
1694332800000,1.148,1.157,1.143,1.152,4786850.0
1694347200000,1.152,1.153,1.121,1.137,10713654.0
1694361600000,1.137,1.144,1.122,1.139,7781490.0
1694376000000,1.138,1.156,1.136,1.15,4683458.0
1694390400000,1.15,1.154,1.13,1.137,6357774.0
1694404800000,1.136,1.148,1.135,1.139,5881915.0
1694419200000,1.138,1.14,1.096,1.111,14513418.0
1694433600000,1.11,1.128,1.1,1.113,14316736.0
1694448000000,1.114,1.121,1.082,1.089,8899484.0
1694462400000,1.089,1.103,1.083,1.1,6051148.0
1694476800000,1.101,1.133,1.095,1.125,8573084.0
1694491200000,1.124,1.129,1.1,1.102,6676246.0
1694505600000,1.102,1.126,1.092,1.109,10854672.0
1694520000000,1.109,1.112,1.085,1.091,9715842.0
1694534400000,1.09,1.1,1.067,1.074,12961085.0
1694548800000,1.074,1.078,1.064,1.07,4691630.0
1694563200000,1.069,1.082,1.066,1.071,5827408.0
1694577600000,1.07,1.106,1.069,1.077,13112646.0
1694592000000,1.077,1.096,1.075,1.089,7011450.0
1694606400000,1.089,1.094,1.074,1.087,10524852.0
1694620800000,1.088,1.095,1.078,1.084,5907512.0
1694635200000,1.085,1.094,1.084,1.088,2174891.0
1694649600000,1.089,1.106,1.083,1.092,6789268.0
1694664000000,1.092,1.097,1.083,1.092,5684263.0
1694678400000,1.092,1.098,1.089,1.096,2617162.0
1694692800000,1.096,1.114,1.09,1.107,8874033.0
1694707200000,1.108,1.119,1.103,1.111,3999914.0
1694721600000,1.111,1.113,1.1,1.107,2668911.0
1694736000000,1.106,1.123,1.102,1.115,5087674.0
1694750400000,1.114,1.119,1.098,1.1,3596266.0
1694764800000,1.101,1.118,1.095,1.109,7878787.0
1694779200000,1.11,1.119,1.101,1.111,5980051.0
1694793600000,1.11,1.115,1.105,1.112,2926785.0
1694808000000,1.111,1.132,1.11,1.129,5031169.0
1694822400000,1.129,1.142,1.126,1.131,6171346.0
1694836800000,1.131,1.137,1.123,1.129,4229290.0
1694851200000,1.129,1.13,1.118,1.127,3796520.0
1694865600000,1.127,1.127,1.116,1.126,2810843.0
1694880000000,1.125,1.13,1.115,1.119,2653206.0
1694894400000,1.118,1.131,1.118,1.127,2118102.0
1694908800000,1.128,1.128,1.1,1.114,9298394.0
1694923200000,1.115,1.116,1.106,1.106,2454652.0
1694937600000,1.106,1.118,1.104,1.114,2444765.0
1694952000000,1.114,1.117,1.107,1.11,2337835.0
1694966400000,1.111,1.111,1.092,1.101,4662385.0
1694980800000,1.1,1.101,1.071,1.094,6908872.0
1694995200000,1.095,1.106,1.078,1.104,7477128.0
1695009600000,1.105,1.113,1.095,1.105,4853767.0
1695024000000,1.106,1.124,1.104,1.116,8527858.0
1695038400000,1.117,1.127,1.113,1.119,6636904.0
1695052800000,1.119,1.121,1.098,1.104,8515172.0
1695067200000,1.105,1.109,1.096,1.098,3022474.0
1695081600000,1.098,1.107,1.088,1.107,5802727.0
1695096000000,1.106,1.113,1.104,1.109,2469185.0
1695110400000,1.109,1.132,1.109,1.118,7861126.0
1695124800000,1.118,1.128,1.109,1.124,9059154.0
1695139200000,1.125,1.131,1.117,1.128,3858885.0
1695153600000,1.128,1.128,1.115,1.121,3417788.0
1695168000000,1.121,1.132,1.115,1.119,5529269.0
1695182400000,1.118,1.12,1.103,1.113,4993171.0
1695196800000,1.113,1.12,1.104,1.11,5658506.0
1695211200000,1.11,1.112,1.098,1.109,6294308.0
1695225600000,1.109,1.126,1.093,1.106,8824613.0
1695240000000,1.107,1.123,1.105,1.12,2963523.0
1695254400000,1.119,1.152,1.119,1.141,14488314.0
1695268800000,1.141,1.15,1.124,1.13,6839225.0
1695283200000,1.129,1.133,1.1,1.109,10851876.0
1695297600000,1.109,1.134,1.107,1.127,18631776.0
1695312000000,1.126,1.132,1.122,1.125,4661398.0
1695326400000,1.125,1.129,1.115,1.125,4091897.0
1695340800000,1.124,1.133,1.111,1.126,7170480.0
1695355200000,1.126,1.127,1.114,1.123,3871952.0
1695369600000,1.123,1.125,1.109,1.113,5066366.0
1695384000000,1.113,1.116,1.107,1.109,5663687.0
1695398400000,1.108,1.117,1.101,1.114,4734064.0
1695412800000,1.113,1.122,1.104,1.121,3029026.0
1695427200000,1.122,1.125,1.108,1.111,5235728.0
1695441600000,1.111,1.12,1.109,1.117,2510386.0
1695456000000,1.117,1.12,1.109,1.114,1914535.0
1695470400000,1.113,1.115,1.106,1.109,2638617.0
1695484800000,1.109,1.116,1.107,1.116,1852382.0
1695499200000,1.115,1.116,1.107,1.115,2384393.0
1695513600000,1.115,1.115,1.103,1.108,2824732.0
1695528000000,1.107,1.109,1.102,1.105,1559629.0
1695542400000,1.104,1.11,1.104,1.11,1316559.0
1695556800000,1.109,1.114,1.106,1.108,2649773.0
1695571200000,1.107,1.113,1.096,1.101,4255411.0
1695585600000,1.1,1.108,1.086,1.094,4862224.0
1695600000000,1.095,1.115,1.081,1.106,6821706.0
1695614400000,1.106,1.111,1.099,1.109,3075499.0
1695628800000,1.11,1.113,1.098,1.102,3330211.0
1695643200000,1.101,1.111,1.099,1.109,3765748.0
1695657600000,1.11,1.115,1.1,1.105,3396788.0
1695672000000,1.105,1.107,1.095,1.101,2709369.0
1695686400000,1.101,1.105,1.094,1.103,4143218.0
1695700800000,1.103,1.103,1.093,1.096,2872166.0
1695715200000,1.096,1.099,1.09,1.094,3913393.0
1695729600000,1.095,1.097,1.08,1.086,14423885.0
1695744000000,1.087,1.092,1.084,1.09,3438916.0
1695758400000,1.089,1.09,1.07,1.079,5299844.0
1695772800000,1.08,1.081,1.07,1.08,5138153.0
1695787200000,1.08,1.081,1.073,1.076,3183906.0
1695801600000,1.076,1.096,1.074,1.095,7425414.0
1695816000000,1.095,1.098,1.067,1.073,11690068.0
1695830400000,1.073,1.075,1.056,1.07,6920569.0
1695844800000,1.071,1.077,1.066,1.077,3520660.0
1695859200000,1.077,1.085,1.073,1.075,5462410.0
1695873600000,1.076,1.088,1.073,1.086,3370200.0
1695888000000,1.086,1.094,1.077,1.086,5176757.0
1695902400000,1.086,1.096,1.083,1.094,8612141.0
1695916800000,1.094,1.104,1.089,1.102,7593562.0
1695931200000,1.102,1.11,1.094,1.108,3678507.0
1695945600000,1.108,1.11,1.098,1.106,5261952.0
1695960000000,1.105,1.115,1.099,1.114,4664194.0
1695974400000,1.115,1.115,1.104,1.11,4449228.0
1695988800000,1.111,1.114,1.093,1.111,9530388.0
1696003200000,1.112,1.116,1.103,1.11,3862204.0
1696017600000,1.11,1.129,1.109,1.12,5071224.0
1696032000000,1.121,1.129,1.119,1.125,4582447.0
1696046400000,1.125,1.138,1.125,1.135,4937653.0
1696060800000,1.135,1.143,1.124,1.127,6174712.0
1696075200000,1.127,1.148,1.126,1.139,6971599.0
1696089600000,1.139,1.149,1.133,1.14,5606722.0
1696104000000,1.139,1.142,1.129,1.133,3345512.0
1696118400000,1.134,1.138,1.128,1.129,3841176.0
1696132800000,1.129,1.142,1.127,1.136,3023463.0
1696147200000,1.137,1.164,1.135,1.156,8862494.0
1696161600000,1.155,1.157,1.141,1.146,7086316.0
1696176000000,1.147,1.147,1.13,1.135,5118452.0
1696190400000,1.135,1.171,1.13,1.16,11315028.0
1696204800000,1.161,1.172,1.154,1.166,4861494.0
1696219200000,1.165,1.168,1.151,1.163,5018109.0
1696233600000,1.163,1.167,1.148,1.148,4747180.0
1696248000000,1.149,1.153,1.127,1.131,10473254.0
1696262400000,1.132,1.136,1.098,1.123,14470783.0
1696276800000,1.123,1.124,1.105,1.114,5665862.0
1696291200000,1.114,1.123,1.111,1.119,4238924.0
1696305600000,1.119,1.123,1.114,1.117,3423682.0
1696320000000,1.117,1.122,1.107,1.11,4211995.0
1696334400000,1.109,1.114,1.094,1.097,9716682.0
1696348800000,1.098,1.105,1.093,1.097,4809907.0
1696363200000,1.097,1.105,1.092,1.099,4455493.0
1696377600000,1.099,1.099,1.056,1.082,15493221.0
1696392000000,1.083,1.092,1.078,1.087,3836298.0
1696406400000,1.088,1.096,1.086,1.089,4157824.0
1696420800000,1.088,1.092,1.074,1.08,8995921.0
1696435200000,1.08,1.102,1.078,1.096,7382717.0
1696449600000,1.096,1.105,1.093,1.098,3494502.0
1696464000000,1.097,1.106,1.092,1.095,3397963.0
1696478400000,1.094,1.103,1.093,1.098,3610753.0
1696492800000,1.098,1.11,1.097,1.101,5608223.0
1696507200000,1.102,1.104,1.075,1.084,14382908.0
1696521600000,1.084,1.087,1.074,1.077,5117429.0
1696536000000,1.078,1.079,1.069,1.072,3380525.0
1696550400000,1.072,1.086,1.071,1.084,3705852.0
1696564800000,1.085,1.092,1.079,1.091,3177173.0
1696579200000,1.091,1.094,1.084,1.088,2622578.0
1696593600000,1.088,1.097,1.077,1.093,10418134.0
1696608000000,1.092,1.101,1.09,1.095,3788894.0
1696622400000,1.095,1.101,1.088,1.092,3828438.0
1696636800000,1.092,1.097,1.088,1.093,3537096.0
1696651200000,1.093,1.107,1.092,1.093,4247694.0
1696665600000,1.092,1.101,1.09,1.094,2723419.0
1696680000000,1.095,1.095,1.086,1.089,3212143.0
1696694400000,1.088,1.091,1.082,1.083,2254274.0
1696708800000,1.083,1.092,1.082,1.089,1618338.0
1696723200000,1.09,1.096,1.088,1.096,2093060.0
1696737600000,1.096,1.097,1.081,1.085,2674199.0
1696752000000,1.085,1.087,1.074,1.078,2994331.0
1696766400000,1.078,1.092,1.075,1.091,3430955.0
1696780800000,1.091,1.099,1.088,1.098,3923790.0
1696795200000,1.098,1.1,1.088,1.093,4431140.0
1696809600000,1.092,1.095,1.08,1.094,4886276.0
1696824000000,1.094,1.096,1.076,1.078,3773925.0
1696838400000,1.079,1.08,1.001,1.042,18943218.0
1696852800000,1.042,1.048,1.035,1.04,5937106.0
1696867200000,1.039,1.045,1.016,1.038,12881289.0
1696881600000,1.039,1.04,1.03,1.039,3717258.0
1696896000000,1.039,1.043,1.031,1.04,5068637.0
1696910400000,1.04,1.05,1.034,1.046,3037535.0
1696924800000,1.046,1.057,1.042,1.042,5678167.0
1696939200000,1.043,1.051,1.037,1.04,6705718.0
1696953600000,1.041,1.047,1.037,1.043,4654008.0
1696968000000,1.043,1.047,1.03,1.042,2849194.0
1696982400000,1.043,1.045,1.013,1.02,8075677.0
1696996800000,1.021,1.03,1.018,1.018,4729107.0
1697011200000,1.019,1.032,1.018,1.025,5180924.0
1697025600000,1.026,1.028,1.005,1.011,9720025.0
1697040000000,1.011,1.024,1.005,1.022,6611359.0
1697054400000,1.021,1.032,1.018,1.027,3171079.0
1697068800000,1.027,1.028,1.011,1.019,4897670.0
1697083200000,1.018,1.025,1.016,1.016,2582617.0
1697097600000,1.017,1.018,0.993,1.011,8938890.0
1697112000000,1.011,1.013,1.0,1.008,9265307.0
1697126400000,1.008,1.013,0.996,1.008,7850641.0
1697140800000,1.007,1.013,1.006,1.011,2774604.0
1697155200000,1.012,1.016,1.008,1.009,3803405.0
1697169600000,1.01,1.016,1.006,1.011,3230642.0
1697184000000,1.011,1.011,0.997,1.002,6393273.0
1697198400000,1.002,1.007,0.997,1.0,7825846.0
1697212800000,1.001,1.009,0.997,0.998,4784027.0
1697227200000,0.999,1.022,0.998,1.008,11140018.0
1697241600000,1.008,1.013,1.005,1.011,3604328.0
1697256000000,1.011,1.012,1.003,1.009,2857794.0
1697270400000,1.009,1.013,1.006,1.012,2532070.0
1697284800000,1.012,1.016,1.008,1.015,2971727.0
1697299200000,1.015,1.017,1.007,1.01,3598510.0
1697313600000,1.009,1.015,1.007,1.011,2793925.0
1697328000000,1.011,1.018,1.007,1.013,4825412.0
1697342400000,1.012,1.02,1.012,1.018,2992150.0
1697356800000,1.019,1.027,1.018,1.02,4490163.0
1697371200000,1.02,1.022,1.012,1.021,4667933.0
1697385600000,1.021,1.033,1.019,1.025,4340357.0
1697400000000,1.025,1.036,1.022,1.027,4765967.0
1697414400000,1.027,1.038,1.026,1.036,4835570.0
1697428800000,1.035,1.05,1.032,1.035,9628084.0
1697443200000,1.035,1.04,1.03,1.035,4594609.0
1697457600000,1.036,1.071,1.02,1.022,29341720.0
1697472000000,1.023,1.04,1.022,1.033,4530471.0
1697486400000,1.033,1.039,1.026,1.032,4287278.0
1697500800000,1.033,1.039,1.026,1.033,3832551.0
1697515200000,1.033,1.041,1.029,1.035,7441948.0
1697529600000,1.036,1.038,1.028,1.03,6849035.0
1697544000000,1.029,1.03,0.995,1.014,12593753.0
1697558400000,1.014,1.016,1.0,1.004,4376858.0
1697572800000,1.004,1.01,1.001,1.007,2828343.0
1697587200000,1.008,1.01,0.997,1.006,4399843.0
1697601600000,1.007,1.02,1.003,1.004,5142261.0
1697616000000,1.004,1.01,1.001,1.002,5961470.0
1697630400000,1.003,1.005,0.993,0.999,7415240.0
1697644800000,0.999,1.003,0.992,0.995,3705583.0
1697659200000,0.996,1.004,0.984,0.998,5995265.0
1697673600000,0.997,1.002,0.971,0.979,16232942.0
1697688000000,0.98,0.987,0.976,0.983,6956895.0
1697702400000,0.983,0.984,0.974,0.979,6791935.0
1697716800000,0.98,0.985,0.976,0.978,5779988.0
1697731200000,0.979,0.987,0.97,0.975,7123953.0
1697745600000,0.975,0.987,0.972,0.986,4377584.0
1697760000000,0.987,0.999,0.98,0.995,10043115.0
1697774400000,0.994,1.002,0.991,0.995,5473132.0
1697788800000,0.996,1.02,0.995,1.009,13260473.0
1697803200000,1.009,1.012,1.002,1.006,8975908.0
1697817600000,1.007,1.008,0.997,1.004,4569059.0
1697832000000,1.004,1.009,1.0,1.006,4576599.0
1697846400000,1.005,1.006,0.997,1.004,4864067.0
1697860800000,1.005,1.017,1.002,1.016,8525547.0
1697875200000,1.016,1.025,1.011,1.023,6063596.0
1697889600000,1.023,1.042,1.018,1.041,10411660.0
1697904000000,1.04,1.051,1.036,1.042,10604859.0
1697918400000,1.041,1.048,1.035,1.041,4963263.0
1697932800000,1.041,1.051,1.033,1.035,7229949.0
1697947200000,1.034,1.055,1.013,1.03,12372850.0
1697961600000,1.031,1.035,1.02,1.025,8679080.0
1697976000000,1.026,1.035,1.02,1.024,8569508.0
1697990400000,1.024,1.043,1.022,1.039,7018295.0
1698004800000,1.039,1.057,1.035,1.056,8022525.0
1698019200000,1.056,1.075,1.047,1.071,17444210.0
1698033600000,1.072,1.08,1.049,1.057,14156803.0
1698048000000,1.056,1.072,1.052,1.069,12539007.0
1698062400000,1.068,1.08,1.045,1.056,17618578.0
1698076800000,1.057,1.08,1.052,1.077,14767320.0
1698091200000,1.077,1.114,1.065,1.1,27444072.0
1698105600000,1.1,1.133,1.092,1.105,27818129.0
1698120000000,1.105,1.125,1.086,1.106,18219362.0
1698134400000,1.107,1.155,1.105,1.155,22403993.0
1698148800000,1.154,1.169,1.091,1.112,42344976.0
1698163200000,1.112,1.134,1.1,1.127,16501065.0
1698177600000,1.127,1.145,1.111,1.138,14693353.0
1698192000000,1.137,1.16,1.129,1.134,17321214.0
1698206400000,1.134,1.148,1.106,1.115,15280325.0
1698220800000,1.115,1.135,1.105,1.13,13130110.0
1698235200000,1.13,1.164,1.13,1.157,22348744.0
1698249600000,1.157,1.163,1.131,1.142,20387628.0
1698264000000,1.141,1.144,1.126,1.144,10203728.0
1698278400000,1.144,1.168,1.136,1.161,17057286.0
1698292800000,1.161,1.187,1.137,1.179,18885427.0
1698307200000,1.179,1.214,1.169,1.194,39359794.0
1698321600000,1.194,1.218,1.13,1.166,34838112.0
1698336000000,1.165,1.185,1.159,1.177,14544136.0
1698350400000,1.177,1.198,1.174,1.192,7747906.0
1698364800000,1.192,1.196,1.157,1.18,11323596.0
1698379200000,1.18,1.193,1.162,1.171,8386168.0
1698393600000,1.171,1.208,1.17,1.203,10086363.0
1698408000000,1.203,1.251,1.197,1.248,29415741.0
1698422400000,1.249,1.258,1.201,1.236,24470448.0
1698436800000,1.236,1.236,1.211,1.221,5382812.0
1698451200000,1.221,1.248,1.217,1.244,8158846.0
1698465600000,1.244,1.248,1.223,1.235,7353011.0
1698480000000,1.235,1.265,1.224,1.225,20995481.0
1698494400000,1.226,1.232,1.208,1.225,12259274.0
1698508800000,1.225,1.231,1.215,1.219,5092655.0
1698523200000,1.219,1.232,1.212,1.219,4150717.0
1698537600000,1.219,1.228,1.196,1.204,8167372.0
1698552000000,1.204,1.217,1.199,1.208,3240713.0
1698566400000,1.207,1.228,1.207,1.222,5270205.0
1698580800000,1.222,1.249,1.218,1.242,8635679.0
1698595200000,1.241,1.256,1.233,1.251,6486404.0
1698609600000,1.25,1.278,1.249,1.278,8967989.0
1698624000000,1.278,1.28,1.253,1.266,8947457.0
1698638400000,1.265,1.277,1.247,1.26,6847168.0
1698652800000,1.259,1.295,1.251,1.285,9580687.0
1698667200000,1.286,1.295,1.265,1.273,8440246.0
1698681600000,1.273,1.3,1.253,1.298,9101697.0
1698696000000,1.298,1.327,1.291,1.322,9708227.0
1698710400000,1.321,1.336,1.31,1.31,8955527.0
1698724800000,1.311,1.322,1.289,1.291,8793475.0
1698739200000,1.291,1.318,1.276,1.313,8376913.0
1698753600000,1.312,1.32,1.247,1.271,20249466.0
1698768000000,1.271,1.319,1.263,1.31,10025172.0
1698782400000,1.31,1.339,1.297,1.332,8428497.0
1698796800000,1.333,1.355,1.326,1.341,10206197.0
1698811200000,1.341,1.359,1.323,1.344,11072143.0
1698825600000,1.345,1.371,1.338,1.367,11950436.0
1698840000000,1.366,1.493,1.36,1.456,87150526.0
1698854400000,1.456,1.57,1.447,1.517,67648666.0
1698868800000,1.518,1.568,1.502,1.528,33941460.0
1698883200000,1.529,1.551,1.491,1.498,26403861.0
1698897600000,1.498,1.504,1.454,1.465,22999125.0
1698912000000,1.465,1.474,1.453,1.462,12876508.0
1698926400000,1.461,1.519,1.447,1.48,59515000.0
1698940800000,1.48,1.548,1.475,1.538,33060132.0
1698955200000,1.539,1.569,1.518,1.527,17527918.0
1698969600000,1.527,1.531,1.45,1.466,22358358.0
1698984000000,1.466,1.555,1.461,1.521,23491034.0
1698998400000,1.522,1.564,1.469,1.506,25979008.0
1699012800000,1.505,1.532,1.475,1.487,17362358.0
1699027200000,1.488,1.5,1.464,1.482,13849947.0
1699041600000,1.481,1.499,1.469,1.475,6183355.0
1699056000000,1.474,1.516,1.456,1.514,9848376.0
1699070400000,1.514,1.519,1.482,1.501,10779415.0
1699084800000,1.502,1.522,1.487,1.49,7992519.0
1699099200000,1.491,1.505,1.466,1.477,7547384.0
1699113600000,1.477,1.515,1.473,1.501,6221159.0
1699128000000,1.501,1.537,1.493,1.514,6681466.0
1699142400000,1.513,1.575,1.497,1.571,12249797.0
1699156800000,1.571,1.587,1.548,1.564,17151562.0
1699171200000,1.564,1.659,1.563,1.641,31470642.0
1699185600000,1.641,1.679,1.574,1.667,31960011.0
1699200000000,1.667,1.675,1.625,1.634,15485163.0
1699214400000,1.634,1.657,1.612,1.638,13768629.0
1699228800000,1.638,1.678,1.617,1.631,18694492.0
1699243200000,1.632,1.635,1.586,1.607,13101042.0
1699257600000,1.606,1.627,1.586,1.622,12303204.0
1699272000000,1.622,1.629,1.557,1.571,22676311.0
1699286400000,1.572,1.583,1.561,1.579,10963938.0
1699300800000,1.579,1.597,1.562,1.585,9409713.0
1699315200000,1.585,1.586,1.524,1.549,19245378.0
1699329600000,1.549,1.554,1.529,1.533,9492626.0
1699344000000,1.533,1.541,1.501,1.504,17340663.0
1699358400000,1.505,1.509,1.438,1.459,22663980.0
1699372800000,1.46,1.489,1.406,1.479,28944007.0
1699387200000,1.478,1.5,1.414,1.445,26558366.0
1699401600000,1.445,1.457,1.418,1.438,13756788.0
1699416000000,1.438,1.466,1.431,1.452,11253980.0
1699430400000,1.453,1.472,1.436,1.462,12585998.0
1699444800000,1.463,1.468,1.434,1.459,18884256.0
1699459200000,1.459,1.491,1.455,1.483,15468074.0
1699473600000,1.483,1.489,1.463,1.469,11073077.0
1699488000000,1.468,1.512,1.453,1.485,14926414.0
1699502400000,1.486,1.521,1.479,1.493,14002699.0
1699516800000,1.493,1.518,1.491,1.515,14979295.0
1699531200000,1.515,1.57,1.505,1.519,37459466.0
1699545600000,1.52,1.531,1.261,1.386,51757307.0
1699560000000,1.386,1.438,1.346,1.436,16844879.0
1699574400000,1.437,1.493,1.431,1.461,17602497.0
1699588800000,1.461,1.471,1.422,1.433,13466024.0
1699603200000,1.433,1.473,1.4,1.472,14434362.0
1699617600000,1.471,1.473,1.403,1.43,17939105.0
1699632000000,1.436,1.548,1.434,1.543,20944411.0
1699646400000,1.542,1.587,1.535,1.556,17136791.0
1699660800000,1.556,1.567,1.501,1.506,17530231.0
1699675200000,1.507,1.544,1.468,1.525,15398274.0
1699689600000,1.525,1.556,1.513,1.53,20498595.0
1699704000000,1.53,1.616,1.52,1.591,19937233.0
1699718400000,1.591,1.633,1.576,1.627,15928981.0
1699732800000,1.627,1.637,1.581,1.6,16787632.0
1699747200000,1.6,1.608,1.522,1.566,16084471.0
1699761600000,1.566,1.659,1.548,1.652,16309122.0
1699776000000,1.652,1.769,1.641,1.758,46128495.0
1699790400000,1.758,1.802,1.676,1.68,33080228.0
1699804800000,1.68,1.709,1.656,1.701,17363461.0
1699819200000,1.7,1.721,1.676,1.704,11571110.0
1699833600000,1.704,1.747,1.659,1.67,22385341.0
1699848000000,1.671,1.688,1.648,1.679,20956289.0
1699862400000,1.679,1.694,1.645,1.662,12178014.0
1699876800000,1.661,1.748,1.642,1.718,28507327.0
1699891200000,1.718,1.743,1.655,1.733,16294793.0
1699905600000,1.734,1.738,1.59,1.591,24059927.0
1699920000000,1.592,1.619,1.538,1.597,15606826.0
1699934400000,1.597,1.626,1.59,1.615,12745133.0
1699948800000,1.615,1.624,1.531,1.544,16250822.0
1699963200000,1.543,1.595,1.533,1.554,20175275.0
1699977600000,1.554,1.58,1.441,1.507,21784636.0
1699992000000,1.506,1.549,1.503,1.538,8028229.0
1700006400000,1.538,1.586,1.534,1.557,10253114.0
1700020800000,1.557,1.616,1.556,1.61,9708902.0
1700035200000,1.609,1.695,1.601,1.689,20923764.0
1700049600000,1.688,1.691,1.647,1.685,18668603.0
1700064000000,1.685,1.744,1.674,1.713,32665571.0
1700078400000,1.713,1.73,1.681,1.703,10620262.0
1700092800000,1.703,1.792,1.697,1.79,16585786.0
1700107200000,1.79,1.857,1.776,1.849,27594880.0
1700121600000,1.849,1.86,1.756,1.765,28639276.0
1700136000000,1.765,1.771,1.691,1.72,33684712.0
1700150400000,1.72,1.736,1.647,1.724,26658406.0
1700164800000,1.723,1.772,1.693,1.723,24387397.0
1700179200000,1.724,1.948,1.714,1.903,45847555.0
1700193600000,1.902,1.908,1.854,1.879,28995928.0
1700208000000,1.879,1.917,1.809,1.841,29959769.0
1700222400000,1.84,1.895,1.742,1.761,42998880.0
1700236800000,1.761,1.854,1.759,1.836,27867960.0
1700251200000,1.835,1.899,1.808,1.871,19913075.0
1700265600000,1.871,1.897,1.747,1.754,24458314.0
1700280000000,1.753,1.77,1.677,1.725,24687398.0
1700294400000,1.724,1.752,1.718,1.727,12558104.0
1700308800000,1.727,1.799,1.691,1.797,25481941.0
1700323200000,1.797,1.842,1.743,1.767,23205720.0
1700337600000,1.768,1.79,1.756,1.77,11765514.0
1700352000000,1.771,1.771,1.713,1.76,12526393.0
1700366400000,1.759,1.853,1.756,1.835,23206624.0
1700380800000,1.836,1.863,1.795,1.814,17604677.0
1700395200000,1.814,1.847,1.807,1.838,16141926.0
1700409600000,1.837,2.043,1.83,2.036,28461820.0
1700424000000,2.037,2.054,1.933,1.987,29204850.0
1700438400000,1.988,2.038,1.982,2.013,28206876.0
1700452800000,2.013,2.119,2.002,2.07,42709259.0
1700467200000,2.07,2.187,2.067,2.137,55242143.0
1700481600000,2.136,2.144,2.071,2.096,42410904.0
1700496000000,2.095,2.116,1.991,1.999,36992928.0
1700510400000,1.999,2.025,1.963,1.996,18722513.0
1700524800000,1.997,2.052,1.933,1.954,23128353.0
1700539200000,1.954,1.968,1.906,1.907,12167280.0
1700553600000,1.907,1.957,1.907,1.928,12932964.0
1700568000000,1.929,1.959,1.854,1.922,31474715.0
1700582400000,1.921,1.941,1.759,1.819,49718852.0
1700596800000,1.819,1.856,1.728,1.75,27197798.0
1700611200000,1.751,1.86,1.742,1.857,16032483.0
1700625600000,1.856,1.857,1.816,1.823,12330380.0
1700640000000,1.823,1.834,1.788,1.791,15314755.0
1700654400000,1.792,1.834,1.776,1.791,18258631.0
1700668800000,1.792,1.855,1.768,1.838,16021493.0
1700683200000,1.837,1.868,1.819,1.824,14981520.0
1700697600000,1.824,1.847,1.801,1.811,12391607.0
1700712000000,1.812,1.849,1.801,1.828,8624789.0
1700726400000,1.828,1.856,1.793,1.808,15235525.0
1700740800000,1.808,1.82,1.765,1.772,20861963.0
1700755200000,1.772,1.799,1.77,1.777,7148130.0
1700769600000,1.777,1.816,1.774,1.808,5258691.0
1700784000000,1.807,1.82,1.786,1.786,7607564.0
1700798400000,1.786,1.82,1.775,1.815,6798216.0
1700812800000,1.816,1.846,1.798,1.814,14153593.0
1700827200000,1.815,1.891,1.813,1.882,16689469.0
1700841600000,1.881,1.914,1.833,1.84,19757737.0
1700856000000,1.839,1.858,1.817,1.832,7568336.0
1700870400000,1.832,1.911,1.817,1.871,13150164.0
1700884800000,1.872,1.885,1.854,1.864,7878340.0
1700899200000,1.864,1.879,1.818,1.826,8878417.0
1700913600000,1.827,1.851,1.823,1.849,6779434.0
1700928000000,1.848,1.875,1.846,1.869,5570212.0
1700942400000,1.868,1.888,1.86,1.884,4742016.0
1700956800000,1.883,1.915,1.866,1.885,10640265.0
1700971200000,1.886,1.903,1.876,1.877,6274332.0
1700985600000,1.878,1.882,1.856,1.865,5793000.0
1701000000000,1.864,1.878,1.812,1.82,12578926.0
1701014400000,1.82,1.835,1.783,1.83,15105521.0
1701028800000,1.829,1.872,1.818,1.828,8829344.0
1701043200000,1.829,1.834,1.774,1.789,8014516.0
1701057600000,1.79,1.796,1.745,1.767,10285479.0
1701072000000,1.766,1.78,1.738,1.755,11320531.0
1701086400000,1.755,1.77,1.728,1.734,11554894.0
1701100800000,1.735,1.786,1.733,1.754,12827214.0
1701115200000,1.753,1.785,1.74,1.78,6583036.0
1701129600000,1.781,1.79,1.768,1.775,5275916.0
1701144000000,1.775,1.782,1.737,1.75,9437632.0
1701158400000,1.75,1.786,1.73,1.784,9304058.0
1701172800000,1.785,1.799,1.766,1.79,10002538.0
1701187200000,1.791,1.826,1.774,1.809,11483363.0
1701201600000,1.808,1.822,1.797,1.821,6331496.0
1701216000000,1.822,1.838,1.81,1.837,5669670.0
1701230400000,1.837,1.885,1.826,1.872,9670598.0
1701244800000,1.872,1.891,1.84,1.848,13712795.0
1701259200000,1.848,1.858,1.793,1.812,12951058.0
1701273600000,1.812,1.831,1.799,1.813,6279063.0
1701288000000,1.814,1.816,1.794,1.798,4654086.0
1701302400000,1.799,1.838,1.785,1.837,9177073.0
1701316800000,1.837,1.858,1.819,1.827,8944429.0
1701331200000,1.827,1.867,1.812,1.866,9006033.0
1701345600000,1.866,1.889,1.853,1.878,15061651.0
1701360000000,1.878,1.888,1.853,1.872,7384469.0
1701374400000,1.873,1.89,1.863,1.882,5926571.0
1701388800000,1.881,1.902,1.855,1.866,9641727.0
1701403200000,1.867,1.873,1.855,1.86,6395491.0
1701417600000,1.859,1.898,1.858,1.877,8668032.0
1701432000000,1.877,1.883,1.859,1.874,7614158.0
1701446400000,1.875,1.902,1.872,1.9,6768713.0
1701460800000,1.9,1.908,1.888,1.894,3497752.0
1701475200000,1.893,1.969,1.891,1.942,9919103.0
1701489600000,1.942,1.977,1.927,1.961,10356569.0
1701504000000,1.962,1.997,1.961,1.989,9412513.0
1701518400000,1.989,2.02,1.977,1.991,12161123.0
1701532800000,1.991,2.019,1.982,2.01,10969698.0
1701547200000,2.011,2.034,2.002,2.011,6749007.0
1701561600000,2.011,2.014,1.982,1.99,7157457.0
1701576000000,1.991,1.996,1.966,1.996,7798552.0
1701590400000,1.995,2.028,1.98,1.99,9693601.0
1701604800000,1.99,1.992,1.954,1.964,10666065.0
1701619200000,1.965,1.975,1.953,1.97,4168945.0
1701633600000,1.969,2.004,1.96,1.982,7265308.0
1701648000000,1.981,2.132,1.977,2.113,17155317.0
1701662400000,2.114,2.164,2.095,2.129,20304018.0
1701676800000,2.129,2.168,1.989,2.09,28276592.0
1701691200000,2.091,2.196,2.074,2.113,38516806.0
1701705600000,2.114,2.128,2.066,2.073,11556522.0
1701720000000,2.072,2.152,2.072,2.151,10087993.0
1701734400000,2.15,2.324,2.133,2.256,36528967.0
1701748800000,2.256,2.301,2.195,2.222,19673984.0
1701763200000,2.223,2.231,2.175,2.19,13949999.0
1701777600000,2.19,2.226,2.157,2.218,19052252.0
1701792000000,2.218,2.317,2.188,2.254,33895783.0
1701806400000,2.255,2.265,2.212,2.257,12432197.0
1701820800000,2.258,2.355,2.242,2.333,24533221.0
1701835200000,2.332,2.353,2.249,2.325,18858167.0
1701849600000,2.324,2.398,2.252,2.287,22236543.0
1701864000000,2.287,2.307,2.243,2.285,12468080.0
1701878400000,2.285,2.367,2.267,2.367,9932525.0
1701892800000,2.366,2.398,2.283,2.287,15462183.0
1701907200000,2.288,2.35,2.255,2.292,12287822.0
1701921600000,2.293,2.377,2.292,2.297,12114364.0
1701936000000,2.297,2.315,2.219,2.246,19617906.0
1701950400000,2.245,2.3,2.232,2.277,12668962.0
1701964800000,2.278,2.326,2.213,2.224,15600410.0
1701979200000,2.225,2.29,2.217,2.268,10583623.0
1701993600000,2.268,2.293,2.223,2.247,12648745.0
1702008000000,2.247,2.262,2.211,2.213,11572612.0
1702022400000,2.213,2.284,2.192,2.275,15138311.0
1702036800000,2.274,2.333,2.256,2.297,21737685.0
1702051200000,2.297,2.334,2.269,2.33,11751743.0
1702065600000,2.33,2.396,2.32,2.38,12260908.0
1702080000000,2.379,2.522,2.379,2.517,22884102.0
1702094400000,2.517,2.579,2.476,2.562,18481274.0
1702108800000,2.562,2.599,2.477,2.536,28353775.0
1702123200000,2.536,2.62,2.493,2.561,27384885.0
1702137600000,2.56,2.567,2.446,2.518,18583464.0
1702152000000,2.517,2.525,2.413,2.424,13173667.0
1702166400000,2.425,2.542,2.424,2.491,13302995.0
1702180800000,2.49,2.524,2.454,2.476,9614526.0
1702195200000,2.476,2.477,2.383,2.397,16883598.0
1702209600000,2.397,2.451,2.384,2.444,8707209.0
1702224000000,2.443,2.493,2.388,2.492,9847752.0
1702238400000,2.492,2.599,2.481,2.522,22329424.0
1702252800000,2.521,2.544,2.141,2.386,45963535.0
1702267200000,2.385,2.403,2.296,2.308,22202541.0
1702281600000,2.308,2.359,2.287,2.357,15386806.0
1702296000000,2.356,2.372,2.261,2.29,17708549.0
1702310400000,2.289,2.315,2.174,2.224,25125826.0
1702324800000,2.224,2.29,2.194,2.241,14593318.0
1702339200000,2.24,2.363,2.234,2.299,19613490.0
1702353600000,2.3,2.346,2.253,2.342,17947885.0
1702368000000,2.341,2.399,2.298,2.342,20252158.0
1702382400000,2.343,2.467,2.289,2.308,39930147.0
1702396800000,2.308,2.33,2.252,2.276,17927311.0
1702411200000,2.276,2.315,2.223,2.307,10807126.0
1702425600000,2.306,2.311,2.15,2.157,23218211.0
1702440000000,2.157,2.177,2.101,2.145,16341344.0
1702454400000,2.145,2.181,2.134,2.137,11315995.0
1702468800000,2.137,2.254,2.136,2.242,24333169.0
1702483200000,2.242,2.32,2.209,2.315,15930021.0
1702497600000,2.315,2.344,2.299,2.332,12403564.0
1702512000000,2.332,2.351,2.255,2.267,15151979.0
1702526400000,2.266,2.306,2.244,2.271,9752551.0
1702540800000,2.271,2.322,2.247,2.317,13435814.0
1702555200000,2.317,2.322,2.161,2.27,25634464.0
1702569600000,2.269,2.359,2.268,2.287,13349868.0
1702584000000,2.288,2.354,2.269,2.326,7285362.0
1702598400000,2.325,2.329,2.257,2.267,7563801.0
1702612800000,2.266,2.28,2.216,2.225,8689068.0
1702627200000,2.224,2.261,2.212,2.25,9081868.0
1702641600000,2.25,2.298,2.197,2.258,23180770.0
1702656000000,2.257,2.295,2.219,2.294,12166284.0
1702670400000,2.293,2.325,2.182,2.192,15778729.0
1702684800000,2.192,2.298,2.16,2.275,14227879.0
1702699200000,2.275,2.324,2.236,2.262,15821450.0
1702713600000,2.261,2.326,2.26,2.317,10289281.0
1702728000000,2.316,2.396,2.298,2.388,15747514.0
1702742400000,2.388,2.45,2.364,2.37,21644399.0
1702756800000,2.371,2.401,2.343,2.391,10280239.0
1702771200000,2.391,2.432,2.371,2.419,14631547.0
1702785600000,2.418,2.452,2.333,2.341,18801299.0
1702800000000,2.34,2.485,2.333,2.393,19061638.0
1702814400000,2.393,2.398,2.292,2.326,18725677.0
1702828800000,2.325,2.373,2.308,2.325,9446838.0
1702843200000,2.326,2.344,2.261,2.268,7658852.0
1702857600000,2.268,2.296,2.192,2.232,15366019.0
1702872000000,2.232,2.236,2.168,2.177,8714870.0
1702886400000,2.177,2.189,2.067,2.117,24225948.0
1702900800000,2.118,2.177,2.088,2.139,12454871.0
1702915200000,2.138,2.207,2.126,2.196,8604833.0
1702929600000,2.195,2.319,2.179,2.291,13675882.0
1702944000000,2.291,2.331,2.264,2.32,9834299.0
1702958400000,2.32,2.416,2.281,2.395,16051798.0
1702972800000,2.396,2.437,2.367,2.424,16503551.0
1702987200000,2.425,2.45,2.353,2.406,22588261.0
1703001600000,2.406,2.498,2.338,2.422,28049161.0
1703016000000,2.422,2.482,2.391,2.433,17866555.0
1703030400000,2.434,2.613,2.424,2.602,50084114.0
1703044800000,2.602,2.769,2.566,2.758,62735760.0
1703059200000,2.759,2.939,2.751,2.91,66498136.0
1703073600000,2.909,2.949,2.829,2.93,56077033.0
1703088000000,2.93,3.056,2.881,2.891,55032066.0
1703102400000,2.891,2.899,2.751,2.848,29958911.0
1703116800000,2.848,2.867,2.783,2.813,23367183.0
1703131200000,2.812,2.998,2.808,2.989,26514124.0
1703145600000,2.99,3.4,2.987,3.361,72403776.0
1703160000000,3.361,3.53,3.291,3.418,63757203.0
1703174400000,3.418,3.625,3.373,3.609,45123313.0
1703188800000,3.608,3.616,3.459,3.541,30231169.0
1703203200000,3.541,3.815,3.476,3.57,66084652.0
1703217600000,3.569,3.604,3.329,3.36,45654736.0
1703232000000,3.361,3.489,3.273,3.477,28720518.0
1703246400000,3.478,3.482,3.337,3.41,19851886.0
1703260800000,3.41,3.41,3.309,3.335,12898972.0
1703275200000,3.335,3.384,3.317,3.362,8642349.0
1703289600000,3.363,3.377,3.207,3.223,21544035.0
1703304000000,3.223,3.421,3.208,3.366,17394650.0
1703318400000,3.366,3.406,3.301,3.333,11870172.0
1703332800000,3.333,3.599,3.327,3.425,31587207.0
1703347200000,3.425,3.588,3.417,3.533,22095041.0
1703361600000,3.533,3.985,3.503,3.909,35784524.0
1703376000000,3.909,4.107,3.789,3.988,45821460.0
1703390400000,3.987,4.01,3.711,3.832,26158702.0
1703404800000,3.833,3.849,3.659,3.843,19659291.0
1703419200000,3.843,3.865,3.74,3.849,15508958.0
1703433600000,3.849,3.868,3.758,3.782,12410291.0
1703448000000,3.782,3.836,3.61,3.803,17761631.0
1703462400000,3.802,3.948,3.725,3.83,21011494.0
1703476800000,3.83,4.006,3.808,3.894,16871678.0
1703491200000,3.895,4.109,3.803,3.817,23157688.0
1703505600000,3.818,4.106,3.771,4.053,18885145.0
1703520000000,4.052,4.388,4.002,4.283,35236447.0
1703534400000,4.283,4.333,4.142,4.252,16461791.0
1703548800000,4.253,4.37,4.172,4.331,12738127.0
1703563200000,4.331,4.551,4.12,4.299,34269082.0
1703577600000,4.299,4.632,4.248,4.501,34358562.0
1703592000000,4.5,4.62,4.23,4.236,28486908.0
1703606400000,4.236,4.368,3.9,4.252,29260364.0
1703620800000,4.252,4.39,4.219,4.307,13490835.0
1703635200000,4.307,4.407,4.036,4.067,16937908.0
1703649600000,4.068,4.225,4.062,4.135,11743913.0
1703664000000,4.135,4.315,4.132,4.209,14621161.0
1703678400000,4.209,4.209,4.054,4.133,16438498.0
1703692800000,4.133,4.169,3.997,4.108,13808914.0
1703707200000,4.109,4.198,4.021,4.089,8859832.0
1703721600000,4.09,4.216,3.906,3.984,18106965.0
1703736000000,3.984,4.214,3.975,4.197,18422166.0
1703750400000,4.196,4.324,4.056,4.072,14816360.0
1703764800000,4.072,4.115,3.804,3.861,22389424.0
1703779200000,3.861,3.874,3.774,3.81,11822957.0
1703793600000,3.81,3.814,3.731,3.758,7702457.0
1703808000000,3.759,3.818,3.625,3.791,18463337.0
1703822400000,3.791,3.862,3.735,3.798,11367774.0
1703836800000,3.798,3.977,3.791,3.895,16832459.0
1703851200000,3.896,3.923,3.703,3.742,17389414.0
1703865600000,3.742,3.76,3.59,3.63,16315439.0
1703880000000,3.63,3.631,3.518,3.623,9404652.0
1703894400000,3.623,3.658,3.578,3.642,7626382.0
1703908800000,3.641,3.676,3.587,3.595,6003478.0
1703923200000,3.596,3.673,3.545,3.657,10747695.0
1703937600000,3.658,3.781,3.656,3.757,15586993.0
1703952000000,3.756,3.781,3.682,3.71,9351940.0
1703966400000,3.71,3.743,3.655,3.679,6182533.0
1703980800000,3.679,3.773,3.593,3.653,10286062.0
1703995200000,3.653,3.748,3.628,3.745,6014347.0
1704009600000,3.746,3.764,3.685,3.689,6702493.0
1704024000000,3.69,3.753,3.645,3.7,7617339.0
1704038400000,3.699,3.886,3.692,3.87,9567419.0
1704052800000,3.87,3.888,3.52,3.653,14073420.0
1704067200000,3.654,3.795,3.651,3.663,8138699.0
1704081600000,3.662,3.69,3.573,3.61,6528250.0
1704096000000,3.609,3.647,3.576,3.607,5394988.0
1704110400000,3.607,3.65,3.584,3.632,6426550.0
1704124800000,3.633,3.833,3.626,3.815,10088471.0
1704139200000,3.815,3.839,3.756,3.798,7636772.0
1704153600000,3.798,3.975,3.744,3.921,14905428.0
1704168000000,3.921,4.212,3.913,4.165,15629902.0
1704182400000,4.166,4.336,4.101,4.16,26810732.0
1704196800000,4.161,4.162,3.882,3.905,36515093.0
1704211200000,3.905,3.97,3.839,3.899,18280498.0
1704225600000,3.899,4.0,3.862,3.926,10346994.0
1704240000000,3.926,4.041,3.91,3.932,11399386.0
1704254400000,3.932,4.092,3.908,3.96,14777004.0
1704268800000,3.961,4.054,3.772,3.822,19121445.0
1704283200000,3.823,3.826,2.836,3.612,54960294.0
1704297600000,3.613,3.757,3.545,3.622,17424568.0
1704312000000,3.623,3.985,3.621,3.772,16086075.0
1704326400000,3.771,3.804,3.596,3.703,13316866.0
1704340800000,3.704,3.73,3.613,3.618,9450789.0
1704355200000,3.618,3.72,3.572,3.693,11580154.0
1704369600000,3.692,4.018,3.667,3.927,20770133.0
1704384000000,3.928,3.99,3.82,3.986,14540490.0
1704398400000,3.986,4.05,3.889,3.911,12195315.0
1704412800000,3.911,3.951,3.714,3.771,14204200.0
1704427200000,3.772,3.786,3.69,3.702,9221650.0
1704441600000,3.703,3.766,3.609,3.639,11168917.0
1704456000000,3.639,3.685,3.539,3.584,13372560.0
1704470400000,3.583,3.605,3.449,3.49,12450783.0
1704484800000,3.49,3.564,3.475,3.55,9993368.0
1704499200000,3.551,3.553,3.356,3.374,10594733.0
1704513600000,3.375,3.389,3.165,3.292,22020337.0
1704528000000,3.292,3.373,3.255,3.332,10724166.0
1704542400000,3.333,3.449,3.282,3.416,11982205.0
1704556800000,3.416,3.705,3.403,3.565,22596108.0
1704571200000,3.564,3.588,3.393,3.475,10849199.0
1704585600000,3.476,3.539,3.406,3.428,8200312.0
1704600000000,3.429,3.518,3.416,3.443,8452698.0
1704614400000,3.443,3.461,3.336,3.369,9368632.0
1704628800000,3.369,3.445,3.321,3.333,9087164.0
1704643200000,3.333,3.396,3.278,3.355,8283254.0
1704657600000,3.356,3.368,3.151,3.213,12173660.0
1704672000000,3.214,3.24,2.916,3.01,23988420.0
1704686400000,3.011,3.23,2.989,3.162,19991596.0
1704700800000,3.162,3.251,3.087,3.2,14543180.0
1704715200000,3.199,3.296,3.195,3.233,17661546.0
1704729600000,3.233,3.477,3.187,3.47,17245555.0
1704744000000,3.469,3.477,3.363,3.415,9106410.0
1704758400000,3.416,3.5,3.338,3.407,16259338.0
1704772800000,3.406,3.538,3.39,3.484,13067234.0
1704787200000,3.484,3.503,3.309,3.335,14794145.0
1704801600000,3.335,3.362,3.136,3.179,19967640.0
1704816000000,3.179,3.203,3.033,3.079,15534426.0
1704830400000,3.079,3.23,3.026,3.22,25447960.0
1704844800000,3.219,3.254,3.19,3.212,8625352.0
1704859200000,3.212,3.281,3.171,3.202,6977119.0
1704873600000,3.203,3.323,3.168,3.262,11244171.0
1704888000000,3.263,3.267,3.083,3.198,17571947.0
1704902400000,3.198,3.339,3.19,3.286,11707657.0
1704916800000,3.285,3.686,3.181,3.601,29712711.0
1704931200000,3.601,3.665,3.51,3.656,12764063.0
1704945600000,3.656,3.674,3.508,3.623,9927846.0
1704960000000,3.623,3.779,3.58,3.749,16122915.0
1704974400000,3.748,3.839,3.561,3.624,28068666.0
1704988800000,3.623,3.691,3.52,3.678,14886137.0
1705003200000,3.677,3.764,3.561,3.613,11412274.0
1705017600000,3.612,3.656,3.525,3.562,9178696.0
1705032000000,3.561,3.628,3.505,3.538,8694923.0
1705046400000,3.537,3.607,3.49,3.578,9535520.0
1705060800000,3.578,3.68,3.515,3.533,16480718.0
1705075200000,3.533,3.643,3.363,3.601,21224660.0
1705089600000,3.602,3.648,3.3,3.46,17273877.0
1705104000000,3.459,3.481,3.298,3.42,10476905.0
1705118400000,3.421,3.521,3.393,3.477,6320705.0
1705132800000,3.478,3.483,3.368,3.397,7111706.0
1705147200000,3.397,3.462,3.371,3.437,6327396.0
1705161600000,3.437,3.449,3.376,3.424,5855009.0
1705176000000,3.424,3.446,3.39,3.407,4207063.0
1705190400000,3.406,3.419,3.342,3.356,5587386.0
1705204800000,3.357,3.523,3.319,3.437,8914467.0
1705219200000,3.436,3.477,3.386,3.4,5283532.0
1705233600000,3.4,3.477,3.383,3.459,5537252.0
1705248000000,3.459,3.514,3.35,3.352,7389281.0
1705262400000,3.351,3.417,3.291,3.309,8431077.0
1705276800000,3.308,3.407,3.301,3.374,4808015.0
1705291200000,3.373,3.428,3.354,3.364,4195086.0
1705305600000,3.365,3.412,3.337,3.368,4887445.0
1705320000000,3.369,3.381,3.245,3.254,9563815.0
1705334400000,3.254,3.405,3.243,3.326,9477935.0
1705348800000,3.326,3.341,3.252,3.306,5333948.0
1705363200000,3.305,3.348,3.293,3.338,4757135.0
1705377600000,3.339,3.341,3.221,3.269,7374426.0
1705392000000,3.27,3.318,3.244,3.278,8144391.0
1705406400000,3.278,3.311,3.173,3.244,12012742.0
1705420800000,3.244,3.294,3.225,3.245,7246882.0
1705435200000,3.245,3.303,3.231,3.239,6554895.0
1705449600000,3.239,3.287,3.225,3.234,5210329.0
1705464000000,3.235,3.258,3.16,3.172,6127595.0
1705478400000,3.173,3.316,3.155,3.292,9470585.0
1705492800000,3.292,3.368,3.255,3.318,16375767.0
1705507200000,3.318,3.332,3.241,3.298,8810487.0
1705521600000,3.298,3.365,3.258,3.311,9896369.0
1705536000000,3.311,3.316,3.212,3.263,6864224.0
1705550400000,3.263,3.362,3.257,3.343,6446480.0
1705564800000,3.343,3.377,3.238,3.253,13764462.0
1705579200000,3.253,3.253,3.177,3.204,10136802.0
1705593600000,3.204,3.213,2.985,3.021,18442581.0
1705608000000,3.021,3.091,3.004,3.083,9687379.0
1705622400000,3.082,3.1,2.942,3.005,14075921.0
1705636800000,3.005,3.062,2.999,3.022,4508891.0
1705651200000,3.023,3.058,2.985,3.034,6444255.0
1705665600000,3.035,3.041,2.904,2.915,9146019.0
1705680000000,2.916,2.984,2.783,2.972,20370399.0
1705694400000,2.973,3.01,2.943,3.009,5672022.0
1705708800000,3.009,3.009,2.928,2.965,5593847.0
1705723200000,2.965,2.975,2.929,2.949,3782215.0
1705737600000,2.95,2.957,2.893,2.936,4827633.0
1705752000000,2.936,2.936,2.866,2.897,4883472.0
1705766400000,2.896,2.922,2.878,2.919,4120388.0
1705780800000,2.92,2.967,2.911,2.966,4085155.0
1705795200000,2.965,3.045,2.954,3.033,6487954.0
1705809600000,3.033,3.035,2.968,2.989,4069402.0
1705824000000,2.988,3.013,2.976,2.996,3215803.0
1705838400000,2.997,3.009,2.95,2.962,4391065.0
1705852800000,2.963,2.99,2.928,2.979,3045928.0
1705867200000,2.979,2.983,2.917,2.923,3384733.0
1705881600000,2.923,2.949,2.842,2.889,8631127.0
1705896000000,2.888,2.931,2.842,2.891,6192640.0
1705910400000,2.892,2.896,2.769,2.797,9197298.0
1705924800000,2.797,2.815,2.662,2.709,15286440.0
1705939200000,2.709,2.736,2.589,2.63,18668092.0
1705953600000,2.63,2.721,2.627,2.65,13805099.0
1705968000000,2.649,2.72,2.642,2.702,6721288.0
1705982400000,2.702,2.726,2.606,2.623,7006389.0
1705996800000,2.624,2.638,2.46,2.509,25172762.0
1706011200000,2.509,2.665,2.448,2.642,23452346.0
1706025600000,2.642,2.655,2.574,2.575,11267539.0
1706040000000,2.576,2.653,2.57,2.65,8194736.0
1706054400000,2.65,2.664,2.591,2.611,6638719.0
1706068800000,2.611,2.643,2.566,2.596,8872171.0
1706083200000,2.597,2.645,2.558,2.584,11868888.0
1706097600000,2.585,2.605,2.543,2.602,11807489.0
1706112000000,2.602,2.637,2.568,2.603,12054770.0
1706126400000,2.604,2.694,2.589,2.68,7824401.0
1706140800000,2.68,2.726,2.644,2.659,8340161.0
1706155200000,2.658,2.684,2.633,2.674,5805970.0
1706169600000,2.673,2.722,2.622,2.715,7753070.0
1706184000000,2.714,2.743,2.601,2.622,11815803.0
1706198400000,2.621,2.735,2.613,2.693,10396347.0
1706212800000,2.694,2.744,2.681,2.695,6982098.0
1706227200000,2.695,2.758,2.646,2.724,7471584.0
1706241600000,2.724,2.796,2.719,2.747,8717672.0
1706256000000,2.746,2.95,2.743,2.924,19325012.0
1706270400000,2.925,2.998,2.902,2.985,14288839.0
1706284800000,2.986,3.007,2.89,2.893,12523755.0
1706299200000,2.893,2.931,2.81,2.917,13628906.0
1706313600000,2.917,2.961,2.901,2.931,8648566.0
1706328000000,2.931,2.944,2.836,2.839,7547498.0
1706342400000,2.839,2.903,2.826,2.892,8138945.0
1706356800000,2.891,2.919,2.87,2.902,5094294.0
1706371200000,2.903,2.943,2.88,2.925,4739948.0
1706385600000,2.924,2.941,2.891,2.911,4666999.0
1706400000000,2.911,3.049,2.901,3.042,11408904.0
1706414400000,3.042,3.055,2.974,2.989,13667001.0
1706428800000,2.989,3.075,2.971,3.016,10876524.0
1706443200000,3.016,3.018,2.922,2.939,13553561.0
1706457600000,2.939,2.959,2.889,2.907,6461856.0
1706472000000,2.906,2.937,2.858,2.879,6422683.0
1706486400000,2.879,2.926,2.854,2.902,6309101.0
1706500800000,2.902,2.933,2.872,2.882,5607498.0
1706515200000,2.881,2.974,2.869,2.936,7070571.0
1706529600000,2.936,2.964,2.852,2.945,9667515.0
1706544000000,2.945,3.043,2.926,3.024,12626690.0
1706558400000,3.023,3.062,3.0,3.009,5389223.0
1706572800000,3.009,3.043,2.957,2.977,7673594.0
1706587200000,2.977,3.009,2.964,2.995,4933592.0
1706601600000,2.994,3.176,2.973,3.153,16637196.0
1706616000000,3.152,3.178,3.031,3.064,17412710.0
1706630400000,3.063,3.234,3.038,3.163,19141027.0
1706644800000,3.163,3.175,2.99,3.01,9348947.0
1706659200000,3.011,3.029,2.892,2.939,12411501.0
1706673600000,2.94,2.956,2.903,2.945,6447427.0
1706688000000,2.945,2.956,2.832,2.907,13026681.0
1706702400000,2.906,2.917,2.824,2.909,9828538.0
1706716800000,2.908,2.975,2.901,2.921,9392707.0
1706731200000,2.921,2.925,2.785,2.821,11385079.0
1706745600000,2.821,2.844,2.727,2.781,10864261.0
1706760000000,2.781,2.808,2.762,2.785,4881914.0
1706774400000,2.785,2.804,2.756,2.761,5214466.0
1706788800000,2.761,2.858,2.747,2.81,8197741.0
1706803200000,2.81,2.866,2.776,2.861,7653235.0
1706817600000,2.86,2.881,2.824,2.854,5192399.0
1706832000000,2.854,2.897,2.839,2.86,6118234.0
1706846400000,2.86,2.881,2.837,2.871,3512622.0
1706860800000,2.871,2.914,2.831,2.894,7518353.0
1706875200000,2.893,2.939,2.845,2.933,12359806.0
1706889600000,2.932,2.945,2.859,2.905,6627356.0
1706904000000,2.905,2.923,2.885,2.899,3346373.0
1706918400000,2.9,2.948,2.863,2.864,5392604.0
1706932800000,2.864,2.883,2.824,2.829,5203597.0
1706947200000,2.829,2.849,2.819,2.822,4171427.0
1706961600000,2.822,2.834,2.795,2.83,4088405.0
1706976000000,2.831,2.871,2.826,2.847,3978172.0
1706990400000,2.846,2.852,2.806,2.814,3255341.0
1707004800000,2.814,2.818,2.778,2.798,4871770.0
1707019200000,2.798,2.8,2.747,2.765,4385401.0
1707033600000,2.765,2.812,2.756,2.796,3756203.0
1707048000000,2.795,2.811,2.772,2.789,3005775.0
1707062400000,2.789,2.795,2.748,2.778,3724090.0
1707076800000,2.777,2.818,2.749,2.753,5927788.0
1707091200000,2.753,2.773,2.694,2.757,7303527.0
1707105600000,2.757,2.794,2.747,2.791,4483690.0
1707120000000,2.791,2.809,2.76,2.789,5386654.0
1707134400000,2.789,2.815,2.73,2.742,9488733.0
1707148800000,2.742,2.788,2.728,2.766,4803223.0
1707163200000,2.766,2.769,2.7,2.751,4917059.0
1707177600000,2.75,2.78,2.713,2.753,5765723.0
1707192000000,2.753,2.766,2.726,2.752,3581679.0
1707206400000,2.752,2.776,2.682,2.713,8206572.0
1707220800000,2.712,2.737,2.694,2.731,7546752.0
1707235200000,2.73,2.766,2.713,2.758,5640339.0
1707249600000,2.759,2.773,2.731,2.736,3732356.0
1707264000000,2.737,2.767,2.722,2.724,3469131.0
1707278400000,2.724,2.738,2.685,2.698,4942618.0
1707292800000,2.698,2.73,2.683,2.71,4781980.0
1707307200000,2.71,2.779,2.707,2.765,7324084.0
1707321600000,2.766,2.852,2.755,2.836,10619376.0
1707336000000,2.836,2.894,2.836,2.87,8324906.0
1707350400000,2.87,2.99,2.869,2.962,9915602.0
1707364800000,2.961,2.977,2.913,2.938,7469523.0
1707379200000,2.937,2.965,2.916,2.932,6082199.0
1707393600000,2.932,3.0,2.913,2.983,9537694.0
1707408000000,2.984,2.988,2.882,2.917,8581633.0
1707422400000,2.918,2.962,2.912,2.922,5488125.0
1707436800000,2.923,2.998,2.92,2.953,6010151.0
1707451200000,2.952,2.992,2.94,2.978,4917924.0
1707465600000,2.978,3.006,2.955,2.997,6978449.0
1707480000000,2.997,3.058,2.95,2.976,17403191.0
1707494400000,2.975,3.03,2.956,2.973,9766317.0
1707508800000,2.972,3.036,2.972,2.994,6766716.0
1707523200000,2.995,3.121,2.98,3.111,9144658.0
1707537600000,3.111,3.147,3.048,3.051,10774374.0
1707552000000,3.05,3.068,2.962,3.002,10721430.0
1707566400000,3.002,3.048,2.99,3.041,5639383.0
1707580800000,3.042,3.044,3.0,3.036,4567966.0
1707595200000,3.036,3.09,3.025,3.043,6445240.0
1707609600000,3.042,3.134,3.034,3.121,7986567.0
1707624000000,3.121,3.18,3.112,3.138,9128186.0
1707638400000,3.137,3.206,3.13,3.182,12798540.0
1707652800000,3.183,3.185,3.083,3.132,10305269.0
1707667200000,3.132,3.211,3.112,3.181,9875201.0
1707681600000,3.18,3.218,3.112,3.126,8861706.0
1707696000000,3.126,3.283,3.113,3.167,19694511.0
1707710400000,3.167,3.175,3.086,3.146,10590941.0
1707724800000,3.146,3.188,3.095,3.113,10196595.0
1707739200000,3.113,3.284,3.075,3.274,16365397.0
1707753600000,3.275,3.393,3.241,3.33,20890846.0
1707768000000,3.329,3.401,3.327,3.382,6998086.0
1707782400000,3.382,3.449,3.283,3.299,10670557.0
1707796800000,3.298,3.356,3.297,3.344,6055858.0
1707811200000,3.343,3.365,3.276,3.312,7552718.0
1707825600000,3.312,3.333,3.166,3.218,18360137.0
1707840000000,3.217,3.264,3.188,3.191,8286561.0
1707854400000,3.191,3.246,3.186,3.215,5004255.0
1707868800000,3.215,3.273,3.168,3.266,7043442.0
1707883200000,3.266,3.343,3.245,3.335,8922708.0
1707897600000,3.336,3.458,3.332,3.41,14703382.0
1707912000000,3.41,3.421,3.301,3.341,11662029.0
1707926400000,3.341,3.347,3.286,3.314,7444843.0
1707940800000,3.315,3.344,3.307,3.335,4243492.0
1707955200000,3.336,3.411,3.287,3.354,9929038.0
1707969600000,3.355,3.356,3.264,3.316,7572848.0
1707984000000,3.316,3.371,3.291,3.336,8159293.0
1707998400000,3.336,3.414,3.301,3.354,14082965.0
1708012800000,3.353,3.402,3.295,3.376,10240690.0
1708027200000,3.375,3.406,3.274,3.403,9295915.0
1708041600000,3.403,3.427,3.334,3.426,9410755.0
1708056000000,3.427,3.465,3.326,3.334,10092287.0
1708070400000,3.333,3.382,3.278,3.364,9271388.0
1708084800000,3.363,3.394,3.17,3.234,17674934.0
1708099200000,3.234,3.29,3.209,3.221,7387320.0
1708113600000,3.222,3.292,3.215,3.281,3832942.0
1708128000000,3.282,3.284,3.216,3.265,4454206.0
1708142400000,3.265,3.307,3.242,3.296,3504303.0
1708156800000,3.296,3.313,3.231,3.26,6934714.0
1708171200000,3.26,3.27,3.134,3.207,12383565.0
1708185600000,3.207,3.254,3.197,3.25,3777399.0
1708200000000,3.251,3.353,3.242,3.335,5299453.0
1708214400000,3.335,3.374,3.266,3.346,9656870.0
1708228800000,3.346,3.457,3.342,3.366,12075428.0
1708243200000,3.366,3.438,3.362,3.421,6753209.0
1708257600000,3.421,3.564,3.377,3.532,14248409.0
1708272000000,3.532,3.564,3.482,3.497,10030511.0
1708286400000,3.497,3.587,3.469,3.525,7794150.0
1708300800000,3.525,3.621,3.516,3.587,8626453.0
1708315200000,3.587,3.623,3.546,3.601,9700546.0
1708329600000,3.601,3.602,3.514,3.547,9361373.0
1708344000000,3.548,3.558,3.47,3.535,10378192.0
1708358400000,3.536,3.569,3.47,3.519,8405998.0
1708372800000,3.519,3.603,3.497,3.534,6799952.0
1708387200000,3.535,3.56,3.406,3.411,10042761.0
1708401600000,3.41,3.521,3.394,3.495,6752172.0
1708416000000,3.495,3.504,3.378,3.476,8853833.0
1708430400000,3.476,3.529,3.2,3.308,28126206.0
1708444800000,3.309,3.362,3.239,3.361,10091596.0
1708459200000,3.362,3.44,3.339,3.399,6728984.0
1708473600000,3.399,3.401,3.309,3.333,5002259.0
1708488000000,3.333,3.341,3.213,3.228,6488121.0
1708502400000,3.229,3.26,3.141,3.18,11482905.0
1708516800000,3.18,3.222,3.106,3.177,13433697.0
1708531200000,3.178,3.202,3.084,3.135,8224778.0
1708545600000,3.136,3.256,3.12,3.243,6419048.0
1708560000000,3.242,3.243,3.12,3.18,6888950.0
1708574400000,3.18,3.277,3.165,3.276,6201582.0
1708588800000,3.275,3.333,3.244,3.26,10447631.0
1708603200000,3.261,3.275,3.171,3.251,9760424.0
1708617600000,3.251,3.303,3.197,3.267,6279136.0
1708632000000,3.267,3.353,3.244,3.252,9791985.0
1708646400000,3.253,3.296,3.183,3.207,6919156.0
1708660800000,3.206,3.267,3.172,3.211,5790164.0
1708675200000,3.211,3.245,3.147,3.233,7774237.0
1708689600000,3.233,3.341,3.182,3.27,16791599.0
1708704000000,3.27,3.398,3.151,3.382,20647919.0
1708718400000,3.382,3.433,3.311,3.368,11529591.0
1708732800000,3.367,3.45,3.296,3.402,13573304.0
1708747200000,3.401,3.584,3.388,3.559,14036659.0
1708761600000,3.559,3.614,3.52,3.569,15302365.0
1708776000000,3.57,3.583,3.5,3.567,10099184.0
1708790400000,3.568,3.829,3.546,3.828,20843547.0
1708804800000,3.828,3.943,3.768,3.868,20279110.0
1708819200000,3.868,3.885,3.702,3.723,16948553.0
1708833600000,3.724,3.825,3.709,3.793,12530970.0
1708848000000,3.794,3.808,3.683,3.701,10278892.0
1708862400000,3.702,3.748,3.661,3.721,8529289.0
1708876800000,3.721,3.779,3.696,3.743,7488624.0
1708891200000,3.743,3.771,3.675,3.708,6019059.0
1708905600000,3.708,3.725,3.647,3.679,7549698.0
1708920000000,3.679,3.85,3.66,3.841,11475286.0
1708934400000,3.841,3.916,3.704,3.745,21500461.0
1708948800000,3.746,4.131,3.708,4.122,36485990.0
1708963200000,4.122,4.209,4.043,4.139,25909794.0
1708977600000,4.139,4.192,4.068,4.103,12531156.0
1708992000000,4.102,4.153,4.006,4.021,16752520.0
1709006400000,4.022,4.116,3.967,3.988,10773595.0
1709020800000,3.987,4.043,3.961,3.989,8695005.0
1709035200000,3.989,4.059,3.905,3.917,18039100.0
1709049600000,3.917,4.018,3.845,3.941,15187456.0
1709064000000,3.94,4.045,3.922,3.947,7279533.0
1709078400000,3.947,4.059,3.891,3.896,8856206.0
1709092800000,3.897,3.965,3.854,3.946,8248593.0
1709107200000,3.945,4.08,3.832,3.888,23322657.0
1709121600000,3.888,4.015,3.882,3.985,19483003.0
1709136000000,3.985,4.117,3.38,3.721,44212458.0
1709150400000,3.721,3.981,3.682,3.903,13342115.0
1709164800000,3.902,4.024,3.817,3.913,13527328.0
1709179200000,3.914,3.951,3.855,3.94,10841486.0
1709193600000,3.94,4.1,3.928,3.97,16176568.0
1709208000000,3.969,4.045,3.918,3.997,12818071.0
1709222400000,3.998,4.05,3.842,4.024,18868423.0
1709236800000,4.025,4.033,3.718,3.881,14760429.0
1709251200000,3.882,4.048,3.878,4.012,11683980.0
1709265600000,4.011,4.132,3.943,3.955,11711291.0
1709280000000,3.956,4.056,3.937,4.025,7914292.0
1709294400000,4.025,4.063,3.91,3.937,12014605.0
1709308800000,3.938,3.972,3.894,3.915,7756166.0
1709323200000,3.916,3.974,3.901,3.961,6535796.0
1709337600000,3.961,4.051,3.882,4.046,10212401.0
1709352000000,4.047,4.131,4.001,4.127,11014370.0
1709366400000,4.127,4.155,4.014,4.094,11750120.0
1709380800000,4.094,4.304,4.083,4.241,20556630.0
1709395200000,4.242,4.305,4.17,4.282,8603187.0
1709409600000,4.281,4.503,4.229,4.49,11771637.0
1709424000000,4.491,4.507,4.327,4.356,11416266.0
1709438400000,4.356,4.37,3.757,4.105,23822334.0
1709452800000,4.106,4.282,4.064,4.225,18063039.0
1709467200000,4.226,4.359,4.21,4.3,11324537.0
1709481600000,4.3,4.465,4.268,4.395,12157386.0
1709496000000,4.395,4.513,4.382,4.439,8691375.0
1709510400000,4.439,4.786,4.439,4.518,25356500.0
1709524800000,4.519,4.551,4.428,4.512,9494379.0
1709539200000,4.512,4.608,4.451,4.554,13060430.0
1709553600000,4.555,4.609,4.413,4.457,12863785.0
1709568000000,4.458,4.478,4.224,4.338,19127218.0
1709582400000,4.338,4.382,4.273,4.344,8067257.0
1709596800000,4.344,4.345,4.219,4.26,9728161.0
1709611200000,4.26,4.489,4.171,4.352,20030376.0
1709625600000,4.353,4.448,4.314,4.348,10389239.0
1709640000000,4.349,4.448,4.238,4.364,21965391.0
1709654400000,4.363,4.49,3.439,3.85,41408712.0
1709668800000,3.85,4.287,3.763,4.25,26578584.0
1709683200000,4.25,4.304,4.001,4.06,14820300.0
1709697600000,4.06,4.337,4.048,4.333,10937926.0
1709712000000,4.332,4.589,4.296,4.478,20153995.0
1709726400000,4.479,4.833,4.23,4.805,36663460.0
1709740800000,4.804,5.577,4.802,5.391,64274704.0
1709755200000,5.389,5.968,5.186,5.901,48882802.0
1709769600000,5.901,6.2,5.68,5.744,49380027.0
1709784000000,5.744,5.875,5.498,5.572,34460623.0
1709798400000,5.572,5.752,5.542,5.591,22237374.0
1709812800000,5.591,5.673,5.424,5.516,22338540.0
1709827200000,5.516,5.69,5.502,5.547,15526180.0
1709841600000,5.546,5.582,5.453,5.529,11192069.0
1709856000000,5.529,5.714,5.334,5.397,23457589.0
1709870400000,5.397,5.438,5.356,5.357,9469923.0
1709884800000,5.358,5.42,5.307,5.381,9740755.0
1709899200000,5.381,5.486,5.075,5.34,24117796.0
1709913600000,5.341,5.645,5.206,5.562,26602833.0
1709928000000,5.563,5.764,5.523,5.749,12151493.0
1709942400000,5.748,5.895,5.603,5.676,16999575.0
1709956800000,5.675,6.3,5.663,6.293,24847268.0
1709971200000,6.294,6.501,6.16,6.269,26898064.0
1709985600000,6.269,6.348,6.117,6.152,13338328.0
1710000000000,6.153,6.175,6.012,6.029,8972976.0
1710014400000,6.031,6.243,6.019,6.198,6467315.0
1710028800000,6.199,6.303,6.001,6.07,13386082.0
1710043200000,6.071,6.153,6.017,6.069,5596379.0
1710057600000,6.069,6.165,5.921,6.121,10220681.0
1710072000000,6.121,6.142,5.82,5.885,10636568.0
1710086400000,5.885,6.054,5.866,5.937,5448281.0
1710100800000,5.937,5.979,5.758,5.954,6237372.0
1710115200000,5.955,6.8,5.592,6.697,34729944.0
1710129600000,6.699,7.125,6.691,6.831,36816177.0
1710144000000,6.831,7.244,6.716,7.0,23050092.0
1710158400000,7.001,7.32,6.855,6.902,26319708.0
1710172800000,6.903,6.959,6.754,6.814,10218720.0
1710187200000,6.816,6.821,6.607,6.689,8598112.0
1710201600000,6.69,6.905,6.643,6.854,18645093.0
1710216000000,6.854,7.084,6.773,7.07,19034200.0
1710230400000,7.07,7.252,6.773,7.053,23872658.0
1710244800000,7.053,7.577,6.905,7.484,38409188.0
1710259200000,7.484,7.872,7.002,7.794,37928522.0
1710273600000,7.794,8.098,7.677,8.083,15826803.0
1710288000000,8.082,8.521,8.004,8.469,31698230.0
1710302400000,8.468,8.55,7.851,7.943,22844901.0
1710316800000,7.944,8.067,7.836,8.036,14706343.0
1710331200000,8.037,8.065,7.6,7.862,23845591.0
1710345600000,7.861,7.999,7.752,7.905,9329059.0
1710360000000,7.904,7.993,7.711,7.771,10850875.0
1710374400000,7.77,7.934,7.628,7.836,19636848.0
1710388800000,7.836,8.071,7.698,7.831,15995730.0
1710403200000,7.831,8.16,7.806,8.015,15226918.0
1710417600000,8.015,8.187,7.611,7.887,25413144.0
1710432000000,7.886,8.398,7.711,7.963,31198753.0
1710446400000,7.962,8.931,7.942,8.874,24714969.0
1710460800000,8.875,9.038,7.9,8.334,41430716.0
1710475200000,8.335,8.374,7.83,7.979,25094991.0
1710489600000,7.98,7.993,7.05,7.493,45002148.0
1710504000000,7.494,7.769,7.338,7.38,23788152.0
1710518400000,7.38,7.686,7.187,7.314,24295848.0
1710532800000,7.313,7.539,7.069,7.492,19162377.0
1710547200000,7.492,7.532,7.274,7.375,17289884.0
1710561600000,7.374,7.9,7.131,7.83,22353696.0
1710576000000,7.83,7.979,7.5,7.622,26072104.0
1710590400000,7.621,7.771,7.2,7.351,25406285.0
1710604800000,7.351,7.358,6.583,6.654,31167702.0
1710619200000,6.655,6.843,6.513,6.734,17498576.0
1710633600000,6.733,7.188,6.632,7.169,21105858.0
1710648000000,7.168,7.26,6.841,7.199,23667132.0
1710662400000,7.2,7.801,7.149,7.653,26218724.0
1710676800000,7.653,8.26,7.533,8.196,31818377.0
1710691200000,8.195,8.39,8.043,8.198,17322285.0
1710705600000,8.197,8.449,8.076,8.25,12279032.0
1710720000000,8.25,8.592,7.972,8.359,30909950.0
1710734400000,8.359,8.363,7.759,7.766,21267696.0
1710748800000,7.766,7.8,7.602,7.632,20759450.0
1710763200000,7.632,7.745,7.256,7.367,26168191.0
1710777600000,7.367,7.435,6.862,6.894,24497937.0
1710792000000,6.894,7.215,6.894,7.03,19418864.0
1710806400000,7.029,7.113,6.55,6.875,47018355.0
1710820800000,6.874,6.935,6.4,6.844,29975474.0
1710835200000,6.844,6.845,6.331,6.708,35408328.0
1710849600000,6.707,7.0,6.556,6.956,27451779.0
1710864000000,6.957,6.994,6.684,6.721,15756907.0
1710878400000,6.721,6.741,6.207,6.353,17792458.0
1710892800000,6.353,6.448,6.117,6.256,20927337.0
1710907200000,6.256,6.603,6.01,6.565,22295039.0
1710921600000,6.565,6.573,6.34,6.445,15596983.0
1710936000000,6.444,6.67,6.304,6.358,18843478.0
1710950400000,6.358,6.899,6.273,6.774,31468924.0
1710964800000,6.773,7.022,6.735,6.916,15632859.0
1710979200000,6.916,6.942,6.685,6.715,11664306.0
1710993600000,6.715,6.764,6.544,6.651,11728548.0
1711008000000,6.651,6.746,6.539,6.564,10359280.0
1711022400000,6.564,6.727,6.544,6.613,13189049.0
1711036800000,6.613,7.0,6.42,6.558,22486349.0
1711051200000,6.559,6.67,6.431,6.455,7845738.0
1711065600000,6.455,6.535,6.22,6.454,12572984.0
1711080000000,6.454,6.679,6.424,6.651,10543726.0
1711094400000,6.651,6.758,6.518,6.701,17115984.0
1711108800000,6.701,6.835,6.33,6.391,25463462.0
1711123200000,6.392,6.491,6.323,6.436,12192732.0
1711137600000,6.436,6.5,6.213,6.495,8237606.0
1711152000000,6.496,6.631,6.363,6.6,9911253.0
1711166400000,6.602,6.726,6.569,6.636,8260687.0
1711180800000,6.636,6.7,6.588,6.669,6358611.0
1711195200000,6.669,6.809,6.635,6.74,8504648.0
1711209600000,6.739,6.794,6.671,6.683,5026572.0
1711224000000,6.684,6.804,6.613,6.622,6547781.0
1711238400000,6.623,6.713,6.513,6.521,5938883.0
1711252800000,6.522,6.551,6.455,6.518,4583948.0
1711267200000,6.518,6.61,6.505,6.555,4031875.0
1711281600000,6.554,6.606,6.524,6.576,4254264.0
1711296000000,6.576,6.641,6.432,6.626,6191048.0
1711310400000,6.625,7.014,6.596,7.008,11316398.0
1711324800000,7.008,7.286,6.977,7.152,14545848.0
1711339200000,7.152,7.248,7.074,7.075,6958353.0
1711353600000,7.075,7.54,7.071,7.311,19414688.0
1711368000000,7.311,7.583,7.3,7.55,15294795.0
1711382400000,7.549,7.773,7.46,7.685,12156296.0
1711396800000,7.685,7.743,7.429,7.46,12143051.0
1711411200000,7.46,7.93,7.428,7.86,15136642.0
1711425600000,7.86,8.016,7.793,7.928,11814491.0
1711440000000,7.928,7.998,7.758,7.977,10036058.0
1711454400000,7.977,8.11,7.613,7.75,22194101.0
1711468800000,7.75,7.82,7.55,7.7,11785523.0
1711483200000,7.702,8.042,7.571,7.672,16860591.0
1711497600000,7.672,7.773,7.538,7.559,8391905.0
1711512000000,7.56,7.681,7.473,7.503,7479035.0
1711526400000,7.504,7.856,7.363,7.732,17413744.0
1711540800000,7.732,7.91,7.227,7.244,21141249.0
1711555200000,7.244,7.32,7.105,7.196,9319849.0
1711569600000,7.196,7.319,7.191,7.262,5105346.0
1711584000000,7.262,7.394,7.122,7.231,8269693.0
1711598400000,7.231,7.384,7.217,7.383,4260480.0
1711612800000,7.383,7.452,7.269,7.342,7515645.0
1711627200000,7.343,7.353,7.178,7.339,7695373.0
1711641600000,7.34,7.372,7.173,7.215,4927114.0
1711656000000,7.214,7.261,7.15,7.198,3324168.0
1711670400000,7.198,7.21,7.013,7.086,6198440.0
1711684800000,7.086,7.145,6.934,6.956,5751132.0
1711699200000,6.957,7.106,6.944,7.075,4912813.0
1711713600000,7.075,7.171,6.901,6.977,6352947.0
1711728000000,6.979,7.065,6.925,6.972,4497736.0
1711742400000,6.971,7.011,6.857,6.984,3375015.0
1711756800000,6.985,7.18,6.935,7.143,4671174.0
1711771200000,7.143,7.33,7.136,7.143,7417561.0
1711785600000,7.143,7.208,7.048,7.195,5199359.0
1711800000000,7.194,7.209,7.095,7.122,3723633.0
1711814400000,7.123,7.151,6.989,7.045,4277872.0
1711828800000,7.045,7.099,6.911,6.948,3554581.0
1711843200000,6.948,7.158,6.913,7.021,4990884.0
1711857600000,7.02,7.21,6.992,7.197,4906976.0
1711872000000,7.197,7.267,7.119,7.205,4200200.0
1711886400000,7.205,7.372,7.195,7.302,5973975.0
1711900800000,7.301,7.362,7.165,7.243,4475072.0
1711915200000,7.243,7.314,7.163,7.303,4055500.0
1711929600000,7.303,7.383,7.156,7.189,6366211.0
1711944000000,7.188,7.216,6.65,6.936,15020244.0
1711958400000,6.936,6.936,6.733,6.744,8237249.0
1711972800000,6.743,6.884,6.571,6.679,12121939.0
1711987200000,6.678,6.758,6.572,6.756,6232440.0
1712001600000,6.757,6.798,6.711,6.739,2786193.0
1712016000000,6.74,6.742,6.219,6.369,13518957.0
1712030400000,6.369,6.42,6.28,6.323,5134931.0
1712044800000,6.324,6.353,6.132,6.217,9936369.0
1712059200000,6.217,6.411,6.112,6.239,8955710.0
1712073600000,6.24,6.341,6.189,6.27,6283291.0
1712088000000,6.269,6.328,6.166,6.22,3768485.0
1712102400000,6.22,6.445,6.0,6.381,12416338.0
1712116800000,6.383,6.825,6.374,6.736,13605027.0
1712131200000,6.736,6.913,6.663,6.749,14173539.0
1712145600000,6.75,6.871,6.645,6.692,13150449.0
1712160000000,6.692,6.784,6.542,6.683,10232549.0
1712174400000,6.684,6.728,6.453,6.602,9970623.0
1712188800000,6.601,6.706,6.357,6.424,9531958.0
1712203200000,6.424,6.73,6.341,6.665,8493136.0
1712217600000,6.665,6.919,6.656,6.866,11945108.0
1712232000000,6.866,7.03,6.805,6.96,11361966.0
1712246400000,6.96,7.041,6.779,6.801,9189541.0
1712260800000,6.801,6.808,6.606,6.731,7561727.0
1712275200000,6.732,6.906,6.592,6.828,10046869.0
1712289600000,6.828,6.828,6.576,6.701,10909219.0
1712304000000,6.701,6.775,6.48,6.584,11420740.0
1712318400000,6.584,7.194,6.517,7.191,19736507.0
1712332800000,7.191,7.509,7.136,7.416,24675486.0
1712347200000,7.415,7.499,7.141,7.228,14874794.0
1712361600000,7.227,7.318,7.073,7.13,11653062.0
1712376000000,7.13,7.176,7.071,7.095,7905092.0
1712390400000,7.094,7.133,7.008,7.044,6761787.0
1712404800000,7.043,7.076,6.922,7.045,8259265.0
1712419200000,7.044,7.07,6.9,6.927,5566535.0
1712433600000,6.928,7.076,6.919,7.026,5354644.0
1712448000000,7.026,7.147,6.993,7.003,6740487.0
1712462400000,7.004,7.029,6.956,7.008,6094817.0
1712476800000,7.007,7.101,6.917,6.966,6696380.0
1712491200000,6.965,7.042,6.922,6.941,6525685.0
1712505600000,6.94,7.035,6.878,6.925,6873503.0
1712520000000,6.924,6.947,6.822,6.922,4087139.0
1712534400000,6.922,7.052,6.84,6.988,8506041.0
1712548800000,6.989,7.285,6.956,7.261,10798689.0
1712563200000,7.262,7.585,7.24,7.487,19165404.0
1712577600000,7.486,7.5,7.227,7.361,10600787.0
1712592000000,7.362,7.495,7.341,7.384,7570982.0
1712606400000,7.384,7.438,7.34,7.368,3570234.0
1712620800000,7.368,7.451,7.293,7.381,6882143.0
1712635200000,7.382,7.695,7.253,7.29,19362823.0
1712649600000,7.29,7.644,7.167,7.594,15937505.0
1712664000000,7.595,7.713,7.216,7.284,18492919.0
1712678400000,7.284,7.432,7.181,7.333,10038195.0
1712692800000,7.333,7.459,7.19,7.232,6450571.0
1712707200000,7.231,7.325,6.87,7.019,14969087.0
1712721600000,7.018,7.103,6.959,6.999,6366716.0
1712736000000,7.0,7.0,6.848,6.924,7014104.0
1712750400000,6.924,6.94,6.648,6.804,14920934.0
1712764800000,6.805,7.023,6.751,6.981,9192908.0
1712779200000,6.981,7.124,6.917,6.989,5967049.0
1712793600000,6.99,7.069,6.909,6.982,5040697.0
1712808000000,6.981,7.251,6.924,7.231,6967100.0
1712822400000,7.23,7.337,7.022,7.043,10302837.0
1712836800000,7.043,7.123,6.837,6.885,11631791.0
1712851200000,6.885,6.936,6.739,6.824,9495611.0
1712865600000,6.824,6.879,6.769,6.801,4692073.0
1712880000000,6.802,6.902,6.768,6.891,4393598.0
1712894400000,6.891,6.922,6.758,6.779,5104401.0
1712908800000,6.78,6.866,6.763,6.831,4525995.0
1712923200000,6.83,6.832,6.525,6.536,12335158.0
1712937600000,6.536,6.592,5.065,5.631,52019699.0
1712952000000,5.63,5.836,5.612,5.785,12085362.0
1712966400000,5.785,5.817,5.524,5.706,14459633.0
1712980800000,5.705,5.846,5.665,5.706,7275540.0
1712995200000,5.705,5.844,5.648,5.784,6618785.0
1713009600000,5.783,5.859,5.658,5.678,9071585.0
1713024000000,5.679,5.708,4.7,4.904,42245268.0
1713038400000,4.905,5.383,4.195,5.215,66021408.0
1713052800000,5.214,5.241,4.919,5.084,22275916.0
1713067200000,5.084,5.614,5.041,5.534,18830857.0
1713081600000,5.533,5.603,5.333,5.362,13208543.0
1713096000000,5.362,5.474,5.222,5.413,16902723.0
1713110400000,5.413,5.548,5.182,5.364,20166314.0
1713124800000,5.365,5.729,5.231,5.714,14069431.0
1713139200000,5.713,5.756,5.406,5.43,12342803.0
1713153600000,5.43,5.858,5.332,5.753,13600202.0
1713168000000,5.753,5.82,5.601,5.604,9390555.0
1713182400000,5.604,5.666,5.31,5.393,15676372.0
1713196800000,5.394,5.432,4.973,5.19,21423481.0
1713211200000,5.191,5.3,5.089,5.217,8028675.0
1713225600000,5.218,5.275,5.054,5.097,10193410.0
1713240000000,5.097,5.224,4.962,5.164,13246277.0
1713254400000,5.163,5.25,4.898,5.219,16506976.0
1713268800000,5.218,5.252,5.048,5.05,19299702.0
1713283200000,5.051,5.416,5.011,5.298,18667467.0
1713297600000,5.299,5.538,5.279,5.49,7255561.0
1713312000000,5.489,5.595,5.319,5.36,9750759.0
1713326400000,5.361,5.489,5.307,5.414,8786603.0
1713340800000,5.413,5.543,5.352,5.366,13812190.0
1713355200000,5.366,5.468,5.186,5.236,24142054.0
1713369600000,5.236,5.658,5.182,5.507,23132189.0
1713384000000,5.508,5.556,5.361,5.405,10708703.0
1713398400000,5.405,5.523,5.217,5.431,15146948.0
1713412800000,5.43,5.578,5.332,5.345,12883935.0
1713427200000,5.345,5.799,5.288,5.734,18345382.0
1713441600000,5.733,5.882,5.568,5.763,15937089.0
1713456000000,5.763,5.78,5.568,5.708,8399908.0
1713470400000,5.709,5.746,5.648,5.704,4868793.0
1713484800000,5.704,5.748,5.222,5.446,18767261.0
1713499200000,5.446,5.863,5.436,5.71,14440210.0
1713513600000,5.711,5.81,5.64,5.65,10680340.0
1713528000000,5.651,5.684,5.516,5.603,10039747.0
1713542400000,5.603,5.63,5.508,5.629,6385198.0
1713556800000,5.628,5.678,5.484,5.583,6550650.0
1713571200000,5.584,5.732,5.502,5.627,8096853.0
1713585600000,5.627,5.9,5.606,5.769,7373157.0
1713600000000,5.77,5.79,5.611,5.663,7045203.0
1713614400000,5.663,5.985,5.645,5.979,7214902.0
1713628800000,5.979,6.096,5.929,6.075,10042354.0
1713643200000,6.074,6.253,6.063,6.214,5447215.0
1713657600000,6.213,6.351,6.166,6.323,9192304.0
1713672000000,6.323,6.364,6.24,6.349,5114722.0
1713686400000,6.348,6.386,6.267,6.315,6385461.0
1713700800000,6.315,6.352,6.127,6.193,7122980.0
1713715200000,6.193,6.204,6.048,6.141,6559390.0
1713729600000,6.14,6.482,6.117,6.442,10462230.0
1713744000000,6.441,6.587,6.339,6.585,11752097.0
1713758400000,6.586,6.977,6.569,6.864,13453354.0
1713772800000,6.864,6.903,6.735,6.823,9953899.0
1713787200000,6.824,7.077,6.811,6.977,15711876.0
1713801600000,6.976,7.246,6.926,7.135,18678904.0
1713816000000,7.135,7.197,7.0,7.025,6787507.0
1713830400000,7.026,7.11,6.949,7.014,9145321.0
1713844800000,7.015,7.13,6.836,6.88,13643177.0
1713859200000,6.881,7.245,6.88,7.178,16202197.0
1713873600000,7.178,7.278,6.952,7.043,16365363.0
1713888000000,7.044,7.089,6.974,7.01,5457784.0
1713902400000,7.01,7.028,6.879,6.89,5449193.0
1713916800000,6.89,7.084,6.853,6.915,8516392.0
1713931200000,6.914,6.999,6.789,6.834,6769665.0
1713945600000,6.834,7.13,6.831,7.015,8332138.0
1713960000000,7.015,7.095,6.737,6.974,18008973.0
1713974400000,6.973,7.333,6.887,7.102,22390349.0
1713988800000,7.101,7.173,6.703,6.856,16133114.0
1714003200000,6.856,7.054,6.721,6.772,13326648.0
1714017600000,6.773,6.871,6.639,6.726,11230237.0
1714032000000,6.725,6.824,6.6,6.635,11116511.0
1714046400000,6.635,7.179,6.633,7.167,20086536.0
1714060800000,7.166,7.235,6.876,6.899,12207535.0
1714075200000,6.899,7.2,6.874,7.126,11784699.0
1714089600000,7.125,7.53,7.072,7.344,22291121.0
1714104000000,7.344,7.481,7.226,7.272,14496689.0
1714118400000,7.271,7.362,7.122,7.182,13451887.0
1714132800000,7.183,7.267,6.921,6.946,18837408.0
1714147200000,6.947,7.058,6.888,6.985,8134363.0
1714161600000,6.985,7.057,6.899,6.926,5581541.0
1714176000000,6.925,7.274,6.7,7.218,22148142.0
1714190400000,7.218,7.278,7.03,7.036,10231742.0
1714204800000,7.036,7.054,6.755,6.773,10495636.0
1714219200000,6.772,7.248,6.751,7.063,16199301.0
1714233600000,7.063,7.589,6.975,7.574,19372939.0
1714248000000,7.575,7.641,7.124,7.135,14742812.0
1714262400000,7.135,7.37,7.1,7.315,12432164.0
1714276800000,7.315,7.382,7.235,7.343,7336123.0
1714291200000,7.342,7.455,7.222,7.24,9904593.0
1714305600000,7.24,7.405,7.176,7.248,9580894.0
1714320000000,7.247,7.296,7.151,7.162,6820076.0
1714334400000,7.163,7.273,7.022,7.04,7004557.0
1714348800000,7.04,7.109,6.844,6.871,10182579.0
1714363200000,6.87,6.985,6.839,6.909,8361217.0
1714377600000,6.909,6.939,6.789,6.796,6305156.0
1714392000000,6.795,6.89,6.667,6.804,11683416.0
1714406400000,6.804,6.873,6.703,6.784,6085445.0
1714420800000,6.784,6.935,6.69,6.862,6096780.0
1714435200000,6.862,6.951,6.685,6.929,9961923.0
1714449600000,6.928,6.944,6.693,6.698,5040651.0
1714464000000,6.698,6.721,6.225,6.232,17124732.0
1714478400000,6.232,6.297,6.008,6.012,17168946.0
1714492800000,6.012,6.095,5.832,6.056,14595387.0
1714507200000,6.056,6.308,6.056,6.186,10996313.0
1714521600000,6.186,6.209,6.0,6.158,10029414.0
1714536000000,6.158,6.198,5.803,5.896,14437077.0
1714550400000,5.896,6.115,5.722,6.107,16406077.0
1714564800000,6.108,6.178,5.892,5.926,11700842.0
1714579200000,5.925,6.429,5.872,6.082,20056462.0
1714593600000,6.082,6.174,6.016,6.136,8018568.0
1714608000000,6.137,6.166,5.87,5.977,9416459.0
1714622400000,5.976,6.016,5.877,5.883,5341983.0
1714636800000,5.884,6.142,5.863,6.129,11229955.0
1714651200000,6.128,6.212,5.987,6.166,11846958.0
1714665600000,6.166,6.179,6.052,6.126,7708760.0
1714680000000,6.125,6.175,5.966,6.081,8047797.0
1714694400000,6.081,6.354,6.021,6.339,8609624.0
1714708800000,6.34,6.399,6.177,6.184,6598794.0
1714723200000,6.184,6.266,6.117,6.167,5272516.0
1714737600000,6.167,6.769,6.147,6.751,18238641.0
1714752000000,6.752,6.865,6.682,6.85,12144200.0
1714766400000,6.85,6.934,6.813,6.869,6464032.0
1714780800000,6.869,6.938,6.781,6.804,6931072.0
1714795200000,6.805,6.883,6.792,6.821,4868987.0
1714809600000,6.821,6.988,6.784,6.835,8263032.0
1714824000000,6.835,6.894,6.786,6.845,6143413.0
1714838400000,6.845,6.932,6.812,6.91,4876116.0
1714852800000,6.91,6.933,6.808,6.863,3105566.0
1714867200000,6.863,6.887,6.68,6.841,8690326.0
1714881600000,6.841,7.069,6.796,6.985,7824542.0
1714896000000,6.986,7.089,6.932,7.071,5882424.0
1714910400000,7.072,7.5,7.061,7.447,13761314.0
1714924800000,7.447,7.531,7.295,7.408,10769412.0
1714939200000,7.408,7.499,7.365,7.487,4946303.0
1714953600000,7.486,7.542,7.301,7.324,7827720.0
1714968000000,7.324,7.408,7.231,7.398,7634763.0
1714982400000,7.398,7.602,7.282,7.524,13685111.0
1714996800000,7.525,7.54,7.211,7.277,15119104.0
1715011200000,7.276,7.384,7.162,7.316,8234568.0
1715025600000,7.316,7.425,7.276,7.311,4838152.0
1715040000000,7.311,8.244,7.279,7.472,20895764.0
1715054400000,7.472,7.537,7.278,7.407,8591768.0
1715068800000,7.407,7.68,7.353,7.568,13149500.0
1715083200000,7.567,7.746,7.404,7.464,11957386.0
1715097600000,7.464,7.519,7.316,7.336,6136533.0
1715112000000,7.336,7.44,7.11,7.117,8823958.0
1715126400000,7.116,7.29,7.026,7.29,8060604.0
1715140800000,7.29,7.297,7.041,7.102,7279060.0
1715155200000,7.103,7.257,7.085,7.133,7782730.0
1715169600000,7.134,7.209,6.945,6.983,10992271.0
1715184000000,6.983,7.083,6.882,6.918,6248789.0
1715198400000,6.919,6.958,6.779,6.803,6338358.0
1715212800000,6.803,7.082,6.8,7.073,6482892.0
1715227200000,7.073,7.322,7.052,7.151,10514034.0
1715241600000,7.151,7.177,6.936,7.108,8481776.0
1715256000000,7.108,7.37,7.081,7.223,14155043.0
1715270400000,7.223,7.374,7.152,7.191,6448159.0
1715284800000,7.191,7.498,7.129,7.476,8323560.0
1715299200000,7.477,7.595,7.435,7.484,7620589.0
1715313600000,7.485,7.577,7.405,7.454,5482687.0
1715328000000,7.454,7.639,7.43,7.635,5106269.0
1715342400000,7.636,7.65,7.201,7.29,14598069.0
1715356800000,7.29,7.349,7.155,7.207,9242393.0
1715371200000,7.207,7.321,7.113,7.25,6306181.0
1715385600000,7.252,7.33,7.143,7.153,6881707.0
1715400000000,7.154,7.246,7.131,7.238,3901550.0
1715414400000,7.239,7.292,7.02,7.035,6595732.0
1715428800000,7.035,7.194,6.991,7.173,7992440.0
1715443200000,7.174,7.237,7.065,7.095,4714398.0
1715457600000,7.095,7.096,7.004,7.017,2983933.0
1715472000000,7.017,7.069,6.931,6.989,4656148.0
1715486400000,6.989,7.032,6.903,6.925,3533734.0
1715500800000,6.925,7.05,6.902,6.979,4028201.0
1715515200000,6.978,7.029,6.935,6.999,3722716.0
1715529600000,6.998,7.059,6.87,6.877,4828785.0
1715544000000,6.877,6.902,6.825,6.881,2617458.0
1715558400000,6.882,6.971,6.627,6.65,10583493.0
1715572800000,6.65,6.966,6.539,6.958,9117120.0
1715587200000,6.958,7.195,6.957,7.126,12668776.0
1715601600000,7.125,7.373,7.07,7.317,10782724.0
1715616000000,7.317,7.348,7.126,7.294,9926589.0
1715630400000,7.294,7.343,7.238,7.289,4664133.0
1715644800000,7.289,7.383,7.122,7.161,8691783.0
1715659200000,7.161,7.39,7.068,7.37,13331865.0
1715673600000,7.369,7.381,7.122,7.13,8597003.0
1715688000000,7.131,7.195,6.927,7.046,14640709.0
1715702400000,7.046,7.048,6.929,7.009,5243585.0
1715716800000,7.009,7.055,6.945,7.019,3190778.0
1715731200000,7.018,7.063,6.928,7.016,4465564.0
1715745600000,7.017,7.022,6.902,6.97,4414734.0
1715760000000,6.97,7.25,6.885,7.063,10837399.0
1715774400000,7.062,7.842,7.05,7.664,28874820.0
1715788800000,7.665,7.941,7.593,7.923,12223444.0
1715803200000,7.923,8.093,7.868,8.049,9132424.0
1715817600000,8.049,8.299,8.002,8.172,12421519.0
1715832000000,8.172,8.223,8.01,8.11,8637749.0
1715846400000,8.109,8.24,8.064,8.157,6559154.0
1715860800000,8.157,8.196,7.934,7.973,14985285.0
1715875200000,7.973,8.082,7.849,7.989,9279495.0
1715889600000,7.989,8.128,7.945,8.017,4820991.0
1715904000000,8.018,8.122,7.911,8.08,6092524.0
1715918400000,8.08,8.521,8.002,8.49,13164569.0
1715932800000,8.489,8.495,8.162,8.177,10528300.0
1715947200000,8.177,8.226,7.973,8.109,12941544.0
1715961600000,8.109,8.178,7.941,7.972,7388174.0
1715976000000,7.972,8.075,7.945,8.033,4075235.0
1715990400000,8.033,8.067,7.944,8.03,5057720.0
1716004800000,8.03,8.093,7.932,8.042,3589716.0
1716019200000,8.043,8.117,7.952,7.968,4393454.0
1716033600000,7.968,8.012,7.854,7.903,6652965.0
1716048000000,7.904,7.94,7.807,7.876,3796619.0
1716062400000,7.877,7.94,7.859,7.917,2452344.0
1716076800000,7.917,7.994,7.847,7.933,3784731.0
1716091200000,7.934,7.98,7.872,7.946,2850189.0
1716105600000,7.947,7.949,7.7,7.759,6950319.0
1716120000000,7.759,7.941,7.657,7.835,9136838.0
1716134400000,7.835,7.872,7.71,7.859,4246922.0
1716148800000,7.859,7.949,7.773,7.774,3387230.0
1716163200000,7.775,7.985,7.702,7.929,8290338.0
1716177600000,7.93,8.116,7.879,7.969,8792372.0
1716192000000,7.969,8.033,7.841,7.869,5882615.0
1716206400000,7.869,8.06,7.758,8.058,7354848.0
1716220800000,8.058,8.302,8.001,8.285,12485970.0
1716235200000,8.286,8.326,7.993,8.29,11461789.0
1716249600000,8.291,8.338,8.085,8.101,8101900.0
1716264000000,8.102,8.217,8.066,8.108,4791036.0
1716278400000,8.107,8.246,8.069,8.092,5938507.0
1716292800000,8.091,8.131,7.85,7.874,10284476.0
1716307200000,7.875,7.951,7.764,7.845,7750716.0
1716321600000,7.845,7.893,7.761,7.817,4248975.0
1716336000000,7.818,7.835,7.721,7.83,5308102.0
1716350400000,7.83,7.968,7.7,7.895,5546717.0
1716364800000,7.895,8.022,7.851,7.87,4667416.0
1716379200000,7.871,8.003,7.728,7.884,10782025.0
1716393600000,7.884,8.206,7.85,8.159,8451831.0
1716408000000,8.159,8.271,7.931,7.989,9981622.0
1716422400000,7.988,8.074,7.845,8.067,4520268.0
1716436800000,8.066,8.185,8.043,8.095,6035881.0
1716451200000,8.095,8.107,7.909,7.973,5438483.0
1716465600000,7.972,7.992,7.439,7.657,21498902.0
1716480000000,7.657,7.823,7.6,7.706,7941992.0
1716494400000,7.707,7.843,7.27,7.694,15241152.0
1716508800000,7.694,7.896,7.656,7.871,3905987.0
1716523200000,7.871,7.943,7.591,7.725,6520942.0
1716537600000,7.725,7.732,7.59,7.676,3610084.0
1716552000000,7.677,7.926,7.603,7.876,7521025.0
1716566400000,7.875,8.076,7.772,7.955,6171358.0
1716580800000,7.954,8.046,7.886,7.913,3293216.0
1716595200000,7.913,7.99,7.863,7.907,2642992.0
1716609600000,7.908,8.031,7.893,7.929,3840718.0
1716624000000,7.929,8.092,7.904,8.002,4172952.0
1716638400000,8.002,8.155,7.963,8.067,6586699.0
1716652800000,8.068,8.217,8.003,8.157,4270457.0
1716667200000,8.157,8.265,8.096,8.237,4348915.0
1716681600000,8.237,8.386,8.153,8.172,7056989.0
1716696000000,8.173,8.208,8.061,8.156,4377189.0
1716710400000,8.156,8.181,8.01,8.021,3999525.0
1716724800000,8.022,8.071,7.894,7.935,5260048.0
1716739200000,7.934,8.001,7.886,7.913,3050624.0
1716753600000,7.913,7.921,7.78,7.815,4063746.0
1716768000000,7.815,7.978,7.808,7.89,3637330.0
1716782400000,7.889,7.907,7.8,7.849,2744549.0
1716796800000,7.848,7.861,7.701,7.745,5758373.0
1716811200000,7.745,7.959,7.702,7.937,6580566.0
1716825600000,7.936,7.968,7.711,7.751,5190371.0
1716840000000,7.751,7.897,7.736,7.83,3226638.0
1716854400000,7.831,7.907,7.67,7.778,8125991.0
1716868800000,7.778,7.801,7.605,7.745,5199025.0
1716883200000,7.745,8.0,7.705,7.904,8235653.0
1716897600000,7.903,7.923,7.54,7.633,10684045.0
1716912000000,7.632,7.735,7.524,7.719,4944005.0
1716926400000,7.719,7.742,7.651,7.709,2247080.0
1716940800000,7.708,7.788,7.62,7.773,3441529.0
1716955200000,7.772,7.835,7.724,7.732,3367187.0
1716969600000,7.732,7.798,7.629,7.72,4227190.0
1716984000000,7.721,7.77,7.586,7.597,5392996.0
1716998400000,7.596,7.755,7.55,7.633,3518283.0
1717012800000,7.633,7.676,7.574,7.59,1715268.0
1717027200000,7.589,7.654,7.553,7.627,2285906.0
1717041600000,7.628,7.665,7.242,7.278,7046418.0
1717056000000,7.278,7.415,7.219,7.361,5083129.0
1717070400000,7.361,7.547,7.345,7.429,5516902.0
1717084800000,7.429,7.543,7.378,7.4,3805855.0
1717099200000,7.399,7.399,7.263,7.285,3507249.0
1717113600000,7.286,7.363,7.228,7.339,2950698.0
1717128000000,7.339,7.358,7.255,7.279,2104328.0
1717142400000,7.278,7.363,7.202,7.337,3382090.0
1717156800000,7.337,7.445,7.132,7.136,7822032.0
1717171200000,7.136,7.342,7.084,7.326,4952548.0
1717185600000,7.327,7.35,7.232,7.251,2263568.0
1717200000000,7.251,7.279,7.213,7.227,1671485.0
1717214400000,7.226,7.236,7.179,7.205,1659044.0
1717228800000,7.205,7.278,7.201,7.23,1421187.0
1717243200000,7.23,7.313,7.216,7.284,1937474.0
1717257600000,7.284,7.394,7.268,7.384,2490568.0
1717272000000,7.384,7.475,7.361,7.383,2524217.0
1717286400000,7.382,7.429,7.333,7.402,2307914.0
1717300800000,7.402,7.455,7.381,7.399,1717442.0
1717315200000,7.399,7.51,7.374,7.496,3369843.0
1717329600000,7.496,7.506,7.336,7.356,3234714.0
1717344000000,7.357,7.372,7.124,7.215,5309340.0
1717358400000,7.215,7.239,7.185,7.196,1833228.0
1717372800000,7.196,7.326,7.109,7.231,4195226.0
1717387200000,7.231,7.392,7.166,7.328,3275695.0
1717401600000,7.328,7.36,7.248,7.276,2212521.0
1717416000000,7.277,7.377,7.193,7.335,4743732.0
1717430400000,7.336,7.352,7.223,7.241,2339032.0
1717444800000,7.241,7.261,7.087,7.123,3228412.0
1717459200000,7.123,7.163,7.088,7.116,2648045.0
1717473600000,7.116,7.122,7.012,7.1,3126950.0
1717488000000,7.101,7.143,7.058,7.122,2897070.0
1717502400000,7.122,7.405,7.107,7.404,6394540.0
1717516800000,7.403,7.479,7.375,7.442,4859065.0
1717531200000,7.442,7.452,7.371,7.428,2035046.0
1717545600000,7.428,7.566,7.426,7.513,3376061.0
1717560000000,7.512,7.716,7.495,7.581,6060266.0
1717574400000,7.581,7.625,7.504,7.551,2482295.0
1717588800000,7.552,7.656,7.483,7.622,4199285.0
1717603200000,7.623,7.669,7.566,7.658,2662865.0
1717617600000,7.657,7.688,7.613,7.665,1540664.0
1717632000000,7.665,7.689,7.557,7.564,2011803.0
1717646400000,7.564,7.574,7.485,7.519,2321812.0
1717660800000,7.519,7.549,7.486,7.548,1605674.0
1717675200000,7.548,7.559,7.483,7.484,2932100.0
1717689600000,7.485,7.495,7.289,7.302,5135389.0
1717704000000,7.303,7.363,7.236,7.333,2970975.0
1717718400000,7.334,7.347,7.286,7.317,1533232.0
1717732800000,7.316,7.445,7.309,7.422,2413105.0
1717747200000,7.422,7.457,7.322,7.422,2541861.0
1717761600000,7.422,7.462,7.233,7.314,6612646.0
1717776000000,7.313,7.318,6.004,6.707,24341704.0
1717790400000,6.708,6.903,6.679,6.871,4006087.0
1717804800000,6.871,6.907,6.801,6.872,2578671.0
1717819200000,6.873,6.896,6.812,6.871,1537541.0
1717833600000,6.871,6.871,6.674,6.699,3415964.0
1717848000000,6.698,6.749,6.586,6.643,4743320.0
1717862400000,6.643,6.663,6.505,6.551,3415783.0
1717876800000,6.551,6.587,6.476,6.564,2041336.0
1717891200000,6.565,6.689,6.556,6.604,2686636.0
1717905600000,6.604,6.666,6.543,6.625,1705991.0
1717920000000,6.626,6.655,6.542,6.548,1873092.0
1717934400000,6.547,6.621,6.512,6.573,3496798.0
1717948800000,6.572,6.653,6.569,6.611,1645376.0
1717963200000,6.612,6.628,6.581,6.585,952058.0
1717977600000,6.585,6.587,6.474,6.486,2028793.0
1717992000000,6.486,6.5,6.346,6.354,3769264.0
1718006400000,6.354,6.487,6.352,6.455,2813006.0
1718020800000,6.454,6.637,6.357,6.602,4739813.0
1718035200000,6.603,6.621,6.391,6.406,4170710.0
1718049600000,6.406,6.423,6.334,6.394,2073451.0
1718064000000,6.394,6.408,6.15,6.213,7377054.0
1718078400000,6.212,6.264,6.132,6.215,3719892.0
1718092800000,6.215,6.26,6.166,6.178,3084418.0
1718107200000,6.179,6.208,5.991,6.072,7496332.0
1718121600000,6.073,6.158,6.009,6.12,4063859.0
1718136000000,6.12,6.169,6.035,6.061,1555661.0
1718150400000,6.061,6.138,5.868,6.114,5123710.0
1718164800000,6.114,6.188,6.093,6.178,2258757.0
1718179200000,6.178,6.247,6.13,6.192,2608651.0
1718193600000,6.191,6.72,6.184,6.592,11652573.0
1718208000000,6.592,6.628,6.274,6.318,9096333.0
1718222400000,6.319,6.445,6.281,6.402,3107576.0
1718236800000,6.401,6.405,6.089,6.16,4872962.0
1718251200000,6.16,6.226,6.116,6.155,1983372.0
1718265600000,6.154,6.18,6.079,6.152,3144385.0
1718280000000,6.153,6.294,6.04,6.06,8406026.0
1718294400000,6.059,6.11,6.023,6.042,2562979.0
1718308800000,6.043,6.064,5.853,5.918,4455838.0
1718323200000,5.919,5.973,5.796,5.876,5451170.0
1718337600000,5.877,5.969,5.856,5.939,3205756.0
1718352000000,5.939,5.998,5.904,5.984,3062572.0
1718366400000,5.984,6.007,5.623,5.671,9892770.0
1718380800000,5.672,5.685,5.369,5.502,11143133.0
1718395200000,5.503,5.617,5.455,5.585,3431533.0
1718409600000,5.584,5.642,5.506,5.624,2961090.0
1718424000000,5.623,5.647,5.592,5.598,1826231.0
1718438400000,5.599,5.646,5.585,5.624,1781904.0
1718452800000,5.625,5.697,5.607,5.674,2914892.0
1718467200000,5.674,5.682,5.589,5.616,2067946.0
1718481600000,5.616,5.629,5.57,5.604,1593402.0
1718496000000,5.604,5.611,5.521,5.53,1975833.0
1718510400000,5.53,5.639,5.493,5.606,2143943.0
1718524800000,5.606,5.652,5.563,5.606,2115095.0
1718539200000,5.606,5.666,5.604,5.653,2114241.0
1718553600000,5.653,5.661,5.618,5.651,1734729.0
1718568000000,5.651,5.737,5.621,5.639,3097835.0
1718582400000,5.639,5.732,5.522,5.543,4384387.0
1718596800000,5.543,5.565,5.324,5.332,6252657.0
1718611200000,5.333,5.353,5.146,5.276,8660241.0
1718625600000,5.276,5.314,5.146,5.151,5873582.0
1718640000000,5.152,5.362,4.977,5.286,10178228.0
1718654400000,5.285,5.29,5.132,5.163,3808618.0
1718668800000,5.163,5.188,4.405,4.803,22845141.0
1718683200000,4.804,4.873,4.756,4.842,5229702.0
1718697600000,4.842,4.85,4.647,4.721,5339640.0
1718712000000,4.721,4.742,4.512,4.598,12236397.0
1718726400000,4.598,4.64,4.447,4.634,9519961.0
1718740800000,4.634,4.758,4.615,4.725,6358939.0
1718755200000,4.725,4.998,4.659,4.975,8893859.0
1718769600000,4.976,5.095,4.957,4.999,6396688.0
1718784000000,5.0,5.04,4.919,4.998,5890920.0
1718798400000,4.997,5.063,4.893,4.929,6409643.0
1718812800000,4.928,5.11,4.892,4.998,4983714.0
1718827200000,4.998,5.059,4.93,4.96,2781590.0
1718841600000,4.961,5.119,4.917,5.034,5832332.0
1718856000000,5.035,5.429,4.995,5.42,10603148.0
1718870400000,5.42,5.496,5.326,5.416,9102071.0
1718884800000,5.416,5.44,5.132,5.132,12576218.0
1718899200000,5.132,5.355,5.02,5.327,12272986.0
1718913600000,5.326,5.348,5.153,5.161,3966301.0
1718928000000,5.161,5.276,5.088,5.254,6715783.0
1718942400000,5.254,5.35,5.172,5.189,6720875.0
1718956800000,5.19,5.428,5.136,5.312,11038030.0
1718971200000,5.312,5.427,5.159,5.303,11742392.0
1718985600000,5.304,5.4,5.196,5.359,7294011.0
1719000000000,5.359,5.438,5.301,5.404,5124649.0
1719014400000,5.404,5.426,5.261,5.349,5733530.0
1719028800000,5.349,5.354,5.265,5.287,4256416.0
1719043200000,5.287,5.315,5.217,5.23,4173463.0
1719057600000,5.231,5.268,5.183,5.216,4435272.0
1719072000000,5.216,5.225,5.134,5.146,2937397.0
1719086400000,5.146,5.187,5.11,5.181,2607218.0
1719100800000,5.181,5.398,5.162,5.373,8591350.0
1719115200000,5.373,5.387,5.315,5.363,2522745.0
1719129600000,5.363,5.37,5.309,5.326,2561082.0
1719144000000,5.326,5.446,5.157,5.189,7583070.0
1719158400000,5.188,5.246,5.127,5.217,5186225.0
1719172800000,5.217,5.223,5.095,5.192,5540892.0
1719187200000,5.192,5.389,5.153,5.301,9423313.0
1719201600000,5.3,5.322,5.024,5.262,13150511.0
1719216000000,5.262,5.598,5.08,5.295,31241301.0
1719230400000,5.296,5.366,5.154,5.195,13879243.0
1719244800000,5.195,5.371,5.138,5.252,14456918.0
1719259200000,5.251,5.456,5.14,5.369,10224719.0
1719273600000,5.369,5.627,5.305,5.57,9493590.0
1719288000000,5.571,5.617,5.511,5.518,5103171.0
1719302400000,5.518,5.596,5.481,5.582,5045325.0
1719316800000,5.582,5.635,5.452,5.565,8859213.0
1719331200000,5.565,5.584,5.475,5.493,4990298.0
1719345600000,5.493,5.507,5.388,5.42,3613411.0
1719360000000,5.419,5.515,5.376,5.389,4543665.0
1719374400000,5.39,5.404,5.316,5.339,3780138.0
1719388800000,5.339,5.345,5.204,5.224,6085222.0
1719403200000,5.224,5.281,5.165,5.192,6742984.0
1719417600000,5.192,5.253,5.153,5.246,4323740.0
1719432000000,5.245,5.27,5.163,5.174,3091945.0
1719446400000,5.173,5.22,5.122,5.136,3520668.0
1719460800000,5.136,5.163,5.076,5.087,3458976.0
1719475200000,5.088,5.156,5.072,5.113,4192034.0
1719489600000,5.113,5.37,5.11,5.232,10252934.0
1719504000000,5.233,5.253,5.178,5.224,3607618.0
1719518400000,5.225,5.337,5.204,5.218,3466863.0
1719532800000,5.218,5.243,5.142,5.156,4606028.0
1719547200000,5.156,5.162,5.081,5.105,3438316.0
1719561600000,5.105,5.183,5.088,5.146,3840840.0
1719576000000,5.146,5.228,5.094,5.141,6959045.0
1719590400000,5.14,5.153,4.881,4.9,8725125.0
1719604800000,4.901,4.967,4.856,4.957,4490029.0
1719619200000,4.957,5.033,4.936,5.021,3161623.0
1719633600000,5.021,5.029,4.958,5.002,2329732.0
1719648000000,5.002,5.021,4.965,5.001,1905239.0
1719662400000,5.001,5.048,4.976,5.036,2530543.0
1719676800000,5.035,5.038,4.944,4.972,2165762.0
1719691200000,4.972,5.004,4.916,4.961,2124479.0
1719705600000,4.962,4.992,4.874,4.913,3354516.0
1719720000000,4.913,5.063,4.882,5.032,3218471.0
1719734400000,5.033,5.092,4.986,5.001,3779056.0
1719748800000,5.001,5.114,4.97,5.111,3730856.0
1719763200000,5.112,5.33,5.089,5.299,6130488.0
1719777600000,5.299,5.364,5.229,5.303,7128726.0
1719792000000,5.303,5.39,5.294,5.342,4043369.0
1719806400000,5.342,5.394,5.321,5.366,3114473.0
1719820800000,5.366,5.382,5.251,5.278,4676741.0
1719835200000,5.277,5.332,5.208,5.302,4594494.0
1719849600000,5.303,5.365,5.286,5.355,3338452.0
1719864000000,5.354,5.363,5.254,5.266,2333624.0
1719878400000,5.266,5.38,5.235,5.364,3426423.0
1719892800000,5.364,5.373,5.296,5.31,2102462.0
1719907200000,5.311,5.442,5.291,5.428,4068504.0
1719921600000,5.427,5.496,5.388,5.457,8694735.0
1719936000000,5.458,5.564,5.436,5.546,8208095.0
1719950400000,5.545,5.598,5.475,5.522,4375965.0
1719964800000,5.522,5.581,5.315,5.397,7232789.0
1719979200000,5.396,5.422,5.322,5.323,3513209.0
1719993600000,5.323,5.339,5.136,5.208,9035308.0
1720008000000,5.207,5.262,5.112,5.134,7312194.0
1720022400000,5.133,5.196,5.011,5.045,6292992.0
1720036800000,5.044,5.08,4.99,5.032,3830300.0
1720051200000,5.031,5.094,4.728,4.951,13181279.0
1720065600000,4.951,5.001,4.854,4.956,5832438.0
1720080000000,4.956,4.999,4.858,4.905,8474285.0
1720094400000,4.905,4.909,4.665,4.825,12594997.0
1720108800000,4.824,4.848,4.736,4.78,5947564.0
1720123200000,4.78,4.885,4.595,4.621,7804031.0
1720137600000,4.621,4.627,3.972,4.114,31480210.0
1720152000000,4.114,4.306,3.865,4.2,14622587.0
1720166400000,4.201,4.372,4.035,4.364,10441436.0
1720180800000,4.364,4.505,4.283,4.491,11060707.0
1720195200000,4.491,4.553,4.414,4.448,6439215.0
1720209600000,4.448,4.47,4.391,4.421,4013610.0
1720224000000,4.421,4.574,4.368,4.442,5566427.0
1720238400000,4.441,4.542,4.391,4.509,3974005.0
1720252800000,4.509,4.614,4.462,4.569,4231107.0
1720267200000,4.568,4.682,4.504,4.648,4336463.0
1720281600000,4.648,4.767,4.617,4.74,4065149.0
1720296000000,4.741,4.851,4.738,4.807,2844125.0
1720310400000,4.807,4.824,4.7,4.767,4260690.0
1720324800000,4.766,4.771,4.665,4.711,3063357.0
1720339200000,4.712,4.791,4.696,4.769,2547606.0
1720353600000,4.769,4.799,4.528,4.558,7478763.0
1720368000000,4.558,4.626,4.539,4.576,2681198.0
1720382400000,4.576,4.581,4.375,4.398,5031192.0
1720396800000,4.398,4.413,4.16,4.299,10720960.0
1720411200000,4.298,4.413,4.283,4.358,4421869.0
1720425600000,4.358,4.756,4.347,4.704,11327560.0
1720440000000,4.705,4.753,4.44,4.487,10845735.0
1720454400000,4.487,4.53,4.416,4.456,5578826.0
1720468800000,4.457,4.516,4.398,4.464,3109404.0
1720483200000,4.464,4.603,4.424,4.517,5984239.0
1720497600000,4.517,4.577,4.49,4.5,3847053.0
1720512000000,4.5,4.576,4.48,4.533,3760001.0
1720526400000,4.534,4.559,4.368,4.454,8367430.0
1720540800000,4.454,4.543,4.443,4.541,4762178.0
1720555200000,4.541,4.6,4.494,4.532,5449615.0
1720569600000,4.531,4.581,4.456,4.575,3058933.0
1720584000000,4.575,4.709,4.575,4.646,4587117.0
1720598400000,4.646,4.712,4.576,4.681,3193455.0
1720612800000,4.681,4.698,4.564,4.665,4726938.0
1720627200000,4.666,4.745,4.622,4.639,2789852.0
1720641600000,4.638,4.648,4.582,4.622,2182628.0
1720656000000,4.622,4.702,4.54,4.582,4270779.0
1720670400000,4.581,4.659,4.567,4.646,1997681.0
1720684800000,4.646,4.846,4.646,4.823,7565385.0
1720699200000,4.822,4.996,4.791,4.842,11159130.0
1720713600000,4.841,5.055,4.789,4.941,8030285.0
1720728000000,4.94,4.987,4.866,4.927,6876606.0
1720742400000,4.927,5.047,4.869,4.933,8218606.0
1720756800000,4.933,4.941,4.804,4.823,6461409.0
1720771200000,4.823,4.865,4.74,4.776,4739933.0
1720785600000,4.776,5.012,4.768,4.979,6883178.0
1720800000000,4.979,5.185,4.975,5.127,6095613.0
1720814400000,5.128,5.183,5.027,5.181,3600393.0
1720828800000,5.182,5.222,5.119,5.154,3931031.0
1720843200000,5.154,5.195,5.124,5.183,2492331.0
1720857600000,5.183,5.207,5.142,5.19,3157980.0
1720872000000,5.19,5.215,5.166,5.191,2900146.0
1720886400000,5.19,5.225,5.11,5.15,2708851.0
1720900800000,5.15,5.333,5.1,5.2,5813218.0
1720915200000,5.199,5.393,5.189,5.297,5992534.0
1720929600000,5.297,5.466,5.295,5.393,4183951.0
1720944000000,5.392,5.484,5.362,5.376,4094456.0
1720958400000,5.375,5.379,5.241,5.3,4243031.0
1720972800000,5.3,5.302,5.254,5.265,1590903.0
1720987200000,5.265,5.447,5.26,5.398,4171976.0
1721001600000,5.398,5.588,5.36,5.579,6185519.0
1721016000000,5.577,5.682,5.527,5.67,3821836.0
1721030400000,5.671,5.699,5.543,5.556,4036122.0
1721044800000,5.556,5.647,5.531,5.573,4033883.0
1721059200000,5.574,5.78,5.537,5.705,5119113.0
1721073600000,5.704,5.997,5.695,5.913,7011436.0
1721088000000,5.913,6.072,5.859,6.034,6596308.0
1721102400000,6.035,6.238,5.911,5.973,13071041.0
1721116800000,5.973,6.119,5.926,6.112,7804558.0
1721131200000,6.113,6.239,6.053,6.201,8901693.0
1721145600000,6.2,6.231,6.119,6.227,6335990.0
1721160000000,6.227,6.274,6.15,6.245,3364114.0
1721174400000,6.244,6.488,6.226,6.435,7781570.0
1721188800000,6.436,6.454,6.227,6.238,5503442.0
1721203200000,6.239,6.274,6.085,6.119,6649545.0
1721217600000,6.119,6.263,6.056,6.088,7896674.0
1721232000000,6.087,6.246,6.003,6.2,6009594.0
1721246400000,6.199,6.233,6.059,6.068,2862195.0
1721260800000,6.068,6.232,6.068,6.194,3609063.0
1721275200000,6.196,6.196,6.052,6.059,2643191.0
1721289600000,6.059,6.114,6.005,6.082,3108182.0
1721304000000,6.082,6.218,5.915,5.927,6004736.0
1721318400000,5.927,6.139,5.866,6.048,4888557.0
1721332800000,6.048,6.133,6.02,6.036,1948324.0
1721347200000,6.037,6.101,5.856,6.101,3490492.0
1721361600000,6.1,6.158,5.99,6.033,4008801.0
1721376000000,6.034,6.144,5.939,6.107,4966105.0
1721390400000,6.108,6.352,6.037,6.309,7053738.0
1721404800000,6.309,6.433,6.301,6.402,5298836.0
1721419200000,6.402,6.441,6.346,6.429,2117050.0
1721433600000,6.43,6.439,6.324,6.348,2237195.0
1721448000000,6.347,6.414,6.324,6.343,2120884.0
1721462400000,6.342,6.362,6.281,6.284,1636375.0
1721476800000,6.285,6.372,6.255,6.306,2373916.0
1721491200000,6.306,6.362,6.264,6.269,2606880.0
1721505600000,6.269,6.31,6.233,6.283,1683634.0
1721520000000,6.284,6.355,6.251,6.319,2348896.0
1721534400000,6.318,6.358,6.151,6.159,2785233.0
1721548800000,6.159,6.217,6.105,6.137,2722242.0
1721563200000,6.137,6.215,6.051,6.14,3227147.0
1721577600000,6.139,6.196,5.909,6.192,7418561.0
1721592000000,6.191,6.38,6.169,6.335,5111279.0
1721606400000,6.335,6.462,6.276,6.287,4325156.0
1721620800000,6.287,6.293,6.122,6.154,3872660.0
1721635200000,6.154,6.255,6.082,6.166,3280311.0
1721649600000,6.165,6.219,6.102,6.119,3386761.0
1721664000000,6.12,6.187,6.089,6.183,1765764.0
1721678400000,6.183,6.189,5.988,6.028,2501314.0
1721692800000,6.029,6.088,5.999,6.015,1933313.0
1721707200000,6.015,6.028,5.807,5.842,4325799.0
1721721600000,5.842,6.036,5.834,5.916,3871530.0
1721736000000,5.917,5.946,5.781,5.841,5042353.0
1721750400000,5.84,5.853,5.689,5.756,4414189.0
1721764800000,5.757,5.803,5.708,5.759,1758203.0
1721779200000,5.759,5.787,5.659,5.734,2576493.0
1721793600000,5.734,5.836,5.669,5.807,2035242.0
1721808000000,5.807,5.999,5.786,5.973,3753991.0
1721822400000,5.974,5.994,5.745,5.748,4334732.0
1721836800000,5.749,5.85,5.688,5.733,3951265.0
1721851200000,5.734,5.746,5.54,5.615,4570726.0
1721865600000,5.614,5.678,5.446,5.57,9228621.0
1721880000000,5.569,5.727,5.531,5.605,3901593.0
1721894400000,5.604,5.649,5.46,5.573,4178960.0
1721908800000,5.574,5.591,5.333,5.354,9305521.0
1721923200000,5.355,5.437,5.167,5.199,5490902.0
1721937600000,5.199,5.436,5.129,5.411,5854805.0
1721952000000,5.411,5.637,5.388,5.6,4258969.0
1721966400000,5.599,5.667,5.597,5.603,2814876.0
1721980800000,5.603,5.662,5.582,5.631,2545826.0
1721995200000,5.632,5.774,5.563,5.731,5678908.0
1722009600000,5.73,5.818,5.685,5.702,3643532.0
1722024000000,5.702,5.736,5.62,5.712,2376397.0
1722038400000,5.711,5.734,5.629,5.658,2016187.0
1722052800000,5.657,5.844,5.655,5.806,2471883.0
1722067200000,5.806,5.886,5.768,5.813,3724334.0
1722081600000,5.814,5.937,5.701,5.739,5414277.0
1722096000000,5.739,5.748,5.618,5.668,3900613.0
1722110400000,5.669,5.781,5.523,5.673,6626405.0
1722124800000,5.673,5.677,5.578,5.581,2573444.0
1722139200000,5.58,5.587,5.476,5.572,2522921.0
1722153600000,5.573,5.576,5.511,5.522,2179846.0
1722168000000,5.521,5.552,5.429,5.459,2904316.0
1722182400000,5.459,5.508,5.438,5.464,1555672.0
1722196800000,5.464,5.467,5.394,5.44,2053793.0
1722211200000,5.44,5.709,5.422,5.619,5290687.0
1722225600000,5.618,5.66,5.552,5.621,2769778.0
1722240000000,5.621,5.69,5.573,5.576,2717705.0
1722254400000,5.576,5.593,5.32,5.365,6038046.0
1722268800000,5.365,5.377,5.277,5.337,4107639.0
1722283200000,5.337,5.377,5.248,5.268,2890009.0
1722297600000,5.269,5.362,5.217,5.351,3070963.0
1722312000000,5.351,5.368,5.291,5.342,1621216.0
1722326400000,5.342,5.36,5.245,5.266,2277904.0
1722340800000,5.267,5.323,5.177,5.219,4814036.0
1722355200000,5.22,5.225,5.089,5.134,4273559.0
1722369600000,5.134,5.202,5.062,5.148,2837104.0
1722384000000,5.149,5.242,5.118,5.202,2463130.0
1722398400000,5.201,5.253,5.098,5.195,2897426.0
1722412800000,5.194,5.201,5.124,5.159,1799820.0
1722427200000,5.16,5.296,5.13,5.132,3411208.0
1722441600000,5.133,5.224,5.021,5.075,4432409.0
1722456000000,5.074,5.087,4.964,4.987,3988593.0
1722470400000,4.988,5.048,4.974,5.0,2805390.0
1722484800000,4.999,5.045,4.906,5.006,3565879.0
1722499200000,5.006,5.123,5.004,5.066,3154452.0
1722513600000,5.066,5.13,4.832,4.861,7202852.0
1722528000000,4.862,4.868,4.63,4.743,9121812.0
1722542400000,4.743,5.066,4.694,4.975,6257665.0
1722556800000,4.976,5.046,4.826,4.925,4424130.0
1722571200000,4.924,4.939,4.717,4.794,3932584.0
1722585600000,4.793,4.907,4.755,4.849,3333704.0
1722600000000,4.85,5.03,4.62,4.791,14617733.0
1722614400000,4.791,4.801,4.624,4.687,5529357.0
1722628800000,4.687,4.734,4.569,4.6,5470572.0
1722643200000,4.6,4.671,4.429,4.67,8395641.0
1722657600000,4.669,4.725,4.623,4.671,2270344.0
1722672000000,4.671,4.681,4.554,4.589,3318539.0
1722686400000,4.588,4.656,4.45,4.455,3776581.0
1722700800000,4.455,4.492,4.239,4.267,9798270.0
1722715200000,4.267,4.388,4.234,4.361,4709493.0
1722729600000,4.36,4.448,4.335,4.397,2328466.0
1722744000000,4.398,4.411,4.275,4.28,2164155.0
1722758400000,4.28,4.391,4.246,4.385,3548705.0
1722772800000,4.384,4.436,4.134,4.144,8088450.0
1722787200000,4.145,4.254,3.985,4.221,14002139.0
1722801600000,4.22,4.276,4.113,4.131,4473545.0
1722816000000,4.131,4.187,3.408,3.564,37858202.0
1722830400000,3.564,3.647,3.122,3.506,35932442.0
1722844800000,3.506,3.509,3.135,3.285,18861705.0
1722859200000,3.286,3.555,3.074,3.514,34684728.0
1722873600000,3.513,3.673,3.398,3.468,15871611.0
1722888000000,3.468,3.636,3.462,3.522,7663618.0
1722902400000,3.522,3.78,3.511,3.666,10593375.0
1722916800000,3.667,3.792,3.639,3.744,7530164.0
1722931200000,3.745,3.759,3.556,3.574,10707794.0
1722945600000,3.575,3.767,3.487,3.718,14225971.0
1722960000000,3.718,3.791,3.68,3.709,6044290.0
1722974400000,3.71,3.808,3.655,3.675,5577575.0
1722988800000,3.675,3.838,3.617,3.777,7230475.0
1723003200000,3.778,3.838,3.726,3.778,4809783.0
1723017600000,3.778,3.875,3.735,3.737,5749738.0
1723032000000,3.737,3.797,3.547,3.595,11699754.0
1723046400000,3.595,3.614,3.5,3.548,7211770.0
1723060800000,3.548,3.617,3.519,3.567,6199364.0
1723075200000,3.567,3.742,3.459,3.674,8340731.0
1723089600000,3.675,3.756,3.673,3.728,4782172.0
1723104000000,3.728,3.796,3.727,3.771,5096570.0
1723118400000,3.771,3.914,3.702,3.904,9874794.0
1723132800000,3.904,3.966,3.864,3.869,5950517.0
1723147200000,3.868,4.085,3.863,4.063,6188658.0
1723161600000,4.063,4.164,4.01,4.088,8710493.0
1723176000000,4.09,4.112,3.984,4.075,5217408.0
1723190400000,4.075,4.094,3.986,4.001,4210213.0
1723204800000,4.002,4.051,3.91,3.936,8590503.0
1723219200000,3.935,4.014,3.934,3.986,3787263.0
1723233600000,3.987,4.061,3.938,4.052,4503470.0
1723248000000,4.052,4.095,3.987,4.012,3546015.0
1723262400000,4.012,4.023,3.958,4.009,2124478.0
1723276800000,4.008,4.047,3.968,4.034,2331335.0
1723291200000,4.034,4.084,3.983,4.06,3243253.0
1723305600000,4.06,4.254,4.036,4.173,7438656.0
1723320000000,4.173,4.219,4.136,4.16,3011126.0
1723334400000,4.159,4.218,4.129,4.17,3146221.0
1723348800000,4.169,4.177,4.13,4.151,2176535.0
1723363200000,4.151,4.203,4.042,4.064,4635283.0
1723377600000,4.063,4.068,3.931,3.95,5955831.0
1723392000000,3.95,3.974,3.858,3.866,4137728.0
1723406400000,3.865,3.969,3.831,3.864,8272592.0
1723420800000,3.863,3.945,3.851,3.886,4415169.0
1723435200000,3.885,3.985,3.825,3.953,4230888.0
1723449600000,3.953,4.117,3.93,4.11,5750363.0
1723464000000,4.11,4.125,3.894,4.064,10451207.0
1723478400000,4.064,4.1,3.971,4.03,4260804.0
1723492800000,4.031,4.132,3.949,4.108,3559840.0
1723507200000,4.107,4.109,3.978,3.992,3448951.0
1723521600000,3.992,4.034,3.969,3.991,2144096.0
1723536000000,3.992,3.998,3.931,3.97,2661065.0
1723550400000,3.971,4.093,3.966,4.052,4865206.0
1723564800000,4.052,4.406,4.042,4.392,10426927.0
1723579200000,4.393,4.404,4.283,4.304,4734224.0
1723593600000,4.304,4.31,4.223,4.261,3339716.0
1723608000000,4.262,4.281,4.207,4.257,2636231.0
1723622400000,4.257,4.293,4.234,4.251,3332682.0
1723636800000,4.25,4.327,4.112,4.207,10291641.0
1723651200000,4.207,4.223,4.128,4.152,3701826.0
1723665600000,4.151,4.166,4.104,4.165,2098758.0
1723680000000,4.165,4.199,4.137,4.144,2667052.0
1723694400000,4.143,4.153,4.052,4.077,4106129.0
1723708800000,4.078,4.136,4.049,4.122,3216743.0
1723723200000,4.122,4.246,4.097,4.184,7571810.0
1723737600000,4.183,4.212,3.932,3.958,8675079.0
1723752000000,3.958,4.047,3.935,4.023,3921387.0
1723766400000,4.023,4.054,3.95,3.979,3163767.0
1723780800000,3.98,4.071,3.971,4.055,2460066.0
1723795200000,4.054,4.061,3.966,3.978,2644061.0
1723809600000,3.978,4.0,3.821,3.861,9404251.0
1723824000000,3.86,4.021,3.84,4.0,6234833.0
1723838400000,4.001,4.031,3.941,3.964,2173901.0
1723852800000,3.964,4.005,3.937,3.96,2378434.0
1723867200000,3.96,4.015,3.95,3.963,1767240.0
1723881600000,3.962,3.987,3.919,3.948,2614791.0
1723896000000,3.947,4.002,3.935,3.968,2049321.0
1723910400000,3.969,4.021,3.953,3.979,1948135.0
1723924800000,3.98,4.01,3.956,3.99,1152080.0
1723939200000,3.99,4.029,3.954,3.962,2306595.0
1723953600000,3.962,4.023,3.942,3.986,3313392.0
1723968000000,3.986,4.042,3.972,4.02,2578208.0
1723982400000,4.02,4.064,4.004,4.033,2269724.0
1723996800000,4.033,4.052,3.976,4.016,1828073.0
1724011200000,4.016,4.026,3.886,3.896,3114218.0
1724025600000,3.897,3.914,3.859,3.907,3655063.0
1724040000000,3.907,3.909,3.857,3.876,2345747.0
1724054400000,3.876,3.92,3.83,3.888,3696355.0
1724068800000,3.886,3.927,3.844,3.893,4431028.0
1724083200000,3.893,3.962,3.859,3.925,3689808.0
1724097600000,3.925,4.005,3.922,3.998,2079902.0
1724112000000,3.998,4.116,3.98,4.087,4547815.0
1724126400000,4.087,4.136,4.08,4.107,3144817.0
1724140800000,4.107,4.121,4.078,4.093,2410120.0
1724155200000,4.094,4.144,3.943,3.984,6879554.0
1724169600000,3.984,4.057,3.963,4.047,2762137.0
1724184000000,4.048,4.091,3.994,3.998,2163670.0
1724198400000,3.997,4.027,3.955,4.024,2327192.0
1724212800000,4.024,4.072,4.016,4.069,1776578.0
1724227200000,4.069,4.116,4.001,4.067,3944005.0
1724241600000,4.066,4.16,4.013,4.083,9514817.0
1724256000000,4.084,4.263,4.057,4.251,7310418.0
1724270400000,4.251,4.299,4.22,4.245,3651457.0
1724284800000,4.244,4.259,4.162,4.219,2937113.0
1724299200000,4.219,4.244,4.208,4.238,1616999.0
1724313600000,4.238,4.326,4.215,4.321,3354099.0
1724328000000,4.321,4.383,4.218,4.273,7549873.0
1724342400000,4.273,4.346,4.232,4.238,3477923.0
1724356800000,4.238,4.304,4.233,4.302,2517946.0
1724371200000,4.302,4.473,4.301,4.456,5526121.0
1724385600000,4.455,4.502,4.406,4.471,3828556.0
1724400000000,4.471,4.672,4.468,4.583,7526104.0
1724414400000,4.584,4.834,4.53,4.68,13394303.0
1724428800000,4.68,4.788,4.666,4.748,6019330.0
1724443200000,4.748,4.849,4.748,4.837,4672782.0
1724457600000,4.836,4.855,4.735,4.767,3521483.0
1724472000000,4.767,4.832,4.742,4.829,2219962.0
1724486400000,4.828,4.94,4.808,4.875,4292245.0
1724500800000,4.874,5.006,4.855,4.988,4694871.0
1724515200000,4.987,5.243,4.947,5.242,7248549.0
1724529600000,5.242,5.253,4.977,5.038,6142185.0
1724544000000,5.038,5.074,4.854,4.968,6140673.0
1724558400000,4.967,4.98,4.777,4.827,4237171.0
1724572800000,4.827,4.922,4.787,4.887,3619726.0
1724587200000,4.887,5.026,4.866,4.961,4634265.0
1724601600000,4.962,4.988,4.887,4.96,2341093.0
1724616000000,4.961,5.055,4.888,4.916,3972812.0
1724630400000,4.916,5.002,4.84,4.913,3877338.0
1724644800000,4.913,4.982,4.835,4.864,3154562.0
1724659200000,4.864,4.96,4.825,4.908,3962277.0
1724673600000,4.908,4.929,4.766,4.807,6654695.0
1724688000000,4.806,4.864,4.701,4.778,5170983.0
1724702400000,4.778,4.843,4.737,4.78,3146092.0
1724716800000,4.78,4.899,4.78,4.878,3391560.0
1724731200000,4.878,5.009,4.854,4.902,4666276.0
1724745600000,4.902,4.912,4.701,4.724,5650968.0
1724760000000,4.725,4.74,4.622,4.634,6146717.0
1724774400000,4.632,4.903,4.59,4.888,7016279.0
1724788800000,4.887,4.925,4.426,4.524,14515837.0
1724803200000,4.523,4.596,4.436,4.591,5497945.0
1724817600000,4.591,4.6,4.344,4.346,5177657.0
1724832000000,4.347,4.573,4.321,4.531,8190838.0
1724846400000,4.53,4.545,4.334,4.374,8125948.0
1724860800000,4.374,4.494,4.215,4.402,9903001.0
1724875200000,4.402,4.523,4.279,4.341,7035393.0
1724889600000,4.341,4.382,4.295,4.339,2950290.0
1724904000000,4.34,4.419,4.308,4.391,2840682.0
1724918400000,4.391,4.491,4.357,4.447,3259350.0
1724932800000,4.446,4.54,4.426,4.472,4721338.0
1724947200000,4.473,4.505,4.18,4.201,8394068.0
1724961600000,4.201,4.244,4.12,4.208,5850128.0
1724976000000,4.207,4.288,4.185,4.199,4004916.0
1724990400000,4.199,4.29,4.181,4.246,2627975.0
1725004800000,4.247,4.304,4.182,4.184,3500014.0
1725019200000,4.184,4.251,3.939,3.958,13655472.0
1725033600000,3.959,4.142,3.934,4.067,6900250.0
1725048000000,4.066,4.142,4.053,4.111,2192296.0
1725062400000,4.111,4.155,4.093,4.121,1854052.0
1725076800000,4.121,4.161,4.11,4.111,1669914.0
1725091200000,4.111,4.137,4.059,4.11,2429364.0
1725105600000,4.111,4.114,4.045,4.071,1908349.0
1725120000000,4.072,4.074,3.973,4.031,6876045.0
1725134400000,4.031,4.07,4.017,4.029,1365184.0
1725148800000,4.03,4.037,3.95,3.996,2401094.0
1725163200000,3.997,4.017,3.928,4.013,3016372.0
1725177600000,4.013,4.025,3.957,3.995,2068259.0
1725192000000,3.995,4.019,3.892,4.005,4766841.0
1725206400000,4.005,4.066,3.912,4.055,5938055.0
1725220800000,4.055,4.073,3.805,3.846,8598175.0
1725235200000,3.845,3.95,3.834,3.932,5285980.0
1725249600000,3.933,3.959,3.84,3.853,3606263.0
1725264000000,3.852,3.974,3.83,3.943,6235735.0
1725278400000,3.943,3.991,3.88,3.954,4475707.0
1725292800000,3.954,3.982,3.893,3.913,2811337.0
1725307200000,3.914,4.03,3.905,3.988,3525676.0
1725321600000,3.987,4.075,3.98,4.001,3448077.0
1725336000000,4.0,4.02,3.924,4.01,4775928.0
1725350400000,4.01,4.01,3.915,3.927,4095852.0
1725364800000,3.927,3.953,3.72,3.732,9129020.0
1725379200000,3.732,3.81,3.706,3.785,5395990.0
1725393600000,3.785,3.807,3.715,3.725,2951380.0
1725408000000,3.725,3.754,3.549,3.715,11485248.0
1725422400000,3.715,3.742,3.657,3.729,3578089.0
1725436800000,3.73,3.777,3.713,3.755,3205042.0
1725451200000,3.755,3.881,3.737,3.875,7692276.0
1725465600000,3.875,3.94,3.808,3.849,6600493.0
1725480000000,3.849,3.924,3.828,3.886,3301827.0
1725494400000,3.885,3.924,3.807,3.822,2986811.0
1725508800000,3.821,3.852,3.77,3.829,3152787.0
1725523200000,3.828,3.848,3.785,3.799,2124990.0
1725537600000,3.798,3.9,3.749,3.775,7860521.0
1725552000000,3.774,3.798,3.706,3.724,3855976.0
1725566400000,3.723,3.743,3.692,3.71,2058861.0
1725580800000,3.71,3.775,3.686,3.717,3179652.0
1725595200000,3.718,3.731,3.594,3.639,5723763.0
1725609600000,3.638,3.669,3.616,3.648,3769110.0
1725624000000,3.646,3.81,3.578,3.636,16174228.0
1725638400000,3.636,3.642,3.521,3.551,6584792.0
1725652800000,3.55,3.562,3.42,3.547,8150029.0
1725667200000,3.548,3.604,3.54,3.564,2393376.0
1725681600000,3.564,3.651,3.561,3.631,2938715.0
1725696000000,3.631,3.653,3.605,3.624,2137319.0
1725710400000,3.623,3.709,3.623,3.685,2826672.0
1725724800000,3.686,3.753,3.661,3.701,5533151.0
1725739200000,3.701,3.703,3.608,3.664,2261144.0
1725753600000,3.665,3.719,3.641,3.717,2277130.0
1725768000000,3.717,3.783,3.708,3.782,2735136.0
1725782400000,3.782,3.798,3.717,3.725,3713633.0
1725796800000,3.725,3.743,3.66,3.665,3803304.0
1725811200000,3.664,3.726,3.642,3.698,2407367.0
1725825600000,3.698,3.817,3.687,3.754,3924941.0
1725840000000,3.754,3.813,3.747,3.795,2948347.0
1725854400000,3.795,3.843,3.754,3.839,2798007.0
1725868800000,3.839,3.931,3.838,3.873,3497546.0
1725883200000,3.873,3.918,3.825,3.883,4529899.0
1725897600000,3.883,4.07,3.879,4.059,6344998.0
1725912000000,4.059,4.106,4.006,4.013,4304334.0
1725926400000,4.013,4.014,3.94,3.943,2491361.0
1725940800000,3.943,4.038,3.936,4.03,2732675.0
1725955200000,4.03,4.06,3.987,4.056,2858680.0
1725969600000,4.056,4.062,3.971,3.973,5214028.0
1725984000000,3.973,4.08,3.971,4.046,2656938.0
1725998400000,4.046,4.075,4.009,4.031,1897366.0
1726012800000,4.031,4.052,3.969,3.983,3838458.0
1726027200000,3.982,3.983,3.885,3.938,3340350.0
1726041600000,3.939,3.942,3.884,3.936,2537496.0
1726056000000,3.937,3.984,3.811,3.907,8980716.0
1726070400000,3.907,4.039,3.898,3.99,5160292.0
1726084800000,3.99,4.013,3.962,3.966,1610740.0
1726099200000,3.965,4.149,3.964,4.101,5428614.0
1726113600000,4.101,4.177,4.092,4.138,3588674.0
1726128000000,4.138,4.26,4.134,4.221,5505875.0
1726142400000,4.22,4.245,4.126,4.145,7217083.0
1726156800000,4.144,4.3,4.141,4.291,5702336.0
1726171200000,4.291,4.292,4.206,4.246,3520129.0
1726185600000,4.245,4.267,4.206,4.214,2391771.0
1726200000000,4.214,4.232,4.142,4.17,2721440.0
1726214400000,4.17,4.206,4.137,4.145,2870575.0
1726228800000,4.144,4.336,4.112,4.317,6770912.0
1726243200000,4.317,4.367,4.23,4.238,5840948.0
1726257600000,4.239,4.326,4.221,4.285,3140705.0
1726272000000,4.285,4.305,4.215,4.24,1967996.0
1726286400000,4.239,4.243,4.194,4.211,2305719.0
1726300800000,4.21,4.216,4.15,4.165,2527025.0
1726315200000,4.165,4.229,4.158,4.206,2632253.0
1726329600000,4.206,4.24,4.157,4.168,2712385.0
1726344000000,4.168,4.198,4.163,4.191,1468940.0
1726358400000,4.191,4.261,4.178,4.216,2098649.0
1726372800000,4.216,4.234,4.178,4.229,1886801.0
1726387200000,4.23,4.249,4.165,4.177,2552205.0
1726401600000,4.177,4.223,4.144,4.191,3052381.0
1726416000000,4.191,4.194,4.117,4.128,3301770.0
1726430400000,4.129,4.138,3.993,4.015,5429884.0
1726444800000,4.015,4.016,3.884,3.947,6141166.0
1726459200000,3.947,3.994,3.924,3.985,2197291.0
1726473600000,3.985,4.029,3.939,3.961,3100419.0
1726488000000,3.961,3.972,3.849,3.896,4763993.0
1726502400000,3.897,3.918,3.847,3.878,3015679.0
1726516800000,3.879,3.894,3.846,3.877,1701775.0
1726531200000,3.877,3.906,3.829,3.891,2645924.0
1726545600000,3.891,4.015,3.89,4.007,3186592.0
1726560000000,4.007,4.151,4.006,4.053,7503139.0
1726574400000,4.052,4.282,4.015,4.215,10221691.0
1726588800000,4.215,4.302,4.112,4.138,6441312.0
1726603200000,4.138,4.189,4.108,4.131,2534098.0
1726617600000,4.132,4.132,4.026,4.09,4023520.0
1726632000000,4.089,4.096,4.025,4.058,2510529.0
1726646400000,4.057,4.058,3.945,3.969,4669683.0
1726660800000,3.969,4.056,3.932,3.947,5926565.0
1726675200000,3.947,4.277,3.935,4.096,13990800.0
1726689600000,4.095,4.254,4.012,4.25,5643045.0
1726704000000,4.25,4.575,4.25,4.531,13596833.0
1726718400000,4.531,4.584,4.448,4.527,7433037.0
1726732800000,4.527,4.544,4.423,4.475,6330045.0
1726747200000,4.475,4.514,4.428,4.485,7328544.0
1726761600000,4.486,4.525,4.442,4.45,4358854.0
1726776000000,4.45,4.46,4.333,4.363,5903638.0
1726790400000,4.362,4.405,4.255,4.404,6731666.0
1726804800000,4.404,4.504,4.387,4.462,10032486.0
1726819200000,4.463,4.51,4.394,4.426,6469211.0
1726833600000,4.425,4.493,4.337,4.38,7487441.0
1726848000000,4.381,4.406,4.279,4.351,4984569.0
1726862400000,4.351,4.424,4.338,4.384,2565025.0
1726876800000,4.383,4.408,4.306,4.322,3725570.0
1726891200000,4.321,4.352,4.283,4.345,2403545.0
1726905600000,4.346,4.405,4.331,4.399,3319877.0
1726920000000,4.399,4.57,4.383,4.492,8614625.0
1726934400000,4.491,4.556,4.486,4.542,3422333.0
1726948800000,4.542,4.692,4.515,4.664,5371927.0
1726963200000,4.665,4.685,4.523,4.607,7591315.0
1726977600000,4.607,4.609,4.484,4.528,3562052.0
1726992000000,4.528,4.539,4.417,4.446,5451414.0
1727006400000,4.445,4.476,4.402,4.421,4050411.0
1727020800000,4.42,4.606,4.38,4.587,5571178.0
1727035200000,4.587,4.608,4.401,4.522,7595929.0
1727049600000,4.522,4.774,4.394,4.729,14280919.0
1727064000000,4.729,4.955,4.638,4.844,15263919.0
1727078400000,4.843,4.943,4.787,4.843,12755718.0
1727092800000,4.843,5.238,4.812,5.152,24093102.0
1727107200000,5.151,5.198,5.05,5.16,10632822.0
1727121600000,5.161,5.273,5.05,5.173,9824988.0
1727136000000,5.173,5.293,5.052,5.243,14327835.0
1727150400000,5.243,5.357,5.204,5.25,12552124.0
1727164800000,5.25,5.269,5.143,5.213,7901078.0
1727179200000,5.214,5.26,5.079,5.233,13010438.0
1727193600000,5.234,5.359,5.182,5.333,8564064.0
1727208000000,5.332,5.4,5.264,5.344,6894064.0
1727222400000,5.345,5.461,5.304,5.351,8735382.0
1727236800000,5.351,5.368,5.191,5.201,8566136.0
1727251200000,5.202,5.283,5.189,5.233,4971922.0
1727265600000,5.234,5.346,5.2,5.208,7674675.0
1727280000000,5.209,5.269,5.152,5.183,5968154.0
1727294400000,5.184,5.25,5.108,5.142,4856452.0
1727308800000,5.142,5.314,5.115,5.274,8797238.0
1727323200000,5.274,5.6,5.239,5.41,14403323.0
1727337600000,5.409,5.569,5.339,5.544,9455618.0
1727352000000,5.545,5.867,5.511,5.846,18133906.0
1727366400000,5.846,5.872,5.605,5.607,10068932.0
1727380800000,5.607,5.629,5.528,5.544,6143737.0
1727395200000,5.544,5.576,5.436,5.519,5634272.0
1727409600000,5.519,5.752,5.506,5.635,7950112.0
1727424000000,5.635,5.679,5.484,5.526,6200126.0
1727438400000,5.526,5.625,5.385,5.47,13870059.0
1727452800000,5.47,5.513,5.37,5.379,6948252.0
1727467200000,5.38,5.483,5.361,5.452,3691863.0
1727481600000,5.452,5.533,5.424,5.506,4347102.0
1727496000000,5.506,5.518,5.379,5.391,4938441.0
1727510400000,5.391,5.505,5.325,5.442,6338176.0
1727524800000,5.443,5.565,5.388,5.524,5301975.0
1727539200000,5.525,5.536,5.461,5.497,2780258.0
1727553600000,5.497,5.577,5.39,5.56,4368341.0
1727568000000,5.559,5.582,5.43,5.488,3620419.0
1727582400000,5.488,5.504,5.365,5.377,3414921.0
1727596800000,5.376,5.455,5.365,5.413,2934406.0
1727611200000,5.412,5.549,5.35,5.463,6783994.0
1727625600000,5.464,5.627,5.403,5.579,7002558.0
1727640000000,5.578,5.616,5.427,5.5,3994270.0
1727654400000,5.501,5.515,5.273,5.343,9041224.0
1727668800000,5.342,5.399,5.221,5.355,6020506.0
1727683200000,5.354,5.359,5.231,5.323,6832437.0
1727697600000,5.323,5.404,5.266,5.294,7815084.0
1727712000000,5.294,5.472,5.285,5.365,7436039.0
1727726400000,5.364,5.425,5.23,5.283,6836953.0
1727740800000,5.283,5.409,5.226,5.392,6380594.0
1727755200000,5.392,5.56,5.382,5.478,5891960.0
1727769600000,5.478,5.522,5.422,5.459,4171772.0
1727784000000,5.459,5.479,4.819,5.002,25786091.0
1727798400000,5.002,5.023,4.59,4.854,22782359.0
1727812800000,4.855,4.887,4.728,4.834,7783592.0
1727827200000,4.835,4.958,4.768,4.927,5222338.0
1727841600000,4.926,5.003,4.847,4.957,5360307.0
1727856000000,4.956,5.001,4.738,4.801,7246282.0
1727870400000,4.8,4.852,4.67,4.774,9546414.0
1727884800000,4.775,4.861,4.519,4.598,10702448.0
1727899200000,4.598,4.685,4.568,4.623,3857595.0
1727913600000,4.624,4.762,4.553,4.76,5190104.0
1727928000000,4.759,4.767,4.594,4.601,3423505.0
1727942400000,4.601,4.628,4.416,4.531,11141589.0
1727956800000,4.531,4.658,4.45,4.582,10199488.0
1727971200000,4.582,4.644,4.441,4.639,5388424.0
1727985600000,4.638,4.663,4.524,4.637,3224330.0
1728000000000,4.637,4.746,4.585,4.665,4318447.0
1728014400000,4.664,4.728,4.645,4.692,3149844.0
1728028800000,4.691,4.761,4.662,4.716,3959724.0
1728043200000,4.717,4.807,4.632,4.767,8853518.0
1728057600000,4.767,4.86,4.745,4.831,4662089.0
1728072000000,4.831,4.858,4.799,4.827,1986638.0
1728086400000,4.827,4.868,4.704,4.723,4241305.0
1728100800000,4.723,4.807,4.694,4.761,3300072.0
1728115200000,4.761,4.836,4.761,4.79,2141688.0
1728129600000,4.789,4.808,4.676,4.719,3288728.0
1728144000000,4.719,4.737,4.632,4.721,5387455.0
1728158400000,4.722,4.794,4.69,4.775,4536114.0
1728172800000,4.776,4.823,4.738,4.743,2202377.0
1728187200000,4.743,4.768,4.714,4.731,1612721.0
1728201600000,4.73,4.79,4.716,4.769,1709189.0
1728216000000,4.769,4.921,4.76,4.9,4949131.0
1728230400000,4.9,4.939,4.816,4.821,2704639.0
1728244800000,4.822,4.966,4.8,4.949,2355076.0
1728259200000,4.948,5.287,4.915,5.206,9336374.0
1728273600000,5.207,5.264,5.168,5.208,3619156.0
1728288000000,5.209,5.229,5.013,5.109,6597802.0
1728302400000,5.109,5.286,5.039,5.238,9073854.0
1728316800000,5.239,5.324,5.128,5.235,6375763.0
1728331200000,5.236,5.238,5.03,5.042,4696924.0
1728345600000,5.042,5.158,5.038,5.129,3885710.0
1728360000000,5.128,5.15,4.948,5.01,5187286.0
1728374400000,5.01,5.051,4.96,5.01,4478856.0
1728388800000,5.009,5.086,4.887,4.942,8360646.0
1728403200000,4.942,5.003,4.863,4.913,3886010.0
1728417600000,4.913,4.965,4.853,4.89,2497916.0
1728432000000,4.891,4.987,4.864,4.923,3167333.0
1728446400000,4.922,4.974,4.869,4.881,2516463.0
1728460800000,4.88,4.907,4.859,4.885,2061601.0
1728475200000,4.885,4.892,4.721,4.794,8859727.0
1728489600000,4.795,4.801,4.591,4.608,6408103.0
1728504000000,4.607,4.62,4.548,4.605,4320580.0
1728518400000,4.605,4.673,4.558,4.645,3531481.0
1728532800000,4.644,4.683,4.593,4.595,2209059.0
1728547200000,4.596,4.634,4.518,4.631,4407707.0
1728561600000,4.63,4.639,4.476,4.526,7219653.0
1728576000000,4.526,4.562,4.421,4.527,5364769.0
1728590400000,4.527,4.6,4.507,4.59,2515937.0
1728604800000,4.59,4.631,4.544,4.607,3169262.0
1728619200000,4.607,4.66,4.579,4.64,4056186.0
1728633600000,4.64,4.764,4.639,4.711,4907684.0
1728648000000,4.71,4.801,4.71,4.791,6125354.0
1728662400000,4.79,4.806,4.733,4.768,4351013.0
1728676800000,4.767,4.794,4.716,4.734,2863430.0
1728691200000,4.734,4.769,4.675,4.703,2741772.0
1728705600000,4.703,4.776,4.698,4.766,2683486.0
1728720000000,4.765,4.913,4.753,4.849,6037190.0
1728734400000,4.848,4.92,4.8,4.858,4715722.0
1728748800000,4.858,4.903,4.792,4.808,3660086.0
1728763200000,4.809,4.872,4.806,4.845,2493853.0
1728777600000,4.845,4.874,4.728,4.738,5150070.0
1728792000000,4.738,4.792,4.728,4.761,2164687.0
1728806400000,4.76,4.783,4.677,4.686,3433623.0
1728820800000,4.687,4.739,4.585,4.603,5526493.0
1728835200000,4.604,4.666,4.557,4.612,4607189.0
1728849600000,4.612,4.721,4.6,4.699,3157015.0
1728864000000,4.699,4.837,4.625,4.831,6363822.0
1728878400000,4.83,4.854,4.738,4.838,6387288.0
1728892800000,4.838,4.898,4.78,4.868,4525544.0
1728907200000,4.868,5.051,4.841,5.009,9960894.0
1728921600000,5.009,5.039,4.957,5.016,4098450.0
1728936000000,5.015,5.079,5.0,5.025,3498474.0
1728950400000,5.025,5.065,4.912,4.915,4905786.0
1728964800000,4.915,4.979,4.884,4.958,6090763.0
1728979200000,4.959,5.162,4.901,4.949,12686080.0
1728993600000,4.948,5.286,4.865,5.008,26664126.0
1729008000000,5.008,5.179,5.006,5.028,8930297.0
1729022400000,5.027,5.07,4.912,5.063,4316142.0
1729036800000,5.064,5.079,4.949,5.004,3619809.0
1729051200000,5.003,5.061,4.917,4.935,4239809.0
1729065600000,4.935,5.047,4.923,4.987,5338617.0
1729080000000,4.987,5.015,4.889,4.917,7199446.0
1729094400000,4.917,4.966,4.882,4.911,3223904.0
1729108800000,4.911,5.022,4.909,4.943,2893730.0
1729123200000,4.942,5.035,4.942,4.988,2833940.0
1729137600000,4.989,4.996,4.821,4.847,5089092.0
1729152000000,4.847,4.868,4.701,4.713,5633478.0
1729166400000,4.713,4.813,4.695,4.806,6234339.0
1729180800000,4.806,4.806,4.647,4.73,5477197.0
1729195200000,4.73,4.769,4.719,4.768,1624171.0
1729209600000,4.767,4.856,4.729,4.783,3211455.0
1729224000000,4.783,4.848,4.758,4.82,2432186.0
1729238400000,4.82,4.825,4.766,4.776,2528097.0
1729252800000,4.775,4.885,4.735,4.877,5901079.0
1729267200000,4.877,4.942,4.83,4.852,6048744.0
1729281600000,4.852,4.894,4.824,4.892,2188977.0
1729296000000,4.893,4.942,4.858,4.905,3349295.0
1729310400000,4.905,4.926,4.871,4.876,2167688.0
1729324800000,4.876,4.918,4.81,4.813,3660879.0
1729339200000,4.813,4.858,4.79,4.835,2861435.0
1729353600000,4.834,4.841,4.756,4.775,2786531.0
1729368000000,4.774,4.839,4.769,4.814,1954168.0
1729382400000,4.814,4.828,4.717,4.736,2654197.0
1729396800000,4.736,4.772,4.708,4.756,2129062.0
1729411200000,4.755,4.791,4.743,4.787,1701104.0
1729425600000,4.786,4.947,4.744,4.913,6926281.0
1729440000000,4.913,4.934,4.866,4.884,1981500.0
1729454400000,4.884,5.019,4.875,4.98,4226409.0
1729468800000,4.98,5.06,4.929,4.962,4225947.0
1729483200000,4.961,5.049,4.942,4.986,4018566.0
1729497600000,4.987,5.037,4.891,4.901,4289202.0
1729512000000,4.902,4.941,4.761,4.812,7659064.0
1729526400000,4.812,4.856,4.751,4.84,3107666.0
1729540800000,4.84,4.86,4.773,4.778,1788410.0
1729555200000,4.778,4.845,4.71,4.79,4418956.0
1729569600000,4.79,4.834,4.755,4.782,2197839.0
1729584000000,4.782,4.818,4.622,4.683,7574792.0
1729598400000,4.682,4.719,4.62,4.682,5420538.0
1729612800000,4.682,4.692,4.62,4.67,2864063.0
1729627200000,4.669,4.725,4.654,4.678,2162047.0
1729641600000,4.679,4.689,4.582,4.627,3293019.0
1729656000000,4.627,4.671,4.59,4.604,2611618.0
1729670400000,4.604,4.629,4.545,4.581,3823544.0
1729684800000,4.581,4.633,4.516,4.554,4876107.0
1729699200000,4.554,4.591,4.443,4.589,6085793.0
1729713600000,4.589,4.664,4.566,4.648,2578415.0
1729728000000,4.648,4.74,4.627,4.669,4434369.0
1729742400000,4.669,4.708,4.632,4.634,2805216.0
1729756800000,4.633,4.647,4.533,4.607,4956536.0
1729771200000,4.608,4.672,4.605,4.633,4387059.0
1729785600000,4.633,4.704,4.61,4.697,2607304.0
1729800000000,4.696,4.776,4.685,4.717,4201341.0
1729814400000,4.717,4.737,4.629,4.655,2768212.0
1729828800000,4.654,4.658,4.511,4.548,5404697.0
1729843200000,4.549,4.602,4.515,4.593,2808976.0
1729857600000,4.593,4.617,4.475,4.498,5328141.0
1729872000000,4.498,4.535,4.357,4.44,11085385.0
1729886400000,4.44,4.471,3.95,4.166,16433005.0
1729900800000,4.167,4.237,4.094,4.21,6156284.0
1729915200000,4.21,4.251,4.187,4.218,3334090.0
1729929600000,4.217,4.265,4.214,4.262,2604777.0
1729944000000,4.262,4.268,4.125,4.162,4555676.0
1729958400000,4.163,4.243,4.147,4.237,2389328.0
1729972800000,4.237,4.275,4.214,4.234,1748699.0
1729987200000,4.233,4.264,4.203,4.256,1818950.0
1730001600000,4.256,4.266,4.225,4.238,1392298.0
1730016000000,4.238,4.254,4.186,4.193,2319727.0
1730030400000,4.193,4.288,4.191,4.283,2829387.0
1730044800000,4.283,4.339,4.267,4.294,3364040.0
1730059200000,4.294,4.38,4.291,4.305,2839448.0
1730073600000,4.305,4.32,4.178,4.184,3667970.0
1730088000000,4.183,4.262,4.137,4.233,3893886.0
1730102400000,4.233,4.263,4.201,4.248,3274797.0
1730116800000,4.248,4.257,4.137,4.139,5166708.0
1730131200000,4.139,4.246,4.068,4.218,5913998.0
1730145600000,4.25,4.358,4.238,4.296,3143695.0
1730160000000,4.295,4.479,4.285,4.409,6667468.0
1730174400000,4.41,4.461,4.407,4.434,3052053.0
1730188800000,4.433,4.489,4.433,4.476,3340215.0
1730203200000,4.476,4.513,4.421,4.465,6895699.0
1730217600000,4.466,4.518,4.354,4.372,9564772.0
1730232000000,4.373,4.452,4.326,4.436,4242051.0
1730246400000,4.435,4.439,4.343,4.403,3556137.0
1730260800000,4.403,4.435,4.356,4.371,6936065.0
1730275200000,4.37,4.395,4.295,4.298,6115708.0
1730289600000,4.298,4.419,4.267,4.326,10265722.0
1730304000000,4.326,4.365,4.309,4.311,3362501.0
1730318400000,4.31,4.367,4.279,4.308,3638135.0
1730332800000,4.309,4.332,4.241,4.26,3328820.0
1730347200000,4.26,4.289,4.229,4.253,2937624.0
1730361600000,4.254,4.257,4.188,4.222,5944572.0
1730376000000,4.222,4.228,4.114,4.122,9656989.0
1730390400000,4.12,4.129,4.016,4.023,8014546.0
1730404800000,4.022,4.093,4.02,4.052,3414894.0
1730419200000,4.052,4.077,3.956,4.013,5887964.0
1730433600000,4.014,4.037,3.91,3.933,6053954.0
1730448000000,3.934,4.02,3.922,3.997,5146427.0
1730462400000,3.997,4.159,3.907,3.961,13601106.0
1730476800000,3.961,4.046,3.951,3.972,6393846.0
1730491200000,3.972,3.979,3.86,3.926,5349647.0
1730505600000,3.926,3.986,3.921,3.946,1917722.0
1730520000000,3.945,3.977,3.937,3.97,2958196.0
1730534400000,3.97,3.979,3.911,3.914,3081206.0
1730548800000,3.914,3.921,3.831,3.879,6576651.0
1730563200000,3.879,3.926,3.844,3.845,4406042.0
1730577600000,3.846,3.853,3.765,3.806,5160550.0
1730592000000,3.806,3.836,3.643,3.73,10023665.0
1730606400000,3.731,3.782,3.728,3.748,2694546.0
1730620800000,3.749,3.755,3.669,3.678,3384296.0
1730635200000,3.678,3.704,3.555,3.631,11845103.0
1730649600000,3.631,3.685,3.552,3.639,8481661.0
1730664000000,3.64,3.708,3.627,3.685,3954287.0
1730678400000,3.685,3.756,3.641,3.698,4779264.0
1730692800000,3.697,3.722,3.615,3.624,3599360.0
1730707200000,3.624,3.693,3.598,3.675,4636727.0
1730721600000,3.675,3.709,3.637,3.681,8467850.0
1730736000000,3.681,3.694,3.586,3.619,5600734.0
1730750400000,3.619,3.623,3.502,3.618,8203246.0
1730764800000,3.619,3.67,3.608,3.658,3613967.0
1730779200000,3.658,3.703,3.653,3.696,2603113.0
1730793600000,3.696,3.741,3.684,3.74,3651196.0
1730808000000,3.74,3.935,3.72,3.863,11167820.0
1730822400000,3.864,3.927,3.741,3.758,6329249.0
1730836800000,3.758,3.844,3.747,3.807,3800055.0
1730851200000,3.807,4.204,3.805,4.177,15050444.0
1730865600000,4.177,4.252,4.105,4.142,14365841.0
1730880000000,4.142,4.174,4.028,4.15,9418272.0
1730894400000,4.15,4.176,4.04,4.065,6692187.0
1730908800000,4.066,4.162,4.042,4.162,4947436.0
1730923200000,4.162,4.291,4.16,4.234,5556847.0
1730937600000,4.233,4.35,4.171,4.276,8034510.0
1730952000000,4.276,4.279,4.113,4.149,6478615.0
1730966400000,4.149,4.199,4.116,4.118,4834249.0
1730980800000,4.117,4.233,4.082,4.232,6308683.0
1730995200000,4.232,4.269,4.184,4.233,6184493.0
1731009600000,4.232,4.313,4.191,4.234,4125214.0
1731024000000,4.234,4.344,4.164,4.212,6604768.0
1731038400000,4.211,4.247,4.165,4.199,3649692.0
1731052800000,4.198,4.264,4.153,4.237,4291018.0
1731067200000,4.237,4.395,4.232,4.291,10656440.0
1731081600000,4.291,4.324,4.162,4.295,11871765.0
1731096000000,4.295,4.358,4.216,4.334,3751194.0
1731110400000,4.335,4.342,4.242,4.247,3700141.0
1731124800000,4.247,4.459,4.247,4.387,6478413.0
1731139200000,4.387,4.443,4.365,4.433,4652732.0
1731153600000,4.432,4.448,4.294,4.34,5263963.0
1731168000000,4.34,4.368,4.252,4.329,4380272.0
1731182400000,4.329,4.697,4.32,4.643,15065261.0
1731196800000,4.644,4.687,4.522,4.652,9678818.0
1731211200000,4.652,4.818,4.637,4.758,10393300.0
1731225600000,4.758,4.827,4.725,4.756,7596223.0
1731240000000,4.757,4.957,4.661,4.845,20329028.0
1731254400000,4.845,4.93,4.674,4.739,10920379.0
1731268800000,4.739,4.756,4.446,4.726,14126171.0
1731283200000,4.726,5.213,4.702,5.123,17584868.0
1731297600000,5.123,5.419,5.043,5.193,27709307.0
1731312000000,5.192,5.449,5.16,5.387,18585890.0
1731326400000,5.387,5.426,5.137,5.217,20143093.0
1731340800000,5.217,5.583,5.169,5.381,23460095.0
1731355200000,5.381,5.59,5.251,5.568,24144059.0
1731369600000,5.567,5.758,5.317,5.733,23790041.0
1731384000000,5.733,5.76,5.475,5.557,15917090.0
1731398400000,5.557,5.711,4.93,5.198,33786594.0
1731412800000,5.198,5.259,5.014,5.068,22516271.0
1731427200000,5.067,5.315,4.964,5.284,12636579.0
1731441600000,5.285,5.423,5.167,5.341,10649532.0
1731456000000,5.342,5.552,5.13,5.149,20656710.0
1731470400000,5.149,5.35,4.969,5.172,21565928.0
1731484800000,5.173,5.302,5.085,5.251,10148689.0
1731499200000,5.251,5.541,5.183,5.505,22595349.0
1731513600000,5.504,5.512,5.097,5.103,15029460.0
1731528000000,5.103,5.19,4.956,5.171,14367476.0
1731542400000,5.172,5.19,5.016,5.121,8449265.0
1731556800000,5.121,5.385,5.091,5.368,15252665.0
1731571200000,5.368,5.419,5.111,5.255,12423545.0
1731585600000,5.255,5.372,5.099,5.201,17460201.0
1731600000000,5.201,5.55,5.155,5.461,15859080.0
1731614400000,5.46,5.656,5.239,5.42,21554995.0
1731628800000,5.419,5.506,5.27,5.448,13043182.0
1731643200000,5.447,5.544,5.175,5.433,16250372.0
1731657600000,5.433,5.682,5.352,5.54,17519738.0
1731672000000,5.54,5.614,5.306,5.355,17732599.0
1731686400000,5.355,5.452,5.301,5.364,8910973.0
1731700800000,5.363,5.672,5.359,5.562,14051866.0
1731715200000,5.562,6.194,5.458,6.133,22031950.0
1731729600000,6.133,6.232,5.95,6.186,18774865.0
1731744000000,6.187,6.391,6.116,6.156,19536712.0
1731758400000,6.156,6.18,5.807,5.835,14305756.0
1731772800000,5.834,5.976,5.727,5.935,10798565.0
1731787200000,5.936,6.01,5.855,5.949,9976310.0
1731801600000,5.95,6.084,5.7,5.915,18483227.0
1731816000000,5.915,6.162,5.913,6.054,14561275.0
1731830400000,6.055,6.088,5.826,5.829,6794274.0
1731844800000,5.83,5.966,5.821,5.926,5477640.0
1731859200000,5.927,5.996,5.676,5.75,8089608.0
1731873600000,5.75,5.806,5.604,5.708,6960430.0
1731888000000,5.708,6.065,5.65,6.053,9809549.0
1731902400000,6.054,6.061,5.841,5.915,7361945.0
1731916800000,5.915,5.954,5.731,5.767,6988756.0
1731931200000,5.768,6.045,5.714,6.011,10897308.0
1731945600000,6.011,6.3,5.811,5.928,17809545.0
1731960000000,5.928,6.089,5.862,6.024,6309631.0
1731974400000,6.024,6.104,5.932,5.944,5347379.0
1731988800000,5.943,5.998,5.841,5.891,5691557.0
1732003200000,5.892,5.93,5.762,5.912,5778476.0
1732017600000,5.911,6.02,5.724,5.799,10187655.0
1732032000000,5.797,5.924,5.757,5.855,6693593.0
1732046400000,5.855,5.873,5.613,5.784,8954827.0
1732060800000,5.785,5.786,5.487,5.584,8117631.0
1732075200000,5.583,5.639,5.522,5.613,4858704.0
1732089600000,5.613,5.844,5.598,5.732,9642455.0
1732104000000,5.732,5.85,5.625,5.701,9734544.0
1732118400000,5.7,5.722,5.336,5.397,13697076.0
1732132800000,5.398,5.603,5.366,5.478,5236012.0
1732147200000,5.479,5.576,5.301,5.419,7627318.0
1732161600000,5.42,5.607,5.376,5.5,8162020.0
1732176000000,5.499,5.533,5.363,5.466,5209036.0
1732190400000,5.465,5.863,5.459,5.597,24457860.0
1732204800000,5.598,5.766,5.589,5.696,8565537.0
1732219200000,5.696,5.815,5.658,5.793,4700469.0
1732233600000,5.792,5.947,5.739,5.775,12862741.0
1732248000000,5.775,5.885,5.654,5.667,7255491.0
1732262400000,5.667,5.769,5.557,5.717,10070842.0
1732276800000,5.718,5.741,5.48,5.688,12922022.0
1732291200000,5.689,5.729,5.603,5.646,7218133.0
1732305600000,5.645,6.189,5.63,6.141,11198381.0
1732320000000,6.142,6.369,6.037,6.156,20597595.0
1732334400000,6.156,6.424,6.057,6.388,12127392.0
1732348800000,6.387,6.447,6.165,6.254,9703413.0
1732363200000,6.254,6.589,6.249,6.467,14485794.0
1732377600000,6.466,6.531,6.067,6.149,17754456.0
1732392000000,6.149,6.269,6.014,6.197,7818462.0
1732406400000,6.197,6.542,6.161,6.464,12466581.0
1732420800000,6.465,6.846,6.334,6.675,19505969.0
1732435200000,6.675,6.675,6.25,6.268,13623362.0
1732449600000,6.268,6.598,6.006,6.264,28003086.0
1732464000000,6.264,6.62,6.236,6.518,12209854.0
1732478400000,6.517,7.011,6.499,6.881,13039472.0
1732492800000,6.879,7.26,6.757,6.993,23835961.0
1732507200000,6.993,7.212,6.836,6.892,13074873.0
1732521600000,6.892,6.944,6.733,6.787,9131879.0
1732536000000,6.786,6.855,6.455,6.705,18977990.0
1732550400000,6.706,6.795,6.534,6.634,10258818.0
1732564800000,6.634,6.774,6.356,6.466,14357044.0
1732579200000,6.465,6.679,6.412,6.486,8855852.0
1732593600000,6.487,6.624,6.368,6.405,7176830.0
1732608000000,6.405,6.414,5.979,6.129,17946335.0
1732622400000,6.129,6.239,6.036,6.047,16620682.0
1732636800000,6.048,6.233,5.962,6.119,9384156.0
1732651200000,6.119,6.593,6.108,6.523,11660225.0
1732665600000,6.523,6.706,6.394,6.547,11286273.0
1732680000000,6.546,6.691,6.456,6.674,8258896.0
1732694400000,6.674,6.889,6.62,6.8,12640974.0
1732708800000,6.8,6.817,6.647,6.771,12603535.0
1732723200000,6.772,6.838,6.629,6.705,6990094.0
1732737600000,6.705,6.877,6.677,6.821,6019640.0
1732752000000,6.82,6.897,6.569,6.687,9272792.0
1732766400000,6.688,6.73,6.545,6.583,4568132.0
1732780800000,6.582,6.691,6.521,6.65,5654959.0
1732795200000,6.649,6.688,6.465,6.483,6074860.0
1732809600000,6.485,6.892,6.484,6.891,9788161.0
1732824000000,6.89,7.18,6.746,7.022,11910752.0
1732838400000,7.022,7.048,6.815,6.827,8164002.0
1732852800000,6.827,6.901,6.783,6.832,4470688.0
1732867200000,6.831,6.989,6.831,6.937,4977485.0
1732881600000,6.938,6.98,6.841,6.914,6107227.0
1732896000000,6.915,6.966,6.796,6.953,5619073.0
1732910400000,6.953,7.027,6.885,6.969,4907891.0
1732924800000,6.969,6.976,6.787,6.911,4899960.0
1732939200000,6.91,6.97,6.85,6.959,4089804.0
1732953600000,6.959,7.093,6.805,6.861,9903932.0
1732968000000,6.861,7.153,6.857,7.135,8964726.0
1732982400000,7.135,7.244,7.044,7.131,7505885.0
1732996800000,7.131,7.173,6.996,7.011,4367654.0
1733011200000,7.011,7.169,6.839,6.95,10822700.0
1733025600000,6.95,7.001,6.874,6.905,3131047.0
1733040000000,6.903,6.994,6.858,6.954,4335928.0
1733054400000,6.953,7.001,6.907,6.97,4492593.0
1733068800000,6.97,7.0,6.828,6.89,5641368.0
1733083200000,6.889,7.012,6.777,6.921,7417032.0
1733097600000,6.92,7.014,6.701,6.749,12401311.0
1733112000000,6.749,6.875,6.607,6.763,11321823.0
1733126400000,6.762,6.82,6.41,6.52,16191416.0
1733140800000,6.52,6.865,6.49,6.835,12038136.0
1733155200000,6.835,6.877,6.583,6.728,10259174.0
1733169600000,6.728,7.5,6.717,7.488,20436421.0
1733184000000,7.488,7.632,7.318,7.327,14291376.0
1733198400000,7.326,7.458,7.184,7.269,9652836.0
1733212800000,7.268,7.478,7.265,7.419,7812472.0
1733227200000,7.419,7.429,6.737,7.077,26972630.0
1733241600000,7.077,7.279,6.935,7.125,10161597.0
1733256000000,7.126,7.406,7.105,7.39,10517491.0
1733270400000,7.389,7.454,7.195,7.326,8935309.0
1733284800000,7.325,7.499,7.318,7.429,6977471.0
1733299200000,7.43,7.681,7.38,7.602,8738488.0
1733313600000,7.6,7.672,7.365,7.584,14212503.0
1733328000000,7.585,7.668,7.161,7.649,13730821.0
1733342400000,7.65,7.722,7.368,7.477,10762557.0
1733356800000,7.478,7.6,7.032,7.369,17561021.0
1733371200000,7.369,7.64,7.282,7.628,7879850.0
1733385600000,7.628,7.75,7.526,7.705,11126137.0
1733400000000,7.705,7.992,7.661,7.847,19184533.0
1733414400000,7.848,8.041,7.714,7.758,11919716.0
1733428800000,7.758,7.864,7.384,7.624,14685126.0
1733443200000,7.623,8.187,7.523,7.951,16091087.0
1733457600000,7.951,8.255,7.888,7.933,9713682.0
1733472000000,7.932,7.995,7.626,7.779,10702449.0
1733486400000,7.778,7.939,7.558,7.824,11225092.0
1733500800000,7.824,8.08,7.808,8.033,8128139.0
1733515200000,8.033,8.148,7.945,8.029,5471220.0
1733529600000,8.03,8.064,7.878,7.879,3944879.0
1733544000000,7.878,7.895,7.701,7.729,6089027.0
1733558400000,7.729,7.855,7.69,7.84,5382570.0
1733572800000,7.84,7.898,7.762,7.825,4584122.0
1733587200000,7.825,7.846,7.661,7.734,5331840.0
1733601600000,7.734,7.825,7.715,7.727,2624533.0
1733616000000,7.727,7.813,7.702,7.711,3505581.0
1733630400000,7.711,7.74,7.553,7.705,5642332.0
1733644800000,7.704,7.707,7.45,7.61,6627271.0
1733659200000,7.61,7.719,7.535,7.68,5231501.0
1733673600000,7.679,7.698,7.582,7.676,3799457.0
1733688000000,7.676,7.867,7.629,7.826,3869357.0
1733702400000,7.826,7.843,7.365,7.448,8313442.0
1733716800000,7.449,7.563,7.26,7.383,6713280.0
1733731200000,7.383,7.385,7.063,7.084,10949762.0
1733745600000,7.084,7.345,7.019,7.089,11832551.0
1733760000000,7.089,7.178,7.04,7.048,5134878.0
1733774400000,7.048,7.066,5.777,6.499,52994658.0
1733788800000,6.499,6.636,6.05,6.308,18932114.0
1733803200000,6.308,6.695,6.141,6.672,13267722.0
1733817600000,6.672,6.839,6.572,6.648,9513608.0
1733832000000,6.649,6.661,6.092,6.105,19764198.0
1733846400000,6.106,6.321,5.933,6.304,19616558.0
1733860800000,6.303,6.506,6.273,6.422,5734682.0
1733875200000,6.422,6.501,6.145,6.439,7966950.0
1733889600000,6.44,6.477,6.364,6.371,2873303.0
1733904000000,6.372,6.639,6.365,6.573,5985948.0
1733918400000,6.573,6.915,6.573,6.876,9903885.0
1733932800000,6.876,6.925,6.741,6.852,5710584.0
1733947200000,6.851,6.906,6.825,6.845,3149226.0
1733961600000,6.845,7.15,6.775,7.054,7133997.0
1733976000000,7.053,7.215,7.04,7.08,6015021.0
1733990400000,7.079,7.22,6.945,7.007,6565956.0
1734004800000,7.007,7.223,6.998,7.128,10472416.0
1734019200000,7.126,7.321,6.915,6.944,11384946.0
1734033600000,6.944,7.049,6.833,6.912,6473619.0
1734048000000,6.911,7.075,6.78,6.95,6171520.0
1734062400000,6.951,6.971,6.742,6.819,5313458.0
1734076800000,6.819,6.983,6.778,6.887,4642740.0
1734091200000,6.888,7.048,6.804,6.823,7178742.0
1734105600000,6.822,6.979,6.805,6.877,5567477.0
1734120000000,6.878,6.999,6.739,6.936,4559649.0
1734134400000,6.935,7.043,6.858,6.901,4787220.0
1734148800000,6.901,6.94,6.824,6.839,2639576.0
1734163200000,6.84,6.904,6.752,6.766,3422334.0
1734177600000,6.766,6.782,6.519,6.656,8125103.0
1734192000000,6.656,6.658,6.484,6.566,5386979.0
1734206400000,6.566,6.711,6.492,6.678,3599491.0
1734220800000,6.679,6.713,6.568,6.594,3327234.0
1734235200000,6.594,6.704,6.464,6.524,4128456.0
1734249600000,6.523,6.665,6.515,6.64,2663874.0
1734264000000,6.641,6.859,6.624,6.805,5392780.0
1734278400000,6.804,6.863,6.729,6.771,2658376.0
1734292800000,6.77,6.904,6.568,6.857,6825385.0
1734307200000,6.858,7.054,6.72,6.763,8395038.0
1734321600000,6.763,6.864,6.731,6.795,4178466.0
1734336000000,6.795,6.808,6.522,6.542,6323794.0
1734350400000,6.543,6.728,6.535,6.67,7045186.0
1734364800000,6.67,6.843,6.667,6.736,7060635.0
1734379200000,6.737,6.773,6.595,6.617,4663854.0
1734393600000,6.617,6.655,6.486,6.655,6390154.0
1734408000000,6.655,6.727,6.534,6.657,6294894.0
1734422400000,6.658,6.879,6.616,6.824,6258006.0
1734436800000,6.823,7.01,6.618,6.656,13207217.0
1734451200000,6.655,6.873,6.587,6.64,9053793.0
1734465600000,6.64,6.697,6.328,6.379,9586234.0
1734480000000,6.379,6.426,6.238,6.245,7601797.0
1734494400000,6.244,6.275,6.139,6.221,7636442.0
1734508800000,6.22,6.309,6.151,6.3,4322827.0
1734523200000,6.299,6.304,6.09,6.106,10860487.0
1734537600000,6.107,6.288,6.032,6.034,8695014.0
1734552000000,6.033,6.089,5.604,5.684,27351166.0
1734566400000,5.684,5.768,5.281,5.756,20408954.0
1734580800000,5.756,5.829,5.68,5.744,5004712.0
1734595200000,5.744,5.869,5.664,5.799,5077409.0
1734609600000,5.8,5.818,5.422,5.533,13024116.0
1734624000000,5.533,5.581,5.011,5.123,26966882.0
1734638400000,5.124,5.346,4.986,5.198,14301861.0
1734652800000,5.199,5.459,5.118,5.29,10558477.0
1734667200000,5.29,5.323,5.041,5.131,8222374.0
1734681600000,5.13,5.133,4.532,4.539,27530859.0
1734696000000,4.54,5.148,4.537,5.101,17910201.0
1734710400000,5.102,5.322,5.045,5.289,7860948.0
1734724800000,5.289,5.399,5.165,5.353,6052116.0
1734739200000,5.352,5.429,5.281,5.354,4841739.0
1734753600000,5.355,5.656,5.347,5.574,6102831.0
1734768000000,5.575,5.6,5.328,5.377,6869672.0
1734782400000,5.378,5.387,5.019,5.16,14264431.0
1734796800000,5.161,5.166,4.924,4.988,8906507.0
1734811200000,4.987,5.084,4.94,5.018,6160121.0
1734825600000,5.019,5.097,4.927,4.991,6342809.0
1734840000000,4.99,5.004,4.836,4.978,6428187.0
1734854400000,4.978,5.123,4.977,5.083,5509249.0
1734868800000,5.084,5.137,4.935,5.019,8421305.0
1734883200000,5.018,5.119,4.92,4.937,5101186.0
1734897600000,4.937,5.102,4.871,5.035,5725663.0
1734912000000,5.036,5.204,4.912,5.199,6976865.0
1734926400000,5.198,5.217,4.993,5.088,5019588.0
1734940800000,5.087,5.202,5.064,5.103,3931538.0
1734955200000,5.103,5.172,4.998,5.006,6750868.0
1734969600000,5.006,5.213,4.998,5.206,7396084.0
1734984000000,5.205,5.699,5.202,5.437,14710318.0
1734998400000,5.436,5.482,5.282,5.397,6221231.0
1735012800000,5.398,5.488,5.371,5.418,4055347.0
1735027200000,5.419,5.524,5.368,5.486,4892402.0
1735041600000,5.485,5.659,5.42,5.611,7338547.0
1735056000000,5.611,5.656,5.479,5.489,5580385.0
1735070400000,5.489,5.591,5.441,5.55,4082232.0
1735084800000,5.549,5.602,5.502,5.542,2986770.0
1735099200000,5.543,5.604,5.47,5.487,2724725.0
1735113600000,5.487,5.645,5.468,5.477,5431363.0
1735128000000,5.477,5.561,5.45,5.469,4218021.0
1735142400000,5.468,5.493,5.387,5.436,3132295.0
1735156800000,5.437,5.472,5.353,5.444,3278928.0
1735171200000,5.444,5.496,5.307,5.326,4596612.0
1735185600000,5.325,5.325,5.224,5.234,3103807.0
1735200000000,5.234,5.248,5.068,5.132,6093835.0
1735214400000,5.132,5.143,5.029,5.06,4454836.0
1735228800000,5.061,5.111,4.994,5.093,3510277.0
1735243200000,5.092,5.133,5.028,5.084,3304516.0
1735257600000,5.084,5.172,5.056,5.136,2910100.0
1735272000000,5.135,5.175,5.039,5.08,3482365.0
1735286400000,5.079,5.311,5.078,5.269,5912809.0
1735300800000,5.27,5.279,5.036,5.07,4647858.0
1735315200000,5.069,5.237,5.025,5.186,5365259.0
1735329600000,5.186,5.195,5.076,5.114,2083374.0
1735344000000,5.114,5.19,5.065,5.158,2073252.0
1735358400000,5.158,5.187,5.11,5.12,1894087.0
1735372800000,5.121,5.201,5.118,5.177,2014095.0
1735387200000,5.176,5.279,5.138,5.185,4068289.0
1735401600000,5.185,5.293,5.173,5.252,2510153.0
1735416000000,5.252,5.368,5.242,5.341,2046459.0
1735430400000,5.341,5.451,5.323,5.449,4020478.0
1735444800000,5.449,5.476,5.337,5.359,2684966.0
1735459200000,5.36,5.37,5.277,5.28,2200375.0
1735473600000,5.279,5.319,5.224,5.238,3153377.0
1735488000000,5.238,5.241,5.146,5.17,2590427.0
1735502400000,5.17,5.178,5.081,5.126,2734469.0
1735516800000,5.126,5.282,5.101,5.226,3775273.0
1735531200000,5.226,5.267,5.14,5.192,4514354.0
1735545600000,5.192,5.239,5.152,5.188,2349884.0
1735560000000,5.187,5.238,4.949,4.992,7186888.0
1735574400000,4.991,5.181,4.955,5.138,4928897.0
1735588800000,5.138,5.2,4.995,5.044,5593856.0
1735603200000,5.045,5.048,4.937,4.95,2740869.0
1735617600000,4.95,5.019,4.922,4.988,2591635.0
1735632000000,4.989,5.115,4.985,5.029,3904901.0
1735646400000,5.029,5.158,5.013,5.108,5332197.0
1735660800000,5.108,5.121,4.969,5.003,4073171.0
1735675200000,5.002,5.011,4.873,4.91,3773208.0
1735689600000,4.91,4.993,4.901,4.935,2119229.0
1735704000000,4.935,5.004,4.921,4.965,3061956.0
1735718400000,4.966,5.009,4.875,4.986,3068024.0
1735732800000,4.986,5.107,4.981,5.102,4537364.0
1735747200000,5.102,5.276,5.051,5.249,5029136.0
1735761600000,5.25,5.332,5.218,5.285,4881992.0
1735776000000,5.285,5.39,5.28,5.364,4623002.0
1735790400000,5.364,5.433,5.318,5.427,4827782.0
1735804800000,5.428,5.569,5.405,5.509,6654068.0
1735819200000,5.509,5.544,5.408,5.433,4671421.0
1735833600000,5.433,5.481,5.386,5.402,3139026.0
1735848000000,5.403,5.446,5.38,5.445,2057288.0
1735862400000,5.446,5.5,5.386,5.494,2759033.0
1735876800000,5.494,5.528,5.432,5.437,2905214.0
1735891200000,5.438,5.684,5.43,5.679,6773440.0
1735905600000,5.68,5.814,5.642,5.801,9984572.0
1735920000000,5.803,5.829,5.731,5.761,3650717.0
1735934400000,5.761,5.817,5.708,5.816,2274301.0
1735948800000,5.817,5.853,5.732,5.848,3419492.0
1735963200000,5.847,5.872,5.778,5.844,1910847.0
1735977600000,5.844,5.844,5.736,5.771,3000709.0
1735992000000,5.771,5.933,5.729,5.76,5505632.0
1736006400000,5.76,5.873,5.752,5.84,2962310.0
1736020800000,5.839,5.895,5.784,5.789,1636162.0
1736035200000,5.789,5.815,5.741,5.776,1886814.0
1736049600000,5.775,5.841,5.769,5.786,1793864.0
1736064000000,5.788,5.792,5.661,5.703,4605112.0
1736078400000,5.703,5.746,5.623,5.737,3800674.0
1736092800000,5.737,5.835,5.72,5.829,3315516.0
1736107200000,5.83,5.985,5.788,5.907,4618384.0
1736121600000,5.906,5.982,5.778,5.969,4507167.0
1736136000000,5.969,5.981,5.84,5.899,2520688.0
1736150400000,5.898,5.942,5.82,5.929,2948131.0
1736164800000,5.929,6.048,5.855,6.045,5892101.0
1736179200000,6.046,6.232,5.985,6.017,7584540.0
1736193600000,6.017,6.061,5.926,6.01,2400244.0
1736208000000,6.01,6.025,5.901,5.948,2370556.0
1736222400000,5.948,6.012,5.907,5.961,1994375.0
1736236800000,5.961,5.999,5.816,5.854,3253424.0
1736251200000,5.854,5.928,5.501,5.588,13278339.0
1736265600000,5.587,5.624,5.386,5.413,7057409.0
1736280000000,5.412,5.46,5.341,5.36,3948589.0
1736294400000,5.36,5.445,5.242,5.293,5451598.0
1736308800000,5.293,5.304,5.066,5.164,6151311.0
1736323200000,5.164,5.25,5.105,5.151,4628458.0
1736337600000,5.152,5.202,5.07,5.139,5146211.0
1736352000000,5.138,5.152,4.858,5.058,10902259.0
1736366400000,5.058,5.177,5.017,5.148,3467136.0
1736380800000,5.149,5.216,5.086,5.1,3712095.0
1736395200000,5.099,5.119,4.949,4.967,3159178.0
1736409600000,4.967,5.063,4.94,4.991,4106596.0
1736424000000,4.99,5.13,4.833,5.089,7874909.0
1736438400000,5.089,5.12,4.923,4.926,5318691.0
1736452800000,4.926,5.005,4.858,4.974,3860348.0
1736467200000,4.974,5.071,4.972,5.048,2287741.0
1736481600000,5.048,5.149,5.005,5.12,3271122.0
1736496000000,5.119,5.149,5.065,5.105,3235853.0
1736510400000,5.104,5.11,4.884,5.008,9691757.0
1736524800000,5.009,5.132,4.943,5.082,3978415.0
1736539200000,5.081,5.105,5.028,5.082,1399824.0
1736553600000,5.081,5.114,5.021,5.03,1571835.0
1736568000000,5.03,5.078,5.012,5.033,1241485.0
1736582400000,5.032,5.075,4.982,5.064,1930449.0
1736596800000,5.064,5.072,4.997,5.019,1509892.0
1736611200000,5.02,5.05,4.997,5.019,1261661.0
1736625600000,5.02,5.166,5.006,5.082,2957208.0
1736640000000,5.082,5.108,5.049,5.098,1433142.0
1736654400000,5.099,5.123,5.033,5.065,1491761.0
1736668800000,5.065,5.074,4.958,5.017,2209106.0
1736683200000,5.018,5.083,4.994,5.072,1869459.0
1736697600000,5.073,5.088,5.005,5.021,1898013.0
1736712000000,5.021,5.036,4.906,4.97,1962527.0
1736726400000,4.969,5.093,4.767,4.812,8533105.0
1736740800000,4.811,4.895,4.648,4.712,7793131.0
1736755200000,4.713,4.721,4.452,4.456,10201512.0
1736769600000,4.457,4.687,4.401,4.638,13077849.0
1736784000000,4.639,4.652,4.456,4.549,7579612.0
1736798400000,4.548,4.788,4.512,4.747,6874987.0
1736812800000,4.747,4.79,4.699,4.76,2954740.0
1736827200000,4.76,4.832,4.755,4.784,2725362.0
1736841600000,4.785,4.954,4.784,4.893,4266312.0
1736856000000,4.893,4.997,4.845,4.937,5734540.0
1736870400000,4.936,5.008,4.888,4.977,2966275.0
1736884800000,4.977,5.054,4.945,5.05,2550372.0
1736899200000,5.051,5.088,4.942,4.997,6347842.0
1736913600000,4.998,5.045,4.95,5.013,2546142.0
1736928000000,5.013,5.027,4.861,4.901,3805618.0
1736942400000,4.9,5.268,4.858,5.244,13985954.0
1736956800000,5.245,5.309,5.15,5.279,4616581.0
1736971200000,5.28,5.334,5.248,5.313,3103055.0
1736985600000,5.313,5.338,5.161,5.189,4105613.0
1737000000000,5.189,5.231,5.166,5.218,1900516.0
1737014400000,5.218,5.227,5.081,5.218,4802312.0
1737028800000,5.218,5.356,5.118,5.276,11862182.0
1737043200000,5.277,5.327,5.204,5.258,4577460.0
1737057600000,5.259,5.281,5.112,5.157,2928446.0
1737072000000,5.158,5.362,5.157,5.264,6159532.0
1737086400000,5.263,5.44,5.249,5.399,5518387.0
1737100800000,5.4,5.6,5.398,5.579,5945083.0
1737115200000,5.58,5.629,5.498,5.578,7691401.0
1737129600000,5.578,5.636,5.533,5.59,3297127.0
1737144000000,5.59,5.794,5.586,5.751,4707739.0
1737158400000,5.752,5.882,5.578,5.61,7108617.0
1737172800000,5.61,5.639,5.364,5.406,7823222.0
1737187200000,5.407,5.526,5.327,5.515,5208623.0
1737201600000,5.515,5.54,5.391,5.436,5148236.0
1737216000000,5.436,5.468,5.302,5.394,6102518.0
1737230400000,5.395,5.469,5.306,5.442,3585802.0
1737244800000,5.442,5.651,5.417,5.446,5991620.0
1737259200000,5.446,5.454,5.25,5.279,5546350.0
1737273600000,5.278,5.279,4.947,4.983,14519948.0
1737288000000,4.984,5.524,4.972,5.402,13370152.0
1737302400000,5.403,5.467,5.338,5.426,4836973.0
1737316800000,5.427,5.462,4.879,4.977,22795232.0
1737331200000,4.977,5.019,4.751,4.994,20464553.0
1737345600000,4.994,5.674,4.933,5.47,19938459.0
1737360000000,5.47,5.599,5.356,5.413,6968652.0
1737374400000,5.413,5.476,5.213,5.32,12048934.0
1737388800000,5.32,5.357,4.9,5.13,23767469.0
1737403200000,5.129,5.192,4.998,5.098,5326855.0
1737417600000,5.098,5.107,4.913,4.99,6971818.0
1737432000000,4.991,5.025,4.876,5.009,5343776.0
1737446400000,5.009,5.142,4.95,5.119,5692097.0
1737460800000,5.119,5.194,5.071,5.122,6021358.0
1737475200000,5.122,5.347,5.102,5.196,8528914.0
1737489600000,5.196,5.32,5.164,5.25,3384269.0
1737504000000,5.25,5.3,5.197,5.22,3668439.0
1737518400000,5.219,5.253,5.14,5.153,3024102.0
1737532800000,5.153,5.187,5.09,5.177,2862543.0
1737547200000,5.177,5.208,5.076,5.147,3823932.0
1737561600000,5.148,5.274,5.1,5.165,4646571.0
1737576000000,5.165,5.221,5.065,5.096,3329334.0
1737590400000,5.096,5.097,4.953,5.004,3941844.0
1737604800000,5.004,5.036,4.963,5.035,3255755.0
1737619200000,5.034,5.034,4.894,4.93,3777827.0
1737633600000,4.931,5.102,4.871,5.026,8831572.0
1737648000000,5.026,5.126,4.853,4.878,6997247.0
1737662400000,4.878,5.054,4.855,4.977,10048398.0
1737676800000,4.978,4.999,4.838,4.901,5281715.0
1737691200000,4.901,5.102,4.88,5.017,4464908.0
1737705600000,5.018,5.109,5.004,5.088,3864217.0
1737720000000,5.088,5.153,5.04,5.15,4774595.0
1737734400000,5.15,5.175,5.083,5.099,3742462.0
1737748800000,5.098,5.12,4.954,4.998,4793328.0
1737763200000,4.998,5.023,4.902,4.998,3667140.0
1737777600000,4.997,4.998,4.874,4.892,3125927.0
1737792000000,4.892,4.945,4.861,4.929,2460674.0
1737806400000,4.93,4.969,4.886,4.953,2287588.0
1737820800000,4.954,4.98,4.9,4.955,2680788.0
1737835200000,4.955,4.994,4.918,4.925,1817962.0
1737849600000,4.925,5.038,4.901,5.014,2819544.0
1737864000000,5.014,5.101,4.999,5.099,3356365.0
1737878400000,5.099,5.143,4.992,5.007,5235042.0
1737892800000,5.007,5.043,4.971,4.993,2524512.0
1737907200000,4.992,5.032,4.961,5.013,1777532.0
1737921600000,5.012,5.017,4.741,4.754,6542540.0
1737936000000,4.754,4.768,4.583,4.649,9604545.0
1737950400000,4.649,4.649,4.351,4.504,10440753.0
1737964800000,4.503,4.531,4.391,4.426,6653082.0
1737979200000,4.425,4.652,4.394,4.607,8211896.0
1737993600000,4.606,4.608,4.422,4.48,4827229.0
1738008000000,4.479,4.698,4.479,4.637,4670608.0
1738022400000,4.638,4.674,4.558,4.622,2630030.0
1738036800000,4.622,4.679,4.534,4.562,3395695.0
1738051200000,4.562,4.601,4.531,4.561,2536381.0
1738065600000,4.56,4.601,4.489,4.542,4890372.0
1738080000000,4.543,4.546,4.407,4.446,4082346.0
1738094400000,4.446,4.456,4.249,4.281,5371986.0
1738108800000,4.28,4.421,4.26,4.403,3055339.0
1738123200000,4.404,4.472,4.389,4.465,2145297.0
1738137600000,4.465,4.557,4.389,4.495,4124826.0
1738152000000,4.495,4.51,4.365,4.399,4640614.0
1738166400000,4.399,4.525,4.305,4.471,7861558.0
1738180800000,4.47,4.581,4.404,4.416,5245238.0
1738195200000,4.415,4.582,4.364,4.579,3451701.0
1738209600000,4.579,4.597,4.509,4.536,3150136.0
1738224000000,4.537,4.603,4.508,4.569,2824906.0
1738238400000,4.57,4.659,4.518,4.618,4323057.0
1738252800000,4.618,4.675,4.592,4.663,3188768.0
1738267200000,4.664,4.675,4.598,4.601,1652514.0
1738281600000,4.602,4.635,4.531,4.582,3393910.0
1738296000000,4.582,4.72,4.543,4.637,3403395.0
1738310400000,4.637,4.73,4.588,4.714,2834558.0
1738324800000,4.715,4.844,4.69,4.835,4701199.0
1738339200000,4.835,4.847,4.636,4.667,5108472.0
1738353600000,4.666,4.67,4.567,4.619,2784898.0
1738368000000,4.619,4.685,4.587,4.622,2608930.0
1738382400000,4.623,4.652,4.574,4.587,1724122.0
1738396800000,4.587,4.602,4.422,4.496,4660999.0
1738411200000,4.495,4.51,4.407,4.457,2661655.0
1738425600000,4.457,4.48,4.329,4.342,3491105.0
1738440000000,4.342,4.363,4.222,4.254,5823907.0
1738454400000,4.255,4.34,4.101,4.114,6494595.0
1738468800000,4.115,4.221,4.101,4.145,3520969.0
1738483200000,4.146,4.209,4.065,4.076,5689511.0
1738497600000,4.075,4.142,4.038,4.083,4778861.0
1738512000000,4.084,4.086,3.624,3.813,27777621.0
1738526400000,3.813,3.87,3.498,3.747,17766458.0
1738540800000,3.747,3.749,2.705,3.131,58915645.0
1738555200000,3.132,3.454,3.046,3.438,18161584.0
1738569600000,3.437,3.459,3.295,3.405,11881202.0
1738584000000,3.404,3.592,3.271,3.56,22777655.0
1738598400000,3.561,3.712,3.498,3.709,12659634.0
1738612800000,3.708,3.794,3.586,3.77,9800492.0
1738627200000,3.771,3.795,3.619,3.646,4610449.0
1738641600000,3.646,3.685,3.298,3.304,13265369.0
1738656000000,3.304,3.493,3.283,3.426,9202203.0
1738670400000,3.426,3.579,3.422,3.485,10182816.0
1738684800000,3.486,3.591,3.44,3.44,6601490.0
1738699200000,3.44,3.476,3.274,3.392,14895058.0
1738713600000,3.392,3.427,3.342,3.394,5448374.0
1738728000000,3.394,3.445,3.352,3.409,4086841.0
1738742400000,3.409,3.474,3.364,3.462,3796911.0
1738756800000,3.461,3.477,3.347,3.385,6952113.0
1738771200000,3.384,3.395,3.236,3.342,7797659.0
1738785600000,3.342,3.361,3.249,3.277,4921309.0
1738800000000,3.276,3.329,3.238,3.301,3628637.0
1738814400000,3.302,3.382,3.294,3.339,3449817.0
1738828800000,3.339,3.378,3.297,3.33,3930662.0
1738843200000,3.331,3.343,3.156,3.181,9295934.0
1738857600000,3.181,3.228,3.128,3.146,7921848.0
1738872000000,3.146,3.209,3.113,3.141,4526699.0
1738886400000,3.141,3.268,3.139,3.224,3684428.0
1738900800000,3.225,3.258,3.154,3.206,3524291.0
1738915200000,3.207,3.306,3.191,3.285,4472559.0
1738929600000,3.284,3.404,3.243,3.329,8747164.0
1738944000000,3.329,3.341,3.247,3.273,4547376.0
1738958400000,3.272,3.277,3.105,3.203,6576471.0
1738972800000,3.202,3.251,3.176,3.187,3408498.0
1738987200000,3.187,3.269,3.16,3.251,4697903.0
1739001600000,3.252,3.263,3.163,3.185,4581210.0
1739016000000,3.185,3.231,3.156,3.223,4635514.0
1739030400000,3.224,3.248,3.191,3.242,4955226.0
1739044800000,3.243,3.312,3.223,3.282,4013377.0
1739059200000,3.282,3.393,3.258,3.392,3776623.0
1739073600000,3.392,3.416,3.363,3.409,4254560.0
1739088000000,3.41,3.474,3.304,3.313,6992117.0
1739102400000,3.312,3.331,3.222,3.274,6780607.0
1739116800000,3.275,3.295,3.181,3.198,3053395.0
1739131200000,3.198,3.231,3.031,3.176,9429575.0
1739145600000,3.177,3.246,3.062,3.135,9133919.0
1739160000000,3.136,3.221,3.11,3.198,4195672.0
1739174400000,3.199,3.266,3.186,3.24,7303801.0
1739188800000,3.24,3.306,3.178,3.179,8556013.0
1739203200000,3.179,3.252,3.177,3.227,4759072.0
1739217600000,3.227,3.254,3.169,3.207,3575775.0
1739232000000,3.207,3.28,3.198,3.235,4011701.0
1739246400000,3.236,3.373,3.234,3.344,6425514.0
1739260800000,3.344,3.383,3.33,3.373,4035458.0
1739275200000,3.373,3.387,3.274,3.304,8392045.0
1739289600000,3.303,3.327,3.126,3.143,7903533.0
1739304000000,3.143,3.262,3.134,3.198,5860695.0
1739318400000,3.198,3.253,3.174,3.19,5823605.0
1739332800000,3.189,3.232,3.172,3.209,5374240.0
1739347200000,3.209,3.233,3.164,3.209,6145369.0
1739361600000,3.208,3.291,3.094,3.214,18051077.0
1739376000000,3.215,3.382,3.178,3.368,7260046.0
1739390400000,3.368,3.469,3.365,3.429,6040582.0
1739404800000,3.429,3.444,3.363,3.414,5154814.0
1739419200000,3.414,3.419,3.299,3.319,3459802.0
1739433600000,3.319,3.339,3.273,3.3,3632421.0
1739448000000,3.301,3.349,3.249,3.323,10689428.0
1739462400000,3.323,3.359,3.271,3.329,5540917.0
1739476800000,3.329,3.401,3.329,3.374,3315668.0
1739491200000,3.374,3.465,3.336,3.455,3359218.0
1739505600000,3.455,3.486,3.374,3.45,5285719.0
1739520000000,3.45,3.548,3.449,3.476,12497712.0
1739534400000,3.475,3.562,3.455,3.528,7548427.0
1739548800000,3.528,3.628,3.487,3.563,6604951.0
1739563200000,3.564,3.585,3.494,3.551,3410143.0
1739577600000,3.551,3.584,3.504,3.572,3108646.0
1739592000000,3.573,3.607,3.491,3.513,2737869.0
1739606400000,3.512,3.539,3.454,3.505,4261362.0
1739620800000,3.505,3.536,3.401,3.442,6836995.0
1739635200000,3.442,3.455,3.394,3.406,2599139.0
1739649600000,3.406,3.418,3.372,3.402,1889937.0
1739664000000,3.402,3.424,3.357,3.397,4553013.0
1739678400000,3.397,3.424,3.358,3.368,2026999.0
1739692800000,3.368,3.542,3.357,3.53,5680205.0
1739707200000,3.531,3.552,3.417,3.482,5158799.0
1739721600000,3.482,3.52,3.437,3.476,3685770.0
1739736000000,3.476,3.498,3.373,3.413,5037361.0
1739750400000,3.412,3.504,3.39,3.42,3714063.0
1739764800000,3.421,3.451,3.32,3.377,6121880.0
1739779200000,3.377,3.455,3.344,3.364,7995394.0
1739793600000,3.363,3.499,3.318,3.324,9687787.0
1739808000000,3.324,3.357,3.216,3.252,8680347.0
1739822400000,3.252,3.32,3.238,3.255,4563875.0
1739836800000,3.256,3.275,3.215,3.27,4282499.0
1739851200000,3.27,3.309,3.14,3.163,8317421.0
1739865600000,3.163,3.212,3.121,3.159,4489719.0
1739880000000,3.158,3.21,3.053,3.077,7715146.0
1739894400000,3.077,3.113,3.023,3.09,6402038.0
1739908800000,3.091,3.139,3.074,3.138,3730952.0
1739923200000,3.138,3.158,3.09,3.134,3194138.0
1739937600000,3.133,3.148,3.056,3.133,5627304.0
1739952000000,3.133,3.191,3.12,3.185,3765827.0
1739966400000,3.185,3.188,3.102,3.121,4193861.0
1739980800000,3.121,3.166,3.107,3.141,2878831.0
1739995200000,3.14,3.172,3.103,3.156,2752058.0
1740009600000,3.155,3.222,3.141,3.2,13825720.0
1740024000000,3.2,3.254,3.175,3.19,8887899.0
1740038400000,3.189,3.296,3.181,3.286,4039035.0
1740052800000,3.286,3.356,3.261,3.268,7593802.0
1740067200000,3.267,3.445,3.263,3.441,6613610.0
1740081600000,3.44,3.505,3.414,3.465,8192338.0
1740096000000,3.465,3.486,3.404,3.428,4016392.0
1740110400000,3.429,3.559,3.428,3.539,4602848.0
1740124800000,3.539,3.632,3.503,3.559,8471047.0
1740139200000,3.559,3.623,3.451,3.522,11202155.0
1740153600000,3.522,3.549,3.226,3.231,15610072.0
1740168000000,3.232,3.331,3.217,3.308,7122245.0
1740182400000,3.309,3.428,3.289,3.402,5678935.0
1740196800000,3.402,3.505,3.387,3.467,6788729.0
1740211200000,3.467,3.642,3.448,3.584,8469926.0
1740225600000,3.585,3.617,3.488,3.509,5929438.0
1740240000000,3.509,3.569,3.493,3.498,4291188.0
1740254400000,3.497,3.5,3.463,3.466,2902700.0
1740268800000,3.466,3.493,3.444,3.456,3265007.0
1740283200000,3.455,3.498,3.437,3.48,2609075.0
1740297600000,3.481,3.482,3.407,3.409,3405818.0
1740312000000,3.409,3.418,3.347,3.352,5085992.0
1740326400000,3.351,3.438,3.348,3.426,3229402.0
1740340800000,3.425,3.458,3.404,3.431,3004811.0
1740355200000,3.431,3.46,3.292,3.306,5760791.0
1740369600000,3.306,3.409,3.265,3.352,6672249.0
1740384000000,3.352,3.353,3.27,3.318,4476021.0
1740398400000,3.319,3.348,3.237,3.273,7124781.0
1740412800000,3.273,3.333,3.205,3.233,5067558.0
1740427200000,3.234,3.288,3.022,3.063,12703373.0
1740441600000,3.063,3.092,2.967,3.003,11059247.0
1740456000000,3.004,3.05,2.75,2.846,22662907.0
1740470400000,2.846,2.969,2.812,2.955,14616264.0
1740484800000,2.956,2.976,2.836,2.904,11182741.0
1740499200000,2.906,2.957,2.863,2.95,8160618.0
1740513600000,2.95,3.059,2.923,3.007,6916636.0
1740528000000,3.007,3.07,2.958,3.051,4821738.0
1740542400000,3.051,3.104,3.007,3.036,4244221.0
1740556800000,3.036,3.097,3.002,3.04,4411128.0
1740571200000,3.041,3.096,2.942,3.07,11713469.0
1740585600000,3.071,3.079,2.88,2.938,10497832.0
1740600000000,2.938,3.083,2.895,3.021,7805323.0
1740614400000,3.022,3.126,2.998,3.066,6915221.0
1740628800000,3.066,3.097,3.03,3.082,3275326.0
1740643200000,3.083,3.177,3.065,3.125,4926781.0
1740657600000,3.124,3.142,3.039,3.088,6591883.0
1740672000000,3.088,3.138,3.041,3.051,6566968.0
1740686400000,3.052,3.067,3.0,3.056,5162908.0
1740700800000,3.057,3.077,2.833,2.844,21187270.0
1740715200000,2.843,2.859,2.763,2.811,10463477.0
1740729600000,2.811,2.888,2.766,2.833,6695601.0
1740744000000,2.833,3.05,2.818,3.028,11901777.0
1740758400000,3.029,3.098,2.992,3.084,5497346.0
1740772800000,3.084,3.102,3.054,3.065,3817435.0
1740787200000,3.066,3.17,3.048,3.131,6059784.0
1740801600000,3.131,3.176,3.06,3.08,6732582.0
1740816000000,3.081,3.121,3.056,3.08,4490111.0
1740830400000,3.079,3.138,3.06,3.12,5128780.0
1740844800000,3.119,3.323,3.116,3.266,12749192.0
1740859200000,3.266,3.314,3.243,3.27,8006465.0
1740873600000,3.271,3.286,3.217,3.219,5248079.0
1740888000000,3.219,3.315,3.2,3.266,7824970.0
1740902400000,3.266,3.298,3.238,3.264,4463862.0
1740916800000,3.264,3.37,3.172,3.273,14171352.0
1740931200000,3.274,3.538,3.259,3.484,22678342.0
1740945600000,3.484,3.562,3.476,3.553,6206854.0
1740960000000,3.553,3.564,3.371,3.397,7526084.0
1740974400000,3.396,3.419,3.255,3.313,6009896.0
1740988800000,3.313,3.327,3.224,3.304,8345093.0
1741003200000,3.304,3.348,3.214,3.253,15649865.0
1741017600000,3.254,3.291,2.932,2.948,21540159.0
1741032000000,2.949,3.026,2.912,2.969,10609274.0
1741046400000,2.969,2.978,2.782,2.805,22838646.0
1741060800000,2.806,2.87,2.796,2.818,13069951.0
1741075200000,2.818,2.842,2.773,2.814,7683418.0
1741089600000,2.814,2.849,2.644,2.739,20865600.0
1741104000000,2.739,2.854,2.557,2.841,24011387.0
1741118400000,2.842,2.918,2.795,2.81,11105586.0
1741132800000,2.81,2.896,2.774,2.805,8454633.0
1741147200000,2.805,2.839,2.778,2.828,5785492.0
1741161600000,2.827,2.94,2.826,2.87,8506960.0
1741176000000,2.871,2.92,2.825,2.846,10253974.0
1741190400000,2.845,2.965,2.81,2.961,7349212.0
1741204800000,2.962,3.046,2.953,2.987,6723794.0
1741219200000,2.987,3.059,2.951,3.054,6740355.0
1741233600000,3.054,3.14,3.001,3.004,7653980.0
1741248000000,3.005,3.194,2.999,3.15,12743834.0
1741262400000,3.151,3.246,3.091,3.223,18994534.0
1741276800000,3.223,3.247,3.069,3.089,14326847.0
1741291200000,3.089,3.164,3.051,3.054,7257743.0
1741305600000,3.055,3.098,2.882,2.947,22985027.0
1741320000000,2.947,3.019,2.937,3.006,7565126.0
1741334400000,3.006,3.075,2.954,3.009,13557270.0
1741348800000,3.01,3.077,2.964,3.001,11821006.0
1741363200000,3.002,3.096,2.922,3.027,12099607.0
1741377600000,3.026,3.053,2.912,2.941,9958936.0
1741392000000,2.941,2.973,2.87,2.916,6200953.0
1741406400000,2.916,2.948,2.885,2.891,3570488.0
1741420800000,2.891,2.902,2.826,2.851,4741406.0
1741435200000,2.852,2.912,2.837,2.871,8634036.0
1741449600000,2.871,2.923,2.825,2.917,6079193.0
1741464000000,2.918,2.941,2.868,2.883,5008379.0
1741478400000,2.884,2.9,2.833,2.855,3100892.0
1741492800000,2.855,2.881,2.814,2.844,3020043.0
1741507200000,2.843,2.845,2.753,2.767,6004538.0
1741521600000,2.767,2.781,2.695,2.718,8995209.0
1741536000000,2.718,2.733,2.538,2.575,15375140.0
1741550400000,2.575,2.597,2.492,2.55,9303447.0
1741564800000,2.55,2.626,2.526,2.556,8753224.0
1741579200000,2.556,2.603,2.55,2.584,3410849.0
1741593600000,2.583,2.671,2.532,2.641,10316336.0
1741608000000,2.64,2.675,2.418,2.47,23375819.0
1741622400000,2.471,2.48,2.238,2.329,22636710.0
1741636800000,2.329,2.347,2.275,2.283,6909363.0
1741651200000,2.283,2.38,2.137,2.331,23971387.0
1741665600000,2.332,2.458,2.328,2.441,8776546.0
1741680000000,2.442,2.488,2.427,2.473,8863841.0
1741694400000,2.474,2.497,2.369,2.484,14715988.0
1741708800000,2.484,2.563,2.425,2.532,9944252.0
1741723200000,2.531,2.54,2.441,2.449,6300015.0
1741737600000,2.448,2.512,2.387,2.39,7154715.0
1741752000000,2.39,2.45,2.345,2.444,9867479.0
1741766400000,2.443,2.499,2.419,2.479,6903068.0
1741780800000,2.478,2.564,2.383,2.456,16206651.0
1741795200000,2.455,2.547,2.449,2.531,6700953.0
1741809600000,2.532,2.574,2.516,2.554,4554191.0
1741824000000,2.554,2.615,2.513,2.567,9567477.0
1741838400000,2.568,2.58,2.506,2.559,4701126.0
1741852800000,2.559,2.656,2.522,2.619,7866130.0
1741867200000,2.618,2.655,2.543,2.551,8495776.0
1741881600000,2.551,2.559,2.478,2.525,7694345.0
1741896000000,2.525,2.595,2.503,2.57,4141214.0
1741910400000,2.571,2.67,2.551,2.663,7875986.0
1741924800000,2.664,2.685,2.612,2.635,41898839.0
1741939200000,2.636,2.714,2.635,2.645,25974373.0
1741953600000,2.644,2.707,2.621,2.673,7557583.0
1741968000000,2.673,2.688,2.63,2.64,4123148.0
1741982400000,2.639,2.645,2.601,2.607,4384555.0
1741996800000,2.607,2.645,2.601,2.642,4763750.0
1742011200000,2.642,2.676,2.629,2.633,5119420.0
1742025600000,2.633,2.656,2.609,2.63,4033427.0
1742040000000,2.631,2.666,2.623,2.649,4231101.0
1742054400000,2.65,2.675,2.626,2.646,4281068.0
1742068800000,2.647,2.695,2.638,2.641,3566653.0
1742083200000,2.641,2.662,2.589,2.647,5345359.0
1742097600000,2.647,2.667,2.629,2.654,2528340.0
1742112000000,2.653,2.666,2.533,2.544,7737005.0
1742126400000,2.545,2.563,2.499,2.522,6843061.0
1742140800000,2.522,2.615,2.489,2.519,10496367.0
1742155200000,2.52,2.541,2.483,2.514,4239132.0
1742169600000,2.514,2.568,2.511,2.562,3411097.0
1742184000000,2.562,2.579,2.505,2.553,3186464.0
1742198400000,2.554,2.59,2.523,2.568,3871991.0
1742212800000,2.568,2.604,2.517,2.574,7916344.0
1742227200000,2.574,2.684,2.56,2.67,6058888.0
1742241600000,2.669,2.681,2.628,2.635,3372712.0
1742256000000,2.636,2.653,2.546,2.549,5132755.0
1742270400000,2.549,2.578,2.52,2.564,3827638.0
1742284800000,2.563,2.595,2.525,2.536,3835275.0
1742299200000,2.536,2.578,2.515,2.532,8132966.0
1742313600000,2.532,2.558,2.5,2.549,4886954.0
1742328000000,2.548,2.594,2.516,2.584,3362096.0
1742342400000,2.584,2.613,2.558,2.596,2867441.0
1742356800000,2.596,2.604,2.563,2.566,2039059.0
1742371200000,2.567,2.722,2.565,2.722,32111939.0
1742385600000,2.722,2.793,2.697,2.783,15976782.0
1742400000000,2.783,2.823,2.742,2.782,10164444.0
1742414400000,2.783,2.8,2.761,2.79,3247360.0
1742428800000,2.791,2.814,2.717,2.719,5013123.0
1742443200000,2.718,2.739,2.706,2.731,4768973.0
1742457600000,2.731,2.757,2.681,2.702,5506583.0
1742472000000,2.701,2.762,2.691,2.709,5371528.0
1742486400000,2.708,2.747,2.674,2.72,4292892.0
1742500800000,2.719,2.749,2.713,2.74,2082317.0
1742515200000,2.739,2.754,2.717,2.721,2670227.0
1742529600000,2.721,2.768,2.721,2.742,3384283.0
1742544000000,2.743,2.763,2.687,2.703,3296433.0
1742558400000,2.702,2.729,2.682,2.701,4762562.0
1742572800000,2.702,2.783,2.692,2.719,4314433.0
1742587200000,2.719,2.768,2.701,2.713,3164182.0
1742601600000,2.714,2.759,2.71,2.734,2566678.0
1742616000000,2.735,2.767,2.725,2.756,2433599.0
1742630400000,2.756,2.793,2.748,2.779,2814088.0
1742644800000,2.779,2.792,2.723,2.739,3643362.0
1742659200000,2.739,2.786,2.734,2.769,2664374.0
1742673600000,2.769,2.775,2.712,2.73,2674512.0
1742688000000,2.73,2.793,2.718,2.792,3042270.0
1742702400000,2.792,2.795,2.759,2.786,2851156.0
1742716800000,2.787,2.794,2.763,2.772,2922535.0
1742731200000,2.772,2.79,2.75,2.758,3167956.0
1742745600000,2.757,2.76,2.718,2.732,3273375.0
1742760000000,2.733,2.779,2.711,2.778,2930045.0
1742774400000,2.777,2.869,2.756,2.843,6862775.0
1742788800000,2.843,2.918,2.843,2.884,5249287.0
1742803200000,2.884,2.959,2.884,2.933,5892002.0
1742817600000,2.933,3.03,2.912,2.97,11611896.0
1742832000000,2.97,2.973,2.918,2.938,4287317.0
1742846400000,2.939,2.949,2.892,2.92,2670471.0
1742860800000,2.921,2.952,2.895,2.908,4230401.0
1742875200000,2.907,2.95,2.897,2.925,2628533.0
1742889600000,2.925,2.992,2.92,2.981,3732251.0
1742904000000,2.982,3.025,2.972,3.012,6560002.0
1742918400000,3.012,3.064,2.984,3.052,5301813.0
1742932800000,3.052,3.075,3.013,3.024,4002169.0
1742947200000,3.024,3.073,3.01,3.02,3474565.0
1742961600000,3.02,3.065,3.009,3.059,3287066.0
1742976000000,3.059,3.069,3.017,3.028,3953343.0
1742990400000,3.029,3.057,2.971,2.977,8173502.0
1743004800000,2.976,3.016,2.931,2.98,7462140.0
1743019200000,2.979,3.021,2.963,2.982,2722542.0
1743033600000,2.983,3.09,2.98,3.06,7263543.0
1743048000000,3.061,3.064,2.99,2.994,3827234.0
1743062400000,2.993,3.032,2.976,2.978,3723151.0
1743076800000,2.978,3.013,2.934,3.0,9671855.0
1743091200000,3.0,3.036,2.99,3.021,4057471.0
1743105600000,3.02,3.038,3.003,3.009,1884030.0
1743120000000,3.01,3.04,2.968,2.978,8757913.0
1743134400000,2.977,2.981,2.806,2.813,7629058.0
1743148800000,2.812,2.822,2.762,2.8,5928899.0
1743163200000,2.801,2.805,2.731,2.744,7285734.0
1743177600000,2.743,2.755,2.698,2.703,3987343.0
1743192000000,2.704,2.741,2.666,2.73,4362419.0
1743206400000,2.73,2.758,2.701,2.756,3608112.0
1743220800000,2.756,2.769,2.653,2.665,3881627.0
1743235200000,2.664,2.694,2.587,2.597,16441695.0
1743249600000,2.598,2.632,2.573,2.576,4904636.0
1743264000000,2.577,2.582,2.518,2.549,5966498.0
1743278400000,2.549,2.572,2.525,2.564,3428418.0
1743292800000,2.565,2.661,2.544,2.621,4585504.0
1743307200000,2.622,2.649,2.592,2.644,3854723.0
1743321600000,2.643,2.731,2.63,2.718,6944300.0
1743336000000,2.718,2.775,2.615,2.636,13521770.0
1743350400000,2.636,2.667,2.582,2.629,6641303.0
1743364800000,2.628,2.632,2.558,2.591,4140526.0
1743379200000,2.592,2.614,2.532,2.561,4412240.0
1743393600000,2.561,2.608,2.52,2.547,6286138.0
1743408000000,2.547,2.569,2.466,2.536,10628446.0
1743422400000,2.537,2.629,2.505,2.598,7907551.0
1743436800000,2.599,2.619,2.508,2.512,10955597.0
1743451200000,2.513,2.536,2.481,2.507,4355715.0
1743465600000,2.507,2.576,2.48,2.567,4817084.0
1743480000000,2.567,2.584,2.526,2.563,3595582.0
1743494400000,2.563,2.654,2.563,2.625,11059859.0
1743508800000,2.625,2.699,2.581,2.683,8329798.0
1743523200000,2.683,2.69,2.633,2.67,4815398.0
1743537600000,2.67,2.695,2.637,2.648,3286260.0
1743552000000,2.649,2.652,2.575,2.584,5984924.0
1743566400000,2.584,2.591,2.516,2.541,4782421.0
1743580800000,2.541,2.608,2.527,2.566,4948647.0
1743595200000,2.567,2.726,2.552,2.696,17554884.0
1743609600000,2.696,2.723,2.606,2.652,8354189.0
1743624000000,2.653,2.744,2.401,2.447,19583890.0
1743638400000,2.448,2.548,2.438,2.513,6404182.0
1743652800000,2.512,2.544,2.45,2.474,4685478.0
1743667200000,2.473,2.488,2.368,2.371,9255927.0
1743681600000,2.371,2.439,2.361,2.401,19806688.0
1743696000000,2.402,2.48,2.392,2.478,6380357.0
1743710400000,2.479,2.521,2.463,2.508,4307252.0
1743724800000,2.509,2.52,2.456,2.481,4656523.0
1743739200000,2.481,2.55,2.445,2.545,6464447.0
1743753600000,2.544,2.571,2.398,2.433,13010092.0
1743768000000,2.433,2.516,2.415,2.462,13547727.0
1743782400000,2.462,2.519,2.427,2.492,12020594.0
1743796800000,2.492,2.522,2.471,2.506,3413166.0
1743811200000,2.507,2.532,2.488,2.494,2357796.0
1743825600000,2.494,2.513,2.46,2.482,6676306.0
1743840000000,2.482,2.492,2.461,2.461,2405798.0
1743854400000,2.461,2.467,2.414,2.428,5302143.0
1743868800000,2.429,2.447,2.409,2.411,2996014.0
1743883200000,2.411,2.448,2.402,2.441,2972799.0
1743897600000,2.441,2.453,2.41,2.42,2175666.0
1743912000000,2.421,2.435,2.389,2.391,2470064.0
1743926400000,2.391,2.412,2.372,2.39,3115616.0
1743940800000,2.389,2.394,2.291,2.336,13680164.0
1743955200000,2.336,2.337,2.153,2.186,17719792.0
1743969600000,2.185,2.198,2.108,2.16,15756412.0
1743984000000,2.16,2.222,2.088,2.12,11580255.0
1743998400000,2.119,2.166,1.983,1.988,32205135.0
1744012800000,1.988,2.093,1.976,2.018,24585529.0
1744027200000,2.018,2.259,1.987,2.13,60070126.0
1744041600000,2.129,2.133,2.037,2.087,17673945.0
1744056000000,2.087,2.15,2.086,2.116,6489086.0
1744070400000,2.117,2.168,2.061,2.116,10932950.0
1744084800000,2.117,2.159,2.07,2.093,7792437.0
1744099200000,2.093,2.154,2.05,2.145,9815366.0
1744113600000,2.145,2.154,2.055,2.068,25341234.0
1744128000000,2.067,2.067,1.877,1.897,29078606.0
1744142400000,1.897,1.918,1.873,1.905,10640912.0
1744156800000,1.905,1.921,1.818,1.856,19682417.0
1744171200000,1.856,1.936,1.851,1.919,15318038.0
1744185600000,1.919,1.933,1.839,1.851,14823285.0
1744200000000,1.851,1.925,1.826,1.902,20782801.0
1744214400000,1.902,2.144,1.896,2.067,61651698.0
1744228800000,2.068,2.132,2.068,2.101,10000242.0
1744243200000,2.102,2.105,2.019,2.048,10184961.0
1744257600000,2.048,2.092,2.027,2.06,9352318.0
1744272000000,2.061,2.066,2.023,2.045,8267194.0
1744286400000,2.045,2.084,1.931,1.949,21711048.0
1744300800000,1.949,2.001,1.939,1.987,12332330.0
1744315200000,1.987,2.018,1.986,2.001,4886239.0
1744329600000,2.001,2.05,1.998,2.022,6836921.0
1744344000000,2.022,2.053,2.017,2.045,5630615.0
1744358400000,2.046,2.08,2.023,2.049,9505536.0
1744372800000,2.05,2.094,2.039,2.066,13768509.0
1744387200000,2.067,2.106,2.049,2.099,8444295.0
1744401600000,2.1,2.121,2.086,2.087,4344322.0
1744416000000,2.088,2.095,2.059,2.071,3985841.0
1744430400000,2.071,2.134,2.062,2.129,7061366.0
1744444800000,2.129,2.149,2.094,2.117,7579564.0
1744459200000,2.117,2.217,2.109,2.205,12489444.0
1744473600000,2.205,2.233,2.187,2.206,8501165.0
1744488000000,2.206,2.234,2.201,2.21,4425422.0
1744502400000,2.211,2.221,2.178,2.19,5420356.0
1744516800000,2.191,2.192,2.155,2.169,5861044.0
1744531200000,2.169,2.209,2.159,2.176,6939435.0
1744545600000,2.176,2.187,2.124,2.144,8766876.0
1744560000000,2.144,2.245,2.121,2.149,14215730.0
1744574400000,2.149,2.172,2.075,2.094,10207346.0
1744588800000,2.093,2.188,2.087,2.108,13066069.0
1744603200000,2.107,2.151,2.074,2.123,8823961.0
1744617600000,2.123,2.209,2.112,2.184,9814497.0
1744632000000,2.184,2.21,2.101,2.109,10724549.0
1744646400000,2.109,2.176,2.099,2.154,8360515.0
1744660800000,2.155,2.158,2.1,2.113,3733734.0
1744675200000,2.113,2.127,2.082,2.127,7257279.0
1744689600000,2.126,2.141,2.094,2.116,5425966.0
1744704000000,2.116,2.127,2.085,2.091,5531868.0
1744718400000,2.092,2.144,2.052,2.064,13071950.0
1744732800000,2.064,2.075,2.026,2.043,7544981.0
1744747200000,2.044,2.059,2.012,2.036,4061109.0
1744761600000,2.036,2.06,2.015,2.043,4060738.0
1744776000000,2.043,2.049,2.001,2.006,4182654.0
1744790400000,2.005,2.038,1.991,2.015,5954159.0
1744804800000,2.015,2.06,1.985,2.015,10665017.0
1744819200000,2.015,2.022,1.911,1.993,26342993.0
1744833600000,1.993,2.01,1.952,1.965,7650429.0
1744848000000,1.965,1.987,1.956,1.967,4102282.0
1744862400000,1.966,2.033,1.96,2.024,4707291.0
1744876800000,2.025,2.041,2.007,2.027,6035725.0
1744891200000,2.028,2.047,1.999,2.034,9135480.0
1744905600000,2.034,2.095,2.021,2.048,11764981.0
1744920000000,2.049,2.067,2.029,2.051,3916379.0
1744934400000,2.051,2.057,2.024,2.038,4946559.0
1744948800000,2.038,2.078,2.033,2.073,7206857.0
1744963200000,2.073,2.09,2.056,2.066,4277547.0
1744977600000,2.066,2.077,2.046,2.054,4889688.0
1744992000000,2.054,2.071,2.041,2.054,4496991.0
1745006400000,2.054,2.063,2.036,2.053,3179122.0
1745020800000,2.053,2.099,2.047,2.096,7450810.0
1745035200000,2.096,2.115,2.075,2.111,4799253.0
1745049600000,2.112,2.124,2.086,2.096,5416715.0
1745064000000,2.096,2.132,2.093,2.121,4061242.0
1745078400000,2.122,2.173,2.109,2.162,5891131.0
1745092800000,2.163,2.198,2.162,2.181,4074402.0
1745107200000,2.182,2.199,2.168,2.196,4124291.0
1745121600000,2.197,2.206,2.17,2.173,5823967.0
1745136000000,2.174,2.189,2.143,2.153,6567063.0
1745150400000,2.153,2.194,2.151,2.175,5262110.0
1745164800000,2.174,2.25,2.173,2.248,5605514.0
1745179200000,2.248,2.275,2.212,2.243,5776062.0
1745193600000,2.243,2.315,2.238,2.266,8198702.0
1745208000000,2.266,2.317,2.256,2.295,6661638.0
1745222400000,2.296,2.335,2.283,2.289,9120139.0
1745236800000,2.288,2.32,2.271,2.287,8753978.0
1745251200000,2.288,2.302,2.216,2.252,8828900.0
1745265600000,2.252,2.253,2.198,2.215,3945335.0
1745280000000,2.215,2.232,2.166,2.187,8381350.0
1745294400000,2.186,2.208,2.147,2.194,7452443.0
1745308800000,2.195,2.243,2.175,2.234,7513397.0
1745323200000,2.235,2.332,2.226,2.295,14026017.0
1745337600000,2.295,2.325,2.274,2.32,5729653.0
1745352000000,2.32,2.425,2.309,2.403,8844774.0
1745366400000,2.403,2.446,2.39,2.441,7029858.0
1745380800000,2.441,2.495,2.423,2.491,6727261.0
1745395200000,2.49,2.509,2.465,2.479,6062640.0
1745409600000,2.478,2.549,2.435,2.49,16432973.0
1745424000000,2.49,2.532,2.453,2.491,7402593.0
1745438400000,2.49,2.516,2.454,2.469,3181003.0
1745452800000,2.469,2.483,2.396,2.4,5731862.0
1745467200000,2.399,2.431,2.379,2.396,5460754.0
1745481600000,2.396,2.435,2.358,2.42,10134027.0
1745496000000,2.421,2.588,2.403,2.517,14021741.0
1745510400000,2.516,2.556,2.481,2.515,5836794.0
1745524800000,2.516,2.545,2.504,2.542,3928339.0
1745539200000,2.542,2.568,2.484,2.526,5605030.0
1745553600000,2.525,2.599,2.519,2.58,5585455.0
1745568000000,2.58,2.642,2.565,2.621,8217542.0
1745582400000,2.622,2.646,2.562,2.6,14782472.0
1745596800000,2.601,2.628,2.573,2.617,5193555.0
1745611200000,2.616,2.648,2.599,2.618,3581773.0
1745625600000,2.618,2.72,2.618,2.712,6416224.0
1745640000000,2.712,2.727,2.669,2.677,4546371.0
1745654400000,2.676,2.712,2.601,2.608,9796784.0
1745668800000,2.608,2.621,2.551,2.603,11375737.0
1745683200000,2.603,2.617,2.58,2.615,3716375.0
1745697600000,2.615,2.634,2.596,2.62,3692007.0
1745712000000,2.621,2.656,2.576,2.606,7371578.0
1745726400000,2.605,2.613,2.538,2.566,5547177.0
1745740800000,2.566,2.594,2.545,2.55,4025582.0
1745755200000,2.55,2.584,2.505,2.512,7645225.0
1745769600000,2.513,2.543,2.491,2.543,4004756.0
1745784000000,2.543,2.544,2.485,2.487,3333599.0
1745798400000,2.488,2.507,2.418,2.497,8624747.0
1745812800000,2.497,2.574,2.493,2.558,11135430.0
1745827200000,2.558,2.595,2.537,2.575,8761871.0
1745841600000,2.575,2.585,2.46,2.49,12188558.0
1745856000000,2.489,2.598,2.462,2.596,11856533.0
1745870400000,2.596,2.627,2.575,2.584,6156152.0
1745884800000,2.584,2.607,2.531,2.559,7819211.0
1745899200000,2.558,2.608,2.516,2.592,7577034.0
1745913600000,2.592,2.618,2.565,2.573,6948053.0
1745928000000,2.574,2.611,2.549,2.568,7275822.0
1745942400000,2.567,2.589,2.539,2.559,4133995.0
1745956800000,2.559,2.566,2.484,2.528,7391316.0
1745971200000,2.528,2.549,2.501,2.539,3657533.0
1745985600000,2.54,2.547,2.5,2.51,2957320.0
1746000000000,2.51,2.533,2.497,2.52,5203125.0
1746014400000,2.52,2.523,2.373,2.419,15219448.0
1746028800000,2.418,2.477,2.407,2.463,4594073.0
1746043200000,2.463,2.491,2.446,2.462,3132904.0
1746057600000,2.462,2.501,2.457,2.476,2984557.0
1746072000000,2.476,2.501,2.462,2.498,2942988.0
1746086400000,2.499,2.593,2.492,2.584,7855866.0
1746100800000,2.583,2.589,2.531,2.552,7792762.0
1746115200000,2.552,2.606,2.552,2.584,5469785.0
1746129600000,2.584,2.596,2.531,2.54,3130034.0
1746144000000,2.541,2.634,2.534,2.579,5285060.0
1746158400000,2.579,2.587,2.52,2.525,4558494.0
1746172800000,2.524,2.569,2.52,2.544,3857639.0
1746187200000,2.543,2.592,2.521,2.578,6145181.0
1746201600000,2.579,2.616,2.501,2.511,5716939.0
1746216000000,2.51,2.523,2.484,2.508,3287400.0
1746230400000,2.509,2.509,2.463,2.473,3815492.0
1746244800000,2.473,2.503,2.466,2.468,3929993.0
1746259200000,2.468,2.513,2.444,2.445,6982407.0
1746273600000,2.446,2.488,2.444,2.458,6600290.0
1746288000000,2.458,2.469,2.396,2.46,5613853.0
1746302400000,2.46,2.466,2.419,2.419,2341782.0
1746316800000,2.42,2.453,2.401,2.425,5313379.0
1746331200000,2.426,2.436,2.404,2.42,2908991.0
1746345600000,2.42,2.421,2.377,2.387,3833115.0
1746360000000,2.386,2.396,2.345,2.352,5607938.0
1746374400000,2.351,2.358,2.308,2.322,6559507.0
1746388800000,2.322,2.351,2.302,2.319,3685935.0
1746403200000,2.318,2.358,2.3,2.334,4932783.0
1746417600000,2.334,2.386,2.329,2.386,3702423.0
1746432000000,2.385,2.395,2.323,2.337,5644502.0
1746446400000,2.337,2.348,2.301,2.314,5983942.0
1746460800000,2.314,2.368,2.309,2.329,4178015.0
1746475200000,2.33,2.346,2.283,2.313,4171937.0
1746489600000,2.313,2.347,2.29,2.328,4532461.0
1746504000000,2.328,2.338,2.313,2.32,3210956.0
1746518400000,2.32,2.32,2.259,2.275,8745197.0
1746532800000,2.276,2.31,2.246,2.272,7310185.0
1746547200000,2.271,2.323,2.258,2.29,8787163.0
1746561600000,2.291,2.339,2.229,2.327,8241167.0
1746576000000,2.327,2.383,2.282,2.309,11789497.0
1746590400000,2.309,2.345,2.279,2.345,7524604.0
1746604800000,2.345,2.347,2.315,2.33,4881161.0
1746619200000,2.331,2.333,2.269,2.275,7551774.0
1746633600000,2.275,2.283,2.221,2.239,12123413.0
1746648000000,2.239,2.298,2.231,2.284,4363023.0
1746662400000,2.283,2.402,2.273,2.401,10496596.0
1746676800000,2.402,2.448,2.396,2.438,9377944.0
1746691200000,2.438,2.503,2.435,2.496,9425705.0
1746705600000,2.496,2.611,2.491,2.586,14194937.0
1746720000000,2.586,2.633,2.582,2.626,11144971.0
1746734400000,2.626,2.742,2.608,2.734,13821139.0
1746748800000,2.734,2.825,2.722,2.751,11289673.0
1746763200000,2.751,2.907,2.742,2.884,12211259.0
1746777600000,2.883,2.987,2.843,2.925,22669847.0
1746792000000,2.924,2.976,2.84,2.895,17624380.0
1746806400000,2.895,2.92,2.839,2.89,9082621.0
1746820800000,2.891,2.914,2.876,2.901,3806557.0
1746835200000,2.901,2.954,2.873,2.944,7103401.0
1746849600000,2.944,3.0,2.924,2.989,8990376.0
1746864000000,2.989,3.03,2.917,2.925,11388315.0
1746878400000,2.925,3.018,2.924,2.962,6412997.0
1746892800000,2.962,3.091,2.956,3.072,9764080.0
1746907200000,3.071,3.382,3.052,3.348,19208678.0
1746921600000,3.348,3.369,3.218,3.306,17032797.0
1746936000000,3.305,3.324,3.158,3.184,11144888.0
1746950400000,3.184,3.225,3.158,3.204,6642925.0
1746964800000,3.204,3.209,3.089,3.114,10154692.0
1746979200000,3.114,3.175,3.063,3.162,8183989.0
1746993600000,3.162,3.168,3.114,3.14,4347126.0
1747008000000,3.14,3.209,3.093,3.187,8076795.0
1747022400000,3.186,3.34,3.141,3.218,13230402.0
1747036800000,3.218,3.274,3.156,3.172,12357162.0
1747051200000,3.171,3.295,3.118,3.137,19811172.0
1747065600000,3.136,3.208,3.009,3.132,17269533.0
1747080000000,3.132,3.212,3.1,3.185,6256120.0
1747094400000,3.185,3.2,2.99,3.01,10531133.0
1747108800000,3.01,3.109,3.001,3.054,7886248.0
1747123200000,3.053,3.118,3.031,3.083,6403680.0
1747137600000,3.082,3.171,3.06,3.149,11747785.0
1747152000000,3.15,3.292,3.134,3.251,11388429.0
1747166400000,3.25,3.264,3.202,3.208,6101680.0
1747180800000,3.208,3.293,3.184,3.231,7851566.0
1747195200000,3.23,3.274,3.181,3.19,4967483.0
1747209600000,3.189,3.202,3.084,3.146,10111242.0
1747224000000,3.145,3.154,3.046,3.091,11269199.0
1747238400000,3.092,3.1,3.017,3.067,7217856.0
1747252800000,3.067,3.076,3.019,3.049,3224904.0
1747267200000,3.048,3.097,3.001,3.008,6232881.0
1747281600000,3.007,3.026,2.859,2.864,12012023.0
1747296000000,2.863,2.94,2.837,2.88,9264184.0
1747310400000,2.88,2.941,2.811,2.937,12552366.0
1747324800000,2.937,2.996,2.872,2.92,12712854.0
1747339200000,2.921,2.949,2.821,2.881,8746136.0
1747353600000,2.881,2.938,2.857,2.93,6655400.0
1747368000000,2.931,2.95,2.899,2.924,4729532.0
1747382400000,2.925,2.988,2.866,2.939,7634385.0
1747396800000,2.94,2.946,2.854,2.888,8985946.0
1747411200000,2.889,2.91,2.832,2.858,6415720.0
1747425600000,2.858,2.858,2.766,2.793,7626419.0
1747440000000,2.794,2.805,2.7,2.763,12005986.0
1747454400000,2.763,2.798,2.749,2.773,5062468.0
1747468800000,2.772,2.781,2.72,2.733,5131837.0
1747483200000,2.734,2.742,2.674,2.707,6294868.0
1747497600000,2.708,2.723,2.656,2.677,6972744.0
1747512000000,2.676,2.729,2.655,2.69,5081920.0
1747526400000,2.691,2.715,2.667,2.685,4192760.0
1747540800000,2.685,2.784,2.683,2.781,5988187.0
1747555200000,2.781,2.815,2.748,2.751,6059291.0
1747569600000,2.751,2.943,2.731,2.928,13635545.0
1747584000000,2.929,2.942,2.688,2.692,15264205.0
1747598400000,2.691,2.879,2.637,2.864,13518020.0
1747612800000,2.865,2.877,2.689,2.692,12805922.0
1747627200000,2.692,2.734,2.647,2.713,9864311.0
1747641600000,2.712,2.729,2.666,2.685,6405456.0
1747656000000,2.684,2.761,2.642,2.745,8959551.0
1747670400000,2.745,2.814,2.716,2.768,9612720.0
1747684800000,2.768,2.776,2.724,2.768,4437772.0
1747699200000,2.768,2.887,2.743,2.816,9813731.0
1747713600000,2.816,2.854,2.771,2.781,5427733.0
1747728000000,2.781,2.796,2.706,2.731,6445703.0
1747742400000,2.731,2.738,2.693,2.722,7464729.0
1747756800000,2.721,2.77,2.672,2.756,7279325.0
1747771200000,2.757,2.842,2.742,2.811,7478212.0
1747785600000,2.811,2.834,2.758,2.82,5990903.0
1747800000000,2.82,2.863,2.776,2.798,10144767.0
1747814400000,2.798,2.829,2.754,2.808,8206407.0
1747828800000,2.808,2.888,2.768,2.879,13380684.0
1747843200000,2.88,2.965,2.76,2.831,25614628.0
1747857600000,2.83,2.912,2.802,2.862,8769851.0
1747872000000,2.862,2.957,2.861,2.944,8887222.0
1747886400000,2.945,2.98,2.911,2.967,9414331.0
1747900800000,2.967,3.051,2.961,3.025,11691984.0
1747915200000,3.025,3.1,2.961,3.058,12975788.0
1747929600000,3.059,3.094,3.032,3.069,7632206.0
1747944000000,3.07,3.102,3.016,3.077,6543028.0
1747958400000,3.077,3.157,3.038,3.152,9412907.0
1747972800000,3.152,3.161,3.026,3.041,9351655.0
1747987200000,3.042,3.129,2.908,2.923,15149739.0
1748001600000,2.924,2.982,2.84,2.915,18792569.0
1748016000000,2.916,2.957,2.884,2.913,6934919.0
1748030400000,2.913,2.913,2.78,2.795,8952102.0
1748044800000,2.795,2.843,2.783,2.83,7526467.0
1748059200000,2.831,2.853,2.806,2.817,5204568.0
1748073600000,2.817,2.857,2.795,2.836,6306538.0
1748088000000,2.835,2.839,2.787,2.804,5130128.0
1748102400000,2.804,2.824,2.775,2.793,4305879.0
1748116800000,2.793,2.808,2.753,2.774,4421746.0
1748131200000,2.774,2.785,2.721,2.763,6651044.0
1748145600000,2.763,2.79,2.738,2.748,2997089.0
1748160000000,2.749,2.749,2.681,2.693,6961925.0
1748174400000,2.693,2.722,2.633,2.678,8664870.0
1748188800000,2.678,2.703,2.646,2.69,4452531.0
1748203200000,2.691,2.813,2.666,2.794,8428045.0
1748217600000,2.795,2.843,2.774,2.808,6061621.0
1748232000000,2.808,2.869,2.79,2.856,7191343.0
1748246400000,2.856,2.862,2.798,2.807,7007552.0
1748260800000,2.807,2.851,2.757,2.816,9589881.0
1748275200000,2.815,2.834,2.74,2.753,7164141.0
1748289600000,2.753,2.79,2.733,2.766,4925679.0
1748304000000,2.767,2.816,2.691,2.785,8878670.0
1748318400000,2.785,2.862,2.765,2.85,7525844.0
1748332800000,2.85,2.897,2.843,2.878,8508643.0
1748347200000,2.877,2.925,2.823,2.88,11576264.0
1748361600000,2.88,2.911,2.852,2.862,6176121.0
1748376000000,2.863,2.877,2.806,2.816,5007352.0
1748390400000,2.816,2.838,2.786,2.827,6980019.0
1748404800000,2.826,2.844,2.802,2.827,4468480.0
1748419200000,2.828,2.878,2.808,2.867,6813168.0
1748433600000,2.867,2.898,2.769,2.778,12800446.0
1748448000000,2.779,2.842,2.739,2.746,8146344.0
1748462400000,2.745,2.872,2.734,2.87,7096423.0
1748476800000,2.869,2.989,2.844,2.945,16216489.0
1748491200000,2.945,2.963,2.881,2.937,7148648.0
1748505600000,2.938,2.966,2.912,2.944,10331517.0
1748520000000,2.943,2.947,2.807,2.832,16216501.0
1748534400000,2.833,2.848,2.759,2.773,12781883.0
1748548800000,2.773,2.829,2.732,2.753,7265875.0
1748563200000,2.753,2.768,2.569,2.668,20489379.0
1748577600000,2.669,2.669,2.594,2.614,9287441.0
1748592000000,2.615,2.65,2.597,2.644,9702937.0
1748606400000,2.645,2.653,2.577,2.58,12579539.0
1748620800000,2.58,2.592,2.473,2.524,17076733.0
1748635200000,2.523,2.529,2.407,2.441,11283028.0
1748649600000,2.441,2.451,2.331,2.367,16019408.0
1748664000000,2.367,2.417,2.347,2.409,8854029.0
1748678400000,2.41,2.42,2.366,2.377,8346542.0
1748692800000,2.377,2.465,2.373,2.431,9499641.0
1748707200000,2.432,2.461,2.405,2.421,7190885.0
1748721600000,2.421,2.449,2.408,2.419,5731949.0
1748736000000,2.418,2.433,2.38,2.41,4931434.0
1748750400000,2.409,2.442,2.396,2.408,3445241.0
1748764800000,2.407,2.416,2.349,2.391,5611536.0
1748779200000,2.391,2.44,2.368,2.429,5065377.0
1748793600000,2.429,2.47,2.383,2.431,8824740.0
1748808000000,2.431,2.473,2.419,2.46,4284801.0
1748822400000,2.46,2.478,2.411,2.419,4914531.0
1748836800000,2.418,2.447,2.396,2.429,3828582.0
1748851200000,2.429,2.442,2.372,2.386,7184500.0
1748865600000,2.387,2.444,2.379,2.422,8809793.0
1748880000000,2.422,2.442,2.386,2.402,5410590.0
1748894400000,2.403,2.515,2.402,2.502,9488068.0
1748908800000,2.502,2.577,2.494,2.511,9334686.0
1748923200000,2.511,2.52,2.489,2.493,4764028.0
1748937600000,2.493,2.527,2.474,2.51,4983527.0
1748952000000,2.51,2.59,2.499,2.569,10164060.0
1748966400000,2.569,2.583,2.536,2.557,6149820.0
1748980800000,2.558,2.559,2.488,2.506,5328549.0
1748995200000,2.505,2.576,2.489,2.544,6867547.0
1749009600000,2.544,2.547,2.506,2.542,4309232.0
1749024000000,2.541,2.562,2.507,2.509,5132963.0
1749038400000,2.509,2.538,2.462,2.532,8952089.0
1749052800000,2.532,2.537,2.477,2.478,4845887.0
1749067200000,2.478,2.48,2.417,2.433,7043848.0
1749081600000,2.433,2.473,2.422,2.451,4288109.0
1749096000000,2.451,2.463,2.423,2.45,5018429.0
1749110400000,2.45,2.477,2.43,2.465,5250307.0
1749124800000,2.464,2.518,2.428,2.442,10508063.0
1749139200000,2.443,2.446,2.288,2.324,16866240.0
1749153600000,2.324,2.333,2.222,2.244,20012185.0
1749168000000,2.245,2.306,2.24,2.304,7314036.0
1749182400000,2.304,2.318,2.282,2.287,7123493.0
1749196800000,2.287,2.312,2.269,2.288,6611099.0
1749211200000,2.288,2.365,2.285,2.335,9082695.0
1749225600000,2.334,2.357,2.293,2.301,7926277.0
1749240000000,2.301,2.339,2.298,2.313,3387987.0
1749254400000,2.312,2.387,2.299,2.381,5348826.0
1749268800000,2.381,2.414,2.371,2.413,4878430.0
1749283200000,2.413,2.454,2.393,2.429,7486641.0
1749297600000,2.429,2.463,2.424,2.443,8284417.0
1749312000000,2.442,2.447,2.406,2.416,6834103.0
1749326400000,2.416,2.445,2.415,2.422,3008532.0
1749340800000,2.422,2.427,2.396,2.397,7576511.0
1749355200000,2.397,2.41,2.388,2.392,5156132.0
1749369600000,2.392,2.413,2.37,2.412,4770949.0
1749384000000,2.412,2.446,2.399,2.417,5877044.0
1749398400000,2.416,2.447,2.416,2.441,3711431.0
1749412800000,2.441,2.462,2.415,2.42,4047846.0
1749427200000,2.42,2.434,2.387,2.398,5272733.0
1749441600000,2.398,2.404,2.37,2.394,4466430.0
1749456000000,2.395,2.482,2.386,2.472,9592450.0
1749470400000,2.472,2.474,2.421,2.446,7576246.0
1749484800000,2.445,2.491,2.445,2.469,6869677.0
1749499200000,2.469,2.551,2.463,2.543,8291048.0
1749513600000,2.543,2.569,2.533,2.541,6067222.0
1749528000000,2.541,2.548,2.5,2.527,4981069.0
1749542400000,2.527,2.627,2.502,2.625,10343638.0
1749556800000,2.624,2.659,2.539,2.583,16570062.0
1749571200000,2.584,2.644,2.581,2.61,8969020.0
1749585600000,2.61,2.665,2.586,2.662,7741401.0
1749600000000,2.662,2.669,2.607,2.64,5947445.0
1749614400000,2.64,2.66,2.619,2.642,4948119.0
1749628800000,2.641,2.648,2.585,2.604,6751971.0
1749643200000,2.603,2.73,2.588,2.721,17405887.0
1749657600000,2.721,2.723,2.604,2.613,14702576.0
1749672000000,2.612,2.64,2.556,2.572,8597129.0
1749686400000,2.573,2.58,2.507,2.518,8558131.0
1749700800000,2.518,2.532,2.496,2.507,5179313.0
1749715200000,2.506,2.535,2.441,2.445,13018085.0
1749729600000,2.446,2.502,2.44,2.447,11262380.0
1749744000000,2.448,2.501,2.404,2.413,9022329.0
1749758400000,2.413,2.42,2.362,2.367,12123173.0
1749772800000,2.367,2.368,2.163,2.243,43732615.0
1749787200000,2.242,2.244,2.194,2.238,13892395.0
1749801600000,2.238,2.275,2.196,2.242,21466097.0
1749816000000,2.242,2.255,2.181,2.238,19167245.0
1749830400000,2.239,2.276,2.156,2.181,18820973.0
1749844800000,2.182,2.24,2.175,2.237,9125930.0
1749859200000,2.238,2.243,2.206,2.218,7525445.0
1749873600000,2.219,2.244,2.204,2.225,5684690.0
1749888000000,2.226,2.243,2.211,2.234,5726147.0
1749902400000,2.233,2.247,2.185,2.2,8830082.0
1749916800000,2.2,2.211,2.157,2.185,11407940.0
1749931200000,2.185,2.242,2.168,2.231,7349662.0
1749945600000,2.231,2.247,2.225,2.237,4804185.0
1749960000000,2.236,2.272,2.228,2.238,7296896.0
1749974400000,2.237,2.241,2.193,2.202,8500279.0
1749988800000,2.203,2.244,2.198,2.214,8473304.0
1750003200000,2.214,2.226,2.184,2.194,7010851.0
1750017600000,2.195,2.232,2.168,2.227,7318078.0
1750032000000,2.227,2.269,2.204,2.247,7471712.0
1750046400000,2.247,2.324,2.247,2.308,10208121.0
1750060800000,2.308,2.328,2.29,2.316,8219573.0
1750075200000,2.316,2.365,2.302,2.352,12525290.0
1750089600000,2.352,2.384,2.351,2.368,7517543.0
1750104000000,2.367,2.386,2.265,2.272,15225718.0
1750118400000,2.272,2.299,2.208,2.271,21077606.0
1750132800000,2.272,2.275,2.228,2.234,8784191.0
1750147200000,2.234,2.238,2.186,2.196,11590975.0
1750161600000,2.196,2.222,2.131,2.152,19439339.0
1750176000000,2.152,2.194,2.094,2.174,23518352.0
1750190400000,2.174,2.183,2.115,2.138,8751325.0
1750204800000,2.138,2.165,2.121,2.149,7431743.0
1750219200000,2.15,2.181,2.147,2.156,5423227.0
1750233600000,2.156,2.171,2.083,2.121,10674180.0
1750248000000,2.121,2.154,2.07,2.125,18160031.0
1750262400000,2.126,2.161,2.105,2.112,13931867.0
1750276800000,2.112,2.201,2.104,2.186,8506735.0
1750291200000,2.186,2.212,2.164,2.192,6128677.0
1750305600000,2.191,2.207,2.171,2.174,5236621.0
1750320000000,2.173,2.191,2.155,2.159,6376009.0
1750334400000,2.158,2.187,2.15,2.154,7836253.0
1750348800000,2.154,2.201,2.14,2.189,10778121.0
1750363200000,2.189,2.205,2.17,2.18,6713141.0
1750377600000,2.18,2.189,2.134,2.143,7221310.0
1750392000000,2.143,2.183,2.116,2.181,7475241.0
1750406400000,2.18,2.199,2.166,2.185,6401392.0
1750420800000,2.185,2.194,2.109,2.118,10325889.0
1750435200000,2.119,2.122,2.016,2.079,19641174.0
1750449600000,2.079,2.108,2.048,2.073,7334031.0
1750464000000,2.074,2.103,2.067,2.098,5845440.0
1750478400000,2.098,2.104,2.072,2.077,4041744.0
1750492800000,2.077,2.095,2.07,2.082,4400253.0
1750507200000,2.081,2.084,2.021,2.043,11190863.0
1750521600000,2.042,2.054,1.977,1.98,11934854.0
1750536000000,1.979,2.001,1.902,1.972,21752332.0
1750550400000,1.972,2.008,1.922,1.933,16221575.0
1750564800000,1.933,1.962,1.925,1.94,9266110.0
1750579200000,1.94,1.949,1.892,1.916,15913339.0
1750593600000,1.916,1.93,1.824,1.858,43597527.0
1750608000000,1.858,1.868,1.826,1.842,16587734.0
1750622400000,1.842,1.899,1.791,1.895,20189830.0
1750636800000,1.896,1.923,1.884,1.901,9207812.0
1750651200000,1.901,1.941,1.897,1.92,7954931.0
1750665600000,1.92,1.925,1.892,1.91,7187245.0
1750680000000,1.91,1.984,1.898,1.932,25044467.0
1750694400000,1.932,2.026,1.861,2.02,31810819.0
1750708800000,2.019,2.147,2.014,2.121,21371793.0
1750723200000,2.122,2.142,2.11,2.138,9806480.0
1750737600000,2.137,2.212,2.125,2.166,15528897.0
1750752000000,2.166,2.203,2.152,2.176,10572411.0
1750766400000,2.176,2.203,2.159,2.191,12331293.0
1750780800000,2.191,2.229,2.159,2.173,10676794.0
1750795200000,2.172,2.196,2.16,2.19,4840708.0
1750809600000,2.19,2.195,2.169,2.181,6742555.0
1750824000000,2.182,2.197,2.163,2.185,5235297.0
1750838400000,2.185,2.19,2.135,2.178,8935969.0
1750852800000,2.178,2.196,2.118,2.122,11220883.0
1750867200000,2.123,2.159,2.113,2.148,7634407.0
1750881600000,2.149,2.171,2.12,2.136,4426143.0
1750896000000,2.137,2.19,2.118,2.149,9604592.0
1750910400000,2.15,2.167,2.122,2.155,5326313.0
1750924800000,2.155,2.175,2.087,2.089,11364644.0
1750939200000,2.089,2.092,2.039,2.056,12456512.0
1750953600000,2.056,2.068,2.023,2.062,8371246.0
1750968000000,2.062,2.108,2.043,2.048,8948434.0
1750982400000,2.049,2.086,2.021,2.079,8365805.0
1750996800000,2.079,2.11,2.059,2.064,7993490.0
1751011200000,2.064,2.099,2.061,2.076,7852938.0
1751025600000,2.076,2.092,2.047,2.086,9815575.0
1751040000000,2.086,2.128,2.038,2.066,12322879.0
1751054400000,2.067,2.117,2.062,2.111,7045604.0
1751068800000,2.112,2.124,2.098,2.107,4325575.0
1751083200000,2.106,2.116,2.095,2.106,3798887.0
1751097600000,2.107,2.115,2.092,2.102,3144167.0
1751112000000,2.103,2.129,2.088,2.126,4070511.0
1751126400000,2.127,2.163,2.123,2.143,6971420.0
1751140800000,2.144,2.182,2.14,2.164,4419792.0
1751155200000,2.164,2.181,2.131,2.132,6225388.0
1751169600000,2.133,2.15,2.129,2.15,3987911.0
1751184000000,2.151,2.16,2.132,2.148,6930276.0
1751198400000,2.148,2.153,2.109,2.117,7190220.0
1751212800000,2.117,2.164,2.114,2.162,5225372.0
1751227200000,2.162,2.296,2.145,2.257,18413370.0
1751241600000,2.257,2.276,2.198,2.204,8938206.0
1751256000000,2.205,2.212,2.17,2.204,7724950.0
1751270400000,2.204,2.21,2.157,2.167,8614924.0
1751284800000,2.168,2.184,2.129,2.153,15230137.0
1751299200000,2.152,2.178,2.11,2.174,12816848.0
1751313600000,2.173,2.185,2.136,2.146,5738957.0
1751328000000,2.147,2.164,2.132,2.14,5025308.0
1751342400000,2.141,2.141,2.075,2.106,9171315.0
1751356800000,2.105,2.106,2.081,2.088,4548517.0
1751371200000,2.088,2.11,2.068,2.079,10571149.0
1751385600000,2.08,2.088,2.028,2.029,8187221.0
1751400000000,2.029,2.053,2.016,2.039,5043684.0
1751414400000,2.038,2.074,2.02,2.061,5879562.0
1751428800000,2.061,2.175,2.059,2.161,14557564.0
1751443200000,2.162,2.17,2.115,2.117,9344051.0
1751457600000,2.118,2.164,2.108,2.153,10556708.0
1751472000000,2.152,2.241,2.151,2.24,19139131.0
1751486400000,2.239,2.271,2.214,2.221,10349784.0
1751500800000,2.22,2.268,2.213,2.262,7660067.0
1751515200000,2.263,2.344,2.261,2.334,13490895.0
1751529600000,2.335,2.361,2.287,2.293,12861847.0
1751544000000,2.292,2.344,2.25,2.255,20524336.0
1751558400000,2.254,2.278,2.247,2.276,10793904.0
1751572800000,2.276,2.288,2.263,2.275,4620548.0
1751587200000,2.274,2.298,2.24,2.243,6428173.0
1751601600000,2.242,2.248,2.169,2.17,10478357.0
1751616000000,2.17,2.201,2.159,2.185,7414809.0
1751630400000,2.185,2.195,2.138,2.142,9750133.0
1751644800000,2.142,2.144,2.097,2.103,10831431.0
1751659200000,2.104,2.139,2.099,2.132,7014188.0
1751673600000,2.132,2.151,2.111,2.135,5882585.0
1751688000000,2.135,2.14,2.11,2.128,4105386.0
1751702400000,2.127,2.143,2.11,2.131,4162975.0
1751716800000,2.132,2.137,2.112,2.121,4824453.0
1751731200000,2.121,2.134,2.094,2.123,5707346.0
1751745600000,2.122,2.16,2.116,2.147,5027136.0
1751760000000,2.147,2.149,2.117,2.121,4028054.0
1751774400000,2.122,2.135,2.111,2.122,3846418.0
1751788800000,2.121,2.141,2.115,2.14,4697006.0
1751803200000,2.14,2.197,2.13,2.174,9802757.0
1751817600000,2.175,2.192,2.154,2.174,5390397.0
1751832000000,2.174,2.223,2.17,2.179,7517647.0
1751846400000,2.18,2.214,2.166,2.189,5062099.0
1751860800000,2.189,2.2,2.154,2.186,5115747.0
1751875200000,2.185,2.192,2.159,2.166,4696794.0
1751889600000,2.166,2.197,2.149,2.163,9374220.0
1751904000000,2.163,2.177,2.131,2.162,11160403.0
1751918400000,2.162,2.162,2.131,2.157,5615630.0
1751932800000,2.157,2.171,2.119,2.132,7435420.0
1751947200000,2.133,2.145,2.123,2.138,4503584.0
1751961600000,2.138,2.179,2.118,2.166,6923542.0
1751976000000,2.167,2.194,2.149,2.16,6248246.0
1751990400000,2.16,2.249,2.152,2.246,9671989.0
1752004800000,2.246,2.258,2.225,2.244,5939499.0
1752019200000,2.244,2.248,2.203,2.211,6268668.0
1752033600000,2.211,2.267,2.208,2.263,8656252.0
1752048000000,2.263,2.273,2.241,2.261,7191043.0
1752062400000,2.262,2.29,2.244,2.264,10182741.0
1752076800000,2.264,2.342,2.263,2.332,11700688.0
1752091200000,2.332,2.36,2.312,2.338,11844909.0
1752105600000,2.339,2.357,2.318,2.352,5669510.0
1752120000000,2.351,2.385,2.338,2.374,6904257.0
1752134400000,2.374,2.381,2.348,2.36,6527723.0
1752148800000,2.361,2.379,2.334,2.349,7250592.0
1752163200000,2.349,2.436,2.345,2.419,16766351.0
1752177600000,2.42,2.536,2.418,2.515,16112019.0
1752192000000,2.515,2.559,2.474,2.549,12343874.0
1752206400000,2.549,2.601,2.528,2.534,15467690.0
1752220800000,2.533,2.596,2.533,2.573,8299994.0
1752235200000,2.573,2.641,2.538,2.55,17397366.0
1752249600000,2.55,2.629,2.545,2.612,11249177.0
1752264000000,2.613,2.62,2.45,2.506,14723248.0
1752278400000,2.505,2.55,2.456,2.525,9424167.0
1752292800000,2.525,2.555,2.46,2.514,17003013.0
1752307200000,2.513,2.538,2.499,2.522,6942242.0
1752321600000,2.522,2.536,2.407,2.422,14740083.0
1752336000000,2.423,2.495,2.408,2.486,5916646.0
1752350400000,2.486,2.492,2.439,2.482,4292477.0
1752364800000,2.483,2.498,2.468,2.486,5470441.0
1752379200000,2.486,2.532,2.473,2.523,8369874.0
1752393600000,2.522,2.536,2.492,2.526,6229877.0
1752408000000,2.526,2.588,2.514,2.551,13288200.0
1752422400000,2.55,2.591,2.52,2.562,7370291.0
1752436800000,2.561,2.58,2.502,2.529,7120631.0
1752451200000,2.53,2.659,2.523,2.634,10550911.0
1752465600000,2.634,2.696,2.618,2.667,13776299.0
1752480000000,2.668,2.677,2.618,2.651,8774032.0
1752494400000,2.65,2.689,2.577,2.598,14300019.0
1752508800000,2.598,2.629,2.56,2.576,9164793.0
1752523200000,2.576,2.604,2.539,2.578,6338277.0
1752537600000,2.579,2.6,2.486,2.517,13425478.0
1752552000000,2.516,2.549,2.491,2.516,7665682.0
1752566400000,2.516,2.543,2.49,2.513,8777934.0
1752580800000,2.513,2.581,2.477,2.555,16575893.0
1752595200000,2.555,2.667,2.552,2.573,15042391.0
1752609600000,2.573,2.673,2.56,2.671,7809261.0
1752624000000,2.671,2.708,2.621,2.635,8761680.0
1752638400000,2.634,2.703,2.609,2.691,6345329.0
1752652800000,2.691,2.697,2.648,2.661,6068125.0
1752667200000,2.661,2.725,2.648,2.686,14336810.0
1752681600000,2.686,2.798,2.674,2.76,13920835.0
1752696000000,2.76,2.82,2.722,2.73,11280350.0
1752710400000,2.731,2.776,2.658,2.675,10420729.0
1752724800000,2.674,2.773,2.665,2.74,9836144.0
1752739200000,2.74,2.834,2.736,2.786,13097484.0
1752753600000,2.786,2.857,2.763,2.811,16811884.0
1752768000000,2.811,2.822,2.745,2.751,16403501.0
1752782400000,2.75,2.864,2.705,2.816,16863845.0
1752796800000,2.816,2.923,2.793,2.914,16068760.0
1752811200000,2.915,3.043,2.9,2.954,19772786.0
1752825600000,2.953,3.013,2.902,2.929,14424884.0
1752840000000,2.929,2.988,2.821,2.841,19316121.0
1752854400000,2.841,2.886,2.784,2.802,13230669.0
1752868800000,2.803,2.818,2.72,2.803,13939823.0
1752883200000,2.804,2.888,2.737,2.886,10185444.0
1752897600000,2.887,2.924,2.866,2.884,7843170.0
1752912000000,2.884,2.891,2.816,2.823,7638841.0
1752926400000,2.824,2.84,2.773,2.821,6418811.0
1752940800000,2.821,2.947,2.808,2.942,10787421.0
1752955200000,2.942,2.943,2.878,2.916,6882811.0
1752969600000,2.916,2.939,2.881,2.907,7194934.0
1752984000000,2.907,2.961,2.896,2.937,6382313.0
1752998400000,2.937,3.014,2.937,2.992,10933992.0
1753012800000,2.991,3.057,2.968,3.047,9147121.0
1753027200000,3.046,3.07,2.996,3.015,11870974.0
1753041600000,3.015,3.026,2.919,2.974,10134113.0
1753056000000,2.975,3.015,2.909,3.009,9859548.0
1753070400000,3.009,3.06,2.986,3.045,7487127.0
1753084800000,3.044,3.068,2.989,3.03,10712433.0
1753099200000,3.03,3.101,2.987,3.042,17529704.0
1753113600000,3.042,3.064,2.953,2.966,15989201.0
1753128000000,2.965,3.042,2.944,3.021,7236964.0
1753142400000,3.022,3.053,2.911,2.958,16061362.0
1753156800000,2.958,2.972,2.863,2.928,14792027.0
1753171200000,2.928,2.977,2.85,2.964,14044181.0
1753185600000,2.963,2.998,2.866,2.954,19561587.0
1753200000000,2.954,3.003,2.912,2.922,12058021.0
1753214400000,2.921,3.037,2.914,3.031,8767790.0
1753228800000,3.032,3.039,2.965,2.991,8299132.0
1753243200000,2.99,3.039,2.953,2.965,6882587.0
1753257600000,2.965,2.995,2.896,2.912,11554900.0
1753272000000,2.912,2.924,2.747,2.823,28614233.0
1753286400000,2.822,2.822,2.703,2.743,15209858.0
1753300800000,2.743,2.77,2.654,2.752,17204079.0
1753315200000,2.752,2.808,2.73,2.771,8849714.0
1753329600000,2.771,2.789,2.577,2.663,24147807.0
1753344000000,2.663,2.729,2.626,2.719,14172901.0
1753358400000,2.719,2.827,2.661,2.788,18060314.0
1753372800000,2.788,2.804,2.706,2.764,12252279.0
1753387200000,2.764,2.804,2.704,2.715,7916329.0
1753401600000,2.716,2.72,2.601,2.638,13537229.0
1753416000000,2.637,2.7,2.607,2.669,10853299.0
1753430400000,2.669,2.793,2.666,2.776,11966587.0
1753444800000,2.776,2.8,2.653,2.686,15676817.0
1753459200000,2.685,2.752,2.667,2.731,7940806.0
1753473600000,2.731,2.868,2.728,2.853,9048702.0
1753488000000,2.853,2.907,2.842,2.866,6659713.0
1753502400000,2.866,2.88,2.84,2.844,3289073.0
1753516800000,2.844,2.881,2.831,2.863,5724266.0
1753531200000,2.863,2.891,2.85,2.891,6253724.0
1753545600000,2.89,2.935,2.856,2.928,8858095.0
1753560000000,2.929,2.935,2.877,2.882,3782280.0
1753574400000,2.882,2.928,2.877,2.909,5076330.0
1753588800000,2.909,2.936,2.897,2.906,3969498.0
1753603200000,2.906,2.936,2.879,2.903,6204970.0
1753617600000,2.903,2.933,2.878,2.905,6843976.0
1753632000000,2.905,2.947,2.893,2.906,7906426.0
1753646400000,2.907,2.978,2.892,2.963,6550510.0
1753660800000,2.962,2.995,2.91,2.957,7433520.0
1753675200000,2.958,3.014,2.934,2.988,7369819.0
1753689600000,2.988,3.017,2.936,2.959,6384881.0
1753704000000,2.959,2.964,2.806,2.825,14873353.0
1753718400000,2.825,2.846,2.758,2.782,12166563.0
1753732800000,2.781,2.787,2.717,2.749,8629938.0
1753747200000,2.749,2.777,2.675,2.734,10840242.0
1753761600000,2.735,2.832,2.711,2.827,8392016.0
1753776000000,2.827,2.827,2.723,2.753,8150227.0
1753790400000,2.752,2.801,2.682,2.712,13093611.0
1753804800000,2.712,2.745,2.667,2.681,11188695.0
1753819200000,2.682,2.737,2.655,2.72,7791130.0
1753833600000,2.721,2.735,2.666,2.713,5508172.0
1753848000000,2.714,2.728,2.676,2.695,4557932.0
1753862400000,2.695,2.718,2.605,2.621,9740008.0
1753876800000,2.621,2.677,2.598,2.641,11072952.0
1753891200000,2.641,2.69,2.507,2.622,20914612.0
1753905600000,2.623,2.662,2.589,2.656,7663558.0
1753920000000,2.655,2.715,2.64,2.705,5805201.0
1753934400000,2.706,2.723,2.689,2.716,4221778.0
1753948800000,2.716,2.736,2.688,2.696,5526871.0
1753963200000,2.696,2.7,2.583,2.626,13819205.0
1753977600000,2.626,2.699,2.592,2.602,12338488.0
1753992000000,2.602,2.61,2.522,2.533,13514718.0
1754006400000,2.534,2.547,2.452,2.529,17223951.0
1754020800000,2.529,2.53,2.465,2.484,7603539.0
1754035200000,2.485,2.489,2.428,2.477,12945811.0
1754049600000,2.476,2.516,2.407,2.479,15338167.0
1754064000000,2.479,2.498,2.404,2.47,13494641.0
1754078400000,2.471,2.479,2.349,2.413,16103890.0
1754092800000,2.413,2.444,2.406,2.436,3679613.0
1754107200000,2.436,2.451,2.367,2.425,7583884.0
1754121600000,2.426,2.433,2.368,2.4,5924601.0
1754136000000,2.399,2.411,2.354,2.363,6338732.0
1754150400000,2.363,2.385,2.3,2.33,12886426.0
1754164800000,2.329,2.368,2.322,2.346,4442406.0
1754179200000,2.346,2.388,2.312,2.383,5379158.0
1754193600000,2.383,2.405,2.374,2.402,3196499.0
1754208000000,2.402,2.444,2.397,2.429,3761007.0
1754222400000,2.429,2.435,2.406,2.429,3877220.0
1754236800000,2.428,2.453,2.415,2.437,3681834.0
1754251200000,2.437,2.459,2.429,2.442,2935620.0
1754265600000,2.442,2.5,2.44,2.466,5023951.0
1754280000000,2.467,2.488,2.454,2.48,3958942.0
1754294400000,2.48,2.491,2.46,2.467,4719653.0
1754308800000,2.467,2.54,2.465,2.521,9061744.0
1754323200000,2.521,2.568,2.502,2.508,8794316.0
1754337600000,2.508,2.568,2.506,2.553,4530742.0
1754352000000,2.552,2.557,2.495,2.495,4799541.0
1754366400000,2.496,2.511,2.435,2.444,7289883.0
1754380800000,2.444,2.544,2.437,2.539,7218186.0
1754395200000,2.538,2.544,2.452,2.463,18146586.0
1754409600000,2.463,2.487,2.411,2.417,10712218.0
1754424000000,2.418,2.47,2.389,2.466,5527243.0
1754438400000,2.466,2.467,2.393,2.394,5307769.0
1754452800000,2.395,2.491,2.383,2.486,8122537.0
1754467200000,2.486,2.494,2.45,2.458,5625600.0
1754481600000,2.459,2.523,2.433,2.515,12062272.0
1754496000000,2.515,2.527,2.476,2.512,6275757.0
1754510400000,2.512,2.514,2.486,2.487,3144146.0
1754524800000,2.488,2.509,2.466,2.472,4262436.0
1754539200000,2.471,2.518,2.47,2.502,4325790.0
1754553600000,2.502,2.602,2.495,2.596,11026257.0
1754568000000,2.596,2.61,2.563,2.584,7920098.0
1754582400000,2.583,2.607,2.526,2.607,8689262.0
1754596800000,2.608,2.655,2.599,2.649,7330705.0
1754611200000,2.649,2.688,2.606,2.659,20938923.0
1754625600000,2.658,2.692,2.629,2.681,6673981.0
1754640000000,2.681,2.698,2.658,2.667,5726673.0
1754654400000,2.667,2.716,2.618,2.642,11741799.0
1754668800000,2.642,2.733,2.638,2.722,9588020.0
1754683200000,2.722,2.728,2.7,2.711,4019094.0
1754697600000,2.712,2.742,2.704,2.734,3785429.0
1754712000000,2.734,2.81,2.729,2.794,11976728.0
1754726400000,2.794,2.823,2.789,2.817,6511585.0
1754740800000,2.817,2.839,2.764,2.788,8050978.0
1754755200000,2.787,2.832,2.787,2.823,6449340.0
1754769600000,2.822,2.858,2.814,2.829,6494876.0
1754784000000,2.83,2.869,2.798,2.833,6951779.0
1754798400000,2.834,2.856,2.726,2.728,10356291.0
1754812800000,2.729,2.772,2.695,2.728,8336851.0
1754827200000,2.728,2.793,2.708,2.76,8900456.0
1754841600000,2.76,2.761,2.723,2.735,7573420.0
1754856000000,2.735,2.755,2.692,2.751,5181186.0
1754870400000,2.751,2.82,2.733,2.802,8894782.0
1754884800000,2.803,2.829,2.743,2.748,7569303.0
1754899200000,2.748,2.768,2.644,2.657,14169354.0
1754913600000,2.658,2.714,2.636,2.682,14371527.0
1754928000000,2.682,2.728,2.623,2.643,11731331.0
1754942400000,2.643,2.649,2.575,2.6,8277826.0
1754956800000,2.599,2.644,2.593,2.616,5917225.0
1754971200000,2.617,2.632,2.58,2.63,5481877.0
1754985600000,2.631,2.639,2.564,2.603,7225667.0
1755000000000,2.602,2.747,2.591,2.746,20818390.0
1755014400000,2.746,2.796,2.721,2.792,13173624.0
1755028800000,2.793,2.825,2.778,2.787,8948866.0
1755043200000,2.788,2.839,2.754,2.828,9870401.0
1755057600000,2.827,2.855,2.796,2.853,7605389.0
1755072000000,2.852,2.937,2.85,2.899,14206723.0
1755086400000,2.899,2.95,2.87,2.913,17222584.0
1755100800000,2.913,2.987,2.897,2.964,14532684.0
1755115200000,2.964,3.049,2.944,2.997,15208935.0
1755129600000,2.998,3.053,2.971,3.043,12481645.0
1755144000000,3.043,3.06,2.952,3.046,15716340.0
1755158400000,3.045,3.045,2.913,2.924,17806702.0
1755172800000,2.925,2.941,2.73,2.817,41557304.0
1755187200000,2.817,2.818,2.741,2.759,12902042.0
1755201600000,2.758,2.774,2.688,2.756,9087469.0
1755216000000,2.756,2.812,2.746,2.799,7737054.0
1755230400000,2.799,2.847,2.765,2.803,9535186.0
1755244800000,2.803,2.811,2.753,2.761,8559657.0
1755259200000,2.761,2.811,2.638,2.653,23803644.0
1755273600000,2.654,2.712,2.624,2.651,13973685.0
1755288000000,2.651,2.739,2.64,2.705,5984909.0
1755302400000,2.705,2.756,2.703,2.717,5493900.0
1755316800000,2.718,2.753,2.706,2.734,6076900.0
1755331200000,2.735,2.741,2.688,2.689,6029481.0
1755345600000,2.69,2.764,2.68,2.75,6496511.0
1755360000000,2.75,2.758,2.719,2.734,4786812.0
1755374400000,2.733,2.757,2.726,2.741,2653670.0
1755388800000,2.741,2.743,2.701,2.729,3974973.0
1755403200000,2.73,2.773,2.724,2.752,6117046.0
1755417600000,2.753,2.799,2.747,2.797,7535625.0
1755432000000,2.796,2.829,2.745,2.826,8346704.0
1755446400000,2.827,2.842,2.709,2.719,10887266.0
1755460800000,2.718,2.738,2.685,2.7,6950219.0
1755475200000,2.7,2.7,2.559,2.585,23848401.0
1755489600000,2.585,2.606,2.541,2.56,11003137.0
1755504000000,2.56,2.588,2.546,2.57,8829955.0
1755518400000,2.57,2.614,2.548,2.575,12156226.0
1755532800000,2.576,2.615,2.548,2.583,8521288.0
1755547200000,2.584,2.624,2.558,2.574,6513584.0
1755561600000,2.574,2.6,2.491,2.503,12853283.0
1755576000000,2.503,2.539,2.487,2.509,7699556.0
1755590400000,2.509,2.541,2.483,2.541,7723681.0
1755604800000,2.541,2.546,2.465,2.479,14795981.0
1755619200000,2.478,2.484,2.43,2.449,10878309.0
1755633600000,2.448,2.466,2.416,2.422,6588370.0
1755648000000,2.422,2.459,2.412,2.443,7594591.0
1755662400000,2.443,2.465,2.434,2.447,7961379.0
1755676800000,2.447,2.485,2.429,2.461,6865545.0
1755691200000,2.462,2.526,2.411,2.498,15547831.0
1755705600000,2.498,2.558,2.49,2.556,9727989.0
1755720000000,2.556,2.563,2.536,2.546,5366429.0
1755734400000,2.545,2.569,2.514,2.533,5822074.0
1755748800000,2.532,2.544,2.498,2.522,4337360.0
1755763200000,2.522,2.525,2.472,2.48,5576131.0
1755777600000,2.481,2.51,2.448,2.454,10709755.0
1755792000000,2.454,2.473,2.434,2.452,6388349.0
1755806400000,2.453,2.475,2.434,2.444,4018134.0
1755820800000,2.445,2.485,2.424,2.439,5839001.0
1755835200000,2.439,2.464,2.43,2.459,4603925.0
1755849600000,2.458,2.476,2.407,2.408,8128913.0
1755864000000,2.409,2.613,2.367,2.586,45567931.0
1755878400000,2.587,2.7,2.586,2.69,20828273.0
1755892800000,2.691,2.721,2.677,2.689,8854638.0
1755907200000,2.688,2.703,2.604,2.629,9520495.0
1755921600000,2.629,2.712,2.627,2.666,7300529.0
1755936000000,2.666,2.695,2.656,2.674,5350733.0
1755950400000,2.674,2.696,2.658,2.674,6852593.0
1755964800000,2.675,2.716,2.653,2.715,5467609.0
1755979200000,2.715,2.718,2.679,2.699,3968175.0
1755993600000,2.7,2.714,2.666,2.678,5152634.0
1756008000000,2.679,2.685,2.63,2.633,5000065.0
1756022400000,2.633,2.65,2.575,2.588,7258591.0
1756036800000,2.589,2.657,2.585,2.631,6997547.0
1756051200000,2.63,2.788,2.624,2.689,26081762.0
1756065600000,2.69,2.701,2.618,2.654,14086320.0
1756080000000,2.654,2.688,2.597,2.651,9378694.0
1756094400000,2.651,2.659,2.509,2.52,13646252.0
1756108800000,2.521,2.537,2.479,2.512,13955195.0
1756123200000,2.512,2.529,2.471,2.474,12334515.0
1756137600000,2.475,2.496,2.421,2.426,12282487.0
1756152000000,2.426,2.435,2.346,2.394,22320672.0
1756166400000,2.394,2.439,2.373,2.403,10690693.0
1756180800000,2.403,2.44,2.394,2.421,6509562.0
1756195200000,2.421,2.437,2.404,2.429,5028572.0
1756209600000,2.43,2.488,2.415,2.466,14388145.0
1756224000000,2.466,2.545,2.466,2.536,11850817.0
1756238400000,2.537,2.547,2.511,2.525,5930966.0
1756252800000,2.525,2.552,2.502,2.538,5695053.0
1756267200000,2.538,2.568,2.506,2.515,6191965.0
1756281600000,2.515,2.523,2.491,2.519,6545386.0
1756296000000,2.519,2.555,2.493,2.543,9229887.0
1756310400000,2.543,2.561,2.513,2.535,6513222.0
1756324800000,2.536,2.576,2.507,2.517,13658537.0
1756339200000,2.517,2.53,2.492,2.526,4876503.0
1756353600000,2.527,2.543,2.503,2.52,5394744.0
1756368000000,2.52,2.543,2.498,2.523,6365304.0
1756382400000,2.523,2.567,2.513,2.519,12425270.0
1756396800000,2.519,2.539,2.478,2.48,7463346.0
1756411200000,2.481,2.552,2.474,2.544,5265308.0
1756425600000,2.544,2.551,2.499,2.518,6160620.0
1756440000000,2.519,2.523,2.427,2.437,12360680.0
1756454400000,2.437,2.446,2.391,2.438,10433477.0
1756468800000,2.438,2.51,2.408,2.432,18237192.0
1756483200000,2.432,2.446,2.39,2.416,7053664.0
1756497600000,2.416,2.437,2.388,2.428,4055898.0
1756512000000,2.429,2.463,2.39,2.452,6055826.0
1756526400000,2.452,2.456,2.435,2.453,3213650.0
1756540800000,2.454,2.454,2.433,2.445,2810823.0
1756555200000,2.445,2.446,2.403,2.441,4625780.0
1756569600000,2.442,2.442,2.414,2.427,2611571.0
1756584000000,2.427,2.438,2.412,2.433,1854701.0
1756598400000,2.434,2.481,2.433,2.479,5260703.0
1756612800000,2.48,2.481,2.437,2.44,3745824.0
1756627200000,2.439,2.46,2.424,2.444,3467564.0
1756641600000,2.444,2.447,2.418,2.44,3270381.0
1756656000000,2.44,2.441,2.416,2.417,3150249.0
1756670400000,2.418,2.428,2.362,2.365,7459155.0
1756684800000,2.365,2.37,2.325,2.341,11856987.0
1756699200000,2.342,2.412,2.318,2.411,7282649.0
1756713600000,2.411,2.453,2.373,2.379,11043601.0
1756728000000,2.379,2.395,2.347,2.354,6998717.0
1756742400000,2.353,2.368,2.331,2.367,5163622.0
1756756800000,2.367,2.368,2.276,2.34,12280654.0
1756771200000,2.339,2.384,2.322,2.38,6093409.0
1756785600000,2.379,2.386,2.354,2.358,3950581.0
1756800000000,2.359,2.379,2.355,2.363,3507734.0
1756814400000,2.363,2.413,2.317,2.349,12984436.0
1756828800000,2.349,2.398,2.349,2.376,4787872.0
1756843200000,2.377,2.439,2.372,2.437,5555734.0
1756857600000,2.438,2.471,2.429,2.444,6277555.0
1756872000000,2.445,2.45,2.419,2.428,4436615.0
1756886400000,2.427,2.459,2.425,2.455,5048974.0
1756900800000,2.455,2.483,2.439,2.475,8186835.0
1756915200000,2.475,2.488,2.461,2.487,3919588.0
1756929600000,2.488,2.493,2.465,2.467,2995188.0
1756944000000,2.468,2.476,2.438,2.441,3798551.0
1756958400000,2.441,2.451,2.399,2.408,6592827.0
1756972800000,2.408,2.421,2.395,2.404,4569897.0
1756987200000,2.405,2.425,2.37,2.377,8008025.0
1757001600000,2.377,2.388,2.357,2.364,4854215.0
1757016000000,2.364,2.403,2.361,2.374,3488281.0
1757030400000,2.373,2.394,2.364,2.394,3907928.0
1757044800000,2.393,2.432,2.378,2.429,4948620.0
1757059200000,2.428,2.438,2.398,2.432,9386639.0
1757073600000,2.431,2.479,2.379,2.395,22783050.0
1757088000000,2.395,2.41,2.372,2.41,5376515.0
1757102400000,2.41,2.419,2.384,2.399,5326194.0
1757116800000,2.399,2.41,2.387,2.402,2578158.0
1757131200000,2.402,2.402,2.383,2.391,2912961.0
1757145600000,2.391,2.394,2.373,2.391,3158632.0
1757160000000,2.39,2.406,2.384,2.386,3355887.0
1757174400000,2.387,2.408,2.374,2.377,3309879.0
1757188800000,2.377,2.411,2.376,2.401,2620907.0
1757203200000,2.401,2.441,2.398,2.432,3986188.0
1757217600000,2.432,2.458,2.43,2.437,3670925.0
1757232000000,2.436,2.45,2.43,2.443,2988742.0
1757246400000,2.442,2.486,2.436,2.476,6371970.0
1757260800000,2.476,2.481,2.445,2.458,3954191.0
1757275200000,2.457,2.477,2.45,2.464,3631289.0
1757289600000,2.464,2.511,2.451,2.496,6102141.0
1757304000000,2.495,2.51,2.478,2.488,5441388.0
1757318400000,2.489,2.536,2.488,2.505,7905037.0
1757332800000,2.504,2.572,2.5,2.564,10020251.0
1757347200000,2.564,2.573,2.542,2.553,5596446.0
1757361600000,2.554,2.597,2.537,2.577,5086911.0
1757376000000,2.577,2.629,2.575,2.62,11253359.0
1757390400000,2.62,2.709,2.607,2.69,15118103.0
1757404800000,2.69,2.795,2.681,2.734,15718339.0
1757419200000,2.735,2.763,2.644,2.658,22050452.0
1757433600000,2.659,2.668,2.634,2.653,6688525.0
1757448000000,2.654,2.66,2.628,2.634,4343618.0
1757462400000,2.635,2.693,2.616,2.676,8777922.0
1757476800000,2.676,2.677,2.642,2.66,5401708.0
1757491200000,2.66,2.68,2.642,2.652,6216625.0
1757505600000,2.652,2.733,2.652,2.701,12373815.0
1757520000000,2.701,2.716,2.655,2.669,7012052.0
1757534400000,2.669,2.733,2.668,2.726,4561118.0
1757548800000,2.725,2.77,2.72,2.741,6512394.0
1757563200000,2.741,2.747,2.706,2.736,4636309.0
1757577600000,2.737,2.741,2.704,2.707,4509494.0
1757592000000,2.707,2.75,2.672,2.689,12079000.0
1757606400000,2.689,2.722,2.689,2.717,3359068.0
1757620800000,2.718,2.755,2.712,2.745,3572106.0
1757635200000,2.745,2.774,2.723,2.738,6012917.0
1757649600000,2.738,2.781,2.728,2.744,5426510.0
1757664000000,2.745,2.745,2.692,2.7,6035148.0
1757678400000,2.701,2.746,2.685,2.72,6573154.0
1757692800000,2.721,2.805,2.717,2.802,7338426.0
1757707200000,2.801,2.813,2.766,2.79,6649884.0
1757721600000,2.79,2.811,2.776,2.805,5211783.0
1757736000000,2.806,2.844,2.792,2.816,6986762.0
1757750400000,2.817,2.884,2.813,2.88,8686246.0
1757764800000,2.88,2.888,2.79,2.819,13953145.0
1757779200000,2.819,2.829,2.759,2.801,7605692.0
1757793600000,2.8,2.821,2.797,2.81,3177125.0
1757808000000,2.809,2.817,2.754,2.759,6126328.0
1757822400000,2.758,2.786,2.732,2.755,5810672.0
1757836800000,2.756,2.765,2.704,2.709,6424519.0
1757851200000,2.71,2.726,2.671,2.687,10333458.0
1757865600000,2.687,2.726,2.68,2.704,4273972.0
1757880000000,2.703,2.74,2.689,2.704,4731821.0
1757894400000,2.704,2.736,2.672,2.731,5693338.0
1757908800000,2.731,2.776,2.664,2.67,10959523.0
1757923200000,2.671,2.672,2.596,2.628,17509240.0
1757937600000,2.629,2.643,2.584,2.602,8749039.0
1757952000000,2.602,2.625,2.575,2.618,5931243.0
1757966400000,2.617,2.634,2.614,2.625,2922020.0
1757980800000,2.625,2.631,2.599,2.599,3199412.0
1757995200000,2.6,2.676,2.577,2.662,9059897.0
1758009600000,2.661,2.701,2.659,2.695,9555198.0
1758024000000,2.694,2.728,2.662,2.711,12583807.0
1758038400000,2.712,2.735,2.692,2.702,6928308.0
1758052800000,2.703,2.725,2.696,2.707,3546303.0
1758067200000,2.707,2.73,2.685,2.7,5017056.0
1758081600000,2.7,2.748,2.678,2.747,5337470.0
1758096000000,2.747,2.768,2.703,2.705,11826021.0
1758110400000,2.706,2.717,2.662,2.665,6382034.0
1758124800000,2.665,2.776,2.647,2.771,17911180.0
1758139200000,2.772,2.836,2.724,2.823,12451845.0
1758153600000,2.824,2.897,2.801,2.882,11025172.0
1758168000000,2.882,2.928,2.863,2.902,12007450.0
1758182400000,2.902,2.947,2.896,2.913,10466960.0
1758196800000,2.913,3.002,2.899,2.994,13689340.0
1758211200000,2.995,3.221,2.972,3.201,40437362.0
1758225600000,3.201,3.265,3.134,3.175,29816879.0
1758240000000,3.174,3.276,3.174,3.193,22251601.0
1758254400000,3.192,3.247,3.139,3.206,18264741.0
1758268800000,3.206,3.338,3.146,3.162,40343150.0
1758283200000,3.162,3.215,3.118,3.146,26407523.0
1758297600000,3.146,3.178,3.089,3.118,12869923.0
1758312000000,3.117,3.176,3.106,3.119,8650944.0
1758326400000,3.119,3.164,3.049,3.099,18214230.0
1758340800000,3.099,3.143,3.098,3.134,8113455.0
1758355200000,3.134,3.141,3.063,3.079,8603233.0
1758369600000,3.08,3.279,3.069,3.174,20450884.0
1758384000000,3.174,3.204,3.142,3.159,10915757.0
1758398400000,3.159,3.201,3.141,3.154,5533043.0
1758412800000,3.155,3.156,3.107,3.122,5633654.0
1758427200000,3.123,3.146,3.105,3.137,5463211.0
1758441600000,3.137,3.158,3.087,3.093,8670335.0
1758456000000,3.093,3.13,3.09,3.1,5372592.0
1758470400000,3.099,3.155,3.068,3.155,8031990.0
1758484800000,3.155,3.168,3.119,3.127,4739788.0
1758499200000,3.127,3.16,2.954,2.985,25917059.0
1758513600000,2.984,2.99,2.72,2.842,33156612.0
1758528000000,2.843,2.908,2.814,2.875,15819266.0
1758542400000,2.875,2.946,2.859,2.89,14910294.0
1758556800000,2.89,2.916,2.845,2.856,8488560.0
1758571200000,2.856,2.994,2.853,2.961,9738234.0
1758585600000,2.961,3.035,2.854,2.947,17818923.0
1758600000000,2.948,3.122,2.879,3.085,25277716.0
1758614400000,3.086,3.132,3.003,3.008,16097060.0
1758628800000,3.007,3.071,2.993,3.045,14300683.0
1758643200000,3.045,3.055,2.931,2.938,13545468.0
1758657600000,2.939,2.998,2.91,2.918,8247020.0
1758672000000,2.918,2.989,2.904,2.905,12063843.0
1758686400000,2.905,3.026,2.863,2.988,17014421.0
1758700800000,2.988,3.056,2.985,3.024,13324046.0
1758715200000,3.024,3.1,3.008,3.071,15874601.0
1758729600000,3.072,3.117,3.052,3.065,9031532.0
1758744000000,3.066,3.073,3.014,3.021,7932949.0
1758758400000,3.021,3.035,2.907,2.927,16598714.0
1758772800000,2.926,2.934,2.846,2.862,22095981.0
1758787200000,2.862,2.908,2.824,2.834,16168539.0
1758801600000,2.834,2.92,2.788,2.866,22274734.0
1758816000000,2.865,2.872,2.771,2.815,22787805.0
1758830400000,2.815,2.818,2.704,2.727,14244490.0
1758844800000,2.727,2.764,2.694,2.755,12611412.0
1758859200000,2.755,2.766,2.64,2.698,19205604.0
1758873600000,2.698,2.719,2.65,2.659,9015313.0
1758888000000,2.659,2.738,2.622,2.735,16848544.0
1758902400000,2.735,2.796,2.717,2.733,11784268.0
1758916800000,2.734,2.79,2.728,2.775,4017819.0
1758931200000,2.775,2.776,2.74,2.746,3722194.0
1758945600000,2.746,2.756,2.706,2.713,3213140.0
1758960000000,2.712,2.716,2.688,2.706,5137764.0
1758974400000,2.706,2.741,2.698,2.739,4889270.0
1758988800000,2.739,2.74,2.683,2.713,4538446.0
1759003200000,2.713,2.756,2.704,2.726,3027445.0
1759017600000,2.726,2.736,2.678,2.689,4443855.0
1759032000000,2.689,2.7,2.657,2.681,4089247.0
1759046400000,2.68,2.694,2.657,2.672,5259711.0
1759060800000,2.671,2.715,2.646,2.698,6867466.0
1759075200000,2.698,2.728,2.694,2.717,5131314.0
1759089600000,2.717,2.814,2.712,2.798,9332156.0
1759104000000,2.798,2.833,2.78,2.808,7542725.0
1759118400000,2.809,2.81,2.737,2.756,7701037.0
1759132800000,2.756,2.801,2.725,2.745,8473866.0
1759147200000,2.746,2.827,2.69,2.786,16447852.0
1759161600000,2.786,2.804,2.736,2.784,7619482.0
1759176000000,2.783,2.822,2.771,2.773,5703209.0
1759190400000,2.773,2.788,2.715,2.72,6999567.0
1759204800000,2.721,2.726,2.661,2.672,9046405.0
1759219200000,2.672,2.678,2.626,2.65,9774648.0
1759233600000,2.65,2.655,2.566,2.591,16160882.0
1759248000000,2.591,2.632,2.561,2.623,9825077.0
1759262400000,2.622,2.651,2.597,2.626,7724359.0
1759276800000,2.627,2.682,2.613,2.622,8536887.0
1759291200000,2.621,2.677,2.619,2.658,6902914.0
1759305600000,2.657,2.826,2.653,2.804,22904627.0
1759320000000,2.804,2.847,2.774,2.843,10468220.0
1759334400000,2.843,2.875,2.821,2.84,13863843.0
1759348800000,2.839,2.843,2.803,2.832,6312740.0
1759363200000,2.833,2.91,2.831,2.899,9995058.0
1759377600000,2.899,2.93,2.876,2.878,9566045.0
1759392000000,2.879,2.915,2.872,2.891,7208607.0
1759406400000,2.891,2.904,2.82,2.881,13261172.0
1759420800000,2.881,2.958,2.876,2.947,12025664.0
1759435200000,2.948,2.985,2.933,2.967,7755549.0
1759449600000,2.968,2.981,2.901,2.92,9557205.0
1759464000000,2.92,2.954,2.89,2.913,6929160.0
1759478400000,2.914,2.951,2.887,2.92,6407187.0
1759492800000,2.92,3.019,2.902,3.016,11248256.0
1759507200000,3.016,3.081,2.971,3.037,21471308.0
1759521600000,3.038,3.056,3.02,3.032,4087079.0
1759536000000,3.031,3.043,2.973,2.981,6836108.0
1759550400000,2.981,3.014,2.962,2.978,7435434.0
1759564800000,2.979,2.984,2.921,2.932,7044682.0
1759579200000,2.931,2.971,2.882,2.89,9268039.0
1759593600000,2.89,2.919,2.876,2.917,4336509.0
1759608000000,2.917,2.973,2.916,2.958,3305704.0
1759622400000,2.959,3.063,2.93,3.008,10883049.0
1759636800000,3.008,3.161,3.002,3.156,18230933.0
1759651200000,3.157,3.179,3.04,3.061,18734350.0
1759665600000,3.062,3.064,3.004,3.029,9355604.0
1759680000000,3.03,3.035,2.946,2.947,9833389.0
1759694400000,2.948,2.975,2.937,2.955,5610470.0
1759708800000,2.956,2.998,2.931,2.965,9584274.0
1759723200000,2.965,2.978,2.93,2.951,6926958.0
1759737600000,2.951,2.995,2.938,2.979,7438881.0
1759752000000,2.978,3.075,2.973,3.059,15996895.0
1759766400000,3.059,3.085,3.028,3.073,7896146.0
1759780800000,3.073,3.087,3.039,3.049,5299627.0
1759795200000,3.049,3.072,3.011,3.021,6088320.0
1759809600000,3.021,3.058,2.976,2.996,14148804.0
1759824000000,2.996,3.028,2.96,3.018,9071615.0
1759838400000,3.017,3.071,2.901,2.919,29083708.0
1759852800000,2.919,2.972,2.904,2.917,8716605.0
1759867200000,2.918,2.981,2.916,2.947,8436731.0
1759881600000,2.946,3.012,2.912,2.924,11623905.0
1759896000000,2.925,2.959,2.897,2.954,9178148.0
1759910400000,2.955,2.974,2.93,2.934,6746163.0
1759924800000,2.935,2.981,2.903,2.911,13278952.0
1759939200000,2.911,3.023,2.906,2.996,12165521.0
1759953600000,2.995,3.005,2.953,2.964,4584621.0
1759968000000,2.964,2.967,2.869,2.923,15130257.0
1759982400000,2.922,2.95,2.878,2.882,9231671.0
1759996800000,2.882,2.897,2.835,2.875,11072520.0
1760011200000,2.875,2.93,2.827,2.838,14826677.0
1760025600000,2.838,2.869,2.807,2.861,8430173.0
1760040000000,2.861,2.909,2.848,2.878,5663652.0
1760054400000,2.879,2.986,2.875,2.963,9615068.0
1760068800000,2.963,3.121,2.963,2.981,28916107.0
1760083200000,2.982,3.162,2.966,3.155,22555024.0
1760097600000,3.155,3.227,3.009,3.049,45875520.0
1760112000000,3.049,3.117,2.936,2.964,25656300.0
1760126400000,2.964,2.987,1.543,2.378,157584405.0
1760140800000,2.377,2.497,2.308,2.403,33691673.0
1760155200000,2.403,2.487,2.385,2.458,17020568.0
1760169600000,2.457,2.578,2.446,2.478,17165718.0
1760184000000,2.478,2.483,2.375,2.393,17187423.0
1760198400000,2.393,2.403,2.251,2.276,19427853.0
1760212800000,2.276,2.307,2.182,2.298,24363765.0
1760227200000,2.298,2.298,2.216,2.261,15478409.0
1760241600000,2.26,2.342,2.254,2.322,13804518.0
1760256000000,2.322,2.334,2.263,2.286,11425523.0
1760270400000,2.287,2.445,2.233,2.432,39812146.0
1760284800000,2.432,2.509,2.415,2.505,25012225.0
1760299200000,2.504,2.517,2.427,2.455,13277933.0
1760313600000,2.454,2.487,2.413,2.44,10190401.0
1760328000000,2.44,2.527,2.418,2.487,10023209.0
1760342400000,2.486,2.554,2.41,2.46,20334002.0
1760356800000,2.46,2.571,2.443,2.533,21169321.0
1760371200000,2.534,2.665,2.504,2.651,18369138.0
1760385600000,2.651,2.68,2.607,2.618,8097106.0
1760400000000,2.619,2.636,2.532,2.556,10773895.0
1760414400000,2.555,2.57,2.373,2.409,24510464.0
1760428800000,2.408,2.452,2.351,2.401,14911450.0
1760443200000,2.401,2.467,2.336,2.464,23844665.0
1760457600000,2.464,2.501,2.411,2.452,21201631.0
1760472000000,2.452,2.479,2.431,2.46,7283158.0
1760486400000,2.459,2.49,2.423,2.442,8283518.0
1760500800000,2.442,2.477,2.426,2.473,7064597.0
1760515200000,2.473,2.52,2.402,2.416,12450406.0
1760529600000,2.415,2.427,2.327,2.345,22879667.0
1760544000000,2.345,2.375,2.317,2.328,12465129.0
1760558400000,2.329,2.341,2.289,2.323,11672405.0
1760572800000,2.324,2.355,2.31,2.331,6714142.0
1760587200000,2.331,2.356,2.311,2.319,7805692.0
1760601600000,2.32,2.375,2.218,2.36,21425079.0
1760616000000,2.36,2.378,2.238,2.248,19888195.0
1760630400000,2.249,2.3,2.192,2.217,19320518.0
1760644800000,2.217,2.228,2.181,2.198,10910511.0
1760659200000,2.197,2.234,2.189,2.228,8196259.0
1760673600000,2.229,2.233,2.087,2.093,21591209.0
1760688000000,2.094,2.189,2.055,2.167,32353076.0
1760702400000,2.166,2.182,2.108,2.17,19540696.0
1760716800000,2.17,2.198,2.132,2.141,11772952.0
1760731200000,2.142,2.175,2.133,2.149,5834588.0
1760745600000,2.149,2.186,2.143,2.172,4821283.0
1760760000000,2.171,2.184,2.137,2.151,7197367.0
1760774400000,2.152,2.169,2.143,2.164,5729872.0
1760788800000,2.164,2.173,2.12,2.131,7012802.0
1760803200000,2.132,2.156,2.11,2.155,6072295.0
1760817600000,2.154,2.175,2.146,2.164,3920131.0
1760832000000,2.165,2.186,2.147,2.179,5189589.0
1760846400000,2.18,2.185,2.152,2.163,3960787.0
1760860800000,2.162,2.242,2.133,2.219,19644680.0
1760875200000,2.22,2.284,2.202,2.262,14257150.0
1760889600000,2.262,2.274,2.238,2.265,8051657.0
1760904000000,2.266,2.298,2.251,2.257,6527633.0
1760918400000,2.257,2.304,2.21,2.298,9754326.0
1760932800000,2.298,2.337,2.284,2.311,10705970.0
1760947200000,2.31,2.317,2.283,2.307,6627766.0
1760961600000,2.306,2.331,2.292,2.293,8227578.0
1760976000000,2.293,2.301,2.248,2.289,13036126.0
1760990400000,2.288,2.303,2.253,2.259,5827411.0
1761004800000,2.258,2.267,2.216,2.221,7997255.0
1761019200000,2.221,2.224,2.162,2.195,12692486.0
1761033600000,2.196,2.207,2.163,2.202,8252747.0
1761048000000,2.201,2.363,2.199,2.346,25926666.0
1761062400000,2.346,2.353,2.284,2.298,14346037.0
1761076800000,2.299,2.303,2.212,2.217,12557158.0
1761091200000,2.216,2.235,2.196,2.218,9794577.0
1761105600000,2.218,2.244,2.187,2.213,9909055.0
1761120000000,2.213,2.22,2.151,2.199,13199224.0
1761134400000,2.198,2.24,2.178,2.209,16704262.0
1761148800000,2.209,2.212,2.159,2.181,12932478.0
1761163200000,2.182,2.187,2.093,2.164,17748968.0
1761177600000,2.164,2.172,2.145,2.148,5990972.0
1761192000000,2.149,2.197,2.143,2.192,7748915.0
1761206400000,2.193,2.206,2.172,2.176,6432623.0
1761220800000,2.175,2.214,2.153,2.197,14505890.0
1761235200000,2.196,2.243,2.193,2.21,9606653.0
1761249600000,2.209,2.21,2.171,2.201,5760642.0
1761264000000,2.201,2.218,2.19,2.197,4739210.0
1761278400000,2.197,2.266,2.191,2.245,10491040.0
1761292800000,2.245,2.271,2.22,2.244,7951143.0
1761307200000,2.244,2.304,2.206,2.214,16297867.0
1761321600000,2.215,2.278,2.199,2.255,6906041.0
1761336000000,2.256,2.276,2.253,2.271,4057755.0
1761350400000,2.27,2.271,2.234,2.238,4851518.0
1761364800000,2.237,2.251,2.223,2.225,3681674.0
1761379200000,2.224,2.252,2.223,2.249,4632202.0
1761393600000,2.25,2.281,2.248,2.271,6255864.0
1761408000000,2.271,2.296,2.263,2.294,4275964.0
1761422400000,2.294,2.298,2.271,2.278,3582191.0
1761436800000,2.277,2.281,2.251,2.267,4933130.0
1761451200000,2.266,2.307,2.263,2.3,4390541.0
1761465600000,2.301,2.36,2.299,2.355,9675163.0
1761480000000,2.355,2.366,2.333,2.359,8972583.0
1761494400000,2.358,2.36,2.337,2.346,3547867.0
1761508800000,2.345,2.398,2.322,2.368,10199040.0
1761523200000,2.368,2.399,2.362,2.388,7691261.0
1761537600000,2.388,2.418,2.375,2.394,7649944.0
1761552000000,2.394,2.407,2.345,2.371,10437913.0
1761566400000,2.371,2.373,2.309,2.355,12479386.0
1761580800000,2.356,2.4,2.356,2.359,9411986.0
1761595200000,2.358,2.362,2.313,2.331,7178094.0
1761609600000,2.33,2.344,2.298,2.316,7237781.0
1761624000000,2.315,2.362,2.303,2.326,9127353.0
1761638400000,2.327,2.342,2.317,2.321,4171532.0
1761652800000,2.321,2.382,2.277,2.322,17236962.0
1761667200000,2.321,2.354,2.252,2.267,13416285.0
1761681600000,2.267,2.268,2.198,2.233,15751606.0
1761696000000,2.233,2.252,2.223,2.232,4850722.0
1761710400000,2.232,2.252,2.231,2.247,5276696.0
1761724800000,2.247,2.311,2.234,2.296,9541405.0
1761739200000,2.295,2.322,2.251,2.27,10753284.0
1761753600000,2.269,2.347,2.227,2.314,28229191.0
1761768000000,2.315,2.339,2.262,2.274,8694460.0
1761782400000,2.275,2.305,2.261,2.276,8500696.0
1761796800000,2.277,2.277,2.191,2.26,16677052.0
1761811200000,2.26,2.261,2.184,2.189,14052773.0
1761825600000,2.19,2.193,2.086,2.094,21331664.0
1761840000000,2.094,2.111,2.029,2.036,17338536.0
1761854400000,2.035,2.1,2.028,2.097,12830269.0
1761868800000,2.098,2.129,2.089,2.12,10335314.0
1761883200000,2.119,2.14,2.099,2.109,7283740.0
1761897600000,2.109,2.13,2.09,2.127,6789372.0
1761912000000,2.127,2.158,2.101,2.136,10529447.0
1761926400000,2.136,2.14,2.067,2.131,13652827.0
1761940800000,2.131,2.134,2.092,2.097,4925759.0
1761955200000,2.098,2.13,2.086,2.127,4202588.0
1761969600000,2.128,2.143,2.104,2.138,5007150.0
1761984000000,2.139,2.166,2.128,2.161,8274750.0
1761998400000,2.161,2.184,2.139,2.16,13078094.0
1762012800000,2.16,2.176,2.151,2.167,4667121.0
1762027200000,2.168,2.182,2.146,2.171,4594155.0
1762041600000,2.172,2.173,2.152,2.158,2960717.0
1762056000000,2.159,2.198,2.156,2.192,4049632.0
1762070400000,2.191,2.194,2.144,2.185,5881583.0
1762084800000,2.185,2.187,2.105,2.12,7203377.0
1762099200000,2.12,2.141,2.101,2.121,4056135.0
1762113600000,2.121,2.201,2.111,2.189,7829024.0
1762128000000,2.189,2.202,2.035,2.038,14444941.0
1762142400000,2.039,2.069,2.0,2.04,21664343.0
1762156800000,2.039,2.054,1.972,2.001,16091149.0
1762171200000,2.001,2.032,1.82,1.899,34784129.0
1762185600000,1.9,1.971,1.888,1.911,18973743.0
1762200000000,1.911,1.923,1.876,1.91,13890052.0
1762214400000,1.91,1.945,1.889,1.941,9983000.0
1762228800000,1.941,1.95,1.823,1.839,25332310.0
1762243200000,1.838,1.914,1.831,1.893,13792769.0
1762257600000,1.893,1.941,1.864,1.897,16986880.0
1762272000000,1.896,1.911,1.765,1.795,33536180.0
1762286400000,1.795,1.856,1.719,1.83,38645373.0
1762300800000,1.83,1.867,1.735,1.861,27484754.0
1762315200000,1.861,1.869,1.839,1.862,9331626.0
1762329600000,1.863,1.883,1.827,1.879,13803515.0
1762344000000,1.879,1.909,1.866,1.908,12841784.0
1762358400000,1.909,1.953,1.887,1.935,12308107.0
1762372800000,1.934,1.972,1.925,1.95,12484392.0
1762387200000,1.951,1.954,1.911,1.922,10349271.0
1762401600000,1.922,1.942,1.888,1.897,7811474.0
1762416000000,1.896,1.911,1.886,1.901,5278357.0
1762430400000,1.901,2.038,1.895,1.97,42325334.0
1762444800000,1.97,2.078,1.903,2.066,38780998.0
1762459200000,2.067,2.102,2.035,2.094,25091921.0
1762473600000,2.094,2.168,2.072,2.15,34088221.0
1762488000000,2.151,2.272,2.117,2.241,25406660.0
1762502400000,2.241,2.353,2.206,2.275,44089454.0
1762516800000,2.275,2.587,2.246,2.517,60254484.0
1762531200000,2.517,2.944,2.509,2.793,98800636.0
1762545600000,2.793,2.963,2.741,2.766,41131068.0
1762560000000,2.767,2.834,2.583,2.687,44460983.0
1762574400000,2.688,2.763,2.605,2.66,25447545.0
1762588800000,2.66,3.184,2.618,3.004,73695987.0
1762603200000,3.005,3.039,2.789,2.809,46149551.0
1762617600000,2.809,2.92,2.721,2.844,32064412.0
1762632000000,2.843,2.96,2.809,2.932,15401576.0
1762646400000,2.932,3.081,2.806,2.819,55755167.0
1762660800000,2.818,2.871,2.734,2.78,26899442.0
1762675200000,2.78,2.8,2.667,2.728,31110518.0
1762689600000,2.727,2.969,2.689,2.883,33742855.0
1762704000000,2.883,3.03,2.841,3.023,26196484.0
1762718400000,3.023,3.082,2.881,3.073,19588431.0
1762732800000,3.073,3.074,2.896,3.016,28706211.0
1762747200000,3.015,3.152,2.903,2.98,32352630.0
1762761600000,2.98,3.069,2.822,2.881,28741397.0
1762776000000,2.882,2.902,2.798,2.842,24017423.0
1762790400000,2.842,2.882,2.806,2.846,10841887.0
1762804800000,2.846,2.881,2.751,2.785,19137233.0
1762819200000,2.786,2.822,2.724,2.815,17236865.0
1762833600000,2.814,2.834,2.638,2.661,20345840.0
1762848000000,2.66,2.695,2.631,2.664,12845940.0
1762862400000,2.664,2.728,2.636,2.707,15006123.0
1762876800000,2.708,2.723,2.611,2.621,10566071.0
1762891200000,2.62,2.629,2.527,2.546,15090040.0
1762905600000,2.547,2.594,2.536,2.575,9344029.0
1762920000000,2.575,2.605,2.555,2.563,6259619.0
1762934400000,2.564,2.662,2.561,2.638,12117418.0
1762948800000,2.638,2.658,2.508,2.529,16690145.0
1762963200000,2.528,2.54,2.476,2.504,13789733.0
1762977600000,2.504,2.572,2.498,2.533,7051886.0
1762992000000,2.532,2.581,2.495,2.552,7046417.0
1763006400000,2.553,2.604,2.535,2.557,8048417.0
1763020800000,2.557,2.592,2.535,2.537,4663007.0
1763035200000,2.538,2.602,2.495,2.518,11386045.0
1763049600000,2.517,2.526,2.393,2.407,20290250.0
1763064000000,2.407,2.467,2.39,2.446,9350605.0
1763078400000,2.447,2.449,2.373,2.388,9573083.0
1763092800000,2.389,2.437,2.304,2.396,17711311.0
1763107200000,2.396,2.401,2.354,2.373,7814954.0
1763121600000,2.372,2.461,2.331,2.441,17720704.0
1763136000000,2.442,2.45,2.39,2.438,8512586.0
1763150400000,2.437,2.439,2.315,2.353,10233434.0
1763164800000,2.354,2.49,2.35,2.478,10167322.0
1763179200000,2.477,2.622,2.471,2.532,27423709.0
1763193600000,2.532,2.539,2.446,2.486,12522360.0
1763208000000,2.486,2.553,2.473,2.477,14284302.0
1763222400000,2.477,2.486,2.444,2.453,8373560.0
1763236800000,2.454,2.456,2.389,2.406,8295130.0
1763251200000,2.405,2.441,2.361,2.439,9070988.0
1763265600000,2.44,2.508,2.416,2.473,9759144.0
1763280000000,2.472,2.561,2.447,2.482,16129929.0
1763294400000,2.481,2.514,2.335,2.341,18540420.0
1763308800000,2.34,2.36,2.264,2.274,18894436.0
1763323200000,2.274,2.316,2.228,2.288,17573142.0
1763337600000,2.288,2.351,2.247,2.314,13698973.0
1763352000000,2.315,2.334,2.294,2.317,6575458.0
1763366400000,2.316,2.336,2.291,2.308,6716479.0
1763380800000,2.307,2.337,2.212,2.271,22379664.0
1763395200000,2.271,2.332,2.174,2.197,26214978.0
1763409600000,2.197,2.272,2.175,2.27,11743043.0
1763424000000,2.27,2.327,2.23,2.307,16560759.0
1763438400000,2.307,2.309,2.229,2.258,11774474.0
1763452800000,2.257,2.293,2.215,2.22,16000293.0
1763467200000,2.221,2.294,2.201,2.263,21973323.0
1763481600000,2.263,2.354,2.254,2.306,14511498.0
1763496000000,2.305,2.312,2.265,2.276,6911372.0
1763510400000,2.275,2.309,2.25,2.258,6736404.0
1763524800000,2.258,2.27,2.189,2.241,11325952.0
1763539200000,2.241,2.309,2.222,2.301,10296954.0
1763553600000,2.301,2.319,2.221,2.231,16101165.0
1763568000000,2.23,2.252,2.147,2.199,26581636.0
1763582400000,2.199,2.405,2.176,2.375,23045684.0
1763596800000,2.375,2.412,2.337,2.36,15115616.0
1763611200000,2.36,2.4,2.347,2.396,11773124.0
1763625600000,2.395,2.396,2.331,2.35,8624504.0
1763640000000,2.35,2.373,2.253,2.257,22424429.0
1763654400000,2.258,2.26,2.095,2.12,39377859.0
1763668800000,2.119,2.164,2.065,2.073,15753762.0
1763683200000,2.074,2.09,2.035,2.052,15618258.0
1763697600000,2.051,2.057,1.816,1.952,28904097.0
1763712000000,1.951,1.99,1.893,1.9,20985651.0
1763726400000,1.9,1.962,1.861,1.891,30413756.0
1763740800000,1.891,1.933,1.85,1.869,24408860.0
1763755200000,1.869,1.891,1.819,1.863,20824000.0
1763769600000,1.863,1.901,1.839,1.88,11386983.0
1763784000000,1.879,1.881,1.829,1.846,10384780.0
1763798400000,1.845,1.856,1.809,1.839,11382669.0
1763812800000,1.838,1.847,1.797,1.814,11927156.0
1763827200000,1.814,1.833,1.799,1.809,5755294.0
1763841600000,1.809,1.869,1.798,1.84,6543727.0
1763856000000,1.84,1.908,1.839,1.897,10610781.0
1763870400000,1.896,1.914,1.849,1.857,7173105.0
1763884800000,1.857,1.881,1.827,1.847,6894709.0
1763899200000,1.846,1.877,1.838,1.861,8277681.0
1763913600000,1.861,1.869,1.813,1.847,7757669.0
1763928000000,1.847,1.865,1.817,1.821,6909297.0
1763942400000,1.821,1.886,1.796,1.871,13812368.0
1763956800000,1.87,1.891,1.831,1.848,9706250.0
1763971200000,1.848,1.87,1.823,1.865,8558602.0
1763985600000,1.865,1.945,1.843,1.926,25683014.0
1764000000000,1.926,1.986,1.913,1.95,15782004.0
1764014400000,1.95,1.967,1.903,1.905,8997941.0
1764028800000,1.904,1.948,1.897,1.908,9605047.0
1764043200000,1.908,1.914,1.845,1.849,10772115.0
1764057600000,1.849,1.866,1.837,1.854,11172208.0
1764072000000,1.854,1.881,1.815,1.841,15809564.0
1764086400000,1.841,1.934,1.837,1.892,15812605.0
1764100800000,1.892,1.934,1.87,1.912,13382333.0
1764115200000,1.912,1.929,1.879,1.881,7623921.0
1764129600000,1.882,1.897,1.871,1.888,4920577.0
1764144000000,1.888,1.889,1.842,1.856,7338891.0
1764158400000,1.857,1.89,1.836,1.859,9399282.0
1764172800000,1.859,1.959,1.858,1.943,15726503.0
1764187200000,1.943,1.95,1.926,1.936,6114207.0
1764201600000,1.936,1.954,1.91,1.915,7618832.0
1764216000000,1.915,1.939,1.912,1.924,3748780.0
1764230400000,1.924,1.944,1.912,1.918,5517274.0
1764244800000,1.917,1.937,1.9,1.934,6310573.0
1764259200000,1.933,1.95,1.927,1.937,4826691.0
1764273600000,1.938,1.944,1.897,1.904,4336036.0
1764288000000,1.905,1.918,1.865,1.888,5779942.0
1764302400000,1.889,1.894,1.872,1.885,3952307.0
1764316800000,1.885,1.939,1.882,1.898,8258415.0
1764331200000,1.897,1.955,1.886,1.933,10904879.0
1764345600000,1.932,1.936,1.846,1.886,12657623.0
1764360000000,1.886,1.89,1.862,1.877,4636882.0
1764374400000,1.877,1.885,1.864,1.876,3952583.0
1764388800000,1.877,1.904,1.869,1.871,5359763.0
1764403200000,1.872,1.897,1.865,1.889,3611574.0
1764417600000,1.889,1.892,1.859,1.877,5818045.0
1764432000000,1.876,1.878,1.829,1.842,9125952.0
1764446400000,1.842,1.855,1.835,1.849,3047867.0
1764460800000,1.849,1.865,1.824,1.853,4950889.0
1764475200000,1.854,1.858,1.834,1.851,3479127.0
1764489600000,1.85,1.859,1.833,1.835,5521593.0
1764504000000,1.834,1.866,1.825,1.843,10041207.0
1764518400000,1.843,1.867,1.841,1.855,5318659.0
1764532800000,1.854,1.866,1.801,1.803,9881518.0
1764547200000,1.803,1.81,1.668,1.673,30985532.0
1764561600000,1.673,1.683,1.647,1.665,10440895.0
1764576000000,1.664,1.674,1.627,1.633,9473221.0
1764590400000,1.634,1.639,1.583,1.614,19944216.0
1764604800000,1.614,1.621,1.592,1.603,9383191.0
1764619200000,1.604,1.64,1.604,1.624,7844134.0
1764633600000,1.625,1.662,1.622,1.656,9007445.0
1764648000000,1.656,1.681,1.649,1.68,8012181.0
1764662400000,1.681,1.725,1.664,1.721,11370394.0
1764676800000,1.721,1.834,1.72,1.82,25677844.0
1764691200000,1.821,1.83,1.795,1.806,13010109.0
1764705600000,1.805,1.826,1.787,1.804,7730194.0
1764720000000,1.804,1.824,1.787,1.814,8801577.0
1764734400000,1.814,1.847,1.803,1.814,9597077.0
1764748800000,1.814,1.823,1.786,1.799,7816406.0
1764763200000,1.8,1.818,1.755,1.802,16922853.0
1764777600000,1.802,1.831,1.786,1.823,9487026.0
1764792000000,1.823,1.871,1.809,1.845,8967858.0
1764806400000,1.844,1.875,1.833,1.86,7552331.0
1764820800000,1.86,1.885,1.841,1.856,8141073.0
1764835200000,1.856,1.898,1.85,1.862,10124075.0
1764849600000,1.862,1.868,1.814,1.834,11023485.0
1764864000000,1.833,1.839,1.746,1.788,13609193.0
1764878400000,1.787,1.809,1.775,1.795,4945770.0
1764892800000,1.796,1.817,1.792,1.794,4878241.0
1764907200000,1.794,1.799,1.771,1.789,6110863.0
1764921600000,1.788,1.789,1.723,1.736,11162613.0
1764936000000,1.736,1.752,1.689,1.711,19848016.0
1764950400000,1.711,1.716,1.657,1.679,17173538.0
1764964800000,1.679,1.692,1.666,1.68,4247020.0
1764979200000,1.681,1.697,1.668,1.683,4165046.0
1764993600000,1.684,1.689,1.667,1.681,4262797.0
1765008000000,1.681,1.713,1.678,1.703,5998379.0
1765022400000,1.702,1.747,1.7,1.709,9137151.0
1765036800000,1.708,1.74,1.708,1.713,5124728.0
1765051200000,1.712,1.723,1.697,1.707,3453224.0
1765065600000,1.708,1.728,1.706,1.717,2954122.0
1765080000000,1.716,1.724,1.702,1.707,3302821.0
1765094400000,1.707,1.716,1.68,1.688,5855188.0
1765108800000,1.687,1.7,1.637,1.697,15198582.0
1765123200000,1.697,1.747,1.683,1.737,10987052.0
1765137600000,1.738,1.772,1.683,1.701,11685520.0
1765152000000,1.701,1.741,1.689,1.721,6103109.0
1765166400000,1.722,1.802,1.722,1.78,9306760.0
1765180800000,1.779,1.797,1.766,1.779,6266908.0
1765195200000,1.779,1.792,1.743,1.753,9620699.0
1765209600000,1.753,1.786,1.737,1.75,7896086.0
1765224000000,1.749,1.78,1.734,1.744,5971729.0
1765238400000,1.743,1.751,1.711,1.732,5663584.0
1765252800000,1.732,1.735,1.691,1.732,7299078.0
1765267200000,1.731,1.734,1.71,1.725,4829362.0
1765281600000,1.724,1.842,1.719,1.833,19709394.0
1765296000000,1.834,1.885,1.834,1.847,18664740.0
1765310400000,1.847,1.85,1.782,1.81,9783104.0
1765324800000,1.81,1.814,1.786,1.795,4793004.0
1765339200000,1.795,1.799,1.769,1.782,4895524.0
1765353600000,1.782,1.782,1.741,1.753,9717200.0
1765368000000,1.752,1.764,1.733,1.756,7879245.0
1765382400000,1.756,1.824,1.749,1.815,16011874.0
1765396800000,1.815,1.864,1.746,1.758,16918329.0
1765411200000,1.758,1.762,1.657,1.665,14647114.0
1765425600000,1.665,1.693,1.657,1.674,8078645.0
1765440000000,1.674,1.678,1.649,1.664,7591056.0
1765454400000,1.663,1.674,1.643,1.653,12448880.0
1765468800000,1.652,1.682,1.628,1.659,13502927.0
1765483200000,1.66,1.725,1.658,1.673,13287700.0
1765497600000,1.672,1.699,1.645,1.681,8863166.0
1765512000000,1.68,1.719,1.67,1.703,7677735.0
1765526400000,1.703,1.709,1.684,1.702,5851591.0
1765540800000,1.702,1.709,1.597,1.608,16850605.0
1765555200000,1.608,1.632,1.582,1.609,16246911.0
1765569600000,1.61,1.637,1.607,1.636,4645641.0
1765584000000,1.636,1.653,1.631,1.648,3550443.0
1765598400000,1.649,1.658,1.641,1.651,3764928.0
1765612800000,1.65,1.684,1.65,1.675,7447647.0
1765627200000,1.676,1.678,1.649,1.656,7593395.0
1765641600000,1.655,1.669,1.652,1.66,4106775.0
1765656000000,1.66,1.667,1.638,1.664,4713423.0
1765670400000,1.663,1.67,1.646,1.649,3318599.0
1765684800000,1.65,1.651,1.625,1.633,4477616.0
1765699200000,1.632,1.638,1.606,1.624,6676564.0
1765713600000,1.623,1.636,1.601,1.607,7468658.0
1765728000000,1.607,1.621,1.584,1.594,7954586.0
1765742400000,1.594,1.606,1.569,1.59,9907274.0
1765756800000,1.591,1.646,1.587,1.623,7826968.0
1765771200000,1.624,1.637,1.613,1.62,4641058.0
1765785600000,1.62,1.633,1.613,1.618,4773019.0
1765800000000,1.618,1.625,1.525,1.532,25180099.0
1765814400000,1.532,1.539,1.487,1.525,22671132.0
1765828800000,1.525,1.553,1.51,1.542,13574482.0
1765843200000,1.542,1.552,1.529,1.542,6913995.0
1765857600000,1.542,1.545,1.515,1.52,7086346.0
1765872000000,1.519,1.554,1.517,1.543,8630326.0
1765886400000,1.543,1.562,1.505,1.557,16895881.0
1765900800000,1.557,1.599,1.547,1.581,16121895.0
1765915200000,1.581,1.62,1.561,1.569,11469365.0
1765929600000,1.57,1.575,1.552,1.555,6273801.0
1765944000000,1.555,1.559,1.534,1.547,6889113.0
1765958400000,1.546,1.547,1.526,1.538,6320527.0
1765972800000,1.537,1.613,1.516,1.537,30031934.0
1765987200000,1.537,1.547,1.465,1.485,31184078.0
1766001600000,1.485,1.498,1.467,1.481,6773315.0
1766016000000,1.481,1.486,1.459,1.464,7736567.0
1766030400000,1.464,1.477,1.451,1.475,6869809.0
1766044800000,1.476,1.489,1.464,1.475,9648527.0
1766059200000,1.475,1.589,1.469,1.567,25351079.0
1766073600000,1.567,1.6,1.423,1.428,41616632.0
1766088000000,1.428,1.456,1.418,1.428,23366262.0
1766102400000,1.427,1.486,1.404,1.474,18108556.0
1766116800000,1.475,1.504,1.459,1.49,10846429.0
1766131200000,1.49,1.51,1.483,1.507,10870760.0
1766145600000,1.506,1.542,1.487,1.514,21627005.0
1766160000000,1.515,1.559,1.501,1.551,18955153.0
1766174400000,1.551,1.56,1.533,1.538,5940531.0
1766188800000,1.538,1.539,1.511,1.515,5095600.0
1766203200000,1.514,1.539,1.504,1.534,6619154.0
1766217600000,1.534,1.546,1.513,1.522,5856014.0
1766232000000,1.521,1.523,1.503,1.516,7094429.0
1766246400000,1.517,1.525,1.512,1.517,3663571.0
1766260800000,1.517,1.526,1.513,1.522,4658150.0
1766275200000,1.523,1.528,1.491,1.506,7116653.0
1766289600000,1.505,1.521,1.504,1.516,3635143.0
1766304000000,1.515,1.536,1.509,1.513,6076635.0
1766318400000,1.513,1.522,1.453,1.463,17228374.0
1766332800000,1.462,1.49,1.454,1.487,8890458.0
1766347200000,1.488,1.529,1.466,1.508,10977213.0
1766361600000,1.509,1.543,1.491,1.515,13424881.0
1766376000000,1.514,1.536,1.514,1.534,7096935.0
1766390400000,1.535,1.569,1.532,1.558,12785401.0
1766404800000,1.559,1.586,1.541,1.558,17533592.0
1766419200000,1.557,1.573,1.504,1.504,11316178.0
1766433600000,1.505,1.52,1.49,1.504,14410507.0
1766448000000,1.505,1.524,1.476,1.492,12085059.0
1766462400000,1.492,1.498,1.472,1.477,8696629.0
1766476800000,1.478,1.499,1.471,1.492,6445407.0
1766491200000,1.492,1.498,1.461,1.486,17792437.0
1766505600000,1.487,1.531,1.482,1.504,23125629.0
1766520000000,1.505,1.531,1.482,1.486,7147166.0
1766534400000,1.486,1.489,1.451,1.468,14744571.0
1766548800000,1.469,1.478,1.443,1.444,9937151.0
1766563200000,1.444,1.453,1.44,1.445,6917502.0
1766577600000,1.446,1.468,1.434,1.466,12429482.0
1766592000000,1.466,1.471,1.443,1.457,8696601.0
1766606400000,1.458,1.474,1.45,1.453,6258157.0
1766620800000,1.454,1.503,1.452,1.499,11420548.0
1766635200000,1.498,1.513,1.486,1.5,8437978.0
1766649600000,1.5,1.511,1.462,1.472,8297939.0
1766664000000,1.471,1.508,1.467,1.499,8695586.0
1766678400000,1.5,1.509,1.481,1.504,6984509.0
1766692800000,1.504,1.506,1.431,1.436,11854273.0
1766707200000,1.436,1.542,1.43,1.527,27354533.0
1766721600000,1.527,1.563,1.517,1.523,16983192.0
1766736000000,1.523,1.537,1.517,1.526,7470854.0
1766750400000,1.527,1.534,1.485,1.511,14180991.0
1766764800000,1.511,1.53,1.496,1.525,8295838.0
1766779200000,1.525,1.529,1.512,1.518,4685008.0
1766793600000,1.518,1.538,1.509,1.538,5530176.0
1766808000000,1.537,1.546,1.518,1.519,4846113.0
1766822400000,1.518,1.534,1.499,1.531,7004440.0
1766836800000,1.531,1.554,1.525,1.552,5970347.0
1766851200000,1.552,1.583,1.546,1.55,7935328.0
1766865600000,1.549,1.605,1.546,1.593,7424636.0
1766880000000,1.593,1.597,1.583,1.591,4811917.0
1766894400000,1.592,1.614,1.591,1.604,6093239.0
1766908800000,1.605,1.615,1.586,1.594,6882131.0
1766923200000,1.594,1.595,1.567,1.589,8909945.0
1766937600000,1.589,1.592,1.553,1.555,9858186.0
1766952000000,1.556,1.583,1.553,1.581,5869197.0
1766966400000,1.581,1.611,1.575,1.605,13052944.0
1766980800000,1.605,1.609,1.572,1.585,8116873.0
1766995200000,1.584,1.586,1.53,1.538,13492957.0
1767009600000,1.538,1.541,1.51,1.524,17891815.0
1767024000000,1.524,1.531,1.511,1.518,8031835.0
1767038400000,1.517,1.528,1.511,1.522,5146144.0
1767052800000,1.522,1.533,1.511,1.523,7198085.0
1767067200000,1.524,1.535,1.514,1.53,4233138.0
1767081600000,1.529,1.561,1.529,1.544,9809756.0
1767096000000,1.545,1.558,1.523,1.546,9365921.0
1767110400000,1.546,1.551,1.514,1.528,7970506.0
1767124800000,1.529,1.529,1.511,1.515,5205152.0
1767139200000,1.514,1.531,1.503,1.518,6784267.0
1767153600000,1.517,1.525,1.513,1.519,3523356.0
1767168000000,1.518,1.525,1.496,1.518,9332767.0
1767182400000,1.518,1.529,1.504,1.507,9566670.0
1767196800000,1.508,1.509,1.467,1.488,11100385.0
1767211200000,1.489,1.53,1.477,1.513,11377098.0
1767225600000,1.513,1.529,1.505,1.506,6611365.0
1767240000000,1.507,1.515,1.5,1.512,3115764.0
1767254400000,1.512,1.534,1.51,1.53,4960404.0
1767268800000,1.53,1.584,1.521,1.572,14783121.0
1767283200000,1.573,1.613,1.569,1.613,15594524.0
1767297600000,1.613,1.635,1.597,1.627,14317248.0
1767312000000,1.627,1.661,1.624,1.655,10854285.0
1767326400000,1.655,1.658,1.626,1.629,6299265.0
1767340800000,1.629,1.665,1.627,1.636,8853970.0
1767355200000,1.636,1.653,1.613,1.636,11724209.0
1767369600000,1.636,1.691,1.63,1.684,14400569.0
1767384000000,1.684,1.697,1.673,1.69,7103301.0
1767398400000,1.691,1.711,1.683,1.708,7297512.0
1767412800000,1.708,1.718,1.657,1.668,8132581.0
1767427200000,1.668,1.68,1.658,1.674,5394122.0
1767441600000,1.674,1.707,1.671,1.681,6203838.0
1767456000000,1.681,1.712,1.679,1.703,5205873.0
1767470400000,1.703,1.716,1.693,1.709,3060871.0
1767484800000,1.709,1.731,1.691,1.711,7817696.0
1767499200000,1.711,1.716,1.69,1.711,7584669.0
1767513600000,1.712,1.729,1.697,1.723,8110183.0
1767528000000,1.723,1.741,1.707,1.733,8905633.0
1767542400000,1.733,1.742,1.704,1.724,8506019.0
1767556800000,1.724,1.736,1.71,1.727,4400050.0
1767571200000,1.728,1.798,1.721,1.791,17207313.0
1767585600000,1.791,1.8,1.731,1.746,14802393.0
1767600000000,1.746,1.759,1.706,1.719,9361273.0
1767614400000,1.718,1.764,1.71,1.756,11383029.0
1767628800000,1.757,1.783,1.72,1.766,11050956.0
1767643200000,1.767,1.795,1.751,1.771,7993414.0
1767657600000,1.772,1.789,1.743,1.777,9285451.0
1767672000000,1.778,1.797,1.746,1.756,8629222.0
1767686400000,1.757,1.825,1.756,1.819,8206520.0
1767700800000,1.82,1.84,1.782,1.795,16447233.0
1767715200000,1.794,1.805,1.726,1.751,16109342.0
1767729600000,1.751,1.828,1.751,1.808,8231956.0
1767744000000,1.808,1.808,1.751,1.769,6594536.0
1767758400000,1.77,1.79,1.755,1.789,4839584.0
1767772800000,1.79,1.803,1.757,1.772,8534500.0
1767787200000,1.772,1.772,1.71,1.718,13241278.0
1767801600000,1.718,1.736,1.71,1.73,6904284.0
1767816000000,1.73,1.733,1.699,1.721,5297932.0
1767830400000,1.721,1.728,1.696,1.699,6203715.0
1767844800000,1.7,1.719,1.664,1.708,11168161.0
1767859200000,1.709,1.718,1.675,1.69,11022102.0
1767873600000,1.69,1.715,1.656,1.714,11385264.0
1767888000000,1.714,1.718,1.679,1.684,7585335.0
1767902400000,1.683,1.707,1.664,1.684,3798054.0
1767916800000,1.684,1.708,1.672,1.694,7580564.0
1767931200000,1.694,1.707,1.684,1.696,3983374.0
1767945600000,1.695,1.699,1.66,1.683,5177532.0
1767960000000,1.682,1.749,1.668,1.722,14422901.0
1767974400000,1.723,1.755,1.676,1.684,11160154.0
1767988800000,1.683,1.72,1.681,1.703,5299837.0
1768003200000,1.702,1.704,1.675,1.686,4126431.0
1768017600000,1.686,1.705,1.673,1.702,4331715.0
1768032000000,1.703,1.715,1.696,1.713,3814408.0
1768046400000,1.713,1.733,1.704,1.708,4809740.0
1768060800000,1.707,1.715,1.688,1.714,4079705.0
1768075200000,1.714,1.716,1.681,1.687,3235759.0
1768089600000,1.688,1.698,1.682,1.693,3046004.0
1768104000000,1.693,1.695,1.678,1.688,3061994.0
1768118400000,1.688,1.705,1.684,1.703,4213890.0
1768132800000,1.704,1.722,1.687,1.694,6396580.0
1768147200000,1.695,1.738,1.692,1.72,8899567.0
1768161600000,1.719,1.72,1.669,1.701,7717051.0
1768176000000,1.701,1.769,1.675,1.735,11911424.0
1768190400000,1.735,1.759,1.714,1.716,10419782.0
1768204800000,1.716,1.722,1.664,1.681,15977218.0
1768219200000,1.68,1.72,1.643,1.714,16905243.0
1768233600000,1.713,1.738,1.679,1.695,13007741.0
1768248000000,1.695,1.71,1.661,1.672,6562537.0
1768262400000,1.673,1.726,1.672,1.696,9361705.0
1768276800000,1.695,1.752,1.695,1.739,10320609.0
1768291200000,1.74,1.79,1.729,1.768,14208037.0
1768305600000,1.768,1.825,1.755,1.811,20678880.0
1768320000000,1.811,1.853,1.804,1.848,17956177.0
1768334400000,1.848,1.894,1.819,1.858,14712109.0
1768348800000,1.858,1.878,1.849,1.859,7491722.0
1768363200000,1.859,1.861,1.822,1.839,7850195.0
1768377600000,1.84,1.863,1.824,1.828,9700829.0
1768392000000,1.829,1.853,1.808,1.841,13583867.0
1768406400000,1.841,1.862,1.797,1.823,16932602.0
1768420800000,1.822,1.834,1.783,1.798,8730206.0
1768435200000,1.799,1.814,1.741,1.749,12004659.0
1768449600000,1.749,1.788,1.744,1.783,6896451.0
1768464000000,1.782,1.8,1.766,1.79,6590420.0
1768478400000,1.789,1.812,1.717,1.745,15113363.0
1768492800000,1.744,1.753,1.697,1.712,12288243.0
1768507200000,1.711,1.728,1.698,1.72,5334389.0
1768521600000,1.721,1.729,1.701,1.715,5806300.0
1768536000000,1.716,1.75,1.705,1.744,5555299.0
1768550400000,1.744,1.755,1.719,1.728,4865811.0
1768564800000,1.728,1.73,1.672,1.685,10893128.0
1768579200000,1.685,1.703,1.673,1.692,8398419.0
1768593600000,1.692,1.744,1.682,1.731,8374954.0
1768608000000,1.731,1.739,1.722,1.728,3672485.0
1768622400000,1.727,1.773,1.72,1.772,4816324.0
1768636800000,1.772,1.803,1.763,1.767,13167913.0
1768651200000,1.766,1.809,1.765,1.788,8701303.0
1768665600000,1.788,1.794,1.766,1.783,6108015.0
1768680000000,1.784,1.787,1.746,1.751,4510485.0
1768694400000,1.75,1.767,1.714,1.721,8752888.0
1768708800000,1.721,1.722,1.698,1.707,6251095.0
1768723200000,1.707,1.714,1.698,1.707,5955360.0
1768737600000,1.707,1.721,1.689,1.719,8587913.0
1768752000000,1.719,1.741,1.709,1.718,8126745.0
1768766400000,1.718,1.736,1.623,1.627,13683222.0
1768780800000,1.627,1.627,1.44,1.593,44857035.0
1768795200000,1.593,1.596,1.554,1.561,13879256.0
1768809600000,1.561,1.583,1.55,1.555,9973858.0
1768824000000,1.554,1.571,1.545,1.562,8894184.0
1768838400000,1.562,1.62,1.559,1.607,10256244.0
1768852800000,1.607,1.609,1.573,1.597,7960017.0
1768867200000,1.596,1.604,1.577,1.587,8755224.0
1768881600000,1.586,1.589,1.551,1.552,9356091.0
1768896000000,1.552,1.564,1.532,1.537,9539938.0
1768910400000,1.537,1.56,1.517,1.528,19376286.0
1768924800000,1.527,1.535,1.505,1.519,16311980.0
1768939200000,1.518,1.529,1.487,1.505,9171381.0
1768953600000,1.505,1.551,1.503,1.541,8350001.0
1768968000000,1.542,1.548,1.527,1.531,5288001.0
1768982400000,1.531,1.538,1.507,1.513,8211497.0
1768996800000,1.513,1.56,1.494,1.552,15295089.0
1769011200000,1.552,1.57,1.481,1.569,21901349.0
1769025600000,1.569,1.574,1.523,1.527,8412614.0
1769040000000,1.528,1.555,1.527,1.536,7034542.0
1769054400000,1.536,1.557,1.535,1.545,5017298.0
1769068800000,1.545,1.559,1.53,1.53,5899569.0
1769083200000,1.53,1.541,1.494,1.51,10402993.0
1769097600000,1.511,1.534,1.507,1.522,6388177.0
1769112000000,1.522,1.526,1.501,1.513,3775711.0
1769126400000,1.512,1.531,1.508,1.529,4843675.0
1769140800000,1.529,1.542,1.512,1.517,4514918.0
1769155200000,1.517,1.524,1.501,1.521,5461368.0
1769169600000,1.521,1.533,1.491,1.526,9558481.0
1769184000000,1.525,1.55,1.498,1.506,13070351.0
1769198400000,1.506,1.518,1.489,1.507,5668542.0
1769212800000,1.507,1.518,1.5,1.51,3302069.0
1769227200000,1.51,1.518,1.506,1.512,2542329.0
1769241600000,1.512,1.52,1.506,1.508,2288596.0
1769256000000,1.507,1.511,1.492,1.495,4166174.0
1769270400000,1.494,1.504,1.487,1.495,3284658.0
1769284800000,1.496,1.513,1.494,1.504,3426691.0
1769299200000,1.505,1.516,1.492,1.499,4221862.0
1769313600000,1.498,1.513,1.495,1.501,3076155.0
1769328000000,1.502,1.511,1.482,1.496,5540530.0
1769342400000,1.495,1.499,1.474,1.489,6511065.0
1769356800000,1.488,1.488,1.409,1.417,21716037.0
1769371200000,1.417,1.44,1.408,1.436,9460676.0
1769385600000,1.436,1.471,1.43,1.446,6491477.0
1769400000000,1.447,1.475,1.446,1.468,4688126.0
1769414400000,1.468,1.479,1.448,1.453,5214498.0
1769428800000,1.453,1.487,1.446,1.463,10184315.0
1769443200000,1.462,1.474,1.44,1.46,8842526.0
1769457600000,1.459,1.478,1.449,1.461,5116129.0
1769472000000,1.462,1.479,1.46,1.471,3570121.0
1769486400000,1.472,1.481,1.466,1.47,2799279.0
1769500800000,1.47,1.474,1.454,1.456,3584997.0
1769515200000,1.457,1.47,1.446,1.469,5278698.0
1769529600000,1.469,1.504,1.449,1.48,13595281.0
1769544000000,1.48,1.505,1.479,1.49,6538628.0
1769558400000,1.489,1.497,1.474,1.474,5329607.0
1769572800000,1.475,1.488,1.468,1.479,3991737.0
1769587200000,1.479,1.496,1.463,1.494,5414448.0
1769601600000,1.495,1.496,1.459,1.466,8831882.0
1769616000000,1.467,1.487,1.457,1.477,6829777.0
1769630400000,1.476,1.501,1.463,1.489,8867549.0
1769644800000,1.489,1.496,1.44,1.447,10127380.0
1769659200000,1.447,1.454,1.434,1.441,7989377.0
1769673600000,1.44,1.443,1.417,1.419,7475285.0
1769688000000,1.418,1.428,1.352,1.373,22514503.0
1769702400000,1.373,1.403,1.341,1.361,21381510.0
1769716800000,1.361,1.385,1.356,1.375,7214449.0
1769731200000,1.375,1.381,1.309,1.328,22211598.0
1769745600000,1.327,1.346,1.295,1.333,13271693.0
1769760000000,1.333,1.349,1.313,1.343,8353197.0
1769774400000,1.343,1.345,1.299,1.321,15233391.0
1769788800000,1.321,1.35,1.287,1.338,19315050.0
1769803200000,1.337,1.338,1.312,1.321,10731454.0
1769817600000,1.322,1.327,1.313,1.324,4909766.0
1769832000000,1.323,1.328,1.295,1.304,5842101.0
1769846400000,1.304,1.307,1.274,1.278,13393522.0
1769860800000,1.279,1.283,1.208,1.234,30461261.0
1769875200000,1.235,1.258,1.09,1.172,62573240.0
1769889600000,1.173,1.212,1.158,1.206,11693305.0
1769904000000,1.206,1.216,1.193,1.206,11149792.0
1769918400000,1.206,1.211,1.188,1.2,7659768.0
1769932800000,1.2,1.211,1.183,1.2,9452961.0
1769947200000,1.2,1.209,1.152,1.169,16090895.0
1769961600000,1.169,1.194,1.155,1.168,13399549.0
1769976000000,1.168,1.192,1.141,1.173,14498119.0
1769990400000,1.172,1.205,1.135,1.179,16884986.0
1770004800000,1.179,1.193,1.135,1.159,19586127.0
1770019200000,1.16,1.19,1.158,1.18,10184174.0
1770033600000,1.181,1.238,1.18,1.227,18620453.0
1770048000000,1.228,1.236,1.212,1.212,9433811.0
1770062400000,1.212,1.216,1.196,1.2,6646028.0
1770076800000,1.2,1.205,1.171,1.196,10287555.0
1770091200000,1.197,1.205,1.182,1.199,6699245.0
1770105600000,1.2,1.21,1.18,1.193,8673262.0
1770120000000,1.192,1.211,1.172,1.205,17797470.0
1770134400000,1.204,1.206,1.122,1.178,30701239.0
1770148800000,1.179,1.236,1.166,1.176,22730517.0
1770163200000,1.176,1.205,1.171,1.2,7028409.0
1770177600000,1.199,1.203,1.182,1.191,6134955.0
1770192000000,1.191,1.197,1.172,1.183,7702490.0
1770206400000,1.183,1.186,1.131,1.148,20869893.0
1770220800000,1.148,1.187,1.127,1.18,29036742.0
1770235200000,1.18,1.183,1.139,1.159,12231202.0
1770249600000,1.158,1.167,1.134,1.139,13388947.0
1770264000000,1.138,1.146,1.113,1.118,17048299.0
1770278400000,1.117,1.142,1.086,1.106,19426656.0
1770292800000,1.107,1.138,1.033,1.058,48041776.0
1770307200000,1.059,1.088,1.012,1.016,50013171.0
1770321600000,1.017,1.024,0.962,0.976,60958249.0
1770336000000,0.976,0.985,0.84,0.959,104271451.0
1770350400000,0.96,1.006,0.953,0.976,27119911.0
1770364800000,0.976,1.021,0.968,1.017,21571132.0
1770379200000,1.016,1.065,1.009,1.063,28019339.0
1770393600000,1.062,1.113,1.057,1.09,31847685.0
1770408000000,1.089,1.101,1.073,1.087,11317920.0
1770422400000,1.087,1.094,1.07,1.091,9530455.0
1770436800000,1.09,1.102,1.044,1.053,17106848.0
1770451200000,1.053,1.063,1.039,1.044,9931793.0
1770465600000,1.044,1.08,1.041,1.071,12427134.0
1770480000000,1.071,1.104,1.068,1.082,37665747.0
1770494400000,1.082,1.088,1.067,1.073,5232344.0
1770508800000,1.074,1.076,1.06,1.062,4412849.0
1770523200000,1.063,1.067,1.053,1.061,3412310.0
1770537600000,1.061,1.079,1.051,1.072,7732891.0
1770552000000,1.072,1.073,1.051,1.056,9476925.0
1770566400000,1.055,1.058,1.029,1.053,8396896.0
1770580800000,1.053,1.063,1.027,1.037,9179090.0
1770595200000,1.038,1.05,1.03,1.047,7455898.0
1770609600000,1.048,1.048,1.024,1.026,8379491.0
1770624000000,1.027,1.03,0.985,0.991,15540964.0
1770638400000,0.991,1.015,0.989,1.009,13080404.0
1770652800000,1.009,1.042,1.001,1.04,14718780.0
1770667200000,1.04,1.045,1.022,1.029,8428857.0
1770681600000,1.03,1.037,1.003,1.012,7937875.0
1770696000000,1.012,1.016,0.982,0.996,11896687.0
1770710400000,0.996,1.008,0.993,0.994,8783746.0
1770724800000,0.995,1.002,0.982,0.997,13553746.0
1770739200000,0.997,1.007,0.98,0.987,9477078.0
1770753600000,0.987,0.994,0.983,0.991,5605540.0
1770768000000,0.991,1.003,0.984,0.989,5707101.0
1770782400000,0.989,0.992,0.953,0.955,12174969.0
1770796800000,0.954,0.96,0.943,0.958,7530007.0
1770811200000,0.959,0.999,0.938,0.947,17665636.0
1770825600000,0.947,0.976,0.943,0.966,10732833.0
1770840000000,0.965,0.986,0.953,0.961,9062638.0
1770854400000,0.961,0.979,0.96,0.976,7400080.0
1770868800000,0.975,0.989,0.962,0.987,6571222.0
1770883200000,0.988,1.011,0.977,0.992,13596940.0
1770897600000,0.992,0.993,0.952,0.955,21179522.0
1770912000000,0.955,0.967,0.933,0.953,20324784.0
1770926400000,0.953,0.964,0.939,0.962,8003655.0
1770940800000,0.963,0.968,0.954,0.962,7334404.0
1770955200000,0.962,0.989,0.956,0.98,11691443.0
1770969600000,0.98,0.991,0.975,0.98,8397868.0
1770984000000,0.98,1.027,0.973,1.009,20990699.0
1770998400000,1.009,1.028,1.006,1.022,12290543.0
1771012800000,1.022,1.03,1.017,1.023,6154896.0
1771027200000,1.023,1.03,1.019,1.027,6569979.0
1771041600000,1.027,1.032,1.014,1.03,10356361.0
1771056000000,1.03,1.054,1.029,1.052,8832197.0
1771070400000,1.051,1.069,1.043,1.068,14362350.0
1771084800000,1.067,1.094,1.057,1.09,18489797.0
1771099200000,1.091,1.102,1.077,1.085,9952459.0
1771113600000,1.084,1.085,1.057,1.071,10712281.0
1771128000000,1.072,1.09,1.071,1.087,9474674.0
1771142400000,1.087,1.089,1.065,1.082,11419784.0
1771156800000,1.082,1.085,1.047,1.058,19535079.0
1771171200000,1.058,1.059,1.031,1.04,13263780.0
1771185600000,1.039,1.056,1.036,1.055,6114554.0
1771200000000,1.055,1.063,1.043,1.048,9279993.0
1771214400000,1.049,1.059,1.038,1.044,6229105.0
1771228800000,1.043,1.055,1.03,1.046,8897209.0
1771243200000,1.047,1.074,1.023,1.03,18990953.0
1771257600000,1.031,1.058,1.029,1.053,9887641.0
1771272000000,1.053,1.066,1.049,1.056,7130204.0
1771286400000,1.056,1.062,1.043,1.054,7172725.0
1771300800000,1.055,1.061,1.04,1.052,4348607.0
1771315200000,1.053,1.057,1.043,1.054,4680247.0
1771329600000,1.054,1.067,1.028,1.039,16248189.0
1771344000000,1.039,1.058,1.027,1.046,14611059.0
1771358400000,1.045,1.048,1.035,1.044,5869142.0
1771372800000,1.044,1.051,1.036,1.049,5995599.0
1771387200000,1.049,1.053,1.042,1.05,3357756.0
1771401600000,1.051,1.058,1.034,1.04,6495651.0
1771416000000,1.041,1.065,1.028,1.051,13176395.0
1771430400000,1.052,1.054,1.011,1.017,15657424.0
1771444800000,1.018,1.027,1.004,1.017,8920256.0
1771459200000,1.017,1.018,1.003,1.013,8813914.0
1771473600000,1.013,1.022,1.007,1.019,5744841.0
1771488000000,1.018,1.019,1.001,1.004,8163985.0
1771502400000,1.005,1.01,0.988,0.99,14194963.0
1771516800000,0.991,1.009,0.98,1.0,14168741.0
1771531200000,1.001,1.008,0.994,1.007,6012270.0
1771545600000,1.007,1.014,1.003,1.009,5957955.0
1771560000000,1.01,1.019,1.0,1.016,6247135.0
1771574400000,1.016,1.024,1.007,1.014,10655575.0
1771588800000,1.014,1.055,1.001,1.04,21991697.0
1771603200000,1.04,1.046,1.017,1.039,20219178.0
1771617600000,1.039,1.054,1.037,1.053,7199097.0
1771632000000,1.053,1.065,1.041,1.057,8933306.0
1771646400000,1.058,1.074,1.055,1.065,9580988.0
1771660800000,1.066,1.108,1.065,1.091,20595265.0
1771675200000,1.091,1.094,1.058,1.059,14550813.0
1771689600000,1.059,1.06,1.048,1.054,8983893.0
1771704000000,1.053,1.063,1.049,1.058,6357262.0
1771718400000,1.057,1.057,1.024,1.03,12382984.0
1771732800000,1.03,1.036,1.024,1.031,6510230.0
1771747200000,1.031,1.034,1.023,1.028,4844699.0
1771761600000,1.028,1.029,1.005,1.014,10353767.0
1771776000000,1.014,1.021,1.008,1.011,5604732.0
1771790400000,1.01,1.022,1.003,1.022,5066313.0
1771804800000,1.021,1.029,0.971,0.986,23804736.0
1771819200000,0.986,1.02,0.979,1.001,13890955.0
1771833600000,1.001,1.016,0.993,1.008,9046318.0
1771848000000,1.008,1.02,0.984,0.985,14476305.0
1771862400000,0.985,0.99,0.966,0.97,17351489.0
1771876800000,0.97,0.987,0.963,0.98,10030207.0
1771891200000,0.981,0.993,0.965,0.976,16987823.0
1771905600000,0.977,0.979,0.965,0.972,8606843.0
1771920000000,0.972,0.978,0.967,0.97,5455589.0
1771934400000,0.97,0.979,0.951,0.973,22657384.0
1771948800000,0.972,0.99,0.971,0.976,11365382.0
1771963200000,0.975,0.979,0.96,0.965,6040021.0
1771977600000,0.966,1.013,0.964,0.986,17276312.0
1771992000000,0.987,0.993,0.975,0.993,10033808.0
1772006400000,0.992,1.03,0.99,1.028,13591304.0
1772020800000,1.028,1.114,1.028,1.104,45717689.0
1772035200000,1.105,1.199,1.105,1.197,35933529.0
1772049600000,1.197,1.262,1.163,1.173,52638986.0
1772064000000,1.173,1.184,1.15,1.159,25760698.0
1772078400000,1.159,1.171,1.125,1.132,20994935.0
1772092800000,1.132,1.143,1.119,1.12,18539200.0
1772107200000,1.12,1.159,1.107,1.119,27693482.0
1772121600000,1.119,1.122,1.083,1.116,26133501.0
1772136000000,1.117,1.133,1.104,1.126,11463977.0
1772150400000,1.127,1.13,1.108,1.128,12340446.0
1772164800000,1.127,1.146,1.127,1.14,11584833.0
1772179200000,1.14,1.144,1.119,1.122,23210077.0
1772193600000,1.122,1.122,1.099,1.107,19445411.0
1772208000000,1.106,1.112,1.081,1.087,15790751.0
1772222400000,1.086,1.095,1.071,1.094,11119003.0
1772236800000,1.093,1.096,1.078,1.084,10983559.0
1772251200000,1.084,1.084,1.027,1.056,22202421.0
1772265600000,1.056,1.069,1.037,1.043,20933148.0
1772280000000,1.044,1.077,1.043,1.065,16484149.0
1772294400000,1.065,1.135,1.063,1.124,35269233.0
1772308800000,1.124,1.173,1.122,1.171,32661841.0
1772323200000,1.17,1.195,1.127,1.151,35255738.0
1772337600000,1.151,1.204,1.139,1.202,25528409.0
1772352000000,1.202,1.211,1.144,1.148,20111807.0
1772366400000,1.148,1.182,1.136,1.151,18654339.0
1772380800000,1.152,1.161,1.127,1.13,16637355.0
1772395200000,1.13,1.158,1.112,1.149,18830451.0
1772409600000,1.15,1.201,1.141,1.194,29141007.0
1772424000000,1.194,1.224,1.171,1.202,52481797.0
1772438400000,1.202,1.214,1.168,1.201,27792761.0
1772452800000,1.201,1.324,1.198,1.306,62623300.0
1772467200000,1.307,1.342,1.276,1.329,49657295.0
1772481600000,1.329,1.414,1.309,1.357,57319241.0
1772496000000,1.358,1.424,1.344,1.419,47722794.0
1772510400000,1.419,1.453,1.336,1.344,64943940.0
1772524800000,1.344,1.411,1.318,1.33,53872798.0
1772539200000,1.33,1.397,1.316,1.39,41517983.0
1772553600000,1.39,1.411,1.348,1.364,35173398.0
1772568000000,1.364,1.373,1.34,1.356,13944396.0
1772582400000,1.356,1.414,1.346,1.394,26400943.0
1772596800000,1.394,1.396,1.336,1.366,21727608.0
1772611200000,1.366,1.413,1.331,1.337,33326731.0
1772625600000,1.337,1.374,1.325,1.356,31571826.0
1772640000000,1.356,1.357,1.302,1.325,27471454.0
1772654400000,1.326,1.329,1.301,1.31,14282626.0
1772668800000,1.31,1.312,1.243,1.278,33411002.0
1772683200000,1.279,1.296,1.266,1.295,16908209.0
1772697600000,1.295,1.328,1.278,1.291,22898289.0
1772712000000,1.291,1.304,1.264,1.271,16859672.0
1772726400000,1.27,1.285,1.249,1.263,20024190.0
1772740800000,1.262,1.288,1.259,1.272,10432902.0
1772755200000,1.272,1.299,1.26,1.281,17153177.0
1772769600000,1.282,1.283,1.254,1.267,10867889.0
1772784000000,1.268,1.271,1.244,1.251,9019208.0
1772798400000,1.252,1.27,1.224,1.23,25597800.0
1772812800000,1.229,1.244,1.212,1.232,14017902.0
1772827200000,1.231,1.244,1.224,1.225,5447126.0
1772841600000,1.226,1.247,1.225,1.234,6257010.0
1772856000000,1.234,1.235,1.208,1.213,6587992.0
1772870400000,1.213,1.229,1.213,1.221,5155904.0
1772884800000,1.221,1.238,1.214,1.221,8351043.0
1772899200000,1.221,1.233,1.201,1.208,6784187.0
1772913600000,1.208,1.219,1.206,1.214,4340164.0
1772928000000,1.214,1.218,1.198,1.214,5616560.0
1772942400000,1.215,1.217,1.193,1.2,7068142.0
1772956800000,1.201,1.254,1.197,1.242,17751845.0
1772971200000,1.242,1.255,1.208,1.214,17390002.0
1772985600000,1.214,1.239,1.202,1.23,9916821.0
1773000000000,1.231,1.237,1.187,1.21,13733795.0
1773014400000,1.211,1.268,1.202,1.239,19523913.0
1773028800000,1.239,1.256,1.217,1.241,18853529.0
1773043200000,1.241,1.259,1.218,1.23,15809765.0
1773057600000,1.23,1.268,1.225,1.253,19482957.0
1773072000000,1.253,1.282,1.234,1.253,18765985.0
1773086400000,1.252,1.257,1.219,1.233,13104791.0
1773100800000,1.234,1.263,1.223,1.242,14660189.0
1773115200000,1.243,1.288,1.242,1.28,16567401.0
1773129600000,1.279,1.317,1.279,1.306,21255706.0
1773144000000,1.306,1.332,1.279,1.304,22741770.0
1773158400000,1.303,1.318,1.275,1.279,17435702.0
1773172800000,1.278,1.293,1.265,1.284,10180875.0
1773187200000,1.283,1.303,1.27,1.282,15806140.0
1773201600000,1.281,1.292,1.266,1.275,10594948.0
1773216000000,1.275,1.289,1.268,1.284,9769417.0
1773230400000,1.285,1.323,1.282,1.295,23684172.0
1773244800000,1.295,1.305,1.284,1.295,15017292.0
1773259200000,1.294,1.303,1.288,1.298,7664946.0
1773273600000,1.298,1.305,1.282,1.284,11153471.0
1773288000000,1.285,1.324,1.276,1.322,14222108.0
1773302400000,1.323,1.342,1.31,1.322,20019087.0
1773316800000,1.322,1.334,1.302,1.322,17191316.0
1773331200000,1.321,1.352,1.312,1.339,18796642.0
1773345600000,1.338,1.37,1.322,1.367,14087104.0
1773360000000,1.366,1.422,1.362,1.387,26649462.0
1773374400000,1.386,1.388,1.343,1.344,14820439.0
1773388800000,1.344,1.355,1.321,1.349,24009553.0
1773403200000,1.349,1.368,1.34,1.351,21193998.0
1773417600000,1.352,1.376,1.339,1.344,15752576.0
1773432000000,1.344,1.356,1.326,1.334,9500365.0
1773446400000,1.335,1.34,1.307,1.332,12626512.0
1773460800000,1.332,1.334,1.31,1.317,10054282.0
1773475200000,1.316,1.319,1.302,1.305,7891303.0
1773489600000,1.304,1.314,1.298,1.309,10328319.0
1773504000000,1.309,1.316,1.302,1.304,5130769.0
1773518400000,1.304,1.327,1.301,1.323,5937275.0
1773532800000,1.324,1.377,1.316,1.355,16112297.0
1773547200000,1.355,1.365,1.33,1.337,11387221.0
1773561600000,1.337,1.358,1.335,1.35,11405560.0
1773576000000,1.351,1.364,1.324,1.336,16383817.0
1773590400000,1.336,1.352,1.331,1.34,11683048.0
1773604800000,1.34,1.362,1.336,1.348,17376074.0
1773619200000,1.349,1.406,1.338,1.389,27551910.0
1773633600000,1.389,1.418,1.388,1.393,19792025.0
1773648000000,1.393,1.407,1.369,1.391,19405336.0
1773662400000,1.391,1.438,1.388,1.414,31687042.0
1773676800000,1.413,1.449,1.412,1.446,18845125.0
1773691200000,1.445,1.509,1.441,1.49,27064247.0
1773705600000,1.49,1.509,1.448,1.456,21728138.0
1773720000000,1.456,1.467,1.423,1.46,16842895.0
1773734400000,1.461,1.475,1.439,1.443,13748411.0
1773748800000,1.444,1.461,1.431,1.459,16721534.0
1773763200000,1.459,1.465,1.451,1.452,11365086.0
1773777600000,1.452,1.466,1.45,1.452,8084586.0
1773792000000,1.451,1.469,1.447,1.456,13101014.0
1773806400000,1.456,1.469,1.428,1.437,12420440.0
1773820800000,1.438,1.458,1.422,1.433,16038335.0
1773835200000,1.432,1.436,1.377,1.384,28243414.0
1773849600000,1.384,1.406,1.372,1.39,19637268.0
1773864000000,1.39,1.404,1.379,1.385,11768188.0
1773878400000,1.386,1.396,1.369,1.385,13756170.0
1773892800000,1.384,1.385,1.342,1.353,17301757.0
1773907200000,1.352,1.362,1.346,1.355,7965267.0
1773921600000,1.354,1.355,1.321,1.334,19597312.0
1773936000000,1.334,1.35,1.321,1.342,14752125.0
1773950400000,1.342,1.346,1.322,1.334,10432156.0
1773964800000,1.334,1.36,1.332,1.344,12241684.0
1773979200000,1.344,1.365,1.336,1.349,15527362.0
1773993600000,1.35,1.36,1.326,1.333,8147990.0
1774008000000,1.334,1.344,1.313,1.331,20293977.0
1774022400000,1.331,1.338,1.307,1.321,16426547.0
1774036800000,1.322,1.336,1.31,1.315,10853664.0
1774051200000,1.314,1.322,1.311,1.315,7432019.0
1774065600000,1.314,1.32,1.311,1.315,6840017.0
1774080000000,1.315,1.322,1.31,1.312,4088112.0
1774094400000,1.312,1.33,1.304,1.329,7577438.0
1774108800000,1.329,1.332,1.316,1.319,5309243.0
1774123200000,1.319,1.325,1.27,1.28,10473711.0
1774137600000,1.28,1.306,1.259,1.296,16434959.0
1774152000000,1.296,1.304,1.29,1.29,9286054.0
1774166400000,1.29,1.3,1.275,1.276,9566866.0
1774180800000,1.276,1.296,1.272,1.286,9149592.0
1774195200000,1.286,1.293,1.27,1.277,8186164.0
1774209600000,1.276,1.285,1.263,1.273,10542702.0
1774224000000,1.273,1.291,1.264,1.281,12053561.0
1774238400000,1.282,1.293,1.254,1.265,9427473.0
1774252800000,1.264,1.332,1.25,1.302,26539330.0
1774267200000,1.302,1.326,1.287,1.292,23912334.0
1774281600000,1.292,1.319,1.289,1.303,9589763.0
1774296000000,1.304,1.326,1.301,1.31,7546541.0
1774310400000,1.31,1.317,1.295,1.308,8672018.0
1774324800000,1.307,1.321,1.296,1.319,7284667.0
1774339200000,1.318,1.329,1.295,1.299,11020720.0
1774353600000,1.299,1.303,1.28,1.282,13549272.0
1774368000000,1.282,1.297,1.272,1.293,11675281.0
1774382400000,1.292,1.303,1.283,1.29,10221032.0
1774396800000,1.291,1.301,1.285,1.291,8443478.0
1774411200000,1.292,1.306,1.264,1.275,11735350.0
1774425600000,1.275,1.307,1.275,1.306,13166580.0
1774440000000,1.307,1.311,1.278,1.28,15317300.0
1774454400000,1.28,1.298,1.271,1.279,9669296.0
1774468800000,1.279,1.287,1.268,1.279,6819036.0
1774483200000,1.278,1.279,1.252,1.254,9825636.0
1774497600000,1.254,1.255,1.227,1.233,10675304.0
1774512000000,1.233,1.235,1.217,1.224,8621303.0
1774526400000,1.224,1.239,1.217,1.22,11983665.0
1774540800000,1.219,1.226,1.201,1.207,11347991.0
1774555200000,1.206,1.232,1.203,1.223,10153940.0
1774569600000,1.223,1.24,1.222,1.228,7149857.0
1774584000000,1.228,1.237,1.22,1.236,5390526.0
1774598400000,1.236,1.238,1.182,1.187,16688292.0
1774612800000,1.186,1.192,1.175,1.18,19718732.0
1774627200000,1.181,1.19,1.174,1.18,12531341.0
1774641600000,1.18,1.184,1.168,1.179,6931476.0
1774656000000,1.179,1.181,1.16,1.165,6826375.0
1774670400000,1.165,1.177,1.161,1.174,3640589.0
1774684800000,1.175,1.178,1.16,1.169,4458001.0
1774699200000,1.17,1.187,1.161,1.184,10768630.0
1774713600000,1.184,1.189,1.177,1.188,6328676.0
1774728000000,1.187,1.191,1.164,1.172,6053070.0
1774742400000,1.173,1.177,1.161,1.171,9286854.0
1774756800000,1.17,1.173,1.162,1.162,4814268.0
1774771200000,1.162,1.167,1.154,1.164,11902762.0
1774785600000,1.164,1.165,1.149,1.158,16132882.0
1774800000000,1.159,1.162,1.147,1.156,6441704.0
1774814400000,1.156,1.175,1.129,1.164,12239732.0
1774828800000,1.164,1.198,1.162,1.19,11019761.0
1774843200000,1.19,1.207,1.186,1.204,14304107.0
1774857600000,1.204,1.224,1.194,1.2,13796092.0
1774872000000,1.2,1.207,1.176,1.18,12639701.0
1774886400000,1.18,1.181,1.148,1.153,14347697.0
1774900800000,1.154,1.174,1.148,1.16,8007837.0
1774915200000,1.161,1.203,1.159,1.178,12734172.0
1774929600000,1.179,1.186,1.172,1.185,7913600.0
1774944000000,1.186,1.187,1.16,1.175,10402648.0
1774958400000,1.174,1.199,1.171,1.173,15896961.0
1774972800000,1.173,1.202,1.171,1.186,19202706.0
1774987200000,1.186,1.189,1.175,1.188,6338665.0
1775001600000,1.188,1.193,1.177,1.192,7279559.0
1775016000000,1.192,1.227,1.187,1.217,10941397.0
1775030400000,1.217,1.222,1.199,1.211,10457454.0
1775044800000,1.211,1.229,1.2,1.205,17716496.0
1775059200000,1.206,1.215,1.196,1.2,11076422.0
1775073600000,1.201,1.205,1.183,1.19,6685551.0
1775088000000,1.191,1.205,1.152,1.156,19165497.0
1775102400000,1.155,1.167,1.144,1.164,10573825.0
1775116800000,1.164,1.166,1.145,1.152,9560027.0
1775131200000,1.152,1.17,1.138,1.156,16596868.0
1775145600000,1.156,1.166,1.147,1.157,9557231.0
1775160000000,1.157,1.163,1.152,1.162,11282285.0
1775174400000,1.162,1.179,1.157,1.176,8981545.0
1775188800000,1.176,1.211,1.173,1.204,13326219.0
1775203200000,1.205,1.227,1.203,1.223,18431447.0
1775217600000,1.223,1.228,1.201,1.204,11102755.0
1775232000000,1.204,1.212,1.196,1.206,6771574.0
1775246400000,1.206,1.221,1.203,1.208,6332316.0
1775260800000,1.207,1.224,1.205,1.222,5593138.0
1775275200000,1.222,1.233,1.217,1.23,7445093.0
1775289600000,1.23,1.237,1.223,1.231,7435822.0
1775304000000,1.23,1.268,1.23,1.263,18466130.0
1775318400000,1.263,1.287,1.251,1.27,16402913.0
1775332800000,1.269,1.273,1.251,1.254,7818683.0
1775347200000,1.254,1.265,1.251,1.259,7581319.0
1775361600000,1.26,1.27,1.237,1.239,13595370.0
1775376000000,1.239,1.249,1.237,1.246,6071709.0
1775390400000,1.247,1.263,1.232,1.246,12889974.0
1775404800000,1.246,1.25,1.226,1.233,7964340.0
1775419200000,1.232,1.252,1.222,1.246,12765532.0
1775433600000,1.247,1.276,1.247,1.272,15452997.0
1775448000000,1.273,1.279,1.262,1.267,11104729.0
1775462400000,1.267,1.301,1.267,1.295,16614494.0
1775476800000,1.296,1.302,1.269,1.278,13673401.0
1775491200000,1.278,1.285,1.266,1.273,7393223.0
1775505600000,1.273,1.279,1.235,1.248,14899902.0
1775520000000,1.248,1.251,1.229,1.238,10041568.0
1775534400000,1.238,1.242,1.225,1.235,7870445.0
1775548800000,1.235,1.256,1.233,1.236,13674007.0
1775563200000,1.235,1.248,1.22,1.238,15455402.0
1775577600000,1.238,1.265,1.233,1.26,12257552.0
1775592000000,1.261,1.34,1.26,1.309,29807347.0
1775606400000,1.308,1.312,1.284,1.298,12242360.0
1775620800000,1.297,1.351,1.296,1.348,24502267.0
1775635200000,1.349,1.378,1.337,1.358,20251382.0
1775649600000,1.359,1.391,1.343,1.349,20451080.0
1775664000000,1.35,1.368,1.337,1.344,12580451.0
1775678400000,1.345,1.353,1.326,1.329,11360343.0
1775692800000,1.329,1.342,1.319,1.33,16531646.0
1775707200000,1.329,1.354,1.326,1.348,12568847.0
1775721600000,1.347,1.349,1.325,1.328,10699111.0
1775736000000,1.328,1.391,1.322,1.379,24620330.0
1775750400000,1.38,1.39,1.347,1.361,17495745.0
1775764800000,1.361,1.387,1.35,1.366,15116826.0
1775779200000,1.366,1.377,1.351,1.356,17411889.0
1775793600000,1.356,1.376,1.347,1.355,12491896.0
1775808000000,1.356,1.384,1.343,1.363,13396422.0
1775822400000,1.363,1.394,1.352,1.375,20856358.0
1775836800000,1.376,1.38,1.358,1.377,8959795.0
1775851200000,1.376,1.379,1.345,1.36,10152998.0
1775865600000,1.36,1.364,1.338,1.352,9256526.0
1775880000000,1.353,1.354,1.329,1.34,10037285.0
1775894400000,1.34,1.352,1.338,1.351,6900562.0
1775908800000,1.351,1.369,1.346,1.366,11176232.0
1775923200000,1.367,1.422,1.365,1.407,24509193.0
1775937600000,1.407,1.424,1.392,1.402,16934251.0
1775952000000,1.402,1.407,1.333,1.343,21989837.0
1775966400000,1.344,1.344,1.33,1.335,8380184.0
1775980800000,1.335,1.342,1.323,1.331,8107878.0
1775995200000,1.33,1.352,1.328,1.334,13170882.0
1776009600000,1.334,1.367,1.333,1.356,7576918.0
1776024000000,1.356,1.368,1.341,1.345,9500391.0
1776038400000,1.346,1.387,1.344,1.367,16128486.0
1776052800000,1.367,1.395,1.348,1.385,13738296.0
1776067200000,1.386,1.394,1.368,1.378,10226748.0
1776081600000,1.379,1.409,1.362,1.374,17681518.0
1776096000000,1.375,1.413,1.372,1.407,10982266.0
1776110400000,1.406,1.42,1.385,1.417,14585691.0
1776124800000,1.417,1.422,1.402,1.408,9885094.0
1776139200000,1.409,1.433,1.397,1.433,9388666.0
1776153600000,1.432,1.438,1.398,1.404,12809282.0
1776168000000,1.404,1.414,1.369,1.383,22808151.0
1776182400000,1.383,1.389,1.356,1.369,15421744.0
1776196800000,1.37,1.372,1.35,1.359,9098701.0
1776211200000,1.359,1.37,1.357,1.366,7618506.0
1776225600000,1.366,1.372,1.341,1.343,8097435.0
1776240000000,1.343,1.385,1.342,1.38,9911043.0
1776254400000,1.38,1.401,1.377,1.399,15010791.0
1776268800000,1.399,1.416,1.39,1.412,9780351.0
1776283200000,1.412,1.421,1.4,1.409,9297219.0
1776297600000,1.409,1.43,1.399,1.429,8177334.0
1776312000000,1.428,1.442,1.419,1.43,11907287.0
1776326400000,1.43,1.431,1.399,1.404,12307581.0
1776340800000,1.404,1.416,1.365,1.414,18084325.0
1776355200000,1.415,1.434,1.382,1.431,16081229.0
1776369600000,1.431,1.441,1.416,1.431,10850666.0
1776384000000,1.431,1.434,1.403,1.408,7671765.0
1776398400000,1.407,1.427,1.392,1.425,9606241.0
1776412800000,1.425,1.432,1.37,1.394,19645879.0
1776427200000,1.394,1.441,1.388,1.41,18558974.0
1776441600000,1.411,1.431,1.407,1.423,13596465.0
1776456000000,1.424,1.428,1.401,1.406,7898529.0
1776470400000,1.406,1.409,1.39,1.396,10645803.0
1776484800000,1.397,1.421,1.396,1.418,10702856.0
1776499200000,1.417,1.42,1.383,1.39,17284611.0
1776513600000,1.39,1.392,1.368,1.375,14775466.0
1776528000000,1.375,1.384,1.349,1.356,14923382.0
1776542400000,1.357,1.36,1.341,1.343,8063375.0
1776556800000,1.342,1.35,1.328,1.342,9914339.0
1776571200000,1.342,1.357,1.323,1.334,9518335.0
1776585600000,1.334,1.36,1.328,1.359,7968642.0
1776600000000,1.359,1.388,1.348,1.366,16694880.0
1776614400000,1.366,1.368,1.344,1.359,11372335.0
1776628800000,1.358,1.358,1.321,1.325,11698855.0
1776643200000,1.325,1.36,1.324,1.357,8679485.0
1776657600000,1.358,1.364,1.338,1.348,9909631.0
1776672000000,1.348,1.359,1.338,1.349,8396820.0
1776686400000,1.349,1.364,1.333,1.351,15245980.0
1776700800000,1.352,1.37,1.343,1.359,8963673.0
1776715200000,1.358,1.372,1.352,1.361,5825618.0
1776729600000,1.361,1.371,1.348,1.354,6843978.0
1776744000000,1.354,1.382,1.352,1.377,8345767.0
1776758400000,1.378,1.398,1.374,1.392,9673943.0
1776772800000,1.393,1.395,1.362,1.375,15880604.0
1776787200000,1.375,1.381,1.349,1.354,13646479.0
1776801600000,1.354,1.387,1.353,1.385,9375778.0
1776816000000,1.385,1.404,1.376,1.403,9860174.0
1776830400000,1.403,1.415,1.397,1.414,11787588.0
1776844800000,1.414,1.426,1.411,1.424,7441713.0
1776859200000,1.423,1.431,1.409,1.423,9975195.0
1776873600000,1.423,1.424,1.404,1.415,8117011.0
1776888000000,1.415,1.417,1.398,1.401,6870624.0
1776902400000,1.401,1.408,1.375,1.38,11999718.0
1776916800000,1.38,1.393,1.376,1.383,7659281.0
1776931200000,1.384,1.39,1.369,1.389,7453429.0
1776945600000,1.388,1.411,1.381,1.409,9062523.0
1776960000000,1.409,1.414,1.376,1.392,22856698.0
1776974400000,1.391,1.408,1.39,1.405,7186467.0
1776988800000,1.405,1.411,1.395,1.405,6772487.0
1777003200000,1.406,1.416,1.4,1.409,5008187.0
1777017600000,1.408,1.424,1.403,1.42,8690751.0
1777032000000,1.42,1.427,1.405,1.426,7327117.0
1777046400000,1.426,1.432,1.408,1.412,10091323.0
1777060800000,1.412,1.419,1.398,1.408,4945049.0
1777075200000,1.407,1.417,1.401,1.415,4941934.0
1777089600000,1.415,1.421,1.409,1.414,4161356.0
1777104000000,1.415,1.418,1.4,1.403,3560007.0
1777118400000,1.403,1.408,1.398,1.4,4181790.0
1777132800000,1.4,1.404,1.387,1.389,4466296.0
1777147200000,1.39,1.403,1.389,1.401,4068254.0
1777161600000,1.4,1.401,1.386,1.393,3948091.0
1777176000000,1.393,1.411,1.392,1.407,4136114.0
1777190400000,1.407,1.413,1.402,1.402,3146724.0
1777204800000,1.403,1.404,1.383,1.389,5868807.0
1777219200000,1.389,1.397,1.382,1.39,4652832.0
1777233600000,1.39,1.399,1.378,1.394,6599302.0
1777248000000,1.394,1.413,1.391,1.403,8102654.0
1777262400000,1.404,1.405,1.365,1.368,12926243.0
1777276800000,1.369,1.381,1.366,1.377,5774565.0
1777291200000,1.378,1.379,1.345,1.346,12650648.0
1777305600000,1.346,1.358,1.339,1.345,6373300.0
1777320000000,1.345,1.365,1.344,1.364,3750923.0
1777334400000,1.363,1.363,1.351,1.358,5742834.0
1777348800000,1.359,1.366,1.344,1.35,6027740.0
1777363200000,1.35,1.354,1.341,1.345,4246508.0
1777377600000,1.345,1.36,1.328,1.332,11634745.0
1777392000000,1.332,1.353,1.33,1.349,5079396.0
1777406400000,1.349,1.353,1.342,1.347,2803864.0
1777420800000,1.347,1.365,1.343,1.364,5444644.0
1777435200000,1.364,1.374,1.359,1.36,5278846.0
1777449600000,1.36,1.372,1.353,1.356,7617063.0
1777464000000,1.356,1.356,1.316,1.319,13513499.0
1777478400000,1.319,1.328,1.291,1.312,16110158.0
1777492800000,1.312,1.328,1.311,1.327,4995079.0
1777507200000,1.327,1.341,1.32,1.327,5633666.0
1777521600000,1.327,1.329,1.314,1.328,4580481.0
1777536000000,1.328,1.331,1.317,1.324,5947950.0
1777550400000,1.324,1.329,1.305,1.311,5340563.0
1777564800000,1.312,1.313,1.3,1.302,2971507.0
1777579200000,1.302,1.303,1.3,1.303,115571.0
1777593600000,1.297,1.3,1.297,1.299,150975.0
1777608000000,1.309,1.312,1.293,1.296,4502381.0
1777622400000,1.297,1.301,1.292,1.298,3552586.0
1777636800000,1.297,1.312,1.286,1.294,11598473.0
1777651200000,1.294,1.297,1.284,1.292,6095629.0
1777665600000,1.291,1.293,1.276,1.288,6892596.0
1777680000000,1.287,1.299,1.284,1.297,4748162.0
1777694400000,1.296,1.298,1.284,1.289,3918467.0
1777708800000,1.288,1.296,1.277,1.28,5817514.0
1777723200000,1.28,1.288,1.276,1.286,3943204.0
1777737600000,1.286,1.3,1.285,1.291,3936209.0
1777752000000,1.291,1.297,1.289,1.293,1322667.0
1777766400000,1.298,1.302,1.293,1.3,998144.0
