timestamp,open,high,low,close,volume
1619899200000,49.4502,50.0,47.2018,49.7035,1741135.0
1619913600000,49.7126,50.1542,47.11,47.4949,1613065.0
1619928000000,47.5084,48.3473,46.0539,46.5858,1762464.0
1619942400000,46.593,47.731,46.0047,46.7528,1587454.0
1619956800000,46.7624,47.567,46.128,47.1015,1538397.0
1619971200000,47.1039,48.2871,46.7176,47.9345,1323654.0
1619985600000,47.9542,48.1294,46.3233,46.9593,1039739.0
1620000000000,46.9537,47.9831,46.7457,47.6825,1190738.0
1620014400000,47.7107,49.0,47.51,48.5018,1206133.0
1620028800000,48.503,49.1178,47.686,48.3619,1079958.0
1620043200000,48.3542,48.6368,46.5753,47.9111,1371861.0
1620057600000,47.9475,48.1015,46.83,47.1344,1226858.0
1620072000000,47.136,47.1369,44.8,46.0232,1809122.0
1620086400000,46.0226,46.0609,42.9321,45.0199,1871803.0
1620100800000,45.0242,47.3395,44.8312,45.9502,1459900.0
1620115200000,45.9673,47.8893,45.5016,47.1542,1322973.0
1620129600000,47.1599,47.4499,42.96,43.6235,1975226.0
1620144000000,43.6355,44.8,42.2502,44.5856,1483073.0
1620158400000,44.5804,44.8922,42.637,42.6551,1210199.0
1620172800000,42.6666,45.2642,42.3507,43.9482,1298469.0
1620187200000,43.9492,44.5932,43.0073,44.5817,962411.0
1620201600000,44.5941,45.8675,44.097,44.474,1057837.0
1620216000000,44.4614,45.138,44.0,44.2209,1197595.0
1620230400000,44.2253,46.06,44.1862,46.0267,1083374.0
1620244800000,46.0267,46.0824,44.5135,45.0381,924844.0
1620259200000,45.0381,45.0731,43.59,44.2857,940011.0
1620273600000,44.2839,44.6988,43.0952,43.899,858188.0
1620288000000,43.8991,44.8612,43.4091,44.6129,878329.0
1620302400000,44.6397,44.6624,43.52,43.8256,839065.0
1620316800000,43.8416,43.981,42.5475,43.8568,1166893.0
1620331200000,43.8674,43.9409,43.1004,43.5641,801636.0
1620345600000,43.5628,43.8386,41.7092,42.0808,1065805.0
1620360000000,42.0668,42.88,41.465,42.335,990464.0
1620374400000,42.3275,43.1615,42.05,42.8276,848369.0
1620388800000,42.8209,45.13,42.4127,45.0171,1314032.0
1620403200000,44.9863,46.2986,43.4212,43.8477,2400023.0
1620417600000,43.8519,44.5847,42.2489,43.2345,1089733.0
1620432000000,43.2335,43.7225,42.3702,43.5819,838734.0
1620446400000,43.5697,43.6854,42.7095,43.6687,719693.0
1620460800000,43.6584,44.7413,43.6203,44.3043,1128615.0
1620475200000,44.3091,45.4999,43.4275,43.611,1424711.0
1620489600000,43.6254,45.4241,43.5934,44.9419,1135389.0
1620504000000,44.9371,46.7,44.3918,45.7022,1335496.0
1620518400000,45.7108,47.1986,44.5896,44.6288,1230787.0
1620532800000,44.6428,46.2966,42.6106,44.7615,1628084.0
1620547200000,44.7544,45.489,44.3267,44.8224,1076020.0
1620561600000,44.829,44.9468,43.308,44.2189,1234058.0
1620576000000,44.2177,45.0576,44.0802,44.3352,973884.0
1620590400000,44.3378,45.0213,44.0683,44.3591,846408.0
1620604800000,44.3585,45.491,44.2688,45.0857,755028.0
1620619200000,45.0793,45.9866,44.8408,45.5464,931210.0
1620633600000,45.5532,45.5672,43.6561,44.0035,978887.0
1620648000000,43.994,44.4,43.0817,43.9108,1041065.0
1620662400000,43.9236,43.9913,42.0254,42.0664,992859.0
1620676800000,42.0669,43.9922,38.2509,42.8909,2049524.0
1620691200000,42.8901,43.0564,39.9516,40.429,1186841.0
1620705600000,40.43,41.588,39.732,41.572,879019.0
1620720000000,41.567,42.288,40.3,41.401,959164.0
1620734400000,41.4,41.771,40.04,41.474,1099199.0
1620748800000,41.494,43.079,41.362,43.001,938646.0
1620763200000,42.995,45.184,42.75,44.624,1185027.0
1620777600000,44.616,45.646,44.049,44.52,960664.0
1620792000000,44.537,45.784,43.743,44.9,880198.0
1620806400000,44.904,46.75,44.741,46.138,1433728.0
1620820800000,46.14,48.2,45.014,47.486,2364917.0
1620835200000,47.472,47.865,42.689,44.911,2504135.0
1620849600000,44.901,49.201,42.0,43.484,4206908.0
1620864000000,43.564,45.49,39.368,42.66,2788918.0
1620878400000,42.665,44.999,42.51,44.246,1499882.0
1620892800000,44.242,44.593,40.435,41.595,1856732.0
1620907200000,41.595,43.443,41.104,41.449,1449685.0
1620921600000,41.451,42.109,37.431,39.114,2567105.0
1620936000000,39.118,41.639,38.716,41.052,1599665.0
1620950400000,41.053,42.245,40.224,40.809,1330026.0
1620964800000,40.818,41.265,39.856,41.118,1033152.0
1620979200000,41.114,43.277,41.114,42.83,1087885.0
1620993600000,42.816,44.969,41.9,44.605,1221545.0
1621008000000,44.605,44.807,43.173,43.195,1012811.0
1621022400000,43.22,43.33,41.5,42.741,978151.0
1621036800000,42.735,43.078,41.793,42.19,814287.0
1621051200000,42.197,42.794,40.58,40.829,966826.0
1621065600000,40.838,41.54,40.377,41.275,920990.0
1621080000000,41.287,41.932,40.104,41.374,918134.0
1621094400000,41.374,42.35,39.398,42.317,1503103.0
1621108800000,42.309,45.589,41.839,43.53,1641896.0
1621123200000,43.517,47.956,43.125,47.637,2045335.0
1621137600000,47.643,47.909,45.803,46.472,1273877.0
1621152000000,46.494,48.067,46.0,47.229,1384239.0
1621166400000,47.229,52.583,47.002,48.577,4667074.0
1621180800000,48.588,49.952,41.859,43.71,4707129.0
1621195200000,43.694,48.761,42.305,46.866,3433861.0
1621209600000,46.87,47.4,43.791,44.095,2356221.0
1621224000000,44.076,51.217,43.1,50.62,3971499.0
1621238400000,50.675,51.56,47.8,50.239,2873841.0
1621252800000,50.239,50.642,47.741,48.576,2372037.0
1621267200000,48.589,52.026,45.701,49.157,5769282.0
1621281600000,49.165,50.038,46.364,46.74,2163397.0
1621296000000,46.752,48.335,46.041,47.739,1726334.0
1621310400000,47.744,52.083,47.535,52.048,2048809.0
1621324800000,52.038,55.141,51.551,54.534,3159370.0
1621339200000,54.533,55.148,51.139,53.411,3252156.0
1621353600000,53.395,58.583,53.105,55.199,4247928.0
1621368000000,55.195,57.0,53.528,55.95,1966468.0
1621382400000,55.968,57.615,51.139,52.075,2746969.0
1621396800000,52.096,52.65,44.608,50.885,4689910.0
1621411200000,50.893,51.075,38.997,43.974,4081559.0
1621425600000,43.974,47.686,25.228,46.722,4697172.0
1621440000000,46.7,47.857,40.609,40.963,3446234.0
1621454400000,40.94,41.642,34.914,34.952,2807604.0
1621468800000,34.959,37.973,32.159,36.47,3586593.0
1621483200000,36.47,42.489,35.872,41.651,2753105.0
1621497600000,41.651,44.134,39.334,43.235,2159697.0
1621512000000,43.253,46.25,42.485,45.821,2525241.0
1621526400000,45.836,52.216,42.39,44.91,7210295.0
1621540800000,44.921,48.144,43.84,44.431,2503884.0
1621555200000,44.426,47.755,44.346,45.497,1728906.0
1621569600000,45.496,45.833,42.93,43.955,2203261.0
1621584000000,43.976,44.234,40.965,42.23,2154552.0
1621598400000,42.226,42.658,35.75,36.93,4002737.0
1621612800000,36.933,40.221,36.464,38.186,2958740.0
1621627200000,38.186,38.953,33.691,38.921,2949755.0
1621641600000,38.931,40.0,36.681,37.727,1655262.0
1621656000000,37.735,38.244,34.634,35.227,2086015.0
1621670400000,35.218,37.904,35.197,36.972,1768548.0
1621684800000,36.97,38.339,34.65,35.384,2038733.0
1621699200000,35.398,35.533,31.123,31.374,2805120.0
1621713600000,31.376,33.779,31.166,31.225,1991996.0
1621728000000,31.223,32.393,29.096,30.238,2694839.0
1621742400000,30.238,30.453,25.858,26.667,3849193.0
1621756800000,26.675,26.761,21.227,25.661,10503089.0
1621771200000,25.647,26.231,22.262,22.913,7848003.0
1621785600000,22.923,23.679,19.127,22.913,9415555.0
1621800000000,22.91,25.875,22.677,24.517,4765530.0
1621814400000,24.5,27.599,24.499,26.657,3094859.0
1621828800000,26.645,28.852,25.786,28.58,3456364.0
1621843200000,28.565,30.325,27.065,30.26,4405603.0
1621857600000,30.271,31.423,29.158,30.292,3963819.0
1621872000000,30.307,32.0,28.6,31.886,2988912.0
1621886400000,31.889,32.199,29.857,31.417,2536246.0
1621900800000,31.433,33.2,28.744,29.213,2936856.0
1621915200000,29.217,30.168,27.69,29.601,2988684.0
1621929600000,29.603,29.646,25.939,26.279,3559745.0
1621944000000,26.29,29.694,26.101,29.537,3494165.0
1621958400000,29.535,29.979,28.18,28.414,2056153.0
1621972800000,28.432,31.346,28.341,30.007,1950768.0
1621987200000,30.003,32.53,28.787,32.495,2031087.0
1622001600000,32.489,35.678,31.393,35.065,2429493.0
1622016000000,35.057,36.385,33.168,36.199,2650625.0
1622030400000,36.206,37.29,33.347,34.322,3092735.0
1622044800000,34.321,35.254,32.724,33.568,1862851.0
1622059200000,33.566,35.813,33.386,35.42,1206512.0
1622073600000,35.419,35.628,31.01,31.85,2180254.0
1622088000000,31.85,33.456,31.406,33.143,1434440.0
1622102400000,33.143,35.266,32.323,35.024,1666653.0
1622116800000,35.043,35.254,33.725,34.17,1477721.0
1622131200000,34.161,34.589,33.055,34.491,1418112.0
1622145600000,34.492,35.448,33.387,33.779,1600175.0
1622160000000,33.779,34.561,33.028,33.846,1205826.0
1622174400000,33.841,33.841,30.003,31.03,1887376.0
1622188800000,31.038,31.294,28.239,28.501,2296842.0
1622203200000,28.482,31.833,28.258,31.16,2143383.0
1622217600000,31.167,31.58,30.199,30.842,1671421.0
1622232000000,30.838,31.256,27.965,28.993,1737211.0
1622246400000,29.002,29.8,28.765,29.42,1067697.0
1622260800000,29.419,30.065,28.444,29.135,1286026.0
1622275200000,29.131,29.414,27.737,28.729,1492806.0
1622289600000,28.724,28.742,26.413,26.973,1994318.0
1622304000000,26.988,27.528,25.704,26.029,1630849.0
1622318400000,26.039,27.68,25.732,27.38,1326396.0
1622332800000,27.368,27.473,25.618,26.759,1623773.0
1622347200000,26.775,29.571,26.671,29.528,1637358.0
1622361600000,29.525,29.759,28.553,29.407,1464221.0
1622376000000,29.397,29.462,27.4,27.794,1463118.0
1622390400000,27.795,29.416,27.595,29.101,1380294.0
1622404800000,29.101,29.472,28.432,28.59,1239531.0
1622419200000,28.582,29.056,27.513,28.056,1235909.0
1622433600000,28.062,30.794,27.65,30.611,1663211.0
1622448000000,30.611,32.409,30.308,31.559,2569806.0
1622462400000,31.559,32.756,30.545,32.627,2261628.0
1622476800000,32.638,33.017,31.29,31.622,2042859.0
1622491200000,31.622,32.989,31.37,32.749,1438079.0
1622505600000,32.749,32.894,31.285,32.227,1461110.0
1622520000000,32.226,33.33,31.91,32.131,1594737.0
1622534400000,32.127,32.338,30.594,32.04,2061478.0
1622548800000,32.048,32.283,30.794,31.185,1862964.0
1622563200000,31.193,31.481,29.8,30.066,1932267.0
1622577600000,30.067,31.146,29.99,30.955,1190452.0
1622592000000,30.942,31.272,30.4,31.029,1019045.0
1622606400000,31.029,31.879,30.834,31.712,1109118.0
1622620800000,31.709,32.578,31.422,32.424,1318731.0
1622635200000,32.422,34.25,32.4,33.634,2096463.0
1622649600000,33.63,35.0,33.351,34.13,1798426.0
1622664000000,34.122,34.693,33.308,33.994,1246915.0
1622678400000,33.988,35.844,33.713,35.533,1528308.0
1622692800000,35.534,37.385,35.149,36.667,2061996.0
1622707200000,36.667,37.697,36.253,36.745,2282408.0
1622721600000,36.753,39.757,36.134,38.507,4463418.0
1622736000000,38.498,39.9,38.061,39.455,2547221.0
1622750400000,39.449,41.356,39.26,39.627,3055682.0
1622764800000,39.646,39.746,36.901,38.829,2926302.0
1622779200000,38.839,39.197,34.874,36.715,2978406.0
1622793600000,36.717,38.048,35.0,35.594,3120202.0
1622808000000,35.58,38.475,34.225,38.131,3461428.0
1622822400000,38.149,38.822,37.163,37.786,2270400.0
1622836800000,37.779,39.159,36.694,37.37,1660456.0
1622851200000,37.365,42.547,36.995,41.462,3216001.0
1622865600000,41.478,42.786,41.38,41.527,2530303.0
1622880000000,41.519,41.978,39.5,40.029,3866157.0
1622894400000,40.042,41.499,39.088,40.495,4172474.0
1622908800000,40.495,40.618,39.25,39.528,2671154.0
1622923200000,39.522,40.15,37.488,39.658,3366336.0
1622937600000,39.649,40.642,38.932,39.701,2152296.0
1622952000000,39.697,40.466,39.419,39.773,1649684.0
1622966400000,39.765,41.468,39.756,40.576,2508617.0
1622980800000,40.58,42.983,40.229,42.781,3661209.0
1622995200000,42.785,43.47,41.414,41.658,3244697.0
1623009600000,41.66,42.949,41.417,42.199,2337919.0
1623024000000,42.201,43.95,41.686,42.603,2468257.0
1623038400000,42.598,43.989,42.337,43.713,2553872.0
1623052800000,43.709,44.193,43.031,43.29,2242326.0
1623067200000,43.288,44.1,41.8,42.2,3147659.0
1623081600000,42.186,42.773,41.191,42.747,3398044.0
1623096000000,42.749,42.95,37.926,38.247,4960097.0
1623110400000,38.248,39.794,35.282,37.455,4216103.0
1623124800000,37.472,38.075,34.734,36.801,4512134.0
1623139200000,36.802,38.161,35.406,37.239,4200582.0
1623153600000,37.234,37.435,33.55,36.659,6005738.0
1623168000000,36.635,41.35,36.427,41.057,6551638.0
1623182400000,41.061,42.558,40.036,41.229,5260416.0
1623196800000,41.252,41.74,39.26,40.535,4109477.0
1623211200000,40.545,43.93,39.63,42.98,5079284.0
1623225600000,42.973,43.87,42.064,43.508,5046814.0
1623240000000,43.516,44.018,41.362,42.565,5934068.0
1623254400000,42.557,43.209,40.933,41.737,3417484.0
1623268800000,41.747,42.779,41.51,42.024,1910240.0
1623283200000,42.034,42.098,40.6,40.74,2113139.0
1623297600000,40.74,42.369,40.644,42.096,2158590.0
1623312000000,42.099,43.0,41.075,41.968,2912967.0
1623326400000,41.958,42.292,40.811,41.122,2297490.0
1623340800000,41.124,41.464,39.434,40.92,2904709.0
1623355200000,40.923,41.5,40.04,41.09,1656123.0
1623369600000,41.09,41.361,39.262,40.175,1983791.0
1623384000000,40.17,40.376,38.325,38.769,2182410.0
1623398400000,38.769,39.826,38.685,39.319,1843621.0
1623412800000,39.332,39.998,37.732,37.82,2130266.0
1623427200000,37.838,38.281,36.8,37.154,2527847.0
1623441600000,37.157,37.309,35.11,36.162,2784498.0
1623456000000,36.157,36.211,34.18,35.428,3097546.0
1623470400000,35.429,36.442,34.526,36.071,3015204.0
1623484800000,36.066,36.674,35.025,36.615,3035930.0
1623499200000,36.611,37.615,36.124,36.543,2357294.0
1623513600000,36.542,37.295,36.341,36.425,1618187.0
1623528000000,36.441,37.582,36.26,36.474,1475397.0
1623542400000,36.459,37.349,35.514,35.713,1434899.0
1623556800000,35.724,36.265,35.299,35.727,1475768.0
1623571200000,35.727,36.364,35.5,35.862,1394531.0
1623585600000,35.857,36.181,34.708,34.965,1593520.0
1623600000000,34.969,38.9,34.904,38.071,3280428.0
1623614400000,38.06,39.422,38.057,38.708,2329042.0
1623628800000,38.706,39.2,37.636,37.872,1496985.0
1623643200000,37.88,38.284,37.627,37.81,1285344.0
1623657600000,37.814,37.891,36.988,37.343,1441276.0
1623672000000,37.344,39.989,36.6,39.869,3148662.0
1623686400000,39.848,40.553,38.464,39.045,2830507.0
1623700800000,39.044,39.9,38.653,39.672,1242135.0
1623715200000,39.678,40.985,39.309,40.508,1912319.0
1623729600000,40.512,41.299,40.368,41.299,1726166.0
1623744000000,41.295,41.74,39.99,40.535,2277845.0
1623758400000,40.543,41.045,39.44,39.984,1776857.0
1623772800000,39.994,41.517,39.87,40.052,1947932.0
1623787200000,40.059,40.332,39.119,39.54,1147104.0
1623801600000,39.539,39.539,38.71,39.04,1150576.0
1623816000000,39.05,39.9,38.9,39.453,1212814.0
1623830400000,39.46,39.799,37.702,38.093,1567231.0
1623844800000,38.092,39.831,37.48,39.55,2318029.0
1623859200000,39.55,41.7,38.55,39.496,6233707.0
1623873600000,39.498,40.473,38.695,39.677,1733590.0
1623888000000,39.684,40.564,39.408,40.274,1432990.0
1623902400000,40.285,41.031,39.785,40.976,1377570.0
1623916800000,40.975,41.225,40.394,40.643,1553961.0
1623931200000,40.644,40.752,39.42,40.297,2069410.0
1623945600000,40.298,40.409,38.25,39.289,2443324.0
1623960000000,39.288,39.704,38.53,39.269,1312927.0
1623974400000,39.278,39.355,38.191,39.168,1014454.0
1623988800000,39.178,39.471,38.519,39.013,848082.0
1624003200000,39.022,39.144,37.816,38.229,1297653.0
1624017600000,38.228,38.3,35.5,35.572,2574345.0
1624032000000,35.57,36.783,34.874,35.387,2784080.0
1624046400000,35.386,36.833,35.268,36.8,1717414.0
1624060800000,36.8,37.299,35.0,35.667,1614852.0
1624075200000,35.661,36.362,35.285,36.312,1149997.0
1624089600000,36.311,36.441,35.75,36.327,1063434.0
1624104000000,36.316,36.963,35.813,36.269,1446812.0
1624118400000,36.271,36.375,34.861,35.553,1329832.0
1624132800000,35.546,36.007,35.077,35.151,1092783.0
1624147200000,35.16,35.4,34.268,34.955,1189355.0
1624161600000,34.94,35.622,34.835,35.284,869206.0
1624176000000,35.293,35.402,32.189,32.461,2742958.0
1624190400000,32.465,34.44,31.241,33.716,3981783.0
1624204800000,33.716,35.437,33.415,35.027,2329770.0
1624219200000,35.031,35.95,34.711,35.228,1905590.0
1624233600000,35.234,35.5,32.538,32.736,1764078.0
1624248000000,32.736,33.36,30.134,31.048,4481124.0
1624262400000,31.057,31.873,28.283,30.44,5129448.0
1624276800000,30.446,31.383,29.0,29.665,3956948.0
1624291200000,29.665,30.0,27.449,28.567,3240402.0
1624305600000,28.57,28.739,25.9,26.578,3903785.0
1624320000000,26.568,28.771,24.913,27.92,4730773.0
1624334400000,27.928,28.108,26.034,26.475,2541859.0
1624348800000,26.474,26.511,21.97,22.0,6649367.0
1624363200000,22.015,26.426,20.098,25.616,16442601.0
1624377600000,25.614,28.256,25.41,26.418,8220962.0
1624392000000,26.421,27.854,25.72,26.956,3708390.0
1624406400000,26.956,31.25,25.615,29.902,6509104.0
1624420800000,29.904,30.95,29.486,30.613,3376215.0
1624435200000,30.609,31.853,30.01,30.933,4798340.0
1624449600000,30.936,32.945,29.01,29.086,7416505.0
1624464000000,29.086,30.799,28.314,28.432,5689163.0
1624478400000,28.452,31.0,28.27,30.774,3575521.0
1624492800000,30.785,31.232,28.491,28.958,3746659.0
1624507200000,28.961,29.9,28.46,29.414,2631913.0
1624521600000,29.411,30.798,29.281,30.69,2726855.0
1624536000000,30.686,31.633,29.982,30.7,3055438.0
1624550400000,30.701,32.963,30.213,32.083,4664282.0
1624564800000,32.084,32.476,31.116,31.151,2433722.0
1624579200000,31.154,32.8,31.05,32.634,2757742.0
1624593600000,32.63,32.99,30.777,31.236,2728862.0
1624608000000,31.236,31.8,29.409,29.565,3767435.0
1624622400000,29.573,30.772,28.625,29.061,4785755.0
1624636800000,29.056,29.737,27.957,29.391,4801091.0
1624651200000,29.38,29.653,28.273,28.591,2545269.0
1624665600000,28.598,30.162,28.288,29.19,2950804.0
1624680000000,29.19,30.0,27.156,27.272,2948843.0
1624694400000,27.28,28.963,26.635,28.752,5020079.0
1624708800000,28.752,28.966,27.062,28.379,4158067.0
1624723200000,28.387,28.587,27.401,28.237,2789275.0
1624737600000,28.237,29.726,27.631,29.639,2127880.0
1624752000000,29.649,30.916,29.146,30.661,3184017.0
1624766400000,30.671,30.864,29.614,30.554,2215362.0
1624780800000,30.555,30.832,29.735,30.447,2986673.0
1624795200000,30.45,31.159,30.0,30.183,3661129.0
1624809600000,30.18,30.499,29.611,29.923,2162982.0
1624824000000,29.925,31.935,29.64,31.853,2616338.0
1624838400000,31.848,31.918,30.953,31.42,1469805.0
1624852800000,31.42,32.747,31.064,32.531,1671273.0
1624867200000,32.531,32.95,31.45,31.596,2410858.0
1624881600000,31.592,34.1,31.3,33.999,3148321.0
1624896000000,33.997,34.04,32.838,33.518,2702891.0
1624910400000,33.512,34.307,32.516,33.013,1876779.0
1624924800000,33.018,33.795,32.632,33.116,1446300.0
1624939200000,33.119,34.008,32.945,33.452,1613628.0
1624953600000,33.452,34.497,33.242,34.306,2141494.0
1624968000000,34.301,35.81,34.156,35.257,3208062.0
1624982400000,35.255,35.697,34.573,34.789,1971055.0
1624996800000,34.789,34.943,33.628,33.949,1688686.0
1625011200000,33.945,34.235,32.089,32.249,2137847.0
1625025600000,32.249,33.5,31.78,33.491,2319079.0
1625040000000,33.484,33.792,32.062,33.001,2563403.0
1625054400000,33.003,33.299,31.543,31.92,2332923.0
1625068800000,31.918,34.48,31.597,34.299,2228803.0
1625083200000,34.294,36.0,33.912,35.493,3309157.0
1625097600000,35.493,35.541,33.603,33.766,2046317.0
1625112000000,33.764,34.966,32.352,32.395,2742313.0
1625126400000,32.41,34.348,32.141,34.231,2925681.0
1625140800000,34.226,34.37,32.852,33.476,2745441.0
1625155200000,33.478,34.209,33.055,33.685,2310229.0
1625169600000,33.671,34.284,33.251,33.254,1668061.0
1625184000000,33.26,33.999,31.966,32.163,1871193.0
1625198400000,32.152,32.7,31.348,32.481,2312114.0
1625212800000,32.481,32.757,31.5,31.919,2006653.0
1625227200000,31.919,33.0,31.74,32.999,2554743.0
1625241600000,32.999,33.284,32.6,33.239,1503100.0
1625256000000,33.257,34.117,32.663,33.97,1580297.0
1625270400000,33.972,34.299,33.224,33.52,1341683.0
1625284800000,33.519,35.017,33.319,34.767,1749317.0
1625299200000,34.767,35.398,34.55,35.105,1768011.0
1625313600000,35.104,35.3,34.455,34.825,1404043.0
1625328000000,34.827,35.198,34.638,34.827,1101283.0
1625342400000,34.831,34.899,33.889,34.5,921359.0
1625356800000,34.504,34.563,33.536,33.821,768131.0
1625371200000,33.82,35.439,33.739,35.327,1291777.0
1625385600000,35.328,35.55,34.9,35.171,892877.0
1625400000000,35.168,35.243,34.327,34.897,1161620.0
1625414400000,34.9,35.308,34.844,35.017,914169.0
1625428800000,35.013,35.35,34.061,34.29,1030936.0
1625443200000,34.287,34.399,33.444,33.632,1164905.0
1625457600000,33.632,34.201,33.27,33.983,997125.0
1625472000000,33.982,34.454,32.918,33.187,1474116.0
1625486400000,33.175,33.66,32.624,32.776,1325243.0
1625500800000,32.778,33.445,32.358,33.222,1201230.0
1625515200000,33.229,33.634,32.805,32.887,807781.0
1625529600000,32.9,33.504,32.87,33.339,854702.0
1625544000000,33.346,34.415,33.291,34.222,1096166.0
1625558400000,34.222,35.033,33.31,33.715,1867490.0
1625572800000,33.709,34.581,33.439,33.831,1664830.0
1625587200000,33.827,33.889,33.202,33.698,896727.0
1625601600000,33.698,34.423,33.208,34.206,732733.0
1625616000000,34.207,34.863,33.8,34.805,997019.0
1625630400000,34.804,35.389,34.533,34.987,959639.0
1625644800000,34.997,37.2,34.595,36.941,2824140.0
1625659200000,36.938,37.58,36.1,36.275,2315189.0
1625673600000,36.265,38.117,36.241,37.548,2057195.0
1625688000000,37.554,37.778,36.27,36.659,1687962.0
1625702400000,36.664,36.948,35.561,36.597,2089726.0
1625716800000,36.594,36.809,33.851,34.178,3231687.0
1625731200000,34.18,35.114,33.761,34.961,2091935.0
1625745600000,34.961,35.279,33.739,34.341,2042742.0
1625760000000,34.341,34.414,33.501,33.969,1346708.0
1625774400000,33.977,34.056,32.623,33.128,1107133.0
1625788800000,33.131,33.776,31.95,33.382,1747670.0
1625803200000,33.391,33.647,32.64,32.955,1156869.0
1625817600000,32.959,33.169,32.323,32.443,1099340.0
1625832000000,32.439,34.445,32.178,33.903,1955799.0
1625846400000,33.906,34.124,32.754,32.928,1124469.0
1625860800000,32.933,33.776,32.809,33.325,767898.0
1625875200000,33.325,34.21,33.03,33.267,970954.0
1625889600000,33.265,33.61,32.77,33.335,813313.0
1625904000000,33.344,33.661,32.425,32.758,1158106.0
1625918400000,32.751,33.3,32.179,32.377,1483999.0
1625932800000,32.373,32.83,31.476,31.807,1750846.0
1625947200000,31.808,31.983,31.0,31.688,976618.0
1625961600000,31.699,32.2,31.544,31.667,846134.0
1625976000000,31.665,32.047,31.338,31.63,910327.0
1625990400000,31.631,32.335,31.478,32.189,1230051.0
1626004800000,32.199,32.57,31.809,32.385,1186965.0
1626019200000,32.381,32.405,31.921,32.004,680251.0
1626033600000,32.004,32.543,31.833,32.173,854461.0
1626048000000,32.17,32.682,31.938,32.527,611163.0
1626062400000,32.533,32.678,32.083,32.219,786214.0
1626076800000,32.222,32.327,31.265,31.339,1168740.0
1626091200000,31.341,31.677,31.046,31.07,1198083.0
1626105600000,31.07,31.18,30.007,30.354,2123324.0
1626120000000,30.347,30.989,30.09,30.751,788152.0
1626134400000,30.75,31.087,30.459,30.789,653828.0
1626148800000,30.792,31.007,30.0,30.492,973171.0
1626163200000,30.49,30.727,30.048,30.131,792054.0
1626177600000,30.136,30.314,29.101,30.231,1876976.0
1626192000000,30.236,30.307,28.946,29.03,1341180.0
1626206400000,29.028,29.52,28.8,29.147,1013694.0
1626220800000,29.148,29.287,27.679,28.137,1484952.0
1626235200000,28.138,28.352,27.383,28.082,1410343.0
1626249600000,28.086,29.422,27.528,28.985,1788798.0
1626264000000,28.996,31.18,28.76,30.559,2710098.0
1626278400000,30.559,31.45,30.33,30.493,1565277.0
1626292800000,30.497,31.358,30.461,31.355,823105.0
1626307200000,31.35,31.49,30.562,30.579,977466.0
1626321600000,30.585,30.843,29.62,30.366,1451021.0
1626336000000,30.359,30.829,29.098,29.133,1952304.0
1626350400000,29.131,29.574,28.728,28.755,1611583.0
1626364800000,28.757,28.9,27.952,28.641,1445519.0
1626379200000,28.634,29.041,28.055,28.572,990382.0
1626393600000,28.573,29.483,28.135,29.161,1239310.0
1626408000000,29.164,29.466,28.136,28.326,836831.0
1626422400000,28.322,28.329,27.0,27.129,1939042.0
1626436800000,27.115,28.36,27.1,28.314,2135244.0
1626451200000,28.322,28.35,27.015,27.132,1230288.0
1626465600000,27.13,27.288,26.171,26.259,1898286.0
1626480000000,26.255,26.863,25.976,26.227,1717342.0
1626494400000,26.217,26.861,26.1,26.611,1131037.0
1626508800000,26.613,27.172,25.937,26.448,1624406.0
1626523200000,26.448,26.704,26.198,26.512,1091728.0
1626537600000,26.506,27.25,26.347,27.132,1232957.0
1626552000000,27.127,27.825,26.53,26.79,1300621.0
1626566400000,26.789,27.746,26.65,27.487,1161433.0
1626580800000,27.48,27.521,26.73,26.879,664220.0
1626595200000,26.879,27.424,26.831,27.369,710183.0
1626609600000,27.372,27.468,26.204,26.573,1271772.0
1626624000000,26.572,26.919,26.47,26.761,499915.0
1626638400000,26.758,27.226,26.35,26.662,825967.0
1626652800000,26.666,26.706,25.625,25.94,1132257.0
1626667200000,25.943,26.203,25.664,25.702,730088.0
1626681600000,25.711,25.869,24.763,24.79,1770343.0
1626696000000,24.792,24.942,23.95,24.169,3323623.0
1626710400000,24.169,24.545,24.011,24.38,1488675.0
1626724800000,24.382,24.835,24.223,24.511,1150084.0
1626739200000,24.512,24.976,22.702,22.838,2982236.0
1626753600000,22.849,23.182,22.668,23.081,1462897.0
1626768000000,23.078,23.224,22.051,22.861,2204665.0
1626782400000,22.863,23.927,22.6,23.773,2436000.0
1626796800000,23.776,23.941,23.31,23.79,1416956.0
1626811200000,23.777,24.096,23.186,23.466,1281131.0
1626825600000,23.47,24.07,22.78,24.052,2033868.0
1626840000000,24.052,25.978,24.033,25.691,2613558.0
1626854400000,25.687,26.489,25.307,26.183,2072380.0
1626868800000,26.193,27.078,25.738,26.921,2024551.0
1626883200000,26.938,27.457,25.342,25.526,2971653.0
1626897600000,25.518,26.721,25.232,26.675,1314168.0
1626912000000,26.681,27.137,25.896,26.282,1188280.0
1626926400000,26.288,27.289,26.19,27.028,1376975.0
1626940800000,27.027,27.594,26.503,26.737,1575246.0
1626955200000,26.729,27.79,26.299,27.787,1323761.0
1626969600000,27.789,28.172,27.651,27.866,1052149.0
1626984000000,27.876,27.989,27.261,27.679,868584.0
1626998400000,27.684,28.7,27.277,28.26,1100010.0
1627012800000,28.259,28.598,27.45,27.903,1274214.0
1627027200000,27.904,27.911,27.055,27.52,1454782.0
1627041600000,27.518,27.862,26.68,26.872,1035087.0
1627056000000,26.882,26.889,26.381,26.594,1107047.0
1627070400000,26.596,28.55,26.532,28.519,1456293.0
1627084800000,28.522,28.987,28.24,28.697,1085656.0
1627099200000,28.699,29.496,28.527,28.74,1170629.0
1627113600000,28.747,29.141,28.227,28.67,1229522.0
1627128000000,28.668,28.969,28.264,28.402,812797.0
1627142400000,28.399,29.494,28.278,28.408,1530780.0
1627156800000,28.401,28.725,28.0,28.621,878373.0
1627171200000,28.629,28.884,27.729,27.892,952148.0
1627185600000,27.898,28.779,27.633,28.605,1016737.0
1627200000000,28.602,28.774,27.9,27.992,809989.0
1627214400000,27.993,27.993,26.526,27.357,2076028.0
1627228800000,27.348,27.737,26.969,27.527,880802.0
1627243200000,27.526,28.24,27.35,28.232,744242.0
1627257600000,28.234,31.125,28.014,30.112,3568977.0
1627272000000,30.114,30.9,29.369,29.727,1844272.0
1627286400000,29.731,30.21,29.244,30.058,1509524.0
1627300800000,30.055,30.499,29.539,30.071,1576767.0
1627315200000,30.069,30.9,29.56,29.662,1727479.0
1627329600000,29.657,29.785,27.82,28.18,2817015.0
1627344000000,28.185,28.57,27.1,27.601,1379012.0
1627358400000,27.601,27.958,27.417,27.864,775312.0
1627372800000,27.864,28.775,27.709,28.669,1181633.0
1627387200000,28.673,28.962,27.392,27.698,2199631.0
1627401600000,27.7,27.857,26.871,27.246,1446770.0
1627416000000,27.242,28.187,27.238,28.102,1039594.0
1627430400000,28.099,28.59,27.529,27.963,1173536.0
1627444800000,27.953,28.222,27.337,28.049,1034945.0
1627459200000,28.053,28.717,27.716,28.599,1105031.0
1627473600000,28.601,28.747,27.821,28.283,1059471.0
1627488000000,28.282,28.526,27.399,27.99,1304887.0
1627502400000,27.985,28.075,27.487,27.875,615369.0
1627516800000,27.873,27.885,27.3,27.612,652008.0
1627531200000,27.616,28.48,27.559,28.154,686954.0
1627545600000,28.159,28.697,27.999,28.139,920480.0
1627560000000,28.14,29.782,27.911,29.575,1747011.0
1627574400000,29.577,31.665,29.574,31.344,2758312.0
1627588800000,31.341,31.868,30.824,31.25,2445355.0
1627603200000,31.252,33.092,30.7,32.74,2582025.0
1627617600000,32.74,32.91,31.735,32.074,2164139.0
1627632000000,32.075,32.12,29.88,30.935,3750585.0
1627646400000,30.927,31.155,30.174,31.006,2081075.0
1627660800000,31.006,31.87,30.42,31.765,2104943.0
1627675200000,31.763,32.558,31.615,32.35,2011539.0
1627689600000,32.346,33.794,31.952,32.637,2024037.0
1627704000000,32.628,32.693,31.633,32.189,1141079.0
1627718400000,32.189,34.8,32.163,34.644,2605409.0
1627732800000,34.638,35.0,33.721,34.271,2087218.0
1627747200000,34.26,34.819,33.611,34.398,1425748.0
1627761600000,34.383,37.0,34.28,36.721,2608846.0
1627776000000,36.747,36.831,35.263,36.122,2126719.0
1627790400000,36.121,36.194,35.185,35.331,1132444.0
1627804800000,35.34,36.05,34.703,35.146,1385683.0
1627819200000,35.152,36.0,35.002,35.478,1228228.0
1627833600000,35.487,35.75,34.298,35.554,1817735.0
1627848000000,35.556,36.294,33.134,34.164,2154655.0
1627862400000,34.175,35.08,33.33,34.829,1155909.0
1627876800000,34.829,35.958,34.32,35.419,1137065.0
1627891200000,35.42,35.62,34.51,34.605,1157189.0
1627905600000,34.6,34.735,33.527,33.843,1471281.0
1627920000000,33.844,34.087,33.552,33.691,1028489.0
1627934400000,33.694,33.778,33.0,33.194,954594.0
1627948800000,33.2,33.693,32.727,33.227,994708.0
1627963200000,33.229,33.563,32.33,33.536,1079708.0
1627977600000,33.536,34.64,33.023,34.384,1683510.0
1627992000000,34.386,35.85,33.7,34.93,3494190.0
1628006400000,34.929,35.526,34.401,34.672,1443382.0
1628020800000,34.663,34.786,33.783,34.136,969843.0
1628035200000,34.131,34.448,33.504,33.765,1026656.0
1628049600000,33.761,34.427,33.516,33.726,1005257.0
1628064000000,33.739,34.415,33.217,34.359,973131.0
1628078400000,34.36,35.65,34.342,35.368,1902003.0
1628092800000,35.374,36.43,35.362,36.24,1457711.0
1628107200000,36.241,36.67,35.723,35.771,934349.0
1628121600000,35.775,37.497,35.507,37.265,1311020.0
1628136000000,37.267,37.475,36.321,36.67,1163595.0
1628150400000,36.652,37.249,35.9,36.879,1997442.0
1628164800000,36.868,38.299,35.997,36.727,4189860.0
1628179200000,36.718,37.419,36.1,36.962,1679397.0
1628193600000,36.958,37.831,36.867,37.399,988451.0
1628208000000,37.396,37.53,35.8,35.943,1356239.0
1628222400000,35.939,37.081,35.675,37.031,979061.0
1628236800000,37.038,37.293,36.809,36.991,923674.0
1628251200000,36.97,39.7,36.74,39.688,2834804.0
1628265600000,39.691,40.446,39.35,39.902,2235640.0
1628280000000,39.912,40.029,39.011,39.546,1003920.0
1628294400000,39.523,40.199,38.767,40.112,1004661.0
1628308800000,40.117,40.137,38.877,39.488,1065637.0
1628323200000,39.484,40.557,39.247,40.071,1407962.0
1628337600000,40.071,40.373,38.385,38.568,2041827.0
1628352000000,38.571,38.996,37.535,38.62,1843917.0
1628366400000,38.62,39.622,38.53,39.489,1019911.0
1628380800000,39.487,39.585,37.958,38.763,886282.0
1628395200000,38.77,39.447,38.25,38.802,872298.0
1628409600000,38.803,39.293,38.256,38.26,836046.0
1628424000000,38.258,38.882,37.33,37.77,1126278.0
1628438400000,37.769,37.93,36.91,37.429,1065490.0
1628452800000,37.441,38.476,37.115,37.688,954565.0
1628467200000,37.682,37.934,36.322,37.325,999289.0
1628481600000,37.334,37.82,36.975,37.789,673744.0
1628496000000,37.784,39.387,37.729,39.28,1829524.0
1628510400000,39.274,39.952,38.723,39.872,1338142.0
1628524800000,39.879,40.059,39.104,39.294,905114.0
1628539200000,39.31,39.513,37.99,38.68,1328511.0
1628553600000,38.674,40.714,38.212,39.855,1461945.0
1628568000000,39.855,40.349,39.235,40.001,976908.0
1628582400000,40.005,40.934,39.612,40.842,1507717.0
1628596800000,40.851,41.722,39.838,40.154,2017206.0
1628611200000,40.147,40.732,39.149,40.645,1199530.0
1628625600000,40.651,41.407,40.207,40.676,841409.0
1628640000000,40.684,42.0,40.634,41.808,1022956.0
1628654400000,41.809,43.059,41.425,42.538,1151569.0
1628668800000,42.559,42.989,41.942,42.566,878401.0
1628683200000,42.572,43.483,42.239,42.636,1118539.0
1628697600000,42.64,43.476,42.412,43.438,743880.0
1628712000000,43.44,43.779,41.45,41.65,1523568.0
1628726400000,41.65,43.482,41.489,43.033,900954.0
1628740800000,43.036,43.097,40.231,41.454,1533926.0
1628755200000,41.454,41.935,40.756,40.825,1120238.0
1628769600000,40.824,41.27,39.363,39.876,1413702.0
1628784000000,39.879,41.174,39.387,41.039,775575.0
1628798400000,41.03,41.401,39.602,41.122,835512.0
1628812800000,41.136,42.733,40.702,42.549,761335.0
1628827200000,42.549,43.887,42.283,43.425,943108.0
1628841600000,43.425,44.7,43.412,43.623,1455523.0
1628856000000,43.616,44.4,42.834,43.66,1159901.0
1628870400000,43.641,44.035,43.268,43.564,691492.0
1628884800000,43.562,44.977,43.42,44.9,965639.0
1628899200000,44.896,44.918,43.682,44.153,615216.0
1628913600000,44.134,44.7,43.702,44.523,506897.0
1628928000000,44.526,44.93,42.773,43.8,1269093.0
1628942400000,43.806,44.161,43.079,44.1,726210.0
1628956800000,44.112,44.231,43.556,43.944,523051.0
1628971200000,43.945,44.301,43.05,44.141,494848.0
1628985600000,44.149,45.853,43.912,44.606,887532.0
1629000000000,44.618,45.62,43.385,43.681,891890.0
1629014400000,43.689,47.236,43.413,46.828,1801716.0
1629028800000,46.828,48.85,46.066,48.707,2670794.0
1629043200000,48.709,54.789,47.854,53.003,7302684.0
1629057600000,53.003,54.265,52.083,53.565,2888520.0
1629072000000,53.576,59.244,52.343,58.65,5974381.0
1629086400000,58.662,64.828,57.743,61.998,12148505.0
1629100800000,61.982,62.791,60.716,61.869,5045122.0
1629115200000,61.882,68.86,60.933,67.099,21458158.0
1629129600000,67.099,69.448,63.1,63.11,9284324.0
1629144000000,63.111,66.746,61.551,62.128,7615370.0
1629158400000,62.124,74.687,61.356,71.961,13457055.0
1629172800000,71.969,75.25,69.35,74.077,9315920.0
1629187200000,74.083,74.5,69.61,70.251,7133070.0
1629201600000,70.251,71.536,67.1,69.902,6369546.0
1629216000000,69.892,69.98,64.13,65.233,7635335.0
1629230400000,65.234,67.877,58.672,64.218,14423269.0
1629244800000,64.211,67.3,59.594,65.869,8921263.0
1629259200000,65.868,70.453,63.99,67.503,7258005.0
1629273600000,67.496,78.275,67.431,74.948,14481990.0
1629288000000,74.948,80.5,73.532,77.414,15163142.0
1629302400000,77.414,78.816,72.493,73.457,6573721.0
1629316800000,73.462,76.364,70.142,72.787,7177124.0
1629331200000,72.771,75.452,69.147,69.75,6147844.0
1629345600000,69.749,73.619,69.327,71.377,5313210.0
1629360000000,71.385,73.15,69.345,69.682,4098953.0
1629374400000,69.669,74.505,68.285,73.563,5804096.0
1629388800000,73.564,74.106,70.613,72.451,4198735.0
1629403200000,72.461,75.0,71.0,72.873,3598308.0
1629417600000,72.861,74.279,72.002,72.45,2403442.0
1629432000000,72.431,72.686,71.094,71.326,1856046.0
1629446400000,71.335,72.51,71.0,71.581,1869693.0
1629460800000,71.58,74.27,71.394,73.438,3722845.0
1629475200000,73.429,78.36,73.0,78.284,5409555.0
1629489600000,78.286,80.116,77.241,78.771,3690290.0
1629504000000,78.779,82.1,76.384,79.808,4624687.0
1629518400000,79.801,80.36,78.389,78.938,2460535.0
1629532800000,78.952,79.2,74.083,75.959,3286925.0
1629547200000,75.958,77.14,74.835,75.49,2169654.0
1629561600000,75.49,76.618,72.592,73.293,2356808.0
1629576000000,73.285,75.821,72.954,73.904,1701447.0
1629590400000,73.892,75.641,73.5,74.367,1447211.0
1629604800000,74.361,75.82,74.279,75.588,1301903.0
1629619200000,75.592,77.666,75.292,77.142,2283045.0
1629633600000,77.134,77.397,73.355,74.68,2110566.0
1629648000000,74.693,75.125,71.312,73.133,1718708.0
1629662400000,73.139,73.981,71.2,72.806,1794881.0
1629676800000,72.808,76.064,72.07,75.474,2203172.0
1629691200000,75.471,75.72,73.191,73.474,1602788.0
1629705600000,73.48,74.137,71.802,72.85,1827887.0
1629720000000,72.843,73.61,71.6,72.112,1771884.0
1629734400000,72.112,73.838,71.952,72.935,1324637.0
1629748800000,72.933,76.858,71.909,75.702,2817034.0
1629763200000,75.702,78.962,73.289,78.334,4371673.0
1629777600000,78.327,79.55,76.71,77.349,3008482.0
1629792000000,77.33,79.138,76.02,77.86,2877190.0
1629806400000,77.871,77.972,71.611,72.072,4548710.0
1629820800000,72.073,72.706,68.584,71.633,4280468.0
1629835200000,71.62,72.724,69.597,70.511,2039247.0
1629849600000,70.506,72.415,70.345,70.682,1593135.0
1629864000000,70.69,72.88,70.509,71.144,1415190.0
1629878400000,71.14,71.267,66.065,67.724,3985580.0
1629892800000,67.723,71.576,66.458,71.311,3996050.0
1629907200000,71.295,71.461,69.6,70.25,1713553.0
1629921600000,70.259,72.089,70.23,72.028,1144088.0
1629936000000,72.026,74.096,70.073,70.726,2436331.0
1629950400000,70.727,71.5,66.207,67.633,2920816.0
1629964800000,67.634,68.475,66.582,67.245,1746906.0
1629979200000,67.242,78.18,66.5,74.782,9566624.0
1629993600000,74.783,77.6,73.4,74.817,5750574.0
1630008000000,74.8,77.342,74.2,74.875,3960161.0
1630022400000,74.89,83.8,72.509,81.417,9387805.0
1630036800000,81.417,83.371,79.1,81.923,4721498.0
1630051200000,81.897,84.235,81.56,82.332,4431192.0
1630065600000,82.333,83.188,80.487,82.49,3608313.0
1630080000000,82.49,86.798,81.763,85.576,4296654.0
1630094400000,85.567,88.888,84.42,87.954,3152255.0
1630108800000,87.954,88.9,86.115,86.387,2601846.0
1630123200000,86.377,87.346,85.539,86.928,1626355.0
1630137600000,86.939,92.88,86.872,92.359,5103769.0
1630152000000,92.355,95.0,91.525,94.673,6249680.0
1630166400000,94.691,96.607,93.277,94.009,4194019.0
1630180800000,94.009,97.88,93.743,96.225,2800927.0
1630195200000,96.232,97.907,92.08,93.95,4142808.0
1630209600000,93.949,96.167,93.0,94.119,2660656.0
1630224000000,94.116,94.579,91.45,91.876,2513439.0
1630238400000,91.877,94.413,90.36,92.282,2445219.0
1630252800000,92.28,94.4,91.15,93.936,1488778.0
1630267200000,93.936,95.184,92.657,94.239,1335610.0
1630281600000,94.242,102.0,93.623,97.731,6461587.0
1630296000000,97.725,100.548,96.0,100.128,3266594.0
1630310400000,100.122,102.5,98.642,101.067,4193300.0
1630324800000,101.057,107.0,98.269,105.661,6564192.0
1630339200000,105.661,116.6,104.5,109.914,10072643.0
1630353600000,109.913,115.046,107.131,110.318,6291537.0
1630368000000,110.323,115.5,108.758,115.235,5765503.0
1630382400000,115.234,120.5,114.44,119.699,6703930.0
1630396800000,119.698,125.1,117.3,124.785,6465519.0
1630411200000,124.785,130.44,114.8,116.753,16729580.0
1630425600000,116.753,117.496,106.615,114.769,12756204.0
1630440000000,114.748,114.825,103.232,108.341,7559267.0
1630454400000,108.349,112.526,106.1,111.361,4789935.0
1630468800000,111.366,114.93,107.434,110.176,4237077.0
1630483200000,110.175,117.136,109.201,116.136,5015504.0
1630497600000,116.136,119.78,113.3,117.359,6748736.0
1630512000000,117.359,118.959,114.109,115.169,3872387.0
1630526400000,115.17,115.316,110.2,110.894,2425030.0
1630540800000,110.894,114.75,109.3,113.859,2877558.0
1630555200000,113.859,117.453,113.015,114.647,3363535.0
1630569600000,114.648,118.3,114.252,115.141,3733806.0
1630584000000,115.132,123.66,114.5,121.952,6437022.0
1630598400000,121.95,128.888,119.767,127.344,11080341.0
1630612800000,127.347,132.3,125.51,128.329,6545335.0
1630627200000,128.301,137.342,128.149,135.507,8597071.0
1630641600000,135.495,146.482,133.55,144.703,10479171.0
1630656000000,144.703,145.453,136.405,139.574,9908994.0
1630670400000,139.579,143.49,138.002,140.119,6687093.0
1630684800000,140.12,143.699,138.5,143.171,4725240.0
1630699200000,143.171,149.246,141.591,146.403,6737534.0
1630713600000,146.418,151.182,145.03,148.5,6017565.0
1630728000000,148.499,149.814,145.133,146.152,3924916.0
1630742400000,146.159,147.858,140.66,141.919,4193308.0
1630756800000,141.918,144.666,139.486,142.528,3954114.0
1630771200000,142.523,143.14,136.038,139.138,4614410.0
1630785600000,139.146,142.39,138.45,139.155,2209289.0
1630800000000,139.167,145.208,138.053,140.863,3030312.0
1630814400000,140.85,142.209,139.0,139.169,1939984.0
1630828800000,139.146,142.088,139.146,140.599,1906467.0
1630843200000,140.599,140.721,135.0,136.499,3275848.0
1630857600000,136.5,139.222,135.6,138.153,2723302.0
1630872000000,138.157,144.856,137.146,142.14,3472912.0
1630886400000,142.14,143.714,139.613,141.149,2376473.0
1630900800000,141.149,147.171,140.311,146.094,3199022.0
1630915200000,146.107,146.9,141.417,142.626,2710299.0
1630929600000,142.629,151.79,135.721,151.463,6915220.0
1630944000000,151.456,164.639,151.364,162.397,11011300.0
1630958400000,162.398,166.274,159.8,164.272,4707711.0
1630972800000,164.272,175.458,162.23,173.476,7158766.0
1630987200000,173.482,195.522,172.9,187.898,20691652.0
1631001600000,187.948,189.935,175.615,183.139,15158690.0
1631016000000,183.101,186.189,130.0,168.371,23156367.0
1631030400000,168.35,190.8,160.87,173.863,23609625.0
1631044800000,173.916,180.554,160.12,173.644,8047914.0
1631059200000,173.651,180.17,166.921,173.237,5386915.0
1631073600000,173.253,175.043,152.345,152.727,9309545.0
1631088000000,152.722,166.603,146.717,160.862,10788944.0
1631102400000,160.852,167.885,152.3,166.287,9172339.0
1631116800000,166.303,195.658,164.2,194.755,10054180.0
1631131200000,194.786,198.094,183.0,191.215,10379738.0
1631145600000,191.207,216.39,189.015,211.421,11210897.0
1631160000000,211.359,215.0,202.0,207.859,5711970.0
1631174400000,207.939,214.742,205.0,206.657,5219746.0
1631188800000,206.658,208.412,193.499,201.29,9811013.0
1631203200000,201.307,203.136,180.8,185.179,7664336.0
1631217600000,185.19,198.921,183.802,188.127,5454763.0
1631232000000,188.091,198.0,183.05,194.244,4458556.0
1631246400000,194.272,195.14,181.317,182.808,3876860.0
1631260800000,182.809,185.896,175.15,184.476,5858817.0
1631275200000,184.476,184.598,168.12,179.496,9891219.0
1631289600000,179.563,183.456,171.505,181.868,4751159.0
1631304000000,181.84,184.247,170.475,179.756,4914044.0
1631318400000,179.782,193.544,177.575,181.743,6210564.0
1631332800000,181.703,183.797,175.218,178.825,3970188.0
1631347200000,178.832,187.38,176.015,181.446,3738727.0
1631361600000,181.461,191.4,180.5,188.46,4327446.0
1631376000000,188.409,190.05,181.501,182.141,2800517.0
1631390400000,182.151,184.327,175.81,179.243,2770796.0
1631404800000,179.252,180.676,172.961,179.126,2661996.0
1631419200000,179.105,180.3,174.829,178.082,1796352.0
1631433600000,178.04,181.777,177.5,179.268,1917042.0
1631448000000,179.265,180.547,176.314,179.133,1910092.0
1631462400000,179.133,180.0,174.2,177.849,1803872.0
1631476800000,177.852,180.368,169.939,174.507,3306846.0
1631491200000,174.507,174.837,154.2,155.158,6447678.0
1631505600000,155.158,163.363,151.237,153.074,4940444.0
1631520000000,153.032,161.179,150.349,160.207,4780511.0
1631534400000,160.198,167.8,150.2,157.161,6935082.0
1631548800000,157.149,166.124,154.21,164.164,3257652.0
1631563200000,164.139,175.0,164.139,169.656,4422137.0
1631577600000,169.639,171.965,163.61,167.511,2780148.0
1631592000000,167.505,168.91,163.456,166.083,2184716.0
1631606400000,166.108,171.481,163.577,165.078,2587568.0
1631620800000,165.072,165.857,155.27,159.475,5633156.0
1631635200000,159.48,160.478,151.11,154.334,5670850.0
1631649600000,154.335,159.732,142.31,158.806,9808857.0
1631664000000,158.807,163.999,155.868,157.5,5269750.0
1631678400000,157.501,166.625,153.806,162.174,5287807.0
1631692800000,162.174,164.547,156.602,158.013,3410673.0
1631707200000,158.029,162.654,155.105,162.038,4049495.0
1631721600000,162.008,164.786,160.07,161.85,2587760.0
1631736000000,161.829,161.953,156.0,158.991,1970047.0
1631750400000,158.997,159.85,152.324,155.373,2641740.0
1631764800000,155.363,163.386,154.948,160.929,3157697.0
1631779200000,160.929,162.0,157.61,158.635,2362531.0
1631793600000,158.639,159.678,153.127,154.921,3591664.0
1631808000000,154.895,159.9,150.611,152.479,3493001.0
1631822400000,152.505,153.109,147.51,152.365,2798388.0
1631836800000,152.366,153.798,146.3,148.793,2739354.0
1631851200000,148.811,150.456,143.145,143.674,2892970.0
1631865600000,143.682,145.815,134.0,138.911,9912728.0
1631880000000,138.944,145.99,137.222,144.644,6294505.0
1631894400000,144.645,145.89,138.607,144.636,4838159.0
1631908800000,144.624,149.011,140.5,147.626,3280968.0
1631923200000,147.64,149.166,144.22,145.043,2515119.0
1631937600000,145.041,158.635,144.25,157.539,5392588.0
1631952000000,157.527,164.749,157.355,160.951,7084264.0
1631966400000,160.937,164.5,160.215,163.653,4420088.0
1631980800000,163.65,165.498,161.012,162.701,4206304.0
1631995200000,162.676,171.48,156.78,169.228,4850035.0
1632009600000,169.248,170.978,162.0,164.372,4299492.0
1632024000000,164.372,165.223,160.0,161.733,2792471.0
1632038400000,161.726,163.66,155.0,156.286,3568859.0
1632052800000,156.282,162.139,155.601,159.544,3343963.0
1632067200000,159.553,160.407,153.0,154.481,2629891.0
1632081600000,154.479,156.853,150.582,152.973,2596684.0
1632096000000,152.965,153.577,143.001,145.233,4986402.0
1632110400000,145.221,146.493,136.516,139.245,5030145.0
1632124800000,139.224,143.93,134.588,137.502,6464454.0
1632139200000,137.465,146.88,130.05,144.093,11220549.0
1632153600000,144.119,146.19,133.282,138.839,5760383.0
1632168000000,138.844,142.48,131.377,132.834,4640673.0
1632182400000,132.831,141.627,125.0,136.501,8737695.0
1632196800000,136.501,143.875,133.667,143.397,4522433.0
1632211200000,143.388,144.695,140.318,142.763,4082605.0
1632225600000,142.754,143.44,135.61,138.541,5205881.0
1632240000000,138.54,138.6,127.135,127.227,6800826.0
1632254400000,127.227,128.9,115.576,124.248,11524841.0
1632268800000,124.221,132.177,122.099,128.894,5783157.0
1632283200000,128.888,134.072,126.673,132.937,4044907.0
1632297600000,132.964,133.859,127.727,128.668,3239835.0
1632312000000,128.677,141.994,128.059,141.611,6512162.0
1632326400000,141.614,151.455,140.25,146.369,8829714.0
1632340800000,146.368,149.954,143.81,147.952,3752033.0
1632355200000,147.979,151.9,144.576,148.565,4123731.0
1632369600000,148.565,151.987,145.719,151.374,3011785.0
1632384000000,151.371,152.401,143.01,144.388,4456626.0
1632398400000,144.38,150.886,143.57,146.084,4544491.0
1632412800000,146.072,152.099,144.627,149.572,3784394.0
1632427200000,149.554,150.983,146.075,149.897,2541762.0
1632441600000,149.896,151.36,144.414,144.908,2203092.0
1632456000000,144.907,146.734,140.745,144.537,3099652.0
1632470400000,144.531,146.48,128.1,134.878,9860322.0
1632484800000,134.89,141.093,131.0,137.625,5963278.0
1632499200000,137.609,139.765,136.334,138.191,2240200.0
1632513600000,138.198,144.27,137.91,139.147,2372237.0
1632528000000,139.158,142.185,136.57,138.556,2115505.0
1632542400000,138.557,144.199,138.557,139.974,2413627.0
1632556800000,139.974,142.219,135.441,140.058,3095597.0
1632571200000,140.096,140.828,136.368,138.631,2086677.0
1632585600000,138.621,139.198,135.525,137.315,1693751.0
1632600000000,137.316,137.506,133.316,136.079,1385444.0
1632614400000,136.066,136.355,128.214,131.002,3050680.0
1632628800000,130.993,131.998,124.602,126.896,2959775.0
1632643200000,126.895,137.5,125.771,135.127,4597327.0
1632657600000,135.121,140.299,134.587,140.082,2834520.0
1632672000000,140.09,140.778,135.082,136.23,1986938.0
1632686400000,136.25,139.524,133.333,135.619,2277130.0
1632700800000,135.631,143.201,133.643,139.244,2511874.0
1632715200000,139.239,142.467,137.182,138.211,2019164.0
1632729600000,138.211,149.0,137.8,147.336,5002052.0
1632744000000,147.335,148.346,143.177,145.29,4099960.0
1632758400000,145.334,145.498,140.473,143.293,2630303.0
1632772800000,143.285,143.354,135.385,136.308,2830048.0
1632787200000,136.303,138.649,135.0,138.059,1991906.0
1632801600000,138.059,139.333,132.332,133.649,2335965.0
1632816000000,133.649,136.296,132.762,135.767,2509729.0
1632830400000,135.797,136.449,130.312,130.394,3810830.0
1632844800000,130.401,132.127,128.06,130.992,2517137.0
1632859200000,130.999,134.544,130.051,132.158,1926243.0
1632873600000,132.118,139.317,132.028,138.749,3293629.0
1632888000000,138.763,140.176,137.83,139.673,1879078.0
1632902400000,139.668,139.968,136.828,139.481,1914931.0
1632916800000,139.476,140.134,134.888,135.632,2681553.0
1632931200000,135.635,136.434,131.447,132.041,2235657.0
1632945600000,132.047,135.478,131.074,135.265,1422710.0
1632960000000,135.27,140.212,134.8,139.958,2118333.0
1632974400000,139.957,141.327,136.656,136.902,1835359.0
1632988800000,136.919,138.982,133.995,137.295,2226442.0
1633003200000,137.299,139.588,136.8,138.313,2170933.0
1633017600000,138.306,142.878,136.158,139.247,2436553.0
1633032000000,139.213,141.694,137.951,141.358,1513775.0
1633046400000,141.375,144.99,138.05,139.467,2352767.0
1633060800000,139.484,143.8,139.099,142.759,1658639.0
1633075200000,142.759,156.272,142.403,153.249,4702145.0
1633089600000,153.251,158.999,149.366,157.439,5297665.0
1633104000000,157.438,164.922,155.245,162.774,4180581.0
1633118400000,162.78,163.287,156.77,161.597,2909723.0
1633132800000,161.599,161.695,156.128,156.801,2063999.0
1633147200000,156.795,160.384,156.366,158.553,1530056.0
1633161600000,158.541,159.566,156.67,159.154,1620316.0
1633176000000,159.143,170.8,158.7,170.422,5221313.0
1633190400000,170.422,175.0,169.983,174.818,4033715.0
1633204800000,174.843,174.87,166.0,168.889,2571205.0
1633219200000,168.936,171.724,165.528,170.622,2375649.0
1633233600000,170.618,173.987,168.862,171.665,1717909.0
1633248000000,171.665,173.459,168.7,170.907,1886642.0
1633262400000,170.929,178.0,170.5,172.625,4241142.0
1633276800000,172.625,177.2,172.032,175.633,2737151.0
1633291200000,175.632,176.1,167.512,173.045,2879771.0
1633305600000,173.046,173.12,166.161,167.266,2186651.0
1633320000000,167.261,170.288,164.21,169.705,2116492.0
1633334400000,169.705,169.892,164.797,165.953,1813168.0
1633348800000,165.982,172.837,162.1,166.474,4221270.0
1633363200000,166.479,172.414,165.847,169.321,3157212.0
1633377600000,169.324,169.754,165.5,167.244,1519614.0
1633392000000,167.244,170.251,164.0,166.978,1743921.0
1633406400000,166.978,168.116,165.322,166.282,1070853.0
1633420800000,166.259,170.096,165.518,168.45,1798566.0
1633435200000,168.462,169.915,162.2,162.5,2288111.0
1633449600000,162.5,163.9,160.15,161.983,1855101.0
1633464000000,162.0,167.129,161.89,164.745,1746477.0
1633478400000,164.748,165.625,158.0,158.135,1542088.0
1633492800000,158.131,159.793,154.2,156.045,2054304.0
1633507200000,156.029,156.497,150.105,153.061,2999883.0
1633521600000,153.061,163.0,152.116,160.796,3965913.0
1633536000000,160.786,161.871,157.75,159.961,1822258.0
1633550400000,159.961,160.258,152.6,154.005,1706447.0
1633564800000,154.007,155.234,150.495,152.183,1682156.0
1633579200000,152.183,159.523,152.0,158.62,1950031.0
1633593600000,158.621,160.328,154.292,157.894,2184176.0
1633608000000,157.865,161.595,153.602,156.028,2970142.0
1633622400000,156.011,157.174,153.602,156.217,1385221.0
1633636800000,156.217,158.913,153.073,154.38,1360061.0
1633651200000,154.378,157.2,152.5,154.549,1117274.0
1633665600000,154.549,159.299,152.408,158.839,1342114.0
1633680000000,158.842,166.721,158.091,162.451,3463346.0
1633694400000,162.461,169.0,160.148,166.686,3191984.0
1633708800000,166.686,168.222,162.501,163.758,1559733.0
1633723200000,163.757,163.758,157.104,158.932,1621171.0
1633737600000,158.917,160.619,156.15,160.08,1291961.0
1633752000000,160.075,161.618,159.001,159.333,1163108.0
1633766400000,159.333,160.66,157.513,158.449,1060829.0
1633780800000,158.45,160.374,157.169,158.146,1050681.0
1633795200000,158.149,158.591,156.252,156.538,891166.0
1633809600000,156.537,157.93,154.115,156.943,815554.0
1633824000000,156.939,157.028,152.51,155.555,1154230.0
1633838400000,155.567,157.175,154.638,155.135,746449.0
1633852800000,155.141,158.705,154.128,154.833,1257002.0
1633867200000,154.81,155.037,152.776,154.587,984826.0
1633881600000,154.558,154.781,152.0,153.616,803850.0
1633896000000,153.603,154.892,145.3,147.62,2737989.0
1633910400000,147.606,151.705,145.28,151.556,1498905.0
1633924800000,151.553,153.0,150.341,152.448,1048240.0
1633939200000,152.449,154.28,147.23,148.69,1542087.0
1633953600000,148.691,150.162,146.742,147.918,1433569.0
1633968000000,147.908,148.28,141.354,141.712,2065345.0
1633982400000,141.722,145.499,140.274,144.888,1841876.0
1633996800000,144.883,145.918,140.802,143.249,1541491.0
1634011200000,143.273,145.67,141.362,143.448,1423239.0
1634025600000,143.445,145.311,140.19,142.614,1707769.0
1634040000000,142.613,145.429,137.696,143.571,3632927.0
1634054400000,143.57,153.428,143.0,150.042,3902720.0
1634068800000,150.052,153.091,147.791,152.328,1922402.0
1634083200000,152.327,155.6,148.5,149.354,1912262.0
1634097600000,149.399,150.49,144.542,145.473,1891497.0
1634112000000,145.473,147.666,145.302,146.975,1197304.0
1634126400000,146.976,147.51,144.283,146.406,1203278.0
1634140800000,146.405,147.993,144.617,145.159,1128398.0
1634155200000,145.173,149.18,144.9,148.08,1159411.0
1634169600000,148.105,151.0,147.361,149.75,1195536.0
1634184000000,149.75,152.549,148.575,150.457,1230349.0
1634198400000,150.475,154.255,150.0,153.961,1270933.0
1634212800000,153.983,155.929,152.264,152.986,1746863.0
1634227200000,152.989,153.68,148.63,150.175,1485337.0
1634241600000,150.197,151.6,149.005,150.164,659288.0
1634256000000,150.158,151.5,146.659,150.97,1362418.0
1634270400000,150.97,163.378,150.958,161.623,5394262.0
1634284800000,161.646,165.4,157.1,158.001,3992330.0
1634299200000,158.001,163.227,157.188,159.37,2335064.0
1634313600000,159.373,163.0,158.718,160.514,1912920.0
1634328000000,160.504,164.443,159.2,163.236,1780016.0
1634342400000,163.236,163.555,158.322,158.936,1046007.0
1634356800000,158.941,159.874,157.701,158.448,722658.0
1634371200000,158.456,164.989,158.1,162.328,1791785.0
1634385600000,162.339,163.16,158.789,159.702,1335073.0
1634400000000,159.697,160.273,158.127,158.314,649125.0
1634414400000,158.347,159.025,156.238,157.686,634171.0
1634428800000,157.68,163.236,156.719,163.111,1100777.0
1634443200000,163.106,165.491,160.85,162.278,2313526.0
1634457600000,162.277,167.716,162.209,163.748,2216261.0
1634472000000,163.735,165.689,160.1,160.883,1606276.0
1634486400000,160.892,161.913,158.23,158.909,1122533.0
1634500800000,158.926,160.291,153.0,160.291,1821722.0
1634515200000,160.29,163.087,159.2,160.042,1360620.0
1634529600000,160.043,161.66,158.702,158.998,738141.0
1634544000000,158.994,160.032,156.057,157.094,1245373.0
1634558400000,157.104,159.83,155.643,156.802,1238237.0
1634572800000,156.809,158.05,155.1,156.875,929056.0
1634587200000,156.888,158.396,155.702,157.263,618944.0
1634601600000,157.262,159.062,156.229,158.625,687349.0
1634616000000,158.625,159.639,156.83,157.785,729957.0
1634630400000,157.786,158.043,156.366,157.149,684465.0
1634644800000,157.146,158.1,154.8,155.616,1153400.0
1634659200000,155.617,156.662,154.5,154.642,687046.0
1634673600000,154.641,157.436,153.231,155.941,942672.0
1634688000000,155.941,157.605,155.702,155.879,602784.0
1634702400000,155.863,157.336,155.193,156.646,554587.0
1634716800000,156.639,160.673,156.0,160.249,1225328.0
1634731200000,160.248,170.074,159.451,168.99,3624730.0
1634745600000,168.988,175.149,167.011,173.265,4879578.0
1634760000000,173.253,177.0,170.059,176.821,2787444.0
1634774400000,176.841,189.998,176.804,184.439,8362094.0
1634788800000,184.424,189.395,180.105,187.217,3554633.0
1634803200000,187.217,194.719,182.51,187.233,6579053.0
1634817600000,187.276,191.196,177.948,182.748,7280742.0
1634832000000,182.744,188.635,180.573,184.857,3872911.0
1634846400000,184.837,191.462,182.739,190.647,2841280.0
1634860800000,190.602,205.34,188.153,201.88,6110950.0
1634875200000,201.889,208.48,200.39,203.409,3686520.0
1634889600000,203.409,206.211,201.229,204.337,2895244.0
1634904000000,204.33,215.781,202.003,206.612,11340527.0
1634918400000,206.611,211.5,195.7,198.058,6658644.0
1634932800000,198.027,200.5,191.903,196.446,3186256.0
1634947200000,196.453,204.305,192.2,202.923,3050411.0
1634961600000,202.923,206.0,198.638,201.5,2269806.0
1634976000000,201.5,203.356,197.001,202.496,2874635.0
1634990400000,202.469,202.936,197.0,199.385,2314632.0
1635004800000,199.401,201.923,193.133,193.96,2060891.0
1635019200000,193.97,198.338,193.804,197.88,1062196.0
1635033600000,197.856,200.322,195.885,196.837,1104166.0
1635048000000,196.824,196.907,192.336,194.375,1156174.0
1635062400000,194.388,196.884,188.649,189.127,1966565.0
1635076800000,189.128,192.744,185.568,186.75,2729549.0
1635091200000,186.75,191.943,185.5,191.72,2177923.0
1635105600000,191.721,204.958,190.704,202.386,3660067.0
1635120000000,202.386,204.167,198.135,201.866,2311201.0
1635134400000,201.862,210.974,201.0,207.929,2791881.0
1635148800000,207.892,212.891,205.5,208.138,2612097.0
1635163200000,208.15,219.156,205.105,218.678,4611917.0
1635177600000,218.679,218.728,210.256,210.726,2757318.0
1635192000000,210.71,214.526,207.49,209.949,1769940.0
1635206400000,209.95,214.442,207.8,208.932,1600867.0
1635220800000,208.932,209.5,205.722,209.446,1490610.0
1635235200000,209.427,211.788,207.561,207.621,1498035.0
1635249600000,207.626,208.719,202.306,206.697,2267872.0
1635264000000,206.711,209.816,204.383,207.251,1303949.0
1635278400000,207.26,207.946,195.7,199.998,2395879.0
1635292800000,199.998,204.894,198.327,203.047,1541039.0
1635307200000,203.07,205.841,194.047,194.281,1881004.0
1635321600000,194.282,195.913,174.0,190.032,6614857.0
1635336000000,190.032,194.167,187.166,189.047,2452556.0
1635350400000,189.071,192.271,184.559,189.487,2200211.0
1635364800000,189.483,191.298,181.0,184.468,1810607.0
1635379200000,184.473,190.422,181.658,186.932,1437799.0
1635393600000,186.921,191.291,184.801,186.851,1375114.0
1635408000000,186.872,199.381,186.86,195.486,2366908.0
1635422400000,195.485,201.55,194.711,197.387,1567191.0
1635436800000,197.386,198.895,191.087,198.24,1829963.0
1635451200000,198.226,201.031,193.843,195.5,1204411.0
1635465600000,195.5,205.3,194.569,201.772,1528812.0
1635480000000,201.769,202.32,196.6,198.133,1012570.0
1635494400000,198.152,199.827,195.52,196.469,897497.0
1635508800000,196.445,203.5,195.72,201.996,1218116.0
1635523200000,202.014,205.1,199.708,200.771,1194537.0
1635537600000,200.74,203.977,199.3,200.529,601232.0
1635552000000,200.51,200.724,196.602,197.243,690954.0
1635566400000,197.253,199.162,196.035,198.184,488923.0
1635580800000,198.19,198.714,195.033,197.208,698961.0
1635595200000,197.208,197.4,190.3,193.257,1063562.0
1635609600000,193.258,194.8,191.26,194.674,535249.0
1635624000000,194.652,195.974,187.288,195.85,940043.0
1635638400000,195.864,197.806,191.345,192.062,780163.0
1635652800000,192.064,192.662,189.28,190.83,530090.0
1635667200000,190.83,190.868,186.002,186.508,804685.0
1635681600000,186.516,202.154,185.47,195.098,2134577.0
1635696000000,195.141,198.739,193.192,196.191,943178.0
1635710400000,196.156,205.335,195.164,202.668,1354970.0
1635724800000,202.681,210.123,199.0,200.976,2131489.0
1635739200000,200.994,210.46,197.556,210.13,1727218.0
1635753600000,210.13,211.814,204.302,204.898,1559072.0
1635768000000,204.881,206.6,201.21,204.135,1168541.0
1635782400000,204.195,204.784,199.075,204.198,1238559.0
1635796800000,204.17,206.365,200.825,204.144,758788.0
1635811200000,204.145,205.0,201.182,204.101,650297.0
1635825600000,204.064,206.018,202.819,203.592,532578.0
1635840000000,203.598,208.172,202.592,204.619,972959.0
1635854400000,204.603,209.193,203.919,209.076,852099.0
1635868800000,209.091,218.0,206.669,217.492,2325162.0
1635883200000,217.492,222.61,212.376,221.044,2077854.0
1635897600000,221.027,232.077,215.871,229.71,3411715.0
1635912000000,229.705,232.931,224.255,232.574,1697414.0
1635926400000,232.592,235.269,227.0,231.807,2146291.0
1635940800000,231.807,232.272,222.992,225.63,2381993.0
1635955200000,225.651,238.1,220.855,234.747,2660251.0
1635969600000,234.76,246.29,234.5,243.25,2520241.0
1635984000000,243.25,247.669,238.144,238.255,1704787.0
1635998400000,238.261,244.314,235.644,238.055,1248773.0
1636012800000,238.054,244.178,236.891,239.104,1626911.0
1636027200000,239.131,245.513,236.0,238.674,2291778.0
1636041600000,238.627,242.823,233.854,240.582,1963908.0
1636056000000,240.591,250.52,239.0,246.995,2072240.0
1636070400000,247.006,248.34,240.687,243.048,1362987.0
1636084800000,243.049,244.5,240.5,242.911,755612.0
1636099200000,242.911,244.055,236.527,236.716,1034724.0
1636113600000,236.715,238.967,230.61,233.471,1443323.0
1636128000000,233.471,238.817,232.694,235.981,790437.0
1636142400000,235.982,238.112,231.726,236.231,680679.0
1636156800000,236.199,242.19,234.937,239.95,933994.0
1636171200000,239.943,248.07,239.71,245.894,1307862.0
1636185600000,245.869,249.853,240.0,242.3,1670203.0
1636200000000,242.307,254.749,237.532,253.299,1930317.0
1636214400000,253.3,255.323,248.056,254.283,1424827.0
1636228800000,254.32,260.064,252.441,258.336,1297611.0
1636243200000,258.336,258.559,251.225,254.19,1125887.0
1636257600000,254.191,258.674,252.533,253.053,916273.0
1636272000000,253.04,253.961,250.042,252.72,945347.0
1636286400000,252.764,254.608,250.711,252.326,641030.0
1636300800000,252.305,253.722,246.664,247.195,838303.0
1636315200000,247.164,250.867,245.95,249.746,644660.0
1636329600000,249.74,250.47,241.09,248.533,1684081.0
1636344000000,248.492,249.625,244.06,246.188,892715.0
1636358400000,246.187,248.038,242.832,244.109,639989.0
1636372800000,244.153,248.799,243.0,248.487,844451.0
1636387200000,248.487,253.668,246.0,246.623,1231590.0
1636401600000,246.643,249.867,243.1,248.42,850408.0
1636416000000,248.466,253.473,246.332,247.0,861306.0
1636430400000,247.014,248.271,245.26,246.768,489478.0
1636444800000,246.769,249.214,244.865,246.159,544159.0
1636459200000,246.147,246.64,237.333,240.874,1299765.0
1636473600000,240.878,243.7,238.026,240.435,786511.0
1636488000000,240.435,242.9,238.9,239.301,444846.0
1636502400000,239.305,241.5,236.0,236.86,716750.0
1636516800000,236.838,244.0,235.509,241.028,744234.0
1636531200000,241.028,244.181,240.42,240.831,560568.0
1636545600000,240.803,248.18,236.709,245.295,1462711.0
1636560000000,245.295,246.481,236.511,236.725,994249.0
1636574400000,236.714,238.89,215.027,233.233,3726849.0
1636588800000,233.25,239.385,229.571,239.2,1217488.0
1636603200000,239.221,246.651,237.843,244.205,1264632.0
1636617600000,244.328,246.199,240.0,240.054,949387.0
1636632000000,240.042,243.429,237.38,239.687,1252968.0
1636646400000,239.686,240.87,235.349,237.93,625016.0
1636660800000,237.929,238.985,233.458,233.469,520540.0
1636675200000,233.486,239.41,230.08,232.38,1047577.0
1636689600000,232.38,234.967,227.042,228.249,955551.0
1636704000000,228.247,231.711,225.003,226.336,1204417.0
1636718400000,226.361,229.416,221.61,222.608,1262601.0
1636732800000,222.611,232.6,221.115,228.886,1448687.0
1636747200000,228.886,233.498,227.881,228.572,578136.0
1636761600000,228.543,232.947,225.62,225.737,611602.0
1636776000000,225.707,227.581,225.081,227.174,398104.0
1636790400000,227.19,229.079,225.144,227.092,443864.0
1636804800000,227.095,237.155,226.524,233.767,1241918.0
1636819200000,233.736,239.305,233.575,237.224,1084530.0
1636833600000,237.229,241.998,236.915,241.568,778158.0
1636848000000,241.569,241.979,236.442,237.349,529683.0
1636862400000,237.377,238.85,234.937,235.458,420979.0
1636876800000,235.518,237.495,233.632,236.405,503557.0
1636891200000,236.403,238.797,234.001,234.414,608913.0
1636905600000,234.434,235.863,230.364,235.361,853684.0
1636920000000,235.363,239.147,235.269,238.737,527907.0
1636934400000,238.772,244.74,237.673,243.917,949250.0
1636948800000,243.905,244.676,240.791,241.462,558386.0
1636963200000,241.513,244.257,240.056,243.083,655154.0
1636977600000,243.075,246.495,238.6,239.853,1353657.0
1636992000000,239.858,242.5,237.8,240.456,811127.0
1637006400000,240.447,240.705,234.507,238.282,797306.0
1637020800000,238.283,238.341,224.251,226.765,2202720.0
1637035200000,226.81,230.655,224.456,226.898,1041867.0
1637049600000,226.898,229.715,212.67,224.908,2041141.0
1637064000000,224.95,227.733,220.515,225.291,1117998.0
1637078400000,225.278,226.987,222.214,225.877,666377.0
1637092800000,225.877,225.915,216.818,219.043,943098.0
1637107200000,219.045,221.347,211.748,212.558,1314923.0
1637121600000,212.564,216.585,210.736,214.83,981630.0
1637136000000,214.831,220.48,209.565,220.265,1462400.0
1637150400000,220.265,222.33,210.089,213.664,1172372.0
1637164800000,213.664,217.662,211.461,214.591,992425.0
1637179200000,214.579,219.074,212.786,219.073,625547.0
1637193600000,219.064,222.805,216.722,216.821,817890.0
1637208000000,216.849,218.231,211.43,212.7,692255.0
1637222400000,212.708,213.398,207.49,208.066,992415.0
1637236800000,208.054,209.794,192.675,197.036,2656609.0
1637251200000,197.026,202.175,186.388,200.226,3440763.0
1637265600000,200.21,202.86,192.327,195.18,1550463.0
1637280000000,195.204,202.749,189.13,192.032,1767709.0
1637294400000,192.003,199.999,191.518,196.455,989836.0
1637308800000,196.437,206.986,196.373,202.933,1487480.0
1637323200000,202.925,215.988,202.038,213.922,1792523.0
1637337600000,213.9,219.481,213.35,217.313,1399854.0
1637352000000,217.305,218.6,212.617,215.369,754433.0
1637366400000,215.368,221.243,213.295,215.094,976945.0
1637380800000,215.086,215.983,212.739,212.915,565464.0
1637395200000,212.915,217.242,212.282,215.596,643586.0
1637409600000,215.604,216.138,207.228,207.305,1070881.0
1637424000000,207.314,217.749,206.056,215.503,1146895.0
1637438400000,215.515,218.931,215.411,217.695,514100.0
1637452800000,217.696,218.3,211.014,211.813,591890.0
1637467200000,211.789,215.395,211.232,213.959,410482.0
1637481600000,213.981,214.493,210.803,211.691,498875.0
1637496000000,211.728,215.492,210.622,215.192,524928.0
1637510400000,215.212,233.27,214.69,229.0,1996600.0
1637524800000,228.999,235.499,226.62,230.788,1473508.0
1637539200000,230.732,232.12,219.763,220.599,1774308.0
1637553600000,220.611,222.297,215.401,216.172,1459506.0
1637568000000,216.173,224.398,215.85,219.005,1174598.0
1637582400000,219.002,225.448,214.369,222.515,1956434.0
1637596800000,222.526,225.267,212.062,212.856,1730594.0
1637611200000,212.865,218.928,211.61,215.61,1161083.0
1637625600000,215.613,221.762,214.268,221.0,709418.0
1637640000000,221.0,221.177,212.169,212.994,654302.0
1637654400000,212.993,216.666,210.692,212.336,1297200.0
1637668800000,212.335,219.776,211.21,216.055,937428.0
1637683200000,216.056,224.7,216.012,224.48,877095.0
1637697600000,224.556,226.168,221.403,221.918,592999.0
1637712000000,221.917,222.56,214.254,217.118,899137.0
1637726400000,217.151,220.468,215.375,217.163,468591.0
1637740800000,217.112,219.802,214.272,214.795,583791.0
1637755200000,214.795,215.593,207.208,212.301,1249466.0
1637769600000,212.302,214.068,200.341,202.255,1383242.0
1637784000000,202.257,207.94,200.871,205.779,907257.0
1637798400000,205.844,211.696,204.812,210.961,809453.0
1637812800000,210.968,211.4,204.927,205.933,627632.0
1637827200000,205.931,209.69,202.012,208.568,1130208.0
1637841600000,208.597,214.87,208.089,214.618,1208215.0
1637856000000,214.633,216.554,210.215,210.686,892598.0
1637870400000,210.684,212.278,207.699,210.181,540946.0
1637884800000,210.2,210.76,205.323,205.697,654717.0
1637899200000,205.696,207.306,199.823,201.464,929186.0
1637913600000,201.449,201.504,184.0,185.272,3641856.0
1637928000000,185.272,198.141,182.49,192.603,1906056.0
1637942400000,192.635,198.371,190.035,197.661,1046565.0
1637956800000,197.637,200.694,191.315,192.423,907761.0
1637971200000,192.392,196.4,191.367,195.432,663673.0
1637985600000,195.506,198.287,192.6,194.363,462588.0
1638000000000,194.355,198.6,194.271,196.226,805576.0
1638014400000,196.208,199.43,196.205,196.458,632658.0
1638028800000,196.442,199.11,195.816,196.276,494172.0
1638043200000,196.286,197.783,190.626,192.775,739324.0
1638057600000,192.737,193.174,184.681,187.107,1132711.0
1638072000000,187.109,190.196,186.002,189.846,570959.0
1638086400000,189.881,191.579,187.39,190.165,546033.0
1638100800000,190.167,191.448,188.003,189.05,497761.0
1638115200000,189.051,189.836,180.782,188.538,1133894.0
1638129600000,188.526,202.008,188.511,200.713,1571408.0
1638144000000,200.708,204.067,199.646,200.873,781059.0
1638158400000,200.859,206.623,200.76,203.764,650542.0
1638172800000,203.739,206.211,201.0,203.351,712297.0
1638187200000,203.354,210.898,203.062,206.874,1079596.0
1638201600000,206.844,212.7,205.598,206.124,1085566.0
1638216000000,206.152,208.114,203.769,204.275,662175.0
1638230400000,204.278,206.681,201.308,203.888,607880.0
1638244800000,203.91,206.196,200.003,201.916,653987.0
1638259200000,201.95,207.691,199.595,207.256,819621.0
1638273600000,207.255,218.4,207.24,213.054,2669364.0
1638288000000,213.02,216.293,208.0,215.528,1897683.0
1638302400000,215.528,215.863,208.292,208.617,840469.0
1638316800000,208.617,215.0,207.977,214.914,802753.0
1638331200000,214.914,220.944,214.209,218.482,859510.0
1638345600000,218.481,224.367,216.255,221.402,1413215.0
1638360000000,221.377,229.72,220.611,229.285,1532227.0
1638374400000,229.292,232.637,221.5,230.077,1829265.0
1638388800000,230.077,231.0,220.14,229.812,1856008.0
1638403200000,229.812,236.451,220.085,224.287,2371292.0
1638417600000,224.281,227.48,221.579,222.97,888985.0
1638432000000,222.967,229.715,222.604,226.856,1198153.0
1638446400000,226.876,232.282,221.763,229.452,1958828.0
1638460800000,229.416,235.88,224.3,233.956,2022700.0
1638475200000,233.953,243.161,231.95,233.677,2088761.0
1638489600000,233.677,236.429,226.41,229.994,1259978.0
1638504000000,229.994,235.283,228.263,232.622,897794.0
1638518400000,232.615,238.479,229.827,237.689,1218453.0
1638532800000,237.666,239.473,223.048,224.559,1827454.0
1638547200000,224.559,226.245,211.0,212.917,3431770.0
1638561600000,212.915,219.237,202.705,211.607,3295652.0
1638576000000,211.572,212.658,195.789,196.056,2267510.0
1638590400000,196.011,202.132,166.0,192.983,7266325.0
1638604800000,192.999,196.551,185.433,188.202,1946285.0
1638619200000,188.217,207.564,188.169,204.843,2504390.0
1638633600000,204.835,208.54,198.282,206.903,1640351.0
1638648000000,206.906,210.46,198.546,200.583,1471843.0
1638662400000,200.586,204.39,191.245,196.483,1526030.0
1638676800000,196.503,203.409,194.021,200.51,954656.0
1638691200000,200.504,201.608,195.159,196.061,887634.0
1638705600000,196.03,199.543,181.205,185.298,2130659.0
1638720000000,185.292,190.856,184.77,190.151,1804444.0
1638734400000,190.142,197.8,186.529,196.317,1509174.0
1638748800000,196.318,196.982,187.061,193.107,1623500.0
1638763200000,193.19,196.384,183.039,184.942,1181201.0
1638777600000,184.957,189.736,176.2,181.992,2671348.0
1638792000000,181.988,188.312,179.107,188.201,1895651.0
1638806400000,188.202,192.017,185.712,187.523,1343681.0
1638820800000,187.524,197.486,187.5,193.518,1375621.0
1638835200000,193.526,198.0,193.1,195.231,894951.0
1638849600000,195.219,200.98,194.401,199.263,810801.0
1638864000000,199.279,204.0,198.899,203.049,838992.0
1638878400000,203.054,203.396,196.183,198.048,1141959.0
1638892800000,198.109,198.797,193.5,194.319,755621.0
1638907200000,194.321,195.195,187.746,190.155,873567.0
1638921600000,190.155,193.259,186.0,186.647,737512.0
1638936000000,186.646,190.926,186.5,189.638,719258.0
1638950400000,189.574,191.097,183.289,186.316,1020038.0
1638964800000,186.315,196.243,184.676,192.357,1286397.0
1638979200000,192.339,194.601,189.458,192.928,744145.0
1638993600000,192.929,194.667,191.01,194.539,519356.0
1639008000000,194.566,196.6,188.235,189.191,699449.0
1639022400000,189.164,192.0,188.491,190.835,514041.0
1639036800000,190.833,190.882,186.61,187.6,745747.0
1639051200000,187.6,189.508,182.1,184.809,1086424.0
1639065600000,184.825,186.466,178.759,181.215,1188350.0
1639080000000,181.228,183.95,178.413,181.04,758763.0
1639094400000,181.036,184.604,179.715,179.799,612877.0
1639108800000,179.829,180.282,175.14,176.101,912198.0
1639123200000,176.114,178.82,175.389,178.608,773271.0
1639137600000,178.609,183.48,172.495,173.587,1593168.0
1639152000000,173.599,175.034,169.566,173.508,1248132.0
1639166400000,173.507,175.624,167.098,167.229,786470.0
1639180800000,167.265,171.799,161.211,170.091,1669854.0
1639195200000,170.084,172.254,167.371,169.186,671293.0
1639209600000,169.178,172.358,168.3,170.042,711099.0
1639224000000,170.026,171.127,167.584,170.91,650783.0
1639238400000,170.91,173.7,167.611,168.002,793003.0
1639252800000,167.973,172.362,167.631,172.09,547619.0
1639267200000,172.076,172.649,168.7,169.739,461697.0
1639281600000,169.739,170.879,167.888,170.176,360342.0
1639296000000,170.179,170.567,167.658,169.143,469889.0
1639310400000,169.126,171.98,168.663,170.404,575615.0
1639324800000,170.404,176.797,169.736,174.396,964446.0
1639339200000,174.37,175.334,172.648,172.799,453975.0
1639353600000,172.809,172.848,167.0,167.35,770982.0
1639368000000,167.35,168.0,163.25,164.11,601712.0
1639382400000,164.09,167.69,162.34,167.63,531365.0
1639396800000,167.62,168.69,155.22,158.09,1516853.0
1639411200000,158.08,159.17,147.9,153.09,2132474.0
1639425600000,153.1,159.16,149.0,155.19,1631413.0
1639440000000,155.2,158.223,152.5,153.68,1105449.0
1639454400000,153.69,155.19,149.48,154.76,971257.0
1639468800000,154.75,158.41,153.15,158.05,884848.0
1639483200000,158.05,161.66,156.49,157.68,1430978.0
1639497600000,157.68,159.14,152.66,153.92,896383.0
1639512000000,153.91,163.35,153.84,161.16,1207489.0
1639526400000,161.16,163.65,158.54,160.43,717524.0
1639540800000,160.45,166.58,159.44,166.11,847146.0
1639555200000,166.12,168.68,164.53,165.69,931106.0
1639569600000,165.69,166.79,157.06,157.57,1228354.0
1639584000000,157.58,177.5,156.7,175.11,3485392.0
1639598400000,175.14,182.58,174.02,178.43,2250177.0
1639612800000,178.44,179.84,176.3,178.72,842177.0
1639627200000,178.75,180.66,174.33,178.28,923783.0
1639641600000,178.26,186.01,178.01,185.73,1358139.0
1639656000000,185.7,188.96,182.64,186.97,1828812.0
1639670400000,186.99,187.49,179.6,180.18,1264340.0
1639684800000,180.18,184.97,176.0,176.92,1103024.0
1639699200000,176.93,181.7,176.51,179.19,813630.0
1639713600000,179.2,182.48,175.44,177.79,958933.0
1639728000000,177.78,179.4,174.75,175.94,887112.0
1639742400000,175.94,177.75,168.04,176.47,2288414.0
1639756800000,176.48,181.65,174.5,177.57,1415676.0
1639771200000,177.56,178.51,172.64,175.51,910595.0
1639785600000,175.5,176.16,171.01,174.13,847070.0
1639800000000,174.12,176.83,173.08,175.97,455991.0
1639814400000,175.96,181.0,175.91,179.88,808821.0
1639828800000,179.89,183.62,179.03,181.38,731692.0
1639843200000,181.37,182.71,179.67,181.7,454366.0
1639857600000,181.7,184.18,180.51,182.68,437778.0
1639872000000,182.66,184.93,179.72,184.51,589096.0
1639886400000,184.49,189.4,184.1,187.07,711676.0
1639900800000,187.08,187.74,182.83,184.82,665510.0
1639915200000,184.81,188.6,182.74,184.0,1040915.0
1639929600000,184.02,185.12,179.34,180.4,599472.0
1639944000000,180.38,183.83,178.0,179.86,644196.0
1639958400000,179.86,181.15,177.06,178.29,704764.0
1639972800000,178.29,179.97,174.74,175.31,641965.0
1639987200000,175.35,176.2,171.31,172.51,793184.0
1640001600000,172.5,174.0,168.41,169.97,1153546.0
1640016000000,169.95,176.4,169.29,175.89,759117.0
1640030400000,175.89,178.16,172.67,173.91,692879.0
1640044800000,173.9,176.26,170.2,175.42,732109.0
1640059200000,175.45,181.17,175.44,178.88,974247.0
1640073600000,178.89,181.1,178.56,179.69,511519.0
1640088000000,179.69,182.41,176.6,177.43,838476.0
1640102400000,177.45,179.19,176.04,177.01,535842.0
1640116800000,177.01,181.39,176.9,179.56,599146.0
1640131200000,179.58,181.63,177.4,179.59,561086.0
1640145600000,179.62,187.27,179.11,186.18,801080.0
1640160000000,186.18,187.48,182.79,185.6,788834.0
1640174400000,185.6,186.2,181.22,185.09,886405.0
1640188800000,185.1,185.76,179.53,180.35,635829.0
1640203200000,180.32,181.79,177.01,178.37,580396.0
1640217600000,178.36,182.75,175.58,180.89,820364.0
1640232000000,180.9,181.64,177.0,177.83,429204.0
1640246400000,177.83,180.66,177.1,179.01,629047.0
1640260800000,179.01,181.12,177.52,180.96,663030.0
1640275200000,180.98,193.51,180.14,191.08,1895186.0
1640289600000,191.1,192.87,188.6,190.11,801484.0
1640304000000,190.14,191.99,187.1,187.76,645801.0
1640318400000,187.77,189.08,186.35,188.89,427995.0
1640332800000,188.9,191.43,188.05,188.81,656495.0
1640347200000,188.82,195.7,183.0,195.42,1644307.0
1640361600000,195.43,197.59,191.71,192.08,1324089.0
1640376000000,192.09,194.93,188.2,190.36,771764.0
1640390400000,190.38,195.26,189.76,191.64,643428.0
1640404800000,191.65,194.92,191.42,193.05,449961.0
1640419200000,193.06,193.32,189.2,190.3,452317.0
1640433600000,190.31,192.94,190.18,192.14,397161.0
1640448000000,192.16,192.87,189.27,191.04,483526.0
1640462400000,191.02,194.4,190.06,193.0,541780.0
1640476800000,193.02,196.84,190.65,190.88,973917.0
1640491200000,190.87,193.75,190.1,192.8,471736.0
1640505600000,192.79,198.71,192.48,196.56,947213.0
1640520000000,196.55,199.62,195.28,198.13,776047.0
1640534400000,198.13,200.65,197.38,198.42,577090.0
1640548800000,198.38,199.64,196.0,197.8,455819.0
1640563200000,197.82,201.3,196.63,201.07,435426.0
1640577600000,201.03,201.77,198.46,198.59,470728.0
1640592000000,198.59,201.1,194.66,200.28,840933.0
1640606400000,200.26,203.43,198.97,201.66,767555.0
1640620800000,201.67,204.81,200.5,200.6,640151.0
1640635200000,200.6,201.24,195.09,195.71,739288.0
1640649600000,195.7,195.71,187.0,190.28,1259163.0
1640664000000,190.27,193.19,185.96,189.99,954672.0
1640678400000,190.0,192.94,188.47,192.14,723763.0
1640692800000,192.15,192.85,185.01,185.62,1066899.0
1640707200000,185.62,186.09,176.15,180.13,1828153.0
1640721600000,180.14,182.5,176.71,177.2,713062.0
1640736000000,177.21,180.59,176.38,179.55,541668.0
1640750400000,179.55,180.0,175.15,176.45,624565.0
1640764800000,176.45,177.96,174.5,175.56,705222.0
1640779200000,175.56,176.59,170.6,176.32,1451064.0
1640793600000,176.32,177.38,173.44,174.49,687341.0
1640808000000,174.54,176.78,170.0,170.66,922264.0
1640822400000,170.66,172.27,168.01,170.19,877699.0
1640836800000,170.2,174.81,169.8,173.69,541931.0
1640851200000,173.68,175.26,171.79,174.66,516989.0
1640865600000,174.64,175.69,173.11,173.85,590791.0
1640880000000,173.85,175.62,173.5,174.25,433272.0
1640894400000,174.26,174.91,170.83,172.48,393241.0
1640908800000,172.49,173.82,170.78,171.61,432442.0
1640923200000,171.62,172.79,170.01,172.55,504236.0
1640937600000,172.55,177.69,172.34,175.12,829613.0
1640952000000,175.16,176.19,174.8,175.72,322430.0
1640966400000,175.73,176.16,167.65,167.89,742179.0
1640980800000,167.89,171.99,167.57,169.98,513235.0
1640995200000,170.01,174.36,169.9,172.93,369077.0
1641009600000,172.94,174.31,171.34,173.16,318583.0
1641024000000,173.17,173.37,170.52,171.58,273069.0
1641038400000,171.57,174.24,171.46,173.79,238497.0
1641052800000,173.81,177.36,173.55,177.31,436022.0
1641067200000,177.31,179.19,176.13,179.05,715673.0
1641081600000,179.06,179.65,177.01,177.67,370262.0
1641096000000,177.67,178.07,175.11,175.85,327331.0
1641110400000,175.85,176.23,174.46,175.6,334766.0
1641124800000,175.6,176.75,175.0,176.19,285180.0
1641139200000,176.18,178.82,174.31,175.33,560921.0
1641153600000,175.32,177.1,174.7,176.29,262496.0
1641168000000,176.27,176.44,172.18,172.82,379055.0
1641182400000,172.82,173.83,172.0,173.18,332126.0
1641196800000,173.18,175.04,172.3,174.78,369024.0
1641211200000,174.77,175.86,170.84,171.02,582717.0
1641225600000,171.02,171.76,168.82,170.0,615564.0
1641240000000,169.99,171.12,166.66,170.18,726220.0
1641254400000,170.2,170.5,166.91,167.84,453932.0
1641268800000,167.84,169.44,166.38,169.06,433381.0
1641283200000,169.06,172.32,167.32,171.61,690033.0
1641297600000,171.62,173.9,170.52,172.21,826363.0
1641312000000,172.18,172.5,167.09,168.63,817653.0
1641326400000,168.64,169.55,167.52,167.83,362895.0
1641340800000,167.87,169.33,167.23,169.2,333255.0
1641355200000,169.21,170.5,168.16,169.93,257495.0
1641369600000,169.95,171.4,168.0,168.53,499831.0
1641384000000,168.54,169.34,167.53,168.38,558324.0
1641398400000,168.39,168.73,157.47,158.69,1532166.0
1641412800000,158.69,159.78,144.5,154.38,2433156.0
1641427200000,154.41,154.76,147.99,148.09,859641.0
1641441600000,148.09,150.94,147.02,150.67,854050.0
1641456000000,150.69,150.96,146.22,147.55,870537.0
1641470400000,147.56,151.09,146.3,149.62,936436.0
1641484800000,149.64,154.32,148.8,153.76,717300.0
1641499200000,153.78,153.9,150.02,150.26,520392.0
1641513600000,150.28,150.74,137.57,139.62,2094315.0
1641528000000,139.62,141.12,134.44,138.92,2243377.0
1641542400000,138.95,143.29,138.2,139.17,1366193.0
1641556800000,139.17,142.78,132.98,135.95,1816086.0
1641571200000,135.95,140.49,134.42,140.23,1203560.0
1641585600000,140.24,140.97,135.88,136.43,628264.0
1641600000000,136.43,141.57,135.78,139.4,694381.0
1641614400000,139.39,144.57,139.3,144.26,781747.0
1641628800000,144.3,147.98,144.12,146.36,1365012.0
1641643200000,146.36,146.77,142.15,144.15,1164882.0
1641657600000,144.15,146.15,132.89,135.37,3208197.0
1641672000000,135.37,146.88,134.52,142.15,2563356.0
1641686400000,142.12,145.41,140.74,141.91,1347330.0
1641700800000,141.9,143.7,140.0,140.34,601099.0
1641715200000,140.34,141.31,137.8,140.54,861953.0
1641729600000,140.55,140.89,137.83,140.09,784857.0
1641744000000,140.09,145.67,139.61,145.2,1348781.0
1641758400000,145.23,145.63,139.89,140.77,729771.0
1641772800000,140.74,142.5,138.77,140.55,598258.0
1641787200000,140.55,143.75,140.22,142.99,587578.0
1641801600000,143.02,143.44,138.87,139.39,644459.0
1641816000000,139.39,139.72,129.45,133.14,2942541.0
1641830400000,133.14,137.5,130.9,132.63,1848624.0
1641844800000,132.64,136.03,131.8,135.73,712309.0
1641859200000,135.74,137.49,133.57,137.26,632711.0
1641873600000,137.27,137.87,135.01,137.2,462860.0
1641888000000,137.21,138.38,134.23,135.35,692713.0
1641902400000,135.35,138.0,135.01,137.06,821136.0
1641916800000,137.06,143.4,136.85,142.32,1445380.0
1641931200000,142.35,143.07,139.56,140.13,469525.0
1641945600000,140.14,141.49,139.09,140.05,448948.0
1641960000000,140.05,140.86,138.17,138.96,509430.0
1641974400000,138.94,144.14,138.66,141.42,1147367.0
1641988800000,141.42,148.7,141.17,147.65,1842389.0
1642003200000,147.66,153.23,147.52,152.62,1755318.0
1642017600000,152.63,153.3,151.25,151.48,735876.0
1642032000000,151.48,152.24,148.17,148.67,624792.0
1642046400000,148.68,151.6,148.61,151.38,474012.0
1642060800000,151.37,152.87,149.8,150.3,757802.0
1642075200000,150.29,157.75,150.23,154.9,2261217.0
1642089600000,154.9,155.4,146.55,147.69,1892070.0
1642104000000,147.68,150.0,145.47,146.1,1005370.0
1642118400000,146.09,147.97,144.19,147.45,675634.0
1642132800000,147.45,150.57,146.69,147.65,710393.0
1642147200000,147.66,147.73,141.92,143.44,1118084.0
1642161600000,143.42,148.3,141.91,147.27,1237620.0
1642176000000,147.26,149.72,145.6,148.24,753895.0
1642190400000,148.23,148.92,145.25,146.13,518402.0
1642204800000,146.13,147.22,145.01,145.96,337257.0
1642219200000,145.95,146.26,144.5,145.51,379752.0
1642233600000,145.5,146.8,144.72,146.31,368305.0
1642248000000,146.31,148.61,143.8,147.98,831644.0
1642262400000,147.99,148.83,147.02,147.92,584475.0
1642276800000,147.92,149.48,147.32,147.57,444517.0
1642291200000,147.57,148.19,146.03,146.82,364996.0
1642305600000,146.82,150.1,146.31,149.66,464804.0
1642320000000,149.68,150.72,147.6,148.12,553240.0
1642334400000,148.11,151.93,147.01,149.95,989020.0
1642348800000,149.95,150.91,147.68,147.93,571518.0
1642363200000,147.93,148.57,146.25,147.92,557257.0
1642377600000,147.93,148.22,142.8,142.9,782553.0
1642392000000,142.92,143.86,141.58,143.16,602603.0
1642406400000,143.19,144.03,142.24,142.45,475967.0
1642420800000,142.46,143.76,140.92,142.07,687147.0
1642435200000,142.07,142.46,138.8,139.85,994763.0
1642449600000,139.87,140.26,137.0,139.74,717575.0
1642464000000,139.74,141.82,138.88,139.23,639124.0
1642478400000,139.22,140.8,138.08,140.15,387394.0
1642492800000,140.15,140.33,135.81,137.6,662570.0
1642507200000,137.59,138.23,134.24,136.58,980311.0
1642521600000,136.58,137.82,135.59,136.96,520722.0
1642536000000,136.97,142.62,136.33,141.19,737214.0
1642550400000,141.21,142.66,136.87,137.94,732630.0
1642564800000,137.96,139.11,134.0,134.41,581037.0
1642579200000,134.42,136.3,132.7,136.08,911370.0
1642593600000,136.08,138.62,135.4,136.9,822251.0
1642608000000,136.89,138.0,135.25,136.7,747934.0
1642622400000,136.7,137.43,135.0,135.21,547818.0
1642636800000,135.2,137.22,134.43,137.02,388609.0
1642651200000,137.02,137.85,136.17,137.39,263163.0
1642665600000,137.39,138.17,135.58,137.87,483592.0
1642680000000,137.85,143.45,136.95,143.0,1235763.0
1642694400000,143.0,143.78,139.67,139.92,1111671.0
1642708800000,139.9,140.21,125.78,127.45,2026415.0
1642723200000,127.45,128.7,120.94,124.18,2958084.0
1642737600000,124.18,126.81,123.75,126.46,960312.0
1642752000000,126.45,126.85,121.24,122.15,951452.0
1642766400000,122.15,122.69,115.5,121.77,2961026.0
1642780800000,121.78,126.77,120.11,120.32,3061166.0
1642795200000,120.32,122.11,106.02,112.2,5085792.0
1642809600000,112.21,114.13,108.31,109.66,1844562.0
1642824000000,109.67,110.39,98.15,100.32,3523652.0
1642838400000,100.32,103.73,87.47,98.6,5905538.0
1642852800000,98.6,103.26,92.84,92.99,3273357.0
1642867200000,92.99,98.5,88.49,90.5,4460390.0
1642881600000,90.49,97.25,89.6,94.46,2837021.0
1642896000000,94.48,99.17,93.15,94.28,2092034.0
1642910400000,94.27,101.47,93.38,101.13,1696101.0
1642924800000,101.13,104.62,99.68,101.82,2483007.0
1642939200000,101.82,103.11,95.97,98.81,2336959.0
1642953600000,98.82,99.69,93.83,94.72,1792444.0
1642968000000,94.7,101.86,94.15,99.67,2075278.0
1642982400000,99.66,99.81,91.13,92.03,2931394.0
1642996800000,92.02,92.76,85.96,86.71,2649892.0
1643011200000,86.72,89.65,81.58,83.94,5772962.0
1643025600000,83.93,88.0,80.7,87.44,7017704.0
1643040000000,87.43,91.5,83.34,89.56,5005305.0
1643054400000,89.56,96.15,89.44,91.85,3477673.0
1643068800000,91.85,91.96,87.82,90.02,1657577.0
1643083200000,90.03,90.7,87.39,89.91,1547147.0
1643097600000,89.88,94.58,89.83,91.53,2264500.0
1643112000000,91.53,94.87,90.33,92.88,2571554.0
1643126400000,92.86,99.85,92.53,96.08,3271107.0
1643140800000,96.08,96.23,91.86,94.54,2110926.0
1643155200000,94.57,95.37,91.3,94.62,1424279.0
1643169600000,94.62,96.93,93.56,94.41,1210840.0
1643184000000,94.4,98.17,94.35,97.96,1570229.0
1643198400000,97.95,101.97,95.89,98.72,3104795.0
1643212800000,98.73,104.45,96.29,98.12,4464274.0
1643227200000,98.13,98.14,89.11,92.06,3842549.0
1643241600000,92.04,93.66,85.66,86.73,2817115.0
1643256000000,86.72,89.85,86.3,88.71,1774286.0
1643270400000,88.72,91.34,88.13,91.12,1528909.0
1643284800000,91.11,94.63,90.64,92.28,2890262.0
1643299200000,92.28,93.44,89.05,89.84,2874065.0
1643313600000,89.84,90.63,85.6,89.43,3160139.0
1643328000000,89.43,92.89,88.55,92.33,2052941.0
1643342400000,92.34,93.48,89.5,89.63,1368364.0
1643356800000,89.63,90.92,87.47,88.56,1653429.0
1643371200000,88.56,91.34,87.1,91.02,2342358.0
1643385600000,91.05,93.1,89.95,91.52,2437843.0
1643400000000,91.52,93.43,90.16,91.29,1542242.0
1643414400000,91.29,93.75,90.4,92.07,1283546.0
1643428800000,92.06,97.2,91.9,97.13,1517695.0
1643443200000,97.13,97.67,95.13,96.23,1384598.0
1643457600000,96.23,98.88,93.64,95.02,2132749.0
1643472000000,95.05,95.71,93.38,95.15,1255525.0
1643486400000,95.16,96.77,94.53,96.11,1218346.0
1643500800000,96.08,96.29,93.41,94.4,1038810.0
1643515200000,94.41,97.64,94.27,96.65,843497.0
1643529600000,96.64,97.04,94.98,96.29,727874.0
1643544000000,96.29,96.48,93.8,95.05,881414.0
1643558400000,95.05,95.82,91.59,91.94,1069107.0
1643572800000,91.94,94.2,91.31,93.15,967914.0
1643587200000,93.16,93.5,89.16,90.66,1366178.0
1643601600000,90.68,90.68,89.15,90.17,794455.0
1643616000000,90.18,91.78,89.87,91.28,778963.0
1643630400000,91.29,96.15,90.26,95.38,2236060.0
1643644800000,95.39,98.77,94.89,98.35,2571326.0
1643659200000,98.35,101.29,97.36,99.48,2082345.0
1643673600000,99.47,107.88,98.99,106.79,2625377.0
1643688000000,106.8,107.49,104.48,105.37,1788006.0
1643702400000,105.38,108.95,103.75,106.28,3233240.0
1643716800000,106.27,111.04,105.92,108.58,4183844.0
1643731200000,108.58,113.61,107.76,107.85,5026088.0
1643745600000,107.84,112.24,107.77,109.97,2639411.0
1643760000000,109.95,112.39,108.11,110.55,2273380.0
1643774400000,110.56,110.67,107.44,108.46,1737135.0
1643788800000,108.44,110.49,108.21,109.93,1229578.0
1643803200000,109.94,112.2,105.24,105.92,3850036.0
1643817600000,105.94,111.8,103.54,109.93,4419073.0
1643832000000,109.95,110.07,96.96,101.84,8542900.0
1643846400000,101.83,103.09,96.65,97.35,3269144.0
1643860800000,97.35,99.49,97.12,99.32,1811658.0
1643875200000,99.32,99.94,93.9,97.33,4201772.0
1643889600000,97.32,98.95,94.18,98.18,4290760.0
1643904000000,98.19,99.2,95.78,96.72,2196284.0
1643918400000,96.73,102.21,95.76,101.76,3165666.0
1643932800000,101.74,103.77,100.17,102.3,1616411.0
1643947200000,102.31,106.84,101.46,104.88,2774303.0
1643961600000,104.86,106.9,104.36,104.76,1976817.0
1643976000000,104.75,109.77,101.68,107.13,5528217.0
1643990400000,107.13,111.3,106.86,110.54,3528199.0
1644004800000,110.54,112.81,109.26,112.57,1748745.0
1644019200000,112.56,114.34,110.14,113.95,1721624.0
1644033600000,113.94,118.54,113.48,115.56,2347016.0
1644048000000,115.55,116.9,114.4,114.93,1215762.0
1644062400000,114.94,117.22,114.14,115.96,1464699.0
1644076800000,115.94,116.33,110.75,113.43,2447270.0
1644091200000,113.43,115.74,112.78,113.66,963712.0
1644105600000,113.66,115.77,113.59,114.34,776513.0
1644120000000,114.34,114.84,112.1,114.27,1039150.0
1644134400000,114.26,116.06,113.52,114.35,954572.0
1644148800000,114.35,115.94,111.11,112.99,1533089.0
1644163200000,112.98,114.52,112.02,112.83,791846.0
1644177600000,112.83,115.5,112.0,115.18,968914.0
1644192000000,115.2,119.59,112.62,119.11,1873458.0
1644206400000,119.12,119.98,116.86,117.2,1387415.0
1644220800000,117.2,117.87,115.37,117.44,1150894.0
1644235200000,117.44,121.73,116.49,121.26,2001444.0
1644249600000,121.23,121.88,119.13,119.94,1680329.0
1644264000000,119.9,120.91,116.44,117.46,1528992.0
1644278400000,117.48,118.92,115.4,117.4,1231123.0
1644292800000,117.39,120.23,116.72,117.63,1707059.0
1644307200000,117.64,117.8,111.91,114.3,1938313.0
1644321600000,114.28,114.28,110.11,111.97,1877191.0
1644336000000,111.96,112.62,110.26,110.74,1408742.0
1644350400000,110.78,114.7,109.51,113.37,1596385.0
1644364800000,113.36,115.0,110.68,111.17,1199575.0
1644379200000,111.17,111.9,109.25,111.45,851930.0
1644393600000,111.45,113.67,110.35,113.2,997605.0
1644408000000,113.19,117.0,112.68,113.13,1825351.0
1644422400000,113.13,115.66,112.36,115.0,1087565.0
1644436800000,115.0,116.35,113.58,113.9,1031406.0
1644451200000,113.9,114.01,110.4,110.92,963557.0
1644465600000,110.92,112.47,110.7,112.32,657841.0
1644480000000,112.31,114.85,111.99,113.68,1179098.0
1644494400000,113.69,114.12,105.58,111.83,3887216.0
1644508800000,111.83,113.0,108.05,108.83,2274183.0
1644523200000,108.85,109.4,105.55,106.09,1229838.0
1644537600000,106.1,106.56,103.46,104.61,1419701.0
1644552000000,104.61,105.77,103.14,105.67,833965.0
1644566400000,105.67,106.42,104.34,105.45,932201.0
1644580800000,105.44,108.09,104.9,106.8,1545171.0
1644595200000,106.8,107.04,99.01,99.68,2783304.0
1644609600000,99.65,100.06,95.0,96.44,2512000.0
1644624000000,96.45,98.41,95.32,96.89,959030.0
1644638400000,96.87,97.58,92.52,93.72,1418448.0
1644652800000,93.72,96.18,93.59,96.05,1194515.0
1644667200000,96.04,96.16,93.45,94.97,1167114.0
1644681600000,94.98,99.74,94.59,97.08,1775645.0
1644696000000,97.08,98.22,94.22,95.88,1397628.0
1644710400000,95.88,97.32,95.0,95.89,723472.0
1644724800000,95.9,96.63,95.12,96.26,527356.0
1644739200000,96.26,96.93,95.25,96.07,674141.0
1644753600000,96.07,96.88,95.31,95.54,753783.0
1644768000000,95.54,95.6,91.24,92.18,1518520.0
1644782400000,92.18,94.09,91.86,92.8,755915.0
1644796800000,92.79,93.67,90.49,93.48,1273758.0
1644811200000,93.48,94.9,92.63,94.72,982580.0
1644825600000,94.73,94.91,91.78,93.07,1223600.0
1644840000000,93.07,97.92,92.25,96.53,2526984.0
1644854400000,96.54,97.87,93.21,94.23,1924857.0
1644868800000,94.23,97.17,93.52,96.37,1175606.0
1644883200000,96.36,102.47,96.32,101.25,1775827.0
1644897600000,101.27,102.23,100.31,101.89,997821.0
1644912000000,101.91,103.7,101.07,102.34,1758947.0
1644926400000,102.34,103.2,100.51,102.69,1694132.0
1644940800000,102.69,103.17,100.76,101.57,1231213.0
1644955200000,101.55,105.77,100.9,105.44,1268346.0
1644969600000,105.46,105.56,102.41,102.75,895445.0
1644984000000,102.75,104.4,100.68,104.19,965417.0
1644998400000,104.18,104.35,101.36,102.44,1004627.0
1645012800000,102.42,102.67,98.11,99.07,2035941.0
1645027200000,99.07,103.58,98.21,103.19,2086591.0
1645041600000,103.19,103.49,101.48,101.78,1096230.0
1645056000000,101.81,102.78,99.06,99.13,867055.0
1645070400000,99.12,100.9,97.91,100.85,1030587.0
1645084800000,100.82,101.05,97.56,99.01,1184878.0
1645099200000,99.01,99.64,96.52,97.3,1693119.0
1645113600000,97.29,97.74,92.81,94.86,2081108.0
1645128000000,94.86,94.86,92.25,93.46,1364546.0
1645142400000,93.49,95.45,92.64,94.31,960319.0
1645156800000,94.32,95.46,93.75,95.13,549954.0
1645171200000,95.14,96.33,93.51,93.88,973405.0
1645185600000,93.89,94.82,90.0,90.89,2252321.0
1645200000000,90.89,91.98,89.24,90.94,1731975.0
1645214400000,90.96,91.36,89.25,89.82,782357.0
1645228800000,89.82,92.15,89.67,91.15,659768.0
1645243200000,91.16,92.7,90.98,92.05,566598.0
1645257600000,92.06,92.28,88.51,89.42,1272223.0
1645272000000,89.43,91.1,88.62,90.91,1249556.0
1645286400000,90.92,92.14,89.6,89.87,1113308.0
1645300800000,89.87,91.71,89.46,91.25,556067.0
1645315200000,91.25,91.4,87.57,88.38,909193.0
1645329600000,88.38,88.62,85.39,87.29,1703234.0
1645344000000,87.3,90.1,85.67,89.14,2492773.0
1645358400000,89.16,90.98,87.37,89.35,2418176.0
1645372800000,89.34,93.4,89.15,91.97,2570663.0
1645387200000,91.95,93.92,90.2,90.63,2757664.0
1645401600000,90.63,95.24,90.41,93.79,2480752.0
1645416000000,93.79,95.8,93.71,95.39,1365112.0
1645430400000,95.38,96.13,88.1,89.07,3550499.0
1645444800000,89.08,92.89,86.64,89.58,5444609.0
1645459200000,89.58,90.27,86.18,87.41,3816009.0
1645473600000,87.41,88.2,82.61,82.89,3201083.0
1645488000000,82.89,84.54,80.96,81.58,2479240.0
1645502400000,81.57,83.75,81.3,82.06,1987496.0
1645516800000,82.05,85.97,81.77,85.1,2216641.0
1645531200000,85.11,87.6,84.12,85.79,2416625.0
1645545600000,85.8,86.5,83.71,86.21,2018709.0
1645560000000,86.21,87.1,84.71,86.34,1086353.0
1645574400000,86.34,88.7,86.0,87.16,1695384.0
1645588800000,87.15,89.9,86.88,89.08,1540227.0
1645603200000,89.08,93.35,88.63,92.01,2401864.0
1645617600000,92.01,93.31,89.05,89.7,3101927.0
1645632000000,89.7,92.13,87.5,88.08,2734379.0
1645646400000,88.07,88.26,84.3,84.53,2172590.0
1645660800000,84.53,85.75,75.89,77.48,3821192.0
1645675200000,77.47,84.38,75.25,82.14,7603750.0
1645689600000,82.13,84.7,79.24,81.37,4351414.0
1645704000000,81.37,86.2,79.43,84.87,4528743.0
1645718400000,84.88,91.34,83.29,90.76,4777545.0
1645732800000,90.76,95.27,86.7,89.35,4596508.0
1645747200000,89.34,90.8,87.58,89.61,1900664.0
1645761600000,89.61,89.85,86.8,88.71,1524090.0
1645776000000,88.71,89.43,86.89,89.18,2100404.0
1645790400000,89.18,92.15,87.75,90.99,3949326.0
1645804800000,90.98,92.02,88.7,89.49,2210911.0
1645819200000,89.5,95.0,88.92,92.69,2564418.0
1645833600000,92.69,95.15,92.06,92.67,1830480.0
1645848000000,92.68,93.58,90.35,91.98,1019608.0
1645862400000,91.98,93.0,90.0,90.6,1502819.0
1645876800000,90.59,92.0,90.06,91.19,1085850.0
1645891200000,91.18,91.58,89.12,90.71,1257308.0
1645905600000,90.71,92.55,89.49,90.21,1255324.0
1645920000000,90.21,90.65,86.0,86.93,1489966.0
1645934400000,86.92,89.16,86.5,88.75,658258.0
1645948800000,88.75,90.91,87.98,90.72,1115079.0
1645963200000,90.72,92.42,88.15,91.16,2377349.0
1645977600000,91.17,91.25,84.35,84.81,2265265.0
1645992000000,84.81,86.49,84.0,85.58,1885127.0
1646006400000,85.57,88.0,84.1,86.59,1573106.0
1646020800000,86.62,88.65,84.68,88.08,1330388.0
1646035200000,88.1,91.16,88.04,90.72,2364381.0
1646049600000,90.72,96.93,88.78,95.54,5084742.0
1646064000000,95.54,97.26,94.18,96.15,2742246.0
1646078400000,96.15,102.89,95.79,99.62,3545321.0
1646092800000,99.62,101.05,96.13,97.27,2505779.0
1646107200000,97.27,97.96,95.02,96.91,1378652.0
1646121600000,96.94,98.5,94.14,97.76,2394730.0
1646136000000,97.77,102.02,96.61,97.86,4288014.0
1646150400000,97.86,99.05,96.03,97.64,1614697.0
1646164800000,97.65,99.32,96.72,98.61,1239583.0
1646179200000,98.61,105.19,96.68,104.24,2809077.0
1646193600000,104.24,105.35,101.16,102.36,2304257.0
1646208000000,102.38,106.43,101.13,104.55,2879845.0
1646222400000,104.54,105.25,100.14,101.55,4207979.0
1646236800000,101.55,103.31,99.77,101.0,1793115.0
1646251200000,100.99,102.0,99.86,100.69,1161896.0
1646265600000,100.68,101.71,97.7,98.35,1554641.0
1646280000000,98.34,100.75,97.77,99.75,1035787.0
1646294400000,99.75,101.23,98.71,99.66,1414272.0
1646308800000,99.65,100.94,95.0,95.91,2648548.0
1646323200000,95.92,96.24,93.99,94.9,1756560.0
1646337600000,94.91,96.42,94.0,95.58,1106134.0
1646352000000,95.57,95.91,90.39,91.47,2412369.0
1646366400000,91.48,92.19,90.78,91.94,877127.0
1646380800000,91.93,93.88,90.44,93.11,1592636.0
1646395200000,93.09,93.75,90.6,91.27,2297052.0
1646409600000,91.27,92.85,88.29,88.67,1925888.0
1646424000000,88.67,89.39,86.87,88.26,1426892.0
1646438400000,88.27,88.38,85.82,87.62,1150982.0
1646452800000,87.63,89.16,86.75,88.78,820069.0
1646467200000,88.78,89.1,87.71,88.69,877700.0
1646481600000,88.69,89.82,87.74,89.08,895000.0
1646496000000,89.09,91.2,89.07,90.1,1306570.0
1646510400000,90.09,90.45,89.0,89.59,530950.0
1646524800000,89.58,89.93,87.35,87.64,666298.0
1646539200000,87.62,88.87,86.53,88.29,787104.0
1646553600000,88.29,88.37,85.5,86.94,1308771.0
1646568000000,86.95,88.2,86.41,87.23,969537.0
1646582400000,87.23,88.26,84.75,85.33,1264978.0
1646596800000,85.33,86.66,84.02,84.53,1182511.0
1646611200000,84.53,84.74,81.33,82.21,1812619.0
1646625600000,82.22,83.32,81.05,81.77,1020193.0
1646640000000,81.78,83.27,81.21,83.07,1153616.0
1646654400000,83.08,86.68,83.05,85.01,2271022.0
1646668800000,85.01,86.04,79.77,80.27,2290045.0
1646683200000,80.26,82.96,79.8,81.62,1674339.0
1646697600000,81.61,84.6,81.23,83.45,1142470.0
1646712000000,83.43,84.16,82.43,83.0,1094886.0
1646726400000,82.99,84.94,82.64,83.88,1313240.0
1646740800000,83.89,84.54,81.69,82.73,1885955.0
1646755200000,82.74,85.06,81.3,82.86,2705649.0
1646769600000,82.85,83.14,81.3,82.25,920816.0
1646784000000,82.25,88.46,81.87,88.08,2267578.0
1646798400000,88.09,89.59,86.9,89.19,1814587.0
1646812800000,89.2,89.92,87.82,88.18,1353238.0
1646827200000,88.17,89.26,86.51,88.91,2508214.0
1646841600000,88.91,89.46,86.02,86.9,1731419.0
1646856000000,86.91,88.84,86.04,88.04,1001847.0
1646870400000,88.05,88.58,85.26,85.31,1481219.0
1646884800000,85.31,85.55,81.88,82.62,2006976.0
1646899200000,82.61,83.14,81.8,82.04,1163684.0
1646913600000,82.02,83.94,80.56,81.89,2497618.0
1646928000000,81.89,82.77,81.6,82.4,1014455.0
1646942400000,82.4,83.97,81.9,82.81,850159.0
1646956800000,82.82,83.11,80.67,81.9,1166795.0
1646971200000,81.9,82.6,80.12,82.22,1236169.0
1646985600000,82.22,83.85,81.12,83.22,1557282.0
1647000000000,83.23,84.33,81.26,81.73,2082497.0
1647014400000,81.74,81.75,80.33,80.55,1467681.0
1647028800000,80.55,81.58,80.0,80.64,1053434.0
1647043200000,80.64,82.71,80.51,81.76,785347.0
1647057600000,81.75,82.43,81.24,81.66,546661.0
1647072000000,81.66,81.73,80.53,81.03,738005.0
1647086400000,81.03,82.31,80.83,81.6,903712.0
1647100800000,81.61,82.38,81.47,81.61,640704.0
1647115200000,81.62,82.17,81.22,81.38,437965.0
1647129600000,81.37,82.62,81.0,82.56,748935.0
1647144000000,82.57,83.36,81.64,81.72,706640.0
1647158400000,81.71,81.8,80.75,81.03,834394.0
1647172800000,81.02,81.68,79.93,81.13,1543853.0
1647187200000,81.14,81.43,80.25,80.44,611038.0
1647201600000,80.44,80.44,77.54,78.69,2166328.0
1647216000000,78.68,79.97,77.93,79.47,1115179.0
1647230400000,79.47,81.66,79.46,80.86,1288071.0
1647244800000,80.86,82.27,80.75,80.89,1176426.0
1647259200000,80.88,81.44,80.1,80.95,1294446.0
1647273600000,80.93,81.02,78.5,79.91,1637080.0
1647288000000,79.92,81.48,79.13,81.2,1177374.0
1647302400000,81.18,81.55,79.26,79.6,1169656.0
1647316800000,79.59,80.38,78.7,79.32,748748.0
1647331200000,79.33,80.4,78.94,80.07,845378.0
1647345600000,80.08,81.25,79.59,81.03,1062953.0
1647360000000,81.03,86.0,80.67,84.58,2581569.0
1647374400000,84.59,85.28,82.69,82.83,1647434.0
1647388800000,82.83,86.41,82.05,82.35,2514344.0
1647403200000,82.35,82.89,81.47,82.82,1014113.0
1647417600000,82.81,84.6,82.7,84.22,1427547.0
1647432000000,84.22,84.97,82.73,83.93,1575489.0
1647446400000,83.94,86.1,82.14,85.78,2539893.0
1647460800000,85.79,87.97,85.52,87.73,1294252.0
1647475200000,87.73,89.22,86.91,87.97,1334436.0
1647489600000,87.96,88.95,86.7,87.23,1052031.0
1647504000000,87.23,87.8,86.54,87.67,819414.0
1647518400000,87.67,90.76,87.52,89.37,2360917.0
1647532800000,89.37,90.83,88.65,90.83,1588678.0
1647547200000,90.82,91.04,87.63,87.83,1300241.0
1647561600000,87.83,88.13,85.61,85.89,1549584.0
1647576000000,85.9,87.14,85.52,85.77,922215.0
1647590400000,85.77,86.62,84.35,84.95,1187126.0
1647604800000,84.93,88.27,84.61,88.25,1936041.0
1647619200000,88.26,92.31,88.14,91.11,2914045.0
1647633600000,91.1,91.7,88.85,89.77,1226743.0
1647648000000,89.77,92.41,89.27,90.25,1248116.0
1647662400000,90.26,90.83,89.25,89.37,672926.0
1647676800000,89.38,91.0,89.25,90.75,737262.0
1647691200000,90.75,94.27,90.4,94.03,2554270.0
1647705600000,94.03,94.59,92.31,92.63,1681404.0
1647720000000,92.63,93.42,91.1,92.31,1187749.0
1647734400000,92.32,92.57,90.34,90.77,882935.0
1647748800000,90.79,91.54,90.28,90.99,592609.0
1647763200000,90.99,91.64,89.52,89.9,1037591.0
1647777600000,89.93,90.65,88.87,89.14,1295598.0
1647792000000,89.15,89.88,87.77,89.5,1256896.0
1647806400000,89.49,90.29,88.23,88.58,820241.0
1647820800000,88.58,89.16,86.62,87.69,1138471.0
1647835200000,87.68,89.7,87.52,89.61,808576.0
1647849600000,89.61,91.1,89.33,89.77,1427414.0
1647864000000,89.77,91.23,88.53,89.53,1752069.0
1647878400000,89.52,89.64,87.39,88.73,1226882.0
1647892800000,88.73,89.21,88.17,88.55,538676.0
1647907200000,88.55,91.75,87.9,90.98,1547016.0
1647921600000,90.99,92.41,89.46,90.21,1409855.0
1647936000000,90.21,92.18,89.97,91.97,1126544.0
1647950400000,91.98,93.95,91.0,92.53,2112477.0
1647964800000,92.54,93.6,91.35,91.36,1285852.0
1647979200000,91.35,92.43,90.22,90.44,942892.0
1647993600000,90.44,91.28,89.12,90.09,1197682.0
1648008000000,90.08,91.79,89.62,91.1,871713.0
1648022400000,91.11,91.78,90.57,91.32,989194.0
1648036800000,91.33,96.35,90.9,95.65,3259221.0
1648051200000,95.65,96.11,92.52,92.78,2121359.0
1648065600000,92.78,95.2,92.59,94.83,1163170.0
1648080000000,94.83,95.95,93.35,94.63,2024267.0
1648094400000,94.63,97.6,94.57,97.07,1827344.0
1648108800000,97.07,101.85,96.64,100.09,4222382.0
1648123200000,100.09,102.2,98.24,101.61,4584155.0
1648137600000,101.62,103.73,100.59,102.88,2760381.0
1648152000000,102.89,103.51,101.5,102.33,1407263.0
1648166400000,102.32,104.81,100.82,103.49,2353151.0
1648180800000,103.49,104.9,102.63,102.89,1496856.0
1648195200000,102.89,104.46,101.46,104.22,1871967.0
1648209600000,104.22,104.5,99.66,100.28,2731742.0
1648224000000,100.28,100.87,97.06,98.46,3271484.0
1648238400000,98.46,99.21,97.75,98.55,834424.0
1648252800000,98.55,99.24,97.56,98.87,908072.0
1648267200000,98.87,101.47,98.51,101.19,1470796.0
1648281600000,101.2,101.45,99.9,100.34,1001982.0
1648296000000,100.31,101.97,99.61,101.19,1390148.0
1648310400000,101.19,103.3,101.05,102.66,1960254.0
1648324800000,102.66,103.4,101.16,101.68,1085423.0
1648339200000,101.68,103.0,101.3,101.79,804424.0
1648353600000,101.79,102.44,101.0,102.17,659516.0
1648368000000,102.19,102.4,100.14,100.42,777321.0
1648382400000,100.42,101.54,98.68,101.39,1538923.0
1648396800000,101.39,103.44,100.86,103.15,1445530.0
1648411200000,103.16,107.44,101.63,106.94,3225220.0
1648425600000,106.94,107.71,105.14,106.82,1666554.0
1648440000000,106.82,111.95,105.85,108.87,2789932.0
1648454400000,108.87,111.59,107.58,109.99,1958687.0
1648468800000,109.99,113.9,109.15,109.83,3290385.0
1648483200000,109.83,112.98,108.76,111.35,2347139.0
1648497600000,111.35,113.04,105.29,105.73,2607543.0
1648512000000,105.73,110.43,105.43,109.11,1789187.0
1648526400000,109.12,111.67,108.48,109.85,1619027.0
1648540800000,109.84,113.67,109.79,113.35,2148000.0
1648555200000,113.36,115.67,111.12,111.61,3563795.0
1648569600000,111.61,114.12,108.8,113.88,3285306.0
1648584000000,113.91,113.97,109.2,111.56,1876279.0
1648598400000,111.56,111.59,107.05,110.77,1850706.0
1648612800000,110.76,112.92,109.54,112.34,1790920.0
1648627200000,112.34,112.96,110.7,112.21,1251433.0
1648641600000,112.21,125.38,111.56,122.69,7200346.0
1648656000000,122.7,125.26,119.59,121.26,3853572.0
1648670400000,121.27,121.56,119.11,120.85,1523088.0
1648684800000,120.86,123.98,119.96,121.29,1822799.0
1648699200000,121.3,123.62,120.41,123.29,1211933.0
1648713600000,123.28,128.07,122.41,127.25,2874715.0
1648728000000,127.24,129.66,121.0,125.34,6286710.0
1648742400000,125.34,127.59,121.76,123.01,4449887.0
1648756800000,122.98,125.67,122.19,122.85,1678246.0
1648771200000,122.85,125.03,117.45,122.0,3432608.0
1648785600000,122.0,126.54,119.83,126.49,2399191.0
1648800000000,126.49,127.22,124.01,124.43,1795684.0
1648814400000,124.43,133.73,122.07,132.78,5375364.0
1648828800000,132.77,137.62,132.18,137.4,2842652.0
1648843200000,137.39,138.44,133.43,134.53,2162677.0
1648857600000,134.53,137.31,133.0,134.81,2006097.0
1648872000000,134.84,136.36,134.12,135.82,1022239.0
1648886400000,135.81,138.48,135.02,137.65,1298743.0
1648900800000,137.66,143.57,136.1,138.02,4650127.0
1648915200000,138.01,140.62,134.29,135.85,2828857.0
1648929600000,135.86,137.53,131.31,132.48,1815745.0
1648944000000,132.47,136.2,130.5,135.44,2187825.0
1648958400000,135.45,139.5,135.45,137.63,1545485.0
1648972800000,137.62,141.21,136.2,139.15,1920838.0
1648987200000,139.12,140.02,135.61,136.08,1860035.0
1649001600000,136.08,136.97,134.01,135.25,1368771.0
1649016000000,135.28,139.46,135.02,136.85,1670026.0
1649030400000,136.87,137.39,134.04,135.32,1367339.0
1649044800000,135.31,138.39,134.8,137.0,1047707.0
1649059200000,137.01,137.88,133.1,134.79,1690903.0
1649073600000,134.79,135.51,128.19,129.33,2775903.0
1649088000000,129.34,131.52,125.69,130.1,2699395.0
1649102400000,130.1,133.07,129.0,132.09,1600816.0
1649116800000,132.11,133.97,129.66,133.34,1022121.0
1649131200000,133.35,134.22,131.21,133.34,899410.0
1649145600000,133.34,134.88,131.39,134.52,1101075.0
1649160000000,134.52,136.68,129.16,131.45,2994068.0
1649174400000,131.45,133.62,129.17,131.16,2188690.0
1649188800000,131.17,131.48,126.0,126.84,1473579.0
1649203200000,126.84,127.0,119.86,123.65,2794630.0
1649217600000,123.66,127.37,122.94,125.42,1202271.0
1649232000000,125.48,125.82,119.19,121.58,2192773.0
1649246400000,121.59,123.15,114.39,117.59,4563106.0
1649260800000,117.59,119.99,114.49,118.76,4373296.0
1649275200000,118.76,119.56,112.02,112.87,2075152.0
1649289600000,112.86,114.89,110.78,113.78,2214409.0
1649304000000,113.78,116.39,113.0,115.93,1220509.0
1649318400000,115.92,117.62,113.65,117.37,1869540.0
1649332800000,117.38,118.49,111.66,113.16,2843795.0
1649347200000,113.16,118.58,112.66,117.66,2136281.0
1649361600000,117.67,119.95,116.67,118.41,1206164.0
1649376000000,118.41,122.34,117.94,122.0,1695608.0
1649390400000,122.01,122.3,116.53,119.05,1727723.0
1649404800000,119.04,120.17,114.81,115.25,2224778.0
1649419200000,115.25,118.44,112.79,116.43,3167677.0
1649433600000,116.43,116.84,112.62,113.53,2372813.0
1649448000000,113.52,113.96,108.01,109.83,2023087.0
1649462400000,109.82,111.73,108.18,109.41,1527056.0
1649476800000,109.41,111.11,108.91,110.56,837070.0
1649491200000,110.56,111.13,108.85,110.44,696059.0
1649505600000,110.44,111.75,109.28,109.58,1063875.0
1649520000000,109.58,111.57,109.2,109.74,746633.0
1649534400000,109.73,113.69,109.5,112.89,1031784.0
1649548800000,112.89,113.95,111.21,113.33,818840.0
1649563200000,113.33,113.54,111.31,111.54,878346.0
1649577600000,111.53,112.18,109.61,110.99,1113660.0
1649592000000,110.99,112.62,110.39,112.33,1016827.0
1649606400000,112.33,116.0,111.81,114.49,1575452.0
1649620800000,114.5,115.29,110.43,111.04,1892558.0
1649635200000,111.03,111.86,108.23,109.93,1880207.0
1649649600000,109.94,111.29,109.51,111.04,1122765.0
1649664000000,111.04,111.86,103.3,103.92,3679413.0
1649678400000,103.94,104.78,101.13,101.37,2671585.0
1649692800000,101.36,103.8,100.35,101.33,2458517.0
1649707200000,101.32,102.58,97.98,99.62,2980802.0
1649721600000,99.61,101.07,98.23,99.66,1655261.0
1649736000000,99.66,103.22,99.21,102.98,1593587.0
1649750400000,102.99,105.63,102.13,105.48,1748665.0
1649764800000,105.48,109.26,104.72,105.96,5252964.0
1649779200000,105.96,107.06,100.27,100.96,3014121.0
1649793600000,100.96,103.59,100.71,103.17,2027116.0
1649808000000,103.16,105.08,101.84,103.61,1598755.0
1649822400000,103.6,104.79,102.9,103.9,1210718.0
1649836800000,103.92,104.27,100.92,101.02,1510813.0
1649851200000,101.01,105.97,100.02,105.03,3977546.0
1649865600000,105.04,105.93,103.6,103.92,1940734.0
1649880000000,103.92,105.45,103.64,104.89,1179604.0
1649894400000,104.9,107.31,104.49,105.6,1323870.0
1649908800000,105.6,107.72,105.48,106.36,1368046.0
1649923200000,106.35,107.26,103.09,103.62,1672601.0
1649937600000,103.62,105.75,101.06,101.29,2949353.0
1649952000000,101.29,101.95,98.71,99.53,2511319.0
1649966400000,99.52,101.23,99.01,100.72,1027495.0
1649980800000,100.71,102.12,99.5,102.01,1085315.0
1649995200000,102.01,102.46,100.43,101.74,1268252.0
1650009600000,101.74,102.06,100.77,101.68,836859.0
1650024000000,101.68,102.89,99.74,102.25,1688460.0
1650038400000,102.26,102.79,99.93,100.32,1235842.0
1650052800000,100.32,101.4,100.26,101.33,636469.0
1650067200000,101.35,102.01,100.86,101.02,612741.0
1650081600000,101.02,101.86,100.95,101.41,415036.0
1650096000000,101.4,102.79,101.01,101.84,902610.0
1650110400000,101.84,103.46,100.62,100.91,1437264.0
1650124800000,100.9,102.69,100.67,101.95,915878.0
1650139200000,101.95,102.87,101.68,102.02,718214.0
1650153600000,102.01,102.32,100.92,101.43,631160.0
1650168000000,101.42,102.22,101.28,101.86,518646.0
1650182400000,101.85,102.47,101.76,102.38,569321.0
1650196800000,102.39,105.25,102.28,105.07,2261795.0
1650211200000,105.07,105.45,102.65,104.04,2002205.0
1650225600000,104.03,104.27,99.52,100.08,2075874.0
1650240000000,100.09,101.7,99.8,101.11,1121830.0
1650254400000,101.11,101.27,94.9,96.38,3362883.0
1650268800000,96.38,97.24,94.6,96.74,1415107.0
1650283200000,96.75,99.15,96.72,98.6,2545930.0
1650297600000,98.61,102.44,97.01,101.11,3147727.0
1650312000000,101.11,102.64,100.95,102.35,1184054.0
1650326400000,102.34,103.77,101.17,101.37,1504256.0
1650340800000,101.37,102.55,101.01,101.82,803494.0
1650355200000,101.83,103.55,101.43,102.27,1348654.0
1650369600000,102.27,108.56,102.22,106.46,3438965.0
1650384000000,106.44,107.14,105.27,106.88,1465971.0
1650398400000,106.87,108.77,105.7,108.45,1771340.0
1650412800000,108.45,109.51,107.0,108.23,1569250.0
1650427200000,108.24,108.57,106.6,106.96,1106837.0
1650441600000,106.96,110.92,106.54,110.33,1891720.0
1650456000000,110.35,110.65,104.74,105.67,3118371.0
1650470400000,105.66,106.65,104.17,105.98,1699889.0
1650484800000,105.98,107.55,104.95,105.52,1181293.0
1650499200000,105.51,107.15,105.31,107.02,795690.0
1650513600000,107.02,107.63,105.22,106.81,1004566.0
1650528000000,106.82,109.1,105.66,108.36,1725581.0
1650542400000,108.37,109.96,107.58,107.76,2582934.0
1650556800000,107.75,107.76,104.2,104.26,2216872.0
1650571200000,104.26,104.31,99.76,101.69,2569269.0
1650585600000,101.7,103.1,101.36,102.51,1030269.0
1650600000000,102.51,103.53,101.26,102.58,1151939.0
1650614400000,102.57,102.94,100.06,102.16,1497549.0
1650628800000,102.15,102.76,99.28,99.64,2573879.0
1650643200000,99.64,101.96,99.17,100.9,1628733.0
1650657600000,100.89,101.71,99.85,100.5,721616.0
1650672000000,100.52,101.03,99.23,99.82,880003.0
1650686400000,99.82,101.24,98.25,101.15,1117655.0
1650700800000,101.15,102.0,100.61,101.48,895133.0
1650715200000,101.48,102.5,100.7,102.08,1062462.0
1650729600000,102.08,102.87,101.35,102.01,906893.0
1650744000000,102.01,102.43,100.14,100.61,757018.0
1650758400000,100.6,101.59,100.16,101.22,657407.0
1650772800000,101.21,101.98,101.11,101.76,482160.0
1650787200000,101.77,102.24,100.77,101.08,659122.0
1650801600000,101.08,101.51,99.79,100.07,1507246.0
1650816000000,100.07,101.28,98.5,100.44,1578519.0
1650830400000,100.44,100.67,98.9,99.13,867888.0
1650844800000,99.15,99.35,96.07,97.97,2176327.0
1650859200000,97.97,98.26,94.1,95.09,2037811.0
1650873600000,95.08,96.9,94.38,96.68,1878416.0
1650888000000,96.69,98.19,95.77,96.88,2438268.0
1650902400000,96.88,100.72,96.73,100.59,2380534.0
1650916800000,100.59,101.59,99.75,100.94,1080844.0
1650931200000,100.95,102.0,100.18,100.95,816187.0
1650945600000,100.96,101.49,100.09,100.8,828681.0
1650960000000,100.8,101.59,99.62,100.44,901054.0
1650974400000,100.44,101.07,96.34,96.5,2760110.0
1650988800000,96.5,97.71,95.53,96.49,2722520.0
1651003200000,96.49,97.47,94.5,95.65,1855259.0
1651017600000,95.66,97.16,94.82,96.75,1048597.0
1651032000000,96.74,99.49,96.54,99.45,1089333.0
1651046400000,99.45,100.1,98.01,99.18,1965281.0
1651060800000,99.18,100.72,96.77,98.14,3060125.0
1651075200000,98.14,98.98,96.7,97.36,1341797.0
1651089600000,97.36,98.88,97.14,98.3,795020.0
1651104000000,98.3,99.89,97.92,99.1,976167.0
1651118400000,99.11,100.0,98.51,99.41,832067.0
1651132800000,99.41,100.54,98.97,99.81,1238489.0
1651147200000,99.81,100.03,96.23,97.39,2956754.0
1651161600000,97.38,100.2,96.77,98.72,1866133.0
1651176000000,98.73,99.12,97.22,98.18,979783.0
1651190400000,98.18,98.66,96.87,97.19,858713.0
1651204800000,97.19,98.02,96.69,97.76,711189.0
1651219200000,97.77,97.97,95.03,95.59,1386539.0
1651233600000,95.59,97.06,95.15,96.12,1486071.0
1651248000000,96.11,96.33,92.26,92.86,2167357.0
1651262400000,92.87,94.45,92.55,93.94,926863.0
1651276800000,93.94,94.95,93.65,94.07,679864.0
1651291200000,94.07,94.94,93.65,93.98,526046.0
1651305600000,93.98,94.52,93.5,93.84,651932.0
1651320000000,93.85,94.17,91.35,92.2,1445920.0
1651334400000,92.21,92.55,90.21,91.53,1263982.0
1651348800000,91.52,91.52,81.67,84.5,4007870.0
1651363200000,84.51,88.36,84.0,87.95,2799362.0
1651377600000,87.95,89.83,87.03,88.86,1426750.0
1651392000000,88.86,89.9,87.67,88.19,973515.0
1651406400000,88.19,90.35,87.01,89.98,1669399.0
1651420800000,90.0,93.16,87.02,87.94,2277707.0
1651435200000,87.93,90.43,87.7,89.61,1336665.0
1651449600000,89.61,90.85,88.58,89.3,1090871.0
1651464000000,89.3,90.75,89.0,89.73,903232.0
1651478400000,89.75,89.97,86.21,86.74,1537735.0
1651492800000,86.74,88.91,86.17,87.66,2603729.0
1651507200000,87.67,87.93,85.02,87.24,1861635.0
1651521600000,87.24,88.5,86.24,87.44,845571.0
1651536000000,87.44,88.64,86.67,88.61,863710.0
1651550400000,88.61,88.79,87.8,88.32,611797.0
1651564800000,88.29,88.71,87.15,88.45,771416.0
1651579200000,88.45,88.56,86.66,87.16,1129354.0
1651593600000,87.16,87.42,84.76,85.4,1384631.0
1651608000000,85.4,86.58,84.58,85.81,988035.0
1651622400000,85.82,86.78,85.42,86.09,678861.0
1651636800000,86.1,87.48,85.43,87.27,892260.0
1651651200000,87.27,88.69,87.0,88.4,1267783.0
1651665600000,88.4,88.7,86.24,87.15,1715658.0
1651680000000,87.15,92.18,86.45,91.57,3808960.0
1651694400000,91.59,93.1,91.29,92.7,1023072.0
1651708800000,92.7,95.22,92.62,94.31,1436018.0
1651723200000,94.29,94.54,92.74,93.13,1004754.0
1651737600000,93.12,93.35,91.99,92.27,927427.0
1651752000000,92.28,92.95,84.12,84.91,4343636.0
1651766400000,84.89,86.23,81.05,83.68,4387804.0
1651780800000,83.68,85.31,82.98,84.48,1680746.0
1651795200000,84.47,84.78,82.52,82.82,1109192.0
1651809600000,82.82,83.43,80.84,82.37,1955561.0
1651824000000,82.36,83.62,80.3,81.18,2183275.0
1651838400000,81.18,83.18,79.79,81.76,4115642.0
1651852800000,81.75,82.44,80.97,81.94,1605218.0
1651867200000,81.94,82.37,81.25,81.63,757484.0
1651881600000,81.64,81.95,80.3,80.44,805957.0
1651896000000,80.45,80.93,79.02,80.42,1314277.0
1651910400000,80.42,82.02,80.21,81.74,1113461.0
1651924800000,81.75,82.29,80.82,82.05,1190220.0
1651939200000,82.04,82.18,81.12,81.39,771158.0
1651953600000,81.4,81.4,77.0,78.8,2555404.0
1651968000000,78.8,79.36,75.8,76.88,2712942.0
1651982400000,76.88,78.6,76.88,77.81,1305152.0
1651996800000,77.8,79.36,77.72,79.07,1082309.0
1652011200000,79.07,79.32,76.68,77.12,2075040.0
1652025600000,77.11,78.08,73.58,76.3,3402878.0
1652040000000,76.3,76.51,74.6,75.34,1280559.0
1652054400000,75.34,77.19,73.67,75.22,2305582.0
1652068800000,75.23,76.04,73.23,73.88,1577338.0
1652083200000,73.87,75.26,70.5,72.19,3483040.0
1652097600000,72.19,73.19,69.11,69.79,4739431.0
1652112000000,69.8,70.32,62.77,65.08,9459788.0
1652126400000,65.07,68.42,61.61,62.08,6119537.0
1652140800000,62.07,66.68,60.0,64.44,8074405.0
1652155200000,64.43,72.99,64.03,68.87,5923417.0
1652169600000,68.87,72.05,68.34,71.53,3404352.0
1652184000000,71.52,73.99,67.16,69.43,5877385.0
1652198400000,69.42,71.06,67.05,67.41,3336170.0
1652212800000,67.41,67.69,63.12,66.83,5180034.0
1652227200000,66.83,68.3,64.95,66.17,2817222.0
1652241600000,66.16,68.44,60.58,62.55,4934968.0
1652256000000,62.57,66.35,60.94,61.36,5627833.0
1652270400000,61.35,63.87,47.18,55.54,16723453.0
1652284800000,55.53,56.75,46.85,47.81,7868190.0
1652299200000,47.8,51.0,43.06,50.84,10331823.0
1652313600000,50.85,54.33,45.01,45.11,9086356.0
1652328000000,45.11,46.78,37.1,44.64,15003609.0
1652342400000,44.65,47.92,41.42,43.91,10777591.0
1652356800000,43.9,49.36,42.64,44.63,10662021.0
1652371200000,44.62,48.0,43.28,44.61,6379709.0
1652385600000,44.61,45.69,41.48,44.63,4781769.0
1652400000000,44.64,52.13,43.81,50.36,6560858.0
1652414400000,50.36,54.0,48.81,49.04,6616787.0
1652428800000,49.03,53.25,49.01,53.14,5082588.0
1652443200000,53.16,56.37,51.85,53.07,6709745.0
1652457600000,53.07,54.2,49.62,51.45,5441599.0
1652472000000,51.46,51.87,48.2,48.88,2532078.0
1652486400000,48.88,53.94,48.52,51.69,2965696.0
1652500800000,51.68,53.34,50.49,50.72,2483917.0
1652515200000,50.71,51.56,47.35,48.02,3380549.0
1652529600000,48.03,49.17,46.05,46.43,3495575.0
1652544000000,46.42,50.78,45.75,49.33,4938671.0
1652558400000,49.33,52.97,49.27,52.4,2956832.0
1652572800000,52.4,52.68,49.57,50.17,2149816.0
1652587200000,50.18,52.59,49.81,51.42,1945516.0
1652601600000,51.42,53.64,50.75,53.41,2395188.0
1652616000000,53.41,54.78,52.16,52.84,3334305.0
1652630400000,52.84,55.65,52.63,55.23,3506015.0
1652644800000,55.23,59.29,54.96,58.8,4490286.0
1652659200000,58.8,58.8,55.26,56.05,2932513.0
1652673600000,56.06,56.41,53.1,53.78,3464787.0
1652688000000,53.76,55.19,52.51,53.78,3670515.0
1652702400000,53.79,55.53,51.8,53.22,5233541.0
1652716800000,53.22,55.45,52.17,53.98,3689495.0
1652731200000,53.97,55.79,53.11,53.77,3149155.0
1652745600000,53.78,56.14,53.64,55.72,2489670.0
1652760000000,55.71,57.65,55.06,55.77,2502484.0
1652774400000,55.77,57.08,55.37,55.62,2109513.0
1652788800000,55.61,58.2,54.25,55.13,5272962.0
1652803200000,55.13,56.08,53.0,55.16,4883759.0
1652817600000,55.15,57.63,54.95,57.0,2679049.0
1652832000000,57.01,57.83,54.83,55.05,2709774.0
1652846400000,55.04,56.22,54.73,55.41,1890717.0
1652860800000,55.42,55.54,53.74,54.17,2005856.0
1652875200000,54.18,54.3,49.63,50.37,5810785.0
1652889600000,50.37,51.98,49.79,51.68,4190768.0
1652904000000,51.68,51.71,49.34,49.92,2740861.0
1652918400000,49.91,50.96,48.07,50.57,3398490.0
1652932800000,50.58,52.28,50.13,51.05,2621348.0
1652947200000,51.04,51.53,48.2,51.19,4961605.0
1652961600000,51.19,54.06,50.26,53.19,7867446.0
1652976000000,53.19,53.57,51.54,51.57,3233412.0
1652990400000,51.58,52.64,50.66,52.18,2579898.0
1653004800000,52.18,53.55,51.4,51.46,2851791.0
1653019200000,51.45,52.36,50.55,52.07,3596256.0
1653033600000,52.05,53.62,51.77,53.14,4066240.0
1653048000000,53.14,53.22,49.25,49.39,6625303.0
1653062400000,49.39,50.28,47.76,50.13,5618126.0
1653076800000,50.12,50.74,49.29,49.41,2526037.0
1653091200000,49.4,50.22,48.36,50.12,2351627.0
1653105600000,50.12,50.38,49.4,49.97,2135333.0
1653120000000,49.97,50.17,48.92,49.41,1966600.0
1653134400000,49.41,50.83,48.95,50.66,2331581.0
1653148800000,50.66,51.2,49.91,50.19,2289657.0
1653163200000,50.19,50.65,49.4,50.27,1239134.0
1653177600000,50.27,50.73,49.9,50.13,965492.0
1653192000000,50.12,50.53,49.64,50.25,1348803.0
1653206400000,50.25,51.93,50.15,51.46,3070967.0
1653220800000,51.47,52.88,51.3,51.8,3292478.0
1653235200000,51.8,52.23,51.07,51.39,1710263.0
1653249600000,51.4,53.16,51.27,52.44,2341435.0
1653264000000,52.44,53.18,51.77,52.2,1473042.0
1653278400000,52.2,54.37,51.88,53.53,2646958.0
1653292800000,53.54,54.66,52.9,53.97,2817286.0
1653307200000,53.98,54.65,52.18,53.84,4540794.0
1653321600000,53.84,54.39,50.0,50.06,4604832.0
1653336000000,50.05,51.04,48.56,49.14,3821493.0
1653350400000,49.13,49.95,48.84,49.86,1851123.0
1653364800000,49.86,50.3,49.34,49.81,1805027.0
1653379200000,49.8,49.95,48.61,49.49,2346770.0
1653393600000,49.49,50.59,47.04,50.02,5919185.0
1653408000000,50.03,50.83,48.5,49.07,3921414.0
1653422400000,49.06,50.11,48.7,49.66,1819169.0
1653436800000,49.65,50.54,48.98,50.31,2616825.0
1653451200000,50.31,50.33,48.53,48.81,2323448.0
1653465600000,48.81,49.37,47.53,47.66,2824519.0
1653480000000,47.65,48.86,47.53,48.22,3603414.0
1653494400000,48.22,49.13,47.78,48.28,2940876.0
1653508800000,48.28,48.88,47.83,47.95,1609393.0
1653523200000,47.95,48.65,47.81,48.15,1730561.0
1653537600000,48.17,48.3,45.55,46.37,4235749.0
1653552000000,46.38,46.48,43.07,43.7,5041497.0
1653566400000,43.69,45.88,41.56,45.07,11368926.0
1653580800000,45.08,46.66,43.86,44.03,6072627.0
1653595200000,44.03,44.82,43.26,43.41,3495328.0
1653609600000,43.41,43.92,41.16,42.65,6394566.0
1653624000000,42.65,42.9,39.91,41.0,7343548.0
1653638400000,41.01,42.26,40.51,41.56,5561213.0
1653652800000,41.56,43.6,41.25,42.11,7881745.0
1653667200000,42.11,42.36,40.4,41.84,7595318.0
1653681600000,41.85,42.59,40.5,41.15,2809027.0
1653696000000,41.15,42.46,40.3,41.3,3964771.0
1653710400000,41.31,42.18,41.05,41.69,2604483.0
1653724800000,41.69,41.98,41.08,41.58,2528554.0
1653739200000,41.57,43.51,41.44,42.94,3966181.0
1653753600000,42.95,44.74,42.54,44.38,3072612.0
1653768000000,44.38,45.1,43.69,44.22,2180702.0
1653782400000,44.22,44.4,42.12,42.33,4062906.0
1653796800000,42.33,42.63,41.77,42.41,2165128.0
1653811200000,42.41,44.18,42.28,44.05,4343732.0
1653825600000,44.06,45.66,44.04,44.69,5051067.0
1653840000000,44.68,45.32,44.05,44.25,2553887.0
1653854400000,44.24,45.14,44.15,44.95,2363972.0
1653868800000,44.95,46.74,44.24,45.92,4964163.0
1653883200000,45.92,47.39,45.51,47.05,4112561.0
1653897600000,47.04,47.23,45.83,46.06,3051401.0
1653912000000,46.06,46.65,44.92,45.83,4154390.0
1653926400000,45.82,46.34,45.37,45.64,2368656.0
1653940800000,45.64,48.58,45.43,47.21,5650933.0
1653955200000,47.21,48.23,46.19,47.68,3714223.0
1653969600000,47.67,47.83,45.9,46.35,3246946.0
1653984000000,46.36,46.92,45.95,46.58,2622442.0
1653998400000,46.58,46.77,44.52,46.32,6066674.0
1654012800000,46.31,46.79,45.16,45.51,3226059.0
1654027200000,45.51,46.2,45.36,45.76,2004496.0
1654041600000,45.75,46.12,44.64,44.75,2387973.0
1654056000000,44.75,45.21,44.3,44.56,2250534.0
1654070400000,44.57,45.29,44.19,44.58,2040101.0
1654084800000,44.58,45.66,42.82,42.91,5818533.0
1654099200000,42.91,43.11,40.74,41.29,7426723.0
1654113600000,41.29,41.38,39.49,40.09,5895840.0
1654128000000,40.09,40.25,38.67,38.82,5988064.0
1654142400000,38.82,40.09,38.1,39.65,5554474.0
1654156800000,39.65,41.24,39.44,41.01,4878244.0
1654171200000,41.0,41.24,39.59,40.69,8760232.0
1654185600000,40.69,41.04,39.89,40.43,3677008.0
1654200000000,40.42,41.7,40.36,40.84,3354194.0
1654214400000,40.84,41.52,40.4,41.12,2897272.0
1654228800000,41.13,41.2,40.2,40.31,2388532.0
1654243200000,40.3,40.44,37.91,38.23,7830029.0
1654257600000,38.23,38.77,37.55,38.03,6587817.0
1654272000000,38.02,38.58,37.73,38.16,4335846.0
1654286400000,38.16,38.95,37.87,38.24,3100775.0
1654300800000,38.25,38.36,35.65,36.26,6572747.0
1654315200000,36.26,37.47,36.18,37.3,3760810.0
1654329600000,37.31,37.91,36.8,36.97,3821814.0
1654344000000,36.97,38.27,36.51,37.73,5951444.0
1654358400000,37.73,38.2,37.31,37.47,3616525.0
1654372800000,37.48,39.55,37.4,38.99,3893742.0
1654387200000,38.99,39.46,37.81,38.29,3355456.0
1654401600000,38.28,39.32,37.91,38.81,3722641.0
1654416000000,38.8,39.98,38.71,39.43,5738292.0
1654430400000,39.44,39.84,38.72,39.78,4661834.0
1654444800000,39.78,40.22,39.18,39.62,4292484.0
1654459200000,39.63,40.09,38.38,38.51,4564062.0
1654473600000,38.5,41.94,38.31,41.75,8832333.0
1654488000000,41.74,44.0,41.48,43.01,6751297.0
1654502400000,43.01,44.99,42.92,43.91,6614933.0
1654516800000,43.92,44.13,42.29,42.8,9511386.0
1654531200000,42.81,42.85,41.5,42.21,7188223.0
1654545600000,42.21,43.23,41.05,42.35,5820829.0
1654560000000,42.36,42.77,38.66,39.52,16077640.0
1654574400000,39.52,39.66,38.81,39.3,4055826.0
1654588800000,39.3,39.64,37.06,38.04,6831271.0
1654603200000,38.03,39.64,37.63,39.12,8649363.0
1654617600000,39.11,41.17,38.6,40.43,7189259.0
1654632000000,40.42,41.35,38.37,39.28,8946051.0
1654646400000,39.29,40.94,38.26,38.61,7735173.0
1654660800000,38.62,39.53,38.24,39.23,4375991.0
1654675200000,39.23,39.74,38.94,39.28,2995251.0
1654689600000,39.28,40.15,38.7,39.69,5305995.0
1654704000000,39.69,39.85,38.38,38.76,3292835.0
1654718400000,38.75,39.39,38.64,38.8,2219094.0
1654732800000,38.81,39.22,38.4,39.11,2370837.0
1654747200000,39.12,39.54,38.85,39.53,1782824.0
1654761600000,39.53,41.96,39.27,41.18,7612478.0
1654776000000,41.19,41.41,39.79,40.33,6506959.0
1654790400000,40.33,41.4,39.5,39.64,4756855.0
1654804800000,39.63,40.15,39.4,39.95,2875235.0
1654819200000,39.94,40.9,38.96,40.26,4261508.0
1654833600000,40.27,40.83,40.03,40.31,2153523.0
1654848000000,40.3,40.68,38.88,39.28,4314309.0
1654862400000,39.28,39.69,37.41,37.94,8971886.0
1654876800000,37.94,38.06,36.83,37.23,5657287.0
1654891200000,37.24,38.08,36.73,37.12,2706695.0
1654905600000,37.13,37.7,36.95,37.52,1944724.0
1654920000000,37.51,37.91,37.09,37.67,2129390.0
1654934400000,37.68,37.73,35.07,35.44,6952227.0
1654948800000,35.44,35.75,33.13,33.74,11334800.0
1654963200000,33.74,34.74,33.31,34.09,6916818.0
1654977600000,34.1,34.67,33.58,33.91,3305899.0
1654992000000,33.92,34.3,31.34,32.26,9073936.0
1655006400000,32.26,33.18,31.04,33.14,8403420.0
1655020800000,33.14,33.85,32.25,32.7,6320587.0
1655035200000,32.7,34.5,31.36,33.98,10472383.0
1655049600000,33.98,34.29,32.28,32.58,5600486.0
1655064000000,32.57,32.8,30.53,30.56,5800009.0
1655078400000,30.56,31.09,27.58,28.82,18366871.0
1655092800000,28.82,29.67,27.18,27.53,14372455.0
1655107200000,27.53,28.5,26.0,26.8,22218035.0
1655121600000,26.8,28.28,26.07,27.89,21905825.0
1655136000000,27.89,29.5,27.4,28.31,14084180.0
1655150400000,28.31,29.86,26.96,28.58,11254666.0
1655164800000,28.58,29.2,25.81,28.91,17561986.0
1655179200000,28.9,32.21,28.04,30.99,18437822.0
1655193600000,31.0,31.1,28.63,29.06,9788029.0
1655208000000,29.06,31.4,28.34,31.01,14320397.0
1655222400000,31.0,31.18,29.03,29.41,8896327.0
1655236800000,29.42,30.14,27.97,29.56,7555089.0
1655251200000,29.57,30.29,28.6,28.79,6651689.0
1655265600000,28.78,28.81,27.32,27.63,10339716.0
1655280000000,27.63,29.29,26.75,28.88,13986575.0
1655294400000,28.9,30.01,28.6,29.48,12749528.0
1655308800000,29.49,32.95,28.08,31.45,24175946.0
1655323200000,31.46,34.87,31.01,34.72,10902632.0
1655337600000,34.72,36.26,33.7,33.78,8934704.0
1655352000000,33.78,34.24,32.42,32.59,7413901.0
1655366400000,32.59,32.99,30.7,31.26,11203709.0
1655380800000,31.25,32.5,30.02,31.29,15729786.0
1655395200000,31.29,32.64,30.33,30.83,12584275.0
1655409600000,30.83,31.56,29.52,30.1,8171375.0
1655424000000,30.09,31.33,29.21,29.99,9091916.0
1655438400000,30.0,31.93,29.91,31.56,6906677.0
1655452800000,31.57,32.11,30.94,31.55,6414960.0
1655467200000,31.55,32.05,30.79,31.19,9677402.0
1655481600000,31.19,32.1,30.93,31.13,6306728.0
1655496000000,31.13,31.73,30.51,30.7,3536358.0
1655510400000,30.71,31.28,29.73,30.07,4619974.0
1655524800000,30.07,30.39,28.09,28.45,8288013.0
1655539200000,28.45,30.66,27.77,29.97,11934306.0
1655553600000,29.97,30.44,29.5,29.78,6679057.0
1655568000000,29.79,30.63,28.05,28.08,10721734.0
1655582400000,28.08,32.0,27.09,31.98,19320081.0
1655596800000,31.98,32.39,29.72,30.17,10394343.0
1655611200000,30.18,30.61,28.75,29.17,8698273.0
1655625600000,29.18,33.08,28.67,32.4,14199865.0
1655640000000,32.39,33.65,31.49,33.45,11298106.0
1655654400000,33.46,34.3,31.95,33.19,10194103.0
1655668800000,33.19,35.43,33.02,34.16,9387320.0
1655683200000,34.17,34.58,31.77,32.25,8539908.0
1655697600000,32.24,32.81,31.7,32.32,5580815.0
1655712000000,32.31,36.9,32.14,36.3,15115380.0
1655726400000,36.31,36.7,34.5,35.25,12898380.0
1655740800000,35.25,35.28,33.91,34.44,8477543.0
1655755200000,34.44,35.77,33.75,35.22,6583740.0
1655769600000,35.23,35.91,34.18,35.19,7605411.0
1655784000000,35.19,37.69,34.73,36.82,11687328.0
1655798400000,36.81,38.51,36.69,37.14,10482672.0
1655812800000,37.14,39.25,36.9,37.91,12217097.0
1655827200000,37.91,38.59,36.49,36.56,7579782.0
1655841600000,36.57,36.82,35.58,36.39,5666971.0
1655856000000,36.39,36.7,34.5,34.67,5776754.0
1655870400000,34.67,35.29,33.71,33.84,6637412.0
1655884800000,33.84,36.15,33.62,35.47,7531065.0
1655899200000,35.46,36.86,34.52,34.74,12121194.0
1655913600000,34.73,35.33,33.93,34.35,8431839.0
1655928000000,34.35,35.1,33.81,34.11,5701151.0
1655942400000,34.11,35.88,33.88,35.09,5642579.0
1655956800000,35.09,36.65,34.97,35.93,5550456.0
1655971200000,35.93,37.49,35.7,36.9,8067500.0
1655985600000,36.9,37.78,36.08,37.2,10037694.0
1656000000000,37.2,38.53,36.23,37.55,11873570.0
1656014400000,37.54,38.69,37.2,38.15,6294683.0
1656028800000,38.14,39.6,37.64,38.91,6993595.0
1656043200000,38.9,39.28,37.72,38.29,4706295.0
1656057600000,38.31,40.47,38.04,40.27,7183832.0
1656072000000,40.28,41.38,39.73,40.07,10144646.0
1656086400000,40.07,41.14,39.41,41.14,5500887.0
1656100800000,41.15,42.91,40.84,41.89,7691923.0
1656115200000,41.89,42.43,40.63,41.38,6331371.0
1656129600000,41.38,42.38,40.94,42.12,4293531.0
1656144000000,42.13,42.61,41.72,41.83,4022016.0
1656158400000,41.83,42.05,39.72,39.85,7489076.0
1656172800000,39.85,40.93,39.73,40.35,3860630.0
1656187200000,40.34,42.6,40.05,42.21,5105976.0
1656201600000,42.2,42.49,40.71,41.38,4021697.0
1656216000000,41.38,41.81,40.74,41.28,3569214.0
1656230400000,41.28,42.2,40.54,42.05,4687265.0
1656244800000,42.06,42.47,39.95,40.59,6284212.0
1656259200000,40.58,40.93,39.56,40.64,4371102.0
1656273600000,40.65,41.4,39.1,39.36,5446168.0
1656288000000,39.36,40.29,38.85,40.11,4759773.0
1656302400000,40.11,40.85,39.6,40.59,3828800.0
1656316800000,40.6,41.28,40.25,40.3,3566634.0
1656331200000,40.31,40.45,38.23,38.73,8181322.0
1656345600000,38.74,39.15,37.8,38.31,5676856.0
1656360000000,38.31,39.14,38.27,38.5,3474353.0
1656374400000,38.5,38.95,36.94,37.71,5146207.0
1656388800000,37.71,38.7,37.53,38.59,3106927.0
1656403200000,38.58,39.7,38.43,39.21,6018203.0
1656417600000,39.2,39.88,37.0,37.05,9035969.0
1656432000000,37.04,37.18,35.6,35.91,8696141.0
1656446400000,35.91,36.71,35.05,35.32,5779774.0
1656460800000,35.31,36.1,35.01,35.42,4753230.0
1656475200000,35.43,35.69,34.41,35.31,5873735.0
1656489600000,35.31,35.74,34.2,34.93,6133545.0
1656504000000,34.93,35.13,33.59,34.65,10152635.0
1656518400000,34.64,34.68,33.09,34.47,7544356.0
1656532800000,34.47,35.11,33.5,34.02,6180754.0
1656547200000,34.02,34.19,32.5,32.98,5469942.0
1656561600000,32.99,33.21,31.52,31.88,6731893.0
1656576000000,31.88,32.12,31.16,31.67,7803840.0
1656590400000,31.66,32.31,30.79,32.08,9964418.0
1656604800000,32.08,32.85,31.5,32.01,6988436.0
1656619200000,32.01,33.95,31.39,33.73,7826343.0
1656633600000,33.73,35.39,33.42,33.62,11866859.0
1656648000000,33.63,33.75,32.31,33.1,8871241.0
1656662400000,33.1,33.56,31.79,32.33,7123794.0
1656676800000,32.32,33.21,32.0,32.3,7582513.0
1656691200000,32.3,33.46,32.22,33.23,4954918.0
1656705600000,33.22,33.95,32.63,32.83,4566604.0
1656720000000,32.83,33.44,32.05,32.14,5225585.0
1656734400000,32.14,32.87,32.08,32.39,2608192.0
1656748800000,32.4,32.78,31.83,32.75,3527502.0
1656763200000,32.75,33.38,32.56,32.85,4996580.0
1656777600000,32.85,33.49,32.67,33.11,3550572.0
1656792000000,33.1,34.15,32.87,33.34,3269753.0
1656806400000,33.35,33.61,32.67,33.05,2495123.0
1656820800000,33.05,33.71,32.31,32.84,4995214.0
1656835200000,32.84,33.12,32.46,32.89,2338889.0
1656849600000,32.89,33.0,32.12,32.31,2985659.0
1656864000000,32.31,33.58,32.26,33.42,3082713.0
1656878400000,33.43,33.68,33.08,33.37,3209119.0
1656892800000,33.37,33.88,32.6,32.62,3744868.0
1656907200000,32.61,33.07,32.41,32.76,2158987.0
1656921600000,32.75,34.41,32.71,34.4,5293897.0
1656936000000,34.4,34.94,33.75,34.27,7096268.0
1656950400000,34.27,35.14,34.09,34.85,4604583.0
1656964800000,34.84,36.95,34.7,36.71,6776925.0
1656979200000,36.71,36.97,35.15,35.83,5670693.0
1656993600000,35.82,36.3,35.56,35.89,3727984.0
1657008000000,35.9,35.91,33.79,33.96,7079065.0
1657022400000,33.96,34.09,33.06,33.83,7709893.0
1657036800000,33.83,36.07,33.59,35.69,7267309.0
1657051200000,35.69,36.38,35.14,35.37,6522988.0
1657065600000,35.37,36.04,34.77,35.52,5599779.0
1657080000000,35.52,36.43,35.26,35.93,6042124.0
1657094400000,35.93,36.66,35.57,35.6,5497759.0
1657108800000,35.6,36.49,35.3,35.73,6905641.0
1657123200000,35.73,36.76,35.65,36.25,7276017.0
1657137600000,36.24,37.65,35.89,37.01,4991063.0
1657152000000,37.02,37.39,36.7,37.08,3519073.0
1657166400000,37.09,37.11,36.36,36.79,3046621.0
1657180800000,36.79,37.42,36.62,37.24,3195762.0
1657195200000,37.24,38.6,36.72,38.27,8260575.0
1657209600000,38.26,39.26,38.04,38.98,7007286.0
1657224000000,38.99,39.04,38.12,38.44,3432473.0
1657238400000,38.44,39.7,38.03,38.61,5388753.0
1657252800000,38.61,38.78,37.16,37.49,4782553.0
1657267200000,37.49,37.62,36.56,37.17,5601493.0
1657281600000,37.18,38.77,36.42,38.54,10310679.0
1657296000000,38.55,39.34,37.91,38.93,7068759.0
1657310400000,38.93,39.16,37.95,38.1,3287755.0
1657324800000,38.1,38.81,37.76,38.32,3809856.0
1657339200000,38.32,38.88,38.2,38.59,2753446.0
1657353600000,38.59,38.85,38.01,38.17,2526576.0
1657368000000,38.17,38.34,37.74,38.02,3078275.0
1657382400000,38.02,38.99,37.94,38.37,3072694.0
1657396800000,38.38,38.49,37.92,38.02,1783166.0
1657411200000,38.02,38.12,37.03,37.36,3216640.0
1657425600000,37.36,37.53,37.15,37.28,1912709.0
1657440000000,37.27,37.37,36.61,36.92,2659477.0
1657454400000,36.92,37.12,36.24,36.66,4027979.0
1657468800000,36.66,37.29,36.36,37.29,2855345.0
1657483200000,37.29,37.41,36.5,36.7,2701431.0
1657497600000,36.69,36.72,35.33,35.79,4064265.0
1657512000000,35.79,35.83,34.75,35.16,3084090.0
1657526400000,35.16,35.66,35.01,35.14,2976662.0
1657540800000,35.13,35.8,34.59,35.15,5856619.0
1657555200000,35.15,35.65,35.02,35.34,2788342.0
1657569600000,35.35,35.43,33.22,33.39,5783025.0
1657584000000,33.38,33.98,33.22,33.59,3251955.0
1657598400000,33.6,34.11,33.23,33.47,3239470.0
1657612800000,33.47,34.19,33.11,33.91,4589187.0
1657627200000,33.9,34.6,33.72,34.2,6318233.0
1657641600000,34.2,34.48,32.68,32.91,5870219.0
1657656000000,32.91,33.29,32.56,32.65,3174791.0
1657670400000,32.65,33.22,32.33,33.03,2877983.0
1657684800000,33.02,33.73,32.93,33.68,3152393.0
1657699200000,33.67,34.16,33.61,33.93,3809174.0
1657713600000,33.93,34.51,31.7,33.18,14593484.0
1657728000000,33.18,34.14,32.94,33.63,4671233.0
1657742400000,33.63,35.08,33.45,34.93,4212670.0
1657756800000,34.92,35.31,34.51,34.57,3360392.0
1657771200000,34.57,34.73,34.17,34.33,2554249.0
1657785600000,34.32,34.48,33.52,33.78,3568334.0
1657800000000,33.78,35.2,33.59,35.14,5940778.0
1657814400000,35.14,37.12,34.81,36.34,8039455.0
1657828800000,36.34,37.31,36.33,37.12,3234779.0
1657843200000,37.11,37.88,36.54,37.34,3623089.0
1657857600000,37.33,37.53,36.51,37.45,3289788.0
1657872000000,37.44,38.46,37.43,37.7,4464572.0
1657886400000,37.7,38.56,37.34,37.66,5484474.0
1657900800000,37.67,38.87,37.03,38.8,5281090.0
1657915200000,38.81,39.09,37.21,37.35,3968571.0
1657929600000,37.35,37.51,36.7,37.2,2740379.0
1657944000000,37.2,37.24,36.33,36.42,2437221.0
1657958400000,36.42,36.9,36.37,36.74,1616260.0
1657972800000,36.74,38.0,36.6,37.92,3712742.0
1657987200000,37.92,40.41,37.86,39.42,9992712.0
1658001600000,39.41,39.92,38.83,39.57,3433461.0
1658016000000,39.57,40.5,39.25,39.86,3734318.0
1658030400000,39.87,41.09,39.84,40.33,4414995.0
1658044800000,40.33,40.55,39.26,39.76,3481347.0
1658059200000,39.77,39.88,39.01,39.26,3672755.0
1658073600000,39.26,39.8,38.26,38.99,4794529.0
1658088000000,38.99,39.54,38.46,38.58,2521877.0
1658102400000,38.58,40.88,38.53,40.54,4515292.0
1658116800000,40.54,42.48,40.26,42.12,6248164.0
1658131200000,42.12,42.72,41.3,41.63,5471476.0
1658145600000,41.62,42.56,41.21,42.29,5076010.0
1658160000000,42.28,42.44,39.66,40.04,6565899.0
1658174400000,40.04,44.1,39.77,43.53,5273144.0
1658188800000,43.53,46.2,42.81,43.0,9570181.0
1658203200000,43.0,44.14,42.54,43.48,4784264.0
1658217600000,43.47,45.9,43.21,45.53,6481669.0
1658232000000,45.54,47.4,45.21,46.54,10545890.0
1658246400000,46.53,47.25,45.37,45.41,6361491.0
1658260800000,45.42,46.1,44.59,44.86,4095332.0
1658275200000,44.85,45.79,44.1,45.46,4460856.0
1658289600000,45.46,46.08,44.29,44.4,3643794.0
1658304000000,44.39,45.64,43.73,45.32,5618151.0
1658318400000,45.32,46.32,44.84,45.32,6532561.0
1658332800000,45.33,45.46,43.12,43.2,6483327.0
1658347200000,43.21,43.55,41.21,42.02,7500056.0
1658361600000,42.02,42.48,39.87,40.03,6390997.0
1658376000000,40.03,41.47,39.61,41.03,5156905.0
1658390400000,41.03,41.87,40.6,41.74,5409756.0
1658404800000,41.72,42.43,40.83,41.85,7616029.0
1658419200000,41.85,43.9,41.84,43.8,6816550.0
1658433600000,43.79,44.06,42.54,43.11,4104243.0
1658448000000,43.11,43.52,42.25,42.66,2892512.0
1658462400000,42.66,43.45,42.08,43.05,3275809.0
1658476800000,43.05,44.34,42.83,44.13,4495928.0
1658491200000,44.13,44.19,41.5,41.67,6892465.0
1658505600000,41.67,41.9,40.01,40.19,5817985.0
1658520000000,40.19,41.07,40.12,40.49,3236473.0
1658534400000,40.49,41.48,40.07,41.07,2524715.0
1658548800000,41.06,41.91,40.99,41.32,2506426.0
1658563200000,41.32,41.49,39.53,39.59,4412952.0
1658577600000,39.58,40.48,39.36,40.16,3783662.0
1658592000000,40.16,40.37,38.59,39.34,5289945.0
1658606400000,39.34,40.2,39.14,39.95,2608477.0
1658620800000,39.95,40.44,39.44,39.58,2387420.0
1658635200000,39.58,41.18,39.47,40.71,3443026.0
1658649600000,40.7,41.38,40.19,40.86,3121936.0
1658664000000,40.87,41.32,40.06,41.19,3326080.0
1658678400000,41.19,41.27,40.57,40.81,2335217.0
1658692800000,40.8,42.08,40.7,40.91,4131779.0
1658707200000,40.91,41.09,37.71,38.06,5896595.0
1658721600000,38.05,38.73,37.76,38.54,3028182.0
1658736000000,38.54,39.27,38.31,38.86,3124498.0
1658750400000,38.86,39.35,38.24,38.46,4472506.0
1658764800000,38.47,38.97,37.3,37.92,4489646.0
1658779200000,37.93,38.94,36.53,36.64,5550555.0
1658793600000,36.63,36.82,35.46,36.19,5702130.0
1658808000000,36.2,36.48,35.44,35.62,3028378.0
1658822400000,35.62,36.21,35.24,35.79,3125514.0
1658836800000,35.79,36.27,34.87,34.99,6161440.0
1658851200000,34.99,35.58,34.64,35.0,4047300.0
1658865600000,34.99,36.33,34.76,36.22,4509434.0
1658880000000,36.22,36.35,35.64,35.76,2578767.0
1658894400000,35.77,37.19,35.74,36.8,3375283.0
1658908800000,36.81,37.04,36.28,36.37,2449715.0
1658923200000,36.38,37.44,36.16,37.14,3839892.0
1658937600000,37.14,40.28,36.38,39.37,11814667.0
1658952000000,39.38,40.56,39.26,40.21,4485505.0
1658966400000,40.2,40.47,39.01,39.7,3838932.0
1658980800000,39.71,39.99,39.23,39.32,2657625.0
1658995200000,39.32,40.82,39.25,40.49,3676771.0
1659009600000,40.5,42.14,39.19,41.89,11290675.0
1659024000000,41.9,42.96,41.74,42.13,5514606.0
1659038400000,42.13,44.16,42.1,42.9,5116665.0
1659052800000,42.91,43.53,42.39,43.46,3699766.0
1659067200000,43.46,44.42,42.72,43.04,3557228.0
1659081600000,43.04,43.29,41.35,41.91,4955953.0
1659096000000,41.9,43.44,41.09,42.63,6880315.0
1659110400000,42.63,42.67,41.22,41.8,5267915.0
1659124800000,41.79,43.07,41.51,41.9,3215855.0
1659139200000,41.9,42.49,41.41,41.87,3927008.0
1659153600000,41.88,42.49,41.42,42.35,2129686.0
1659168000000,42.36,43.07,41.81,42.39,3135024.0
1659182400000,42.38,46.29,42.17,46.27,7374976.0
1659196800000,46.27,46.64,44.81,45.07,4983148.0
1659211200000,45.08,45.46,43.4,43.83,3628589.0
1659225600000,43.84,44.2,42.95,43.23,2925628.0
1659240000000,43.23,44.44,43.21,43.83,2808879.0
1659254400000,43.83,44.76,43.26,44.39,3337901.0
1659268800000,44.39,44.61,43.58,44.12,2409655.0
1659283200000,44.12,45.18,42.82,43.73,4705321.0
1659297600000,43.73,43.89,42.18,42.32,2778607.0
1659312000000,42.31,43.23,42.05,42.98,1991008.0
1659326400000,42.99,43.12,42.25,42.93,2151196.0
1659340800000,42.94,43.12,41.63,42.21,3633681.0
1659355200000,42.2,42.97,41.3,42.44,5566830.0
1659369600000,42.44,42.53,40.52,41.08,4755611.0
1659384000000,41.08,41.86,40.75,41.61,2181822.0
1659398400000,41.62,42.09,39.93,40.21,3756377.0
1659412800000,40.22,40.63,39.89,40.51,2435291.0
1659427200000,40.5,40.79,39.77,40.53,2940351.0
1659441600000,40.52,41.66,39.87,41.45,6332326.0
1659456000000,41.45,42.43,40.9,41.13,4152985.0
1659470400000,41.14,41.48,39.42,39.73,3337698.0
1659484800000,39.73,40.08,37.39,38.52,16425786.0
1659499200000,38.52,39.39,38.15,38.31,7544440.0
1659513600000,38.32,39.95,38.32,39.63,6405282.0
1659528000000,39.62,41.0,39.53,40.13,9023130.0
1659542400000,40.13,40.73,39.75,40.07,3591042.0
1659556800000,40.07,40.26,38.16,38.52,5409089.0
1659571200000,38.52,39.66,38.38,39.36,4319320.0
1659585600000,39.36,39.73,38.51,39.17,3553388.0
1659600000000,39.17,39.3,38.52,38.58,2965273.0
1659614400000,38.59,39.83,38.3,38.84,6366309.0
1659628800000,38.85,38.98,37.9,38.35,4335239.0
1659643200000,38.36,39.01,38.13,38.81,2178108.0
1659657600000,38.81,40.15,38.65,40.09,3287279.0
1659672000000,40.1,40.57,39.66,40.04,2897089.0
1659686400000,40.05,41.06,39.83,40.98,3065860.0
1659700800000,40.98,41.32,39.59,39.98,6385568.0
1659715200000,39.98,40.14,39.39,39.9,2870531.0
1659729600000,39.91,40.76,39.72,40.55,2719766.0
1659744000000,40.55,40.72,40.13,40.5,1791138.0
1659758400000,40.5,40.66,40.23,40.4,1372773.0
1659772800000,40.4,40.88,40.26,40.28,1976860.0
1659787200000,40.28,40.55,40.15,40.43,1324795.0
1659801600000,40.43,40.9,39.83,40.79,2882758.0
1659816000000,40.79,40.89,39.9,40.04,1969713.0
1659830400000,40.03,40.24,39.15,39.75,2308931.0
1659844800000,39.75,40.2,39.69,39.97,1319764.0
1659859200000,39.97,40.15,39.66,40.12,1614983.0
1659873600000,40.11,40.62,40.04,40.32,1985554.0
1659888000000,40.32,40.79,40.22,40.55,1640162.0
1659902400000,40.54,41.59,40.44,40.59,3090389.0
1659916800000,40.6,42.11,40.53,41.91,2818115.0
1659931200000,41.91,42.8,41.83,42.67,3212828.0
1659945600000,42.67,43.41,42.39,43.38,3868472.0
1659960000000,43.37,43.72,42.37,42.5,5196932.0
1659974400000,42.49,42.55,42.0,42.48,2882353.0
1659988800000,42.48,43.14,41.77,42.15,3422841.0
1660003200000,42.14,42.45,41.5,42.42,2419055.0
1660017600000,42.41,42.76,42.2,42.53,2599800.0
1660032000000,42.54,42.57,40.65,40.84,5367218.0
1660046400000,40.85,41.43,39.68,40.1,5099972.0
1660060800000,40.1,40.46,39.88,40.06,2422682.0
1660075200000,40.05,40.7,40.03,40.3,1789757.0
1660089600000,40.3,40.32,39.13,39.26,4252184.0
1660104000000,39.27,39.79,39.11,39.66,2095185.0
1660118400000,39.67,40.17,39.63,40.01,2359792.0
1660132800000,40.0,42.44,39.8,42.05,9342075.0
1660147200000,42.06,42.45,41.19,41.3,4165874.0
1660161600000,41.31,42.85,41.3,42.45,3221084.0
1660176000000,42.45,44.06,42.32,43.82,5725551.0
1660190400000,43.82,45.09,43.81,44.53,6310625.0
1660204800000,44.52,44.63,43.64,44.06,3937437.0
1660219200000,44.06,45.32,43.34,43.46,8748926.0
1660233600000,43.46,43.99,42.84,43.38,4140289.0
1660248000000,43.37,43.5,42.36,42.75,2858526.0
1660262400000,42.75,43.65,42.19,43.4,3480130.0
1660276800000,43.39,43.64,42.79,43.13,2274856.0
1660291200000,43.12,43.78,42.1,42.29,4275813.0
1660305600000,42.3,43.26,42.28,43.16,3939282.0
1660320000000,43.17,44.82,42.93,44.64,3932628.0
1660334400000,44.64,45.49,44.28,45.46,4601768.0
1660348800000,45.45,47.78,45.23,47.4,9488020.0
1660363200000,47.4,48.38,46.91,47.17,6996525.0
1660377600000,47.16,47.75,46.36,46.73,5229268.0
1660392000000,46.72,47.17,46.02,46.23,4167323.0
1660406400000,46.23,46.76,46.05,46.3,3336380.0
1660420800000,46.29,47.44,46.16,46.57,3108250.0
1660435200000,46.58,47.68,46.04,46.72,4158596.0
1660449600000,46.71,48.05,46.5,47.71,4251223.0
1660464000000,47.71,47.75,46.57,46.67,3863640.0
1660478400000,46.67,46.71,45.72,46.02,3655762.0
1660492800000,46.02,46.07,44.43,45.08,5629015.0
1660507200000,45.07,45.82,44.72,44.86,3258094.0
1660521600000,44.85,47.24,44.34,46.46,5852425.0
1660536000000,46.45,46.65,43.5,43.8,5970941.0
1660550400000,43.8,44.42,43.19,43.77,3821497.0
1660564800000,43.78,44.56,43.25,44.49,4338131.0
1660579200000,44.48,44.73,43.61,43.79,2889537.0
1660593600000,43.79,44.13,42.71,43.7,3530144.0
1660608000000,43.69,44.18,42.5,43.64,4689451.0
1660622400000,43.64,43.77,42.75,43.31,2650382.0
1660636800000,43.3,44.3,43.1,43.95,3323780.0
1660651200000,43.95,44.22,42.6,43.38,5612523.0
1660665600000,43.38,43.58,42.52,43.1,4329218.0
1660680000000,43.11,43.49,42.8,43.06,2023418.0
1660694400000,43.05,44.07,42.93,43.98,3527335.0
1660708800000,43.98,44.74,43.0,43.12,4396446.0
1660723200000,43.12,43.43,42.57,42.74,3234600.0
1660737600000,42.75,42.79,40.72,41.08,8332281.0
1660752000000,41.07,41.87,40.62,40.72,5440231.0
1660766400000,40.73,41.11,40.13,40.51,3927374.0
1660780800000,40.52,41.02,40.0,40.8,3489727.0
1660795200000,40.8,41.04,40.52,40.9,2096713.0
1660809600000,40.9,41.41,40.66,41.29,3036470.0
1660824000000,41.3,41.63,40.65,41.14,4634535.0
1660838400000,41.13,41.25,40.35,40.76,3512219.0
1660852800000,40.76,41.23,39.25,39.48,4829954.0
1660867200000,39.48,39.56,37.8,38.27,6887153.0
1660881600000,38.27,38.4,34.38,36.62,8086741.0
1660896000000,36.62,36.64,35.5,36.33,6282862.0
1660910400000,36.33,37.2,36.01,36.91,5595303.0
1660924800000,36.91,37.76,36.69,37.13,5931316.0
1660939200000,37.12,37.25,35.58,35.79,6306372.0
1660953600000,35.79,36.85,35.74,36.58,4420604.0
1660968000000,36.58,37.23,36.42,36.99,3880714.0
1660982400000,37.0,37.09,36.33,36.57,2622799.0
1660996800000,36.56,36.96,36.18,36.48,3195818.0
1661011200000,36.48,36.58,34.34,34.42,6604554.0
1661025600000,34.43,35.36,34.15,35.25,5310323.0
1661040000000,35.25,35.66,34.99,35.1,2492098.0
1661054400000,35.1,35.47,34.26,35.44,3845449.0
1661068800000,35.43,36.26,35.36,36.16,4495161.0
1661083200000,36.15,36.27,35.55,35.99,2703162.0
1661097600000,35.99,36.54,35.81,36.31,2548992.0
1661112000000,36.31,37.04,35.9,36.45,4843207.0
1661126400000,36.45,36.54,36.01,36.08,2882414.0
1661140800000,36.08,36.31,34.79,34.89,4297891.0
1661155200000,34.89,34.93,33.7,34.63,6406193.0
1661169600000,34.63,34.85,33.88,34.78,6266232.0
1661184000000,34.78,35.02,33.97,34.58,3288413.0
1661198400000,34.59,35.55,34.44,35.39,3560229.0
1661212800000,35.39,35.55,35.08,35.2,2717412.0
1661227200000,35.21,35.41,34.22,34.94,3565279.0
1661241600000,34.95,35.73,34.81,35.66,3653619.0
1661256000000,35.66,36.09,35.16,35.69,4726439.0
1661270400000,35.69,35.79,35.16,35.4,2655026.0
1661284800000,35.4,35.89,35.29,35.66,2097103.0
1661299200000,35.66,35.71,34.27,34.58,4036469.0
1661313600000,34.58,35.32,34.46,34.87,3026402.0
1661328000000,34.87,35.44,34.86,35.37,2351733.0
1661342400000,35.36,36.08,35.14,36.02,3961655.0
1661356800000,36.03,36.39,35.66,35.81,3365184.0
1661371200000,35.81,36.06,34.83,34.85,2730148.0
1661385600000,34.85,35.65,34.84,35.2,2881622.0
1661400000000,35.21,36.26,35.17,36.23,3003753.0
1661414400000,36.24,36.35,35.93,36.29,2464733.0
1661428800000,36.29,36.51,35.27,35.71,4518629.0
1661443200000,35.7,35.84,35.38,35.77,2126129.0
1661457600000,35.76,35.96,35.02,35.22,2597306.0
1661472000000,35.23,35.24,34.44,35.07,2765300.0
1661486400000,35.07,35.2,34.36,34.66,3289234.0
1661500800000,34.67,34.76,33.75,34.21,3291971.0
1661515200000,34.22,35.77,32.95,33.25,12531362.0
1661529600000,33.25,33.35,32.5,32.88,4649725.0
1661544000000,32.89,33.12,31.31,31.68,5663111.0
1661558400000,31.68,32.01,31.48,31.84,2928186.0
1661572800000,31.84,32.21,31.1,32.19,3671082.0
1661587200000,32.19,32.22,31.75,31.96,2383152.0
1661601600000,31.97,32.02,31.01,31.33,4096687.0
1661616000000,31.34,31.42,30.82,31.29,3468348.0
1661630400000,31.3,31.64,31.0,31.5,2117564.0
1661644800000,31.49,31.78,31.14,31.38,1903381.0
1661659200000,31.37,31.84,31.23,31.76,1790229.0
1661673600000,31.75,32.02,31.48,31.74,2496170.0
1661688000000,31.75,31.89,31.17,31.82,2791183.0
1661702400000,31.82,32.18,31.63,31.66,2440288.0
1661716800000,31.67,31.87,30.14,30.38,4066936.0
1661731200000,30.38,30.95,29.9,30.66,4124368.0
1661745600000,30.66,30.77,30.08,30.56,2512579.0
1661760000000,30.56,30.76,30.3,30.68,2658077.0
1661774400000,30.67,32.29,30.62,31.78,7949668.0
1661788800000,31.77,31.94,31.4,31.52,3174107.0
1661803200000,31.51,32.62,31.46,32.39,3205347.0
1661817600000,32.4,32.5,31.83,32.29,3093484.0
1661832000000,32.3,33.04,32.28,32.71,3233767.0
1661846400000,32.72,33.17,32.57,32.73,2509210.0
1661860800000,32.72,32.85,30.89,31.18,6798785.0
1661875200000,31.18,32.0,30.61,31.53,5539271.0
1661889600000,31.53,32.11,31.27,31.47,2944254.0
1661904000000,31.46,32.64,31.43,32.44,4103312.0
1661918400000,32.44,32.88,32.16,32.28,2817873.0
1661932800000,32.28,32.8,31.92,32.55,3787702.0
1661947200000,32.56,32.95,31.54,31.9,5817488.0
1661961600000,31.89,32.34,31.41,32.09,3579531.0
1661976000000,32.09,32.49,31.16,31.46,2569072.0
1661990400000,31.47,31.75,30.94,31.2,3196484.0
1662004800000,31.2,31.53,30.8,31.05,2259614.0
1662019200000,31.05,31.57,30.82,31.44,2538901.0
1662033600000,31.44,31.48,30.37,30.75,4947419.0
1662048000000,30.75,31.08,30.44,31.05,3253585.0
1662062400000,31.06,31.78,30.98,31.59,2382929.0
1662076800000,31.59,31.81,31.08,31.56,2250707.0
1662091200000,31.56,31.95,31.41,31.61,1906779.0
1662105600000,31.6,31.69,31.24,31.56,1880671.0
1662120000000,31.56,32.37,31.43,32.25,5498894.0
1662134400000,32.25,32.33,30.72,31.04,5181054.0
1662148800000,31.03,31.26,30.86,31.21,1556868.0
1662163200000,31.2,31.25,30.83,30.92,1619179.0
1662177600000,30.93,31.25,30.77,31.01,1549311.0
1662192000000,31.0,31.19,30.86,31.01,1390303.0
1662206400000,31.01,31.26,30.98,31.11,1417641.0
1662220800000,31.11,31.19,30.78,30.96,1570197.0
1662235200000,30.97,31.21,30.89,31.1,1032507.0
1662249600000,31.1,31.71,31.05,31.41,1940680.0
1662264000000,31.4,31.53,31.06,31.08,1535716.0
1662278400000,31.08,31.86,31.0,31.85,2229369.0
1662292800000,31.85,32.01,31.43,31.79,2441581.0
1662307200000,31.78,31.92,31.62,31.71,1523552.0
1662321600000,31.72,32.22,31.71,32.15,1883267.0
1662336000000,32.14,32.5,32.03,32.09,1888278.0
1662350400000,32.1,32.18,31.44,31.67,2557948.0
1662364800000,31.67,31.73,31.12,31.26,2490054.0
1662379200000,31.25,31.91,31.15,31.83,2775730.0
1662393600000,31.84,32.01,31.67,31.7,2138605.0
1662408000000,31.71,32.44,31.7,32.15,2494938.0
1662422400000,32.15,33.58,32.14,32.71,6352795.0
1662436800000,32.72,33.23,32.51,32.96,2861379.0
1662451200000,32.96,33.32,32.73,33.22,2364052.0
1662465600000,33.22,33.88,32.4,33.77,6539415.0
1662480000000,33.76,33.83,30.71,31.0,10041005.0
1662494400000,31.01,31.31,30.39,30.87,3973708.0
1662508800000,30.87,31.17,30.27,30.86,3838990.0
1662523200000,30.85,31.16,30.67,31.07,2285382.0
1662537600000,31.07,31.3,30.91,31.15,1894140.0
1662552000000,31.14,31.57,30.82,31.45,3934755.0
1662566400000,31.46,32.35,31.38,31.94,3920463.0
1662580800000,31.94,32.95,31.93,32.68,4325271.0
1662595200000,32.69,32.83,32.23,32.43,2073917.0
1662609600000,32.43,32.76,31.99,32.36,2459808.0
1662624000000,32.35,33.4,32.31,32.89,3311198.0
1662638400000,32.89,33.98,32.14,33.38,8205225.0
1662652800000,33.38,33.47,32.86,33.45,3908507.0
1662667200000,33.46,33.8,33.32,33.6,2333950.0
1662681600000,33.59,34.83,33.57,34.72,4015811.0
1662696000000,34.72,35.57,34.63,35.36,5337462.0
1662710400000,35.37,35.96,35.11,35.36,4570037.0
1662724800000,35.35,35.93,34.8,34.95,4619258.0
1662739200000,34.95,35.17,34.41,34.78,3346674.0
1662753600000,34.77,35.19,34.23,34.66,2497463.0
1662768000000,34.66,35.0,34.28,34.69,2270680.0
1662782400000,34.69,35.16,34.24,34.34,2743922.0
1662796800000,34.34,34.84,34.32,34.73,2146807.0
1662811200000,34.73,34.94,34.27,34.47,2344987.0
1662825600000,34.48,35.0,34.27,34.89,2256645.0
1662840000000,34.89,35.4,34.59,35.03,2229987.0
1662854400000,35.02,35.29,34.69,34.74,1808668.0
1662868800000,34.74,34.92,34.02,34.59,2220444.0
1662883200000,34.6,34.82,34.42,34.74,1382069.0
1662897600000,34.74,35.22,34.5,35.22,2014970.0
1662912000000,35.22,36.02,35.13,35.26,3594041.0
1662926400000,35.25,35.54,34.25,34.97,3048626.0
1662940800000,34.97,36.33,34.37,34.89,4832912.0
1662955200000,34.89,35.49,34.55,35.45,2469808.0
1662969600000,35.45,38.15,35.29,37.69,13650354.0
1662984000000,37.7,38.44,36.84,37.13,7764633.0
1662998400000,37.14,37.85,36.78,37.62,4403210.0
1663012800000,37.62,37.79,37.15,37.43,2543276.0
1663027200000,37.42,38.91,36.68,38.75,6006181.0
1663041600000,38.75,38.93,38.12,38.51,5142904.0
1663056000000,38.52,38.88,38.12,38.44,4248146.0
1663070400000,38.43,38.85,34.34,34.72,14766036.0
1663084800000,34.71,35.27,33.26,34.05,6383945.0
1663099200000,34.06,34.32,32.9,32.96,3819827.0
1663113600000,32.96,33.79,32.63,33.58,3507484.0
1663128000000,33.58,33.89,32.77,33.15,2959019.0
1663142400000,33.15,33.64,32.9,33.22,3356129.0
1663156800000,33.22,33.7,32.91,33.5,4827971.0
1663171200000,33.5,33.6,32.68,33.47,3323900.0
1663185600000,33.46,34.33,33.24,34.09,2532874.0
1663200000000,34.09,34.11,32.85,33.05,3082134.0
1663214400000,33.05,34.83,32.74,34.69,6532310.0
1663228800000,34.69,34.8,33.66,33.9,3576303.0
1663243200000,33.89,34.04,32.36,32.98,6702368.0
1663257600000,32.98,33.66,32.81,33.39,2868429.0
1663272000000,33.4,33.78,32.75,33.05,2416209.0
1663286400000,33.06,33.24,32.47,32.84,2943446.0
1663300800000,32.84,33.1,32.77,32.82,1498211.0
1663315200000,32.81,33.13,32.32,33.05,2415382.0
1663329600000,33.06,33.1,31.81,32.26,5151545.0
1663344000000,32.26,32.27,31.48,32.08,3761815.0
1663358400000,32.08,32.38,32.03,32.24,1338474.0
1663372800000,32.24,32.95,32.21,32.66,2081642.0
1663387200000,32.67,33.06,32.51,32.82,1415150.0
1663401600000,32.83,32.97,32.6,32.61,1284558.0
1663416000000,32.61,33.3,32.5,33.28,2061236.0
1663430400000,33.28,33.6,33.07,33.24,1982959.0
1663444800000,33.25,33.88,33.15,33.66,1529230.0
1663459200000,33.67,33.86,33.2,33.4,1788522.0
1663473600000,33.4,33.85,33.36,33.8,1201566.0
1663488000000,33.81,33.98,32.94,33.31,2821394.0
1663502400000,33.31,33.47,32.72,32.88,2601098.0
1663516800000,32.88,32.99,32.04,32.4,3836355.0
1663531200000,32.39,32.43,30.78,31.07,4144716.0
1663545600000,31.07,31.75,30.44,30.87,3693831.0
1663560000000,30.88,31.63,30.83,31.08,3497337.0
1663574400000,31.09,31.45,30.58,31.23,2681196.0
1663588800000,31.23,32.5,31.15,31.89,5133615.0
1663603200000,31.9,32.96,31.65,32.8,3505567.0
1663617600000,32.8,33.08,32.54,32.62,2405326.0
1663632000000,32.62,32.87,31.91,32.42,2388761.0
1663646400000,32.41,32.72,32.08,32.32,2518905.0
1663660800000,32.31,32.52,31.87,32.17,2559169.0
1663675200000,32.17,32.55,31.55,32.48,4937987.0
1663689600000,32.49,32.51,31.42,31.82,3886732.0
1663704000000,31.82,31.98,31.26,31.4,1954222.0
1663718400000,31.41,31.98,31.29,31.82,1901486.0
1663732800000,31.82,32.02,31.39,31.73,2245250.0
1663747200000,31.73,32.09,31.4,32.02,2312011.0
1663761600000,32.03,32.34,31.19,31.48,3818697.0
1663776000000,31.47,33.48,30.12,31.52,12691269.0
1663790400000,31.52,31.66,29.98,30.63,5581968.0
1663804800000,30.62,31.12,30.56,31.0,2885056.0
1663819200000,30.99,31.76,30.99,31.73,2308095.0
1663833600000,31.72,32.43,31.68,32.34,4017904.0
1663848000000,32.35,32.48,31.58,31.89,4282289.0
1663862400000,31.89,32.86,31.53,32.45,3865734.0
1663876800000,32.44,32.76,32.06,32.41,2489528.0
1663891200000,32.41,33.23,32.14,32.99,3425844.0
1663905600000,33.0,33.29,32.51,32.57,2640518.0
1663920000000,32.57,32.67,31.51,31.72,3988852.0
1663934400000,31.73,32.26,31.17,31.57,5113306.0
1663948800000,31.56,31.94,31.21,31.91,3290260.0
1663963200000,31.91,33.95,31.9,33.66,5874415.0
1663977600000,33.66,34.47,33.39,33.98,4199057.0
1663992000000,33.97,34.02,33.48,33.72,2622191.0
1664006400000,33.72,34.78,33.54,34.47,4603491.0
1664020800000,34.47,34.58,33.55,33.72,4228136.0
1664035200000,33.72,34.17,33.25,34.04,3444399.0
1664049600000,34.05,34.08,33.11,33.36,3027368.0
1664064000000,33.37,33.69,33.33,33.69,1639760.0
1664078400000,33.68,34.05,33.6,33.93,2255612.0
1664092800000,33.93,33.97,33.43,33.62,2111238.0
1664107200000,33.62,33.79,32.8,33.2,3355915.0
1664121600000,33.2,33.35,32.55,32.7,3199719.0
1664136000000,32.7,32.71,31.82,32.31,2912682.0
1664150400000,32.31,32.7,32.02,32.5,2959251.0
1664164800000,32.5,32.6,31.84,32.44,3532423.0
1664179200000,32.45,33.3,32.1,32.52,4878731.0
1664193600000,32.53,33.41,32.25,33.09,5126136.0
1664208000000,33.09,33.93,32.67,33.72,4209301.0
1664222400000,33.72,33.93,33.29,33.86,2413501.0
1664236800000,33.86,34.96,33.7,34.72,4831455.0
1664251200000,34.71,35.04,34.46,34.5,3157508.0
1664265600000,34.51,34.97,34.32,34.64,2598131.0
1664280000000,34.63,35.4,34.28,34.37,5841506.0
1664294400000,34.36,34.56,32.05,32.59,9345874.0
1664308800000,32.59,32.92,32.32,32.66,2336463.0
1664323200000,32.66,32.92,31.62,32.32,4215245.0
1664337600000,32.32,32.57,31.85,32.31,3119743.0
1664352000000,32.31,32.84,31.82,32.47,5336934.0
1664366400000,32.47,33.14,32.35,33.1,5153337.0
1664380800000,33.1,33.73,32.76,33.56,4308935.0
1664395200000,33.57,33.79,33.1,33.22,2377795.0
1664409600000,33.22,33.91,32.94,33.71,3029915.0
1664424000000,33.72,33.95,33.11,33.33,2866296.0
1664438400000,33.34,33.92,33.19,33.74,2831482.0
1664452800000,33.74,34.2,32.62,34.1,8107578.0
1664467200000,34.09,34.41,33.4,33.8,5989554.0
1664481600000,33.8,34.11,33.6,33.92,2510076.0
1664496000000,33.92,34.32,33.71,34.07,3520525.0
1664510400000,34.07,34.33,33.85,34.2,1725549.0
1664524800000,34.2,34.62,33.87,33.96,3029128.0
1664539200000,33.95,35.19,33.0,34.65,9455762.0
1664553600000,34.66,34.82,33.63,33.71,4962684.0
1664568000000,33.71,33.87,32.6,33.22,4632683.0
1664582400000,33.22,33.22,32.68,33.07,2284578.0
1664596800000,33.06,33.07,32.74,33.0,2262924.0
1664611200000,32.99,33.15,32.78,33.01,2277200.0
1664625600000,33.0,33.09,32.79,32.97,1934678.0
1664640000000,32.96,32.98,32.31,32.61,3312283.0
1664654400000,32.61,32.67,32.37,32.42,1329763.0
1664668800000,32.42,32.94,32.39,32.82,1571842.0
1664683200000,32.81,32.99,32.72,32.8,1337796.0
1664697600000,32.8,32.87,32.05,32.52,2570402.0
1664712000000,32.52,32.59,32.19,32.39,1867113.0
1664726400000,32.39,32.84,32.34,32.7,2099614.0
1664740800000,32.71,32.75,31.84,32.04,2938074.0
1664755200000,32.04,32.49,31.69,32.31,2285639.0
1664769600000,32.3,32.45,31.97,32.25,2073702.0
1664784000000,32.25,32.51,32.11,32.5,1567732.0
1664798400000,32.5,33.12,32.4,32.82,4579924.0
1664812800000,32.82,33.21,32.66,32.93,3414110.0
1664827200000,32.93,33.24,32.69,32.89,2317239.0
1664841600000,32.88,33.15,32.82,33.09,1653559.0
1664856000000,33.09,33.78,32.94,33.71,3238425.0
1664870400000,33.7,33.87,33.38,33.64,2329561.0
1664884800000,33.65,34.37,33.53,34.16,3907318.0
1664899200000,34.16,34.23,33.77,34.08,3084077.0
1664913600000,34.07,34.38,33.89,34.08,1920990.0
1664928000000,34.07,34.36,33.87,34.05,2100655.0
1664942400000,34.06,34.31,33.9,34.11,1766043.0
1664956800000,34.1,34.12,33.41,33.51,3173285.0
1664971200000,33.51,33.67,33.15,33.66,3718597.0
1664985600000,33.65,34.28,33.59,33.85,3330389.0
1665000000000,33.84,34.13,33.65,34.02,1776994.0
1665014400000,34.01,34.48,34.0,34.31,2616931.0
1665028800000,34.31,34.45,33.86,34.03,1984376.0
1665043200000,34.03,34.15,33.81,34.11,1573485.0
1665057600000,34.12,34.28,33.55,33.82,4092920.0
1665072000000,33.82,34.02,33.57,33.63,2281726.0
1665086400000,33.63,33.78,33.18,33.33,1908408.0
1665100800000,33.33,33.74,33.29,33.6,1109208.0
1665115200000,33.6,33.73,33.11,33.31,1617968.0
1665129600000,33.31,33.45,33.12,33.33,1547105.0
1665144000000,33.33,33.37,32.38,32.87,5120333.0
1665158400000,32.87,33.04,32.6,32.94,2119453.0
1665172800000,32.95,33.14,32.81,32.96,1020428.0
1665187200000,32.96,33.06,32.75,32.81,752017.0
1665201600000,32.82,33.0,32.71,32.97,581155.0
1665216000000,32.98,32.99,32.81,32.94,581876.0
1665230400000,32.93,32.97,32.65,32.79,869468.0
1665244800000,32.8,32.95,32.64,32.7,885274.0
1665259200000,32.69,32.78,32.31,32.56,1384698.0
1665273600000,32.56,32.62,32.42,32.5,609894.0
1665288000000,32.49,32.75,32.45,32.68,695944.0
1665302400000,32.69,32.94,32.57,32.82,1138194.0
1665316800000,32.82,33.11,32.78,33.07,1272257.0
1665331200000,33.08,33.1,32.8,32.94,946171.0
1665345600000,32.94,32.97,32.57,32.9,1451103.0
1665360000000,32.9,33.47,32.82,33.03,1818326.0
1665374400000,33.02,33.1,32.75,32.89,1159402.0
1665388800000,32.88,32.91,32.35,32.69,2525913.0
1665403200000,32.69,32.89,32.4,32.57,2753557.0
1665417600000,32.58,32.64,32.24,32.46,2819797.0
1665432000000,32.45,32.57,31.82,31.93,1753322.0
1665446400000,31.93,31.93,31.03,31.36,2864769.0
1665460800000,31.37,31.6,31.27,31.53,1120172.0
1665475200000,31.53,31.63,31.24,31.53,1328312.0
1665489600000,31.53,31.71,31.05,31.54,3132614.0
1665504000000,31.55,31.85,31.12,31.15,2470043.0
1665518400000,31.14,31.37,30.36,30.78,3023046.0
1665532800000,30.77,31.1,30.66,30.91,1627926.0
1665547200000,30.92,31.4,30.91,31.23,1615361.0
1665561600000,31.24,31.53,31.13,31.23,1228017.0
1665576000000,31.24,31.35,30.9,31.26,2479454.0
1665590400000,31.26,31.28,30.81,31.1,1843030.0
1665604800000,31.1,31.27,31.07,31.14,633354.0
1665619200000,31.15,31.19,30.48,30.74,1550680.0
1665633600000,30.74,30.75,29.21,29.69,5633346.0
1665648000000,29.69,29.92,28.19,28.78,6310390.0
1665662400000,28.79,29.92,27.12,29.64,10080812.0
1665676800000,29.64,30.9,29.56,30.56,4597458.0
1665691200000,30.56,30.88,30.46,30.47,1785763.0
1665705600000,30.46,31.87,30.35,31.63,3544333.0
1665720000000,31.63,31.96,31.2,31.33,2258935.0
1665734400000,31.32,31.5,31.14,31.21,2083919.0
1665748800000,31.2,31.79,30.79,30.81,5047166.0
1665763200000,30.8,30.89,29.95,30.19,3589718.0
1665777600000,30.19,30.28,29.61,29.97,1746712.0
1665792000000,29.96,30.19,29.85,30.07,1239639.0
1665806400000,30.07,30.17,29.83,30.03,963954.0
1665820800000,30.02,30.03,29.53,29.97,1982436.0
1665835200000,29.97,30.08,29.7,29.89,1578751.0
1665849600000,29.9,30.06,29.73,29.83,909618.0
1665864000000,29.83,29.84,29.39,29.58,1372859.0
1665878400000,29.57,29.92,29.54,29.76,863353.0
1665892800000,29.77,29.89,29.65,29.74,693710.0
1665907200000,29.74,30.03,29.74,29.92,1096199.0
1665921600000,29.92,30.02,29.8,29.94,906870.0
1665936000000,29.94,30.39,29.8,30.38,1461012.0
1665950400000,30.37,30.51,29.85,30.14,2257525.0
1665964800000,30.14,30.25,29.82,29.99,1255303.0
1665979200000,30.0,30.37,29.93,30.29,1398504.0
1665993600000,30.3,30.76,30.16,30.51,2143955.0
1666008000000,30.52,31.19,30.41,30.91,3973807.0
1666022400000,30.91,30.99,30.55,30.79,1912719.0
1666036800000,30.78,31.28,30.76,31.18,1654088.0
1666051200000,31.18,31.47,30.89,31.09,1987577.0
1666065600000,31.09,31.24,30.91,31.12,1690824.0
1666080000000,31.12,31.13,30.37,30.82,2550406.0
1666094400000,30.81,31.01,30.1,30.3,4458062.0
1666108800000,30.3,30.49,29.69,30.06,4046217.0
1666123200000,30.06,30.46,30.01,30.13,1744077.0
1666137600000,30.13,30.25,29.86,30.03,1473267.0
1666152000000,30.02,30.06,29.73,30.04,1719492.0
1666166400000,30.03,30.17,29.75,29.92,1688054.0
1666180800000,29.91,30.0,29.52,29.97,3228984.0
1666195200000,29.97,29.99,29.5,29.74,2209709.0
1666209600000,29.74,29.83,28.55,28.84,3392167.0
1666224000000,28.84,28.99,28.39,28.89,2729548.0
1666238400000,28.89,29.36,28.87,29.24,2656166.0
1666252800000,29.24,29.45,29.15,29.32,1656501.0
1666267200000,29.31,29.42,28.95,29.13,3415076.0
1666281600000,29.13,29.13,28.03,28.25,5154712.0
1666296000000,28.26,28.41,27.93,28.0,2705939.0
1666310400000,28.0,28.22,27.47,28.12,3541547.0
1666324800000,28.11,28.21,27.81,27.9,1996218.0
1666339200000,27.89,27.93,27.2,27.47,4535599.0
1666353600000,27.47,27.7,26.82,27.57,9676362.0
1666368000000,27.57,28.25,27.55,28.16,4708078.0
1666382400000,28.16,28.25,27.85,28.08,1525085.0
1666396800000,28.09,28.16,27.62,27.79,1555461.0
1666411200000,27.79,27.88,27.45,27.74,1578686.0
1666425600000,27.74,28.0,27.7,27.96,1561393.0
1666440000000,27.95,28.21,27.81,27.98,2246129.0
1666454400000,27.98,28.06,27.6,27.81,1841868.0
1666468800000,27.8,28.19,27.73,27.98,1445696.0
1666483200000,27.98,28.57,27.89,28.35,2200744.0
1666497600000,28.35,28.54,28.19,28.4,1596031.0
1666512000000,28.39,28.5,27.9,27.94,2202832.0
1666526400000,27.95,28.14,27.68,27.92,2309488.0
1666540800000,27.93,29.03,27.89,28.79,4825347.0
1666555200000,28.8,29.53,28.72,29.25,3617263.0
1666569600000,29.26,29.51,28.54,28.6,2998052.0
1666584000000,28.6,28.77,28.35,28.52,2685650.0
1666598400000,28.51,29.18,28.45,29.11,2569073.0
1666612800000,29.11,29.16,28.14,28.43,6175766.0
1666627200000,28.43,28.58,28.14,28.4,2786174.0
1666641600000,28.39,28.56,28.2,28.28,1460754.0
1666656000000,28.28,28.52,28.05,28.46,1732833.0
1666670400000,28.45,28.6,28.32,28.42,1475968.0
1666684800000,28.42,28.44,28.03,28.2,2052025.0
1666699200000,28.21,29.78,28.08,29.7,8004404.0
1666713600000,29.7,32.29,29.69,31.5,20519398.0
1666728000000,31.5,31.58,30.7,30.85,5711214.0
1666742400000,30.85,31.37,30.79,31.09,3689887.0
1666756800000,31.1,31.55,30.96,31.32,3032194.0
1666771200000,31.32,31.91,31.09,31.24,5011780.0
1666785600000,31.24,32.19,30.59,31.4,9436810.0
1666800000000,31.4,31.65,30.93,31.26,4679586.0
1666814400000,31.26,31.59,30.98,31.27,3144026.0
1666828800000,31.27,31.62,31.03,31.43,2872339.0
1666843200000,31.44,32.35,31.37,31.62,5029574.0
1666857600000,31.62,31.84,31.17,31.35,3229823.0
1666872000000,31.35,32.06,31.15,31.28,7420711.0
1666886400000,31.28,31.6,31.08,31.41,2651676.0
1666900800000,31.41,31.49,30.44,30.57,6187847.0
1666915200000,30.57,30.85,30.35,30.66,2648314.0
1666929600000,30.66,30.71,30.08,30.21,2399465.0
1666944000000,30.21,30.63,30.18,30.41,2282742.0
1666958400000,30.4,31.29,30.06,31.06,5532106.0
1666972800000,31.06,32.29,31.02,31.99,6687281.0
1666987200000,31.99,32.54,31.96,32.06,3618536.0
1667001600000,32.05,32.99,31.84,32.88,3098131.0
1667016000000,32.87,33.3,32.52,33.27,3070999.0
1667030400000,33.27,33.85,32.85,32.97,5322966.0
1667044800000,32.97,33.39,32.71,33.14,3679913.0
1667059200000,33.14,33.74,32.74,32.91,4573748.0
1667073600000,32.91,33.13,32.56,32.86,1781287.0
1667088000000,32.85,33.26,32.7,33.0,1361697.0
1667102400000,33.01,33.54,32.72,33.39,2111794.0
1667116800000,33.4,33.54,32.35,32.66,3223013.0
1667131200000,32.66,32.71,32.1,32.2,2106005.0
1667145600000,32.2,32.48,31.98,32.33,1521316.0
1667160000000,32.32,33.14,31.9,32.91,3190332.0
1667174400000,32.92,33.38,32.4,32.8,3178490.0
1667188800000,32.79,33.48,32.79,33.41,2782749.0
1667203200000,33.41,34.39,33.12,34.02,5513955.0
1667217600000,34.02,34.15,32.6,32.97,6776273.0
1667232000000,32.97,33.21,32.51,32.52,2673132.0
1667246400000,32.53,32.75,32.17,32.54,2175609.0
1667260800000,32.53,32.99,32.48,32.59,1709937.0
1667275200000,32.59,33.21,32.52,33.0,1801904.0
1667289600000,32.99,33.38,32.8,32.87,2697490.0
1667304000000,32.88,33.13,32.24,32.45,3308085.0
1667318400000,32.44,32.57,32.13,32.19,1950139.0
1667332800000,32.2,32.41,32.13,32.18,1093430.0
1667347200000,32.18,32.36,31.88,32.24,1977110.0
1667361600000,32.24,32.41,31.49,31.68,1998549.0
1667376000000,31.69,31.94,31.07,31.29,2699875.0
1667390400000,31.29,31.55,31.1,31.31,2008467.0
1667404800000,31.32,32.92,30.77,30.88,12029398.0
1667419200000,30.87,31.0,30.2,30.79,3853404.0
1667433600000,30.78,31.79,30.58,31.63,3110701.0
1667448000000,31.63,32.23,31.61,31.63,2847266.0
1667462400000,31.62,32.04,31.1,31.25,3003167.0
1667476800000,31.25,31.56,30.84,31.18,4358535.0
1667491200000,31.17,31.43,31.13,31.28,1801273.0
1667505600000,31.28,31.42,30.58,30.83,2018552.0
1667520000000,30.82,31.93,30.63,31.92,2778198.0
1667534400000,31.92,32.57,31.66,32.38,3181445.0
1667548800000,32.37,32.78,32.13,32.29,2748395.0
1667563200000,32.3,34.01,31.83,33.07,10061444.0
1667577600000,33.07,33.52,32.68,33.49,4775787.0
1667592000000,33.49,34.2,33.36,33.72,2606160.0
1667606400000,33.73,35.04,33.64,34.69,4848774.0
1667620800000,34.68,35.57,34.5,35.21,3207206.0
1667635200000,35.21,35.55,34.79,35.4,3295243.0
1667649600000,35.4,38.11,34.37,37.2,13994383.0
1667664000000,37.21,38.79,35.73,37.05,19364599.0
1667678400000,37.05,37.33,36.42,36.89,5379047.0
1667692800000,36.89,37.07,35.6,36.0,4921027.0
1667707200000,36.0,36.23,35.5,36.14,3354019.0
1667721600000,36.15,36.39,35.55,35.75,4040994.0
1667736000000,35.76,36.0,35.0,35.03,5481152.0
1667750400000,35.03,35.4,33.69,34.17,9374732.0
1667764800000,34.17,34.17,32.26,32.6,8089072.0
1667779200000,32.61,33.11,32.1,32.43,6692299.0
1667793600000,32.44,32.55,30.6,30.75,10909418.0
1667808000000,30.75,31.93,30.64,31.61,9640145.0
1667822400000,31.61,32.86,30.84,32.8,15142004.0
1667836800000,32.8,32.88,31.84,32.35,10056783.0
1667851200000,32.36,32.45,28.0,29.59,18227465.0
1667865600000,29.58,29.67,25.52,26.43,26086317.0
1667880000000,26.43,28.61,24.61,27.92,46813378.0
1667894400000,27.92,29.12,27.73,27.96,17995816.0
1667908800000,27.97,28.48,26.58,27.7,24724337.0
1667923200000,27.7,31.89,18.4,22.73,97298413.0
1667937600000,22.74,24.68,21.6,23.82,29604092.0
1667952000000,23.82,23.82,20.24,21.22,22406410.0
1667966400000,21.21,21.29,18.05,18.22,43780725.0
1667980800000,18.22,18.24,13.35,17.44,161808137.0
1667995200000,17.44,18.35,12.35,12.9,123661977.0
1668009600000,12.92,14.34,9.67,11.742,158096988.0
1668024000000,11.746,12.157,9.423,11.7,80905554.0
1668038400000,11.69,14.69,10.61,14.087,67458339.0
1668052800000,14.087,15.69,13.184,14.718,51385691.0
1668067200000,14.718,14.772,11.7,14.001,84068662.0
1668081600000,14.002,18.66,13.5,17.459,85705919.0
1668096000000,17.46,18.787,16.069,17.103,43370944.0
1668110400000,17.104,18.54,16.54,17.615,21932890.0
1668124800000,17.612,18.164,15.755,16.339,22880013.0
1668139200000,16.339,17.7,16.072,17.157,18325824.0
1668153600000,17.158,18.318,16.96,18.085,17997877.0
1668168000000,18.08,18.3,14.0,16.442,45853552.0
1668182400000,16.442,16.646,15.8,16.203,17317097.0
1668196800000,16.203,16.488,15.275,16.426,13376505.0
1668211200000,16.426,16.505,15.671,15.785,7497374.0
1668225600000,15.784,15.972,14.51,15.486,16695735.0
1668240000000,15.485,15.685,15.029,15.279,9206262.0
1668254400000,15.279,15.5,14.72,14.792,8740786.0
1668268800000,14.792,15.265,14.7,15.135,5948819.0
1668283200000,15.136,15.147,14.44,14.56,5336131.0
1668297600000,14.559,14.738,14.0,14.526,9756738.0
1668312000000,14.525,14.643,13.4,13.939,10631584.0
1668326400000,13.939,13.979,13.301,13.753,10469208.0
1668340800000,13.754,14.437,13.576,14.044,10891636.0
1668355200000,14.044,14.185,13.619,13.98,6908677.0
1668369600000,13.98,14.0,12.806,13.126,9647066.0
1668384000000,13.125,13.244,12.0,12.98,19038284.0
1668398400000,12.975,15.36,12.446,14.517,28173023.0
1668412800000,14.516,14.994,14.15,14.198,13332411.0
1668427200000,14.199,15.0,13.46,13.705,20257690.0
1668441600000,13.706,14.25,13.2,13.743,13006143.0
1668456000000,13.743,14.23,13.6,13.999,8726553.0
1668470400000,13.998,14.45,13.811,14.182,9344834.0
1668484800000,14.183,14.66,13.9,14.471,7452963.0
1668499200000,14.471,14.908,14.434,14.525,9182944.0
1668513600000,14.527,15.12,14.01,14.316,16231785.0
1668528000000,14.314,14.604,14.0,14.318,8546845.0
1668542400000,14.318,14.42,14.128,14.303,3715602.0
1668556800000,14.304,14.599,14.06,14.497,4818849.0
1668571200000,14.496,14.565,14.262,14.317,3277551.0
1668585600000,14.318,14.601,14.026,14.134,7437321.0
1668600000000,14.135,14.168,13.644,13.751,8955021.0
1668614400000,13.754,14.215,13.624,14.118,4852663.0
1668628800000,14.117,14.41,14.086,14.257,3595731.0
1668643200000,14.259,14.5,14.179,14.248,3882091.0
1668657600000,14.247,14.42,14.038,14.257,3939054.0
1668672000000,14.258,14.329,14.07,14.21,2984203.0
1668686400000,14.21,14.22,12.832,13.531,39074032.0
1668700800000,13.531,13.74,13.306,13.44,9145527.0
1668715200000,13.437,13.78,13.395,13.62,4727553.0
1668729600000,13.623,13.883,13.514,13.701,6980324.0
1668744000000,13.701,13.74,13.54,13.597,4154098.0
1668758400000,13.596,13.71,13.449,13.537,3925663.0
1668772800000,13.536,13.63,13.221,13.354,6191300.0
1668787200000,13.353,13.388,12.967,13.145,7194890.0
1668801600000,13.146,13.29,13.106,13.257,3497202.0
1668816000000,13.257,13.26,12.601,12.851,5503389.0
1668830400000,12.851,12.999,12.676,12.856,4768266.0
1668844800000,12.856,13.0,12.768,12.838,3549753.0
1668859200000,12.839,12.874,12.564,12.715,6228002.0
1668873600000,12.715,12.881,12.641,12.78,3561463.0
1668888000000,12.779,12.987,12.743,12.837,3176866.0
1668902400000,12.836,12.925,12.678,12.915,3558960.0
1668916800000,12.915,13.585,12.908,13.048,7065744.0
1668931200000,13.048,13.073,12.516,12.536,5090550.0
1668945600000,12.536,13.12,12.45,12.973,8964592.0
1668960000000,12.972,13.001,12.653,12.761,3016982.0
1668974400000,12.76,12.786,12.085,12.251,7201552.0
1668988800000,12.252,12.277,11.531,11.741,9926972.0
1669003200000,11.739,11.991,11.633,11.709,5670908.0
1669017600000,11.711,11.888,11.517,11.795,8220005.0
1669032000000,11.795,12.14,11.695,11.911,7054863.0
1669046400000,11.913,12.073,11.253,11.409,9884653.0
1669060800000,11.41,11.999,11.397,11.825,8682917.0
1669075200000,11.827,12.062,11.557,11.595,5025235.0
1669089600000,11.595,11.683,11.291,11.5,4342741.0
1669104000000,11.499,11.501,10.93,10.995,6891173.0
1669118400000,10.996,12.08,10.901,12.054,16231677.0
1669132800000,12.054,12.171,11.653,11.824,6465238.0
1669147200000,11.824,12.5,11.823,12.427,6247640.0
1669161600000,12.429,13.425,12.4,13.069,12297310.0
1669176000000,13.069,13.26,12.806,13.112,6804478.0
1669190400000,13.115,13.46,12.92,13.302,7846082.0
1669204800000,13.303,13.342,12.686,13.052,9224665.0
1669219200000,13.053,14.723,12.96,14.01,15082202.0
1669233600000,14.009,14.482,13.803,14.331,10705355.0
1669248000000,14.331,14.948,13.963,14.571,11559062.0
1669262400000,14.571,14.594,14.155,14.387,6665438.0
1669276800000,14.387,14.441,13.826,14.048,7770631.0
1669291200000,14.048,14.508,13.95,14.403,10770816.0
1669305600000,14.404,14.748,14.3,14.42,8654766.0
1669320000000,14.419,14.668,14.26,14.591,4809480.0
1669334400000,14.591,14.599,13.941,14.182,7277197.0
1669348800000,14.182,14.237,13.89,14.218,4313658.0
1669363200000,14.218,14.485,13.973,14.298,4868766.0
1669377600000,14.298,14.424,14.02,14.133,4722947.0
1669392000000,14.134,14.22,13.926,14.207,3533654.0
1669406400000,14.207,14.299,14.0,14.015,2436144.0
1669420800000,14.014,14.595,13.97,14.357,4711283.0
1669435200000,14.357,14.494,14.216,14.467,2464047.0
1669449600000,14.468,14.964,14.327,14.732,6187429.0
1669464000000,14.732,14.743,14.34,14.411,4628610.0
1669478400000,14.41,14.435,14.041,14.207,3781921.0
1669492800000,14.207,14.213,13.926,14.133,2786729.0
1669507200000,14.135,14.287,14.028,14.246,1912707.0
1669521600000,14.245,14.428,14.213,14.308,2852203.0
1669536000000,14.308,14.363,14.198,14.329,2403515.0
1669550400000,14.33,14.422,14.144,14.402,2930253.0
1669564800000,14.403,14.42,14.187,14.295,1848532.0
1669579200000,14.292,14.42,14.02,14.099,2927709.0
1669593600000,14.097,14.148,12.743,13.051,14974695.0
1669608000000,13.054,13.394,13.011,13.385,6435047.0
1669622400000,13.388,13.478,13.194,13.39,4963887.0
1669636800000,13.389,13.519,13.085,13.244,7383644.0
1669651200000,13.245,13.807,12.993,13.349,9450378.0
1669665600000,13.349,13.416,13.264,13.313,2092316.0
1669680000000,13.313,13.563,13.115,13.463,3900732.0
1669694400000,13.463,13.892,13.443,13.716,4545723.0
1669708800000,13.715,13.95,13.582,13.622,3739795.0
1669723200000,13.624,13.659,13.308,13.426,4178445.0
1669737600000,13.428,13.44,13.256,13.397,3092454.0
1669752000000,13.395,13.459,13.271,13.336,2188553.0
1669766400000,13.336,13.909,13.31,13.47,7069756.0
1669780800000,13.466,13.722,13.45,13.688,3157346.0
1669795200000,13.689,13.809,13.602,13.695,2511749.0
1669809600000,13.695,13.715,13.458,13.518,3123643.0
1669824000000,13.517,13.838,13.172,13.614,5972109.0
1669838400000,13.617,14.3,13.581,14.162,4527154.0
1669852800000,14.163,14.18,13.786,13.909,3310439.0
1669867200000,13.91,13.989,13.79,13.796,2034881.0
1669881600000,13.798,13.918,13.73,13.819,1878730.0
1669896000000,13.819,13.934,13.44,13.616,5430362.0
1669910400000,13.618,13.627,13.473,13.498,1908680.0
1669924800000,13.498,13.564,13.372,13.489,2019468.0
1669939200000,13.489,13.651,13.28,13.407,3022313.0
1669953600000,13.407,13.537,13.291,13.496,1881235.0
1669968000000,13.495,13.674,13.458,13.595,3048123.0
1669982400000,13.595,13.834,13.349,13.523,5651891.0
1669996800000,13.523,13.693,13.441,13.677,1985910.0
1670011200000,13.678,13.783,13.657,13.703,1609350.0
1670025600000,13.704,13.767,13.55,13.624,1905079.0
1670040000000,13.623,13.679,13.498,13.544,1624428.0
1670054400000,13.544,13.584,13.428,13.479,1655964.0
1670068800000,13.48,13.583,13.469,13.565,1026882.0
1670083200000,13.564,13.617,13.47,13.516,1206421.0
1670097600000,13.516,13.519,13.2,13.289,1983095.0
1670112000000,13.29,13.527,13.258,13.415,1297556.0
1670126400000,13.416,13.511,13.411,13.446,840099.0
1670140800000,13.445,13.471,13.333,13.367,943412.0
1670155200000,13.366,13.5,13.344,13.478,1527685.0
1670169600000,13.479,13.565,13.436,13.537,1347557.0
1670184000000,13.535,13.749,13.526,13.7,1891649.0
1670198400000,13.7,14.16,13.656,13.898,4906487.0
1670212800000,13.899,14.021,13.834,13.928,2091444.0
1670227200000,13.93,14.092,13.92,13.979,2002510.0
1670241600000,13.98,13.992,13.653,13.748,2511236.0
1670256000000,13.748,14.0,13.578,13.676,3729073.0
1670270400000,13.674,14.001,13.641,13.81,2671523.0
1670284800000,13.81,14.291,13.808,14.155,2928278.0
1670299200000,14.154,14.373,14.01,14.138,3152853.0
1670313600000,14.137,14.182,13.874,14.005,2198424.0
1670328000000,14.005,14.113,13.892,13.979,2881157.0
1670342400000,13.98,14.1,13.923,14.009,2577248.0
1670356800000,14.009,14.3,13.998,14.281,2164270.0
1670371200000,14.279,14.334,14.03,14.036,1814668.0
1670385600000,14.036,14.069,13.557,13.616,3310388.0
1670400000000,13.615,13.727,13.38,13.612,3214074.0
1670414400000,13.613,13.726,13.584,13.679,2024901.0
1670428800000,13.678,13.726,13.521,13.57,1280599.0
1670443200000,13.568,13.612,13.45,13.487,1448698.0
1670457600000,13.487,13.529,13.326,13.438,2267310.0
1670472000000,13.439,13.539,13.258,13.489,1958190.0
1670486400000,13.488,13.562,13.358,13.487,1691880.0
1670500800000,13.488,13.622,13.427,13.556,1937258.0
1670515200000,13.557,13.764,13.531,13.728,1822413.0
1670529600000,13.728,13.761,13.61,13.67,1260907.0
1670544000000,13.671,13.787,13.608,13.737,1484685.0
1670558400000,13.736,13.741,13.636,13.693,794954.0
1670572800000,13.694,14.019,13.634,13.852,4181024.0
1670587200000,13.852,13.912,13.663,13.861,3751545.0
1670601600000,13.861,13.874,13.543,13.608,2763592.0
1670616000000,13.608,13.623,13.5,13.579,1100206.0
1670630400000,13.579,13.647,13.536,13.614,696891.0
1670644800000,13.615,13.731,13.61,13.617,841781.0
1670659200000,13.616,13.635,13.55,13.581,862611.0
1670673600000,13.581,13.652,13.548,13.629,871807.0
1670688000000,13.629,13.694,13.592,13.641,725922.0
1670702400000,13.64,13.685,13.532,13.56,637750.0
1670716800000,13.559,13.638,13.52,13.637,604139.0
1670731200000,13.637,13.659,13.604,13.636,436290.0
1670745600000,13.636,13.645,13.598,13.62,377311.0
1670760000000,13.621,13.755,13.601,13.658,1478358.0
1670774400000,13.657,13.785,13.631,13.718,1151969.0
1670788800000,13.719,13.723,13.37,13.406,2127446.0
1670803200000,13.407,13.488,12.753,12.949,4114023.0
1670817600000,12.95,13.02,12.916,12.972,1196983.0
1670832000000,12.973,13.212,12.942,13.155,1303353.0
1670846400000,13.156,13.186,13.0,13.101,2655743.0
1670860800000,13.1,13.247,13.089,13.235,1845590.0
1670875200000,13.234,13.378,13.195,13.304,1718675.0
1670889600000,13.308,13.388,13.058,13.072,1378662.0
1670904000000,13.072,13.17,12.753,12.958,2891574.0
1670918400000,12.957,13.354,12.913,13.343,2970599.0
1670932800000,13.343,14.149,13.171,13.731,11047752.0
1670947200000,13.731,13.839,13.572,13.795,3385096.0
1670961600000,13.794,13.907,13.722,13.894,1876218.0
1670976000000,13.894,13.993,13.827,13.954,1786458.0
1670990400000,13.954,14.049,13.809,13.911,1525140.0
1671004800000,13.91,14.026,13.904,13.981,1867315.0
1671019200000,13.982,14.54,13.96,14.48,5260518.0
1671033600000,14.479,14.96,14.11,14.296,12820081.0
1671048000000,14.295,14.469,14.061,14.12,3559784.0
1671062400000,14.12,14.515,13.87,14.368,4609693.0
1671076800000,14.368,14.39,14.125,14.132,2607215.0
1671091200000,14.135,14.189,14.017,14.103,2270688.0
1671105600000,14.103,14.158,13.877,13.999,4340984.0
1671120000000,13.999,14.127,13.87,14.097,2331104.0
1671134400000,14.098,14.199,13.922,14.044,2209230.0
1671148800000,14.043,14.169,13.88,14.039,1844161.0
1671163200000,14.039,14.104,13.91,14.079,1541526.0
1671177600000,14.079,14.097,13.33,13.495,6415775.0
1671192000000,13.495,13.495,12.93,13.002,6432146.0
1671206400000,13.002,13.102,12.618,13.007,7454665.0
1671220800000,13.006,13.098,11.965,12.239,6498465.0
1671235200000,12.239,12.371,11.895,12.243,4011387.0
1671249600000,12.242,12.56,12.168,12.436,2604715.0
1671264000000,12.435,12.499,12.24,12.293,2939834.0
1671278400000,12.294,12.359,12.203,12.304,1540517.0
1671292800000,12.305,12.33,12.13,12.251,1874088.0
1671307200000,12.252,12.532,12.228,12.489,1417738.0
1671321600000,12.489,12.531,12.357,12.482,927985.0
1671336000000,12.483,12.59,12.401,12.415,1424909.0
1671350400000,12.415,12.46,12.25,12.383,1416627.0
1671364800000,12.382,12.435,12.283,12.308,675012.0
1671379200000,12.307,12.53,12.288,12.432,1280296.0
1671393600000,12.433,12.599,12.331,12.369,1198608.0
1671408000000,12.37,12.573,12.14,12.221,2294157.0
1671422400000,12.22,12.322,12.16,12.215,1683361.0
1671436800000,12.216,12.356,12.195,12.273,1579127.0
1671451200000,12.273,12.325,12.122,12.166,3007142.0
1671465600000,12.165,12.223,11.903,12.003,4817333.0
1671480000000,12.004,12.138,11.651,11.93,3092014.0
1671494400000,11.93,12.313,11.818,12.182,3438649.0
1671508800000,12.183,12.45,12.173,12.336,1827332.0
1671523200000,12.335,12.435,12.299,12.361,1303753.0
1671537600000,12.361,12.475,12.183,12.331,3051225.0
1671552000000,12.332,12.344,12.111,12.233,1718608.0
1671566400000,12.233,12.319,12.194,12.247,1109179.0
1671580800000,12.248,12.274,12.045,12.068,1624369.0
1671595200000,12.068,12.097,11.911,12.013,1665433.0
1671609600000,12.013,12.145,11.96,12.095,1464212.0
1671624000000,12.094,12.113,11.92,12.055,2215623.0
1671638400000,12.055,12.057,11.921,11.945,1071093.0
1671652800000,11.944,12.213,11.879,12.127,2172187.0
1671667200000,12.127,12.176,12.067,12.112,945126.0
1671681600000,12.112,12.138,11.961,12.05,1121028.0
1671696000000,12.05,12.164,12.025,12.108,1188139.0
1671710400000,12.108,12.15,11.709,11.758,3478791.0
1671724800000,11.757,11.869,11.677,11.837,1939078.0
1671739200000,11.839,12.089,11.668,11.814,3463745.0
1671753600000,11.815,12.106,11.708,12.014,3172290.0
1671768000000,12.014,12.035,11.83,11.882,1594856.0
1671782400000,11.882,11.968,11.786,11.875,1398588.0
1671796800000,11.874,11.967,11.734,11.836,2924855.0
1671811200000,11.836,11.871,11.79,11.843,1005977.0
1671825600000,11.844,11.873,11.737,11.772,934931.0
1671840000000,11.772,11.78,11.696,11.779,897274.0
1671854400000,11.78,11.782,11.03,11.332,8539541.0
1671868800000,11.331,11.332,11.148,11.296,3375704.0
1671883200000,11.296,11.386,11.246,11.352,2131589.0
1671897600000,11.353,11.569,11.301,11.536,2977394.0
1671912000000,11.536,11.595,11.338,11.423,2223095.0
1671926400000,11.423,11.483,11.378,11.448,1090036.0
1671940800000,11.448,11.545,11.382,11.468,1611472.0
1671955200000,11.468,11.493,11.358,11.391,2490970.0
1671969600000,11.391,11.436,11.224,11.341,2550577.0
1671984000000,11.341,11.389,11.262,11.388,1391075.0
1671998400000,11.389,11.448,11.316,11.373,1069161.0
1672012800000,11.372,11.488,11.238,11.412,1992865.0
1672027200000,11.413,11.436,11.256,11.303,1672636.0
1672041600000,11.305,11.365,11.261,11.339,1769167.0
1672056000000,11.341,11.374,11.064,11.169,2614753.0
1672070400000,11.17,11.232,11.05,11.174,2249023.0
1672084800000,11.173,11.344,11.158,11.325,2009831.0
1672099200000,11.325,11.435,11.256,11.279,2201487.0
1672113600000,11.28,11.295,11.185,11.221,1331149.0
1672128000000,11.221,11.241,11.096,11.13,2356342.0
1672142400000,11.131,11.163,10.7,10.751,9660265.0
1672156800000,10.75,11.027,10.706,11.009,7547613.0
1672171200000,11.01,11.17,10.963,11.087,2486352.0
1672185600000,11.087,11.128,10.664,10.769,4976257.0
1672200000000,10.769,10.788,9.6,10.133,17550463.0
1672214400000,10.132,10.187,9.82,9.999,7710652.0
1672228800000,9.998,10.4,9.863,9.94,13921482.0
1672243200000,9.941,10.09,9.756,9.773,6217157.0
1672257600000,9.772,9.905,9.37,9.749,9299737.0
1672272000000,9.749,9.87,9.516,9.761,7748765.0
1672286400000,9.761,9.788,9.55,9.612,5858914.0
1672300800000,9.611,9.64,9.244,9.449,13493204.0
1672315200000,9.448,9.517,9.306,9.376,11932917.0
1672329600000,9.376,9.44,8.668,8.778,23277490.0
1672344000000,8.777,10.89,7.777,9.614,86450090.0
1672358400000,9.614,10.3,9.366,9.491,48086547.0
1672372800000,9.491,9.725,9.05,9.108,25331488.0
1672387200000,9.109,9.246,8.97,9.09,16736733.0
1672401600000,9.088,10.065,9.08,9.564,36346715.0
1672416000000,9.564,10.092,9.472,9.814,22477045.0
1672430400000,9.815,10.026,9.678,9.877,16995570.0
1672444800000,9.875,10.05,9.718,9.721,11354070.0
1672459200000,9.72,9.849,9.64,9.82,6716900.0
1672473600000,9.82,9.914,9.717,9.841,9014947.0
1672488000000,9.841,10.2,9.841,10.13,14305548.0
1672502400000,10.13,10.169,9.906,10.047,8609643.0
1672516800000,10.047,10.113,9.85,9.968,6130708.0
1672531200000,9.968,10.074,9.894,9.957,6257394.0
1672545600000,9.957,9.978,9.678,9.782,6980165.0
1672560000000,9.782,9.975,9.693,9.915,6620756.0
1672574400000,9.916,9.955,9.781,9.848,5560360.0
1672588800000,9.849,10.04,9.821,9.945,5321564.0
1672603200000,9.945,10.048,9.926,9.977,3249086.0
1672617600000,9.977,10.008,9.796,9.977,4806347.0
1672632000000,9.977,12.067,9.927,11.083,25770360.0
1672646400000,11.084,11.36,10.832,11.007,22513470.0
1672660800000,11.008,11.234,10.998,11.108,12477363.0
1672675200000,11.107,11.5,11.07,11.244,6595546.0
1672689600000,11.244,11.406,11.172,11.259,7292118.0
1672704000000,11.259,11.324,11.0,11.199,8853691.0
1672718400000,11.2,11.939,11.189,11.881,24310975.0
1672732800000,11.881,11.98,11.668,11.81,13421336.0
1672747200000,11.81,12.889,11.75,12.819,51413308.0
1672761600000,12.819,13.879,12.641,12.896,53919105.0
1672776000000,12.896,13.482,12.895,13.326,20495002.0
1672790400000,13.326,14.0,13.175,13.435,38505138.0
1672804800000,13.436,14.2,13.21,14.109,31930693.0
1672819200000,14.109,14.111,13.525,13.629,23924013.0
1672833600000,13.629,13.723,13.15,13.352,25136297.0
1672848000000,13.352,13.632,13.044,13.177,21334734.0
1672862400000,13.178,13.585,12.813,13.405,16850560.0
1672876800000,13.404,13.42,13.031,13.209,10712623.0
1672891200000,13.208,13.482,13.117,13.237,9553716.0
1672905600000,13.237,13.31,12.927,13.255,11955360.0
1672920000000,13.255,13.395,13.027,13.291,12219410.0
1672934400000,13.291,13.47,13.048,13.388,8893668.0
1672948800000,13.388,13.781,13.33,13.418,16089278.0
1672963200000,13.417,13.559,13.133,13.186,10655060.0
1672977600000,13.187,13.24,13.01,13.109,8667043.0
1672992000000,13.109,13.232,12.833,12.984,11166632.0
1673006400000,12.984,13.189,12.644,13.173,18717317.0
1673020800000,13.173,13.419,13.045,13.353,10810047.0
1673035200000,13.355,13.585,13.149,13.483,6933349.0
1673049600000,13.484,13.49,13.263,13.315,4757674.0
1673064000000,13.315,13.325,13.192,13.288,3156052.0
1673078400000,13.288,13.315,13.12,13.137,3641897.0
1673092800000,13.138,13.273,13.125,13.257,3540194.0
1673107200000,13.256,13.267,13.164,13.212,1754587.0
1673121600000,13.212,13.239,13.01,13.087,2828988.0
1673136000000,13.086,13.399,12.834,13.361,11582790.0
1673150400000,13.36,13.428,13.248,13.317,3588362.0
1673164800000,13.317,13.78,13.26,13.496,10537867.0
1673179200000,13.497,13.934,13.423,13.86,11462118.0
1673193600000,13.859,13.89,13.445,13.529,9241252.0
1673208000000,13.528,15.489,13.509,14.465,15710288.0
1673222400000,14.464,16.78,14.256,16.048,40931532.0
1673236800000,16.049,16.544,15.924,16.348,18050532.0
1673251200000,16.348,16.836,16.085,16.362,15550219.0
1673265600000,16.361,17.5,16.0,17.13,26329652.0
1673280000000,17.129,17.364,16.232,16.288,18959005.0
1673294400000,16.288,16.684,16.013,16.253,12408940.0
1673308800000,16.253,16.586,15.567,15.969,14201882.0
1673323200000,15.968,16.3,15.863,15.893,12585526.0
1673337600000,15.893,16.352,15.819,16.021,10124547.0
1673352000000,16.02,16.489,15.805,16.231,15568674.0
1673366400000,16.232,16.464,16.02,16.381,7265116.0
1673380800000,16.38,16.718,16.127,16.191,7949261.0
1673395200000,16.191,16.323,15.855,16.006,7962013.0
1673409600000,16.005,16.15,15.813,16.094,6956243.0
1673424000000,16.094,16.128,15.936,16.024,3559129.0
1673438400000,16.024,16.024,15.302,15.413,11973161.0
1673452800000,15.413,16.127,15.27,15.999,10531235.0
1673467200000,16.0,16.597,15.732,16.355,10245223.0
1673481600000,16.354,17.0,16.127,16.418,13057302.0
1673496000000,16.418,16.494,16.151,16.235,4584295.0
1673510400000,16.236,16.239,15.892,16.065,5636867.0
1673524800000,16.064,16.498,15.4,15.948,22144312.0
1673539200000,15.947,16.79,15.888,16.533,15129609.0
1673553600000,16.534,16.7,16.293,16.584,8299100.0
1673568000000,16.584,16.84,16.237,16.698,6062326.0
1673582400000,16.697,17.34,16.689,16.89,13603245.0
1673596800000,16.889,17.097,16.52,16.646,9136016.0
1673611200000,16.646,16.85,16.439,16.789,7812135.0
1673625600000,16.788,17.22,16.488,17.177,8494044.0
1673640000000,17.176,18.658,17.017,18.289,21325901.0
1673654400000,18.289,22.879,18.191,21.964,44476162.0
1673668800000,21.963,24.8,21.8,23.577,34380856.0
1673683200000,23.577,23.94,21.325,22.395,34314636.0
1673697600000,22.396,23.68,21.73,22.337,23663811.0
1673712000000,22.335,23.43,22.142,23.073,17881495.0
1673726400000,23.074,24.848,22.47,24.283,16226028.0
1673740800000,24.284,25.2,22.5,23.09,22196743.0
1673755200000,23.087,23.2,22.14,22.657,9316790.0
1673769600000,22.657,23.121,22.0,22.904,12704886.0
1673784000000,22.905,23.907,22.718,23.696,16460215.0
1673798400000,23.696,23.811,22.94,23.39,13062458.0
1673812800000,23.389,23.437,22.473,22.903,7350622.0
1673827200000,22.903,24.28,22.45,23.239,12710657.0
1673841600000,23.24,25.18,23.031,24.276,15918875.0
1673856000000,24.279,24.289,22.875,23.4,15217866.0
1673870400000,23.4,23.555,22.23,23.081,15098202.0
1673884800000,23.081,23.86,22.861,23.562,11688205.0
1673899200000,23.563,24.3,23.303,23.601,9231997.0
1673913600000,23.6,23.857,22.77,23.192,10219127.0
1673928000000,23.192,23.83,23.133,23.427,8259615.0
1673942400000,23.427,24.0,23.369,23.758,7292357.0
1673956800000,23.759,23.97,23.11,23.267,13272148.0
1673971200000,23.268,23.576,23.028,23.441,6813498.0
1673985600000,23.441,23.7,22.66,22.855,7648201.0
1674000000000,22.858,23.339,22.613,23.054,9059564.0
1674014400000,23.052,23.327,22.85,22.989,4240737.0
1674028800000,22.989,22.994,22.08,22.533,8830435.0
1674043200000,22.533,23.674,20.645,21.781,19083020.0
1674057600000,21.781,22.3,20.31,21.781,31846115.0
1674072000000,21.782,21.879,20.7,20.804,13073495.0
1674086400000,20.804,21.536,20.78,21.35,8489632.0
1674100800000,21.347,21.788,21.264,21.306,5449376.0
1674115200000,21.308,21.513,20.792,20.939,6768279.0
1674129600000,20.937,21.186,20.4,21.053,13694996.0
1674144000000,21.052,21.743,20.847,21.638,9636025.0
1674158400000,21.639,21.879,21.302,21.408,5971851.0
1674172800000,21.408,21.628,21.02,21.334,6195337.0
1674187200000,21.334,21.414,20.913,21.07,5314494.0
1674201600000,21.07,21.249,20.955,21.132,4020593.0
1674216000000,21.132,21.55,21.073,21.42,7236762.0
1674230400000,21.419,23.4,21.4,23.275,18089876.0
1674244800000,23.276,25.875,23.267,25.513,28045553.0
1674259200000,25.513,25.9,24.264,24.863,14785080.0
1674273600000,24.862,25.748,24.722,25.545,9011686.0
1674288000000,25.544,26.687,24.267,25.194,21200542.0
1674302400000,25.194,25.64,25.04,25.227,10860157.0
1674316800000,25.23,26.117,25.112,25.635,11085185.0
1674331200000,25.634,25.7,24.5,24.564,7275774.0
1674345600000,24.564,25.329,24.394,25.002,7973237.0
1674360000000,25.003,25.47,24.933,25.135,4983471.0
1674374400000,25.136,25.336,24.767,24.905,5507847.0
1674388800000,24.905,25.44,24.636,24.961,8791666.0
1674403200000,24.962,25.285,24.699,24.916,5702417.0
1674417600000,24.916,24.936,23.5,24.195,10878829.0
1674432000000,24.196,24.943,24.06,24.534,6535656.0
1674446400000,24.534,24.81,24.325,24.489,3692932.0
1674460800000,24.486,24.836,24.142,24.637,5001479.0
1674475200000,24.636,24.722,23.7,24.175,12034559.0
1674489600000,24.175,24.78,23.962,24.183,7716784.0
1674504000000,24.183,24.55,24.035,24.347,3248404.0
1674518400000,24.346,25.3,24.056,25.014,7357006.0
1674532800000,25.014,25.035,24.65,24.791,3302975.0
1674547200000,24.791,24.962,24.271,24.469,5447461.0
1674561600000,24.474,24.59,23.862,24.489,6925399.0
1674576000000,24.49,24.549,24.06,24.468,4129339.0
1674590400000,24.468,24.515,22.11,22.77,12998487.0
1674604800000,22.77,22.988,22.187,22.916,7620777.0
1674619200000,22.917,23.407,22.851,23.252,4741723.0
1674633600000,23.253,23.389,22.96,23.127,4866238.0
1674648000000,23.128,24.573,22.69,23.315,17847424.0
1674662400000,23.314,23.8,23.209,23.731,6336616.0
1674676800000,23.73,25.452,23.71,24.534,15545103.0
1674691200000,24.535,25.251,24.429,24.803,6021714.0
1674705600000,24.803,24.963,24.25,24.353,5079745.0
1674720000000,24.352,24.593,24.088,24.329,4135232.0
1674734400000,24.328,25.163,24.07,24.253,11422538.0
1674748800000,24.251,24.742,23.7,24.468,6987897.0
1674763200000,24.469,24.628,24.205,24.345,3300812.0
1674777600000,24.345,24.54,23.242,23.726,5838528.0
1674792000000,23.725,24.047,23.663,24.021,2733735.0
1674806400000,24.023,24.038,23.564,23.7,3209803.0
1674820800000,23.7,24.219,23.31,23.827,8218489.0
1674835200000,23.826,24.609,23.808,24.491,5382139.0
1674849600000,24.492,24.994,24.027,24.441,6336370.0
1674864000000,24.441,24.906,24.294,24.519,4516002.0
1674878400000,24.52,25.3,24.181,24.367,5112477.0
1674892800000,24.366,24.486,24.195,24.323,2794891.0
1674907200000,24.323,24.33,23.7,24.163,6376383.0
1674921600000,24.163,24.225,23.919,24.127,2401624.0
1674936000000,24.127,24.141,23.75,24.002,2454824.0
1674950400000,24.002,24.704,23.71,24.133,6291485.0
1674964800000,24.134,24.186,24.015,24.145,1572843.0
1674979200000,24.145,24.552,24.062,24.361,3296651.0
1674993600000,24.362,24.815,24.207,24.702,5665002.0
1675008000000,24.702,26.629,24.462,26.346,22347197.0
1675022400000,26.347,26.869,25.955,26.09,9410896.0
1675036800000,26.09,26.334,25.235,25.47,7525616.0
1675051200000,25.47,25.632,25.261,25.394,4294958.0
1675065600000,25.395,25.554,23.742,24.011,14048343.0
1675080000000,24.011,24.744,23.841,24.388,8976743.0
1675094400000,24.385,24.648,22.91,23.597,10119602.0
1675108800000,23.595,23.989,23.323,23.957,5029760.0
1675123200000,23.957,24.288,23.647,24.008,5122209.0
1675137600000,24.008,24.14,23.649,24.118,3980132.0
1675152000000,24.118,24.15,23.481,23.75,4471435.0
1675166400000,23.749,24.368,23.629,24.09,7426627.0
1675180800000,24.09,24.494,24.004,24.189,4520688.0
1675195200000,24.191,24.25,23.575,23.913,5312922.0
1675209600000,23.912,24.033,23.652,23.865,2977916.0
1675224000000,23.865,24.02,23.4,23.55,3657117.0
1675238400000,23.55,23.632,23.145,23.541,4310073.0
1675252800000,23.541,23.679,22.7,22.814,7372401.0
1675267200000,22.813,24.45,22.45,24.216,15060877.0
1675281600000,24.218,25.248,24.1,25.011,13450142.0
1675296000000,25.014,25.798,24.955,25.308,8572415.0
1675310400000,25.308,25.44,24.756,24.867,4250416.0
1675324800000,24.869,25.098,24.818,25.014,2966561.0
1675339200000,25.015,25.285,24.59,25.025,8554262.0
1675353600000,25.025,26.173,24.863,25.064,11396353.0
1675368000000,25.065,25.279,24.005,24.315,8010117.0
1675382400000,24.32,24.5,24.0,24.321,4546704.0
1675396800000,24.321,24.53,24.232,24.307,2927212.0
1675411200000,24.309,24.52,24.08,24.478,3321357.0
1675425600000,24.477,25.072,23.97,24.846,10525026.0
1675440000000,24.846,25.038,24.354,24.374,5431757.0
1675454400000,24.374,24.815,24.226,24.683,3065344.0
1675468800000,24.683,24.82,24.418,24.459,2041969.0
1675483200000,24.459,24.528,24.279,24.498,1690193.0
1675497600000,24.499,24.595,24.405,24.577,1616417.0
1675512000000,24.578,24.943,24.532,24.705,3256831.0
1675526400000,24.707,24.809,24.506,24.655,2624433.0
1675540800000,24.655,24.751,24.144,24.318,2585589.0
1675555200000,24.318,24.419,24.021,24.282,3032657.0
1675569600000,24.281,24.46,24.225,24.335,1563968.0
1675584000000,24.337,24.44,24.13,24.187,1928222.0
1675598400000,24.187,24.22,23.153,23.618,8727731.0
1675612800000,23.617,23.69,23.17,23.347,5562036.0
1675627200000,23.346,23.662,23.0,23.464,3960485.0
1675641600000,23.465,23.717,23.227,23.371,2389143.0
1675656000000,23.371,23.455,22.82,23.345,3515947.0
1675670400000,23.345,23.398,23.04,23.321,2584352.0
1675684800000,23.321,23.507,22.801,23.477,6181605.0
1675699200000,23.476,23.6,23.143,23.365,4773444.0
1675713600000,23.364,23.364,22.471,22.635,4981090.0
1675728000000,22.637,23.157,22.526,23.06,3187008.0
1675742400000,23.061,23.346,23.024,23.195,2278421.0
1675756800000,23.196,23.448,23.08,23.333,3037136.0
1675771200000,23.332,23.416,22.921,23.01,3664314.0
1675785600000,23.01,23.85,22.55,23.26,11326717.0
1675800000000,23.26,23.953,23.131,23.817,4871253.0
1675814400000,23.817,24.24,23.784,23.88,3870494.0
1675828800000,23.88,23.97,23.569,23.758,2268638.0
1675843200000,23.758,23.774,23.52,23.726,2282072.0
1675857600000,23.724,23.962,23.267,23.285,6829044.0
1675872000000,23.285,23.466,22.781,23.083,8048320.0
1675886400000,23.082,23.265,22.857,23.21,2833771.0
1675900800000,23.209,23.345,21.835,22.33,8436777.0
1675915200000,22.33,22.888,22.164,22.754,4203085.0
1675929600000,22.753,22.985,22.716,22.788,3429764.0
1675944000000,22.787,22.97,22.56,22.646,5636375.0
1675958400000,22.647,22.696,21.422,21.8,9722610.0
1675972800000,21.799,21.799,19.99,20.482,12445193.0
1675987200000,20.482,20.882,20.265,20.775,6131192.0
1676001600000,20.774,21.075,20.495,21.072,5038302.0
1676016000000,21.071,21.171,20.6,20.683,4815886.0
1676030400000,20.684,20.989,20.406,20.706,7573207.0
1676044800000,20.705,20.99,20.502,20.874,5485076.0
1676059200000,20.874,20.898,19.66,20.088,8228599.0
1676073600000,20.087,20.481,20.078,20.391,3090191.0
1676088000000,20.391,20.407,20.2,20.325,1789301.0
1676102400000,20.325,20.372,20.213,20.308,1557463.0
1676116800000,20.306,20.599,20.261,20.496,3273044.0
1676131200000,20.495,20.5,20.24,20.365,2102371.0
1676145600000,20.366,20.888,20.312,20.782,2688245.0
1676160000000,20.783,20.798,20.604,20.643,1526761.0
1676174400000,20.644,20.999,20.615,20.82,1850872.0
1676188800000,20.819,21.065,20.809,21.033,2693433.0
1676203200000,21.034,21.587,20.753,21.409,5931997.0
1676217600000,21.41,22.529,21.359,22.027,8146446.0
1676232000000,22.026,22.194,21.08,21.483,7944772.0
1676246400000,21.484,21.595,20.448,20.903,8323413.0
1676260800000,20.902,21.312,20.841,21.159,4125387.0
1676275200000,21.159,21.178,20.03,20.447,9423179.0
1676289600000,20.447,20.696,20.346,20.353,5560155.0
1676304000000,20.354,20.522,19.72,20.419,9225561.0
1676318400000,20.419,20.84,20.212,20.748,4089155.0
1676332800000,20.748,21.079,20.639,20.806,4127925.0
1676347200000,20.807,21.08,20.745,21.033,2763538.0
1676361600000,21.033,21.602,20.75,21.341,7044859.0
1676376000000,21.341,22.373,20.866,21.888,20815541.0
1676390400000,21.889,22.067,21.624,22.01,8694166.0
1676404800000,22.009,22.05,21.522,21.836,4102983.0
1676419200000,21.836,21.924,21.443,21.599,3224745.0
1676433600000,21.598,21.671,21.462,21.517,2288352.0
1676448000000,21.518,22.215,21.448,22.097,4594194.0
1676462400000,22.097,22.745,22.095,22.411,9278176.0
1676476800000,22.411,23.018,22.254,22.991,6859528.0
1676491200000,22.992,23.996,22.917,23.862,10476896.0
1676505600000,23.862,24.14,23.55,23.814,5716762.0
1676520000000,23.814,23.997,23.55,23.728,3619041.0
1676534400000,23.727,23.925,23.494,23.584,3062821.0
1676548800000,23.584,23.88,23.074,23.86,8716084.0
1676563200000,23.86,24.16,23.359,23.6,7992066.0
1676577600000,23.599,23.619,22.203,22.257,9460919.0
1676592000000,22.257,22.799,22.024,22.676,4211649.0
1676606400000,22.677,22.818,22.517,22.538,2770403.0
1676620800000,22.538,22.726,22.461,22.596,2623396.0
1676635200000,22.595,22.986,22.435,22.786,6488861.0
1676649600000,22.783,23.496,22.575,23.468,5730556.0
1676664000000,23.469,23.558,22.714,23.146,5224712.0
1676678400000,23.147,23.644,23.144,23.361,2631094.0
1676692800000,23.36,23.499,23.125,23.232,1653869.0
1676707200000,23.232,23.278,22.931,23.059,2469562.0
1676721600000,23.06,23.569,23.005,23.428,2989646.0
1676736000000,23.429,23.942,23.406,23.494,4369752.0
1676750400000,23.494,23.69,23.268,23.464,2277440.0
1676764800000,23.464,23.608,23.207,23.309,1895918.0
1676779200000,23.31,24.03,23.272,23.544,3947990.0
1676793600000,23.544,23.726,23.469,23.696,2480607.0
1676808000000,23.696,25.327,23.696,25.3,11326291.0
1676822400000,25.3,25.406,24.0,24.658,12401253.0
1676836800000,24.66,25.68,24.036,24.853,10144825.0
1676851200000,24.851,26.358,24.1,26.178,14235984.0
1676865600000,26.179,27.15,25.867,26.506,14869260.0
1676880000000,26.505,26.705,26.051,26.398,9111692.0
1676894400000,26.398,26.736,26.138,26.563,8052774.0
1676908800000,26.563,26.601,25.555,26.35,8670080.0
1676923200000,26.35,26.392,25.917,26.291,4040270.0
1676937600000,26.29,26.648,25.795,26.147,6841970.0
1676952000000,26.148,26.334,25.728,26.043,4161790.0
1676966400000,26.043,26.273,24.899,25.076,9911816.0
1676980800000,25.075,25.397,24.755,25.065,6954462.0
1676995200000,25.066,25.525,24.704,25.266,6380963.0
1677009600000,25.266,25.495,24.5,24.983,5382800.0
1677024000000,24.983,25.266,23.82,24.45,7797841.0
1677038400000,24.45,24.488,23.409,23.81,6813652.0
1677052800000,23.81,23.827,23.2,23.559,7107036.0
1677067200000,23.56,23.8,23.24,23.655,7332623.0
1677081600000,23.653,24.15,23.4,23.778,6900451.0
1677096000000,23.776,24.336,23.454,24.145,4020923.0
1677110400000,24.144,24.685,23.95,24.444,4760259.0
1677124800000,24.444,24.566,24.226,24.477,2775324.0
1677139200000,24.478,24.63,23.59,23.745,5271750.0
1677153600000,23.745,24.383,23.597,23.865,6497571.0
1677168000000,23.864,24.067,23.594,24.023,3802632.0
1677182400000,24.023,24.208,23.669,23.909,2429408.0
1677196800000,23.909,24.123,23.674,23.777,2819384.0
1677211200000,23.777,24.098,23.733,23.973,2411351.0
1677225600000,23.973,24.072,23.5,23.77,3240040.0
1677240000000,23.771,24.02,22.873,23.035,7535871.0
1677254400000,23.035,23.05,22.483,23.034,7610151.0
1677268800000,23.034,23.342,22.436,23.06,3845132.0
1677283200000,23.058,23.327,22.917,22.943,2243865.0
1677297600000,22.943,23.171,22.808,22.95,2105761.0
1677312000000,22.949,23.044,22.608,22.777,2967854.0
1677326400000,22.776,22.802,21.992,22.331,5576754.0
1677340800000,22.33,22.499,21.603,21.897,5293108.0
1677355200000,21.897,22.487,21.4,22.359,5492301.0
1677369600000,22.36,22.728,22.201,22.643,2517379.0
1677384000000,22.644,22.834,22.483,22.791,1706531.0
1677398400000,22.79,22.96,22.612,22.834,2325083.0
1677412800000,22.834,22.961,22.535,22.922,3030579.0
1677427200000,22.922,23.388,22.672,23.348,3878385.0
1677441600000,23.35,23.52,22.95,23.238,3767111.0
1677456000000,23.238,23.261,22.965,23.019,2223939.0
1677470400000,23.017,23.038,22.751,22.873,2566525.0
1677484800000,22.873,22.958,22.612,22.768,2691623.0
1677499200000,22.768,23.4,22.65,23.05,6620233.0
1677513600000,23.049,23.132,22.309,22.52,5089595.0
1677528000000,22.52,22.789,22.338,22.665,2543900.0
1677542400000,22.665,22.74,22.41,22.61,1959874.0
1677556800000,22.611,22.612,22.057,22.079,2610011.0
1677571200000,22.08,22.313,22.038,22.184,2366343.0
1677585600000,22.185,22.596,22.184,22.529,3857321.0
1677600000000,22.528,22.696,22.152,22.192,2993453.0
1677614400000,22.191,22.243,21.733,21.875,4299844.0
1677628800000,21.877,22.396,21.639,22.315,3289809.0
1677643200000,22.315,22.67,22.286,22.579,2842760.0
1677657600000,22.58,22.904,22.524,22.68,2899827.0
1677672000000,22.68,22.857,22.517,22.659,3631334.0
1677686400000,22.659,22.664,22.101,22.149,3104049.0
1677700800000,22.149,22.542,22.106,22.499,2397464.0
1677715200000,22.502,22.656,21.885,22.039,3115227.0
1677729600000,22.038,22.172,21.837,21.972,1846141.0
1677744000000,21.971,22.099,21.884,22.066,2023375.0
1677758400000,22.066,22.085,21.654,21.821,4414537.0
1677772800000,21.819,22.148,21.689,22.073,2694072.0
1677787200000,22.071,22.145,21.907,21.991,1854247.0
1677801600000,21.991,22.003,20.291,20.85,8586735.0
1677816000000,20.849,21.237,20.803,21.049,2858168.0
1677830400000,21.048,21.218,21.047,21.133,2049517.0
1677844800000,21.133,21.441,20.985,21.256,4635621.0
1677859200000,21.255,21.451,21.15,21.421,2590107.0
1677873600000,21.423,21.533,21.154,21.404,2347478.0
1677888000000,21.405,21.62,21.287,21.318,1761131.0
1677902400000,21.317,21.364,21.008,21.163,1746069.0
1677916800000,21.163,21.244,21.066,21.152,1178456.0
1677931200000,21.152,21.187,20.915,20.948,1634829.0
1677945600000,20.95,21.036,20.565,20.674,2193360.0
1677960000000,20.675,20.992,20.175,20.977,4513585.0
1677974400000,20.976,21.727,20.917,21.325,5850316.0
1677988800000,21.325,21.438,21.209,21.295,1445299.0
1678003200000,21.295,21.371,21.131,21.191,1604218.0
1678017600000,21.19,21.349,21.144,21.262,2358144.0
1678032000000,21.261,21.316,21.0,21.093,1802934.0
1678046400000,21.092,21.334,20.821,20.96,2674369.0
1678060800000,20.96,21.08,20.65,20.91,3258951.0
1678075200000,20.909,20.948,20.575,20.743,1984417.0
1678089600000,20.743,20.776,20.6,20.681,1811217.0
1678104000000,20.681,21.082,20.526,21.044,3540215.0
1678118400000,21.044,21.18,20.735,20.75,3185114.0
1678132800000,20.752,20.76,20.436,20.622,2853747.0
1678147200000,20.621,20.958,20.424,20.786,2679183.0
1678161600000,20.786,20.846,20.667,20.695,1327577.0
1678176000000,20.696,20.728,20.251,20.3,2934433.0
1678190400000,20.302,20.64,19.866,20.41,8258841.0
1678204800000,20.411,20.499,19.92,20.001,4849976.0
1678219200000,20.001,20.277,19.682,20.233,4590334.0
1678233600000,20.233,20.385,19.781,19.989,3129673.0
1678248000000,19.989,20.051,19.114,19.181,5748407.0
1678262400000,19.18,19.525,19.141,19.323,3564976.0
1678276800000,19.322,19.377,18.615,19.212,11723561.0
1678291200000,19.212,19.396,18.456,18.658,7594704.0
1678305600000,18.657,18.95,18.1,18.413,8918489.0
1678320000000,18.412,18.664,18.349,18.577,3871706.0
1678334400000,18.576,18.773,18.459,18.485,3010880.0
1678348800000,18.484,18.609,18.224,18.535,5101986.0
1678363200000,18.535,18.677,18.131,18.349,8410464.0
1678377600000,18.35,18.393,17.454,17.718,13156020.0
1678392000000,17.719,17.733,16.628,17.318,14958370.0
1678406400000,17.317,17.341,16.77,17.146,7613444.0
1678420800000,17.146,17.183,16.586,16.977,6851064.0
1678435200000,16.977,17.019,15.993,16.685,13044766.0
1678449600000,16.685,17.919,16.588,17.648,20781670.0
1678464000000,17.647,17.959,17.41,17.763,10192344.0
1678478400000,17.764,18.344,17.436,18.15,7915820.0
1678492800000,18.151,18.859,18.019,18.17,8837873.0
1678507200000,18.167,18.261,16.951,17.053,9306581.0
1678521600000,17.054,17.75,16.927,17.39,9249913.0
1678536000000,17.39,17.519,17.054,17.131,5248641.0
1678550400000,17.132,17.94,16.97,17.92,7261878.0
1678564800000,17.92,18.2,17.825,18.061,5434307.0
1678579200000,18.059,18.128,17.773,17.919,3274179.0
1678593600000,17.92,18.085,17.7,17.829,2730340.0
1678608000000,17.83,18.277,17.786,18.115,3585993.0
1678622400000,18.114,18.132,17.72,17.827,4772408.0
1678636800000,17.827,18.837,17.759,18.379,10132207.0
1678651200000,18.381,20.7,18.371,20.193,14056338.0
1678665600000,20.193,20.589,19.451,19.542,7690835.0
1678680000000,19.542,19.835,19.514,19.726,3687533.0
1678694400000,19.726,19.775,18.9,19.216,7220170.0
1678708800000,19.214,21.418,18.872,20.717,19713620.0
1678723200000,20.717,20.98,20.321,20.521,7410439.0
1678737600000,20.52,20.634,20.15,20.399,3416303.0
1678752000000,20.403,20.497,20.146,20.419,3858689.0
1678766400000,20.419,20.678,19.929,20.006,4280929.0
1678780800000,20.006,20.229,19.758,20.118,4705598.0
1678795200000,20.117,22.152,20.028,21.924,18025622.0
1678809600000,21.923,22.039,20.28,20.921,11545400.0
1678824000000,20.921,21.053,20.245,20.87,6538578.0
1678838400000,20.869,21.238,20.601,21.057,4466509.0
1678852800000,21.058,21.473,20.982,21.236,4117076.0
1678867200000,21.234,21.252,20.179,20.588,6517122.0
1678881600000,20.588,21.173,19.02,19.237,14434631.0
1678896000000,19.237,19.436,18.633,19.089,12146211.0
1678910400000,19.092,19.473,18.993,19.24,4042051.0
1678924800000,19.239,19.471,18.869,19.313,4155020.0
1678939200000,19.312,19.617,19.047,19.496,4263821.0
1678953600000,19.495,19.85,19.25,19.643,4895101.0
1678968000000,19.645,19.71,19.018,19.572,6836698.0
1678982400000,19.574,19.91,19.265,19.759,4770659.0
1678996800000,19.76,19.768,19.251,19.662,3131659.0
1679011200000,19.662,20.263,19.405,19.982,5029536.0
1679025600000,19.984,20.259,19.872,19.992,3689382.0
1679040000000,19.992,20.72,19.912,20.661,5093634.0
1679054400000,20.664,20.676,19.8,20.025,6820411.0
1679068800000,20.025,20.62,19.895,20.521,4591953.0
1679083200000,20.524,21.696,20.297,21.598,8618345.0
1679097600000,21.598,23.0,21.266,22.664,10591610.0
1679112000000,22.666,22.879,22.145,22.197,3827729.0
1679126400000,22.196,22.528,21.802,22.503,4458913.0
1679140800000,22.504,22.534,21.44,21.84,6623015.0
1679155200000,21.841,22.432,21.23,21.947,6326629.0
1679169600000,21.947,22.191,21.054,21.213,4248851.0
1679184000000,21.212,21.864,21.209,21.825,3041632.0
1679198400000,21.822,21.93,21.308,21.561,2699590.0
1679212800000,21.562,21.78,21.233,21.701,4111198.0
1679227200000,21.701,22.134,21.486,22.0,4671413.0
1679241600000,22.001,22.439,21.971,22.187,5738379.0
1679256000000,22.185,22.299,21.69,21.864,5053901.0
1679270400000,21.864,23.0,21.587,21.708,10138028.0
1679284800000,21.708,23.186,21.334,23.106,9610646.0
1679299200000,23.105,23.6,22.909,23.314,10327166.0
1679313600000,23.314,23.91,22.923,23.156,11178416.0
1679328000000,23.157,23.44,21.82,22.126,12719962.0
1679342400000,22.126,22.78,22.003,22.121,5628962.0
1679356800000,22.121,22.751,21.996,22.435,5829001.0
1679371200000,22.434,22.637,21.687,21.92,4897111.0
1679385600000,21.92,22.52,21.516,22.434,7257237.0
1679400000000,22.433,23.333,22.342,22.909,9729825.0
1679414400000,22.909,23.2,22.107,22.52,7135473.0
1679428800000,22.521,22.667,22.224,22.526,3759526.0
1679443200000,22.523,22.53,22.001,22.302,3174805.0
1679457600000,22.298,22.549,22.209,22.307,2617917.0
1679472000000,22.308,22.704,22.095,22.473,4466828.0
1679486400000,22.473,23.094,22.31,22.624,5636181.0
1679500800000,22.625,22.969,20.918,21.089,13499059.0
1679515200000,21.089,21.837,20.952,21.404,6102326.0
1679529600000,21.403,21.587,21.08,21.259,2849182.0
1679544000000,21.259,21.723,21.179,21.691,2356528.0
1679558400000,21.69,21.791,21.558,21.744,2583644.0
1679572800000,21.745,22.745,21.365,22.392,7394329.0
1679587200000,22.392,22.75,21.695,22.079,6800706.0
1679601600000,22.081,22.246,21.882,22.157,2268501.0
1679616000000,22.158,22.268,22.008,22.078,1552685.0
1679630400000,22.076,22.135,21.871,21.985,1829185.0
1679644800000,21.983,22.018,21.001,21.402,4421896.0
1679659200000,21.393,21.751,20.96,21.181,5351791.0
1679673600000,21.18,21.309,20.26,20.742,6529302.0
1679688000000,20.743,20.791,20.322,20.649,3124306.0
1679702400000,20.649,20.898,20.606,20.712,1609463.0
1679716800000,20.713,20.798,20.488,20.598,1215344.0
1679731200000,20.598,20.697,20.39,20.648,1719521.0
1679745600000,20.649,20.966,20.549,20.858,2825495.0
1679760000000,20.859,20.908,20.074,20.133,3197033.0
1679774400000,20.132,20.443,20.102,20.394,1754363.0
1679788800000,20.395,20.75,20.27,20.669,1652893.0
1679803200000,20.669,20.873,20.619,20.761,1235711.0
1679817600000,20.761,20.958,20.688,20.829,1943846.0
1679832000000,20.829,21.127,20.729,20.802,2843750.0
1679846400000,20.802,21.0,20.635,20.911,1769009.0
1679860800000,20.911,21.09,20.743,20.931,1522137.0
1679875200000,20.929,20.978,20.55,20.699,1883676.0
1679889600000,20.698,20.733,20.358,20.435,2076367.0
1679904000000,20.436,20.65,20.335,20.606,1957013.0
1679918400000,20.607,20.707,19.297,19.765,6974865.0
1679932800000,19.765,19.95,19.579,19.675,3678201.0
1679947200000,19.676,19.939,19.566,19.887,2036635.0
1679961600000,19.887,19.995,19.595,19.712,2157171.0
1679976000000,19.711,20.069,19.7,19.87,2118921.0
1679990400000,19.869,20.182,19.6,20.086,3009966.0
1680004800000,20.086,20.389,19.817,20.231,4297393.0
1680019200000,20.23,20.898,20.021,20.69,4753364.0
1680033600000,20.69,20.738,20.2,20.439,2839498.0
1680048000000,20.44,20.855,20.412,20.646,2163503.0
1680062400000,20.647,21.287,20.617,21.202,3599698.0
1680076800000,21.202,21.55,21.101,21.205,3417934.0
1680091200000,21.206,21.343,20.939,21.226,3798993.0
1680105600000,21.226,21.239,20.939,21.17,2195362.0
1680120000000,21.171,21.321,20.894,21.086,2008248.0
1680134400000,21.087,21.661,20.5,21.043,5914169.0
1680148800000,21.042,21.215,20.839,21.007,2369318.0
1680163200000,21.008,21.045,20.5,20.666,3245081.0
1680177600000,20.666,20.696,20.394,20.521,3758436.0
1680192000000,20.521,20.521,20.129,20.48,3771309.0
1680206400000,20.48,20.708,20.361,20.543,1826492.0
1680220800000,20.542,20.74,20.425,20.513,1991805.0
1680235200000,20.513,20.612,20.01,20.288,2553768.0
1680249600000,20.289,20.414,20.207,20.31,1845363.0
1680264000000,20.311,20.985,20.206,20.858,4601785.0
1680278400000,20.857,21.008,20.68,20.973,2536977.0
1680292800000,20.973,21.486,20.821,21.161,2458680.0
1680307200000,21.16,21.344,20.907,21.017,1945365.0
1680321600000,21.017,21.272,20.826,21.007,1621252.0
1680336000000,21.008,21.111,20.916,21.016,1308661.0
1680350400000,21.015,21.09,20.85,20.952,1535379.0
1680364800000,20.954,21.038,20.73,20.936,1681613.0
1680379200000,20.935,21.224,20.932,21.079,1335628.0
1680393600000,21.079,21.146,20.868,21.018,1031515.0
1680408000000,21.017,21.306,20.912,21.17,1229103.0
1680422400000,21.171,21.2,20.958,20.986,1105867.0
1680436800000,20.986,20.996,20.4,20.57,3115645.0
1680451200000,20.571,20.662,20.201,20.335,2189971.0
1680465600000,20.335,20.57,20.258,20.509,1449075.0
1680480000000,20.509,20.565,19.937,20.026,2588361.0
1680494400000,20.026,20.258,19.977,20.254,1416632.0
1680508800000,20.254,20.577,20.238,20.394,2677842.0
1680523200000,20.393,20.599,20.057,20.306,2584610.0
1680537600000,20.306,20.949,20.134,20.891,4310268.0
1680552000000,20.891,20.989,20.04,20.444,4444032.0
1680566400000,20.445,20.567,20.273,20.406,1296754.0
1680580800000,20.405,20.633,20.311,20.515,1383610.0
1680595200000,20.517,21.006,20.455,20.967,2858893.0
1680609600000,20.967,21.269,20.664,20.851,3857345.0
1680624000000,20.85,21.007,20.743,20.941,1628779.0
1680638400000,20.941,21.084,20.808,20.905,1325474.0
1680652800000,20.904,21.34,20.82,21.131,2688163.0
1680667200000,21.129,21.3,21.105,21.187,1303441.0
1680681600000,21.188,21.275,21.068,21.182,1175321.0
1680696000000,21.183,21.247,20.532,20.793,4832375.0
1680710400000,20.794,20.973,20.625,20.906,2124143.0
1680724800000,20.907,21.044,20.805,20.957,1124058.0
1680739200000,20.957,20.987,20.508,20.816,1857784.0
1680753600000,20.816,20.825,20.61,20.628,997674.0
1680768000000,20.627,20.747,20.345,20.679,2071602.0
1680782400000,20.679,20.812,20.445,20.728,2160861.0
1680796800000,20.728,20.86,20.601,20.705,1280668.0
1680811200000,20.705,20.778,20.511,20.608,1106323.0
1680825600000,20.609,20.771,20.371,20.546,1472203.0
1680840000000,20.545,20.554,20.218,20.271,1585647.0
1680854400000,20.272,20.43,20.195,20.31,1233625.0
1680868800000,20.31,20.646,20.263,20.526,1652899.0
1680883200000,20.527,20.562,20.41,20.48,769151.0
1680897600000,20.48,20.522,20.324,20.433,777637.0
1680912000000,20.434,20.485,20.25,20.472,923285.0
1680926400000,20.472,20.726,20.427,20.601,1208342.0
1680940800000,20.6,20.638,20.519,20.562,604156.0
1680955200000,20.561,20.568,20.307,20.441,953935.0
1680969600000,20.44,20.444,20.05,20.186,1696654.0
1680984000000,20.187,20.226,19.821,20.025,1591875.0
1680998400000,20.024,20.236,20.005,20.099,988711.0
1681012800000,20.098,20.248,19.847,20.0,1282523.0
1681027200000,19.999,20.19,19.934,20.18,855561.0
1681041600000,20.182,20.32,20.0,20.112,1229986.0
1681056000000,20.112,20.425,20.054,20.274,1634168.0
1681070400000,20.275,20.439,20.189,20.278,1303184.0
1681084800000,20.277,20.34,20.11,20.257,1007325.0
1681099200000,20.257,20.342,20.164,20.239,605580.0
1681113600000,20.239,20.373,20.21,20.276,811697.0
1681128000000,20.276,20.295,20.063,20.21,1529605.0
1681142400000,20.211,20.713,20.161,20.678,3113844.0
1681156800000,20.679,20.95,20.527,20.893,2417108.0
1681171200000,20.892,21.299,20.819,21.263,3163363.0
1681185600000,21.264,22.688,21.206,22.468,12432111.0
1681200000000,22.468,22.616,22.207,22.233,6595419.0
1681214400000,22.233,23.491,22.129,23.306,17113553.0
1681228800000,23.306,23.7,23.025,23.433,14667491.0
1681243200000,23.436,23.492,22.801,22.999,8575863.0
1681257600000,22.999,23.557,22.311,22.557,17501291.0
1681272000000,22.556,24.1,22.502,23.683,16427397.0
1681286400000,23.683,23.902,23.268,23.483,11290747.0
1681300800000,23.483,24.492,23.239,23.592,25724545.0
1681315200000,23.591,24.394,23.522,23.881,14903981.0
1681329600000,23.882,24.17,23.6,23.798,6170423.0
1681344000000,23.798,24.121,23.635,23.989,7454819.0
1681358400000,23.99,24.29,23.85,24.109,6535091.0
1681372800000,24.109,24.6,23.897,24.309,10411617.0
1681387200000,24.31,25.29,24.248,24.612,14231741.0
1681401600000,24.611,24.894,24.374,24.742,5349623.0
1681416000000,24.742,24.789,24.3,24.424,3685615.0
1681430400000,24.423,25.369,24.2,25.092,10824656.0
1681444800000,25.092,25.5,24.853,24.914,7439961.0
1681459200000,24.915,25.137,24.81,25.023,3848348.0
1681473600000,25.023,25.1,23.801,23.845,10351031.0
1681488000000,23.845,24.75,23.725,24.54,6788390.0
1681502400000,24.539,25.0,24.429,24.721,3762709.0
1681516800000,24.72,24.809,24.151,24.264,3189705.0
1681531200000,24.267,24.516,24.01,24.413,2449592.0
1681545600000,24.413,24.531,24.22,24.37,2308075.0
1681560000000,24.37,24.53,24.156,24.351,2795202.0
1681574400000,24.35,24.427,23.847,24.053,3466295.0
1681588800000,24.053,24.159,23.811,24.057,2113761.0
1681603200000,24.057,24.514,23.824,24.343,3345546.0
1681617600000,24.343,24.47,24.201,24.26,1722417.0
1681632000000,24.26,24.359,23.964,24.072,2080061.0
1681646400000,24.072,24.384,24.0,24.326,2279938.0
1681660800000,24.326,24.857,24.21,24.549,3562591.0
1681675200000,24.55,25.538,24.327,25.352,8346791.0
1681689600000,25.352,26.067,24.8,25.832,11044345.0
1681704000000,25.832,26.0,25.101,25.145,5298929.0
1681718400000,25.145,25.39,24.681,24.926,5571040.0
1681732800000,24.925,25.48,24.303,24.543,10023796.0
1681747200000,24.543,24.908,24.353,24.745,3792408.0
1681761600000,24.745,24.798,24.46,24.59,1977245.0
1681776000000,24.59,24.685,24.0,24.435,3795832.0
1681790400000,24.434,25.167,24.355,25.097,4235019.0
1681804800000,25.099,25.46,24.866,25.365,4476264.0
1681819200000,25.363,25.414,24.825,24.944,4853388.0
1681833600000,24.943,25.021,24.428,24.684,4048856.0
1681848000000,24.684,24.927,24.583,24.829,2229218.0
1681862400000,24.829,24.995,24.534,24.624,2038455.0
1681876800000,24.623,24.785,24.252,24.358,3322487.0
1681891200000,24.358,24.359,21.517,23.198,15683529.0
1681905600000,23.197,23.55,22.911,23.325,5438177.0
1681920000000,23.326,23.49,22.794,22.983,4594923.0
1681934400000,22.982,23.159,22.104,22.655,5269033.0
1681948800000,22.654,23.094,22.355,22.852,3780968.0
1681963200000,22.853,23.067,22.555,22.607,3726485.0
1681977600000,22.606,22.873,22.21,22.331,4133444.0
1681992000000,22.332,23.18,22.043,22.114,7555913.0
1682006400000,22.116,22.42,21.6,21.771,9135233.0
1682020800000,21.77,22.29,21.68,22.184,2866776.0
1682035200000,22.185,22.4,21.968,22.298,2683430.0
1682049600000,22.299,22.346,21.811,22.253,3560482.0
1682064000000,22.253,22.382,21.917,22.019,3262325.0
1682078400000,22.018,22.3,21.769,21.866,4478892.0
1682092800000,21.866,21.937,20.809,21.2,7384434.0
1682107200000,21.199,21.42,20.966,21.247,3301903.0
1682121600000,21.246,21.391,21.033,21.372,1719894.0
1682136000000,21.371,21.489,21.211,21.27,1334065.0
1682150400000,21.27,21.383,21.2,21.355,1168555.0
1682164800000,21.355,21.721,21.349,21.72,2611891.0
1682179200000,21.721,21.928,21.608,21.753,2780808.0
1682193600000,21.752,21.99,21.673,21.782,1640413.0
1682208000000,21.783,21.795,21.42,21.707,1946935.0
1682222400000,21.708,22.145,21.67,22.069,2423441.0
1682236800000,22.072,22.2,21.91,22.128,2884762.0
1682251200000,22.129,22.245,21.456,21.641,4057111.0
1682265600000,21.64,21.683,20.9,21.178,4950295.0
1682280000000,21.178,21.548,21.075,21.461,2059139.0
1682294400000,21.461,22.0,21.25,21.711,3537049.0
1682308800000,21.712,21.774,21.15,21.281,2975283.0
1682323200000,21.281,21.729,21.119,21.726,3320370.0
1682337600000,21.725,21.979,21.283,21.343,4440695.0
1682352000000,21.344,21.549,20.974,21.319,4176253.0
1682366400000,21.319,21.465,21.25,21.373,1710869.0
1682380800000,21.377,21.457,20.8,20.873,2994545.0
1682395200000,20.873,21.144,20.826,20.879,2248575.0
1682409600000,20.878,21.049,20.714,20.998,3520482.0
1682424000000,20.999,21.163,20.726,20.861,4173884.0
1682438400000,20.861,21.282,20.754,21.154,3826716.0
1682452800000,21.156,21.959,21.147,21.924,4855943.0
1682467200000,21.923,22.063,21.722,21.799,2271097.0
1682481600000,21.799,22.178,21.795,21.914,2243414.0
1682496000000,21.915,22.625,21.909,22.447,5093509.0
1682510400000,22.446,22.977,22.44,22.669,6357500.0
1682524800000,22.67,22.83,20.687,21.069,9059327.0
1682539200000,21.069,21.516,20.291,21.256,9281386.0
1682553600000,21.256,22.082,21.155,21.614,6355401.0
1682568000000,21.613,21.993,21.5,21.66,2904797.0
1682582400000,21.659,21.764,21.511,21.635,2453137.0
1682596800000,21.635,22.445,21.285,22.24,6972700.0
1682611200000,22.241,22.541,22.014,22.315,4674555.0
1682625600000,22.317,22.486,22.099,22.326,3003613.0
1682640000000,22.325,22.672,22.182,22.304,2707222.0
1682654400000,22.304,22.66,22.294,22.601,2175217.0
1682668800000,22.601,22.866,22.327,22.479,4028527.0
1682683200000,22.478,22.743,22.135,22.372,5604548.0
1682697600000,22.372,23.45,22.365,23.296,11556353.0
1682712000000,23.299,23.498,23.114,23.331,3942612.0
1682726400000,23.33,23.477,23.188,23.292,2754990.0
1682740800000,23.292,23.397,23.11,23.256,1956045.0
1682755200000,23.257,23.346,23.164,23.28,2436617.0
1682769600000,23.279,23.901,23.223,23.344,6805737.0
1682784000000,23.344,23.385,22.83,23.286,3602696.0
1682798400000,23.286,23.291,22.918,23.175,2614729.0
1682812800000,23.175,23.198,22.961,23.139,1701024.0
1682827200000,23.14,23.476,23.062,23.412,2463816.0
1682841600000,23.413,23.733,23.409,23.488,4091487.0
1682856000000,23.489,24.0,23.325,23.665,5248241.0
1682870400000,23.667,23.867,23.021,23.175,4885706.0
1682884800000,23.173,23.223,22.65,22.729,3869367.0
1682899200000,22.728,22.88,21.74,22.177,6405998.0
1682913600000,22.177,22.363,21.994,22.313,2765823.0
1682928000000,22.312,22.342,22.137,22.204,1989493.0
1682942400000,22.202,22.302,21.721,21.872,5273341.0
1682956800000,21.873,21.981,21.506,21.736,5285167.0
1682971200000,21.735,22.064,21.589,21.939,2599581.0
1682985600000,21.939,22.015,21.726,21.86,1833310.0
1683000000000,21.86,22.0,21.734,21.891,1361526.0
1683014400000,21.89,21.99,21.78,21.976,1905190.0
1683028800000,21.976,22.292,21.75,22.178,5631251.0
1683043200000,22.176,22.37,22.086,22.28,2517849.0
1683057600000,22.282,22.33,22.15,22.244,1779097.0
1683072000000,22.243,22.261,21.743,21.875,2862087.0
1683086400000,21.875,21.997,21.58,21.736,3005389.0
1683100800000,21.735,21.834,21.326,21.393,3153899.0
1683115200000,21.392,21.483,21.22,21.318,5487145.0
1683129600000,21.318,21.7,21.253,21.394,6697627.0
1683144000000,21.392,22.297,21.378,22.227,5433398.0
1683158400000,22.227,22.473,22.128,22.222,3757745.0
1683172800000,22.222,22.338,22.097,22.108,2449260.0
1683187200000,22.108,22.451,22.08,22.239,2906514.0
1683201600000,22.238,22.318,21.753,21.796,5380844.0
1683216000000,21.797,21.912,21.61,21.747,3394445.0
1683230400000,21.747,21.787,21.616,21.726,1776446.0
1683244800000,21.726,22.111,21.66,21.887,3468981.0
1683259200000,21.887,21.997,21.635,21.776,2437688.0
1683273600000,21.776,22.04,21.761,22.009,2058289.0
1683288000000,22.01,22.481,21.5,22.309,7222022.0
1683302400000,22.308,22.94,22.308,22.861,7824612.0
1683316800000,22.861,23.073,22.763,22.813,3327235.0
1683331200000,22.813,23.233,22.631,22.719,4801606.0
1683345600000,22.718,22.795,22.54,22.629,2556618.0
1683360000000,22.63,22.667,22.42,22.651,3117748.0
1683374400000,22.653,22.68,21.51,21.763,8150489.0
1683388800000,21.763,22.164,21.719,21.971,2972864.0
1683403200000,21.968,22.011,21.811,21.908,1347988.0
1683417600000,21.909,22.022,21.7,21.863,2192168.0
1683432000000,21.864,22.063,21.861,22.042,1258393.0
1683446400000,22.043,22.242,21.923,22.087,2287477.0
1683460800000,22.087,22.547,22.087,22.446,3525008.0
1683475200000,22.446,22.778,22.375,22.431,5060908.0
1683489600000,22.431,22.55,21.643,21.659,4671039.0
1683504000000,21.659,21.816,20.6,21.291,7353457.0
1683518400000,21.291,21.422,20.867,21.211,3912874.0
1683532800000,21.211,21.309,21.028,21.253,3947440.0
1683547200000,21.253,21.386,21.063,21.144,4673133.0
1683561600000,21.145,21.184,19.838,20.382,9264926.0
1683576000000,20.381,20.737,20.301,20.615,3017550.0
1683590400000,20.616,20.789,20.5,20.619,2325594.0
1683604800000,20.619,20.706,20.403,20.672,2333570.0
1683619200000,20.673,20.805,20.504,20.797,2474003.0
1683633600000,20.798,20.981,20.467,20.538,4500256.0
1683648000000,20.539,20.836,20.399,20.608,3601146.0
1683662400000,20.608,20.722,20.417,20.648,1936524.0
1683676800000,20.649,20.875,20.596,20.688,2124790.0
1683691200000,20.686,20.81,20.525,20.539,1925885.0
1683705600000,20.539,20.748,20.47,20.73,2161317.0
1683720000000,20.732,21.294,20.635,21.074,7311993.0
1683734400000,21.074,21.18,19.626,20.96,9129762.0
1683748800000,20.961,21.284,20.749,20.909,4113157.0
1683763200000,20.909,20.922,20.511,20.537,3017474.0
1683777600000,20.537,20.685,20.518,20.582,2041369.0
1683792000000,20.581,20.636,20.3,20.49,2703289.0
1683806400000,20.492,20.78,19.868,20.151,7257843.0
1683820800000,20.151,20.184,19.65,19.995,5802882.0
1683835200000,19.998,20.313,19.955,20.163,2495101.0
1683849600000,20.164,20.271,19.816,19.981,3175078.0
1683864000000,19.981,20.208,19.79,20.082,3483725.0
1683878400000,20.083,20.349,20.044,20.269,2459436.0
1683892800000,20.269,20.931,20.259,20.282,4923659.0
1683907200000,20.283,20.56,19.89,20.481,4722281.0
1683921600000,20.481,20.938,20.407,20.898,3800213.0
1683936000000,20.898,21.184,20.792,21.143,2940894.0
1683950400000,21.143,21.234,20.977,21.205,2391333.0
1683964800000,21.205,21.29,21.023,21.068,2044574.0
1683979200000,21.068,21.13,20.759,20.858,2512708.0
1683993600000,20.856,21.13,20.779,20.93,2432025.0
1684008000000,20.93,21.01,20.825,20.832,1282835.0
1684022400000,20.832,20.984,20.611,20.939,2791884.0
1684036800000,20.938,21.179,20.905,21.082,1838978.0
1684051200000,21.085,21.111,20.937,20.958,1209969.0
1684065600000,20.959,21.29,20.843,21.171,2813563.0
1684080000000,21.171,21.19,20.851,20.91,1788090.0
1684094400000,20.91,20.978,20.807,20.917,1276658.0
1684108800000,20.915,21.288,20.589,21.218,4525237.0
1684123200000,21.218,21.497,21.09,21.38,3526158.0
1684137600000,21.38,21.518,21.255,21.276,2277266.0
1684152000000,21.276,21.446,21.173,21.37,2908023.0
1684166400000,21.371,21.485,21.095,21.157,2833303.0
1684180800000,21.157,21.159,20.912,20.971,2108700.0
1684195200000,20.971,21.121,20.647,20.862,3079652.0
1684209600000,20.863,21.06,20.749,21.033,1640441.0
1684224000000,21.032,21.1,20.796,20.869,1825878.0
1684238400000,20.869,20.891,20.629,20.773,3030261.0
1684252800000,20.774,20.82,20.454,20.491,2633182.0
1684267200000,20.491,20.732,20.427,20.669,2822412.0
1684281600000,20.669,21.07,20.573,20.954,2951172.0
1684296000000,20.954,20.995,20.531,20.557,2421081.0
1684310400000,20.557,20.678,20.451,20.515,2752230.0
1684324800000,20.514,20.725,20.412,20.582,3178227.0
1684339200000,20.582,21.137,20.532,21.024,4946060.0
1684353600000,21.024,21.2,20.931,21.047,2774626.0
1684368000000,21.048,21.085,20.866,21.032,1901817.0
1684382400000,21.032,21.045,20.743,20.918,2221204.0
1684396800000,20.917,20.949,20.736,20.823,1918413.0
1684411200000,20.823,20.831,20.45,20.512,3901397.0
1684425600000,20.512,20.591,20.053,20.329,4812088.0
1684440000000,20.329,20.511,20.27,20.329,1850377.0
1684454400000,20.329,20.41,20.271,20.328,1307665.0
1684468800000,20.329,20.465,20.294,20.422,1211000.0
1684483200000,20.423,20.514,20.362,20.445,1199790.0
1684497600000,20.446,20.586,20.202,20.403,3150308.0
1684512000000,20.403,20.5,20.308,20.365,1643671.0
1684526400000,20.364,20.393,20.317,20.343,807847.0
1684540800000,20.343,20.358,20.134,20.27,1330881.0
1684555200000,20.27,20.28,20.058,20.16,1322375.0
1684569600000,20.159,20.242,20.156,20.206,836410.0
1684584000000,20.206,20.311,20.168,20.268,903234.0
1684598400000,20.268,20.346,20.189,20.28,1423436.0
1684612800000,20.281,20.303,20.205,20.264,794787.0
1684627200000,20.265,20.389,20.214,20.235,1139402.0
1684641600000,20.235,20.29,20.221,20.28,589803.0
1684656000000,20.28,20.33,20.08,20.137,1566329.0
1684670400000,20.136,20.184,19.8,19.919,3339340.0
1684684800000,19.919,19.995,19.815,19.975,2069978.0
1684699200000,19.976,20.053,19.3,19.605,3892388.0
1684713600000,19.604,19.667,19.266,19.528,2828159.0
1684728000000,19.528,19.78,19.516,19.683,2075454.0
1684742400000,19.683,19.915,19.681,19.865,2598007.0
1684756800000,19.865,20.026,19.561,19.66,4029483.0
1684771200000,19.66,19.758,19.569,19.682,2025691.0
1684785600000,19.683,19.74,19.501,19.514,1650024.0
1684800000000,19.514,20.17,19.402,20.038,4500449.0
1684814400000,20.038,20.099,19.71,19.836,2861393.0
1684828800000,19.836,19.927,19.734,19.915,1856980.0
1684843200000,19.916,20.057,19.8,19.996,3299978.0
1684857600000,19.996,20.145,19.871,20.023,3299213.0
1684872000000,20.024,20.114,19.971,20.024,1644434.0
1684886400000,20.024,20.068,19.429,19.545,4333581.0
1684900800000,19.546,19.588,19.36,19.41,3698048.0
1684915200000,19.41,19.552,19.301,19.413,2817320.0
1684929600000,19.412,19.476,18.53,19.159,8689177.0
1684944000000,19.16,19.288,19.03,19.186,3487847.0
1684958400000,19.185,19.363,19.138,19.201,2152129.0
1684972800000,19.202,19.392,18.755,19.357,3738988.0
1684987200000,19.357,19.469,19.26,19.265,2089647.0
1685001600000,19.266,19.416,19.231,19.379,1667973.0
1685016000000,19.379,19.615,19.178,19.229,3256177.0
1685030400000,19.229,19.429,19.189,19.313,2199920.0
1685044800000,19.313,19.332,19.203,19.243,1110856.0
1685059200000,19.244,19.361,19.165,19.281,1570946.0
1685073600000,19.282,19.31,19.075,19.301,1896364.0
1685088000000,19.301,19.35,19.243,19.292,1496359.0
1685102400000,19.294,19.552,19.205,19.42,3081293.0
1685116800000,19.42,19.484,19.289,19.459,1771894.0
1685131200000,19.459,19.489,19.342,19.349,902817.0
1685145600000,19.35,19.492,19.324,19.47,865856.0
1685160000000,19.471,19.647,19.437,19.524,1421251.0
1685174400000,19.525,19.539,19.43,19.476,990070.0
1685188800000,19.476,19.608,19.4,19.604,1734563.0
1685203200000,19.605,19.67,19.51,19.661,1678259.0
1685217600000,19.661,20.535,19.655,20.415,6776106.0
1685232000000,20.415,20.8,20.279,20.473,5190832.0
1685246400000,20.474,20.545,20.409,20.479,1807481.0
1685260800000,20.48,20.671,20.39,20.515,2514289.0
1685275200000,20.515,20.673,20.413,20.501,2071507.0
1685289600000,20.501,20.986,20.461,20.76,4076489.0
1685304000000,20.76,21.187,20.713,20.797,4268806.0
1685318400000,20.798,20.971,20.616,20.701,2844710.0
1685332800000,20.701,20.772,20.538,20.729,2003804.0
1685347200000,20.729,20.779,20.602,20.743,1384766.0
1685361600000,20.742,20.781,20.42,20.481,2695106.0
1685376000000,20.481,20.584,20.265,20.496,3952126.0
1685390400000,20.495,20.69,20.43,20.575,1457078.0
1685404800000,20.575,21.169,20.455,20.862,4203308.0
1685419200000,20.862,20.916,20.655,20.738,2083483.0
1685433600000,20.738,21.38,20.738,21.275,3856448.0
1685448000000,21.275,21.378,20.88,20.957,5504460.0
1685462400000,20.956,21.39,20.792,21.348,4308188.0
1685476800000,21.348,21.39,21.12,21.244,1957075.0
1685491200000,21.245,21.329,20.941,21.09,2043659.0
1685505600000,21.091,21.132,20.492,20.709,4341341.0
1685520000000,20.711,20.8,20.519,20.613,2267623.0
1685534400000,20.612,20.701,20.32,20.473,3114667.0
1685548800000,20.474,20.728,20.445,20.632,1756286.0
1685563200000,20.633,20.83,20.614,20.809,1329729.0
1685577600000,20.81,20.971,20.411,20.69,3062363.0
1685592000000,20.692,20.738,20.544,20.611,1632299.0
1685606400000,20.611,20.729,20.581,20.708,1318473.0
1685620800000,20.708,20.895,20.612,20.686,2522363.0
1685635200000,20.687,20.862,20.5,20.672,2687611.0
1685649600000,20.672,20.716,20.392,20.486,1394640.0
1685664000000,20.486,20.776,20.289,20.756,2228165.0
1685678400000,20.756,21.137,20.705,20.988,2636865.0
1685692800000,20.987,21.29,20.984,21.246,2271737.0
1685707200000,21.245,21.287,20.947,21.186,3529561.0
1685721600000,21.185,21.378,21.063,21.297,2032313.0
1685736000000,21.297,21.359,21.178,21.247,1316728.0
1685750400000,21.246,21.301,21.067,21.12,1035835.0
1685764800000,21.121,21.181,21.024,21.172,1156993.0
1685779200000,21.172,21.232,21.081,21.166,1098649.0
1685793600000,21.165,21.246,21.08,21.238,1224329.0
1685808000000,21.239,21.34,21.026,21.053,1770925.0
1685822400000,21.052,21.186,20.95,21.183,995252.0
1685836800000,21.184,21.308,21.026,21.254,1039754.0
1685851200000,21.254,21.84,21.215,21.607,3250543.0
1685865600000,21.609,21.724,21.473,21.694,1703342.0
1685880000000,21.694,22.149,21.675,22.04,4590048.0
1685894400000,22.04,22.297,21.895,22.186,3542092.0
1685908800000,22.187,22.287,21.77,21.814,3269794.0
1685923200000,21.814,22.047,21.502,21.531,3994402.0
1685937600000,21.531,21.69,21.404,21.649,2931473.0
1685952000000,21.649,21.682,21.496,21.593,1932910.0
1685966400000,21.593,21.594,19.85,19.94,8304020.0
1685980800000,19.94,20.614,19.114,20.017,12043829.0
1685995200000,20.017,20.117,19.653,19.997,2435084.0
1686009600000,19.997,20.02,19.694,19.98,1765016.0
1686024000000,19.982,20.105,19.901,20.085,1776336.0
1686038400000,20.086,20.112,19.817,19.874,1774138.0
1686052800000,19.875,20.13,19.229,19.935,10121461.0
1686067200000,19.934,20.654,19.901,20.569,5826287.0
1686081600000,20.573,20.698,20.221,20.379,3188196.0
1686096000000,20.38,20.523,20.001,20.145,2945438.0
1686110400000,20.144,20.237,19.955,19.998,1512225.0
1686124800000,19.999,20.092,19.55,19.937,3738086.0
1686139200000,19.938,19.958,19.21,19.307,5946470.0
1686153600000,19.308,19.308,18.58,18.963,7703938.0
1686168000000,18.964,18.979,18.499,18.627,4071868.0
1686182400000,18.627,18.87,18.212,18.458,3765564.0
1686196800000,18.457,18.76,18.376,18.638,3361663.0
1686211200000,18.638,18.813,18.537,18.766,2828344.0
1686225600000,18.767,18.992,18.7,18.896,4442873.0
1686240000000,18.896,18.911,18.546,18.847,2685836.0
1686254400000,18.846,19.112,18.806,18.873,2317838.0
1686268800000,18.873,18.91,18.578,18.755,2672788.0
1686283200000,18.754,18.799,18.458,18.581,2376311.0
1686297600000,18.58,19.378,18.54,19.258,4956689.0
1686312000000,19.258,19.32,18.47,18.668,6855816.0
1686326400000,18.668,18.669,17.193,17.382,14133484.0
1686340800000,17.383,17.744,17.095,17.384,9572468.0
1686355200000,17.385,17.418,15.928,16.28,18507576.0
1686369600000,16.279,16.464,12.6,14.393,54682941.0
1686384000000,14.393,15.086,14.212,14.895,17938818.0
1686398400000,14.894,14.906,14.4,14.768,14133551.0
1686412800000,14.766,15.864,14.5,15.314,24119724.0
1686427200000,15.314,15.87,15.177,15.605,9328755.0
1686441600000,15.606,15.777,15.351,15.547,6557323.0
1686456000000,15.547,15.722,15.249,15.381,7056720.0
1686470400000,15.381,15.704,15.28,15.518,7034725.0
1686484800000,15.517,15.675,15.101,15.211,7453586.0
1686499200000,15.212,16.18,15.125,15.977,11769272.0
1686513600000,15.977,16.15,15.348,15.534,7735125.0
1686528000000,15.535,15.594,14.9,15.086,9379674.0
1686542400000,15.087,15.3,14.976,15.074,5679084.0
1686556800000,15.074,15.703,15.007,15.401,8635198.0
1686571200000,15.402,15.47,15.125,15.199,6274679.0
1686585600000,15.199,15.321,14.708,14.95,10857811.0
1686600000000,14.949,15.395,14.892,15.183,5869088.0
1686614400000,15.183,15.523,14.994,15.331,6221065.0
1686628800000,15.33,15.508,15.115,15.412,4436121.0
1686643200000,15.413,15.691,15.339,15.628,7620495.0
1686657600000,15.629,16.0,14.751,14.79,16220541.0
1686672000000,14.79,15.165,14.763,14.956,6815239.0
1686686400000,14.956,15.078,14.85,15.025,3872666.0
1686700800000,15.026,15.29,14.9,15.227,4317319.0
1686715200000,15.227,15.257,14.99,15.043,3811451.0
1686729600000,15.044,15.24,15.025,15.195,3164269.0
1686744000000,15.195,15.287,14.98,15.092,4606779.0
1686758400000,15.092,15.372,14.88,15.077,9956070.0
1686772800000,15.078,15.124,13.97,14.476,13135590.0
1686787200000,14.476,15.089,14.397,14.915,5665469.0
1686801600000,14.915,14.928,14.619,14.81,6220249.0
1686816000000,14.811,14.914,14.429,14.658,7303014.0
1686830400000,14.658,14.807,14.346,14.471,7484047.0
1686844800000,14.472,14.812,14.161,14.752,10447937.0
1686859200000,14.752,15.069,14.587,14.766,6189397.0
1686873600000,14.767,14.864,14.62,14.788,2734947.0
1686888000000,14.789,14.979,14.771,14.846,2761316.0
1686902400000,14.847,14.943,14.51,14.561,4641214.0
1686916800000,14.56,15.094,14.315,15.001,8838557.0
1686931200000,15.001,15.475,14.882,15.27,8916375.0
1686945600000,15.271,15.432,15.214,15.306,3195367.0
1686960000000,15.307,15.42,15.154,15.416,2807174.0
1686974400000,15.417,16.211,15.354,15.847,8654087.0
1686988800000,15.847,15.936,15.705,15.761,3535066.0
1687003200000,15.762,15.912,15.545,15.647,4244075.0
1687017600000,15.647,15.785,15.608,15.646,2610706.0
1687032000000,15.645,15.758,15.577,15.633,1845656.0
1687046400000,15.633,15.653,15.405,15.577,2635494.0
1687060800000,15.576,15.694,15.466,15.576,2572737.0
1687075200000,15.576,15.74,15.491,15.713,2337558.0
1687089600000,15.713,15.787,15.602,15.706,2419844.0
1687104000000,15.706,15.842,15.671,15.804,1885112.0
1687118400000,15.804,15.83,15.25,15.43,5204765.0
1687132800000,15.429,15.581,15.32,15.484,2302426.0
1687147200000,15.484,15.535,15.389,15.464,1879742.0
1687161600000,15.466,15.563,15.4,15.552,1850471.0
1687176000000,15.551,15.697,15.442,15.554,3891913.0
1687190400000,15.555,15.989,15.419,15.849,8490297.0
1687204800000,15.849,16.154,15.781,16.1,4278382.0
1687219200000,16.1,16.316,16.0,16.021,5118271.0
1687233600000,16.02,16.12,15.903,15.968,2454121.0
1687248000000,15.968,15.975,15.78,15.915,2548530.0
1687262400000,15.915,16.09,15.715,15.939,5538526.0
1687276800000,15.939,16.497,15.84,16.345,9781154.0
1687291200000,16.344,16.682,16.264,16.632,4876897.0
1687305600000,16.632,17.221,16.551,16.755,7053044.0
1687320000000,16.755,16.957,16.702,16.816,4147496.0
1687334400000,16.817,16.88,16.62,16.776,3903055.0
1687348800000,16.775,17.089,16.511,16.883,7028772.0
1687363200000,16.883,17.307,16.802,17.122,8624089.0
1687377600000,17.124,17.395,16.954,17.22,4524340.0
1687392000000,17.221,17.737,17.155,17.525,4635445.0
1687406400000,17.524,17.55,17.13,17.365,3545415.0
1687420800000,17.365,17.393,16.538,16.844,6529193.0
1687435200000,16.844,17.166,16.621,16.887,5914552.0
1687449600000,16.888,17.103,16.788,16.929,3926797.0
1687464000000,16.929,16.948,16.56,16.62,2897628.0
1687478400000,16.619,16.79,16.504,16.776,2810558.0
1687492800000,16.777,16.858,16.674,16.766,2160399.0
1687507200000,16.766,16.833,16.527,16.585,3525300.0
1687521600000,16.584,17.051,16.129,16.961,9850184.0
1687536000000,16.961,17.29,16.832,17.113,9009858.0
1687550400000,17.113,17.526,16.905,17.129,5993815.0
1687564800000,17.129,17.535,17.033,17.36,5223593.0
1687579200000,17.36,17.417,17.005,17.064,2693199.0
1687593600000,17.06,17.316,17.055,17.2,2310579.0
1687608000000,17.201,17.388,16.4,16.614,6157290.0
1687622400000,16.612,16.785,16.376,16.677,4405161.0
1687636800000,16.676,16.687,16.32,16.634,2507746.0
1687651200000,16.633,16.985,16.555,16.974,2745772.0
1687665600000,16.976,17.36,16.918,17.26,4595824.0
1687680000000,17.262,17.376,16.996,17.239,3912880.0
1687694400000,17.238,17.292,16.75,17.104,5154083.0
1687708800000,17.103,17.274,16.874,16.978,4153850.0
1687723200000,16.979,17.099,16.781,16.947,2360435.0
1687737600000,16.949,16.957,16.514,16.742,4129542.0
1687752000000,16.741,17.054,16.597,16.92,3195271.0
1687766400000,16.919,16.97,16.707,16.918,3151315.0
1687780800000,16.918,17.115,16.725,16.813,4473619.0
1687795200000,16.812,16.812,16.072,16.299,7049885.0
1687809600000,16.299,16.322,15.888,16.264,4130990.0
1687824000000,16.265,16.488,16.121,16.482,3161718.0
1687838400000,16.482,16.733,16.34,16.733,3169735.0
1687852800000,16.732,16.77,16.5,16.682,3359419.0
1687867200000,16.681,16.83,16.321,16.392,5171175.0
1687881600000,16.392,16.815,16.332,16.716,3530295.0
1687896000000,16.716,16.938,16.482,16.621,4174581.0
1687910400000,16.624,16.649,16.112,16.393,5806684.0
1687924800000,16.393,16.393,15.744,15.956,5754011.0
1687939200000,15.955,16.22,15.899,16.198,2924096.0
1687953600000,16.197,16.523,16.074,16.319,6083770.0
1687968000000,16.319,16.398,15.473,15.893,6475846.0
1687982400000,15.893,16.09,15.765,15.967,3349862.0
1687996800000,15.968,16.194,15.857,16.029,2861603.0
1688011200000,16.029,16.346,15.993,16.249,2910538.0
1688025600000,16.25,18.283,16.234,18.044,25842010.0
1688040000000,18.045,18.232,17.25,17.664,19738844.0
1688054400000,17.663,17.805,17.51,17.725,8947591.0
1688068800000,17.72,18.068,17.426,17.988,8216860.0
1688083200000,17.988,19.085,17.85,18.951,21908987.0
1688097600000,18.95,19.061,18.403,18.782,12197600.0
1688112000000,18.781,19.019,18.572,18.865,8746394.0
1688126400000,18.865,19.6,16.991,18.27,26301207.0
1688140800000,18.27,20.038,18.152,19.091,19675213.0
1688155200000,19.09,19.348,18.823,18.858,5205974.0
1688169600000,18.858,19.008,18.155,18.306,7494772.0
1688184000000,18.307,18.467,17.9,18.43,7403708.0
1688198400000,18.431,18.498,18.186,18.328,4749766.0
1688212800000,18.328,18.555,18.241,18.422,4240507.0
1688227200000,18.422,18.479,18.248,18.319,2663769.0
1688241600000,18.32,18.729,18.319,18.677,2118619.0
1688256000000,18.676,18.914,18.434,18.764,7602011.0
1688270400000,18.764,19.491,18.545,19.209,9421458.0
1688284800000,19.208,19.404,18.997,19.033,6013938.0
1688299200000,19.034,19.4,18.85,19.282,8745724.0
1688313600000,19.282,19.494,19.068,19.36,6716607.0
1688328000000,19.36,19.75,19.224,19.453,5507871.0
1688342400000,19.454,19.658,19.166,19.57,4107296.0
1688356800000,19.571,19.576,19.214,19.429,3281752.0
1688371200000,19.429,19.499,19.3,19.465,3290725.0
1688385600000,19.466,19.496,18.931,19.28,7543544.0
1688400000000,19.282,19.347,19.011,19.274,4472614.0
1688414400000,19.275,19.312,18.85,19.251,4060683.0
1688428800000,19.252,19.498,19.211,19.285,3880931.0
1688443200000,19.286,19.31,19.05,19.091,2881735.0
1688457600000,19.09,19.252,19.061,19.239,2625908.0
1688472000000,19.24,19.95,19.204,19.851,8744274.0
1688486400000,19.851,19.863,19.257,19.498,7419061.0
1688500800000,19.498,19.576,19.087,19.13,3185731.0
1688515200000,19.13,19.295,19.096,19.284,2293589.0
1688529600000,19.284,19.375,19.188,19.309,2093864.0
1688544000000,19.31,19.322,18.151,18.695,7475477.0
1688558400000,18.695,18.891,18.43,18.575,5803724.0
1688572800000,18.575,18.877,18.501,18.59,3376562.0
1688587200000,18.59,19.024,18.528,18.981,2457781.0
1688601600000,18.982,19.75,18.936,19.454,9020959.0
1688616000000,19.455,19.74,19.328,19.586,5376305.0
1688630400000,19.585,20.35,19.536,19.89,12791561.0
1688644800000,19.888,19.912,18.803,19.689,18437269.0
1688659200000,19.689,20.95,19.488,20.885,20928931.0
1688673600000,20.884,20.98,19.55,19.592,15094383.0
1688688000000,19.592,20.532,19.405,20.197,12602542.0
1688702400000,20.196,20.287,19.285,19.436,10585261.0
1688716800000,19.436,20.359,19.259,20.149,12554396.0
1688731200000,20.15,21.74,20.15,21.213,32488245.0
1688745600000,21.214,21.539,21.02,21.418,15803328.0
1688760000000,21.417,21.982,21.115,21.484,9100890.0
1688774400000,21.485,21.999,21.406,21.681,11119883.0
1688788800000,21.682,22.234,21.315,21.971,10674846.0
1688803200000,21.972,22.468,21.8,21.929,19738763.0
1688817600000,21.929,21.992,21.362,21.518,11635615.0
1688832000000,21.518,22.0,21.379,21.616,10969631.0
1688846400000,21.617,21.99,21.4,21.807,5761259.0
1688860800000,21.807,22.392,21.513,21.663,10387202.0
1688875200000,21.663,21.872,21.375,21.546,5855693.0
1688889600000,21.546,21.894,21.48,21.596,5917487.0
1688904000000,21.596,21.839,21.083,21.25,10226547.0
1688918400000,21.25,21.393,21.16,21.283,4035117.0
1688932800000,21.284,21.467,21.0,21.314,5068367.0
1688947200000,21.315,21.362,20.763,21.244,9124232.0
1688961600000,21.245,21.27,20.542,20.723,6259232.0
1688976000000,20.724,20.873,20.434,20.781,8089943.0
1688990400000,20.781,21.3,20.656,21.138,8472737.0
1689004800000,21.138,21.619,20.907,21.568,8196998.0
1689019200000,21.568,21.788,21.062,21.286,10620106.0
1689033600000,21.286,21.793,21.187,21.725,6919653.0
1689048000000,21.726,22.28,21.686,22.1,9490862.0
1689062400000,22.1,22.146,21.824,22.033,6822538.0
1689076800000,22.031,22.38,21.859,22.138,14691577.0
1689091200000,22.139,22.188,21.883,21.963,6164216.0
1689105600000,21.964,22.098,21.718,22.05,4508118.0
1689120000000,22.049,22.272,21.888,21.903,5307391.0
1689134400000,21.903,22.15,21.843,22.013,4244327.0
1689148800000,22.012,22.174,21.927,22.111,3851505.0
1689163200000,22.111,23.059,21.97,22.403,19518327.0
1689177600000,22.403,22.456,21.738,21.84,9229233.0
1689192000000,21.84,22.128,21.756,21.928,4596036.0
1689206400000,21.928,22.016,21.537,21.648,6048645.0
1689220800000,21.649,21.94,21.349,21.751,6883093.0
1689235200000,21.75,22.501,21.711,22.406,8561156.0
1689249600000,22.407,25.767,22.034,24.094,26405299.0
1689264000000,24.094,26.887,24.093,26.214,40172861.0
1689278400000,26.213,26.234,25.365,26.018,10369197.0
1689292800000,26.018,33.579,25.616,28.571,37078777.0
1689307200000,28.571,28.944,28.255,28.74,11171026.0
1689321600000,28.738,29.8,27.654,28.077,17757070.0
1689336000000,28.077,28.369,27.386,28.191,11881359.0
1689350400000,28.191,28.27,25.525,26.079,22978288.0
1689364800000,26.078,26.908,25.22,26.671,12404066.0
1689379200000,26.67,27.97,26.424,27.155,14886333.0
1689393600000,27.155,28.937,27.112,28.717,13087000.0
1689408000000,28.717,29.111,28.446,28.932,12238110.0
1689422400000,28.93,29.043,27.258,27.561,13457597.0
1689436800000,27.56,28.2,27.04,27.886,11579015.0
1689451200000,27.886,27.897,27.205,27.459,6082057.0
1689465600000,27.46,27.944,26.379,27.018,11972525.0
1689480000000,27.019,27.942,27.014,27.698,6059381.0
1689494400000,27.697,28.341,27.643,28.062,7689684.0
1689508800000,28.066,28.708,27.9,28.099,8957912.0
1689523200000,28.097,28.134,27.3,27.36,6452481.0
1689537600000,27.359,27.77,27.06,27.404,5887738.0
1689552000000,27.403,28.437,27.217,28.012,8451195.0
1689566400000,28.012,28.488,27.374,27.634,6611058.0
1689580800000,27.634,27.636,26.5,27.125,11133183.0
1689595200000,27.125,27.386,26.392,27.009,10318470.0
1689609600000,27.009,27.259,25.5,26.167,15345908.0
1689624000000,26.168,26.979,26.143,26.79,7683818.0
1689638400000,26.79,27.098,26.428,26.555,5136064.0
1689652800000,26.556,26.615,25.656,25.716,6938052.0
1689667200000,25.715,26.125,24.82,25.018,13696624.0
1689681600000,25.019,25.7,24.751,25.512,13140203.0
1689696000000,25.512,25.79,24.8,25.292,9847564.0
1689710400000,25.291,25.572,25.025,25.544,4412441.0
1689724800000,25.543,26.589,25.34,26.396,8119412.0
1689739200000,26.397,26.52,26.061,26.199,5360304.0
1689753600000,26.199,26.499,25.67,26.473,6936810.0
1689768000000,26.473,26.733,25.82,26.346,10648150.0
1689782400000,26.346,26.903,26.173,26.756,9129223.0
1689796800000,26.757,26.984,26.236,26.298,6067089.0
1689811200000,26.3,26.807,26.122,26.484,4442812.0
1689825600000,26.483,26.942,26.288,26.854,5064682.0
1689840000000,26.854,27.386,26.791,27.143,7073514.0
1689854400000,27.143,27.234,25.56,25.673,11836802.0
1689868800000,25.673,25.758,25.173,25.391,7938902.0
1689883200000,25.392,25.663,25.0,25.365,4868167.0
1689897600000,25.365,25.618,25.065,25.471,4926029.0
1689912000000,25.471,25.49,25.1,25.168,3932958.0
1689926400000,25.168,25.472,25.029,25.268,4744626.0
1689940800000,25.269,25.598,25.233,25.292,6765656.0
1689955200000,25.293,25.996,25.158,25.782,7607389.0
1689969600000,25.783,25.894,25.436,25.493,3651719.0
1689984000000,25.494,25.965,25.437,25.831,3369367.0
1689998400000,25.83,25.857,25.572,25.763,2465593.0
1690012800000,25.762,25.886,25.371,25.594,3561883.0
1690027200000,25.594,25.75,25.492,25.679,2557752.0
1690041600000,25.68,25.732,25.186,25.286,3649726.0
1690056000000,25.285,25.372,23.95,24.512,6799456.0
1690070400000,24.512,24.795,24.128,24.697,4448562.0
1690084800000,24.697,24.896,24.614,24.677,2985251.0
1690099200000,24.679,24.844,24.616,24.654,2228408.0
1690113600000,24.653,24.703,24.504,24.674,2380341.0
1690128000000,24.674,25.249,24.67,24.891,5535155.0
1690142400000,24.891,24.992,24.511,24.752,2951298.0
1690156800000,24.752,24.832,24.21,24.329,3864319.0
1690171200000,24.33,24.679,24.047,24.569,3502882.0
1690185600000,24.569,24.626,22.76,23.617,9028132.0
1690200000000,23.616,23.669,22.814,23.206,8879254.0
1690214400000,23.204,23.5,23.049,23.292,4940664.0
1690228800000,23.291,23.595,23.226,23.354,2919919.0
1690243200000,23.353,23.515,23.125,23.364,3036510.0
1690257600000,23.364,23.379,22.944,23.085,3178372.0
1690272000000,23.084,23.39,23.017,23.167,3512210.0
1690286400000,23.166,23.58,22.7,23.193,8768101.0
1690300800000,23.192,23.46,23.063,23.156,4136052.0
1690315200000,23.155,23.352,23.104,23.264,2227915.0
1690329600000,23.264,23.687,23.158,23.499,4829362.0
1690344000000,23.499,23.619,23.35,23.461,2934862.0
1690358400000,23.46,23.97,23.428,23.812,5581654.0
1690372800000,23.811,24.985,23.796,24.893,13843022.0
1690387200000,24.893,25.722,24.495,25.36,17377480.0
1690401600000,25.359,25.588,25.05,25.163,7506068.0
1690416000000,25.164,25.5,24.65,24.914,8117862.0
1690430400000,24.913,25.34,24.913,25.0,4710994.0
1690444800000,24.995,25.481,24.912,25.378,5851123.0
1690459200000,25.378,25.654,25.025,25.142,10280873.0
1690473600000,25.145,25.327,24.7,24.938,7555079.0
1690488000000,24.939,25.237,24.748,25.08,3646112.0
1690502400000,25.079,25.395,24.803,24.92,3733182.0
1690516800000,24.92,25.013,24.541,24.617,3990162.0
1690531200000,24.615,24.833,24.518,24.63,3369337.0
1690545600000,24.63,25.555,24.625,25.217,8374406.0
1690560000000,25.218,25.411,24.824,25.032,5462002.0
1690574400000,25.031,25.116,24.789,24.798,2332745.0
1690588800000,24.799,25.208,24.724,25.127,3065350.0
1690603200000,25.127,25.246,25.024,25.062,2189787.0
1690617600000,25.062,25.171,24.92,24.955,2976124.0
1690632000000,24.955,25.195,24.9,25.064,2763042.0
1690646400000,25.065,25.345,25.019,25.204,3268072.0
1690660800000,25.205,25.378,25.125,25.159,1942855.0
1690675200000,25.159,25.2,25.011,25.022,1894624.0
1690689600000,25.022,25.114,24.811,24.917,2369953.0
1690704000000,24.917,25.049,24.816,24.967,2526623.0
1690718400000,24.967,25.095,24.706,24.88,4425229.0
1690732800000,24.88,25.0,23.691,24.239,5683968.0
1690747200000,24.239,24.323,23.396,24.236,6178075.0
1690761600000,24.236,24.769,24.101,24.63,4419675.0
1690776000000,24.631,24.676,24.356,24.485,2893877.0
1690790400000,24.484,24.583,24.32,24.456,2485312.0
1690804800000,24.456,24.675,23.891,23.924,6334553.0
1690819200000,23.923,24.15,23.5,23.665,5248190.0
1690833600000,23.664,23.924,23.544,23.716,4315862.0
1690848000000,23.717,23.979,22.6,23.39,7758010.0
1690862400000,23.391,23.643,23.257,23.468,3499967.0
1690876800000,23.467,23.623,23.289,23.331,3135628.0
1690891200000,23.332,23.47,22.738,23.26,6611965.0
1690905600000,23.261,23.791,23.168,23.605,5311125.0
1690920000000,23.605,24.07,23.454,24.045,3860069.0
1690934400000,24.045,24.276,23.634,23.656,6072485.0
1690948800000,23.656,23.803,23.567,23.624,2987608.0
1690963200000,23.623,23.7,23.402,23.67,3441284.0
1690977600000,23.67,23.71,23.09,23.244,6783958.0
1690992000000,23.245,23.322,22.743,23.167,6912076.0
1691006400000,23.167,23.315,23.001,23.135,2527257.0
1691020800000,23.135,23.386,23.057,23.241,2897299.0
1691035200000,23.241,23.276,22.44,22.698,6081213.0
1691049600000,22.698,22.838,22.402,22.733,5311854.0
1691064000000,22.733,23.1,22.592,22.788,5962271.0
1691078400000,22.788,23.064,22.685,22.875,4409900.0
1691092800000,22.874,23.1,22.443,22.634,4591023.0
1691107200000,22.634,22.776,22.458,22.736,4470396.0
1691121600000,22.735,23.013,22.64,22.962,4247037.0
1691136000000,22.96,23.061,22.82,22.902,3047434.0
1691150400000,22.901,23.55,22.849,23.346,9047290.0
1691164800000,23.346,23.458,22.75,22.933,6927815.0
1691179200000,22.933,23.03,22.432,22.792,5189270.0
1691193600000,22.791,22.824,22.46,22.717,3846106.0
1691208000000,22.717,22.86,22.546,22.755,2177920.0
1691222400000,22.755,22.934,22.7,22.777,2034898.0
1691236800000,22.778,22.8,22.471,22.584,4074551.0
1691251200000,22.583,22.68,22.17,22.584,4536316.0
1691265600000,22.583,22.692,22.473,22.641,1658395.0
1691280000000,22.642,22.9,22.57,22.828,2592937.0
1691294400000,22.828,23.12,22.817,23.006,3608445.0
1691308800000,23.006,23.47,22.975,23.206,5165950.0
1691323200000,23.205,23.257,22.844,23.018,3460682.0
1691337600000,23.017,23.279,22.91,23.202,2953066.0
1691352000000,23.202,23.392,23.045,23.182,3165896.0
1691366400000,23.183,23.671,23.015,23.288,4857220.0
1691380800000,23.289,23.413,22.963,23.144,3012654.0
1691395200000,23.145,23.154,23.01,23.091,2329255.0
1691409600000,23.092,23.161,22.635,22.754,6288142.0
1691424000000,22.754,23.069,22.25,22.959,7912436.0
1691438400000,22.96,23.112,22.906,23.108,2008198.0
1691452800000,23.107,23.223,23.007,23.141,2484060.0
1691467200000,23.141,23.381,23.088,23.228,3478304.0
1691481600000,23.228,23.378,23.151,23.375,2903469.0
1691496000000,23.374,23.9,23.175,23.719,8903995.0
1691510400000,23.72,24.787,23.698,24.571,13245435.0
1691524800000,24.571,24.648,24.044,24.205,7202768.0
1691539200000,24.205,24.476,24.136,24.296,3781285.0
1691553600000,24.296,24.615,24.248,24.555,3732539.0
1691568000000,24.554,24.99,24.518,24.847,6708556.0
1691582400000,24.847,24.978,24.41,24.551,9414423.0
1691596800000,24.552,24.608,24.222,24.296,4740520.0
1691611200000,24.298,24.475,24.092,24.375,3199947.0
1691625600000,24.374,24.536,24.201,24.234,2876079.0
1691640000000,24.235,24.385,24.121,24.317,2707653.0
1691654400000,24.316,24.496,24.235,24.396,2756328.0
1691668800000,24.397,24.885,24.352,24.549,8221552.0
1691683200000,24.548,24.624,24.35,24.585,3311570.0
1691697600000,24.583,24.735,24.541,24.614,2584737.0
1691712000000,24.615,24.932,24.613,24.68,4004659.0
1691726400000,24.679,24.84,24.462,24.49,2805276.0
1691740800000,24.489,24.571,24.376,24.529,2728521.0
1691755200000,24.529,24.868,24.387,24.541,5647359.0
1691769600000,24.545,24.66,24.34,24.449,3282141.0
1691784000000,24.449,24.637,24.37,24.613,2338545.0
1691798400000,24.613,24.76,24.383,24.465,2453519.0
1691812800000,24.465,24.56,24.413,24.534,1718544.0
1691827200000,24.534,24.555,24.44,24.547,1283772.0
1691841600000,24.548,24.703,24.491,24.655,2124964.0
1691856000000,24.656,24.839,24.618,24.728,2968614.0
1691870400000,24.728,25.3,24.703,24.902,3761103.0
1691884800000,24.903,24.944,24.671,24.881,2302198.0
1691899200000,24.881,24.894,24.632,24.759,1640810.0
1691913600000,24.759,24.864,24.66,24.694,1761473.0
1691928000000,24.693,24.763,24.451,24.58,3293421.0
1691942400000,24.58,24.686,24.368,24.645,3167229.0
1691956800000,24.645,24.668,24.207,24.216,3128206.0
1691971200000,24.217,24.423,24.044,24.384,4228392.0
1691985600000,24.385,24.508,24.364,24.407,1698227.0
1692000000000,24.407,24.58,24.397,24.498,2137606.0
1692014400000,24.498,24.88,24.307,24.803,4470667.0
1692028800000,24.803,25.29,24.516,24.817,8837868.0
1692043200000,24.817,25.222,24.751,25.175,3793555.0
1692057600000,25.176,25.5,24.874,24.982,5107346.0
1692072000000,24.982,25.057,24.706,24.872,3600222.0
1692086400000,24.872,25.044,24.722,24.826,3899710.0
1692100800000,24.826,24.988,24.62,24.711,5038039.0
1692115200000,24.712,24.832,23.477,24.037,8813569.0
1692129600000,24.036,24.156,23.722,23.889,4510827.0
1692144000000,23.888,24.012,23.609,23.673,3647424.0
1692158400000,23.676,23.767,23.336,23.438,4696715.0
1692172800000,23.439,23.575,23.2,23.496,4254203.0
1692187200000,23.496,23.498,22.904,23.07,8217318.0
1692201600000,23.069,23.621,22.849,23.328,7017400.0
1692216000000,23.328,23.397,22.3,22.811,8945936.0
1692230400000,22.812,23.426,22.411,23.303,6757488.0
1692244800000,23.302,23.386,23.194,23.25,2523418.0
1692259200000,23.25,23.298,22.974,23.084,3034484.0
1692273600000,23.084,23.426,22.468,22.851,10227773.0
1692288000000,22.852,23.318,22.6,23.078,7021069.0
1692302400000,23.079,23.11,19.63,21.661,21619484.0
1692316800000,21.664,22.027,21.291,21.542,6219884.0
1692331200000,21.542,22.188,21.38,22.077,5248520.0
1692345600000,22.076,22.168,21.791,22.004,3804915.0
1692360000000,22.005,22.046,21.558,21.601,5306345.0
1692374400000,21.602,21.745,20.811,21.276,10172759.0
1692388800000,21.276,21.499,21.22,21.336,3621070.0
1692403200000,21.335,21.654,21.276,21.416,2914397.0
1692417600000,21.415,21.841,21.356,21.806,2966720.0
1692432000000,21.805,21.873,21.575,21.63,2512726.0
1692446400000,21.63,21.989,21.614,21.96,3167681.0
1692460800000,21.954,22.17,21.775,21.871,4117685.0
1692475200000,21.866,21.9,21.695,21.88,1873693.0
1692489600000,21.88,21.95,21.725,21.801,1675077.0
1692504000000,21.8,21.81,21.55,21.736,1887702.0
1692518400000,21.736,22.016,21.635,21.954,2540735.0
1692532800000,21.954,21.966,21.655,21.787,2765293.0
1692547200000,21.786,21.87,21.512,21.784,2400677.0
1692561600000,21.784,21.946,21.704,21.76,1795595.0
1692576000000,21.762,21.767,21.32,21.391,3278557.0
1692590400000,21.392,21.693,21.267,21.333,2977828.0
1692604800000,21.332,21.352,20.904,21.225,5346197.0
1692619200000,21.224,21.404,20.2,20.708,8902977.0
1692633600000,20.707,21.379,20.648,21.278,5339728.0
1692648000000,21.278,21.407,21.179,21.187,2507540.0
1692662400000,21.186,21.263,21.019,21.095,1648758.0
1692676800000,21.095,21.176,20.95,21.161,2545355.0
1692691200000,21.162,21.196,20.916,20.926,2252985.0
1692705600000,20.925,21.062,20.54,20.683,5822520.0
1692720000000,20.682,20.718,19.964,20.048,11984235.0
1692734400000,20.048,20.69,19.2,20.572,9196300.0
1692748800000,20.571,20.755,20.452,20.577,3568682.0
1692763200000,20.577,20.888,20.472,20.742,3686788.0
1692777600000,20.741,20.924,20.603,20.621,2915694.0
1692792000000,20.621,21.0,20.283,20.901,6354169.0
1692806400000,20.901,21.675,20.882,21.481,9348145.0
1692820800000,21.48,21.821,21.245,21.717,4944602.0
1692835200000,21.718,21.798,21.581,21.746,2447165.0
1692849600000,21.745,21.999,21.656,21.727,3555583.0
1692864000000,21.727,21.9,21.611,21.768,2779938.0
1692878400000,21.768,21.773,21.001,21.036,8663736.0
1692892800000,21.036,21.202,20.668,20.914,6074158.0
1692907200000,20.914,21.077,20.652,21.039,3372333.0
1692921600000,21.039,21.043,20.45,20.721,3786214.0
1692936000000,20.722,20.752,20.407,20.549,3382798.0
1692950400000,20.55,20.755,20.536,20.663,2373075.0
1692964800000,20.664,20.889,20.229,20.332,9173706.0
1692979200000,20.332,20.453,20.077,20.229,5249789.0
1692993600000,20.229,20.418,20.177,20.409,2212216.0
1693008000000,20.408,20.415,20.2,20.386,1698674.0
1693022400000,20.385,20.434,20.186,20.303,1962335.0
1693036800000,20.302,20.34,20.225,20.284,1671469.0
1693051200000,20.284,20.384,20.173,20.362,1989931.0
1693065600000,20.361,20.378,20.182,20.332,2074199.0
1693080000000,20.332,20.362,20.222,20.272,882437.0
1693094400000,20.273,20.378,20.232,20.276,1407347.0
1693108800000,20.277,20.42,20.271,20.369,1291068.0
1693123200000,20.368,20.72,20.355,20.57,3815852.0
1693137600000,20.569,20.916,20.54,20.741,3494857.0
1693152000000,20.741,20.789,20.535,20.764,2766335.0
1693166400000,20.764,20.826,20.611,20.779,1532517.0
1693180800000,20.778,20.778,20.416,20.471,2967561.0
1693195200000,20.47,20.494,20.19,20.379,3111719.0
1693209600000,20.38,20.388,20.005,20.355,3454814.0
1693224000000,20.354,20.785,20.33,20.529,6107258.0
1693238400000,20.528,20.683,20.351,20.464,3411764.0
1693252800000,20.464,20.635,20.355,20.549,2009512.0
1693267200000,20.549,20.759,20.42,20.484,2385743.0
1693281600000,20.484,20.516,20.207,20.252,2880293.0
1693296000000,20.251,20.328,20.102,20.138,3375002.0
1693310400000,20.137,22.063,20.1,21.324,19255113.0
1693324800000,21.322,21.968,21.181,21.572,8760749.0
1693339200000,21.572,21.958,21.571,21.772,4693523.0
1693353600000,21.772,21.988,21.454,21.625,3840456.0
1693368000000,21.625,21.738,21.533,21.63,2155675.0
1693382400000,21.63,21.705,21.357,21.408,2970041.0
1693396800000,21.407,21.514,20.651,20.826,9262697.0
1693411200000,20.827,20.847,20.578,20.669,4273142.0
1693425600000,20.67,20.88,20.652,20.807,1839140.0
1693440000000,20.807,20.808,20.598,20.638,1912360.0
1693454400000,20.638,20.827,20.62,20.758,1850676.0
1693468800000,20.758,21.092,20.659,20.877,3410735.0
1693483200000,20.877,20.884,20.15,20.319,6708818.0
1693497600000,20.318,20.325,19.356,19.818,11455039.0
1693512000000,19.817,19.836,19.411,19.72,4365100.0
1693526400000,19.721,19.916,19.681,19.869,2194183.0
1693540800000,19.868,19.925,19.759,19.793,2860830.0
1693555200000,19.792,19.901,19.717,19.832,1932251.0
1693569600000,19.833,19.924,19.232,19.389,7231722.0
1693584000000,19.389,19.55,19.009,19.274,8546937.0
1693598400000,19.275,19.514,19.2,19.315,2774524.0
1693612800000,19.316,19.584,19.296,19.556,2180556.0
1693627200000,19.556,19.647,19.432,19.558,2020379.0
1693641600000,19.559,19.656,19.48,19.558,2011700.0
1693656000000,19.559,19.7,19.352,19.546,3147707.0
1693670400000,19.545,19.591,19.114,19.389,3469097.0
1693684800000,19.389,19.542,19.354,19.48,1489671.0
1693699200000,19.481,19.65,19.443,19.62,1499006.0
1693713600000,19.62,19.632,19.455,19.516,1194236.0
1693728000000,19.517,19.53,19.314,19.413,1631736.0
1693742400000,19.414,19.557,19.272,19.321,2332948.0
1693756800000,19.322,19.569,19.21,19.475,2352119.0
1693771200000,19.474,19.627,19.413,19.555,1790689.0
1693785600000,19.554,20.035,19.536,19.735,3928351.0
1693800000000,19.736,19.85,19.592,19.764,2544832.0
1693814400000,19.764,19.876,19.572,19.576,2464517.0
1693828800000,19.576,19.638,19.214,19.398,5326887.0
1693843200000,19.398,19.537,19.32,19.421,2177859.0
1693857600000,19.422,19.524,19.138,19.514,2838999.0
1693872000000,19.514,19.555,19.018,19.211,3814101.0
1693886400000,19.211,19.465,19.201,19.395,2776746.0
1693900800000,19.395,19.622,19.244,19.537,4504690.0
1693915200000,19.537,20.6,19.481,20.383,16529668.0
1693929600000,20.384,20.57,20.157,20.23,6259526.0
1693944000000,20.229,20.348,20.056,20.257,3265802.0
1693958400000,20.257,20.38,20.073,20.136,3719218.0
1693972800000,20.135,20.154,19.661,19.719,5286089.0
1693987200000,19.718,19.862,19.693,19.741,3158043.0
1694001600000,19.74,19.82,19.1,19.377,8804745.0
1694016000000,19.377,19.91,19.105,19.466,9192821.0
1694030400000,19.466,19.656,19.462,19.62,2182094.0
1694044800000,19.619,19.796,19.555,19.75,3242634.0
1694059200000,19.751,19.814,19.532,19.54,2961926.0
1694073600000,19.541,19.587,19.35,19.393,2877691.0
1694088000000,19.393,19.627,19.312,19.512,4097005.0
1694102400000,19.512,19.747,19.51,19.651,3927143.0
1694116800000,19.65,19.992,19.602,19.9,5380675.0
1694131200000,19.901,20.28,19.819,20.004,3974634.0
1694145600000,20.004,20.072,19.812,19.9,3150947.0
1694160000000,19.899,19.905,19.341,19.53,6192634.0
1694174400000,19.531,19.692,19.486,19.522,3069795.0
1694188800000,19.521,19.572,19.369,19.558,2595622.0
1694203200000,19.557,19.64,19.466,19.596,1298540.0
1694217600000,19.597,19.599,19.452,19.515,1118610.0
1694232000000,19.515,19.571,19.448,19.457,1377615.0
1694246400000,19.456,19.564,19.436,19.551,1359846.0
1694260800000,19.552,19.573,19.455,19.509,1649881.0
1694275200000,19.508,19.557,19.352,19.43,1830717.0
1694289600000,19.431,19.522,19.407,19.425,989675.0
1694304000000,19.425,19.426,19.174,19.192,3344870.0
1694318400000,19.192,19.192,17.766,18.516,14958480.0
1694332800000,18.515,18.515,18.215,18.318,5161070.0
1694347200000,18.317,18.446,17.733,18.185,10663283.0
1694361600000,18.185,18.257,17.8,18.168,9951569.0
1694376000000,18.167,18.599,18.116,18.219,7773831.0
1694390400000,18.22,18.444,17.954,18.33,7295201.0
1694404800000,18.33,18.417,18.137,18.19,4864206.0
1694419200000,18.191,18.214,17.32,17.648,14915179.0
1694433600000,17.648,18.008,17.333,17.827,19785655.0
1694448000000,17.827,17.99,17.404,17.501,8538478.0
1694462400000,17.501,17.75,17.405,17.715,5317521.0
1694476800000,17.716,18.531,17.554,18.176,12067257.0
1694491200000,18.175,18.284,17.85,17.966,8026157.0
1694505600000,17.966,18.84,17.917,18.3,11395636.0
1694520000000,18.299,18.394,17.9,17.989,12376616.0
1694534400000,17.99,18.31,17.678,17.924,10603126.0
1694548800000,17.924,18.045,17.852,17.904,3104299.0
1694563200000,17.903,18.166,17.766,17.823,4627925.0
1694577600000,17.824,18.599,17.676,17.884,9940237.0
1694592000000,17.883,18.28,17.85,18.173,8234282.0
1694606400000,18.173,18.544,17.934,18.34,12061143.0
1694620800000,18.34,18.53,17.859,18.337,17745389.0
1694635200000,18.337,18.498,18.236,18.389,4612761.0
1694649600000,18.39,19.335,18.372,18.921,15359630.0
1694664000000,18.921,18.93,18.596,18.775,5965765.0
1694678400000,18.774,18.896,18.515,18.831,6625994.0
1694692800000,18.831,19.184,18.728,18.966,10705757.0
1694707200000,18.966,19.124,18.848,19.037,6901833.0
1694721600000,19.038,19.09,18.763,18.835,3511662.0
1694736000000,18.835,19.2,18.704,19.13,4231079.0
1694750400000,19.131,19.283,19.012,19.075,4181440.0
1694764800000,19.075,19.24,18.978,18.997,4267988.0
1694779200000,18.997,19.05,18.714,18.877,5722137.0
1694793600000,18.877,18.912,18.543,18.718,4674642.0
1694808000000,18.717,19.495,18.662,19.136,6648310.0
1694822400000,19.137,19.459,19.037,19.2,5175705.0
1694836800000,19.2,19.367,19.05,19.093,3385391.0
1694851200000,19.092,19.262,19.016,19.14,2972094.0
1694865600000,19.139,19.182,18.846,18.951,3759236.0
1694880000000,18.951,19.126,18.91,18.944,2299602.0
1694894400000,18.945,19.14,18.934,19.112,1693821.0
1694908800000,19.111,19.126,18.712,19.018,3898459.0
1694923200000,19.017,19.05,18.881,18.895,1886720.0
1694937600000,18.895,19.095,18.86,19.016,2020661.0
1694952000000,19.017,19.067,18.942,18.968,1597530.0
1694966400000,18.966,18.983,18.727,18.876,3154926.0
1694980800000,18.876,18.879,18.6,18.798,3167225.0
1694995200000,18.799,19.284,18.56,19.195,6540266.0
1695009600000,19.195,19.3,18.983,19.112,4948501.0
1695024000000,19.111,19.749,19.075,19.579,8574092.0
1695038400000,19.579,20.15,19.513,19.94,9864858.0
1695052800000,19.94,20.045,19.494,19.767,9684280.0
1695067200000,19.767,19.89,19.582,19.628,3148007.0
1695081600000,19.627,19.977,19.553,19.956,3459096.0
1695096000000,19.957,19.97,19.73,19.787,2631168.0
1695110400000,19.787,20.444,19.758,20.207,8520672.0
1695124800000,20.208,20.217,19.794,20.123,7506692.0
1695139200000,20.122,20.152,19.814,19.917,5182983.0
1695153600000,19.918,20.08,19.825,20.019,2345178.0
1695168000000,20.018,20.238,19.834,19.9,3304698.0
1695182400000,19.899,19.963,19.776,19.944,2978220.0
1695196800000,19.944,20.158,19.85,20.047,4815927.0
1695211200000,20.048,20.38,19.873,20.189,7011868.0
1695225600000,20.189,20.547,19.848,20.104,9090993.0
1695240000000,20.103,20.45,20.08,20.278,3603549.0
1695254400000,20.277,20.288,19.907,20.175,3231590.0
1695268800000,20.174,20.18,19.74,19.901,3902268.0
1695283200000,19.901,19.95,19.476,19.588,6852391.0
1695297600000,19.588,19.651,19.273,19.599,7267246.0
1695312000000,19.598,19.699,19.52,19.614,2765049.0
1695326400000,19.615,19.624,19.41,19.442,2377939.0
1695340800000,19.443,19.674,19.21,19.655,4184659.0
1695355200000,19.656,19.724,19.53,19.629,2551095.0
1695369600000,19.629,19.804,19.582,19.674,2976466.0
1695384000000,19.674,19.7,19.444,19.453,3308077.0
1695398400000,19.452,19.496,19.289,19.348,4308581.0
1695412800000,19.348,19.48,19.13,19.417,3023225.0
1695427200000,19.416,19.576,19.274,19.371,2507886.0
1695441600000,19.37,19.53,19.307,19.511,1548587.0
1695456000000,19.51,19.527,19.428,19.508,1414601.0
1695470400000,19.509,19.518,19.29,19.309,2074605.0
1695484800000,19.309,19.48,19.28,19.458,1849876.0
1695499200000,19.458,19.477,19.373,19.472,1264590.0
1695513600000,19.472,19.65,19.445,19.56,2285111.0
1695528000000,19.56,19.637,19.48,19.611,1374011.0
1695542400000,19.611,19.671,19.525,19.59,1412671.0
1695556800000,19.59,19.64,19.424,19.51,2229499.0
1695571200000,19.509,19.649,19.416,19.453,3376008.0
1695585600000,19.452,19.52,19.17,19.351,2986834.0
1695600000000,19.35,19.6,19.058,19.469,4437434.0
1695614400000,19.47,19.541,19.326,19.479,2151047.0
1695628800000,19.478,19.575,19.385,19.531,2547752.0
1695643200000,19.532,19.666,19.434,19.559,4155898.0
1695657600000,19.56,19.73,19.455,19.508,3672636.0
1695672000000,19.51,19.564,19.343,19.381,1611236.0
1695686400000,19.38,19.521,19.276,19.436,2574219.0
1695700800000,19.436,19.469,19.29,19.318,2867426.0
1695715200000,19.318,19.427,19.228,19.376,2696126.0
1695729600000,19.377,19.396,19.116,19.158,3690307.0
1695744000000,19.157,19.293,19.112,19.228,2241187.0
1695758400000,19.227,19.258,18.812,19.016,3531375.0
1695772800000,19.016,19.127,18.922,19.022,2203226.0
1695787200000,19.021,19.039,18.885,18.939,1717604.0
1695801600000,18.938,19.474,18.853,19.392,6800866.0
1695816000000,19.392,19.45,18.755,18.934,7666699.0
1695830400000,18.933,19.018,18.716,18.966,3355188.0
1695844800000,18.966,19.149,18.863,19.12,1897909.0
1695859200000,19.12,19.429,19.085,19.197,3593924.0
1695873600000,19.197,19.275,19.162,19.219,1741162.0
1695888000000,19.218,19.319,19.104,19.159,2570325.0
1695902400000,19.159,19.622,19.138,19.594,5422843.0
1695916800000,19.596,19.717,19.415,19.7,4669051.0
1695931200000,19.701,19.982,19.562,19.948,3510653.0
1695945600000,19.948,20.325,19.831,20.196,5390972.0
1695960000000,20.195,20.35,20.042,20.265,3874097.0
1695974400000,20.266,20.296,20.026,20.071,3050643.0
1695988800000,20.071,20.457,20.004,20.322,6760924.0
1696003200000,20.322,20.34,20.066,20.234,2801265.0
1696017600000,20.234,20.345,20.19,20.26,1670659.0
1696032000000,20.259,20.439,20.185,20.211,1729799.0
1696046400000,20.211,20.34,20.055,20.304,1868063.0
1696060800000,20.305,20.382,20.24,20.271,2029436.0
1696075200000,20.27,21.647,20.265,21.415,16733620.0
1696089600000,21.414,21.797,21.244,21.384,8773229.0
1696104000000,21.384,21.444,21.22,21.348,2385297.0
1696118400000,21.347,21.419,21.118,21.194,3149407.0
1696132800000,21.195,21.397,21.148,21.35,2406776.0
1696147200000,21.35,24.4,21.338,22.955,19336319.0
1696161600000,22.953,23.428,22.813,23.084,10783991.0
1696176000000,23.084,23.088,22.431,22.714,7506621.0
1696190400000,22.713,24.506,22.571,23.873,16084833.0
1696204800000,23.873,24.333,23.564,24.084,8474692.0
1696219200000,24.084,24.83,23.928,24.322,10862909.0
1696233600000,24.322,24.512,23.75,23.825,9255471.0
1696248000000,23.823,24.473,23.568,24.047,15106852.0
1696262400000,24.046,24.294,22.826,23.82,15372738.0
1696276800000,23.815,23.824,22.881,23.366,8386035.0
1696291200000,23.366,23.756,23.29,23.645,4731348.0
1696305600000,23.645,24.249,23.47,23.81,7182767.0
1696320000000,23.81,24.458,23.76,23.908,10867848.0
1696334400000,23.908,24.777,23.737,23.978,20073370.0
1696348800000,23.978,24.323,23.416,23.514,10186835.0
1696363200000,23.515,23.742,23.165,23.594,7968514.0
1696377600000,23.595,23.645,22.767,23.095,12467935.0
1696392000000,23.094,23.234,22.759,23.151,5759994.0
1696406400000,23.151,23.85,23.091,23.568,8274316.0
1696420800000,23.567,23.635,22.627,22.684,10792426.0
1696435200000,22.686,23.278,22.543,22.912,9566025.0
1696449600000,22.913,23.299,22.844,23.106,3158442.0
1696464000000,23.106,23.75,23.026,23.218,6579331.0
1696478400000,23.217,23.47,22.826,22.995,4952116.0
1696492800000,22.996,23.345,22.879,23.207,4705616.0
1696507200000,23.207,23.593,22.552,22.79,12631392.0
1696521600000,22.789,23.04,22.483,22.782,9479232.0
1696536000000,22.778,22.86,22.597,22.682,3354835.0
1696550400000,22.681,23.346,22.648,23.169,5151646.0
1696564800000,23.17,23.445,22.932,23.316,5341569.0
1696579200000,23.315,23.562,23.071,23.169,7027295.0
1696593600000,23.17,23.664,22.666,23.487,13173041.0
1696608000000,23.487,23.749,23.315,23.415,6648901.0
1696622400000,23.415,23.78,23.29,23.391,4061960.0
1696636800000,23.391,23.73,23.323,23.663,3902187.0
1696651200000,23.663,24.208,23.452,23.505,6708383.0
1696665600000,23.506,23.813,23.342,23.467,5306278.0
1696680000000,23.467,23.568,23.28,23.334,4026732.0
1696694400000,23.334,23.438,23.064,23.117,3581071.0
1696708800000,23.117,23.339,23.097,23.279,1716727.0
1696723200000,23.279,23.642,23.15,23.512,3592053.0
1696737600000,23.513,23.539,23.176,23.318,2980142.0
1696752000000,23.317,23.52,23.131,23.215,4076864.0
1696766400000,23.215,23.485,23.046,23.472,4482347.0
1696780800000,23.472,23.55,23.248,23.313,3553439.0
1696795200000,23.312,23.473,23.151,23.204,2381327.0
1696809600000,23.204,23.314,23.066,23.238,3432075.0
1696824000000,23.238,23.364,22.835,22.972,3861915.0
1696838400000,22.973,22.998,21.82,22.165,11339085.0
1696852800000,22.165,22.374,22.063,22.187,5095573.0
1696867200000,22.187,22.419,21.5,22.185,10779930.0
1696881600000,22.186,22.237,21.971,22.077,2484071.0
1696896000000,22.078,22.245,21.871,22.133,3741120.0
1696910400000,22.134,22.386,22.029,22.304,2482284.0
1696924800000,22.305,22.437,22.097,22.117,4109848.0
1696939200000,22.117,22.477,21.911,21.97,7331203.0
1696953600000,21.97,22.063,21.676,22.014,6040935.0
1696968000000,22.013,22.193,21.782,22.107,2710663.0
1696982400000,22.106,22.28,21.705,21.962,5475976.0
1696996800000,21.962,22.35,21.938,21.996,4733797.0
1697011200000,21.998,22.4,21.979,22.13,5040649.0
1697025600000,22.13,22.322,21.8,21.98,6704981.0
1697040000000,21.981,22.022,21.612,21.892,6300515.0
1697054400000,21.893,22.02,21.73,21.998,2566377.0
1697068800000,21.998,22.045,21.464,21.695,4405201.0
1697083200000,21.695,21.833,21.629,21.639,2569238.0
1697097600000,21.638,21.652,21.08,21.491,7773967.0
1697112000000,21.491,21.522,21.224,21.27,5108646.0
1697126400000,21.271,21.357,20.82,21.2,7307629.0
1697140800000,21.198,21.338,21.115,21.274,2248713.0
1697155200000,21.274,21.465,21.11,21.12,2563561.0
1697169600000,21.12,21.452,21.103,21.377,2412488.0
1697184000000,21.377,21.575,21.29,21.465,3201147.0
1697198400000,21.465,21.6,21.337,21.408,4408317.0
1697212800000,21.407,21.594,21.4,21.563,2442804.0
1697227200000,21.562,22.196,21.548,21.829,8685348.0
1697241600000,21.828,22.057,21.78,22.014,2920050.0
1697256000000,22.015,22.116,21.92,22.046,2889211.0
1697270400000,22.047,22.368,21.896,21.966,4378445.0
1697284800000,21.965,22.088,21.833,22.069,2784729.0
1697299200000,22.068,22.085,21.96,22.033,1503645.0
1697313600000,22.03,22.031,21.911,21.983,1246662.0
1697328000000,21.982,22.171,21.812,21.923,2540143.0
1697342400000,21.923,21.958,21.854,21.926,1341022.0
1697356800000,21.927,22.01,21.802,21.857,2450368.0
1697371200000,21.857,21.928,21.64,21.72,3353095.0
1697385600000,21.72,21.976,21.69,21.9,2535928.0
1697400000000,21.901,22.1,21.809,21.918,3389912.0
1697414400000,21.918,22.22,21.876,22.093,2929665.0
1697428800000,22.092,22.844,22.088,22.808,7805058.0
1697443200000,22.809,23.155,22.62,23.131,6417030.0
1697457600000,23.132,25.048,22.892,23.15,25954877.0
1697472000000,23.151,24.126,23.132,23.85,8468179.0
1697486400000,23.851,24.198,23.635,23.939,6311208.0
1697500800000,23.939,24.337,23.756,23.989,6476765.0
1697515200000,23.989,24.22,23.73,24.071,6302082.0
1697529600000,24.071,24.566,24.026,24.07,9971293.0
1697544000000,24.071,24.177,23.38,23.884,11359343.0
1697558400000,23.884,24.389,23.709,24.162,7378135.0
1697572800000,24.163,24.244,23.882,23.93,3130616.0
1697587200000,23.93,24.097,23.78,24.03,4188912.0
1697601600000,24.031,24.433,23.863,23.885,6389106.0
1697616000000,23.885,24.14,23.762,23.794,4362765.0
1697630400000,23.795,23.91,23.605,23.677,5066298.0
1697644800000,23.678,23.783,23.552,23.687,3837088.0
1697659200000,23.687,23.727,23.345,23.408,4525994.0
1697673600000,23.408,23.56,23.068,23.44,4417814.0
1697688000000,23.439,23.879,23.429,23.831,3928097.0
1697702400000,23.832,24.291,23.675,24.259,6773430.0
1697716800000,24.259,24.878,24.052,24.749,11975426.0
1697731200000,24.748,25.963,24.651,25.137,17112570.0
1697745600000,25.138,25.238,24.71,24.91,5388438.0
1697760000000,24.909,25.701,24.712,25.644,9138713.0
1697774400000,25.643,26.49,25.552,26.22,13408513.0
1697788800000,26.22,27.52,26.204,26.876,21438197.0
1697803200000,26.873,27.133,26.54,26.873,11672842.0
1697817600000,26.873,27.038,26.283,26.874,9014052.0
1697832000000,26.874,27.355,26.704,27.01,5079888.0
1697846400000,27.01,27.114,26.628,26.801,5013880.0
1697860800000,26.801,28.733,26.643,28.049,11351825.0
1697875200000,28.049,30.0,27.819,29.513,17332394.0
1697889600000,29.513,29.661,28.6,29.015,13833598.0
1697904000000,29.014,29.92,28.855,29.472,12249437.0
1697918400000,29.473,30.368,29.196,29.312,12324332.0
1697932800000,29.312,29.939,29.14,29.708,7276325.0
1697947200000,29.708,29.995,27.91,28.795,11621911.0
1697961600000,28.794,29.047,28.051,28.326,9144763.0
1697976000000,28.326,28.875,28.278,28.418,6314751.0
1697990400000,28.418,29.16,28.382,28.679,4736241.0
1698004800000,28.68,29.35,28.655,29.031,5319951.0
1698019200000,29.03,30.751,28.72,30.648,16850282.0
1698033600000,30.648,31.374,29.835,30.104,15935168.0
1698048000000,30.103,30.336,29.31,29.69,10287665.0
1698062400000,29.691,29.864,28.775,28.966,11634816.0
1698076800000,28.966,29.997,28.858,29.891,13381673.0
1698091200000,29.891,32.929,29.72,31.902,23938335.0
1698105600000,31.902,32.585,31.255,31.38,17731739.0
1698120000000,31.38,31.78,30.63,31.237,8844639.0
1698134400000,31.237,31.986,31.158,31.833,7256143.0
1698148800000,31.834,32.622,30.39,30.894,19681194.0
1698163200000,30.894,31.205,30.013,30.496,11270956.0
1698177600000,30.495,30.789,29.454,30.157,10527060.0
1698192000000,30.157,32.235,29.972,31.038,10855593.0
1698206400000,31.038,31.872,30.632,30.952,6571257.0
1698220800000,30.953,32.301,30.759,32.202,9260352.0
1698235200000,32.2,33.96,32.192,33.378,18708068.0
1698249600000,33.378,33.567,32.299,32.769,11497582.0
1698264000000,32.77,33.076,31.843,32.446,6151682.0
1698278400000,32.445,32.806,31.701,32.757,6482275.0
1698292800000,32.757,33.288,32.002,32.837,6248994.0
1698307200000,32.837,32.988,31.567,31.82,8865100.0
1698321600000,31.821,32.393,30.885,31.297,10644790.0
1698336000000,31.297,31.709,30.712,31.547,7076232.0
1698350400000,31.549,33.25,31.463,32.77,7376460.0
1698364800000,32.771,32.867,31.814,32.39,6453083.0
1698379200000,32.391,32.906,32.121,32.359,4846401.0
1698393600000,32.359,33.135,32.162,32.585,6242028.0
1698408000000,32.585,33.422,31.9,32.2,11552414.0
1698422400000,32.197,32.525,31.05,31.926,8816118.0
1698436800000,31.927,32.277,31.455,31.739,3616262.0
1698451200000,31.739,32.39,31.641,32.356,3044977.0
1698465600000,32.357,32.493,32.066,32.29,2637340.0
1698480000000,32.288,32.532,32.066,32.194,3216992.0
1698494400000,32.195,32.229,31.582,32.027,4176388.0
1698508800000,32.027,32.098,31.43,31.579,3142915.0
1698523200000,31.578,31.975,31.298,31.614,2495670.0
1698537600000,31.615,31.84,31.238,31.564,2762390.0
1698552000000,31.563,32.36,31.49,32.271,3906768.0
1698566400000,32.271,32.365,32.117,32.25,2944970.0
1698580800000,32.251,32.704,32.174,32.616,4780687.0
1698595200000,32.616,33.2,32.512,32.992,4800890.0
1698609600000,32.994,33.033,32.51,32.826,2741580.0
1698624000000,32.828,33.098,32.511,32.733,3650556.0
1698638400000,32.733,32.98,32.256,32.52,3605350.0
1698652800000,32.522,35.409,32.452,34.951,15172994.0
1698667200000,34.95,35.395,34.526,35.046,7993727.0
1698681600000,35.047,35.053,34.224,34.903,6009211.0
1698696000000,34.899,35.037,34.48,34.958,2912158.0
1698710400000,34.958,36.48,34.832,35.797,10367459.0
1698724800000,35.797,36.634,35.558,35.71,7310597.0
1698739200000,35.711,36.977,35.568,36.551,8852024.0
1698753600000,36.552,36.664,35.568,36.093,9383578.0
1698768000000,36.093,36.447,35.806,36.243,4734648.0
1698782400000,36.243,38.619,36.225,38.372,11179633.0
1698796800000,38.373,38.789,37.853,38.256,9467771.0
1698811200000,38.257,39.504,37.759,38.431,8498379.0
1698825600000,38.432,39.78,37.95,39.249,16247726.0
1698840000000,39.248,41.999,38.8,40.594,32331388.0
1698854400000,40.593,46.8,40.278,42.052,43598255.0
1698868800000,42.052,43.777,40.618,41.204,18856317.0
1698883200000,41.203,42.882,41.144,42.581,9898289.0
1698897600000,42.581,43.419,41.13,43.092,10487878.0
1698912000000,43.092,44.559,42.532,44.434,12397783.0
1698926400000,44.434,44.494,39.947,40.041,24234507.0
1698940800000,40.045,41.554,38.646,41.389,24232703.0
1698955200000,41.389,42.13,39.524,40.251,12644853.0
1698969600000,40.248,40.27,37.991,38.91,14806321.0
1698984000000,38.91,39.125,37.917,39.056,8027142.0
1698998400000,39.056,39.77,38.1,39.179,12285664.0
1699012800000,39.18,40.315,38.813,39.817,12240093.0
1699027200000,39.816,40.1,38.522,39.19,8396904.0
1699041600000,39.19,39.943,39.055,39.497,4486096.0
1699056000000,39.497,41.237,39.035,41.11,7451710.0
1699070400000,41.109,42.076,40.41,41.689,9125045.0
1699084800000,41.69,42.785,41.3,41.546,8637160.0
1699099200000,41.544,42.209,40.811,41.278,7251525.0
1699113600000,41.278,41.89,41.009,41.381,4345735.0
1699128000000,41.382,42.731,41.292,42.422,4809691.0
1699142400000,42.422,42.896,41.692,42.525,5313065.0
1699156800000,42.525,42.549,41.41,41.571,4109924.0
1699171200000,41.572,41.823,41.103,41.677,4099389.0
1699185600000,41.676,41.9,40.44,40.737,5941409.0
1699200000000,40.737,41.636,40.654,40.79,3668135.0
1699214400000,40.789,41.573,40.0,41.167,4022689.0
1699228800000,41.167,41.871,40.881,41.118,3906951.0
1699243200000,41.122,41.248,39.656,39.939,6183780.0
1699257600000,39.94,40.739,39.692,40.343,4386679.0
1699272000000,40.345,40.757,39.9,40.248,5450371.0
1699286400000,40.246,40.55,39.88,40.507,4296727.0
1699300800000,40.507,42.241,40.041,42.181,6096067.0
1699315200000,42.18,42.329,40.087,40.839,7792055.0
1699329600000,40.839,41.73,40.676,41.596,4037692.0
1699344000000,41.596,41.797,40.504,41.125,6484699.0
1699358400000,41.124,42.155,40.747,41.219,9715168.0
1699372800000,41.218,44.404,41.039,43.897,16769915.0
1699387200000,43.898,45.0,42.809,42.976,8289865.0
1699401600000,42.976,43.549,42.27,43.377,5106108.0
1699416000000,43.378,43.797,43.022,43.485,3776206.0
1699430400000,43.485,43.913,43.12,43.323,3755785.0
1699444800000,43.322,43.613,42.284,42.77,6238774.0
1699459200000,42.768,43.654,42.548,43.106,4953035.0
1699473600000,43.106,43.555,42.62,43.142,5219500.0
1699488000000,43.138,44.176,42.5,44.118,7153562.0
1699502400000,44.12,44.651,43.796,43.904,5932619.0
1699516800000,43.903,47.529,43.89,47.148,15166741.0
1699531200000,47.148,49.0,45.733,46.452,20559281.0
1699545600000,46.451,46.877,40.912,44.417,22308990.0
1699560000000,44.42,45.759,43.034,45.305,7802911.0
1699574400000,45.305,48.0,45.055,47.42,8532842.0
1699588800000,47.42,48.999,46.831,47.602,8107468.0
1699603200000,47.601,51.3,46.6,50.735,14943105.0
1699617600000,50.735,52.026,48.646,51.151,14513306.0
1699632000000,50.914,54.999,50.651,54.1,16576093.0
1699646400000,54.1,57.573,53.039,56.679,14081294.0
1699660800000,56.679,57.813,54.517,55.851,14516983.0
1699675200000,55.851,56.036,53.538,54.3,9564401.0
1699689600000,54.3,55.93,53.785,55.279,7838277.0
1699704000000,55.286,64.036,55.06,60.984,30979370.0
1699718400000,60.984,62.624,58.193,60.566,15450096.0
1699732800000,60.565,60.566,55.4,56.409,13978753.0
1699747200000,56.409,57.979,54.48,57.422,12892864.0
1699761600000,57.424,61.943,56.51,61.146,12914866.0
1699776000000,61.142,61.555,58.401,60.023,10403799.0
1699790400000,60.023,60.445,57.68,58.697,9645389.0
1699804800000,58.697,58.83,55.533,56.095,8877973.0
1699819200000,56.094,57.63,55.61,56.315,6225858.0
1699833600000,56.315,59.5,55.074,57.04,10189536.0
1699848000000,57.041,59.625,56.664,58.286,7909416.0
1699862400000,58.285,59.743,56.512,57.069,7808935.0
1699876800000,57.069,59.959,54.198,55.682,20299876.0
1699891200000,55.682,56.989,52.054,54.712,12896263.0
1699905600000,54.726,54.739,51.554,51.662,9855864.0
1699920000000,51.661,54.865,51.166,54.069,9362021.0
1699934400000,54.067,55.507,53.801,55.181,4658509.0
1699948800000,55.182,55.88,52.01,52.71,8439195.0
1699963200000,52.711,58.191,52.042,56.269,21642073.0
1699977600000,56.269,57.097,52.1,55.134,15282506.0
1699992000000,55.132,57.51,54.824,56.849,7898238.0
1700006400000,56.842,57.999,56.16,56.299,5664291.0
1700020800000,56.3,59.794,56.273,59.186,7036596.0
1700035200000,59.19,63.726,58.716,63.044,12588842.0
1700049600000,63.042,63.914,61.366,62.491,13464628.0
1700064000000,62.491,65.884,60.705,65.391,15832065.0
1700078400000,65.389,67.228,64.241,65.506,10200943.0
1700092800000,65.506,66.83,64.502,65.916,7024185.0
1700107200000,65.915,68.356,64.757,65.733,8426867.0
1700121600000,65.732,66.13,63.256,64.082,10607586.0
1700136000000,64.075,64.799,60.368,61.647,14493593.0
1700150400000,61.649,62.89,58.919,62.37,11539230.0
1700164800000,62.377,62.899,56.4,57.842,14534458.0
1700179200000,57.842,60.618,57.605,58.934,10162608.0
1700193600000,58.934,59.972,57.991,58.177,6002284.0
1700208000000,58.179,59.082,56.45,58.175,8925644.0
1700222400000,58.167,59.684,54.093,55.053,15241962.0
1700236800000,55.053,58.738,54.365,57.585,12083113.0
1700251200000,57.576,59.523,57.486,58.49,5264854.0
1700265600000,58.498,58.619,56.3,56.737,4897768.0
1700280000000,56.734,57.494,54.7,56.372,6163781.0
1700294400000,56.37,57.699,56.058,57.012,4455141.0
1700308800000,57.013,58.388,55.505,57.993,8231366.0
1700323200000,57.993,59.4,57.522,59.05,7387270.0
1700337600000,59.049,59.341,57.996,58.581,4029240.0
1700352000000,58.581,58.584,56.576,58.252,4622280.0
1700366400000,58.253,60.958,57.752,60.455,5891899.0
1700380800000,60.457,61.8,59.42,59.876,8142241.0
1700395200000,59.877,60.369,59.087,59.999,6017936.0
1700409600000,60.002,61.317,59.4,61.196,5108676.0
1700424000000,61.196,62.151,60.113,61.099,5727287.0
1700438400000,61.099,61.358,59.76,59.964,4894836.0
1700452800000,59.964,60.231,59.131,59.931,3972981.0
1700467200000,59.93,61.164,59.31,60.084,5571798.0
1700481600000,60.084,60.686,56.971,59.008,10746191.0
1700496000000,59.001,59.427,56.5,57.564,11096829.0
1700510400000,57.564,57.818,55.961,56.603,5964219.0
1700524800000,56.603,57.411,55.111,56.027,6110502.0
1700539200000,56.027,56.5,55.311,55.399,3330292.0
1700553600000,55.399,57.19,55.377,56.299,5002484.0
1700568000000,56.301,56.68,52.7,55.13,14716171.0
1700582400000,55.129,56.257,52.349,54.835,14342466.0
1700596800000,54.841,55.799,51.2,51.682,10600577.0
1700611200000,51.684,54.444,51.479,54.351,5813555.0
1700625600000,54.351,55.29,53.915,54.652,4220275.0
1700640000000,54.654,55.25,54.356,54.53,4103628.0
1700654400000,54.538,55.798,54.035,54.944,7463037.0
1700668800000,54.945,57.68,54.41,57.313,7874538.0
1700683200000,57.313,58.923,56.924,57.579,6910325.0
1700697600000,57.575,58.497,57.021,57.657,4526802.0
1700712000000,57.657,58.582,57.523,57.823,3474819.0
1700726400000,57.823,59.019,57.189,57.969,5430662.0
1700740800000,57.972,59.688,56.455,56.64,8942447.0
1700755200000,56.64,57.343,56.121,56.374,3913944.0
1700769600000,56.373,57.137,56.306,56.537,2689224.0
1700784000000,56.539,57.632,56.196,57.277,3139505.0
1700798400000,57.277,57.456,56.662,57.359,2036214.0
1700812800000,57.362,58.84,57.1,58.057,5881870.0
1700827200000,58.06,58.55,57.2,58.158,5461835.0
1700841600000,58.16,58.464,56.803,57.166,4615131.0
1700856000000,57.165,57.618,56.424,56.869,2427641.0
1700870400000,56.869,59.869,55.63,58.85,8182210.0
1700884800000,58.851,59.015,58.423,58.622,2371449.0
1700899200000,58.623,58.857,57.351,57.825,3347009.0
1700913600000,57.825,58.766,57.708,58.546,2856118.0
1700928000000,58.546,59.738,58.33,59.054,3558327.0
1700942400000,59.054,59.314,58.615,58.83,1679178.0
1700956800000,58.83,59.064,58.001,58.345,2147896.0
1700971200000,58.344,58.674,58.168,58.428,1537214.0
1700985600000,58.43,58.638,57.75,57.865,2228370.0
1701000000000,57.869,58.125,56.663,57.106,4971690.0
1701014400000,57.101,57.299,56.1,57.197,4252341.0
1701028800000,57.2,58.759,57.0,57.593,4056560.0
1701043200000,57.593,58.11,56.151,56.6,3535336.0
1701057600000,56.601,57.35,55.5,55.921,4411733.0
1701072000000,55.927,56.28,54.7,55.026,5731838.0
1701086400000,55.025,55.218,53.9,53.962,6083228.0
1701100800000,53.962,55.137,53.412,54.124,5588379.0
1701115200000,54.124,55.143,53.668,55.03,3437176.0
1701129600000,55.03,55.396,54.609,54.934,2466341.0
1701144000000,54.933,55.3,53.923,55.057,4302235.0
1701158400000,55.057,56.349,54.65,56.163,4307013.0
1701172800000,56.164,56.399,55.426,56.07,4849101.0
1701187200000,56.068,58.422,55.937,58.03,8687058.0
1701201600000,58.029,58.67,57.568,58.183,3864513.0
1701216000000,58.184,58.876,57.744,58.529,3561633.0
1701230400000,58.529,59.657,58.201,59.371,4315007.0
1701244800000,59.371,61.799,59.367,60.648,9600334.0
1701259200000,60.648,61.66,59.112,60.066,8254125.0
1701273600000,60.066,60.396,58.877,60.063,4853324.0
1701288000000,60.063,60.259,58.55,59.324,3988346.0
1701302400000,59.324,60.732,58.738,60.401,4077790.0
1701316800000,60.401,61.294,59.622,59.99,4092034.0
1701331200000,59.99,60.95,59.236,60.776,3846842.0
1701345600000,60.775,61.762,59.146,59.578,7960424.0
1701360000000,59.578,59.99,58.902,59.984,3476937.0
1701374400000,59.98,60.163,58.953,59.309,2672971.0
1701388800000,59.309,61.099,58.585,60.788,5644753.0
1701403200000,60.788,61.309,60.225,60.881,4135970.0
1701417600000,60.881,61.937,60.674,61.05,5412653.0
1701432000000,61.051,61.198,59.756,60.147,4827643.0
1701446400000,60.147,61.116,59.863,60.506,5797405.0
1701460800000,60.506,60.747,59.587,59.75,2763906.0
1701475200000,59.749,61.204,59.67,61.054,3090313.0
1701489600000,61.054,62.7,60.833,62.055,5108646.0
1701504000000,62.055,62.55,61.654,62.183,3498991.0
1701518400000,62.182,62.622,61.456,61.912,4048496.0
1701532800000,61.911,63.499,61.4,63.012,5305948.0
1701547200000,63.011,63.954,62.736,63.684,4018554.0
1701561600000,63.684,65.622,63.542,64.157,6897696.0
1701576000000,64.157,64.332,63.52,63.986,2661327.0
1701590400000,63.986,64.179,63.05,63.572,3108763.0
1701604800000,63.572,63.66,62.446,63.034,4878373.0
1701619200000,63.033,63.083,62.234,62.971,2491831.0
1701633600000,62.97,64.156,62.518,63.015,4758421.0
1701648000000,63.02,64.999,62.941,64.292,4925107.0
1701662400000,64.291,65.34,63.603,63.774,5749030.0
1701676800000,63.774,64.414,59.0,62.123,10767491.0
1701691200000,62.118,62.288,59.904,60.577,8110023.0
1701705600000,60.577,61.372,60.357,61.066,3219016.0
1701720000000,61.066,62.11,60.666,61.671,3732601.0
1701734400000,61.671,62.222,59.62,60.64,5253256.0
1701748800000,60.637,60.7,59.104,59.698,4542709.0
1701763200000,59.699,60.463,59.444,60.19,3241682.0
1701777600000,60.19,61.722,60.003,60.999,4889917.0
1701792000000,60.998,62.661,60.388,61.437,7658144.0
1701806400000,61.437,61.7,60.22,61.061,3561902.0
1701820800000,61.058,64.55,61.048,64.423,10662928.0
1701835200000,64.424,64.733,62.611,63.427,6332690.0
1701849600000,63.427,66.797,61.849,63.051,13833346.0
1701864000000,63.051,63.756,62.401,62.672,5661713.0
1701878400000,62.674,64.488,62.54,64.468,4453016.0
1701892800000,64.467,64.666,61.456,61.878,5589769.0
1701907200000,61.878,64.009,61.657,62.953,3648298.0
1701921600000,62.953,63.883,62.863,63.385,2583217.0
1701936000000,63.386,64.41,61.696,64.289,8739830.0
1701950400000,64.288,66.311,63.65,65.917,9206327.0
1701964800000,65.918,67.735,64.526,64.837,8712419.0
1701979200000,64.837,69.546,64.687,67.806,9726330.0
1701993600000,67.807,72.41,67.806,71.541,9162656.0
1702008000000,71.541,73.0,70.877,71.435,8294470.0
1702022400000,71.436,73.933,70.532,73.015,7356500.0
1702036800000,73.015,74.5,71.716,72.071,8147318.0
1702051200000,72.072,74.294,72.033,72.329,5899274.0
1702065600000,72.329,75.46,72.303,74.98,5074564.0
1702080000000,74.979,75.6,73.001,74.217,4354542.0
1702094400000,74.217,77.879,73.661,76.984,6770559.0
1702108800000,76.978,77.696,74.55,77.207,7980169.0
1702123200000,77.206,77.575,75.07,75.612,5919201.0
1702137600000,75.613,75.902,72.77,74.152,6017770.0
1702152000000,74.151,74.447,71.472,72.368,4507444.0
1702166400000,72.37,74.055,72.244,73.081,3193676.0
1702180800000,73.081,73.699,71.7,72.524,3083481.0
1702195200000,72.524,72.844,70.728,71.496,4896739.0
1702209600000,71.497,74.695,71.411,73.767,5056795.0
1702224000000,73.761,74.157,72.192,73.545,3571367.0
1702238400000,73.546,74.961,73.375,74.907,3987859.0
1702252800000,74.904,75.024,63.501,70.888,15065241.0
1702267200000,70.888,71.22,67.934,68.522,6828101.0
1702281600000,68.519,70.014,67.805,69.676,4652909.0
1702296000000,69.67,69.863,66.936,69.272,7893399.0
1702310400000,69.276,70.96,68.0,69.375,10410532.0
1702324800000,69.376,70.687,67.765,70.286,5087519.0
1702339200000,70.282,72.479,70.27,71.232,5196858.0
1702353600000,71.232,71.82,69.622,71.791,3851105.0
1702368000000,71.79,72.278,70.53,70.659,3482412.0
1702382400000,70.66,71.855,68.267,68.514,7567725.0
1702396800000,68.514,68.85,65.789,67.675,7814429.0
1702411200000,67.675,69.14,66.922,68.644,3562296.0
1702425600000,68.635,68.823,65.11,65.517,6138575.0
1702440000000,65.518,66.289,63.64,64.924,5551740.0
1702454400000,64.924,66.722,64.816,65.444,3419229.0
1702468800000,65.445,68.208,65.154,67.581,4896876.0
1702483200000,67.581,70.582,66.808,70.335,5466125.0
1702497600000,70.334,72.666,70.08,70.668,6092363.0
1702512000000,70.669,71.096,69.68,70.122,2965507.0
1702526400000,70.13,71.946,69.728,71.573,3332535.0
1702540800000,71.57,73.78,71.08,73.523,4533354.0
1702555200000,73.527,73.858,67.0,71.66,9982975.0
1702569600000,71.66,74.552,71.657,73.302,6660897.0
1702584000000,73.296,76.315,72.691,75.751,5142196.0
1702598400000,75.751,75.933,74.1,74.455,3605143.0
1702612800000,74.458,77.167,74.39,76.663,5207970.0
1702627200000,76.664,79.398,76.237,79.182,6287802.0
1702641600000,79.182,79.679,75.254,76.097,8794211.0
1702656000000,76.097,77.495,73.614,76.957,6982462.0
1702670400000,76.956,77.273,72.166,72.552,4806115.0
1702684800000,72.558,74.437,71.22,74.225,4873907.0
1702699200000,74.224,74.6,73.663,74.392,1956790.0
1702713600000,74.392,75.162,73.778,75.132,2400633.0
1702728000000,75.133,77.24,74.892,77.174,4847633.0
1702742400000,77.174,77.239,73.813,74.21,4194460.0
1702756800000,74.211,74.628,72.801,73.737,3285598.0
1702771200000,73.736,74.164,72.597,73.573,2742089.0
1702785600000,73.573,74.335,72.045,72.388,3137838.0
1702800000000,72.387,73.35,71.755,73.104,2756148.0
1702814400000,73.1,73.338,71.389,72.716,4045782.0
1702828800000,72.721,75.149,72.28,73.588,4807577.0
1702843200000,73.589,74.238,70.551,70.902,3530826.0
1702857600000,70.902,71.986,68.6,69.931,5194561.0
1702872000000,69.929,70.218,68.69,68.957,3158443.0
1702886400000,68.952,69.977,66.851,69.021,7063820.0
1702900800000,69.021,71.857,68.247,70.76,6126155.0
1702915200000,70.76,72.704,70.427,72.324,3611112.0
1702929600000,72.321,75.515,71.643,74.429,5242103.0
1702944000000,74.428,76.074,73.832,75.287,4045258.0
1702958400000,75.287,76.384,75.016,75.728,3347105.0
1702972800000,75.728,76.121,74.517,74.676,3426705.0
1702987200000,74.676,75.189,72.85,73.727,4900850.0
1703001600000,73.727,74.422,71.8,74.272,4726874.0
1703016000000,74.276,75.5,72.303,73.04,4191635.0
1703030400000,73.03,75.239,72.982,74.98,4416080.0
1703044800000,74.98,76.283,74.347,76.12,4243158.0
1703059200000,76.12,78.725,75.532,77.12,6587234.0
1703073600000,77.121,81.388,76.389,80.756,8729862.0
1703088000000,80.756,84.19,79.132,81.16,10656128.0
1703102400000,81.16,82.498,79.3,82.243,7458900.0
1703116800000,82.243,84.83,81.05,83.424,6634987.0
1703131200000,83.417,87.2,83.06,86.835,5890784.0
1703145600000,86.829,88.481,85.183,87.091,6556774.0
1703160000000,87.09,88.89,85.615,87.56,7654905.0
1703174400000,87.561,95.817,87.534,92.964,14324975.0
1703188800000,92.964,95.623,91.316,93.927,5715341.0
1703203200000,93.929,99.733,93.134,97.807,11381910.0
1703217600000,97.808,99.5,92.4,93.929,9814570.0
1703232000000,93.929,95.308,90.512,93.833,8449893.0
1703246400000,93.833,96.848,92.064,96.335,6847819.0
1703260800000,96.335,97.778,93.43,96.931,6942074.0
1703275200000,96.935,98.5,95.816,97.962,3813722.0
1703289600000,97.962,98.3,93.371,93.792,5698035.0
1703304000000,93.793,96.6,92.88,95.448,3503556.0
1703318400000,95.448,96.499,94.75,95.958,2877099.0
1703332800000,95.957,97.645,95.301,96.83,3813093.0
1703347200000,96.831,103.86,96.153,102.977,10844345.0
1703361600000,102.978,110.388,101.581,107.965,10997482.0
1703376000000,107.966,118.7,107.35,116.333,12940120.0
1703390400000,116.328,118.36,110.33,114.565,10272954.0
1703404800000,114.565,114.857,107.7,110.453,8976861.0
1703419200000,110.453,114.5,109.136,113.625,6880950.0
1703433600000,113.633,117.0,112.149,115.233,8058337.0
1703448000000,115.23,115.592,109.558,112.571,8025691.0
1703462400000,112.572,113.2,108.0,112.102,5801662.0
1703476800000,112.111,114.579,111.629,113.029,3957085.0
1703491200000,113.028,113.768,109.625,111.872,4573974.0
1703505600000,111.857,124.378,110.406,123.176,14361014.0
1703520000000,123.175,126.938,121.2,121.426,11203822.0
1703534400000,121.427,121.846,116.568,120.942,8381638.0
1703548800000,120.947,121.457,116.611,119.467,4695143.0
1703563200000,119.466,120.8,110.77,113.414,10459499.0
1703577600000,113.413,116.357,111.22,114.839,6082859.0
1703592000000,114.853,117.249,110.44,110.708,7859953.0
1703606400000,110.708,113.183,102.33,106.708,16497793.0
1703620800000,106.706,113.212,106.24,112.543,6517022.0
1703635200000,112.533,113.656,108.0,108.679,5992061.0
1703649600000,108.673,112.839,108.514,111.515,4090302.0
1703664000000,111.507,115.5,111.017,112.883,6166562.0
1703678400000,112.883,113.367,106.4,107.99,10265221.0
1703692800000,107.968,110.553,104.832,109.119,8729839.0
1703707200000,109.112,111.139,106.514,107.095,4326950.0
1703721600000,107.089,109.826,103.108,104.664,6119346.0
1703736000000,104.666,106.622,102.297,105.984,6215781.0
1703750400000,105.991,106.361,103.3,104.987,5255943.0
1703764800000,105.0,105.247,97.32,99.802,15108564.0
1703779200000,99.798,101.8,98.54,101.208,6561545.0
1703793600000,101.206,104.047,98.774,101.913,5704983.0
1703808000000,101.914,106.037,99.514,104.968,8258675.0
1703822400000,104.969,108.738,104.199,105.252,6274880.0
1703836800000,105.253,110.198,105.058,107.707,6627995.0
1703851200000,107.702,109.977,104.449,106.064,7559791.0
1703865600000,106.064,108.237,102.761,105.914,9082135.0
1703880000000,105.916,106.429,102.727,106.225,3884688.0
1703894400000,106.235,107.651,102.967,103.643,3487121.0
1703908800000,103.64,104.986,103.202,103.552,2673186.0
1703923200000,103.553,103.585,100.698,102.239,4520404.0
1703937600000,102.245,104.5,102.167,104.334,4168007.0
1703952000000,104.326,105.0,102.654,103.36,3325802.0
1703966400000,103.36,104.402,101.268,101.971,2605943.0
1703980800000,101.974,103.1,99.635,100.743,3191518.0
1703995200000,100.734,105.0,100.532,104.069,3409096.0
1704009600000,104.07,105.338,103.5,104.376,2645958.0
1704024000000,104.364,105.3,102.168,102.576,3620205.0
1704038400000,102.577,104.63,102.401,103.893,2142875.0
1704052800000,103.892,105.2,99.791,101.778,3951099.0
1704067200000,101.775,104.86,101.6,103.181,3246618.0
1704081600000,103.173,104.129,101.53,102.581,2330500.0
1704096000000,102.579,105.0,101.841,104.48,3050451.0
1704110400000,104.481,106.5,103.96,106.083,3600274.0
1704124800000,106.079,109.308,105.919,108.888,4105651.0
1704139200000,108.888,110.078,107.319,110.047,2658488.0
1704153600000,110.054,113.39,108.585,111.518,5554478.0
1704168000000,111.518,114.8,111.0,114.53,4274005.0
1704182400000,114.53,117.1,112.801,114.113,7944526.0
1704196800000,114.114,114.635,107.769,109.721,8217461.0
1704211200000,109.721,110.5,106.743,107.766,5473295.0
1704225600000,107.769,108.994,106.1,106.83,3622727.0
1704240000000,106.828,108.798,106.592,108.198,3148083.0
1704254400000,108.198,109.95,107.143,107.841,3984650.0
1704268800000,107.847,109.5,102.194,103.499,8206988.0
1704283200000,103.5,103.564,83.51,102.117,24921246.0
1704297600000,102.104,103.215,95.0,97.363,10004394.0
1704312000000,97.363,100.56,97.2,98.519,3738934.0
1704326400000,98.519,102.0,97.566,101.108,3783078.0
1704340800000,101.106,101.738,98.76,98.915,3253529.0
1704355200000,98.924,99.309,96.588,98.53,4306465.0
1704369600000,98.53,104.438,98.1,103.691,6655175.0
1704384000000,103.694,106.918,101.502,105.176,6127171.0
1704398400000,105.174,108.3,104.4,104.975,4945952.0
1704412800000,104.961,105.546,98.13,100.997,6050955.0
1704427200000,100.99,102.255,100.021,101.133,3009056.0
1704441600000,101.141,103.25,99.053,99.633,4590541.0
1704456000000,99.633,101.367,96.88,98.049,6772884.0
1704470400000,98.05,98.905,95.0,97.927,5406745.0
1704484800000,97.927,100.439,97.74,99.874,3594151.0
1704499200000,99.874,100.277,97.761,98.67,2473533.0
1704513600000,98.668,98.949,91.398,94.45,7323545.0
1704528000000,94.449,95.702,93.652,94.444,3418713.0
1704542400000,94.438,96.496,92.818,95.156,4198641.0
1704556800000,95.157,97.229,94.501,95.06,3744454.0
1704571200000,95.061,95.641,92.1,93.799,3461693.0
1704585600000,93.798,96.292,91.26,92.907,4106585.0
1704600000000,92.906,95.651,92.83,95.245,3507221.0
1704614400000,95.25,95.625,92.906,94.524,3041708.0
1704628800000,94.523,96.764,93.241,93.901,4422022.0
1704643200000,93.901,94.993,92.95,94.76,2847174.0
1704657600000,94.761,95.32,87.5,89.414,7239111.0
1704672000000,89.414,90.863,85.1,87.256,8685156.0
1704686400000,87.249,90.804,86.912,89.659,4928464.0
1704700800000,89.658,92.199,88.646,92.191,4083824.0
1704715200000,92.19,95.564,92.149,94.635,8520366.0
1704729600000,94.64,99.915,93.667,99.239,9615399.0
1704744000000,99.239,99.408,96.493,97.901,5048140.0
1704758400000,97.9,99.835,95.257,99.833,5935572.0
1704772800000,99.822,103.971,99.464,101.9,6812565.0
1704787200000,101.901,102.717,99.523,101.894,5017519.0
1704801600000,101.895,102.38,95.457,99.804,9676072.0
1704816000000,99.804,101.477,98.18,99.323,5219367.0
1704830400000,99.323,108.0,95.48,99.347,13157635.0
1704844800000,99.347,100.26,97.53,99.671,3268041.0
1704859200000,99.676,100.467,98.029,98.159,2019953.0
1704873600000,98.157,98.323,96.274,97.347,3878685.0
1704888000000,97.351,97.75,92.122,94.803,9919052.0
1704902400000,94.8,98.33,94.0,96.317,6161111.0
1704916800000,96.317,105.58,92.626,102.063,14243262.0
1704931200000,102.067,102.231,99.2,100.377,4559333.0
1704945600000,100.362,101.77,97.888,99.745,4014273.0
1704960000000,99.739,104.677,99.585,104.499,4615387.0
1704974400000,104.499,107.341,99.598,100.824,14487696.0
1704988800000,100.825,101.555,97.6,101.378,6915464.0
1705003200000,101.371,102.393,99.1,99.928,3497954.0
1705017600000,99.927,100.386,97.44,97.751,3051453.0
1705032000000,97.754,100.534,97.661,98.842,2738313.0
1705046400000,98.845,99.164,97.577,98.252,3168037.0
1705060800000,98.253,99.377,95.11,95.396,6415163.0
1705075200000,95.395,96.773,92.707,95.256,7083271.0
1705089600000,95.266,95.973,85.8,92.153,8543249.0
1705104000000,92.148,92.633,89.5,91.102,3653104.0
1705118400000,91.102,93.295,90.94,92.551,2440596.0
1705132800000,92.553,93.183,91.536,92.251,2409176.0
1705147200000,92.25,93.4,91.092,92.92,2824383.0
1705161600000,92.924,95.691,91.565,94.768,3197494.0
1705176000000,94.776,97.068,94.68,95.836,3892722.0
1705190400000,95.836,97.092,94.336,96.992,3223155.0
1705204800000,96.985,98.876,96.003,98.307,3415690.0
1705219200000,98.307,98.66,96.646,96.799,2232438.0
1705233600000,96.8,99.8,96.302,99.52,3758198.0
1705248000000,99.521,102.949,96.12,96.22,8145800.0
1705262400000,96.221,97.756,93.599,93.83,5606334.0
1705276800000,93.829,97.0,93.818,95.938,2867888.0
1705291200000,95.938,96.823,95.0,95.63,2192096.0
1705305600000,95.629,95.99,94.427,95.516,2283570.0
1705320000000,95.52,95.816,93.0,93.522,3699239.0
1705334400000,93.521,96.737,93.276,96.031,3140856.0
1705348800000,96.033,96.544,93.3,94.359,2354773.0
1705363200000,94.36,96.249,94.359,96.2,1981420.0
1705377600000,96.195,98.241,95.319,97.743,2588214.0
1705392000000,97.743,98.31,96.264,96.727,3206850.0
1705406400000,96.727,97.765,94.187,97.259,5159191.0
1705420800000,97.258,97.888,96.105,96.821,2534025.0
1705435200000,96.822,98.805,96.733,97.637,2628994.0
1705449600000,97.637,101.182,97.342,99.989,4389066.0
1705464000000,99.989,100.399,97.096,97.366,3172865.0
1705478400000,97.366,102.864,96.63,102.051,6760716.0
1705492800000,102.048,102.76,99.15,99.408,8415689.0
1705507200000,99.409,101.273,97.3,100.787,6165792.0
1705521600000,100.788,102.444,100.023,102.155,4081024.0
1705536000000,102.155,103.635,99.567,99.956,4171811.0
1705550400000,99.957,101.5,99.811,100.784,3246968.0
1705564800000,100.785,101.248,98.396,98.962,3917198.0
1705579200000,98.961,99.2,97.725,98.27,4005386.0
1705593600000,98.27,98.301,91.359,92.383,10928604.0
1705608000000,92.384,94.863,92.197,94.389,4540115.0
1705622400000,94.389,94.774,91.465,93.089,4285564.0
1705636800000,93.088,95.358,92.854,94.498,2808130.0
1705651200000,94.498,95.5,93.833,94.783,2576487.0
1705665600000,94.785,94.788,90.735,91.262,6206021.0
1705680000000,91.274,94.727,87.005,94.115,12380492.0
1705694400000,94.115,94.956,92.718,93.596,3379855.0
1705708800000,93.596,94.294,92.054,93.61,2440541.0
1705723200000,93.61,93.701,91.705,91.94,1935675.0
1705737600000,91.939,92.388,91.089,92.023,2604733.0
1705752000000,92.023,92.263,90.176,90.871,2779504.0
1705766400000,90.872,92.592,90.718,92.029,2477949.0
1705780800000,92.029,93.48,91.808,92.9,2051664.0
1705795200000,92.901,93.346,91.85,92.936,1645026.0
1705809600000,92.937,93.076,91.88,92.363,1011813.0
1705824000000,92.365,93.967,92.243,93.194,1893053.0
1705838400000,93.193,93.723,91.97,92.512,2174850.0
1705852800000,92.512,92.904,91.651,92.48,1558737.0
1705867200000,92.479,92.652,90.8,91.105,1713821.0
1705881600000,91.111,91.948,88.13,89.344,4485917.0
1705896000000,89.344,90.185,88.2,89.255,3064553.0
1705910400000,89.249,89.249,86.141,88.36,6573572.0
1705924800000,88.359,90.05,85.695,87.298,7220821.0
1705939200000,87.306,87.699,82.1,83.673,10695729.0
1705953600000,83.673,86.351,83.183,83.883,5566553.0
1705968000000,83.883,85.905,83.607,85.188,3307042.0
1705982400000,85.189,85.967,82.272,82.814,3076827.0
1705996800000,82.812,83.5,78.968,80.217,12068931.0
1706011200000,80.216,83.391,78.96,82.677,9670129.0
1706025600000,82.677,83.877,80.859,80.944,6888916.0
1706040000000,80.941,84.427,80.408,84.325,4494821.0
1706054400000,84.325,85.763,83.35,83.562,4492663.0
1706068800000,83.562,86.825,83.294,86.133,4352922.0
1706083200000,86.138,88.52,85.91,87.164,6172748.0
1706097600000,87.165,87.997,85.227,86.994,6608595.0
1706112000000,86.994,87.82,85.526,86.333,4073132.0
1706126400000,86.333,89.396,85.878,88.744,3943968.0
1706140800000,88.745,89.625,87.641,88.321,3494247.0
1706155200000,88.321,88.659,86.73,88.182,3032185.0
1706169600000,88.181,89.33,86.525,88.998,3536665.0
1706184000000,88.997,89.33,86.0,86.391,5619308.0
1706198400000,86.392,88.227,85.1,87.764,5135446.0
1706212800000,87.764,87.858,86.419,86.886,2314794.0
1706227200000,86.885,88.274,85.955,87.942,3236394.0
1706241600000,87.942,88.526,86.666,87.0,2490019.0
1706256000000,86.999,92.411,86.965,91.907,7290444.0
1706270400000,91.909,92.662,90.1,92.35,5105548.0
1706284800000,92.35,93.72,92.151,92.811,4746772.0
1706299200000,92.81,93.708,91.645,92.261,2707825.0
1706313600000,92.26,93.8,92.051,92.673,2791015.0
1706328000000,92.673,92.781,90.717,91.191,2811263.0
1706342400000,91.191,92.299,90.636,91.991,2596114.0
1706356800000,91.991,92.97,91.62,92.783,1933572.0
1706371200000,92.783,93.393,92.144,93.071,2346650.0
1706385600000,93.068,94.48,92.813,94.238,2268876.0
1706400000000,94.237,96.773,93.155,96.609,4027079.0
1706414400000,96.608,97.399,95.2,95.724,4259460.0
1706428800000,95.722,99.428,95.5,98.381,5701363.0
1706443200000,98.381,98.6,96.634,97.052,6230438.0
1706457600000,97.051,97.92,94.141,94.461,4451840.0
1706472000000,94.462,96.353,93.39,95.948,4154478.0
1706486400000,95.948,98.993,95.005,97.824,4327798.0
1706500800000,97.823,97.964,96.144,96.713,2827318.0
1706515200000,96.713,97.974,96.246,97.428,2889730.0
1706529600000,97.427,100.35,95.48,99.87,6330387.0
1706544000000,99.87,101.7,98.95,100.541,7535816.0
1706558400000,100.54,102.035,100.459,101.623,2523360.0
1706572800000,101.622,103.798,100.893,102.056,4276497.0
1706587200000,102.056,103.375,101.658,102.883,2860910.0
1706601600000,102.882,106.448,102.362,106.014,5413233.0
1706616000000,106.015,106.5,103.5,104.796,7685325.0
1706630400000,104.79,105.641,103.224,105.216,5320103.0
1706644800000,105.216,105.594,101.003,101.371,4593508.0
1706659200000,101.372,101.925,98.5,101.091,6543552.0
1706673600000,101.091,101.789,99.9,101.599,3341333.0
1706688000000,101.599,101.909,97.242,99.103,6215702.0
1706702400000,99.103,101.9,97.5,101.537,7544076.0
1706716800000,101.536,102.719,99.587,100.941,6878292.0
1706731200000,100.946,101.2,95.837,96.912,6038379.0
1706745600000,96.91,97.677,93.319,93.595,6468210.0
1706760000000,93.597,95.759,93.1,94.879,4082593.0
1706774400000,94.876,96.708,94.562,95.41,3770546.0
1706788800000,95.41,97.44,94.612,95.959,5386213.0
1706803200000,95.96,98.0,94.815,97.833,5368178.0
1706817600000,97.831,98.13,96.875,97.775,2304783.0
1706832000000,97.776,100.131,97.335,98.956,4076090.0
1706846400000,98.957,101.507,98.387,101.182,3389153.0
1706860800000,101.181,102.4,99.86,101.951,3608892.0
1706875200000,101.952,102.573,98.357,101.284,7733031.0
1706889600000,101.284,102.192,98.301,99.436,4425911.0
1706904000000,99.437,100.826,98.835,100.559,2170534.0
1706918400000,100.548,101.2,98.958,99.183,2454582.0
1706932800000,99.184,100.063,98.55,99.056,1567092.0
1706947200000,99.056,99.356,98.353,98.648,1790588.0
1706961600000,98.647,98.95,96.602,97.96,3454867.0
1706976000000,97.96,98.744,97.216,98.119,2386641.0
1706990400000,98.119,98.432,97.502,97.915,1279120.0
1707004800000,97.914,98.555,96.802,98.314,1816784.0
1707019200000,98.315,98.33,96.077,96.497,2428091.0
1707033600000,96.497,98.25,95.82,97.873,2655924.0
1707048000000,97.871,98.373,97.18,97.603,1743166.0
1707062400000,97.605,97.668,96.052,96.326,2888596.0
1707076800000,96.326,96.98,95.0,95.451,2846060.0
1707091200000,95.452,96.2,94.102,96.021,3047726.0
1707105600000,96.021,97.9,95.754,97.537,2959180.0
1707120000000,97.537,98.198,96.902,97.844,2713374.0
1707134400000,97.844,98.659,95.191,95.557,4962156.0
1707148800000,95.555,96.485,95.287,95.906,3264877.0
1707163200000,95.905,96.093,94.171,95.605,3132707.0
1707177600000,95.6,96.79,95.171,95.969,2051917.0
1707192000000,95.969,96.063,94.7,95.711,1746904.0
1707206400000,95.711,96.29,93.116,94.239,5665481.0
1707220800000,94.238,95.848,93.245,95.695,5303780.0
1707235200000,95.696,97.714,95.101,97.546,3738162.0
1707249600000,97.546,97.869,96.718,96.856,2510621.0
1707264000000,96.856,97.455,95.44,95.475,2044235.0
1707278400000,95.475,96.189,94.956,95.581,1998449.0
1707292800000,95.581,96.038,94.56,95.141,2410334.0
1707307200000,95.141,96.682,95.082,96.225,2779695.0
1707321600000,96.226,98.138,96.11,97.079,4052158.0
1707336000000,97.08,101.622,97.068,101.135,6265448.0
1707350400000,101.136,102.62,100.904,101.767,4402902.0
1707364800000,101.767,102.071,100.5,100.794,2323551.0
1707379200000,100.795,102.3,100.75,101.205,2702718.0
1707393600000,101.205,104.974,100.924,104.8,6398398.0
1707408000000,104.801,104.898,101.62,102.279,5176956.0
1707422400000,102.28,103.364,102.257,102.742,1973926.0
1707436800000,102.742,105.753,102.728,104.312,3704429.0
1707451200000,104.306,105.704,103.72,105.21,2411007.0
1707465600000,105.211,106.388,104.06,105.831,5061793.0
1707480000000,105.831,107.0,104.05,105.62,6761113.0
1707494400000,105.62,106.5,104.32,104.963,3880110.0
1707508800000,104.963,109.23,104.805,106.921,4831715.0
1707523200000,106.92,110.746,106.86,110.644,3970988.0
1707537600000,110.644,110.839,108.666,108.861,2747265.0
1707552000000,108.86,109.658,107.194,108.14,4406290.0
1707566400000,108.14,108.783,107.134,108.471,2394290.0
1707580800000,108.471,109.547,107.721,109.148,1938704.0
1707595200000,109.149,110.438,108.563,108.976,2872181.0
1707609600000,108.976,109.75,107.684,109.434,2323443.0
1707624000000,109.434,109.933,108.732,109.227,2076266.0
1707638400000,109.226,110.34,108.513,109.697,2972089.0
1707652800000,109.697,110.757,108.64,108.812,3149257.0
1707667200000,108.813,109.098,107.644,108.192,2542461.0
1707681600000,108.191,108.811,107.202,107.471,1964810.0
1707696000000,107.471,109.377,104.5,106.268,5007397.0
1707710400000,106.267,106.386,104.58,105.934,2635760.0
1707724800000,105.934,106.333,103.382,104.222,3401434.0
1707739200000,104.221,108.994,103.807,108.834,5975144.0
1707753600000,108.834,111.448,107.582,109.835,8241836.0
1707768000000,109.839,112.333,109.706,111.737,3741551.0
1707782400000,111.737,115.147,111.737,113.109,5154525.0
1707796800000,113.11,114.694,113.067,114.087,2183839.0
1707811200000,114.088,115.333,112.911,114.185,3579997.0
1707825600000,114.186,114.28,108.571,110.39,9058889.0
1707840000000,110.384,112.399,108.301,111.569,5029854.0
1707854400000,111.569,113.829,111.52,112.539,3481217.0
1707868800000,112.539,112.607,110.713,111.926,2299441.0
1707883200000,111.926,113.39,111.267,113.099,2074896.0
1707897600000,113.098,116.438,112.8,115.752,6250152.0
1707912000000,115.753,118.837,115.1,117.006,6754205.0
1707926400000,117.007,117.162,115.108,116.212,3414538.0
1707940800000,116.215,117.389,116.04,117.092,1929482.0
1707955200000,117.092,118.49,116.0,117.343,3447970.0
1707969600000,117.343,117.379,114.602,115.1,3058342.0
1707984000000,115.1,117.124,114.81,116.163,2774885.0
1707998400000,116.157,117.406,113.0,114.136,7059316.0
1708012800000,114.137,115.119,113.0,114.079,4206858.0
1708027200000,114.079,114.479,111.6,113.598,4245373.0
1708041600000,113.597,114.362,112.213,113.939,2458705.0
1708056000000,113.939,114.09,111.5,111.56,2512392.0
1708070400000,111.561,112.781,110.012,112.178,4055143.0
1708084800000,112.175,113.249,108.0,109.73,6582615.0
1708099200000,109.73,110.482,108.256,108.724,3614601.0
1708113600000,108.724,110.8,108.404,110.392,1745561.0
1708128000000,110.393,111.163,109.206,110.011,1974135.0
1708142400000,110.012,110.544,108.712,110.403,1759250.0
1708156800000,110.404,110.944,108.418,109.465,2890705.0
1708171200000,109.466,109.664,105.551,107.267,6231708.0
1708185600000,107.267,108.175,106.536,108.088,1886761.0
1708200000000,108.088,109.748,107.826,109.008,1908088.0
1708214400000,109.009,109.88,107.502,108.432,1920393.0
1708228800000,108.441,109.777,108.085,109.312,1730187.0
1708243200000,109.311,113.152,108.89,111.834,4245723.0
1708257600000,111.834,112.607,110.754,112.424,2443606.0
1708272000000,112.423,114.177,111.782,112.832,3265980.0
1708286400000,112.832,113.746,111.867,112.345,2580359.0
1708300800000,112.344,113.019,111.273,111.764,2242461.0
1708315200000,111.765,113.737,111.204,113.288,2593847.0
1708329600000,113.289,113.446,110.785,112.736,3135351.0
1708344000000,112.739,115.022,111.75,113.78,6485842.0
1708358400000,113.781,114.257,111.55,112.032,3857978.0
1708372800000,112.032,113.181,111.167,111.658,1850095.0
1708387200000,111.657,112.242,109.047,109.575,3018267.0
1708401600000,109.576,111.185,109.076,109.52,2439803.0
1708416000000,109.521,110.979,108.1,110.481,3737162.0
1708430400000,110.48,110.899,102.625,106.648,9522689.0
1708444800000,106.649,107.672,104.731,107.384,5036779.0
1708459200000,107.384,109.793,106.758,108.418,2756774.0
1708473600000,108.417,108.5,106.5,106.727,2105492.0
1708488000000,106.727,107.157,104.456,104.939,2673964.0
1708502400000,104.939,105.685,102.33,102.82,4781369.0
1708516800000,102.82,104.444,101.052,103.904,5771767.0
1708531200000,103.904,104.582,100.255,102.102,4685232.0
1708545600000,102.102,105.802,101.47,105.113,3802956.0
1708560000000,105.117,105.161,102.122,103.656,2596521.0
1708574400000,103.656,105.5,103.253,105.16,2766200.0
1708588800000,105.16,107.164,104.9,105.908,4063887.0
1708603200000,105.908,106.24,103.236,105.469,3948284.0
1708617600000,105.47,105.54,103.388,103.651,2735257.0
1708632000000,103.65,105.448,101.555,101.805,3404635.0
1708646400000,101.804,102.956,101.064,101.934,2331043.0
1708660800000,101.934,103.2,101.458,102.046,2033512.0
1708675200000,102.046,103.105,101.25,102.75,2460167.0
1708689600000,102.75,102.99,100.26,100.356,5173372.0
1708704000000,100.356,101.801,98.674,101.484,4691801.0
1708718400000,101.485,101.849,98.9,99.973,2408619.0
1708732800000,99.973,100.868,98.5,100.28,2962322.0
1708747200000,100.28,102.354,100.248,102.313,2138033.0
1708761600000,102.313,102.888,101.623,102.224,2215357.0
1708776000000,102.224,102.685,101.786,102.038,1794275.0
1708790400000,102.039,104.288,101.982,104.145,2792884.0
1708804800000,104.144,104.93,103.768,104.114,1758906.0
1708819200000,104.113,104.554,102.227,103.483,2694917.0
1708833600000,103.486,103.795,102.756,103.1,1695213.0
1708848000000,103.1,103.2,102.033,102.883,1526661.0
1708862400000,102.883,103.96,102.372,102.851,2293299.0
1708876800000,102.851,103.824,102.223,103.479,2052914.0
1708891200000,103.478,104.504,103.102,103.569,2071893.0
1708905600000,103.57,105.2,102.37,103.588,2562699.0
1708920000000,103.589,104.387,103.023,103.392,1941384.0
1708934400000,103.391,104.298,100.621,101.054,4344561.0
1708948800000,101.054,105.183,100.35,105.087,5896309.0
1708963200000,105.084,110.506,104.626,109.806,10225916.0
1708977600000,109.805,110.969,108.5,110.034,4019837.0
1708992000000,110.033,112.51,109.309,110.399,6799608.0
1709006400000,110.399,111.582,109.203,110.479,3212636.0
1709020800000,110.48,112.299,110.48,111.658,3298422.0
1709035200000,111.657,111.937,106.15,106.885,6933359.0
1709049600000,106.888,108.541,105.36,108.495,5233724.0
1709064000000,108.484,109.455,107.607,108.45,2426756.0
1709078400000,108.451,109.4,107.316,107.669,2401938.0
1709092800000,107.67,110.267,107.616,110.2,2348864.0
1709107200000,110.2,115.333,109.275,111.576,10178896.0
1709121600000,111.576,113.496,110.521,113.178,7866790.0
1709136000000,113.178,117.275,104.6,111.458,19682467.0
1709150400000,111.459,119.497,110.21,119.425,7551902.0
1709164800000,119.421,124.657,117.378,123.695,9291883.0
1709179200000,123.696,126.306,122.276,125.674,6721868.0
1709193600000,125.675,133.209,125.358,129.383,10644397.0
1709208000000,129.379,134.835,127.019,132.454,8379257.0
1709222400000,132.455,133.251,126.527,130.377,9029341.0
1709236800000,130.376,132.114,122.618,125.769,6920314.0
1709251200000,125.77,137.415,125.64,134.114,8409608.0
1709265600000,134.113,137.996,131.72,132.066,5122211.0
1709280000000,132.067,135.69,130.855,135.574,4612680.0
1709294400000,135.574,135.575,130.295,131.371,5691940.0
1709308800000,131.371,133.696,129.5,131.109,5172583.0
1709323200000,131.124,131.997,129.284,129.456,3340367.0
1709337600000,129.467,131.936,127.362,130.259,4537907.0
1709352000000,130.271,130.956,127.861,129.292,2854996.0
1709366400000,129.292,130.82,127.387,128.885,4153573.0
1709380800000,128.885,130.6,127.2,128.033,4024327.0
1709395200000,128.034,130.96,127.6,130.806,2430459.0
1709409600000,130.81,131.579,128.333,130.184,2406668.0
1709424000000,130.184,130.95,128.35,130.326,3472920.0
1709438400000,130.326,130.78,123.053,126.822,5298651.0
1709452800000,126.826,131.503,125.2,128.85,5512964.0
1709467200000,128.845,129.823,127.619,129.451,3715826.0
1709481600000,129.452,131.369,128.892,130.317,3019338.0
1709496000000,130.317,132.386,129.528,130.304,2278930.0
1709510400000,130.304,133.312,128.552,129.121,4926269.0
1709524800000,129.121,130.05,128.637,129.739,1842377.0
1709539200000,129.739,135.219,129.62,132.773,7354976.0
1709553600000,132.768,133.924,129.265,131.885,5286025.0
1709568000000,131.888,132.215,127.3,129.71,6394879.0
1709582400000,129.72,133.6,128.25,133.45,4051692.0
1709596800000,133.445,133.554,129.117,130.31,4020468.0
1709611200000,130.309,133.112,127.575,129.6,6393652.0
1709625600000,129.601,132.5,129.106,130.907,3019245.0
1709640000000,130.907,143.143,130.907,139.371,13360653.0
1709654400000,139.378,140.832,103.99,119.417,21704970.0
1709668800000,119.4,127.448,116.009,125.358,13785992.0
1709683200000,125.359,126.922,120.09,122.47,4711367.0
1709697600000,122.47,133.444,122.434,133.32,7027964.0
1709712000000,133.322,135.121,129.28,132.015,5605599.0
1709726400000,132.029,132.333,125.3,128.33,6843722.0
1709740800000,128.334,132.304,128.103,130.937,3784761.0
1709755200000,130.938,132.561,130.166,130.916,2598361.0
1709769600000,130.916,141.967,130.606,138.385,8494157.0
1709784000000,138.369,140.238,136.222,138.357,4777429.0
1709798400000,138.367,144.706,138.176,140.42,7195227.0
1709812800000,140.419,149.477,139.159,146.06,9647559.0
1709827200000,146.064,149.631,145.371,148.912,4201355.0
1709841600000,148.913,149.156,143.626,143.997,3688762.0
1709856000000,143.999,146.722,143.101,144.455,2620772.0
1709870400000,144.463,145.709,142.136,144.619,2647935.0
1709884800000,144.62,149.49,144.478,149.13,2879578.0
1709899200000,149.13,152.9,141.5,145.549,9780873.0
1709913600000,145.536,150.938,142.176,147.993,7161542.0
1709928000000,147.992,149.319,143.485,144.879,3081039.0
1709942400000,144.88,147.16,144.58,145.861,2097886.0
1709956800000,145.861,149.308,145.45,148.457,1923542.0
1709971200000,148.458,148.889,145.135,146.966,2048579.0
1709985600000,146.967,147.427,145.131,147.158,1857907.0
1710000000000,147.148,147.41,143.503,145.455,2436827.0
1710014400000,145.455,146.879,144.123,144.424,1323513.0
1710028800000,144.43,148.58,143.868,146.883,2617389.0
1710043200000,146.883,148.7,146.75,148.459,1629585.0
1710057600000,148.459,148.7,144.907,145.545,2956873.0
1710072000000,145.545,145.998,141.297,143.024,4033108.0
1710086400000,143.024,145.481,142.873,145.232,1943564.0
1710100800000,145.231,145.407,140.5,144.497,2728052.0
1710115200000,144.501,144.645,136.371,141.301,5967237.0
1710129600000,141.287,148.75,139.614,148.237,4960541.0
1710144000000,148.26,150.612,147.4,148.441,4470441.0
1710158400000,148.456,150.333,145.5,147.2,5449272.0
1710172800000,147.2,148.565,145.89,146.853,3006146.0
1710187200000,146.852,149.5,146.618,149.062,1723737.0
1710201600000,149.062,155.3,147.311,151.142,5184213.0
1710216000000,151.142,154.8,149.5,152.035,5722395.0
1710230400000,152.035,153.37,148.201,150.61,4279580.0
1710244800000,150.609,152.294,147.269,150.429,7480378.0
1710259200000,150.444,151.145,141.6,150.074,9089347.0
1710273600000,150.074,151.486,147.1,151.201,2955594.0
1710288000000,151.202,151.852,148.889,149.445,2399845.0
1710302400000,149.444,153.315,148.925,150.911,3189331.0
1710316800000,150.911,154.919,150.674,153.93,3255990.0
1710331200000,153.93,159.591,149.925,157.361,9080527.0
1710345600000,157.366,162.092,156.738,161.582,5047948.0
1710360000000,161.582,166.967,159.67,164.055,4263774.0
1710374400000,164.055,169.498,163.239,167.589,4894395.0
1710388800000,167.589,170.5,165.348,168.444,4030591.0
1710403200000,168.461,174.599,168.3,173.313,6598877.0
1710417600000,173.32,173.663,164.33,167.759,10948414.0
1710432000000,167.761,170.45,159.288,162.661,10179469.0
1710446400000,162.627,178.7,162.226,176.851,5964388.0
1710460800000,176.852,187.088,169.227,176.212,15992604.0
1710475200000,176.196,182.181,171.351,176.253,10722112.0
1710489600000,176.256,177.43,164.675,170.127,13036022.0
1710504000000,170.127,185.0,168.263,181.963,12168386.0
1710518400000,181.982,189.25,178.269,183.446,9812393.0
1710532800000,183.435,185.714,175.371,184.155,7363300.0
1710547200000,184.156,189.318,180.562,187.783,5151762.0
1710561600000,187.782,193.823,185.395,192.97,7013527.0
1710576000000,192.969,198.269,190.655,192.782,7336852.0
1710590400000,192.783,196.398,188.0,195.301,8211207.0
1710604800000,195.3,195.902,178.632,180.233,10463228.0
1710619200000,180.233,186.132,176.923,182.184,8677825.0
1710633600000,182.182,189.54,181.861,186.648,6556390.0
1710648000000,186.648,188.89,178.65,181.942,6824861.0
1710662400000,181.942,193.988,179.827,192.141,6927793.0
1710676800000,192.139,196.26,188.554,195.743,5769303.0
1710691200000,195.742,198.498,192.338,195.823,4356784.0
1710705600000,195.826,205.0,195.616,201.962,5558524.0
1710720000000,201.96,205.788,194.029,204.157,6318279.0
1710734400000,204.158,205.2,200.01,203.337,3712509.0
1710748800000,203.342,210.425,198.4,208.206,8223420.0
1710763200000,208.207,209.596,198.504,203.91,9113611.0
1710777600000,203.911,206.5,195.43,198.499,7211571.0
1710792000000,198.5,205.0,195.528,196.143,4225598.0
1710806400000,196.143,198.875,180.438,184.372,10906382.0
1710820800000,184.373,189.161,179.211,186.236,8722992.0
1710835200000,186.235,186.293,171.0,177.902,12794199.0
1710849600000,177.91,186.044,174.75,183.079,11391911.0
1710864000000,183.071,186.433,180.1,181.567,6216061.0
1710878400000,181.567,182.118,166.18,169.917,8551929.0
1710892800000,169.916,177.131,169.328,169.979,6935426.0
1710907200000,169.985,174.314,162.453,173.418,8151865.0
1710921600000,173.418,175.476,169.506,172.19,5175813.0
1710936000000,172.19,176.961,170.001,170.674,6602229.0
1710950400000,170.672,184.799,165.55,182.74,10407311.0
1710964800000,182.748,193.39,181.863,191.916,6802693.0
1710979200000,191.907,195.933,189.5,190.465,5036433.0
1710993600000,190.465,192.524,184.64,188.751,5658301.0
1711008000000,188.75,191.824,186.294,189.265,3999862.0
1711022400000,189.264,191.647,183.802,185.431,5312919.0
1711036800000,185.431,188.223,177.12,178.086,5493563.0
1711051200000,178.076,182.08,176.0,179.535,3415343.0
1711065600000,179.535,182.052,174.149,179.216,4017667.0
1711080000000,179.209,180.896,177.613,179.209,3160701.0
1711094400000,179.208,180.357,171.666,172.25,3663810.0
1711108800000,172.246,174.098,167.7,171.746,6859949.0
1711123200000,171.747,173.776,168.839,172.922,3612840.0
1711137600000,172.925,175.284,168.188,175.257,3064451.0
1711152000000,175.257,178.2,170.555,172.001,3925387.0
1711166400000,172.0,177.998,171.5,176.124,2594961.0
1711180800000,176.125,177.209,174.172,175.993,2284535.0
1711195200000,175.993,179.263,174.536,175.262,3388094.0
1711209600000,175.261,176.932,173.836,174.926,2172028.0
1711224000000,174.926,175.633,172.53,172.725,1653362.0
1711238400000,172.726,177.708,171.763,171.842,2461890.0
1711252800000,171.843,173.915,171.394,173.761,1726005.0
1711267200000,173.683,176.3,173.27,174.989,2270406.0
1711281600000,174.988,177.5,174.689,176.361,2360667.0
1711296000000,176.35,177.099,172.519,176.237,2516400.0
1711310400000,176.224,186.887,175.562,184.019,4213584.0
1711324800000,184.018,185.621,181.133,184.966,2776270.0
1711339200000,184.961,189.797,183.897,185.889,2836927.0
1711353600000,185.888,191.909,185.807,188.079,3735748.0
1711368000000,188.079,194.699,186.5,192.893,5916964.0
1711382400000,192.892,194.647,190.461,192.391,3323482.0
1711396800000,192.391,193.2,188.532,189.181,2466858.0
1711411200000,189.165,192.192,188.204,191.792,1928236.0
1711425600000,191.792,196.808,191.416,194.143,3278495.0
1711440000000,194.144,196.441,192.087,194.946,2706008.0
1711454400000,194.94,195.496,189.653,190.494,4525644.0
1711468800000,190.495,191.737,186.3,188.485,3906141.0
1711483200000,188.491,192.806,188.412,190.623,2198926.0
1711497600000,190.621,193.0,188.828,190.22,2211758.0
1711512000000,190.219,190.736,186.167,186.961,1884166.0
1711526400000,186.961,188.87,183.72,188.693,3235025.0
1711540800000,188.688,191.4,181.038,181.234,7899966.0
1711555200000,181.235,184.284,180.29,182.837,2869292.0
1711569600000,182.838,187.204,182.737,186.448,1873401.0
1711584000000,186.447,188.191,181.025,182.315,2716468.0
1711598400000,182.317,187.936,182.112,187.495,2022770.0
1711612800000,187.497,188.669,184.819,185.563,2230018.0
1711627200000,185.573,189.689,182.8,187.514,4152734.0
1711641600000,187.514,187.571,184.65,186.465,1900421.0
1711656000000,186.466,191.18,186.335,189.852,2447521.0
1711670400000,189.856,190.981,187.778,188.513,2316479.0
1711684800000,188.512,189.377,183.547,183.851,2211883.0
1711699200000,183.851,186.634,183.6,185.969,1967336.0
1711713600000,185.969,190.098,184.227,185.079,3613144.0
1711728000000,185.084,187.944,184.567,187.91,2033288.0
1711742400000,187.895,193.246,187.5,192.2,3131715.0
1711756800000,192.2,194.85,190.861,192.952,2128433.0
1711771200000,192.952,200.4,192.738,195.971,4409302.0
1711785600000,195.979,200.0,192.838,197.974,2791730.0
1711800000000,197.974,198.703,195.284,196.543,2056176.0
1711814400000,196.543,198.184,193.561,195.61,2109282.0
1711828800000,195.609,196.882,193.5,194.351,1705528.0
1711843200000,194.351,197.493,193.834,194.457,1868458.0
1711857600000,194.457,197.64,194.152,196.975,1617847.0
1711872000000,196.979,197.439,195.633,196.067,1281484.0
1711886400000,196.067,197.892,195.637,195.865,1705160.0
1711900800000,195.872,201.467,195.694,200.596,2825427.0
1711915200000,200.596,203.459,198.702,202.678,2338187.0
1711929600000,202.685,204.755,201.03,202.824,2708580.0
1711944000000,202.824,203.79,193.0,198.118,5241803.0
1711958400000,198.118,198.187,194.7,195.351,2693833.0
1711972800000,195.349,197.944,186.711,188.217,5757133.0
1711987200000,188.22,193.68,187.517,193.435,3527942.0
1712001600000,193.436,194.187,191.901,192.355,1538209.0
1712016000000,192.355,192.415,181.6,183.766,5134249.0
1712030400000,183.765,186.378,181.106,183.271,2996847.0
1712044800000,183.272,184.02,177.61,180.024,4459481.0
1712059200000,180.019,182.339,176.011,177.559,5606433.0
1712073600000,177.56,186.937,176.964,185.773,4574430.0
1712088000000,185.761,186.575,180.804,181.679,2516872.0
1712102400000,181.671,189.061,177.012,188.563,4787985.0
1712116800000,188.545,191.976,187.058,189.65,3421123.0
1712131200000,189.651,191.832,186.468,187.88,3308482.0
1712145600000,187.88,191.338,186.0,189.15,3996568.0
1712160000000,189.154,191.279,184.207,185.775,3394319.0
1712174400000,185.773,186.663,182.2,185.173,2139619.0
1712188800000,185.179,187.519,181.2,181.621,2594218.0
1712203200000,181.62,185.888,180.33,185.058,2226183.0
1712217600000,185.058,186.476,184.511,185.703,1457289.0
1712232000000,185.704,189.692,185.478,187.175,3272583.0
1712246400000,187.176,190.295,185.551,185.793,2672089.0
1712260800000,185.792,185.98,181.088,184.123,2960361.0
1712275200000,184.124,185.324,177.686,179.525,2943773.0
1712289600000,179.526,180.5,173.1,175.188,4246059.0
1712304000000,175.189,177.27,169.062,169.838,4631226.0
1712318400000,169.837,177.394,168.1,175.937,6116346.0
1712332800000,175.938,176.98,172.475,175.459,2607005.0
1712347200000,175.46,176.855,174.151,174.45,1173644.0
1712361600000,174.451,176.639,173.6,176.001,1872406.0
1712376000000,176.001,178.333,174.921,177.319,1718137.0
1712390400000,177.319,178.616,175.382,175.794,1917612.0
1712404800000,175.78,177.39,173.85,177.223,2979734.0
1712419200000,177.23,179.439,176.5,177.452,3371355.0
1712433600000,177.451,180.0,176.79,178.768,3365739.0
1712448000000,178.769,182.789,177.317,180.739,3866632.0
1712462400000,180.74,181.523,179.005,179.845,1798870.0
1712476800000,179.845,181.032,178.6,180.797,1407177.0
1712491200000,180.798,182.291,179.55,179.75,2266806.0
1712505600000,179.749,182.75,177.72,178.39,2566274.0
1712520000000,178.391,180.245,176.958,179.615,1316509.0
1712534400000,179.615,179.667,175.401,176.556,2185086.0
1712548800000,176.555,181.256,175.883,180.283,2013133.0
1712563200000,180.284,184.799,179.818,182.891,4365694.0
1712577600000,182.891,183.763,179.438,181.534,3329953.0
1712592000000,181.533,182.258,178.57,179.485,2014633.0
1712606400000,179.485,181.566,179.27,180.822,1169025.0
1712620800000,180.821,181.084,177.002,177.6,1836554.0
1712635200000,177.6,178.749,175.08,175.763,2337023.0
1712649600000,175.762,176.562,173.4,176.371,2405213.0
1712664000000,176.37,176.7,169.08,172.529,4639626.0
1712678400000,172.53,177.85,171.853,174.462,4025604.0
1712692800000,174.456,176.188,172.272,172.558,1506957.0
1712707200000,172.558,173.253,169.311,171.511,2753800.0
1712721600000,171.511,173.8,171.037,172.901,1592662.0
1712736000000,172.902,172.922,168.3,170.32,2686534.0
1712750400000,170.32,170.81,162.29,168.048,7057449.0
1712764800000,168.047,173.256,167.028,171.483,4139022.0
1712779200000,171.483,175.611,170.324,173.438,2281057.0
1712793600000,173.438,173.54,171.21,172.893,1791579.0
1712808000000,172.894,176.158,171.769,174.613,2115754.0
1712822400000,174.613,175.597,170.3,170.674,2387142.0
1712836800000,170.681,175.5,170.171,173.548,5259844.0
1712851200000,173.547,176.48,172.086,174.771,3090987.0
1712865600000,174.778,175.888,172.027,172.497,1538136.0
1712880000000,172.496,174.49,172.468,174.184,1213586.0
1712894400000,174.185,176.12,173.064,173.4,1708087.0
1712908800000,173.4,173.799,171.54,172.774,1257007.0
1712923200000,172.774,172.821,166.7,167.46,4188134.0
1712937600000,167.461,167.943,140.0,149.235,14990297.0
1712952000000,149.242,154.428,148.75,153.162,4610732.0
1712966400000,153.157,153.483,145.48,151.799,5260376.0
1712980800000,151.8,154.987,150.623,151.094,3563063.0
1712995200000,151.095,153.479,149.508,151.331,2254632.0
1713009600000,151.33,153.089,148.368,149.005,3358978.0
1713024000000,149.009,149.663,126.2,133.71,14557470.0
1713038400000,133.71,143.653,112.917,138.467,24900825.0
1713052800000,138.467,140.948,130.445,134.906,7885373.0
1713067200000,134.907,144.522,133.855,144.019,5718576.0
1713081600000,144.004,145.519,138.19,138.794,4526912.0
1713096000000,138.791,143.36,135.472,137.95,6370718.0
1713110400000,137.948,143.145,133.39,141.704,7628418.0
1713124800000,141.705,152.862,139.77,151.187,5475053.0
1713139200000,151.186,151.217,146.334,148.031,3332715.0
1713153600000,148.048,156.048,146.001,153.694,3969627.0
1713168000000,153.694,154.95,150.743,150.928,3078068.0
1713182400000,150.927,152.193,141.12,143.235,8268922.0
1713196800000,143.234,144.497,133.55,137.81,8714901.0
1713211200000,137.819,140.13,135.26,138.442,3045292.0
1713225600000,138.442,140.512,133.534,134.524,3990080.0
1713240000000,134.518,138.813,129.914,137.797,4862056.0
1713254400000,137.796,137.992,129.631,136.1,5788376.0
1713268800000,136.1,136.1,127.42,127.573,7848054.0
1713283200000,127.564,135.289,126.392,132.108,6441199.0
1713297600000,132.097,137.879,131.575,136.183,2697150.0
1713312000000,136.184,138.195,134.708,137.331,2870267.0
1713326400000,137.332,142.622,136.588,139.345,5122170.0
1713340800000,139.401,140.186,133.946,134.25,3894707.0
1713355200000,134.25,134.985,127.503,128.665,10238449.0
1713369600000,128.671,137.899,126.812,134.545,9037030.0
1713384000000,134.544,137.96,131.505,131.781,4525424.0
1713398400000,131.782,136.648,129.59,135.51,5056135.0
1713412800000,135.509,136.808,128.948,129.362,4396374.0
1713427200000,129.362,137.0,127.514,135.721,6341156.0
1713441600000,135.721,141.481,131.87,138.93,7747368.0
1713456000000,138.93,141.442,135.556,140.216,4658939.0
1713470400000,140.213,143.88,139.467,141.957,2916918.0
1713484800000,141.958,141.967,128.401,136.431,9635391.0
1713499200000,136.43,146.809,136.105,143.236,8491155.0
1713513600000,143.259,145.879,142.268,144.35,4302028.0
1713528000000,144.35,147.491,141.622,146.115,5272151.0
1713542400000,146.115,147.394,143.604,145.435,3331758.0
1713556800000,145.438,145.713,140.003,142.444,3062457.0
1713571200000,142.445,143.528,139.601,142.349,2904641.0
1713585600000,142.352,144.95,141.509,143.452,2122951.0
1713600000000,143.452,143.5,140.0,141.462,2134498.0
1713614400000,141.467,147.445,140.877,147.111,2563234.0
1713628800000,147.111,151.799,146.205,151.142,4306930.0
1713643200000,151.142,152.398,149.029,151.155,1794124.0
1713657600000,151.154,153.452,148.003,150.539,2624238.0
1713672000000,150.539,151.669,149.79,151.037,1469568.0
1713686400000,151.037,152.695,149.517,151.39,2250417.0
1713700800000,151.391,151.682,148.375,150.1,2214289.0
1713715200000,150.1,150.3,146.7,147.934,2652241.0
1713729600000,147.933,150.8,147.395,148.734,1854294.0
1713744000000,148.733,151.5,146.544,150.27,3680758.0
1713758400000,150.271,156.571,149.881,153.561,3746431.0
1713772800000,153.564,154.549,152.202,153.189,2165431.0
1713787200000,153.189,154.9,151.453,153.372,3278812.0
1713801600000,153.372,156.12,152.31,154.473,2588006.0
1713816000000,154.472,158.431,154.027,156.881,2107561.0
1713830400000,156.881,159.222,155.327,155.403,2442696.0
1713844800000,155.409,156.713,152.976,153.552,2428008.0
1713859200000,153.553,155.483,153.051,153.989,1971746.0
1713873600000,153.989,159.747,153.468,157.861,4144185.0
1713888000000,157.87,159.987,157.012,157.411,2260327.0
1713902400000,157.419,157.699,154.503,154.723,1927355.0
1713916800000,154.722,158.818,154.333,156.65,2674919.0
1713931200000,156.65,159.7,156.17,157.739,2839953.0
1713945600000,157.739,159.359,156.376,159.269,2141144.0
1713960000000,159.268,159.618,151.008,151.485,6231529.0
1713974400000,151.484,153.769,147.388,149.775,4947456.0
1713988800000,149.767,150.444,145.52,147.701,2881306.0
1714003200000,147.7,149.525,144.611,145.965,3010833.0
1714017600000,145.966,148.46,144.64,146.229,2402650.0
1714032000000,146.23,147.5,143.08,144.749,3559525.0
1714046400000,144.748,148.339,142.041,147.704,4897381.0
1714060800000,147.7,149.331,146.451,146.821,2920294.0
1714075200000,146.82,148.904,144.618,144.786,2169479.0
1714089600000,144.786,145.067,141.363,143.213,3196138.0
1714104000000,143.213,144.777,142.3,143.403,1787935.0
1714118400000,143.403,144.578,142.191,143.091,1655390.0
1714132800000,143.09,146.12,141.042,142.655,4565041.0
1714147200000,142.655,144.188,141.601,142.636,1905797.0
1714161600000,142.636,143.771,138.456,139.202,2307064.0
1714176000000,139.202,140.201,132.385,136.191,4532473.0
1714190400000,136.191,137.15,135.453,136.096,1570376.0
1714204800000,136.103,136.746,135.21,135.858,1527652.0
1714219200000,135.857,139.748,135.635,137.673,2438403.0
1714233600000,137.672,142.42,137.4,142.232,3276556.0
1714248000000,142.233,142.965,139.833,141.242,1396394.0
1714262400000,141.245,144.679,140.712,143.752,1746813.0
1714276800000,143.753,144.374,142.819,143.501,1683141.0
1714291200000,143.502,143.878,140.822,141.168,1544006.0
1714305600000,141.169,142.893,141.063,141.934,1368115.0
1714320000000,141.935,143.932,141.7,142.023,1174080.0
1714334400000,142.023,142.299,136.956,137.922,2307906.0
1714348800000,137.922,138.885,134.217,134.908,2725070.0
1714363200000,134.908,136.741,133.858,134.904,2474672.0
1714377600000,134.905,136.66,133.601,134.627,2189659.0
1714392000000,134.624,137.5,133.871,136.448,3475598.0
1714406400000,136.449,136.617,133.212,134.935,3324026.0
1714420800000,134.934,138.637,133.953,137.725,2495723.0
1714435200000,137.726,139.721,134.858,136.449,3062044.0
1714449600000,136.45,136.724,134.55,135.031,2440709.0
1714464000000,135.031,135.492,128.178,128.73,5840051.0
1714478400000,128.73,130.307,126.63,127.707,5081031.0
1714492800000,127.707,127.71,121.049,123.014,6819176.0
1714507200000,123.005,128.763,122.976,126.685,4010844.0
1714521600000,126.685,127.482,123.691,126.158,3478286.0
1714536000000,126.158,126.787,118.265,120.547,5632436.0
1714550400000,120.548,123.056,118.766,122.985,4350000.0
1714564800000,122.984,125.027,121.377,123.328,3997352.0
1714579200000,123.324,135.943,122.583,129.652,9137681.0
1714593600000,129.681,135.169,128.706,134.541,3970652.0
1714608000000,134.542,134.9,128.553,129.991,3604217.0
1714622400000,129.991,132.95,128.227,131.307,2775629.0
1714636800000,131.307,139.287,131.003,138.625,5014380.0
1714651200000,138.625,140.435,134.967,139.019,6350887.0
1714665600000,139.024,139.798,136.877,138.013,2902241.0
1714680000000,138.013,140.952,135.5,137.538,3304211.0
1714694400000,137.537,141.732,136.669,140.944,3047252.0
1714708800000,140.942,141.486,136.683,137.187,2375716.0
1714723200000,137.186,139.151,135.84,136.842,2712600.0
1714737600000,136.843,143.976,136.396,142.0,6892702.0
1714752000000,142.0,143.145,141.001,142.68,1883131.0
1714766400000,142.68,144.968,142.371,143.607,2423098.0
1714780800000,143.607,145.0,142.148,144.148,1998364.0
1714795200000,144.149,146.361,143.628,143.899,2456227.0
1714809600000,143.899,149.08,143.836,146.438,3151288.0
1714824000000,146.454,148.184,145.5,146.1,1979082.0
1714838400000,146.1,147.498,145.203,147.351,1237116.0
1714852800000,147.351,147.846,145.734,146.007,1078764.0
1714867200000,146.008,147.197,143.15,144.58,2418974.0
1714881600000,144.579,145.957,144.086,145.58,1517035.0
1714896000000,145.581,146.708,145.023,146.565,1334542.0
1714910400000,146.566,147.976,145.3,147.402,2082286.0
1714924800000,147.402,147.779,145.551,145.993,1293893.0
1714939200000,145.994,146.068,144.601,145.673,951106.0
1714953600000,145.673,148.077,145.316,146.193,1533765.0
1714968000000,146.193,149.31,145.862,148.639,2058661.0
1714982400000,148.64,156.85,148.64,153.945,6297492.0
1714996800000,153.944,156.37,149.503,153.787,5991739.0
1715011200000,153.786,154.17,150.74,153.446,2961552.0
1715025600000,153.455,155.68,152.44,152.784,2184443.0
1715040000000,152.779,157.975,151.729,153.788,3799995.0
1715054400000,153.787,156.199,153.002,155.071,2557329.0
1715068800000,155.07,159.194,154.75,154.908,3797330.0
1715083200000,154.907,157.0,152.083,154.613,3714533.0
1715097600000,154.613,155.427,150.76,151.147,2313246.0
1715112000000,151.143,152.392,147.525,148.011,2432335.0
1715126400000,148.012,149.885,147.1,149.47,2156846.0
1715140800000,149.471,149.849,145.741,146.406,3109037.0
1715155200000,146.405,146.977,144.753,145.348,2441730.0
1715169600000,145.349,148.868,144.272,145.818,3646935.0
1715184000000,145.819,149.025,144.555,145.429,2439788.0
1715198400000,145.443,145.874,139.892,142.118,3866886.0
1715212800000,142.119,144.839,141.858,144.057,1674965.0
1715227200000,144.057,145.772,142.387,143.228,2119303.0
1715241600000,143.229,143.966,140.535,142.754,2563364.0
1715256000000,142.755,147.8,141.55,146.401,3599180.0
1715270400000,146.4,150.913,145.666,150.773,2882131.0
1715284800000,150.777,153.36,149.165,152.459,2795130.0
1715299200000,152.46,154.569,151.256,153.849,1971255.0
1715313600000,153.849,155.7,152.213,154.268,2041041.0
1715328000000,154.269,155.158,152.87,154.958,1546705.0
1715342400000,154.958,155.3,145.533,146.852,6432713.0
1715356800000,146.853,148.629,145.0,147.091,3897051.0
1715371200000,147.086,148.024,144.177,145.966,1735745.0
1715385600000,145.966,147.657,143.2,143.619,2378817.0
1715400000000,143.628,146.372,143.477,145.689,1307505.0
1715414400000,145.689,145.77,143.068,144.197,1367420.0
1715428800000,144.196,147.001,143.801,145.566,1859607.0
1715443200000,145.568,146.644,144.782,146.368,1216535.0
1715457600000,146.367,146.476,145.013,145.355,775828.0
1715472000000,145.355,146.921,145.154,146.326,880344.0
1715486400000,146.326,147.755,143.611,144.138,1755380.0
1715500800000,144.138,146.316,143.729,145.0,1537578.0
1715515200000,145.0,145.662,143.932,145.144,1275703.0
1715529600000,145.144,146.364,144.25,144.9,1221575.0
1715544000000,144.899,145.207,142.198,143.364,1276746.0
1715558400000,143.364,145.85,138.23,140.106,3919679.0
1715572800000,140.107,144.055,137.78,143.488,3168114.0
1715587200000,143.488,147.444,143.459,145.563,4349712.0
1715601600000,145.563,148.289,144.75,147.207,2991574.0
1715616000000,147.207,150.78,145.738,148.722,3773862.0
1715630400000,148.72,149.535,146.706,147.496,1279419.0
1715644800000,147.495,148.265,145.595,146.275,2040184.0
1715659200000,146.275,149.036,143.585,146.491,3155650.0
1715673600000,146.498,147.465,145.3,146.525,1509652.0
1715688000000,146.524,148.389,141.81,142.865,5042107.0
1715702400000,142.864,144.706,141.762,143.719,2220061.0
1715716800000,143.718,143.846,141.82,141.963,953851.0
1715731200000,141.964,144.124,141.1,143.897,1493428.0
1715745600000,143.896,144.531,143.071,144.198,1569837.0
1715760000000,144.197,146.051,143.021,144.101,2204012.0
1715774400000,144.1,154.04,143.551,151.562,7715828.0
1715788800000,151.562,154.982,150.849,154.833,3304974.0
1715803200000,154.846,158.741,154.096,158.423,3008956.0
1715817600000,158.424,163.802,157.999,163.053,3908533.0
1715832000000,163.052,163.535,161.264,162.683,2040216.0
1715846400000,162.682,164.769,161.703,163.662,2220891.0
1715860800000,163.659,163.698,157.501,160.411,5279819.0
1715875200000,160.411,160.545,156.4,159.007,3371308.0
1715889600000,159.007,159.5,157.337,159.303,1215673.0
1715904000000,159.302,162.879,159.251,162.123,2616216.0
1715918400000,162.12,169.826,160.892,169.079,4031682.0
1715932800000,169.093,170.0,167.073,167.41,2413292.0
1715947200000,167.408,170.929,165.603,169.585,3725683.0
1715961600000,169.585,172.0,166.111,168.828,2776538.0
1715976000000,168.827,169.785,167.275,169.351,1057473.0
1715990400000,169.352,174.45,168.534,173.144,2740348.0
1716004800000,173.145,173.858,172.003,172.216,1322109.0
1716019200000,172.216,175.9,172.058,174.298,2268980.0
1716033600000,174.299,174.692,171.628,172.334,2599980.0
1716048000000,172.335,172.621,170.302,172.151,1652096.0
1716062400000,172.15,173.579,171.511,172.299,1155502.0
1716076800000,172.298,175.144,171.879,174.218,1295839.0
1716091200000,174.219,175.495,172.242,174.091,1568090.0
1716105600000,174.091,174.467,170.727,171.671,2350138.0
1716120000000,171.671,171.757,165.968,168.195,3819525.0
1716134400000,168.195,171.77,167.203,169.287,2738852.0
1716148800000,169.286,171.663,168.251,169.853,1488204.0
1716163200000,169.852,173.452,167.555,172.069,2455622.0
1716177600000,172.07,178.595,171.692,177.93,5030502.0
1716192000000,177.93,179.5,176.219,177.66,2656684.0
1716206400000,177.66,179.5,175.2,178.911,3159225.0
1716220800000,178.912,188.587,178.03,187.242,5953528.0
1716235200000,187.244,187.651,182.229,186.701,4997517.0
1716249600000,186.701,188.955,182.721,184.266,3390313.0
1716264000000,184.266,185.075,180.241,181.293,2881019.0
1716278400000,181.292,183.894,180.319,180.407,2382829.0
1716292800000,180.408,181.4,176.071,176.862,4176188.0
1716307200000,176.863,178.964,174.338,175.344,2417863.0
1716321600000,175.346,178.612,175.141,178.15,1548981.0
1716336000000,178.15,179.285,176.499,178.011,1402640.0
1716350400000,178.012,182.955,175.05,179.883,3390477.0
1716364800000,179.884,181.392,178.053,178.065,2085319.0
1716379200000,178.065,182.78,176.172,181.409,4094817.0
1716393600000,181.41,183.649,177.207,178.348,3225265.0
1716408000000,178.343,180.846,176.292,177.03,2651680.0
1716422400000,177.02,179.431,175.589,178.865,1439348.0
1716436800000,178.865,178.939,176.324,177.49,1711867.0
1716451200000,177.49,177.965,173.067,175.668,2729960.0
1716465600000,175.667,176.986,168.294,172.7,4880437.0
1716480000000,172.7,175.299,170.6,170.987,2538390.0
1716494400000,170.997,181.365,164.6,176.182,6834856.0
1716508800000,176.181,176.181,171.564,172.096,2102191.0
1716523200000,172.096,172.102,165.151,166.24,4021168.0
1716537600000,166.24,166.65,162.432,166.356,3106033.0
1716552000000,166.355,169.091,165.083,167.279,3431765.0
1716566400000,167.279,170.352,164.569,168.349,2433723.0
1716580800000,168.349,168.757,166.638,167.657,992516.0
1716595200000,167.657,169.766,165.845,169.666,1463866.0
1716609600000,169.666,170.219,168.113,168.959,1121387.0
1716624000000,168.953,170.561,168.33,168.563,1526743.0
1716638400000,168.564,168.9,166.586,167.774,1647936.0
1716652800000,167.774,168.08,166.411,167.226,964127.0
1716667200000,167.226,168.636,166.509,168.356,640745.0
1716681600000,168.356,168.408,164.74,166.308,1397372.0
1716696000000,166.309,167.078,164.628,165.383,1256075.0
1716710400000,165.383,165.682,162.176,164.094,2280119.0
1716724800000,164.094,165.937,162.46,162.96,2303226.0
1716739200000,162.961,163.552,161.21,162.779,1911813.0
1716753600000,162.779,164.266,161.002,163.505,1296433.0
1716768000000,163.506,166.723,163.407,165.422,2021542.0
1716782400000,165.423,166.489,163.835,165.613,1312620.0
1716796800000,165.613,168.153,165.071,167.78,1792508.0
1716811200000,167.779,171.564,166.711,171.113,2775682.0
1716825600000,171.111,172.412,167.055,168.765,2737415.0
1716840000000,168.765,171.768,168.454,170.249,1481412.0
1716854400000,170.248,172.275,166.1,167.489,2769769.0
1716868800000,167.49,167.689,165.009,166.204,1960968.0
1716883200000,166.203,170.57,165.931,169.944,2177087.0
1716897600000,169.943,173.364,166.757,168.384,4807847.0
1716912000000,168.384,170.934,166.112,170.515,2426320.0
1716926400000,170.52,170.863,168.434,168.807,1013086.0
1716940800000,168.807,172.689,167.507,172.458,1596441.0
1716955200000,172.451,174.06,170.802,170.916,2022531.0
1716969600000,170.917,171.231,167.7,168.386,2553055.0
1716984000000,168.394,170.064,167.259,168.661,2613257.0
1716998400000,168.678,171.987,167.709,169.52,2935841.0
1717012800000,169.511,170.077,167.92,168.418,1153109.0
1717027200000,168.419,171.107,168.0,170.108,1401663.0
1717041600000,170.109,171.006,164.318,165.094,2583694.0
1717056000000,165.093,167.439,163.64,166.318,1831919.0
1717070400000,166.319,169.791,166.079,168.553,2437490.0
1717084800000,168.554,172.735,168.0,168.488,2672625.0
1717099200000,168.488,168.488,166.25,166.986,1416854.0
1717113600000,166.985,167.688,165.689,167.361,1059015.0
1717128000000,167.361,167.797,165.086,166.75,1178460.0
1717142400000,166.752,169.13,166.139,168.844,1468882.0
1717156800000,168.844,171.074,164.836,164.919,3604814.0
1717171200000,164.919,167.1,164.0,166.438,1818422.0
1717185600000,166.445,167.177,165.229,165.762,954980.0
1717200000000,165.761,167.924,165.761,167.133,910120.0
1717214400000,167.132,167.573,166.532,166.959,638334.0
1717228800000,166.962,167.5,166.672,167.033,714418.0
1717243200000,167.033,168.0,166.857,167.375,874625.0
1717257600000,167.375,167.912,166.917,167.553,589895.0
1717272000000,167.549,167.895,165.772,166.281,817611.0
1717286400000,166.28,167.245,165.573,166.286,859789.0
1717300800000,166.279,166.656,165.026,165.101,805096.0
1717315200000,165.101,166.267,164.079,166.142,1238246.0
1717329600000,166.143,166.381,164.683,165.268,1175432.0
1717344000000,165.268,165.481,161.357,163.2,2220498.0
1717358400000,163.2,163.855,161.811,163.251,937427.0
1717372800000,163.252,165.338,161.904,163.678,1937679.0
1717387200000,163.677,165.939,162.813,165.433,1440291.0
1717401600000,165.434,167.0,164.589,164.913,1467581.0
1717416000000,164.913,167.405,163.031,164.945,3126902.0
1717430400000,164.945,167.149,163.676,167.088,1507084.0
1717444800000,167.087,167.339,164.5,164.995,1071877.0
1717459200000,164.995,166.873,164.348,166.604,938514.0
1717473600000,166.604,167.117,165.0,165.376,994817.0
1717488000000,165.376,165.954,164.565,165.619,932644.0
1717502400000,165.619,168.101,165.393,168.065,2225170.0
1717516800000,168.065,170.5,167.854,169.566,2343147.0
1717531200000,169.562,172.038,168.379,171.888,1298721.0
1717545600000,171.889,175.021,171.2,173.116,2445883.0
1717560000000,173.116,174.467,172.471,173.534,1304863.0
1717574400000,173.534,174.279,172.15,172.959,1306359.0
1717588800000,172.959,175.292,171.332,174.918,2503195.0
1717603200000,174.918,175.784,172.6,173.078,1804614.0
1717617600000,173.087,173.942,172.851,173.668,706776.0
1717632000000,173.667,174.49,173.3,173.947,661475.0
1717646400000,173.947,174.133,171.644,172.729,1145151.0
1717660800000,172.729,173.545,172.25,173.239,791536.0
1717675200000,173.239,173.84,172.5,173.092,1160295.0
1717689600000,173.093,173.193,168.848,169.241,2028974.0
1717704000000,169.241,170.949,167.495,170.271,1564031.0
1717718400000,170.272,170.745,169.07,170.676,854770.0
1717732800000,170.677,172.663,170.566,172.121,1226154.0
1717747200000,172.121,172.541,171.06,172.28,884408.0
1717761600000,172.289,173.0,169.246,170.219,2634334.0
1717776000000,170.219,170.466,152.22,162.015,8368633.0
1717790400000,162.015,163.241,161.065,162.524,1344450.0
1717804800000,162.525,163.154,161.881,162.708,932462.0
1717819200000,162.708,163.819,161.415,163.596,1149300.0
1717833600000,163.597,163.659,160.1,160.52,1253218.0
1717848000000,160.517,161.387,158.329,160.145,2013044.0
1717862400000,160.146,161.079,158.8,159.841,1045243.0
1717876800000,159.841,160.0,157.4,157.838,951190.0
1717891200000,157.841,158.823,156.504,157.821,1039305.0
1717905600000,157.822,159.782,157.27,159.025,847839.0
1717920000000,159.025,159.837,158.709,159.422,707987.0
1717934400000,159.423,161.872,159.2,161.591,2004010.0
1717948800000,161.592,163.078,160.545,162.121,1030461.0
1717963200000,162.121,162.411,161.219,162.116,621250.0
1717977600000,162.117,162.216,159.626,159.853,841542.0
1717992000000,159.854,160.549,157.466,157.642,1301699.0
1718006400000,157.642,160.229,157.584,159.438,1395028.0
1718020800000,159.438,163.2,157.692,162.36,2252401.0
1718035200000,162.36,162.941,160.0,160.454,1636792.0
1718049600000,160.454,160.716,158.3,159.096,1355471.0
1718064000000,159.096,159.772,154.6,156.08,2871889.0
1718078400000,156.07,156.24,152.4,153.361,2561701.0
1718092800000,153.362,155.28,152.774,153.908,1839721.0
1718107200000,153.907,154.5,146.0,147.593,4798172.0
1718121600000,147.592,149.729,145.121,149.162,3222277.0
1718136000000,149.156,150.237,148.0,149.245,1143480.0
1718150400000,149.245,149.843,145.4,149.602,2165059.0
1718164800000,149.602,151.98,149.499,151.765,1675360.0
1718179200000,151.764,153.477,150.916,151.698,1668814.0
1718193600000,151.699,161.749,151.5,158.8,5461622.0
1718208000000,158.809,159.789,151.11,153.337,5075854.0
1718222400000,153.337,155.61,152.784,155.173,1403546.0
1718236800000,155.173,155.186,149.607,151.537,2005472.0
1718251200000,151.536,152.844,150.785,152.071,1199270.0
1718265600000,152.071,152.385,149.0,149.577,1708725.0
1718280000000,149.577,152.361,146.066,146.804,4047573.0
1718294400000,146.804,148.872,146.214,147.684,1711442.0
1718308800000,147.68,148.35,146.0,147.209,1179314.0
1718323200000,147.216,148.493,145.743,147.454,1487264.0
1718337600000,147.454,149.711,146.717,147.511,1544028.0
1718352000000,147.511,148.679,147.121,148.036,1018935.0
1718366400000,148.041,148.957,142.835,143.733,3486746.0
1718380800000,143.734,144.073,139.5,141.756,4624612.0
1718395200000,141.756,145.114,141.358,142.974,1957395.0
1718409600000,142.973,144.921,142.854,144.903,806032.0
1718424000000,144.903,145.488,143.586,143.741,1346811.0
1718438400000,143.74,144.602,142.879,144.448,862365.0
1718452800000,144.448,145.38,143.955,145.098,916506.0
1718467200000,145.098,145.74,144.035,144.598,919205.0
1718481600000,144.61,145.633,143.778,145.45,659247.0
1718496000000,145.45,145.513,143.828,143.957,781145.0
1718510400000,143.957,145.22,143.02,144.429,1018854.0
1718524800000,144.429,145.691,143.743,144.947,857540.0
1718539200000,144.948,148.775,144.709,148.414,1701592.0
1718553600000,148.427,149.3,147.522,148.716,1368643.0
1718568000000,148.716,151.347,148.293,151.245,1637819.0
1718582400000,151.244,151.747,147.05,147.301,2176245.0
1718596800000,147.301,149.146,145.75,146.559,1964178.0
1718611200000,146.56,147.252,141.499,143.861,2905912.0
1718625600000,143.86,144.592,140.698,141.178,2270274.0
1718640000000,141.177,146.769,139.765,144.532,3432090.0
1718654400000,144.532,144.643,141.381,143.197,1644017.0
1718668800000,143.197,143.749,127.0,135.526,8725802.0
1718683200000,135.527,137.8,134.64,136.617,2248560.0
1718697600000,136.617,138.762,135.567,137.104,2665292.0
1718712000000,137.104,137.771,132.8,135.969,5184379.0
1718726400000,135.969,136.119,130.35,133.048,3305974.0
1718740800000,133.043,138.433,131.993,137.359,3118928.0
1718755200000,137.359,141.462,136.06,140.083,3395193.0
1718769600000,140.083,141.876,139.36,139.916,2025084.0
1718784000000,139.917,140.237,136.85,137.891,2517426.0
1718798400000,137.892,138.821,135.436,136.874,2060602.0
1718812800000,136.874,138.997,135.561,136.613,2111081.0
1718827200000,136.612,136.752,134.402,135.557,1606546.0
1718841600000,135.557,137.2,132.511,132.974,2420658.0
1718856000000,132.974,138.301,132.482,137.141,3001477.0
1718870400000,137.141,141.255,136.334,139.271,2954548.0
1718884800000,139.272,139.679,132.427,133.196,4504891.0
1718899200000,133.185,135.78,131.8,134.181,2766148.0
1718913600000,134.176,134.823,133.339,133.5,946689.0
1718928000000,133.5,134.768,131.59,132.635,1897581.0
1718942400000,132.634,133.277,130.558,131.379,1754834.0
1718956800000,131.379,132.772,129.522,132.031,2841128.0
1718971200000,132.03,133.69,129.31,131.352,4272622.0
1718985600000,131.357,133.913,128.639,132.59,3133263.0
1719000000000,132.586,135.35,131.883,134.534,2277310.0
1719014400000,134.534,135.237,132.937,134.998,1341127.0
1719028800000,134.998,136.679,134.466,134.806,1684163.0
1719043200000,134.806,134.884,133.65,134.458,1050777.0
1719057600000,134.458,134.73,133.82,134.195,860230.0
1719072000000,134.209,134.985,133.853,134.442,734265.0
1719086400000,134.442,134.556,133.065,133.627,554359.0
1719100800000,133.628,135.064,133.513,134.713,894419.0
1719115200000,134.709,134.95,134.134,134.678,549608.0
1719129600000,134.677,134.8,133.409,133.971,926345.0
1719144000000,133.967,134.318,131.349,131.535,1587165.0
1719158400000,131.535,132.485,130.329,131.416,1677874.0
1719172800000,131.417,131.506,128.164,128.661,2419716.0
1719187200000,128.66,129.743,125.88,126.18,3102782.0
1719201600000,126.17,126.649,123.112,125.124,4015701.0
1719216000000,125.113,127.457,121.4,127.045,5227687.0
1719230400000,127.044,129.772,125.61,126.275,4139174.0
1719244800000,126.27,130.33,125.769,127.401,5013048.0
1719259200000,127.395,132.579,125.0,132.237,3555890.0
1719273600000,132.237,136.475,131.143,135.705,2668533.0
1719288000000,135.709,136.764,134.624,134.773,2249336.0
1719302400000,134.778,139.168,133.461,137.753,3344940.0
1719316800000,137.741,139.857,136.433,139.372,2945441.0
1719331200000,139.373,139.541,137.006,138.72,2098838.0
1719345600000,138.698,138.957,135.883,136.544,1479306.0
1719360000000,136.543,140.38,136.073,138.39,2096666.0
1719374400000,138.39,138.756,136.252,137.909,1344254.0
1719388800000,137.908,138.18,136.002,137.286,1487946.0
1719403200000,137.285,139.427,136.0,136.836,2401146.0
1719417600000,136.836,137.832,134.8,137.73,2246258.0
1719432000000,137.725,138.46,136.241,136.808,1319884.0
1719446400000,136.815,137.916,135.582,137.488,1232214.0
1719460800000,137.488,137.725,135.179,135.899,1134310.0
1719475200000,135.9,139.456,135.521,139.015,1902651.0
1719489600000,139.011,151.25,138.466,147.697,12588180.0
1719504000000,147.699,149.376,146.5,148.418,2285938.0
1719518400000,148.42,150.429,148.024,149.651,1580322.0
1719532800000,149.65,150.899,146.5,147.509,2971048.0
1719547200000,147.509,147.546,143.729,145.311,2755352.0
1719561600000,145.31,146.129,144.685,145.413,1571903.0
1719576000000,145.416,146.875,140.768,143.151,6085964.0
1719590400000,143.151,143.932,140.052,140.95,3688091.0
1719604800000,140.951,141.659,138.937,139.98,1536704.0
1719619200000,139.979,142.493,139.923,141.717,1485689.0
1719633600000,141.717,142.48,140.025,141.932,1110080.0
1719648000000,141.932,143.17,141.44,142.575,1257321.0
1719662400000,142.574,142.935,141.26,142.622,1084896.0
1719676800000,142.622,142.78,140.764,141.691,737354.0
1719691200000,141.69,141.796,139.626,140.234,955758.0
1719705600000,140.236,141.082,138.101,138.276,1507066.0
1719720000000,138.275,141.072,137.1,140.58,2178122.0
1719734400000,140.581,141.74,140.296,141.157,1393135.0
1719748800000,141.158,144.0,140.556,143.735,1852266.0
1719763200000,143.736,145.85,142.715,144.741,1684204.0
1719777600000,144.741,147.574,143.812,146.582,2214733.0
1719792000000,146.582,149.115,145.917,147.528,2181627.0
1719806400000,147.528,148.696,147.092,148.249,1208016.0
1719820800000,148.25,149.068,145.802,146.125,1960189.0
1719835200000,146.128,148.747,146.01,148.481,2532586.0
1719849600000,148.476,149.396,146.55,147.273,1936861.0
1719864000000,147.281,148.23,145.931,146.625,986710.0
1719878400000,146.627,149.879,146.096,149.085,1421186.0
1719892800000,149.085,149.874,146.903,147.384,1589746.0
1719907200000,147.384,150.0,146.814,149.609,1536120.0
1719921600000,149.609,151.843,147.05,148.342,4406691.0
1719936000000,148.334,153.782,147.581,152.758,2978391.0
1719950400000,152.768,154.915,152.274,153.97,1816674.0
1719964800000,153.97,154.417,149.151,150.56,3076055.0
1719979200000,150.56,150.56,146.274,146.373,3030338.0
1719993600000,146.373,147.254,142.679,143.999,4635905.0
1720008000000,144.0,144.275,140.851,141.625,4338960.0
1720022400000,141.626,143.167,139.107,140.415,2976873.0
1720036800000,140.409,142.0,139.107,140.737,2068105.0
1720051200000,140.737,142.685,132.1,136.999,6258833.0
1720065600000,137.0,137.291,133.756,134.364,2430934.0
1720080000000,134.36,135.974,132.063,132.698,4345108.0
1720094400000,132.698,135.864,129.5,135.296,6262517.0
1720108800000,135.296,135.9,133.556,133.928,2086304.0
1720123200000,133.929,135.6,127.0,127.76,3708458.0
1720137600000,127.751,129.125,120.069,123.621,10523906.0
1720152000000,123.616,127.688,120.901,126.654,6370941.0
1720166400000,126.658,130.744,122.032,130.009,6379197.0
1720180800000,130.01,134.875,128.277,134.799,6929983.0
1720195200000,134.799,136.388,133.591,134.915,4138544.0
1720209600000,134.916,135.74,133.81,134.23,1613641.0
1720224000000,134.215,137.785,132.261,134.387,2834455.0
1720238400000,134.387,137.292,133.518,136.836,2035624.0
1720252800000,136.837,140.564,136.341,138.654,2707780.0
1720267200000,138.654,142.109,137.679,141.795,2767203.0
1720281600000,141.795,143.449,140.631,142.74,2456989.0
1720296000000,142.74,144.5,142.09,142.996,1817512.0
1720310400000,142.995,143.29,140.28,142.058,2399422.0
1720324800000,142.058,142.058,138.003,139.074,2547965.0
1720339200000,139.074,140.65,138.697,139.848,1394600.0
1720353600000,139.848,140.747,135.503,137.031,3107336.0
1720368000000,137.031,139.564,136.7,137.277,1667510.0
1720382400000,137.278,137.82,131.178,131.599,3006467.0
1720396800000,131.6,132.905,127.669,130.635,5724328.0
1720411200000,130.634,133.939,129.769,132.536,2799318.0
1720425600000,132.545,141.935,132.256,140.556,6726502.0
1720440000000,140.556,141.955,133.5,137.385,6915401.0
1720454400000,137.398,138.57,134.836,138.256,2457720.0
1720468800000,138.249,141.027,137.243,139.74,2606094.0
1720483200000,139.741,141.177,136.387,140.385,3162522.0
1720497600000,140.387,143.5,140.005,142.062,2856606.0
1720512000000,142.062,144.291,140.22,141.833,2990909.0
1720526400000,141.833,143.13,138.55,140.468,3446400.0
1720540800000,140.469,143.025,140.002,142.071,2289485.0
1720555200000,142.074,143.495,140.772,141.391,1359238.0
1720569600000,141.391,141.764,138.51,141.64,1692780.0
1720584000000,141.639,146.148,141.606,144.119,3086125.0
1720598400000,144.119,144.5,142.162,142.72,1868460.0
1720612800000,142.721,143.124,139.888,141.081,3265940.0
1720627200000,141.081,142.651,140.219,141.028,1476797.0
1720641600000,141.032,142.414,140.118,141.927,890552.0
1720656000000,141.927,143.184,139.012,140.237,1989819.0
1720670400000,140.236,142.495,140.009,142.015,1455359.0
1720684800000,142.015,143.888,141.998,143.424,1820120.0
1720699200000,143.424,146.071,137.6,138.413,5804092.0
1720713600000,138.424,138.943,136.319,136.52,2280520.0
1720728000000,136.517,137.523,135.602,135.702,2372370.0
1720742400000,135.702,138.127,134.0,136.439,3448133.0
1720756800000,136.445,136.981,134.433,135.349,1981866.0
1720771200000,135.349,135.868,133.78,135.585,1702204.0
1720785600000,135.582,139.298,135.328,138.751,3308805.0
1720800000000,138.75,140.5,137.622,138.449,2124967.0
1720814400000,138.427,139.45,136.577,139.379,1455403.0
1720828800000,139.378,139.87,138.189,138.684,825597.0
1720843200000,138.67,139.426,137.87,139.31,944629.0
1720857600000,139.31,140.9,138.345,140.053,1675411.0
1720872000000,140.054,140.53,139.164,140.311,1114621.0
1720886400000,140.311,140.75,139.134,139.77,929385.0
1720900800000,139.77,143.571,139.025,141.811,2224932.0
1720915200000,141.803,145.136,141.788,143.882,2920918.0
1720929600000,143.882,146.0,143.803,144.685,2041300.0
1720944000000,144.684,146.881,144.502,144.84,2242151.0
1720958400000,144.842,145.998,143.305,145.831,2140982.0
1720972800000,145.831,145.913,144.525,145.117,792031.0
1720987200000,145.135,148.5,145.008,147.575,2178411.0
1721001600000,147.572,152.0,146.914,151.323,3084612.0
1721016000000,151.324,154.0,150.684,153.168,1852066.0
1721030400000,153.169,153.963,150.863,151.604,2110909.0
1721044800000,151.603,154.5,151.581,152.838,2317445.0
1721059200000,152.837,156.964,152.433,155.254,2872306.0
1721073600000,155.259,159.85,155.146,159.294,2309034.0
1721088000000,159.294,160.161,156.1,157.788,2349628.0
1721102400000,157.788,158.711,153.609,154.441,3688107.0
1721116800000,154.445,157.587,152.502,157.253,2903154.0
1721131200000,157.252,161.516,154.333,160.923,3566209.0
1721145600000,160.917,162.447,158.72,161.848,3392053.0
1721160000000,161.84,161.947,159.007,160.592,1554900.0
1721174400000,160.592,163.722,160.001,160.838,1946784.0
1721188800000,160.839,162.488,160.0,160.508,1428397.0
1721203200000,160.509,163.6,159.471,160.773,2639028.0
1721217600000,160.773,161.986,157.765,158.038,2558455.0
1721232000000,158.047,158.256,154.576,156.716,3163180.0
1721246400000,156.724,157.221,154.721,155.467,1305875.0
1721260800000,155.466,159.912,155.466,158.885,1910102.0
1721275200000,158.886,159.945,157.013,158.607,1468064.0
1721289600000,158.608,159.828,158.031,159.392,1279942.0
1721304000000,159.378,161.576,155.862,156.291,3604621.0
1721318400000,156.291,157.602,155.07,156.912,1954066.0
1721332800000,156.913,160.297,156.3,159.146,1145771.0
1721347200000,159.147,161.976,156.068,161.788,2201595.0
1721361600000,161.788,165.666,160.586,161.356,3636383.0
1721376000000,161.36,163.555,159.164,162.602,3323042.0
1721390400000,162.602,169.0,162.171,168.744,5574046.0
1721404800000,168.743,172.585,168.175,170.322,4138928.0
1721419200000,170.323,170.451,167.856,169.064,1150672.0
1721433600000,169.064,171.8,168.192,169.489,1678270.0
1721448000000,169.489,170.326,168.383,168.483,1019481.0
1721462400000,168.489,169.787,167.541,167.979,1054848.0
1721476800000,167.979,169.658,167.187,169.171,1232676.0
1721491200000,169.17,174.6,168.77,172.347,3033968.0
1721505600000,172.348,175.497,172.348,173.532,1552278.0
1721520000000,173.546,175.5,172.689,173.079,1243981.0
1721534400000,173.079,173.701,170.906,171.26,1380240.0
1721548800000,171.26,172.93,171.183,172.808,958301.0
1721563200000,172.808,176.647,171.207,175.367,2599257.0
1721577600000,175.365,178.427,170.458,177.941,6119162.0
1721592000000,177.941,185.32,177.354,184.473,4287677.0
1721606400000,184.473,185.015,180.65,180.909,1958395.0
1721620800000,180.91,181.818,177.563,178.288,2215197.0
1721635200000,178.289,180.999,176.667,180.484,2242894.0
1721649600000,180.484,181.837,176.854,179.791,3258444.0
1721664000000,179.782,182.977,178.5,182.773,1914882.0
1721678400000,182.794,183.387,177.012,178.823,2097822.0
1721692800000,178.82,180.5,177.068,179.022,1549051.0
1721707200000,179.022,179.048,173.7,175.959,2806391.0
1721721600000,175.973,178.709,174.0,175.566,2792545.0
1721736000000,175.565,178.328,172.1,176.395,4913290.0
1721750400000,176.393,176.9,170.35,171.944,3628233.0
1721764800000,171.942,174.656,171.054,172.912,1413410.0
1721779200000,172.925,174.399,170.878,173.579,1725499.0
1721793600000,173.58,174.571,172.103,174.144,1182732.0
1721808000000,174.145,178.498,173.563,177.677,2310384.0
1721822400000,177.677,181.988,176.058,177.729,4278648.0
1721836800000,177.73,182.5,176.384,178.145,4045800.0
1721851200000,178.146,180.256,175.343,177.983,2835885.0
1721865600000,177.983,179.5,168.103,170.48,5739525.0
1721880000000,170.476,172.88,169.156,169.342,2735453.0
1721894400000,169.346,171.198,167.0,168.739,2965773.0
1721908800000,168.734,171.971,165.679,170.365,5202646.0
1721923200000,170.364,172.449,166.572,168.115,3445560.0
1721937600000,168.098,172.842,165.304,171.759,2803084.0
1721952000000,171.76,176.886,171.582,175.689,2855087.0
1721966400000,175.689,177.735,175.512,176.696,1767866.0
1721980800000,176.696,179.998,176.693,178.726,2110125.0
1721995200000,178.728,184.0,177.402,181.435,4267257.0
1722009600000,181.435,182.888,180.584,182.118,1547069.0
1722024000000,182.118,183.682,181.026,182.991,1260934.0
1722038400000,182.991,184.251,181.246,182.566,1412125.0
1722052800000,182.566,186.283,182.432,185.721,1931109.0
1722067200000,185.721,187.347,184.22,185.324,2091165.0
1722081600000,185.324,188.34,181.447,182.416,4206051.0
1722096000000,182.412,183.313,179.401,181.426,3308903.0
1722110400000,181.427,186.693,178.027,183.903,5221661.0
1722124800000,183.902,186.647,182.339,184.226,1703830.0
1722139200000,184.227,184.793,181.11,183.777,1704277.0
1722153600000,183.777,185.778,182.929,185.148,1626000.0
1722168000000,185.155,186.575,183.655,184.083,2201455.0
1722182400000,184.084,185.488,183.03,184.676,1336566.0
1722196800000,184.677,185.325,182.5,184.808,1189606.0
1722211200000,184.808,193.324,184.28,192.191,4815599.0
1722225600000,192.192,193.893,190.89,192.302,2755450.0
1722240000000,192.309,192.411,190.315,190.76,1628823.0
1722254400000,190.76,193.5,185.6,186.816,4851364.0
1722268800000,186.816,187.4,184.0,186.788,3341651.0
1722283200000,186.789,186.79,181.444,182.509,2331304.0
1722297600000,182.509,183.837,179.2,182.491,3332050.0
1722312000000,182.491,184.773,181.197,182.298,2528688.0
1722326400000,182.298,182.842,180.003,180.967,1359195.0
1722340800000,180.957,182.64,178.601,180.901,3447162.0
1722355200000,180.9,181.516,176.1,177.86,2791954.0
1722369600000,177.875,179.825,175.213,179.072,1996057.0
1722384000000,179.072,181.678,178.0,180.832,1681590.0
1722398400000,180.829,183.772,177.807,183.046,2551624.0
1722412800000,183.036,184.572,181.227,181.628,1653382.0
1722427200000,181.627,184.214,179.636,180.018,2857002.0
1722441600000,180.018,182.624,175.021,176.544,3980012.0
1722456000000,176.541,176.978,171.53,171.632,3339431.0
1722470400000,171.632,172.859,168.457,168.595,3265244.0
1722484800000,168.595,169.679,165.973,168.161,3673469.0
1722499200000,168.161,169.87,167.991,169.609,1597991.0
1722513600000,169.608,171.383,161.1,162.566,6610256.0
1722528000000,162.567,162.781,157.828,162.3,5424769.0
1722542400000,162.3,168.408,161.111,167.294,3199655.0
1722556800000,167.3,169.357,161.44,164.281,3043454.0
1722571200000,164.28,165.312,158.977,161.323,2958231.0
1722585600000,161.323,165.396,160.32,164.307,2713528.0
1722600000000,164.307,167.588,152.619,156.639,10047680.0
1722614400000,156.639,157.403,149.735,151.207,5060470.0
1722628800000,151.229,154.952,149.851,152.711,4282683.0
1722643200000,152.711,153.996,148.55,153.467,3783178.0
1722657600000,153.465,153.465,151.103,151.583,1662942.0
1722672000000,151.574,152.541,148.2,152.311,3282152.0
1722686400000,152.31,153.54,145.988,146.111,3805011.0
1722700800000,146.109,147.549,139.412,140.387,9106212.0
1722715200000,140.386,143.882,140.0,142.456,3314990.0
1722729600000,142.455,145.984,141.821,144.25,2572792.0
1722744000000,144.25,144.433,140.509,140.799,2070853.0
1722758400000,140.79,144.47,139.5,143.436,3137457.0
1722772800000,143.437,145.032,134.873,135.163,7200785.0
1722787200000,135.163,142.91,131.0,141.922,11373955.0
1722801600000,141.921,143.951,137.32,138.291,4473339.0
1722816000000,138.291,139.343,119.0,126.038,20737229.0
1722830400000,126.024,130.11,109.162,122.796,27938248.0
1722844800000,122.789,123.9,110.484,115.902,12862209.0
1722859200000,115.903,132.544,109.903,130.369,22201161.0
1722873600000,130.371,135.49,126.702,128.732,9780443.0
1722888000000,128.716,135.434,128.274,129.768,4947060.0
1722902400000,129.775,141.0,129.352,138.534,6439683.0
1722916800000,138.533,143.913,137.425,141.892,5181378.0
1722931200000,141.885,142.021,136.3,139.348,5992485.0
1722945600000,139.347,146.313,136.052,145.8,9005418.0
1722960000000,145.799,148.44,144.818,146.233,5503421.0
1722974400000,146.233,149.5,143.163,144.328,5435489.0
1722988800000,144.329,151.77,142.1,151.459,6245015.0
1723003200000,151.473,154.888,150.475,152.37,5216531.0
1723017600000,152.355,154.854,150.644,151.552,4848085.0
1723032000000,151.573,154.447,146.185,148.391,9450342.0
1723046400000,148.391,149.379,142.26,143.096,6670736.0
1723060800000,143.1,147.485,142.223,144.736,5046144.0
1723075200000,144.732,156.448,141.315,153.069,7540182.0
1723089600000,153.069,155.462,151.357,153.618,3537302.0
1723104000000,153.62,155.686,152.825,154.04,2987026.0
1723118400000,154.039,160.85,152.5,160.499,10041547.0
1723132800000,160.5,162.755,155.033,155.683,5621251.0
1723147200000,155.697,163.712,155.23,163.069,5337137.0
1723161600000,163.069,163.496,158.142,158.872,3116988.0
1723176000000,158.873,159.072,155.555,157.861,2934583.0
1723190400000,157.861,159.635,155.229,156.553,2926770.0
1723204800000,156.553,157.266,151.037,151.086,6118001.0
1723219200000,151.086,154.177,150.632,153.507,2882371.0
1723233600000,153.529,157.493,151.391,156.188,3372890.0
1723248000000,156.188,158.705,153.184,154.112,2902854.0
1723262400000,154.112,155.38,152.54,155.349,1372801.0
1723276800000,155.35,155.867,153.513,154.757,1649664.0
1723291200000,154.758,155.18,152.7,153.881,1958825.0
1723305600000,153.891,155.229,152.883,154.446,1817911.0
1723320000000,154.447,155.067,153.533,153.932,975993.0
1723334400000,153.933,156.9,153.551,155.606,1606697.0
1723348800000,155.606,156.75,154.718,156.621,1116167.0
1723363200000,156.621,157.95,152.9,153.567,2584974.0
1723377600000,153.567,153.73,148.0,148.673,4296209.0
1723392000000,148.673,149.694,145.6,145.754,2891660.0
1723406400000,145.754,145.817,141.038,141.492,5088964.0
1723420800000,141.493,144.77,141.128,143.816,3253068.0
1723435200000,143.815,146.666,142.178,145.823,3193829.0
1723449600000,145.824,150.727,143.523,150.144,5595722.0
1723464000000,150.144,150.45,142.897,147.461,8778528.0
1723478400000,147.461,148.24,142.816,143.693,3418122.0
1723492800000,143.695,147.569,141.699,146.241,3136589.0
1723507200000,146.241,147.32,142.853,143.586,2865636.0
1723521600000,143.587,146.998,142.916,145.948,2034286.0
1723536000000,145.949,146.342,143.108,145.835,2507616.0
1723550400000,145.835,147.61,144.566,146.011,4002509.0
1723564800000,146.01,149.776,144.8,146.451,4552806.0
1723579200000,146.452,147.8,145.62,146.565,1495972.0
1723593600000,146.566,147.21,143.51,145.086,2149713.0
1723608000000,145.086,145.668,144.096,145.654,1567178.0
1723622400000,145.654,148.93,144.727,147.943,2744373.0
1723636800000,147.944,152.13,144.5,146.6,9003002.0
1723651200000,146.601,147.162,143.626,144.165,2980220.0
1723665600000,144.162,144.63,142.215,143.644,1629887.0
1723680000000,143.643,145.349,143.081,144.644,2084444.0
1723694400000,144.644,144.835,140.814,142.465,2785109.0
1723708800000,142.456,143.463,141.184,143.054,2165855.0
1723723200000,143.053,146.589,141.921,145.862,5233920.0
1723737600000,145.854,147.66,137.65,139.863,7806668.0
1723752000000,139.862,144.799,138.587,142.538,4321334.0
1723766400000,142.538,144.358,140.673,141.937,2684994.0
1723780800000,141.937,144.777,141.517,144.465,2206233.0
1723795200000,144.465,144.863,141.75,141.901,2409558.0
1723809600000,141.905,142.569,136.2,137.842,7269509.0
1723824000000,137.84,141.445,136.05,140.844,5411385.0
1723838400000,140.852,141.898,138.925,138.986,1797444.0
1723852800000,138.985,140.25,137.519,138.819,2098111.0
1723867200000,138.819,139.677,138.515,139.364,1029654.0
1723881600000,139.366,140.109,138.01,139.057,1510211.0
1723896000000,139.057,141.799,138.865,140.129,2557355.0
1723910400000,140.13,141.583,140.03,141.029,1461481.0
1723924800000,141.031,141.9,140.623,141.83,861164.0
1723939200000,141.831,143.3,140.929,141.113,2182525.0
1723953600000,141.108,141.926,140.462,141.472,1098887.0
1723968000000,141.471,147.445,141.2,144.52,3753334.0
1723982400000,144.52,146.64,143.887,145.728,2775923.0
1723996800000,145.728,146.549,144.022,146.383,1843211.0
1724011200000,146.372,147.0,142.251,142.354,2189969.0
1724025600000,142.348,143.446,141.479,143.115,2557009.0
1724040000000,143.112,143.477,141.823,142.217,1676359.0
1724054400000,142.221,143.276,140.252,142.275,2449947.0
1724068800000,142.274,144.578,141.584,143.801,3754275.0
1724083200000,143.8,146.2,142.5,142.848,3115055.0
1724097600000,142.864,144.48,142.645,144.201,1773368.0
1724112000000,144.2,147.88,143.37,145.498,2837146.0
1724126400000,145.499,148.778,145.31,147.397,2528612.0
1724140800000,147.399,147.671,145.006,145.332,1940051.0
1724155200000,145.332,146.365,140.885,142.074,4914778.0
1724169600000,142.075,144.23,141.518,143.969,2030717.0
1724184000000,143.969,144.471,142.134,142.21,1408860.0
1724198400000,142.209,143.032,141.453,142.477,1421456.0
1724212800000,142.478,143.77,142.151,143.13,1224939.0
1724227200000,143.126,143.476,140.832,141.238,1769333.0
1724241600000,141.239,142.42,138.689,140.277,5339349.0
1724256000000,140.277,143.587,139.572,143.337,3029964.0
1724270400000,143.344,144.3,142.009,142.726,2312148.0
1724284800000,142.726,143.194,140.51,141.671,1875624.0
1724299200000,141.671,143.617,141.361,143.258,1189186.0
1724313600000,143.259,144.722,142.581,144.431,1583739.0
1724328000000,144.431,144.828,141.879,142.552,2622400.0
1724342400000,142.552,143.556,142.33,142.689,1149520.0
1724356800000,142.688,143.703,142.61,143.159,865434.0
1724371200000,143.158,145.673,143.094,144.414,1962855.0
1724385600000,144.415,145.879,144.301,145.099,1556244.0
1724400000000,145.091,145.425,143.318,143.415,1412146.0
1724414400000,143.414,147.076,142.589,144.338,4746183.0
1724428800000,144.333,150.19,144.005,149.64,4899111.0
1724443200000,149.639,153.999,149.613,153.228,3680379.0
1724457600000,153.228,154.635,151.894,153.202,2185290.0
1724472000000,153.202,155.355,153.066,154.54,1811256.0
1724486400000,154.531,158.68,154.227,157.289,3084347.0
1724500800000,157.289,159.739,156.888,159.372,2347467.0
1724515200000,159.372,162.325,159.17,160.489,4001909.0
1724529600000,160.49,161.07,157.22,160.558,2802750.0
1724544000000,160.559,160.66,157.269,158.222,2382344.0
1724558400000,158.226,159.021,155.21,156.061,2079123.0
1724572800000,156.062,157.93,155.66,157.186,1967417.0
1724587200000,157.178,159.833,156.844,159.3,2264028.0
1724601600000,159.3,160.277,158.404,159.025,1720126.0
1724616000000,159.034,161.89,158.358,158.88,2653044.0
1724630400000,158.881,160.113,157.381,160.042,2000758.0
1724644800000,160.042,161.082,158.256,159.039,2024866.0
1724659200000,159.04,162.0,158.364,160.309,3049794.0
1724673600000,160.308,161.722,155.803,157.531,6110587.0
1724688000000,157.531,159.333,155.451,157.92,3479490.0
1724702400000,157.928,159.235,156.276,157.052,2058066.0
1724716800000,157.053,158.95,156.97,158.456,1706171.0
1724731200000,158.463,159.622,157.237,157.682,1534748.0
1724745600000,157.683,157.986,153.23,154.202,3463138.0
1724760000000,154.202,155.737,152.506,153.698,4105160.0
1724774400000,153.691,155.45,153.157,154.869,2245008.0
1724788800000,154.869,154.974,145.0,146.727,7228763.0
1724803200000,146.733,148.225,145.31,148.082,2401990.0
1724817600000,148.085,148.846,143.661,143.918,2739467.0
1724832000000,143.919,147.941,142.68,147.058,3369039.0
1724846400000,147.044,148.479,143.079,144.041,4933207.0
1724860800000,144.04,145.573,140.422,144.202,5872017.0
1724875200000,144.205,146.335,141.508,143.892,3186039.0
1724889600000,143.892,144.982,142.821,143.247,1737924.0
1724904000000,143.247,145.3,143.061,144.58,2032465.0
1724918400000,144.566,146.783,144.303,145.52,2511776.0
1724932800000,145.519,147.332,144.63,145.968,3473358.0
1724947200000,145.983,146.719,138.506,140.178,5207541.0
1724961600000,140.179,141.337,137.952,139.948,2109412.0
1724976000000,139.948,141.046,138.3,138.697,1939622.0
1724990400000,138.697,139.878,137.021,138.922,2710434.0
1725004800000,138.923,139.987,138.31,138.569,1457270.0
1725019200000,138.568,140.681,132.4,133.26,7208423.0
1725033600000,133.269,137.89,132.002,135.903,5354484.0
1725048000000,135.903,138.421,135.558,137.921,1490573.0
1725062400000,137.921,139.16,137.439,138.212,1194212.0
1725076800000,138.212,138.72,137.31,137.547,799661.0
1725091200000,137.546,137.813,135.729,136.941,1512715.0
1725105600000,136.943,137.23,135.489,136.57,1216021.0
1725120000000,136.57,136.63,134.502,134.926,1458901.0
1725134400000,134.926,136.258,134.402,135.266,957168.0
1725148800000,135.266,135.576,132.779,134.026,1703890.0
1725163200000,134.026,134.039,130.956,132.74,2664927.0
1725177600000,132.741,132.773,130.12,131.819,2773153.0
1725192000000,131.808,134.83,130.0,134.182,4248064.0
1725206400000,134.181,135.855,131.777,135.156,3034228.0
1725220800000,135.157,136.133,127.6,128.411,4677915.0
1725235200000,128.411,130.668,128.176,130.135,3212317.0
1725249600000,130.134,130.334,126.756,127.588,3600687.0
1725264000000,127.588,132.871,127.205,131.775,4580548.0
1725278400000,131.774,133.399,129.888,132.44,3634292.0
1725292800000,132.44,133.851,131.591,132.98,2146455.0
1725307200000,132.98,135.343,132.733,134.865,2173898.0
1725321600000,134.865,137.5,134.134,135.437,2458897.0
1725336000000,135.437,135.819,133.5,134.524,1929171.0
1725350400000,134.524,134.582,132.712,134.307,2010795.0
1725364800000,134.307,135.454,129.265,129.748,4788061.0
1725379200000,129.749,132.181,129.232,130.921,2532468.0
1725393600000,130.922,131.555,127.082,127.506,2346740.0
1725408000000,127.505,128.824,122.0,127.64,6594796.0
1725422400000,127.64,131.398,126.541,130.241,3380569.0
1725436800000,130.252,130.64,128.018,128.359,2492353.0
1725451200000,128.361,134.079,127.809,133.719,6483163.0
1725465600000,133.724,134.91,132.5,133.135,2846546.0
1725480000000,133.139,134.6,132.806,133.564,1245210.0
1725494400000,133.564,134.335,131.14,131.526,2056911.0
1725508800000,131.527,134.209,130.735,133.042,2919242.0
1725523200000,133.042,133.823,131.62,132.78,1982894.0
1725537600000,132.78,135.511,130.111,130.517,6632065.0
1725552000000,130.518,131.114,127.777,128.388,3741123.0
1725566400000,128.386,129.83,128.071,129.337,1684131.0
1725580800000,129.337,131.493,128.554,130.649,2140692.0
1725595200000,130.639,131.125,127.39,128.054,2758246.0
1725609600000,128.055,131.045,127.962,130.185,2804546.0
1725624000000,130.185,134.22,126.737,128.016,10849033.0
1725638400000,128.014,128.288,123.84,125.061,6749333.0
1725652800000,125.047,125.941,120.479,124.959,5504842.0
1725667200000,124.959,125.687,124.1,125.097,1426181.0
1725681600000,125.095,128.45,125.021,127.556,2480889.0
1725696000000,127.556,127.769,126.666,126.928,1452432.0
1725710400000,126.929,129.4,126.828,128.75,2077177.0
1725724800000,128.75,129.095,126.19,128.254,2453463.0
1725739200000,128.253,128.375,126.351,127.656,1218859.0
1725753600000,127.657,128.486,126.828,128.243,1133942.0
1725768000000,128.243,130.08,127.788,129.549,1607392.0
1725782400000,129.55,130.926,129.146,130.028,2149629.0
1725796800000,130.025,130.219,126.542,126.711,3021188.0
1725811200000,126.711,129.3,126.574,128.631,1956084.0
1725825600000,128.634,131.673,128.274,130.073,3050506.0
1725840000000,130.074,130.95,127.819,128.509,2526615.0
1725854400000,128.509,129.331,127.432,129.221,1740269.0
1725868800000,129.221,130.955,129.138,129.376,2287945.0
1725883200000,129.377,130.16,126.847,128.339,4432869.0
1725897600000,128.344,134.92,128.191,134.881,6659008.0
1725912000000,134.888,137.064,133.65,135.014,3204522.0
1725926400000,135.014,135.172,132.702,132.861,1631671.0
1725940800000,132.861,135.215,132.434,134.885,1700386.0
1725955200000,134.884,135.43,133.9,135.137,1771719.0
1725969600000,135.138,136.328,133.27,134.048,3853401.0
1725984000000,134.053,137.983,133.668,136.553,3703532.0
1725998400000,136.556,136.731,135.079,135.563,1285629.0
1726012800000,135.564,135.815,133.208,133.586,2712779.0
1726027200000,133.577,133.577,131.005,132.338,2802732.0
1726041600000,132.338,132.362,130.3,131.925,2194897.0
1726056000000,131.925,133.282,128.113,131.114,6700560.0
1726070400000,131.113,133.488,131.023,132.605,3616285.0
1726084800000,132.614,133.02,131.936,132.346,927798.0
1726099200000,132.345,135.967,132.298,135.537,2987337.0
1726113600000,135.534,136.2,134.214,134.831,1642734.0
1726128000000,134.818,135.382,134.135,134.716,1198961.0
1726142400000,134.711,136.712,133.34,133.499,3864424.0
1726156800000,133.498,135.812,133.422,135.688,1980977.0
1726171200000,135.688,136.673,134.961,135.997,1486005.0
1726185600000,135.997,136.162,134.273,134.375,1302167.0
1726200000000,134.375,134.789,133.662,134.526,1131506.0
1726214400000,134.527,134.628,132.422,132.499,1828660.0
1726228800000,132.5,136.665,131.605,136.557,4996714.0
1726243200000,136.549,138.224,135.914,137.983,3509781.0
1726257600000,137.989,139.828,137.85,138.916,2193730.0
1726272000000,138.916,139.747,138.413,139.341,1336011.0
1726286400000,139.341,139.499,137.321,137.438,1384233.0
1726300800000,137.439,137.505,136.435,136.735,1449879.0
1726315200000,136.746,138.148,136.5,137.312,1413012.0
1726329600000,137.312,137.807,135.4,136.506,1600960.0
1726344000000,136.506,137.288,136.506,137.068,729539.0
1726358400000,137.062,137.873,136.98,137.388,727260.0
1726372800000,137.387,137.517,136.75,137.1,687918.0
1726387200000,137.099,137.111,135.127,135.531,1264972.0
1726401600000,135.53,136.296,134.566,135.686,1982471.0
1726416000000,135.685,135.75,132.839,133.393,2934102.0
1726430400000,133.393,133.485,130.322,131.319,2878653.0
1726444800000,131.32,131.798,129.144,130.543,2537384.0
1726459200000,130.542,131.35,130.323,131.178,1439537.0
1726473600000,131.179,132.345,130.6,131.833,1954612.0
1726488000000,131.833,132.336,129.893,131.411,2972655.0
1726502400000,131.411,131.729,128.84,131.071,3035344.0
1726516800000,131.064,131.88,129.888,131.412,1215480.0
1726531200000,131.411,131.92,129.84,131.074,1622550.0
1726545600000,131.075,132.782,130.666,132.2,1070724.0
1726560000000,132.2,133.299,131.666,131.875,1975788.0
1726574400000,131.874,135.5,130.806,134.605,5196421.0
1726588800000,134.605,134.88,130.974,132.177,3710819.0
1726603200000,132.187,132.677,131.107,131.467,1381320.0
1726617600000,131.468,132.068,130.128,131.614,1802010.0
1726632000000,131.613,131.789,130.509,131.26,1157370.0
1726646400000,131.263,131.274,128.037,129.347,2583516.0
1726660800000,129.348,130.296,126.96,127.618,3565749.0
1726675200000,127.619,132.996,127.191,129.441,7105096.0
1726689600000,129.438,134.387,128.373,134.299,2571623.0
1726704000000,134.3,138.623,134.13,137.963,4742193.0
1726718400000,137.963,139.082,137.556,138.511,2608859.0
1726732800000,138.514,139.6,138.207,139.368,2227947.0
1726747200000,139.367,142.975,139.342,142.893,4699819.0
1726761600000,142.893,144.0,142.386,143.005,3615730.0
1726776000000,143.009,143.898,141.0,142.82,2280410.0
1726790400000,142.819,144.7,141.131,144.61,2513034.0
1726804800000,144.61,152.5,144.374,151.023,8295816.0
1726819200000,151.023,151.81,149.964,150.508,3231321.0
1726833600000,150.503,151.11,145.9,147.791,6141565.0
1726848000000,147.792,148.344,144.77,146.633,3282691.0
1726862400000,146.631,147.926,146.203,146.627,1401830.0
1726876800000,146.626,147.957,144.937,145.925,1833095.0
1726891200000,145.921,147.699,144.54,147.371,1554858.0
1726905600000,147.371,147.875,146.377,147.142,1189046.0
1726920000000,147.141,149.355,146.626,147.56,2341474.0
1726934400000,147.56,148.69,147.083,147.313,1441395.0
1726948800000,147.309,149.775,147.143,149.372,1048433.0
1726963200000,149.372,149.871,147.014,148.008,1641678.0
1726977600000,148.008,148.959,146.3,147.148,1364472.0
1726992000000,147.147,147.549,144.08,144.775,2701430.0
1727006400000,144.774,145.14,142.602,143.06,2302733.0
1727020800000,143.059,145.4,142.372,144.604,2416356.0
1727035200000,144.603,145.708,140.935,144.587,3764639.0
1727049600000,144.588,149.0,142.024,147.669,4507255.0
1727064000000,147.67,148.171,145.11,145.418,2143514.0
1727078400000,145.419,145.578,143.046,143.532,2557333.0
1727092800000,143.532,145.453,142.535,144.123,3777563.0
1727107200000,144.123,144.969,142.68,143.271,1863040.0
1727121600000,143.276,145.212,142.303,144.691,1772794.0
1727136000000,144.691,146.874,143.006,146.568,3217424.0
1727150400000,146.568,147.326,145.257,147.142,2037989.0
1727164800000,147.143,148.72,145.852,146.38,2941829.0
1727179200000,146.38,148.443,144.101,145.467,4797516.0
1727193600000,145.466,148.45,145.2,148.182,3080305.0
1727208000000,148.186,154.074,147.92,152.712,5009640.0
1727222400000,152.712,153.868,151.0,151.906,2811567.0
1727236800000,151.907,152.18,148.91,149.726,2380441.0
1727251200000,149.726,150.96,149.37,150.886,1610547.0
1727265600000,150.886,152.98,149.618,150.347,2909479.0
1727280000000,150.347,151.915,148.765,149.919,2507010.0
1727294400000,149.919,150.84,147.21,147.88,1771972.0
1727308800000,147.895,149.53,146.505,149.159,2245144.0
1727323200000,149.16,151.808,148.624,151.764,1954636.0
1727337600000,151.764,153.141,150.411,152.87,2807378.0
1727352000000,152.871,158.265,151.215,157.095,7743864.0
1727366400000,157.095,158.0,155.303,155.449,3079209.0
1727380800000,155.449,156.357,153.692,155.48,2287579.0
1727395200000,155.48,156.327,153.756,155.639,1912574.0
1727409600000,155.64,158.832,155.55,157.399,2883238.0
1727424000000,157.399,159.223,155.627,155.968,2836115.0
1727438400000,155.967,161.288,155.372,158.996,6085048.0
1727452800000,158.995,159.608,156.88,157.503,2819262.0
1727467200000,157.501,158.528,157.229,157.591,825064.0
1727481600000,157.591,159.376,157.535,158.584,1086541.0
1727496000000,158.585,158.83,156.007,156.325,1777002.0
1727510400000,156.326,157.657,154.831,157.137,2279202.0
1727524800000,157.138,157.968,156.125,156.808,1682008.0
1727539200000,156.809,157.433,156.3,156.792,891004.0
1727553600000,156.793,156.98,155.537,156.682,839187.0
1727568000000,156.683,158.499,156.149,157.787,1674280.0
1727582400000,157.787,158.137,155.0,155.431,1951288.0
1727596800000,155.431,156.833,155.023,156.689,1288208.0
1727611200000,156.69,157.5,155.552,157.21,1972418.0
1727625600000,157.21,159.701,156.605,159.4,1691131.0
1727640000000,159.4,161.761,157.816,158.385,3582249.0
1727654400000,158.386,159.744,155.16,156.107,4114365.0
1727668800000,156.107,157.718,155.099,156.812,1861767.0
1727683200000,156.812,156.895,153.71,155.56,3491891.0
1727697600000,155.56,157.364,154.008,154.1,3060175.0
1727712000000,154.099,155.72,153.89,155.043,2323827.0
1727726400000,155.044,156.9,151.658,152.428,2777390.0
1727740800000,152.428,155.232,151.414,155.044,2223089.0
1727755200000,155.045,157.098,154.75,156.757,1712045.0
1727769600000,156.757,157.288,155.89,156.455,1429606.0
1727784000000,156.455,156.66,146.12,149.526,8843368.0
1727798400000,149.526,149.933,142.44,145.379,7609301.0
1727812800000,145.391,146.356,142.2,145.071,4283637.0
1727827200000,145.069,147.975,143.35,147.132,2668231.0
1727841600000,147.132,148.883,146.12,147.672,2029829.0
1727856000000,147.672,148.393,145.107,146.073,2611206.0
1727870400000,146.073,147.617,142.66,147.367,4857387.0
1727884800000,147.368,148.365,138.5,139.888,6053470.0
1727899200000,139.888,141.649,138.552,140.082,2619529.0
1727913600000,140.083,142.875,138.587,142.81,3116536.0
1727928000000,142.81,142.81,139.815,139.84,1773280.0
1727942400000,139.84,140.008,135.114,136.783,4955230.0
1727956800000,136.783,138.487,133.002,135.499,7691809.0
1727971200000,135.503,137.373,133.56,137.248,3895477.0
1727985600000,137.247,137.8,135.192,136.733,1601025.0
1728000000000,136.727,138.626,135.864,137.262,2175351.0
1728014400000,137.262,139.7,137.201,139.464,1692901.0
1728028800000,139.463,140.984,139.096,140.024,1930156.0
1728043200000,140.022,142.598,138.042,142.364,5850346.0
1728057600000,142.363,144.498,141.761,143.816,2948159.0
1728072000000,143.816,144.487,142.527,143.159,1294372.0
1728086400000,143.158,144.0,141.614,141.771,1539766.0
1728100800000,141.771,144.489,141.5,143.764,1519875.0
1728115200000,143.765,144.893,143.214,143.356,1262682.0
1728129600000,143.356,144.096,142.401,142.814,1387409.0
1728144000000,142.814,142.959,141.919,142.117,1124993.0
1728158400000,142.117,142.95,141.004,142.538,1219274.0
1728172800000,142.541,143.644,141.929,142.629,927817.0
1728187200000,142.634,143.384,142.024,142.926,692749.0
1728201600000,142.926,144.272,142.554,143.964,1092641.0
1728216000000,143.965,146.594,143.888,145.904,2453387.0
1728230400000,145.903,146.438,144.8,145.34,1495835.0
1728244800000,145.339,146.744,144.228,146.412,1364317.0
1728259200000,146.399,150.992,145.8,149.87,3595333.0
1728273600000,149.87,150.441,147.893,147.982,1841398.0
1728288000000,147.982,149.146,145.537,147.333,2725548.0
1728302400000,147.333,152.28,146.288,148.625,5172619.0
1728316800000,148.63,149.348,145.345,147.029,3088272.0
1728331200000,147.028,147.22,143.353,143.909,2381479.0
1728345600000,143.909,145.521,143.388,144.646,1700305.0
1728360000000,144.645,144.987,142.09,143.02,2381261.0
1728374400000,143.02,144.553,142.654,144.401,1513764.0
1728388800000,144.4,145.472,141.04,142.728,3868115.0
1728403200000,142.728,143.979,141.636,143.658,1855616.0
1728417600000,143.661,144.658,142.58,143.417,965328.0
1728432000000,143.417,145.285,143.0,143.856,1532258.0
1728446400000,143.852,144.237,142.576,143.1,1100183.0
1728460800000,143.101,143.444,142.42,143.144,1201206.0
1728475200000,143.144,143.295,140.021,142.728,3845581.0
1728489600000,142.728,142.805,139.706,141.066,2584765.0
1728504000000,141.066,141.066,138.611,139.266,2053019.0
1728518400000,139.265,140.323,137.544,139.819,1670463.0
1728532800000,139.819,140.9,139.413,139.62,1221443.0
1728547200000,139.621,140.442,137.333,140.348,2132656.0
1728561600000,140.347,140.7,136.12,138.598,4356924.0
1728576000000,138.599,139.024,135.427,138.03,3349261.0
1728590400000,138.03,138.999,137.103,138.963,1252306.0
1728604800000,138.962,141.472,138.648,140.783,1755920.0
1728619200000,140.783,141.983,140.587,141.109,1442918.0
1728633600000,141.109,142.6,140.85,141.893,1631425.0
1728648000000,141.894,145.481,141.786,144.303,3482772.0
1728662400000,144.303,146.448,143.856,145.356,2749879.0
1728676800000,145.355,146.345,145.058,145.47,1170416.0
1728691200000,145.469,146.543,144.639,145.083,1028452.0
1728705600000,145.083,145.923,145.083,145.482,750800.0
1728720000000,145.481,147.154,145.387,146.172,1325200.0
1728734400000,146.173,147.2,145.607,146.012,1762804.0
1728748800000,146.013,147.142,146.012,146.719,1012879.0
1728763200000,146.719,147.146,146.244,146.318,781037.0
1728777600000,146.318,146.969,145.067,145.259,1166195.0
1728792000000,145.26,146.921,145.208,146.378,684131.0
1728806400000,146.377,148.349,146.328,146.392,1755045.0
1728820800000,146.392,147.994,144.382,145.262,2616401.0
1728835200000,145.26,146.461,144.608,145.947,1681574.0
1728849600000,145.948,148.829,145.564,147.645,1614391.0
1728864000000,147.646,152.49,146.705,152.431,3357024.0
1728878400000,152.43,153.306,150.834,152.95,2741428.0
1728892800000,152.96,153.9,151.9,153.08,1762760.0
1728907200000,153.09,159.0,152.46,156.65,4293585.0
1728921600000,156.66,156.85,154.63,155.57,1710696.0
1728936000000,155.56,158.03,155.31,157.52,1307204.0
1728950400000,157.52,158.25,155.05,155.44,1940964.0
1728964800000,155.45,156.29,153.71,155.06,1758627.0
1728979200000,155.06,155.49,151.7,152.37,2241513.0
1728993600000,152.38,159.98,150.19,153.23,8635249.0
1729008000000,153.24,156.28,153.02,155.13,2737330.0
1729022400000,155.11,155.22,152.01,154.69,2078883.0
1729036800000,154.68,156.07,152.9,154.14,1685846.0
1729051200000,154.14,154.87,152.9,153.58,1331944.0
1729065600000,153.59,158.36,153.32,155.79,3477391.0
1729080000000,155.8,156.87,153.78,155.63,3492763.0
1729094400000,155.64,155.92,154.01,154.29,1566055.0
1729108800000,154.29,155.1,153.51,154.19,987792.0
1729123200000,154.19,155.7,153.65,154.53,1490823.0
1729137600000,154.53,154.72,151.5,152.53,1815344.0
1729152000000,152.53,153.4,151.03,151.26,1799595.0
1729166400000,151.25,153.21,150.72,152.82,2763612.0
1729180800000,152.82,152.85,147.62,149.33,3247696.0
1729195200000,149.34,150.92,149.18,150.45,923001.0
1729209600000,150.44,153.164,149.55,151.84,1895937.0
1729224000000,151.83,154.149,151.83,153.85,1233757.0
1729238400000,153.85,154.27,152.8,152.96,1029199.0
1729252800000,152.96,155.21,152.06,154.65,2617216.0
1729267200000,154.65,156.64,153.52,154.75,1943730.0
1729281600000,154.75,155.09,153.66,154.86,773737.0
1729296000000,154.86,155.93,154.12,154.49,828518.0
1729310400000,154.5,155.1,154.02,154.47,592251.0
1729324800000,154.47,154.99,153.51,153.77,719979.0
1729339200000,153.76,157.47,153.72,156.41,1800467.0
1729353600000,156.41,156.92,155.24,156.31,1221241.0
1729368000000,156.31,159.78,156.04,159.7,1524535.0
1729382400000,159.7,160.59,158.06,158.96,1812188.0
1729396800000,158.95,160.56,158.52,158.72,1441940.0
1729411200000,158.72,159.35,158.28,159.15,780949.0
1729425600000,159.14,161.53,157.54,159.93,3350449.0
1729440000000,159.94,161.17,159.1,160.29,1256073.0
1729454400000,160.29,167.95,160.06,167.42,5850490.0
1729468800000,167.42,170.13,167.19,169.56,3930300.0
1729483200000,169.56,171.93,168.61,168.72,2782930.0
1729497600000,168.72,169.69,165.8,166.47,3130985.0
1729512000000,166.48,167.15,161.35,165.36,6061949.0
1729526400000,165.35,168.04,163.03,167.75,2967158.0
1729540800000,167.75,168.22,166.0,166.13,1699628.0
1729555200000,166.12,167.89,162.96,166.38,2676715.0
1729569600000,166.38,168.99,166.09,167.11,1887135.0
1729584000000,167.1,169.37,163.5,167.89,4443828.0
1729598400000,167.89,170.95,164.79,167.75,6302126.0
1729612800000,167.75,169.14,165.9,168.41,2143678.0
1729627200000,168.41,169.14,166.72,167.56,1097348.0
1729641600000,167.56,167.909,164.5,165.45,1879313.0
1729656000000,165.44,166.36,164.24,165.67,1723145.0
1729670400000,165.66,166.92,164.1,166.35,2553290.0
1729684800000,166.35,169.5,164.87,168.07,4638142.0
1729699200000,168.07,173.8,164.6,173.02,6617852.0
1729713600000,173.03,174.32,170.0,170.81,2500224.0
1729728000000,170.82,174.96,170.46,174.11,2423066.0
1729742400000,174.1,175.25,172.7,173.5,2217184.0
1729756800000,173.49,174.39,170.87,173.78,2956081.0
1729771200000,173.79,177.25,173.62,175.36,4651405.0
1729785600000,175.36,177.79,174.47,177.353,2438777.0
1729800000000,177.353,179.3,176.39,177.1,2372742.0
1729814400000,177.1,177.4,174.31,174.65,1962042.0
1729828800000,174.65,175.03,171.43,171.85,3045294.0
1729843200000,171.85,174.07,170.7,173.56,2826378.0
1729857600000,173.56,177.56,171.13,172.35,4692340.0
1729872000000,172.34,172.97,165.0,167.9,8762664.0
1729886400000,167.9,168.79,159.12,164.8,6852923.0
1729900800000,164.81,165.9,162.41,165.59,3259537.0
1729915200000,165.6,169.18,165.25,167.25,2295290.0
1729929600000,167.26,170.28,167.23,168.61,2014141.0
1729944000000,168.62,169.41,167.1,168.56,2146929.0
1729958400000,168.56,172.28,168.28,171.44,1889949.0
1729972800000,171.45,173.2,170.6,170.81,1712361.0
1729987200000,170.81,173.15,170.2,172.05,1411711.0
1730001600000,172.04,173.42,171.56,173.17,1112367.0
1730016000000,173.16,175.46,173.08,173.96,2567256.0
1730030400000,173.96,176.97,173.95,175.71,2939277.0
1730044800000,175.71,177.75,174.62,177.13,2751800.0
1730059200000,177.14,178.22,176.51,176.58,1561970.0
1730073600000,176.58,177.122,174.66,175.67,1899574.0
1730088000000,175.67,176.67,173.06,175.59,2961804.0
1730102400000,175.6,178.47,175.51,176.88,2514860.0
1730116800000,176.87,177.9,173.16,173.34,4537971.0
1730131200000,173.34,178.1,172.31,176.17,3804468.0
1730145600000,176.56,179.8,176.22,178.2,2694276.0
1730160000000,178.2,182.26,177.06,181.8,4052387.0
1730174400000,181.79,182.81,179.41,180.13,2120596.0
1730188800000,180.12,181.81,179.92,180.73,1630642.0
1730203200000,180.72,181.01,178.31,180.54,3888775.0
1730217600000,180.54,183.34,178.04,178.13,5318512.0
1730232000000,178.14,180.24,176.31,179.4,2192648.0
1730246400000,179.4,180.93,176.88,180.13,2171532.0
1730260800000,180.12,181.39,178.16,178.71,1652166.0
1730275200000,178.72,179.36,175.29,175.69,2244416.0
1730289600000,175.69,177.24,173.11,173.93,4114805.0
1730304000000,173.92,175.78,171.7,174.25,2121076.0
1730318400000,174.25,177.0,173.073,174.83,2188164.0
1730332800000,174.82,176.55,174.11,174.34,1452870.0
1730347200000,174.34,176.01,173.1,174.49,1446247.0
1730361600000,174.5,176.34,173.22,174.99,1625673.0
1730376000000,174.99,175.43,169.2,170.6,4782317.0
1730390400000,170.6,170.75,168.45,168.68,2915778.0
1730404800000,168.68,170.24,167.46,168.62,2039591.0
1730419200000,168.62,169.42,165.33,167.11,2505082.0
1730433600000,167.1,167.6,165.03,165.93,1457353.0
1730448000000,165.94,168.72,165.51,167.85,1837848.0
1730462400000,167.85,173.99,163.0,164.0,7311313.0
1730476800000,164.0,167.79,163.58,166.51,3841615.0
1730491200000,166.52,167.09,163.84,166.01,1285114.0
1730505600000,166.01,168.57,165.93,166.96,1328228.0
1730520000000,166.96,167.61,165.59,167.54,900975.0
1730534400000,167.54,167.78,165.77,165.92,832525.0
1730548800000,165.92,166.35,162.1,163.73,2665074.0
1730563200000,163.74,165.35,162.91,165.08,1457255.0
1730577600000,165.09,166.86,164.83,166.09,949778.0
1730592000000,166.09,166.54,160.71,161.86,3447740.0
1730606400000,161.87,164.03,161.69,163.47,1419013.0
1730620800000,163.47,164.77,162.58,163.53,1390474.0
1730635200000,163.53,164.55,157.77,159.87,5174871.0
1730649600000,159.87,161.8,158.0,161.0,2911375.0
1730664000000,160.99,163.75,160.42,162.44,2159682.0
1730678400000,162.45,164.953,160.36,162.76,2160637.0
1730692800000,162.75,163.79,161.294,161.32,1269473.0
1730707200000,161.31,164.78,160.0,163.98,2394973.0
1730721600000,163.98,164.93,161.52,162.97,2481428.0
1730736000000,162.96,163.39,159.06,159.54,2628023.0
1730750400000,159.53,159.94,155.03,157.87,3472093.0
1730764800000,157.86,159.6,156.81,159.55,1898353.0
1730779200000,159.56,162.34,159.24,161.92,1645987.0
1730793600000,161.92,163.02,160.92,162.26,1918749.0
1730808000000,162.27,167.79,161.74,165.83,4724772.0
1730822400000,165.84,169.2,163.3,163.97,3946789.0
1730836800000,163.97,167.58,163.13,166.55,2376441.0
1730851200000,166.55,185.0,166.27,184.91,12759805.0
1730865600000,184.91,188.43,182.69,184.08,10663754.0
1730880000000,184.07,186.87,180.33,186.77,5129611.0
1730894400000,186.78,188.72,184.33,185.57,5816498.0
1730908800000,185.57,188.46,184.78,188.46,3365750.0
1730923200000,188.45,190.18,186.43,186.61,4418619.0
1730937600000,186.6,192.08,185.8,189.18,4565651.0
1730952000000,189.17,190.21,186.1,188.08,2383271.0
1730966400000,188.08,189.42,186.01,186.1,1679975.0
1730980800000,186.1,192.84,185.98,192.74,3994090.0
1730995200000,192.74,197.94,191.081,197.06,6980063.0
1731009600000,197.06,197.89,194.19,196.47,2787684.0
1731024000000,196.46,201.26,195.69,198.23,4098501.0
1731038400000,198.22,200.93,197.39,200.5,2803068.0
1731052800000,200.5,205.0,198.15,203.11,4548607.0
1731067200000,203.11,205.33,198.5,201.01,5884478.0
1731081600000,201.01,202.14,196.23,199.57,4292686.0
1731096000000,199.56,200.23,197.12,199.92,1689348.0
1731110400000,199.93,200.37,197.24,199.02,1873594.0
1731124800000,199.02,202.5,199.02,200.31,2090205.0
1731139200000,200.31,203.56,199.95,202.25,2252403.0
1731153600000,202.25,202.65,197.31,198.4,2670428.0
1731168000000,198.4,199.68,195.02,197.77,2772150.0
1731182400000,197.77,202.06,197.41,199.94,2061619.0
1731196800000,199.95,205.02,198.74,201.43,3493667.0
1731211200000,201.43,209.5,200.92,205.08,5674947.0
1731225600000,205.09,207.7,204.07,206.78,2541857.0
1731240000000,206.78,213.74,203.6,212.56,6451201.0
1731254400000,212.56,215.64,206.2,208.6,5789577.0
1731268800000,208.6,214.25,200.0,210.29,6403951.0
1731283200000,210.29,212.72,208.3,210.12,2965180.0
1731297600000,210.13,210.39,204.26,208.08,3408981.0
1731312000000,208.08,217.88,206.69,217.82,5103067.0
1731326400000,217.81,221.39,214.66,219.18,7520826.0
1731340800000,219.18,222.54,216.4,217.96,5430463.0
1731355200000,217.96,224.35,216.8,222.33,5677723.0
1731369600000,222.33,222.77,215.3,220.89,4727548.0
1731384000000,220.89,222.18,216.37,222.02,3345877.0
1731398400000,222.01,225.69,209.24,211.5,9894942.0
1731412800000,211.5,214.39,205.01,210.65,8017013.0
1731427200000,210.66,215.58,206.81,213.36,3723784.0
1731441600000,213.37,215.71,210.23,211.77,2817300.0
1731456000000,211.77,213.43,203.11,203.32,4394932.0
1731470400000,203.31,207.39,200.85,205.37,5296286.0
1731484800000,205.38,209.45,204.01,207.8,3413144.0
1731499200000,207.81,217.56,206.04,216.69,9326353.0
1731513600000,216.7,220.77,210.4,211.01,8071554.0
1731528000000,211.02,215.66,206.06,215.28,4410857.0
1731542400000,215.29,219.67,212.19,219.61,3227760.0
1731556800000,219.61,220.99,215.26,218.23,3409304.0
1731571200000,218.23,223.04,213.61,216.14,4617528.0
1731585600000,216.13,218.08,208.96,211.02,5241828.0
1731600000000,211.02,217.28,210.0,215.72,3024786.0
1731614400000,215.72,215.72,206.85,209.65,3133759.0
1731628800000,209.64,213.02,208.06,209.17,2389767.0
1731643200000,209.16,210.75,204.51,209.29,2797868.0
1731657600000,209.3,213.984,207.92,213.63,2362488.0
1731672000000,213.63,215.44,206.75,208.32,4347607.0
1731686400000,208.32,213.65,208.1,212.46,2645811.0
1731700800000,212.47,221.05,212.32,218.68,3526190.0
1731715200000,218.69,221.88,216.05,221.53,1934835.0
1731729600000,221.52,222.16,218.61,219.08,1844769.0
1731744000000,219.09,219.95,216.76,219.1,1609871.0
1731758400000,219.11,222.13,213.74,215.12,4808046.0
1731772800000,215.12,217.11,213.45,216.33,2056306.0
1731787200000,216.34,217.49,214.09,215.87,1288028.0
1731801600000,215.86,221.62,212.18,221.55,3826154.0
1731816000000,221.55,240.29,221.55,237.5,9303685.0
1731830400000,237.49,242.49,234.5,235.05,5264199.0
1731844800000,235.05,236.33,229.44,234.11,4938638.0
1731859200000,234.12,235.8,231.4,235.55,2479148.0
1731873600000,235.56,238.61,231.76,237.61,2916923.0
1731888000000,237.62,244.5,234.12,244.41,3321838.0
1731902400000,244.44,245.5,239.53,242.22,3505715.0
1731916800000,242.21,248.66,240.0,242.732,5130217.0
1731931200000,242.732,245.18,238.2,243.53,5532550.0
1731945600000,243.53,244.16,234.31,236.51,4552730.0
1731960000000,236.5,241.1,235.88,239.96,2555530.0
1731974400000,239.97,243.59,237.65,240.79,2182290.0
1731988800000,240.79,244.61,238.8,243.49,1933064.0
1732003200000,243.49,247.37,242.05,246.23,3040844.0
1732017600000,246.24,247.82,238.5,240.68,5319095.0
1732032000000,240.68,244.75,240.11,243.73,2355113.0
1732046400000,243.73,244.45,233.47,237.69,3963672.0
1732060800000,237.68,237.95,230.56,233.87,3115497.0
1732075200000,233.86,236.39,231.49,235.91,1768667.0
1732089600000,235.92,238.82,234.7,237.53,2602387.0
1732104000000,237.53,242.58,235.45,238.35,4298507.0
1732118400000,238.32,239.14,231.03,232.97,4237335.0
1732132800000,232.97,238.0,231.7,235.47,2221333.0
1732147200000,235.46,238.74,229.35,235.76,3196400.0
1732161600000,235.76,242.84,235.61,241.44,4570974.0
1732176000000,241.45,243.46,239.95,240.01,2465873.0
1732190400000,240.01,253.47,239.98,249.03,10860847.0
1732204800000,249.03,260.28,248.41,254.19,7399936.0
1732219200000,254.18,257.75,253.16,256.59,2434724.0
1732233600000,256.59,264.64,252.52,262.67,3944314.0
1732248000000,262.67,263.0,258.03,259.39,2716966.0
1732262400000,259.39,261.17,256.36,259.43,2109610.0
1732276800000,259.44,260.57,252.58,256.56,4608617.0
1732291200000,256.57,256.57,251.51,254.19,2509471.0
1732305600000,254.19,258.18,253.42,257.1,1680101.0
1732320000000,257.11,257.95,253.43,257.41,1886947.0
1732334400000,257.42,264.4,257.09,258.45,3665471.0
1732348800000,258.45,259.72,256.0,256.28,1626150.0
1732363200000,256.28,263.83,256.04,259.94,3437463.0
1732377600000,259.94,260.62,254.26,254.58,3982201.0
1732392000000,254.58,256.28,252.84,255.07,2075324.0
1732406400000,255.07,260.09,254.61,258.81,1517529.0
1732420800000,258.81,259.49,254.33,256.84,1060557.0
1732435200000,256.84,257.0,248.17,248.62,2617820.0
1732449600000,248.62,250.39,241.1,244.4,4410864.0
1732464000000,244.39,250.53,243.86,248.71,1896005.0
1732478400000,248.7,254.94,248.28,252.94,1452617.0
1732492800000,252.95,253.43,245.81,252.61,1845813.0
1732507200000,252.6,254.27,251.83,253.47,1279477.0
1732521600000,253.46,257.04,251.37,252.33,1978122.0
1732536000000,252.32,252.73,235.25,245.08,5941204.0
1732550400000,245.07,246.36,237.42,239.77,3310669.0
1732564800000,239.78,241.24,231.28,234.29,3443088.0
1732579200000,234.28,239.59,233.71,237.56,1969571.0
1732593600000,237.56,239.74,235.01,235.83,1313525.0
1732608000000,235.83,236.67,221.71,227.73,6073276.0
1732622400000,227.74,232.48,225.8,227.38,3866758.0
1732636800000,227.39,232.58,223.43,229.09,3085210.0
1732651200000,229.09,232.24,227.46,230.73,1826314.0
1732665600000,230.72,233.81,228.07,231.48,1886067.0
1732680000000,231.5,234.99,227.45,234.31,2028436.0
1732694400000,234.32,237.18,232.04,235.04,2013717.0
1732708800000,235.03,241.0,232.65,240.59,3083515.0
1732723200000,240.59,241.17,237.74,239.1,1883788.0
1732737600000,239.1,243.42,238.81,242.05,2052267.0
1732752000000,242.04,245.38,238.09,240.03,2496289.0
1732766400000,240.04,241.19,236.55,238.06,1435996.0
1732780800000,238.07,239.25,234.32,236.91,1910558.0
1732795200000,236.9,237.78,232.78,233.06,2203773.0
1732809600000,233.06,237.07,233.06,235.48,1340397.0
1732824000000,235.49,238.4,234.88,237.6,858477.0
1732838400000,237.6,243.19,236.52,242.05,1585735.0
1732852800000,242.04,242.27,237.6,237.67,1563919.0
1732867200000,237.67,245.64,237.67,245.34,1713088.0
1732881600000,245.33,246.88,242.18,243.58,3046076.0
1732896000000,243.59,244.66,240.08,241.27,1606637.0
1732910400000,241.27,245.46,241.1,243.44,1179953.0
1732924800000,243.44,243.45,239.0,243.03,1483270.0
1732939200000,243.04,245.29,241.68,244.37,1359104.0
1732953600000,244.38,245.59,240.14,241.57,1638943.0
1732968000000,241.57,243.25,238.71,240.0,1618217.0
1732982400000,240.0,240.72,238.91,240.06,882034.0
1732996800000,240.06,241.36,237.55,237.73,1041093.0
1733011200000,237.73,240.06,234.18,235.76,2475671.0
1733025600000,235.76,237.06,235.11,235.65,719620.0
1733040000000,235.65,239.03,235.5,237.28,1138047.0
1733054400000,237.27,239.5,236.33,238.68,1185341.0
1733068800000,238.68,239.58,235.12,236.5,1454915.0
1733083200000,236.49,239.4,234.34,237.06,1485227.0
1733097600000,237.06,238.59,228.0,228.57,4112161.0
1733112000000,228.56,230.49,226.05,228.8,3230297.0
1733126400000,228.79,229.01,223.07,224.98,3581045.0
1733140800000,224.98,229.77,221.71,229.35,3944914.0
1733155200000,229.36,230.2,220.11,224.18,3404956.0
1733169600000,224.17,226.0,221.36,225.88,1772092.0
1733184000000,225.87,229.55,223.37,228.1,2271769.0
1733198400000,228.1,231.19,225.22,227.12,2404246.0
1733212800000,227.12,228.73,223.04,225.79,2161850.0
1733227200000,225.77,226.55,215.11,223.45,7044859.0
1733241600000,223.45,228.65,220.5,228.37,2942575.0
1733256000000,228.36,239.81,227.88,234.1,5728604.0
1733270400000,234.12,240.86,234.12,237.85,3383188.0
1733284800000,237.85,241.07,236.0,236.85,1624399.0
1733299200000,236.85,238.2,235.15,236.2,1648263.0
1733313600000,236.21,236.37,230.07,233.98,3797677.0
1733328000000,233.99,234.28,224.82,232.83,4483740.0
1733342400000,232.83,236.5,226.0,229.32,3451239.0
1733356800000,229.32,238.95,223.11,233.19,5712221.0
1733371200000,233.19,238.55,231.61,234.07,3027915.0
1733385600000,234.08,242.86,233.72,242.14,3411702.0
1733400000000,242.14,245.12,236.29,239.24,5399135.0
1733414400000,239.24,243.19,232.56,233.32,3553109.0
1733428800000,233.33,240.88,224.0,236.05,6039292.0
1733443200000,236.05,247.32,234.62,242.19,4787640.0
1733457600000,242.19,243.1,237.83,239.5,1692901.0
1733472000000,239.5,240.69,233.72,234.27,2526798.0
1733486400000,234.26,240.0,231.03,238.2,4241400.0
1733500800000,238.2,240.67,237.22,239.97,2510837.0
1733515200000,239.96,240.99,235.52,237.08,1683648.0
1733529600000,237.08,237.67,234.21,235.08,1335647.0
1733544000000,235.08,236.75,234.51,236.37,900180.0
1733558400000,236.37,239.51,235.16,238.34,1500471.0
1733572800000,238.33,243.47,237.48,241.02,2543686.0
1733587200000,241.02,242.8,239.08,241.91,1889727.0
1733601600000,241.92,243.89,237.92,238.3,2023584.0
1733616000000,238.29,241.76,237.8,240.87,1272015.0
1733630400000,240.86,241.28,236.72,237.74,1425911.0
1733644800000,237.74,237.94,233.33,236.08,2092084.0
1733659200000,236.08,237.84,234.6,237.53,1713770.0
1733673600000,237.53,237.9,234.2,236.7,1214782.0
1733688000000,236.7,237.99,234.77,237.24,891917.0
1733702400000,237.23,237.5,230.35,232.0,2665198.0
1733716800000,232.0,232.98,228.39,231.69,2323348.0
1733731200000,231.69,231.95,225.5,226.16,3054990.0
1733745600000,226.16,231.87,223.03,224.47,4656944.0
1733760000000,224.47,226.32,221.86,222.17,2734031.0
1733774400000,222.16,226.1,200.0,216.65,13320356.0
1733788800000,216.66,221.02,206.95,215.83,5749651.0
1733803200000,215.83,218.71,212.2,217.32,2378118.0
1733817600000,217.31,218.58,215.1,216.18,1695865.0
1733832000000,216.17,218.56,206.21,206.49,6320807.0
1733846400000,206.5,212.704,203.17,212.04,7201068.0
1733860800000,212.03,216.22,211.24,213.58,1988857.0
1733875200000,213.58,219.33,211.43,219.31,3302502.0
1733889600000,219.32,220.26,216.86,218.4,1630885.0
1733904000000,218.4,225.38,218.23,224.69,2494317.0
1733918400000,224.7,230.25,224.01,228.36,3896137.0
1733932800000,228.38,230.47,227.23,229.75,2304348.0
1733947200000,229.76,230.65,226.78,227.29,1176443.0
1733961600000,227.29,232.0,225.65,230.33,2343683.0
1733976000000,230.33,232.93,228.85,229.99,1755670.0
1733990400000,229.98,233.48,228.29,229.55,1880943.0
1734004800000,229.56,233.3,228.51,231.18,2859695.0
1734019200000,231.19,234.66,226.52,227.17,3159280.0
1734033600000,227.16,229.67,225.65,226.88,1570305.0
1734048000000,226.88,228.4,224.18,227.11,1617905.0
1734062400000,227.11,227.44,223.08,224.72,1642439.0
1734076800000,224.71,227.24,223.79,225.53,1205565.0
1734091200000,225.53,226.62,220.6,221.02,3033293.0
1734105600000,221.02,223.84,220.5,223.23,2432148.0
1734120000000,223.24,224.85,223.01,224.71,962655.0
1734134400000,224.71,226.97,223.61,226.13,1219567.0
1734148800000,226.13,227.4,225.02,225.88,714601.0
1734163200000,225.88,226.68,224.02,224.29,876668.0
1734177600000,224.29,224.59,220.33,222.46,2032768.0
1734192000000,222.45,222.48,216.64,217.97,2420476.0
1734206400000,217.98,220.82,215.04,219.84,1732218.0
1734220800000,219.85,221.7,218.77,219.35,1023757.0
1734235200000,219.35,221.81,215.55,217.14,1641000.0
1734249600000,217.14,220.11,216.38,218.35,1139355.0
1734264000000,218.36,221.44,217.25,220.82,1572951.0
1734278400000,220.82,222.39,220.4,221.15,975499.0
1734292800000,221.16,225.51,216.09,224.21,2819916.0
1734307200000,224.21,227.41,220.32,221.15,2647724.0
1734321600000,221.15,223.84,220.5,223.08,1018569.0
1734336000000,223.07,223.27,213.5,214.03,2971520.0
1734350400000,214.04,218.04,213.12,216.9,3392521.0
1734364800000,216.9,221.7,216.77,218.33,2836768.0
1734379200000,218.33,218.92,215.74,216.08,1745768.0
1734393600000,216.09,216.65,211.15,215.36,2496058.0
1734408000000,215.35,216.5,212.94,215.49,1563384.0
1734422400000,215.49,223.81,215.42,221.56,3211735.0
1734436800000,221.56,227.5,216.95,220.46,5561427.0
1734451200000,220.45,228.9,219.82,227.45,4626462.0
1734465600000,227.45,228.53,221.52,223.16,2623304.0
1734480000000,223.17,225.99,217.01,217.43,3265454.0
1734494400000,217.42,218.2,213.36,215.79,3032240.0
1734508800000,215.8,218.84,215.18,217.72,1835111.0
1734523200000,217.72,218.7,214.53,217.63,3292607.0
1734537600000,217.63,218.28,211.51,211.52,3696090.0
1734552000000,211.54,212.63,204.61,206.46,7983276.0
1734566400000,206.46,209.14,199.23,208.72,5971046.0
1734580800000,208.72,211.99,207.14,211.67,1925148.0
1734595200000,211.67,211.71,207.85,210.33,2054686.0
1734609600000,210.34,210.92,202.29,205.32,4476461.0
1734624000000,205.32,206.84,187.0,191.74,11106579.0
1734638400000,191.74,197.98,187.2,193.71,5479708.0
1734652800000,193.71,199.61,191.6,196.28,3502035.0
1734667200000,196.28,197.3,188.0,191.23,3978646.0
1734681600000,191.22,191.46,175.2,176.01,14880151.0
1734696000000,176.0,191.12,175.79,189.72,8386997.0
1734710400000,189.73,193.0,188.05,191.46,3592627.0
1734724800000,191.47,194.35,187.75,194.28,2741585.0
1734739200000,194.28,196.49,192.86,194.16,1963202.0
1734753600000,194.17,201.94,194.07,198.73,2755802.0
1734768000000,198.73,198.88,192.1,192.83,2875331.0
1734782400000,192.83,192.99,183.09,186.5,6936728.0
1734796800000,186.51,187.36,178.31,181.41,4632467.0
1734811200000,181.4,183.32,178.56,181.37,2908067.0
1734825600000,181.36,183.79,179.82,182.44,3087397.0
1734840000000,182.43,184.75,177.68,184.2,3298729.0
1734854400000,184.21,186.86,183.58,186.56,2147095.0
1734868800000,186.55,187.77,179.0,181.77,3695757.0
1734883200000,181.78,183.98,177.72,178.39,2557148.0
1734897600000,178.39,182.29,176.77,180.44,2580638.0
1734912000000,180.43,187.3,176.36,186.12,4594302.0
1734926400000,186.12,187.64,179.74,182.15,2911389.0
1734940800000,182.14,186.46,181.61,183.5,2498862.0
1734955200000,183.5,185.67,180.65,180.82,3853210.0
1734969600000,180.82,189.57,180.68,187.34,3596765.0
1734984000000,187.33,193.38,186.64,190.06,3172077.0
1734998400000,190.06,190.32,186.05,189.89,1750869.0
1735012800000,189.89,191.86,189.17,191.42,1393188.0
1735027200000,191.43,193.86,190.42,192.84,2225195.0
1735041600000,192.83,198.9,191.15,197.67,3601462.0
1735056000000,197.68,198.52,195.03,195.17,2641941.0
1735070400000,195.18,197.96,193.21,196.99,1568788.0
1735084800000,196.98,201.77,196.28,199.78,2197882.0
1735099200000,199.78,200.48,197.59,198.03,1198795.0
1735113600000,198.02,200.44,194.98,195.72,1961744.0
1735128000000,195.73,199.35,194.95,198.17,1550809.0
1735142400000,198.18,199.37,196.04,199.14,1175901.0
1735156800000,199.14,200.04,195.48,197.35,1158293.0
1735171200000,197.36,199.63,195.58,196.5,1763913.0
1735185600000,196.49,196.5,193.22,193.38,1622333.0
1735200000000,193.38,193.78,188.1,189.7,3238726.0
1735214400000,189.7,190.09,187.44,188.59,2047433.0
1735228800000,188.58,190.92,187.3,189.05,1736688.0
1735243200000,189.05,189.99,186.53,188.37,1604076.0
1735257600000,188.37,190.33,187.15,189.35,1340918.0
1735272000000,189.34,191.1,185.64,186.54,2016945.0
1735286400000,186.53,194.29,186.51,191.2,2943705.0
1735300800000,191.2,191.32,183.19,184.0,2450020.0
1735315200000,184.0,187.26,182.66,186.82,2131278.0
1735329600000,186.82,186.9,183.1,184.18,1050589.0
1735344000000,184.18,185.93,183.71,184.94,939759.0
1735358400000,184.93,186.23,184.18,185.02,711226.0
1735372800000,185.02,187.3,184.87,187.08,764684.0
1735387200000,187.08,191.2,186.4,190.11,1891550.0
1735401600000,190.11,195.2,189.52,193.7,1763054.0
1735416000000,193.7,195.98,192.61,195.39,1348592.0
1735430400000,195.39,195.6,192.34,194.64,1264178.0
1735444800000,194.64,197.25,193.98,195.93,1345656.0
1735459200000,195.93,197.28,194.81,196.03,1172112.0
1735473600000,196.03,197.68,192.82,195.05,2263763.0
1735488000000,195.05,195.39,192.03,192.65,1369454.0
1735502400000,192.65,192.73,188.5,189.85,1590874.0
1735516800000,189.85,194.37,189.0,191.25,1855604.0
1735531200000,191.25,193.69,189.52,192.28,1201712.0
1735545600000,192.28,194.11,191.38,193.44,1354837.0
1735560000000,193.44,194.77,185.87,187.24,3397648.0
1735574400000,187.23,196.2,185.81,196.11,3037022.0
1735588800000,196.1,196.4,189.0,191.26,2073555.0
1735603200000,191.26,191.96,188.24,189.84,1300007.0
1735617600000,189.83,190.68,187.91,189.95,997648.0
1735632000000,189.95,194.85,189.86,193.73,1916639.0
1735646400000,193.74,198.68,192.9,198.3,2634236.0
1735660800000,198.31,199.16,193.13,193.71,2546062.0
1735675200000,193.7,194.75,189.04,189.22,1629140.0
1735689600000,189.22,192.58,189.0,190.31,1306098.0
1735704000000,190.31,190.55,189.25,189.96,876927.0
1735718400000,189.97,191.74,187.82,191.22,1470127.0
1735732800000,191.23,192.09,189.02,191.81,1451287.0
1735747200000,191.82,193.86,189.12,193.03,1579358.0
1735761600000,193.02,195.29,193.02,194.22,1293949.0
1735776000000,194.22,199.63,193.34,198.46,2365121.0
1735790400000,198.47,206.84,198.47,205.84,3654219.0
1735804800000,205.84,208.78,205.62,208.43,2419782.0
1735819200000,208.42,210.47,205.37,206.68,3655193.0
1735833600000,206.67,208.99,204.62,206.62,2236602.0
1735848000000,206.62,208.38,205.14,208.17,1157434.0
1735862400000,208.17,208.38,205.51,207.93,1130723.0
1735876800000,207.94,209.87,206.93,207.86,2070415.0
1735891200000,207.86,214.99,207.45,214.39,3345969.0
1735905600000,214.38,218.56,211.92,217.26,3736719.0
1735920000000,217.27,219.69,216.32,216.98,2140225.0
1735934400000,216.99,217.93,215.7,217.91,1217694.0
1735948800000,217.92,218.08,215.58,216.88,1254487.0
1735963200000,216.89,217.89,215.41,216.62,1003855.0
1735977600000,216.61,216.62,214.3,216.36,1216516.0
1735992000000,216.36,217.58,213.45,214.24,1966601.0
1736006400000,214.24,215.88,213.61,215.47,897811.0
1736020800000,215.48,217.19,215.3,216.56,756538.0
1736035200000,216.57,218.81,215.17,217.83,1298634.0
1736049600000,217.83,218.98,215.83,216.35,1098447.0
1736064000000,216.35,216.44,212.8,213.85,1574085.0
1736078400000,213.84,214.54,211.54,213.46,1760550.0
1736092800000,213.46,214.21,211.27,212.7,1000551.0
1736107200000,212.7,214.43,212.43,213.3,710872.0
1736121600000,213.31,216.87,211.41,215.5,1912938.0
1736136000000,215.5,216.8,213.77,215.13,1369902.0
1736150400000,215.13,216.18,213.1,216.17,1198271.0
1736164800000,216.18,222.0,215.64,221.51,3950633.0
1736179200000,221.52,223.14,217.27,219.9,2343942.0
1736193600000,219.9,220.32,217.4,218.11,983156.0
1736208000000,218.1,219.04,216.09,217.27,1097173.0
1736222400000,217.27,217.37,215.33,215.97,809357.0
1736236800000,215.96,216.79,212.73,213.95,1787632.0
1736251200000,213.96,214.28,205.0,207.65,6375245.0
1736265600000,207.64,208.99,203.43,204.46,3773116.0
1736280000000,204.47,204.89,201.36,202.07,2329599.0
1736294400000,202.06,203.2,196.62,198.62,3612738.0
1736308800000,198.62,199.53,193.04,195.56,4096236.0
1736323200000,195.56,197.96,194.38,195.41,2869076.0
1736337600000,195.4,199.48,194.73,197.69,3447267.0
1736352000000,197.68,197.91,188.23,194.18,5784622.0
1736366400000,194.17,198.21,193.53,197.37,1649291.0
1736380800000,197.37,198.98,194.06,194.28,1880723.0
1736395200000,194.28,195.45,189.64,190.06,2061884.0
1736409600000,190.06,192.75,189.0,191.08,1944113.0
1736424000000,191.08,192.9,185.02,192.09,4447942.0
1736438400000,192.09,192.7,185.61,185.84,2872008.0
1736452800000,185.83,187.51,181.85,184.88,3234797.0
1736467200000,184.87,189.39,184.86,189.02,1614444.0
1736481600000,189.01,192.93,188.27,191.63,1765693.0
1736496000000,191.63,192.77,191.0,191.82,1580382.0
1736510400000,191.83,192.07,183.38,187.2,5305154.0
1736524800000,187.2,192.0,183.76,190.12,3216559.0
1736539200000,190.13,190.47,186.59,187.59,1182744.0
1736553600000,187.59,188.71,185.5,186.28,969454.0
1736568000000,186.28,187.08,185.05,186.13,953933.0
1736582400000,186.13,186.8,184.01,186.58,1696774.0
1736596800000,186.57,188.13,185.75,186.84,1240604.0
1736611200000,186.85,187.93,185.55,187.65,905943.0
1736625600000,187.65,191.82,187.38,187.99,1552131.0
1736640000000,187.99,188.5,186.41,187.2,947279.0
1736654400000,187.19,187.34,185.47,186.47,690475.0
1736668800000,186.48,186.91,185.04,186.56,1063170.0
1736683200000,186.56,190.98,186.05,190.38,1494532.0
1736697600000,190.38,190.7,188.56,188.83,1021500.0
1736712000000,188.84,189.93,186.44,188.43,1197679.0
1736726400000,188.43,191.94,184.08,184.95,3093655.0
1736740800000,184.94,186.95,181.38,182.39,2660458.0
1736755200000,182.39,182.47,175.12,175.33,4704709.0
1736769600000,175.33,180.22,167.71,178.68,9070043.0
1736784000000,178.69,179.72,174.35,177.51,2986029.0
1736798400000,177.5,183.71,176.51,182.78,2394263.0
1736812800000,182.77,184.55,181.77,184.11,1488625.0
1736827200000,184.11,186.88,184.1,185.52,1531893.0
1736841600000,185.52,189.98,185.5,186.97,2495754.0
1736856000000,186.97,190.08,185.53,186.74,2976541.0
1736870400000,186.73,187.84,185.64,186.99,1765282.0
1736884800000,186.99,188.74,185.72,187.46,949509.0
1736899200000,187.45,189.66,186.9,189.64,1344824.0
1736913600000,189.64,190.69,188.21,189.88,1200154.0
1736928000000,189.88,190.59,185.76,186.88,2131192.0
1736942400000,186.88,197.98,185.9,196.39,5853343.0
1736956800000,196.39,202.32,196.29,201.82,3174957.0
1736971200000,201.83,205.94,201.83,205.76,2576933.0
1736985600000,205.76,206.21,201.28,201.93,2137095.0
1737000000000,201.93,203.46,201.42,203.06,884573.0
1737014400000,203.06,212.68,198.42,212.67,5617938.0
1737028800000,212.66,217.14,205.42,208.99,8650237.0
1737043200000,208.99,215.41,208.77,214.11,3499321.0
1737057600000,214.12,214.49,208.4,211.02,1810281.0
1737072000000,211.03,215.23,209.71,211.04,2209711.0
1737086400000,211.04,213.75,210.88,213.2,1412776.0
1737100800000,213.2,219.64,213.15,218.72,3795238.0
1737115200000,218.71,222.09,216.26,218.53,5383710.0
1737129600000,218.53,221.92,215.55,217.05,2991625.0
1737144000000,217.04,221.15,216.33,219.46,2542787.0
1737158400000,219.46,228.63,217.18,220.32,6583790.0
1737172800000,220.32,238.0,219.69,232.81,12314161.0
1737187200000,232.81,244.88,230.65,238.85,10062925.0
1737201600000,238.85,260.0,238.8,257.67,10351174.0
1737216000000,257.68,270.7,242.33,255.28,19381549.0
1737230400000,255.28,264.64,247.14,261.9,5782982.0
1737244800000,261.91,265.0,252.04,255.45,5778835.0
1737259200000,255.46,277.85,254.06,271.33,12715327.0
1737273600000,271.32,295.6,265.79,286.09,15451106.0
1737288000000,286.09,289.52,263.26,270.51,12926418.0
1737302400000,270.51,275.25,263.89,269.39,5189696.0
1737316800000,269.39,278.09,237.69,252.52,21409440.0
1737331200000,252.49,252.69,229.27,241.35,13240907.0
1737345600000,241.34,264.21,238.85,261.77,9019598.0
1737360000000,261.77,273.0,256.67,260.59,7379509.0
1737374400000,260.59,261.64,250.02,253.82,7753025.0
1737388800000,253.85,256.59,234.51,246.08,10613956.0
1737403200000,246.08,250.88,241.13,241.89,3775052.0
1737417600000,241.88,244.72,232.01,237.79,5698273.0
1737432000000,237.79,239.11,230.3,236.72,4278890.0
1737446400000,236.71,242.12,235.47,239.34,3926870.0
1737460800000,239.35,244.67,235.7,240.83,4831959.0
1737475200000,240.82,259.89,239.7,253.33,6068593.0
1737489600000,253.34,255.9,246.56,250.26,3033146.0
1737504000000,250.25,256.81,248.24,253.97,2184014.0
1737518400000,253.97,259.68,252.25,258.43,2512541.0
1737532800000,258.42,258.8,252.08,257.67,2842407.0
1737547200000,257.68,264.9,254.18,257.21,6670365.0
1737561600000,257.21,266.31,253.21,265.21,4985365.0
1737576000000,265.22,272.05,255.62,257.3,6356958.0
1737590400000,257.31,258.35,246.32,248.75,3926874.0
1737604800000,248.74,250.6,245.04,249.39,2806538.0
1737619200000,249.37,249.78,242.2,244.06,2861823.0
1737633600000,244.05,254.55,242.01,249.17,6098289.0
1737648000000,249.19,256.14,245.15,246.72,4268505.0
1737662400000,246.72,258.38,243.49,253.01,6835611.0
1737676800000,253.01,256.32,247.09,252.12,2948902.0
1737691200000,252.1,264.32,250.5,259.64,3714180.0
1737705600000,259.63,267.21,259.63,266.7,3426280.0
1737720000000,266.7,270.11,260.71,262.11,4431778.0
1737734400000,262.12,265.39,260.24,261.93,2345640.0
1737748800000,261.93,262.29,252.6,253.22,3691862.0
1737763200000,253.22,253.57,247.95,252.55,2782468.0
1737777600000,252.56,252.56,246.09,247.15,2012483.0
1737792000000,247.15,250.73,246.11,249.81,1952556.0
1737806400000,249.81,254.47,248.07,253.48,2516252.0
1737820800000,253.48,260.76,252.87,258.42,3413334.0
1737835200000,258.41,259.67,255.48,256.32,1707663.0
1737849600000,256.32,259.78,253.49,258.29,1926626.0
1737864000000,258.29,259.99,257.21,258.84,1275727.0
1737878400000,258.83,258.83,252.67,255.4,2005489.0
1737892800000,255.41,257.46,253.16,254.45,1904092.0
1737907200000,254.45,257.47,253.62,256.17,1243906.0
1737921600000,256.17,256.5,240.16,240.32,4071293.0
1737936000000,240.32,242.53,232.75,235.64,6036365.0
1737950400000,235.64,235.64,221.71,227.39,7558936.0
1737964800000,227.39,227.87,220.76,225.73,4988096.0
1737979200000,225.74,237.5,223.56,233.52,7455646.0
1737993600000,233.52,235.77,223.8,226.47,5277760.0
1738008000000,226.46,237.74,226.4,234.77,3554291.0
1738022400000,234.79,237.68,232.88,236.52,2255935.0
1738036800000,236.52,243.77,236.49,238.69,3105330.0
1738051200000,238.69,239.55,235.3,238.16,2017723.0
1738065600000,238.16,239.98,233.63,237.34,3682775.0
1738080000000,237.33,237.64,230.2,232.05,3255016.0
1738094400000,232.05,232.49,225.0,226.91,3437898.0
1738108800000,226.92,231.92,226.64,231.07,2003742.0
1738123200000,231.07,234.7,229.72,234.32,1395118.0
1738137600000,234.33,235.8,230.05,231.87,1853004.0
1738152000000,231.86,231.92,225.88,228.3,3262031.0
1738166400000,228.31,236.09,222.45,231.56,6080825.0
1738180800000,231.55,238.59,227.43,228.04,5171959.0
1738195200000,228.04,240.87,226.71,240.16,3380071.0
1738209600000,240.16,241.97,237.06,238.81,2645626.0
1738224000000,238.81,241.81,237.91,241.63,1740508.0
1738238400000,241.63,244.59,239.0,240.98,3334416.0
1738252800000,240.98,243.29,238.54,240.97,1731316.0
1738267200000,240.97,242.08,238.11,238.15,1230462.0
1738281600000,238.15,239.06,235.0,235.83,1637152.0
1738296000000,235.84,238.28,234.8,235.57,1454427.0
1738310400000,235.57,238.95,234.09,238.69,1639177.0
1738324800000,238.69,241.8,235.95,240.03,3237477.0
1738339200000,240.02,240.13,230.01,230.34,3261539.0
1738353600000,230.34,231.7,228.1,231.59,2017689.0
1738368000000,231.6,234.02,230.49,231.37,1603107.0
1738382400000,231.37,232.97,229.8,230.55,866569.0
1738396800000,230.56,230.85,226.22,227.98,1811945.0
1738411200000,227.98,229.35,224.67,226.25,1910369.0
1738425600000,226.24,227.5,220.61,221.63,2243370.0
1738440000000,221.62,221.63,212.58,212.89,4052635.0
1738454400000,212.88,218.71,206.74,206.99,4636190.0
1738468800000,206.98,213.93,206.62,211.68,3437621.0
1738483200000,211.68,215.65,207.6,208.62,3106334.0
1738497600000,208.62,214.03,208.14,211.92,3271653.0
1738512000000,211.92,212.0,194.75,203.45,11062405.0
1738526400000,203.45,206.66,191.85,203.42,7325721.0
1738540800000,203.42,203.79,173.33,197.73,19214591.0
1738555200000,197.74,199.77,189.14,198.97,5799876.0
1738569600000,198.97,201.95,193.22,198.48,4919944.0
1738584000000,198.49,209.92,189.72,206.9,9305787.0
1738598400000,206.9,214.81,203.26,214.68,5392704.0
1738612800000,214.68,218.42,209.77,216.2,3655550.0
1738627200000,216.19,219.89,213.81,215.4,2727221.0
1738641600000,215.39,215.99,201.756,204.12,5589498.0
1738656000000,204.12,210.69,202.33,207.59,3033685.0
1738670400000,207.58,216.71,207.58,215.58,5423870.0
1738684800000,215.58,218.3,208.14,208.15,4984661.0
1738699200000,208.15,210.31,202.46,206.48,5480988.0
1738713600000,206.49,209.26,205.02,207.24,2194479.0
1738728000000,207.23,208.2,203.4,204.97,2096060.0
1738742400000,204.96,206.836,202.77,206.17,2067439.0
1738756800000,206.17,207.53,201.27,201.64,3191770.0
1738771200000,201.64,202.03,196.27,199.42,4278104.0
1738785600000,199.42,200.48,195.05,196.03,1944639.0
1738800000000,196.03,201.16,196.0,200.55,2111453.0
1738814400000,200.56,203.86,200.13,201.93,1935399.0
1738828800000,201.93,202.84,198.52,200.16,2028745.0
1738843200000,200.16,200.56,190.48,191.14,4500843.0
1738857600000,191.14,192.9,188.14,189.79,4210447.0
1738872000000,189.79,194.73,187.16,189.45,2761716.0
1738886400000,189.45,195.8,189.05,193.2,2673365.0
1738900800000,193.2,195.27,189.1,192.42,2285755.0
1738915200000,192.42,198.58,191.54,198.36,2212947.0
1738929600000,198.36,203.31,195.81,197.99,6286611.0
1738944000000,198.0,199.1,194.57,195.35,3033020.0
1738958400000,195.34,195.56,188.0,191.84,3177271.0
1738972800000,191.84,194.17,191.24,192.88,1749710.0
1738987200000,192.88,193.26,189.67,192.69,1655391.0
1739001600000,192.69,194.88,191.56,194.31,1418674.0
1739016000000,194.31,196.32,192.67,193.32,1786481.0
1739030400000,193.32,198.28,193.12,196.78,1735707.0
1739044800000,196.79,200.75,196.6,199.21,1170853.0
1739059200000,199.22,206.87,198.36,206.84,2125794.0
1739073600000,206.85,207.26,203.69,203.87,1995124.0
1739088000000,203.88,204.4,201.11,201.3,2412920.0
1739102400000,201.3,202.68,196.3,200.51,2874191.0
1739116800000,200.5,202.0,197.62,198.96,1527678.0
1739131200000,198.96,200.91,193.22,200.32,3149768.0
1739145600000,200.31,205.0,195.71,201.85,4245395.0
1739160000000,201.85,204.57,199.8,202.7,1963238.0
1739174400000,202.69,205.91,202.46,204.36,1876497.0
1739188800000,204.36,208.9,201.29,202.97,4220580.0
1739203200000,202.96,204.3,200.8,201.24,1710530.0
1739217600000,201.25,202.64,199.14,200.32,1316725.0
1739232000000,200.32,204.56,199.79,200.97,2405118.0
1739246400000,200.97,206.07,200.88,204.31,2285877.0
1739260800000,204.31,205.83,201.06,203.26,2322832.0
1739275200000,203.27,203.27,197.62,199.29,2843083.0
1739289600000,199.28,199.95,194.94,195.52,2562614.0
1739304000000,195.51,199.3,195.33,197.87,1800442.0
1739318400000,197.86,198.45,193.65,194.22,1709300.0
1739332800000,194.23,196.14,193.01,195.12,1730836.0
1739347200000,195.11,197.94,195.0,197.29,1305687.0
1739361600000,197.29,198.49,188.3,191.91,6231774.0
1739376000000,191.91,196.59,189.18,193.62,3662659.0
1739390400000,193.62,198.32,192.9,196.71,1998875.0
1739404800000,196.71,198.11,194.87,198.07,1338694.0
1739419200000,198.08,198.4,192.57,192.98,1934225.0
1739433600000,192.97,193.41,191.01,191.78,1615382.0
1739448000000,191.78,193.05,188.7,191.84,2947626.0
1739462400000,191.84,194.54,189.87,192.56,2064933.0
1739476800000,192.56,195.38,192.47,194.12,1242662.0
1739491200000,194.12,197.29,194.02,196.92,1289057.0
1739505600000,196.92,197.3,194.62,196.5,1135919.0
1739520000000,196.5,201.35,196.28,199.51,2668464.0
1739534400000,199.51,202.08,196.34,200.79,3250076.0
1739548800000,200.78,205.3,198.73,201.49,3091455.0
1739563200000,201.48,202.15,197.93,199.31,1818406.0
1739577600000,199.31,200.21,196.64,198.28,1463391.0
1739592000000,198.28,198.8,195.13,195.77,1144061.0
1739606400000,195.77,196.65,193.77,194.72,1562322.0
1739620800000,194.73,195.97,193.15,194.53,1577767.0
1739635200000,194.54,195.0,193.2,194.09,883251.0
1739649600000,194.09,194.95,192.3,194.35,901337.0
1739664000000,194.35,195.41,192.93,194.62,1042779.0
1739678400000,194.63,196.18,192.16,192.79,1543041.0
1739692800000,192.8,193.95,192.06,193.6,1068922.0
1739707200000,193.59,193.69,189.08,190.2,2838725.0
1739721600000,190.21,191.16,187.23,189.1,2561676.0
1739736000000,189.09,189.76,186.0,188.14,1917110.0
1739750400000,188.15,189.61,185.1,186.22,1636534.0
1739764800000,186.23,186.39,180.5,181.25,5004412.0
1739779200000,181.25,185.44,180.64,184.17,2860805.0
1739793600000,184.18,186.85,179.12,180.25,4154243.0
1739808000000,180.25,181.29,174.55,176.97,5412854.0
1739822400000,176.97,181.23,176.87,177.47,2464505.0
1739836800000,177.47,178.99,175.32,177.9,2096238.0
1739851200000,177.89,177.95,163.81,165.62,10768993.0
1739865600000,165.63,170.85,163.04,168.65,6478778.0
1739880000000,168.65,171.48,164.24,165.85,5735194.0
1739894400000,165.86,167.05,160.77,165.19,6526989.0
1739908800000,165.2,169.71,163.84,169.21,3371573.0
1739923200000,169.22,170.76,166.52,167.39,3079158.0
1739937600000,167.39,169.74,163.64,168.83,4050356.0
1739952000000,168.82,174.24,168.3,173.81,3918025.0
1739966400000,173.8,174.06,168.03,169.65,4786825.0
1739980800000,169.64,173.38,168.08,168.62,2939192.0
1739995200000,168.61,169.88,166.31,168.85,2794053.0
1740009600000,168.86,172.76,167.52,172.31,2644140.0
1740024000000,172.31,174.89,170.73,171.63,2457726.0
1740038400000,171.64,175.09,170.8,173.88,2252224.0
1740052800000,173.87,176.59,171.1,171.51,4294387.0
1740067200000,171.52,175.4,171.15,174.9,2432639.0
1740081600000,174.9,176.47,173.1,175.9,1595757.0
1740096000000,175.9,176.37,172.83,173.21,1929978.0
1740110400000,173.21,176.76,173.2,175.76,2008513.0
1740124800000,175.75,180.33,175.72,177.1,4099482.0
1740139200000,177.09,180.48,170.34,173.04,6757594.0
1740153600000,173.03,175.49,168.17,168.36,6269714.0
1740168000000,168.36,169.92,167.1,168.83,2548937.0
1740182400000,168.84,172.68,167.98,170.29,2184273.0
1740196800000,170.28,172.75,170.02,171.65,1423343.0
1740211200000,171.65,174.09,171.26,173.45,1694057.0
1740225600000,173.45,174.56,172.53,174.12,1851858.0
1740240000000,174.12,174.67,172.21,172.58,1482126.0
1740254400000,172.57,173.55,171.8,171.98,903755.0
1740268800000,171.99,172.21,170.1,170.54,1194016.0
1740283200000,170.54,172.99,169.85,172.79,1152007.0
1740297600000,172.79,172.85,169.01,169.51,1265026.0
1740312000000,169.51,169.84,166.51,166.69,2347491.0
1740326400000,166.69,168.61,166.67,167.61,1486689.0
1740340800000,167.61,168.8,166.32,167.84,1077402.0
1740355200000,167.84,169.58,160.46,160.93,4697945.0
1740369600000,160.92,161.67,157.05,160.9,4972822.0
1740384000000,160.9,161.01,155.31,159.21,5138111.0
1740398400000,159.21,160.34,150.53,152.61,8276962.0
1740412800000,152.62,155.12,147.71,150.06,5788867.0
1740427200000,150.07,152.65,137.16,141.73,11863703.0
1740441600000,141.73,144.4,138.03,138.82,11534922.0
1740456000000,138.83,141.64,132.53,136.17,13345586.0
1740470400000,136.18,141.27,131.72,141.17,10879760.0
1740484800000,141.17,141.76,134.4,138.83,10007657.0
1740499200000,138.84,145.5,137.89,145.33,8368906.0
1740513600000,145.33,147.0,143.12,144.24,4288137.0
1740528000000,144.25,145.16,141.56,143.25,3481692.0
1740542400000,143.25,144.65,139.52,140.11,3147919.0
1740556800000,140.11,142.18,137.92,138.07,3408408.0
1740571200000,138.08,140.42,134.58,139.22,8795671.0
1740585600000,139.22,139.74,130.54,131.89,10437760.0
1740600000000,131.9,137.84,130.82,135.27,6190071.0
1740614400000,135.28,139.0,134.85,138.49,3802318.0
1740628800000,138.48,142.8,136.96,140.94,3775615.0
1740643200000,140.94,142.45,139.2,140.41,3993755.0
1740657600000,140.42,141.22,136.27,139.57,6004917.0
1740672000000,139.58,140.12,135.56,136.23,3623589.0
1740686400000,136.23,138.17,134.61,137.6,3990178.0
1740700800000,137.6,137.89,127.01,127.59,11735107.0
1740715200000,127.59,129.57,125.52,128.45,9066224.0
1740729600000,128.46,134.7,127.86,133.48,6541064.0
1740744000000,133.49,147.79,132.89,145.63,15237783.0
1740758400000,145.62,147.23,143.65,146.29,5129445.0
1740772800000,146.28,148.69,144.55,148.1,3136666.0
1740787200000,148.1,151.15,145.47,145.61,6231962.0
1740801600000,145.61,147.14,142.15,142.47,3720592.0
1740816000000,142.46,144.17,139.47,140.27,4012048.0
1740830400000,140.27,141.66,138.5,140.31,3672334.0
1740844800000,140.31,141.44,138.66,140.44,2564905.0
1740859200000,140.44,143.76,139.8,143.58,2522064.0
1740873600000,143.57,145.89,142.68,143.79,3569813.0
1740888000000,143.79,145.1,142.17,143.72,2170034.0
1740902400000,143.72,144.85,142.39,143.45,1996580.0
1740916800000,143.45,163.0,139.96,157.35,16060739.0
1740931200000,157.36,180.0,157.36,172.05,26718922.0
1740945600000,172.04,179.28,171.51,178.64,6390040.0
1740960000000,178.64,179.44,168.04,169.82,5854731.0
1740974400000,169.81,170.53,159.68,162.17,6279419.0
1740988800000,162.18,163.25,156.68,161.0,5775988.0
1741003200000,160.99,166.94,153.69,157.71,12789822.0
1741017600000,157.71,159.49,140.0,141.8,15061895.0
1741032000000,141.81,144.86,139.19,142.05,8403879.0
1741046400000,142.05,144.99,132.36,136.28,10297490.0
1741060800000,136.29,139.5,135.56,135.98,4701217.0
1741075200000,135.98,138.51,134.51,136.89,4888504.0
1741089600000,136.88,143.26,132.55,138.5,14227521.0
1741104000000,138.51,144.75,130.52,143.04,11717712.0
1741118400000,143.04,146.8,141.47,144.7,5056338.0
1741132800000,144.69,145.5,141.66,141.77,3396675.0
1741147200000,141.78,144.06,140.75,142.8,3114632.0
1741161600000,142.8,149.66,142.65,147.0,5065389.0
1741176000000,147.02,149.17,140.21,141.55,7356956.0
1741190400000,141.55,146.4,140.12,144.71,4833512.0
1741204800000,144.72,146.7,143.79,146.16,1965083.0
1741219200000,146.17,150.61,144.45,148.65,3909793.0
1741233600000,148.65,150.57,147.55,148.57,2925382.0
1741248000000,148.57,152.85,148.24,151.59,4406396.0
1741262400000,151.59,151.81,144.93,148.96,5906787.0
1741276800000,148.96,149.36,142.32,143.5,4249336.0
1741291200000,143.5,145.85,143.08,143.22,2571074.0
1741305600000,143.22,145.5,135.0,140.74,8790069.0
1741320000000,140.74,144.54,140.54,144.23,2467876.0
1741334400000,144.23,146.13,142.53,143.51,3308541.0
1741348800000,143.52,148.1,141.62,144.84,7329343.0
1741363200000,144.84,150.86,141.23,146.3,8093702.0
1741377600000,146.29,147.59,137.25,139.31,6729723.0
1741392000000,139.31,140.99,137.73,139.59,2533773.0
1741406400000,139.58,140.92,138.22,138.69,1792186.0
1741420800000,138.69,139.13,136.51,137.5,2001802.0
1741435200000,137.49,138.68,136.02,137.12,2136019.0
1741449600000,137.12,138.82,135.19,138.35,2338605.0
1741464000000,138.34,138.5,136.27,136.92,1231203.0
1741478400000,136.93,138.45,136.44,137.85,1310493.0
1741492800000,137.85,139.79,137.6,139.55,1599410.0
1741507200000,139.55,139.72,135.55,136.23,2686575.0
1741521600000,136.23,136.37,129.76,130.1,4963867.0
1741536000000,130.1,131.5,125.71,129.09,7634905.0
1741550400000,129.1,130.49,125.37,126.42,3843907.0
1741564800000,126.42,129.06,124.0,126.5,4647651.0
1741579200000,126.5,129.1,126.36,128.01,2363282.0
1741593600000,128.01,131.5,125.85,129.86,5608412.0
1741608000000,129.87,130.82,120.15,121.88,10757274.0
1741622400000,121.87,122.28,115.43,119.63,11452065.0
1741636800000,119.64,120.19,117.48,118.26,3874662.0
1741651200000,118.27,121.83,111.83,119.91,10890888.0
1741665600000,119.91,123.97,119.7,123.05,4005825.0
1741680000000,123.04,125.78,122.91,124.63,3515063.0
1741694400000,124.64,126.27,118.53,124.94,10857308.0
1741708800000,124.93,128.36,122.76,128.06,5714244.0
1741723200000,128.05,128.17,125.02,125.28,2489335.0
1741737600000,125.27,126.97,122.38,122.48,3332775.0
1741752000000,122.47,123.46,121.16,123.11,4159470.0
1741766400000,123.11,126.77,122.77,126.68,3751595.0
1741780800000,126.68,131.26,122.99,124.45,9468118.0
1741795200000,124.44,126.23,123.21,124.95,4678880.0
1741809600000,124.95,127.08,123.85,126.55,3100897.0
1741824000000,126.54,127.38,124.63,124.9,2486744.0
1741838400000,124.9,125.29,122.91,124.18,2798906.0
1741852800000,124.19,127.99,123.55,126.83,3822218.0
1741867200000,126.82,128.79,123.54,124.26,5999373.0
1741881600000,124.26,124.35,121.04,121.41,4095182.0
1741896000000,121.4,124.31,120.66,123.32,2439862.0
1741910400000,123.32,125.43,122.89,124.44,2345731.0
1741924800000,124.44,125.56,124.36,124.61,1456154.0
1741939200000,124.61,126.55,124.56,126.07,1791648.0
1741953600000,126.07,133.68,125.37,132.09,8857131.0
1741968000000,132.09,134.65,130.77,134.22,3922162.0
1741982400000,134.23,136.07,132.29,133.49,3094694.0
1741996800000,133.48,135.25,132.81,134.97,2075309.0
1742011200000,134.96,135.6,132.67,132.85,2206264.0
1742025600000,132.84,133.64,132.36,133.29,1379399.0
1742040000000,133.29,135.73,133.01,135.04,2503919.0
1742054400000,135.05,136.47,133.51,134.4,2323593.0
1742068800000,134.4,136.47,134.28,135.79,1250500.0
1742083200000,135.8,136.68,134.03,135.43,2229794.0
1742097600000,135.43,136.2,133.75,134.58,1744082.0
1742112000000,134.57,134.9,129.59,129.89,4328131.0
1742126400000,129.88,130.8,127.39,128.68,4412355.0
1742140800000,128.68,131.17,125.98,126.85,4981857.0
1742155200000,126.86,127.69,125.11,126.05,2408823.0
1742169600000,126.05,129.17,125.79,128.87,3765369.0
1742184000000,128.88,129.44,126.39,129.19,2312055.0
1742198400000,129.2,129.57,128.33,129.09,1689651.0
1742212800000,129.08,130.14,125.44,127.45,5213858.0
1742227200000,127.45,130.56,126.56,129.74,3895347.0
1742241600000,129.74,129.86,127.68,127.93,1826591.0
1742256000000,127.92,128.1,123.48,124.06,4170278.0
1742270400000,124.07,125.18,123.15,125.1,3323707.0
1742284800000,125.1,125.88,123.13,123.48,2500067.0
1742299200000,123.47,123.74,121.66,122.48,4000200.0
1742313600000,122.49,124.46,122.37,124.13,2289184.0
1742328000000,124.13,125.65,123.43,125.25,1480697.0
1742342400000,125.25,126.7,124.14,126.42,2300493.0
1742356800000,126.42,126.84,125.33,125.67,2168637.0
1742371200000,125.66,129.47,125.63,128.61,3357895.0
1742385600000,128.61,132.71,126.9,132.27,7422101.0
1742400000000,132.26,134.34,128.12,132.98,6408371.0
1742414400000,132.98,136.06,132.94,135.3,2708089.0
1742428800000,135.3,136.08,132.78,133.87,2331852.0
1742443200000,133.87,134.93,132.73,133.94,1713665.0
1742457600000,133.93,134.5,130.23,130.59,3570946.0
1742472000000,130.59,132.22,128.45,128.86,4572334.0
1742486400000,128.85,129.31,126.56,127.87,3062908.0
1742500800000,127.86,128.42,127.12,127.53,1148591.0
1742515200000,127.53,129.02,127.27,127.88,1594144.0
1742529600000,127.87,128.72,127.31,128.01,1464449.0
1742544000000,128.0,129.05,125.65,126.34,2878811.0
1742558400000,126.35,127.73,125.28,125.91,2962847.0
1742572800000,125.9,130.38,124.74,128.19,5413592.0
1742587200000,128.2,130.13,127.47,128.38,1840093.0
1742601600000,128.39,129.35,127.71,128.81,1565226.0
1742616000000,128.82,129.68,128.41,128.74,1242466.0
1742630400000,128.74,131.77,128.67,130.28,2756543.0
1742644800000,130.28,130.48,128.55,129.14,1994906.0
1742659200000,129.14,130.2,128.8,129.9,960902.0
1742673600000,129.9,130.0,128.03,128.44,1176362.0
1742688000000,128.43,130.79,128.12,130.78,1236127.0
1742702400000,130.78,131.45,129.65,131.08,1534190.0
1742716800000,131.09,133.99,130.85,133.04,2609879.0
1742731200000,133.03,133.79,131.95,132.43,2851927.0
1742745600000,132.44,132.69,130.25,130.46,1582136.0
1742760000000,130.47,132.78,130.1,132.77,1404398.0
1742774400000,132.77,138.44,131.95,138.11,5451512.0
1742788800000,138.11,139.32,137.68,138.82,3726001.0
1742803200000,138.83,144.07,138.53,143.34,5002549.0
1742817600000,143.34,144.9,142.23,143.16,6108239.0
1742832000000,143.17,143.36,141.22,142.7,2860076.0
1742846400000,142.7,143.6,139.55,140.95,2707740.0
1742860800000,140.95,142.24,138.1,138.5,3430964.0
1742875200000,138.5,140.28,138.09,139.39,2216022.0
1742889600000,139.4,143.38,139.36,142.07,3841988.0
1742904000000,142.06,147.41,140.71,145.2,8047021.0
1742918400000,145.2,146.19,143.56,144.93,3083971.0
1742932800000,144.93,146.03,142.41,143.59,2591949.0
1742947200000,143.6,144.53,141.4,141.8,2368228.0
1742961600000,141.8,144.8,141.58,144.44,2642977.0
1742976000000,144.43,145.41,143.72,144.52,2134867.0
1742990400000,144.53,145.0,138.83,139.23,6719318.0
1743004800000,139.23,140.13,136.13,137.36,4081023.0
1743019200000,137.35,138.44,135.78,137.26,2599908.0
1743033600000,137.27,140.14,136.71,139.82,2949168.0
1743048000000,139.83,139.99,137.82,138.8,2073794.0
1743062400000,138.8,139.2,137.02,137.35,2733174.0
1743076800000,137.34,139.75,135.5,137.7,4804437.0
1743091200000,137.69,139.64,137.23,139.0,2081347.0
1743105600000,139.0,139.89,138.02,138.37,1396427.0
1743120000000,138.36,138.98,135.99,136.72,2928100.0
1743134400000,136.72,137.24,131.28,131.53,5904774.0
1743148800000,131.54,132.62,130.3,131.83,4027775.0
1743163200000,131.82,132.33,129.05,129.84,4913269.0
1743177600000,129.85,130.25,128.96,129.34,2405487.0
1743192000000,129.33,130.41,127.48,129.39,2375731.0
1743206400000,129.39,130.45,126.39,128.76,3111741.0
1743220800000,128.76,129.07,125.34,126.32,2839799.0
1743235200000,126.33,127.03,124.24,125.23,3527520.0
1743249600000,125.23,126.74,124.91,126.25,2522747.0
1743264000000,126.26,126.71,123.45,125.21,3641873.0
1743278400000,125.21,125.35,122.52,124.5,2702804.0
1743292800000,124.49,126.49,123.38,125.59,2297362.0
1743307200000,125.59,126.45,125.02,125.38,1567852.0
1743321600000,125.39,126.33,124.51,125.0,1866169.0
1743336000000,125.0,125.54,123.0,124.85,2673162.0
1743350400000,124.84,127.01,122.81,125.77,3005272.0
1743364800000,125.76,126.3,123.03,124.73,2519003.0
1743379200000,124.74,127.59,122.58,124.5,4312246.0
1743393600000,124.5,126.98,124.24,125.83,2729745.0
1743408000000,125.83,126.63,122.94,124.22,3759295.0
1743422400000,124.21,127.81,123.12,126.71,6141924.0
1743436800000,126.72,127.32,123.72,125.16,3499848.0
1743451200000,125.17,126.2,124.44,124.48,1935677.0
1743465600000,124.47,126.66,123.65,126.0,2465176.0
1743480000000,126.01,126.72,125.52,126.62,1720960.0
1743494400000,126.63,129.94,126.62,127.53,4263558.0
1743508800000,127.53,130.39,124.55,129.2,7179532.0
1743523200000,129.22,129.59,125.36,126.72,3525228.0
1743537600000,126.72,127.5,125.21,126.6,1852377.0
1743552000000,126.6,126.91,124.0,124.24,2654071.0
1743566400000,124.23,124.97,123.37,124.45,2245001.0
1743580800000,124.46,126.7,124.2,125.63,2916648.0
1743595200000,125.62,130.99,125.04,130.35,7494035.0
1743609600000,130.35,131.76,129.09,131.35,4092275.0
1743624000000,131.36,136.2,117.02,117.34,14600888.0
1743638400000,117.36,120.88,116.16,119.75,5679121.0
1743652800000,119.76,120.89,117.77,118.58,3131165.0
1743667200000,118.57,119.16,115.03,115.69,4892903.0
1743681600000,115.68,115.97,112.17,114.1,9220574.0
1743696000000,114.09,115.9,113.17,115.32,4155313.0
1743710400000,115.33,117.37,114.95,117.08,2824632.0
1743724800000,117.09,117.33,114.57,115.33,2774999.0
1743739200000,115.33,118.31,114.65,118.11,2956838.0
1743753600000,118.12,119.87,113.19,114.46,7938500.0
1743768000000,114.46,120.97,113.9,118.53,11725315.0
1743782400000,118.54,123.96,118.17,122.53,8144658.0
1743796800000,122.53,123.96,121.72,122.72,2548436.0
1743811200000,122.72,122.8,120.6,120.67,1993808.0
1743825600000,120.68,121.28,120.12,121.01,1483719.0
1743840000000,121.02,121.89,119.76,120.22,2176957.0
1743854400000,120.21,120.27,117.08,117.48,3813682.0
1743868800000,117.47,119.3,117.44,118.57,1959422.0
1743883200000,118.56,120.56,118.3,120.24,1599946.0
1743897600000,120.25,121.08,119.36,119.94,1905711.0
1743912000000,119.94,120.56,118.76,119.14,1609460.0
1743926400000,119.14,120.13,118.1,118.56,1993064.0
1743940800000,118.55,118.8,114.2,114.9,6165215.0
1743955200000,114.89,115.2,106.17,108.0,14344498.0
1743969600000,107.99,108.5,103.76,105.84,9518024.0
1743984000000,105.84,107.74,102.13,103.2,9135666.0
1743998400000,103.2,103.71,95.19,97.08,15348273.0
1744012800000,97.07,102.57,96.85,100.22,12100821.0
1744027200000,100.22,113.18,99.68,106.61,27330753.0
1744041600000,106.61,107.9,103.47,105.68,7737552.0
1744056000000,105.68,109.24,105.65,106.91,3837685.0
1744070400000,106.91,112.5,106.56,111.25,6103901.0
1744084800000,111.25,112.09,107.89,108.62,4010760.0
1744099200000,108.62,111.75,107.1,111.48,4218549.0
1744113600000,111.49,112.14,106.61,107.13,9612561.0
1744128000000,107.12,107.24,102.87,104.02,10451137.0
1744142400000,104.03,106.43,103.6,105.32,4129091.0
1744156800000,105.32,106.5,101.23,103.09,8812782.0
1744171200000,103.08,107.98,102.98,107.32,6994994.0
1744185600000,107.31,108.24,102.69,103.38,7222265.85
1744200000000,103.38,107.4,102.22,106.49,8379069.62
1744214400000,106.49,120.69,106.17,118.87,20218277.72
1744228800000,118.88,120.45,118.01,119.01,4308580.48
1744243200000,119.0,119.29,114.42,115.44,4242086.35
1744257600000,115.44,116.91,113.88,114.75,4002496.36
1744272000000,114.75,115.19,113.34,113.89,2788912.62
1744286400000,113.88,116.0,109.31,109.55,9104936.57
1744300800000,109.55,111.85,108.21,111.26,5604614.21
1744315200000,111.27,113.33,111.18,112.73,2384471.75
1744329600000,112.73,115.72,112.09,115.34,3887343.49
1744344000000,115.34,117.7,114.93,116.54,3265154.73
1744358400000,116.53,119.34,115.77,117.99,5436734.97
1744372800000,118.0,121.54,117.54,119.86,7761312.94
1744387200000,119.86,121.99,118.61,120.81,4314068.97
1744401600000,120.8,122.65,119.91,121.33,2615014.22
1744416000000,121.33,122.18,119.29,120.13,2841027.89
1744430400000,120.13,124.5,119.75,124.17,4266756.06
1744444800000,124.16,125.48,123.92,124.51,3036485.77
1744459200000,124.52,131.7,124.3,130.42,8603565.08
1744473600000,130.42,131.49,128.16,130.63,5315806.34
1744488000000,130.64,134.0,130.58,132.17,4506339.88
1744502400000,132.16,133.94,130.83,131.74,4159775.02
1744516800000,131.74,131.98,128.11,128.5,3887578.53
1744531200000,128.49,131.53,128.15,129.76,4176564.37
1744545600000,129.76,130.4,126.72,128.65,5183685.79
1744560000000,128.65,132.59,126.95,128.16,5304465.76
1744574400000,128.17,129.79,125.28,128.3,4682642.45
1744588800000,128.3,136.09,127.9,131.66,7100061.55
1744603200000,131.66,134.28,131.02,132.22,3742635.3
1744617600000,132.23,134.14,131.43,133.41,4234981.96
1744632000000,133.4,134.74,128.03,128.7,8839591.34
1744646400000,128.71,131.93,127.99,131.02,3995434.17
1744660800000,131.01,131.13,128.53,129.34,2036618.75
1744675200000,129.33,130.68,127.62,130.43,3498244.82
1744689600000,130.44,132.26,129.58,131.48,2389865.59
1744704000000,131.47,133.87,131.28,132.1,3783960.11
1744718400000,132.11,134.41,129.03,129.53,6677426.16
1744732800000,129.54,130.53,127.21,127.79,4032549.91
1744747200000,127.79,128.51,125.73,126.05,3057380.97
1744761600000,126.05,127.29,124.68,126.36,3954194.08
1744776000000,126.36,126.62,124.25,124.71,3198302.96
1744790400000,124.71,126.59,123.41,126.17,4838529.68
1744804800000,126.18,129.76,124.39,128.34,6648891.58
1744819200000,128.34,133.88,124.73,132.4,11114555.7
1744833600000,132.4,133.66,130.73,131.3,3710675.25
1744848000000,131.29,132.66,129.4,129.7,2993650.55
1744862400000,129.7,135.6,129.53,134.21,4739676.08
1744876800000,134.22,134.96,132.33,133.03,3497801.88
1744891200000,133.03,134.43,130.48,133.39,5543138.6
1744905600000,133.39,136.26,131.88,132.83,6550228.85
1744920000000,132.82,135.25,132.81,134.76,2521981.77
1744934400000,134.77,135.95,133.69,134.43,2824943.29
1744948800000,134.42,134.98,133.18,134.87,2296998.5
1744963200000,134.86,135.5,133.47,134.18,2637426.39
1744977600000,134.19,135.12,132.36,132.81,3612570.51
1744992000000,132.81,134.42,132.6,134.15,1926474.28
1745006400000,134.14,134.34,133.12,133.97,1227910.12
1745020800000,133.97,139.14,133.5,138.71,4889219.58
1745035200000,138.71,139.42,137.66,138.68,2714761.0
1745049600000,138.67,139.89,138.36,138.7,3042234.81
1745064000000,138.71,140.71,138.39,138.87,3006654.04
1745078400000,138.87,139.43,137.57,138.62,2878987.15
1745092800000,138.61,139.83,138.22,139.77,1242448.25
1745107200000,139.77,141.87,139.31,140.87,3234718.46
1745121600000,140.87,141.48,138.51,139.5,2691346.4
1745136000000,139.51,139.74,135.71,136.32,4974114.66
1745150400000,136.32,137.98,135.5,135.87,3475738.23
1745164800000,135.86,137.18,135.62,137.09,1708098.43
1745179200000,137.08,138.48,136.24,137.76,2281948.89
1745193600000,137.77,143.25,137.56,139.3,6920413.65
1745208000000,139.29,141.77,139.09,140.08,2952337.62
1745222400000,140.09,141.05,138.21,138.91,2840188.3
1745236800000,138.9,140.03,136.65,138.25,6677679.41
1745251200000,138.25,138.69,133.75,136.8,6744928.13
1745265600000,136.8,137.28,135.24,136.44,2082561.88
1745280000000,136.44,139.82,134.4,139.28,5127347.2
1745294400000,139.29,140.58,138.37,140.11,2938260.26
1745308800000,140.11,140.73,138.88,140.38,2500206.02
1745323200000,140.37,145.46,139.99,145.27,8960044.37
1745337600000,145.28,147.69,143.47,144.17,4363983.26
1745352000000,144.17,150.29,143.39,148.71,6075261.94
1745366400000,148.72,149.38,147.0,149.15,3580587.67
1745380800000,149.15,152.24,148.48,151.51,4375090.43
1745395200000,151.51,153.7,150.88,152.01,4049379.29
1745409600000,152.02,154.14,148.65,151.35,9952200.17
1745424000000,151.35,152.45,148.87,150.1,3748426.44
1745438400000,150.11,151.77,149.78,151.05,1637849.75
1745452800000,151.05,151.45,147.62,147.73,2971469.3
1745467200000,147.72,149.15,146.92,147.11,2688215.3
1745481600000,147.11,147.69,145.06,147.62,3576772.01
1745496000000,147.61,151.4,147.0,149.28,6467912.21
1745510400000,149.28,152.43,148.74,151.51,4364300.6
1745524800000,151.52,152.96,149.85,152.48,2182389.76
1745539200000,152.48,154.5,150.45,151.68,3533823.45
1745553600000,151.68,155.0,150.67,154.8,3409086.67
1745568000000,154.8,154.98,152.85,154.7,3675417.93
1745582400000,154.7,157.24,152.07,152.83,7577456.27
1745596800000,152.84,153.14,150.31,151.31,3845546.7
1745611200000,151.3,152.47,149.75,150.76,2436840.31
1745625600000,150.75,153.15,150.75,151.28,1985538.42
1745640000000,151.28,152.27,149.87,151.28,2073941.4
1745654400000,151.27,152.29,147.86,148.44,3573740.2
1745668800000,148.43,149.49,147.66,149.21,2288767.66
1745683200000,149.22,149.38,148.24,149.16,1088195.52
1745697600000,149.17,149.62,148.25,149.14,1065762.22
1745712000000,149.15,150.37,146.0,147.45,3535963.67
1745726400000,147.45,147.79,145.39,147.36,1900136.24
1745740800000,147.35,148.69,147.26,147.89,1430190.04
1745755200000,147.89,149.71,146.87,148.95,2940651.61
1745769600000,148.94,150.23,148.12,149.94,1664493.69
1745784000000,149.93,150.01,147.73,147.91,1521716.98
1745798400000,147.9,149.55,144.53,148.32,4613392.04
1745812800000,148.31,151.45,148.31,151.03,2927483.07
1745827200000,151.04,153.35,148.92,151.6,5753401.87
1745841600000,151.61,151.77,145.41,146.22,5672135.02
1745856000000,146.21,148.8,145.22,148.3,3214676.85
1745870400000,148.29,148.35,146.41,147.76,1721917.57
1745884800000,147.76,149.13,146.83,147.38,2288412.5
1745899200000,147.39,148.87,145.37,148.82,2667899.94
1745913600000,148.83,149.44,147.52,148.93,2320620.21
1745928000000,148.92,149.19,146.77,147.92,3121859.42
1745942400000,147.92,150.37,147.58,149.19,2886364.36
1745956800000,149.2,149.46,144.79,146.18,3587826.72
1745971200000,146.19,148.64,144.93,148.11,3019403.21
1745985600000,148.1,148.3,146.01,146.31,1713629.87
1746000000000,146.31,147.92,145.92,147.84,1341638.6
1746014400000,147.84,147.91,140.25,142.1,9204762.54
1746028800000,142.1,145.99,141.27,145.55,3930422.88
1746043200000,145.56,148.09,145.27,147.47,2691720.84
1746057600000,147.47,149.58,147.47,148.65,2614736.17
1746072000000,148.65,150.2,147.91,149.7,2121534.26
1746086400000,149.7,152.38,149.46,151.67,3981020.91
1746100800000,151.68,153.88,150.5,151.77,5204073.19
1746115200000,151.77,152.8,150.01,150.21,3438040.97
1746129600000,150.2,150.89,149.8,150.73,1386406.27
1746144000000,150.73,151.62,149.98,150.7,1747050.7
1746158400000,150.7,150.97,148.29,148.43,2526544.98
1746172800000,148.44,150.73,148.3,150.63,1965243.27
1746187200000,150.63,151.86,149.2,149.82,4315182.83
1746201600000,149.82,151.37,147.6,147.97,3076544.42
1746216000000,147.98,148.6,147.2,147.93,1578970.37
1746230400000,147.93,149.0,147.42,148.22,1601244.51
1746244800000,148.22,148.5,147.26,148.02,1176501.31
1746259200000,148.03,148.3,146.6,147.03,1895514.53
1746273600000,147.02,149.0,147.02,148.37,2076863.53
1746288000000,148.37,148.39,145.74,147.36,2436248.26
1746302400000,147.36,147.85,146.54,146.62,982050.58
1746316800000,146.62,147.66,145.4,145.53,2052884.6
1746331200000,145.52,146.48,145.1,145.56,1826155.6
1746345600000,145.56,145.9,144.57,145.34,1757621.62
1746360000000,145.33,147.18,144.86,146.73,2173661.66
1746374400000,146.73,147.79,145.89,146.08,1914824.77
1746388800000,146.08,147.07,143.55,143.87,2448829.91
1746403200000,143.86,145.39,142.42,144.83,3113131.71
1746417600000,144.84,147.31,144.82,146.8,2260991.53
1746432000000,146.79,146.99,143.47,144.1,2670271.14
1746446400000,144.1,145.4,143.0,143.66,3408450.93
1746460800000,143.67,147.09,143.56,146.41,2822029.79
1746475200000,146.41,147.67,144.86,146.66,2211878.59
1746489600000,146.66,146.78,143.69,144.56,2552527.62
1746504000000,144.57,145.83,144.24,145.17,1615515.18
1746518400000,145.17,145.2,141.79,142.49,3054633.11
1746532800000,142.49,143.9,141.3,143.13,3794228.17
1746547200000,143.12,145.24,142.34,144.78,2584052.84
1746561600000,144.79,147.17,143.43,146.83,3512527.18
1746576000000,146.83,149.47,145.34,146.17,4400129.78
1746590400000,146.17,147.24,145.34,147.18,1836149.73
1746604800000,147.18,148.24,146.85,147.54,2280296.81
1746619200000,147.54,147.69,145.35,145.68,3312173.01
1746633600000,145.68,147.29,144.59,145.68,4614780.92
1746648000000,145.68,148.25,145.38,147.27,2328155.38
1746662400000,147.27,151.17,147.01,150.79,3753426.22
1746676800000,150.8,151.91,149.9,151.51,3622086.82
1746691200000,151.5,155.23,151.46,154.52,4348692.51
1746705600000,154.52,163.08,154.14,160.18,9408275.63
1746720000000,160.19,161.05,158.51,160.5,4675065.89
1746734400000,160.5,164.61,159.68,164.42,5490859.76
1746748800000,164.41,164.43,161.3,161.34,3101727.1
1746763200000,161.33,167.01,161.02,165.03,4661505.2
1746777600000,165.04,176.16,164.25,172.26,12763202.47
1746792000000,172.26,173.42,167.4,170.74,7948938.68
1746806400000,170.74,172.58,168.55,171.88,4048415.65
1746820800000,171.89,173.79,171.09,172.74,1901895.45
1746835200000,172.74,175.18,170.62,171.56,2821870.62
1746849600000,171.56,172.5,169.62,172.25,2270871.56
1746864000000,172.26,173.36,168.68,168.91,4000048.01
1746878400000,168.91,171.97,168.91,171.02,2520153.0
1746892800000,171.02,173.8,170.79,172.15,2974468.45
1746907200000,172.14,178.93,171.25,177.86,4678581.19
1746921600000,177.85,180.29,172.78,175.78,7025517.63
1746936000000,175.78,177.66,172.14,172.55,3477906.13
1746950400000,172.54,174.99,172.52,174.69,2476937.17
1746964800000,174.68,175.19,169.13,170.41,4391578.63
1746979200000,170.41,173.38,169.31,172.64,3232688.54
1746993600000,172.63,173.76,171.16,173.11,1706820.37
1747008000000,173.1,176.86,171.62,174.8,4422298.43
1747022400000,174.8,180.0,173.52,176.01,6607993.28
1747036800000,176.01,177.14,173.55,174.01,3791376.97
1747051200000,174.01,181.44,173.89,174.34,10701037.84
1747065600000,174.34,176.61,168.27,171.13,6354298.37
1747080000000,171.13,174.79,170.33,174.14,1833594.07
1747094400000,174.15,174.31,166.84,166.92,4843702.6
1747108800000,166.92,172.36,166.12,171.43,3227241.73
1747123200000,171.43,175.1,170.86,173.93,3203975.16
1747137600000,173.93,176.22,172.04,175.96,5287525.53
1747152000000,175.96,184.36,175.61,182.02,6637928.42
1747166400000,182.01,184.8,180.27,183.7,3694507.43
1747180800000,183.7,184.87,178.99,180.25,4672038.17
1747195200000,180.25,183.96,179.8,181.66,2981454.65
1747209600000,181.66,182.61,177.51,180.94,4585196.12
1747224000000,180.95,181.82,175.47,177.26,5232101.0
1747238400000,177.26,177.61,173.15,176.98,3472657.94
1747252800000,176.99,177.6,175.1,176.51,1667132.49
1747267200000,176.51,178.23,173.94,173.95,2889010.87
1747281600000,173.94,175.21,169.64,170.33,3970671.6
1747296000000,170.32,172.96,168.6,170.99,3639186.25
1747310400000,170.99,172.79,166.84,172.14,6423088.95
1747324800000,172.13,174.38,167.6,169.67,5354309.42
1747339200000,169.68,170.6,166.55,169.06,3215665.57
1747353600000,169.06,173.61,168.58,172.54,3750494.44
1747368000000,172.55,173.48,171.04,172.07,1914722.44
1747382400000,172.06,174.16,169.25,172.75,3252241.71
1747396800000,172.74,174.0,170.72,172.0,3771519.26
1747411200000,172.0,172.69,169.6,171.32,2609887.57
1747425600000,171.31,171.32,166.22,167.33,2762199.29
1747440000000,167.33,168.54,163.91,168.17,4537906.43
1747454400000,168.17,169.95,167.12,168.47,2598398.58
1747468800000,168.47,169.34,166.63,167.53,2363806.6
1747483200000,167.53,168.16,165.73,167.2,1994029.32
1747497600000,167.2,167.44,164.29,165.16,3014997.68
1747512000000,165.16,167.92,164.25,165.87,2234863.75
1747526400000,165.87,167.85,165.79,166.83,1789522.34
1747540800000,166.83,170.67,166.8,170.6,1925704.78
1747555200000,170.61,171.95,170.4,170.71,2084139.49
1747569600000,170.71,176.61,170.11,176.2,4059936.56
1747584000000,176.2,176.73,166.29,166.53,6897190.07
1747598400000,166.54,174.24,164.5,173.24,5367564.27
1747612800000,173.25,173.87,164.86,165.23,5591508.28
1747627200000,165.24,166.75,159.28,161.78,6388267.6
1747641600000,161.78,162.6,160.3,162.07,2989457.91
1747656000000,162.07,164.67,160.05,164.08,5190227.98
1747670400000,164.09,167.3,162.67,166.54,4970510.43
1747684800000,166.54,167.73,165.05,166.76,2114557.33
1747699200000,166.76,173.06,166.67,169.13,5305720.13
1747713600000,169.14,170.59,166.98,167.27,2713288.77
1747728000000,167.27,168.07,165.13,166.38,2898896.8
1747742400000,166.38,167.28,164.4,166.53,3678528.28
1747756800000,166.53,169.09,164.45,168.11,4314053.03
1747771200000,168.12,169.33,166.17,168.51,3036639.46
1747785600000,168.51,170.87,166.71,169.91,3191382.99
1747800000000,169.91,171.7,168.21,168.75,4202036.92
1747814400000,168.76,169.6,167.28,169.26,2283042.21
1747828800000,169.27,173.66,168.17,172.12,5547102.1
1747843200000,172.12,174.91,165.34,171.08,13539370.08
1747857600000,171.07,175.92,169.02,173.5,4302547.11
1747872000000,173.5,177.48,172.4,176.78,4945015.56
1747886400000,176.77,178.75,175.19,178.46,4904581.73
1747900800000,178.46,180.82,177.16,178.01,4796923.26
1747915200000,178.0,179.83,176.92,178.94,4083155.66
1747929600000,178.95,180.32,177.44,177.79,2700646.1
1747944000000,177.79,179.97,177.23,179.6,1774798.23
1747958400000,179.61,185.4,179.17,184.94,5125120.21
1747972800000,184.94,185.3,180.0,182.48,4157625.41
1747987200000,182.48,187.67,177.1,177.88,8245446.78
1748001600000,177.87,183.7,173.29,180.63,11687690.74
1748016000000,180.62,182.19,178.27,179.07,4266622.14
1748030400000,179.06,179.2,173.18,173.92,3868650.75
1748044800000,173.92,175.92,172.52,175.03,3485721.52
1748059200000,175.03,176.29,173.35,173.85,2538360.65
1748073600000,173.84,178.22,173.12,176.8,3216691.9
1748088000000,176.8,177.04,174.95,176.22,2237101.49
1748102400000,176.22,177.63,175.18,177.05,1321821.39
1748116800000,177.04,177.85,175.25,175.81,1465632.53
1748131200000,175.82,176.82,170.13,173.53,5013029.19
1748145600000,173.53,174.32,171.81,172.27,1946707.46
1748160000000,172.27,172.3,170.0,171.86,2812666.76
1748174400000,171.86,172.58,169.05,170.21,3547686.85
1748188800000,170.2,172.72,169.09,172.43,2011018.16
1748203200000,172.44,175.77,170.82,175.65,2796312.14
1748217600000,175.64,177.78,175.0,176.94,3047888.49
1748232000000,176.93,178.96,176.49,178.07,2235333.3
1748246400000,178.08,178.26,176.32,177.82,1927456.22
1748260800000,177.82,178.8,175.81,177.41,3158937.65
1748275200000,177.41,177.97,173.37,173.95,3041017.9
1748289600000,173.94,175.98,173.53,174.8,1402439.33
1748304000000,174.8,175.68,171.06,173.42,3463466.66
1748318400000,173.42,175.86,172.37,175.4,2601996.78
1748332800000,175.4,177.14,174.91,176.73,2507752.3
1748347200000,176.72,179.37,174.99,178.41,5310347.78
1748361600000,178.41,179.27,177.32,177.45,2962570.17
1748376000000,177.45,178.6,175.5,176.64,1888118.15
1748390400000,176.64,177.38,174.13,175.03,2302942.06
1748404800000,175.02,175.27,173.58,173.81,1497670.66
1748419200000,173.82,174.42,172.72,174.42,2114330.52
1748433600000,174.42,175.05,168.8,169.6,6055652.68
1748448000000,169.61,171.92,169.04,169.31,2809150.06
1748462400000,169.32,172.59,169.11,172.11,2135928.22
1748476800000,172.12,175.28,171.23,173.62,3611042.99
1748491200000,173.61,173.89,169.96,172.16,2889222.41
1748505600000,172.17,173.4,171.55,172.78,1864535.82
1748520000000,172.78,172.87,168.8,169.65,4247079.5
1748534400000,169.65,170.21,165.9,166.75,4167225.52
1748548800000,166.75,168.45,165.87,166.62,1748514.6
1748563200000,166.61,167.41,159.85,165.03,5695273.25
1748577600000,165.03,165.77,162.5,162.62,2895193.58
1748592000000,162.62,164.1,161.37,163.73,3153833.87
1748606400000,163.74,163.88,160.0,161.13,4253329.26
1748620800000,161.14,161.68,156.04,160.73,5687711.09
1748635200000,160.72,160.92,155.01,156.12,3580154.1
1748649600000,156.11,157.18,152.06,154.08,5975175.3
1748664000000,154.08,155.79,152.93,154.76,1885130.78
1748678400000,154.77,155.19,152.51,152.85,2241318.07
1748692800000,152.85,156.67,152.55,155.51,3241217.41
1748707200000,155.51,157.89,155.07,157.41,1945148.83
1748721600000,157.41,157.92,156.21,156.35,1315656.68
1748736000000,156.36,156.65,153.26,154.62,2220297.44
1748750400000,154.63,155.87,154.02,154.35,1308315.68
1748764800000,154.35,154.55,150.48,151.95,3821051.44
1748779200000,151.95,154.51,150.51,154.07,2873663.6
1748793600000,154.07,156.66,153.32,155.81,3637272.37
1748808000000,155.8,157.85,155.08,157.62,1668703.05
1748822400000,157.61,158.84,155.3,155.39,2801520.8
1748836800000,155.38,156.64,154.58,155.44,2052502.5
1748851200000,155.44,156.5,152.82,153.37,3438984.25
1748865600000,153.36,154.42,151.52,153.09,4747845.46
1748880000000,153.09,155.08,151.66,152.86,3130087.67
1748894400000,152.87,157.17,152.84,156.74,2841317.52
1748908800000,156.75,162.31,156.26,159.34,5150692.14
1748923200000,159.35,160.13,158.12,159.75,1764069.2
1748937600000,159.74,161.59,158.22,160.49,2494206.03
1748952000000,160.49,163.57,159.35,162.12,4887314.46
1748966400000,162.12,162.34,159.82,160.49,2879740.41
1748980800000,160.48,160.53,154.0,155.08,4545000.75
1748995200000,155.08,157.56,154.08,156.5,3184401.91
1749009600000,156.5,156.96,155.61,156.34,1405093.78
1749024000000,156.34,157.82,155.56,155.83,2071760.92
1749038400000,155.83,157.93,154.51,157.05,4010058.13
1749052800000,157.05,157.5,155.18,155.27,2313957.09
1749067200000,155.27,155.55,152.78,153.18,2724495.03
1749081600000,153.18,154.59,152.89,153.75,1819366.64
1749096000000,153.74,154.09,151.75,152.36,2613362.93
1749110400000,152.36,152.97,151.16,152.3,2061681.23
1749124800000,152.31,154.35,148.32,150.81,7162073.52
1749139200000,150.8,151.02,144.05,146.13,7124773.28
1749153600000,146.12,146.52,141.43,144.21,7517331.89
1749168000000,144.2,146.79,144.02,146.73,2669191.66
1749182400000,146.74,148.19,146.54,147.29,2518434.64
1749196800000,147.29,149.55,147.12,149.0,2680854.08
1749211200000,149.0,152.56,149.0,151.01,5893758.56
1749225600000,151.02,151.5,148.32,149.04,3120729.03
1749240000000,149.03,149.91,147.6,147.76,1475737.26
1749254400000,147.77,149.65,146.84,149.39,2323100.05
1749268800000,149.4,152.8,148.9,152.3,2690357.14
1749283200000,152.3,152.64,151.15,151.36,1616189.05
1749297600000,151.36,152.34,150.61,150.92,1968932.62
1749312000000,150.91,151.53,150.02,150.51,1612829.69
1749326400000,150.5,151.44,149.64,149.98,1133194.82
1749340800000,149.97,150.31,149.05,149.79,1262678.36
1749355200000,149.79,150.46,149.0,149.22,1284515.88
1749369600000,149.23,149.63,147.59,149.55,2114640.89
1749384000000,149.55,151.36,148.93,150.63,2164588.41
1749398400000,150.64,154.48,150.54,154.38,3258235.2
1749412800000,154.38,155.3,152.06,152.37,2466828.85
1749427200000,152.37,153.11,150.71,151.47,2174142.79
1749441600000,151.46,151.81,149.5,150.77,2307755.42
1749456000000,150.78,156.6,150.31,155.54,5388194.97
1749470400000,155.54,155.77,152.93,154.93,4055150.66
1749484800000,154.93,156.94,154.9,155.66,2861084.55
1749499200000,155.66,161.7,155.62,161.09,4149859.01
1749513600000,161.09,161.77,158.64,159.11,2861667.45
1749528000000,159.11,159.57,157.33,158.4,2597524.01
1749542400000,158.4,161.43,157.02,160.75,4356148.81
1749556800000,160.74,161.94,156.23,157.96,6680575.64
1749571200000,157.97,165.46,157.01,163.53,7918031.45
1749585600000,163.53,165.62,162.82,165.06,3945036.4
1749600000000,165.06,167.44,163.39,166.63,4571532.17
1749614400000,166.64,167.1,164.28,166.58,3196020.14
1749628800000,166.59,167.16,163.93,164.44,3206172.78
1749643200000,164.44,168.3,163.66,167.18,7048286.29
1749657600000,167.18,167.37,162.28,162.55,4349300.21
1749672000000,162.54,163.81,159.14,160.88,4057834.36
1749686400000,160.88,161.24,159.2,159.78,2878821.86
1749700800000,159.78,160.52,158.15,158.69,2703119.48
1749715200000,158.69,159.87,157.33,157.66,2693421.31
1749729600000,157.66,160.55,156.34,156.94,4989262.98
1749744000000,156.95,160.39,154.38,154.75,4477971.17
1749758400000,154.74,155.36,151.92,152.23,4838960.28
1749772800000,152.24,152.55,140.73,144.66,14791026.22
1749787200000,144.65,145.39,142.49,144.92,3887649.19
1749801600000,144.92,146.61,143.55,145.38,4412463.36
1749816000000,145.38,147.71,143.83,147.1,5344565.81
1749830400000,147.09,148.44,144.23,145.08,4672896.76
1749844800000,145.09,148.87,144.68,148.54,2460909.4
1749859200000,148.54,148.65,146.35,146.63,1857685.23
1749873600000,146.63,147.07,145.47,146.11,1470955.91
1749888000000,146.1,146.15,144.87,145.78,1490166.46
1749902400000,145.77,145.88,143.71,144.47,2045892.05
1749916800000,144.46,145.08,142.84,143.43,2830182.59
1749931200000,143.43,144.94,141.87,144.55,2267993.07
1749945600000,144.55,145.99,144.49,145.67,1347739.38
1749960000000,145.67,148.06,145.61,145.81,2854106.74
1749974400000,145.82,146.73,144.15,146.26,2413078.15
1749988800000,146.27,152.92,146.07,150.76,7242300.86
1750003200000,150.76,153.66,150.13,152.17,3554074.52
1750017600000,152.18,152.95,148.07,152.89,4279610.55
1750032000000,152.88,157.38,150.92,155.54,5448292.53
1750046400000,155.53,157.94,155.45,157.19,2956461.81
1750060800000,157.2,157.44,154.75,156.39,3141870.51
1750075200000,156.39,157.71,154.58,156.49,4822656.34
1750089600000,156.5,158.68,156.25,157.73,2591513.05
1750104000000,157.73,157.78,150.24,150.67,5665709.85
1750118400000,150.67,153.92,147.41,153.3,6468269.18
1750132800000,153.31,154.29,152.31,152.61,2771333.17
1750147200000,152.62,152.85,150.11,150.49,3009597.31
1750161600000,150.49,151.35,146.45,147.55,5877075.7
1750176000000,147.55,150.35,145.55,148.83,6491963.72
1750190400000,148.82,149.21,146.21,147.49,3277535.58
1750204800000,147.5,149.04,146.47,148.28,2257547.49
1750219200000,148.27,149.2,146.79,147.91,1988175.36
1750233600000,147.91,148.5,145.27,146.43,3267008.08
1750248000000,146.43,146.68,143.69,145.68,5361791.88
1750262400000,145.67,146.43,143.58,144.67,4307991.46
1750276800000,144.66,147.84,144.03,146.28,2904824.54
1750291200000,146.29,147.83,144.9,146.53,2372784.7
1750305600000,146.52,147.1,144.93,145.0,1927992.04
1750320000000,145.01,146.45,144.75,145.01,1913820.81
1750334400000,145.01,145.43,142.83,143.08,3213255.28
1750348800000,143.07,146.0,143.02,145.42,3044075.8
1750363200000,145.42,147.44,144.95,146.96,2110458.08
1750377600000,146.96,147.46,145.35,145.39,1802616.86
1750392000000,145.38,147.75,144.21,147.41,2638918.95
1750406400000,147.4,148.75,146.84,148.11,3298850.0
1750420800000,148.11,148.3,142.26,142.76,6153702.72
1750435200000,142.77,142.92,135.57,139.79,10945385.79
1750449600000,139.79,141.65,138.59,140.02,3205217.56
1750464000000,140.01,141.26,139.44,140.69,2823463.77
1750478400000,140.69,140.91,139.75,140.55,1129194.08
1750492800000,140.55,142.53,140.2,141.99,2511126.25
1750507200000,141.98,142.39,139.07,140.23,3401710.29
1750521600000,140.23,140.97,137.14,137.24,3873927.87
1750536000000,137.23,138.85,130.46,135.32,8727813.61
1750550400000,135.32,137.52,133.09,135.03,6085873.09
1750564800000,135.03,136.44,134.54,134.75,2302539.82
1750579200000,134.75,135.29,131.88,133.18,3593011.01
1750593600000,133.18,133.81,126.41,128.52,12548630.54
1750608000000,128.51,131.42,128.21,129.02,4335130.21
1750622400000,129.02,132.51,125.83,131.64,6096941.95
1750636800000,131.64,133.44,131.46,132.59,2574732.49
1750651200000,132.6,134.99,132.27,134.31,3330607.48
1750665600000,134.31,134.82,133.18,134.04,2393612.4
1750680000000,134.05,137.46,132.79,133.35,7854203.97
1750694400000,133.35,140.19,130.6,139.71,11103885.81
1750708800000,139.72,146.88,139.16,144.41,8806140.75
1750723200000,144.41,144.68,142.21,143.16,3208476.48
1750737600000,143.16,146.66,142.76,143.94,3540986.48
1750752000000,143.93,145.73,142.93,144.48,3612921.85
1750766400000,144.49,145.64,143.35,144.24,3775747.24
1750780800000,144.24,146.56,142.71,143.52,3602083.67
1750795200000,143.52,145.86,143.1,145.83,1634698.47
1750809600000,145.83,146.92,144.95,145.44,1993294.62
1750824000000,145.44,147.61,144.78,146.95,1967025.91
1750838400000,146.95,147.06,144.94,146.2,3010508.95
1750852800000,146.2,147.93,143.02,143.61,5652572.28
1750867200000,143.6,144.69,142.71,144.67,2911118.09
1750881600000,144.67,145.57,142.12,143.48,2221475.01
1750896000000,143.49,147.99,143.3,145.87,3948342.86
1750910400000,145.87,146.02,143.93,145.08,2406599.23
1750924800000,145.07,145.74,143.04,143.55,2229818.92
1750939200000,143.56,143.9,141.3,142.92,5216706.67
1750953600000,142.92,143.19,140.8,142.21,2678923.75
1750968000000,142.2,143.89,138.54,138.98,4351718.03
1750982400000,138.98,141.51,137.0,141.26,3324762.42
1750996800000,141.26,142.16,140.12,140.27,2401663.73
1751011200000,140.27,142.73,140.26,142.06,2771076.03
1751025600000,142.07,143.8,141.06,143.42,4690109.65
1751040000000,143.42,145.0,140.04,141.72,4261536.43
1751054400000,141.72,143.31,141.56,142.05,1660048.84
1751068800000,142.05,143.5,141.07,143.34,2052917.3
1751083200000,143.34,146.77,143.01,146.52,2357655.47
1751097600000,146.52,147.55,145.55,147.07,3579927.27
1751112000000,147.08,148.78,145.81,148.11,2898215.44
1751126400000,148.1,152.68,148.01,150.62,5493510.43
1751140800000,150.62,151.31,149.98,150.67,1338542.35
1751155200000,150.67,151.03,149.36,149.43,1724449.17
1751169600000,149.42,150.27,149.3,150.27,1278348.43
1751184000000,150.26,152.26,149.87,151.59,2547653.88
1751198400000,151.59,152.49,150.62,150.68,2737829.51
1751212800000,150.69,152.18,149.64,151.13,2280356.37
1751227200000,151.12,154.77,150.23,153.21,3601837.18
1751241600000,153.22,154.02,151.11,151.7,2847983.06
1751256000000,151.7,151.94,149.62,150.57,2765371.4
1751270400000,150.58,150.97,149.36,150.27,2409470.9
1751284800000,150.27,160.0,149.63,157.78,12329152.03
1751299200000,157.77,158.38,155.28,157.71,5658761.97
1751313600000,157.72,157.77,154.41,154.73,2541729.89
1751328000000,154.74,155.58,153.07,153.85,2452232.43
1751342400000,153.85,153.86,148.62,149.98,4629646.99
1751356800000,149.97,149.97,148.03,148.76,3443343.06
1751371200000,148.76,149.2,146.1,147.13,5830924.22
1751385600000,147.13,148.37,145.23,145.38,3531234.52
1751400000000,145.38,146.95,144.67,146.79,2073082.19
1751414400000,146.78,149.17,145.64,148.79,2572318.63
1751428800000,148.79,149.84,148.22,149.02,2382125.51
1751443200000,149.02,149.91,148.34,148.55,2517594.38
1751457600000,148.54,151.56,147.03,151.22,6060875.93
1751472000000,151.23,153.54,150.22,152.91,6499918.08
1751486400000,152.9,154.44,151.89,152.21,2741755.62
1751500800000,152.21,153.96,151.66,153.31,2047209.25
1751515200000,153.31,155.89,153.13,155.53,3163439.95
1751529600000,155.53,156.33,154.06,154.45,2583599.53
1751544000000,154.44,155.3,149.59,150.09,7900012.29
1751558400000,150.09,151.97,149.8,151.71,2820262.24
1751572800000,151.7,153.18,151.7,152.29,1479539.76
1751587200000,152.29,153.11,150.86,151.63,2219685.39
1751601600000,151.63,153.84,150.2,150.43,3537758.56
1751616000000,150.42,150.91,148.92,150.14,2420136.07
1751630400000,150.13,151.17,146.2,146.49,4570084.47
1751644800000,146.49,146.93,145.11,146.62,3239464.18
1751659200000,146.63,148.24,146.27,147.6,1747515.06
1751673600000,147.6,148.36,147.05,147.67,1229825.32
1751688000000,147.68,148.46,146.63,147.78,1733995.61
1751702400000,147.78,148.46,146.7,148.1,1521251.83
1751716800000,148.1,148.63,146.97,147.05,1321443.41
1751731200000,147.04,147.19,145.79,146.79,2036410.37
1751745600000,146.79,147.96,146.36,147.5,903228.66
1751760000000,147.5,147.59,146.74,147.26,853764.98
1751774400000,147.27,148.44,146.97,147.81,1275000.99
1751788800000,147.81,147.94,146.66,147.88,1533138.68
1751803200000,147.88,152.03,147.75,151.48,5894299.87
1751817600000,151.48,153.2,150.62,151.22,3396496.33
1751832000000,151.21,154.0,151.17,151.8,2638526.63
1751846400000,151.8,152.84,150.15,151.81,2235815.85
1751860800000,151.81,152.39,150.8,152.3,1453429.35
1751875200000,152.3,153.55,151.57,152.73,2151389.71
1751889600000,152.72,153.37,150.91,150.97,3997575.76
1751904000000,150.97,151.48,148.4,148.89,5579601.51
1751918400000,148.88,148.91,147.6,148.82,2934637.26
1751932800000,148.82,150.05,147.75,148.56,2254528.37
1751947200000,148.57,149.72,148.11,149.58,1378463.75
1751961600000,149.57,151.58,149.44,151.19,2569318.69
1751976000000,151.19,152.83,149.69,149.79,4198861.76
1751990400000,149.78,152.77,149.37,151.58,3901414.9
1752004800000,151.58,151.85,149.89,151.59,1934091.69
1752019200000,151.59,152.29,151.0,151.2,1810162.01
1752033600000,151.21,153.85,150.44,152.94,2866054.29
1752048000000,152.94,154.46,152.23,153.64,2078671.95
1752062400000,153.65,155.48,152.8,153.91,5441547.19
1752076800000,153.92,157.8,153.15,157.22,5228187.96
1752091200000,157.23,157.9,155.39,156.99,3501564.58
1752105600000,157.0,159.33,155.88,157.28,2702630.8
1752120000000,157.28,158.58,156.58,157.82,2169137.41
1752134400000,157.82,159.11,157.11,157.55,2220277.48
1752148800000,157.56,158.31,155.5,156.38,3588867.88
1752163200000,156.38,161.2,156.07,159.26,6281843.31
1752177600000,159.25,165.36,159.14,164.29,6284337.67
1752192000000,164.3,165.32,161.89,165.11,3413565.94
1752206400000,165.11,166.73,163.04,163.21,4738544.06
1752220800000,163.2,165.3,163.2,163.81,2919261.53
1752235200000,163.81,168.18,161.77,162.26,9192230.31
1752249600000,162.27,164.97,161.17,164.52,4808544.62
1752264000000,164.52,164.81,159.49,162.87,3904160.77
1752278400000,162.87,163.87,161.64,163.41,1964437.56
1752292800000,163.42,163.77,161.96,163.16,1598232.32
1752307200000,163.15,163.38,161.3,161.56,1849609.49
1752321600000,161.55,161.74,157.66,158.06,5206616.78
1752336000000,158.06,160.72,157.83,160.67,2247140.91
1752350400000,160.68,160.9,158.87,160.63,1227385.96
1752364800000,160.64,161.76,160.12,161.15,1409115.36
1752379200000,161.15,162.7,160.97,162.57,1422712.83
1752393600000,162.57,162.68,161.5,161.99,1380812.88
1752408000000,161.98,164.12,161.7,161.94,3120203.5
1752422400000,161.95,163.49,160.5,162.46,2550058.25
1752436800000,162.45,163.02,159.55,161.04,2405834.14
1752451200000,161.05,168.27,160.53,167.08,4516194.99
1752465600000,167.07,169.76,165.28,167.21,5500615.3
1752480000000,167.22,168.11,166.0,166.51,3232679.04
1752494400000,166.5,168.64,163.0,163.91,5672607.71
1752508800000,163.9,165.29,162.37,164.22,3533187.83
1752523200000,164.22,164.22,161.57,162.13,2029393.5
1752537600000,162.12,162.82,158.04,159.06,4619582.81
1752552000000,159.06,160.79,158.19,159.46,2577911.86
1752566400000,159.46,160.09,158.31,159.79,2067169.87
1752580800000,159.78,162.13,157.11,160.4,6841625.54
1752595200000,160.39,163.66,159.86,160.14,4654941.92
1752609600000,160.13,164.26,159.62,163.99,2328637.29
1752624000000,163.99,165.29,161.5,162.53,2953210.41
1752638400000,162.52,164.65,161.75,164.02,2090633.56
1752652800000,164.02,167.59,163.8,166.66,5211432.35
1752667200000,166.67,168.82,165.34,168.42,6589514.26
1752681600000,168.41,174.74,168.33,174.13,9032944.22
1752696000000,174.13,176.0,172.4,173.64,4774347.0
1752710400000,173.65,174.91,168.71,169.55,4672278.73
1752724800000,169.54,174.12,169.25,173.99,4467380.49
1752739200000,173.99,178.17,172.62,176.14,6269795.02
1752753600000,176.14,177.56,172.67,174.09,6800025.9
1752768000000,174.08,175.36,171.15,173.0,4580603.49
1752782400000,173.01,177.4,171.28,175.82,5317174.93
1752796800000,175.81,181.25,175.22,180.83,6342632.97
1752811200000,180.83,185.0,179.89,181.14,7655656.64
1752825600000,181.14,182.19,177.0,178.52,4768031.08
1752840000000,178.53,182.06,174.87,177.0,7487591.15
1752854400000,176.99,179.1,176.12,176.92,3661206.92
1752868800000,176.93,177.5,173.136,177.21,3992414.44
1752883200000,177.22,177.72,173.94,177.44,2341329.07
1752897600000,177.45,177.79,176.1,176.98,1818018.95
1752912000000,176.98,177.79,175.35,176.58,1707652.31
1752926400000,176.57,177.87,174.73,177.37,3094580.9
1752940800000,177.37,178.1,176.11,177.04,2272064.08
1752955200000,177.04,178.62,175.05,176.93,3503830.91
1752969600000,176.93,179.78,176.3,177.93,9624030.17
1752984000000,177.93,178.65,176.9,177.91,1948597.84
1752998400000,177.91,181.58,177.91,180.43,3754064.22
1753012800000,180.43,183.17,179.94,181.92,5064878.34
1753027200000,181.93,183.67,180.13,181.95,4409535.29
1753041600000,181.94,182.36,177.61,181.42,3922390.74
1753056000000,181.42,187.11,178.18,186.72,6543569.8
1753070400000,186.71,191.1,185.07,190.1,5712215.74
1753084800000,190.09,193.27,189.68,191.58,6497959.41
1753099200000,191.58,199.48,190.32,196.88,10029135.28
1753113600000,196.89,197.42,193.0,194.69,7782155.98
1753128000000,194.69,197.88,193.65,195.75,3553096.28
1753142400000,195.75,204.76,193.74,200.11,13345377.31
1753156800000,200.11,201.29,194.1,198.1,8668119.57
1753171200000,198.1,200.28,194.03,199.95,6571580.67
1753185600000,199.94,205.17,196.89,201.86,12347650.35
1753200000000,201.85,204.35,198.4,198.93,6626552.94
1753214400000,198.94,206.44,198.41,205.78,4045745.71
1753228800000,205.79,205.86,201.04,201.52,3973712.33
1753243200000,201.51,202.35,198.89,199.5,3290760.96
1753257600000,199.5,200.08,196.0,197.44,4019381.23
1753272000000,197.45,197.62,187.61,192.72,13050161.42
1753286400000,192.73,192.74,186.0,188.06,7309967.46
1753300800000,188.07,190.07,184.0,189.4,5689755.24
1753315200000,189.4,191.87,188.49,189.87,3200627.4
1753329600000,189.87,190.14,179.2,184.15,10703871.33
1753344000000,184.15,186.94,182.92,186.38,5424690.28
1753358400000,186.37,191.7,183.34,188.47,7879903.74
1753372800000,188.48,190.0,184.77,187.94,4985067.61
1753387200000,187.93,189.02,181.92,182.8,3765860.11
1753401600000,182.81,183.48,175.5,177.64,7496276.01
1753416000000,177.63,179.7,175.8,177.43,5337220.66
1753430400000,177.44,182.03,176.75,181.03,5091459.76
1753444800000,181.02,181.84,176.14,178.13,6394387.61
1753459200000,178.13,182.83,177.39,182.12,3800509.13
1753473600000,182.12,186.79,182.02,186.69,2571938.46
1753488000000,186.69,186.9,184.44,185.96,2128665.64
1753502400000,185.96,187.14,185.6,186.41,1186495.24
1753516800000,186.41,189.75,186.41,187.69,3295328.76
1753531200000,187.69,188.44,185.96,187.5,2452557.04
1753545600000,187.5,187.77,184.99,186.38,2057246.74
1753560000000,186.38,186.75,184.19,184.82,1699960.32
1753574400000,184.82,187.6,184.47,187.14,1693205.58
1753588800000,187.15,188.3,186.53,187.15,1601750.71
1753603200000,187.15,188.53,186.11,186.94,2174609.76
1753617600000,186.95,187.3,184.8,186.38,2352921.04
1753632000000,186.38,189.7,185.87,186.89,3944361.47
1753646400000,186.89,190.67,186.27,188.55,2729995.47
1753660800000,188.56,193.79,187.55,193.29,4464745.12
1753675200000,193.29,195.32,191.56,192.29,3801510.27
1753689600000,192.29,193.31,190.6,191.96,2364388.41
1753704000000,191.96,193.49,186.48,187.14,6528034.26
1753718400000,187.13,187.95,183.36,185.2,5451678.0
1753732800000,185.21,185.49,182.06,183.03,3330102.82
1753747200000,183.03,184.66,180.5,184.27,3828230.43
1753761600000,184.27,186.5,183.13,185.96,2617524.62
1753776000000,185.96,186.44,182.16,182.83,2487943.54
1753790400000,182.84,184.93,179.1,180.71,5930677.3
1753804800000,180.7,182.33,178.18,181.0,4002943.32
1753819200000,180.99,181.9,179.2,181.39,2133501.07
1753833600000,181.38,182.29,178.71,181.6,2369496.52
1753848000000,181.6,182.48,179.23,180.74,2396470.92
1753862400000,180.74,181.44,176.31,177.21,4235567.1
1753876800000,177.2,180.5,176.56,179.12,4404392.3
1753891200000,179.11,180.09,170.0,176.03,7617226.57
1753905600000,176.03,178.0,174.67,177.68,2685025.7
1753920000000,177.67,180.47,177.52,180.23,1993411.91
1753934400000,180.22,181.55,179.69,181.15,1662801.61
1753948800000,181.16,182.66,180.13,180.66,2239364.42
1753963200000,180.66,180.83,175.14,177.21,5963694.14
1753977600000,177.22,179.7,174.66,175.22,4469528.22
1753992000000,175.22,175.66,171.36,172.15,4472469.06
1754006400000,172.15,172.19,167.24,171.02,6518611.59
1754020800000,171.03,171.03,167.86,169.33,3899370.0
1754035200000,169.33,169.33,166.0,169.1,4472684.41
1754049600000,169.1,170.28,164.42,168.5,7708660.38
1754064000000,168.5,169.7,164.9,166.41,5409268.03
1754078400000,166.4,166.78,159.02,162.61,6951646.32
1754092800000,162.61,164.95,162.45,164.31,2037891.55
1754107200000,164.3,165.19,161.73,164.37,2356287.55
1754121600000,164.37,165.03,162.13,164.4,2600398.67
1754136000000,164.39,164.88,160.95,161.45,2812795.75
1754150400000,161.45,162.13,155.72,157.34,7505974.14
1754164800000,157.34,159.7,156.91,158.4,2971993.23
1754179200000,158.4,160.98,156.17,160.74,2936444.79
1754193600000,160.74,161.49,159.9,161.25,1393117.4
1754208000000,161.26,162.78,160.58,161.37,1874271.98
1754222400000,161.37,162.25,160.27,162.01,2544521.36
1754236800000,162.01,162.65,161.03,161.52,1906324.76
1754251200000,161.53,163.07,160.63,161.84,2137135.17
1754265600000,161.85,164.86,161.31,162.88,2884742.85
1754280000000,162.88,163.35,161.16,162.95,2103166.83
1754294400000,162.96,163.99,161.54,162.27,2253008.7
1754308800000,162.28,166.81,162.04,165.39,5496263.44
1754323200000,165.38,169.73,164.92,165.55,4779638.03
1754337600000,165.56,169.7,165.21,169.46,3304796.81
1754352000000,169.47,169.94,167.49,167.84,2669711.07
1754366400000,167.85,169.19,165.7,166.12,2646410.46
1754380800000,166.11,171.66,165.55,170.81,3716416.5
1754395200000,170.82,170.97,162.9,163.68,8510641.07
1754409600000,163.67,164.84,162.16,162.66,2990339.01
1754424000000,162.65,164.43,161.17,163.99,2132929.71
1754438400000,163.99,164.06,161.04,161.76,2023829.17
1754452800000,161.76,164.71,161.15,164.16,2300557.88
1754467200000,164.16,164.56,162.63,164.1,2140187.87
1754481600000,164.1,169.47,162.5,168.96,6131613.82
1754496000000,168.96,169.88,167.08,168.73,3306477.86
1754510400000,168.74,168.79,167.25,168.03,1175195.82
1754524800000,168.04,168.95,166.61,166.8,1951002.4
1754539200000,166.81,170.37,166.69,169.92,2124167.67
1754553600000,169.91,173.43,169.0,172.75,4730852.33
1754568000000,172.76,173.12,169.6,170.38,4526509.74
1754582400000,170.39,171.82,166.93,171.66,3950981.17
1754596800000,171.66,175.45,171.44,175.26,3306410.01
1754611200000,175.27,175.88,173.36,174.63,4162336.51
1754625600000,174.63,177.77,173.76,177.05,2552255.44
1754640000000,177.04,177.91,174.78,177.56,2955868.64
1754654400000,177.56,179.04,174.12,175.15,6295036.4
1754668800000,175.15,179.61,175.13,178.42,4673004.5
1754683200000,178.41,178.7,176.51,176.7,1605009.54
1754697600000,176.69,178.96,176.53,177.16,1628724.86
1754712000000,177.16,182.1,176.82,180.54,4759407.03
1754726400000,180.54,183.26,180.31,180.69,3217553.26
1754740800000,180.69,182.41,178.79,180.01,3688683.4
1754755200000,180.01,182.65,179.35,182.06,2392828.8
1754769600000,182.07,183.49,179.61,179.85,3100978.23
1754784000000,179.86,185.95,179.73,184.9,5087007.8
1754798400000,184.91,186.13,177.69,178.86,5437285.45
1754812800000,178.87,180.98,177.42,179.9,3555390.49
1754827200000,179.9,182.34,178.44,181.46,3398340.82
1754841600000,181.46,183.31,181.14,182.73,1864408.79
1754856000000,182.73,183.86,181.2,182.59,3508796.1
1754870400000,182.58,185.73,181.16,185.09,4678159.99
1754884800000,185.09,186.76,182.721,182.92,3559982.94
1754899200000,182.92,184.63,178.23,178.99,5235937.22
1754913600000,178.98,180.45,177.14,180.11,6775827.31
1754928000000,180.1,181.7,175.45,176.54,5040374.5
1754942400000,176.55,176.8,173.34,174.75,3439113.23
1754956800000,174.74,176.67,174.55,175.47,2404477.33
1754971200000,175.47,176.57,173.49,175.81,2806118.27
1754985600000,175.82,176.41,173.6,175.14,2459676.52
1755000000000,175.13,182.0,174.64,181.61,8345637.11
1755014400000,181.61,191.1,180.68,190.61,9925590.78
1755028800000,190.62,193.79,189.57,191.76,5944050.2
1755043200000,191.77,199.59,191.47,197.73,9715936.04
1755057600000,197.74,200.15,195.2,198.79,6128457.67
1755072000000,198.79,202.81,197.65,201.06,6635468.86
1755086400000,201.05,205.07,194.6,197.49,15188567.65
1755100800000,197.49,202.3,197.06,202.15,6054891.34
1755115200000,202.14,203.41,199.86,201.58,3863218.07
1755129600000,201.57,209.36,200.64,208.11,8273577.05
1755144000000,208.11,210.1,204.2,205.8,8158301.37
1755158400000,205.79,205.99,202.0,203.75,6766020.15
1755172800000,203.74,205.64,186.47,194.84,24328780.96
1755187200000,194.84,195.5,190.5,192.89,6865522.53
1755201600000,192.89,193.21,187.25,192.39,5227936.38
1755216000000,192.4,195.58,191.87,195.09,3669278.9
1755230400000,195.09,197.98,194.33,196.88,3825880.63
1755244800000,196.87,197.54,193.59,194.24,3457277.79
1755259200000,194.25,196.1,184.27,185.45,11874154.63
1755273600000,185.44,186.83,183.23,183.8,6742252.63
1755288000000,183.8,188.18,183.26,185.62,3589824.39
1755302400000,185.61,188.25,185.21,187.02,2705779.3
1755316800000,187.03,189.53,186.01,189.02,2752549.86
1755331200000,189.02,189.16,185.28,185.66,3274773.21
1755345600000,185.66,189.39,185.09,188.72,3667557.42
1755360000000,188.72,189.31,187.0,188.59,1852018.36
1755374400000,188.6,190.0,187.83,189.52,1385765.92
1755388800000,189.53,191.9,187.26,191.54,3332169.06
1755403200000,191.53,193.44,191.22,191.79,2972831.89
1755417600000,191.8,193.57,191.43,193.46,3272473.75
1755432000000,193.46,195.42,191.81,195.38,3323514.16
1755446400000,195.38,195.75,190.34,191.13,4180484.49
1755460800000,191.12,193.34,190.78,190.92,2205638.45
1755475200000,190.92,191.26,181.71,182.56,7726678.34
1755489600000,182.57,183.39,180.12,180.54,5454053.12
1755504000000,180.53,181.9,179.84,181.24,3438177.86
1755518400000,181.24,183.23,180.39,182.98,4731013.29
1755532800000,182.99,185.6,181.66,183.08,4292453.73
1755547200000,183.08,184.9,181.97,182.84,2516069.52
1755561600000,182.84,185.79,178.07,178.47,5290414.55
1755576000000,178.46,180.5,177.25,180.04,3573413.46
1755590400000,180.05,182.77,179.0,182.57,2775602.06
1755604800000,182.57,183.37,177.32,177.9,7427084.12
1755619200000,177.9,178.73,175.57,176.64,5230882.41
1755633600000,176.65,179.44,175.76,176.13,2938377.69
1755648000000,176.12,181.4,175.92,180.42,4286724.28
1755662400000,180.42,181.72,179.75,180.45,2208230.67
1755676800000,180.46,182.23,178.25,180.21,3496556.17
1755691200000,180.2,185.0,177.44,182.95,8708446.45
1755705600000,182.94,187.9,182.5,187.53,6378451.14
1755720000000,187.52,187.91,185.75,187.9,2997682.6
1755734400000,187.89,190.08,185.45,188.36,5667729.49
1755748800000,188.35,188.64,185.8,186.93,3008433.32
1755763200000,186.93,186.98,183.36,183.95,3672321.22
1755777600000,183.94,186.36,181.35,181.57,7021626.5
1755792000000,181.58,182.81,179.82,180.06,4877556.74
1755806400000,180.06,181.81,179.33,180.25,2430452.11
1755820800000,180.24,183.46,179.9,181.67,3089031.77
1755835200000,181.67,184.29,181.65,183.88,2484616.66
1755849600000,183.88,185.0,179.5,179.54,3477485.93
1755864000000,179.55,195.39,177.14,193.45,20411381.17
1755878400000,193.46,199.74,193.45,198.96,9319401.82
1755892800000,198.97,202.5,198.37,200.68,5340502.43
1755907200000,200.68,200.83,195.31,198.19,4822361.83
1755921600000,198.2,208.82,198.12,205.29,9663442.65
1755936000000,205.3,205.76,201.64,202.08,4940065.75
1755950400000,202.09,203.91,200.65,202.69,4863042.98
1755964800000,202.68,204.66,202.22,204.17,2339458.72
1755979200000,204.17,205.0,202.89,204.21,1701223.08
1755993600000,204.22,212.22,204.21,209.21,7663316.85
1756008000000,209.2,210.9,206.72,206.79,4813999.62
1756022400000,206.79,209.16,203.48,204.62,5531417.65
1756036800000,204.63,209.48,203.67,205.74,5940118.98
1756051200000,205.73,212.1,201.37,205.11,11295921.6
1756065600000,205.11,207.28,201.01,206.09,7601206.52
1756080000000,206.09,213.66,202.32,209.37,10056518.19
1756094400000,209.37,209.82,198.5,199.86,10388446.85
1756108800000,199.86,200.88,195.0,197.54,8900968.32
1756123200000,197.53,199.44,195.54,196.49,8367438.7
1756137600000,196.5,198.3,190.92,191.42,6566476.26
1756152000000,191.42,192.06,185.12,187.09,8931057.18
1756166400000,187.08,189.22,185.44,186.84,5285698.16
1756180800000,186.84,189.85,186.84,188.81,3734313.44
1756195200000,188.8,190.26,186.54,187.87,3453898.31
1756209600000,187.88,192.47,187.06,190.68,9092573.71
1756224000000,190.68,197.55,190.5,197.37,5157203.37
1756238400000,197.36,198.07,195.31,195.77,3313662.96
1756252800000,195.78,202.88,193.71,201.91,6275840.41
1756267200000,201.9,205.86,200.73,202.37,7449298.74
1756281600000,202.38,205.37,201.49,204.95,4861373.99
1756296000000,204.94,209.43,202.48,208.6,9230917.84
1756310400000,208.61,212.11,205.95,206.38,8238391.94
1756324800000,206.38,209.42,202.5,202.94,11243272.5
1756339200000,202.94,208.28,201.66,208.07,5626600.66
1756353600000,208.07,213.36,207.39,213.04,7686702.24
1756368000000,213.03,216.49,211.34,213.07,7697607.65
1756382400000,213.08,216.87,210.1,210.99,12189897.96
1756396800000,210.99,213.91,207.03,209.88,8219044.06
1756411200000,209.88,215.73,209.56,214.29,4494568.16
1756425600000,214.3,217.95,212.0,216.77,7769652.72
1756440000000,216.76,217.86,207.73,208.73,9926031.01
1756454400000,208.73,209.96,205.24,207.55,8379348.3
1756468800000,207.55,215.0,203.67,204.33,15496186.27
1756483200000,204.34,205.4,201.22,202.87,8212949.94
1756497600000,202.87,205.42,199.74,204.98,5268544.12
1756512000000,204.97,206.57,200.6,205.52,5396714.53
1756526400000,205.52,206.99,204.3,205.0,3509025.82
1756540800000,205.0,205.46,201.53,202.52,3723016.54
1756555200000,202.52,202.61,197.43,200.94,6381014.86
1756569600000,200.95,201.51,199.64,201.16,2370504.74
1756584000000,201.16,203.21,199.62,202.59,2068069.07
1756598400000,202.59,206.64,202.58,205.48,4436602.18
1756612800000,205.48,205.57,202.66,203.44,2540429.87
1756627200000,203.44,205.77,202.06,203.55,3178529.23
1756641600000,203.56,204.8,201.39,204.48,3684150.02
1756656000000,204.49,205.97,203.59,204.53,2590887.42
1756670400000,204.53,205.72,200.2,200.57,3089630.17
1756684800000,200.57,202.43,195.81,198.3,7848228.5
1756699200000,198.3,202.85,196.55,202.84,5266187.51
1756713600000,202.83,204.45,198.23,199.29,5548932.59
1756728000000,199.3,201.08,197.55,198.26,3803786.5
1756742400000,198.25,200.09,197.2,200.08,2758253.03
1756756800000,200.08,200.1,194.06,197.22,5748985.94
1756771200000,197.21,203.3,196.67,201.78,5058166.91
1756785600000,201.79,204.37,201.33,202.03,3965693.28
1756800000000,202.03,204.36,201.6,201.9,3637742.4
1756814400000,201.9,205.06,197.25,200.2,12267267.48
1756828800000,200.19,206.99,199.37,205.44,7253600.52
1756843200000,205.44,209.59,204.82,209.54,4291923.88
1756857600000,209.54,211.91,207.29,209.94,6187919.22
1756872000000,209.93,210.39,207.84,209.25,3107736.79
1756886400000,209.25,211.26,208.03,210.25,3939931.98
1756900800000,210.26,212.95,208.68,211.27,7018279.67
1756915200000,211.26,211.88,208.72,210.29,3092875.69
1756929600000,210.29,210.86,208.28,210.65,2033112.01
1756944000000,210.65,211.87,207.36,208.1,3430198.84
1756958400000,208.09,208.45,205.56,206.55,3374051.91
1756972800000,206.56,208.69,206.47,207.12,2522833.38
1756987200000,207.12,208.41,203.28,203.71,6328381.89
1757001600000,203.68,205.08,201.7,202.03,3613024.75
1757016000000,202.02,204.78,201.8,202.23,2954539.14
1757030400000,202.22,203.99,200.8,203.46,2963343.7
1757044800000,203.47,208.36,202.92,207.77,3908984.01
1757059200000,207.77,207.88,204.43,206.55,3850874.96
1757073600000,206.55,209.95,201.5,203.43,13031945.74
1757088000000,203.44,205.48,201.81,205.36,3634720.78
1757102400000,205.36,205.65,202.6,203.3,2318085.47
1757116800000,203.29,204.6,203.05,203.98,1198951.72
1757131200000,203.99,203.99,202.02,202.92,1427735.05
1757145600000,202.92,203.48,201.8,202.29,1365553.28
1757160000000,202.3,202.79,200.82,201.15,1981589.21
1757174400000,201.15,202.27,199.13,199.65,3163880.68
1757188800000,199.64,201.13,199.61,200.06,1557878.22
1757203200000,200.06,203.17,200.0,202.76,2192723.44
1757217600000,202.76,203.23,202.14,202.9,1149841.11
1757232000000,202.9,203.9,202.65,203.87,1730195.26
1757246400000,203.87,205.45,203.0,205.09,2193115.19
1757260800000,205.08,205.41,201.36,202.98,3090562.48
1757275200000,202.98,207.93,202.5,206.29,4119007.6
1757289600000,206.28,208.95,205.53,207.56,3441384.06
1757304000000,207.56,208.83,206.54,207.85,2889497.69
1757318400000,207.85,215.78,207.31,214.21,8703367.76
1757332800000,214.22,216.63,212.92,214.97,6506432.73
1757347200000,214.97,216.97,213.77,216.03,5094619.17
1757361600000,216.03,216.12,213.42,214.02,2470795.73
1757376000000,214.02,214.83,210.8,214.52,4120823.94
1757390400000,214.53,219.74,213.87,219.2,6375836.67
1757404800000,219.2,219.47,216.9,217.19,2927985.06
1757419200000,217.19,218.47,211.66,212.98,8993490.13
1757433600000,212.98,216.92,212.9,216.26,3866701.31
1757448000000,216.25,217.7,214.88,217.11,2480412.91
1757462400000,217.11,219.58,215.02,219.13,4415527.56
1757476800000,219.13,222.87,217.74,222.15,5090672.88
1757491200000,222.14,222.4,218.72,220.15,4540617.62
1757505600000,220.14,225.95,219.63,223.05,9605994.84
1757520000000,223.04,224.1,220.42,221.14,3728388.08
1757534400000,221.14,224.59,220.83,223.94,2066075.77
1757548800000,223.94,225.47,222.8,224.04,3043857.5
1757563200000,224.05,224.17,221.59,223.08,3301784.4
1757577600000,223.09,225.75,222.17,224.94,3863099.23
1757592000000,224.93,229.0,222.0,226.69,11059029.22
1757606400000,226.69,228.29,225.15,226.51,3800886.4
1757620800000,226.51,228.85,225.32,228.62,2685124.35
1757635200000,228.61,235.72,228.0,234.95,7259944.87
1757649600000,234.96,239.69,234.06,237.24,7177133.25
1757664000000,237.24,239.43,236.59,239.03,3646319.58
1757678400000,239.03,241.76,237.46,239.2,7310385.27
1757692800000,239.21,241.4,237.85,240.87,4567692.78
1757707200000,240.86,244.0,238.2,242.07,5299184.04
1757721600000,242.07,244.0,240.56,243.49,3682100.17
1757736000000,243.49,243.61,241.14,242.34,2198822.56
1757750400000,242.35,243.68,241.13,241.79,2463478.52
1757764800000,241.79,243.02,237.69,239.38,5111592.12
1757779200000,239.38,239.62,235.54,238.84,4346000.13
1757793600000,238.83,243.1,238.71,242.25,2292441.25
1757808000000,242.24,249.55,242.06,246.81,6011550.74
1757822400000,246.8,248.27,244.38,246.26,3310394.38
1757836800000,246.26,247.97,245.43,245.99,2387051.27
1757851200000,245.99,246.69,241.42,243.7,5468480.31
1757865600000,243.7,248.36,241.95,242.4,4609749.5
1757880000000,242.4,244.6,239.07,239.63,3811344.89
1757894400000,239.62,243.3,239.0,242.51,3248351.83
1757908800000,242.51,243.92,236.0,237.87,4589677.61
1757923200000,237.87,238.0,231.5,236.33,8891898.81
1757937600000,236.32,238.05,231.82,232.88,6996154.99
1757952000000,232.88,234.58,230.02,232.9,4678946.04
1757966400000,232.9,235.35,232.66,234.18,1883216.36
1757980800000,234.19,235.73,232.74,234.99,2616506.38
1757995200000,234.99,236.93,232.83,235.68,3070375.39
1758009600000,235.68,236.82,234.63,235.29,2001236.74
1758024000000,235.28,237.97,231.18,237.66,6148569.87
1758038400000,237.66,240.87,236.11,237.69,5942791.05
1758052800000,237.69,238.87,236.35,236.86,1658095.1
1758067200000,236.86,237.75,233.74,233.99,2939447.3
1758081600000,233.99,238.02,233.01,237.63,3309035.59
1758096000000,237.62,237.64,233.56,234.1,3030135.56
1758110400000,234.09,235.89,233.44,233.79,2760634.65
1758124800000,233.79,239.0,231.53,238.62,11490824.92
1758139200000,238.62,246.55,235.87,244.75,6829414.88
1758153600000,244.74,247.78,244.0,246.62,3799254.4
1758168000000,246.62,246.96,242.48,244.65,3370216.49
1758182400000,244.65,247.2,244.25,245.84,2852278.14
1758196800000,245.84,248.93,244.83,248.12,5468520.82
1758211200000,248.11,253.49,247.25,248.25,6791717.45
1758225600000,248.24,249.09,245.77,247.34,2397094.37
1758240000000,247.35,248.42,244.59,244.93,2542950.05
1758254400000,244.93,245.65,242.76,243.7,3444246.46
1758268800000,243.69,244.77,240.1,240.84,3218925.18
1758283200000,240.84,242.59,235.68,237.37,7189472.71
1758297600000,237.37,238.74,234.97,235.85,3703970.22
1758312000000,235.85,238.74,235.84,238.4,1818613.04
1758326400000,238.39,239.9,237.23,237.96,1834590.38
1758340800000,237.96,239.68,237.62,239.64,1307602.42
1758355200000,239.63,239.63,236.72,238.03,1571851.7
1758369600000,238.03,241.13,236.91,240.0,2160576.15
1758384000000,240.0,240.99,237.84,238.51,1777519.82
1758398400000,238.51,240.19,238.32,239.38,892167.16
1758412800000,239.37,241.7,238.83,241.69,1370138.65
1758427200000,241.69,241.73,239.29,239.75,1270131.0
1758441600000,239.75,239.98,236.99,238.51,2060208.43
1758456000000,238.52,240.19,237.54,237.78,1697483.18
1758470400000,237.77,238.27,235.89,237.88,2048940.26
1758484800000,237.88,238.0,235.22,236.05,1576733.79
1758499200000,236.04,236.87,230.38,232.72,6955310.06
1758513600000,232.71,233.09,212.29,221.81,11605386.29
1758528000000,221.82,222.68,219.22,221.36,5603691.34
1758542400000,221.35,223.91,219.82,220.63,4821919.17
1758556800000,220.63,221.4,215.98,217.03,5564112.32
1758571200000,217.02,220.98,216.34,220.28,2449650.6
1758585600000,220.28,221.28,212.28,216.84,6177494.56
1758600000000,216.84,220.26,213.87,218.86,4329774.33
1758614400000,218.87,220.73,217.75,219.22,2422179.02
1758628800000,219.21,220.58,216.86,219.17,4164918.54
1758643200000,219.16,221.66,214.22,214.41,4515276.42
1758657600000,214.41,216.63,213.1,213.18,2579769.03
1758672000000,213.18,216.35,207.0,208.37,7075635.49
1758686400000,208.37,211.33,204.73,210.54,6995202.92
1758700800000,210.54,212.5,209.7,212.23,2918373.24
1758715200000,212.23,216.15,211.33,213.47,5196481.78
1758729600000,213.47,215.34,212.27,213.05,2594372.36
1758744000000,213.05,213.1,210.59,211.45,2070852.27
1758758400000,211.44,212.33,205.84,207.16,6364834.79
1758772800000,207.15,207.47,202.6,204.1,6381641.07
1758787200000,204.09,205.8,200.47,201.26,6172744.5
1758801600000,201.26,204.08,196.4,201.04,10521498.91
1758816000000,201.05,201.94,193.43,198.06,11081749.46
1758830400000,198.06,198.63,191.12,192.6,5030877.78
1758844800000,192.6,197.46,192.44,196.39,5211997.57
1758859200000,196.39,197.32,193.64,196.22,4185231.93
1758873600000,196.22,196.91,190.72,193.36,4704736.7
1758888000000,193.35,198.18,192.03,195.92,7444105.11
1758902400000,195.92,202.48,195.69,200.54,6638086.17
1758916800000,200.54,205.34,199.41,205.01,3694843.25
1758931200000,205.0,205.3,203.47,203.81,2401642.68
1758945600000,203.81,204.03,201.41,201.97,1983658.97
1758960000000,201.97,202.13,199.77,201.6,2400936.8
1758974400000,201.6,203.66,200.85,203.42,2370951.13
1758988800000,203.41,203.5,200.75,202.1,1842179.87
1759003200000,202.09,204.84,201.79,203.32,1462571.37
1759017600000,203.33,203.96,200.66,201.29,1895795.46
1759032000000,201.28,202.37,200.26,202.0,1529151.79
1759046400000,202.0,202.64,199.13,199.75,2294659.22
1759060800000,199.76,203.46,197.85,203.33,3518931.23
1759075200000,203.33,206.58,203.13,206.09,3140075.25
1759089600000,206.09,210.88,205.92,210.7,3556735.1
1759104000000,210.7,210.79,208.71,210.19,2874093.89
1759118400000,210.19,210.6,207.26,208.85,2530900.6
1759132800000,208.85,209.6,205.89,206.98,2704176.54
1759147200000,206.97,213.4,204.46,209.96,8469985.4
1759161600000,209.97,213.39,207.51,212.82,3768757.43
1759176000000,212.82,214.68,212.31,212.59,2839415.09
1759190400000,212.59,213.52,209.63,210.54,4066890.21
1759204800000,210.54,211.57,208.4,208.9,2152186.81
1759219200000,208.9,208.9,205.44,206.93,3708501.32
1759233600000,206.93,209.58,204.39,205.92,5607712.84
1759248000000,205.91,209.12,204.17,208.81,3312045.25
1759262400000,208.81,210.89,207.31,208.6,3169471.6
1759276800000,208.61,210.83,206.31,206.64,3377744.65
1759291200000,206.63,210.26,206.26,210.06,2808176.06
1759305600000,210.05,217.89,209.75,217.64,7238078.79
1759320000000,217.64,220.54,217.05,220.13,5685020.77
1759334400000,220.13,220.89,217.26,219.96,3634136.66
1759348800000,219.96,222.69,218.34,221.91,2200574.2
1759363200000,221.92,224.97,219.38,223.65,4541895.4
1759377600000,223.65,226.89,222.3,222.81,3667998.69
1759392000000,222.82,226.5,222.56,225.11,2370464.71
1759406400000,225.12,227.34,222.53,227.1,6035972.42
1759420800000,227.09,233.62,226.11,232.12,5979842.85
1759435200000,232.11,234.91,230.67,234.6,3566802.46
1759449600000,234.61,234.77,230.4,232.14,3497635.0
1759464000000,232.15,233.14,227.42,229.33,3329051.02
1759478400000,229.33,231.7,227.75,230.68,3277575.4
1759492800000,230.69,234.88,227.0,234.67,5820606.33
1759507200000,234.67,236.88,227.72,233.1,9305538.5
1759521600000,233.1,233.9,230.62,232.74,1977876.44
1759536000000,232.74,233.98,227.76,229.11,3694837.39
1759550400000,229.11,230.43,228.63,229.0,1659803.25
1759564800000,229.0,229.81,228.08,229.08,1652144.46
1759579200000,229.08,229.72,224.0,224.78,4125015.63
1759593600000,224.8,226.91,224.06,226.8,2486617.59
1759608000000,226.8,228.19,226.78,227.72,1367233.41
1759622400000,227.72,232.19,226.38,230.8,4023079.94
1759636800000,230.79,236.9,230.79,236.48,5207528.66
1759651200000,236.49,237.24,230.62,232.52,5021556.15
1759665600000,232.52,232.54,228.21,230.02,2978931.7
1759680000000,230.03,231.35,226.58,226.96,3198652.35
1759694400000,226.96,229.15,226.57,228.45,1866761.43
1759708800000,228.45,233.19,227.4,232.12,4181635.84
1759723200000,232.12,234.77,230.05,231.23,3461973.68
1759737600000,231.24,234.05,231.24,232.89,2551575.61
1759752000000,232.9,236.62,232.55,235.56,5142604.54
1759766400000,235.55,237.74,233.95,235.22,3831992.46
1759780800000,235.23,236.03,231.32,232.27,3104576.44
1759795200000,232.27,233.88,230.79,233.81,2508011.57
1759809600000,233.81,235.17,229.13,230.88,3989728.72
1759824000000,230.88,231.53,228.1,230.31,3192612.15
1759838400000,230.31,231.5,221.27,223.65,10490585.58
1759852800000,223.66,225.17,220.5,221.55,5246825.23
1759867200000,221.55,224.12,219.57,219.84,2722094.02
1759881600000,219.84,222.69,217.82,218.2,3529744.87
1759896000000,218.2,220.88,217.2,220.85,2492236.35
1759910400000,220.85,222.52,220.51,221.04,2552172.09
1759924800000,221.04,224.09,218.72,221.08,4859882.3
1759939200000,221.09,229.69,220.57,229.23,5833381.48
1759953600000,229.22,229.64,227.35,228.95,1987158.94
1759968000000,228.96,229.61,223.76,226.1,4065203.24
1759982400000,226.1,228.67,224.04,224.38,3108497.95
1759996800000,224.39,224.72,219.25,223.0,5445302.86
1760011200000,223.0,226.2,218.56,219.01,7395903.62
1760025600000,219.01,220.06,216.17,218.18,4521853.94
1760040000000,218.18,221.55,217.46,220.8,2088081.87
1760054400000,220.81,222.79,219.42,221.54,2649939.74
1760068800000,221.54,222.79,217.77,217.98,2909747.07
1760083200000,217.99,221.48,217.24,221.06,2695137.38
1760097600000,221.06,224.35,208.74,210.58,12984140.93
1760112000000,210.57,212.85,203.14,205.16,9158093.3
1760126400000,205.16,207.61,141.28,187.65,31939402.72
1760140800000,187.66,190.64,182.0,184.0,8905621.34
1760155200000,184.01,186.24,179.21,182.57,6293516.23
1760169600000,182.57,187.8,181.21,183.34,5734659.18
1760184000000,183.33,184.85,180.18,183.59,5636790.02
1760198400000,183.58,184.5,176.18,177.25,5253563.2
1760212800000,177.26,178.42,172.32,177.22,6215260.74
1760227200000,177.23,178.37,172.6,176.79,5782752.29
1760241600000,176.79,182.81,176.32,182.31,7525497.58
1760256000000,182.31,182.5,180.05,180.75,6318107.21
1760270400000,180.75,191.61,178.02,190.96,16013386.2
1760284800000,190.96,196.36,190.96,195.66,9227821.73
1760299200000,195.66,198.83,192.86,196.88,5945694.66
1760313600000,196.88,199.88,194.12,194.63,7106023.24
1760328000000,194.63,199.44,192.75,196.62,7887020.85
1760342400000,196.62,198.5,190.0,192.48,8894494.74
1760356800000,192.47,197.6,191.21,196.32,13431487.29
1760371200000,196.32,208.65,196.12,206.99,12733869.91
1760385600000,206.99,209.22,206.68,208.57,4020932.4
1760400000000,208.58,211.29,204.85,205.62,7377870.56
1760414400000,205.61,205.76,192.0,194.34,13030106.64
1760428800000,194.35,197.43,190.95,195.22,9123770.18
1760443200000,195.22,202.52,191.4,202.06,10919570.02
1760457600000,202.06,206.44,196.93,198.41,10755111.2
1760472000000,198.41,203.32,198.02,202.34,2480056.02
1760486400000,202.35,205.76,200.79,201.56,3889469.17
1760500800000,201.56,205.3,200.37,204.56,3505202.36
1760515200000,204.55,208.85,201.91,202.48,5300180.09
1760529600000,202.48,204.84,196.11,197.07,8824311.35
1760544000000,197.06,198.67,194.07,194.69,4681112.98
1760558400000,194.7,196.5,191.91,193.73,3902296.15
1760572800000,193.73,196.12,193.03,193.52,2524903.47
1760587200000,193.52,195.49,191.08,192.79,3230575.19
1760601600000,192.79,197.09,184.77,196.7,7477696.3
1760616000000,196.7,198.34,186.43,187.49,8797401.45
1760630400000,187.5,192.22,183.25,184.9,8682227.19
1760644800000,184.91,186.0,181.93,184.76,3908515.9
1760659200000,184.76,187.43,184.17,187.02,3161023.94
1760673600000,187.02,187.39,177.26,177.7,7795468.19
1760688000000,177.7,182.63,174.0,181.36,11264903.34
1760702400000,181.36,182.74,176.16,182.65,8584467.98
1760716800000,182.64,185.31,181.29,181.86,5029810.86
1760731200000,181.86,186.0,181.35,181.89,2361310.64
1760745600000,181.89,185.44,181.66,184.73,2198653.68
1760760000000,184.72,188.21,183.01,186.17,3017192.5
1760774400000,186.17,187.06,184.27,186.02,2289496.19
1760788800000,186.02,187.28,183.87,184.93,2388861.86
1760803200000,184.93,186.37,183.23,186.29,2029262.23
1760817600000,186.28,187.78,185.81,187.47,1350859.15
1760832000000,187.47,187.79,184.8,186.95,1874583.28
1760846400000,186.95,187.62,185.07,185.82,1472489.31
1760860800000,185.82,189.99,183.06,188.92,5720822.26
1760875200000,188.92,191.65,188.04,190.66,3333558.18
1760889600000,190.66,192.15,188.24,188.81,2677046.18
1760904000000,188.8,190.06,186.77,187.78,2049258.71
1760918400000,187.78,191.7,183.68,191.14,4789229.1
1760932800000,191.14,194.44,190.52,192.93,3655148.14
1760947200000,192.92,194.1,190.89,192.11,2875433.92
1760961600000,192.11,192.94,190.31,190.4,3624672.55
1760976000000,190.4,190.44,185.48,188.71,5275933.03
1760990400000,188.7,191.07,188.13,189.63,1996264.01
1761004800000,189.63,190.15,185.15,185.46,3084258.15
1761019200000,185.46,185.56,182.65,184.88,4182829.73
1761033600000,184.87,186.65,183.64,186.18,2465443.31
1761048000000,186.17,197.13,183.84,196.18,8972418.02
1761062400000,196.17,197.69,192.01,193.93,6606890.61
1761076800000,193.93,194.16,185.01,185.54,4626353.21
1761091200000,185.53,187.36,184.03,185.15,4145234.33
1761105600000,185.14,186.21,183.13,184.9,2874570.06
1761120000000,184.89,185.87,181.44,184.95,3748682.13
1761134400000,184.95,186.92,181.13,183.91,7521300.39
1761148800000,183.91,184.93,177.0,180.1,5759885.21
1761163200000,180.09,180.69,176.85,180.01,4069799.35
1761177600000,180.0,183.29,179.54,182.76,2362646.59
1761192000000,182.77,187.94,182.57,187.4,3317747.55
1761206400000,187.41,189.47,187.38,187.92,3605447.73
1761220800000,187.93,192.52,186.5,190.98,6993195.02
1761235200000,190.98,193.44,189.99,191.02,3937539.77
1761249600000,191.02,191.44,188.2,191.27,2521415.8
1761264000000,191.27,194.0,190.75,191.24,2951264.73
1761278400000,191.24,194.59,190.69,192.1,2959671.21
1761292800000,192.09,193.39,190.5,192.02,2038099.16
1761307200000,192.03,196.8,188.67,189.3,7299370.84
1761321600000,189.31,193.54,188.66,192.99,2599326.89
1761336000000,193.0,194.11,192.71,193.5,1236858.01
1761350400000,193.49,194.49,192.35,193.4,1373896.84
1761364800000,193.39,194.86,193.35,193.87,1267415.41
1761379200000,193.87,195.18,191.0,192.63,2311049.98
1761393600000,192.62,194.16,191.7,191.8,1610378.36
1761408000000,191.79,194.56,191.33,194.42,1497298.99
1761422400000,194.43,194.85,193.65,193.72,1155857.19
1761436800000,193.71,194.28,191.75,192.88,1352213.66
1761451200000,192.88,194.23,192.63,193.79,902162.08
1761465600000,193.8,197.84,193.6,197.69,3400361.37
1761480000000,197.68,199.83,196.82,199.41,3629803.83
1761494400000,199.42,199.6,198.0,198.81,1797444.45
1761508800000,198.8,202.55,196.74,199.93,3772157.23
1761523200000,199.92,205.02,199.38,204.25,3900365.56
1761537600000,204.25,205.3,202.15,202.43,2638625.27
1761552000000,202.43,202.48,198.01,200.08,3918027.05
1761566400000,200.08,200.49,198.18,199.99,3026695.82
1761580800000,200.0,203.19,199.67,199.92,3645220.28
1761595200000,199.92,200.13,197.23,198.61,2398094.02
1761609600000,198.6,201.98,198.32,201.2,3109802.16
1761624000000,201.21,202.94,198.5,202.25,3214131.59
1761638400000,202.24,203.89,199.1,199.6,3151262.21
1761652800000,199.59,202.95,196.5,198.73,8008117.73
1761667200000,198.74,201.19,194.13,195.24,5265007.39
1761681600000,195.24,195.25,190.02,194.05,6298415.36
1761696000000,194.04,195.0,192.58,193.81,2466194.8
1761710400000,193.81,195.99,193.66,195.52,1649321.86
1761724800000,195.53,199.3,193.68,198.65,3450649.03
1761739200000,198.65,201.66,196.29,196.71,6250656.94
1761753600000,196.72,198.71,188.88,192.62,12600778.02
1761768000000,192.62,196.98,191.76,193.81,3575703.79
1761782400000,193.8,198.1,192.04,197.01,3435767.02
1761796800000,197.0,197.08,190.21,195.69,7318097.14
1761811200000,195.69,196.05,190.94,191.75,3786170.27
1761825600000,191.75,191.96,184.3,184.95,9821289.66
1761840000000,184.94,186.2,178.5,178.92,7531511.69
1761854400000,178.92,184.59,178.64,184.55,4693089.71
1761868800000,184.55,186.8,183.57,185.05,3674316.93
1761883200000,185.05,186.95,184.63,185.23,2393559.49
1761897600000,185.23,189.19,184.44,188.81,3030856.85
1761912000000,188.81,190.26,185.83,188.02,5496623.85
1761926400000,188.02,188.96,184.22,188.3,5035129.03
1761940800000,188.3,188.76,186.42,187.13,1790165.6
1761955200000,187.12,187.4,185.37,187.12,1446785.05
1761969600000,187.12,187.47,184.81,185.71,1355917.76
1761984000000,185.7,186.66,185.15,186.09,1265769.63
1761998400000,186.1,186.55,183.58,186.28,2532219.65
1762012800000,186.29,187.0,184.77,186.18,1773544.13
1762027200000,186.18,186.87,184.86,186.29,1037874.01
1762041600000,186.28,186.3,184.55,185.18,1409308.89
1762056000000,185.18,188.27,184.91,187.64,2232407.39
1762070400000,187.64,187.85,184.29,186.04,2790703.09
1762084800000,186.04,186.41,183.26,183.67,2539872.33
1762099200000,183.67,184.56,181.91,183.93,2563306.57
1762113600000,183.92,188.03,183.48,187.65,1947819.41
1762128000000,187.64,189.1,176.5,177.42,7242605.25
1762142400000,177.42,178.62,174.09,176.38,5706745.35
1762156800000,176.37,176.83,173.1,175.2,4097654.53
1762171200000,175.2,176.83,164.0,166.73,11819743.75
1762185600000,166.74,170.9,165.53,166.64,7002819.77
1762200000000,166.65,167.14,163.12,165.95,5110164.56
1762214400000,165.96,168.28,164.1,167.53,3533720.3
1762228800000,167.53,168.0,155.81,157.0,11185848.43
1762243200000,157.01,162.27,156.32,161.63,5866878.25
1762257600000,161.63,165.24,159.24,161.39,8531127.0
1762272000000,161.39,162.3,152.15,154.55,12795733.82
1762286400000,154.55,155.87,145.67,154.94,13324229.73
1762300800000,154.95,157.34,147.2,156.84,8962885.29
1762315200000,156.84,158.48,155.6,156.41,3438050.46
1762329600000,156.41,157.55,153.61,157.37,4009850.32
1762344000000,157.37,160.43,156.66,160.36,6013724.33
1762358400000,160.37,163.82,158.41,162.41,4735578.52
1762372800000,162.4,163.88,161.02,162.28,2629020.43
1762387200000,162.29,162.87,159.62,162.37,3098518.5
1762401600000,162.38,162.69,158.13,158.74,2770905.13
1762416000000,158.74,159.85,157.59,158.79,2390632.5
1762430400000,158.78,161.48,155.31,155.83,6916964.86
1762444800000,155.83,158.58,153.75,156.8,4958733.57
1762459200000,156.8,157.72,153.34,155.2,2858117.53
1762473600000,155.2,158.52,154.11,156.79,3342827.2
1762488000000,156.79,158.2,155.18,157.69,2171514.3
1762502400000,157.69,158.1,151.58,153.77,4641930.53
1762516800000,153.78,156.21,149.69,155.31,7532112.94
1762531200000,155.31,164.4,154.29,164.08,6388067.44
1762545600000,164.08,164.32,161.5,161.72,2887405.67
1762560000000,161.72,164.82,160.55,162.42,3003015.15
1762574400000,162.43,163.63,159.48,160.96,2524787.32
1762588800000,160.95,162.29,159.03,159.29,2008793.45
1762603200000,159.3,159.62,155.82,156.61,3091038.04
1762617600000,156.61,158.07,155.7,157.24,2291635.28
1762632000000,157.23,158.35,157.1,157.94,954952.96
1762646400000,157.94,158.25,155.01,155.82,1917865.53
1762660800000,155.81,159.48,155.78,159.17,1803298.74
1762675200000,159.17,159.82,157.17,158.97,2004341.97
1762689600000,158.97,163.93,158.51,162.45,5535304.42
1762704000000,162.44,166.24,161.15,166.08,3221782.65
1762718400000,166.09,166.55,163.85,164.45,3112101.77
1762732800000,164.46,168.68,163.35,167.99,4280208.74
1762747200000,168.0,168.84,166.22,167.27,2252792.2
1762761600000,167.27,169.72,166.01,168.2,2783648.57
1762776000000,168.21,170.4,165.06,166.17,4954659.06
1762790400000,166.17,168.39,165.12,167.13,2834048.73
1762804800000,167.12,168.34,164.71,167.24,2181703.32
1762819200000,167.24,171.87,165.91,169.84,4647830.94
1762833600000,169.84,170.0,163.16,163.88,5512701.9
1762848000000,163.88,164.87,162.38,163.56,2741898.87
1762862400000,163.57,164.27,160.0,160.81,4854352.01
1762876800000,160.82,161.17,157.32,157.5,3863323.56
1762891200000,157.51,157.79,153.8,154.5,3831662.7
1762905600000,154.51,155.48,153.44,154.45,3357570.73
1762920000000,154.45,156.47,154.08,154.91,2362896.73
1762934400000,154.91,161.0,154.91,159.91,3950513.25
1762948800000,159.91,160.98,155.15,155.66,6360823.65
1762963200000,155.65,156.17,151.06,152.95,7789777.2
1762977600000,152.95,154.6,152.45,153.32,2395813.08
1762992000000,153.32,155.77,150.29,154.27,4533316.46
1763006400000,154.27,157.159,153.31,155.22,3741767.43
1763020800000,155.23,156.44,153.79,156.19,2867006.42
1763035200000,156.19,156.86,152.15,153.05,6372436.38
1763049600000,153.05,153.32,141.93,142.64,11188895.26
1763064000000,142.65,146.1,140.94,144.62,7130942.98
1763078400000,144.63,145.6,142.62,144.2,3507387.36
1763092800000,144.21,144.42,138.48,142.77,8190166.32
1763107200000,142.77,143.13,139.74,140.69,4665767.55
1763121600000,140.69,143.72,135.67,142.16,12372332.21
1763136000000,142.17,144.2,140.5,143.07,5389744.24
1763150400000,143.08,143.17,137.13,138.83,3838842.62
1763164800000,138.84,143.3,138.66,142.46,2663699.43
1763179200000,142.46,143.51,141.75,142.67,1571020.96
1763193600000,142.66,142.76,139.85,140.11,2298934.83
1763208000000,140.11,142.19,139.9,141.64,1959617.17
1763222400000,141.63,144.64,140.71,141.7,2795090.08
1763236800000,141.69,141.9,138.51,139.55,2489613.15
1763251200000,139.54,141.42,137.28,141.32,2775855.14
1763265600000,141.32,142.44,140.63,142.22,1561738.91
1763280000000,142.23,143.33,139.45,139.87,3188097.42
1763294400000,139.87,140.79,137.03,137.36,3712423.59
1763308800000,137.36,138.47,134.3,136.79,7256773.27
1763323200000,136.79,138.12,134.74,137.12,4177767.01
1763337600000,137.12,140.6,136.02,140.21,3743046.49
1763352000000,140.22,141.8,139.61,141.26,2313973.99
1763366400000,141.26,142.74,140.86,141.8,3032663.66
1763380800000,141.8,143.3,136.69,137.06,10063661.14
1763395200000,137.06,137.11,129.3,129.58,11652819.92
1763409600000,129.58,131.88,128.7,130.9,5248155.26
1763424000000,130.9,135.19,128.9,134.45,7922169.53
1763438400000,134.46,137.76,132.43,136.83,7664320.16
1763452800000,136.84,139.06,136.36,137.79,4163070.66
1763467200000,137.79,142.08,136.75,139.63,7701426.25
1763481600000,139.64,142.07,138.67,141.38,5214100.85
1763496000000,141.38,142.06,139.58,140.61,2504281.69
1763510400000,140.61,142.75,139.2,139.7,3462597.08
1763524800000,139.7,141.05,137.04,140.49,4785958.45
1763539200000,140.49,140.96,138.3,138.49,2525004.72
1763553600000,138.49,139.13,134.29,134.51,6898473.39
1763568000000,134.51,135.37,130.44,131.64,7094052.43
1763582400000,131.64,136.98,131.26,136.96,5179027.9
1763596800000,136.95,144.4,136.26,143.12,7622875.63
1763611200000,143.12,144.78,142.13,143.74,3666929.9
1763625600000,143.73,143.91,141.04,142.05,2794878.98
1763640000000,142.05,143.44,138.24,138.51,7028440.94
1763654400000,138.52,138.7,131.03,133.82,15618593.92
1763668800000,133.83,136.59,132.53,133.6,6192593.33
1763683200000,133.61,134.99,131.0,132.55,5115590.0
1763697600000,132.55,133.05,121.02,127.43,10390122.01
1763712000000,127.44,129.33,123.71,124.24,11696215.84
1763726400000,124.24,129.5,121.55,125.34,15044931.93
1763740800000,125.34,130.54,123.5,128.05,10620448.87
1763755200000,128.04,129.28,125.0,128.61,5804336.24
1763769600000,128.6,129.87,126.74,127.07,3186456.1
1763784000000,127.06,128.32,125.23,127.65,3782344.09
1763798400000,127.65,127.67,125.17,126.61,3688487.0
1763812800000,126.61,127.79,125.0,127.06,3380231.24
1763827200000,127.06,128.55,126.7,127.12,2949015.44
1763841600000,127.13,128.84,126.01,127.5,2044678.56
1763856000000,127.5,130.74,127.48,129.86,2876041.78
1763870400000,129.86,131.84,128.01,128.78,3269148.36
1763884800000,128.78,131.12,128.73,129.66,2685108.18
1763899200000,129.66,133.12,129.57,132.82,4429632.41
1763913600000,132.82,133.38,130.75,132.3,3954308.82
1763928000000,132.3,133.5,130.4,130.51,2630990.7
1763942400000,130.52,134.37,129.22,133.37,5157844.69
1763956800000,133.37,133.87,130.1,130.2,4999558.11
1763971200000,130.2,130.65,128.34,129.56,3892538.25
1763985600000,129.55,132.55,128.43,131.89,5457553.98
1764000000000,131.88,137.94,131.77,137.19,7856760.49
1764014400000,137.19,139.78,137.19,138.38,3991045.04
1764028800000,138.38,138.95,137.17,137.73,2429584.29
1764043200000,137.73,138.91,136.23,136.28,2319571.69
1764057600000,136.27,136.75,134.66,136.18,3777413.86
1764072000000,136.19,136.9,133.0,134.75,6090300.33
1764086400000,134.75,137.94,134.12,136.61,5041188.34
1764100800000,136.61,140.45,135.89,138.9,3981098.98
1764115200000,138.9,140.62,137.84,138.11,2694199.04
1764129600000,138.11,139.9,137.66,139.84,2243586.59
1764144000000,139.84,139.89,136.07,136.77,4362233.49
1764158400000,136.76,138.27,135.42,136.59,8477369.49
1764172800000,136.6,144.7,136.37,143.94,8649129.74
1764187200000,143.95,144.16,142.43,142.95,2766209.86
1764201600000,142.95,144.02,142.0,142.45,2990957.87
1764216000000,142.46,144.22,142.22,143.67,1901517.0
1764230400000,143.67,143.83,141.41,141.98,2831757.2
1764244800000,141.98,142.48,140.62,142.07,2438161.67
1764259200000,142.07,143.14,141.33,142.62,2305567.21
1764273600000,142.62,142.81,140.34,140.77,1767467.41
1764288000000,140.77,141.37,138.5,139.58,2633369.19
1764302400000,139.58,140.46,138.87,138.88,1948978.28
1764316800000,138.88,142.57,138.84,140.89,3514222.22
1764331200000,140.9,143.56,140.34,141.59,5256204.92
1764345600000,141.59,141.64,135.87,137.43,6279120.78
1764360000000,137.43,138.22,136.54,137.28,1623149.89
1764374400000,137.28,137.81,136.64,136.77,1128969.68
1764388800000,136.77,137.68,136.21,137.22,1579588.4
1764403200000,137.23,137.42,136.34,137.27,1372474.94
1764417600000,137.27,137.61,136.39,137.49,1340928.66
1764432000000,137.5,137.99,134.61,135.63,2968273.9
1764446400000,135.63,136.45,135.26,135.84,1067143.45
1764460800000,135.85,136.77,135.18,136.35,1575364.51
1764475200000,136.36,136.93,135.44,136.44,1258613.78
1764489600000,136.44,137.04,136.05,136.37,1340962.43
1764504000000,136.37,140.15,136.12,138.29,4041784.9
1764518400000,138.28,139.79,137.32,137.58,2286282.96
1764532800000,137.58,137.89,133.16,133.38,3207379.11
1764547200000,133.37,133.66,126.45,126.89,8833868.76
1764561600000,126.89,127.37,125.73,127.33,3178704.43
1764576000000,127.32,127.93,126.78,127.05,2025582.64
1764590400000,127.05,127.66,123.05,125.05,9035853.03
1764604800000,125.06,125.28,123.19,123.8,4339223.19
1764619200000,123.79,127.32,123.75,126.57,3943307.95
1764633600000,126.57,128.48,125.95,127.21,3226720.85
1764648000000,127.21,127.8,126.36,127.18,1711876.9
1764662400000,127.17,128.78,125.89,128.23,2986511.44
1764676800000,128.23,141.5,128.09,137.79,11815381.6
1764691200000,137.79,140.86,137.32,140.23,6959302.08
1764705600000,140.23,140.37,138.16,138.65,3453881.18
1764720000000,138.65,140.62,137.71,140.29,3134792.09
1764734400000,140.29,144.22,140.13,141.82,4854962.13
1764748800000,141.83,142.64,140.66,141.66,2603269.01
1764763200000,141.65,143.47,138.61,140.92,6608245.11
1764777600000,140.93,142.35,139.79,141.23,3288394.31
1764792000000,141.22,146.04,140.67,144.62,5963518.45
1764806400000,144.62,146.87,143.59,144.58,3913219.78
1764820800000,144.59,144.85,142.56,143.38,2553466.39
1764835200000,143.39,144.15,142.63,142.99,1768957.29
1764849600000,142.99,144.22,141.38,143.14,4356017.7
1764864000000,143.13,143.8,137.7,139.6,4891743.7
1764878400000,139.6,140.45,138.43,138.96,2456115.94
1764892800000,138.95,140.21,138.21,138.47,2212564.23
1764907200000,138.47,140.72,137.71,139.62,2721937.7
1764921600000,139.62,139.62,136.05,136.95,4214402.84
1764936000000,136.95,137.17,134.32,134.96,5450165.25
1764950400000,134.95,135.16,130.5,132.4,6879796.81
1764964800000,132.41,133.29,131.88,133.22,1781942.66
1764979200000,133.22,134.07,132.71,133.65,1354849.14
1764993600000,133.65,133.67,132.46,132.65,1246236.16
1765008000000,132.66,133.22,131.79,133.14,1480158.22
1765022400000,133.13,133.93,132.13,132.8,2165858.16
1765036800000,132.81,133.49,131.67,132.01,1651014.88
1765051200000,132.01,132.87,131.22,132.14,1436839.11
1765065600000,132.13,133.53,131.85,133.43,1078284.89
1765080000000,133.42,133.46,131.83,132.02,1015614.98
1765094400000,132.02,132.53,131.46,132.36,1145562.47
1765108800000,132.36,133.0,127.55,131.93,6530049.8
1765123200000,131.93,136.22,130.39,135.66,5699329.06
1765137600000,135.66,136.33,129.69,132.16,4688388.93
1765152000000,132.17,134.66,131.41,134.24,2961315.44
1765166400000,134.23,135.97,133.98,135.79,2404819.58
1765180800000,135.78,139.3,135.59,138.33,3817624.4
1765195200000,138.33,139.28,135.15,135.45,6892012.84
1765209600000,135.45,136.47,132.85,133.57,4535577.63
1765224000000,133.58,135.0,132.36,133.19,3054242.98
1765238400000,133.18,134.36,132.4,134.11,2763404.27
1765252800000,134.11,134.22,131.64,133.14,2501907.93
1765267200000,133.15,133.37,131.91,132.87,1674434.78
1765281600000,132.88,138.46,131.52,138.42,6437203.86
1765296000000,138.42,144.9,138.41,142.08,10849781.17
1765310400000,142.08,142.3,136.65,137.82,4437454.11
1765324800000,137.82,138.56,137.1,138.07,2443589.65
1765339200000,138.07,140.18,137.94,139.13,2331345.78
1765353600000,139.14,139.8,136.25,137.14,3947498.68
1765368000000,137.14,138.1,135.6,136.09,3376658.52
1765382400000,136.08,139.58,135.65,138.6,8123383.06
1765396800000,138.61,142.57,135.26,136.18,7872757.43
1765411200000,136.18,136.35,128.91,129.28,6631815.16
1765425600000,129.29,131.44,128.92,130.93,3065286.6
1765440000000,130.93,131.32,130.06,130.83,1806299.66
1765454400000,130.84,132.75,129.68,131.08,5125324.25
1765468800000,131.08,135.51,130.02,133.82,5193814.36
1765483200000,133.81,137.76,133.74,136.36,5366163.45
1765497600000,136.36,137.93,135.31,137.02,2929108.94
1765512000000,137.02,140.09,136.5,139.06,3099325.27
1765526400000,139.05,139.12,137.17,138.66,2429678.82
1765540800000,138.66,139.82,132.7,133.42,7013535.26
1765555200000,133.43,133.9,130.24,131.17,8488275.11
1765569600000,131.17,132.98,130.9,132.19,2093222.76
1765584000000,132.19,133.01,132.19,132.81,1057121.02
1765598400000,132.8,132.94,132.19,132.85,857928.64
1765612800000,132.85,134.2,132.85,133.23,1871238.36
1765627200000,133.23,133.62,132.54,133.21,1647661.92
1765641600000,133.21,133.77,132.06,132.68,1338680.26
1765656000000,132.69,133.18,131.51,133.04,1241865.41
1765670400000,133.04,133.58,132.62,132.86,837998.3
1765684800000,132.86,133.32,132.02,133.18,935603.97
1765699200000,133.18,133.43,130.02,131.37,3812484.2
1765713600000,131.38,131.83,130.24,130.6,2407533.93
1765728000000,130.59,131.53,129.2,130.21,2547924.16
1765742400000,130.22,130.76,127.73,129.31,2783041.0
1765756800000,129.31,133.2,129.2,131.09,3934372.6
1765771200000,131.1,132.65,130.8,132.28,1523191.1
1765785600000,132.29,132.99,132.0,132.21,1546090.44
1765800000000,132.22,135.4,126.34,126.78,11835601.07
1765814400000,126.78,127.22,123.53,124.93,7693430.33
1765828800000,124.93,127.79,123.8,127.73,3411580.27
1765843200000,127.72,127.96,124.85,126.43,3063875.06
1765857600000,126.42,127.4,124.76,125.49,2464436.13
1765872000000,125.49,129.0,125.35,128.57,3634736.22
1765886400000,128.57,130.1,126.05,129.69,7599863.25
1765900800000,129.69,129.8,126.68,127.67,3758312.29
1765915200000,127.68,129.46,127.41,129.09,2041043.7
1765929600000,129.09,129.77,128.12,128.19,2112146.44
1765944000000,128.2,128.52,126.92,128.2,2325745.84
1765958400000,128.2,128.2,125.9,127.54,2814196.82
1765972800000,127.53,133.96,126.51,126.69,13013449.2
1765987200000,126.69,127.91,121.24,122.31,11894624.18
1766001600000,122.32,123.68,121.87,123.17,3006857.16
1766016000000,123.17,124.1,122.88,123.58,2063315.83
1766030400000,123.58,124.1,122.13,122.76,2099847.88
1766044800000,122.76,124.07,122.38,123.99,2618634.14
1766059200000,124.0,129.0,123.56,127.36,12358559.48
1766073600000,127.36,127.46,117.28,117.47,13739166.6
1766088000000,117.48,120.15,116.71,119.54,5707852.52
1766102400000,119.55,122.47,117.55,121.52,5884613.67
1766116800000,121.52,125.3,121.29,124.37,5304786.52
1766131200000,124.37,125.73,123.81,125.31,3444107.23
1766145600000,125.32,127.6,124.6,125.02,7395078.91
1766160000000,125.02,126.95,123.55,126.22,4779039.26
1766174400000,126.22,127.86,126.05,126.22,2235250.92
1766188800000,126.23,126.44,125.2,126.15,1384275.42
1766203200000,126.16,126.62,125.81,126.12,1047078.51
1766217600000,126.13,126.87,125.82,126.42,1200069.66
1766232000000,126.43,126.6,125.36,126.5,1550085.37
1766246400000,126.51,126.65,125.69,125.99,863152.64
1766260800000,126.0,126.49,125.55,125.74,751798.17
1766275200000,125.75,126.05,124.62,125.16,1626238.79
1766289600000,125.17,125.5,125.02,125.25,575764.49
1766304000000,125.24,126.56,124.71,125.42,2230849.2
1766318400000,125.43,126.0,123.3,124.98,4418282.4
1766332800000,124.98,126.3,124.3,125.61,2796099.21
1766347200000,125.61,126.27,124.63,125.96,1416239.72
1766361600000,125.97,128.51,124.4,125.97,5377177.71
1766376000000,125.98,126.68,125.47,126.23,1745554.29
1766390400000,126.23,127.41,125.38,126.93,3193284.06
1766404800000,126.93,128.74,126.24,128.02,5384612.09
1766419200000,128.03,128.33,124.56,124.58,4496075.0
1766433600000,124.58,125.98,124.11,125.87,2694443.74
1766448000000,125.87,126.87,124.81,125.58,2383053.02
1766462400000,125.58,126.02,123.58,124.13,2678185.47
1766476800000,124.13,125.16,123.84,124.79,1803372.57
1766491200000,124.79,124.87,122.04,123.28,5453002.57
1766505600000,123.29,124.86,122.7,123.91,4097796.19
1766520000000,123.92,125.6,123.4,123.95,2385679.35
1766534400000,123.96,124.25,121.68,122.66,2524094.45
1766548800000,122.66,123.01,120.51,121.24,2807674.67
1766563200000,121.25,122.17,121.01,121.98,1875519.89
1766577600000,121.98,122.89,120.61,122.67,2975207.6
1766592000000,122.67,123.43,121.71,122.82,2455601.83
1766606400000,122.82,123.36,122.41,122.49,1304145.1
1766620800000,122.49,123.11,122.03,122.64,1054358.37
1766635200000,122.63,122.8,122.04,122.24,945718.64
1766649600000,122.25,122.63,121.22,121.59,1752081.2
1766664000000,121.58,124.06,121.52,123.63,2837915.15
1766678400000,123.63,124.42,122.72,123.42,2935308.22
1766692800000,123.41,123.48,119.58,119.95,3868717.69
1766707200000,119.95,124.33,119.15,122.61,6079502.89
1766721600000,122.61,123.94,121.72,122.66,3137423.67
1766736000000,122.66,124.13,122.24,123.8,2986857.07
1766750400000,123.8,125.12,120.37,121.49,7935646.18
1766764800000,121.5,122.35,121.1,122.08,2741721.01
1766779200000,122.08,122.6,121.74,122.22,1207288.52
1766793600000,122.22,123.78,121.82,123.63,1797317.37
1766808000000,123.63,123.7,122.71,123.11,1402072.7
1766822400000,123.1,123.29,122.45,122.95,1088443.25
1766836800000,122.95,123.63,122.69,123.27,1364785.97
1766851200000,123.27,123.42,122.7,123.21,1360485.1
1766865600000,123.21,125.04,123.2,124.67,2773934.77
1766880000000,124.68,124.85,123.85,124.08,1160514.02
1766894400000,124.07,124.27,123.55,124.18,882777.35
1766908800000,124.18,124.79,123.92,124.57,1343106.86
1766923200000,124.58,124.98,124.23,124.4,1555513.22
1766937600000,124.39,124.72,123.01,123.22,2649419.74
1766952000000,123.22,125.6,123.03,125.21,2313605.44
1766966400000,125.22,130.21,124.94,128.52,8924600.23
1766980800000,128.53,129.12,127.2,127.83,2957113.48
1766995200000,127.82,128.48,124.95,125.02,4388980.66
1767009600000,125.02,125.38,122.15,123.36,7763794.4
1767024000000,123.35,123.94,122.52,122.99,2666897.8
1767038400000,122.98,123.55,122.8,123.19,1217536.22
1767052800000,123.19,123.86,122.5,123.72,2112411.48
1767067200000,123.72,124.29,123.12,123.94,1726825.67
1767081600000,123.94,125.1,123.91,124.24,3046242.1
1767096000000,124.24,125.31,123.48,125.1,5063532.27
1767110400000,125.11,126.49,123.7,124.67,4687984.25
1767124800000,124.66,125.08,123.45,124.92,1829340.84
1767139200000,124.93,126.06,124.34,125.76,2449985.35
1767153600000,125.76,126.04,125.3,125.9,1380939.78
1767168000000,125.9,126.82,125.36,126.69,2200544.39
1767182400000,126.68,127.4,124.93,125.54,4872897.03
1767196800000,125.54,125.7,124.24,124.3,3028086.93
1767211200000,124.31,125.12,123.42,124.59,2928769.34
1767225600000,124.58,125.75,124.52,125.14,1442687.23
1767240000000,125.13,125.26,124.14,124.19,969707.35
1767254400000,124.19,125.22,124.08,125.16,1333503.18
1767268800000,125.16,125.22,124.34,124.9,1480821.85
1767283200000,124.9,125.75,124.2,125.7,2347355.58
1767297600000,125.7,127.21,125.25,126.83,1963633.16
1767312000000,126.84,127.99,125.81,127.51,2674478.26
1767326400000,127.51,127.69,126.71,127.1,1875588.92
1767340800000,127.1,129.98,127.09,128.19,4402146.07
1767355200000,128.18,129.59,126.76,128.94,5543720.24
1767369600000,128.93,132.3,128.62,131.59,6058642.16
1767384000000,131.6,133.29,130.76,132.24,2625619.2
1767398400000,132.24,133.13,132.02,132.77,1727411.24
1767412800000,132.78,132.85,129.52,130.05,2672061.3
1767427200000,130.05,131.43,129.74,130.63,1935417.4
1767441600000,130.64,132.12,130.43,131.41,1777877.73
1767456000000,131.41,132.07,131.41,131.73,1058916.37
1767470400000,131.73,133.99,131.27,133.31,1962660.57
1767484800000,133.3,135.0,133.26,134.56,2927628.35
1767499200000,134.55,134.97,133.52,133.75,1889376.72
1767513600000,133.75,134.82,133.1,134.32,2134886.05
1767528000000,134.33,135.32,133.67,134.83,2535860.65
1767542400000,134.83,135.5,133.03,133.51,2605710.46
1767556800000,133.51,134.81,133.32,134.04,1605324.81
1767571200000,134.05,137.75,133.93,136.58,5431248.96
1767585600000,136.58,136.74,134.54,135.34,3236928.21
1767600000000,135.34,135.97,134.63,135.68,2234261.04
1767614400000,135.69,136.47,133.09,136.08,7553787.01
1767628800000,136.08,138.78,134.25,138.2,5343516.96
1767643200000,138.2,139.83,137.69,137.84,3392218.36
1767657600000,137.84,138.57,136.81,138.31,3061516.03
1767672000000,138.32,140.09,137.26,137.51,4590700.79
1767686400000,137.52,139.64,137.3,139.44,3186906.06
1767700800000,139.44,143.45,138.66,141.56,9077394.94
1767715200000,141.55,141.93,136.12,137.45,7441571.0
1767729600000,137.45,141.96,137.42,141.03,4404628.55
1767744000000,141.04,141.35,138.36,139.52,3522869.44
1767758400000,139.52,139.66,138.06,139.31,2135963.95
1767772800000,139.31,139.74,136.42,137.84,4829008.17
1767787200000,137.84,138.44,135.17,135.61,5785039.17
1767801600000,135.61,136.6,134.33,135.68,3630284.61
1767816000000,135.68,137.07,134.93,136.32,2376112.55
1767830400000,136.31,138.3,135.93,136.68,3463861.88
1767844800000,136.68,138.29,133.6,135.81,4928619.13
1767859200000,135.82,136.17,133.85,134.72,3159921.76
1767873600000,134.71,136.5,132.5,136.33,6621871.43
1767888000000,136.32,139.07,136.15,137.48,5667625.47
1767902400000,137.48,140.0,136.46,138.3,5172107.8
1767916800000,138.29,141.14,137.66,140.73,3803273.11
1767931200000,140.73,141.01,139.38,139.51,2678901.81
1767945600000,139.51,139.63,136.98,138.24,4201056.31
1767960000000,138.23,140.85,136.11,138.75,7818741.25
1767974400000,138.76,140.21,135.37,135.71,5543703.83
1767988800000,135.71,136.41,134.86,135.88,2707583.85
1768003200000,135.89,136.62,135.6,136.05,1310503.68
1768017600000,136.05,136.28,135.66,136.0,941611.72
1768032000000,136.01,136.97,135.91,136.5,1380235.73
1768046400000,136.51,136.99,135.93,136.35,1477532.86
1768060800000,136.36,136.65,135.84,136.17,992116.65
1768075200000,136.17,136.22,135.3,135.78,911692.08
1768089600000,135.79,136.43,135.68,136.21,946635.13
1768104000000,136.21,136.39,135.83,136.13,919672.06
1768118400000,136.13,136.86,136.04,136.49,1189143.38
1768132800000,136.5,139.5,136.43,138.38,4039503.63
1768147200000,138.38,141.65,138.38,139.39,5401148.5
1768161600000,139.39,139.74,137.47,139.65,3131329.0
1768176000000,139.65,144.4,138.85,142.49,7103215.02
1768190400000,142.49,143.32,141.28,141.34,2924791.88
1768204800000,141.35,142.0,138.94,139.93,4653747.5
1768219200000,139.93,142.7,138.59,142.55,5096420.74
1768233600000,142.54,144.26,140.54,140.94,7403313.77
1768248000000,140.94,141.81,138.23,139.13,3545540.56
1768262400000,139.13,139.52,137.75,138.66,3245713.45
1768276800000,138.66,140.69,138.31,139.88,3564880.72
1768291200000,139.88,143.09,139.87,141.8,5123543.23
1768305600000,141.79,143.79,141.1,143.41,8239191.95
1768320000000,143.42,144.56,142.33,144.18,5132183.91
1768334400000,144.18,148.8,142.91,145.48,7245877.55
1768348800000,145.47,146.56,144.29,146.22,3793955.46
1768363200000,146.21,146.41,143.86,144.8,3266777.07
1768377600000,144.8,145.7,143.45,143.7,2752584.79
1768392000000,143.69,147.56,143.3,147.02,6629102.39
1768406400000,147.02,148.4,145.26,146.75,5385059.13
1768420800000,146.76,147.7,145.74,146.61,2379218.13
1768435200000,146.62,146.65,143.1,143.4,3497729.74
1768449600000,143.41,145.22,143.2,144.93,2311796.29
1768464000000,144.94,145.95,144.0,144.76,2394120.59
1768478400000,144.76,145.57,141.71,143.39,6491566.41
1768492800000,143.39,144.15,140.77,141.44,4399816.47
1768507200000,141.43,142.6,140.94,142.32,1504509.82
1768521600000,142.33,142.74,141.6,141.87,1427935.53
1768536000000,141.87,143.6,141.36,142.86,2517096.68
1768550400000,142.86,143.49,142.63,143.08,1705790.63
1768564800000,143.07,143.8,140.17,140.68,4123361.97
1768579200000,140.68,144.45,140.54,144.13,4060352.66
1768593600000,144.14,145.5,143.41,144.85,2261029.18
1768608000000,144.84,144.95,144.14,144.3,1032434.58
1768622400000,144.29,144.45,143.54,143.56,910630.28
1768636800000,143.56,144.58,143.18,143.92,1607067.81
1768651200000,143.92,144.29,143.5,144.25,1602449.38
1768665600000,144.24,144.46,143.52,144.2,1079434.12
1768680000000,144.19,144.51,143.4,143.64,797854.28
1768694400000,143.65,143.92,141.8,142.73,2808377.3
1768708800000,142.73,142.94,141.94,142.04,894105.03
1768723200000,142.05,142.56,141.81,142.32,998786.9
1768737600000,142.33,142.67,141.4,141.91,1732327.91
1768752000000,141.92,143.19,141.67,142.2,1691137.88
1768766400000,142.2,142.99,137.65,137.79,4522345.97
1768780800000,137.79,137.79,129.82,133.85,11009950.16
1768795200000,133.85,134.0,132.64,133.39,2467682.66
1768809600000,133.39,134.32,133.2,134.05,2053305.6
1768824000000,134.05,134.14,133.2,133.47,2121698.33
1768838400000,133.48,134.65,133.4,134.38,1680678.55
1768852800000,134.37,135.1,132.69,133.38,2355910.52
1768867200000,133.38,134.6,133.0,134.21,2243801.89
1768881600000,134.2,134.21,130.51,130.56,4785543.08
1768896000000,130.57,130.73,128.27,128.73,5840225.01
1768910400000,128.73,129.73,127.15,127.78,6634088.68
1768924800000,127.77,128.52,126.2,127.18,4942503.12
1768939200000,127.18,128.03,124.25,125.72,3765637.09
1768953600000,125.72,127.82,125.66,127.54,2736781.19
1768968000000,127.54,128.68,127.39,127.53,2146824.87
1768982400000,127.52,128.14,126.73,126.87,2269177.84
1768996800000,126.87,131.13,126.09,130.38,7250542.83
1769011200000,130.37,131.64,125.17,131.46,9413489.92
1769025600000,131.46,132.09,129.08,129.48,3329234.01
1769040000000,129.48,130.55,129.45,129.77,1623205.24
1769054400000,129.77,130.42,129.66,129.72,1003736.98
1769068800000,129.73,130.3,129.26,130.04,1455704.09
1769083200000,130.04,130.89,126.66,127.32,5484127.72
1769097600000,127.32,129.3,126.82,129.18,3223033.73
1769112000000,129.18,129.7,127.95,128.41,1691480.22
1769126400000,128.42,128.9,128.0,128.7,1020495.43
1769140800000,128.69,129.24,127.16,127.84,2449581.59
1769155200000,127.84,127.93,126.84,127.45,1592731.43
1769169600000,127.46,128.05,125.22,127.84,4102573.03
1769184000000,127.85,130.15,127.37,128.01,5248336.4
1769198400000,128.02,128.21,126.47,127.36,1871134.02
1769212800000,127.37,128.05,127.22,127.82,783505.46
1769227200000,127.82,128.04,127.0,127.05,666123.68
1769241600000,127.06,127.34,126.86,127.12,744375.34
1769256000000,127.12,127.34,126.72,126.78,907816.15
1769270400000,126.77,127.43,126.56,127.22,816763.58
1769284800000,127.21,127.68,127.02,127.13,600134.86
1769299200000,127.13,127.39,126.25,126.55,961229.8
1769313600000,126.56,126.93,126.27,126.41,682301.27
1769328000000,126.41,127.16,125.9,126.71,1217400.24
1769342400000,126.71,127.08,125.38,125.51,1785435.23
1769356800000,125.51,125.51,117.0,117.86,11561423.82
1769371200000,117.87,119.37,117.33,118.76,6936901.9
1769385600000,118.77,122.72,118.45,121.51,4672022.99
1769400000000,121.51,123.55,121.5,122.84,2140302.27
1769414400000,122.85,123.54,121.71,122.46,2207526.68
1769428800000,122.46,125.15,122.29,123.46,4725759.16
1769443200000,123.45,125.54,122.96,124.26,4222390.48
1769457600000,124.26,124.83,123.37,124.18,1847757.87
1769472000000,124.17,125.13,123.66,124.44,1792663.66
1769486400000,124.45,125.09,123.94,124.46,1182439.32
1769500800000,124.45,124.73,123.51,124.08,1642041.74
1769515200000,124.08,125.0,123.06,124.94,2998514.46
1769529600000,124.94,126.74,123.47,125.79,6056632.85
1769544000000,125.79,127.8,125.67,127.12,3184103.66
1769558400000,127.12,127.47,126.57,126.9,1501225.91
1769572800000,126.89,127.49,126.39,127.04,1431163.61
1769587200000,127.04,128.3,125.92,128.1,2537249.08
1769601600000,128.11,128.19,125.44,126.0,3848391.57
1769616000000,126.01,126.99,125.17,125.93,3285449.24
1769630400000,125.93,126.62,124.69,125.28,2885623.95
1769644800000,125.29,125.44,122.58,122.99,3205022.09
1769659200000,122.99,123.93,122.41,123.71,1639281.59
1769673600000,123.72,123.86,122.61,122.69,1608524.02
1769688000000,122.69,123.12,116.03,117.6,10118496.1
1769702400000,117.6,119.88,115.29,116.75,9766386.74
1769716800000,116.75,117.84,116.46,117.72,2671298.75
1769731200000,117.72,118.06,111.75,114.35,8559098.18
1769745600000,114.34,116.07,112.89,115.71,4743019.03
1769760000000,115.72,117.24,114.58,117.01,3858036.4
1769774400000,117.0,117.6,114.5,116.73,6584606.19
1769788800000,116.72,119.09,114.26,118.23,8314453.78
1769803200000,118.23,118.39,116.32,117.54,3486611.96
1769817600000,117.54,118.56,117.31,118.29,1674373.46
1769832000000,118.3,118.77,117.1,117.29,1950465.48
1769846400000,117.3,117.46,112.67,115.96,4805258.92
1769860800000,115.97,116.12,108.15,108.57,11448607.15
1769875200000,108.58,109.73,95.5,101.65,23240643.91
1769889600000,101.65,106.4,100.26,105.45,7297173.89
1769904000000,105.44,106.28,104.1,104.87,3246833.08
1769918400000,104.88,105.97,103.87,105.14,3177444.08
1769932800000,105.14,105.99,103.44,104.99,3843243.49
1769947200000,104.99,106.67,100.14,101.61,9559645.85
1769961600000,101.62,104.16,100.85,101.88,5286943.4
1769976000000,101.87,102.81,97.95,100.73,9140147.34
1769990400000,100.73,103.09,95.83,100.0,10831443.23
1770004800000,100.01,102.39,97.0,101.38,10277277.33
1770019200000,101.39,103.39,101.33,102.73,3980110.63
1770033600000,102.73,106.06,102.29,104.63,7292280.47
1770048000000,104.62,105.71,103.43,103.83,3934317.9
1770062400000,103.83,105.13,103.25,104.48,2253191.37
1770076800000,104.47,104.6,102.08,104.1,3576859.81
1770091200000,104.09,105.06,102.88,104.62,2474669.88
1770105600000,104.62,104.95,102.38,102.92,3576985.7
1770120000000,102.93,103.58,100.3,102.52,6574582.46
1770134400000,102.52,102.52,96.6,98.95,11431958.89
1770148800000,98.94,102.12,97.11,97.81,7946956.57
1770163200000,97.82,99.6,97.08,99.04,4594136.75
1770177600000,99.03,99.27,96.2,97.82,5049129.84
1770192000000,97.83,97.88,94.5,96.03,7729510.79
1770206400000,96.04,96.69,91.19,92.69,12616996.81
1770220800000,92.69,94.67,89.92,94.32,15843926.1
1770235200000,94.32,94.46,89.19,92.07,8919150.41
1770249600000,92.07,92.88,90.13,91.1,7028464.12
1770264000000,91.1,92.07,89.62,90.5,9054893.81
1770278400000,90.51,93.4,88.61,89.92,8731403.65
1770292800000,89.93,91.43,83.36,84.55,20177630.37
1770307200000,84.55,86.18,81.12,81.63,17770790.22
1770321600000,81.63,82.26,77.49,78.29,22624466.74
1770336000000,78.29,80.22,67.29,76.66,31665738.9
1770350400000,76.66,81.56,76.16,79.5,10485097.22
1770364800000,79.49,81.98,78.55,81.26,8413183.73
1770379200000,81.25,85.14,80.72,84.4,13954134.62
1770393600000,84.39,88.59,83.5,86.97,13023717.42
1770408000000,86.97,89.74,86.48,87.42,6435320.16
1770422400000,87.41,88.31,85.84,88.01,4843477.11
1770436800000,88.01,88.97,84.15,85.24,7914035.26
1770451200000,85.24,85.67,84.44,84.85,3965658.11
1770465600000,84.85,87.15,84.78,86.52,5615210.04
1770480000000,86.51,89.15,86.11,88.22,9153597.42
1770494400000,88.21,89.13,86.8,87.51,2525245.1
1770508800000,87.52,88.15,86.63,86.74,2059153.19
1770523200000,86.74,87.48,86.53,87.32,1577582.13
1770537600000,87.32,88.93,86.34,88.16,4817624.48
1770552000000,88.17,88.82,87.26,87.71,3940268.22
1770566400000,87.71,88.57,85.68,88.34,4391980.22
1770580800000,88.34,89.09,86.0,86.92,4936326.93
1770595200000,86.91,87.93,85.66,87.62,4446683.82
1770609600000,87.61,87.67,85.12,85.43,3358028.9
1770624000000,85.43,85.57,82.82,83.43,5733482.3
1770638400000,83.44,85.77,83.39,85.23,6196076.03
1770652800000,85.23,88.66,84.75,87.9,7204040.75
1770667200000,87.89,88.28,86.45,86.71,2557354.37
1770681600000,86.71,87.44,85.2,85.8,2654563.28
1770696000000,85.8,86.62,84.26,84.59,3561389.21
1770710400000,84.58,85.03,83.69,83.79,3396834.32
1770724800000,83.78,85.18,83.14,84.24,6516942.05
1770739200000,84.24,85.1,82.39,83.05,4720897.75
1770753600000,83.04,83.19,81.84,82.95,2803151.54
1770768000000,82.96,84.34,82.53,83.28,2800827.99
1770782400000,83.27,83.49,80.23,80.96,5587017.87
1770796800000,80.95,81.44,80.33,81.21,3501710.62
1770811200000,81.2,83.13,78.52,79.65,10873699.24
1770825600000,79.66,80.88,77.92,79.67,6920324.89
1770840000000,79.66,81.08,78.59,79.25,3945032.1
1770854400000,79.24,80.74,79.22,80.56,2256033.21
1770868800000,80.56,80.96,79.37,80.72,2990007.35
1770883200000,80.72,82.19,80.26,81.8,3775519.5
1770897600000,81.79,82.07,80.03,80.06,5618986.46
1770912000000,80.06,80.17,76.9,77.57,9784321.88
1770926400000,77.57,78.48,76.54,78.37,4102808.34
1770940800000,78.37,79.44,77.49,79.0,3032968.16
1770955200000,79.01,79.23,77.79,78.93,2708482.29
1770969600000,78.93,80.58,78.8,80.26,3767128.54
1770984000000,80.26,84.3,79.68,83.16,8373552.78
1770998400000,83.16,85.59,82.87,84.6,6180372.0
1771012800000,84.6,85.16,84.04,84.29,2522316.91
1771027200000,84.28,85.25,84.17,85.0,1753248.6
1771041600000,85.0,85.22,84.28,85.12,1308740.73
1771056000000,85.13,87.28,85.1,87.22,4347272.86
1771070400000,87.22,87.65,85.97,87.38,4268942.68
1771084800000,87.39,88.42,86.96,88.13,3596222.17
1771099200000,88.14,88.85,87.22,88.02,3033711.84
1771113600000,88.01,88.76,87.31,88.56,3124405.81
1771128000000,88.56,90.96,88.32,90.68,5422413.25
1771142400000,90.68,91.19,88.95,89.13,4214675.46
1771156800000,89.12,89.59,86.61,87.36,6582668.03
1771171200000,87.36,87.85,85.14,85.29,5687075.91
1771185600000,85.28,86.63,84.83,86.09,3367147.22
1771200000000,86.09,86.59,84.71,85.11,2821093.01
1771214400000,85.1,85.86,84.4,85.01,2554024.87
1771228800000,85.02,86.2,84.4,85.46,3137510.27
1771243200000,85.46,86.88,82.51,83.16,9239381.06
1771257600000,83.16,85.11,83.05,84.57,4272702.76
1771272000000,84.57,86.61,84.44,86.39,2904583.98
1771286400000,86.39,87.66,85.72,86.31,3549404.07
1771300800000,86.31,86.76,85.38,86.42,2351754.98
1771315200000,86.42,86.71,84.67,85.04,2770034.36
1771329600000,85.05,85.53,82.86,83.76,7122014.65
1771344000000,83.75,85.72,83.08,84.8,5470260.94
1771358400000,84.8,85.39,84.47,85.02,1878253.32
1771372800000,85.02,85.44,83.87,85.27,1989318.8
1771387200000,85.27,85.5,84.63,85.22,1362968.11
1771401600000,85.22,86.04,82.74,82.8,4449134.95
1771416000000,82.79,83.97,81.62,82.95,6741558.03
1771430400000,82.96,83.04,80.37,80.87,5570899.99
1771444800000,80.87,81.59,80.79,81.55,2127847.42
1771459200000,81.54,82.02,81.18,81.71,1573170.08
1771473600000,81.72,82.63,81.32,82.34,2098413.6
1771488000000,82.34,82.35,80.86,81.2,2862684.75
1771502400000,81.2,81.29,79.57,80.59,6042365.42
1771516800000,80.58,82.19,79.86,81.9,4945970.42
1771531200000,81.9,82.52,81.63,82.46,1862285.45
1771545600000,82.46,83.5,82.27,82.97,2604325.21
1771560000000,82.98,83.88,82.32,83.38,2666605.59
1771574400000,83.39,84.81,83.24,83.52,3766215.58
1771588800000,83.53,84.76,81.71,84.33,8602945.37
1771603200000,84.32,85.44,82.75,84.72,6954020.41
1771617600000,84.71,85.19,84.06,84.62,1855567.1
1771632000000,84.62,84.98,84.16,84.29,1286212.54
1771646400000,84.3,84.74,83.91,84.18,1368845.5
1771660800000,84.17,85.67,84.14,85.35,1972790.08
1771675200000,85.35,86.68,84.96,86.52,3331316.13
1771689600000,86.52,86.67,85.77,86.17,2492266.93
1771704000000,86.16,86.17,85.07,85.12,2017123.8
1771718400000,85.12,85.56,84.62,85.03,1994395.73
1771732800000,85.03,85.5,84.73,85.19,1316045.91
1771747200000,85.19,85.43,84.81,85.2,1094982.09
1771761600000,85.2,85.26,82.94,83.44,4846636.9
1771776000000,83.44,83.58,82.76,83.25,1853451.66
1771790400000,83.24,83.66,82.43,82.75,2401527.95
1771804800000,82.75,82.81,77.16,77.57,11051891.02
1771819200000,77.58,79.63,77.06,79.32,5425259.45
1771833600000,79.32,80.63,78.44,79.99,4954704.34
1771848000000,79.99,81.06,79.15,79.35,6887799.96
1771862400000,79.36,79.76,77.21,78.25,7176705.79
1771876800000,78.24,78.87,77.57,77.87,3039964.98
1771891200000,77.86,78.49,75.68,76.84,6229225.65
1771905600000,76.84,77.29,76.06,76.79,3752276.14
1771920000000,76.8,77.15,75.87,76.71,2491443.65
1771934400000,76.71,77.45,75.57,77.25,5673151.03
1771948800000,77.26,78.47,77.17,78.32,4203737.6
1771963200000,78.33,79.56,78.06,78.91,3183557.23
1771977600000,78.92,82.97,78.66,81.72,7854345.96
1771992000000,81.71,82.41,80.93,82.13,4471574.82
1772006400000,82.14,83.38,81.88,83.33,3728464.32
1772020800000,83.34,86.43,82.85,85.92,9124959.82
1772035200000,85.92,89.6,85.92,89.39,8931033.88
1772049600000,89.4,92.09,87.05,88.01,8328907.78
1772064000000,88.01,89.22,87.51,87.91,4074760.39
1772078400000,87.91,89.0,87.17,87.21,3056489.54
1772092800000,87.21,88.64,86.53,86.76,3978906.52
1772107200000,86.76,88.22,85.22,86.52,6307232.74
1772121600000,86.52,86.71,84.25,86.41,6859220.34
1772136000000,86.42,86.83,85.68,85.86,1834156.79
1772150400000,85.86,87.77,85.14,87.57,3216450.86
1772164800000,87.57,88.26,86.74,87.26,3368454.52
1772179200000,87.27,87.88,83.27,83.53,5632666.89
1772193600000,83.52,83.71,81.89,82.64,7873812.6
1772208000000,82.63,82.64,81.05,81.52,4894416.71
1772222400000,81.52,82.07,80.26,81.8,3611915.71
1772236800000,81.8,82.22,81.47,81.69,1761080.21
1772251200000,81.68,81.85,77.06,78.63,9914305.46
1772265600000,78.64,79.53,77.67,78.71,4882408.09
1772280000000,78.71,81.46,78.55,80.87,7771247.18
1772294400000,80.86,82.87,80.43,82.15,5133728.34
1772308800000,82.15,85.63,81.9,84.29,6154779.25
1772323200000,84.29,88.88,84.22,87.98,7335640.41
1772337600000,87.99,88.23,86.11,86.58,4211304.57
1772352000000,86.59,86.79,84.67,85.13,4091672.67
1772366400000,85.13,86.95,84.46,85.61,5446604.14
1772380800000,85.61,86.05,82.98,83.19,6583085.77
1772395200000,83.19,84.17,81.64,83.55,5679845.57
1772409600000,83.55,86.14,83.41,84.74,4686035.96
1772424000000,84.73,84.8,82.32,82.9,3384587.71
1772438400000,82.9,84.28,82.3,83.85,4145138.61
1772452800000,83.84,88.96,82.72,88.74,10879408.65
1772467200000,88.74,90.32,86.36,87.62,9129358.26
1772481600000,87.61,88.19,86.27,86.59,4005632.44
1772496000000,86.59,87.28,85.16,86.23,3411596.85
1772510400000,86.23,86.77,85.33,85.53,3426435.04
1772524800000,85.52,85.73,83.63,84.15,6231376.3
1772539200000,84.15,85.32,82.4,84.98,8148984.0
1772553600000,84.97,87.31,84.1,85.04,8481978.98
1772568000000,85.04,87.43,84.13,86.92,3932866.74
1772582400000,86.91,88.06,85.12,85.71,4871235.67
1772596800000,85.71,87.49,84.75,87.38,4333285.07
1772611200000,87.38,91.48,86.94,89.73,10541381.63
1772625600000,89.74,93.12,88.66,92.88,9967344.82
1772640000000,92.89,94.15,90.57,93.14,7551773.36
1772654400000,93.13,93.73,90.24,90.82,4483545.1
1772668800000,90.81,91.38,89.55,89.98,3750862.71
1772683200000,89.98,91.25,89.63,90.11,3310283.22
1772697600000,90.1,92.91,89.61,91.76,5085141.57
1772712000000,91.77,92.15,88.76,89.56,7503613.72
1772726400000,89.56,89.58,87.84,88.68,5771234.42
1772740800000,88.69,89.81,88.5,88.74,2776980.96
1772755200000,88.74,89.26,87.95,88.36,3134663.1
1772769600000,88.35,88.87,87.45,88.64,3042623.11
1772784000000,88.64,88.64,87.05,87.21,3144705.13
1772798400000,87.21,87.23,83.89,84.57,9892245.8
1772812800000,84.57,85.83,83.52,85.14,4839782.08
1772827200000,85.14,85.41,84.39,84.64,2041986.18
1772841600000,84.65,85.03,84.24,84.47,1528924.17
1772856000000,84.48,84.51,83.82,84.27,1928731.56
1772870400000,84.27,84.87,84.07,84.61,1713466.0
1772884800000,84.6,84.73,83.26,83.69,2679700.79
1772899200000,83.69,84.03,82.22,82.47,2897884.22
1772913600000,82.47,83.28,82.46,83.17,1486526.87
1772928000000,83.17,83.44,82.03,82.27,2366049.17
1772942400000,82.28,83.06,81.67,82.9,2301372.75
1772956800000,82.89,84.07,82.43,82.74,3286028.76
1772971200000,82.75,82.95,81.11,81.99,4757695.64
1772985600000,81.99,82.62,81.23,82.44,2801698.87
1773000000000,82.43,82.93,80.18,81.56,5200998.48
1773014400000,81.57,84.47,81.5,83.1,5441220.53
1773028800000,83.1,84.58,82.25,83.12,4201069.91
1773043200000,83.12,84.56,82.87,83.52,3402380.07
1773057600000,83.52,85.71,83.34,85.01,6127073.79
1773072000000,85.0,87.0,84.27,85.92,6169798.19
1773086400000,85.93,86.32,84.78,84.91,3103547.62
1773100800000,84.91,86.86,84.79,85.52,3890709.12
1773115200000,85.51,86.96,85.34,86.66,3267384.94
1773129600000,86.67,87.65,86.52,86.75,3891353.35
1773144000000,86.75,88.58,84.86,88.31,7807989.26
1773158400000,88.31,88.78,85.59,85.97,6140314.29
1773172800000,85.96,86.39,84.95,85.83,2987442.63
1773187200000,85.82,86.22,85.43,85.56,2213504.29
1773201600000,85.57,86.83,85.07,85.39,3375703.19
1773216000000,85.39,85.57,84.3,84.51,3405612.16
1773230400000,84.5,87.35,84.3,85.37,8670732.42
1773244800000,85.37,88.06,85.24,87.25,6211801.78
1773259200000,87.25,87.9,86.4,86.52,2038845.85
1773273600000,86.52,86.73,84.63,84.94,3349488.19
1773288000000,84.94,85.86,84.82,85.77,2599595.89
1773302400000,85.77,87.1,85.34,86.75,3860585.36
1773316800000,86.75,87.66,85.03,86.53,7832956.89
1773331200000,86.52,87.05,85.61,86.75,4065214.51
1773345600000,86.75,87.18,85.9,86.8,2236963.15
1773360000000,86.79,91.15,86.66,89.66,8805412.57
1773374400000,89.66,89.71,88.1,88.62,3160797.69
1773388800000,88.62,90.41,88.27,90.27,4005113.94
1773403200000,90.27,93.38,89.24,89.42,10772664.73
1773417600000,89.43,90.14,88.3,88.86,5432150.03
1773432000000,88.86,89.09,87.68,88.12,2539029.62
1773446400000,88.11,88.57,87.75,88.35,1616075.56
1773460800000,88.35,88.66,86.87,87.27,2498143.07
1773475200000,87.27,87.51,86.41,86.9,2082418.59
1773489600000,86.9,87.31,86.57,86.67,1788421.65
1773504000000,86.67,87.07,86.57,86.95,971053.29
1773518400000,86.96,88.12,86.8,87.99,1516556.49
1773532800000,88.0,88.59,87.51,87.79,2212422.48
1773547200000,87.8,88.59,87.79,88.17,1808932.59
1773561600000,88.18,88.83,88.09,88.51,1523388.82
1773576000000,88.51,88.52,87.31,87.86,2275311.4
1773590400000,87.86,88.77,87.41,88.14,2127431.39
1773604800000,88.13,93.23,87.92,92.28,7798108.48
1773619200000,92.28,93.97,91.15,93.14,5897670.94
1773633600000,93.14,94.33,92.91,93.54,5420926.47
1773648000000,93.54,93.99,92.54,93.71,3254920.26
1773662400000,93.71,95.08,92.32,93.14,8050847.36
1773676800000,93.13,95.45,93.07,95.18,4266034.55
1773691200000,95.17,97.65,95.02,96.14,4943695.2
1773705600000,96.14,96.91,93.66,94.02,4629523.62
1773720000000,94.02,94.6,93.11,94.38,3048647.24
1773734400000,94.38,95.05,93.2,93.59,3261144.91
1773748800000,93.59,95.1,93.1,93.76,4850980.64
1773763200000,93.77,95.6,93.66,94.6,3404592.46
1773777600000,94.59,95.57,94.35,94.57,2298393.17
1773792000000,94.57,95.63,94.04,94.99,2177485.77
1773806400000,95.0,95.07,93.66,93.89,2670373.54
1773820800000,93.89,94.38,91.75,91.95,4417160.69
1773835200000,91.96,92.0,88.51,89.31,9234260.32
1773849600000,89.31,90.81,88.57,89.65,4802729.5
1773864000000,89.66,90.58,88.92,90.02,2337250.53
1773878400000,90.02,91.37,89.73,90.69,2859529.73
1773892800000,90.69,90.69,88.57,89.37,4996866.37
1773907200000,89.37,90.46,89.04,89.58,3013879.26
1773921600000,89.59,89.59,87.1,87.58,7280458.66
1773936000000,87.57,89.22,86.79,88.68,4137478.47
1773950400000,88.67,89.28,88.31,88.84,1768092.2
1773964800000,88.84,89.76,88.8,89.53,2011403.01
1773979200000,89.53,89.72,88.44,89.31,2433025.94
1773993600000,89.32,90.43,88.54,89.08,3295908.22
1774008000000,89.08,89.7,88.43,88.9,4301101.95
1774022400000,88.9,89.18,88.07,88.95,2601050.96
1774036800000,88.95,90.22,88.6,89.8,2280718.24
1774051200000,89.81,90.68,89.68,90.41,1581131.44
1774065600000,90.41,90.78,89.88,90.1,1641642.13
1774080000000,90.1,90.35,89.76,89.91,1131573.55
1774094400000,89.9,90.36,89.31,89.78,1763597.87
1774108800000,89.77,89.95,89.3,89.73,1072725.6
1774123200000,89.74,90.36,87.0,87.5,2944227.55
1774137600000,87.5,89.11,86.18,88.61,5679979.94
1774152000000,88.6,89.14,87.61,87.65,2236351.7
1774166400000,87.65,87.69,86.77,86.79,2614439.33
1774180800000,86.79,87.68,86.75,87.53,1876447.48
1774195200000,87.53,87.66,86.4,86.83,1827160.32
1774209600000,86.83,87.15,85.04,86.15,4150590.51
1774224000000,86.15,87.19,85.37,86.37,2681832.72
1774238400000,86.37,87.32,85.0,85.94,3972733.01
1774252800000,85.94,91.93,85.12,88.74,11439559.48
1774267200000,88.74,92.24,88.28,89.91,9460536.67
1774281600000,89.9,91.86,89.35,91.34,5264775.91
1774296000000,91.34,92.0,90.93,91.4,2272648.15
1774310400000,91.4,91.63,89.91,90.29,2538790.5
1774324800000,90.3,91.86,89.93,91.67,3009246.21
1774339200000,91.68,92.2,91.08,91.71,4280579.6
1774353600000,91.71,91.81,88.62,89.67,8354987.32
1774368000000,89.68,89.92,88.35,88.46,3930082.32
1774382400000,88.46,91.1,88.43,90.75,3717362.5
1774396800000,90.76,91.9,90.67,91.66,2985916.88
1774411200000,91.66,92.95,91.54,91.77,3590844.09
1774425600000,91.78,93.46,91.78,92.94,3504842.1
1774440000000,92.95,93.4,90.96,91.72,5069630.67
1774454400000,91.72,92.72,91.35,91.72,2745186.59
1774468800000,91.72,91.9,90.98,91.65,2117863.23
1774483200000,91.65,91.92,90.53,91.01,2260359.19
1774497600000,91.02,91.02,88.72,89.04,5068638.05
1774512000000,89.03,89.04,87.37,87.51,4087369.76
1774526400000,87.51,88.19,86.66,87.47,5515733.08
1774540800000,87.47,87.68,85.37,85.41,5076776.75
1774555200000,85.41,87.13,85.37,86.47,4476666.76
1774569600000,86.47,86.99,86.11,86.36,1584143.06
1774584000000,86.37,86.73,85.63,85.86,2823878.62
1774598400000,85.87,86.07,82.55,83.3,7944973.09
1774612800000,83.31,83.94,82.34,83.24,6010891.85
1774627200000,83.25,83.36,81.76,82.73,4496891.23
1774641600000,82.73,83.06,82.3,83.03,1358281.32
1774656000000,83.03,83.03,82.19,82.54,1458604.47
1774670400000,82.54,83.61,82.31,83.54,2237121.12
1774684800000,83.55,83.67,82.65,82.89,2030365.2
1774699200000,82.89,84.35,82.53,83.75,4967176.2
1774713600000,83.75,83.89,82.95,83.22,1578553.14
1774728000000,83.22,83.45,81.6,82.0,2566256.95
1774742400000,82.01,83.19,81.79,82.93,2063936.37
1774756800000,82.93,82.97,82.16,82.38,1486302.4
1774771200000,82.39,82.79,81.92,82.52,1766892.01
1774785600000,82.52,82.59,81.21,81.76,3019457.45
1774800000000,81.75,82.08,81.06,81.56,2442035.13
1774814400000,81.55,82.18,78.77,81.34,5939297.1
1774828800000,81.34,83.91,81.06,83.24,4992347.34
1774843200000,83.24,84.25,83.2,83.98,3374117.13
1774857600000,83.98,84.98,83.45,84.21,4025076.62
1774872000000,84.21,84.95,83.6,84.45,4852735.58
1774886400000,84.45,84.49,81.9,82.32,4986637.07
1774900800000,82.32,83.66,82.08,82.51,3241937.44
1774915200000,82.51,84.6,82.09,83.57,3815709.15
1774929600000,83.57,83.88,82.64,83.05,2936271.69
1774944000000,83.06,83.32,79.89,80.78,8456678.49
1774958400000,80.79,82.55,80.33,80.83,8081609.74
1774972800000,80.83,83.45,80.82,82.67,5914382.77
1774987200000,82.67,83.37,82.27,83.15,2213296.86
1775001600000,83.16,83.58,82.41,83.39,2410040.03
1775016000000,83.38,84.7,83.21,83.8,4065004.6
1775030400000,83.8,84.03,83.01,83.31,2778092.63
1775044800000,83.3,83.85,82.33,83.58,4835981.19
1775059200000,83.58,86.59,82.9,83.79,10030911.33
1775073600000,83.8,83.85,80.72,81.14,6279552.04
1775088000000,81.14,81.72,78.22,78.94,9284031.12
1775102400000,78.94,79.63,78.55,79.59,3956307.3
1775116800000,79.59,79.59,78.11,78.27,3083889.85
1775131200000,78.28,79.67,76.63,79.01,9649382.39
1775145600000,79.01,79.86,78.38,78.95,4125067.09
1775160000000,78.95,79.33,78.58,78.91,1484786.75
1775174400000,78.91,79.77,78.8,78.97,2723040.86
1775188800000,78.96,80.15,78.95,79.9,2473416.1
1775203200000,79.9,80.43,79.58,80.13,2723274.96
1775217600000,80.12,80.9,79.11,80.3,4200740.59
1775232000000,80.3,80.64,79.82,80.16,2052649.37
1775246400000,80.16,80.65,79.9,80.35,1407976.7
1775260800000,80.35,80.37,79.97,80.13,903388.41
1775275200000,80.12,80.5,80.06,80.27,769081.09
1775289600000,80.26,80.35,79.85,80.14,1131608.96
1775304000000,80.15,81.64,79.53,81.05,4332897.48
1775318400000,81.05,81.3,80.56,80.8,3042087.11
1775332800000,80.8,81.02,80.56,80.79,1195464.2
1775347200000,80.79,80.81,80.28,80.51,1139353.32
1775361600000,80.5,80.52,79.3,79.55,2838786.13
1775376000000,79.54,80.2,79.47,79.86,1422883.48
1775390400000,79.87,80.31,78.45,79.55,4850014.74
1775404800000,79.56,80.19,79.32,79.77,1818243.39
1775419200000,79.77,82.11,79.04,81.85,4670153.6
1775433600000,81.86,82.95,81.62,82.07,4889854.57
1775448000000,82.07,82.37,80.91,81.77,3236093.22
1775462400000,81.76,83.18,81.65,82.39,3383117.84
1775476800000,82.4,82.8,81.67,82.24,3369846.56
1775491200000,82.25,82.45,81.13,81.86,2795155.36
1775505600000,81.86,82.1,79.52,79.96,3577653.65
1775520000000,79.96,80.17,79.3,79.73,3031534.5
1775534400000,79.73,80.11,79.23,79.81,2319424.85
1775548800000,79.82,80.55,78.83,79.17,4682102.06
1775563200000,79.17,79.34,78.3,78.82,4662697.35
1775577600000,78.82,81.84,78.6,81.58,7674409.55
1775592000000,81.58,87.19,81.58,85.54,13353036.67
1775606400000,85.53,85.89,84.23,84.53,4318704.03
1775620800000,84.54,85.01,83.85,84.47,3153214.3
1775635200000,84.48,84.95,84.11,84.42,2322272.1
1775649600000,84.42,84.96,82.47,83.29,6640589.02
1775664000000,83.29,84.17,82.74,83.15,2961764.86
1775678400000,83.15,83.58,82.17,82.52,2231113.84
1775692800000,82.52,82.63,81.65,81.97,2983039.43
1775707200000,81.97,82.44,81.7,82.23,1741483.47
1775721600000,82.24,82.68,81.98,82.14,2369534.11
1775736000000,82.13,83.89,81.36,83.69,5491265.13
1775750400000,83.7,84.67,82.87,84.12,6453748.44
1775764800000,84.11,85.93,83.1,83.29,4315878.52
1775779200000,83.29,83.74,82.63,82.84,3049609.13
1775793600000,82.84,83.55,82.82,82.92,1972065.71
1775808000000,82.93,83.73,82.66,83.48,3010837.96
1775822400000,83.49,85.57,83.31,84.2,5889249.07
1775836800000,84.2,85.44,84.08,85.41,2677034.89
1775851200000,85.41,85.66,84.6,84.78,1758539.61
1775865600000,84.78,84.89,84.22,84.35,1335820.97
1775880000000,84.35,84.57,83.82,84.23,1678167.45
1775894400000,84.23,84.76,83.75,84.18,1980714.51
1775908800000,84.18,84.84,83.78,84.63,1887631.79
1775923200000,84.62,86.23,84.56,85.99,3466324.55
1775937600000,85.99,86.14,84.45,84.89,2912798.91
1775952000000,84.89,84.97,81.83,82.27,5797176.45
1775966400000,82.27,82.44,82.01,82.23,1861127.4
1775980800000,82.24,82.36,81.88,82.15,1542761.31
1775995200000,82.15,82.5,81.24,81.55,4146838.39
1776009600000,81.54,82.29,81.48,81.93,1658376.5
1776024000000,81.93,82.86,81.23,81.49,3662987.05
1776038400000,81.48,82.4,81.35,81.86,2186736.64
1776052800000,81.87,82.58,81.48,82.12,2433251.13
1776067200000,82.12,82.25,81.61,81.82,2245089.13
1776081600000,81.82,83.95,81.77,82.62,7522213.94
1776096000000,82.62,84.23,82.31,84.07,5031823.73
1776110400000,84.07,86.8,83.77,86.5,6940322.63
1776124800000,86.49,86.73,85.65,86.03,3694770.21
1776139200000,86.03,86.17,85.4,85.87,2679523.8
1776153600000,85.86,86.52,85.56,85.75,2644204.33
1776168000000,85.74,87.64,85.17,85.92,7468217.76
1776182400000,85.92,86.13,83.66,83.91,5373253.24
1776196800000,83.91,84.11,83.26,83.66,2618910.79
1776211200000,83.66,84.01,83.07,83.4,2734902.64
1776225600000,83.4,83.74,82.6,82.88,2952441.1
1776240000000,82.88,83.65,82.68,83.54,3143285.0
1776254400000,83.55,84.47,83.14,83.94,4703191.3
1776268800000,83.95,85.81,83.86,85.48,4265692.97
1776283200000,85.48,85.59,84.16,84.85,2657611.1
1776297600000,84.86,85.56,84.42,85.26,2123840.29
1776312000000,85.25,85.61,84.93,85.15,1659879.25
1776326400000,85.16,85.47,84.56,85.02,2972320.52
1776340800000,85.03,87.11,83.7,86.57,8638956.32
1776355200000,86.58,90.14,85.58,90.07,9673094.44
1776369600000,90.06,90.58,88.68,89.03,4784367.66
1776384000000,89.02,89.15,87.43,87.67,3178328.32
1776398400000,87.67,88.44,87.3,88.09,2841488.05
1776412800000,88.1,89.48,87.26,88.15,5431457.29
1776427200000,88.16,90.71,87.85,89.91,10142910.04
1776441600000,89.91,90.58,88.84,89.18,4425060.16
1776456000000,89.17,89.43,88.42,88.71,2333233.59
1776470400000,88.71,89.11,88.17,88.27,1478313.94
1776484800000,88.27,88.6,88.1,88.39,1590423.57
1776499200000,88.4,88.45,86.22,86.49,5010392.52
1776513600000,86.48,86.92,86.35,86.7,2359503.07
1776528000000,86.7,86.93,85.71,86.07,2700245.56
1776542400000,86.06,86.42,85.86,86.11,1163994.66
1776556800000,86.1,86.33,85.18,85.55,2106109.66
1776571200000,85.55,85.92,84.28,84.82,3290617.11
1776585600000,84.81,85.67,84.38,85.54,2635919.01
1776600000000,85.55,87.08,85.49,86.32,5268851.24
1776614400000,86.31,86.46,84.82,85.28,2952743.93
1776628800000,85.27,85.31,82.77,83.41,4774513.45
1776643200000,83.42,84.58,83.27,84.53,2530925.14
1776657600000,84.53,85.74,83.7,84.69,3437664.85
1776672000000,84.7,85.37,84.51,85.0,2494045.31
1776686400000,85.01,85.85,84.35,85.82,5571629.21
1776700800000,85.82,86.19,85.21,85.75,3377435.62
1776715200000,85.75,86.18,85.17,85.24,1919462.05
1776729600000,85.25,85.79,84.95,85.14,1961318.95
1776744000000,85.13,85.93,84.97,85.65,2368295.52
1776758400000,85.66,86.47,85.46,85.79,2373738.3
1776772800000,85.79,86.87,85.12,86.0,4868293.46
1776787200000,86.0,86.24,84.26,84.53,4569660.19
1776801600000,84.52,86.11,84.4,86.0,2546719.65
1776816000000,86.01,87.86,85.97,87.21,4131981.91
1776830400000,87.22,88.33,86.93,88.04,4445293.86
1776844800000,88.04,88.88,87.57,88.29,3003423.61
1776859200000,88.29,89.29,87.98,88.13,5351588.4
1776873600000,88.12,88.42,87.05,87.34,3400879.94
1776888000000,87.34,87.69,86.75,86.83,1567852.09
1776902400000,86.83,87.11,85.42,85.72,3975017.23
1776916800000,85.73,86.18,85.45,85.85,2589465.09
1776931200000,85.85,85.89,85.13,85.76,2662434.79
1776945600000,85.76,86.61,85.5,86.3,4370385.61
1776960000000,86.31,86.38,84.42,85.24,5438047.19
1776974400000,85.23,86.21,85.22,86.08,1839097.92
1776988800000,86.08,86.32,85.33,85.63,1917022.0
1777003200000,85.64,85.79,85.1,85.45,2342688.2
1777017600000,85.45,86.24,84.79,86.14,3079436.27
1777032000000,86.14,86.75,85.46,86.46,4173946.89
1777046400000,86.47,86.56,85.87,86.29,1916355.06
1777060800000,86.28,86.92,86.02,86.13,2001064.78
1777075200000,86.13,86.45,85.98,86.42,717522.66
1777089600000,86.41,86.63,86.07,86.31,1182500.76
1777104000000,86.31,86.77,86.19,86.3,1449855.63
1777118400000,86.3,86.63,86.08,86.17,1165618.57
1777132800000,86.18,86.27,85.48,85.62,2022759.88
1777147200000,85.63,86.13,85.55,86.13,860693.59
1777161600000,86.13,86.44,85.78,85.94,1306989.58
1777176000000,85.94,86.7,85.89,86.59,1771063.58
1777190400000,86.59,86.73,86.38,86.46,896023.62
1777204800000,86.45,86.54,85.83,86.5,2202797.03
1777219200000,86.5,87.42,86.22,86.84,2280117.45
1777233600000,86.84,87.29,86.06,86.87,2677304.36
1777248000000,86.88,88.08,86.5,87.69,3859689.47
1777262400000,87.69,87.81,85.2,85.21,5585929.09
1777276800000,85.21,85.58,84.94,85.19,3205106.28
1777291200000,85.19,85.81,83.56,84.09,6154267.82
1777305600000,84.1,84.66,83.76,84.12,2786022.27
1777320000000,84.11,84.88,84.04,84.78,1256006.55
1777334400000,84.78,84.89,83.85,84.12,1689031.86
1777348800000,84.13,84.42,83.58,83.96,2576582.39
1777363200000,83.96,84.15,83.21,83.36,1785799.15
1777377600000,83.35,84.04,82.91,83.43,3641220.07
1777392000000,83.42,83.99,83.27,83.85,1804259.8
1777406400000,83.85,84.15,83.53,84.02,1705013.3
1777420800000,84.02,84.71,83.75,84.55,2339381.0
1777435200000,84.54,85.04,84.39,84.66,2675402.67
1777449600000,84.67,85.53,84.3,84.87,3623466.08
1777464000000,84.87,84.87,82.91,83.2,5886939.49
1777478400000,83.2,83.59,81.31,82.13,7155037.23
1777492800000,82.13,83.2,82.09,83.01,2699689.92
1777507200000,83.02,83.99,82.64,83.02,3249933.26
1777521600000,83.02,83.36,82.1,83.32,2160348.07
1777536000000,83.31,83.55,82.75,82.98,1834897.08
1777550400000,82.97,83.8,82.63,83.3,3149571.46
1777564800000,83.3,83.4,82.82,83.01,1465978.37
1777579200000,82.99,83.01,82.93,83.0,33592.05
1777593600000,83.04,83.08,83.02,83.06,16342.3
1777608000000,83.85,84.2,83.62,83.9,2221610.57
1777622400000,83.91,84.28,83.67,83.98,1531444.87
1777636800000,83.97,84.82,83.81,84.42,4247595.81
1777651200000,84.42,84.6,83.75,83.86,2069694.26
1777665600000,83.85,83.9,83.28,83.7,1638390.45
1777680000000,83.7,84.16,83.39,83.76,1638101.39
1777694400000,83.76,83.82,83.48,83.67,928565.43
1777708800000,83.68,84.11,83.47,83.64,1225612.06
1777723200000,83.64,84.05,83.62,83.99,1514428.38
1777737600000,83.99,84.23,83.89,84.15,834937.45
1777752000000,84.18,84.96,84.05,84.57,999411.88
1777766400000,84.23,84.25,84.23,84.24,2881.1
