timestamp,open,high,low,close,volume
1619899200000,1.5837,1.6686,1.5807,1.6531,472627778.5
1619913600000,1.6531,1.66,1.5338,1.5556,468136583.4
1619928000000,1.5558,1.595,1.5238,1.5656,467766210.3
1619942400000,1.5654,1.5858,1.5412,1.5797,363412560.8
1619956800000,1.5797,1.6041,1.5646,1.5748,305107653.3
1619971200000,1.5748,1.5939,1.5669,1.5907,213155942.4
1619985600000,1.5906,1.6017,1.5505,1.5618,253567225.4
1620000000000,1.5619,1.6039,1.5543,1.5859,258910345.6
1620014400000,1.5859,1.6248,1.5816,1.6143,276835815.3
1620028800000,1.6143,1.6189,1.581,1.5965,261936491.0
1620043200000,1.5964,1.6007,1.4604,1.5553,505218374.9
1620057600000,1.5553,1.5924,1.5291,1.571,306379464.2
1620072000000,1.5711,1.5742,1.531,1.5582,249932019.3
1620086400000,1.5582,1.5619,1.377,1.4486,905622193.5
1620100800000,1.4484,1.5005,1.4362,1.4572,410588850.2
1620115200000,1.4572,1.4975,1.43,1.4713,480028235.2
1620129600000,1.4713,1.48,1.338,1.3683,964031119.9
1620144000000,1.3683,1.4208,1.3189,1.4125,565341006.0
1620158400000,1.4125,1.4774,1.3728,1.3882,435452406.8
1620172800000,1.3882,1.478,1.3657,1.4326,418015766.3
1620187200000,1.4327,1.4618,1.401,1.4537,344536194.6
1620201600000,1.4538,1.58,1.4414,1.566,527276539.9
1620216000000,1.566,1.61,1.5237,1.5409,772933341.5
1620230400000,1.5409,1.6168,1.5406,1.5952,434182821.7
1620244800000,1.5951,1.631,1.5534,1.6181,408551456.3
1620259200000,1.6182,1.7722,1.618,1.6998,939086019.2
1620273600000,1.6998,1.7259,1.5897,1.6581,513441464.4
1620288000000,1.6581,1.6908,1.6238,1.6645,369509131.0
1620302400000,1.6644,1.717,1.6312,1.6697,525618261.4
1620316800000,1.6696,1.724,1.5048,1.62,811562045.4
1620331200000,1.6201,1.6529,1.5801,1.6051,322130568.9
1620345600000,1.6052,1.627,1.52,1.5523,429086423.2
1620360000000,1.5522,1.6086,1.5056,1.578,347410955.0
1620374400000,1.578,1.6088,1.5645,1.588,235958880.6
1620388800000,1.5881,1.6965,1.5831,1.6256,577485675.9
1620403200000,1.6257,1.6336,1.57,1.5944,318101100.8
1620417600000,1.5947,1.6119,1.5338,1.5811,256427243.9
1620432000000,1.5812,1.6239,1.5612,1.6048,220540201.6
1620446400000,1.6045,1.6063,1.57,1.6,176991477.4
1620460800000,1.6,1.63,1.5779,1.5835,197702121.9
1620475200000,1.5836,1.6048,1.541,1.5497,251572170.2
1620489600000,1.5498,1.586,1.5436,1.5812,198518043.5
1620504000000,1.581,1.5969,1.55,1.5635,162936716.0
1620518400000,1.5636,1.6021,1.5,1.519,232236868.4
1620532800000,1.519,1.5496,1.41,1.5089,443905053.9
1620547200000,1.5088,1.5482,1.5072,1.5101,188662425.9
1620561600000,1.51,1.5209,1.454,1.5111,277448617.3
1620576000000,1.5112,1.5348,1.49,1.5088,169132285.3
1620590400000,1.5092,1.5465,1.5063,1.5365,167085671.6
1620604800000,1.5365,1.6023,1.5237,1.5907,319562081.0
1620619200000,1.5909,1.6298,1.5763,1.6086,270998377.8
1620633600000,1.6085,1.6141,1.5322,1.5637,360298989.7
1620648000000,1.5636,1.5753,1.5,1.546,357520282.1
1620662400000,1.546,1.5525,1.35,1.4036,434803317.2
1620676800000,1.4035,1.449,1.2052,1.3909,924538438.5
1620691200000,1.3908,1.4462,1.35,1.3837,376205495.4
1620705600000,1.3837,1.4448,1.3724,1.4378,214517411.2
1620720000000,1.4377,1.4732,1.4146,1.4221,239425328.5
1620734400000,1.4222,1.4579,1.3837,1.4565,331982508.0
1620748800000,1.4569,1.4903,1.4404,1.4703,284508091.6
1620763200000,1.4703,1.4861,1.4451,1.4808,159772529.8
1620777600000,1.4808,1.5499,1.473,1.5393,272905048.9
1620792000000,1.5391,1.5423,1.4651,1.4856,242242644.2
1620806400000,1.4856,1.4955,1.4215,1.462,291733409.1
1620820800000,1.462,1.4786,1.3896,1.407,365417776.2
1620835200000,1.4072,1.418,1.348,1.3966,484823505.0
1620849600000,1.3967,1.44,1.2305,1.2686,715143913.2
1620864000000,1.2685,1.3556,1.1858,1.3375,621333015.9
1620878400000,1.3374,1.3913,1.335,1.3649,277385771.2
1620892800000,1.365,1.3736,1.2214,1.29,669917777.9
1620907200000,1.29,1.3743,1.2765,1.301,490745528.6
1620921600000,1.301,1.3408,1.2298,1.2579,630859547.2
1620936000000,1.258,1.3668,1.25,1.3657,325704850.4
1620950400000,1.3657,1.3762,1.328,1.3345,219880176.4
1620964800000,1.3344,1.3991,1.3224,1.3799,251648547.7
1620979200000,1.38,1.4287,1.3771,1.4076,281939118.9
1620993600000,1.4075,1.4337,1.3814,1.4127,230972763.7
1621008000000,1.4126,1.4505,1.3773,1.3808,257841433.9
1621022400000,1.381,1.4202,1.3418,1.4003,229991624.6
1621036800000,1.4003,1.4299,1.3779,1.3966,229598133.2
1621051200000,1.3964,1.416,1.3415,1.3491,244660086.2
1621065600000,1.3492,1.3697,1.3221,1.3574,261379628.4
1621080000000,1.3576,1.584,1.3484,1.5206,1016307710.4
1621094400000,1.5207,1.5287,1.4068,1.4831,949469372.7
1621108800000,1.4835,1.5722,1.45,1.4927,673115218.3
1621123200000,1.4928,1.6038,1.4853,1.5991,534641160.9
1621137600000,1.5991,1.6037,1.5474,1.5903,354884229.1
1621152000000,1.5903,1.615,1.5348,1.5433,383354361.6
1621166400000,1.5433,1.5584,1.4736,1.4843,455757100.6
1621180800000,1.4843,1.505,1.3386,1.3876,791015173.7
1621195200000,1.388,1.4625,1.3572,1.4503,588324971.5
1621209600000,1.45,1.4501,1.3365,1.3517,511021901.1
1621224000000,1.3519,1.4593,1.3257,1.4509,547288482.3
1621238400000,1.4508,1.5492,1.4331,1.5434,630169307.5
1621252800000,1.5432,1.565,1.4507,1.4721,732390821.3
1621267200000,1.4721,1.55,1.4425,1.5333,835102533.9
1621281600000,1.5333,1.5485,1.4554,1.4968,397504123.0
1621296000000,1.4968,1.5357,1.4725,1.5261,292703661.4
1621310400000,1.526,1.5499,1.5055,1.5175,285670721.7
1621324800000,1.5176,1.7069,1.5066,1.6719,987628150.6
1621339200000,1.6714,1.6869,1.52,1.549,1263488463.6
1621353600000,1.5492,1.6264,1.531,1.5794,725862419.2
1621368000000,1.5794,1.6204,1.5559,1.5898,415569266.2
1621382400000,1.5896,1.647,1.4573,1.4898,857996051.1
1621396800000,1.4899,1.5088,1.3605,1.478,960820469.6
1621411200000,1.4784,1.4834,1.0794,1.277,1119258615.1
1621425600000,1.2772,1.3188,0.8311,1.2061,1298822720.5
1621440000000,1.2058,1.2854,1.1322,1.1674,899265982.3
1621454400000,1.1675,1.1821,1.0564,1.0578,580512753.8
1621468800000,1.0579,1.1131,0.9018,1.1057,1043695646.4
1621483200000,1.1056,1.2291,1.102,1.1862,601311686.0
1621497600000,1.1861,1.2013,1.122,1.1791,529852888.9
1621512000000,1.1792,1.2659,1.1573,1.2175,655065952.4
1621526400000,1.2175,1.2208,1.1078,1.1804,600340507.4
1621540800000,1.1804,1.2115,1.1551,1.1809,319028029.6
1621555200000,1.1809,1.2208,1.1478,1.149,283743876.4
1621569600000,1.1492,1.1586,1.0925,1.1223,382165841.3
1621584000000,1.1225,1.1453,1.093,1.1326,336732671.6
1621598400000,1.1327,1.1476,0.99,1.0141,887936222.2
1621612800000,1.0142,1.063,0.9696,0.99,696239198.9
1621627200000,0.9898,1.0164,0.8647,1.0069,709105988.6
1621641600000,1.0068,1.0167,0.9171,0.9345,447986122.1
1621656000000,0.9344,0.9455,0.8152,0.8891,885278025.8
1621670400000,0.8888,0.9577,0.8883,0.9306,490668568.6
1621684800000,0.9307,0.955,0.8749,0.9122,558550780.3
1621699200000,0.9126,0.9196,0.8669,0.8741,439922568.8
1621713600000,0.8742,0.9482,0.8736,0.9055,372981288.4
1621728000000,0.9056,0.9686,0.877,0.9228,404747836.9
1621742400000,0.9227,0.9271,0.8651,0.8786,399050011.1
1621756800000,0.8786,0.8788,0.7666,0.785,1104407300.8
1621771200000,0.785,0.7971,0.6804,0.715,1387605306.9
1621785600000,0.715,0.7222,0.65,0.7013,984713576.8
1621800000000,0.7011,0.8144,0.701,0.7899,655623580.9
1621814400000,0.7899,0.8261,0.7534,0.7949,540405847.7
1621828800000,0.7948,0.8617,0.7664,0.8581,578225928.2
1621843200000,0.858,0.886,0.8243,0.8758,638576120.6
1621857600000,0.8758,0.895,0.8452,0.8637,643575049.9
1621872000000,0.8637,0.9379,0.837,0.9321,525945878.7
1621886400000,0.9319,0.9978,0.9074,0.9936,570981186.7
1621900800000,0.9935,1.0591,0.9512,0.9768,749144007.1
1621915200000,0.9767,1.0374,0.9462,1.0168,539066829.9
1621929600000,1.0168,1.0234,0.8962,0.9004,748064204.0
1621944000000,0.9003,0.958,0.8807,0.9516,762332333.4
1621958400000,0.9516,0.957,0.9079,0.9156,433581449.5
1621972800000,0.9156,0.98,0.9136,0.9745,346798950.6
1621987200000,0.9744,1.0139,0.946,1.009,407001353.7
1622001600000,1.009,1.0705,0.9932,1.0507,425648183.9
1622016000000,1.0507,1.0629,1.0069,1.0289,471289081.0
1622030400000,1.0289,1.0422,0.9704,0.9916,515473533.7
1622044800000,0.9917,1.0045,0.9703,0.9914,356882337.9
1622059200000,0.9914,1.0348,0.9852,1.0303,278976828.6
1622073600000,1.0304,1.0417,0.9303,0.9537,464823420.8
1622088000000,0.9534,0.9968,0.9408,0.9883,312947340.9
1622102400000,0.9884,1.0253,0.9683,1.017,348750488.9
1622116800000,1.0172,1.0372,1.0055,1.014,335962323.3
1622131200000,1.0139,1.0184,0.972,0.9806,282500480.6
1622145600000,0.9805,0.9927,0.9602,0.9747,271560981.6
1622160000000,0.975,0.9849,0.9472,0.9697,259178469.9
1622174400000,0.9696,0.9698,0.8707,0.9035,542043752.2
1622188800000,0.9034,0.911,0.8457,0.8526,604140753.5
1622203200000,0.8526,0.9143,0.8476,0.9115,530017783.7
1622217600000,0.9114,0.9123,0.8785,0.9038,387509764.6
1622232000000,0.9038,0.9095,0.859,0.8988,337793418.5
1622246400000,0.8991,0.9379,0.896,0.9301,300870679.1
1622260800000,0.9301,0.9425,0.8922,0.897,302533098.8
1622275200000,0.897,0.9042,0.8515,0.8731,362941618.0
1622289600000,0.873,0.8737,0.8109,0.8302,476454252.3
1622304000000,0.83,0.8443,0.7996,0.8132,439802894.1
1622318400000,0.8132,0.8424,0.792,0.8306,355708433.9
1622332800000,0.8308,0.843,0.7961,0.8371,349026215.4
1622347200000,0.8372,0.8875,0.8351,0.8804,347943365.4
1622361600000,0.8803,0.9079,0.87,0.9072,333228012.6
1622376000000,0.9071,0.9156,0.8611,0.8818,399735843.3
1622390400000,0.8818,0.9081,0.8773,0.8977,278140266.6
1622404800000,0.8977,0.9332,0.893,0.9047,327304200.8
1622419200000,0.9048,0.948,0.88,0.897,474589631.3
1622433600000,0.897,1.012,0.8844,0.9952,675647385.1
1622448000000,0.9951,1.034,0.9818,1.007,627619224.0
1622462400000,1.0069,1.0219,0.975,1.0146,548817620.3
1622476800000,1.0145,1.0243,0.98,0.9941,374308237.7
1622491200000,0.9941,1.05,0.9887,1.041,262710500.6
1622505600000,1.041,1.1013,1.0247,1.0369,590946338.6
1622520000000,1.0367,1.0784,1.027,1.0507,411967239.2
1622534400000,1.0506,1.0567,0.9922,1.0298,525064344.3
1622548800000,1.0297,1.0456,0.9843,1.0079,635404471.8
1622563200000,1.008,1.0151,0.9742,0.9858,350347384.6
1622577600000,0.9859,1.0183,0.9852,1.0109,213312755.4
1622592000000,1.0109,1.02,0.9791,1.0068,258888406.0
1622606400000,1.0068,1.029,0.9982,1.0209,221548361.3
1622620800000,1.0208,1.0332,1.0,1.0118,269979169.8
1622635200000,1.0118,1.0501,1.0061,1.0387,339196112.3
1622649600000,1.0388,1.0466,1.0175,1.033,235388631.4
1622664000000,1.033,1.0374,1.0118,1.0245,190782458.9
1622678400000,1.0247,1.0347,1.0067,1.026,203536892.5
1622692800000,1.0261,1.0442,1.0225,1.034,236757674.9
1622707200000,1.0341,1.0796,1.0304,1.0425,399631142.8
1622721600000,1.0425,1.049,1.0205,1.0249,306861648.9
1622736000000,1.0249,1.0419,1.0217,1.0318,190436112.0
1622750400000,1.0319,1.05,1.0298,1.0456,156084932.8
1622764800000,1.0455,1.0467,0.9441,0.9971,436802975.3
1622779200000,0.9971,1.0016,0.9156,0.9396,454898985.0
1622793600000,0.9395,0.9587,0.9249,0.9424,313265617.1
1622808000000,0.9424,0.9665,0.916,0.965,387101382.9
1622822400000,0.9651,0.9811,0.9557,0.9677,199137630.5
1622836800000,0.9677,0.9891,0.952,0.9691,224859151.3
1622851200000,0.969,0.992,0.9622,0.9797,195330252.3
1622865600000,0.9796,0.9977,0.9789,0.9885,155519949.2
1622880000000,0.9885,0.9947,0.9325,0.9399,353781730.9
1622894400000,0.9399,0.944,0.9203,0.9413,363906931.9
1622908800000,0.9414,0.9416,0.9245,0.9274,174184861.7
1622923200000,0.9273,0.9468,0.8902,0.9227,332251505.2
1622937600000,0.9227,0.9408,0.9166,0.9363,203294181.4
1622952000000,0.9362,0.95,0.9335,0.9415,181357921.8
1622966400000,0.9414,0.9452,0.9263,0.9316,170078719.8
1622980800000,0.9316,0.9427,0.9218,0.9401,227585216.6
1622995200000,0.94,0.9451,0.9311,0.933,129432373.5
1623009600000,0.9331,0.947,0.9277,0.9466,172445722.9
1623024000000,0.9466,0.976,0.9463,0.9624,315613480.8
1623038400000,0.9624,0.9673,0.9482,0.9539,172006424.7
1623052800000,0.954,0.9643,0.946,0.9592,196743038.4
1623067200000,0.9591,0.9695,0.9372,0.9437,240661932.3
1623081600000,0.9438,0.9452,0.9253,0.9286,220283049.0
1623096000000,0.9287,0.9311,0.8351,0.8617,565679816.3
1623110400000,0.8617,0.874,0.8263,0.8446,464861448.1
1623124800000,0.8445,0.8711,0.8339,0.8643,376421706.3
1623139200000,0.8643,0.8838,0.8517,0.865,350366229.8
1623153600000,0.8649,0.8671,0.7825,0.8091,636847748.5
1623168000000,0.8092,0.8658,0.8007,0.8617,446896821.6
1623182400000,0.8617,0.8854,0.8584,0.8733,311305809.6
1623196800000,0.8732,0.876,0.8296,0.8452,382281282.8
1623211200000,0.8452,0.873,0.8326,0.8664,351980156.3
1623225600000,0.8665,0.8764,0.855,0.8737,312121216.2
1623240000000,0.8737,0.8958,0.8482,0.8898,503368672.5
1623254400000,0.8898,0.905,0.876,0.8797,347488883.7
1623268800000,0.8799,0.9218,0.8754,0.9218,209672051.1
1623283200000,0.9218,0.9298,0.8924,0.8933,275729222.3
1623297600000,0.8933,0.9,0.879,0.8882,210789412.9
1623312000000,0.8882,0.8996,0.8609,0.8853,343964018.1
1623326400000,0.8853,0.8871,0.8601,0.8663,279560211.9
1623340800000,0.8663,0.8719,0.8556,0.8663,202586241.9
1623355200000,0.8664,0.8789,0.852,0.8692,159770027.2
1623369600000,0.8692,0.875,0.845,0.8689,217513622.8
1623384000000,0.8689,0.8745,0.8557,0.8668,148831570.1
1623398400000,0.8668,0.875,0.8613,0.8691,141616494.2
1623412800000,0.8691,0.8809,0.8547,0.8581,213848703.4
1623427200000,0.8581,0.8603,0.8416,0.8528,175264609.4
1623441600000,0.853,0.8609,0.8324,0.8471,188070490.6
1623456000000,0.8471,0.8479,0.8048,0.8184,257045000.8
1623470400000,0.8184,0.8252,0.8076,0.8198,194084700.7
1623484800000,0.8197,0.8317,0.8069,0.825,218088791.1
1623499200000,0.825,0.8397,0.8225,0.8294,179294930.1
1623513600000,0.8294,0.8425,0.8255,0.8389,126132301.9
1623528000000,0.8388,0.8429,0.8302,0.8326,100196792.0
1623542400000,0.8325,0.8424,0.8237,0.8244,115764787.3
1623556800000,0.8244,0.8283,0.8167,0.8233,109405751.3
1623571200000,0.8233,0.8363,0.821,0.833,127402462.3
1623585600000,0.8329,0.8375,0.8237,0.8301,143675237.5
1623600000000,0.8301,0.866,0.8282,0.8622,249512952.8
1623614400000,0.8623,0.888,0.8606,0.8836,251725736.9
1623628800000,0.8837,0.8943,0.8666,0.8707,183284247.5
1623643200000,0.8707,0.8779,0.8683,0.8754,115434289.8
1623657600000,0.8755,0.8762,0.8629,0.866,130044691.6
1623672000000,0.866,0.8927,0.8629,0.8919,244348711.6
1623686400000,0.8918,0.93,0.8822,0.8891,377121260.9
1623700800000,0.8892,0.893,0.884,0.8902,111577922.0
1623715200000,0.8902,0.9019,0.8765,0.8865,173087873.1
1623729600000,0.8865,0.899,0.8843,0.8943,139096896.7
1623744000000,0.8943,0.8959,0.8731,0.8789,186956539.8
1623758400000,0.879,0.8854,0.8543,0.8657,202975463.8
1623772800000,0.8658,0.8835,0.8618,0.8736,211798685.6
1623787200000,0.8736,0.8757,0.865,0.8665,103253369.8
1623801600000,0.8664,0.8669,0.8511,0.8642,116012299.0
1623816000000,0.8643,0.8737,0.8637,0.8674,105661378.5
1623830400000,0.8674,0.8713,0.837,0.8409,202387888.5
1623844800000,0.8408,0.8451,0.8251,0.8331,213542437.4
1623859200000,0.833,0.8485,0.8254,0.8421,266243633.3
1623873600000,0.8422,0.8457,0.8277,0.8321,123729014.4
1623888000000,0.8321,0.8612,0.8302,0.8562,177189914.7
1623902400000,0.8562,0.8617,0.8517,0.8559,118456113.9
1623916800000,0.856,0.8596,0.852,0.8526,110139024.2
1623931200000,0.8526,0.8543,0.8423,0.8514,172433613.2
1623945600000,0.8513,0.8548,0.8226,0.8284,197527806.5
1623960000000,0.8285,0.8427,0.8243,0.8415,141906267.8
1623974400000,0.8414,0.8417,0.8288,0.8398,125740979.4
1623988800000,0.8398,0.8447,0.8343,0.8429,103340358.2
1624003200000,0.8429,0.8455,0.8259,0.837,158059414.7
1624017600000,0.837,0.8387,0.7897,0.793,341361995.8
1624032000000,0.793,0.8018,0.7671,0.7763,275843196.1
1624046400000,0.7764,0.798,0.7744,0.7971,174002110.0
1624060800000,0.7971,0.8054,0.7829,0.7861,162161369.5
1624075200000,0.7862,0.7997,0.7817,0.7963,148037672.9
1624089600000,0.7964,0.7979,0.7852,0.7954,122205743.7
1624104000000,0.7953,0.804,0.7863,0.7964,147348764.0
1624118400000,0.7964,0.7987,0.7741,0.7857,130427581.4
1624132800000,0.7857,0.7883,0.755,0.7577,147639725.3
1624147200000,0.7577,0.76,0.7289,0.7468,280035133.5
1624161600000,0.7469,0.7656,0.7455,0.754,156256614.2
1624176000000,0.7541,0.7555,0.702,0.706,366233137.8
1624190400000,0.7062,0.735,0.6955,0.7276,354328688.7
1624204800000,0.7276,0.7585,0.7259,0.7541,213584354.5
1624219200000,0.754,0.785,0.7524,0.7742,267428490.2
1624233600000,0.7742,0.7805,0.7251,0.7268,261275094.6
1624248000000,0.7268,0.7341,0.6795,0.6962,668509911.9
1624262400000,0.6962,0.7062,0.6514,0.679,647041403.4
1624276800000,0.679,0.6897,0.6539,0.6732,413119784.0
1624291200000,0.6734,0.6787,0.6517,0.6634,310899411.1
1624305600000,0.6633,0.6805,0.6033,0.6066,554470713.3
1624320000000,0.6065,0.6496,0.5688,0.641,691580330.0
1624334400000,0.6409,0.6431,0.611,0.6179,310826978.8
1624348800000,0.6178,0.6188,0.5587,0.5628,721336324.9
1624363200000,0.5628,0.5721,0.5085,0.5687,1146153785.7
1624377600000,0.5688,0.5951,0.5637,0.5677,625219990.4
1624392000000,0.5676,0.589,0.5385,0.5464,484094024.5
1624406400000,0.5465,0.6197,0.5197,0.6033,761813435.3
1624420800000,0.6035,0.659,0.5984,0.6474,494267584.2
1624435200000,0.6475,0.6573,0.6266,0.6374,463494224.3
1624449600000,0.6374,0.6658,0.6134,0.6179,574888092.6
1624464000000,0.6179,0.6305,0.6007,0.6008,358490649.6
1624478400000,0.601,0.6407,0.6005,0.638,320017065.3
1624492800000,0.638,0.6626,0.6158,0.6308,459503268.4
1624507200000,0.6308,0.6463,0.6294,0.638,304274382.1
1624521600000,0.6379,0.6577,0.632,0.6553,273387524.4
1624536000000,0.6553,0.6756,0.6465,0.663,395915208.2
1624550400000,0.663,0.6924,0.6572,0.6798,369822810.5
1624564800000,0.6799,0.6839,0.6673,0.6732,186059762.1
1624579200000,0.6733,0.6885,0.6561,0.6798,342576213.8
1624593600000,0.6797,0.6807,0.642,0.6505,297577725.0
1624608000000,0.6505,0.6509,0.6221,0.6349,436343324.5
1624622400000,0.6347,0.6505,0.6182,0.6231,457535261.7
1624636800000,0.6231,0.6295,0.6015,0.6213,431222303.0
1624651200000,0.6213,0.6291,0.6045,0.6106,243373935.6
1624665600000,0.6106,0.6264,0.6046,0.6177,266397562.3
1624680000000,0.6177,0.6326,0.5839,0.5895,305068096.0
1624694400000,0.5896,0.6099,0.5809,0.6064,337720504.4
1624708800000,0.6064,0.6126,0.5865,0.601,310702049.3
1624723200000,0.601,0.6095,0.5873,0.5992,200267298.9
1624737600000,0.5992,0.617,0.5905,0.6159,148533732.0
1624752000000,0.6159,0.6296,0.6081,0.6295,255354028.1
1624766400000,0.6294,0.6329,0.6126,0.6227,186761330.6
1624780800000,0.6228,0.6251,0.6023,0.6099,282765074.8
1624795200000,0.6099,0.617,0.6036,0.608,204259517.0
1624809600000,0.6079,0.6119,0.5956,0.6044,187446990.9
1624824000000,0.6044,0.6521,0.5982,0.648,315334615.2
1624838400000,0.648,0.6542,0.6354,0.6371,239406441.7
1624852800000,0.6372,0.6486,0.635,0.6445,197667799.4
1624867200000,0.6446,0.6488,0.6258,0.6281,252713232.0
1624881600000,0.628,0.6534,0.6238,0.6528,265424694.9
1624896000000,0.6528,0.6569,0.6401,0.6439,232498866.6
1624910400000,0.644,0.6545,0.638,0.6439,151027128.9
1624924800000,0.6439,0.6624,0.6411,0.6485,228009970.0
1624939200000,0.6485,0.6749,0.648,0.6602,240426429.4
1624953600000,0.6601,0.7194,0.658,0.7149,454268534.3
1624968000000,0.715,0.7343,0.7032,0.7159,646472897.9
1624982400000,0.7159,0.7253,0.7054,0.7211,269052159.6
1624996800000,0.7211,0.7219,0.6916,0.7065,267232081.6
1625011200000,0.7064,0.7147,0.6754,0.6784,332622140.0
1625025600000,0.6784,0.692,0.6653,0.6914,310046828.7
1625040000000,0.6915,0.6918,0.6689,0.6774,287914160.7
1625054400000,0.6774,0.6803,0.6502,0.6545,335503252.4
1625068800000,0.6545,0.687,0.6475,0.6828,273366290.2
1625083200000,0.6827,0.7066,0.6772,0.7057,275815958.4
1625097600000,0.7057,0.7059,0.6722,0.6733,226944257.7
1625112000000,0.6734,0.687,0.6551,0.6559,306889648.5
1625126400000,0.656,0.6682,0.651,0.668,277492146.8
1625140800000,0.6679,0.6711,0.6534,0.6611,242467625.8
1625155200000,0.661,0.6685,0.6432,0.6509,240620641.4
1625169600000,0.6508,0.6678,0.6508,0.659,158397323.5
1625184000000,0.659,0.6677,0.638,0.6419,203499783.7
1625198400000,0.6418,0.6532,0.6383,0.6497,188989554.2
1625212800000,0.6497,0.6536,0.634,0.6375,237434022.5
1625227200000,0.6374,0.6518,0.6324,0.6516,225739611.8
1625241600000,0.6516,0.6518,0.6389,0.6439,152305007.1
1625256000000,0.6439,0.6571,0.639,0.6555,135744540.4
1625270400000,0.6555,0.6588,0.6425,0.6464,139194127.3
1625284800000,0.6464,0.6822,0.6454,0.6761,221352603.6
1625299200000,0.6762,0.6804,0.6643,0.6691,221959775.2
1625313600000,0.669,0.6763,0.6653,0.6732,168281445.0
1625328000000,0.6731,0.6789,0.6693,0.6784,119955465.2
1625342400000,0.6783,0.6849,0.6623,0.6728,177596220.4
1625356800000,0.6729,0.6745,0.6652,0.672,132866157.5
1625371200000,0.672,0.7007,0.6718,0.6973,226376461.0
1625385600000,0.6974,0.6994,0.6871,0.6932,174558438.4
1625400000000,0.6933,0.6961,0.6878,0.6957,165185905.6
1625414400000,0.6957,0.7053,0.6912,0.7013,168246034.7
1625428800000,0.7012,0.7089,0.6906,0.6958,181968794.9
1625443200000,0.6958,0.6965,0.6756,0.679,239711500.5
1625457600000,0.679,0.6805,0.6711,0.6763,162863978.2
1625472000000,0.6764,0.6823,0.6436,0.6489,286581848.3
1625486400000,0.6489,0.66,0.6468,0.6551,223749665.5
1625500800000,0.6551,0.6677,0.6465,0.6655,203802717.1
1625515200000,0.6655,0.669,0.6515,0.6523,150483582.1
1625529600000,0.6522,0.6646,0.6506,0.6642,144301724.2
1625544000000,0.6642,0.679,0.664,0.6773,199606701.0
1625558400000,0.6773,0.6797,0.6559,0.6619,268357102.0
1625572800000,0.6619,0.6685,0.6575,0.6626,186444581.9
1625587200000,0.6626,0.6654,0.6551,0.6602,151310122.6
1625601600000,0.6602,0.6661,0.6515,0.6647,104626215.4
1625616000000,0.6646,0.6704,0.6582,0.6694,136464332.4
1625630400000,0.6693,0.6739,0.6646,0.6676,155131956.8
1625644800000,0.6677,0.6726,0.6644,0.6697,136633818.0
1625659200000,0.6697,0.6728,0.6606,0.662,162932963.9
1625673600000,0.662,0.6694,0.6592,0.667,110179000.4
1625688000000,0.6671,0.6673,0.649,0.6516,166879353.1
1625702400000,0.6515,0.6539,0.6245,0.6371,265200884.4
1625716800000,0.6372,0.64,0.613,0.6192,249478198.7
1625731200000,0.6192,0.6239,0.6107,0.6234,226998646.5
1625745600000,0.6234,0.6297,0.6151,0.6281,193760653.1
1625760000000,0.6281,0.63,0.6215,0.6264,138675871.2
1625774400000,0.6264,0.6276,0.6119,0.6216,125490589.3
1625788800000,0.6215,0.6229,0.5911,0.6152,301447276.6
1625803200000,0.6152,0.6275,0.6144,0.6179,168917619.2
1625817600000,0.6179,0.6179,0.6051,0.6094,170933230.1
1625832000000,0.6095,0.6453,0.6065,0.6367,330808056.8
1625846400000,0.6367,0.6395,0.6225,0.6309,171730068.7
1625860800000,0.6309,0.6417,0.6269,0.6367,122889900.2
1625875200000,0.6366,0.649,0.6296,0.6313,169629805.3
1625889600000,0.6312,0.6323,0.6207,0.6253,150704931.0
1625904000000,0.6254,0.6285,0.62,0.6229,125923925.0
1625918400000,0.6228,0.6256,0.6176,0.6231,112781444.6
1625932800000,0.6231,0.632,0.6115,0.6194,184782088.6
1625947200000,0.6194,0.6269,0.6151,0.6247,108403726.8
1625961600000,0.6247,0.63,0.6183,0.6201,98931135.5
1625976000000,0.6201,0.6233,0.6166,0.6217,88789253.7
1625990400000,0.6217,0.6287,0.6196,0.6277,97792219.4
1626004800000,0.6277,0.633,0.6237,0.6298,123986409.1
1626019200000,0.6298,0.6449,0.6297,0.6322,171167545.2
1626033600000,0.6322,0.6431,0.6279,0.6363,137071405.9
1626048000000,0.6363,0.6484,0.6319,0.6459,171665553.3
1626062400000,0.646,0.6571,0.645,0.6517,199843995.2
1626076800000,0.6516,0.6536,0.6345,0.6347,232025826.5
1626091200000,0.6347,0.6377,0.6301,0.6315,177195541.8
1626105600000,0.6316,0.635,0.6168,0.6212,229835318.7
1626120000000,0.6211,0.6317,0.6189,0.6285,145106739.6
1626134400000,0.6284,0.6327,0.6243,0.6275,105162696.9
1626148800000,0.6275,0.6437,0.6167,0.6372,258804402.7
1626163200000,0.6372,0.6394,0.6266,0.6289,170963443.9
1626177600000,0.6289,0.6289,0.6149,0.6221,271342724.8
1626192000000,0.6221,0.6274,0.6103,0.6121,197766704.9
1626206400000,0.612,0.6225,0.6081,0.6192,161335659.6
1626220800000,0.6191,0.6215,0.5845,0.5922,301050272.8
1626235200000,0.5923,0.6025,0.5905,0.6,204418504.3
1626249600000,0.6001,0.6116,0.5912,0.6078,244042776.9
1626264000000,0.6077,0.6232,0.6049,0.6183,256913058.7
1626278400000,0.6183,0.6244,0.6131,0.6174,150775975.8
1626292800000,0.6173,0.625,0.6162,0.6197,144894550.6
1626307200000,0.6197,0.6272,0.6114,0.6141,180440387.2
1626321600000,0.6142,0.6155,0.6068,0.609,159531347.0
1626336000000,0.609,0.6139,0.6001,0.6021,209941417.6
1626350400000,0.6022,0.6057,0.5947,0.5998,182367145.8
1626364800000,0.5998,0.6041,0.587,0.6002,199412865.2
1626379200000,0.6002,0.6063,0.5931,0.5978,153191123.6
1626393600000,0.5978,0.6195,0.5928,0.6099,251872086.8
1626408000000,0.61,0.6149,0.5985,0.6036,155050977.8
1626422400000,0.6035,0.6039,0.5869,0.5877,213472704.1
1626436800000,0.5878,0.6037,0.5872,0.6032,259022972.8
1626451200000,0.6031,0.6046,0.5962,0.5986,148256043.7
1626465600000,0.5986,0.6008,0.588,0.5894,124042323.9
1626480000000,0.5894,0.5975,0.5566,0.579,325274162.5
1626494400000,0.579,0.5872,0.5754,0.5829,121233756.3
1626508800000,0.5829,0.5888,0.5732,0.5765,169783049.5
1626523200000,0.5766,0.5844,0.5758,0.5807,127769045.0
1626537600000,0.5807,0.5948,0.5788,0.5935,131280077.9
1626552000000,0.5936,0.5945,0.581,0.5819,92346248.0
1626566400000,0.582,0.6016,0.5809,0.596,164196377.5
1626580800000,0.5961,0.5962,0.5845,0.5861,123953181.9
1626595200000,0.5861,0.5898,0.5837,0.5891,106051864.7
1626609600000,0.589,0.59,0.5702,0.5814,173583100.8
1626624000000,0.5815,0.5864,0.5791,0.5849,90116345.7
1626638400000,0.5849,0.5927,0.5813,0.5866,131021384.8
1626652800000,0.5865,0.5888,0.5747,0.5833,152762241.4
1626667200000,0.5833,0.588,0.5823,0.583,92547202.4
1626681600000,0.5829,0.584,0.5676,0.5678,199141423.1
1626696000000,0.5678,0.5716,0.5525,0.558,324881680.6
1626710400000,0.558,0.5615,0.5537,0.5612,112120490.7
1626724800000,0.5612,0.5633,0.5556,0.5569,106382012.3
1626739200000,0.557,0.5698,0.5173,0.5237,509493733.5
1626753600000,0.5238,0.5334,0.5222,0.5325,189529683.4
1626768000000,0.5325,0.533,0.5151,0.5224,228257944.3
1626782400000,0.5224,0.5364,0.52,0.5328,242372615.9
1626796800000,0.5328,0.5362,0.5277,0.5322,119378012.5
1626811200000,0.5322,0.5353,0.5252,0.5283,121034756.2
1626825600000,0.5282,0.5337,0.5187,0.5323,159722820.7
1626840000000,0.5322,0.5499,0.5315,0.5459,249201798.6
1626854400000,0.546,0.5591,0.543,0.5569,216780574.3
1626868800000,0.5569,0.57,0.5523,0.5691,222495332.5
1626883200000,0.569,0.584,0.5608,0.5627,404385248.8
1626897600000,0.5627,0.5726,0.5589,0.5712,169375121.7
1626912000000,0.5713,0.5785,0.5606,0.5648,159900139.5
1626926400000,0.5647,0.5919,0.5642,0.5792,256429265.7
1626940800000,0.5792,0.584,0.5665,0.5721,208310161.6
1626955200000,0.572,0.5914,0.5627,0.5898,215625999.4
1626969600000,0.5897,0.603,0.5853,0.5958,198596146.5
1626984000000,0.5959,0.5998,0.5867,0.5921,124353446.1
1626998400000,0.5921,0.6037,0.5882,0.5969,151121390.2
1627012800000,0.5969,0.6092,0.5954,0.5991,156253657.8
1627027200000,0.5992,0.5997,0.5882,0.5901,163095567.5
1627041600000,0.5902,0.5983,0.5833,0.5854,139952096.3
1627056000000,0.5856,0.5856,0.5751,0.5837,153369255.8
1627070400000,0.5837,0.61,0.5825,0.6092,167625559.2
1627084800000,0.6092,0.6125,0.6029,0.6081,157523198.2
1627099200000,0.6082,0.6152,0.6046,0.6101,110610195.9
1627113600000,0.6101,0.6105,0.6019,0.6061,127085999.6
1627128000000,0.6061,0.6094,0.6036,0.6059,105233098.5
1627142400000,0.6057,0.6204,0.6008,0.602,166944320.4
1627156800000,0.602,0.6096,0.5995,0.6082,102887630.0
1627171200000,0.6082,0.6119,0.5961,0.6016,122832022.4
1627185600000,0.6017,0.61,0.6006,0.6078,104682477.9
1627200000000,0.6078,0.6094,0.5981,0.6013,98272594.6
1627214400000,0.6013,0.6021,0.5905,0.5955,140290108.6
1627228800000,0.5955,0.6011,0.5915,0.5983,96056195.1
1627243200000,0.5984,0.6068,0.596,0.6064,88490131.2
1627257600000,0.6063,0.6595,0.6043,0.6561,511972494.4
1627272000000,0.6562,0.6772,0.645,0.6554,365541263.0
1627286400000,0.6554,0.6634,0.6462,0.6601,190526768.2
1627300800000,0.6601,0.6651,0.6462,0.6549,223057817.6
1627315200000,0.6548,0.6792,0.6536,0.6633,236065294.0
1627329600000,0.6632,0.6647,0.6151,0.6233,379505336.2
1627344000000,0.6233,0.6355,0.612,0.6189,233585364.7
1627358400000,0.619,0.6287,0.6183,0.627,155832892.6
1627372800000,0.6269,0.6409,0.624,0.6408,140763701.8
1627387200000,0.6409,0.6527,0.6335,0.6434,358685161.5
1627401600000,0.6434,0.6445,0.624,0.6307,199708050.3
1627416000000,0.6308,0.6468,0.6307,0.6448,139972652.1
1627430400000,0.6448,0.6484,0.6356,0.6403,193805467.9
1627444800000,0.6403,0.74,0.6305,0.7273,997662636.7
1627459200000,0.7271,0.7549,0.7114,0.7315,1504636161.1
1627473600000,0.7316,0.7381,0.7006,0.7114,673611374.4
1627488000000,0.7114,0.7288,0.6879,0.7117,647213206.4
1627502400000,0.7117,0.737,0.7001,0.732,339502453.5
1627516800000,0.7322,0.7412,0.6971,0.6996,445102776.6
1627531200000,0.6997,0.7141,0.6977,0.7053,242941971.5
1627545600000,0.7054,0.7139,0.698,0.7015,257313058.6
1627560000000,0.7016,0.7115,0.6974,0.7077,241245808.4
1627574400000,0.7077,0.7165,0.7014,0.7139,181011792.0
1627588800000,0.714,0.7666,0.7075,0.7492,599356670.9
1627603200000,0.7491,0.7621,0.735,0.7553,397082972.1
1627617600000,0.7553,0.759,0.744,0.747,227768910.7
1627632000000,0.747,0.747,0.7117,0.7197,414424569.2
1627646400000,0.7197,0.7253,0.7179,0.7217,190348934.6
1627660800000,0.7217,0.7476,0.718,0.7405,356675767.3
1627675200000,0.7406,0.7697,0.7392,0.752,496603314.5
1627689600000,0.752,0.759,0.741,0.7506,218599989.9
1627704000000,0.7505,0.752,0.736,0.7443,194833983.1
1627718400000,0.7443,0.7595,0.7438,0.7533,194721473.2
1627732800000,0.7534,0.7556,0.7382,0.7475,197817513.6
1627747200000,0.7476,0.7494,0.738,0.7467,131438911.7
1627761600000,0.7467,0.7569,0.743,0.7464,165719777.7
1627776000000,0.7465,0.7779,0.7401,0.7749,299435294.3
1627790400000,0.7748,0.7783,0.7578,0.7674,260203017.5
1627804800000,0.7673,0.7709,0.7542,0.7607,201691373.3
1627819200000,0.7608,0.765,0.7518,0.7571,181252187.1
1627833600000,0.7571,0.7623,0.7426,0.7588,282345912.6
1627848000000,0.7588,0.766,0.7016,0.7242,343272838.5
1627862400000,0.7241,0.7325,0.7149,0.7299,226523194.8
1627876800000,0.7301,0.7739,0.7279,0.759,325760476.7
1627891200000,0.759,0.7601,0.7413,0.7512,263351035.2
1627905600000,0.7511,0.7568,0.7364,0.7502,220857649.5
1627920000000,0.7502,0.7557,0.7381,0.7406,135285815.0
1627934400000,0.7406,0.7459,0.7313,0.7381,169146532.5
1627948800000,0.7382,0.745,0.7188,0.7237,247541943.6
1627963200000,0.7237,0.7289,0.7101,0.7162,228861285.0
1627977600000,0.7163,0.721,0.7103,0.7115,177001951.7
1627992000000,0.7116,0.7226,0.7006,0.7089,278246982.0
1628006400000,0.7089,0.718,0.7007,0.7086,166095659.5
1628020800000,0.7086,0.7198,0.7044,0.7138,111155426.0
1628035200000,0.7138,0.7256,0.7104,0.711,126763632.1
1628049600000,0.711,0.7163,0.7034,0.7061,115295185.0
1628064000000,0.7061,0.7086,0.6946,0.706,177762914.7
1628078400000,0.7059,0.7299,0.7056,0.7268,258501279.4
1628092800000,0.7267,0.7366,0.7234,0.7309,168166637.7
1628107200000,0.7308,0.7399,0.7272,0.7314,133269116.8
1628121600000,0.7315,0.7342,0.7181,0.7277,132866899.8
1628136000000,0.7278,0.7309,0.7161,0.7198,119056074.1
1628150400000,0.7197,0.724,0.7075,0.7138,186733889.2
1628164800000,0.7139,0.7249,0.7007,0.7182,299059145.9
1628179200000,0.7181,0.7359,0.7171,0.7291,184970356.7
1628193600000,0.7291,0.7395,0.7288,0.7335,132002605.9
1628208000000,0.7335,0.7421,0.7283,0.7292,184121223.0
1628222400000,0.7293,0.7392,0.7286,0.735,106436712.7
1628236800000,0.7351,0.7382,0.7251,0.7274,123125157.4
1628251200000,0.7274,0.7435,0.7225,0.7417,177432747.3
1628265600000,0.7418,0.7538,0.7418,0.7501,226030524.2
1628280000000,0.7503,0.7534,0.7381,0.7475,118575786.9
1628294400000,0.7475,0.7659,0.7412,0.7652,188315166.2
1628308800000,0.7653,0.7698,0.7582,0.7611,146314041.5
1628323200000,0.7611,0.801,0.7593,0.7914,358615740.6
1628337600000,0.7913,0.8186,0.7685,0.8056,538779960.1
1628352000000,0.8055,0.8085,0.7782,0.8042,393853240.5
1628366400000,0.8043,0.82,0.7955,0.817,261752646.5
1628380800000,0.8169,0.8427,0.798,0.8179,366136437.7
1628395200000,0.8179,0.8355,0.8103,0.8224,279082330.7
1628409600000,0.8224,0.8267,0.7928,0.7994,263114627.1
1628424000000,0.7994,0.8182,0.7845,0.7874,279897462.6
1628438400000,0.7874,0.795,0.772,0.7807,295939504.5
1628452800000,0.7808,0.7971,0.7761,0.7796,199938138.2
1628467200000,0.7796,0.7844,0.7601,0.7836,200225688.3
1628481600000,0.7837,0.808,0.7776,0.7975,252695350.0
1628496000000,0.7975,0.8218,0.7909,0.821,332703407.0
1628510400000,0.821,0.8265,0.8081,0.8189,306823093.2
1628524800000,0.8189,0.8291,0.8111,0.8167,168979917.3
1628539200000,0.8167,0.8232,0.796,0.8178,221846159.5
1628553600000,0.8177,0.8236,0.8031,0.8047,161622742.5
1628568000000,0.8047,0.8207,0.8002,0.8186,158799186.5
1628582400000,0.8186,0.8223,0.8064,0.8147,195651215.4
1628596800000,0.8147,0.8582,0.8114,0.8249,547327095.5
1628611200000,0.8249,0.8392,0.8104,0.8366,213952424.5
1628625600000,0.8365,0.8632,0.8319,0.8519,278525134.4
1628640000000,0.852,0.8831,0.849,0.8768,313918220.0
1628654400000,0.8766,0.903,0.8732,0.8955,323078788.3
1628668800000,0.8956,0.9012,0.88,0.8857,284381788.1
1628683200000,0.8858,0.9484,0.8777,0.9375,641412774.4
1628697600000,0.9375,1.0928,0.9335,1.0646,983426096.3
1628712000000,1.0647,1.0652,0.9909,1.012,1114737585.2
1628726400000,1.0119,1.047,0.9969,1.0237,542570818.4
1628740800000,1.0237,1.0287,0.9515,1.015,821851830.0
1628755200000,1.0153,1.0209,0.978,0.9824,607208254.7
1628769600000,0.9824,0.988,0.935,0.9502,724748258.7
1628784000000,0.9503,0.9761,0.9259,0.9662,503411339.0
1628798400000,0.9663,0.9739,0.9222,0.9667,360155435.0
1628812800000,0.9667,1.0079,0.9508,0.9931,388892677.9
1628827200000,0.9932,1.05,0.9784,1.0429,461545500.3
1628841600000,1.0428,1.0567,1.0204,1.0223,439133274.7
1628856000000,1.0223,1.0443,0.9955,1.0115,411230510.4
1628870400000,1.0115,1.0393,1.009,1.0193,325439703.1
1628884800000,1.0194,1.0982,1.016,1.0909,520964512.6
1628899200000,1.0909,1.1122,1.071,1.0885,350331758.6
1628913600000,1.0885,1.1926,1.0798,1.1777,649665852.8
1628928000000,1.1777,1.1943,1.102,1.156,1120497883.5
1628942400000,1.1561,1.2292,1.1321,1.2138,1047335261.9
1628956800000,1.2138,1.2578,1.203,1.2344,808087929.2
1628971200000,1.2343,1.312,1.1827,1.2805,828190168.3
1628985600000,1.2805,1.35,1.267,1.3053,726829509.4
1629000000000,1.3053,1.3465,1.226,1.2494,877249716.4
1629014400000,1.2494,1.3243,1.2406,1.2819,839870321.1
1629028800000,1.282,1.2917,1.2345,1.2675,657015792.4
1629043200000,1.2675,1.2956,1.2411,1.2888,439982586.0
1629057600000,1.2888,1.3148,1.27,1.285,363927982.9
1629072000000,1.285,1.3323,1.2587,1.2792,456397923.5
1629086400000,1.2792,1.3105,1.2779,1.2932,270651471.2
1629100800000,1.2932,1.2966,1.2566,1.2884,350015451.6
1629115200000,1.2884,1.2896,1.206,1.2421,664253032.0
1629129600000,1.2421,1.2478,1.2152,1.2171,296370050.8
1629144000000,1.2171,1.2256,1.1383,1.1861,802092413.5
1629158400000,1.1861,1.2249,1.1186,1.2089,642399853.0
1629172800000,1.209,1.2208,1.1501,1.1769,457842502.5
1629187200000,1.1766,1.2244,1.1762,1.2072,440643441.2
1629201600000,1.2072,1.2206,1.1634,1.1681,430106594.4
1629216000000,1.1681,1.1964,1.1505,1.1618,380046633.4
1629230400000,1.1617,1.1652,1.0842,1.0984,629083438.5
1629244800000,1.0982,1.1179,1.0501,1.1108,689921141.0
1629259200000,1.111,1.1392,1.0985,1.1066,418412896.7
1629273600000,1.1065,1.1258,1.0705,1.0745,416116659.6
1629288000000,1.0745,1.1453,1.0622,1.1436,481177506.6
1629302400000,1.1438,1.1969,1.1203,1.1248,672688466.8
1629316800000,1.1248,1.1846,1.1038,1.1439,477290003.6
1629331200000,1.1439,1.1717,1.1126,1.1186,437075243.6
1629345600000,1.1188,1.1398,1.1082,1.1278,331751115.2
1629360000000,1.1278,1.14,1.1016,1.1029,340990763.5
1629374400000,1.1029,1.158,1.09,1.1506,439637484.8
1629388800000,1.1506,1.2039,1.128,1.1909,450728133.8
1629403200000,1.1913,1.2367,1.18,1.2357,427195562.6
1629417600000,1.2357,1.2393,1.2007,1.2086,317792979.7
1629432000000,1.2086,1.2615,1.2045,1.2418,346638303.8
1629446400000,1.2419,1.2621,1.2243,1.2376,331700990.7
1629460800000,1.2375,1.2875,1.2357,1.2835,415451849.9
1629475200000,1.2835,1.2904,1.2256,1.252,366052996.4
1629489600000,1.2519,1.2708,1.2412,1.264,211489470.0
1629504000000,1.264,1.2848,1.232,1.2703,282696542.3
1629518400000,1.2703,1.2736,1.2527,1.2642,186499609.5
1629532800000,1.2642,1.2681,1.2154,1.2321,351679741.5
1629547200000,1.2321,1.255,1.2261,1.2413,265213412.2
1629561600000,1.2414,1.2484,1.2033,1.2123,219930197.7
1629576000000,1.2124,1.2354,1.2046,1.2172,169075850.3
1629590400000,1.217,1.2437,1.2147,1.2296,178225460.9
1629604800000,1.2292,1.2565,1.2287,1.2512,153813264.4
1629619200000,1.2511,1.2579,1.2385,1.2487,161945609.0
1629633600000,1.2487,1.2515,1.1759,1.2073,348607215.3
1629648000000,1.2073,1.2185,1.1823,1.2037,219109151.0
1629662400000,1.2036,1.233,1.184,1.2266,212100259.5
1629676800000,1.2266,1.2581,1.2206,1.2544,264078183.4
1629691200000,1.2545,1.258,1.2325,1.2454,197724194.6
1629705600000,1.2455,1.3066,1.2445,1.2841,530163515.8
1629720000000,1.2841,1.2975,1.1985,1.2423,585896703.6
1629734400000,1.2423,1.2546,1.2208,1.2325,258917823.4
1629748800000,1.2325,1.2613,1.2227,1.2465,183685690.9
1629763200000,1.2465,1.2526,1.216,1.2359,228087920.2
1629777600000,1.2358,1.2671,1.2262,1.2579,176636861.1
1629792000000,1.2578,1.2661,1.2277,1.2406,236074686.4
1629806400000,1.2406,1.2448,1.1601,1.1826,521035255.0
1629820800000,1.1826,1.1833,1.12,1.1676,503138449.8
1629835200000,1.1674,1.1842,1.1335,1.1358,262467738.7
1629849600000,1.1358,1.1731,1.134,1.1471,219121222.5
1629864000000,1.1472,1.1786,1.1424,1.1583,186257403.8
1629878400000,1.1582,1.1596,1.107,1.1507,431075452.7
1629892800000,1.1506,1.1783,1.1252,1.1749,414108945.9
1629907200000,1.175,1.1783,1.1531,1.1597,195455973.8
1629921600000,1.1596,1.176,1.1542,1.1749,142501495.5
1629936000000,1.1747,1.1876,1.1313,1.1478,273176866.8
1629950400000,1.1478,1.1527,1.102,1.1216,420649629.0
1629964800000,1.1218,1.1291,1.1071,1.1078,224696907.6
1629979200000,1.1078,1.1232,1.063,1.0855,518462316.3
1629993600000,1.0856,1.0954,1.064,1.0864,302382724.4
1630008000000,1.0864,1.1119,1.07,1.0724,190670999.0
1630022400000,1.0725,1.1026,1.0496,1.0764,372000771.4
1630036800000,1.0764,1.1092,1.0588,1.1055,272351309.0
1630051200000,1.1053,1.13,1.0884,1.1163,295193789.1
1630065600000,1.1164,1.1597,1.1051,1.1448,419838272.6
1630080000000,1.145,1.1486,1.133,1.1385,166577183.6
1630094400000,1.1385,1.194,1.128,1.1925,274756590.4
1630108800000,1.1927,1.1997,1.1635,1.166,209051940.9
1630123200000,1.1658,1.175,1.1518,1.1626,162506133.8
1630137600000,1.1627,1.1753,1.143,1.1529,179884627.4
1630152000000,1.1528,1.1613,1.1335,1.1502,212235954.7
1630166400000,1.1502,1.1596,1.1372,1.1409,141747077.6
1630180800000,1.141,1.1526,1.139,1.1471,94195038.0
1630195200000,1.1472,1.1695,1.1178,1.1253,256863574.1
1630209600000,1.1253,1.1474,1.1121,1.1453,161389840.4
1630224000000,1.1454,1.153,1.1312,1.1365,195575328.4
1630238400000,1.1366,1.1471,1.1201,1.1334,164427109.6
1630252800000,1.1333,1.1585,1.1304,1.1561,170046753.8
1630267200000,1.1561,1.1658,1.138,1.1423,155569788.0
1630281600000,1.1422,1.1461,1.1203,1.1282,171609464.5
1630296000000,1.1283,1.1419,1.1201,1.1379,152628053.0
1630310400000,1.1379,1.1464,1.1226,1.1297,137596103.4
1630324800000,1.1297,1.1318,1.105,1.1297,206850976.3
1630339200000,1.1297,1.1467,1.1275,1.1443,132880221.1
1630353600000,1.1443,1.1507,1.0949,1.101,237352064.7
1630368000000,1.101,1.129,1.0913,1.1265,200620838.1
1630382400000,1.1264,1.1397,1.1058,1.1354,207471566.6
1630396800000,1.1354,1.1442,1.1152,1.1421,226038665.9
1630411200000,1.1421,1.1823,1.1271,1.1815,320906431.1
1630425600000,1.1815,1.2443,1.1585,1.1955,828899570.8
1630440000000,1.1954,1.2189,1.1505,1.1872,316992562.7
1630454400000,1.1872,1.1976,1.1583,1.1846,253705875.4
1630468800000,1.1847,1.2112,1.1781,1.1864,267407108.7
1630483200000,1.1864,1.209,1.1825,1.1912,238941531.9
1630497600000,1.1912,1.22,1.1881,1.1939,306070725.4
1630512000000,1.1939,1.2273,1.1833,1.2053,340171890.6
1630526400000,1.2052,1.2394,1.2035,1.237,194865583.9
1630540800000,1.237,1.2623,1.223,1.2509,293985224.1
1630555200000,1.2508,1.2718,1.236,1.2514,278941041.3
1630569600000,1.2515,1.2974,1.2506,1.2898,331377662.4
1630584000000,1.2895,1.2981,1.2359,1.2495,452922381.3
1630598400000,1.2495,1.2654,1.2486,1.2588,184534298.3
1630612800000,1.2589,1.28,1.2532,1.2542,169992083.5
1630627200000,1.2542,1.2799,1.22,1.2757,293276545.9
1630641600000,1.2757,1.2922,1.2584,1.264,237048541.6
1630656000000,1.264,1.2884,1.261,1.2796,264889995.2
1630670400000,1.2796,1.3266,1.2668,1.3036,487496635.8
1630684800000,1.3034,1.3203,1.2962,1.3165,237457819.7
1630699200000,1.3165,1.3171,1.2725,1.2921,253086071.4
1630713600000,1.2921,1.299,1.2666,1.284,177689681.3
1630728000000,1.2841,1.2909,1.277,1.2802,119404455.8
1630742400000,1.2802,1.2865,1.2608,1.2683,199190431.8
1630756800000,1.2681,1.2816,1.2619,1.2662,176581342.4
1630771200000,1.2662,1.2732,1.2364,1.2512,269117077.6
1630785600000,1.2511,1.2659,1.2439,1.2556,138410056.8
1630800000000,1.2556,1.2677,1.2443,1.2458,156732751.7
1630814400000,1.2458,1.2549,1.237,1.2493,119900917.0
1630828800000,1.2493,1.2714,1.248,1.2635,162293334.6
1630843200000,1.2634,1.3007,1.2606,1.2887,267246793.2
1630857600000,1.2887,1.2972,1.2813,1.2884,149067654.9
1630872000000,1.2886,1.314,1.2865,1.309,189903140.0
1630886400000,1.309,1.342,1.308,1.3197,316608216.8
1630900800000,1.3198,1.3373,1.3179,1.3232,152121510.0
1630915200000,1.3233,1.3985,1.3158,1.3578,711307858.0
1630929600000,1.3578,1.3769,1.3105,1.3634,502272430.1
1630944000000,1.3634,1.4023,1.3564,1.3923,390230346.0
1630958400000,1.3922,1.418,1.37,1.3906,312149533.3
1630972800000,1.3906,1.3937,1.365,1.3702,198837892.7
1630987200000,1.3703,1.3846,1.3341,1.3539,280069134.6
1631001600000,1.3539,1.3559,1.246,1.2851,632594340.5
1631016000000,1.2851,1.2992,0.8969,1.1333,1477959882.5
1631030400000,1.1332,1.1583,1.019,1.0766,1136854034.6
1631044800000,1.0765,1.1397,1.0667,1.1292,479816188.5
1631059200000,1.1293,1.1488,1.0973,1.1022,363894990.5
1631073600000,1.1024,1.1241,1.0435,1.0491,560010371.3
1631088000000,1.0492,1.0998,1.0138,1.0861,577623955.3
1631102400000,1.086,1.1133,1.07,1.1027,451994769.4
1631116800000,1.1027,1.1189,1.0892,1.1076,231090298.8
1631131200000,1.1077,1.1341,1.0784,1.1002,292676140.4
1631145600000,1.1001,1.1264,1.0806,1.0934,286618961.1
1631160000000,1.0933,1.1135,1.089,1.1106,186343787.6
1631174400000,1.1107,1.1387,1.1015,1.1143,264764535.9
1631188800000,1.1144,1.13,1.07,1.1184,428683048.3
1631203200000,1.1183,1.1274,1.0853,1.0954,228022627.0
1631217600000,1.0953,1.1058,1.0807,1.0878,158608288.9
1631232000000,1.0877,1.2459,1.0865,1.1368,1104902968.4
1631246400000,1.1369,1.1472,1.0866,1.0985,362747819.5
1631260800000,1.0985,1.1071,1.0427,1.0907,401480878.1
1631275200000,1.0907,1.1025,1.0294,1.0698,544235662.9
1631289600000,1.0697,1.0796,1.0605,1.0752,137312255.1
1631304000000,1.0752,1.0868,1.0299,1.0556,227533792.2
1631318400000,1.0556,1.0777,1.0508,1.0624,150177156.3
1631332800000,1.0624,1.0784,1.0545,1.0716,163430654.3
1631347200000,1.0715,1.1008,1.0576,1.0954,207918227.9
1631361600000,1.0956,1.1135,1.0904,1.0986,196219714.8
1631376000000,1.0986,1.1099,1.0837,1.087,150605366.4
1631390400000,1.087,1.0956,1.0671,1.0795,119630630.5
1631404800000,1.0795,1.0853,1.0577,1.0781,134403054.4
1631419200000,1.0783,1.0862,1.0716,1.0806,92055243.4
1631433600000,1.0808,1.1097,1.0771,1.1082,164051428.4
1631448000000,1.1082,1.1177,1.1009,1.1093,140079902.4
1631462400000,1.1093,1.1176,1.104,1.1134,110091144.6
1631476800000,1.1135,1.1285,1.079,1.1191,251443444.4
1631491200000,1.1194,1.1274,1.0646,1.0673,219943903.5
1631505600000,1.0673,1.0755,1.0382,1.0502,238055640.6
1631520000000,1.0502,1.0666,1.034,1.065,208931054.6
1631534400000,1.0651,1.1,1.0238,1.0484,516069335.5
1631548800000,1.0484,1.067,1.0437,1.0639,103267772.3
1631563200000,1.064,1.0761,1.0602,1.0651,111673829.0
1631577600000,1.0652,1.0787,1.0563,1.0734,111132656.1
1631592000000,1.0734,1.0837,1.0657,1.0767,108136407.9
1631606400000,1.0767,1.0846,1.067,1.0705,106983263.6
1631620800000,1.0705,1.0895,1.0591,1.0851,205350672.0
1631635200000,1.0851,1.0884,1.0683,1.0748,109670319.3
1631649600000,1.0749,1.0983,1.0685,1.0965,139122011.7
1631664000000,1.0965,1.0994,1.0843,1.0868,103824150.6
1631678400000,1.0869,1.0947,1.0782,1.0934,88446984.1
1631692800000,1.0934,1.0985,1.0844,1.0918,120180811.1
1631707200000,1.0918,1.115,1.086,1.1148,197051641.1
1631721600000,1.1147,1.1294,1.1073,1.1237,137206422.3
1631736000000,1.1238,1.1308,1.1161,1.1216,107345530.2
1631750400000,1.1216,1.1312,1.0928,1.1018,160013685.4
1631764800000,1.1018,1.1277,1.1,1.1239,116944374.8
1631779200000,1.1239,1.1293,1.1024,1.1108,141299041.7
1631793600000,1.1107,1.1167,1.0844,1.1038,228766782.0
1631808000000,1.1038,1.1064,1.0909,1.0935,112091351.2
1631822400000,1.0936,1.0959,1.0666,1.0908,149552340.9
1631836800000,1.0908,1.1,1.0841,1.0999,87700362.9
1631851200000,1.0999,1.1027,1.0849,1.088,118280285.2
1631865600000,1.0882,1.0942,1.0532,1.0597,196912913.9
1631880000000,1.0596,1.0733,1.0511,1.0707,134360563.6
1631894400000,1.0708,1.0798,1.061,1.0762,128124955.6
1631908800000,1.0761,1.0771,1.0555,1.0672,104880977.2
1631923200000,1.0672,1.0795,1.0572,1.0779,90971882.4
1631937600000,1.0778,1.0954,1.0774,1.0868,119280738.6
1631952000000,1.0869,1.0907,1.0771,1.0792,74079786.2
1631966400000,1.0792,1.0938,1.077,1.0839,107934206.1
1631980800000,1.084,1.0861,1.0727,1.0776,75540520.3
1631995200000,1.0776,1.0777,1.0664,1.0756,79335331.8
1632009600000,1.0759,1.079,1.065,1.0681,72673426.3
1632024000000,1.0681,1.0841,1.0674,1.0827,66377071.9
1632038400000,1.0828,1.0846,1.055,1.0595,109364696.0
1632052800000,1.0593,1.0718,1.056,1.0677,109329140.7
1632067200000,1.0678,1.0715,1.0594,1.0631,72384096.0
1632081600000,1.0631,1.078,1.037,1.0483,194483669.8
1632096000000,1.0482,1.0498,0.9641,0.9811,478436653.1
1632110400000,0.9809,0.9941,0.9471,0.9575,256343902.8
1632124800000,0.9575,0.9757,0.9,0.9191,483294748.8
1632139200000,0.9189,0.9488,0.87,0.9343,692120449.7
1632153600000,0.9341,0.9443,0.9027,0.9229,270626762.7
1632168000000,0.9231,0.9414,0.9079,0.9216,217594755.5
1632182400000,0.9217,0.9554,0.8639,0.9478,466280803.5
1632196800000,0.9478,0.9577,0.9234,0.9523,205752063.4
1632211200000,0.9522,0.9581,0.9387,0.9486,158383526.2
1632225600000,0.9486,0.959,0.9129,0.9363,234288014.1
1632240000000,0.9363,0.9397,0.896,0.8978,244271917.3
1632254400000,0.8978,0.91,0.8579,0.8738,447565152.5
1632268800000,0.8741,0.9397,0.8679,0.9217,319816529.7
1632283200000,0.9216,0.9484,0.906,0.9441,220844921.0
1632297600000,0.9441,0.949,0.917,0.9193,170642944.5
1632312000000,0.9193,0.9766,0.9163,0.9672,343588031.5
1632326400000,0.967,0.9948,0.9603,0.9856,326941641.4
1632340800000,0.9855,1.009,0.9807,1.0031,184909160.3
1632355200000,1.003,1.0171,0.976,1.0098,205082903.6
1632369600000,1.0099,1.0139,0.9935,1.003,126901188.9
1632384000000,1.0029,1.0049,0.9674,0.9763,195445672.3
1632398400000,0.9762,1.0004,0.9712,0.9787,183750737.4
1632412800000,0.9785,1.01,0.9764,1.0006,167341338.3
1632427200000,1.0005,1.0022,0.9826,1.0015,104832158.6
1632441600000,1.0014,1.0027,0.9808,0.982,103367912.4
1632456000000,0.982,0.9888,0.9686,0.9822,163768538.6
1632470400000,0.9823,0.9929,0.8849,0.9186,690454408.9
1632484800000,0.9188,0.9386,0.895,0.9212,260874508.7
1632499200000,0.9212,0.9377,0.9168,0.9334,108567220.4
1632513600000,0.9335,0.9584,0.9307,0.9439,137811622.3
1632528000000,0.9439,0.9526,0.9292,0.9453,121850005.7
1632542400000,0.9454,0.9574,0.9375,0.9398,104734016.4
1632556800000,0.9397,0.952,0.9161,0.939,222251067.8
1632571200000,0.9389,0.9471,0.9276,0.9398,147572812.8
1632585600000,0.9397,0.949,0.9292,0.9394,123784481.1
1632600000000,0.9393,0.9449,0.9252,0.9398,83387551.8
1632614400000,0.9396,0.9424,0.9124,0.926,142653667.7
1632628800000,0.9259,0.9264,0.8911,0.8975,164625217.4
1632643200000,0.8974,0.9445,0.8909,0.9411,247780186.1
1632657600000,0.941,0.9529,0.9378,0.9482,109840975.3
1632672000000,0.9483,0.9506,0.9351,0.9429,73653131.1
1632686400000,0.943,0.9567,0.9317,0.9433,99918273.0
1632700800000,0.9434,0.9814,0.9356,0.9698,158995705.8
1632715200000,0.9698,0.9785,0.96,0.9604,102522318.1
1632729600000,0.9604,0.9686,0.9508,0.9624,116808609.8
1632744000000,0.9624,0.9705,0.9402,0.9465,173308526.1
1632758400000,0.9465,0.9486,0.9281,0.9293,105856335.5
1632772800000,0.9293,0.9413,0.919,0.9208,119959467.6
1632787200000,0.9208,0.9364,0.9187,0.9338,85193132.4
1632801600000,0.9338,0.9389,0.921,0.927,81691021.5
1632816000000,0.927,0.9433,0.9205,0.9373,121640795.9
1632830400000,0.9374,0.941,0.9121,0.9133,190135827.9
1632844800000,0.9133,0.92,0.9,0.9082,122561417.9
1632859200000,0.9083,0.9188,0.89,0.8924,94307181.9
1632873600000,0.8925,0.9164,0.8855,0.9151,135835345.8
1632888000000,0.9151,0.926,0.9136,0.925,86729274.0
1632902400000,0.9249,0.931,0.9157,0.9254,96602643.8
1632916800000,0.9253,0.9928,0.9174,0.9378,713053678.7
1632931200000,0.9375,0.9419,0.916,0.9185,153428866.1
1632945600000,0.9185,0.9288,0.9053,0.9261,127821162.1
1632960000000,0.9258,0.9592,0.9211,0.9584,175952404.3
1632974400000,0.9583,0.9634,0.9367,0.9412,102171823.7
1632988800000,0.9412,0.9441,0.9286,0.9377,121756731.6
1633003200000,0.9377,0.9533,0.9336,0.9448,146253186.4
1633017600000,0.9449,0.9574,0.936,0.9451,105024715.6
1633032000000,0.9452,0.9535,0.9372,0.9531,72168886.0
1633046400000,0.9532,0.96,0.9436,0.9494,90208700.8
1633060800000,0.9495,0.9758,0.9482,0.9707,110617922.1
1633075200000,0.9708,1.0316,0.9675,1.0223,376567967.3
1633089600000,1.0223,1.0689,1.0,1.0254,495027594.3
1633104000000,1.0255,1.0433,1.02,1.038,156180084.8
1633118400000,1.0379,1.0602,1.024,1.0421,201423161.3
1633132800000,1.0422,1.0434,1.011,1.0126,139612332.7
1633147200000,1.0126,1.0254,1.0112,1.0174,96130067.6
1633161600000,1.0173,1.0265,1.0074,1.025,116022760.4
1633176000000,1.025,1.0453,1.0233,1.04,185248265.0
1633190400000,1.0399,1.0661,1.0328,1.0635,168420209.0
1633204800000,1.0635,1.0728,1.0271,1.0362,169813463.7
1633219200000,1.0362,1.0496,1.0203,1.0433,150575438.4
1633233600000,1.0433,1.052,1.0414,1.0432,70561598.9
1633248000000,1.0432,1.0589,1.031,1.0529,134950975.9
1633262400000,1.0528,1.0873,1.0462,1.0614,217352779.6
1633276800000,1.0613,1.0888,1.0591,1.0799,190826042.8
1633291200000,1.0799,1.083,1.0409,1.0558,165210935.2
1633305600000,1.0558,1.0604,1.0245,1.0268,140002755.4
1633320000000,1.0266,1.042,1.0201,1.0417,108741472.7
1633334400000,1.0418,1.0434,1.0126,1.0244,135597009.5
1633348800000,1.0245,1.0543,1.0055,1.0321,276036201.3
1633363200000,1.0322,1.0533,1.0298,1.0457,197045102.6
1633377600000,1.0456,1.06,1.0288,1.0435,123177433.4
1633392000000,1.0435,1.0572,1.0382,1.0466,109647662.6
1633406400000,1.0466,1.0559,1.0386,1.0538,91406681.4
1633420800000,1.0538,1.0677,1.0464,1.0554,142866838.0
1633435200000,1.0554,1.0861,1.05,1.064,338506884.7
1633449600000,1.0641,1.0792,1.055,1.0726,151645203.2
1633464000000,1.0726,1.0895,1.0676,1.0848,157601985.0
1633478400000,1.0849,1.0861,1.0642,1.0674,102086545.2
1633492800000,1.0674,1.0693,1.0527,1.0567,100454498.5
1633507200000,1.0566,1.0583,1.0164,1.0336,243243697.5
1633521600000,1.0336,1.1096,1.0324,1.0951,418756494.2
1633536000000,1.0948,1.1019,1.071,1.0856,157970187.4
1633550400000,1.0856,1.0898,1.0741,1.0773,105064149.3
1633564800000,1.0773,1.093,1.0434,1.0589,203205512.4
1633579200000,1.0589,1.0888,1.0573,1.0879,155805559.1
1633593600000,1.0879,1.0958,1.0714,1.0841,192543686.6
1633608000000,1.0841,1.087,1.0561,1.0681,182051770.6
1633622400000,1.0681,1.0764,1.0595,1.0729,93273361.9
1633636800000,1.0728,1.0814,1.0637,1.0686,83284701.3
1633651200000,1.0687,1.0805,1.059,1.0661,107168506.0
1633665600000,1.0661,1.0812,1.0598,1.0801,94579742.9
1633680000000,1.0802,1.0937,1.0744,1.0773,158353232.7
1633694400000,1.0773,1.0813,1.066,1.0716,132761379.0
1633708800000,1.0717,1.0799,1.0677,1.0752,75855352.1
1633723200000,1.0752,1.0763,1.0531,1.0641,100441135.0
1633737600000,1.0642,1.0724,1.057,1.0708,72497376.4
1633752000000,1.0708,1.0775,1.0697,1.0732,56780198.2
1633766400000,1.0731,1.1282,1.0666,1.1099,307429152.0
1633780800000,1.11,1.17,1.1064,1.1535,416264138.3
1633795200000,1.1534,1.209,1.1531,1.1655,611389616.8
1633809600000,1.1655,1.179,1.1518,1.1618,184919530.4
1633824000000,1.1619,1.1762,1.1352,1.1665,254126031.2
1633838400000,1.1664,1.2319,1.1623,1.2162,451326257.5
1633852800000,1.2163,1.2195,1.1778,1.2016,307587409.5
1633867200000,1.2015,1.205,1.176,1.1888,234182015.6
1633881600000,1.1888,1.196,1.162,1.1735,214451656.8
1633896000000,1.1736,1.189,1.1261,1.1359,291318386.2
1633910400000,1.1359,1.1696,1.1265,1.1683,224349484.4
1633924800000,1.1682,1.1833,1.155,1.1772,126607930.4
1633939200000,1.1772,1.1819,1.138,1.15,186366602.3
1633953600000,1.1501,1.1668,1.1443,1.1558,137540277.7
1633968000000,1.1558,1.1582,1.1282,1.1296,135293208.6
1633982400000,1.1297,1.1393,1.101,1.1368,200409905.4
1633996800000,1.1367,1.1369,1.0788,1.0942,236588002.4
1634011200000,1.0941,1.11,1.087,1.1015,167160375.5
1634025600000,1.1016,1.1124,1.063,1.0879,227634693.2
1634040000000,1.0878,1.1119,1.0654,1.1011,272785358.5
1634054400000,1.101,1.108,1.0883,1.0915,140466019.6
1634068800000,1.0914,1.1086,1.0749,1.1023,126820945.7
1634083200000,1.1022,1.1268,1.0914,1.1191,142525780.6
1634097600000,1.1191,1.1217,1.0809,1.0812,183949058.4
1634112000000,1.0813,1.0959,1.0758,1.0927,144170838.8
1634126400000,1.0927,1.1104,1.0774,1.1061,163206009.9
1634140800000,1.1061,1.1225,1.0975,1.1124,163610104.5
1634155200000,1.1125,1.1397,1.1065,1.1284,141388279.8
1634169600000,1.1285,1.1391,1.1224,1.1304,113478062.3
1634184000000,1.1304,1.1469,1.1174,1.1197,120258032.9
1634198400000,1.1196,1.1457,1.1193,1.1407,123841710.6
1634212800000,1.1406,1.1597,1.123,1.1372,212849902.7
1634227200000,1.1373,1.1409,1.1238,1.1333,112864107.9
1634241600000,1.1332,1.1392,1.1241,1.1345,80781303.7
1634256000000,1.1346,1.14,1.1057,1.1365,190723123.6
1634270400000,1.1366,1.1674,1.1287,1.1432,253570673.7
1634284800000,1.1432,1.1458,1.0887,1.1183,239891981.5
1634299200000,1.1183,1.1323,1.1149,1.1269,139942853.7
1634313600000,1.1268,1.1512,1.1225,1.1467,151664567.5
1634328000000,1.1467,1.157,1.1355,1.1423,144686397.2
1634342400000,1.1423,1.1506,1.1319,1.1388,88691640.5
1634356800000,1.1387,1.1466,1.1364,1.1397,54886938.9
1634371200000,1.1396,1.1815,1.1375,1.1738,173078393.1
1634385600000,1.1738,1.1887,1.1368,1.1552,301466214.6
1634400000000,1.1552,1.1613,1.1424,1.1467,97985468.8
1634414400000,1.1467,1.1487,1.1304,1.1356,75949858.8
1634428800000,1.1356,1.139,1.1205,1.136,105603644.0
1634443200000,1.136,1.1395,1.1253,1.1262,59640693.4
1634457600000,1.1262,1.1419,1.1252,1.1315,73233135.4
1634472000000,1.1316,1.1367,1.1101,1.1177,107122548.3
1634486400000,1.1178,1.1255,1.1044,1.1096,83195305.0
1634500800000,1.1096,1.1096,1.015,1.0947,476562046.5
1634515200000,1.0947,1.1072,1.0877,1.0968,117424513.4
1634529600000,1.0968,1.1063,1.0863,1.0926,98819044.7
1634544000000,1.0925,1.1046,1.0733,1.0837,185222687.0
1634558400000,1.0837,1.0925,1.0652,1.0895,150031874.3
1634572800000,1.0896,1.0925,1.0716,1.0793,76430181.5
1634587200000,1.0793,1.09,1.0751,1.0836,68342838.7
1634601600000,1.0835,1.1018,1.0782,1.0977,99505373.2
1634616000000,1.0976,1.1004,1.0873,1.0922,74357443.6
1634630400000,1.0922,1.0928,1.0823,1.0881,69372401.7
1634644800000,1.0881,1.099,1.0653,1.0788,136341475.0
1634659200000,1.079,1.0926,1.0774,1.0791,66776496.8
1634673600000,1.0791,1.094,1.0765,1.0923,69990195.8
1634688000000,1.0922,1.1111,1.088,1.1005,119506698.4
1634702400000,1.1004,1.1095,1.094,1.1007,77057896.6
1634716800000,1.1008,1.122,1.0991,1.1103,111282504.4
1634731200000,1.1103,1.1442,1.1101,1.1438,246609374.9
1634745600000,1.1438,1.1544,1.1368,1.1499,150503465.2
1634760000000,1.15,1.1529,1.1329,1.1464,119254568.8
1634774400000,1.1464,1.1662,1.122,1.1468,230071930.2
1634788800000,1.1467,1.1499,1.1333,1.1397,96028836.9
1634803200000,1.1397,1.1639,1.1238,1.1328,254846811.5
1634817600000,1.1329,1.1414,1.0834,1.1125,345033378.7
1634832000000,1.1126,1.1159,1.0941,1.0988,151583586.9
1634846400000,1.0987,1.1069,1.0854,1.0894,100854191.7
1634860800000,1.0893,1.1105,1.0891,1.1084,85272188.2
1634875200000,1.1085,1.1154,1.0939,1.1092,108517226.0
1634889600000,1.1091,1.1128,1.0963,1.1046,84541366.0
1634904000000,1.1046,1.13,1.0737,1.0955,313597859.9
1634918400000,1.0955,1.1042,1.0833,1.0963,147516927.8
1634932800000,1.0962,1.0986,1.077,1.0895,86665083.2
1634947200000,1.0896,1.0957,1.082,1.0937,62494297.6
1634961600000,1.0938,1.0997,1.086,1.0922,64542601.4
1634976000000,1.0922,1.0959,1.077,1.0947,101256467.9
1634990400000,1.0947,1.1023,1.0888,1.0976,84239231.4
1635004800000,1.0976,1.1029,1.0829,1.087,90041126.8
1635019200000,1.0869,1.0961,1.0846,1.0948,51134723.6
1635033600000,1.0949,1.0976,1.0881,1.0937,50327382.2
1635048000000,1.0937,1.0939,1.0825,1.0843,48274545.3
1635062400000,1.0843,1.0928,1.0782,1.0838,91750948.8
1635076800000,1.0839,1.0913,1.0717,1.0763,133456169.2
1635091200000,1.0764,1.0824,1.0501,1.0727,154556062.5
1635105600000,1.0727,1.0881,1.0707,1.083,63625312.0
1635120000000,1.083,1.1018,1.079,1.0928,97812247.2
1635134400000,1.0928,1.1013,1.0871,1.0972,63506215.4
1635148800000,1.0973,1.1002,1.0871,1.0906,66091625.8
1635163200000,1.0906,1.1045,1.0859,1.1032,88987652.2
1635177600000,1.1032,1.1045,1.0907,1.0928,81108871.4
1635192000000,1.0928,1.0981,1.0875,1.0957,47441695.4
1635206400000,1.0958,1.1279,1.0941,1.1166,157078633.9
1635220800000,1.1167,1.1324,1.1075,1.126,158376225.0
1635235200000,1.126,1.1299,1.1154,1.1164,112933220.7
1635249600000,1.1164,1.1197,1.0929,1.1087,168935568.0
1635264000000,1.1088,1.1275,1.0991,1.1166,126238554.3
1635278400000,1.1167,1.1624,1.09,1.1082,408486487.8
1635292800000,1.1084,1.1259,1.1014,1.1125,120020940.8
1635307200000,1.1125,1.1238,1.078,1.0811,255382938.9
1635321600000,1.0812,1.0818,0.931,1.0141,935009480.7
1635336000000,1.0141,1.0343,1.0066,1.0207,213305804.6
1635350400000,1.0207,1.0272,0.9903,1.0135,172273264.3
1635364800000,1.0139,1.0213,0.9923,0.9951,139523593.6
1635379200000,0.9955,1.011,0.9811,1.0061,155835852.1
1635393600000,1.0061,1.0629,0.9966,1.0543,431726102.9
1635408000000,1.0544,1.0813,1.0486,1.0587,256707711.8
1635422400000,1.0588,1.0696,1.0516,1.0551,116925872.3
1635436800000,1.0551,1.0731,1.028,1.0651,244678703.8
1635451200000,1.0651,1.0759,1.0521,1.0586,128860201.6
1635465600000,1.0588,1.088,1.0543,1.077,141697044.9
1635480000000,1.0771,1.0821,1.0566,1.0584,115904934.2
1635494400000,1.0585,1.0684,1.0536,1.0609,108402809.1
1635508800000,1.0609,1.0807,1.0566,1.0798,118042981.1
1635523200000,1.0795,1.0877,1.0726,1.08,104864060.9
1635537600000,1.08,1.0918,1.0756,1.0833,65582194.5
1635552000000,1.0834,1.0862,1.071,1.0814,73165005.3
1635566400000,1.0814,1.118,1.0808,1.096,157731710.7
1635580800000,1.0959,1.1003,1.0827,1.0946,98714076.2
1635595200000,1.0946,1.0954,1.0611,1.0818,142210442.4
1635609600000,1.0819,1.0858,1.0715,1.0822,65926344.5
1635624000000,1.0822,1.0873,1.0621,1.0856,90620482.6
1635638400000,1.0853,1.119,1.0839,1.1082,190630575.4
1635652800000,1.1083,1.1566,1.1053,1.1259,256120434.6
1635667200000,1.126,1.1271,1.0768,1.0816,214397463.9
1635681600000,1.0815,1.0933,1.0686,1.0858,195264731.4
1635696000000,1.086,1.1083,1.0794,1.0975,113344242.1
1635710400000,1.0976,1.1263,1.0933,1.1135,101123539.3
1635724800000,1.1137,1.1337,1.075,1.0789,182254350.3
1635739200000,1.0789,1.1075,1.0701,1.1049,131075331.4
1635753600000,1.1049,1.107,1.0922,1.0933,92445330.0
1635768000000,1.0933,1.1033,1.0865,1.0937,118718153.5
1635782400000,1.0938,1.0958,1.0775,1.0952,99083594.2
1635796800000,1.0951,1.0971,1.0842,1.0927,54094096.3
1635811200000,1.0927,1.1026,1.0864,1.0989,82271237.6
1635825600000,1.099,1.1046,1.0947,1.096,63948282.5
1635840000000,1.096,1.1214,1.0929,1.1118,160458010.8
1635854400000,1.1117,1.13,1.1091,1.1222,120441241.4
1635868800000,1.1222,1.1486,1.1155,1.1357,204174087.9
1635883200000,1.1358,1.1417,1.1205,1.1361,99937409.4
1635897600000,1.1361,1.1541,1.127,1.1487,129715857.3
1635912000000,1.1487,1.2374,1.1486,1.2032,657490144.0
1635926400000,1.2033,1.2183,1.1883,1.1992,223295549.6
1635940800000,1.1993,1.2031,1.143,1.1702,419805239.4
1635955200000,1.1703,1.2061,1.1591,1.1926,305707789.9
1635969600000,1.1925,1.228,1.1906,1.2113,182934619.3
1635984000000,1.2114,1.2602,1.197,1.2259,328612341.0
1635998400000,1.226,1.2427,1.1925,1.1938,165439811.6
1636012800000,1.194,1.2122,1.1798,1.1891,190004373.9
1636027200000,1.1892,1.2169,1.1623,1.1776,243041992.1
1636041600000,1.1775,1.1924,1.1653,1.1854,164493154.1
1636056000000,1.1854,1.2027,1.1782,1.2012,81750738.2
1636070400000,1.2012,1.2022,1.1708,1.1968,108132179.7
1636084800000,1.1968,1.2003,1.1852,1.187,65627395.0
1636099200000,1.1869,1.1933,1.1686,1.17,95046049.5
1636113600000,1.1699,1.1763,1.13,1.1509,208628175.1
1636128000000,1.1508,1.1611,1.1436,1.1529,96757035.3
1636142400000,1.153,1.1648,1.1407,1.1591,76979862.9
1636156800000,1.1591,1.1769,1.1541,1.167,77041858.2
1636171200000,1.167,1.1713,1.1459,1.1566,71254145.3
1636185600000,1.1566,1.1626,1.095,1.1285,188001419.3
1636200000000,1.1285,1.1405,1.1101,1.1377,130788977.5
1636214400000,1.1377,1.1493,1.1285,1.1489,70147053.3
1636228800000,1.149,1.1529,1.1444,1.1518,47055179.5
1636243200000,1.1517,1.1608,1.1458,1.1545,56782511.7
1636257600000,1.1545,1.1794,1.1518,1.1662,93956365.5
1636272000000,1.1661,1.1905,1.161,1.1881,103899626.4
1636286400000,1.188,1.2244,1.1808,1.2142,256227383.8
1636300800000,1.2144,1.2386,1.208,1.2237,186158321.5
1636315200000,1.2238,1.2298,1.2108,1.2215,111422035.4
1636329600000,1.2215,1.2796,1.2205,1.2611,335992939.9
1636344000000,1.2611,1.298,1.2606,1.2781,296691932.1
1636358400000,1.278,1.2913,1.2541,1.2679,218079516.2
1636372800000,1.2679,1.268,1.2404,1.261,205970234.7
1636387200000,1.2611,1.2666,1.2476,1.2538,131644988.5
1636401600000,1.2538,1.2932,1.2477,1.2832,152553674.0
1636416000000,1.2832,1.29,1.2581,1.2783,173696413.0
1636430400000,1.2784,1.2819,1.2438,1.2506,143089268.0
1636444800000,1.2506,1.2709,1.2229,1.2439,178335323.4
1636459200000,1.2439,1.2762,1.23,1.2504,312589448.3
1636473600000,1.2505,1.2694,1.2378,1.2581,175378586.1
1636488000000,1.2582,1.275,1.252,1.2578,118689069.6
1636502400000,1.2578,1.2657,1.2263,1.2305,150437550.1
1636516800000,1.2306,1.2469,1.2201,1.24,114675906.5
1636531200000,1.2399,1.2498,1.2356,1.2436,98570019.4
1636545600000,1.2435,1.3395,1.2389,1.3229,654874209.0
1636560000000,1.323,1.3525,1.2754,1.2804,333350252.9
1636574400000,1.2805,1.2876,1.0944,1.1903,881970060.2
1636588800000,1.1902,1.2062,1.1764,1.1999,238996687.3
1636603200000,1.2,1.2546,1.1959,1.2447,225308893.3
1636617600000,1.2447,1.2498,1.2226,1.2337,191734287.1
1636632000000,1.2338,1.2384,1.1969,1.2144,250102581.9
1636646400000,1.2144,1.2247,1.1979,1.2166,120757289.7
1636660800000,1.2167,1.2336,1.2091,1.2152,101291218.9
1636675200000,1.2151,1.234,1.1981,1.2158,173878783.3
1636689600000,1.2159,1.2193,1.1905,1.205,114929946.0
1636704000000,1.2049,1.2121,1.158,1.1725,285043971.0
1636718400000,1.1726,1.1842,1.1622,1.1705,167311799.3
1636732800000,1.1705,1.196,1.1545,1.182,192270024.2
1636747200000,1.1821,1.2051,1.1818,1.1889,83261103.8
1636761600000,1.189,1.1981,1.1761,1.1787,63768697.0
1636776000000,1.1787,1.1963,1.171,1.1947,73430702.6
1636790400000,1.1948,1.1985,1.1775,1.18,78296821.5
1636804800000,1.18,1.1996,1.1668,1.196,131029227.1
1636819200000,1.1961,1.2046,1.1834,1.1876,103446969.8
1636833600000,1.1877,1.1944,1.1835,1.1899,51208649.4
1636848000000,1.1899,1.2003,1.1862,1.1868,54079060.0
1636862400000,1.1868,1.1949,1.1804,1.1822,52109291.8
1636876800000,1.1823,1.1943,1.1727,1.1932,74784510.4
1636891200000,1.1933,1.1961,1.1775,1.1797,82986059.8
1636905600000,1.1797,1.1859,1.168,1.1807,108166150.2
1636920000000,1.1806,1.1899,1.177,1.1892,60472191.8
1636934400000,1.1893,1.2165,1.1891,1.2086,141999095.8
1636948800000,1.2087,1.2214,1.2078,1.21,78772640.1
1636963200000,1.2101,1.22,1.2005,1.2073,94925703.0
1636977600000,1.2073,1.2114,1.1844,1.1885,130254509.6
1636992000000,1.1885,1.1919,1.1756,1.1857,93661943.8
1637006400000,1.1857,1.1857,1.165,1.1729,91441069.8
1637020800000,1.1728,1.1729,1.105,1.1228,387425035.6
1637035200000,1.1228,1.1328,1.1061,1.1255,175829573.4
1637049600000,1.1256,1.1347,1.0332,1.091,434330508.6
1637064000000,1.091,1.1166,1.0781,1.0994,185645411.4
1637078400000,1.0995,1.1084,1.0814,1.0922,120272839.5
1637092800000,1.0922,1.1054,1.0656,1.0881,149467228.2
1637107200000,1.0881,1.0984,1.0584,1.0683,187457850.7
1637121600000,1.0684,1.0953,1.0604,1.0871,141544207.8
1637136000000,1.0871,1.1103,1.0669,1.1069,191342290.2
1637150400000,1.1069,1.1133,1.0756,1.0861,132046082.3
1637164800000,1.0863,1.1032,1.0798,1.0951,80196961.4
1637179200000,1.0951,1.1025,1.0853,1.0958,61686310.4
1637193600000,1.0959,1.162,1.0907,1.1248,275477969.4
1637208000000,1.1249,1.1481,1.0966,1.1074,247896774.4
1637222400000,1.1075,1.1104,1.0773,1.085,157225179.4
1637236800000,1.085,1.0955,1.045,1.0563,272474642.0
1637251200000,1.0564,1.0635,1.0145,1.0555,291780499.1
1637265600000,1.0556,1.0596,1.0286,1.041,125920741.5
1637280000000,1.0411,1.0572,1.0179,1.0289,168479381.7
1637294400000,1.0289,1.0498,1.0261,1.0421,94272586.9
1637308800000,1.042,1.0661,1.0418,1.0538,120022934.4
1637323200000,1.0538,1.1034,1.0495,1.0891,202635215.8
1637337600000,1.0891,1.099,1.0748,1.0936,109348875.6
1637352000000,1.0937,1.0955,1.0801,1.0903,67621876.8
1637366400000,1.0903,1.1005,1.0836,1.0856,80853522.6
1637380800000,1.0856,1.0926,1.0821,1.0856,44873134.8
1637395200000,1.0857,1.0988,1.0779,1.0971,67835771.7
1637409600000,1.0971,1.1024,1.06,1.0657,126112150.8
1637424000000,1.0656,1.0981,1.0619,1.0913,118991038.8
1637438400000,1.0912,1.0987,1.0884,1.0976,46821844.8
1637452800000,1.0975,1.0988,1.0732,1.077,62135662.1
1637467200000,1.0769,1.0903,1.0751,1.0803,41021777.7
1637481600000,1.0804,1.0813,1.0652,1.0726,72887852.1
1637496000000,1.0727,1.0818,1.0638,1.0788,67058852.3
1637510400000,1.0787,1.0867,1.0627,1.068,81985735.7
1637524800000,1.0681,1.0784,1.055,1.0581,73250351.6
1637539200000,1.0582,1.0604,1.0288,1.038,159576148.6
1637553600000,1.0379,1.0507,1.026,1.0433,85883221.8
1637568000000,1.0434,1.0551,1.0373,1.0488,65995545.0
1637582400000,1.0488,1.072,1.0378,1.0577,148161363.4
1637596800000,1.0577,1.0598,1.0284,1.0317,97931792.9
1637611200000,1.0318,1.0471,1.0284,1.0366,73705214.1
1637625600000,1.0365,1.0569,1.0311,1.0555,71790092.1
1637640000000,1.0555,1.0562,1.0348,1.0368,62200040.9
1637654400000,1.0367,1.0623,1.02,1.036,195833246.7
1637668800000,1.0362,1.0575,1.0328,1.0474,105052760.8
1637683200000,1.0472,1.0563,1.043,1.0548,71648648.3
1637697600000,1.0548,1.0725,1.0524,1.067,93345218.6
1637712000000,1.0671,1.0741,1.0378,1.0412,101353663.6
1637726400000,1.0411,1.0485,1.0328,1.0398,61433518.5
1637740800000,1.0397,1.0496,1.0312,1.0368,73481878.3
1637755200000,1.0367,1.0392,1.005,1.0287,189875207.6
1637769600000,1.0287,1.0298,1.0142,1.019,80324487.8
1637784000000,1.0191,1.0343,1.0161,1.0329,61751530.4
1637798400000,1.0329,1.0525,1.0266,1.0399,99042764.2
1637812800000,1.0399,1.0411,1.0301,1.0332,52304161.8
1637827200000,1.0333,1.0464,1.023,1.0393,98437225.1
1637841600000,1.0392,1.0597,1.0381,1.0529,112301423.9
1637856000000,1.053,1.0663,1.0494,1.0561,106501618.6
1637870400000,1.0561,1.0578,1.041,1.0447,63075647.9
1637884800000,1.0448,1.0479,1.0315,1.0316,91503884.9
1637899200000,1.0317,1.035,1.0,1.0145,152441836.0
1637913600000,1.0144,1.0146,0.8836,0.9341,823149182.0
1637928000000,0.9342,0.9615,0.9268,0.9465,209884336.6
1637942400000,0.9467,0.9582,0.9406,0.9543,94907309.5
1637956800000,0.9543,0.9608,0.9333,0.9392,90997182.7
1637971200000,0.9392,0.9594,0.9354,0.9538,75065876.5
1637985600000,0.9539,0.9614,0.9424,0.947,58491573.9
1638000000000,0.947,0.9659,0.9466,0.9508,81115622.1
1638014400000,0.9508,0.9606,0.949,0.9563,49072403.5
1638028800000,0.9562,0.9615,0.9495,0.9538,51734343.7
1638043200000,0.9539,0.9577,0.9338,0.9455,91293901.9
1638057600000,0.9455,0.947,0.8779,0.9099,217502966.0
1638072000000,0.9099,0.9337,0.905,0.93,88995318.9
1638086400000,0.93,0.9415,0.9226,0.9354,65293335.8
1638100800000,0.9354,0.9377,0.9177,0.9257,60976002.0
1638115200000,0.9256,0.928,0.8855,0.9233,152386276.5
1638129600000,0.9233,0.9693,0.9228,0.9686,145889557.8
1638144000000,0.9686,0.9829,0.9661,0.9762,97363307.1
1638158400000,0.9762,0.9954,0.9736,0.99,81154548.1
1638172800000,0.99,0.9926,0.9632,0.9705,112402135.8
1638187200000,0.9704,0.9859,0.9693,0.9772,86768491.0
1638201600000,0.9772,0.9982,0.973,0.9767,118904546.0
1638216000000,0.9768,1.0024,0.9754,0.9901,107282900.0
1638230400000,0.9901,1.0154,0.9875,0.9971,104598399.4
1638244800000,0.997,1.0044,0.9718,0.9833,134925776.9
1638259200000,0.9834,0.9998,0.97,0.9993,114334860.0
1638273600000,0.9993,1.0301,0.9986,1.0065,182164789.0
1638288000000,1.0064,1.0138,0.9845,1.0073,169833702.9
1638302400000,1.0073,1.0127,0.9955,0.9989,62244412.9
1638316800000,0.9989,1.013,0.9934,1.0128,63530098.5
1638331200000,1.0128,1.0182,0.9984,1.0143,54905767.1
1638345600000,1.0143,1.017,0.9966,1.0033,76809532.3
1638360000000,1.0033,1.0154,0.997,1.0119,92337566.0
1638374400000,1.0118,1.0182,0.9924,1.0007,85111718.5
1638388800000,1.0006,1.0014,0.98,0.9906,96541406.5
1638403200000,0.9906,0.9909,0.9545,0.9674,116907425.4
1638417600000,0.9675,0.9784,0.9663,0.9746,51956670.3
1638432000000,0.9745,0.9807,0.9629,0.9709,60423642.8
1638446400000,0.9708,0.9844,0.9664,0.9748,92799437.5
1638460800000,0.9748,0.9799,0.9645,0.9758,65946011.3
1638475200000,0.9758,0.9843,0.9712,0.9722,44530711.2
1638489600000,0.9722,0.9745,0.9612,0.9661,67810001.9
1638504000000,0.966,0.981,0.9583,0.9779,64494242.7
1638518400000,0.978,0.9829,0.973,0.9769,51533887.8
1638532800000,0.9769,0.984,0.9569,0.9615,96436730.4
1638547200000,0.9614,0.9614,0.9256,0.9283,186169716.9
1638561600000,0.9284,0.9332,0.8854,0.9213,217394872.9
1638576000000,0.9212,0.9246,0.8846,0.8848,114002782.9
1638590400000,0.8849,0.9031,0.5764,0.7497,1430743999.8
1638604800000,0.7497,0.7937,0.7405,0.7623,483533225.2
1638619200000,0.7622,0.8066,0.7622,0.792,257759599.1
1638633600000,0.792,0.8288,0.7855,0.8252,162307040.0
1638648000000,0.8252,0.8574,0.8164,0.8449,198104760.2
1638662400000,0.8449,0.8623,0.8131,0.8371,166985603.3
1638676800000,0.8372,0.8471,0.8224,0.8382,103784890.8
1638691200000,0.8381,0.8437,0.8164,0.8211,122042731.5
1638705600000,0.8212,0.8347,0.7674,0.7897,337315970.0
1638720000000,0.7897,0.8099,0.7816,0.7956,229100255.5
1638734400000,0.7957,0.8082,0.7827,0.8041,125920766.7
1638748800000,0.8041,0.8068,0.773,0.8034,151805766.7
1638763200000,0.8035,0.806,0.7619,0.7747,117100515.1
1638777600000,0.7748,0.7937,0.7475,0.7756,296470450.8
1638792000000,0.7756,0.7939,0.7647,0.7934,215016087.3
1638806400000,0.7934,0.8002,0.786,0.7957,111573549.4
1638820800000,0.7958,0.8299,0.7919,0.8251,135109911.6
1638835200000,0.8252,0.8459,0.8209,0.8289,110140525.0
1638849600000,0.8289,0.8411,0.8271,0.8303,66432252.7
1638864000000,0.8303,0.844,0.8277,0.8401,83078135.5
1638878400000,0.84,0.8436,0.8133,0.8368,165705209.7
1638892800000,0.8368,0.8386,0.8176,0.8226,83113347.2
1638907200000,0.8226,0.824,0.8037,0.8154,105770161.5
1638921600000,0.8155,0.8218,0.8037,0.8063,74661728.3
1638936000000,0.8063,0.8437,0.8058,0.8404,93670451.1
1638950400000,0.8404,0.8502,0.8022,0.8126,196821318.4
1638964800000,0.8128,0.8796,0.8043,0.8669,256022802.8
1638979200000,0.8668,0.8842,0.8603,0.8722,193568433.2
1638993600000,0.8723,0.8728,0.85,0.862,97863299.1
1639008000000,0.8619,0.8718,0.842,0.8454,109475429.6
1639022400000,0.8453,0.8652,0.8437,0.8602,94102422.3
1639036800000,0.8603,0.934,0.8315,0.9039,667870378.7
1639051200000,0.9038,0.9272,0.8777,0.8911,394435535.8
1639065600000,0.8913,0.9045,0.85,0.8596,228807748.0
1639080000000,0.8596,0.8888,0.8433,0.8582,222194355.4
1639094400000,0.8582,0.8829,0.846,0.8522,180539638.4
1639108800000,0.8521,0.8597,0.8252,0.8333,246455212.0
1639123200000,0.8333,0.8501,0.826,0.848,174002740.2
1639137600000,0.848,0.8677,0.8155,0.8234,298177648.1
1639152000000,0.8234,0.827,0.8083,0.8244,156257371.6
1639166400000,0.8244,0.8365,0.791,0.7985,137062700.8
1639180800000,0.7984,0.8274,0.7837,0.8215,182504419.9
1639195200000,0.8215,0.8369,0.8192,0.826,105414246.6
1639209600000,0.8261,0.8433,0.8228,0.8296,96623453.4
1639224000000,0.8296,0.8392,0.8269,0.8376,98252229.6
1639238400000,0.8376,0.8442,0.8201,0.8213,104269196.4
1639252800000,0.8213,0.8415,0.8209,0.8388,67494711.8
1639267200000,0.8388,0.842,0.8261,0.8293,76555963.2
1639281600000,0.8293,0.8299,0.8151,0.8244,89208254.4
1639296000000,0.8243,0.8259,0.8081,0.8235,96722877.6
1639310400000,0.8235,0.83,0.8203,0.822,57660609.3
1639324800000,0.8221,0.857,0.8201,0.8519,126882265.6
1639339200000,0.8519,0.8559,0.8379,0.8393,61509839.9
1639353600000,0.8393,0.8444,0.8165,0.8245,110395893.8
1639368000000,0.8245,0.8302,0.8196,0.8272,64343585.0
1639382400000,0.8271,0.8381,0.8184,0.8282,99417865.8
1639396800000,0.8281,0.8321,0.7923,0.7991,204529597.2
1639411200000,0.7992,0.807,0.76,0.7746,265094883.4
1639425600000,0.7746,0.793,0.7617,0.7815,161087418.9
1639440000000,0.7815,0.7966,0.7724,0.7883,122587804.4
1639454400000,0.7884,0.7925,0.7716,0.7891,114831354.0
1639468800000,0.7891,0.814,0.7787,0.808,134516319.6
1639483200000,0.8079,0.8178,0.7872,0.7927,172592040.3
1639497600000,0.7926,0.8042,0.7883,0.7991,102966605.0
1639512000000,0.7991,0.8212,0.7982,0.8101,132837367.6
1639526400000,0.8101,0.8131,0.8009,0.812,78568816.1
1639540800000,0.812,0.8151,0.8046,0.8102,76606459.8
1639555200000,0.8102,0.8176,0.801,0.805,76577181.4
1639569600000,0.8051,0.8121,0.7767,0.7781,146337295.1
1639584000000,0.778,0.8287,0.7768,0.8207,290242188.6
1639598400000,0.8208,0.8396,0.8182,0.8259,149376140.5
1639612800000,0.826,0.8361,0.8241,0.8267,72161868.9
1639627200000,0.8267,0.829,0.8181,0.8238,61411382.2
1639641600000,0.8238,0.8335,0.8195,0.8305,57414474.6
1639656000000,0.8305,0.8324,0.8191,0.8263,83140665.7
1639670400000,0.8263,0.8274,0.8065,0.8092,81576167.4
1639684800000,0.8092,0.8164,0.8025,0.8045,74096689.6
1639699200000,0.8047,0.8142,0.8013,0.8114,58382906.0
1639713600000,0.8115,0.8323,0.8085,0.8124,114994461.6
1639728000000,0.8124,0.8151,0.8024,0.8049,70634120.6
1639742400000,0.805,0.8095,0.7749,0.7953,172860128.8
1639756800000,0.7953,0.8109,0.7934,0.7997,105029668.5
1639771200000,0.7997,0.8054,0.7871,0.7963,81628271.7
1639785600000,0.7963,0.8106,0.7904,0.8049,86393077.3
1639800000000,0.8049,0.8159,0.8016,0.8124,58319317.2
1639814400000,0.8124,0.8344,0.8123,0.8283,79646638.7
1639828800000,0.8284,0.8315,0.819,0.8239,66778979.8
1639843200000,0.824,0.8265,0.8141,0.8208,50809244.0
1639857600000,0.8209,0.831,0.8177,0.8261,44362677.8
1639872000000,0.8261,0.8373,0.8187,0.8331,70040135.2
1639886400000,0.8332,0.8398,0.8303,0.8329,47007201.3
1639900800000,0.8328,0.8345,0.8238,0.827,60006017.4
1639915200000,0.8271,0.8445,0.8231,0.83,112394790.0
1639929600000,0.8301,0.8371,0.8281,0.831,71268544.3
1639944000000,0.8311,0.8489,0.8261,0.8346,85927835.0
1639958400000,0.8347,0.9126,0.8236,0.9081,372751561.6
1639972800000,0.908,0.9149,0.8645,0.8713,311171723.8
1639987200000,0.8709,0.8775,0.844,0.8548,216873103.6
1640001600000,0.8549,0.855,0.8258,0.8363,244223854.2
1640016000000,0.8364,0.8615,0.8325,0.8596,141756682.2
1640030400000,0.8597,0.8885,0.8597,0.879,202522708.8
1640044800000,0.8791,0.8833,0.8523,0.8707,152166605.9
1640059200000,0.8708,0.9142,0.8694,0.8929,307480216.5
1640073600000,0.8929,0.8984,0.8781,0.8937,139813036.9
1640088000000,0.8937,0.9044,0.885,0.8904,129707427.8
1640102400000,0.8903,0.9283,0.8899,0.9195,215235472.5
1640116800000,0.9195,0.9606,0.9157,0.9462,213951954.7
1640131200000,0.9462,0.9719,0.931,0.9716,174776551.6
1640145600000,0.9716,0.9738,0.9474,0.955,166420983.5
1640160000000,0.9551,0.9683,0.9476,0.9527,141306306.4
1640174400000,0.9526,0.9562,0.9221,0.9513,202121665.9
1640188800000,0.9513,0.9644,0.9363,0.9561,166755847.6
1640203200000,0.9562,0.9666,0.9474,0.9531,120242501.0
1640217600000,0.9531,1.0185,0.9361,1.0043,271556585.4
1640232000000,1.0045,1.0062,0.9697,0.9715,166691816.0
1640246400000,0.9715,0.9909,0.9533,0.9617,188288791.8
1640260800000,0.9617,0.9795,0.9617,0.9784,107970425.3
1640275200000,0.9783,1.0157,0.9782,1.0098,202299261.3
1640289600000,1.0099,1.0115,0.9826,0.9937,142178923.5
1640304000000,0.9938,0.996,0.9666,0.9735,142099346.9
1640318400000,0.9735,0.9741,0.9521,0.9725,131610548.1
1640332800000,0.9725,0.9854,0.9656,0.9739,161221398.9
1640347200000,0.9739,0.9752,0.9201,0.943,283554635.0
1640361600000,0.9429,0.9475,0.9021,0.9066,297859025.5
1640376000000,0.9066,0.9313,0.89,0.9126,358007505.6
1640390400000,0.9125,0.9231,0.8988,0.9146,150336818.7
1640404800000,0.9146,0.9302,0.9131,0.9246,91605054.7
1640419200000,0.9246,0.9313,0.915,0.9195,95858687.7
1640433600000,0.9196,0.9345,0.919,0.9233,93553801.5
1640448000000,0.9233,0.9297,0.907,0.9237,100101370.0
1640462400000,0.9238,0.9324,0.9181,0.9252,69277493.8
1640476800000,0.9251,0.9335,0.905,0.9076,105904598.5
1640491200000,0.9076,0.9179,0.9051,0.9147,51033114.5
1640505600000,0.9146,0.9214,0.9069,0.9138,73373713.0
1640520000000,0.9138,0.9194,0.9117,0.917,65031334.8
1640534400000,0.9171,0.9243,0.9157,0.9194,62168175.1
1640548800000,0.9193,0.9246,0.9106,0.9201,66841987.2
1640563200000,0.92,0.9284,0.9156,0.9245,80881049.2
1640577600000,0.9245,0.9258,0.9194,0.9224,49326332.5
1640592000000,0.9224,0.9232,0.914,0.922,72707971.0
1640606400000,0.9219,0.9421,0.918,0.9346,127017141.6
1640620800000,0.9346,0.9558,0.9346,0.9387,162928607.1
1640635200000,0.9386,0.9445,0.9188,0.9271,108066933.1
1640649600000,0.9271,0.9273,0.8735,0.8949,254892384.3
1640664000000,0.8948,0.8949,0.865,0.8875,134869807.0
1640678400000,0.8875,0.8926,0.8798,0.891,76997434.7
1640692800000,0.8911,0.8957,0.8701,0.8822,92592015.6
1640707200000,0.8822,0.884,0.845,0.8596,164427576.8
1640721600000,0.8595,0.8691,0.85,0.8514,77718175.1
1640736000000,0.8515,0.8642,0.8503,0.8595,73669953.0
1640750400000,0.8596,0.8614,0.8351,0.8398,76642917.5
1640764800000,0.8397,0.8559,0.8383,0.8494,126402552.8
1640779200000,0.8493,0.8499,0.8103,0.8436,188457038.5
1640793600000,0.8437,0.8448,0.8241,0.8267,91327457.2
1640808000000,0.8267,0.838,0.8095,0.8169,121224231.0
1640822400000,0.8168,0.8288,0.8016,0.8192,113190662.0
1640836800000,0.8191,0.8368,0.8185,0.8319,69039795.9
1640851200000,0.8319,0.8415,0.8239,0.8405,68111086.4
1640865600000,0.8405,0.853,0.8344,0.8374,104336348.5
1640880000000,0.8374,0.8599,0.8366,0.8416,172224040.2
1640894400000,0.8416,0.8505,0.8304,0.8382,77349215.1
1640908800000,0.8382,0.8453,0.827,0.8369,88449083.7
1640923200000,0.8369,0.842,0.8281,0.8341,64006627.3
1640937600000,0.8342,0.8538,0.8309,0.8451,111226245.2
1640952000000,0.8451,0.8463,0.8382,0.8413,54746597.2
1640966400000,0.8413,0.8442,0.8028,0.8034,141096481.7
1640980800000,0.8034,0.8378,0.8022,0.8292,112821633.9
1640995200000,0.8294,0.853,0.8293,0.841,87347719.7
1641009600000,0.8409,0.8466,0.8343,0.841,49413633.0
1641024000000,0.841,0.8444,0.8345,0.8387,45863092.6
1641038400000,0.8389,0.8455,0.8385,0.8421,38382240.6
1641052800000,0.8422,0.8558,0.8421,0.852,57451184.9
1641067200000,0.8519,0.8539,0.844,0.8507,50048176.2
1641081600000,0.8507,0.851,0.8405,0.8435,39187678.8
1641096000000,0.8436,0.8466,0.8369,0.8423,40391901.8
1641110400000,0.8423,0.8494,0.8392,0.8452,37305469.4
1641124800000,0.8452,0.8675,0.8416,0.8558,84255718.7
1641139200000,0.8558,0.8644,0.845,0.8511,89136737.6
1641153600000,0.8511,0.8611,0.8495,0.8583,35839553.0
1641168000000,0.8583,0.8588,0.8436,0.8452,50449008.9
1641182400000,0.8453,0.8481,0.8408,0.8426,44879926.4
1641196800000,0.8427,0.8467,0.833,0.8445,81524288.2
1641211200000,0.8445,0.8465,0.8369,0.8382,72709078.9
1641225600000,0.8382,0.8394,0.8246,0.8328,87852580.4
1641240000000,0.8327,0.8379,0.8212,0.8324,92869575.6
1641254400000,0.8323,0.8343,0.823,0.8274,54652347.8
1641268800000,0.8274,0.8303,0.82,0.828,68231091.8
1641283200000,0.8279,0.8373,0.8264,0.8359,63972475.3
1641297600000,0.8358,0.846,0.8304,0.8354,109685971.1
1641312000000,0.8353,0.8367,0.8144,0.8251,118566725.9
1641326400000,0.8251,0.8319,0.8225,0.8228,48676474.1
1641340800000,0.8228,0.835,0.8211,0.8307,49323853.5
1641355200000,0.8307,0.8347,0.8282,0.8296,45185849.0
1641369600000,0.8295,0.8375,0.8241,0.8259,59067126.7
1641384000000,0.8259,0.831,0.8206,0.8279,79772693.2
1641398400000,0.8279,0.8302,0.79,0.7978,159006404.4
1641412800000,0.7978,0.8021,0.7074,0.7718,471254721.9
1641427200000,0.7719,0.7783,0.7488,0.7489,136301419.2
1641441600000,0.749,0.7658,0.7464,0.7617,115630540.6
1641456000000,0.7617,0.7624,0.7371,0.7486,135457100.3
1641470400000,0.7486,0.7653,0.7419,0.7618,109211559.0
1641484800000,0.7618,0.7816,0.7594,0.7804,92348419.9
1641499200000,0.7804,0.7903,0.7759,0.7787,88212567.2
1641513600000,0.7788,0.7805,0.7377,0.7447,131306173.7
1641528000000,0.7448,0.7543,0.7281,0.7519,173931103.8
1641542400000,0.7521,0.7772,0.7492,0.7577,138223551.0
1641556800000,0.7577,0.7679,0.7334,0.748,211152837.9
1641571200000,0.7479,0.7707,0.743,0.7647,142867712.9
1641585600000,0.7648,0.7784,0.7576,0.7634,78043461.6
1641600000000,0.7636,0.7751,0.7612,0.7682,66446643.1
1641614400000,0.7683,0.7756,0.7667,0.7716,44300516.7
1641628800000,0.7716,0.7768,0.7627,0.7644,58479094.1
1641643200000,0.7645,0.7685,0.7521,0.7572,96622556.7
1641657600000,0.7572,0.7618,0.722,0.7299,231331428.7
1641672000000,0.7299,0.7601,0.7258,0.745,106856279.9
1641686400000,0.7451,0.7568,0.7407,0.7506,71776154.4
1641700800000,0.7506,0.7581,0.7479,0.7488,40765504.1
1641715200000,0.7487,0.7529,0.74,0.7504,51122749.0
1641729600000,0.7504,0.7516,0.738,0.7428,60055510.1
1641744000000,0.7427,0.7657,0.7417,0.7642,82449004.8
1641758400000,0.7642,0.7665,0.7505,0.7529,54314641.1
1641772800000,0.7528,0.7577,0.747,0.7533,52920117.4
1641787200000,0.7533,0.7585,0.7503,0.7516,44739764.7
1641801600000,0.7517,0.7525,0.7391,0.7414,72299464.6
1641816000000,0.7414,0.7429,0.6923,0.7237,334269081.0
1641830400000,0.7237,0.7443,0.7131,0.7223,210257884.4
1641844800000,0.7223,0.7398,0.7188,0.7393,81923744.0
1641859200000,0.7394,0.7475,0.7321,0.7462,68362708.2
1641873600000,0.7462,0.7557,0.7432,0.7459,89828436.5
1641888000000,0.746,0.7506,0.7303,0.7393,78966813.7
1641902400000,0.7393,0.7472,0.7305,0.7407,104878320.1
1641916800000,0.7408,0.7688,0.7401,0.7626,177430133.8
1641931200000,0.7626,0.7772,0.7622,0.77,74805640.3
1641945600000,0.77,0.7797,0.767,0.7721,63408217.0
1641960000000,0.7721,0.7736,0.7579,0.7598,57755377.4
1641974400000,0.7598,0.7777,0.7568,0.7708,85941084.9
1641988800000,0.7707,0.8006,0.7702,0.7912,189335106.8
1642003200000,0.7912,0.7986,0.7843,0.7967,97989339.5
1642017600000,0.7967,0.8071,0.7942,0.7982,76866159.3
1642032000000,0.7983,0.8023,0.7844,0.7875,61920738.0
1642046400000,0.7874,0.7978,0.7866,0.7919,39008759.4
1642060800000,0.792,0.7992,0.7822,0.7834,94066264.2
1642075200000,0.7834,0.7982,0.768,0.7747,123771448.2
1642089600000,0.7747,0.7806,0.7616,0.7657,78464510.0
1642104000000,0.7656,0.7725,0.7599,0.7674,62954188.2
1642118400000,0.7673,0.7726,0.7634,0.77,41559138.3
1642132800000,0.77,0.7903,0.7696,0.7809,99845521.2
1642147200000,0.7809,0.7816,0.7531,0.7569,108074767.9
1642161600000,0.7569,0.7778,0.7509,0.7731,105057087.3
1642176000000,0.7732,0.7757,0.764,0.7713,63878837.4
1642190400000,0.7713,0.781,0.77,0.7727,62822048.7
1642204800000,0.7728,0.7776,0.7691,0.7725,34037198.7
1642219200000,0.7724,0.7801,0.7684,0.7796,42252797.2
1642233600000,0.7796,0.7804,0.7741,0.7763,34525562.8
1642248000000,0.7763,0.7877,0.767,0.7863,126659826.1
1642262400000,0.7863,0.788,0.7814,0.7844,37001718.2
1642276800000,0.7844,0.7891,0.7786,0.7788,44114393.4
1642291200000,0.7788,0.7808,0.7721,0.7769,36784095.9
1642305600000,0.777,0.7825,0.7752,0.7804,25034571.8
1642320000000,0.7805,0.7844,0.7746,0.7764,44761287.0
1642334400000,0.7764,0.7803,0.7663,0.7769,84082625.3
1642348800000,0.7769,0.7838,0.773,0.7749,57739132.0
1642363200000,0.7749,0.7806,0.7719,0.778,28290830.2
1642377600000,0.778,0.78,0.7655,0.7667,43004170.8
1642392000000,0.7668,0.7685,0.755,0.7651,77940012.9
1642406400000,0.7652,0.7698,0.7596,0.7653,52238470.4
1642420800000,0.7654,0.7659,0.7571,0.7583,54767001.5
1642435200000,0.7584,0.7643,0.7491,0.7632,78942083.5
1642449600000,0.7631,0.7647,0.75,0.7614,55457989.9
1642464000000,0.7615,0.7685,0.7548,0.7567,46172586.8
1642478400000,0.7567,0.7623,0.7501,0.7564,49537661.0
1642492800000,0.7563,0.7568,0.7345,0.7469,106355199.9
1642507200000,0.7468,0.7488,0.7369,0.7432,76066801.1
1642521600000,0.7433,0.7495,0.74,0.7482,47825070.3
1642536000000,0.7482,0.7594,0.7425,0.7504,54789028.1
1642550400000,0.7504,0.753,0.7358,0.7408,73294905.1
1642564800000,0.7408,0.745,0.725,0.7282,82831822.5
1642579200000,0.7283,0.7394,0.7229,0.7377,93546236.0
1642593600000,0.7376,0.746,0.7351,0.7381,78983699.6
1642608000000,0.7382,0.7439,0.7333,0.7403,58247962.7
1642622400000,0.7403,0.7438,0.7373,0.7379,33825499.8
1642636800000,0.7378,0.7486,0.737,0.7431,57708202.2
1642651200000,0.7431,0.7481,0.7419,0.7454,37685931.6
1642665600000,0.7455,0.7462,0.7396,0.7422,44066892.2
1642680000000,0.7422,0.7613,0.7401,0.7592,93879457.4
1642694400000,0.7591,0.7616,0.7511,0.7575,59180811.1
1642708800000,0.7574,0.759,0.7154,0.7194,155170190.7
1642723200000,0.7193,0.7283,0.6864,0.6901,230785096.7
1642737600000,0.6901,0.6991,0.682,0.6944,135292723.6
1642752000000,0.6943,0.6969,0.6841,0.6874,75245015.1
1642766400000,0.6873,0.6882,0.6591,0.6812,236249982.5
1642780800000,0.6814,0.6866,0.6648,0.6658,111199639.6
1642795200000,0.6658,0.6748,0.6093,0.6364,474878719.6
1642809600000,0.6362,0.6535,0.6291,0.6388,191471601.6
1642824000000,0.6389,0.6469,0.5942,0.5988,254463683.2
1642838400000,0.599,0.6109,0.5468,0.5869,450875780.1
1642852800000,0.5869,0.6128,0.5721,0.5738,209236126.9
1642867200000,0.5738,0.5911,0.5621,0.5796,296179222.9
1642881600000,0.5796,0.607,0.5756,0.5962,175253439.3
1642896000000,0.5963,0.6099,0.5895,0.5992,94229617.8
1642910400000,0.5991,0.6182,0.5971,0.6149,108144200.3
1642924800000,0.6148,0.6267,0.6115,0.6159,141015787.0
1642939200000,0.6158,0.6262,0.5985,0.6038,133669799.0
1642953600000,0.6038,0.61,0.5894,0.5935,111467737.6
1642968000000,0.5935,0.6349,0.5918,0.6281,130089447.2
1642982400000,0.6281,0.6286,0.6069,0.6126,85208846.1
1642996800000,0.6127,0.6153,0.5983,0.5994,83978255.0
1643011200000,0.5995,0.6072,0.5588,0.5676,301139685.3
1643025600000,0.5675,0.5848,0.5521,0.582,313906395.9
1643040000000,0.5822,0.5995,0.5682,0.5966,185408544.5
1643054400000,0.5966,0.6221,0.5951,0.6116,113697036.4
1643068800000,0.6115,0.6118,0.596,0.6005,77344255.7
1643083200000,0.6005,0.6021,0.5869,0.593,67304897.6
1643097600000,0.5929,0.6095,0.5914,0.5998,93529398.4
1643112000000,0.5998,0.611,0.5909,0.6012,158118230.7
1643126400000,0.6012,0.6172,0.6003,0.6112,94937114.1
1643140800000,0.6113,0.6242,0.602,0.6175,109406045.4
1643155200000,0.6175,0.622,0.6081,0.6198,81640019.8
1643169600000,0.6198,0.6323,0.6177,0.6205,83733311.6
1643184000000,0.6204,0.6375,0.6201,0.6331,108338583.8
1643198400000,0.633,0.6412,0.6197,0.6346,155845458.7
1643212800000,0.6345,0.6584,0.6222,0.6388,218755492.4
1643227200000,0.6386,0.6386,0.6043,0.619,165934525.3
1643241600000,0.619,0.6244,0.589,0.5939,113872929.3
1643256000000,0.594,0.6088,0.5926,0.6042,66896601.0
1643270400000,0.6043,0.6108,0.5966,0.6089,74444592.9
1643284800000,0.6089,0.6193,0.606,0.6105,89404209.9
1643299200000,0.6106,0.6142,0.5987,0.6028,83112916.6
1643313600000,0.6027,0.6095,0.5893,0.6084,112603036.7
1643328000000,0.6083,0.6135,0.5976,0.6083,88843092.7
1643342400000,0.6084,0.6108,0.6002,0.6015,69113741.5
1643356800000,0.6014,0.6041,0.592,0.595,84760385.2
1643371200000,0.5951,0.6041,0.5914,0.6023,106217451.7
1643385600000,0.6023,0.6091,0.5975,0.6036,83725993.3
1643400000000,0.6037,0.6137,0.6005,0.6108,72985389.0
1643414400000,0.6108,0.6157,0.6083,0.612,52732590.1
1643428800000,0.6119,0.6186,0.6093,0.6177,42871264.3
1643443200000,0.6177,0.6196,0.6128,0.6155,48690446.7
1643457600000,0.6155,0.6227,0.6078,0.6137,104263921.7
1643472000000,0.6136,0.6183,0.6095,0.6153,50037385.0
1643486400000,0.6152,0.6252,0.613,0.6173,68896086.1
1643500800000,0.6175,0.6193,0.6103,0.6153,47237175.1
1643515200000,0.6153,0.623,0.6142,0.6209,36707190.1
1643529600000,0.621,0.6229,0.6152,0.6194,41859412.3
1643544000000,0.6195,0.6203,0.6087,0.6152,69750317.9
1643558400000,0.6153,0.616,0.5985,0.6003,71688867.0
1643572800000,0.6002,0.608,0.597,0.601,78818209.8
1643587200000,0.601,0.6017,0.5805,0.5857,139097559.2
1643601600000,0.5858,0.5902,0.5798,0.5891,58299657.3
1643616000000,0.5893,0.5928,0.5845,0.59,67523905.9
1643630400000,0.59,0.6009,0.5832,0.5968,112254255.9
1643644800000,0.5969,0.6099,0.5953,0.6066,105432145.3
1643659200000,0.6066,0.6243,0.6048,0.6173,85702738.5
1643673600000,0.6174,0.6276,0.6106,0.626,85690486.7
1643688000000,0.6259,0.6264,0.6162,0.6178,62939750.8
1643702400000,0.6178,0.6299,0.6128,0.6211,98541584.1
1643716800000,0.6212,0.6249,0.6152,0.623,93435417.0
1643731200000,0.6231,0.6288,0.6196,0.6216,73500027.3
1643745600000,0.6216,0.6303,0.6216,0.628,43765748.1
1643760000000,0.628,0.6313,0.6224,0.6253,53342243.8
1643774400000,0.6253,0.6279,0.6207,0.6224,39627466.5
1643788800000,0.6224,0.6269,0.6212,0.6258,41395888.6
1643803200000,0.6259,0.6308,0.6087,0.6104,122999091.9
1643817600000,0.6103,0.6137,0.601,0.6118,90628647.8
1643832000000,0.6118,0.6135,0.5949,0.6003,111968967.8
1643846400000,0.6004,0.6032,0.5963,0.6003,54308455.5
1643860800000,0.6002,0.6063,0.5992,0.604,43219257.2
1643875200000,0.604,0.6053,0.5879,0.5976,97778272.8
1643889600000,0.5977,0.6044,0.59,0.6037,89208199.0
1643904000000,0.6036,0.6066,0.5961,0.5984,58544424.3
1643918400000,0.5984,0.6109,0.5966,0.6096,71549379.4
1643932800000,0.6096,0.6125,0.6038,0.6079,59731482.3
1643947200000,0.6079,0.6211,0.6079,0.617,87176913.9
1643961600000,0.617,0.6206,0.6135,0.6137,60316291.1
1643976000000,0.6138,0.6309,0.6053,0.624,168568423.4
1643990400000,0.6241,0.6414,0.6236,0.6396,135417853.2
1644004800000,0.6397,0.6589,0.6356,0.6555,82916221.8
1644019200000,0.6555,0.6869,0.6499,0.6687,191786056.0
1644033600000,0.6688,0.6787,0.666,0.6702,98550795.5
1644048000000,0.6702,0.6773,0.668,0.6709,57642932.2
1644062400000,0.6708,0.6762,0.6644,0.6735,74342856.4
1644076800000,0.6734,0.6752,0.6505,0.6622,110237889.3
1644091200000,0.6622,0.6708,0.6579,0.6653,50422267.0
1644105600000,0.6654,0.6745,0.665,0.6694,40821616.6
1644120000000,0.6693,0.6705,0.6625,0.6688,49238605.3
1644134400000,0.6688,0.6715,0.6653,0.6675,34930580.7
1644148800000,0.6675,0.6802,0.6584,0.6668,105430973.2
1644163200000,0.6668,0.6718,0.6636,0.6713,46304112.9
1644177600000,0.6713,0.6877,0.6675,0.6825,83159142.6
1644192000000,0.6825,0.7287,0.6708,0.7235,229622330.3
1644206400000,0.7234,0.7595,0.7183,0.755,223398769.6
1644220800000,0.7549,0.7824,0.7476,0.7736,393065575.5
1644235200000,0.7736,0.7769,0.7633,0.7727,237402296.3
1644249600000,0.7727,0.8005,0.7713,0.7881,329618666.2
1644264000000,0.7882,0.8387,0.7806,0.8307,436476068.8
1644278400000,0.8309,0.8829,0.8125,0.8728,571040006.5
1644292800000,0.8728,0.914,0.8675,0.8957,658848938.1
1644307200000,0.8956,0.9,0.8385,0.8592,717721108.6
1644321600000,0.8591,0.8599,0.8192,0.8333,475863331.9
1644336000000,0.8333,0.8382,0.8033,0.8142,358268773.5
1644350400000,0.8142,0.8937,0.8108,0.8755,509812414.2
1644364800000,0.8755,0.9047,0.8433,0.8478,474694067.9
1644379200000,0.8479,0.8671,0.8438,0.8604,228431771.0
1644393600000,0.8604,0.8634,0.8441,0.8561,231633490.0
1644408000000,0.856,0.9081,0.852,0.884,489608961.6
1644422400000,0.884,0.9173,0.8747,0.8912,380201694.7
1644436800000,0.8912,0.904,0.8602,0.8694,255001881.9
1644451200000,0.8694,0.88,0.853,0.8618,207798881.0
1644465600000,0.8618,0.8764,0.8593,0.8715,143247058.3
1644480000000,0.8714,0.8972,0.8687,0.8861,188532987.9
1644494400000,0.8861,0.8897,0.836,0.864,519408481.8
1644508800000,0.864,0.8766,0.8467,0.8488,193385312.1
1644523200000,0.8489,0.8551,0.8198,0.8249,182222216.2
1644537600000,0.8249,0.8308,0.8065,0.8218,207709540.7
1644552000000,0.8217,0.8237,0.79,0.8188,181799994.8
1644566400000,0.8188,0.8325,0.8027,0.8148,162959349.6
1644580800000,0.8149,0.8341,0.812,0.8193,204210076.8
1644595200000,0.8192,0.8214,0.7761,0.7895,246626595.5
1644609600000,0.7896,0.7928,0.7494,0.7585,265091364.5
1644624000000,0.7585,0.7789,0.7527,0.7711,169655483.0
1644638400000,0.7712,0.7772,0.7457,0.7634,159886509.3
1644652800000,0.7634,0.7778,0.7579,0.773,160929866.0
1644667200000,0.7729,0.8078,0.7623,0.802,299100768.3
1644681600000,0.802,0.8522,0.8013,0.8307,694150696.9
1644696000000,0.8308,0.844,0.8083,0.8222,349122794.9
1644710400000,0.8222,0.8374,0.8107,0.8231,209982085.7
1644724800000,0.8232,0.8349,0.817,0.8281,176576445.3
1644739200000,0.8281,0.847,0.821,0.8363,239388708.2
1644753600000,0.8363,0.8441,0.8176,0.8227,282403000.8
1644768000000,0.8226,0.8234,0.7889,0.8002,298964747.2
1644782400000,0.8003,0.8185,0.7949,0.8051,152739339.4
1644796800000,0.8051,0.811,0.782,0.7922,172048896.9
1644811200000,0.7923,0.7994,0.7839,0.7972,113079560.4
1644825600000,0.7973,0.8089,0.7785,0.7873,188154424.3
1644840000000,0.7873,0.8123,0.7812,0.8019,229729284.2
1644854400000,0.8018,0.8081,0.7807,0.7876,166940535.7
1644868800000,0.7876,0.8065,0.784,0.8007,121862082.7
1644883200000,0.8008,0.8399,0.7957,0.8232,191718902.1
1644897600000,0.8232,0.8284,0.8166,0.8256,98725404.7
1644912000000,0.8257,0.836,0.8222,0.8309,162165008.4
1644926400000,0.8309,0.8341,0.8213,0.8248,128674438.3
1644940800000,0.8249,0.8283,0.8167,0.8248,97426480.8
1644955200000,0.8247,0.8595,0.8232,0.8512,178773645.5
1644969600000,0.8512,0.8519,0.8317,0.8353,146412216.2
1644984000000,0.8352,0.8392,0.825,0.8381,97904352.1
1644998400000,0.838,0.8391,0.8222,0.828,101692123.0
1645012800000,0.8279,0.831,0.8074,0.8164,194965082.9
1645027200000,0.8164,0.8362,0.8102,0.8342,141800415.5
1645041600000,0.8342,0.8534,0.8335,0.8364,193032698.9
1645056000000,0.8365,0.8447,0.8218,0.8223,120832033.7
1645070400000,0.8223,0.83,0.8091,0.8282,159409261.7
1645084800000,0.8283,0.8292,0.8034,0.8151,185294683.6
1645099200000,0.815,0.8199,0.7921,0.8009,221689964.5
1645113600000,0.8009,0.8069,0.7688,0.782,202910341.2
1645128000000,0.7822,0.7822,0.753,0.768,206281917.5
1645142400000,0.7681,0.7899,0.7627,0.786,155441014.7
1645156800000,0.786,0.8045,0.7812,0.799,144471622.8
1645171200000,0.7989,0.8027,0.7722,0.7766,193194672.1
1645185600000,0.7766,0.7853,0.7574,0.7656,302629540.0
1645200000000,0.7655,0.7744,0.7552,0.7737,199906297.7
1645214400000,0.7738,0.7944,0.7652,0.7835,176875900.4
1645228800000,0.7836,0.7975,0.7829,0.7903,120789243.1
1645243200000,0.7903,0.8009,0.7881,0.7942,92544833.7
1645257600000,0.7943,0.7965,0.769,0.7745,176780693.3
1645272000000,0.7745,0.8372,0.7702,0.8309,725600733.8
1645286400000,0.8309,0.855,0.8133,0.8153,564034922.4
1645300800000,0.8152,0.824,0.8062,0.8215,263913840.2
1645315200000,0.8215,0.8234,0.7889,0.7982,275852585.2
1645329600000,0.7982,0.8052,0.7711,0.7894,427926140.6
1645344000000,0.7895,0.7977,0.78,0.7904,294533341.9
1645358400000,0.7903,0.8007,0.7759,0.7847,247716060.9
1645372800000,0.7847,0.7905,0.7783,0.7833,120188849.0
1645387200000,0.7833,0.7942,0.762,0.7764,212581878.4
1645401600000,0.7763,0.802,0.7683,0.7866,221262216.7
1645416000000,0.7865,0.8003,0.7862,0.7966,126899186.8
1645430400000,0.7967,0.7987,0.7601,0.7694,258638490.5
1645444800000,0.7693,0.7898,0.7561,0.7818,380782169.9
1645459200000,0.7817,0.7883,0.744,0.7561,347475480.4
1645473600000,0.7561,0.7631,0.6947,0.7013,449074345.5
1645488000000,0.7013,0.7137,0.6667,0.6786,360333922.4
1645502400000,0.6787,0.6976,0.6749,0.6801,269427229.8
1645516800000,0.6799,0.7101,0.6781,0.7006,235155841.2
1645531200000,0.7006,0.7187,0.6935,0.7045,262324600.3
1645545600000,0.7046,0.7079,0.6909,0.7064,229858945.5
1645560000000,0.7062,0.7263,0.7004,0.7203,160851177.1
1645574400000,0.7204,0.7273,0.7037,0.7102,159347059.7
1645588800000,0.7102,0.725,0.7082,0.7231,122166306.1
1645603200000,0.7229,0.7409,0.7207,0.732,207994259.0
1645617600000,0.732,0.7438,0.7213,0.7231,183213694.7
1645632000000,0.7231,0.7344,0.7021,0.7046,225763872.9
1645646400000,0.7046,0.7139,0.6919,0.696,172506645.3
1645660800000,0.696,0.7032,0.6257,0.6387,418432363.2
1645675200000,0.6388,0.6522,0.6208,0.6422,473732941.2
1645689600000,0.6422,0.6527,0.627,0.639,306387710.6
1645704000000,0.6392,0.656,0.6308,0.651,305773453.2
1645718400000,0.651,0.6892,0.648,0.6877,333554196.8
1645732800000,0.6876,0.7238,0.6738,0.6958,389537185.2
1645747200000,0.6958,0.7053,0.6871,0.6988,191763739.6
1645761600000,0.6988,0.7021,0.6859,0.6984,123869978.8
1645776000000,0.6984,0.6999,0.6821,0.6984,170784259.6
1645790400000,0.6984,0.7242,0.6982,0.7148,284585840.3
1645804800000,0.7148,0.7387,0.7018,0.7296,267486307.8
1645819200000,0.7296,0.781,0.7258,0.7696,251924176.4
1645833600000,0.7696,0.8121,0.7647,0.7754,315066171.9
1645848000000,0.7754,0.7789,0.7508,0.774,186181678.7
1645862400000,0.774,0.7795,0.7556,0.7588,179983862.0
1645876800000,0.7588,0.7676,0.7512,0.7565,131536868.6
1645891200000,0.7565,0.7609,0.7401,0.7514,141564829.1
1645905600000,0.7513,0.7639,0.7432,0.7505,108640882.1
1645920000000,0.7506,0.7533,0.7217,0.7331,174464478.9
1645934400000,0.733,0.7462,0.7273,0.7383,85694961.7
1645948800000,0.7382,0.7568,0.7359,0.756,131433690.0
1645963200000,0.756,0.7676,0.732,0.7513,252864448.7
1645977600000,0.7513,0.752,0.7101,0.7134,177678019.8
1645992000000,0.7133,0.7292,0.7025,0.7209,222440095.7
1646006400000,0.721,0.7324,0.7097,0.7195,140614220.6
1646020800000,0.7196,0.7272,0.7067,0.7222,113024176.1
1646035200000,0.7222,0.7293,0.7178,0.7266,105668555.4
1646049600000,0.7265,0.7629,0.7164,0.7609,268697770.8
1646064000000,0.7608,0.7675,0.7494,0.7624,186093797.7
1646078400000,0.7624,0.7936,0.7604,0.7807,198295769.0
1646092800000,0.7808,0.7894,0.7636,0.7745,180085368.8
1646107200000,0.7745,0.7776,0.7642,0.7716,100176773.9
1646121600000,0.7717,0.7744,0.7568,0.7676,150442142.5
1646136000000,0.7675,0.8035,0.7669,0.7792,371769661.4
1646150400000,0.7793,0.7881,0.7679,0.7803,144084383.7
1646164800000,0.7804,0.7889,0.7781,0.7836,80505075.0
1646179200000,0.7837,0.7845,0.7638,0.7775,133259058.9
1646193600000,0.7775,0.7809,0.7604,0.768,97010191.0
1646208000000,0.7681,0.7786,0.7631,0.7762,97045696.8
1646222400000,0.7762,0.7816,0.7559,0.7653,233718738.4
1646236800000,0.7653,0.7743,0.7591,0.7666,86350999.3
1646251200000,0.7667,0.7777,0.7643,0.7686,59504298.2
1646265600000,0.7687,0.7706,0.7597,0.765,77822732.9
1646280000000,0.765,0.7896,0.758,0.7662,161009634.7
1646294400000,0.7662,0.7718,0.7593,0.7657,75774646.9
1646308800000,0.7657,0.7744,0.7445,0.7488,157423608.4
1646323200000,0.7487,0.7511,0.7325,0.7446,160269258.7
1646337600000,0.7444,0.7588,0.7397,0.751,86488059.0
1646352000000,0.751,0.7534,0.7227,0.7371,169137897.9
1646366400000,0.7371,0.7431,0.733,0.7373,69818074.7
1646380800000,0.7372,0.7463,0.7251,0.7414,111800526.7
1646395200000,0.7414,0.743,0.7277,0.7322,147181505.8
1646409600000,0.7323,0.742,0.7116,0.7138,145143471.7
1646424000000,0.7138,0.7199,0.6919,0.7122,158093931.7
1646438400000,0.7122,0.7223,0.7041,0.7197,113012622.9
1646452800000,0.7197,0.7255,0.7156,0.7236,71060522.2
1646467200000,0.7235,0.7384,0.7234,0.7345,122367564.2
1646481600000,0.7345,0.7689,0.7343,0.7587,404285069.1
1646496000000,0.7587,0.7666,0.7477,0.7522,188839832.6
1646510400000,0.7522,0.7594,0.743,0.7537,107479285.8
1646524800000,0.7537,0.7589,0.7412,0.7425,89664892.6
1646539200000,0.7426,0.7491,0.7318,0.7455,128085319.6
1646553600000,0.7456,0.746,0.7267,0.7341,148679312.6
1646568000000,0.7342,0.7411,0.7287,0.7362,106967874.4
1646582400000,0.7362,0.7469,0.7305,0.7336,102795991.0
1646596800000,0.7336,0.7458,0.7203,0.7248,119874819.2
1646611200000,0.7248,0.726,0.7066,0.7184,182910197.6
1646625600000,0.7183,0.7538,0.7169,0.7379,249093008.6
1646640000000,0.7379,0.7455,0.7305,0.7435,180236368.1
1646654400000,0.7435,0.753,0.7376,0.7456,234461270.2
1646668800000,0.7456,0.7503,0.71,0.7113,212251031.3
1646683200000,0.7113,0.7303,0.702,0.7192,171626869.5
1646697600000,0.7191,0.73,0.7154,0.7274,112649051.1
1646712000000,0.7275,0.7291,0.7129,0.723,104042995.1
1646726400000,0.7231,0.7311,0.7207,0.7266,96860255.0
1646740800000,0.7267,0.7294,0.716,0.7223,123250423.6
1646755200000,0.7224,0.728,0.713,0.7234,131224193.8
1646769600000,0.7234,0.7252,0.715,0.7205,70994658.6
1646784000000,0.7204,0.751,0.7195,0.7434,151608914.0
1646798400000,0.7434,0.752,0.7412,0.7498,142815167.5
1646812800000,0.7497,0.7574,0.7487,0.751,125373889.2
1646827200000,0.7509,0.7688,0.7444,0.7666,183155987.3
1646841600000,0.7665,0.7751,0.7559,0.7625,153581004.1
1646856000000,0.7625,0.7689,0.7571,0.7659,73211862.2
1646870400000,0.7658,0.7794,0.7519,0.7582,173966305.2
1646884800000,0.7583,0.76,0.7282,0.7378,235509183.8
1646899200000,0.7378,0.7378,0.7278,0.7329,104579360.8
1646913600000,0.733,0.7441,0.7208,0.7282,205654467.6
1646928000000,0.7282,0.7393,0.7261,0.738,81993693.7
1646942400000,0.738,0.7445,0.7339,0.7359,77279380.2
1646956800000,0.7359,0.7412,0.7263,0.7383,106990330.1
1646971200000,0.7384,0.751,0.7344,0.7454,122072279.1
1646985600000,0.7455,0.748,0.7319,0.7442,141298827.2
1647000000000,0.7442,0.7504,0.7273,0.7309,133736069.1
1647014400000,0.731,0.7364,0.7244,0.7364,84690449.5
1647028800000,0.7364,0.8138,0.7361,0.8025,842615396.6
1647043200000,0.8026,0.8485,0.7956,0.8149,752979892.8
1647057600000,0.8148,0.8182,0.7916,0.7963,314650571.7
1647072000000,0.7964,0.8011,0.7777,0.7855,367843624.4
1647086400000,0.7855,0.7962,0.7778,0.7897,257078196.9
1647100800000,0.7898,0.795,0.784,0.7899,142773020.0
1647115200000,0.7899,0.8071,0.7816,0.7853,220345214.7
1647129600000,0.7853,0.7987,0.7834,0.7963,128933272.0
1647144000000,0.7964,0.8043,0.7933,0.7977,132743746.4
1647158400000,0.7976,0.8047,0.7869,0.7911,157774621.4
1647172800000,0.7911,0.792,0.7778,0.7844,178696305.6
1647187200000,0.7843,0.792,0.7812,0.7834,86791272.7
1647201600000,0.7833,0.7889,0.7489,0.7598,241241246.1
1647216000000,0.7598,0.7636,0.7443,0.7609,169961126.1
1647230400000,0.761,0.7739,0.7603,0.7689,136509976.8
1647244800000,0.7688,0.776,0.7655,0.7665,111216877.6
1647259200000,0.7665,0.7682,0.7575,0.7607,126957584.5
1647273600000,0.7607,0.7626,0.7486,0.7611,144164106.5
1647288000000,0.7612,0.7776,0.7587,0.7742,151808393.6
1647302400000,0.7742,0.7763,0.757,0.7621,115720717.5
1647316800000,0.7621,0.7648,0.746,0.752,99117603.9
1647331200000,0.7521,0.7554,0.7405,0.7535,96210430.6
1647345600000,0.7534,0.768,0.7509,0.7631,122404099.5
1647360000000,0.7631,0.7717,0.7601,0.7707,97929524.3
1647374400000,0.7708,0.7726,0.7625,0.7654,74913733.8
1647388800000,0.7654,0.7891,0.7571,0.7609,202015913.9
1647403200000,0.7608,0.7655,0.7573,0.764,74280876.2
1647417600000,0.764,0.7735,0.7638,0.7701,93517821.0
1647432000000,0.7701,0.7817,0.7641,0.7769,105623147.7
1647446400000,0.7769,0.7862,0.7565,0.7858,209000169.5
1647460800000,0.7857,0.7943,0.7803,0.7915,111086669.3
1647475200000,0.7915,0.7985,0.7867,0.7931,99964714.3
1647489600000,0.7931,0.7958,0.7837,0.7897,86276972.7
1647504000000,0.7897,0.7925,0.7827,0.7879,76013787.4
1647518400000,0.7879,0.7983,0.787,0.7941,111665722.5
1647532800000,0.7941,0.7969,0.7879,0.796,61321714.2
1647547200000,0.796,0.8024,0.7906,0.7931,82292198.7
1647561600000,0.7932,0.8006,0.7821,0.7872,107066568.5
1647576000000,0.7871,0.7938,0.7856,0.7874,51841983.2
1647590400000,0.7874,0.7899,0.7758,0.7794,82587900.9
1647604800000,0.7794,0.7871,0.7759,0.7866,81094605.6
1647619200000,0.7866,0.7966,0.7859,0.7966,93551565.7
1647633600000,0.7966,0.7999,0.7917,0.7966,81780458.0
1647648000000,0.7967,0.7992,0.791,0.7964,65970528.5
1647662400000,0.7963,0.823,0.795,0.8083,171382448.3
1647676800000,0.8083,0.8166,0.8073,0.8133,76055027.6
1647691200000,0.8133,0.8206,0.8105,0.8161,104343086.6
1647705600000,0.8161,0.827,0.8135,0.8243,123962789.0
1647720000000,0.8243,0.8257,0.8068,0.8192,101058143.1
1647734400000,0.8192,0.822,0.8084,0.814,64188004.0
1647748800000,0.8142,0.8169,0.8105,0.8132,49508778.8
1647763200000,0.8132,0.8143,0.8026,0.8065,75703627.2
1647777600000,0.8066,0.8099,0.8003,0.8033,84339722.0
1647792000000,0.8033,0.8088,0.7949,0.808,90763050.8
1647806400000,0.8081,0.8098,0.8006,0.8052,54125675.3
1647820800000,0.8053,0.8083,0.786,0.7985,93891836.2
1647835200000,0.7986,0.812,0.797,0.8104,69186924.2
1647849600000,0.8104,0.8193,0.8051,0.8137,92607415.0
1647864000000,0.8138,0.8178,0.8081,0.8156,94979041.5
1647878400000,0.8156,0.8477,0.8096,0.8467,278844023.7
1647892800000,0.8468,0.8547,0.8325,0.8371,183345250.3
1647907200000,0.8372,0.8618,0.834,0.8519,145865556.8
1647921600000,0.8519,0.8652,0.8393,0.847,141583898.1
1647936000000,0.847,0.8519,0.8427,0.8485,80425142.7
1647950400000,0.8484,0.8575,0.836,0.8371,135948960.8
1647964800000,0.837,0.8413,0.8268,0.8288,102747012.1
1647979200000,0.8288,0.8424,0.8276,0.8363,73893281.4
1647993600000,0.8364,0.846,0.8262,0.8277,101349867.5
1648008000000,0.8277,0.8333,0.8203,0.8223,98148258.1
1648022400000,0.8223,0.8282,0.8157,0.8237,87529396.8
1648036800000,0.8238,0.8403,0.8201,0.8389,126467197.5
1648051200000,0.839,0.8424,0.825,0.8271,127640909.0
1648065600000,0.8272,0.8387,0.8263,0.8375,53891059.0
1648080000000,0.8374,0.8465,0.827,0.8322,147559179.5
1648094400000,0.8321,0.8394,0.8309,0.8352,64605540.5
1648108800000,0.8351,0.8412,0.833,0.8345,96996876.0
1648123200000,0.8345,0.8484,0.8277,0.844,148056058.3
1648137600000,0.844,0.8502,0.8376,0.8459,114648895.3
1648152000000,0.8459,0.8493,0.8397,0.8427,65328072.8
1648166400000,0.8427,0.8462,0.8363,0.8398,76944182.5
1648180800000,0.8398,0.8454,0.8375,0.838,57736956.3
1648195200000,0.8379,0.8412,0.8286,0.8398,113149738.8
1648209600000,0.8398,0.844,0.8294,0.8322,119132664.2
1648224000000,0.8321,0.835,0.818,0.8262,117545036.8
1648238400000,0.8263,0.8288,0.8219,0.824,38602024.6
1648252800000,0.8239,0.8278,0.8204,0.8263,45398001.8
1648267200000,0.8263,0.8348,0.8245,0.8335,42632730.7
1648281600000,0.8336,0.8341,0.828,0.8305,50497155.0
1648296000000,0.8306,0.832,0.8244,0.8304,59562564.1
1648310400000,0.8305,0.8333,0.8272,0.8296,40044438.8
1648324800000,0.8296,0.8336,0.8288,0.8327,38457272.6
1648339200000,0.8327,0.8431,0.8311,0.8352,109702770.0
1648353600000,0.8352,0.8397,0.8323,0.8396,42111682.2
1648368000000,0.8396,0.841,0.8349,0.8367,38474943.6
1648382400000,0.8367,0.838,0.8277,0.8371,76072123.6
1648396800000,0.8372,0.8487,0.835,0.8403,94187485.6
1648411200000,0.8403,0.8581,0.8386,0.8578,142621032.9
1648425600000,0.8578,0.8729,0.8534,0.8705,142639217.5
1648440000000,0.8706,0.8782,0.8635,0.8674,106261059.4
1648454400000,0.8673,0.8706,0.8614,0.8684,80397231.4
1648468800000,0.8685,0.9043,0.8677,0.8789,337843844.8
1648483200000,0.8788,0.9124,0.8708,0.8982,258090994.4
1648497600000,0.8982,0.9016,0.85,0.864,172277750.0
1648512000000,0.864,0.8786,0.862,0.871,86084836.1
1648526400000,0.8711,0.8854,0.8681,0.8693,92229240.2
1648540800000,0.8692,0.8829,0.867,0.881,80307796.0
1648555200000,0.881,0.8857,0.8565,0.8594,148497703.6
1648569600000,0.8593,0.8675,0.842,0.8635,142532590.5
1648584000000,0.8635,0.8659,0.8453,0.8576,82351053.7
1648598400000,0.8576,0.864,0.845,0.8613,97452513.3
1648612800000,0.8614,0.8675,0.8565,0.8612,69971421.7
1648627200000,0.8613,0.8695,0.8576,0.8674,89918005.9
1648641600000,0.8674,0.8707,0.8534,0.8625,103362442.3
1648656000000,0.8625,0.8722,0.8567,0.8612,105045537.5
1648670400000,0.8614,0.8654,0.85,0.8615,112822997.8
1648684800000,0.8615,0.8712,0.8577,0.8621,78126269.9
1648699200000,0.862,0.8689,0.8601,0.8646,51785391.2
1648713600000,0.8645,0.8741,0.8636,0.8679,76253804.7
1648728000000,0.8679,0.8721,0.773,0.8231,400003446.7
1648742400000,0.823,0.8242,0.8,0.8121,210987115.2
1648756800000,0.8121,0.8217,0.8054,0.8146,75724900.3
1648771200000,0.8145,0.8316,0.8074,0.8203,162369223.0
1648785600000,0.8204,0.8258,0.8184,0.8236,56673363.1
1648800000000,0.8235,0.8254,0.8129,0.8143,74862071.7
1648814400000,0.8143,0.8332,0.8068,0.8261,133756444.0
1648828800000,0.8261,0.8313,0.8205,0.8293,85180571.5
1648843200000,0.8292,0.8339,0.8239,0.8276,58369375.2
1648857600000,0.8276,0.8408,0.8242,0.8374,79212139.4
1648872000000,0.8373,0.8429,0.8354,0.8414,57988548.2
1648886400000,0.8415,0.8502,0.8397,0.8409,73762887.4
1648900800000,0.8408,0.8477,0.8264,0.833,144096910.6
1648915200000,0.833,0.8374,0.8169,0.8276,103519041.8
1648929600000,0.8276,0.8332,0.8219,0.8239,51938181.5
1648944000000,0.8238,0.828,0.814,0.828,70103125.1
1648958400000,0.828,0.8345,0.8272,0.8313,45466186.6
1648972800000,0.8315,0.8349,0.8268,0.8334,45554179.6
1648987200000,0.8335,0.8421,0.8318,0.8397,63356899.8
1649001600000,0.8398,0.8478,0.8341,0.8402,76545499.2
1649016000000,0.8402,0.8518,0.8397,0.8431,68011166.0
1649030400000,0.8432,0.8435,0.829,0.8306,77987503.8
1649044800000,0.8306,0.839,0.8274,0.8333,48810476.5
1649059200000,0.8332,0.8399,0.8229,0.8355,109430718.5
1649073600000,0.8355,0.8384,0.8172,0.8201,110683690.4
1649088000000,0.8202,0.8235,0.8028,0.8217,101390415.5
1649102400000,0.8218,0.8299,0.8135,0.8259,80677630.9
1649116800000,0.8259,0.831,0.8231,0.8271,44690750.0
1649131200000,0.8271,0.8302,0.8221,0.8236,50279757.7
1649145600000,0.8237,0.8306,0.8225,0.8286,45247861.6
1649160000000,0.8286,0.8343,0.8176,0.8215,109657340.6
1649174400000,0.8216,0.8368,0.8178,0.8235,98291307.1
1649188800000,0.8235,0.8253,0.8143,0.8163,54720416.7
1649203200000,0.8162,0.8179,0.7768,0.809,177469500.4
1649217600000,0.809,0.8182,0.8066,0.8107,49157484.9
1649232000000,0.8108,0.8118,0.7865,0.795,110033319.0
1649246400000,0.795,0.7997,0.7653,0.7794,191492563.7
1649260800000,0.7794,0.7809,0.7563,0.7737,181033271.9
1649275200000,0.7737,0.7845,0.7557,0.7591,88051771.0
1649289600000,0.759,0.7737,0.7515,0.7683,106969515.2
1649304000000,0.7684,0.7784,0.7684,0.7742,57390143.9
1649318400000,0.7741,0.7883,0.7717,0.7847,71841505.6
1649332800000,0.7848,0.7898,0.7674,0.7776,102335646.3
1649347200000,0.7776,0.786,0.7741,0.7805,52351590.8
1649361600000,0.7806,0.791,0.7771,0.787,44060022.0
1649376000000,0.787,0.7933,0.7843,0.7927,46119736.8
1649390400000,0.7926,0.7935,0.7778,0.7843,64137400.4
1649404800000,0.7843,0.7866,0.7675,0.7694,65238348.3
1649419200000,0.7695,0.7769,0.7598,0.7713,109494631.7
1649433600000,0.7714,0.7738,0.752,0.759,99318128.5
1649448000000,0.759,0.7634,0.7455,0.7546,83413175.6
1649462400000,0.7545,0.7628,0.7535,0.7611,47715607.0
1649476800000,0.7611,0.7664,0.7563,0.7606,37031360.3
1649491200000,0.7606,0.7634,0.7587,0.7621,29368225.8
1649505600000,0.762,0.7644,0.7527,0.7545,45960438.8
1649520000000,0.7545,0.7635,0.7534,0.7609,30359559.5
1649534400000,0.7608,0.7636,0.7581,0.7622,26813706.4
1649548800000,0.7622,0.768,0.7596,0.7654,33793259.7
1649563200000,0.7655,0.767,0.7608,0.7612,26460955.5
1649577600000,0.7611,0.7616,0.755,0.7572,38944113.8
1649592000000,0.7572,0.7612,0.7562,0.7591,30379093.7
1649606400000,0.759,0.7711,0.7585,0.7694,51969175.0
1649620800000,0.7694,0.7729,0.7519,0.7538,84060536.9
1649635200000,0.7538,0.7555,0.7309,0.7382,119233025.3
1649649600000,0.7381,0.7441,0.7351,0.743,50853290.0
1649664000000,0.743,0.7441,0.7036,0.7077,245901972.4
1649678400000,0.7078,0.7144,0.7019,0.7038,101643767.1
1649692800000,0.7037,0.7116,0.7,0.7046,127602641.4
1649707200000,0.7045,0.7063,0.6791,0.6945,189041534.2
1649721600000,0.6945,0.7047,0.6926,0.6999,84248843.1
1649736000000,0.6999,0.711,0.6977,0.7043,80017218.2
1649750400000,0.7043,0.7133,0.7026,0.7113,57681499.2
1649764800000,0.7112,0.7207,0.7017,0.7075,152242628.2
1649779200000,0.7075,0.7105,0.6921,0.6931,76602693.8
1649793600000,0.693,0.7258,0.6921,0.7147,138919061.0
1649808000000,0.7148,0.7195,0.7088,0.714,68175708.8
1649822400000,0.714,0.7207,0.7094,0.7142,57118719.9
1649836800000,0.7143,0.7226,0.7036,0.705,80733556.1
1649851200000,0.7049,0.7237,0.7014,0.7209,135839102.0
1649865600000,0.721,0.7247,0.7161,0.7178,76173978.4
1649880000000,0.7179,0.7248,0.7172,0.7228,55456810.6
1649894400000,0.7228,0.741,0.7216,0.736,81570154.5
1649908800000,0.736,0.7406,0.7293,0.7331,72194544.8
1649923200000,0.7331,0.7359,0.7201,0.7228,69795535.6
1649937600000,0.7229,0.7302,0.7124,0.7131,106561637.9
1649952000000,0.7131,0.7305,0.7075,0.714,130373869.0
1649966400000,0.714,0.7296,0.7108,0.7259,76952832.2
1649980800000,0.7258,0.79,0.7256,0.7863,417037788.3
1649995200000,0.7863,0.7973,0.7632,0.7777,646009317.6
1650009600000,0.7777,0.7876,0.7706,0.7787,305933933.0
1650024000000,0.7787,0.7847,0.763,0.7742,372058136.6
1650038400000,0.7742,0.78,0.7689,0.7713,160039642.4
1650052800000,0.7713,0.7924,0.7693,0.7853,195077568.3
1650067200000,0.7852,0.8,0.7781,0.7842,278106538.2
1650081600000,0.7842,0.7883,0.7754,0.7767,125406907.8
1650096000000,0.7767,0.7787,0.7705,0.7747,107204150.5
1650110400000,0.7747,0.7815,0.7654,0.7681,124403383.0
1650124800000,0.7681,0.7755,0.7666,0.7735,67002160.6
1650139200000,0.7734,0.7841,0.7707,0.7803,76842075.4
1650153600000,0.7802,0.7844,0.7704,0.7742,71474824.5
1650168000000,0.7743,0.7807,0.774,0.7781,49518038.4
1650182400000,0.778,0.7859,0.775,0.7768,87846481.3
1650196800000,0.7768,0.7857,0.7753,0.7794,89458089.7
1650211200000,0.7794,0.7805,0.7569,0.7674,154577369.9
1650225600000,0.7675,0.7734,0.7473,0.7516,136030330.7
1650240000000,0.7516,0.7606,0.7417,0.7575,140864202.2
1650254400000,0.7575,0.7583,0.7257,0.7339,188870746.6
1650268800000,0.734,0.7436,0.7323,0.739,76129637.8
1650283200000,0.739,0.7497,0.7386,0.7428,113670600.6
1650297600000,0.7428,0.7638,0.7358,0.7576,163985886.6
1650312000000,0.7576,0.7695,0.7562,0.7693,75967159.9
1650326400000,0.7693,0.7764,0.7666,0.769,94374900.2
1650340800000,0.7689,0.7741,0.7629,0.7647,55305219.0
1650355200000,0.7648,0.772,0.7585,0.7635,119588204.1
1650369600000,0.7635,0.7821,0.7633,0.773,121027093.7
1650384000000,0.773,0.7777,0.7672,0.7734,62663703.4
1650398400000,0.7734,0.7761,0.768,0.7744,45285300.6
1650412800000,0.7745,0.7749,0.7607,0.7685,64203967.0
1650427200000,0.7684,0.7695,0.7612,0.7617,63996491.7
1650441600000,0.7617,0.7725,0.7604,0.7708,99676627.0
1650456000000,0.7709,0.7729,0.75,0.7548,144000315.5
1650470400000,0.7546,0.7561,0.7413,0.7476,90833837.9
1650484800000,0.7476,0.7572,0.7454,0.7513,63149936.6
1650499200000,0.7513,0.7569,0.7508,0.7543,48638119.4
1650513600000,0.7542,0.755,0.7425,0.7486,78858745.1
1650528000000,0.7486,0.759,0.7452,0.7555,95455752.9
1650542400000,0.7556,0.7661,0.7543,0.758,124329159.4
1650556800000,0.758,0.7687,0.7434,0.7484,116700157.6
1650571200000,0.7484,0.7494,0.7157,0.7321,178236133.4
1650585600000,0.732,0.7353,0.7276,0.7315,71967247.0
1650600000000,0.7314,0.7383,0.7247,0.7299,80819845.2
1650614400000,0.7298,0.7316,0.7188,0.7266,86070953.5
1650628800000,0.7266,0.728,0.7135,0.7174,135112437.8
1650643200000,0.7174,0.737,0.715,0.7256,149518336.1
1650657600000,0.7256,0.731,0.7152,0.7177,70478183.4
1650672000000,0.7177,0.7267,0.7081,0.7123,96852017.4
1650686400000,0.7124,0.7154,0.7054,0.7114,56801945.6
1650700800000,0.7114,0.7129,0.7075,0.7112,44498138.2
1650715200000,0.7112,0.7148,0.7084,0.7122,46109678.3
1650729600000,0.7121,0.7164,0.71,0.7111,48930326.1
1650744000000,0.7111,0.7148,0.7011,0.7053,50747657.9
1650758400000,0.7052,0.7102,0.7045,0.709,47152675.5
1650772800000,0.709,0.7117,0.7085,0.7107,37635666.3
1650787200000,0.7108,0.7116,0.703,0.7046,46993680.3
1650801600000,0.7045,0.7078,0.6961,0.7053,90792970.4
1650816000000,0.7054,0.7066,0.6937,0.7013,84596319.6
1650830400000,0.7014,0.704,0.6968,0.6979,44832914.0
1650844800000,0.6979,0.6997,0.6685,0.6791,184446695.0
1650859200000,0.6791,0.6795,0.6442,0.6513,227386904.1
1650873600000,0.6513,0.6656,0.6453,0.6647,160926809.6
1650888000000,0.6647,0.6727,0.6599,0.6676,175171809.9
1650902400000,0.6675,0.6877,0.6663,0.6868,158397706.1
1650916800000,0.6868,0.6976,0.6833,0.6926,110853325.8
1650931200000,0.6927,0.7064,0.6881,0.6966,132224619.5
1650945600000,0.6967,0.6999,0.6779,0.686,102766790.8
1650960000000,0.686,0.6903,0.6739,0.6786,91877653.5
1650974400000,0.6785,0.6808,0.6502,0.6527,199732291.6
1650988800000,0.6527,0.6591,0.6362,0.6455,180797435.5
1651003200000,0.6455,0.6538,0.626,0.6416,207023685.1
1651017600000,0.6417,0.6515,0.6354,0.6493,104814574.2
1651032000000,0.6494,0.6616,0.6475,0.6615,99667088.2
1651046400000,0.6615,0.6627,0.6401,0.6465,133331010.1
1651060800000,0.6465,0.6597,0.6412,0.6468,222182560.3
1651075200000,0.6469,0.6551,0.6418,0.6457,83227622.4
1651089600000,0.6457,0.6526,0.6446,0.6517,57098221.3
1651104000000,0.6517,0.6565,0.6471,0.6476,66196891.0
1651118400000,0.6477,0.6532,0.6461,0.649,53509542.4
1651132800000,0.6491,0.6572,0.6464,0.6484,91413104.5
1651147200000,0.6485,0.6504,0.6323,0.6383,191881150.0
1651161600000,0.6384,0.6516,0.6359,0.6442,95088988.5
1651176000000,0.6442,0.6489,0.6402,0.6424,57992434.0
1651190400000,0.6424,0.6461,0.6326,0.6368,80426748.4
1651204800000,0.6368,0.6423,0.6343,0.6401,54733126.3
1651219200000,0.6401,0.6419,0.612,0.6189,208266864.1
1651233600000,0.6188,0.6254,0.6162,0.6202,124648164.6
1651248000000,0.6203,0.6207,0.5981,0.6054,171722794.4
1651262400000,0.6055,0.6148,0.6045,0.6112,84838082.3
1651276800000,0.6113,0.6212,0.6101,0.6194,61379064.9
1651291200000,0.6195,0.6288,0.6168,0.6228,77375750.6
1651305600000,0.6228,0.6246,0.6162,0.6197,107097873.3
1651320000000,0.6197,0.6265,0.6083,0.6159,123695466.7
1651334400000,0.616,0.6182,0.6023,0.6112,114788934.2
1651348800000,0.6111,0.6133,0.5609,0.5839,331620260.7
1651363200000,0.5839,0.5937,0.575,0.591,189948407.0
1651377600000,0.591,0.5963,0.5843,0.5866,107719304.0
1651392000000,0.5866,0.5927,0.5866,0.589,71056354.4
1651406400000,0.5889,0.606,0.5879,0.604,116089163.7
1651420800000,0.6039,0.6121,0.5929,0.5975,131725316.6
1651435200000,0.5974,0.6096,0.5957,0.6066,85985078.4
1651449600000,0.6066,0.6235,0.6045,0.6182,156347341.8
1651464000000,0.6182,0.6306,0.6163,0.6232,110907725.2
1651478400000,0.6232,0.6272,0.607,0.6094,154827409.0
1651492800000,0.6093,0.6167,0.6032,0.6081,200140515.4
1651507200000,0.6081,0.6133,0.5977,0.6079,121443456.2
1651521600000,0.6079,0.6236,0.6054,0.6141,109538245.6
1651536000000,0.614,0.6278,0.6136,0.6232,111870211.3
1651550400000,0.6232,0.6246,0.613,0.6192,93941078.1
1651564800000,0.6191,0.6214,0.6135,0.6204,70578568.7
1651579200000,0.6204,0.6211,0.6133,0.6156,72056777.5
1651593600000,0.6156,0.6175,0.596,0.598,119273907.3
1651608000000,0.598,0.6061,0.5956,0.6044,85469652.0
1651622400000,0.6044,0.6184,0.6036,0.6154,103226309.9
1651636800000,0.6154,0.6169,0.6055,0.6143,92838263.5
1651651200000,0.6143,0.622,0.6128,0.6197,107358304.5
1651665600000,0.6197,0.6213,0.6086,0.613,98622433.3
1651680000000,0.6129,0.6484,0.6116,0.6387,212748044.2
1651694400000,0.6388,0.6498,0.6383,0.6457,87866006.5
1651708800000,0.6457,0.657,0.6449,0.6486,107222777.7
1651723200000,0.6486,0.6545,0.6412,0.6426,94768099.5
1651737600000,0.6426,0.6433,0.6344,0.6357,79171709.9
1651752000000,0.6358,0.6385,0.5876,0.6006,313544517.1
1651766400000,0.6005,0.6052,0.5781,0.5936,243302848.9
1651780800000,0.5935,0.6018,0.5888,0.5976,115366115.6
1651795200000,0.5976,0.616,0.5938,0.6094,217852844.9
1651809600000,0.6094,0.6109,0.5931,0.601,118059796.1
1651824000000,0.6011,0.6093,0.5922,0.597,138873724.6
1651838400000,0.597,0.6056,0.5866,0.5961,203985500.5
1651852800000,0.5961,0.6004,0.5904,0.5962,86946114.5
1651867200000,0.5962,0.6053,0.5945,0.6019,76594079.5
1651881600000,0.6018,0.604,0.5941,0.5947,64401490.7
1651896000000,0.5948,0.5993,0.5919,0.5963,73976587.9
1651910400000,0.5963,0.6013,0.5957,0.5982,59629161.7
1651924800000,0.5982,0.5987,0.5929,0.5947,64576193.8
1651939200000,0.5947,0.5978,0.5902,0.5925,58768444.3
1651953600000,0.5924,0.5934,0.5685,0.5804,183546454.3
1651968000000,0.5805,0.5828,0.5672,0.5741,141834289.0
1651982400000,0.5741,0.5763,0.5636,0.5719,108057789.1
1651996800000,0.5719,0.5769,0.5691,0.5745,52853096.8
1652011200000,0.5746,0.5756,0.5661,0.5688,100742585.3
1652025600000,0.5688,0.5751,0.555,0.5735,187238077.7
1652040000000,0.5735,0.5745,0.5634,0.5659,76485881.6
1652054400000,0.5659,0.5788,0.5574,0.564,153655574.8
1652068800000,0.5641,0.5698,0.5507,0.5518,116979845.8
1652083200000,0.5518,0.5533,0.5246,0.5362,305739506.1
1652097600000,0.5362,0.5478,0.5192,0.5262,255824702.1
1652112000000,0.5261,0.5309,0.4676,0.4883,605306590.6
1652126400000,0.4883,0.5132,0.4843,0.4868,385192136.9
1652140800000,0.4867,0.5087,0.4718,0.4983,468228393.2
1652155200000,0.4983,0.5344,0.4968,0.5161,331129734.9
1652169600000,0.5161,0.5286,0.5137,0.5236,172525448.9
1652184000000,0.5236,0.5368,0.5059,0.5169,284739144.5
1652198400000,0.517,0.5253,0.5088,0.5192,154782511.6
1652212800000,0.5193,0.5215,0.4926,0.5128,229614305.2
1652227200000,0.5127,0.5222,0.5063,0.5143,179741197.9
1652241600000,0.5143,0.5226,0.4883,0.4997,280115383.9
1652256000000,0.4997,0.5182,0.4895,0.4912,324407398.3
1652270400000,0.4912,0.5034,0.3987,0.4457,1322358479.3
1652284800000,0.4457,0.4477,0.4064,0.4119,536676865.5
1652299200000,0.4119,0.4227,0.3641,0.4163,707053938.6
1652313600000,0.4162,0.429,0.3793,0.3799,495955286.7
1652328000000,0.3797,0.3901,0.3355,0.3783,801722694.7
1652342400000,0.3783,0.391,0.3647,0.3767,445932323.8
1652356800000,0.3765,0.3969,0.3655,0.3843,433603952.4
1652371200000,0.3843,0.401,0.3766,0.3879,326735087.5
1652385600000,0.388,0.3947,0.3695,0.3851,206728079.7
1652400000000,0.3851,0.4491,0.3808,0.4449,346928631.2
1652414400000,0.4448,0.4656,0.4317,0.432,317402861.6
1652428800000,0.4321,0.4571,0.4317,0.4546,228289157.8
1652443200000,0.4548,0.4552,0.4319,0.4336,237662194.5
1652457600000,0.4336,0.4408,0.4179,0.4262,209223861.5
1652472000000,0.4263,0.441,0.4202,0.4227,159718947.9
1652486400000,0.4227,0.4408,0.4194,0.4347,124147518.4
1652500800000,0.4348,0.4352,0.4229,0.428,89551719.5
1652515200000,0.4279,0.4339,0.4027,0.4092,172404101.6
1652529600000,0.4092,0.4121,0.3952,0.4015,167318041.9
1652544000000,0.4015,0.422,0.3987,0.4124,190231196.4
1652558400000,0.4123,0.4304,0.4111,0.4259,114504144.0
1652572800000,0.4259,0.4305,0.4146,0.4189,97163607.8
1652587200000,0.4189,0.4263,0.4145,0.42,83756354.7
1652601600000,0.4201,0.4302,0.4168,0.4296,110263722.8
1652616000000,0.4296,0.4341,0.4202,0.4254,165704772.7
1652630400000,0.4255,0.4319,0.4223,0.4315,88168126.6
1652644800000,0.4316,0.4503,0.4307,0.4478,165595164.7
1652659200000,0.4479,0.448,0.43,0.4329,146759075.4
1652673600000,0.4329,0.4337,0.4081,0.4153,196842554.3
1652688000000,0.4154,0.4233,0.412,0.4187,155216158.8
1652702400000,0.4188,0.4245,0.4112,0.416,185463568.4
1652716800000,0.416,0.4425,0.4119,0.4225,164487512.5
1652731200000,0.4225,0.4309,0.419,0.4228,143875075.7
1652745600000,0.4228,0.4369,0.422,0.4342,122479162.8
1652760000000,0.4342,0.4375,0.4273,0.4278,94995827.6
1652774400000,0.4278,0.4332,0.4274,0.4304,90290575.8
1652788800000,0.4304,0.439,0.4213,0.4262,177808700.7
1652803200000,0.4262,0.4331,0.4162,0.4296,189371777.3
1652817600000,0.4297,0.4399,0.4286,0.4375,85514112.2
1652832000000,0.4374,0.4425,0.426,0.4277,121965994.7
1652846400000,0.4276,0.4304,0.4234,0.4269,102365087.5
1652860800000,0.4269,0.4296,0.4241,0.4266,84265489.9
1652875200000,0.4266,0.4271,0.4032,0.4074,242111878.7
1652889600000,0.4074,0.4174,0.4043,0.4155,149428933.6
1652904000000,0.4155,0.417,0.4033,0.405,128938570.4
1652918400000,0.4051,0.4129,0.3898,0.409,204205781.2
1652932800000,0.409,0.412,0.3995,0.4048,131763937.3
1652947200000,0.4048,0.4105,0.398,0.4098,151393317.4
1652961600000,0.4098,0.4239,0.4061,0.4215,236494171.6
1652976000000,0.4215,0.4222,0.4161,0.4167,93745883.2
1652990400000,0.4167,0.4214,0.4135,0.4204,79500089.3
1653004800000,0.4204,0.4342,0.417,0.4311,162401130.2
1653019200000,0.431,0.4406,0.4268,0.4283,199530852.4
1653033600000,0.4282,0.4325,0.4244,0.4278,123814691.2
1653048000000,0.4279,0.4288,0.4083,0.4097,262710255.5
1653062400000,0.4097,0.4114,0.4011,0.4108,187435405.6
1653076800000,0.4109,0.4148,0.4086,0.4099,97332180.6
1653091200000,0.4099,0.4122,0.4025,0.4113,112910093.2
1653105600000,0.4113,0.415,0.4079,0.4123,86932342.1
1653120000000,0.4123,0.4141,0.409,0.4107,78829018.0
1653134400000,0.4105,0.4165,0.4092,0.4153,94123540.8
1653148800000,0.4153,0.4181,0.4135,0.4153,89577931.6
1653163200000,0.4152,0.4163,0.4113,0.4142,44636583.2
1653177600000,0.4141,0.4157,0.411,0.4127,60676825.8
1653192000000,0.4125,0.4143,0.4097,0.4136,51950491.3
1653206400000,0.4136,0.4225,0.4122,0.418,134939408.5
1653220800000,0.4179,0.4213,0.414,0.4169,92080943.6
1653235200000,0.417,0.4195,0.4146,0.4171,71475973.0
1653249600000,0.4171,0.4253,0.4167,0.4216,81118939.3
1653264000000,0.4216,0.4246,0.4171,0.4198,91855641.8
1653278400000,0.4197,0.427,0.4191,0.4244,101088510.2
1653292800000,0.4243,0.4266,0.4202,0.4248,126199123.1
1653307200000,0.4247,0.4284,0.4211,0.4257,157023298.9
1653321600000,0.4258,0.4286,0.4072,0.4081,209129801.1
1653336000000,0.4081,0.4153,0.3995,0.4048,180124829.3
1653350400000,0.4047,0.4119,0.403,0.4111,90975254.1
1653364800000,0.4112,0.4134,0.4051,0.4104,93522933.0
1653379200000,0.4104,0.4113,0.4032,0.4056,119611155.5
1653393600000,0.4056,0.4075,0.3902,0.4041,251789582.8
1653408000000,0.4041,0.4071,0.3983,0.4046,141160397.0
1653422400000,0.4047,0.4119,0.4021,0.4084,82889728.3
1653436800000,0.4084,0.4132,0.4061,0.4107,110642997.9
1653451200000,0.4107,0.4114,0.4054,0.4062,91757346.9
1653465600000,0.4061,0.4072,0.3941,0.3967,160324201.5
1653480000000,0.3966,0.4146,0.3956,0.4016,375290228.4
1653494400000,0.4016,0.408,0.3992,0.4046,121169405.8
1653508800000,0.4046,0.4088,0.4037,0.4059,78709959.7
1653523200000,0.4058,0.4107,0.405,0.4078,101484155.3
1653537600000,0.4078,0.4092,0.3963,0.3975,150311805.6
1653552000000,0.3975,0.3977,0.3813,0.3881,229601874.6
1653566400000,0.3881,0.3962,0.3735,0.3943,360061038.7
1653580800000,0.3943,0.4014,0.3904,0.3913,144981436.2
1653595200000,0.3913,0.3993,0.3904,0.3918,128116560.4
1653609600000,0.3918,0.401,0.3851,0.3983,253298038.2
1653624000000,0.3984,0.403,0.3903,0.3958,247609300.0
1653638400000,0.3957,0.3974,0.3872,0.3909,182883652.4
1653652800000,0.3908,0.3973,0.3842,0.3881,283786870.7
1653667200000,0.3881,0.3893,0.376,0.3826,183423961.7
1653681600000,0.3826,0.387,0.3785,0.3818,101082380.4
1653696000000,0.3818,0.3872,0.3801,0.3851,113538722.7
1653710400000,0.3851,0.3886,0.3839,0.3857,89861132.8
1653724800000,0.3858,0.3864,0.3818,0.383,112581759.7
1653739200000,0.3829,0.3875,0.3824,0.3867,96815777.4
1653753600000,0.3868,0.3874,0.3825,0.3861,94795064.4
1653768000000,0.386,0.3879,0.3814,0.386,84803477.6
1653782400000,0.3861,0.3869,0.3788,0.3822,107529663.4
1653796800000,0.3822,0.384,0.3813,0.3835,51602134.0
1653811200000,0.3835,0.3865,0.382,0.3858,112426198.8
1653825600000,0.3857,0.3908,0.3855,0.3862,115745497.0
1653840000000,0.3863,0.3883,0.3844,0.3856,49949387.6
1653854400000,0.3855,0.3896,0.385,0.3888,67165463.7
1653868800000,0.3888,0.4019,0.3863,0.3977,194633879.0
1653883200000,0.3978,0.4054,0.3962,0.4004,136912443.1
1653897600000,0.4004,0.4007,0.3965,0.3997,100806518.6
1653912000000,0.3997,0.4027,0.3945,0.3996,121341037.8
1653926400000,0.3995,0.4035,0.3978,0.4006,78213585.5
1653940800000,0.4006,0.4195,0.3995,0.4186,246856398.2
1653955200000,0.4186,0.4241,0.4148,0.4185,172802300.9
1653969600000,0.4185,0.4343,0.4141,0.418,250148697.5
1653984000000,0.418,0.4234,0.4145,0.4216,139612778.2
1653998400000,0.4215,0.4233,0.4062,0.4165,236849207.5
1654012800000,0.4165,0.4186,0.4114,0.4142,136373897.4
1654027200000,0.4143,0.4255,0.4143,0.4213,86908245.4
1654041600000,0.4212,0.4264,0.4164,0.4168,104741674.6
1654056000000,0.4168,0.4221,0.4134,0.4138,95745555.7
1654070400000,0.4138,0.4187,0.4129,0.4159,69936171.6
1654084800000,0.4159,0.4219,0.4069,0.4074,173972969.0
1654099200000,0.4075,0.4079,0.3988,0.4023,203784856.8
1654113600000,0.4023,0.4024,0.3881,0.3977,173876080.5
1654128000000,0.3977,0.3995,0.3926,0.3937,77493201.9
1654142400000,0.3937,0.4003,0.3902,0.3938,103994378.3
1654156800000,0.3937,0.3998,0.3928,0.3993,67155219.1
1654171200000,0.3993,0.4012,0.3917,0.3997,140900983.7
1654185600000,0.3997,0.4007,0.395,0.3978,81663612.6
1654200000000,0.3978,0.4069,0.3974,0.405,87229942.6
1654214400000,0.405,0.4103,0.4034,0.4085,94698718.8
1654228800000,0.4086,0.4095,0.4033,0.4036,79995121.3
1654243200000,0.4036,0.4044,0.3908,0.3931,220908722.2
1654257600000,0.393,0.3951,0.3851,0.3874,192594071.7
1654272000000,0.3874,0.388,0.3837,0.3862,74570590.1
1654286400000,0.3861,0.3934,0.3853,0.3901,76814678.4
1654300800000,0.39,0.391,0.3841,0.386,66639437.9
1654315200000,0.386,0.3917,0.3858,0.391,62702709.3
1654329600000,0.391,0.3925,0.3888,0.3893,52088974.0
1654344000000,0.3892,0.393,0.3865,0.391,73587832.2
1654358400000,0.3909,0.3914,0.3882,0.3901,40728958.4
1654372800000,0.39,0.3943,0.3892,0.3923,52026197.2
1654387200000,0.3923,0.3943,0.389,0.3913,50383795.0
1654401600000,0.3913,0.3923,0.39,0.3908,39219194.5
1654416000000,0.3907,0.3971,0.3907,0.3939,86144585.4
1654430400000,0.3939,0.3957,0.3906,0.3951,63413870.3
1654444800000,0.395,0.3992,0.3936,0.3989,71851921.7
1654459200000,0.399,0.3994,0.3946,0.3951,69837596.1
1654473600000,0.3952,0.4042,0.3937,0.4031,109157781.7
1654488000000,0.4032,0.4046,0.3994,0.403,91725073.2
1654502400000,0.4029,0.409,0.4028,0.4042,119848731.3
1654516800000,0.4042,0.4062,0.3985,0.4016,120220553.1
1654531200000,0.4015,0.4017,0.3952,0.3998,109933763.3
1654545600000,0.3998,0.4038,0.3968,0.4023,88035033.4
1654560000000,0.4023,0.4027,0.3842,0.3883,282600122.2
1654574400000,0.3883,0.3928,0.3879,0.3901,92092636.8
1654588800000,0.3901,0.3927,0.3872,0.3891,105850571.0
1654603200000,0.3892,0.3955,0.3878,0.3946,127386881.7
1654617600000,0.3947,0.4155,0.3924,0.414,209563517.7
1654632000000,0.4139,0.4172,0.4012,0.4073,304403493.7
1654646400000,0.4073,0.4103,0.3956,0.3968,168378739.3
1654660800000,0.3969,0.4014,0.3943,0.3984,104185623.7
1654675200000,0.3983,0.4017,0.3975,0.3987,67541457.2
1654689600000,0.3986,0.4043,0.3952,0.4024,115638399.4
1654704000000,0.4023,0.4035,0.3965,0.3999,72437140.1
1654718400000,0.3998,0.4035,0.3991,0.4003,63415025.3
1654732800000,0.4003,0.4018,0.3972,0.4012,82239535.8
1654747200000,0.4011,0.4029,0.4,0.4019,53843145.6
1654761600000,0.402,0.404,0.4001,0.401,74330802.9
1654776000000,0.401,0.4016,0.3962,0.4004,105617182.8
1654790400000,0.4005,0.4027,0.3985,0.3991,62713115.1
1654804800000,0.399,0.4013,0.3978,0.4,57892499.6
1654819200000,0.4,0.4031,0.3916,0.4029,125771436.6
1654833600000,0.403,0.4117,0.4022,0.4051,154181773.0
1654848000000,0.4051,0.4083,0.399,0.4007,132767197.8
1654862400000,0.4008,0.4017,0.3863,0.3871,262110033.9
1654876800000,0.3872,0.3876,0.3752,0.3813,213157215.3
1654891200000,0.3813,0.3857,0.3793,0.3811,91942286.6
1654905600000,0.3811,0.385,0.3804,0.3845,50719660.0
1654920000000,0.3845,0.3885,0.3838,0.3879,60516566.6
1654934400000,0.3878,0.3883,0.3732,0.3759,176593164.1
1654948800000,0.3759,0.3776,0.3564,0.3602,261995910.1
1654963200000,0.3601,0.3692,0.3575,0.3661,168197757.4
1654977600000,0.3661,0.367,0.3551,0.3596,111933776.5
1654992000000,0.3596,0.3621,0.3393,0.3443,260431942.1
1655006400000,0.3443,0.3488,0.3403,0.3482,126838081.7
1655020800000,0.3482,0.3536,0.3445,0.3494,120942270.0
1655035200000,0.3493,0.3651,0.3393,0.3601,256793888.9
1655049600000,0.3601,0.3631,0.3522,0.3525,112445354.1
1655064000000,0.3525,0.3588,0.3423,0.343,169144677.9
1655078400000,0.343,0.3504,0.3241,0.331,406802647.9
1655092800000,0.331,0.3377,0.3129,0.3198,344750168.8
1655107200000,0.3199,0.3251,0.303,0.3098,523442198.8
1655121600000,0.3099,0.3181,0.3007,0.3137,482811873.0
1655136000000,0.3137,0.3232,0.3113,0.3192,243728140.9
1655150400000,0.3191,0.3289,0.3045,0.3115,293985822.4
1655164800000,0.3115,0.3162,0.2932,0.314,498112150.6
1655179200000,0.3141,0.3265,0.3088,0.3197,338596633.8
1655193600000,0.3198,0.3204,0.3081,0.3113,184565956.9
1655208000000,0.3113,0.3223,0.3085,0.3215,269632090.1
1655222400000,0.3215,0.3227,0.3142,0.3194,138616474.8
1655236800000,0.3194,0.3229,0.3096,0.3212,166246147.5
1655251200000,0.3212,0.324,0.3122,0.3131,142721743.6
1655265600000,0.3132,0.3135,0.3001,0.3044,290318111.0
1655280000000,0.3044,0.3116,0.2994,0.3093,343498329.6
1655294400000,0.3094,0.3165,0.3073,0.3117,205666124.3
1655308800000,0.3117,0.3314,0.2968,0.323,554850395.0
1655323200000,0.3229,0.3468,0.3211,0.3433,238446873.7
1655337600000,0.3434,0.3475,0.3344,0.3346,172857803.4
1655352000000,0.3346,0.3381,0.3231,0.3238,135040999.3
1655366400000,0.3238,0.3275,0.3126,0.3148,179216393.0
1655380800000,0.3147,0.3216,0.3098,0.3165,254313376.6
1655395200000,0.3166,0.3199,0.3124,0.3146,152437171.7
1655409600000,0.3146,0.3224,0.3069,0.3129,159675464.9
1655424000000,0.3129,0.3305,0.3101,0.3234,236284597.9
1655438400000,0.3234,0.3385,0.3226,0.3357,196114125.1
1655452800000,0.3357,0.3398,0.3243,0.3251,201567531.4
1655467200000,0.3251,0.3279,0.3188,0.3211,166953657.7
1655481600000,0.3211,0.3228,0.3157,0.3173,114945915.7
1655496000000,0.3172,0.3233,0.3169,0.3208,95266363.0
1655510400000,0.3209,0.3262,0.3161,0.3197,110732059.3
1655524800000,0.3196,0.3213,0.3043,0.3086,253071784.9
1655539200000,0.3086,0.31,0.3001,0.3054,244468904.3
1655553600000,0.3054,0.3094,0.3036,0.3053,110628578.5
1655568000000,0.3054,0.3086,0.2941,0.2952,231864792.0
1655582400000,0.2953,0.3144,0.2868,0.3072,381721647.1
1655596800000,0.3072,0.311,0.3,0.3008,174399514.4
1655611200000,0.3008,0.3072,0.2979,0.303,164141127.7
1655625600000,0.303,0.318,0.3017,0.3131,218666921.5
1655640000000,0.313,0.3185,0.3102,0.3176,152820305.4
1655654400000,0.3177,0.3238,0.3139,0.3206,148104677.6
1655668800000,0.3205,0.3338,0.3202,0.3262,173670637.6
1655683200000,0.3261,0.3283,0.3157,0.3179,151356715.5
1655697600000,0.3179,0.3191,0.3133,0.3178,108572644.6
1655712000000,0.3178,0.3288,0.3166,0.3265,184856845.9
1655726400000,0.3266,0.328,0.3192,0.3253,142353218.2
1655740800000,0.3254,0.326,0.3154,0.3185,135715332.1
1655755200000,0.3185,0.3252,0.3172,0.3225,110874349.4
1655769600000,0.3224,0.3268,0.3184,0.3239,118352053.4
1655784000000,0.3238,0.33,0.3216,0.3261,141862318.7
1655798400000,0.3261,0.332,0.3253,0.3263,152879522.1
1655812800000,0.3262,0.3372,0.3258,0.3325,191727186.5
1655827200000,0.3324,0.3351,0.3272,0.3277,118207827.3
1655841600000,0.3277,0.3322,0.3263,0.329,102750850.8
1655856000000,0.3291,0.3295,0.3211,0.3214,117274959.2
1655870400000,0.3214,0.3256,0.3186,0.3192,100296878.6
1655884800000,0.3193,0.3246,0.3186,0.3232,98334332.5
1655899200000,0.3232,0.3276,0.3192,0.3217,144936807.7
1655913600000,0.3217,0.3242,0.319,0.3235,121018316.4
1655928000000,0.3234,0.326,0.3195,0.3222,103845287.4
1655942400000,0.3222,0.3298,0.321,0.3236,128527382.9
1655956800000,0.3236,0.3295,0.3232,0.3259,100976803.8
1655971200000,0.3258,0.3293,0.3257,0.3278,83600200.6
1655985600000,0.3279,0.3305,0.3238,0.3249,109122088.8
1656000000000,0.3249,0.333,0.3237,0.3325,103030441.4
1656014400000,0.3325,0.3368,0.3305,0.3355,136093941.3
1656028800000,0.3356,0.3772,0.3346,0.3674,622524012.6
1656043200000,0.3674,0.3761,0.3634,0.3713,336580301.6
1656057600000,0.3713,0.387,0.3686,0.3719,460129531.5
1656072000000,0.3718,0.3755,0.3601,0.3612,241375376.4
1656086400000,0.3612,0.3633,0.3522,0.3628,204954164.2
1656100800000,0.3629,0.3713,0.3612,0.3668,203340809.2
1656115200000,0.3668,0.374,0.362,0.3686,175653077.8
1656129600000,0.3685,0.3725,0.3661,0.3716,108229063.5
1656144000000,0.3716,0.3722,0.3667,0.3675,88240822.9
1656158400000,0.3676,0.3687,0.3539,0.3541,168648363.8
1656172800000,0.3542,0.3618,0.354,0.3604,92126765.0
1656187200000,0.3605,0.369,0.3595,0.3674,93778011.3
1656201600000,0.3674,0.3696,0.3625,0.3656,83907487.9
1656216000000,0.3657,0.3709,0.3635,0.3676,75692142.5
1656230400000,0.3676,0.3727,0.3636,0.3714,108778554.2
1656244800000,0.3714,0.375,0.3586,0.3656,173837714.3
1656259200000,0.3655,0.3678,0.3594,0.3645,86094042.9
1656273600000,0.3645,0.3687,0.3572,0.3589,119179620.4
1656288000000,0.359,0.3669,0.3583,0.3644,116056848.2
1656302400000,0.3643,0.3652,0.3592,0.3621,98369974.7
1656316800000,0.362,0.3657,0.3617,0.3621,89239682.0
1656331200000,0.3621,0.3636,0.3473,0.3529,227864593.6
1656345600000,0.3528,0.3571,0.3484,0.3522,107251672.5
1656360000000,0.3522,0.3596,0.3507,0.3535,103438289.8
1656374400000,0.3536,0.3555,0.3398,0.344,160219718.7
1656388800000,0.3439,0.3506,0.343,0.3495,83553619.9
1656403200000,0.3496,0.3542,0.3459,0.3481,118405338.2
1656417600000,0.348,0.3519,0.3406,0.3411,144640350.2
1656432000000,0.3412,0.3439,0.3374,0.3426,116542642.4
1656446400000,0.3426,0.3438,0.3349,0.3372,118387873.4
1656460800000,0.3372,0.3415,0.3334,0.3356,119723093.1
1656475200000,0.3356,0.3371,0.3265,0.3313,155590809.1
1656489600000,0.3313,0.3328,0.3246,0.3272,129888872.9
1656504000000,0.3272,0.3289,0.3201,0.326,181769607.1
1656518400000,0.326,0.3326,0.3222,0.3326,124475526.3
1656532800000,0.3326,0.3341,0.3266,0.3293,105851745.7
1656547200000,0.3294,0.3305,0.3214,0.3256,116630635.3
1656561600000,0.3255,0.327,0.3144,0.3178,167695217.0
1656576000000,0.3179,0.3179,0.3059,0.31,208998040.3
1656590400000,0.3099,0.3155,0.3054,0.3124,210871573.8
1656604800000,0.3123,0.3326,0.3114,0.3259,264246832.1
1656619200000,0.3259,0.333,0.3151,0.3318,318539788.9
1656633600000,0.3318,0.3363,0.3212,0.3214,241170977.5
1656648000000,0.3215,0.3221,0.3097,0.3181,221416470.0
1656662400000,0.3181,0.3215,0.311,0.3135,182097003.5
1656676800000,0.3135,0.3169,0.3106,0.3115,145363650.7
1656691200000,0.3115,0.3145,0.3107,0.3144,103850891.8
1656705600000,0.3145,0.3195,0.3121,0.3138,145965454.6
1656720000000,0.3139,0.3156,0.309,0.3108,139004161.1
1656734400000,0.3108,0.3141,0.3106,0.3116,65903430.6
1656748800000,0.3118,0.313,0.3091,0.3116,77140791.1
1656763200000,0.3115,0.3155,0.3108,0.3128,111640972.4
1656777600000,0.3128,0.3173,0.3118,0.3154,93550669.8
1656792000000,0.3154,0.318,0.314,0.3155,79128166.8
1656806400000,0.3155,0.3159,0.3122,0.3153,64951852.5
1656820800000,0.3154,0.3167,0.308,0.3122,126493437.8
1656835200000,0.3122,0.3128,0.3102,0.312,72084484.9
1656849600000,0.3121,0.3128,0.3092,0.3123,90857091.8
1656864000000,0.3123,0.3247,0.3121,0.3233,155086667.5
1656878400000,0.3233,0.3256,0.3183,0.3214,162389955.2
1656892800000,0.3213,0.3246,0.3161,0.3173,163380412.5
1656907200000,0.3173,0.3205,0.3143,0.3169,116926273.4
1656921600000,0.3168,0.324,0.3145,0.3228,175864313.5
1656936000000,0.3229,0.3274,0.3194,0.3234,210397921.9
1656950400000,0.3233,0.3261,0.3211,0.324,111335476.7
1656964800000,0.324,0.3297,0.3218,0.3284,135349655.4
1656979200000,0.3284,0.3308,0.3246,0.3262,112286891.7
1656993600000,0.3263,0.3291,0.3249,0.3261,109839792.9
1657008000000,0.326,0.3262,0.3164,0.317,180065775.3
1657022400000,0.317,0.3177,0.3124,0.3161,184136800.2
1657036800000,0.3162,0.3268,0.3155,0.3246,140303094.1
1657051200000,0.3245,0.3276,0.3227,0.3249,152985129.7
1657065600000,0.3248,0.3268,0.3196,0.3218,130159477.9
1657080000000,0.3218,0.326,0.3209,0.3214,137965157.4
1657094400000,0.3213,0.3267,0.3206,0.3226,114859053.4
1657108800000,0.3225,0.3242,0.3204,0.323,139773966.5
1657123200000,0.323,0.3283,0.3222,0.3273,119441035.2
1657137600000,0.3272,0.3339,0.3263,0.3321,139307218.1
1657152000000,0.3321,0.335,0.3265,0.3292,115152914.6
1657166400000,0.3291,0.3319,0.3283,0.3319,80289800.5
1657180800000,0.3318,0.3325,0.3279,0.3291,92580824.1
1657195200000,0.329,0.3358,0.3285,0.3338,135193100.5
1657209600000,0.3337,0.3419,0.3337,0.3412,152761833.5
1657224000000,0.3413,0.3455,0.3388,0.3419,118169933.5
1657238400000,0.342,0.359,0.3416,0.3547,244273183.7
1657252800000,0.3548,0.3561,0.348,0.3541,180539807.8
1657267200000,0.3541,0.3564,0.3387,0.3406,305893537.3
1657281600000,0.3405,0.3457,0.3355,0.3421,230988358.9
1657296000000,0.342,0.345,0.3357,0.3443,152047249.6
1657310400000,0.3443,0.3472,0.3387,0.3399,136148865.4
1657324800000,0.3399,0.3444,0.3389,0.3426,124219107.5
1657339200000,0.3427,0.3448,0.3409,0.3442,68197871.6
1657353600000,0.3442,0.3459,0.3392,0.3409,77631872.2
1657368000000,0.3409,0.3447,0.3404,0.3435,67032430.7
1657382400000,0.3436,0.3476,0.3429,0.3463,86831317.2
1657396800000,0.3462,0.3474,0.3435,0.3444,57628821.7
1657411200000,0.3445,0.3447,0.3352,0.337,120828634.7
1657425600000,0.337,0.3406,0.3356,0.3403,59230595.2
1657440000000,0.3403,0.3409,0.335,0.3375,67444023.1
1657454400000,0.3375,0.3385,0.3192,0.3243,304480397.8
1657468800000,0.3242,0.328,0.3203,0.3279,137699327.1
1657483200000,0.3278,0.3306,0.3218,0.3253,137349683.4
1657497600000,0.3253,0.3289,0.3228,0.3253,150300711.4
1657512000000,0.3253,0.3289,0.3169,0.3264,215689846.0
1657526400000,0.3265,0.3283,0.3218,0.3252,147585009.1
1657540800000,0.3253,0.3285,0.3209,0.3231,163026486.8
1657555200000,0.3232,0.3262,0.3221,0.3234,90909823.7
1657569600000,0.3234,0.3245,0.3104,0.3147,184968068.0
1657584000000,0.3147,0.317,0.3124,0.3135,115860857.4
1657598400000,0.3134,0.318,0.3075,0.3108,146510497.2
1657612800000,0.3107,0.3135,0.3081,0.3116,123344904.0
1657627200000,0.3116,0.3143,0.3098,0.3134,114304932.1
1657641600000,0.3135,0.3152,0.3075,0.3093,114313778.2
1657656000000,0.3092,0.3128,0.3088,0.3114,90820595.4
1657670400000,0.3114,0.314,0.3065,0.3116,108459362.8
1657684800000,0.3115,0.321,0.3114,0.3202,117684189.1
1657699200000,0.3202,0.3212,0.3144,0.3172,134936799.5
1657713600000,0.3172,0.3214,0.3004,0.3112,452619985.4
1657728000000,0.3113,0.3186,0.3101,0.3175,168988509.0
1657742400000,0.3175,0.3257,0.3153,0.3235,219548097.9
1657756800000,0.3235,0.3249,0.319,0.3214,115673038.0
1657771200000,0.3214,0.3232,0.3181,0.3184,91523814.0
1657785600000,0.3183,0.3196,0.3127,0.3139,158157872.2
1657800000000,0.314,0.3211,0.3121,0.3206,187892828.7
1657814400000,0.3206,0.33,0.3184,0.3269,213378295.9
1657828800000,0.3269,0.3337,0.3255,0.3336,122788402.3
1657843200000,0.3336,0.3489,0.3315,0.3445,297521480.5
1657857600000,0.3445,0.3465,0.3354,0.3386,208177003.7
1657872000000,0.3387,0.3437,0.3338,0.3348,152786410.6
1657886400000,0.3349,0.3378,0.3288,0.3294,169126094.6
1657900800000,0.3294,0.3346,0.3272,0.3343,171691102.1
1657915200000,0.3342,0.3381,0.331,0.3339,136967804.8
1657929600000,0.3339,0.337,0.331,0.3356,92557743.7
1657944000000,0.3357,0.3378,0.3319,0.3329,117628053.2
1657958400000,0.3329,0.3419,0.3325,0.3389,215545801.0
1657972800000,0.339,0.3443,0.3388,0.3435,152638002.5
1657987200000,0.3434,0.356,0.3433,0.351,320842816.8
1658001600000,0.351,0.354,0.3477,0.3503,118510203.6
1658016000000,0.3502,0.3542,0.347,0.3527,124976439.2
1658030400000,0.3528,0.3613,0.3523,0.355,141960282.1
1658044800000,0.355,0.3567,0.3482,0.3516,132391043.5
1658059200000,0.3516,0.3531,0.3454,0.3486,136906101.8
1658073600000,0.3487,0.3544,0.3385,0.3485,171320815.7
1658088000000,0.3484,0.3513,0.341,0.3431,87728416.2
1658102400000,0.3432,0.3595,0.3427,0.3558,195341833.0
1658116800000,0.3557,0.3676,0.3533,0.3641,238106005.0
1658131200000,0.364,0.3699,0.3609,0.3641,198187109.1
1658145600000,0.3641,0.3685,0.3591,0.3668,193491536.9
1658160000000,0.3669,0.368,0.3518,0.3558,189448186.6
1658174400000,0.3558,0.3671,0.3543,0.3649,147159691.1
1658188800000,0.3648,0.3694,0.3545,0.3547,232374867.9
1658203200000,0.3547,0.3599,0.3511,0.3533,151354131.4
1658217600000,0.3533,0.3623,0.3525,0.3593,123870924.2
1658232000000,0.3594,0.3662,0.3583,0.3637,227670123.5
1658246400000,0.3638,0.3732,0.3632,0.3694,209075586.7
1658260800000,0.3694,0.3765,0.3682,0.3726,140468532.9
1658275200000,0.3725,0.3801,0.3675,0.3765,141656168.4
1658289600000,0.3765,0.3816,0.3726,0.373,142785598.3
1658304000000,0.373,0.3776,0.3681,0.3732,178217632.0
1658318400000,0.3732,0.3773,0.3708,0.3766,158676304.2
1658332800000,0.3765,0.378,0.3633,0.3691,192401815.9
1658347200000,0.3692,0.3705,0.3567,0.3631,223026158.0
1658361600000,0.363,0.367,0.3517,0.3556,150852977.8
1658376000000,0.3556,0.3593,0.3519,0.3554,115003698.8
1658390400000,0.3554,0.3592,0.3501,0.3526,139613771.7
1658404800000,0.3526,0.3563,0.3483,0.3527,145929836.3
1658419200000,0.3526,0.3653,0.3524,0.3652,142021971.0
1658433600000,0.3653,0.3682,0.3623,0.3666,114215185.8
1658448000000,0.3665,0.3692,0.3612,0.3631,100779042.9
1658462400000,0.3632,0.3671,0.3596,0.3626,119022154.0
1658476800000,0.3626,0.3695,0.3613,0.3691,117691459.5
1658491200000,0.3691,0.3715,0.3591,0.3604,171098198.0
1658505600000,0.3604,0.3627,0.3542,0.3553,121147424.8
1658520000000,0.3552,0.3601,0.3538,0.3576,84823254.0
1658534400000,0.3576,0.3603,0.3553,0.3582,74769774.9
1658548800000,0.3582,0.3626,0.3581,0.3593,79956037.0
1658563200000,0.3593,0.3619,0.3506,0.3514,119841874.5
1658577600000,0.3513,0.3553,0.3498,0.3545,84836547.3
1658592000000,0.3545,0.3559,0.3494,0.3535,96673113.3
1658606400000,0.3536,0.3603,0.3532,0.3588,78692222.5
1658620800000,0.3589,0.3639,0.3558,0.3565,88175913.4
1658635200000,0.3564,0.3636,0.3559,0.3612,89034031.5
1658649600000,0.3612,0.3666,0.3591,0.3632,115082529.1
1658664000000,0.3631,0.3666,0.3585,0.3657,121507933.9
1658678400000,0.3657,0.366,0.3603,0.3611,84455295.2
1658692800000,0.361,0.3652,0.3571,0.3584,96968498.7
1658707200000,0.3584,0.36,0.3443,0.346,161757321.0
1658721600000,0.3459,0.347,0.3418,0.3447,110076411.7
1658736000000,0.3446,0.3485,0.3435,0.3464,79443943.9
1658750400000,0.3464,0.347,0.3407,0.345,110471390.2
1658764800000,0.3449,0.3493,0.3382,0.3425,131589963.2
1658779200000,0.3425,0.3473,0.3345,0.3358,150743122.3
1658793600000,0.3358,0.3371,0.3291,0.3337,173190294.4
1658808000000,0.3338,0.3362,0.3279,0.3288,103987107.6
1658822400000,0.3289,0.3332,0.3274,0.3309,97815139.3
1658836800000,0.331,0.333,0.3251,0.3262,138908363.6
1658851200000,0.3261,0.3305,0.3259,0.3296,87142255.5
1658865600000,0.3296,0.3383,0.3277,0.3369,123123815.0
1658880000000,0.3369,0.3393,0.3301,0.3307,105437919.9
1658894400000,0.3308,0.3372,0.3307,0.3361,98812746.8
1658908800000,0.3362,0.3381,0.3334,0.3342,76878524.3
1658923200000,0.3341,0.3402,0.3334,0.3378,100180979.8
1658937600000,0.3378,0.3564,0.334,0.3531,338040387.7
1658952000000,0.3532,0.3596,0.3522,0.3592,121411493.0
1658966400000,0.3592,0.3621,0.3548,0.3585,152778408.6
1658980800000,0.3585,0.3598,0.3517,0.3525,122067178.6
1658995200000,0.3524,0.3574,0.3517,0.357,116329089.6
1659009600000,0.357,0.3678,0.3487,0.3647,302802464.6
1659024000000,0.3646,0.3743,0.3636,0.3725,203094319.3
1659038400000,0.3725,0.379,0.3692,0.3734,153245672.6
1659052800000,0.3734,0.3767,0.3671,0.3756,135078782.2
1659067200000,0.3756,0.3798,0.369,0.3714,147952535.0
1659081600000,0.3715,0.3767,0.3658,0.3675,161940459.4
1659096000000,0.3675,0.3728,0.3625,0.3683,208669697.4
1659110400000,0.3684,0.3685,0.3593,0.3668,142218514.1
1659124800000,0.3669,0.3736,0.3651,0.3677,104442226.9
1659139200000,0.3677,0.3714,0.3643,0.3666,132601447.2
1659153600000,0.3665,0.3701,0.3622,0.3695,83326932.8
1659168000000,0.3694,0.373,0.3663,0.371,123613716.1
1659182400000,0.371,0.4055,0.3704,0.4015,680107095.9
1659196800000,0.4016,0.41,0.3917,0.3929,269915953.8
1659211200000,0.3929,0.396,0.3845,0.3879,201650124.9
1659225600000,0.3878,0.3935,0.3862,0.3887,145343457.1
1659240000000,0.3886,0.3937,0.3861,0.3917,99786206.8
1659254400000,0.3916,0.3974,0.3817,0.3904,188239161.0
1659268800000,0.3904,0.3923,0.3862,0.3901,115463569.9
1659283200000,0.3902,0.3986,0.3841,0.3931,212060428.2
1659297600000,0.393,0.3944,0.3778,0.3789,153237204.9
1659312000000,0.3789,0.3858,0.3778,0.3815,105766621.8
1659326400000,0.3814,0.3837,0.3766,0.3804,91833175.0
1659340800000,0.3804,0.3815,0.3725,0.3778,144595604.9
1659355200000,0.3777,0.3806,0.3701,0.379,160077619.8
1659369600000,0.379,0.3794,0.3706,0.3752,122774916.7
1659384000000,0.3751,0.3803,0.3742,0.3787,93476181.9
1659398400000,0.3788,0.3944,0.3663,0.3706,298278041.8
1659412800000,0.3706,0.373,0.3674,0.3703,105504299.9
1659427200000,0.3703,0.3724,0.3668,0.371,101994398.7
1659441600000,0.371,0.3734,0.3667,0.3727,194158398.8
1659456000000,0.3727,0.3786,0.3705,0.3723,151789611.9
1659470400000,0.3723,0.3756,0.3702,0.3712,85573788.1
1659484800000,0.3712,0.3718,0.3628,0.3677,144018019.1
1659499200000,0.3677,0.3716,0.3653,0.3692,106008277.9
1659513600000,0.3692,0.3743,0.369,0.3731,105564763.4
1659528000000,0.3731,0.376,0.3703,0.372,116339825.2
1659542400000,0.3721,0.3772,0.3714,0.376,75594380.0
1659556800000,0.3759,0.3765,0.367,0.3692,92887620.5
1659571200000,0.3692,0.3742,0.3686,0.3711,81646016.9
1659585600000,0.3712,0.3748,0.3686,0.3712,94134312.9
1659600000000,0.3713,0.3715,0.3675,0.3691,72161116.5
1659614400000,0.3691,0.3718,0.3647,0.3683,133545193.5
1659628800000,0.3684,0.3697,0.3637,0.3668,94079369.2
1659643200000,0.3668,0.3715,0.3666,0.3709,59969285.9
1659657600000,0.3709,0.3758,0.3698,0.3755,91113262.4
1659672000000,0.3755,0.3785,0.3738,0.3742,102673840.6
1659686400000,0.3742,0.3773,0.3717,0.3773,110243198.6
1659700800000,0.3773,0.3779,0.3693,0.3698,178443269.4
1659715200000,0.3697,0.3706,0.3669,0.3696,80118233.7
1659729600000,0.3695,0.3768,0.3688,0.3761,96331365.6
1659744000000,0.3762,0.3777,0.3731,0.374,73301862.5
1659758400000,0.374,0.375,0.3733,0.3748,46483041.3
1659772800000,0.3748,0.3758,0.3737,0.3741,54012511.5
1659787200000,0.374,0.3755,0.3735,0.3747,50321735.3
1659801600000,0.3747,0.3757,0.371,0.3737,97041788.7
1659816000000,0.3738,0.3747,0.37,0.3711,52776342.8
1659830400000,0.3712,0.3723,0.3677,0.3709,64076353.0
1659844800000,0.3709,0.372,0.3701,0.3715,40525462.3
1659859200000,0.3715,0.3722,0.3705,0.3718,43449955.5
1659873600000,0.3719,0.3753,0.3718,0.3726,80277936.3
1659888000000,0.3726,0.3754,0.3718,0.3742,54550937.7
1659902400000,0.3741,0.3769,0.3709,0.3719,80561882.3
1659916800000,0.3719,0.3742,0.3708,0.3731,63357558.6
1659931200000,0.3731,0.3797,0.373,0.3767,120854922.9
1659945600000,0.3768,0.3839,0.3766,0.3821,143664847.4
1659960000000,0.3821,0.3847,0.3768,0.3792,169617535.5
1659974400000,0.3792,0.3813,0.3768,0.3805,90925415.9
1659988800000,0.3805,0.3832,0.3715,0.3785,124416324.4
1660003200000,0.3785,0.3799,0.3742,0.3768,78398383.8
1660017600000,0.3768,0.3781,0.3747,0.3774,87575490.0
1660032000000,0.3774,0.3775,0.3673,0.3684,159309278.6
1660046400000,0.3683,0.3705,0.3599,0.3632,185733199.3
1660060800000,0.3632,0.3658,0.3622,0.3655,68533725.0
1660075200000,0.3655,0.3692,0.3653,0.3671,72216881.0
1660089600000,0.367,0.3674,0.3578,0.3607,154989428.5
1660104000000,0.3608,0.3636,0.3586,0.3627,105521457.8
1660118400000,0.3626,0.3648,0.3617,0.3645,78516321.2
1660132800000,0.3644,0.3793,0.3637,0.3771,337647859.2
1660147200000,0.3771,0.3793,0.373,0.3755,121599666.6
1660161600000,0.3754,0.3814,0.3753,0.3813,80895865.6
1660176000000,0.3812,0.386,0.3791,0.381,168783363.1
1660190400000,0.381,0.3841,0.378,0.3798,114560897.9
1660204800000,0.3798,0.3814,0.3785,0.3803,95353768.6
1660219200000,0.3803,0.385,0.3772,0.3784,206565368.5
1660233600000,0.3784,0.3811,0.3767,0.3805,99375204.0
1660248000000,0.3806,0.382,0.3781,0.38,86599843.4
1660262400000,0.38,0.3803,0.3742,0.3778,112112324.5
1660276800000,0.3777,0.3784,0.3748,0.3754,66905725.3
1660291200000,0.3755,0.3787,0.3695,0.3709,144187155.3
1660305600000,0.371,0.3737,0.3708,0.3734,119765940.1
1660320000000,0.3734,0.3771,0.3718,0.3767,87649699.3
1660334400000,0.3767,0.3802,0.375,0.3794,93098322.9
1660348800000,0.3793,0.3826,0.3779,0.3817,121166663.4
1660363200000,0.3817,0.3878,0.3794,0.3806,141846326.5
1660377600000,0.3806,0.3819,0.3771,0.3794,106129894.9
1660392000000,0.3795,0.3818,0.3764,0.3805,82716681.5
1660406400000,0.3805,0.3815,0.3771,0.3774,69459906.7
1660420800000,0.3773,0.3793,0.3759,0.3776,62618746.4
1660435200000,0.3777,0.389,0.3764,0.3839,158104582.6
1660449600000,0.3839,0.3882,0.3821,0.3863,105007371.6
1660464000000,0.3862,0.3921,0.3846,0.3849,178929435.6
1660478400000,0.385,0.3861,0.3791,0.3823,145513603.3
1660492800000,0.3824,0.3828,0.3734,0.3786,190212726.4
1660507200000,0.3786,0.3803,0.3736,0.3754,95236812.0
1660521600000,0.3754,0.3849,0.3737,0.3814,172417263.6
1660536000000,0.3813,0.383,0.3682,0.3694,255964922.9
1660550400000,0.3694,0.3715,0.3654,0.3679,177984993.9
1660564800000,0.3678,0.3725,0.3658,0.3723,146474468.8
1660579200000,0.3723,0.3742,0.3698,0.3721,104367889.8
1660593600000,0.3721,0.3768,0.3704,0.375,139759082.0
1660608000000,0.375,0.3771,0.3662,0.3715,198516725.0
1660622400000,0.3715,0.3733,0.3684,0.3727,106358838.0
1660636800000,0.3728,0.3777,0.3719,0.3763,132216945.2
1660651200000,0.3764,0.3776,0.3709,0.373,165677355.3
1660665600000,0.3731,0.3763,0.3705,0.3748,126732754.5
1660680000000,0.3748,0.3782,0.3734,0.3768,92256414.9
1660694400000,0.3767,0.3923,0.3766,0.3869,434039166.7
1660708800000,0.3869,0.3917,0.3766,0.3771,293278031.1
1660723200000,0.3771,0.3789,0.3751,0.3772,134589010.4
1660737600000,0.3771,0.3776,0.3675,0.3727,242757493.2
1660752000000,0.3728,0.3778,0.372,0.3773,164063041.2
1660766400000,0.3774,0.3828,0.3741,0.3794,216582118.4
1660780800000,0.3794,0.3813,0.3723,0.3736,189484023.3
1660795200000,0.3737,0.3761,0.3717,0.3748,127158827.4
1660809600000,0.3748,0.3787,0.3733,0.3785,128510374.7
1660824000000,0.3786,0.3798,0.3743,0.3762,142239249.3
1660838400000,0.3763,0.3789,0.3727,0.3775,125561267.9
1660852800000,0.3774,0.3795,0.3686,0.37,197526144.5
1660867200000,0.37,0.3704,0.3591,0.3604,307243483.2
1660881600000,0.3604,0.3637,0.3226,0.3447,418593815.9
1660896000000,0.3447,0.3447,0.3331,0.3383,300770286.8
1660910400000,0.3383,0.3392,0.334,0.3356,195687634.5
1660924800000,0.3357,0.3417,0.3348,0.3409,170342366.0
1660939200000,0.3408,0.3421,0.3306,0.3341,257805269.1
1660953600000,0.3342,0.3408,0.3341,0.3397,178932938.7
1660968000000,0.3398,0.3423,0.3382,0.3414,128349906.2
1660982400000,0.3414,0.3424,0.3388,0.3412,80404120.4
1660996800000,0.3412,0.342,0.339,0.341,91500311.1
1661011200000,0.341,0.3421,0.3324,0.3355,178203790.6
1661025600000,0.3356,0.3391,0.3316,0.3364,149282711.0
1661040000000,0.3365,0.3398,0.3352,0.3365,84082976.4
1661054400000,0.3365,0.3438,0.336,0.3434,135684369.5
1661068800000,0.3434,0.3473,0.3409,0.3448,136654578.0
1661083200000,0.3447,0.3453,0.3418,0.3426,73423892.3
1661097600000,0.3427,0.3461,0.342,0.3437,76684198.1
1661112000000,0.3438,0.3483,0.342,0.3445,140743254.7
1661126400000,0.3445,0.345,0.3363,0.3367,131816579.4
1661140800000,0.3367,0.3413,0.335,0.3351,130906237.2
1661155200000,0.3351,0.3363,0.3309,0.3353,167658986.5
1661169600000,0.3354,0.3383,0.3329,0.3371,184373255.2
1661184000000,0.3371,0.3383,0.3327,0.3349,99198695.8
1661198400000,0.3349,0.3451,0.3348,0.3436,129627379.3
1661212800000,0.3437,0.3447,0.3382,0.3385,98997630.2
1661227200000,0.3385,0.3399,0.3322,0.3373,146187052.2
1661241600000,0.3374,0.341,0.3372,0.3408,128635737.5
1661256000000,0.3408,0.3448,0.3388,0.3423,161276413.2
1661270400000,0.3423,0.3466,0.3399,0.3449,92159700.5
1661284800000,0.3448,0.3479,0.3438,0.3471,93963961.5
1661299200000,0.347,0.3475,0.3386,0.3394,131117823.4
1661313600000,0.3394,0.3445,0.3388,0.3405,99849649.8
1661328000000,0.3405,0.3437,0.3404,0.3434,75964598.3
1661342400000,0.3433,0.3465,0.342,0.3453,118158280.7
1661356800000,0.3454,0.3512,0.3444,0.3493,106906812.3
1661371200000,0.3493,0.3524,0.3447,0.3454,114466825.3
1661385600000,0.3454,0.3501,0.3432,0.3451,126398207.7
1661400000000,0.3451,0.3506,0.3449,0.3468,119307222.4
1661414400000,0.3468,0.3489,0.3451,0.3484,86728148.1
1661428800000,0.3484,0.3497,0.3433,0.3453,124678070.7
1661443200000,0.3453,0.349,0.3436,0.3487,88981887.0
1661457600000,0.3487,0.3522,0.347,0.3486,98763739.0
1661472000000,0.3487,0.3487,0.3454,0.3473,78378724.0
1661486400000,0.3472,0.3506,0.3456,0.3491,125996474.9
1661500800000,0.3492,0.371,0.349,0.3531,874640395.7
1661515200000,0.3532,0.3598,0.3389,0.34,588529721.2
1661529600000,0.34,0.3405,0.3321,0.3399,265066735.9
1661544000000,0.3398,0.3429,0.3329,0.3391,239898200.5
1661558400000,0.3391,0.3447,0.3322,0.3363,194678008.0
1661572800000,0.3363,0.3364,0.3278,0.336,148311842.4
1661587200000,0.336,0.3377,0.3333,0.3368,82278253.8
1661601600000,0.3367,0.3371,0.3303,0.3337,135717073.4
1661616000000,0.3338,0.3365,0.3318,0.3347,110562327.9
1661630400000,0.3347,0.3368,0.3323,0.3344,89774930.3
1661644800000,0.3345,0.336,0.3323,0.3339,85245208.8
1661659200000,0.334,0.3349,0.3313,0.3342,67563037.4
1661673600000,0.3342,0.3355,0.3327,0.3351,72090634.5
1661688000000,0.3351,0.3358,0.3324,0.3339,94495782.7
1661702400000,0.334,0.3372,0.3337,0.3343,76355901.5
1661716800000,0.3342,0.3357,0.3211,0.3223,282451177.2
1661731200000,0.3222,0.3251,0.3182,0.323,248121866.1
1661745600000,0.323,0.3237,0.3191,0.322,142674949.9
1661760000000,0.322,0.324,0.3184,0.3229,178160675.5
1661774400000,0.3228,0.3312,0.3224,0.3279,281014495.4
1661788800000,0.3279,0.3303,0.3262,0.329,143185944.6
1661803200000,0.329,0.334,0.3289,0.3335,128117740.9
1661817600000,0.3334,0.3338,0.328,0.3298,128110071.1
1661832000000,0.3297,0.3356,0.3293,0.332,161116813.6
1661846400000,0.3321,0.3331,0.33,0.3304,108226319.5
1661860800000,0.3305,0.3313,0.3212,0.3236,227703966.0
1661875200000,0.3236,0.3283,0.3191,0.3259,198858776.4
1661889600000,0.3259,0.3304,0.3248,0.3266,107194956.8
1661904000000,0.3265,0.3325,0.3265,0.3317,138300175.6
1661918400000,0.3318,0.3336,0.3303,0.3304,96567888.5
1661932800000,0.3304,0.3338,0.3286,0.3301,144836304.8
1661947200000,0.3301,0.3323,0.3228,0.3264,204223063.5
1661961600000,0.3263,0.3304,0.324,0.3292,126163633.1
1661976000000,0.3291,0.3312,0.3257,0.3273,99084942.3
1661990400000,0.3273,0.329,0.3219,0.3235,132588072.5
1662004800000,0.3236,0.327,0.3234,0.3256,88809129.2
1662019200000,0.3257,0.3273,0.3235,0.3266,100734732.6
1662033600000,0.3265,0.3271,0.3212,0.323,155902524.9
1662048000000,0.323,0.3302,0.322,0.3298,129008217.7
1662062400000,0.3299,0.3332,0.3292,0.3329,119373065.6
1662076800000,0.3329,0.3334,0.3278,0.3308,103338633.7
1662091200000,0.3309,0.3352,0.3306,0.3315,128823689.3
1662105600000,0.3316,0.332,0.3275,0.3289,111505721.8
1662120000000,0.329,0.3334,0.327,0.3304,193687008.9
1662134400000,0.3304,0.3314,0.3249,0.3268,172028870.0
1662148800000,0.3269,0.3315,0.3263,0.3311,82384012.2
1662163200000,0.3312,0.3345,0.3274,0.3282,135474629.5
1662177600000,0.3282,0.3313,0.3262,0.3279,84356369.7
1662192000000,0.3279,0.3289,0.327,0.3287,57216037.7
1662206400000,0.3287,0.3303,0.3281,0.3292,59532345.6
1662220800000,0.3291,0.3313,0.3276,0.3286,75602445.1
1662235200000,0.3285,0.3301,0.3281,0.3294,39627109.5
1662249600000,0.3294,0.331,0.3289,0.3301,52681799.2
1662264000000,0.3301,0.3325,0.3285,0.3286,76261522.8
1662278400000,0.3286,0.3311,0.3271,0.331,76013467.9
1662292800000,0.331,0.3325,0.3286,0.3297,86583643.7
1662307200000,0.3296,0.332,0.3293,0.3306,63181336.7
1662321600000,0.3305,0.3322,0.3293,0.3315,64307841.6
1662336000000,0.3316,0.3332,0.33,0.3304,99913676.1
1662350400000,0.3303,0.331,0.3246,0.3256,142666089.7
1662364800000,0.3256,0.3266,0.3222,0.3243,131946692.1
1662379200000,0.3243,0.3288,0.3239,0.3282,134467420.7
1662393600000,0.3281,0.3305,0.3271,0.3298,98797315.0
1662408000000,0.3297,0.3337,0.3297,0.3327,116383343.7
1662422400000,0.3328,0.3429,0.3303,0.334,446725391.6
1662436800000,0.3341,0.3376,0.3321,0.3335,143634842.5
1662451200000,0.3335,0.3365,0.3316,0.3358,124809418.6
1662465600000,0.3358,0.3369,0.3304,0.3342,175297956.3
1662480000000,0.3342,0.3348,0.3214,0.3231,344783353.5
1662494400000,0.323,0.325,0.317,0.321,188207064.1
1662508800000,0.3209,0.323,0.312,0.318,218805488.4
1662523200000,0.3181,0.3203,0.3152,0.32,127559885.9
1662537600000,0.32,0.3232,0.3192,0.3228,114464472.5
1662552000000,0.3227,0.3265,0.3213,0.3246,161753197.1
1662566400000,0.3246,0.3343,0.324,0.3335,193300418.7
1662580800000,0.3336,0.3385,0.3332,0.3367,215446584.1
1662595200000,0.3367,0.3375,0.3307,0.332,122133237.4
1662609600000,0.332,0.3359,0.3283,0.3309,148671263.1
1662624000000,0.331,0.3336,0.3287,0.3324,140889544.4
1662638400000,0.3324,0.3354,0.328,0.333,245662380.2
1662652800000,0.3331,0.3433,0.3298,0.3427,196147903.1
1662667200000,0.3427,0.3431,0.3379,0.3394,140076710.9
1662681600000,0.3394,0.3462,0.3392,0.3446,181207791.3
1662696000000,0.3446,0.352,0.3436,0.3491,222931496.7
1662710400000,0.3491,0.3555,0.3486,0.3505,186375473.1
1662724800000,0.3505,0.3538,0.3465,0.3471,173201218.1
1662739200000,0.347,0.3523,0.3444,0.3521,160503772.8
1662753600000,0.3522,0.3596,0.3482,0.3565,183458135.2
1662768000000,0.3566,0.3583,0.3518,0.3546,176621175.9
1662782400000,0.3545,0.3619,0.351,0.3528,176398385.9
1662796800000,0.3529,0.3556,0.3519,0.3545,81201741.8
1662811200000,0.3545,0.3579,0.3529,0.3555,105284821.7
1662825600000,0.3555,0.3574,0.3522,0.357,79883621.4
1662840000000,0.357,0.36,0.3543,0.3572,90270736.9
1662854400000,0.3572,0.3588,0.3545,0.356,74307518.5
1662868800000,0.3559,0.3567,0.3512,0.3558,78058451.9
1662883200000,0.3557,0.3562,0.354,0.3546,55190293.3
1662897600000,0.3547,0.3562,0.3536,0.3551,67280042.8
1662912000000,0.3551,0.3577,0.3542,0.3551,60475232.3
1662926400000,0.3551,0.3604,0.3483,0.3548,171231133.1
1662940800000,0.3548,0.3579,0.3475,0.3494,186250063.2
1662955200000,0.3494,0.3532,0.3494,0.3526,81765256.3
1662969600000,0.3526,0.357,0.3521,0.3545,124228787.9
1662984000000,0.3546,0.3575,0.351,0.3526,122446571.4
1662998400000,0.3525,0.3571,0.3485,0.3566,136500694.1
1663012800000,0.3566,0.36,0.3553,0.3596,114322161.7
1663027200000,0.3596,0.3601,0.3509,0.3528,149951649.4
1663041600000,0.3528,0.3573,0.3523,0.3567,110483109.6
1663056000000,0.3567,0.3573,0.3529,0.3565,115063628.4
1663070400000,0.3565,0.3574,0.3378,0.339,384431807.5
1663084800000,0.339,0.3409,0.3332,0.3368,169478416.8
1663099200000,0.3367,0.339,0.3303,0.3323,154065476.6
1663113600000,0.3322,0.3354,0.3308,0.3352,120283863.6
1663128000000,0.3353,0.3377,0.3332,0.3356,103501156.3
1663142400000,0.3357,0.3379,0.3336,0.3349,98838541.5
1663156800000,0.3349,0.3382,0.3336,0.3364,137539382.6
1663171200000,0.3364,0.3424,0.3326,0.3402,152012645.4
1663185600000,0.3403,0.3439,0.339,0.3413,102136939.9
1663200000000,0.3413,0.3421,0.332,0.3355,157363305.7
1663214400000,0.3354,0.3425,0.3332,0.3406,232648746.9
1663228800000,0.3406,0.3406,0.3344,0.3351,99224748.5
1663243200000,0.335,0.3358,0.3244,0.3254,309448260.9
1663257600000,0.3253,0.3298,0.3251,0.3292,98178071.5
1663272000000,0.3292,0.3301,0.3239,0.326,88245439.4
1663286400000,0.326,0.3277,0.3211,0.3267,135080482.9
1663300800000,0.3267,0.3291,0.3235,0.326,100849244.2
1663315200000,0.3259,0.3308,0.3224,0.3298,127207135.5
1663329600000,0.3299,0.3346,0.3267,0.3345,185639020.5
1663344000000,0.3344,0.342,0.3299,0.341,276320260.9
1663358400000,0.341,0.358,0.3409,0.3551,406598375.9
1663372800000,0.3552,0.3553,0.3485,0.3501,250938954.1
1663387200000,0.3501,0.3511,0.3461,0.3475,135695268.0
1663401600000,0.3475,0.3564,0.3472,0.3526,255181538.6
1663416000000,0.3526,0.379,0.3511,0.3708,1148465982.8
1663430400000,0.3708,0.3814,0.3705,0.3724,525942916.1
1663444800000,0.3724,0.3783,0.3708,0.3761,264189198.3
1663459200000,0.3761,0.3765,0.3647,0.3682,338887216.8
1663473600000,0.3683,0.3908,0.3663,0.3867,565735092.9
1663488000000,0.3867,0.395,0.3752,0.3776,805940933.0
1663502400000,0.3775,0.3856,0.3737,0.3812,533139772.4
1663516800000,0.3812,0.3976,0.3752,0.3963,934447233.5
1663531200000,0.3962,0.3979,0.3555,0.3576,1187955824.2
1663545600000,0.3576,0.3655,0.3396,0.3446,715407799.5
1663560000000,0.3446,0.3583,0.3423,0.3494,553147055.9
1663574400000,0.3495,0.3537,0.3427,0.3503,335603938.1
1663588800000,0.3503,0.3598,0.3483,0.3548,413638693.7
1663603200000,0.3549,0.3918,0.3536,0.3899,836961513.1
1663617600000,0.3899,0.3929,0.3767,0.3844,583426209.0
1663632000000,0.3844,0.3903,0.3701,0.3728,487770483.9
1663646400000,0.3727,0.382,0.3723,0.3775,387984589.9
1663660800000,0.3775,0.3833,0.3747,0.3815,405621504.2
1663675200000,0.3815,0.4221,0.3737,0.4195,2485910614.6
1663689600000,0.4195,0.4241,0.4012,0.4101,1502028493.1
1663704000000,0.4101,0.42,0.404,0.4135,887078245.1
1663718400000,0.4134,0.4153,0.4029,0.4042,610132189.8
1663732800000,0.4042,0.4129,0.3893,0.4021,974184196.8
1663747200000,0.4022,0.4079,0.3951,0.405,689012879.6
1663761600000,0.4051,0.4072,0.3912,0.3941,719633485.7
1663776000000,0.3941,0.434,0.375,0.4071,1821331464.4
1663790400000,0.407,0.4119,0.3844,0.3932,765858744.9
1663804800000,0.3933,0.4045,0.393,0.402,423262911.1
1663819200000,0.402,0.4259,0.4018,0.4229,888790828.4
1663833600000,0.4229,0.4362,0.4212,0.4319,927003736.4
1663848000000,0.4319,0.45,0.4284,0.4335,1776275767.8
1663862400000,0.4336,0.5009,0.4287,0.4831,1924241099.7
1663876800000,0.4831,0.4943,0.4752,0.4857,1514315174.8
1663891200000,0.4857,0.5477,0.4764,0.5382,2058521414.7
1663905600000,0.5382,0.5588,0.5157,0.5177,2416734489.1
1663920000000,0.5177,0.5214,0.4782,0.4879,2499280291.8
1663934400000,0.4879,0.4988,0.473,0.4889,2040137627.5
1663948800000,0.4888,0.4923,0.456,0.4712,1706697720.7
1663963200000,0.4712,0.5281,0.4692,0.5063,1871888802.0
1663977600000,0.5064,0.5137,0.4953,0.5014,905059217.9
1663992000000,0.5013,0.5191,0.487,0.4919,1031998416.0
1664006400000,0.4919,0.4982,0.484,0.4939,677305979.1
1664020800000,0.4939,0.4994,0.4713,0.478,1002940389.2
1664035200000,0.4779,0.5063,0.4759,0.4975,980599161.7
1664049600000,0.4975,0.508,0.4811,0.4877,843492190.7
1664064000000,0.4877,0.4907,0.4753,0.4853,545515699.4
1664078400000,0.4854,0.4927,0.4813,0.4909,568233092.8
1664092800000,0.491,0.5036,0.4831,0.4996,738701310.1
1664107200000,0.4996,0.521,0.4849,0.5039,2463063401.9
1664121600000,0.5039,0.5082,0.49,0.5018,1072687327.9
1664136000000,0.5019,0.506,0.4857,0.4912,932938364.1
1664150400000,0.4912,0.5016,0.4766,0.4818,818522364.1
1664164800000,0.4818,0.4861,0.4617,0.4731,884452429.0
1664179200000,0.4732,0.4809,0.4572,0.4632,886305199.6
1664193600000,0.4632,0.4776,0.4596,0.4732,782493801.5
1664208000000,0.4733,0.4789,0.4641,0.4727,539521677.5
1664222400000,0.4727,0.473,0.4644,0.4679,309686222.7
1664236800000,0.4679,0.4816,0.4643,0.4759,550708789.0
1664251200000,0.4758,0.4875,0.4727,0.4792,513621303.9
1664265600000,0.4792,0.4807,0.4655,0.4687,508309147.4
1664280000000,0.4687,0.4826,0.4665,0.4679,822451078.5
1664294400000,0.4679,0.4701,0.4344,0.4444,1391346113.8
1664308800000,0.4443,0.4506,0.4418,0.4454,278990020.9
1664323200000,0.4454,0.4499,0.4176,0.4258,861281698.8
1664337600000,0.4257,0.432,0.4166,0.4236,560250801.1
1664352000000,0.4237,0.4315,0.4175,0.4275,651292426.7
1664366400000,0.4275,0.4385,0.4264,0.4361,727445395.8
1664380800000,0.4361,0.4409,0.4273,0.4364,534330454.8
1664395200000,0.4365,0.4554,0.4349,0.4488,594201938.6
1664409600000,0.4489,0.4515,0.4367,0.4416,455912721.2
1664424000000,0.4415,0.4441,0.434,0.439,410163149.3
1664438400000,0.4389,0.4427,0.4365,0.4401,360842038.7
1664452800000,0.4401,0.4404,0.426,0.434,673408891.1
1664467200000,0.4339,0.4425,0.4309,0.4406,424296270.3
1664481600000,0.4405,0.5094,0.4402,0.4874,3281017504.4
1664496000000,0.4874,0.4876,0.4718,0.4803,897907594.6
1664510400000,0.4804,0.4958,0.4783,0.489,863290341.2
1664524800000,0.4891,0.4968,0.477,0.4791,996317698.7
1664539200000,0.4791,0.485,0.465,0.4769,1217893361.8
1664553600000,0.4768,0.4988,0.4715,0.4855,1206310221.9
1664568000000,0.4854,0.4899,0.4736,0.4797,663586406.8
1664582400000,0.4797,0.4815,0.4664,0.476,477115600.6
1664596800000,0.4761,0.4778,0.4713,0.4756,303660394.8
1664611200000,0.4756,0.4767,0.4676,0.4735,313090512.2
1664625600000,0.4735,0.4839,0.4712,0.4818,587735260.3
1664640000000,0.4818,0.4864,0.47,0.4754,685895938.3
1664654400000,0.4755,0.4775,0.4712,0.4751,234341432.9
1664668800000,0.4752,0.4774,0.4728,0.474,200543037.9
1664683200000,0.474,0.4784,0.4732,0.4755,273149089.8
1664697600000,0.4755,0.4772,0.4476,0.4606,776231050.1
1664712000000,0.4606,0.464,0.4519,0.4581,443903071.1
1664726400000,0.4582,0.463,0.4572,0.4614,285041037.6
1664740800000,0.4615,0.462,0.442,0.4482,528976344.1
1664755200000,0.4481,0.4543,0.4446,0.4472,381143108.3
1664769600000,0.4472,0.4477,0.4369,0.4411,566757581.4
1664784000000,0.4411,0.4465,0.4384,0.446,442882530.1
1664798400000,0.446,0.4557,0.4437,0.4529,632786802.5
1664812800000,0.453,0.4589,0.4491,0.455,452476014.6
1664827200000,0.4551,0.469,0.4546,0.4617,515556338.7
1664841600000,0.4618,0.4624,0.4512,0.4546,327683176.1
1664856000000,0.4546,0.4639,0.4535,0.462,387353058.5
1664870400000,0.462,0.4748,0.4584,0.4714,706045927.8
1664884800000,0.4714,0.4845,0.4675,0.476,818367566.9
1664899200000,0.476,0.4858,0.4716,0.4821,742720577.0
1664913600000,0.4821,0.4853,0.4767,0.4792,364002613.5
1664928000000,0.4792,0.4801,0.4714,0.4748,363011859.3
1664942400000,0.4749,0.4957,0.4742,0.4827,868016043.6
1664956800000,0.4826,0.4848,0.4732,0.4779,707177757.7
1664971200000,0.4779,0.4922,0.4742,0.4874,894384188.8
1664985600000,0.4875,0.5023,0.4858,0.4974,1008393199.0
1665000000000,0.4973,0.4988,0.4873,0.4885,451667056.5
1665014400000,0.4885,0.4982,0.488,0.4972,416143608.1
1665028800000,0.4971,0.5059,0.4927,0.4948,642452403.0
1665043200000,0.4948,0.4989,0.4906,0.4978,439920670.9
1665057600000,0.4979,0.5025,0.4897,0.4944,784173580.2
1665072000000,0.4944,0.4996,0.491,0.4967,436385749.3
1665086400000,0.4968,0.5039,0.4882,0.4931,614317725.6
1665100800000,0.493,0.4948,0.4817,0.489,435300774.0
1665115200000,0.489,0.4913,0.4845,0.4893,278669749.5
1665129600000,0.4893,0.4929,0.4877,0.4901,257937982.7
1665144000000,0.4901,0.498,0.4795,0.493,932554514.5
1665158400000,0.4929,0.5339,0.4916,0.5181,1410468507.5
1665172800000,0.5181,0.5219,0.51,0.5173,594726552.4
1665187200000,0.5173,0.5269,0.5148,0.5253,585759037.0
1665201600000,0.5254,0.5291,0.517,0.5195,624926250.6
1665216000000,0.5195,0.5216,0.5122,0.5189,411678469.5
1665230400000,0.5189,0.5213,0.514,0.5196,393128389.6
1665244800000,0.5195,0.5264,0.5173,0.5183,587894218.1
1665259200000,0.5183,0.52,0.5107,0.5168,459006433.5
1665273600000,0.5168,0.5169,0.5057,0.5101,456858541.2
1665288000000,0.51,0.5179,0.5081,0.5163,303965725.3
1665302400000,0.5162,0.5199,0.5142,0.5186,379856007.6
1665316800000,0.5185,0.5346,0.5153,0.527,789425894.7
1665331200000,0.5271,0.5496,0.5261,0.5395,836479001.4
1665345600000,0.5394,0.5399,0.5313,0.5324,511440475.9
1665360000000,0.5325,0.5377,0.5282,0.531,509021600.5
1665374400000,0.531,0.535,0.5215,0.5223,569729347.5
1665388800000,0.5223,0.5231,0.5112,0.5179,832606098.6
1665403200000,0.5179,0.5242,0.514,0.5225,666066672.2
1665417600000,0.5225,0.529,0.5164,0.5209,827691211.6
1665432000000,0.5208,0.5239,0.4901,0.4938,851221052.2
1665446400000,0.4938,0.4985,0.4849,0.4927,746777905.8
1665460800000,0.4927,0.4953,0.482,0.4894,590043632.9
1665475200000,0.4893,0.492,0.476,0.4872,652450328.0
1665489600000,0.4872,0.4992,0.4835,0.4971,1004625826.3
1665504000000,0.4971,0.5023,0.4835,0.4869,732715520.6
1665518400000,0.4868,0.4988,0.4805,0.4858,568191990.8
1665532800000,0.4858,0.4903,0.4816,0.4858,369767578.8
1665547200000,0.4857,0.4926,0.4854,0.4895,369238005.7
1665561600000,0.4894,0.4918,0.4853,0.4905,319081888.4
1665576000000,0.4904,0.4959,0.48,0.4951,723778759.9
1665590400000,0.495,0.4957,0.4852,0.4883,454961371.9
1665604800000,0.4883,0.4907,0.4858,0.4879,171018051.1
1665619200000,0.488,0.4894,0.4648,0.4727,753936228.7
1665633600000,0.4727,0.4744,0.4506,0.455,872140460.7
1665648000000,0.4549,0.458,0.4398,0.4566,954139950.0
1665662400000,0.4565,0.4769,0.445,0.4755,1571053531.8
1665676800000,0.4756,0.4891,0.4729,0.487,773606073.4
1665691200000,0.4869,0.4895,0.4785,0.4788,324090270.9
1665705600000,0.4788,0.507,0.4776,0.5017,885433292.5
1665720000000,0.5017,0.5039,0.4936,0.4989,417584570.5
1665734400000,0.4989,0.5049,0.4969,0.4985,504046754.7
1665748800000,0.4985,0.5124,0.49,0.4908,1168482261.3
1665763200000,0.4908,0.4969,0.4856,0.4874,570089042.3
1665777600000,0.4875,0.4898,0.4801,0.488,324970703.6
1665792000000,0.488,0.49,0.4836,0.4878,216453553.2
1665806400000,0.4878,0.4887,0.4846,0.4861,183198498.1
1665820800000,0.486,0.4866,0.4772,0.4855,334652331.1
1665835200000,0.4855,0.4893,0.4818,0.487,291893781.4
1665849600000,0.487,0.4882,0.4815,0.4838,201503208.7
1665864000000,0.4838,0.484,0.4779,0.4817,248807499.5
1665878400000,0.4816,0.4873,0.4812,0.4837,168393927.4
1665892800000,0.4838,0.486,0.4813,0.4836,134349310.4
1665907200000,0.4836,0.486,0.4797,0.4829,220009875.8
1665921600000,0.4828,0.4841,0.479,0.4813,208796744.8
1665936000000,0.4813,0.4816,0.4676,0.4815,526771345.3
1665950400000,0.4816,0.4825,0.4704,0.4762,375339976.2
1665964800000,0.4762,0.4766,0.4624,0.4683,435766881.9
1665979200000,0.4683,0.4723,0.4664,0.4696,384953036.3
1665993600000,0.4696,0.4759,0.465,0.4751,459071578.0
1666008000000,0.4752,0.4824,0.4723,0.4775,601799511.7
1666022400000,0.4776,0.4784,0.4708,0.4727,316382107.8
1666036800000,0.4728,0.4816,0.4727,0.48,252607063.8
1666051200000,0.4801,0.4841,0.471,0.4767,405856990.7
1666065600000,0.4766,0.4782,0.4725,0.4765,263897140.0
1666080000000,0.4765,0.477,0.4662,0.4699,443696777.3
1666094400000,0.4699,0.4727,0.4626,0.4676,521430056.8
1666108800000,0.4675,0.471,0.4562,0.4647,536857098.8
1666123200000,0.4647,0.4699,0.4631,0.4656,261461586.9
1666137600000,0.4656,0.4665,0.4578,0.462,287026567.9
1666152000000,0.462,0.4628,0.4535,0.4577,398432566.6
1666166400000,0.4577,0.4588,0.4518,0.4542,339773949.0
1666180800000,0.4541,0.4581,0.4511,0.4578,437346259.8
1666195200000,0.4577,0.4616,0.4552,0.461,453288452.3
1666209600000,0.4609,0.464,0.4465,0.45,463106875.4
1666224000000,0.4501,0.4633,0.4493,0.4558,460438691.9
1666238400000,0.4557,0.4628,0.4556,0.4618,323334575.5
1666252800000,0.4619,0.4637,0.4582,0.4626,314559390.2
1666267200000,0.4625,0.4645,0.459,0.4607,328389896.4
1666281600000,0.4606,0.4607,0.4202,0.4379,1022162468.4
1666296000000,0.4378,0.4546,0.4313,0.4462,675466122.7
1666310400000,0.4463,0.4506,0.4361,0.4465,461769447.6
1666324800000,0.4466,0.4483,0.4424,0.4436,274731504.6
1666339200000,0.4437,0.4443,0.4374,0.4405,413398543.8
1666353600000,0.4405,0.4502,0.434,0.4475,764373351.6
1666368000000,0.4476,0.4539,0.4449,0.4524,416698763.2
1666382400000,0.4525,0.4614,0.4503,0.4611,406310360.3
1666396800000,0.4611,0.4625,0.4559,0.4592,266361523.5
1666411200000,0.4592,0.4598,0.4556,0.4588,142807324.1
1666425600000,0.4588,0.4673,0.4574,0.4661,258335903.5
1666440000000,0.4662,0.4706,0.4631,0.4657,446422517.6
1666454400000,0.4657,0.4666,0.4601,0.4632,210575134.0
1666468800000,0.4632,0.4662,0.4629,0.4651,133721301.0
1666483200000,0.4651,0.4658,0.4577,0.4604,213193752.9
1666497600000,0.4604,0.4619,0.4578,0.4586,117196865.8
1666512000000,0.4587,0.4614,0.4516,0.4526,265298428.8
1666526400000,0.4526,0.4585,0.4524,0.4568,198254969.8
1666540800000,0.4568,0.4678,0.4535,0.465,377231901.2
1666555200000,0.4651,0.4724,0.4591,0.4687,367673380.2
1666569600000,0.4686,0.4729,0.4555,0.4562,319320290.0
1666584000000,0.4562,0.4586,0.4531,0.4569,254377087.4
1666598400000,0.4568,0.4587,0.4518,0.4578,272477108.9
1666612800000,0.4577,0.459,0.445,0.4555,487193567.3
1666627200000,0.4554,0.4577,0.4536,0.4561,181851928.8
1666641600000,0.4562,0.4595,0.4519,0.4527,178905416.0
1666656000000,0.4527,0.4567,0.4432,0.4478,320444923.7
1666670400000,0.4477,0.4513,0.4456,0.4493,192509881.0
1666684800000,0.4492,0.4493,0.4441,0.4473,199098352.6
1666699200000,0.4474,0.4585,0.4451,0.4563,448487088.6
1666713600000,0.4564,0.4727,0.4553,0.4657,826848734.0
1666728000000,0.4657,0.466,0.4551,0.4603,343853269.4
1666742400000,0.4603,0.4624,0.4561,0.4611,254746780.6
1666756800000,0.4611,0.4657,0.4587,0.4622,229314526.8
1666771200000,0.4622,0.4683,0.4604,0.4644,319589678.1
1666785600000,0.4644,0.4715,0.4612,0.468,489877678.2
1666800000000,0.468,0.4696,0.4615,0.464,328917324.1
1666814400000,0.4641,0.4707,0.4625,0.4686,266110601.9
1666828800000,0.4686,0.4824,0.4665,0.4733,610727137.1
1666843200000,0.4733,0.4782,0.4693,0.4726,284041930.9
1666857600000,0.4727,0.476,0.468,0.4709,327460872.0
1666872000000,0.4709,0.4761,0.4638,0.467,462888613.8
1666886400000,0.4669,0.473,0.4639,0.4711,215036264.1
1666900800000,0.4712,0.4719,0.458,0.4612,386854111.9
1666915200000,0.4611,0.4666,0.459,0.4629,225175381.6
1666929600000,0.4629,0.4648,0.4561,0.4576,195225835.3
1666944000000,0.4576,0.4619,0.4564,0.4597,162138745.6
1666958400000,0.4597,0.467,0.4564,0.4643,332393786.5
1666972800000,0.4643,0.4705,0.4638,0.47,234851374.4
1666987200000,0.4699,0.4754,0.4688,0.4741,205580553.7
1667001600000,0.474,0.4745,0.469,0.4731,152043133.7
1667016000000,0.473,0.4737,0.4694,0.4725,119712596.3
1667030400000,0.4725,0.4836,0.4696,0.4709,431365234.6
1667044800000,0.4708,0.4744,0.4671,0.4707,236937317.8
1667059200000,0.4708,0.4789,0.4654,0.4712,342291518.7
1667073600000,0.4713,0.4764,0.4658,0.4698,190964692.7
1667088000000,0.4698,0.473,0.4663,0.4679,126249331.1
1667102400000,0.4678,0.4708,0.4655,0.4703,156519319.4
1667116800000,0.4702,0.4713,0.4601,0.4648,284781702.1
1667131200000,0.4647,0.4649,0.4571,0.4599,227191447.4
1667145600000,0.4598,0.4635,0.4581,0.4617,130291087.1
1667160000000,0.4617,0.4637,0.4532,0.4578,187748344.4
1667174400000,0.4578,0.4602,0.448,0.4555,249589753.5
1667188800000,0.4555,0.4609,0.454,0.46,165129421.8
1667203200000,0.4601,0.4629,0.4541,0.4575,237764236.9
1667217600000,0.4574,0.4608,0.4472,0.4513,373179314.2
1667232000000,0.4513,0.4548,0.4499,0.4528,175139043.0
1667246400000,0.4527,0.4673,0.4518,0.4642,355687598.9
1667260800000,0.4642,0.4643,0.457,0.4593,176075702.9
1667275200000,0.4593,0.4625,0.4572,0.4602,172769194.6
1667289600000,0.4601,0.465,0.4582,0.4611,245972979.3
1667304000000,0.4611,0.4623,0.4538,0.4588,227944590.0
1667318400000,0.4587,0.4639,0.456,0.4615,183472669.6
1667332800000,0.4614,0.4668,0.4604,0.4633,159281918.5
1667347200000,0.4634,0.4658,0.4576,0.4611,207425232.9
1667361600000,0.4611,0.4618,0.4554,0.4583,141062134.9
1667376000000,0.4584,0.4606,0.4506,0.454,254404598.4
1667390400000,0.454,0.4576,0.4519,0.4568,163930564.1
1667404800000,0.4569,0.4658,0.4493,0.4513,568030124.4
1667419200000,0.4512,0.4538,0.4445,0.4494,254923371.8
1667433600000,0.4495,0.4589,0.4484,0.4557,253870343.2
1667448000000,0.4557,0.4593,0.4553,0.4573,149404047.8
1667462400000,0.4573,0.4595,0.4534,0.4548,180056782.7
1667476800000,0.4548,0.4576,0.4516,0.4556,262283988.8
1667491200000,0.4556,0.4579,0.4542,0.4568,108642469.5
1667505600000,0.4568,0.4592,0.4532,0.4546,152401870.4
1667520000000,0.4545,0.4579,0.4528,0.4573,139383871.5
1667534400000,0.4573,0.4662,0.4562,0.4643,225088036.3
1667548800000,0.4642,0.5075,0.4627,0.4888,1379979524.4
1667563200000,0.4887,0.5035,0.483,0.4894,781400703.7
1667577600000,0.4893,0.4948,0.4858,0.4938,340287414.3
1667592000000,0.4938,0.5065,0.4929,0.506,282792417.2
1667606400000,0.506,0.51,0.4941,0.4985,313094080.0
1667620800000,0.4985,0.5023,0.495,0.498,182884880.1
1667635200000,0.498,0.4987,0.4912,0.497,204273820.2
1667649600000,0.4969,0.5033,0.4916,0.4986,211405170.2
1667664000000,0.4986,0.5094,0.4963,0.4977,335014885.2
1667678400000,0.4977,0.5019,0.4884,0.4929,197021948.1
1667692800000,0.4929,0.4946,0.4868,0.4902,188024488.7
1667707200000,0.4901,0.4919,0.4871,0.4885,89815497.2
1667721600000,0.4885,0.4925,0.4879,0.4903,121987201.1
1667736000000,0.4903,0.4924,0.4857,0.4896,148947346.8
1667750400000,0.4896,0.4898,0.4808,0.4842,221009299.0
1667764800000,0.4842,0.4855,0.4673,0.4706,276980007.8
1667779200000,0.4707,0.4757,0.4682,0.4738,210288090.9
1667793600000,0.4739,0.4743,0.4601,0.4628,252357273.5
1667808000000,0.4628,0.4721,0.462,0.47,189629817.0
1667822400000,0.47,0.4773,0.4695,0.4772,269408796.2
1667836800000,0.4771,0.4798,0.467,0.4738,348077424.0
1667851200000,0.4738,0.476,0.458,0.4644,278016683.5
1667865600000,0.4645,0.4666,0.4384,0.4397,443992875.3
1667880000000,0.4397,0.4445,0.4219,0.4416,794547256.7
1667894400000,0.4415,0.4415,0.4347,0.4371,319053686.2
1667908800000,0.4372,0.4408,0.43,0.4379,448263922.2
1667923200000,0.4379,0.4568,0.3292,0.3928,1402879825.0
1667937600000,0.3928,0.4111,0.38,0.4054,670196404.7
1667952000000,0.4054,0.4103,0.3791,0.3887,553829922.5
1667966400000,0.3888,0.394,0.3793,0.3862,464415056.8
1667980800000,0.3862,0.3868,0.3546,0.3748,795522185.4
1667995200000,0.3748,0.386,0.3594,0.3614,609181064.7
1668009600000,0.3614,0.3671,0.3403,0.3554,671786058.1
1668024000000,0.3555,0.3619,0.311,0.3321,933928216.7
1668038400000,0.332,0.3555,0.3288,0.3496,434420544.3
1668052800000,0.3495,0.3783,0.3476,0.3697,471244041.7
1668067200000,0.3697,0.3697,0.3552,0.3602,420920922.3
1668081600000,0.3602,0.3959,0.3589,0.3884,598603024.8
1668096000000,0.3884,0.3956,0.3731,0.3864,370068806.9
1668110400000,0.3863,0.4027,0.3816,0.3941,280642140.1
1668124800000,0.3941,0.3989,0.375,0.3786,337744560.8
1668139200000,0.3786,0.3912,0.3761,0.3903,266613935.4
1668153600000,0.3903,0.3959,0.3868,0.3887,197747246.7
1668168000000,0.3888,0.3967,0.3656,0.3751,500511964.3
1668182400000,0.3751,0.3795,0.367,0.3744,259494075.5
1668196800000,0.3744,0.3867,0.3671,0.3841,194453856.1
1668211200000,0.3842,0.3845,0.3725,0.375,163096005.6
1668225600000,0.375,0.3761,0.362,0.369,234812942.3
1668240000000,0.3689,0.3717,0.3645,0.3714,147570103.0
1668254400000,0.3713,0.3728,0.3654,0.3696,150522559.3
1668268800000,0.3696,0.3706,0.3592,0.3649,188383567.3
1668283200000,0.3649,0.3671,0.3601,0.3634,114594763.0
1668297600000,0.3634,0.3693,0.3613,0.3669,107876525.7
1668312000000,0.367,0.3679,0.3542,0.3588,179931965.3
1668326400000,0.3588,0.3594,0.3466,0.351,274098583.3
1668340800000,0.351,0.3559,0.3481,0.3486,218374153.7
1668355200000,0.3486,0.3503,0.3406,0.3433,193058715.8
1668369600000,0.3433,0.3433,0.3324,0.3405,264496655.0
1668384000000,0.3405,0.3479,0.325,0.3308,463013893.7
1668398400000,0.3307,0.3461,0.3208,0.3455,462197505.2
1668412800000,0.3454,0.3527,0.3416,0.3496,314881466.9
1668427200000,0.3496,0.3582,0.34,0.3456,453189910.8
1668441600000,0.3456,0.3551,0.3383,0.3518,322330593.0
1668456000000,0.3517,0.3792,0.351,0.3772,966319652.0
1668470400000,0.3773,0.3877,0.3676,0.3684,550197167.7
1668484800000,0.3684,0.3829,0.3662,0.3797,421079944.6
1668499200000,0.3796,0.3892,0.378,0.3794,507868418.0
1668513600000,0.3795,0.395,0.3775,0.3906,621563228.9
1668528000000,0.3907,0.3978,0.3759,0.3845,610676166.7
1668542400000,0.3845,0.3909,0.3801,0.3885,302141638.3
1668556800000,0.3884,0.3894,0.3787,0.3834,286586595.0
1668571200000,0.3834,0.3916,0.3815,0.3872,259912108.1
1668585600000,0.3872,0.3879,0.3742,0.3761,337754888.7
1668600000000,0.376,0.377,0.3634,0.3652,480637266.5
1668614400000,0.3652,0.3741,0.3613,0.373,260834424.6
1668628800000,0.373,0.3775,0.3687,0.3749,195678790.2
1668643200000,0.3748,0.38,0.3725,0.3759,237234792.2
1668657600000,0.376,0.3872,0.3701,0.3792,436798830.7
1668672000000,0.3792,0.3809,0.369,0.374,319091476.4
1668686400000,0.3741,0.3803,0.371,0.3746,466731238.1
1668700800000,0.3746,0.3832,0.3722,0.3804,237396854.5
1668715200000,0.3804,0.385,0.38,0.3817,204499151.6
1668729600000,0.3817,0.3878,0.3785,0.3798,302279301.3
1668744000000,0.3797,0.3813,0.3771,0.381,133507049.5
1668758400000,0.381,0.3847,0.379,0.3811,172744445.2
1668772800000,0.381,0.3839,0.3757,0.3774,228385043.8
1668787200000,0.3773,0.3829,0.3738,0.3825,210181102.2
1668801600000,0.3825,0.3836,0.3807,0.3827,110654076.2
1668816000000,0.3827,0.3831,0.3776,0.3787,118327016.0
1668830400000,0.3787,0.3799,0.375,0.3779,134948889.3
1668844800000,0.3778,0.381,0.3772,0.3802,81356212.0
1668859200000,0.3802,0.3828,0.3778,0.3811,130337406.9
1668873600000,0.3812,0.3832,0.3801,0.3814,84573058.2
1668888000000,0.3813,0.3883,0.381,0.3839,179534573.5
1668902400000,0.384,0.3967,0.3836,0.3907,296622816.8
1668916800000,0.3907,0.3941,0.3872,0.3884,165937976.3
1668931200000,0.3884,0.3886,0.3726,0.3748,373557978.9
1668945600000,0.3748,0.3759,0.3699,0.3748,258079653.6
1668960000000,0.3749,0.3788,0.3691,0.3773,248310663.5
1668974400000,0.3774,0.3777,0.358,0.3607,423527686.3
1668988800000,0.3607,0.3619,0.345,0.3531,490529188.1
1669003200000,0.3531,0.3593,0.3481,0.3514,310669181.5
1669017600000,0.3514,0.3542,0.3483,0.3496,299928745.1
1669032000000,0.3497,0.3578,0.3469,0.3559,330906333.6
1669046400000,0.356,0.359,0.349,0.353,471616591.7
1669060800000,0.353,0.3686,0.3522,0.3643,496803201.3
1669075200000,0.3642,0.3671,0.3551,0.3586,283654250.0
1669089600000,0.3587,0.3601,0.3509,0.3566,276402045.7
1669104000000,0.3566,0.3629,0.3538,0.3603,260805095.5
1669118400000,0.3604,0.3747,0.3592,0.3725,532358791.0
1669132800000,0.3724,0.3748,0.3697,0.3727,253736568.6
1669147200000,0.3727,0.3784,0.3726,0.3756,193267288.6
1669161600000,0.3757,0.378,0.368,0.3776,300623187.9
1669176000000,0.3775,0.381,0.3737,0.3805,207961524.0
1669190400000,0.3805,0.382,0.3745,0.3766,214718873.2
1669204800000,0.3765,0.377,0.3706,0.3755,233924774.4
1669219200000,0.3755,0.3822,0.3716,0.3779,275792607.6
1669233600000,0.3779,0.3823,0.3773,0.3813,149894509.4
1669248000000,0.3812,0.3841,0.3778,0.3821,229376394.2
1669262400000,0.3821,0.3846,0.3795,0.3804,168562914.8
1669276800000,0.3803,0.3814,0.374,0.3783,215368610.2
1669291200000,0.3783,0.3938,0.3776,0.3889,412957248.9
1669305600000,0.389,0.4045,0.3864,0.403,639525514.2
1669320000000,0.4031,0.4048,0.3974,0.4017,375402433.0
1669334400000,0.4017,0.4017,0.3883,0.3931,359943227.4
1669348800000,0.3931,0.4182,0.3922,0.4152,793207663.8
1669363200000,0.4153,0.4196,0.4042,0.4056,617913009.3
1669377600000,0.4057,0.4095,0.4007,0.4033,352350735.7
1669392000000,0.4033,0.4067,0.3984,0.4044,292430803.0
1669406400000,0.4045,0.4107,0.4036,0.4076,214349883.2
1669420800000,0.4076,0.4147,0.4031,0.4084,254540496.4
1669435200000,0.4084,0.4092,0.4042,0.4069,115998051.1
1669449600000,0.407,0.4091,0.4047,0.4064,105176940.3
1669464000000,0.4064,0.4092,0.399,0.4018,227550327.2
1669478400000,0.4019,0.4034,0.3943,0.3975,178481276.3
1669492800000,0.3975,0.4003,0.3923,0.3958,144234511.4
1669507200000,0.3958,0.4007,0.3949,0.3998,103575949.7
1669521600000,0.3997,0.4029,0.3991,0.4003,104239692.2
1669536000000,0.4003,0.4085,0.3976,0.4063,223365413.5
1669550400000,0.4064,0.4095,0.402,0.4034,238595215.6
1669564800000,0.4035,0.4044,0.3981,0.4021,161059640.0
1669579200000,0.4021,0.4043,0.3936,0.3961,206446025.3
1669593600000,0.396,0.3988,0.3725,0.3804,553236203.3
1669608000000,0.3805,0.3841,0.3789,0.3825,189314769.2
1669622400000,0.3825,0.3844,0.3776,0.3777,191722758.4
1669636800000,0.3777,0.3825,0.3768,0.3793,256826207.2
1669651200000,0.3794,0.388,0.373,0.3842,411963170.7
1669665600000,0.3842,0.3907,0.383,0.3884,166574852.7
1669680000000,0.3884,0.3895,0.3827,0.384,233212873.2
1669694400000,0.384,0.3948,0.3838,0.3924,244231378.5
1669708800000,0.3925,0.3936,0.3899,0.3924,152072830.2
1669723200000,0.3924,0.3943,0.3892,0.3911,205568361.4
1669737600000,0.391,0.3975,0.3862,0.3953,262266182.6
1669752000000,0.3953,0.4039,0.3941,0.3977,306701530.7
1669766400000,0.3978,0.4086,0.3958,0.4004,348900914.0
1669780800000,0.4004,0.404,0.4001,0.4035,112304594.9
1669795200000,0.4035,0.404,0.3984,0.4003,138884083.4
1669809600000,0.4002,0.4027,0.3977,0.4014,183395551.8
1669824000000,0.4014,0.4116,0.3917,0.407,428093127.7
1669838400000,0.4071,0.4114,0.4057,0.4074,201538872.1
1669852800000,0.4075,0.409,0.3993,0.4023,177629985.6
1669867200000,0.4022,0.4027,0.3981,0.3989,132530855.2
1669881600000,0.3988,0.4012,0.3973,0.4003,122532849.1
1669896000000,0.4003,0.4027,0.394,0.3973,338060436.6
1669910400000,0.3973,0.3975,0.3943,0.3969,121190437.6
1669924800000,0.3969,0.3982,0.3944,0.3966,108491901.2
1669939200000,0.3966,0.3974,0.3833,0.3868,260061019.6
1669953600000,0.3868,0.3911,0.3834,0.3904,155582587.1
1669968000000,0.3904,0.3915,0.3884,0.3902,125767309.3
1669982400000,0.3902,0.3912,0.385,0.3884,244606725.8
1669996800000,0.3884,0.391,0.3868,0.3905,112955072.1
1670011200000,0.3904,0.3965,0.3897,0.3957,148689834.0
1670025600000,0.3958,0.3965,0.3908,0.3917,132444121.0
1670040000000,0.3916,0.3931,0.3876,0.3886,133578366.9
1670054400000,0.3886,0.395,0.387,0.3941,151457652.4
1670068800000,0.394,0.397,0.3921,0.3945,234882319.4
1670083200000,0.3946,0.3962,0.3914,0.393,111085592.1
1670097600000,0.393,0.394,0.385,0.3868,167134495.0
1670112000000,0.3869,0.3919,0.3867,0.3897,106817845.8
1670126400000,0.3897,0.3914,0.3892,0.3897,72666245.0
1670140800000,0.3898,0.3907,0.3875,0.3891,116974346.3
1670155200000,0.389,0.3896,0.3856,0.3887,112245513.4
1670169600000,0.3886,0.3925,0.3881,0.3909,145247645.7
1670184000000,0.3909,0.3927,0.3869,0.3893,121499347.5
1670198400000,0.3892,0.3939,0.3885,0.3923,178733718.5
1670212800000,0.3924,0.3952,0.3905,0.393,188344537.5
1670227200000,0.393,0.3939,0.3896,0.3927,167285607.9
1670241600000,0.3927,0.3939,0.3881,0.391,183293783.5
1670256000000,0.391,0.393,0.3776,0.3844,278776222.9
1670270400000,0.3843,0.3904,0.3835,0.389,137216546.7
1670284800000,0.389,0.3906,0.3822,0.3825,175129838.5
1670299200000,0.3825,0.3849,0.3805,0.3818,167625351.7
1670313600000,0.3818,0.3849,0.3805,0.3844,143880149.3
1670328000000,0.3845,0.39,0.3842,0.3882,204239537.1
1670342400000,0.3881,0.3895,0.3856,0.3894,165548706.4
1670356800000,0.3893,0.3923,0.3881,0.3911,126165266.1
1670371200000,0.3911,0.3923,0.3845,0.3854,161915336.4
1670385600000,0.3853,0.3883,0.3714,0.3771,297578145.0
1670400000000,0.3771,0.3816,0.376,0.378,245467575.8
1670414400000,0.378,0.3836,0.378,0.3825,176954145.5
1670428800000,0.3826,0.3837,0.3811,0.3816,101110251.1
1670443200000,0.3816,0.3835,0.3787,0.383,108477278.2
1670457600000,0.383,0.3908,0.3826,0.3858,300778548.7
1670472000000,0.3858,0.389,0.384,0.3872,196987241.2
1670486400000,0.3872,0.3875,0.3821,0.3856,203826712.3
1670500800000,0.3856,0.3895,0.3842,0.3884,178055247.4
1670515200000,0.3884,0.393,0.3873,0.3921,238560549.6
1670529600000,0.3921,0.3962,0.39,0.3938,184309636.9
1670544000000,0.3939,0.3948,0.3892,0.3909,146739068.4
1670558400000,0.3909,0.3942,0.3898,0.3916,196052346.9
1670572800000,0.3915,0.3925,0.3893,0.3899,162851178.9
1670587200000,0.3899,0.3915,0.3827,0.3867,242964269.1
1670601600000,0.3867,0.3878,0.3853,0.3867,101890867.5
1670616000000,0.3866,0.3897,0.3856,0.3886,72920970.3
1670630400000,0.3886,0.3888,0.387,0.3877,78834383.1
1670644800000,0.3877,0.3883,0.3867,0.3876,47749014.6
1670659200000,0.3876,0.3879,0.3856,0.3877,91984864.3
1670673600000,0.3876,0.389,0.3868,0.3889,64422914.3
1670688000000,0.3888,0.3891,0.3862,0.387,52188578.5
1670702400000,0.387,0.3875,0.385,0.3861,59893702.0
1670716800000,0.3862,0.3882,0.3859,0.3871,53046650.3
1670731200000,0.3871,0.3875,0.3856,0.3866,54451010.3
1670745600000,0.3865,0.3868,0.3851,0.3858,64152905.5
1670760000000,0.3858,0.3869,0.3842,0.3857,71761327.3
1670774400000,0.3856,0.3873,0.3851,0.3863,63992467.7
1670788800000,0.3863,0.3863,0.3765,0.3806,211980268.9
1670803200000,0.3805,0.3826,0.3695,0.3738,266403983.6
1670817600000,0.3738,0.3778,0.3734,0.3754,131719179.4
1670832000000,0.3754,0.3774,0.3721,0.3737,171756724.1
1670846400000,0.3736,0.3756,0.3725,0.3752,151905151.3
1670860800000,0.3753,0.3812,0.375,0.3794,157104992.1
1670875200000,0.3793,0.3895,0.3792,0.387,229809872.0
1670889600000,0.3871,0.3877,0.3792,0.3796,175655247.5
1670904000000,0.3795,0.3847,0.3783,0.3825,229034099.6
1670918400000,0.3824,0.3865,0.38,0.3858,213414470.3
1670932800000,0.3857,0.3991,0.3853,0.3902,507215029.1
1670947200000,0.3902,0.3946,0.3883,0.3919,195727493.0
1670961600000,0.392,0.3959,0.3908,0.395,123459528.3
1670976000000,0.395,0.3954,0.3898,0.3909,144245578.3
1670990400000,0.3909,0.3918,0.3889,0.3899,104352122.4
1671004800000,0.3899,0.3917,0.3881,0.39,142960155.4
1671019200000,0.3899,0.394,0.3894,0.3929,193948800.3
1671033600000,0.3929,0.3935,0.3765,0.3818,458368876.9
1671048000000,0.3817,0.3868,0.3799,0.3849,164464234.4
1671062400000,0.3849,0.3864,0.3767,0.3814,209048412.4
1671076800000,0.3813,0.382,0.38,0.3805,85831423.1
1671091200000,0.3805,0.3813,0.3778,0.3804,133844043.0
1671105600000,0.3804,0.3832,0.3789,0.3814,189416769.2
1671120000000,0.3815,0.3824,0.3728,0.3777,200416615.1
1671134400000,0.3778,0.3789,0.376,0.3776,100932277.1
1671148800000,0.3777,0.3789,0.376,0.3773,86845207.2
1671163200000,0.3773,0.3797,0.3762,0.3795,92080953.6
1671177600000,0.3794,0.3795,0.3555,0.3649,466556083.8
1671192000000,0.3648,0.3653,0.3603,0.362,192685277.0
1671206400000,0.3621,0.3629,0.3563,0.3625,277721523.7
1671220800000,0.3625,0.3654,0.343,0.3508,455964882.1
1671235200000,0.3508,0.3563,0.349,0.3528,276146024.1
1671249600000,0.3528,0.3571,0.3513,0.3557,181466818.2
1671264000000,0.3557,0.3567,0.3514,0.3523,133801521.9
1671278400000,0.3523,0.3536,0.3508,0.3523,113846200.5
1671292800000,0.3524,0.3524,0.3464,0.3498,152422826.0
1671307200000,0.3497,0.3552,0.3483,0.3542,191046797.0
1671321600000,0.3542,0.3551,0.3511,0.3532,76208472.3
1671336000000,0.3533,0.3555,0.3522,0.3529,91301232.5
1671350400000,0.3529,0.3534,0.3494,0.3519,95538460.4
1671364800000,0.3518,0.3523,0.3491,0.3494,81822513.9
1671379200000,0.3494,0.3512,0.3468,0.35,128364322.7
1671393600000,0.35,0.3524,0.3487,0.3495,109092100.9
1671408000000,0.3494,0.3527,0.3369,0.341,342304738.9
1671422400000,0.3411,0.3439,0.3383,0.3434,172398575.6
1671436800000,0.3434,0.3455,0.3401,0.3423,228252009.6
1671451200000,0.3422,0.3435,0.3381,0.3408,254092704.1
1671465600000,0.3409,0.3417,0.3312,0.3371,432903990.6
1671480000000,0.3371,0.3411,0.3342,0.3385,269453717.7
1671494400000,0.3385,0.343,0.3355,0.3391,343079769.7
1671508800000,0.3391,0.3452,0.3383,0.3421,236581923.3
1671523200000,0.3421,0.3469,0.3404,0.3436,196605737.7
1671537600000,0.3435,0.3494,0.3421,0.3465,245215315.0
1671552000000,0.3465,0.3492,0.3447,0.349,129365205.1
1671566400000,0.3489,0.3529,0.3479,0.3482,168341669.8
1671580800000,0.3483,0.3504,0.3363,0.3387,264792546.3
1671595200000,0.3387,0.3429,0.3381,0.3404,219326596.3
1671609600000,0.3404,0.3446,0.3389,0.3435,176126373.7
1671624000000,0.3436,0.3441,0.3409,0.3434,164255765.7
1671638400000,0.3435,0.3437,0.341,0.343,86944769.4
1671652800000,0.3429,0.347,0.3419,0.3445,101921161.1
1671667200000,0.3445,0.347,0.3415,0.343,141215512.3
1671681600000,0.343,0.3451,0.3417,0.3442,113198422.4
1671696000000,0.3442,0.3479,0.3432,0.3463,146162800.4
1671710400000,0.3462,0.3468,0.3411,0.3427,186410164.3
1671724800000,0.3426,0.3442,0.3414,0.3442,110136422.5
1671739200000,0.3442,0.35,0.344,0.3489,177590642.8
1671753600000,0.3488,0.3503,0.3469,0.3492,163506059.8
1671768000000,0.3493,0.3515,0.3481,0.3491,118306603.0
1671782400000,0.3491,0.3518,0.3474,0.3508,148923016.4
1671796800000,0.3509,0.3542,0.3485,0.3498,255395262.7
1671811200000,0.3499,0.3527,0.3496,0.3522,82023867.1
1671825600000,0.3523,0.3548,0.3504,0.354,118491704.9
1671840000000,0.3539,0.354,0.3518,0.3525,64383796.5
1671854400000,0.3526,0.3536,0.3509,0.3513,79773917.8
1671868800000,0.3514,0.352,0.3506,0.352,57923124.8
1671883200000,0.352,0.3525,0.351,0.3512,51088866.3
1671897600000,0.3511,0.3525,0.3511,0.352,38882957.9
1671912000000,0.352,0.3525,0.351,0.3515,37211194.6
1671926400000,0.3515,0.3517,0.3479,0.3493,86890333.6
1671940800000,0.3493,0.3494,0.3481,0.3485,59977903.5
1671955200000,0.3484,0.3489,0.3467,0.3469,77531711.3
1671969600000,0.3469,0.3477,0.3426,0.3458,174331338.7
1671984000000,0.3457,0.3467,0.344,0.3452,107361093.6
1671998400000,0.3451,0.3468,0.344,0.3455,81581876.4
1672012800000,0.3456,0.3495,0.3453,0.3493,108466255.3
1672027200000,0.3493,0.3512,0.3487,0.3507,92158225.9
1672041600000,0.3507,0.3515,0.3495,0.3506,134389992.5
1672056000000,0.3507,0.3566,0.3505,0.356,312898170.0
1672070400000,0.356,0.3699,0.3557,0.366,643632544.1
1672084800000,0.3661,0.3696,0.3643,0.3655,392622281.7
1672099200000,0.3655,0.3675,0.3585,0.359,327878050.0
1672113600000,0.3589,0.3703,0.3587,0.3676,379837694.7
1672128000000,0.3676,0.3728,0.3658,0.3684,502828986.4
1672142400000,0.3684,0.3712,0.3637,0.3689,419458980.8
1672156800000,0.369,0.3703,0.3653,0.3694,360628044.8
1672171200000,0.3693,0.372,0.367,0.3674,294387295.3
1672185600000,0.3673,0.3686,0.3583,0.3596,433156031.3
1672200000000,0.3596,0.3636,0.3544,0.3585,428982320.6
1672214400000,0.3585,0.3594,0.356,0.3583,202992428.1
1672228800000,0.3582,0.3618,0.3567,0.357,314682113.0
1672243200000,0.3569,0.3596,0.355,0.3581,233431535.5
1672257600000,0.358,0.3596,0.3551,0.3556,266137794.0
1672272000000,0.3557,0.3577,0.3421,0.3459,595826022.7
1672286400000,0.3459,0.3483,0.3432,0.3466,264573967.4
1672300800000,0.3467,0.3475,0.3428,0.3435,253691144.6
1672315200000,0.3434,0.3471,0.3428,0.3456,230397974.8
1672329600000,0.3456,0.3467,0.3426,0.3439,154894316.3
1672344000000,0.3439,0.3443,0.3351,0.342,449490260.5
1672358400000,0.3419,0.3447,0.3337,0.3381,422389262.0
1672372800000,0.3381,0.3398,0.3334,0.3367,333413774.5
1672387200000,0.3368,0.3389,0.336,0.3379,174569363.2
1672401600000,0.3379,0.3404,0.336,0.3395,273209498.7
1672416000000,0.3394,0.3439,0.3384,0.3437,167271311.2
1672430400000,0.3436,0.3459,0.3421,0.3447,178808322.7
1672444800000,0.3446,0.3449,0.3397,0.3401,190302244.8
1672459200000,0.3402,0.3425,0.3398,0.3423,84409927.3
1672473600000,0.3423,0.3443,0.3415,0.3435,139394632.5
1672488000000,0.3435,0.3452,0.3425,0.3437,143481671.6
1672502400000,0.3437,0.3438,0.3404,0.3426,111475880.9
1672516800000,0.3426,0.3435,0.3385,0.3388,137291184.7
1672531200000,0.3389,0.3391,0.3367,0.3381,146365967.3
1672545600000,0.3381,0.3383,0.3352,0.3366,135736687.1
1672560000000,0.3367,0.3385,0.3361,0.3382,102573382.5
1672574400000,0.3382,0.3387,0.3362,0.3368,106038375.3
1672588800000,0.3367,0.3397,0.3367,0.3389,122907919.9
1672603200000,0.3388,0.3393,0.3374,0.3385,104038678.4
1672617600000,0.3384,0.3392,0.2968,0.3282,1129389177.8
1672632000000,0.3281,0.3395,0.326,0.3373,552250847.8
1672646400000,0.3374,0.348,0.3373,0.344,505764740.6
1672660800000,0.344,0.3546,0.342,0.3509,381499028.6
1672675200000,0.3508,0.3554,0.3492,0.3512,335723079.1
1672689600000,0.3513,0.3545,0.3468,0.3479,283510379.5
1672704000000,0.3478,0.3481,0.3415,0.3427,316320461.7
1672718400000,0.3427,0.3518,0.3419,0.3488,349234304.5
1672732800000,0.3488,0.3494,0.3436,0.344,263881573.3
1672747200000,0.344,0.3471,0.34,0.3431,379721135.4
1672761600000,0.3432,0.3452,0.3411,0.3451,220834463.9
1672776000000,0.3451,0.3464,0.3429,0.3434,146013622.0
1672790400000,0.3435,0.3527,0.3419,0.3484,373029212.2
1672804800000,0.3485,0.3504,0.3469,0.3495,220858279.2
1672819200000,0.3495,0.351,0.3473,0.3486,230387542.1
1672833600000,0.3486,0.3491,0.341,0.3474,302931151.5
1672848000000,0.3474,0.3517,0.3434,0.3464,408725007.8
1672862400000,0.3464,0.3479,0.3435,0.347,159381361.7
1672876800000,0.3469,0.3485,0.3437,0.3456,159781048.4
1672891200000,0.3455,0.3479,0.3431,0.3447,179124763.3
1672905600000,0.3447,0.3453,0.3364,0.3416,336556526.5
1672920000000,0.3415,0.3422,0.3381,0.3397,292006806.8
1672934400000,0.3396,0.3414,0.3375,0.341,150118113.0
1672948800000,0.341,0.3417,0.3321,0.3377,207561629.2
1672963200000,0.3377,0.3407,0.3354,0.339,182501372.4
1672977600000,0.339,0.339,0.3309,0.3349,348457233.9
1672992000000,0.3349,0.3367,0.3337,0.3344,184392747.2
1673006400000,0.3344,0.3381,0.333,0.3378,333517417.3
1673020800000,0.3379,0.3424,0.336,0.3417,199257434.1
1673035200000,0.3417,0.3459,0.3401,0.344,183480616.2
1673049600000,0.344,0.3453,0.3423,0.3425,131551084.8
1673064000000,0.3425,0.3435,0.341,0.3424,84952255.3
1673078400000,0.3424,0.3432,0.3416,0.3425,65021757.3
1673092800000,0.3425,0.3454,0.3419,0.3446,137983999.1
1673107200000,0.3446,0.3455,0.3423,0.3448,135806701.6
1673121600000,0.3447,0.3451,0.3427,0.3441,72213161.9
1673136000000,0.3442,0.3449,0.3332,0.3412,276519188.7
1673150400000,0.3412,0.3413,0.3395,0.34,69955139.7
1673164800000,0.3399,0.3417,0.3375,0.3386,141967139.6
1673179200000,0.3386,0.3432,0.3385,0.3428,144257040.1
1673193600000,0.3427,0.3435,0.3384,0.3399,157148720.3
1673208000000,0.34,0.3472,0.3398,0.3451,286176889.5
1673222400000,0.345,0.3534,0.3436,0.3514,608352037.6
1673236800000,0.3514,0.3545,0.3471,0.3489,354199379.7
1673251200000,0.3488,0.3525,0.348,0.3503,302894055.2
1673265600000,0.3503,0.357,0.3417,0.3552,687980859.8
1673280000000,0.3552,0.3576,0.3507,0.3553,483262656.1
1673294400000,0.3552,0.3565,0.3461,0.3486,442043692.6
1673308800000,0.3486,0.3522,0.343,0.3486,297553835.5
1673323200000,0.3486,0.3496,0.3464,0.3471,198069610.0
1673337600000,0.3472,0.3506,0.3469,0.349,181488250.6
1673352000000,0.3489,0.3508,0.3463,0.3499,296951032.7
1673366400000,0.35,0.3534,0.3479,0.3531,185144937.7
1673380800000,0.3532,0.3539,0.3503,0.3507,186594643.0
1673395200000,0.3508,0.3516,0.3475,0.3492,187843758.5
1673409600000,0.3492,0.3679,0.3489,0.3618,918795159.5
1673424000000,0.3619,0.3662,0.3594,0.3617,515907813.5
1673438400000,0.3618,0.375,0.3608,0.3694,1144394372.6
1673452800000,0.3693,0.3788,0.3672,0.3717,855238063.0
1673467200000,0.3717,0.3752,0.3682,0.3727,426107186.3
1673481600000,0.3727,0.3819,0.3703,0.3763,617153826.2
1673496000000,0.3763,0.3786,0.371,0.3733,295639580.8
1673510400000,0.3733,0.3743,0.368,0.3689,278610176.2
1673524800000,0.3689,0.3745,0.357,0.3671,799525133.8
1673539200000,0.3671,0.3786,0.3663,0.3749,499364226.0
1673553600000,0.3748,0.3775,0.3736,0.3746,274452251.9
1673568000000,0.3746,0.3788,0.3703,0.3786,280221842.8
1673582400000,0.3786,0.38,0.375,0.3763,226837673.6
1673596800000,0.3764,0.3779,0.3733,0.3743,303602426.8
1673611200000,0.3743,0.3748,0.3673,0.3738,396892856.8
1673625600000,0.3738,0.3768,0.37,0.3763,273410027.7
1673640000000,0.3763,0.3867,0.3753,0.3856,535076481.2
1673654400000,0.3856,0.4066,0.3849,0.4014,1104965178.2
1673668800000,0.4014,0.4085,0.3982,0.4047,398481274.0
1673683200000,0.4046,0.4094,0.3749,0.3925,916403238.1
1673697600000,0.3924,0.3977,0.386,0.394,459242001.3
1673712000000,0.3941,0.3959,0.3901,0.3922,192411884.9
1673726400000,0.3923,0.3969,0.3909,0.3952,164314173.4
1673740800000,0.3952,0.397,0.384,0.3901,402438827.0
1673755200000,0.3901,0.3905,0.3851,0.3879,124157599.2
1673769600000,0.3878,0.388,0.379,0.384,242720074.7
1673784000000,0.3839,0.389,0.3795,0.3884,263060256.6
1673798400000,0.3883,0.39,0.3827,0.3854,280819992.4
1673812800000,0.3854,0.3873,0.3822,0.3845,174462974.0
1673827200000,0.3845,0.4055,0.384,0.4053,570435664.2
1673841600000,0.4052,0.4062,0.3926,0.3933,431565135.3
1673856000000,0.3934,0.3934,0.3752,0.3848,481748501.3
1673870400000,0.3849,0.387,0.3777,0.3856,378393157.9
1673884800000,0.3855,0.3927,0.3848,0.3922,298538916.9
1673899200000,0.3922,0.3941,0.3838,0.3854,248997766.3
1673913600000,0.3854,0.3888,0.378,0.3833,312697248.4
1673928000000,0.3832,0.3898,0.3828,0.3895,183909802.8
1673942400000,0.3896,0.3916,0.385,0.3881,205055651.0
1673956800000,0.388,0.3919,0.3835,0.3869,433834909.6
1673971200000,0.387,0.3953,0.3847,0.3927,237815822.5
1673985600000,0.3927,0.3987,0.3863,0.3868,296714156.1
1674000000000,0.3868,0.3928,0.385,0.3874,291794101.7
1674014400000,0.3873,0.3892,0.3861,0.3889,158355744.3
1674028800000,0.3888,0.3918,0.384,0.3891,266841470.2
1674043200000,0.3891,0.3964,0.368,0.3813,583351200.4
1674057600000,0.3813,0.3915,0.3635,0.3897,935349903.2
1674072000000,0.3897,0.3902,0.3765,0.378,405686798.5
1674086400000,0.3779,0.3813,0.3761,0.3786,199174227.4
1674100800000,0.3786,0.3848,0.3785,0.3839,138080343.7
1674115200000,0.3839,0.3895,0.3822,0.3844,283048012.9
1674129600000,0.3844,0.396,0.3815,0.3906,720068768.1
1674144000000,0.3905,0.3967,0.3884,0.3935,422169408.1
1674158400000,0.3935,0.3957,0.3909,0.3927,182612091.2
1674172800000,0.3927,0.3935,0.3891,0.3904,163484021.4
1674187200000,0.3904,0.3918,0.3858,0.388,179058408.7
1674201600000,0.3881,0.3933,0.3875,0.3909,163513908.1
1674216000000,0.3909,0.3941,0.3892,0.3927,226670892.9
1674230400000,0.3927,0.4029,0.3926,0.4022,361800729.3
1674244800000,0.4022,0.4141,0.4018,0.4125,647643816.0
1674259200000,0.4125,0.4143,0.4054,0.4102,328403831.6
1674273600000,0.4102,0.4116,0.4077,0.4103,140202563.6
1674288000000,0.4103,0.4165,0.393,0.4088,588545948.4
1674302400000,0.4088,0.4134,0.4055,0.4085,267702837.7
1674316800000,0.4084,0.4148,0.4078,0.4133,224810471.2
1674331200000,0.4133,0.414,0.4013,0.4032,224951058.9
1674345600000,0.4032,0.4062,0.3991,0.4045,164836647.1
1674360000000,0.4044,0.4082,0.4038,0.4046,99632443.8
1674374400000,0.4047,0.4059,0.4026,0.4041,124157554.2
1674388800000,0.4042,0.4099,0.4008,0.4055,283726245.4
1674403200000,0.4054,0.4123,0.4021,0.4048,286185226.3
1674417600000,0.4048,0.405,0.3955,0.4002,320302715.2
1674432000000,0.4003,0.4125,0.3993,0.4051,302448871.0
1674446400000,0.4052,0.4144,0.4039,0.4136,233705577.2
1674460800000,0.4135,0.4328,0.4131,0.4233,897339045.1
1674475200000,0.4232,0.43,0.4124,0.4217,747922772.2
1674489600000,0.4216,0.4309,0.4191,0.4267,451063698.9
1674504000000,0.4267,0.4332,0.4227,0.4234,444676867.2
1674518400000,0.4233,0.4258,0.4195,0.4248,268816873.8
1674532800000,0.4247,0.425,0.4185,0.4239,194156389.6
1674547200000,0.424,0.4313,0.4199,0.4219,374287983.3
1674561600000,0.4219,0.4242,0.4155,0.421,295634015.8
1674576000000,0.421,0.4241,0.415,0.4239,186874027.8
1674590400000,0.424,0.4246,0.4011,0.4075,542282190.2
1674604800000,0.4075,0.4076,0.3966,0.4042,354731727.6
1674619200000,0.4042,0.4095,0.4038,0.409,137786639.4
1674633600000,0.4091,0.4104,0.4034,0.4052,179753708.6
1674648000000,0.4053,0.4094,0.4017,0.4058,303898008.1
1674662400000,0.4057,0.4116,0.4041,0.4114,169336100.6
1674676800000,0.4114,0.4244,0.4113,0.4169,423325027.9
1674691200000,0.4169,0.4179,0.4102,0.4116,207110335.5
1674705600000,0.4116,0.4154,0.4077,0.4092,188449741.7
1674720000000,0.4092,0.4126,0.4087,0.411,184235957.7
1674734400000,0.411,0.4149,0.4055,0.409,348557685.0
1674748800000,0.4091,0.4125,0.405,0.4123,184995884.4
1674763200000,0.4122,0.4133,0.4081,0.409,150894346.8
1674777600000,0.409,0.4104,0.3981,0.4055,291519129.1
1674792000000,0.4054,0.4075,0.4031,0.4074,120308312.6
1674806400000,0.4074,0.4094,0.4055,0.4065,151397334.7
1674820800000,0.4065,0.4091,0.4037,0.4063,249722748.0
1674835200000,0.4062,0.4127,0.4061,0.4123,145985557.1
1674849600000,0.4124,0.4134,0.4085,0.4128,167606635.7
1674864000000,0.4127,0.4169,0.409,0.4106,212182448.4
1674878400000,0.4106,0.4144,0.4081,0.411,153850637.4
1674892800000,0.4109,0.4115,0.4085,0.4108,108506704.2
1674907200000,0.4109,0.4111,0.4055,0.4089,208075983.9
1674921600000,0.409,0.4103,0.4074,0.4095,82351694.2
1674936000000,0.4095,0.4095,0.4051,0.4075,86089155.8
1674950400000,0.4076,0.414,0.4063,0.41,214404197.0
1674964800000,0.4101,0.4105,0.4085,0.4098,58788238.2
1674979200000,0.4099,0.4143,0.4097,0.412,173301479.1
1674993600000,0.412,0.4135,0.4103,0.4119,129697467.7
1675008000000,0.4118,0.4174,0.41,0.4158,212173924.2
1675022400000,0.4159,0.416,0.4115,0.4133,141533498.1
1675036800000,0.4133,0.4221,0.4076,0.4133,370267484.5
1675051200000,0.4133,0.415,0.4088,0.4107,164057021.1
1675065600000,0.4106,0.4118,0.3948,0.3975,485876966.9
1675080000000,0.3975,0.403,0.3965,0.3998,198419772.6
1675094400000,0.3998,0.4018,0.3832,0.3948,319988141.0
1675108800000,0.3948,0.3959,0.3884,0.3932,199272802.2
1675123200000,0.3933,0.3941,0.388,0.3914,250383677.6
1675137600000,0.3914,0.3957,0.3882,0.3952,190841794.3
1675152000000,0.3952,0.4022,0.3941,0.3996,381956454.6
1675166400000,0.3997,0.4032,0.399,0.4021,302250926.8
1675180800000,0.4022,0.4111,0.4015,0.4096,235097399.9
1675195200000,0.4096,0.4111,0.4016,0.4056,228305679.7
1675209600000,0.4056,0.4064,0.4006,0.4028,164216520.2
1675224000000,0.4028,0.4064,0.3984,0.4002,171319075.7
1675238400000,0.4001,0.4054,0.3981,0.4028,207967247.6
1675252800000,0.4029,0.4047,0.3963,0.3975,247264563.9
1675267200000,0.3976,0.4098,0.3966,0.4076,412179164.3
1675281600000,0.4076,0.4158,0.4076,0.4132,281692164.0
1675296000000,0.4133,0.4177,0.4103,0.4128,286194224.5
1675310400000,0.4129,0.4154,0.4103,0.4129,147715087.7
1675324800000,0.4129,0.4157,0.412,0.4147,124598009.7
1675339200000,0.4147,0.4159,0.4106,0.4144,277667027.0
1675353600000,0.4144,0.4196,0.4117,0.4132,312613344.4
1675368000000,0.4132,0.4151,0.4078,0.4099,256418605.2
1675382400000,0.4098,0.4114,0.4059,0.4113,165046088.6
1675396800000,0.4112,0.4129,0.4092,0.4104,134609573.1
1675411200000,0.4105,0.4138,0.4094,0.4112,140127101.6
1675425600000,0.4112,0.4123,0.4051,0.4103,373291048.8
1675440000000,0.4104,0.4115,0.4065,0.4089,185052672.5
1675454400000,0.4089,0.4126,0.4072,0.4117,106321374.5
1675468800000,0.4117,0.4124,0.4086,0.4087,115956071.7
1675483200000,0.4087,0.4098,0.4076,0.4096,59063478.7
1675497600000,0.4096,0.4111,0.4084,0.411,59604147.1
1675512000000,0.4109,0.4136,0.4106,0.4131,136160569.6
1675526400000,0.4131,0.4207,0.4108,0.4166,231714968.0
1675540800000,0.4165,0.4169,0.4072,0.4106,143584380.6
1675555200000,0.4106,0.412,0.4072,0.4087,143203644.4
1675569600000,0.4088,0.4105,0.4082,0.4099,80044351.2
1675584000000,0.41,0.4116,0.4089,0.4092,93027540.3
1675598400000,0.4091,0.41,0.3978,0.4,398684340.2
1675612800000,0.3999,0.4012,0.3933,0.3977,291715500.5
1675627200000,0.3977,0.3996,0.3956,0.3983,129330981.8
1675641600000,0.3983,0.4031,0.3961,0.398,151655976.9
1675656000000,0.398,0.401,0.3932,0.3981,194671254.8
1675670400000,0.398,0.3999,0.395,0.3975,166202921.5
1675684800000,0.3975,0.4005,0.3962,0.4004,198960623.1
1675699200000,0.4004,0.4036,0.3984,0.4025,158894289.8
1675713600000,0.4025,0.4032,0.3906,0.392,259414344.5
1675728000000,0.3919,0.3951,0.3899,0.3931,194510989.0
1675742400000,0.3931,0.3968,0.3925,0.3954,131867649.3
1675756800000,0.3955,0.3982,0.3932,0.3964,168538210.0
1675771200000,0.3964,0.3976,0.3936,0.3944,150305114.5
1675785600000,0.3943,0.4013,0.391,0.3999,343187940.1
1675800000000,0.3999,0.4048,0.399,0.4036,181344427.4
1675814400000,0.4035,0.4061,0.4002,0.4014,195178152.4
1675828800000,0.4013,0.4024,0.4,0.4019,103047154.6
1675843200000,0.4019,0.4022,0.399,0.4019,125366588.6
1675857600000,0.4019,0.4023,0.397,0.3974,232517471.1
1675872000000,0.3973,0.3991,0.3934,0.397,238041782.4
1675886400000,0.3969,0.3994,0.3945,0.3977,134603667.4
1675900800000,0.3977,0.3994,0.3845,0.3906,311649132.8
1675915200000,0.3907,0.3942,0.3892,0.3936,150683861.8
1675929600000,0.3937,0.3948,0.3921,0.3937,145687036.8
1675944000000,0.3938,0.4102,0.3928,0.4018,588539643.1
1675958400000,0.4018,0.4042,0.3788,0.3876,693730989.8
1675972800000,0.3876,0.3896,0.3716,0.3816,466171672.8
1675987200000,0.3816,0.3874,0.3803,0.3873,222384164.9
1676001600000,0.3873,0.3875,0.3799,0.3864,215065519.9
1676016000000,0.3864,0.387,0.3824,0.3829,165404694.4
1676030400000,0.383,0.3849,0.3766,0.3797,258579759.0
1676044800000,0.3796,0.3843,0.3774,0.3842,169771542.8
1676059200000,0.3841,0.3844,0.3794,0.3815,137688036.7
1676073600000,0.3814,0.3838,0.38,0.3822,106243624.7
1676088000000,0.3823,0.383,0.3804,0.3814,65932985.8
1676102400000,0.3815,0.3829,0.3811,0.3823,64560530.1
1676116800000,0.3823,0.3833,0.3814,0.3822,77294145.7
1676131200000,0.3821,0.3822,0.3794,0.3811,76479970.9
1676145600000,0.381,0.384,0.3807,0.383,81519565.7
1676160000000,0.3831,0.3834,0.381,0.3811,63700635.0
1676174400000,0.3812,0.3819,0.3797,0.3809,53538862.5
1676188800000,0.3808,0.3835,0.3807,0.3822,71281923.7
1676203200000,0.3822,0.3831,0.3805,0.3822,100467908.2
1676217600000,0.3823,0.3847,0.3816,0.3833,106311513.4
1676232000000,0.3834,0.3838,0.3709,0.3744,255092137.1
1676246400000,0.3744,0.378,0.3656,0.3716,325337321.9
1676260800000,0.3716,0.3768,0.371,0.3755,151205279.9
1676275200000,0.3754,0.3755,0.3605,0.3652,455057094.2
1676289600000,0.3651,0.3706,0.3645,0.3664,200841435.5
1676304000000,0.3664,0.3712,0.3629,0.3711,224504131.2
1676318400000,0.3712,0.3728,0.3691,0.3704,128263169.8
1676332800000,0.3704,0.3707,0.3644,0.3673,146841547.1
1676347200000,0.3673,0.3705,0.366,0.37,113133523.7
1676361600000,0.3701,0.3707,0.3664,0.3691,143697948.1
1676376000000,0.369,0.3775,0.3641,0.3754,457139412.1
1676390400000,0.3754,0.3799,0.3729,0.3791,195960418.7
1676404800000,0.3791,0.3839,0.3768,0.3818,176256930.9
1676419200000,0.3818,0.3819,0.3765,0.3802,133111638.1
1676433600000,0.3802,0.383,0.3795,0.3822,119177071.5
1676448000000,0.3823,0.3866,0.3806,0.3857,189136873.0
1676462400000,0.3858,0.3893,0.3855,0.3868,262130786.2
1676476800000,0.3867,0.3945,0.3846,0.3939,184178725.6
1676491200000,0.3939,0.4024,0.3932,0.4012,343948065.3
1676505600000,0.4011,0.4047,0.3961,0.4009,295637580.3
1676520000000,0.4009,0.4029,0.398,0.3999,172476920.5
1676534400000,0.3999,0.4017,0.3966,0.3976,150487590.3
1676548800000,0.3977,0.4022,0.3943,0.4021,303548240.3
1676563200000,0.4021,0.4034,0.3959,0.3994,299718707.5
1676577600000,0.3995,0.3995,0.3836,0.3839,378314991.7
1676592000000,0.3838,0.3905,0.3804,0.3901,200534923.6
1676606400000,0.39,0.3906,0.3864,0.3874,143442565.3
1676620800000,0.3875,0.3897,0.3862,0.3875,122032723.9
1676635200000,0.3875,0.3915,0.3853,0.3885,284185564.4
1676649600000,0.3885,0.3956,0.3857,0.3951,251412247.8
1676664000000,0.395,0.4001,0.3896,0.395,312561845.0
1676678400000,0.395,0.3961,0.3935,0.3948,101423679.8
1676692800000,0.3949,0.3969,0.3932,0.3945,85102471.8
1676707200000,0.3945,0.3948,0.3911,0.3928,109585147.0
1676721600000,0.3927,0.3955,0.3922,0.3949,121924128.0
1676736000000,0.3949,0.3977,0.3924,0.3936,164518242.7
1676750400000,0.3936,0.395,0.3917,0.394,75298722.9
1676764800000,0.3941,0.3957,0.3882,0.3908,146801841.1
1676779200000,0.3909,0.3941,0.3907,0.3912,98392053.7
1676793600000,0.3911,0.3933,0.3906,0.393,83041232.1
1676808000000,0.3931,0.3972,0.3921,0.396,200739355.5
1676822400000,0.396,0.398,0.3866,0.3879,299239918.7
1676836800000,0.388,0.3891,0.384,0.3859,166723021.6
1676851200000,0.3859,0.3897,0.376,0.3878,280517219.9
1676865600000,0.3878,0.3924,0.3874,0.3908,153969740.4
1676880000000,0.3908,0.3949,0.3892,0.3929,223414827.3
1676894400000,0.3929,0.4092,0.3913,0.4027,517364734.8
1676908800000,0.4027,0.4085,0.3982,0.4033,343895207.6
1676923200000,0.4032,0.4039,0.3971,0.3986,168561462.6
1676937600000,0.3986,0.3992,0.3939,0.3945,206894231.7
1676952000000,0.3944,0.4006,0.3941,0.3995,146289211.9
1676966400000,0.3996,0.4025,0.3893,0.3901,398827558.8
1676980800000,0.3902,0.3929,0.3877,0.3892,247348657.2
1676995200000,0.3892,0.3943,0.387,0.3939,151878387.9
1677009600000,0.3939,0.3949,0.3881,0.3918,159541443.0
1677024000000,0.3918,0.3927,0.3825,0.3901,234935596.0
1677038400000,0.3901,0.3922,0.3853,0.3904,195579596.5
1677052800000,0.3904,0.3909,0.3859,0.3906,239672765.4
1677067200000,0.3907,0.3976,0.3855,0.3881,389933883.0
1677081600000,0.3882,0.3942,0.3866,0.3927,227981260.2
1677096000000,0.3928,0.3964,0.3907,0.3953,124345129.7
1677110400000,0.3953,0.3971,0.3903,0.3951,155325731.3
1677124800000,0.395,0.3978,0.3937,0.3964,140495013.1
1677139200000,0.3963,0.3974,0.388,0.3896,215997085.3
1677153600000,0.3896,0.3933,0.388,0.3892,224531934.4
1677168000000,0.3893,0.391,0.3852,0.3909,163814683.0
1677182400000,0.3909,0.3913,0.3862,0.3881,79540860.6
1677196800000,0.3882,0.3905,0.3874,0.3892,96620671.7
1677211200000,0.3891,0.3906,0.386,0.3884,119727477.2
1677225600000,0.3884,0.39,0.3866,0.3891,106358482.2
1677240000000,0.3891,0.3903,0.3783,0.3813,322902351.5
1677254400000,0.3812,0.3813,0.3721,0.3775,340142986.4
1677268800000,0.3774,0.3792,0.372,0.3781,133745937.8
1677283200000,0.378,0.3788,0.3757,0.3776,99130422.2
1677297600000,0.3776,0.3784,0.3758,0.3778,76637065.4
1677312000000,0.3777,0.3792,0.376,0.3777,99285416.3
1677326400000,0.3776,0.3784,0.375,0.3772,124298585.3
1677340800000,0.3772,0.3784,0.3729,0.3756,145882358.4
1677355200000,0.3756,0.3779,0.3682,0.3775,205144721.8
1677369600000,0.3775,0.3785,0.3764,0.3781,65334625.3
1677384000000,0.378,0.3782,0.3769,0.3774,44119262.8
1677398400000,0.3774,0.3784,0.3759,0.3766,64389183.2
1677412800000,0.3766,0.3778,0.375,0.3756,87604869.8
1677427200000,0.3756,0.3801,0.3743,0.379,120271009.0
1677441600000,0.379,0.3805,0.3752,0.3776,121494868.3
1677456000000,0.3776,0.378,0.3753,0.3762,122081395.6
1677470400000,0.3762,0.3774,0.3737,0.3742,130136087.3
1677484800000,0.3741,0.375,0.3706,0.3735,202204126.3
1677499200000,0.3736,0.3791,0.3726,0.377,269045072.1
1677513600000,0.377,0.3779,0.3731,0.3769,218960081.2
1677528000000,0.3769,0.38,0.375,0.3783,142361116.7
1677542400000,0.3784,0.3792,0.3718,0.3755,175234127.2
1677556800000,0.3755,0.3787,0.3728,0.374,164867838.9
1677571200000,0.3739,0.377,0.3721,0.3767,153009212.3
1677585600000,0.3768,0.3799,0.3767,0.3796,227915974.5
1677600000000,0.3796,0.3824,0.3772,0.38,154575268.3
1677614400000,0.38,0.3817,0.3737,0.376,193500406.0
1677628800000,0.3761,0.3766,0.3725,0.3764,173136265.5
1677643200000,0.3765,0.3828,0.3756,0.382,154126954.5
1677657600000,0.3821,0.3847,0.3792,0.3803,164383838.0
1677672000000,0.3803,0.382,0.3785,0.3814,159205414.3
1677686400000,0.3814,0.384,0.3782,0.3803,139951166.9
1677700800000,0.3803,0.3842,0.3802,0.3834,115614196.0
1677715200000,0.3835,0.3846,0.3773,0.3776,178958624.9
1677729600000,0.3776,0.3798,0.3776,0.3787,106172480.3
1677744000000,0.3787,0.3795,0.3766,0.3783,118756825.5
1677758400000,0.3782,0.3787,0.3741,0.3756,180009373.2
1677772800000,0.3756,0.381,0.3735,0.3807,126164212.5
1677787200000,0.3808,0.3811,0.3768,0.3771,96640315.2
1677801600000,0.3772,0.378,0.3483,0.3643,575564175.4
1677816000000,0.3642,0.369,0.3633,0.365,163086458.1
1677830400000,0.365,0.368,0.3643,0.3673,142024106.3
1677844800000,0.3673,0.3697,0.3652,0.3673,216135729.5
1677859200000,0.3672,0.3712,0.3663,0.3707,119615017.7
1677873600000,0.3707,0.3805,0.3695,0.377,276042475.9
1677888000000,0.377,0.3799,0.3744,0.3755,159026512.9
1677902400000,0.3754,0.3765,0.3731,0.3756,88081184.9
1677916800000,0.3756,0.3762,0.3746,0.3753,72384232.2
1677931200000,0.3752,0.376,0.3743,0.3749,76112520.8
1677945600000,0.3748,0.379,0.3712,0.3726,219970332.4
1677960000000,0.3727,0.3743,0.3677,0.3733,229138160.9
1677974400000,0.3733,0.3774,0.3705,0.374,191662394.0
1677988800000,0.374,0.3749,0.3721,0.3724,50649864.9
1678003200000,0.3724,0.3728,0.3709,0.3714,65150024.4
1678017600000,0.3714,0.3723,0.3706,0.3707,89465180.0
1678032000000,0.3706,0.3709,0.3669,0.3678,92733880.3
1678046400000,0.3678,0.3701,0.365,0.3666,150225786.1
1678060800000,0.3666,0.3693,0.3603,0.3657,309193162.2
1678075200000,0.3657,0.3679,0.3626,0.3627,160484189.4
1678089600000,0.3627,0.3653,0.3588,0.3611,219796072.8
1678104000000,0.361,0.3676,0.3603,0.3671,192190290.3
1678118400000,0.3672,0.3739,0.3664,0.3714,213848290.5
1678132800000,0.3715,0.3732,0.3693,0.3694,152443833.8
1678147200000,0.3694,0.371,0.3669,0.368,193017190.0
1678161600000,0.368,0.3726,0.3679,0.3695,170496748.2
1678176000000,0.3696,0.3717,0.3675,0.3706,179960433.9
1678190400000,0.3707,0.3825,0.3705,0.3784,899597785.8
1678204800000,0.3785,0.382,0.3755,0.3799,335308486.3
1678219200000,0.38,0.3843,0.3779,0.3799,468332035.2
1678233600000,0.38,0.3857,0.3765,0.3785,356332418.1
1678248000000,0.3785,0.3807,0.3721,0.3763,344163476.7
1678262400000,0.3763,0.3897,0.3757,0.3868,677631147.4
1678276800000,0.3868,0.4019,0.3858,0.3968,1695385050.0
1678291200000,0.3968,0.3988,0.3902,0.3956,599026476.0
1678305600000,0.3955,0.3985,0.3835,0.3888,655578795.4
1678320000000,0.3888,0.3943,0.3855,0.3886,556148440.9
1678334400000,0.3886,0.3911,0.3854,0.3903,458571375.4
1678348800000,0.3903,0.3961,0.389,0.3929,586914036.3
1678363200000,0.3929,0.3976,0.3912,0.3929,466824981.8
1678377600000,0.3929,0.3937,0.3758,0.3786,807804447.6
1678392000000,0.3785,0.3786,0.3632,0.3705,850603766.5
1678406400000,0.3704,0.3745,0.3647,0.3737,498464983.6
1678420800000,0.3738,0.3749,0.3669,0.37,375876545.5
1678435200000,0.37,0.3714,0.3566,0.3613,541146586.9
1678449600000,0.3613,0.3724,0.3601,0.3687,624954626.2
1678464000000,0.3687,0.3721,0.3637,0.3679,251629131.5
1678478400000,0.3679,0.3721,0.3664,0.3697,185162298.1
1678492800000,0.3698,0.3739,0.3679,0.3685,336492560.7
1678507200000,0.3686,0.3694,0.3601,0.3623,287692631.9
1678521600000,0.3623,0.3655,0.359,0.3614,293977715.2
1678536000000,0.3614,0.3624,0.3587,0.3613,185444334.9
1678550400000,0.3614,0.3632,0.3578,0.3618,242682447.2
1678564800000,0.3617,0.3645,0.361,0.3635,143021330.1
1678579200000,0.3636,0.3655,0.3617,0.3629,154289390.0
1678593600000,0.3629,0.3634,0.3568,0.3594,137942384.4
1678608000000,0.3593,0.361,0.3571,0.3601,159012234.7
1678622400000,0.3602,0.3604,0.35,0.3521,372191211.7
1678636800000,0.3521,0.362,0.347,0.3562,601717686.9
1678651200000,0.3562,0.3712,0.3558,0.371,519759415.3
1678665600000,0.3711,0.3759,0.3657,0.3662,443232447.1
1678680000000,0.3662,0.3691,0.3657,0.3675,210306212.0
1678694400000,0.3675,0.3678,0.3546,0.36,424545533.6
1678708800000,0.36,0.3799,0.3565,0.3731,897393960.9
1678723200000,0.3732,0.3756,0.3682,0.3714,330959145.2
1678737600000,0.3714,0.3744,0.3692,0.3722,186656735.9
1678752000000,0.3722,0.3723,0.3685,0.3707,204373792.2
1678766400000,0.3708,0.373,0.3666,0.3677,239622774.2
1678780800000,0.3676,0.3691,0.3645,0.3675,265896926.2
1678795200000,0.3674,0.3873,0.3653,0.3846,897019493.1
1678809600000,0.3845,0.3855,0.3694,0.3773,598037739.9
1678824000000,0.3773,0.3787,0.366,0.3724,362388494.2
1678838400000,0.3724,0.375,0.369,0.3742,241982332.6
1678852800000,0.3741,0.3759,0.371,0.3741,159276777.5
1678867200000,0.374,0.3741,0.3636,0.3682,308442243.3
1678881600000,0.3683,0.3705,0.3583,0.3604,694641215.9
1678896000000,0.3603,0.3629,0.3553,0.3609,431744647.6
1678910400000,0.3609,0.3624,0.3577,0.3588,161621516.6
1678924800000,0.3587,0.3629,0.3559,0.3619,237521914.2
1678939200000,0.3619,0.3657,0.3611,0.3634,183290065.1
1678953600000,0.3634,0.365,0.3601,0.3623,226034360.9
1678968000000,0.3624,0.3643,0.3575,0.3628,291781499.6
1678982400000,0.3628,0.3669,0.3618,0.3656,169410252.8
1678996800000,0.3656,0.3657,0.3614,0.3644,123698548.7
1679011200000,0.3644,0.369,0.3617,0.3686,227522811.6
1679025600000,0.3685,0.3698,0.3663,0.3686,155600955.5
1679040000000,0.3686,0.3773,0.3668,0.3768,294161171.6
1679054400000,0.3768,0.3825,0.3676,0.3698,578934618.9
1679068800000,0.3698,0.375,0.3683,0.3748,196311286.5
1679083200000,0.3748,0.3809,0.3721,0.3799,258296298.1
1679097600000,0.3798,0.3902,0.3758,0.3839,468336475.2
1679112000000,0.3839,0.3856,0.3809,0.3814,154841592.4
1679126400000,0.3815,0.3838,0.3763,0.383,215431326.4
1679140800000,0.383,0.3836,0.3726,0.3767,326469076.6
1679155200000,0.3768,0.3809,0.3686,0.379,375679659.5
1679169600000,0.379,0.38,0.3719,0.3739,189741428.7
1679184000000,0.3738,0.3776,0.3734,0.3772,138692799.2
1679198400000,0.3772,0.3884,0.3751,0.3795,413143210.6
1679212800000,0.3794,0.3968,0.3776,0.3935,665589842.0
1679227200000,0.3935,0.4005,0.389,0.392,769617635.7
1679241600000,0.392,0.3967,0.3903,0.3946,401188476.4
1679256000000,0.3946,0.3973,0.3848,0.386,385459081.4
1679270400000,0.386,0.3914,0.3801,0.3806,439812680.0
1679284800000,0.3807,0.3839,0.3765,0.3833,301336189.2
1679299200000,0.3834,0.3847,0.3785,0.3821,299063761.8
1679313600000,0.382,0.3829,0.3774,0.379,277654216.3
1679328000000,0.379,0.3801,0.3702,0.3745,391252807.5
1679342400000,0.3746,0.3782,0.3718,0.3733,186345206.6
1679356800000,0.3732,0.3838,0.3725,0.3814,348442936.2
1679371200000,0.3814,0.3864,0.3776,0.3862,406912414.0
1679385600000,0.3862,0.3932,0.3829,0.3908,588399982.4
1679400000000,0.3909,0.4319,0.3892,0.4289,2778615731.4
1679414400000,0.4288,0.4788,0.4265,0.4742,3340704453.5
1679428800000,0.4743,0.4927,0.4549,0.4694,2607351268.5
1679443200000,0.4695,0.4749,0.4515,0.4584,1476456994.3
1679457600000,0.4584,0.471,0.4533,0.4554,1014248437.4
1679472000000,0.4555,0.4588,0.4411,0.4428,1202481267.5
1679486400000,0.4427,0.4536,0.4332,0.4351,1381462086.9
1679500800000,0.4351,0.4463,0.4079,0.4113,1879890338.8
1679515200000,0.4113,0.4255,0.4109,0.4212,784872215.2
1679529600000,0.4211,0.4256,0.4111,0.4186,569500772.3
1679544000000,0.4185,0.4541,0.4173,0.4467,953332908.6
1679558400000,0.4466,0.4547,0.4373,0.4478,1062980827.7
1679572800000,0.4477,0.4534,0.4334,0.4481,1309813205.4
1679587200000,0.4481,0.4555,0.435,0.4434,905557986.7
1679601600000,0.4434,0.4462,0.4375,0.4435,276167672.3
1679616000000,0.4434,0.4438,0.4311,0.432,387317267.3
1679630400000,0.4319,0.4376,0.4275,0.433,348561303.2
1679644800000,0.433,0.4341,0.415,0.4219,575683103.2
1679659200000,0.4218,0.4285,0.4211,0.4264,439002051.2
1679673600000,0.4263,0.43,0.4133,0.4257,522358873.8
1679688000000,0.4257,0.4268,0.4164,0.4256,290368451.2
1679702400000,0.4255,0.4313,0.422,0.43,280323786.9
1679716800000,0.43,0.4527,0.4284,0.445,1199874386.9
1679731200000,0.4449,0.4485,0.4384,0.4469,569553777.2
1679745600000,0.4468,0.463,0.4406,0.4583,1075184351.1
1679760000000,0.4582,0.465,0.4477,0.4496,897484948.4
1679774400000,0.4495,0.4555,0.4401,0.4427,556429816.0
1679788800000,0.4427,0.4515,0.4402,0.4482,455910309.4
1679803200000,0.4481,0.4594,0.4461,0.4563,480415550.0
1679817600000,0.4562,0.463,0.4541,0.4575,572613215.1
1679832000000,0.4576,0.4592,0.4444,0.4463,506814748.2
1679846400000,0.4463,0.4492,0.4433,0.4476,268482240.6
1679860800000,0.4476,0.4513,0.4414,0.4477,267734315.5
1679875200000,0.4477,0.4568,0.4422,0.4535,556159356.9
1679889600000,0.4536,0.46,0.4482,0.46,598840581.7
1679904000000,0.46,0.4794,0.4599,0.4772,1200341809.4
1679918400000,0.4773,0.4886,0.4534,0.4575,2373800832.4
1679932800000,0.4576,0.4742,0.4551,0.4676,1044702427.1
1679947200000,0.4676,0.4812,0.4656,0.4786,783233653.9
1679961600000,0.4786,0.4836,0.466,0.473,1034544867.3
1679976000000,0.473,0.4939,0.4716,0.4832,1185316692.5
1679990400000,0.4832,0.4997,0.478,0.4969,1374282910.6
1680004800000,0.4969,0.5059,0.4921,0.4976,1436950817.7
1680019200000,0.4975,0.5317,0.4941,0.5199,1953047673.7
1680033600000,0.5199,0.535,0.5118,0.5145,1164491750.3
1680048000000,0.5145,0.5388,0.5144,0.5351,1099339335.9
1680062400000,0.5351,0.5624,0.5317,0.5575,1356977194.2
1680076800000,0.5576,0.5856,0.5541,0.5702,1941722652.8
1680091200000,0.5702,0.5703,0.5351,0.5442,1810504277.4
1680105600000,0.5441,0.5547,0.5361,0.5521,782421119.0
1680120000000,0.5521,0.5567,0.5282,0.5421,753644429.0
1680134400000,0.5421,0.5521,0.52,0.5333,1432207696.8
1680148800000,0.5334,0.5423,0.5255,0.5374,749472685.0
1680163200000,0.5374,0.5577,0.5274,0.549,975805097.7
1680177600000,0.549,0.5498,0.5291,0.5324,806907415.8
1680192000000,0.5324,0.5396,0.5255,0.5386,589134001.8
1680206400000,0.5386,0.5421,0.5284,0.5316,342952551.3
1680220800000,0.5317,0.5367,0.5274,0.5326,445072696.0
1680235200000,0.5325,0.5487,0.5316,0.5337,737440030.7
1680249600000,0.5336,0.5364,0.5251,0.5303,489246575.2
1680264000000,0.5303,0.5363,0.5264,0.5301,523243623.0
1680278400000,0.5301,0.536,0.5286,0.5353,323895893.9
1680292800000,0.5354,0.5484,0.5324,0.5374,479634493.1
1680307200000,0.5373,0.5375,0.5311,0.5318,265573979.5
1680321600000,0.5317,0.534,0.5032,0.509,673347082.2
1680336000000,0.509,0.5235,0.4968,0.5148,868370358.1
1680350400000,0.5149,0.5178,0.5074,0.5112,420733308.1
1680364800000,0.5113,0.5135,0.5025,0.5079,351652143.8
1680379200000,0.5078,0.5116,0.5071,0.5092,181543729.3
1680393600000,0.5092,0.5197,0.5009,0.5124,433483163.7
1680408000000,0.5124,0.52,0.5108,0.5138,246657841.9
1680422400000,0.5138,0.5177,0.5119,0.5144,198082181.6
1680436800000,0.5144,0.5273,0.5067,0.5216,917468776.3
1680451200000,0.5215,0.5288,0.5158,0.5192,482943834.8
1680465600000,0.5191,0.5215,0.5152,0.5177,246165699.0
1680480000000,0.5176,0.5246,0.5026,0.5119,547817159.3
1680494400000,0.512,0.514,0.5056,0.5135,223158864.4
1680508800000,0.5135,0.5185,0.5122,0.5148,251971768.4
1680523200000,0.5147,0.5164,0.5053,0.5083,318003324.4
1680537600000,0.5084,0.5149,0.5032,0.5094,355392516.8
1680552000000,0.5094,0.5099,0.4815,0.4957,645514383.4
1680566400000,0.4957,0.4978,0.487,0.4948,296446716.8
1680580800000,0.4949,0.5018,0.4936,0.4962,207804179.2
1680595200000,0.4962,0.5013,0.4933,0.4983,241138975.6
1680609600000,0.4983,0.5049,0.4956,0.4978,313054502.7
1680624000000,0.4978,0.5062,0.4957,0.5045,188418225.4
1680638400000,0.5045,0.5076,0.5002,0.5026,156846471.4
1680652800000,0.5025,0.5073,0.4982,0.5058,225646344.0
1680667200000,0.5059,0.5267,0.5036,0.5222,433049995.1
1680681600000,0.5222,0.5249,0.5128,0.5149,290527072.6
1680696000000,0.515,0.5161,0.5002,0.5028,433492296.0
1680710400000,0.5029,0.509,0.4983,0.5073,257178706.3
1680724800000,0.5073,0.5087,0.5032,0.5052,123811771.5
1680739200000,0.5053,0.5054,0.4935,0.5024,233865463.6
1680753600000,0.5024,0.505,0.4968,0.4975,153109986.3
1680768000000,0.4976,0.5005,0.49,0.4989,209894677.5
1680782400000,0.4988,0.5075,0.4954,0.506,269640346.5
1680796800000,0.506,0.5096,0.5035,0.5068,209620022.2
1680811200000,0.5068,0.5084,0.5004,0.5027,158348120.5
1680825600000,0.5026,0.5038,0.4966,0.5016,139068029.3
1680840000000,0.5015,0.515,0.4998,0.5072,418359357.9
1680854400000,0.5071,0.5132,0.5023,0.5039,388900416.3
1680868800000,0.5037,0.5085,0.5029,0.5077,196602821.5
1680883200000,0.5077,0.5137,0.5048,0.5118,232320304.6
1680897600000,0.5119,0.5144,0.5092,0.5123,154851522.1
1680912000000,0.5124,0.5128,0.5065,0.5115,179553433.8
1680926400000,0.5115,0.5128,0.5096,0.5103,118358899.1
1680940800000,0.5103,0.5115,0.5085,0.51,93718935.7
1680955200000,0.5101,0.5104,0.5076,0.5089,87425621.3
1680969600000,0.5088,0.5098,0.5015,0.5055,143879168.1
1680984000000,0.5055,0.5068,0.5022,0.5045,91172603.2
1680998400000,0.5044,0.509,0.5041,0.506,81149896.9
1681012800000,0.506,0.5078,0.501,0.5027,117707020.3
1681027200000,0.5027,0.5039,0.5017,0.5031,75108947.2
1681041600000,0.5032,0.5052,0.4975,0.5017,144995980.3
1681056000000,0.5016,0.5068,0.4997,0.5052,113118009.9
1681070400000,0.5053,0.5082,0.5034,0.505,106140341.9
1681084800000,0.505,0.5071,0.4992,0.5039,150501245.9
1681099200000,0.5039,0.5056,0.5021,0.5055,61105396.4
1681113600000,0.5056,0.5064,0.5027,0.5044,97716483.8
1681128000000,0.5043,0.5057,0.5012,0.5042,120665872.5
1681142400000,0.5041,0.513,0.5029,0.5125,240603391.8
1681156800000,0.5125,0.5197,0.5102,0.5173,190909998.0
1681171200000,0.5173,0.5178,0.5117,0.5155,228047846.0
1681185600000,0.5155,0.5284,0.5141,0.523,336239607.4
1681200000000,0.5229,0.5236,0.518,0.5203,176133156.4
1681214400000,0.5203,0.5241,0.5167,0.519,255016332.8
1681228800000,0.519,0.5192,0.5107,0.5159,245794883.1
1681243200000,0.5159,0.518,0.5143,0.5163,106175228.5
1681257600000,0.5164,0.5177,0.5016,0.5076,310064221.7
1681272000000,0.5075,0.5099,0.5057,0.5063,145644689.6
1681286400000,0.5063,0.5063,0.5001,0.5024,205397753.6
1681300800000,0.5025,0.5091,0.4977,0.5021,363838855.1
1681315200000,0.5022,0.5046,0.4992,0.5023,144130329.6
1681329600000,0.5023,0.5062,0.5016,0.5046,109517360.6
1681344000000,0.5045,0.5064,0.5012,0.5048,119891120.2
1681358400000,0.5047,0.5073,0.5038,0.5068,106784572.6
1681372800000,0.5068,0.5137,0.5062,0.5083,266867562.4
1681387200000,0.5084,0.5115,0.5072,0.5095,197885313.3
1681401600000,0.5096,0.5133,0.5075,0.512,141428304.4
1681416000000,0.512,0.5157,0.5105,0.5121,163159571.9
1681430400000,0.5121,0.5241,0.511,0.5211,340622716.5
1681444800000,0.5212,0.5472,0.5211,0.5282,639621382.9
1681459200000,0.5283,0.5354,0.5252,0.5325,252123436.7
1681473600000,0.5325,0.5338,0.5138,0.5148,466112342.5
1681488000000,0.5149,0.5234,0.5117,0.5234,216189612.9
1681502400000,0.5234,0.528,0.5217,0.5227,152404789.4
1681516800000,0.5228,0.5241,0.5156,0.5193,158300336.4
1681531200000,0.5193,0.523,0.5175,0.5217,96115035.3
1681545600000,0.5217,0.5262,0.5199,0.5235,117341577.8
1681560000000,0.5235,0.5255,0.5204,0.5214,123935480.3
1681574400000,0.5213,0.5227,0.5165,0.5197,126371665.2
1681588800000,0.5197,0.5214,0.5169,0.5195,75836132.9
1681603200000,0.5195,0.5243,0.5152,0.5165,146241473.9
1681617600000,0.5166,0.5204,0.5157,0.5199,72991832.3
1681632000000,0.5198,0.5216,0.5172,0.5174,97565610.8
1681646400000,0.5174,0.5212,0.5171,0.52,106601880.7
1681660800000,0.5201,0.5248,0.5187,0.5211,126013912.9
1681675200000,0.5211,0.5235,0.5177,0.5207,119608275.5
1681689600000,0.5208,0.521,0.5074,0.5132,295486367.0
1681704000000,0.5131,0.5159,0.5105,0.5128,139826835.7
1681718400000,0.5128,0.5151,0.5107,0.5128,145771830.7
1681732800000,0.5127,0.5143,0.5063,0.5079,228629042.4
1681747200000,0.5079,0.5119,0.5072,0.5101,119152082.4
1681761600000,0.5102,0.5128,0.5092,0.5108,81540062.4
1681776000000,0.5109,0.5133,0.509,0.5126,132660995.0
1681790400000,0.5125,0.5187,0.5121,0.5159,159794620.2
1681804800000,0.5158,0.5211,0.5132,0.5203,161922997.2
1681819200000,0.5203,0.5268,0.5172,0.5204,313039456.0
1681833600000,0.5204,0.5223,0.5157,0.5215,157792124.4
1681848000000,0.5215,0.5394,0.52,0.5327,319734317.2
1681862400000,0.5327,0.5378,0.5241,0.5265,233205523.9
1681876800000,0.5265,0.5335,0.5204,0.5219,246593183.4
1681891200000,0.5219,0.5224,0.4595,0.4971,831749443.9
1681905600000,0.497,0.5017,0.4942,0.4965,259935687.8
1681920000000,0.4965,0.4992,0.4909,0.4944,203657963.9
1681934400000,0.4944,0.4965,0.4837,0.4908,277018670.1
1681948800000,0.4908,0.4954,0.486,0.4941,188576276.1
1681963200000,0.4941,0.499,0.4917,0.4923,148440424.1
1681977600000,0.4924,0.4958,0.487,0.488,191806400.3
1681992000000,0.488,0.4939,0.4801,0.4808,270001535.8
1682006400000,0.4808,0.4809,0.4639,0.4704,431428103.8
1682020800000,0.4704,0.4751,0.4678,0.4747,153334468.4
1682035200000,0.4746,0.4771,0.4688,0.4759,162877230.1
1682049600000,0.4759,0.4789,0.4657,0.4715,265255050.0
1682064000000,0.4715,0.4735,0.4643,0.4669,170617685.1
1682078400000,0.467,0.47,0.4576,0.4606,289219687.7
1682092800000,0.4606,0.4632,0.4394,0.4442,488642882.1
1682107200000,0.4442,0.4491,0.4395,0.4485,258490626.2
1682121600000,0.4484,0.4518,0.4452,0.4512,134773229.6
1682136000000,0.4512,0.4553,0.449,0.4504,109476922.2
1682150400000,0.4504,0.455,0.4498,0.4536,118637420.2
1682164800000,0.4537,0.4759,0.4531,0.4674,520007540.0
1682179200000,0.4675,0.4749,0.4667,0.4692,245606301.0
1682193600000,0.4692,0.4734,0.4677,0.4717,153253548.3
1682208000000,0.4716,0.4717,0.4605,0.4669,215752274.6
1682222400000,0.4668,0.4717,0.466,0.4715,114857715.1
1682236800000,0.4714,0.4716,0.4646,0.4688,144059726.3
1682251200000,0.4688,0.4699,0.4552,0.4606,236270208.0
1682265600000,0.4606,0.4641,0.4517,0.4601,249429944.0
1682280000000,0.4601,0.4652,0.4583,0.4642,151616670.6
1682294400000,0.4643,0.4855,0.4622,0.4712,480644814.0
1682308800000,0.4711,0.4733,0.4596,0.4607,287954070.6
1682323200000,0.4606,0.4666,0.4554,0.4652,264564796.5
1682337600000,0.4652,0.4668,0.4568,0.4576,288212372.7
1682352000000,0.4575,0.4603,0.4457,0.46,312514891.4
1682366400000,0.46,0.4632,0.4583,0.4606,128188289.5
1682380800000,0.4606,0.4626,0.4563,0.459,204878276.2
1682395200000,0.459,0.4617,0.4531,0.4548,179257520.6
1682409600000,0.4547,0.4574,0.4504,0.4564,201798872.7
1682424000000,0.4564,0.4583,0.4513,0.4539,195718092.6
1682438400000,0.454,0.464,0.4529,0.4632,222546741.3
1682452800000,0.4632,0.4719,0.4632,0.4694,206639289.3
1682467200000,0.4694,0.4712,0.4654,0.4666,148403739.0
1682481600000,0.4665,0.4716,0.4659,0.4674,166329359.1
1682496000000,0.4674,0.4748,0.4671,0.4728,280884356.9
1682510400000,0.4729,0.4829,0.4726,0.4774,384159680.1
1682524800000,0.4774,0.4783,0.4402,0.4481,537676050.2
1682539200000,0.448,0.4618,0.4308,0.4611,525526227.8
1682553600000,0.4612,0.4698,0.4583,0.4619,351433513.7
1682568000000,0.462,0.4656,0.4568,0.4603,182860705.3
1682582400000,0.4604,0.4616,0.4558,0.4592,195815250.5
1682596800000,0.4592,0.464,0.455,0.46,284524995.4
1682611200000,0.46,0.469,0.4577,0.4665,222850827.2
1682625600000,0.4665,0.4679,0.4617,0.4662,153076244.9
1682640000000,0.4663,0.4679,0.4632,0.4674,147859160.4
1682654400000,0.4674,0.4831,0.4673,0.4759,435121080.8
1682668800000,0.4759,0.4763,0.4683,0.4703,217365594.7
1682683200000,0.4704,0.4741,0.4643,0.4694,277123677.9
1682697600000,0.4694,0.4778,0.4679,0.4748,190002077.5
1682712000000,0.4748,0.4818,0.4747,0.4794,188934169.0
1682726400000,0.4793,0.4868,0.477,0.4804,291511871.2
1682740800000,0.4805,0.4816,0.4774,0.478,100855754.9
1682755200000,0.4781,0.4826,0.4757,0.4804,131912912.4
1682769600000,0.4805,0.4818,0.477,0.4781,140783734.3
1682784000000,0.4782,0.4794,0.4701,0.4783,158404565.4
1682798400000,0.4782,0.4791,0.4759,0.4777,67820511.8
1682812800000,0.4778,0.4778,0.4733,0.4742,91332837.7
1682827200000,0.4742,0.4776,0.4738,0.4756,59999451.4
1682841600000,0.4756,0.4772,0.4739,0.4748,80184029.6
1682856000000,0.4749,0.4819,0.4742,0.4788,169541973.4
1682870400000,0.4788,0.4812,0.4731,0.4754,172466831.8
1682884800000,0.4754,0.4754,0.4682,0.4703,161985518.7
1682899200000,0.4703,0.4722,0.458,0.4645,282611078.9
1682913600000,0.4645,0.4653,0.4616,0.463,109666718.3
1682928000000,0.463,0.4654,0.4622,0.4647,75485415.7
1682942400000,0.4648,0.4671,0.4576,0.46,208926919.5
1682956800000,0.4599,0.4613,0.4537,0.4595,230697707.2
1682971200000,0.4594,0.4648,0.459,0.4647,142069578.7
1682985600000,0.4646,0.465,0.4586,0.4635,173723476.7
1683000000000,0.4635,0.4654,0.4616,0.4633,112661188.5
1683014400000,0.4633,0.4646,0.4597,0.4605,120598065.9
1683028800000,0.4606,0.4645,0.458,0.4622,261741268.1
1683043200000,0.4621,0.4647,0.4574,0.463,152235103.4
1683057600000,0.463,0.4661,0.4629,0.464,97679525.9
1683072000000,0.4641,0.4648,0.4592,0.4618,118685227.9
1683086400000,0.4618,0.462,0.4547,0.458,204958644.6
1683100800000,0.458,0.4604,0.4545,0.455,147762436.5
1683115200000,0.4549,0.4552,0.4494,0.4527,239248109.2
1683129600000,0.4527,0.4578,0.4501,0.4546,332806092.3
1683144000000,0.4545,0.4653,0.4542,0.463,208783371.0
1683158400000,0.463,0.4642,0.4596,0.4638,130177055.9
1683172800000,0.4639,0.4648,0.4607,0.4613,101743469.1
1683187200000,0.4613,0.462,0.4585,0.46,138153695.9
1683201600000,0.46,0.4609,0.4557,0.4558,185571587.9
1683216000000,0.4557,0.4592,0.4545,0.4587,128455532.3
1683230400000,0.4588,0.4613,0.4581,0.4606,71782298.6
1683244800000,0.4606,0.4649,0.4603,0.4635,141786943.9
1683259200000,0.4635,0.4647,0.4599,0.4606,161568280.0
1683273600000,0.4605,0.4619,0.458,0.4609,130317332.1
1683288000000,0.4609,0.4634,0.4529,0.4626,267012645.3
1683302400000,0.4625,0.4708,0.4623,0.4669,339496972.3
1683316800000,0.4668,0.4679,0.4657,0.4668,76468129.8
1683331200000,0.4667,0.4692,0.4622,0.4629,122040129.4
1683345600000,0.463,0.4644,0.4613,0.4618,80105481.7
1683360000000,0.4618,0.4619,0.4585,0.4615,111588733.0
1683374400000,0.4614,0.4616,0.4509,0.4539,247485563.3
1683388800000,0.4539,0.4593,0.4533,0.4572,91477462.7
1683403200000,0.4572,0.4587,0.4549,0.4579,53476351.3
1683417600000,0.458,0.4599,0.4539,0.4552,94055082.4
1683432000000,0.4552,0.458,0.4552,0.4575,38043597.7
1683446400000,0.4574,0.458,0.456,0.4571,45757613.9
1683460800000,0.4571,0.4597,0.457,0.4578,87481874.9
1683475200000,0.4578,0.4589,0.4543,0.4553,80813420.8
1683489600000,0.4553,0.4569,0.4451,0.4487,167764594.6
1683504000000,0.4486,0.4509,0.4208,0.4379,383459776.1
1683518400000,0.4378,0.4406,0.4324,0.4353,159749394.6
1683532800000,0.4354,0.4371,0.4311,0.4364,174709860.4
1683547200000,0.4364,0.4372,0.4324,0.4332,151621844.3
1683561600000,0.4332,0.4337,0.4067,0.4198,423960388.5
1683576000000,0.4198,0.4291,0.4192,0.4279,143789179.3
1683590400000,0.4279,0.4287,0.4222,0.4235,159421572.1
1683604800000,0.4235,0.4272,0.4202,0.4256,136676776.3
1683619200000,0.4256,0.4257,0.4201,0.424,174700734.2
1683633600000,0.424,0.4267,0.4207,0.4216,161354364.9
1683648000000,0.4216,0.4256,0.4209,0.4249,123085547.4
1683662400000,0.4248,0.4303,0.4238,0.4284,128124907.2
1683676800000,0.4283,0.4335,0.427,0.4283,177853844.8
1683691200000,0.4284,0.4314,0.4255,0.4256,144841594.2
1683705600000,0.4256,0.4267,0.4229,0.4256,128300230.6
1683720000000,0.4257,0.4331,0.423,0.4295,281936417.7
1683734400000,0.4294,0.4308,0.4105,0.4296,392726489.1
1683748800000,0.4296,0.4339,0.4268,0.4298,192055493.0
1683763200000,0.4298,0.4302,0.4255,0.4281,149875630.7
1683777600000,0.4281,0.4291,0.4234,0.4252,131643498.3
1683792000000,0.4251,0.4254,0.421,0.4247,156352808.3
1683806400000,0.4247,0.4274,0.4161,0.4193,297259074.5
1683820800000,0.4193,0.4204,0.4112,0.4156,241183154.8
1683835200000,0.4156,0.4221,0.4151,0.4204,130039641.6
1683849600000,0.4204,0.4227,0.4158,0.417,207267372.9
1683864000000,0.417,0.4442,0.4162,0.4238,826789311.0
1683878400000,0.4238,0.4325,0.4236,0.4277,218411374.4
1683892800000,0.4278,0.4304,0.4238,0.4239,189602873.6
1683907200000,0.424,0.4253,0.4153,0.4244,266705580.5
1683921600000,0.4244,0.4316,0.423,0.4303,183647658.9
1683936000000,0.4303,0.4304,0.4256,0.4262,100968635.2
1683950400000,0.4261,0.4273,0.4245,0.4266,73890136.5
1683964800000,0.4266,0.4278,0.4253,0.4261,75963524.2
1683979200000,0.4262,0.4269,0.4221,0.4252,106967527.8
1683993600000,0.4252,0.4275,0.4236,0.4251,84461583.0
1684008000000,0.4251,0.4253,0.4233,0.4238,61048068.7
1684022400000,0.4238,0.4273,0.4203,0.426,138813017.1
1684036800000,0.426,0.4272,0.4248,0.4253,60770352.0
1684051200000,0.4254,0.4264,0.4248,0.426,45362616.7
1684065600000,0.4261,0.4315,0.4252,0.4291,123786108.8
1684080000000,0.4291,0.4294,0.4227,0.4243,123393706.4
1684094400000,0.4242,0.4265,0.4235,0.425,54078737.7
1684108800000,0.425,0.4289,0.421,0.4276,228630013.2
1684123200000,0.4277,0.43,0.4245,0.4251,187914501.0
1684137600000,0.4252,0.4289,0.424,0.4252,125640644.4
1684152000000,0.4251,0.4271,0.4231,0.4257,120249499.5
1684166400000,0.4258,0.4284,0.424,0.428,106859995.8
1684180800000,0.428,0.4288,0.4251,0.427,86931383.8
1684195200000,0.4269,0.4279,0.4195,0.4239,247153405.4
1684209600000,0.424,0.4262,0.422,0.4259,95206213.9
1684224000000,0.4258,0.4259,0.4201,0.4216,153811416.2
1684238400000,0.4216,0.4227,0.4168,0.422,164668347.4
1684252800000,0.422,0.425,0.4206,0.4224,102564532.3
1684267200000,0.4225,0.4429,0.4218,0.4424,539140519.9
1684281600000,0.4424,0.4613,0.4396,0.4589,771184431.2
1684296000000,0.4589,0.4602,0.4446,0.449,462225303.7
1684310400000,0.449,0.4492,0.4412,0.4448,444325370.4
1684324800000,0.4449,0.45,0.4373,0.4407,447332288.1
1684339200000,0.4406,0.4502,0.438,0.4476,315237599.2
1684353600000,0.4475,0.4493,0.4442,0.4482,177239173.0
1684368000000,0.4481,0.4484,0.4428,0.4474,153553670.4
1684382400000,0.4475,0.4505,0.4439,0.4478,209043324.0
1684396800000,0.4477,0.4729,0.4445,0.4651,877686967.9
1684411200000,0.4652,0.4695,0.4585,0.4604,439162478.4
1684425600000,0.4605,0.4632,0.4482,0.457,425910197.9
1684440000000,0.4571,0.4654,0.4557,0.4595,283388673.1
1684454400000,0.4595,0.468,0.457,0.4662,348767067.0
1684468800000,0.4663,0.4679,0.4591,0.4596,283743911.2
1684483200000,0.4597,0.4658,0.459,0.4628,245601478.3
1684497600000,0.4629,0.4757,0.46,0.4653,683390864.3
1684512000000,0.4654,0.4696,0.463,0.4654,248865591.2
1684526400000,0.4654,0.4685,0.4641,0.4671,121202417.2
1684540800000,0.4671,0.4683,0.4628,0.4641,134122091.0
1684555200000,0.4642,0.4652,0.4614,0.4642,134904906.1
1684569600000,0.4642,0.4694,0.4632,0.4669,132494410.7
1684584000000,0.4668,0.468,0.4651,0.4662,131530770.2
1684598400000,0.4663,0.4691,0.4651,0.4675,122472575.8
1684612800000,0.4676,0.472,0.4664,0.4684,106291924.7
1684627200000,0.4684,0.4704,0.4673,0.4673,87842098.6
1684641600000,0.4674,0.4704,0.4673,0.469,81923891.7
1684656000000,0.4691,0.4695,0.464,0.4653,147369380.7
1684670400000,0.4653,0.4663,0.455,0.4593,238721903.1
1684684800000,0.4593,0.4594,0.4546,0.4584,168498171.9
1684699200000,0.4584,0.4629,0.4556,0.4572,149671733.1
1684713600000,0.4571,0.4598,0.4491,0.4555,254839837.0
1684728000000,0.4555,0.4672,0.4555,0.4608,247678930.5
1684742400000,0.4609,0.4629,0.4576,0.4617,144643796.2
1684756800000,0.4617,0.4637,0.4562,0.4567,196655637.5
1684771200000,0.4568,0.4607,0.4523,0.4602,178561785.9
1684785600000,0.4603,0.4622,0.4593,0.4614,90959801.9
1684800000000,0.4614,0.4668,0.46,0.4648,226388483.1
1684814400000,0.4648,0.4671,0.461,0.4621,161999760.0
1684828800000,0.4622,0.4622,0.4592,0.4606,122565263.9
1684843200000,0.4607,0.4619,0.458,0.4605,111012312.1
1684857600000,0.4605,0.463,0.4586,0.4629,94784835.1
1684872000000,0.4629,0.4654,0.462,0.4649,118900742.7
1684886400000,0.4649,0.4649,0.4541,0.4575,237174800.3
1684900800000,0.4575,0.4608,0.4563,0.4568,166724742.9
1684915200000,0.4567,0.4575,0.4529,0.4563,167953974.0
1684929600000,0.4564,0.457,0.4406,0.4505,312485963.1
1684944000000,0.4506,0.4537,0.4454,0.4525,160810136.7
1684958400000,0.4525,0.4545,0.4516,0.4528,90157414.0
1684972800000,0.4528,0.4538,0.4425,0.4527,207232287.9
1684987200000,0.4527,0.4541,0.4488,0.4496,111623354.3
1685001600000,0.4496,0.4519,0.447,0.4518,113461345.0
1685016000000,0.4517,0.4553,0.4473,0.4476,162027731.5
1685030400000,0.4477,0.454,0.4458,0.4514,170935111.8
1685044800000,0.4514,0.4546,0.4511,0.4535,81368978.8
1685059200000,0.4535,0.4678,0.4521,0.4644,402771693.8
1685073600000,0.4643,0.466,0.46,0.4609,185655884.7
1685088000000,0.4608,0.4671,0.4604,0.4658,185779445.6
1685102400000,0.4658,0.4684,0.4629,0.4629,257869215.5
1685116800000,0.463,0.4667,0.4601,0.4656,178517926.1
1685131200000,0.4656,0.4698,0.4652,0.4681,155803678.5
1685145600000,0.4681,0.475,0.4654,0.4736,168468217.9
1685160000000,0.4735,0.4792,0.4644,0.4737,419780912.4
1685174400000,0.4737,0.4741,0.4701,0.4719,102676754.3
1685188800000,0.4718,0.4733,0.4664,0.4706,127123457.2
1685203200000,0.4706,0.4716,0.4682,0.4705,77431936.5
1685217600000,0.4705,0.4723,0.4693,0.4712,69559503.6
1685232000000,0.4712,0.474,0.4695,0.473,118364365.4
1685246400000,0.4731,0.4739,0.4704,0.4727,69996564.9
1685260800000,0.4728,0.4743,0.471,0.4723,85528656.0
1685275200000,0.4724,0.473,0.4711,0.4721,72192956.0
1685289600000,0.4721,0.4804,0.4713,0.4769,219392193.1
1685304000000,0.4768,0.4864,0.4766,0.482,236853504.7
1685318400000,0.482,0.4855,0.4801,0.4807,159304326.2
1685332800000,0.4808,0.4831,0.4771,0.4804,164314382.6
1685347200000,0.4804,0.4806,0.4772,0.4804,146533309.9
1685361600000,0.4804,0.4828,0.4781,0.4787,154809693.9
1685376000000,0.4786,0.4943,0.4755,0.4845,556183493.7
1685390400000,0.4844,0.4954,0.4836,0.4942,325036589.6
1685404800000,0.4941,0.4988,0.4893,0.4969,290678385.3
1685419200000,0.497,0.5048,0.4956,0.5009,437265642.6
1685433600000,0.501,0.5058,0.4983,0.5023,297768709.0
1685448000000,0.5022,0.5093,0.4933,0.5044,410511475.9
1685462400000,0.5044,0.5258,0.5021,0.5198,1109970957.7
1685476800000,0.5199,0.5292,0.5043,0.5202,567425945.2
1685491200000,0.5201,0.5278,0.5161,0.5273,360402099.1
1685505600000,0.5272,0.5275,0.5078,0.5089,538255601.9
1685520000000,0.509,0.5136,0.5009,0.511,444354109.1
1685534400000,0.511,0.514,0.5011,0.5047,438221303.7
1685548800000,0.5047,0.5162,0.5005,0.5138,292850362.3
1685563200000,0.5138,0.5199,0.5112,0.5166,241279681.3
1685577600000,0.5166,0.5168,0.5023,0.5081,340074044.8
1685592000000,0.5081,0.509,0.5021,0.5044,185273646.1
1685606400000,0.5044,0.5076,0.5027,0.5053,157886851.7
1685620800000,0.5052,0.5083,0.5011,0.5051,202742493.0
1685635200000,0.5051,0.5094,0.5029,0.5073,240064936.4
1685649600000,0.5073,0.5097,0.5048,0.5061,124953872.6
1685664000000,0.5062,0.5167,0.503,0.5155,291646285.8
1685678400000,0.5156,0.5195,0.5138,0.5153,211816663.8
1685692800000,0.5153,0.5161,0.5131,0.5146,119751562.3
1685707200000,0.5145,0.5195,0.51,0.5187,286760627.7
1685721600000,0.5188,0.527,0.5162,0.5264,261001968.3
1685736000000,0.5264,0.5265,0.5217,0.5241,127091906.6
1685750400000,0.5241,0.5247,0.519,0.5233,105383106.9
1685764800000,0.5233,0.5343,0.5212,0.5241,267631794.5
1685779200000,0.5242,0.5252,0.5212,0.5226,96788904.0
1685793600000,0.5226,0.5229,0.517,0.5214,171036077.6
1685808000000,0.5214,0.523,0.514,0.5198,178408459.6
1685822400000,0.5199,0.5218,0.5181,0.5186,74740627.2
1685836800000,0.5186,0.5235,0.5147,0.5215,117246460.4
1685851200000,0.5215,0.5258,0.5192,0.525,97359758.9
1685865600000,0.525,0.5268,0.5231,0.5244,110834226.5
1685880000000,0.5243,0.5381,0.5233,0.5357,310537087.3
1685894400000,0.5357,0.5399,0.5317,0.5381,229361701.2
1685908800000,0.5382,0.5468,0.5331,0.5354,421911152.8
1685923200000,0.5353,0.5429,0.5273,0.5303,348954248.3
1685937600000,0.5303,0.541,0.5295,0.5341,272302715.1
1685952000000,0.534,0.5374,0.5301,0.5342,202959230.3
1685966400000,0.5343,0.539,0.5015,0.5039,727274833.5
1685980800000,0.5038,0.5114,0.4816,0.5042,880071777.2
1685995200000,0.5041,0.5122,0.4954,0.5085,292791661.8
1686009600000,0.5086,0.5114,0.502,0.506,209137523.9
1686024000000,0.506,0.5136,0.5034,0.5053,221097705.8
1686038400000,0.5053,0.5114,0.5053,0.5084,152582379.4
1686052800000,0.5084,0.514,0.4955,0.5108,611840097.1
1686067200000,0.5108,0.5295,0.507,0.528,380471370.1
1686081600000,0.528,0.5326,0.5221,0.5297,306617217.7
1686096000000,0.5298,0.5315,0.5237,0.5272,233222444.9
1686110400000,0.5272,0.538,0.5257,0.5261,295779838.2
1686124800000,0.5262,0.533,0.5174,0.5329,358123245.3
1686139200000,0.5329,0.5338,0.5119,0.5173,625663383.1
1686153600000,0.5172,0.5187,0.5066,0.5179,452380687.1
1686168000000,0.5178,0.5263,0.5131,0.5179,345932388.5
1686182400000,0.518,0.5218,0.5153,0.5174,181245371.5
1686196800000,0.5175,0.5239,0.5168,0.5197,198442837.8
1686211200000,0.5196,0.5223,0.5157,0.5185,162473381.4
1686225600000,0.5185,0.5255,0.5167,0.5242,289738578.1
1686240000000,0.5241,0.5248,0.5181,0.5234,185215885.6
1686254400000,0.5234,0.5277,0.5227,0.5233,148867964.9
1686268800000,0.5234,0.5261,0.5209,0.5241,151399866.5
1686283200000,0.5242,0.5263,0.5202,0.5238,134614119.8
1686297600000,0.5237,0.5297,0.5236,0.5288,202948347.5
1686312000000,0.5288,0.542,0.528,0.5308,540124540.3
1686326400000,0.5309,0.5351,0.5272,0.5313,282741024.8
1686340800000,0.5313,0.54,0.5307,0.5375,324287695.6
1686355200000,0.5376,0.5387,0.52,0.5218,437755641.3
1686369600000,0.5217,0.5246,0.47,0.4893,1346168844.4
1686384000000,0.4893,0.4953,0.4848,0.495,311108962.4
1686398400000,0.4951,0.4951,0.486,0.4896,290596072.3
1686412800000,0.4896,0.507,0.4796,0.5049,561397938.0
1686427200000,0.5048,0.5116,0.5007,0.5065,219566678.4
1686441600000,0.5065,0.5089,0.5027,0.5053,165302166.3
1686456000000,0.5053,0.5074,0.5021,0.5055,121030468.1
1686470400000,0.5055,0.5096,0.5032,0.508,140748515.2
1686484800000,0.508,0.5099,0.5051,0.5082,184562962.9
1686499200000,0.5082,0.5294,0.5081,0.5248,423650038.5
1686513600000,0.5249,0.5284,0.5131,0.5207,275524076.2
1686528000000,0.5207,0.5228,0.508,0.5138,330815316.6
1686542400000,0.5138,0.5178,0.511,0.5123,197226805.4
1686556800000,0.5123,0.5228,0.511,0.5187,266071874.3
1686571200000,0.5186,0.5205,0.5119,0.514,218777144.4
1686585600000,0.514,0.5233,0.5119,0.5218,313167342.1
1686600000000,0.5217,0.5278,0.5205,0.5247,187696492.9
1686614400000,0.5247,0.5283,0.5193,0.5258,235536836.3
1686628800000,0.5257,0.532,0.5242,0.5293,236878801.2
1686643200000,0.5293,0.566,0.5263,0.5614,980389390.6
1686657600000,0.5613,0.5629,0.505,0.5076,1597482953.0
1686672000000,0.5076,0.5198,0.5061,0.517,404896985.3
1686686400000,0.517,0.5243,0.5146,0.5189,238720367.7
1686700800000,0.519,0.52,0.5102,0.5137,264647050.8
1686715200000,0.5136,0.5157,0.4953,0.5005,363470218.8
1686729600000,0.5005,0.5083,0.4992,0.5082,270643376.5
1686744000000,0.5082,0.5094,0.5003,0.5023,286434238.2
1686758400000,0.5023,0.5067,0.4918,0.5009,479102689.1
1686772800000,0.5009,0.5017,0.4592,0.4797,843521400.4
1686787200000,0.4796,0.4839,0.4759,0.4816,220868023.1
1686801600000,0.4816,0.4853,0.4666,0.4702,382281725.3
1686816000000,0.4702,0.4779,0.4695,0.4762,267844678.4
1686830400000,0.4763,0.4822,0.4725,0.4739,324333956.8
1686844800000,0.474,0.4835,0.4683,0.4806,332572217.1
1686859200000,0.4806,0.4842,0.4743,0.4798,217645745.8
1686873600000,0.4798,0.4818,0.4745,0.4798,128605921.6
1686888000000,0.4798,0.483,0.4766,0.477,146397782.5
1686902400000,0.477,0.4791,0.4538,0.4626,482927728.3
1686916800000,0.4626,0.4685,0.4537,0.4654,474686890.0
1686931200000,0.4655,0.477,0.4614,0.4725,432399778.5
1686945600000,0.4726,0.4758,0.4688,0.4752,135043417.4
1686960000000,0.4752,0.4756,0.4693,0.4713,130957819.2
1686974400000,0.4713,0.4867,0.4702,0.4798,316184572.3
1686988800000,0.4798,0.4831,0.4762,0.4785,146315258.8
1687003200000,0.4785,0.4819,0.4741,0.4782,172540916.8
1687017600000,0.4783,0.4818,0.4772,0.4798,113035402.3
1687032000000,0.4798,0.4817,0.478,0.479,63492542.6
1687046400000,0.479,0.483,0.4735,0.4807,136194385.8
1687060800000,0.4807,0.4829,0.4782,0.4825,92896840.0
1687075200000,0.4825,0.4899,0.4802,0.4871,221578868.0
1687089600000,0.4871,0.4954,0.4825,0.4925,288195767.6
1687104000000,0.4925,0.4972,0.4893,0.4951,231144792.0
1687118400000,0.4949,0.4973,0.4823,0.4865,323591319.5
1687132800000,0.4866,0.4923,0.4808,0.4906,194651074.9
1687147200000,0.4905,0.4944,0.4892,0.4898,152353440.9
1687161600000,0.4898,0.4901,0.4852,0.4892,158576648.0
1687176000000,0.4891,0.4913,0.4853,0.4883,157218469.8
1687190400000,0.4884,0.4979,0.4864,0.4943,425373177.0
1687204800000,0.4944,0.4957,0.4913,0.4934,118898816.1
1687219200000,0.4935,0.4965,0.4891,0.4902,178787335.7
1687233600000,0.4901,0.4911,0.4839,0.4871,166063782.9
1687248000000,0.4871,0.4873,0.4771,0.4832,198243064.9
1687262400000,0.4833,0.4846,0.4711,0.4783,301547412.9
1687276800000,0.4782,0.4899,0.477,0.4886,376630261.0
1687291200000,0.4886,0.4935,0.4877,0.4925,190769186.6
1687305600000,0.4925,0.5012,0.4889,0.4974,299896130.8
1687320000000,0.4973,0.5032,0.4933,0.4969,265429868.1
1687334400000,0.497,0.4978,0.4905,0.4945,207326871.0
1687348800000,0.4945,0.4981,0.4901,0.4951,312268732.5
1687363200000,0.4951,0.5018,0.4903,0.4978,411997359.3
1687377600000,0.4979,0.5029,0.4929,0.4999,184113653.7
1687392000000,0.4999,0.5272,0.4979,0.5163,582235831.9
1687406400000,0.5163,0.5166,0.5073,0.5121,272980341.4
1687420800000,0.5122,0.5128,0.4762,0.4931,460575078.6
1687435200000,0.4931,0.5013,0.4848,0.4936,349595130.7
1687449600000,0.4936,0.499,0.4915,0.4987,158101466.7
1687464000000,0.4988,0.4989,0.4922,0.4936,143145249.8
1687478400000,0.4936,0.501,0.492,0.5,128545934.4
1687492800000,0.5,0.5013,0.4915,0.4921,168907870.4
1687507200000,0.492,0.4952,0.4902,0.4921,153558820.2
1687521600000,0.4922,0.4987,0.483,0.4978,376984222.8
1687536000000,0.4979,0.5022,0.4928,0.5007,402433047.9
1687550400000,0.5006,0.5015,0.4906,0.4959,179425476.0
1687564800000,0.496,0.496,0.4879,0.4918,167670489.3
1687579200000,0.4919,0.4946,0.4882,0.4897,109995449.3
1687593600000,0.4897,0.493,0.4892,0.4922,85318550.7
1687608000000,0.4921,0.4942,0.4753,0.4838,270908790.7
1687622400000,0.4837,0.4889,0.48,0.4871,141252107.8
1687636800000,0.4871,0.4881,0.4826,0.4862,86116511.6
1687651200000,0.4863,0.4898,0.4826,0.4891,120435122.5
1687665600000,0.4891,0.492,0.4875,0.49,127893063.7
1687680000000,0.4901,0.4946,0.4895,0.4919,153368381.7
1687694400000,0.492,0.4976,0.4872,0.4888,253103593.2
1687708800000,0.4888,0.4925,0.4851,0.4889,147579366.0
1687723200000,0.489,0.4922,0.488,0.4899,92626520.2
1687737600000,0.49,0.4918,0.4821,0.484,234413040.2
1687752000000,0.4839,0.4865,0.4803,0.4842,135634912.5
1687766400000,0.4843,0.4846,0.4777,0.4825,127645411.7
1687780800000,0.4824,0.4874,0.4794,0.4844,151659109.8
1687795200000,0.4845,0.4846,0.4685,0.4787,279741559.2
1687809600000,0.4786,0.48,0.4722,0.4788,98477026.5
1687824000000,0.4788,0.4827,0.4759,0.482,112749856.7
1687838400000,0.482,0.483,0.4773,0.4791,122275945.2
1687852800000,0.4792,0.4823,0.4774,0.4808,100781559.0
1687867200000,0.4808,0.485,0.4753,0.4788,166535152.0
1687881600000,0.4789,0.483,0.4777,0.4818,100813560.3
1687896000000,0.4817,0.4846,0.4809,0.4836,73921458.5
1687910400000,0.4837,0.4841,0.4786,0.4819,132485298.0
1687924800000,0.482,0.4833,0.4701,0.4731,188558775.8
1687939200000,0.4731,0.4773,0.4722,0.475,98698093.9
1687953600000,0.4751,0.4755,0.4707,0.4747,177709992.9
1687968000000,0.4747,0.475,0.4406,0.4591,382861673.9
1687982400000,0.4591,0.4665,0.4564,0.4645,138850635.9
1687996800000,0.4644,0.4688,0.4609,0.4669,108430245.5
1688011200000,0.4669,0.4685,0.4637,0.4662,101328809.2
1688025600000,0.4663,0.4729,0.4661,0.4697,137503535.5
1688040000000,0.4698,0.4727,0.4672,0.4694,151369115.6
1688054400000,0.4695,0.4754,0.4691,0.4753,119206687.4
1688068800000,0.4752,0.4769,0.4712,0.4743,106637445.0
1688083200000,0.4744,0.4797,0.4681,0.4792,191806237.1
1688097600000,0.4793,0.4826,0.4721,0.4754,195167954.0
1688112000000,0.4754,0.4819,0.4742,0.4796,196953363.0
1688126400000,0.4797,0.4823,0.4484,0.4645,579092976.1
1688140800000,0.4644,0.4778,0.4618,0.4769,294661333.9
1688155200000,0.477,0.4777,0.4728,0.4729,118263099.6
1688169600000,0.473,0.4732,0.464,0.4691,232575669.2
1688184000000,0.4691,0.4727,0.465,0.4706,126284935.5
1688198400000,0.4707,0.4716,0.4681,0.4704,93847204.5
1688212800000,0.4705,0.476,0.47,0.4717,150152255.4
1688227200000,0.4717,0.4752,0.4704,0.4735,74729925.5
1688241600000,0.4735,0.4747,0.4716,0.4732,48670623.8
1688256000000,0.4732,0.4958,0.4694,0.4934,543792350.9
1688270400000,0.4935,0.4935,0.4759,0.4835,284703561.4
1688284800000,0.4834,0.4837,0.4781,0.4794,112054853.1
1688299200000,0.4794,0.4924,0.4762,0.4836,394316686.7
1688313600000,0.4836,0.4874,0.4802,0.4841,159209339.4
1688328000000,0.484,0.4866,0.4807,0.4843,124439357.9
1688342400000,0.4843,0.4869,0.4791,0.4823,167059423.8
1688356800000,0.4824,0.4842,0.4781,0.4806,171558936.5
1688371200000,0.4807,0.4868,0.4795,0.4852,161138985.4
1688385600000,0.4852,0.4868,0.4801,0.4847,211765835.2
1688400000000,0.4848,0.4911,0.4787,0.4899,247821435.4
1688414400000,0.4898,0.4907,0.4867,0.4888,127551038.4
1688428800000,0.4889,0.4937,0.4859,0.4929,168079966.2
1688443200000,0.493,0.4936,0.4867,0.4874,145532524.6
1688457600000,0.4874,0.4902,0.4844,0.4882,147189618.9
1688472000000,0.4883,0.4898,0.4812,0.4838,176470630.4
1688486400000,0.4838,0.4889,0.4818,0.4865,195978814.0
1688500800000,0.4865,0.4894,0.4858,0.487,80654566.7
1688515200000,0.4871,0.4917,0.4864,0.4914,108586177.2
1688529600000,0.4914,0.4916,0.4868,0.4886,98607292.7
1688544000000,0.4886,0.4889,0.465,0.4777,373378241.3
1688558400000,0.4777,0.4783,0.4691,0.4716,203298390.5
1688572800000,0.4717,0.4779,0.4709,0.4763,84812297.9
1688587200000,0.4764,0.4787,0.4753,0.4773,66295636.0
1688601600000,0.4774,0.4787,0.4732,0.4777,86581421.3
1688616000000,0.4778,0.4822,0.4769,0.4787,120650412.9
1688630400000,0.4788,0.4839,0.473,0.4751,238064954.8
1688644800000,0.475,0.4758,0.4607,0.4694,366191189.3
1688659200000,0.4693,0.4697,0.4648,0.4675,112902511.0
1688673600000,0.4674,0.4701,0.4612,0.4618,152687771.0
1688688000000,0.4617,0.4692,0.4563,0.4684,155846967.3
1688702400000,0.4684,0.4704,0.4615,0.4629,107821513.2
1688716800000,0.463,0.4673,0.4626,0.4658,83841700.4
1688731200000,0.4659,0.47,0.4644,0.467,120105195.0
1688745600000,0.4671,0.468,0.4637,0.4665,63041571.0
1688760000000,0.4665,0.4684,0.4658,0.4683,51755278.3
1688774400000,0.4684,0.4684,0.4659,0.4669,55245573.3
1688788800000,0.4668,0.4674,0.4646,0.4667,42705452.0
1688803200000,0.4668,0.4684,0.4653,0.4672,53280833.4
1688817600000,0.4673,0.4696,0.4658,0.4689,70060679.2
1688832000000,0.4689,0.4746,0.4666,0.4701,199449700.3
1688846400000,0.4701,0.4714,0.4678,0.4702,66980395.1
1688860800000,0.4703,0.4715,0.4691,0.4702,59008936.1
1688875200000,0.4703,0.4707,0.4677,0.4691,47464290.4
1688889600000,0.4691,0.4702,0.4677,0.4689,50793602.7
1688904000000,0.4689,0.4712,0.466,0.4695,91386784.2
1688918400000,0.4694,0.471,0.468,0.4696,45358486.3
1688932800000,0.4695,0.4701,0.4668,0.4677,55855730.2
1688947200000,0.4678,0.4688,0.4618,0.4656,178914746.9
1688961600000,0.4657,0.4687,0.465,0.4679,100184256.2
1688976000000,0.468,0.4737,0.4653,0.4712,190702647.9
1688990400000,0.4713,0.473,0.4703,0.4723,102512582.1
1689004800000,0.4723,0.4793,0.4704,0.4787,164271988.8
1689019200000,0.4787,0.4799,0.4733,0.4775,161496167.5
1689033600000,0.4775,0.4781,0.4742,0.4758,99372807.4
1689048000000,0.4759,0.4775,0.4745,0.4762,79124713.9
1689062400000,0.4762,0.4772,0.4718,0.4735,104278689.9
1689076800000,0.4736,0.4755,0.4714,0.4739,87021413.3
1689091200000,0.474,0.4742,0.4706,0.4735,77747265.0
1689105600000,0.4735,0.4765,0.4731,0.4749,69127564.0
1689120000000,0.475,0.4757,0.4728,0.4751,75112229.5
1689134400000,0.4751,0.477,0.4736,0.4752,75555182.5
1689148800000,0.4753,0.4754,0.472,0.4736,88921013.1
1689163200000,0.4736,0.4764,0.4687,0.4708,195404460.6
1689177600000,0.4707,0.4719,0.4639,0.468,187479167.5
1689192000000,0.468,0.4712,0.4675,0.4707,53868631.4
1689206400000,0.4706,0.4725,0.4692,0.4718,74975008.4
1689220800000,0.4717,0.4729,0.47,0.4712,85617522.5
1689235200000,0.4712,0.474,0.4706,0.4733,99328667.4
1689249600000,0.4732,0.6463,0.4715,0.5919,2400297973.7
1689264000000,0.5919,0.965,0.582,0.8218,10079285128.5
1689278400000,0.8218,0.8342,0.7665,0.8154,2570353204.3
1689292800000,0.8154,0.8272,0.722,0.7835,1881367314.1
1689307200000,0.7835,0.82,0.7626,0.7707,1323641881.8
1689321600000,0.7707,0.8093,0.7676,0.7994,1138369861.7
1689336000000,0.7993,0.801,0.765,0.7787,1049409083.8
1689350400000,0.7786,0.7837,0.6666,0.6999,2853064885.9
1689364800000,0.6998,0.7265,0.6847,0.7177,1010670434.5
1689379200000,0.7178,0.7366,0.6918,0.7208,1241011131.9
1689393600000,0.7207,0.7333,0.7133,0.725,510788538.8
1689408000000,0.725,0.7293,0.7102,0.7181,492223396.8
1689422400000,0.718,0.7341,0.7173,0.723,516946005.3
1689436800000,0.7231,0.7317,0.7009,0.7232,674383691.0
1689451200000,0.7231,0.7235,0.707,0.7144,333282125.5
1689465600000,0.7145,0.7273,0.698,0.7116,591060347.2
1689480000000,0.7116,0.7196,0.7067,0.7149,263304167.2
1689494400000,0.715,0.7625,0.7136,0.7496,1193512038.7
1689508800000,0.7496,0.7793,0.7414,0.771,1162440408.7
1689523200000,0.771,0.7899,0.72,0.7417,1352003302.0
1689537600000,0.7417,0.7618,0.7373,0.7463,685651159.9
1689552000000,0.7463,0.7596,0.7403,0.7567,401983077.1
1689566400000,0.7567,0.7571,0.7436,0.7494,336189494.5
1689580800000,0.7494,0.7504,0.7165,0.7356,804533621.9
1689595200000,0.7356,0.7446,0.7268,0.7388,427002558.4
1689609600000,0.7388,0.7667,0.7115,0.7338,1294680134.2
1689624000000,0.7338,0.7464,0.7305,0.737,258616375.6
1689638400000,0.7369,0.7486,0.7339,0.738,241471465.7
1689652800000,0.738,0.7534,0.7304,0.7411,469224725.7
1689667200000,0.7411,0.7643,0.7362,0.7484,739635971.4
1689681600000,0.7483,0.771,0.7429,0.7581,929114740.6
1689696000000,0.7581,0.7728,0.7418,0.762,668851163.8
1689710400000,0.762,0.7848,0.7533,0.7776,507484902.9
1689724800000,0.7776,0.8183,0.771,0.7977,1131561706.2
1689739200000,0.7976,0.8042,0.7778,0.7889,786117002.0
1689753600000,0.7889,0.7986,0.7678,0.7947,745286761.3
1689768000000,0.7947,0.8134,0.7905,0.7997,987982228.8
1689782400000,0.7996,0.8559,0.7933,0.8343,1509327756.3
1689796800000,0.8344,0.8373,0.8111,0.8193,726759339.1
1689811200000,0.8193,0.8489,0.8158,0.8323,685001044.9
1689825600000,0.8323,0.843,0.8126,0.8176,727268346.3
1689840000000,0.8176,0.8245,0.8006,0.8077,684168413.8
1689854400000,0.8077,0.8169,0.7771,0.787,825333152.7
1689868800000,0.7871,0.7965,0.7853,0.7924,360246508.6
1689883200000,0.7925,0.8036,0.771,0.794,548645683.3
1689897600000,0.7941,0.7984,0.7842,0.7928,299645827.4
1689912000000,0.7928,0.7945,0.7734,0.7788,302802744.9
1689926400000,0.7789,0.7819,0.7587,0.7736,521828760.4
1689940800000,0.7737,0.7797,0.7713,0.775,311940942.7
1689955200000,0.775,0.7937,0.77,0.7836,510543016.2
1689969600000,0.7835,0.7837,0.7643,0.7709,263258634.3
1689984000000,0.7709,0.7778,0.7655,0.7744,226220466.5
1689998400000,0.7744,0.7757,0.7693,0.7738,142983671.4
1690012800000,0.7738,0.7797,0.7631,0.7721,315513396.3
1690027200000,0.7721,0.7723,0.7606,0.7672,245633890.8
1690041600000,0.7671,0.7708,0.7403,0.7472,522984964.3
1690056000000,0.7472,0.754,0.7174,0.7326,459106397.4
1690070400000,0.7326,0.7374,0.7143,0.7346,459202785.8
1690084800000,0.7346,0.7452,0.7345,0.7382,286377652.3
1690099200000,0.7381,0.7477,0.7353,0.7406,245715913.0
1690113600000,0.7406,0.7428,0.7355,0.7399,158880592.3
1690128000000,0.7399,0.7516,0.73,0.7369,332588475.4
1690142400000,0.737,0.7413,0.7318,0.7379,143587182.1
1690156800000,0.7379,0.7424,0.722,0.7276,287797101.9
1690171200000,0.7276,0.7328,0.7178,0.7236,284698412.7
1690185600000,0.7237,0.7237,0.676,0.6927,826906993.7
1690200000000,0.6927,0.6995,0.6812,0.6939,567797224.0
1690214400000,0.6939,0.7086,0.6933,0.7033,398500196.9
1690228800000,0.7033,0.7077,0.6974,0.7017,169345172.8
1690243200000,0.7016,0.7027,0.689,0.6965,259127393.0
1690257600000,0.6966,0.6973,0.6735,0.6799,369284086.6
1690272000000,0.6799,0.6938,0.6775,0.6853,331420228.6
1690286400000,0.6852,0.708,0.6849,0.6998,574823353.0
1690300800000,0.6998,0.707,0.695,0.7003,316177286.8
1690315200000,0.7002,0.716,0.697,0.7084,305247383.3
1690329600000,0.7084,0.715,0.7008,0.7106,232106953.2
1690344000000,0.7107,0.7108,0.6963,0.7001,216988104.8
1690358400000,0.7001,0.7036,0.6919,0.6975,207077759.1
1690372800000,0.6974,0.706,0.6961,0.7034,209240673.1
1690387200000,0.7034,0.7188,0.6944,0.7137,680544220.2
1690401600000,0.7138,0.7311,0.7111,0.7156,488428592.4
1690416000000,0.7156,0.7215,0.7077,0.7175,177525385.3
1690430400000,0.7174,0.7213,0.71,0.7112,172849219.5
1690444800000,0.7112,0.719,0.7094,0.7158,167920425.1
1690459200000,0.7159,0.7327,0.7055,0.721,432102074.9
1690473600000,0.7209,0.7284,0.7095,0.7131,456122458.2
1690488000000,0.7131,0.7159,0.7069,0.7136,160160201.4
1690502400000,0.7135,0.7187,0.7107,0.7141,126513522.5
1690516800000,0.714,0.7149,0.7045,0.7057,177233103.0
1690531200000,0.7057,0.713,0.7015,0.7091,168984686.1
1690545600000,0.7092,0.7175,0.709,0.7123,215474573.1
1690560000000,0.7123,0.715,0.7079,0.7117,137948913.4
1690574400000,0.7116,0.7135,0.7095,0.7116,55817452.5
1690588800000,0.7115,0.7128,0.7092,0.7106,64114998.5
1690603200000,0.7107,0.7154,0.7104,0.7113,78115444.3
1690617600000,0.7113,0.7124,0.7029,0.7079,149022996.7
1690632000000,0.708,0.7104,0.7067,0.7079,72100450.1
1690646400000,0.708,0.7144,0.7071,0.7141,130891448.8
1690660800000,0.7141,0.7156,0.7107,0.712,85167243.7
1690675200000,0.712,0.7121,0.7083,0.7097,61522695.2
1690689600000,0.7097,0.7119,0.7085,0.71,51055257.0
1690704000000,0.7101,0.7359,0.7097,0.7193,465536588.7
1690718400000,0.7194,0.7227,0.711,0.7144,270232097.4
1690732800000,0.7144,0.7174,0.6967,0.703,217703989.0
1690747200000,0.703,0.7067,0.68,0.7045,367649334.2
1690761600000,0.7044,0.7115,0.7021,0.7061,143034071.7
1690776000000,0.7062,0.7079,0.7011,0.7047,124601648.9
1690790400000,0.7048,0.7059,0.7013,0.7041,114042064.0
1690804800000,0.7041,0.7068,0.6915,0.6962,255014194.9
1690819200000,0.6961,0.72,0.6916,0.7147,394087759.2
1690833600000,0.7146,0.7201,0.6829,0.6973,578619146.5
1690848000000,0.6973,0.6974,0.671,0.6872,380380536.2
1690862400000,0.6872,0.6924,0.6859,0.6898,166102746.2
1690876800000,0.6899,0.6922,0.6868,0.6874,115963375.0
1690891200000,0.6873,0.6982,0.6806,0.6935,346138974.4
1690905600000,0.6936,0.7033,0.6905,0.6995,269749518.5
1690920000000,0.6994,0.708,0.6971,0.7066,192586676.7
1690934400000,0.7066,0.7079,0.6991,0.7002,201267892.4
1690948800000,0.7001,0.7014,0.6931,0.6943,141568610.8
1690963200000,0.6943,0.6975,0.6919,0.6958,114833219.0
1690977600000,0.6958,0.696,0.6799,0.6869,317343236.9
1690992000000,0.6869,0.6883,0.675,0.6863,252008182.7
1691006400000,0.6863,0.6889,0.6831,0.6846,87101823.9
1691020800000,0.6845,0.6873,0.6802,0.6826,109520494.4
1691035200000,0.6825,0.6828,0.6628,0.67,317777217.7
1691049600000,0.67,0.6707,0.6539,0.6655,381253641.3
1691064000000,0.6655,0.6733,0.6592,0.6707,307763446.6
1691078400000,0.6707,0.6765,0.668,0.6738,190834049.4
1691092800000,0.6738,0.6774,0.6586,0.6627,239471990.2
1691107200000,0.6627,0.6672,0.6605,0.6646,168751054.5
1691121600000,0.6645,0.6671,0.6559,0.659,217522343.0
1691136000000,0.6589,0.6627,0.6554,0.6577,183788101.6
1691150400000,0.6577,0.6663,0.656,0.6631,305607828.1
1691164800000,0.6632,0.6675,0.6489,0.6538,309617943.2
1691179200000,0.6539,0.6555,0.6211,0.6353,579177624.3
1691193600000,0.6353,0.6356,0.6102,0.6234,508511931.6
1691208000000,0.6234,0.6251,0.6182,0.6235,175894512.2
1691222400000,0.6235,0.6326,0.6225,0.6269,182263956.9
1691236800000,0.6268,0.6293,0.6203,0.6241,286822392.6
1691251200000,0.6241,0.6323,0.6187,0.6272,206569291.7
1691265600000,0.6272,0.63,0.6247,0.6285,96457295.5
1691280000000,0.6286,0.6369,0.6265,0.6356,207817605.6
1691294400000,0.6356,0.6387,0.6315,0.6328,114757945.2
1691308800000,0.6328,0.6375,0.6291,0.633,109257943.6
1691323200000,0.6329,0.6331,0.6235,0.6263,180697345.8
1691337600000,0.6263,0.63,0.625,0.6273,81858555.2
1691352000000,0.6272,0.6318,0.6212,0.6239,145206412.9
1691366400000,0.6239,0.6299,0.6205,0.6256,180670144.5
1691380800000,0.6257,0.6285,0.6055,0.612,273294692.7
1691395200000,0.612,0.621,0.6105,0.6198,198120077.0
1691409600000,0.6197,0.621,0.6086,0.6159,357827155.5
1691424000000,0.6159,0.62,0.595,0.6167,502545128.1
1691438400000,0.6166,0.6242,0.6145,0.6232,146508036.1
1691452800000,0.6232,0.625,0.6172,0.6201,151901403.2
1691467200000,0.6201,0.6269,0.618,0.6218,166724416.7
1691481600000,0.6218,0.6238,0.6137,0.6226,194844777.8
1691496000000,0.6227,0.6312,0.6203,0.6285,368074577.0
1691510400000,0.6285,0.6434,0.6277,0.6366,407981640.5
1691524800000,0.6365,0.6483,0.6351,0.6415,278695657.2
1691539200000,0.6416,0.6479,0.6351,0.6394,210303279.1
1691553600000,0.6394,0.6461,0.6379,0.6443,159092562.5
1691568000000,0.6444,0.649,0.6393,0.6448,210821987.9
1691582400000,0.6447,0.666,0.6443,0.6543,683457495.9
1691596800000,0.6542,0.6651,0.6477,0.6598,454072426.0
1691611200000,0.6599,0.6601,0.631,0.6431,604348550.3
1691625600000,0.6431,0.6444,0.6365,0.6376,168871358.3
1691640000000,0.6375,0.6386,0.6239,0.626,285294619.1
1691654400000,0.626,0.6324,0.6257,0.6283,204181602.5
1691668800000,0.6283,0.6375,0.6281,0.6314,354333158.8
1691683200000,0.6314,0.6357,0.6242,0.6339,238245100.6
1691697600000,0.6339,0.6353,0.6317,0.6329,77072244.3
1691712000000,0.633,0.6361,0.6316,0.635,109574348.3
1691726400000,0.635,0.641,0.6316,0.6318,190520394.5
1691740800000,0.6318,0.6329,0.6282,0.6329,153980893.3
1691755200000,0.6329,0.6343,0.6252,0.6285,188290167.9
1691769600000,0.6284,0.6311,0.6265,0.6306,107194366.6
1691784000000,0.6307,0.633,0.6302,0.6314,52833339.1
1691798400000,0.6314,0.6334,0.6278,0.6295,69973327.0
1691812800000,0.6295,0.6307,0.6281,0.6302,39846656.0
1691827200000,0.6301,0.6314,0.6289,0.63,50997979.0
1691841600000,0.63,0.631,0.6284,0.6305,60906986.3
1691856000000,0.6305,0.6311,0.621,0.6255,109361190.2
1691870400000,0.6255,0.6286,0.6244,0.6274,67079545.4
1691884800000,0.6273,0.6299,0.6257,0.6291,52316571.1
1691899200000,0.6291,0.6292,0.626,0.6289,40424687.0
1691913600000,0.6289,0.6294,0.6264,0.6275,41174140.9
1691928000000,0.6275,0.6297,0.6263,0.628,61097815.5
1691942400000,0.628,0.6384,0.6273,0.6354,153932831.1
1691956800000,0.6354,0.6367,0.6232,0.6252,195290800.9
1691971200000,0.6252,0.6305,0.6237,0.6299,124298208.1
1691985600000,0.6299,0.6341,0.6261,0.6263,140782625.2
1692000000000,0.6263,0.6298,0.6257,0.628,71579718.8
1692014400000,0.6281,0.6325,0.626,0.6314,127688111.2
1692028800000,0.6315,0.6323,0.6242,0.6283,134311806.8
1692043200000,0.6283,0.6366,0.6277,0.6339,109977548.4
1692057600000,0.6338,0.6344,0.6288,0.6313,86987772.0
1692072000000,0.6313,0.6316,0.6253,0.6271,99819948.1
1692086400000,0.6271,0.6286,0.6255,0.6259,78017828.8
1692100800000,0.6259,0.6283,0.6211,0.6248,151229901.6
1692115200000,0.6248,0.6266,0.571,0.6021,595851604.6
1692129600000,0.602,0.6103,0.6007,0.6099,188485644.1
1692144000000,0.61,0.61,0.6056,0.6077,102588640.2
1692158400000,0.6077,0.6168,0.596,0.6024,305170855.8
1692172800000,0.6024,0.6033,0.5946,0.5998,180444534.2
1692187200000,0.5999,0.5999,0.5859,0.594,356215292.5
1692201600000,0.594,0.6027,0.5913,0.5958,235131815.0
1692216000000,0.5959,0.5973,0.57,0.5887,469377826.7
1692230400000,0.5887,0.5946,0.5785,0.5906,234120352.9
1692244800000,0.5906,0.5936,0.5865,0.5897,118367753.6
1692259200000,0.5896,0.5918,0.5831,0.5847,154740836.9
1692273600000,0.5847,0.5886,0.5725,0.576,358767932.3
1692288000000,0.576,0.5796,0.567,0.576,380513414.2
1692302400000,0.5761,0.5769,0.4082,0.5057,1674678645.9
1692316800000,0.5057,0.5151,0.4822,0.4932,741487094.6
1692331200000,0.4931,0.523,0.4863,0.5057,687049041.6
1692345600000,0.5058,0.5103,0.5007,0.5083,406862311.1
1692360000000,0.5082,0.5122,0.4972,0.5023,515105888.3
1692374400000,0.5023,0.5086,0.482,0.4998,548460223.8
1692388800000,0.4999,0.5108,0.4995,0.5058,174574853.9
1692403200000,0.5057,0.5098,0.5023,0.5054,143785686.4
1692417600000,0.5053,0.507,0.5003,0.5052,105575279.5
1692432000000,0.5053,0.5074,0.5026,0.5031,111738979.7
1692446400000,0.5031,0.5248,0.5026,0.5213,372686875.1
1692460800000,0.5213,0.524,0.5153,0.5192,319210136.3
1692475200000,0.5193,0.521,0.5111,0.5198,158815349.8
1692489600000,0.5197,0.5219,0.5156,0.5182,126645401.4
1692504000000,0.5183,0.5286,0.5173,0.528,222857375.5
1692518400000,0.5279,0.5582,0.5245,0.5452,878260662.1
1692532800000,0.5451,0.55,0.5327,0.5388,550608644.0
1692547200000,0.5388,0.5437,0.5301,0.5414,296384942.0
1692561600000,0.5415,0.5455,0.5364,0.5383,183898201.7
1692576000000,0.5382,0.5395,0.5303,0.5319,219849035.8
1692590400000,0.5319,0.5338,0.5168,0.5208,460605530.3
1692604800000,0.5209,0.5264,0.5171,0.5254,351953089.4
1692619200000,0.5255,0.5305,0.499,0.5103,570603483.3
1692633600000,0.5104,0.526,0.5082,0.5216,279399594.0
1692648000000,0.5215,0.5272,0.5195,0.5239,144728673.3
1692662400000,0.524,0.5252,0.5177,0.521,126665275.8
1692676800000,0.5209,0.5224,0.5155,0.5184,143830293.1
1692691200000,0.5185,0.5195,0.5143,0.5166,160474697.5
1692705600000,0.5166,0.5206,0.5088,0.5112,319828618.3
1692720000000,0.5112,0.5171,0.5028,0.5113,429302734.2
1692734400000,0.5112,0.5254,0.5021,0.5206,306824952.1
1692748800000,0.5207,0.5237,0.5172,0.5189,146297321.2
1692763200000,0.5189,0.5226,0.5166,0.5174,146958443.1
1692777600000,0.5174,0.5217,0.5167,0.5191,112580953.4
1692792000000,0.519,0.5237,0.5153,0.5228,203526987.5
1692806400000,0.5228,0.5365,0.522,0.5324,375660349.5
1692820800000,0.5324,0.5329,0.5228,0.5298,157459202.7
1692835200000,0.5298,0.5306,0.5257,0.5284,80555466.9
1692849600000,0.5284,0.5316,0.5264,0.5278,103632296.4
1692864000000,0.5278,0.5285,0.5224,0.5241,139174301.9
1692878400000,0.5241,0.5245,0.5129,0.5147,253986453.7
1692892800000,0.5147,0.5181,0.5103,0.5161,161336373.3
1692907200000,0.5162,0.5195,0.5113,0.5184,103361811.7
1692921600000,0.5184,0.5208,0.5126,0.5168,128157643.7
1692936000000,0.5168,0.5183,0.5081,0.5095,160908569.3
1692950400000,0.5095,0.5146,0.5076,0.5138,159635682.5
1692964800000,0.5138,0.5255,0.5114,0.5159,432166506.3
1692979200000,0.5158,0.5316,0.5138,0.5249,284004951.7
1692993600000,0.525,0.5271,0.5221,0.5255,123291111.6
1693008000000,0.5255,0.5264,0.5222,0.5235,67859076.6
1693022400000,0.5236,0.5237,0.5177,0.5211,103112270.5
1693036800000,0.521,0.524,0.5198,0.5226,71720571.7
1693051200000,0.5226,0.5281,0.5206,0.5251,122230476.9
1693065600000,0.5251,0.5267,0.523,0.526,77846023.5
1693080000000,0.526,0.5273,0.5213,0.5227,61218650.5
1693094400000,0.5227,0.5249,0.5216,0.5246,51874733.0
1693108800000,0.5245,0.53,0.5243,0.527,99843234.7
1693123200000,0.527,0.5294,0.5251,0.5266,92603392.2
1693137600000,0.5266,0.5299,0.5259,0.5269,88846776.8
1693152000000,0.5268,0.5279,0.5231,0.5246,95132741.2
1693166400000,0.5247,0.5254,0.5157,0.5232,94620916.6
1693180800000,0.5233,0.5234,0.5168,0.5196,125654026.3
1693195200000,0.5195,0.5208,0.5146,0.5164,128173599.6
1693209600000,0.5164,0.5165,0.5099,0.5164,168360890.1
1693224000000,0.5164,0.5216,0.5163,0.5198,185828723.9
1693238400000,0.5198,0.5241,0.518,0.5212,127601870.0
1693252800000,0.5211,0.5246,0.5197,0.5227,74490669.5
1693267200000,0.5228,0.5232,0.5193,0.5205,85992139.2
1693281600000,0.5206,0.521,0.5152,0.5162,108507764.3
1693296000000,0.5162,0.5184,0.5127,0.5154,162112069.8
1693310400000,0.5154,0.5502,0.5142,0.5348,969629765.4
1693324800000,0.5349,0.5442,0.5331,0.5382,358680360.5
1693339200000,0.5382,0.5432,0.538,0.5395,146888580.0
1693353600000,0.5394,0.5403,0.5298,0.5336,174977717.4
1693368000000,0.5335,0.5355,0.5287,0.532,135396274.6
1693382400000,0.532,0.5333,0.5274,0.5292,116576193.6
1693396800000,0.5292,0.5311,0.5201,0.5238,265140195.0
1693411200000,0.5237,0.5278,0.5229,0.5268,97487986.9
1693425600000,0.5268,0.5293,0.5267,0.5279,68521919.7
1693440000000,0.528,0.5281,0.5239,0.5262,69690079.2
1693454400000,0.5262,0.5284,0.5239,0.5259,84172245.6
1693468800000,0.5258,0.5289,0.5227,0.5261,115330847.0
1693483200000,0.526,0.5263,0.5112,0.5173,264970103.5
1693497600000,0.5173,0.5198,0.4936,0.5097,506829932.6
1693512000000,0.5097,0.5122,0.502,0.5106,164328323.6
1693526400000,0.5107,0.5117,0.507,0.51,79269891.3
1693540800000,0.51,0.5105,0.5022,0.5044,171404457.1
1693555200000,0.5044,0.5076,0.5021,0.5066,102419067.4
1693569600000,0.5066,0.5081,0.4983,0.5013,213815448.0
1693584000000,0.5014,0.502,0.4863,0.4919,372800705.6
1693598400000,0.4919,0.4987,0.4913,0.4975,125819657.0
1693612800000,0.4976,0.4983,0.4941,0.4977,55178756.4
1693627200000,0.4977,0.4986,0.4949,0.4959,59005335.0
1693641600000,0.4959,0.4979,0.4947,0.497,57103322.1
1693656000000,0.4969,0.5025,0.4955,0.5002,123124700.8
1693670400000,0.5002,0.501,0.4937,0.4967,102749960.9
1693684800000,0.4967,0.4995,0.4951,0.4985,39741587.1
1693699200000,0.4985,0.5023,0.4968,0.502,48102905.0
1693713600000,0.502,0.5053,0.5004,0.5037,79684070.1
1693728000000,0.5036,0.5039,0.5011,0.5022,49428574.4
1693742400000,0.5023,0.5045,0.499,0.5015,89176617.3
1693756800000,0.5014,0.5106,0.5014,0.5058,243642586.5
1693771200000,0.5058,0.5072,0.5033,0.5044,60792886.8
1693785600000,0.5044,0.5127,0.504,0.5094,115124143.1
1693800000000,0.5095,0.5124,0.5006,0.5036,140995810.4
1693814400000,0.5037,0.5062,0.5001,0.5008,126740663.0
1693828800000,0.5008,0.504,0.4962,0.5031,173504755.6
1693843200000,0.5031,0.5092,0.502,0.5086,106140371.8
1693857600000,0.5087,0.5106,0.5035,0.5083,124911446.3
1693872000000,0.5084,0.5086,0.5016,0.5052,102758126.7
1693886400000,0.5052,0.5077,0.5018,0.5043,90572836.4
1693900800000,0.5043,0.5056,0.5012,0.5035,94744552.0
1693915200000,0.5036,0.505,0.4987,0.502,187978014.9
1693929600000,0.502,0.5039,0.5001,0.5023,72769836.8
1693944000000,0.5023,0.5063,0.5017,0.5051,58299008.9
1693958400000,0.5052,0.5056,0.5029,0.504,78906400.6
1693972800000,0.5041,0.5048,0.5001,0.5018,91815428.5
1693987200000,0.5018,0.5021,0.4997,0.5012,66354623.6
1694001600000,0.5012,0.5025,0.4927,0.4972,192959084.0
1694016000000,0.4972,0.5048,0.4907,0.5007,247152814.0
1694030400000,0.5007,0.5036,0.5004,0.503,49702092.0
1694044800000,0.5031,0.5035,0.4995,0.5026,68314767.0
1694059200000,0.5027,0.5042,0.4981,0.4998,101772492.7
1694073600000,0.4997,0.5002,0.4962,0.4979,86327201.8
1694088000000,0.4979,0.4999,0.4969,0.4991,87345085.9
1694102400000,0.4991,0.5018,0.4988,0.5009,74533535.7
1694116800000,0.5008,0.5066,0.5002,0.5046,136125702.7
1694131200000,0.5047,0.5074,0.5026,0.5046,76315595.2
1694145600000,0.5046,0.5065,0.502,0.5033,104977743.1
1694160000000,0.5033,0.5048,0.4937,0.498,206397572.2
1694174400000,0.498,0.5024,0.4975,0.5012,103280353.5
1694188800000,0.5013,0.5056,0.4998,0.5047,93421401.0
1694203200000,0.5047,0.5062,0.5028,0.5046,63146310.6
1694217600000,0.5046,0.5046,0.5012,0.5023,44145245.5
1694232000000,0.5023,0.5042,0.5012,0.5039,50284447.9
1694246400000,0.5038,0.5046,0.5029,0.5035,42708035.6
1694260800000,0.5034,0.5043,0.5016,0.5039,47350160.2
1694275200000,0.5038,0.5043,0.5024,0.5035,29729869.3
1694289600000,0.5035,0.5039,0.503,0.5035,26861731.8
1694304000000,0.5034,0.5035,0.499,0.5015,69854606.8
1694318400000,0.5015,0.5015,0.4949,0.4997,126565452.3
1694332800000,0.4997,0.5005,0.4983,0.4991,51860391.5
1694347200000,0.4991,0.4999,0.4916,0.496,126947917.4
1694361600000,0.4961,0.4992,0.4925,0.498,123078507.2
1694376000000,0.4979,0.501,0.4966,0.4967,87764215.6
1694390400000,0.4968,0.498,0.4911,0.4964,150040861.5
1694404800000,0.4964,0.4965,0.4755,0.4853,299939001.2
1694419200000,0.4853,0.4853,0.4567,0.4694,497508022.2
1694433600000,0.4694,0.4767,0.4687,0.4719,352973523.1
1694448000000,0.4718,0.474,0.463,0.4688,212194183.6
1694462400000,0.4688,0.4753,0.4668,0.474,104340209.2
1694476800000,0.4739,0.4841,0.4698,0.4788,220639906.6
1694491200000,0.4788,0.4808,0.471,0.4746,186598897.2
1694505600000,0.4746,0.4843,0.4699,0.4787,285053450.5
1694520000000,0.4787,0.4827,0.4761,0.4825,195040710.1
1694534400000,0.4824,0.487,0.477,0.4815,248161140.6
1694548800000,0.4815,0.4842,0.4796,0.4799,80744341.0
1694563200000,0.48,0.4812,0.4768,0.4786,86286385.9
1694577600000,0.4786,0.4893,0.4725,0.4746,332446573.2
1694592000000,0.4745,0.4822,0.4741,0.4813,153023178.2
1694606400000,0.4814,0.4843,0.4778,0.4829,178027429.1
1694620800000,0.4829,0.4844,0.4791,0.4814,118284623.9
1694635200000,0.4814,0.4853,0.4814,0.4829,56140465.8
1694649600000,0.4828,0.487,0.4808,0.4847,145606838.3
1694664000000,0.4847,0.4851,0.4796,0.481,101096987.3
1694678400000,0.481,0.4837,0.4801,0.4831,76383023.2
1694692800000,0.4831,0.49,0.4814,0.4877,194906494.5
1694707200000,0.4877,0.4939,0.4853,0.4929,141566784.9
1694721600000,0.4929,0.4935,0.4882,0.4888,76716625.8
1694736000000,0.4889,0.4999,0.4887,0.4977,164883895.7
1694750400000,0.4977,0.5085,0.4933,0.4935,297090923.9
1694764800000,0.4936,0.4986,0.4926,0.4935,171584159.8
1694779200000,0.4936,0.4945,0.487,0.4932,200786119.1
1694793600000,0.4931,0.4999,0.4927,0.4977,97342126.4
1694808000000,0.4978,0.5035,0.4975,0.5001,145601640.9
1694822400000,0.5001,0.5032,0.4976,0.5001,100870472.0
1694836800000,0.5002,0.501,0.498,0.4989,70752178.2
1694851200000,0.4989,0.5022,0.4987,0.5005,96314369.9
1694865600000,0.5006,0.5018,0.4965,0.4991,84621133.3
1694880000000,0.499,0.5023,0.4982,0.4999,66744170.9
1694894400000,0.4998,0.5007,0.4983,0.4995,45811549.2
1694908800000,0.4994,0.4996,0.4918,0.4971,142776288.1
1694923200000,0.4971,0.4973,0.4929,0.4943,74865220.6
1694937600000,0.4944,0.4984,0.4941,0.4971,57291763.1
1694952000000,0.4971,0.5001,0.4963,0.4996,69570069.8
1694966400000,0.4996,0.5,0.4947,0.4968,77994634.2
1694980800000,0.4968,0.4971,0.4888,0.4922,134626695.7
1694995200000,0.4922,0.4977,0.4863,0.4973,168077740.4
1695009600000,0.4973,0.4986,0.4906,0.491,119055668.7
1695024000000,0.491,0.5017,0.4907,0.5015,184563645.2
1695038400000,0.5015,0.5075,0.4991,0.5038,206161148.3
1695052800000,0.5038,0.5049,0.4976,0.5036,207149857.0
1695067200000,0.5037,0.5069,0.5016,0.5027,104283939.8
1695081600000,0.5027,0.5154,0.5002,0.5085,193952036.6
1695096000000,0.5085,0.5108,0.5032,0.5036,137265309.5
1695110400000,0.5036,0.5105,0.5034,0.5092,161060250.8
1695124800000,0.5092,0.5118,0.506,0.5115,154537933.3
1695139200000,0.5116,0.5166,0.5077,0.5152,182305393.6
1695153600000,0.5152,0.5153,0.5106,0.5134,77449891.5
1695168000000,0.5134,0.5253,0.511,0.5234,207372102.2
1695182400000,0.5233,0.5235,0.5127,0.5139,209465490.4
1695196800000,0.514,0.5166,0.5057,0.5153,234082965.2
1695211200000,0.5154,0.5193,0.5097,0.5175,162160699.2
1695225600000,0.5175,0.522,0.5106,0.5161,270142357.6
1695240000000,0.516,0.5249,0.5132,0.5209,135939554.3
1695254400000,0.521,0.5211,0.5126,0.5182,121163052.7
1695268800000,0.5182,0.5183,0.5083,0.5093,150327779.2
1695283200000,0.5092,0.5116,0.5003,0.5051,246354229.8
1695297600000,0.505,0.5065,0.5,0.5047,142807158.1
1695312000000,0.5048,0.511,0.5036,0.5107,112189085.5
1695326400000,0.5107,0.5109,0.5051,0.5068,76034300.6
1695340800000,0.5069,0.5128,0.5033,0.5123,112991782.3
1695355200000,0.5124,0.514,0.5071,0.5114,116495241.4
1695369600000,0.5114,0.5139,0.5068,0.5095,105340624.9
1695384000000,0.5095,0.512,0.5087,0.5104,82998324.0
1695398400000,0.5103,0.5168,0.5082,0.5146,166466095.3
1695412800000,0.5146,0.5155,0.5107,0.512,82906158.9
1695427200000,0.5119,0.513,0.5101,0.511,58548562.8
1695441600000,0.511,0.5135,0.5102,0.5117,49765599.2
1695456000000,0.5117,0.5131,0.5109,0.5123,37652495.6
1695470400000,0.5123,0.5125,0.5077,0.5097,80198482.7
1695484800000,0.5096,0.5108,0.5081,0.5098,40325006.1
1695499200000,0.5098,0.51,0.5051,0.5073,54923795.4
1695513600000,0.5073,0.5093,0.5057,0.5075,58441086.6
1695528000000,0.5076,0.5088,0.5071,0.508,30649606.5
1695542400000,0.5079,0.5115,0.5078,0.5109,46329766.5
1695556800000,0.5109,0.5114,0.508,0.5091,51508098.4
1695571200000,0.5091,0.5106,0.505,0.5064,90094690.6
1695585600000,0.5064,0.5075,0.4971,0.5017,114510540.6
1695600000000,0.5017,0.5037,0.4952,0.5018,147440134.2
1695614400000,0.5017,0.5032,0.4908,0.4959,217529799.4
1695628800000,0.496,0.4968,0.4929,0.4953,107089911.5
1695643200000,0.4954,0.4997,0.494,0.4989,114264884.1
1695657600000,0.4989,0.5069,0.4989,0.5058,202591296.5
1695672000000,0.5059,0.5069,0.5014,0.5051,96779370.5
1695686400000,0.5052,0.5074,0.5016,0.5054,91862272.4
1695700800000,0.5054,0.5062,0.4985,0.5014,140386927.4
1695715200000,0.5015,0.5025,0.4978,0.501,136511697.5
1695729600000,0.5009,0.5025,0.4991,0.5001,118869239.9
1695744000000,0.5001,0.5056,0.4996,0.5046,127468245.2
1695758400000,0.5047,0.506,0.4948,0.5015,116517248.3
1695772800000,0.5014,0.5037,0.4992,0.5028,63959370.0
1695787200000,0.5028,0.503,0.4966,0.4995,124772228.8
1695801600000,0.4996,0.507,0.4968,0.5063,185636604.9
1695816000000,0.5063,0.5068,0.4993,0.5012,193657967.2
1695830400000,0.5013,0.505,0.4999,0.5041,103809298.4
1695844800000,0.5041,0.5049,0.4985,0.4992,81658886.4
1695859200000,0.4992,0.5012,0.4976,0.4977,85309582.7
1695873600000,0.4977,0.4989,0.495,0.4973,123257982.2
1695888000000,0.4973,0.503,0.496,0.5015,154555534.8
1695902400000,0.5015,0.5051,0.499,0.5048,160301719.7
1695916800000,0.5048,0.5099,0.5041,0.5075,183509328.4
1695931200000,0.5075,0.5095,0.5055,0.5093,54389541.4
1695945600000,0.5093,0.5128,0.5089,0.5091,105830060.7
1695960000000,0.5091,0.5099,0.5058,0.5078,123594270.4
1695974400000,0.5078,0.512,0.5062,0.5116,107100777.9
1695988800000,0.5117,0.5495,0.5114,0.5317,1380696932.6
1696003200000,0.5318,0.5359,0.5263,0.5323,314397019.2
1696017600000,0.5323,0.5369,0.5163,0.5211,348490986.4
1696032000000,0.5211,0.5214,0.5128,0.5168,172685291.7
1696046400000,0.5168,0.518,0.5147,0.5151,88921704.4
1696060800000,0.5151,0.5197,0.5145,0.517,125339386.6
1696075200000,0.517,0.518,0.5146,0.5164,102346844.8
1696089600000,0.5163,0.519,0.5151,0.5179,88336451.2
1696104000000,0.5179,0.5182,0.5132,0.5146,76719226.1
1696118400000,0.5147,0.5167,0.5133,0.5167,61363880.7
1696132800000,0.5167,0.518,0.5152,0.5176,51512027.6
1696147200000,0.5175,0.5226,0.5164,0.5208,130850922.6
1696161600000,0.5209,0.5217,0.5165,0.5187,125237146.2
1696176000000,0.5187,0.5189,0.5144,0.5161,88056032.3
1696190400000,0.5162,0.5262,0.5149,0.524,206316406.9
1696204800000,0.5239,0.5266,0.5211,0.5253,120300329.3
1696219200000,0.5253,0.5253,0.5192,0.522,158283097.4
1696233600000,0.5219,0.5247,0.5206,0.5208,113096591.6
1696248000000,0.5207,0.524,0.5151,0.5172,188296000.6
1696262400000,0.5171,0.5233,0.4955,0.5162,342369448.3
1696276800000,0.5161,0.5165,0.5086,0.5119,121892767.7
1696291200000,0.512,0.5144,0.5095,0.5135,70042486.1
1696305600000,0.5135,0.5137,0.506,0.5095,120452045.2
1696320000000,0.5095,0.5111,0.5066,0.5094,98732914.2
1696334400000,0.5094,0.5129,0.5047,0.5075,148591165.1
1696348800000,0.5075,0.5141,0.5066,0.5141,126429547.4
1696363200000,0.5141,0.5476,0.5084,0.5386,909853767.7
1696377600000,0.5387,0.5423,0.5173,0.5353,839688133.8
1696392000000,0.5353,0.5358,0.5242,0.532,363941345.2
1696406400000,0.5319,0.5366,0.5275,0.5329,328733792.5
1696420800000,0.5328,0.5352,0.5262,0.5285,338255303.6
1696435200000,0.5285,0.5392,0.5255,0.5294,422165269.8
1696449600000,0.5294,0.534,0.5283,0.5323,115096423.6
1696464000000,0.5323,0.5323,0.5265,0.5291,122511155.3
1696478400000,0.5292,0.5297,0.5204,0.523,199408913.2
1696492800000,0.523,0.5254,0.5211,0.5224,123302402.7
1696507200000,0.5225,0.5271,0.5148,0.5186,292731303.7
1696521600000,0.5186,0.5254,0.5171,0.5219,198938540.8
1696536000000,0.5218,0.5246,0.5214,0.5223,59290854.2
1696550400000,0.5223,0.5268,0.5221,0.5251,72600927.6
1696564800000,0.5251,0.5255,0.5185,0.5199,127349584.0
1696579200000,0.5198,0.5228,0.5189,0.5204,105036074.8
1696593600000,0.5204,0.5253,0.516,0.5242,170111968.6
1696608000000,0.5242,0.5265,0.5226,0.5254,99569325.6
1696622400000,0.5253,0.53,0.5248,0.5251,85717977.8
1696636800000,0.5251,0.5255,0.5231,0.5233,43010920.6
1696651200000,0.5233,0.5242,0.5203,0.5223,84506328.6
1696665600000,0.5222,0.5235,0.5212,0.5219,43893468.0
1696680000000,0.5219,0.5233,0.521,0.5223,43057251.9
1696694400000,0.5223,0.5229,0.5193,0.5205,50749575.1
1696708800000,0.5204,0.522,0.5203,0.5212,25638664.3
1696723200000,0.5213,0.5232,0.5209,0.5224,32972288.9
1696737600000,0.5224,0.5226,0.5196,0.5214,40070999.3
1696752000000,0.5213,0.5218,0.5186,0.5187,49975187.8
1696766400000,0.5186,0.5213,0.5149,0.5173,78782714.6
1696780800000,0.5173,0.5186,0.5166,0.5178,67443853.3
1696795200000,0.5178,0.519,0.5158,0.5172,35735281.7
1696809600000,0.5171,0.5199,0.5128,0.5183,108392431.2
1696824000000,0.5184,0.5191,0.5108,0.5142,121664845.6
1696838400000,0.5142,0.5145,0.482,0.4977,466933538.8
1696852800000,0.4976,0.5024,0.4969,0.4982,121098647.6
1696867200000,0.4982,0.5017,0.4901,0.5008,231473220.0
1696881600000,0.5008,0.5066,0.5004,0.5023,89946161.6
1696896000000,0.5024,0.5024,0.4976,0.4998,91433657.5
1696910400000,0.4998,0.5011,0.495,0.4996,103385428.9
1696924800000,0.4997,0.5013,0.4955,0.4965,111092675.3
1696939200000,0.4964,0.4975,0.4914,0.4939,173963736.0
1696953600000,0.4939,0.4993,0.4927,0.4992,145422126.2
1696968000000,0.4993,0.4999,0.495,0.4962,70977307.1
1696982400000,0.4962,0.4975,0.483,0.4895,185163358.7
1696996800000,0.4895,0.4909,0.4812,0.4824,220085273.2
1697011200000,0.4824,0.4887,0.4813,0.4868,153523754.8
1697025600000,0.4867,0.4884,0.4817,0.4828,147594256.6
1697040000000,0.4828,0.4877,0.4781,0.485,206885936.1
1697054400000,0.4849,0.4888,0.4846,0.4884,49089148.1
1697068800000,0.4884,0.4884,0.4834,0.4855,71463752.5
1697083200000,0.4856,0.4866,0.4812,0.4819,136943267.3
1697097600000,0.482,0.4822,0.4737,0.4799,274377413.6
1697112000000,0.4799,0.4806,0.4765,0.4776,112921662.4
1697126400000,0.4776,0.4833,0.4715,0.4811,208018925.4
1697140800000,0.4811,0.4845,0.4805,0.4828,55750373.9
1697155200000,0.4828,0.485,0.482,0.4824,75664158.3
1697169600000,0.4825,0.4829,0.4787,0.4822,104056283.7
1697184000000,0.4822,0.4831,0.4788,0.4795,79840665.1
1697198400000,0.4795,0.4845,0.4784,0.4807,152928850.8
1697212800000,0.4808,0.4835,0.4792,0.4833,74499119.8
1697227200000,0.4834,0.4906,0.4826,0.4849,187655468.3
1697241600000,0.4849,0.4863,0.484,0.485,52159662.3
1697256000000,0.485,0.4862,0.4831,0.4835,39173039.5
1697270400000,0.4835,0.4859,0.4835,0.4852,35308750.4
1697284800000,0.4852,0.4874,0.4844,0.4873,53677936.0
1697299200000,0.4872,0.4881,0.4854,0.4859,43361163.5
1697313600000,0.4859,0.4871,0.4854,0.4862,33547618.7
1697328000000,0.4863,0.4878,0.4847,0.4855,45226072.0
1697342400000,0.4854,0.4862,0.485,0.4861,23821913.1
1697356800000,0.4862,0.488,0.4857,0.4865,46238270.9
1697371200000,0.4866,0.4879,0.485,0.4866,74500727.2
1697385600000,0.4866,0.4899,0.4863,0.4877,74632399.2
1697400000000,0.4877,0.49,0.4864,0.4871,66011020.0
1697414400000,0.4872,0.4884,0.4857,0.4874,59419785.8
1697428800000,0.4873,0.4973,0.4833,0.4929,276854878.5
1697443200000,0.4929,0.495,0.4896,0.4939,127728255.7
1697457600000,0.494,0.511,0.491,0.4919,572024329.1
1697472000000,0.492,0.4978,0.4902,0.4961,135207474.9
1697486400000,0.4961,0.4988,0.4938,0.4973,91293727.5
1697500800000,0.4973,0.4976,0.4921,0.4924,83137154.3
1697515200000,0.4925,0.4926,0.4875,0.4913,119750492.6
1697529600000,0.4913,0.4924,0.4868,0.4923,151687393.9
1697544000000,0.4923,0.4923,0.4825,0.4899,201116079.7
1697558400000,0.4899,0.4929,0.4892,0.4927,78100241.7
1697572800000,0.4926,0.4935,0.4902,0.4908,62379889.7
1697587200000,0.4909,0.491,0.4883,0.4902,77732869.0
1697601600000,0.4901,0.4921,0.4877,0.4889,117427521.5
1697616000000,0.4888,0.4905,0.4863,0.4901,122334135.0
1697630400000,0.4902,0.4906,0.4867,0.4871,88925790.1
1697644800000,0.487,0.4921,0.4869,0.489,126436804.8
1697659200000,0.489,0.4899,0.485,0.4874,80843592.8
1697673600000,0.4874,0.4879,0.4787,0.4829,159063975.8
1697688000000,0.483,0.4836,0.4751,0.4796,148500597.2
1697702400000,0.4796,0.4833,0.4779,0.4821,122303127.0
1697716800000,0.4821,0.4868,0.4816,0.4864,119470406.7
1697731200000,0.4865,0.4891,0.4848,0.4886,96775400.1
1697745600000,0.4885,0.5242,0.4878,0.5193,1337914992.7
1697760000000,0.5193,0.5305,0.5118,0.5203,715440458.4
1697774400000,0.5203,0.5209,0.5083,0.5095,304777033.6
1697788800000,0.5094,0.5211,0.5093,0.5156,394277475.1
1697803200000,0.5157,0.53,0.514,0.5236,415767169.3
1697817600000,0.5236,0.5239,0.5157,0.5213,245608376.6
1697832000000,0.5213,0.5234,0.5139,0.5146,155856355.5
1697846400000,0.5146,0.5152,0.5105,0.5138,125200289.2
1697860800000,0.5137,0.5172,0.5119,0.5171,95926067.1
1697875200000,0.5172,0.5185,0.5152,0.5174,98336730.9
1697889600000,0.5174,0.535,0.5146,0.5233,393757061.2
1697904000000,0.5233,0.527,0.5211,0.5213,180947666.8
1697918400000,0.5214,0.524,0.5182,0.5205,113434591.5
1697932800000,0.5205,0.5238,0.5163,0.5199,118932095.0
1697947200000,0.5199,0.5239,0.5097,0.5159,184444335.3
1697961600000,0.5158,0.5184,0.5143,0.5159,114604966.9
1697976000000,0.516,0.5188,0.5157,0.5182,82167279.4
1697990400000,0.5182,0.5229,0.5176,0.5202,125593893.5
1698004800000,0.5203,0.5237,0.5169,0.5225,105747916.7
1698019200000,0.5225,0.5274,0.5197,0.5239,253852670.7
1698033600000,0.5239,0.5302,0.5206,0.5237,314552335.1
1698048000000,0.5237,0.5357,0.5223,0.5312,489012632.4
1698062400000,0.5312,0.5381,0.5245,0.5319,384676160.6
1698076800000,0.532,0.5358,0.5289,0.5352,286917555.1
1698091200000,0.5353,0.554,0.5333,0.5476,634810318.3
1698105600000,0.5476,0.5574,0.5428,0.5447,515147104.6
1698120000000,0.5446,0.549,0.5355,0.5406,341342399.2
1698134400000,0.5406,0.5538,0.5393,0.5524,330842049.9
1698148800000,0.5523,0.5868,0.5286,0.5536,1578283242.3
1698163200000,0.5537,0.5647,0.5451,0.5597,468831209.2
1698177600000,0.5597,0.5634,0.5524,0.5586,242914585.4
1698192000000,0.5585,0.561,0.5504,0.5532,232156658.9
1698206400000,0.5532,0.5573,0.54,0.5439,244019606.3
1698220800000,0.544,0.5548,0.5405,0.5518,204670030.1
1698235200000,0.5518,0.561,0.5504,0.5585,261636203.5
1698249600000,0.5585,0.5641,0.55,0.5561,364111406.3
1698264000000,0.5561,0.5571,0.5509,0.5551,136942437.5
1698278400000,0.5552,0.5584,0.5523,0.5569,140500343.9
1698292800000,0.5569,0.5588,0.5483,0.5581,237275893.2
1698307200000,0.5582,0.57,0.5511,0.556,475623929.3
1698321600000,0.5561,0.5614,0.542,0.5475,384641537.4
1698336000000,0.5475,0.5544,0.5447,0.551,184923481.5
1698350400000,0.551,0.555,0.5497,0.5535,79448310.9
1698364800000,0.5536,0.559,0.5485,0.5525,224647623.4
1698379200000,0.5525,0.5528,0.5452,0.5455,140224650.1
1698393600000,0.5455,0.5523,0.5452,0.5493,114280122.9
1698408000000,0.5493,0.5557,0.5479,0.5551,179505685.6
1698422400000,0.5551,0.5552,0.524,0.5451,317021205.9
1698436800000,0.5452,0.547,0.5419,0.5432,70512726.8
1698451200000,0.5433,0.5458,0.5406,0.5456,77441885.0
1698465600000,0.5456,0.5471,0.5439,0.5451,50828606.0
1698480000000,0.5452,0.5507,0.545,0.5472,82964838.8
1698494400000,0.5471,0.548,0.5432,0.5477,75489631.1
1698508800000,0.5477,0.5478,0.5444,0.5447,42550384.6
1698523200000,0.5446,0.5478,0.5441,0.5447,38029710.2
1698537600000,0.5448,0.546,0.5404,0.5427,62716601.6
1698552000000,0.5427,0.548,0.5422,0.5474,47260021.5
1698566400000,0.5473,0.5563,0.5472,0.5556,146303644.5
1698580800000,0.5555,0.5578,0.5524,0.557,139678291.9
1698595200000,0.5571,0.5619,0.555,0.5587,132016760.8
1698609600000,0.5588,0.5602,0.5549,0.5564,69668261.7
1698624000000,0.5564,0.5577,0.5508,0.5549,81711605.1
1698638400000,0.5549,0.5551,0.5494,0.5527,112402885.9
1698652800000,0.5528,0.568,0.5514,0.5632,220383418.5
1698667200000,0.5632,0.5847,0.5623,0.5781,515481150.4
1698681600000,0.5781,0.5843,0.5691,0.5826,305477926.6
1698696000000,0.5826,0.5828,0.5757,0.5786,115517069.2
1698710400000,0.5786,0.5812,0.5734,0.5743,167758280.9
1698724800000,0.5744,0.5764,0.5668,0.5685,187901951.9
1698739200000,0.5686,0.6267,0.563,0.6044,823164811.7
1698753600000,0.6045,0.6142,0.5819,0.5954,786214261.8
1698768000000,0.5955,0.6048,0.5923,0.5994,285932434.2
1698782400000,0.5995,0.6035,0.5938,0.5997,120644746.9
1698796800000,0.5997,0.6,0.5922,0.5927,108010796.8
1698811200000,0.5928,0.6093,0.5802,0.5987,394840370.5
1698825600000,0.5986,0.6048,0.5962,0.6031,264231948.9
1698840000000,0.6031,0.6118,0.5929,0.5971,412394889.7
1698854400000,0.5971,0.6139,0.5948,0.6091,376019330.4
1698868800000,0.609,0.6177,0.6073,0.6091,189545013.4
1698883200000,0.6091,0.6137,0.6052,0.6121,150086873.4
1698897600000,0.612,0.6126,0.603,0.6057,171068722.6
1698912000000,0.6057,0.6255,0.6014,0.6173,412851721.4
1698926400000,0.6174,0.6273,0.6014,0.6041,453065189.7
1698940800000,0.6041,0.614,0.5857,0.6103,372590418.5
1698955200000,0.6102,0.6121,0.6026,0.6057,120333413.2
1698969600000,0.6058,0.6061,0.5914,0.601,155949333.1
1698984000000,0.601,0.6017,0.5922,0.5968,123854729.3
1698998400000,0.5969,0.6083,0.5952,0.6031,196363525.3
1699012800000,0.603,0.6135,0.6011,0.6119,189469332.5
1699027200000,0.6118,0.6126,0.604,0.6108,135106709.3
1699041600000,0.6108,0.6154,0.6101,0.6124,79471761.7
1699056000000,0.6124,0.6128,0.6091,0.6119,56732383.4
1699070400000,0.6119,0.6176,0.6102,0.6147,108244347.8
1699084800000,0.6147,0.6186,0.613,0.6144,91425718.4
1699099200000,0.6144,0.6154,0.6084,0.6104,92394822.3
1699113600000,0.6103,0.6136,0.6099,0.6125,47686365.4
1699128000000,0.6125,0.618,0.6119,0.6156,57633587.1
1699142400000,0.6155,0.6309,0.6141,0.6255,210142880.7
1699156800000,0.6254,0.627,0.6196,0.6228,86043917.0
1699171200000,0.6227,0.6555,0.6197,0.6462,437591370.5
1699185600000,0.6462,0.6504,0.6275,0.6445,358677564.5
1699200000000,0.6446,0.6615,0.6432,0.6546,254401650.1
1699214400000,0.6545,0.6635,0.6435,0.661,206363182.7
1699228800000,0.661,0.6893,0.6588,0.6817,464096645.6
1699243200000,0.6817,0.6847,0.6678,0.6816,278570464.5
1699257600000,0.6816,0.7037,0.677,0.7028,472693545.8
1699272000000,0.7029,0.7333,0.7002,0.7178,893879146.2
1699286400000,0.7178,0.7198,0.704,0.7159,389318326.2
1699300800000,0.716,0.725,0.7086,0.7153,246558503.8
1699315200000,0.7153,0.716,0.6464,0.6907,654892637.6
1699329600000,0.6907,0.6964,0.679,0.6948,236378863.4
1699344000000,0.6948,0.702,0.6659,0.6835,434796200.8
1699358400000,0.6835,0.69,0.665,0.6722,379850357.8
1699372800000,0.6723,0.692,0.6552,0.6893,451618763.3
1699387200000,0.6893,0.6966,0.6773,0.6852,224245595.1
1699401600000,0.6852,0.6922,0.6788,0.6853,148046580.4
1699416000000,0.6853,0.6877,0.6728,0.6748,187791308.5
1699430400000,0.6748,0.699,0.6731,0.6931,307318812.5
1699444800000,0.6932,0.6966,0.6792,0.6845,252713527.1
1699459200000,0.6844,0.6938,0.682,0.6901,207638295.1
1699473600000,0.6901,0.6946,0.6815,0.6876,181179394.0
1699488000000,0.6876,0.6955,0.6811,0.6916,189035395.1
1699502400000,0.6915,0.7078,0.691,0.6955,288935427.8
1699516800000,0.6955,0.7061,0.6898,0.6955,274588195.2
1699531200000,0.6955,0.705,0.6621,0.6873,768014425.9
1699545600000,0.6873,0.6903,0.6006,0.6583,857328146.8
1699560000000,0.6583,0.6689,0.6428,0.667,239634015.9
1699574400000,0.6671,0.672,0.658,0.6667,203326739.0
1699588800000,0.6667,0.6679,0.6525,0.6541,191621670.3
1699603200000,0.6541,0.6631,0.6451,0.6616,216449304.8
1699617600000,0.6616,0.6617,0.6344,0.6453,266162033.7
1699632000000,0.6474,0.664,0.6467,0.6595,237813727.7
1699646400000,0.6595,0.6655,0.6565,0.6599,133052247.4
1699660800000,0.6599,0.6658,0.6466,0.6494,228330717.7
1699675200000,0.6494,0.6618,0.6401,0.6608,177618621.8
1699689600000,0.6609,0.6883,0.66,0.6679,342069875.7
1699704000000,0.668,0.6803,0.6655,0.6736,205907937.8
1699718400000,0.6737,0.6813,0.6666,0.6749,171135136.1
1699732800000,0.675,0.6751,0.6531,0.6634,174552964.1
1699747200000,0.6633,0.6647,0.6454,0.661,172147691.2
1699761600000,0.661,0.6697,0.6572,0.6684,113118579.4
1699776000000,0.6683,0.6717,0.6641,0.6658,139168507.5
1699790400000,0.6659,0.6678,0.6581,0.6648,141087589.4
1699804800000,0.6648,0.666,0.6586,0.6615,82152469.9
1699819200000,0.6614,0.6675,0.657,0.6618,84503264.6
1699833600000,0.6619,0.6689,0.6527,0.6544,155942330.8
1699848000000,0.6543,0.6601,0.6482,0.6566,147270596.9
1699862400000,0.6567,0.6605,0.646,0.6512,140616302.7
1699876800000,0.6513,0.6541,0.6396,0.6508,207978026.2
1699891200000,0.6508,0.6549,0.6429,0.6524,130003699.2
1699905600000,0.6525,0.7535,0.64,0.6706,2124964482.1
1699920000000,0.6705,0.6732,0.6563,0.6601,257545620.5
1699934400000,0.6601,0.6706,0.6592,0.6647,135176733.6
1699948800000,0.6647,0.6711,0.6474,0.6508,311150533.0
1699963200000,0.6508,0.6644,0.6446,0.6541,308255545.8
1699977600000,0.6542,0.6567,0.587,0.6224,691801322.3
1699992000000,0.6223,0.6331,0.6207,0.6294,190018282.3
1700006400000,0.6295,0.6314,0.6252,0.6266,118932608.3
1700020800000,0.6266,0.6356,0.6265,0.6296,128060494.6
1700035200000,0.6296,0.6411,0.6296,0.6405,157831398.1
1700049600000,0.6404,0.6411,0.6353,0.6403,165920098.9
1700064000000,0.6403,0.6468,0.6319,0.6464,299547330.7
1700078400000,0.6465,0.6506,0.6401,0.6482,144807182.4
1700092800000,0.6483,0.6499,0.6432,0.6467,114578766.0
1700107200000,0.6467,0.6537,0.6459,0.6516,128362065.6
1700121600000,0.6517,0.6527,0.6382,0.6418,201187105.6
1700136000000,0.6417,0.642,0.6097,0.622,390000078.8
1700150400000,0.6221,0.6276,0.603,0.6165,283695069.3
1700164800000,0.6166,0.6194,0.6058,0.612,197886367.9
1700179200000,0.612,0.6237,0.6108,0.6218,134400061.7
1700193600000,0.6217,0.6244,0.6153,0.6156,116628321.5
1700208000000,0.6157,0.6194,0.6077,0.6128,178930159.8
1700222400000,0.6127,0.6144,0.5851,0.59,399757776.1
1700236800000,0.59,0.6095,0.5874,0.6069,224930397.4
1700251200000,0.6069,0.6162,0.6061,0.6133,115596569.2
1700265600000,0.6134,0.6135,0.6022,0.6029,97806744.2
1700280000000,0.6029,0.6062,0.5887,0.6009,185311979.2
1700294400000,0.6009,0.6085,0.5986,0.6034,117022692.2
1700308800000,0.6034,0.6093,0.5973,0.6076,151620448.7
1700323200000,0.6076,0.6146,0.6056,0.6134,129870723.2
1700337600000,0.6134,0.614,0.6067,0.611,81631764.0
1700352000000,0.6109,0.611,0.6013,0.6077,127452140.0
1700366400000,0.6076,0.611,0.6068,0.6103,83688568.4
1700380800000,0.6104,0.6139,0.6076,0.6092,117586456.9
1700395200000,0.6092,0.626,0.6085,0.6209,329350527.5
1700409600000,0.621,0.6266,0.618,0.6248,140917735.6
1700424000000,0.6249,0.6288,0.6212,0.626,143249724.7
1700438400000,0.626,0.6269,0.6215,0.6232,117422506.9
1700452800000,0.6232,0.6248,0.6158,0.6228,159919656.6
1700467200000,0.6228,0.6288,0.6193,0.6235,149216922.6
1700481600000,0.6235,0.6243,0.6099,0.6194,217319520.6
1700496000000,0.6194,0.6235,0.6126,0.6189,221345529.3
1700510400000,0.6189,0.6201,0.6058,0.6122,137119704.7
1700524800000,0.6122,0.6181,0.6057,0.6139,126594111.3
1700539200000,0.6139,0.6168,0.606,0.6101,121366101.8
1700553600000,0.6101,0.6178,0.6078,0.6116,151640261.8
1700568000000,0.6115,0.6161,0.5919,0.6044,330981659.4
1700582400000,0.6044,0.6065,0.5798,0.5952,356949958.8
1700596800000,0.5952,0.6023,0.572,0.5786,260232067.7
1700611200000,0.5786,0.5933,0.5773,0.593,116195548.1
1700625600000,0.5931,0.5975,0.5884,0.5932,133305939.7
1700640000000,0.5932,0.5985,0.5908,0.5943,132480798.9
1700654400000,0.5943,0.5986,0.5916,0.5934,112704025.6
1700668800000,0.5935,0.6135,0.592,0.6093,205536387.8
1700683200000,0.6093,0.6164,0.6082,0.6113,176887589.1
1700697600000,0.6113,0.6152,0.6084,0.6113,99898362.6
1700712000000,0.6112,0.612,0.6061,0.6116,118510889.4
1700726400000,0.6117,0.6235,0.61,0.6138,240742395.3
1700740800000,0.6137,0.6229,0.6094,0.6162,196377521.2
1700755200000,0.6161,0.624,0.6133,0.6215,158636483.0
1700769600000,0.6215,0.6231,0.6178,0.6211,89872206.5
1700784000000,0.6211,0.6253,0.6204,0.6207,94160700.9
1700798400000,0.6206,0.6253,0.6176,0.624,159369390.4
1700812800000,0.6239,0.6262,0.6197,0.6206,152998363.8
1700827200000,0.6205,0.625,0.6155,0.6223,138879275.9
1700841600000,0.6222,0.625,0.6157,0.6192,133922165.0
1700856000000,0.6192,0.6228,0.6174,0.6212,81054142.8
1700870400000,0.6211,0.6234,0.6188,0.6217,69118611.1
1700884800000,0.6217,0.6226,0.6196,0.6226,56380114.3
1700899200000,0.6226,0.6232,0.6156,0.6179,106660092.9
1700913600000,0.6179,0.6198,0.6166,0.6194,62358901.1
1700928000000,0.6194,0.6219,0.6194,0.6207,55813779.0
1700942400000,0.6207,0.6239,0.6192,0.6227,47025259.1
1700956800000,0.6227,0.6231,0.6186,0.6201,66001621.8
1700971200000,0.6201,0.6222,0.6192,0.6218,48688091.5
1700985600000,0.6218,0.6364,0.62,0.63,247575950.7
1701000000000,0.6301,0.6378,0.6175,0.6223,289760276.3
1701014400000,0.6223,0.6234,0.605,0.618,266060763.5
1701028800000,0.618,0.62,0.6152,0.6159,86487366.7
1701043200000,0.6159,0.6171,0.6051,0.6098,132114600.8
1701057600000,0.6098,0.6115,0.6005,0.6071,168000193.3
1701072000000,0.6071,0.6088,0.598,0.6039,160654142.7
1701086400000,0.6038,0.6054,0.5969,0.5978,139385849.5
1701100800000,0.5978,0.6052,0.5932,0.5986,132361114.8
1701115200000,0.5986,0.6042,0.595,0.6038,84262752.1
1701129600000,0.6038,0.6053,0.6009,0.6046,52399147.2
1701144000000,0.6045,0.6052,0.5955,0.6026,133901861.4
1701158400000,0.6025,0.6073,0.5971,0.6049,143226097.0
1701172800000,0.6049,0.6122,0.6037,0.6086,128840512.0
1701187200000,0.6087,0.6141,0.6068,0.611,150620380.6
1701201600000,0.611,0.6131,0.6092,0.6105,59327287.6
1701216000000,0.6105,0.6129,0.6086,0.612,59673951.1
1701230400000,0.6121,0.616,0.6093,0.6135,102881216.4
1701244800000,0.6134,0.6176,0.6088,0.6112,153881771.6
1701259200000,0.6112,0.6128,0.6034,0.6079,137743424.9
1701273600000,0.6079,0.61,0.6041,0.6092,78329353.3
1701288000000,0.6093,0.6098,0.606,0.6091,50804089.5
1701302400000,0.609,0.6093,0.605,0.6085,61634975.2
1701316800000,0.6085,0.6098,0.603,0.6039,101224491.1
1701331200000,0.604,0.606,0.5973,0.6057,163899339.6
1701345600000,0.6057,0.6065,0.6004,0.6022,94261766.8
1701360000000,0.6022,0.6047,0.5996,0.6035,59673158.8
1701374400000,0.6035,0.6079,0.6033,0.6065,56226973.5
1701388800000,0.6066,0.6129,0.6033,0.6107,104098302.1
1701403200000,0.6107,0.6126,0.6091,0.6105,74487114.8
1701417600000,0.6104,0.6147,0.6091,0.6114,122574030.5
1701432000000,0.6114,0.6122,0.6056,0.6082,115570457.7
1701446400000,0.6081,0.6124,0.6075,0.6123,111536912.0
1701460800000,0.6122,0.6136,0.6108,0.6129,52499622.3
1701475200000,0.6128,0.614,0.6113,0.6132,43616556.5
1701489600000,0.6132,0.6165,0.613,0.6139,57133788.2
1701504000000,0.6139,0.6162,0.6133,0.6137,47644404.7
1701518400000,0.6138,0.6169,0.6119,0.6142,75921867.7
1701532800000,0.6141,0.6238,0.6125,0.6194,141916903.3
1701547200000,0.6195,0.6234,0.6179,0.6213,92306820.1
1701561600000,0.6213,0.6232,0.6171,0.6185,80945836.7
1701576000000,0.6186,0.621,0.6183,0.621,48947812.2
1701590400000,0.621,0.6348,0.6193,0.6287,234298967.3
1701604800000,0.6287,0.6287,0.6181,0.6218,215889110.5
1701619200000,0.6218,0.6221,0.6174,0.622,86839537.2
1701633600000,0.622,0.6279,0.6209,0.6236,123533547.3
1701648000000,0.6235,0.6316,0.6224,0.6282,152476382.2
1701662400000,0.6282,0.636,0.628,0.6335,185394309.4
1701676800000,0.6335,0.6452,0.5589,0.62,648237894.1
1701691200000,0.6201,0.6242,0.6106,0.6159,294061501.6
1701705600000,0.616,0.6227,0.6151,0.6213,133230999.3
1701720000000,0.6213,0.6271,0.6196,0.625,112814041.0
1701734400000,0.625,0.6311,0.6158,0.6186,161009931.4
1701748800000,0.6186,0.6211,0.6066,0.6126,172256473.2
1701763200000,0.6127,0.6143,0.6086,0.6112,131934408.8
1701777600000,0.6111,0.6156,0.608,0.6143,148477740.9
1701792000000,0.6143,0.628,0.613,0.6229,312605223.2
1701806400000,0.6229,0.6243,0.6175,0.6216,145051263.4
1701820800000,0.6216,0.6276,0.6186,0.6228,171111233.7
1701835200000,0.6229,0.6295,0.6102,0.628,252044910.4
1701849600000,0.6279,0.6422,0.6107,0.621,486607369.4
1701864000000,0.621,0.6292,0.6205,0.6278,208211125.4
1701878400000,0.6278,0.6321,0.6254,0.6314,117185576.2
1701892800000,0.6314,0.6445,0.6284,0.6405,330029335.2
1701907200000,0.6405,0.6433,0.6304,0.6335,165120180.4
1701921600000,0.6335,0.6551,0.6331,0.6488,400331257.5
1701936000000,0.6487,0.6489,0.6214,0.6323,403755666.3
1701950400000,0.6323,0.6389,0.6296,0.6374,193341095.7
1701964800000,0.6374,0.6468,0.6356,0.6425,218765451.1
1701979200000,0.6425,0.648,0.6401,0.6438,124944225.6
1701993600000,0.6437,0.6512,0.6409,0.6473,139382071.8
1702008000000,0.6473,0.6515,0.6378,0.6415,175400006.4
1702022400000,0.6414,0.6506,0.64,0.6491,146523225.4
1702036800000,0.6491,0.6611,0.6473,0.6601,341999407.7
1702051200000,0.6601,0.6731,0.6599,0.6712,348090762.0
1702065600000,0.6712,0.6764,0.6666,0.6729,163268587.7
1702080000000,0.673,0.68,0.6677,0.6764,183024594.3
1702094400000,0.6764,0.7015,0.6764,0.6925,385495974.3
1702108800000,0.6924,0.6965,0.6681,0.6872,392846355.3
1702123200000,0.6871,0.6931,0.6722,0.6808,363308205.9
1702137600000,0.6809,0.6818,0.6635,0.6714,235021338.9
1702152000000,0.6714,0.6751,0.6513,0.6587,226966731.7
1702166400000,0.6587,0.6696,0.6586,0.6662,126206232.1
1702180800000,0.6662,0.6719,0.6608,0.6661,106183283.7
1702195200000,0.6661,0.6671,0.6466,0.6566,231315372.2
1702209600000,0.6566,0.663,0.6561,0.6616,133160613.0
1702224000000,0.6616,0.6662,0.6544,0.6634,123848380.5
1702238400000,0.6633,0.6703,0.6586,0.6622,123225341.2
1702252800000,0.6621,0.6634,0.585,0.6275,642689245.1
1702267200000,0.6274,0.6301,0.6175,0.6218,247605667.6
1702281600000,0.6218,0.6272,0.6157,0.6268,168888721.0
1702296000000,0.6267,0.6273,0.6126,0.6201,229068698.9
1702310400000,0.62,0.6225,0.6016,0.6126,330725017.0
1702324800000,0.6127,0.621,0.6104,0.6189,96127051.4
1702339200000,0.6189,0.6264,0.6182,0.6239,109680135.5
1702353600000,0.6239,0.6267,0.616,0.6252,133516857.3
1702368000000,0.6252,0.6257,0.6193,0.6197,116557383.1
1702382400000,0.6198,0.6252,0.6133,0.6174,193210498.1
1702396800000,0.6174,0.6205,0.6069,0.6172,193380845.8
1702411200000,0.6171,0.6218,0.6123,0.6197,95941531.3
1702425600000,0.6197,0.6198,0.6026,0.6049,229006187.8
1702440000000,0.6049,0.6081,0.5929,0.6053,239615152.0
1702454400000,0.6053,0.6094,0.6005,0.6016,132911300.5
1702468800000,0.6017,0.6169,0.6013,0.615,171009526.7
1702483200000,0.615,0.627,0.6114,0.6257,161222360.9
1702497600000,0.6256,0.635,0.6228,0.6277,173155653.0
1702512000000,0.6278,0.6289,0.6206,0.6232,108582383.8
1702526400000,0.6232,0.6283,0.6224,0.6264,98131033.1
1702540800000,0.6263,0.6347,0.6233,0.6345,169161850.6
1702555200000,0.6345,0.6348,0.6,0.6234,362080380.1
1702569600000,0.6233,0.6345,0.6233,0.6325,134103996.0
1702584000000,0.6325,0.6383,0.6293,0.6321,113071970.1
1702598400000,0.6321,0.6449,0.6304,0.6353,195473776.4
1702612800000,0.6354,0.6362,0.6288,0.6311,147926572.8
1702627200000,0.631,0.6357,0.6296,0.63,108656908.6
1702641600000,0.6301,0.6306,0.6154,0.6196,243127132.0
1702656000000,0.6196,0.6259,0.6178,0.6237,107653534.4
1702670400000,0.6238,0.6251,0.6115,0.6158,108218903.2
1702684800000,0.6157,0.6224,0.6101,0.622,100448689.9
1702699200000,0.622,0.6225,0.6191,0.6203,47507991.0
1702713600000,0.6204,0.6243,0.6202,0.6243,55911521.1
1702728000000,0.6242,0.6255,0.6213,0.6251,71565398.5
1702742400000,0.625,0.6263,0.6176,0.6197,119620359.0
1702756800000,0.6197,0.6218,0.6175,0.6207,64407266.9
1702771200000,0.6206,0.6228,0.6162,0.6192,83458984.3
1702785600000,0.6192,0.6211,0.6131,0.6138,106689335.3
1702800000000,0.6139,0.6244,0.6128,0.6205,196199889.9
1702814400000,0.6206,0.6209,0.6121,0.619,111765798.5
1702828800000,0.6191,0.6229,0.6167,0.6193,87233164.1
1702843200000,0.6194,0.6202,0.6085,0.6107,108555283.5
1702857600000,0.6108,0.6141,0.601,0.606,191580416.8
1702872000000,0.6059,0.6094,0.6002,0.6016,149342941.5
1702886400000,0.6016,0.6024,0.5786,0.5898,449376491.8
1702900800000,0.5898,0.6009,0.5867,0.5967,152195109.8
1702915200000,0.5967,0.6069,0.5949,0.6052,98988719.1
1702929600000,0.6052,0.6145,0.6036,0.6127,123118657.0
1702944000000,0.6127,0.617,0.6093,0.6124,120126961.3
1702958400000,0.6123,0.6145,0.6095,0.6115,92345325.1
1702972800000,0.6115,0.6129,0.6068,0.6085,110022089.4
1702987200000,0.6085,0.6115,0.602,0.6058,153832332.9
1703001600000,0.6059,0.6079,0.5973,0.6052,154050018.8
1703016000000,0.6052,0.6078,0.6033,0.6048,67100347.7
1703030400000,0.6048,0.6095,0.6011,0.6089,96203500.7
1703044800000,0.6089,0.6123,0.6065,0.6105,111305575.1
1703059200000,0.6105,0.6149,0.6089,0.6117,112932816.7
1703073600000,0.6117,0.626,0.6109,0.6225,322307211.4
1703088000000,0.6225,0.6269,0.6173,0.6211,163448913.3
1703102400000,0.6211,0.6219,0.6074,0.6174,214006761.0
1703116800000,0.6174,0.6175,0.6112,0.6148,80331689.7
1703131200000,0.6148,0.6183,0.6123,0.617,103629133.9
1703145600000,0.617,0.6217,0.6141,0.619,110175219.6
1703160000000,0.619,0.6217,0.6102,0.6161,156576002.2
1703174400000,0.6162,0.62,0.6137,0.6197,109189766.7
1703188800000,0.6196,0.6255,0.6194,0.6246,105428146.3
1703203200000,0.6247,0.6281,0.6186,0.6209,119330882.0
1703217600000,0.6208,0.6242,0.6168,0.6196,140543513.3
1703232000000,0.6196,0.633,0.6182,0.6223,283019786.0
1703246400000,0.6224,0.6231,0.6155,0.6204,131685255.5
1703260800000,0.6204,0.6221,0.616,0.6186,103075118.3
1703275200000,0.6186,0.6258,0.6183,0.6251,74242631.5
1703289600000,0.6251,0.6255,0.6121,0.6145,137798182.3
1703304000000,0.6144,0.6173,0.6106,0.6157,87293474.5
1703318400000,0.6157,0.618,0.6139,0.6158,62556065.3
1703332800000,0.6158,0.6198,0.6156,0.6187,62231185.4
1703347200000,0.6186,0.6218,0.618,0.6192,59249170.7
1703361600000,0.6192,0.6207,0.6172,0.62,55726810.9
1703376000000,0.62,0.6234,0.6171,0.6209,97098071.7
1703390400000,0.6209,0.6238,0.6104,0.6169,178753481.0
1703404800000,0.617,0.6221,0.6135,0.6193,130287561.4
1703419200000,0.6193,0.625,0.6175,0.6221,124343790.6
1703433600000,0.622,0.6243,0.6203,0.6242,75280496.3
1703448000000,0.6241,0.6303,0.6,0.6129,291070693.0
1703462400000,0.6129,0.6177,0.6088,0.6168,110771072.3
1703476800000,0.6168,0.6179,0.6157,0.6166,60156840.1
1703491200000,0.6166,0.6498,0.6164,0.6427,552058854.8
1703505600000,0.6428,0.6475,0.6327,0.6344,246179570.9
1703520000000,0.6344,0.6396,0.6317,0.6383,163992564.4
1703534400000,0.6382,0.6483,0.6356,0.6467,147677308.8
1703548800000,0.6468,0.6475,0.6331,0.6392,140248367.5
1703563200000,0.6391,0.6393,0.618,0.6223,323888560.6
1703577600000,0.6223,0.6267,0.6144,0.6251,173279348.8
1703592000000,0.625,0.6322,0.6188,0.6206,222728958.8
1703606400000,0.6205,0.629,0.5932,0.617,461551915.8
1703620800000,0.6171,0.6229,0.6163,0.6225,77788779.3
1703635200000,0.6224,0.6226,0.6131,0.6169,128164640.3
1703649600000,0.617,0.6249,0.6167,0.62,149354759.3
1703664000000,0.62,0.6325,0.6188,0.6281,220566414.3
1703678400000,0.6281,0.6356,0.6264,0.6343,213636815.0
1703692800000,0.6344,0.6412,0.6317,0.6397,171547129.5
1703707200000,0.6397,0.643,0.631,0.6349,114341957.4
1703721600000,0.6348,0.6509,0.6333,0.6423,233566422.2
1703736000000,0.6423,0.6592,0.6314,0.6375,342273044.4
1703750400000,0.6375,0.6512,0.6326,0.6445,188997675.7
1703764800000,0.6445,0.6457,0.6249,0.6302,365310281.4
1703779200000,0.6303,0.6344,0.6276,0.6325,114740346.4
1703793600000,0.6325,0.6372,0.626,0.6352,95162333.3
1703808000000,0.6353,0.6363,0.6211,0.6319,186971835.9
1703822400000,0.632,0.6338,0.6232,0.6246,95984395.1
1703836800000,0.6247,0.6335,0.6242,0.6323,114050886.3
1703851200000,0.6323,0.637,0.62,0.6248,186609430.7
1703865600000,0.6248,0.6268,0.616,0.6239,194148927.9
1703880000000,0.6239,0.6243,0.6112,0.6232,106255619.3
1703894400000,0.6232,0.6253,0.6192,0.6211,73553296.4
1703908800000,0.6211,0.6263,0.6208,0.6228,65597858.4
1703923200000,0.6229,0.6236,0.6161,0.6211,107976055.2
1703937600000,0.6211,0.6305,0.6206,0.6288,117302642.4
1703952000000,0.6288,0.6303,0.625,0.6254,79085879.3
1703966400000,0.6253,0.6263,0.6207,0.6212,50578937.7
1703980800000,0.6212,0.6241,0.6186,0.6209,60788601.2
1703995200000,0.6209,0.6254,0.6204,0.6241,48810239.5
1704009600000,0.6241,0.6294,0.6226,0.624,99312677.9
1704024000000,0.6239,0.626,0.6207,0.6229,68304229.9
1704038400000,0.6228,0.6246,0.6205,0.6212,60712937.0
1704052800000,0.6213,0.6214,0.605,0.6157,155534066.9
1704067200000,0.6157,0.6194,0.6116,0.6132,89648501.2
1704081600000,0.6132,0.6157,0.6087,0.6155,81851200.0
1704096000000,0.6154,0.6213,0.6148,0.6211,59810681.2
1704110400000,0.6211,0.6224,0.6189,0.6218,70992664.1
1704124800000,0.6219,0.6267,0.6202,0.6267,72789472.0
1704139200000,0.6267,0.6317,0.6261,0.6303,88103473.8
1704153600000,0.6303,0.6362,0.6296,0.6345,144825250.3
1704168000000,0.6344,0.6351,0.6284,0.6313,124875597.8
1704182400000,0.6313,0.6416,0.63,0.633,211504284.8
1704196800000,0.633,0.6351,0.6223,0.6262,221300021.8
1704211200000,0.6262,0.6301,0.6217,0.6282,119759535.1
1704225600000,0.6282,0.6296,0.624,0.625,76574599.9
1704240000000,0.625,0.6286,0.6231,0.6268,72234574.4
1704254400000,0.6267,0.6401,0.6267,0.6326,236446757.2
1704268800000,0.6326,0.6369,0.6102,0.6188,264958759.9
1704283200000,0.6189,0.6192,0.4812,0.5767,1403303194.1
1704297600000,0.5766,0.5798,0.5633,0.5736,301175697.0
1704312000000,0.5736,0.59,0.5733,0.5822,187206161.3
1704326400000,0.5822,0.5835,0.5693,0.5815,184785864.8
1704340800000,0.5815,0.5846,0.5742,0.5745,159596057.4
1704355200000,0.5745,0.5793,0.5703,0.5767,160278731.5
1704369600000,0.5768,0.5884,0.5752,0.5856,172858720.5
1704384000000,0.5856,0.5894,0.5802,0.5865,156957989.8
1704398400000,0.5864,0.5938,0.5852,0.5868,142260987.5
1704412800000,0.5869,0.5886,0.5479,0.5761,262935706.3
1704427200000,0.576,0.5781,0.5722,0.5734,118863947.1
1704441600000,0.5734,0.5792,0.565,0.5692,170124034.9
1704456000000,0.5691,0.5726,0.5591,0.5634,256068010.2
1704470400000,0.5633,0.5699,0.5502,0.5674,205885624.8
1704484800000,0.5674,0.5761,0.5673,0.5756,105354135.7
1704499200000,0.5756,0.5756,0.5706,0.5716,60525675.2
1704513600000,0.5716,0.5735,0.5564,0.5642,188507004.7
1704528000000,0.5642,0.5674,0.561,0.566,67869845.9
1704542400000,0.566,0.5737,0.5647,0.5711,87117135.4
1704556800000,0.571,0.5723,0.5666,0.5693,68098240.5
1704571200000,0.5693,0.5702,0.5634,0.5679,66010622.1
1704585600000,0.5678,0.571,0.5648,0.5666,74490430.5
1704600000000,0.5666,0.57,0.5653,0.5693,64533695.4
1704614400000,0.5693,0.5732,0.5638,0.5666,144162812.3
1704628800000,0.5666,0.5705,0.5637,0.5671,105560166.3
1704643200000,0.5671,0.5683,0.5605,0.5673,102666695.4
1704657600000,0.5673,0.5677,0.5452,0.5511,226146857.6
1704672000000,0.5511,0.5817,0.5433,0.5596,811268176.2
1704686400000,0.5595,0.567,0.5535,0.5564,196782082.2
1704700800000,0.5563,0.5629,0.5504,0.5623,123748113.3
1704715200000,0.5622,0.5697,0.5609,0.5655,178630667.4
1704729600000,0.5655,0.5815,0.5641,0.5805,172862694.3
1704744000000,0.5806,0.5811,0.5743,0.5776,117899761.4
1704758400000,0.5775,0.5785,0.566,0.5726,140878777.7
1704772800000,0.5726,0.5751,0.5677,0.5715,100689030.2
1704787200000,0.5715,0.5731,0.5618,0.5685,134303887.4
1704801600000,0.5685,0.5695,0.5451,0.5596,247052140.7
1704816000000,0.5595,0.5775,0.5553,0.5725,422062804.9
1704830400000,0.5725,0.5793,0.5617,0.5669,422125841.2
1704844800000,0.5668,0.5728,0.5657,0.5696,109441665.1
1704859200000,0.5695,0.5721,0.5628,0.5633,124217256.3
1704873600000,0.5633,0.5681,0.5584,0.5635,149640489.1
1704888000000,0.5635,0.5834,0.547,0.5708,430028835.3
1704902400000,0.5708,0.5804,0.5629,0.5793,296708356.5
1704916800000,0.5792,0.615,0.5611,0.6011,654063326.6
1704931200000,0.6011,0.6031,0.5933,0.6031,180709704.1
1704945600000,0.603,0.6062,0.5857,0.5974,202288222.5
1704960000000,0.5973,0.6154,0.5952,0.612,208976715.9
1704974400000,0.612,0.6246,0.5947,0.6012,539152447.4
1704988800000,0.6013,0.6071,0.5919,0.6053,229087737.6
1705003200000,0.6053,0.6074,0.5982,0.602,104781963.2
1705017600000,0.602,0.6039,0.5905,0.5979,129334183.8
1705032000000,0.5979,0.601,0.5933,0.5948,128039936.1
1705046400000,0.5949,0.603,0.5888,0.6008,137225811.7
1705060800000,0.6008,0.6018,0.5831,0.5873,263054450.3
1705075200000,0.5872,0.5919,0.5656,0.5801,369525619.1
1705089600000,0.58,0.5844,0.55,0.5698,307089424.6
1705104000000,0.5698,0.5727,0.5628,0.5718,116244429.5
1705118400000,0.5718,0.5766,0.5713,0.5747,58702051.5
1705132800000,0.5748,0.5772,0.5703,0.5746,81252465.5
1705147200000,0.5745,0.577,0.571,0.5743,84080931.4
1705161600000,0.5743,0.5761,0.571,0.5745,65742573.4
1705176000000,0.5745,0.5776,0.5742,0.5748,50496211.2
1705190400000,0.5748,0.5758,0.5717,0.5741,56708351.2
1705204800000,0.5741,0.5767,0.572,0.5757,51425351.0
1705219200000,0.5757,0.5801,0.575,0.5768,80119289.0
1705233600000,0.5768,0.5785,0.5743,0.5776,56495594.8
1705248000000,0.5775,0.5876,0.574,0.5767,203346631.8
1705262400000,0.5768,0.5935,0.5715,0.5765,317140910.5
1705276800000,0.5765,0.5898,0.5765,0.5863,105545392.4
1705291200000,0.5862,0.5875,0.5761,0.5777,112957930.2
1705305600000,0.5777,0.582,0.5765,0.579,96982811.1
1705320000000,0.579,0.5802,0.5684,0.5701,142734485.4
1705334400000,0.5701,0.5819,0.5697,0.5809,101609931.4
1705348800000,0.581,0.5814,0.5737,0.5757,92925246.2
1705363200000,0.5756,0.5793,0.5714,0.5779,84155599.9
1705377600000,0.578,0.5785,0.5716,0.5766,91796219.6
1705392000000,0.5765,0.5775,0.5726,0.5745,87060520.0
1705406400000,0.5744,0.5783,0.5656,0.5758,201282869.4
1705420800000,0.5758,0.5786,0.5732,0.5783,96910840.7
1705435200000,0.5782,0.5798,0.5754,0.5758,80102421.0
1705449600000,0.5759,0.5764,0.573,0.5748,75483650.8
1705464000000,0.5749,0.5757,0.5691,0.5719,94404534.0
1705478400000,0.5719,0.5732,0.5693,0.5703,74969533.5
1705492800000,0.5704,0.572,0.5665,0.5689,123424616.4
1705507200000,0.5689,0.5717,0.5608,0.571,132189481.6
1705521600000,0.5711,0.5731,0.5672,0.5688,78853184.5
1705536000000,0.5688,0.5688,0.5628,0.5664,66562503.8
1705550400000,0.5664,0.5688,0.5649,0.5686,72328103.1
1705564800000,0.5686,0.5692,0.5618,0.5634,69336364.3
1705579200000,0.5633,0.5643,0.5576,0.5624,127608895.3
1705593600000,0.5624,0.563,0.5416,0.5467,309057895.0
1705608000000,0.5467,0.5528,0.5459,0.5521,130517277.3
1705622400000,0.5521,0.5539,0.5443,0.55,132616196.7
1705636800000,0.55,0.5525,0.5466,0.5473,84864879.2
1705651200000,0.5473,0.5516,0.546,0.5505,80025977.1
1705665600000,0.5506,0.5512,0.5371,0.5389,184960485.9
1705680000000,0.5388,0.5468,0.5215,0.5458,431678867.7
1705694400000,0.5458,0.5494,0.5437,0.5443,85367391.2
1705708800000,0.5442,0.5444,0.539,0.5432,72201533.4
1705723200000,0.5432,0.5528,0.5431,0.5493,81922062.6
1705737600000,0.5492,0.5524,0.544,0.5493,100747392.4
1705752000000,0.5493,0.551,0.5471,0.5482,82069489.6
1705766400000,0.5482,0.5492,0.5445,0.5468,72754449.7
1705780800000,0.5468,0.5553,0.5461,0.5535,75961198.7
1705795200000,0.5534,0.5554,0.549,0.5541,72938049.2
1705809600000,0.554,0.5546,0.5507,0.5524,45693993.5
1705824000000,0.5524,0.5548,0.5514,0.5525,45376748.8
1705838400000,0.5525,0.555,0.5501,0.5515,59909111.7
1705852800000,0.5515,0.553,0.5491,0.5511,45110855.4
1705867200000,0.5512,0.5516,0.5451,0.5465,58095564.0
1705881600000,0.5465,0.5499,0.5395,0.5418,148983114.2
1705896000000,0.5418,0.5422,0.534,0.5373,119393795.2
1705910400000,0.5372,0.5379,0.5256,0.5313,184523584.4
1705924800000,0.5312,0.5346,0.5225,0.5287,179914113.7
1705939200000,0.5287,0.5357,0.517,0.5257,253623597.8
1705953600000,0.5256,0.5325,0.5254,0.5276,122291417.4
1705968000000,0.5275,0.5311,0.5223,0.53,97005912.5
1705982400000,0.5299,0.5318,0.5205,0.5225,108876023.2
1705996800000,0.5226,0.524,0.5006,0.5049,505611779.7
1706011200000,0.505,0.5129,0.4958,0.5103,290599949.2
1706025600000,0.5102,0.5138,0.5063,0.5079,129136801.3
1706040000000,0.5078,0.5192,0.506,0.518,105821062.8
1706054400000,0.518,0.519,0.5126,0.5144,82562372.3
1706068800000,0.5143,0.5176,0.5111,0.5154,115991988.2
1706083200000,0.5155,0.5193,0.511,0.5167,135872887.5
1706097600000,0.5167,0.5182,0.5122,0.516,105373209.3
1706112000000,0.5161,0.5176,0.5116,0.5146,78172450.8
1706126400000,0.5147,0.5192,0.5127,0.5181,53090114.1
1706140800000,0.5181,0.5182,0.5138,0.515,64339872.1
1706155200000,0.5149,0.5156,0.5092,0.5136,120669204.6
1706169600000,0.5136,0.5146,0.51,0.5121,74832977.0
1706184000000,0.5122,0.513,0.5054,0.5071,103329609.0
1706198400000,0.507,0.515,0.5036,0.5137,118899683.6
1706212800000,0.5138,0.5156,0.5099,0.5138,81405175.6
1706227200000,0.5138,0.5139,0.5084,0.5133,70618255.9
1706241600000,0.5133,0.5151,0.5098,0.5114,84474629.3
1706256000000,0.5114,0.5229,0.5108,0.5209,123505823.4
1706270400000,0.521,0.5218,0.5166,0.5212,109452696.0
1706284800000,0.5213,0.5367,0.5211,0.5322,188796327.5
1706299200000,0.5321,0.5344,0.5291,0.532,85393163.4
1706313600000,0.532,0.5347,0.5296,0.5324,88776426.4
1706328000000,0.5324,0.5348,0.5275,0.5286,69360369.8
1706342400000,0.5285,0.53,0.526,0.5297,59806456.5
1706356800000,0.5298,0.5318,0.5289,0.5298,49427284.6
1706371200000,0.5298,0.5311,0.5281,0.5298,54370395.6
1706385600000,0.5299,0.5323,0.5294,0.5301,41599836.4
1706400000000,0.5301,0.5333,0.5288,0.533,58506583.9
1706414400000,0.5329,0.5354,0.5299,0.5303,74291944.7
1706428800000,0.5303,0.5332,0.5293,0.5301,66946524.2
1706443200000,0.5301,0.5312,0.5277,0.5293,79339320.6
1706457600000,0.5294,0.5304,0.5215,0.5237,119962279.6
1706472000000,0.5238,0.527,0.5206,0.5239,92570276.3
1706486400000,0.524,0.5292,0.5211,0.5282,78147014.1
1706500800000,0.5281,0.5292,0.5237,0.5248,112638216.7
1706515200000,0.5248,0.5288,0.5209,0.5259,139409263.3
1706529600000,0.5259,0.5275,0.5187,0.5275,127866462.8
1706544000000,0.5274,0.5382,0.5252,0.5354,204390066.6
1706558400000,0.5353,0.5399,0.5344,0.5348,89183994.3
1706572800000,0.5348,0.539,0.533,0.5373,71137137.3
1706587200000,0.5372,0.5379,0.5306,0.534,108261216.5
1706601600000,0.534,0.5348,0.5306,0.5337,108615880.3
1706616000000,0.5337,0.5356,0.5227,0.5257,223985919.0
1706630400000,0.5257,0.5291,0.5138,0.5144,282799923.8
1706644800000,0.5143,0.5163,0.5065,0.5106,361245824.9
1706659200000,0.5107,0.5108,0.5016,0.5105,193466912.5
1706673600000,0.5105,0.5143,0.5096,0.5109,128906297.8
1706688000000,0.5109,0.5121,0.5012,0.5069,199623263.5
1706702400000,0.5069,0.5103,0.484,0.5084,627230537.5
1706716800000,0.5084,0.5137,0.5068,0.5106,163095478.9
1706731200000,0.5107,0.5111,0.4988,0.5031,155755040.9
1706745600000,0.503,0.5041,0.4912,0.4977,185715207.4
1706760000000,0.4976,0.4987,0.4913,0.4928,137419740.9
1706774400000,0.4928,0.4974,0.4898,0.4927,143346348.2
1706788800000,0.4927,0.5025,0.4925,0.4994,136920505.4
1706803200000,0.4994,0.5105,0.4975,0.5093,165262421.1
1706817600000,0.5092,0.5096,0.5037,0.5056,91947856.5
1706832000000,0.5057,0.5076,0.5037,0.5057,75050359.8
1706846400000,0.5057,0.5073,0.5031,0.5065,93313781.3
1706860800000,0.5064,0.507,0.5027,0.5042,94806268.5
1706875200000,0.5043,0.5051,0.4981,0.5025,162857145.9
1706889600000,0.5026,0.5063,0.5005,0.5041,106035444.5
1706904000000,0.5042,0.514,0.5036,0.5102,120454872.6
1706918400000,0.5101,0.5106,0.5057,0.5074,67959724.2
1706932800000,0.5075,0.509,0.5063,0.5077,47337642.7
1706947200000,0.5077,0.5268,0.5071,0.5215,320856736.1
1706961600000,0.5215,0.5263,0.5158,0.52,206827132.3
1706976000000,0.52,0.5218,0.517,0.5209,113405708.4
1706990400000,0.5209,0.5223,0.5179,0.5186,101349748.9
1707004800000,0.5186,0.5191,0.5151,0.5176,68825798.3
1707019200000,0.5176,0.518,0.5084,0.5098,116293464.3
1707033600000,0.5098,0.5141,0.5093,0.5127,84353992.1
1707048000000,0.5126,0.5138,0.5097,0.5106,69539257.5
1707062400000,0.5107,0.5127,0.5026,0.5067,113219810.0
1707076800000,0.5066,0.5097,0.4996,0.5029,96091414.5
1707091200000,0.503,0.5062,0.4964,0.5057,104512836.7
1707105600000,0.5058,0.5064,0.503,0.5042,79181017.8
1707120000000,0.5042,0.5073,0.5022,0.5055,118499609.1
1707134400000,0.5055,0.5087,0.5005,0.5024,120210957.4
1707148800000,0.5023,0.5141,0.5021,0.5097,208603707.0
1707163200000,0.5096,0.5099,0.5041,0.5065,92558935.1
1707177600000,0.5066,0.5085,0.5042,0.5069,57394524.4
1707192000000,0.5068,0.5076,0.5012,0.5039,76953626.8
1707206400000,0.504,0.5054,0.5,0.5014,151166859.5
1707220800000,0.5014,0.5053,0.4975,0.5041,136201270.5
1707235200000,0.5042,0.5099,0.5026,0.5096,123747886.4
1707249600000,0.5096,0.5111,0.5043,0.5048,93799213.8
1707264000000,0.5049,0.5063,0.5027,0.5034,80176882.3
1707278400000,0.5034,0.5052,0.4994,0.501,146485407.4
1707292800000,0.5011,0.5038,0.4993,0.5021,120410819.7
1707307200000,0.502,0.5046,0.5012,0.5034,94010880.6
1707321600000,0.5035,0.5103,0.5026,0.509,154951659.3
1707336000000,0.509,0.5154,0.5088,0.5136,143318908.0
1707350400000,0.5136,0.5185,0.5109,0.5136,185441937.0
1707364800000,0.5137,0.5154,0.51,0.5122,136373699.9
1707379200000,0.5122,0.5173,0.5116,0.5133,122417248.2
1707393600000,0.5134,0.5196,0.5116,0.5171,161308075.6
1707408000000,0.5171,0.5186,0.5112,0.5151,120411416.6
1707422400000,0.515,0.5174,0.5131,0.5144,69866855.7
1707436800000,0.5145,0.5204,0.5138,0.5187,94622647.8
1707451200000,0.5188,0.5195,0.5151,0.5174,103523934.2
1707465600000,0.5175,0.5268,0.5165,0.5248,160077532.9
1707480000000,0.5247,0.5265,0.5175,0.5217,210624862.3
1707494400000,0.5217,0.5266,0.5195,0.5259,121543073.9
1707508800000,0.5258,0.5283,0.5235,0.526,104195786.7
1707523200000,0.526,0.5281,0.5231,0.5273,65744291.9
1707537600000,0.5273,0.5275,0.5232,0.5237,48203206.5
1707552000000,0.5236,0.5255,0.5183,0.521,98937891.4
1707566400000,0.5211,0.5228,0.5191,0.5221,84499277.9
1707580800000,0.522,0.5235,0.521,0.5229,55224655.3
1707595200000,0.5228,0.5258,0.5223,0.5239,69434154.2
1707609600000,0.5239,0.5273,0.5215,0.527,90267717.6
1707624000000,0.5269,0.529,0.5262,0.5284,90214574.4
1707638400000,0.5283,0.5362,0.5275,0.5333,178477409.1
1707652800000,0.5334,0.5337,0.5258,0.5292,121865340.5
1707667200000,0.5291,0.5298,0.5243,0.5289,91315862.4
1707681600000,0.529,0.5294,0.5232,0.526,90660520.2
1707696000000,0.526,0.5287,0.518,0.523,142479791.7
1707710400000,0.5231,0.5232,0.5142,0.5193,148738177.4
1707724800000,0.5193,0.5204,0.5143,0.5181,128508822.9
1707739200000,0.5182,0.5289,0.5171,0.5278,176728535.0
1707753600000,0.5277,0.5382,0.5244,0.5312,262779472.6
1707768000000,0.5313,0.5355,0.5296,0.5317,109420374.8
1707782400000,0.5318,0.5342,0.5275,0.5287,95305573.9
1707796800000,0.5287,0.5315,0.528,0.5311,101068010.8
1707811200000,0.5311,0.5317,0.5264,0.5289,143746573.0
1707825600000,0.5288,0.5289,0.5132,0.5201,408851904.0
1707840000000,0.52,0.5271,0.5189,0.5253,127482900.4
1707854400000,0.5253,0.5296,0.5199,0.525,118267451.4
1707868800000,0.525,0.5257,0.5205,0.5251,81049425.9
1707883200000,0.5251,0.5254,0.522,0.525,93281965.8
1707897600000,0.525,0.5333,0.5244,0.5322,252375244.4
1707912000000,0.5322,0.5385,0.5288,0.5329,270532447.6
1707926400000,0.5328,0.5401,0.5295,0.5388,160731449.0
1707940800000,0.5389,0.5423,0.5377,0.538,126516262.8
1707955200000,0.538,0.5596,0.5372,0.5529,317909514.3
1707969600000,0.553,0.5577,0.5419,0.55,255717569.8
1707984000000,0.5499,0.5554,0.5467,0.5504,180840354.2
1707998400000,0.5505,0.5555,0.5436,0.5469,278343777.5
1708012800000,0.547,0.5553,0.5423,0.5543,196463345.1
1708027200000,0.5543,0.5771,0.5509,0.5625,492247154.8
1708041600000,0.5624,0.5797,0.5581,0.5793,241354081.3
1708056000000,0.5793,0.5793,0.5632,0.5665,269673819.1
1708070400000,0.5666,0.5748,0.56,0.5718,206169645.3
1708084800000,0.5717,0.574,0.552,0.5606,365780486.1
1708099200000,0.5605,0.5665,0.5592,0.5615,200002488.5
1708113600000,0.5616,0.5692,0.5605,0.5646,114924293.6
1708128000000,0.5646,0.5659,0.5582,0.5604,86498452.4
1708142400000,0.5604,0.5622,0.558,0.5613,67852301.4
1708156800000,0.5614,0.5618,0.5508,0.5543,146917213.7
1708171200000,0.5542,0.5553,0.5391,0.5466,285639585.8
1708185600000,0.5466,0.5514,0.5448,0.5495,87629732.0
1708200000000,0.5495,0.5535,0.5491,0.55,75354699.7
1708214400000,0.55,0.5535,0.5473,0.5508,94344262.9
1708228800000,0.5508,0.5595,0.5507,0.5555,106480577.2
1708243200000,0.5554,0.5594,0.5536,0.559,88117736.0
1708257600000,0.559,0.5605,0.5539,0.5599,96651656.8
1708272000000,0.5598,0.563,0.5575,0.5587,102835123.3
1708286400000,0.5588,0.5625,0.5551,0.5577,95237184.1
1708300800000,0.5577,0.5633,0.5572,0.5601,96895613.9
1708315200000,0.5601,0.565,0.5566,0.564,143742583.1
1708329600000,0.564,0.5645,0.5562,0.5595,156739574.6
1708344000000,0.5596,0.5618,0.5553,0.5587,132999805.4
1708358400000,0.5586,0.5647,0.5542,0.563,209152967.6
1708372800000,0.563,0.5685,0.5611,0.563,146841159.6
1708387200000,0.563,0.5739,0.5556,0.5679,264350460.2
1708401600000,0.568,0.5747,0.5649,0.5677,223632849.8
1708416000000,0.5677,0.5725,0.5578,0.5714,290457052.0
1708430400000,0.5713,0.576,0.5374,0.555,530431674.2
1708444800000,0.5551,0.5611,0.544,0.5608,296699598.6
1708459200000,0.5608,0.5672,0.5594,0.5628,149930248.1
1708473600000,0.5627,0.5635,0.5564,0.5595,106533309.3
1708488000000,0.5594,0.56,0.5456,0.5472,172909423.7
1708502400000,0.5472,0.5511,0.533,0.5393,346036358.0
1708516800000,0.5393,0.5453,0.534,0.5403,290012446.8
1708531200000,0.5403,0.5442,0.5354,0.5426,147932615.5
1708545600000,0.5426,0.5499,0.5411,0.5495,111366723.9
1708560000000,0.5495,0.5496,0.539,0.5435,126571890.2
1708574400000,0.5434,0.548,0.5405,0.5463,140626026.0
1708588800000,0.5463,0.551,0.5451,0.5459,153193090.4
1708603200000,0.546,0.547,0.5368,0.5446,176451362.0
1708617600000,0.5446,0.5512,0.5406,0.5483,143121378.7
1708632000000,0.5483,0.5525,0.5405,0.5413,179693336.1
1708646400000,0.5413,0.5444,0.5366,0.5383,109726575.9
1708660800000,0.5384,0.5416,0.5358,0.5377,118804136.5
1708675200000,0.5376,0.539,0.5294,0.537,190570261.8
1708689600000,0.537,0.5383,0.5315,0.5323,234776669.4
1708704000000,0.5322,0.5391,0.5252,0.539,259003648.3
1708718400000,0.539,0.5414,0.5307,0.5345,121225104.4
1708732800000,0.5344,0.5375,0.5316,0.537,91409192.0
1708747200000,0.5369,0.5434,0.5364,0.5432,91378876.8
1708761600000,0.5431,0.5473,0.5406,0.5464,115223553.3
1708776000000,0.5464,0.5467,0.5432,0.5437,87070147.8
1708790400000,0.5436,0.5485,0.5434,0.5466,85747874.4
1708804800000,0.5465,0.5473,0.544,0.5453,65376363.2
1708819200000,0.5454,0.5489,0.5427,0.5458,81049494.1
1708833600000,0.5457,0.5474,0.5443,0.547,59549770.5
1708848000000,0.5469,0.5493,0.5447,0.5449,74628143.9
1708862400000,0.5449,0.547,0.5424,0.5442,80476147.1
1708876800000,0.5442,0.5466,0.5425,0.546,76034823.7
1708891200000,0.5461,0.5478,0.5424,0.5431,80725681.9
1708905600000,0.5431,0.5439,0.538,0.5413,97905098.4
1708920000000,0.5413,0.5414,0.5365,0.5376,108396658.0
1708934400000,0.5375,0.5397,0.5309,0.531,202406876.6
1708948800000,0.531,0.5427,0.5292,0.5418,210502737.1
1708963200000,0.5417,0.5537,0.5412,0.5507,307728538.1
1708977600000,0.5506,0.5535,0.5486,0.5512,137566225.8
1708992000000,0.5512,0.5616,0.5482,0.5537,289388712.8
1709006400000,0.5537,0.5577,0.5504,0.5524,184729819.5
1709020800000,0.5524,0.5654,0.5522,0.5601,233625984.8
1709035200000,0.5602,0.571,0.5546,0.5612,425798145.8
1709049600000,0.5612,0.5977,0.5577,0.5942,645833653.4
1709064000000,0.5942,0.5942,0.5777,0.5869,350815017.1
1709078400000,0.5869,0.5913,0.5776,0.5786,244747127.9
1709092800000,0.5787,0.5844,0.5756,0.5838,241084435.3
1709107200000,0.5837,0.5933,0.576,0.5808,486772475.7
1709121600000,0.5809,0.5912,0.5801,0.5879,403316904.7
1709136000000,0.588,0.6076,0.5147,0.5656,1239647692.6
1709150400000,0.5655,0.5777,0.56,0.5755,240381411.1
1709164800000,0.5755,0.5886,0.5672,0.588,315493931.1
1709179200000,0.588,0.6095,0.5821,0.5942,577536366.5
1709193600000,0.5942,0.6027,0.5892,0.5973,426253871.8
1709208000000,0.5973,0.6102,0.591,0.6068,519959845.8
1709222400000,0.6068,0.6269,0.5924,0.6106,860318374.6
1709236800000,0.6106,0.6128,0.5764,0.5872,406187130.1
1709251200000,0.5872,0.5963,0.5866,0.5922,235798977.0
1709265600000,0.5921,0.5973,0.5834,0.5853,196203449.6
1709280000000,0.5854,0.596,0.5837,0.5897,178996203.1
1709294400000,0.5898,0.5994,0.5857,0.5884,304389101.9
1709308800000,0.5884,0.5977,0.587,0.5964,224659113.4
1709323200000,0.5964,0.6041,0.5937,0.6019,169584006.7
1709337600000,0.6018,0.64,0.6,0.6319,616004057.4
1709352000000,0.632,0.635,0.6206,0.6314,313583778.3
1709366400000,0.6314,0.6438,0.6207,0.6435,506690475.9
1709380800000,0.6435,0.6525,0.628,0.6304,465728370.5
1709395200000,0.6303,0.6397,0.6263,0.6345,216461540.9
1709409600000,0.6345,0.6461,0.6281,0.6449,160630681.4
1709424000000,0.645,0.6455,0.6288,0.6368,242423849.5
1709438400000,0.6367,0.6409,0.58,0.6107,543274596.8
1709452800000,0.6107,0.6253,0.607,0.6247,330741781.9
1709467200000,0.6247,0.6308,0.6182,0.6234,240513157.9
1709481600000,0.6233,0.6304,0.6205,0.6275,189313665.4
1709496000000,0.6274,0.6337,0.624,0.6272,135835998.1
1709510400000,0.6271,0.64,0.6088,0.6353,412775754.8
1709524800000,0.6352,0.6449,0.6236,0.6378,343529833.6
1709539200000,0.6378,0.667,0.6335,0.6607,681793776.8
1709553600000,0.6607,0.6658,0.644,0.6628,451587734.8
1709568000000,0.6628,0.6635,0.6348,0.6561,595085516.3
1709582400000,0.656,0.6561,0.6459,0.6484,205080282.6
1709596800000,0.6485,0.6699,0.6443,0.6537,510489792.4
1709611200000,0.6537,0.6576,0.6193,0.6409,679652765.5
1709625600000,0.641,0.6542,0.632,0.6508,329370975.8
1709640000000,0.6507,0.6553,0.6325,0.6392,601958736.1
1709654400000,0.6392,0.6428,0.5235,0.5677,1185342812.0
1709668800000,0.568,0.5954,0.5585,0.5915,737830882.0
1709683200000,0.5915,0.5991,0.5759,0.5839,321562885.3
1709697600000,0.5839,0.6179,0.5834,0.6155,371701680.2
1709712000000,0.6154,0.625,0.6082,0.6149,351783360.7
1709726400000,0.6148,0.6159,0.5891,0.5996,534487769.0
1709740800000,0.5996,0.6147,0.5982,0.6123,228456594.6
1709755200000,0.6122,0.617,0.6089,0.6128,178628593.8
1709769600000,0.6128,0.6285,0.6069,0.6281,391199006.5
1709784000000,0.628,0.6311,0.6137,0.6259,471639670.4
1709798400000,0.6258,0.629,0.618,0.6227,258937141.7
1709812800000,0.6228,0.6295,0.6153,0.6263,350174679.2
1709827200000,0.6261,0.6355,0.6205,0.6332,278212117.6
1709841600000,0.6332,0.6399,0.6276,0.628,225531223.4
1709856000000,0.628,0.6349,0.6254,0.629,203465267.6
1709870400000,0.6291,0.6305,0.6192,0.6218,196151206.2
1709884800000,0.6219,0.6314,0.6185,0.6291,183537410.2
1709899200000,0.6291,0.632,0.592,0.6146,469982502.2
1709913600000,0.6146,0.6254,0.6028,0.6205,397769033.0
1709928000000,0.6206,0.6241,0.6173,0.6204,133371570.2
1709942400000,0.6204,0.63,0.6186,0.6265,124637554.6
1709956800000,0.6264,0.6331,0.6254,0.6296,119204897.8
1709971200000,0.6296,0.6308,0.6163,0.6236,238403994.2
1709985600000,0.6237,0.6262,0.6181,0.6222,160474070.8
1710000000000,0.6222,0.6244,0.6168,0.6204,164889042.0
1710014400000,0.6204,0.6241,0.6192,0.6206,83658788.6
1710028800000,0.6206,0.6255,0.62,0.623,130737409.4
1710043200000,0.6231,0.6282,0.6222,0.627,102433455.6
1710057600000,0.627,0.6288,0.6171,0.6195,225896223.3
1710072000000,0.6196,0.6214,0.6017,0.6108,335814752.5
1710086400000,0.6108,0.6153,0.61,0.6126,107109315.5
1710100800000,0.6126,0.6147,0.5966,0.6086,206908362.8
1710115200000,0.6087,0.6101,0.581,0.6091,391470260.5
1710129600000,0.6091,0.6252,0.6038,0.6208,301174375.2
1710144000000,0.6209,0.6315,0.6204,0.6238,360602778.6
1710158400000,0.6237,0.6964,0.6163,0.6937,765999621.1
1710172800000,0.6938,0.7455,0.6787,0.7315,2295285087.5
1710187200000,0.7316,0.7383,0.7115,0.7243,623238895.3
1710201600000,0.7242,0.735,0.688,0.6902,669036032.4
1710216000000,0.6902,0.7106,0.6859,0.7034,574249449.8
1710230400000,0.7033,0.7058,0.677,0.7018,678059372.3
1710244800000,0.7017,0.7145,0.6875,0.7035,849509405.1
1710259200000,0.7035,0.7043,0.6565,0.6915,867455446.1
1710273600000,0.6916,0.6918,0.6834,0.6886,195377590.0
1710288000000,0.6887,0.7006,0.6825,0.6994,265969241.8
1710302400000,0.6994,0.7033,0.6943,0.6966,220387350.0
1710316800000,0.6967,0.6999,0.6874,0.6896,248263058.8
1710331200000,0.6896,0.6916,0.6688,0.6776,474390305.3
1710345600000,0.6776,0.6899,0.6743,0.6854,229693686.8
1710360000000,0.6854,0.6926,0.6807,0.6898,158265698.1
1710374400000,0.6898,0.6904,0.6813,0.6861,166795498.3
1710388800000,0.6861,0.6866,0.6725,0.6814,238172297.8
1710403200000,0.6815,0.7085,0.6776,0.6863,535739214.5
1710417600000,0.6864,0.691,0.6602,0.6694,744223207.8
1710432000000,0.6695,0.6788,0.6375,0.6522,615046831.5
1710446400000,0.6522,0.674,0.6512,0.6698,204570205.7
1710460800000,0.6698,0.6767,0.6049,0.6372,632958544.2
1710475200000,0.6372,0.6411,0.6235,0.6362,446271501.1
1710489600000,0.6362,0.6375,0.5945,0.6227,821515852.9
1710504000000,0.6226,0.6326,0.6189,0.6276,294945066.8
1710518400000,0.6277,0.6453,0.619,0.6314,358287098.4
1710532800000,0.6315,0.6377,0.6195,0.6348,227681633.3
1710547200000,0.6347,0.6484,0.6338,0.6416,219480997.3
1710561600000,0.6417,0.6431,0.6311,0.6408,179141063.3
1710576000000,0.6407,0.6432,0.6247,0.6311,211574857.6
1710590400000,0.631,0.6317,0.6132,0.625,312977447.2
1710604800000,0.625,0.6261,0.5976,0.6076,482095562.8
1710619200000,0.6076,0.6152,0.5922,0.6036,368924679.8
1710633600000,0.6036,0.6165,0.6002,0.6158,248311605.7
1710648000000,0.6158,0.616,0.5869,0.6008,322375091.1
1710662400000,0.6007,0.6207,0.5975,0.6151,287359175.7
1710676800000,0.6152,0.6224,0.6064,0.6209,226772556.8
1710691200000,0.6209,0.6246,0.618,0.6224,150950466.0
1710705600000,0.6224,0.6253,0.6167,0.6198,119859588.2
1710720000000,0.6198,0.6254,0.6026,0.6213,272259792.5
1710734400000,0.6213,0.6286,0.6169,0.6217,184633346.9
1710748800000,0.6218,0.6219,0.6082,0.6123,306927189.2
1710763200000,0.6122,0.6141,0.5978,0.6069,357923789.9
1710777600000,0.6069,0.6112,0.5946,0.6041,289687225.8
1710792000000,0.6042,0.6691,0.604,0.6457,886958964.1
1710806400000,0.6457,0.6494,0.6052,0.6156,836125907.5
1710820800000,0.6156,0.617,0.5779,0.5999,715524001.8
1710835200000,0.5999,0.6004,0.5712,0.5908,777712808.9
1710849600000,0.5908,0.6079,0.589,0.6066,446493012.3
1710864000000,0.6067,0.6114,0.602,0.6076,275292047.1
1710878400000,0.6076,0.6084,0.5757,0.585,436724784.1
1710892800000,0.585,0.5954,0.5798,0.5837,367637635.0
1710907200000,0.5836,0.5968,0.5687,0.5954,470440034.5
1710921600000,0.5954,0.6,0.591,0.5967,302026336.4
1710936000000,0.5967,0.6009,0.585,0.5869,352310497.5
1710950400000,0.5869,0.6092,0.5679,0.6069,669850913.5
1710964800000,0.6069,0.6191,0.6048,0.6112,321072783.9
1710979200000,0.6112,0.6141,0.6052,0.6077,214934969.4
1710993600000,0.6078,0.6098,0.5976,0.6051,270395393.7
1711008000000,0.6051,0.6248,0.6048,0.6183,397339188.3
1711022400000,0.6183,0.655,0.6137,0.6368,647692785.9
1711036800000,0.6367,0.6474,0.6283,0.6366,632369552.7
1711051200000,0.6366,0.6437,0.6293,0.6412,279482981.9
1711065600000,0.6412,0.646,0.6234,0.6366,304812151.9
1711080000000,0.6366,0.6391,0.6297,0.6354,180927232.1
1711094400000,0.6354,0.6386,0.6144,0.6165,329602673.2
1711108800000,0.6165,0.6225,0.599,0.6111,492196788.2
1711123200000,0.6112,0.6148,0.6043,0.6126,208675431.6
1711137600000,0.6127,0.6152,0.6042,0.6119,176108753.5
1711152000000,0.6119,0.6175,0.603,0.609,159752627.6
1711166400000,0.609,0.6187,0.6087,0.6165,104026684.1
1711180800000,0.6165,0.6219,0.6153,0.6196,111584386.9
1711195200000,0.6197,0.6334,0.6191,0.6283,238722085.0
1711209600000,0.6284,0.6319,0.6245,0.6251,138486849.3
1711224000000,0.6251,0.6261,0.6161,0.6172,114786049.0
1711238400000,0.6173,0.6223,0.6141,0.6157,103797832.2
1711252800000,0.6157,0.6342,0.6136,0.6272,233672315.4
1711267200000,0.6272,0.6344,0.6258,0.6314,155245696.8
1711281600000,0.6314,0.6349,0.6274,0.6322,159118579.5
1711296000000,0.6322,0.633,0.6239,0.6304,161598377.7
1711310400000,0.6304,0.6362,0.6287,0.6333,139525126.5
1711324800000,0.6333,0.6344,0.6289,0.6318,100643254.0
1711339200000,0.6318,0.6377,0.6282,0.6297,155200351.1
1711353600000,0.6296,0.6348,0.6267,0.6274,146900547.3
1711368000000,0.6274,0.6465,0.6274,0.6425,283634965.6
1711382400000,0.6426,0.6636,0.629,0.6559,586589985.0
1711396800000,0.6559,0.6589,0.6384,0.6408,244322461.2
1711411200000,0.6408,0.6482,0.6397,0.6442,128754872.4
1711425600000,0.6443,0.6534,0.6436,0.6473,173783971.9
1711440000000,0.6474,0.6509,0.6435,0.6449,161914427.4
1711454400000,0.645,0.6458,0.6262,0.6347,371302215.1
1711468800000,0.6348,0.6363,0.6252,0.6303,206608669.5
1711483200000,0.6304,0.6347,0.6299,0.6323,99485150.6
1711497600000,0.6324,0.6355,0.6292,0.6323,109050218.7
1711512000000,0.6323,0.6331,0.6187,0.621,203364972.6
1711526400000,0.621,0.6238,0.612,0.6227,268157139.2
1711540800000,0.6228,0.6306,0.6056,0.6116,455088178.9
1711555200000,0.6116,0.6186,0.6077,0.6149,187746416.4
1711569600000,0.6149,0.6165,0.609,0.6123,102865989.4
1711584000000,0.6123,0.617,0.6036,0.6101,171735642.3
1711598400000,0.6102,0.625,0.6097,0.6227,177379308.2
1711612800000,0.6228,0.6251,0.6193,0.6221,176979986.4
1711627200000,0.6221,0.6255,0.6176,0.6231,175712686.6
1711641600000,0.6231,0.638,0.6201,0.6278,348523879.7
1711656000000,0.6277,0.6306,0.6238,0.6252,101746685.5
1711670400000,0.6252,0.6262,0.62,0.6216,116312241.1
1711684800000,0.6217,0.624,0.609,0.6109,198516573.8
1711699200000,0.6109,0.6324,0.6106,0.6299,266552115.3
1711713600000,0.63,0.6464,0.6208,0.6254,489569677.4
1711728000000,0.6254,0.637,0.6238,0.6268,224169424.3
1711742400000,0.6268,0.6329,0.6214,0.6308,113431285.5
1711756800000,0.6307,0.6327,0.6243,0.6261,94616090.4
1711771200000,0.6261,0.6287,0.6228,0.623,89077262.7
1711785600000,0.623,0.6283,0.6212,0.6278,82782557.8
1711800000000,0.6279,0.638,0.6259,0.6294,178598413.6
1711814400000,0.6295,0.6339,0.6234,0.6275,138374624.0
1711828800000,0.6274,0.6283,0.618,0.6217,125532456.4
1711843200000,0.6217,0.6264,0.621,0.623,71694924.1
1711857600000,0.6231,0.6289,0.6219,0.628,67051021.0
1711872000000,0.6279,0.6296,0.6253,0.6272,53701759.1
1711886400000,0.6273,0.6294,0.6262,0.6275,62801558.1
1711900800000,0.6275,0.6311,0.6256,0.6296,78134213.9
1711915200000,0.6297,0.6305,0.6258,0.6297,75466816.3
1711929600000,0.6297,0.6345,0.6277,0.628,109345973.7
1711944000000,0.6281,0.6299,0.5967,0.6157,386823359.5
1711958400000,0.6158,0.6159,0.6075,0.6099,157356218.1
1711972800000,0.6099,0.6152,0.595,0.6001,321879423.6
1711987200000,0.6001,0.6124,0.5987,0.6117,207307150.9
1712001600000,0.6117,0.615,0.6106,0.6115,90527131.7
1712016000000,0.6115,0.619,0.5823,0.5959,505682416.6
1712030400000,0.5958,0.6035,0.5937,0.6001,218030902.8
1712044800000,0.6001,0.6024,0.5804,0.589,420355758.4
1712059200000,0.5889,0.5942,0.5792,0.5821,301163351.7
1712073600000,0.5821,0.5938,0.58,0.5911,182261230.8
1712088000000,0.5911,0.5947,0.5846,0.5858,150167796.1
1712102400000,0.5858,0.5885,0.5665,0.5856,298885605.7
1712116800000,0.5856,0.5915,0.5836,0.5886,122478801.1
1712131200000,0.5886,0.5934,0.5808,0.5832,180854306.6
1712145600000,0.5833,0.5858,0.5761,0.5803,214406579.5
1712160000000,0.5803,0.5849,0.5723,0.5759,170203454.5
1712174400000,0.5758,0.577,0.5665,0.5746,171567803.4
1712188800000,0.5746,0.5789,0.5655,0.5691,185132170.3
1712203200000,0.5691,0.5772,0.5626,0.5738,185761346.6
1712217600000,0.5739,0.5798,0.5733,0.5756,138217202.3
1712232000000,0.5756,0.6174,0.5753,0.5944,939811565.3
1712246400000,0.5943,0.6054,0.5942,0.5966,229979707.5
1712260800000,0.5966,0.5971,0.5853,0.5937,196355877.4
1712275200000,0.5938,0.5944,0.5791,0.5882,172609431.0
1712289600000,0.5882,0.5885,0.5767,0.5822,211283395.5
1712304000000,0.5822,0.5881,0.5721,0.5726,259666639.6
1712318400000,0.5727,0.5837,0.5687,0.5835,232848562.8
1712332800000,0.5834,0.5913,0.5806,0.5889,125851055.3
1712347200000,0.5889,0.5916,0.5867,0.5872,90947681.2
1712361600000,0.5873,0.5913,0.5856,0.5897,72171766.2
1712376000000,0.5898,0.5926,0.5887,0.5902,62990773.8
1712390400000,0.5903,0.5926,0.5878,0.5884,60383427.9
1712404800000,0.5884,0.5975,0.587,0.5946,112037336.8
1712419200000,0.5946,0.5952,0.5889,0.5909,87574144.5
1712433600000,0.591,0.5992,0.5893,0.5932,98204572.0
1712448000000,0.5933,0.5985,0.5926,0.5954,76426758.9
1712462400000,0.5954,0.5971,0.5944,0.596,44096911.1
1712476800000,0.596,0.5994,0.5953,0.5977,49099399.3
1712491200000,0.5976,0.6033,0.5953,0.5968,143107450.0
1712505600000,0.5969,0.6012,0.5897,0.5913,137705332.9
1712520000000,0.5913,0.5955,0.5899,0.5948,88176871.5
1712534400000,0.5948,0.5949,0.588,0.5924,87344295.3
1712548800000,0.5925,0.6055,0.5897,0.6023,189571334.0
1712563200000,0.6024,0.6126,0.6012,0.608,272780045.4
1712577600000,0.6081,0.6197,0.5974,0.6158,290896505.3
1712592000000,0.6159,0.6271,0.615,0.6251,259809584.5
1712606400000,0.6252,0.6263,0.6152,0.6152,112266530.1
1712620800000,0.6153,0.6175,0.612,0.6139,115641876.1
1712635200000,0.6139,0.6213,0.6075,0.6089,204881312.7
1712649600000,0.6089,0.6266,0.6014,0.6248,267748659.2
1712664000000,0.6248,0.6439,0.6105,0.6225,712553931.0
1712678400000,0.6226,0.6255,0.6114,0.6247,168699419.7
1712692800000,0.6247,0.628,0.6109,0.6145,145648402.9
1712707200000,0.6145,0.6158,0.6011,0.6073,241226278.5
1712721600000,0.6073,0.6168,0.6061,0.6151,153837329.7
1712736000000,0.6151,0.6166,0.6052,0.6128,228155673.6
1712750400000,0.6129,0.6143,0.5925,0.6079,346767793.5
1712764800000,0.608,0.6206,0.6045,0.6191,191332521.1
1712779200000,0.6191,0.621,0.6133,0.6176,99645934.5
1712793600000,0.6177,0.6217,0.6152,0.6204,113016716.4
1712808000000,0.6203,0.6217,0.615,0.6194,115709961.2
1712822400000,0.6194,0.6219,0.608,0.6097,164043686.8
1712836800000,0.6097,0.6158,0.6058,0.6087,179811107.5
1712851200000,0.6086,0.6129,0.6034,0.6127,135351132.6
1712865600000,0.6127,0.6144,0.6069,0.6089,98157645.4
1712880000000,0.6089,0.6123,0.6068,0.6122,74339682.2
1712894400000,0.6122,0.6164,0.6094,0.6107,129104777.3
1712908800000,0.6107,0.613,0.6069,0.6086,105033650.1
1712923200000,0.6086,0.6089,0.5918,0.5937,285194410.7
1712937600000,0.5938,0.5977,0.4907,0.5363,1235200778.7
1712952000000,0.5364,0.5488,0.5339,0.5469,327455375.7
1712966400000,0.5469,0.5476,0.5287,0.5432,331334697.5
1712980800000,0.5431,0.5492,0.5414,0.5426,147301351.5
1712995200000,0.5426,0.5462,0.5386,0.5424,126059385.3
1713009600000,0.5425,0.5484,0.5408,0.5432,169573815.7
1713024000000,0.5431,0.5439,0.4686,0.4917,909181893.4
1713038400000,0.4916,0.4957,0.4099,0.4786,1585775163.9
1713052800000,0.4786,0.4833,0.4636,0.4699,459543377.6
1713067200000,0.4698,0.4987,0.4677,0.4953,304384175.9
1713081600000,0.4954,0.4988,0.4796,0.4824,269785490.8
1713096000000,0.4823,0.493,0.4791,0.4865,316285440.1
1713110400000,0.4866,0.4956,0.4731,0.4897,465675539.7
1713124800000,0.4897,0.507,0.4841,0.5029,285487894.2
1713139200000,0.503,0.5044,0.4935,0.4981,183951819.9
1713153600000,0.4982,0.5183,0.4941,0.5134,280010113.4
1713168000000,0.5135,0.5188,0.5108,0.5112,245443992.5
1713182400000,0.5111,0.5142,0.4881,0.4968,460879872.4
1713196800000,0.4969,0.4997,0.4808,0.4971,554339154.4
1713211200000,0.4972,0.5,0.4885,0.4973,174806277.8
1713225600000,0.4974,0.4979,0.4856,0.4888,229107565.4
1713240000000,0.4888,0.5017,0.475,0.4983,307165486.0
1713254400000,0.4984,0.4992,0.4778,0.491,336289929.6
1713268800000,0.4911,0.4923,0.4806,0.4876,309353830.7
1713283200000,0.4875,0.4973,0.4865,0.4911,289309712.7
1713297600000,0.4911,0.4984,0.4904,0.496,115432163.7
1713312000000,0.496,0.4976,0.4918,0.4974,107331116.6
1713326400000,0.4974,0.5078,0.4952,0.5038,221265880.7
1713340800000,0.5038,0.5052,0.487,0.4873,242431356.7
1713355200000,0.4874,0.4934,0.4727,0.4777,454413466.3
1713369600000,0.4778,0.5019,0.4713,0.4989,431269069.1
1713384000000,0.4989,0.4992,0.4902,0.4947,169731404.7
1713398400000,0.4948,0.4992,0.487,0.4973,179764035.6
1713412800000,0.4972,0.498,0.4873,0.4899,169074074.9
1713427200000,0.4899,0.4985,0.4854,0.4951,224396201.4
1713441600000,0.4952,0.5055,0.4876,0.5003,279353784.3
1713456000000,0.5003,0.5033,0.4935,0.5024,170959744.5
1713470400000,0.5024,0.5037,0.5003,0.5022,98001616.9
1713484800000,0.5021,0.5022,0.466,0.4843,496807604.5
1713499200000,0.4843,0.5038,0.4826,0.495,363740905.5
1713513600000,0.4951,0.503,0.4942,0.5013,244933239.6
1713528000000,0.5013,0.5037,0.493,0.5028,234900720.0
1713542400000,0.5029,0.5075,0.4969,0.5064,186194152.3
1713556800000,0.5064,0.5105,0.4958,0.5027,207562722.9
1713571200000,0.5026,0.5149,0.4978,0.5115,195978037.8
1713585600000,0.5114,0.5161,0.5098,0.5137,149035147.4
1713600000000,0.5137,0.5257,0.5119,0.5195,304435267.2
1713614400000,0.5195,0.5218,0.5148,0.5211,143025813.0
1713628800000,0.5211,0.5298,0.5193,0.5268,213478020.4
1713643200000,0.5268,0.5297,0.5252,0.5285,90718885.6
1713657600000,0.5285,0.5299,0.5213,0.5264,131212164.2
1713672000000,0.5264,0.5354,0.525,0.5334,113970008.0
1713686400000,0.5333,0.5366,0.5274,0.53,134078215.8
1713700800000,0.5299,0.5307,0.5228,0.5273,142703978.8
1713715200000,0.5272,0.5278,0.518,0.5228,183855088.2
1713729600000,0.5227,0.5292,0.521,0.5243,104137199.8
1713744000000,0.5243,0.5361,0.5217,0.5331,179553870.8
1713758400000,0.533,0.5398,0.5315,0.5319,171550721.2
1713772800000,0.532,0.5353,0.5303,0.5326,106465655.2
1713787200000,0.5327,0.5434,0.5305,0.5384,187402068.1
1713801600000,0.5384,0.5547,0.538,0.551,297401605.3
1713816000000,0.551,0.5713,0.551,0.5558,365989790.9
1713830400000,0.5558,0.5573,0.5465,0.5486,134721345.0
1713844800000,0.5485,0.5513,0.5446,0.549,145478355.5
1713859200000,0.549,0.5508,0.5413,0.5435,170036126.9
1713873600000,0.5435,0.5492,0.5416,0.5464,176923065.1
1713888000000,0.5465,0.5547,0.5455,0.554,140250498.9
1713902400000,0.554,0.5546,0.5429,0.5443,168779274.1
1713916800000,0.5442,0.5478,0.5402,0.5463,125370595.1
1713931200000,0.5464,0.5513,0.5449,0.5491,141172319.6
1713945600000,0.5491,0.5517,0.5422,0.5442,132626846.9
1713960000000,0.5443,0.5459,0.5239,0.5259,406911868.2
1713974400000,0.5259,0.5377,0.5251,0.537,194867321.1
1713988800000,0.5369,0.5378,0.5206,0.5271,184764266.4
1714003200000,0.527,0.5306,0.519,0.5255,140683943.4
1714017600000,0.5255,0.529,0.5182,0.5223,144778455.9
1714032000000,0.5223,0.5268,0.5152,0.5189,187102840.7
1714046400000,0.5188,0.5255,0.5133,0.5244,220979430.9
1714060800000,0.5244,0.5314,0.5232,0.5302,122423346.9
1714075200000,0.5302,0.5325,0.5239,0.5251,93033026.6
1714089600000,0.5251,0.5295,0.5166,0.5274,157281218.4
1714104000000,0.5275,0.5358,0.5247,0.5256,164571138.1
1714118400000,0.5256,0.5271,0.5205,0.5225,129836022.4
1714132800000,0.5224,0.5261,0.5139,0.5201,210141172.1
1714147200000,0.5202,0.528,0.519,0.5263,99502922.1
1714161600000,0.5264,0.5296,0.5223,0.5257,93170030.7
1714176000000,0.5257,0.5263,0.5063,0.5185,255126564.9
1714190400000,0.5184,0.5201,0.5142,0.5143,68789452.8
1714204800000,0.5143,0.5155,0.5103,0.5131,87651549.6
1714219200000,0.513,0.519,0.5121,0.5155,92468540.8
1714233600000,0.5156,0.5228,0.5146,0.5199,110771972.0
1714248000000,0.52,0.5203,0.5166,0.5176,51511892.1
1714262400000,0.5176,0.5244,0.5173,0.5224,70180720.4
1714276800000,0.5223,0.525,0.5211,0.5232,44668662.4
1714291200000,0.5232,0.5236,0.5161,0.5169,89683146.6
1714305600000,0.5168,0.5204,0.5167,0.5198,58244100.5
1714320000000,0.5199,0.5218,0.5183,0.5192,49976466.7
1714334400000,0.5192,0.5195,0.5079,0.5099,137016912.5
1714348800000,0.5099,0.514,0.5018,0.5032,148479215.8
1714363200000,0.5032,0.5079,0.4982,0.5022,198419336.2
1714377600000,0.5021,0.5088,0.4994,0.5055,136037982.5
1714392000000,0.5055,0.5136,0.5025,0.5121,159492974.4
1714406400000,0.5122,0.5174,0.511,0.5161,125592557.9
1714420800000,0.5161,0.5172,0.5094,0.5147,107080372.2
1714435200000,0.5148,0.5196,0.5072,0.5145,122620303.7
1714449600000,0.5144,0.5173,0.5095,0.51,102400350.4
1714464000000,0.5101,0.5107,0.4946,0.4968,257167672.6
1714478400000,0.4969,0.5006,0.4873,0.4958,251490207.7
1714492800000,0.4958,0.4987,0.4855,0.4957,239444585.0
1714507200000,0.4958,0.5021,0.4957,0.5004,144266239.0
1714521600000,0.5003,0.5037,0.4956,0.503,133492269.4
1714536000000,0.5031,0.5045,0.4841,0.4905,297058045.5
1714550400000,0.4905,0.4955,0.4772,0.494,300485897.5
1714564800000,0.494,0.4994,0.4922,0.4988,170050425.7
1714579200000,0.4988,0.5213,0.4978,0.5103,448141555.8
1714593600000,0.5105,0.5191,0.5073,0.5173,170816160.0
1714608000000,0.5174,0.5199,0.5076,0.5107,200565601.3
1714622400000,0.5107,0.5146,0.5065,0.5135,115356825.3
1714636800000,0.5135,0.5183,0.5109,0.5174,132820957.4
1714651200000,0.5173,0.5223,0.5126,0.5199,161730459.7
1714665600000,0.5199,0.5234,0.518,0.5229,114649484.1
1714680000000,0.5229,0.5242,0.5175,0.5178,99360831.8
1714694400000,0.5177,0.5228,0.5156,0.5219,87934705.0
1714708800000,0.5219,0.5223,0.5168,0.518,104796139.1
1714723200000,0.5181,0.5264,0.5143,0.516,162025008.9
1714737600000,0.516,0.5275,0.5152,0.5265,186112674.4
1714752000000,0.5264,0.5308,0.5248,0.5302,80963695.3
1714766400000,0.5302,0.5364,0.5291,0.5312,118966791.9
1714780800000,0.5313,0.5326,0.5268,0.5294,88828322.3
1714795200000,0.5293,0.5309,0.5272,0.5275,57347233.4
1714809600000,0.5275,0.5374,0.5274,0.5343,116732640.3
1714824000000,0.5343,0.5408,0.5334,0.5358,131950277.1
1714838400000,0.5359,0.5359,0.5313,0.5333,60140577.5
1714852800000,0.5333,0.535,0.5284,0.5299,62872167.2
1714867200000,0.5299,0.5306,0.5236,0.5276,102494354.5
1714881600000,0.5276,0.5299,0.5259,0.5282,50184658.4
1714896000000,0.5282,0.5318,0.5276,0.5291,58847346.1
1714910400000,0.5291,0.5323,0.5259,0.5314,81772462.6
1714924800000,0.5315,0.5333,0.5281,0.5299,58993763.8
1714939200000,0.5298,0.5304,0.5272,0.5292,40414866.2
1714953600000,0.5293,0.5331,0.528,0.5314,70825673.5
1714968000000,0.5314,0.54,0.5304,0.5396,106344756.9
1714982400000,0.5397,0.5475,0.5305,0.5349,267437617.2
1714996800000,0.5348,0.5594,0.5244,0.5592,339121843.1
1715011200000,0.5592,0.57,0.5422,0.5464,768497763.6
1715025600000,0.5463,0.5478,0.5384,0.5398,151779850.5
1715040000000,0.5398,0.5441,0.5324,0.5384,172010848.7
1715054400000,0.5384,0.5399,0.5308,0.5376,132232842.1
1715068800000,0.5375,0.5433,0.5341,0.5344,208183431.1
1715083200000,0.5344,0.5417,0.5338,0.5397,168024457.5
1715097600000,0.5398,0.5425,0.5347,0.5358,134657332.5
1715112000000,0.5358,0.5373,0.5213,0.5242,159864147.3
1715126400000,0.5242,0.5262,0.5181,0.5252,125071554.7
1715140800000,0.5252,0.5267,0.5169,0.5207,152114274.5
1715155200000,0.5207,0.5235,0.5181,0.5194,104408177.2
1715169600000,0.5195,0.5295,0.5174,0.5273,181933399.8
1715184000000,0.5274,0.5291,0.5225,0.5251,79095327.9
1715198400000,0.5252,0.5264,0.5149,0.5168,148760875.8
1715212800000,0.5169,0.5222,0.5167,0.5218,61346582.3
1715227200000,0.5219,0.5234,0.5142,0.5156,97163105.1
1715241600000,0.5155,0.5194,0.5086,0.5136,149694910.6
1715256000000,0.5136,0.5175,0.5083,0.5166,152081035.7
1715270400000,0.5167,0.5196,0.5132,0.519,87619744.5
1715284800000,0.5191,0.5216,0.5161,0.5206,91079616.7
1715299200000,0.5206,0.5206,0.5161,0.5173,62826785.8
1715313600000,0.5172,0.5186,0.5144,0.5172,100928681.7
1715328000000,0.5172,0.5176,0.5123,0.516,93742308.3
1715342400000,0.516,0.5171,0.4963,0.5009,361200847.4
1715356800000,0.501,0.506,0.4969,0.5048,138784781.2
1715371200000,0.5049,0.5064,0.4994,0.5019,87013599.4
1715385600000,0.5019,0.5056,0.5014,0.5029,66557529.2
1715400000000,0.503,0.506,0.5023,0.5054,46371865.9
1715414400000,0.5054,0.5058,0.5002,0.5022,62418193.1
1715428800000,0.5021,0.5077,0.5017,0.5064,69838903.9
1715443200000,0.5065,0.5071,0.5052,0.5063,41596918.7
1715457600000,0.5064,0.507,0.5041,0.5057,35021578.8
1715472000000,0.5057,0.5078,0.5047,0.5073,30597877.2
1715486400000,0.5072,0.5084,0.5029,0.5039,48197430.6
1715500800000,0.5039,0.5069,0.5028,0.5044,55794495.5
1715515200000,0.5044,0.5054,0.5031,0.5047,44287094.5
1715529600000,0.5047,0.5061,0.5002,0.501,62862069.4
1715544000000,0.501,0.5012,0.495,0.4989,86437438.2
1715558400000,0.4989,0.5027,0.4861,0.4931,227068160.9
1715572800000,0.493,0.5044,0.4901,0.5031,138476604.1
1715587200000,0.5031,0.5104,0.5002,0.5063,183372446.9
1715601600000,0.5063,0.5098,0.5041,0.5091,108034493.9
1715616000000,0.509,0.5119,0.5042,0.5076,112210599.8
1715630400000,0.5076,0.5078,0.5022,0.505,59097911.2
1715644800000,0.505,0.5095,0.503,0.5066,92394285.6
1715659200000,0.5066,0.5079,0.4967,0.5055,152350912.8
1715673600000,0.5055,0.5093,0.5031,0.5064,103843756.5
1715688000000,0.5065,0.513,0.4973,0.5078,231837569.5
1715702400000,0.5079,0.5085,0.5019,0.5052,121558803.6
1715716800000,0.5052,0.5059,0.4983,0.4999,81303621.6
1715731200000,0.5,0.5019,0.496,0.5014,65447336.2
1715745600000,0.5014,0.5024,0.4978,0.4995,78328483.1
1715760000000,0.4996,0.5033,0.4976,0.5005,103722776.2
1715774400000,0.5004,0.5119,0.4983,0.5104,231646802.2
1715788800000,0.5104,0.5186,0.5097,0.5183,146852126.7
1715803200000,0.5183,0.5193,0.5162,0.5186,79799307.0
1715817600000,0.5186,0.519,0.5152,0.5174,97243159.4
1715832000000,0.5174,0.5205,0.5164,0.5204,87258655.3
1715846400000,0.5204,0.5225,0.5157,0.5186,108020267.2
1715860800000,0.5186,0.5195,0.5119,0.5185,177135834.3
1715875200000,0.5185,0.5215,0.5157,0.518,124361437.3
1715889600000,0.518,0.5181,0.5126,0.5155,63586431.9
1715904000000,0.5155,0.5175,0.5132,0.5165,54974530.0
1715918400000,0.5164,0.5226,0.5147,0.5215,91226638.1
1715932800000,0.5214,0.5225,0.5177,0.5203,96388163.6
1715947200000,0.5203,0.5268,0.5194,0.5251,120082739.3
1715961600000,0.5251,0.5291,0.5211,0.5236,99139127.4
1715976000000,0.5236,0.5244,0.5207,0.5231,42362332.6
1715990400000,0.5231,0.5242,0.5212,0.5239,40850611.3
1716004800000,0.5239,0.5241,0.5216,0.5226,39918942.9
1716019200000,0.5226,0.5253,0.5224,0.5234,45601648.6
1716033600000,0.5234,0.5242,0.5182,0.5218,99561979.9
1716048000000,0.5218,0.5225,0.52,0.5203,32550525.5
1716062400000,0.5202,0.5218,0.5198,0.521,25132879.3
1716076800000,0.521,0.5233,0.52,0.522,35912617.9
1716091200000,0.522,0.5225,0.5191,0.5204,39183659.5
1716105600000,0.5204,0.5207,0.5152,0.5174,78302966.4
1716120000000,0.5173,0.5174,0.5104,0.5123,103415247.5
1716134400000,0.5123,0.5129,0.5068,0.5075,79929541.3
1716148800000,0.5074,0.5102,0.5056,0.5091,46347110.0
1716163200000,0.5092,0.5135,0.5058,0.5127,69507486.5
1716177600000,0.5128,0.518,0.5058,0.5137,126607591.3
1716192000000,0.5136,0.5145,0.5099,0.5122,76586611.5
1716206400000,0.5121,0.5175,0.5102,0.5165,94067549.9
1716220800000,0.5164,0.5346,0.5158,0.5338,250446938.4
1716235200000,0.5337,0.5382,0.5286,0.5379,257158280.5
1716249600000,0.5379,0.5435,0.5334,0.5354,186287920.6
1716264000000,0.5355,0.541,0.5331,0.541,140466025.9
1716278400000,0.5409,0.5471,0.5384,0.5428,194350034.3
1716292800000,0.5428,0.5575,0.5407,0.5428,337271648.7
1716307200000,0.5428,0.5474,0.5339,0.5376,213583523.2
1716321600000,0.5376,0.5415,0.5317,0.5372,114297435.4
1716336000000,0.5372,0.5379,0.5331,0.5369,72650399.6
1716350400000,0.5368,0.5369,0.5285,0.5347,125921715.7
1716364800000,0.5347,0.5384,0.5311,0.533,114772879.2
1716379200000,0.533,0.5372,0.5263,0.5361,167974594.4
1716393600000,0.536,0.5384,0.5266,0.529,127148556.7
1716408000000,0.5291,0.5307,0.5212,0.5272,98604625.0
1716422400000,0.5272,0.5302,0.5256,0.5299,63101731.1
1716436800000,0.53,0.5302,0.5251,0.5292,79539657.4
1716451200000,0.5293,0.531,0.5226,0.5295,111514937.6
1716465600000,0.5295,0.5498,0.4999,0.5293,788577292.2
1716480000000,0.5294,0.5303,0.5165,0.5207,211260146.1
1716494400000,0.5207,0.5305,0.4965,0.529,367395335.8
1716508800000,0.529,0.5354,0.5261,0.5308,99734790.6
1716523200000,0.5308,0.532,0.5169,0.5233,153843058.8
1716537600000,0.5232,0.5319,0.5179,0.5281,142538251.6
1716552000000,0.528,0.5378,0.527,0.5329,191494570.2
1716566400000,0.533,0.5345,0.5302,0.5334,92225824.4
1716580800000,0.5334,0.5368,0.5316,0.5364,63992407.7
1716595200000,0.5364,0.5364,0.5336,0.5351,47827125.2
1716609600000,0.5351,0.5381,0.5344,0.5352,58846534.4
1716624000000,0.5353,0.5422,0.5343,0.5381,87877669.7
1716638400000,0.5381,0.543,0.5322,0.5399,137239980.4
1716652800000,0.5399,0.5409,0.5377,0.5396,49732584.1
1716667200000,0.5396,0.5429,0.5388,0.542,51981035.5
1716681600000,0.542,0.5424,0.5388,0.5404,47881765.2
1716696000000,0.5403,0.5404,0.5379,0.5399,39194124.8
1716710400000,0.5398,0.5403,0.5342,0.5367,78395409.3
1716724800000,0.5367,0.5368,0.5296,0.5313,93126586.1
1716739200000,0.5314,0.5324,0.5297,0.5312,54689385.7
1716753600000,0.5312,0.5313,0.5256,0.5285,65911001.8
1716768000000,0.5285,0.5342,0.5277,0.5317,56337338.0
1716782400000,0.5317,0.5327,0.5239,0.5279,103054024.0
1716796800000,0.528,0.5325,0.5269,0.5285,83417868.8
1716811200000,0.5284,0.5414,0.5282,0.5397,133509167.7
1716825600000,0.5397,0.5414,0.5287,0.5318,128779578.0
1716840000000,0.5318,0.537,0.5313,0.5343,68770576.0
1716854400000,0.5343,0.5359,0.5256,0.5277,166866800.8
1716868800000,0.5278,0.5281,0.5211,0.5265,123374770.5
1716883200000,0.5265,0.5336,0.5257,0.5309,106799719.0
1716897600000,0.5309,0.5341,0.526,0.5305,121652633.4
1716912000000,0.5305,0.5309,0.5225,0.5276,93308137.5
1716926400000,0.5277,0.5303,0.526,0.5291,45229014.0
1716940800000,0.529,0.5298,0.5253,0.5292,57693430.6
1716955200000,0.5293,0.5324,0.5255,0.5263,101323723.9
1716969600000,0.5264,0.5339,0.5215,0.5297,173318520.6
1716984000000,0.5297,0.5328,0.5277,0.5284,113057770.4
1716998400000,0.5283,0.5296,0.5233,0.5235,91161624.1
1717012800000,0.5235,0.5253,0.5202,0.5239,75156950.0
1717027200000,0.5239,0.5281,0.5231,0.5279,51103023.4
1717041600000,0.5278,0.5288,0.5139,0.5161,158138106.9
1717056000000,0.5162,0.5227,0.5125,0.5209,124069055.1
1717070400000,0.5208,0.5252,0.52,0.5251,109032718.0
1717084800000,0.525,0.5267,0.5216,0.5224,83088199.1
1717099200000,0.5224,0.5225,0.5168,0.519,71826221.7
1717113600000,0.5189,0.5223,0.5178,0.522,42926390.0
1717128000000,0.522,0.5222,0.5164,0.5168,65800116.0
1717142400000,0.5169,0.5237,0.5166,0.5218,120854357.0
1717156800000,0.5218,0.5264,0.5173,0.5178,167399549.7
1717171200000,0.5178,0.5198,0.5119,0.5185,115680485.4
1717185600000,0.5184,0.5202,0.5172,0.5179,49976927.8
1717200000000,0.5179,0.5206,0.5177,0.5197,36309094.4
1717214400000,0.5196,0.5205,0.5186,0.5192,36139255.4
1717228800000,0.5193,0.5218,0.5187,0.5206,49248462.0
1717243200000,0.5206,0.5224,0.5201,0.5205,44917604.4
1717257600000,0.5206,0.5213,0.5186,0.52,41189103.9
1717272000000,0.52,0.5211,0.5182,0.5189,31135161.5
1717286400000,0.5189,0.5202,0.5183,0.5195,31874322.7
1717300800000,0.5195,0.5199,0.5166,0.5168,42335310.5
1717315200000,0.5168,0.5182,0.5129,0.5177,103550128.3
1717329600000,0.5176,0.5216,0.5167,0.518,66989921.2
1717344000000,0.5181,0.5184,0.5082,0.5127,117549432.3
1717358400000,0.5127,0.5153,0.5104,0.5137,43548776.4
1717372800000,0.5138,0.5197,0.5118,0.517,88492584.5
1717387200000,0.517,0.5225,0.5154,0.5213,115510186.6
1717401600000,0.5213,0.5234,0.5191,0.5193,76889610.0
1717416000000,0.5193,0.5235,0.5167,0.5222,113108037.8
1717430400000,0.5222,0.5225,0.5178,0.5222,70782654.4
1717444800000,0.5222,0.523,0.5198,0.5203,51881738.8
1717459200000,0.5202,0.5225,0.5185,0.5218,45734383.7
1717473600000,0.5218,0.5222,0.5186,0.5206,58319679.5
1717488000000,0.5205,0.5261,0.5187,0.5229,163938967.0
1717502400000,0.5228,0.5303,0.5225,0.5299,145169226.9
1717516800000,0.5299,0.5309,0.5248,0.5275,141455729.1
1717531200000,0.5275,0.5276,0.5245,0.526,51936612.5
1717545600000,0.5259,0.5283,0.5247,0.5261,66691484.0
1717560000000,0.5261,0.5278,0.5247,0.5272,68748647.5
1717574400000,0.5273,0.5334,0.5257,0.5292,169080120.7
1717588800000,0.5291,0.5306,0.5261,0.5298,92685163.7
1717603200000,0.5298,0.5309,0.5258,0.5278,80951192.5
1717617600000,0.5278,0.5282,0.5236,0.5263,49138120.3
1717632000000,0.5263,0.5276,0.5245,0.526,48657346.8
1717646400000,0.526,0.5265,0.5225,0.5251,79596919.3
1717660800000,0.525,0.5277,0.5231,0.5267,64296448.3
1717675200000,0.5267,0.5285,0.5255,0.5269,86775992.7
1717689600000,0.527,0.5284,0.5192,0.5204,115194631.6
1717704000000,0.5204,0.5226,0.5162,0.5218,71689220.5
1717718400000,0.5218,0.523,0.5201,0.5229,49857967.1
1717732800000,0.5229,0.5263,0.5225,0.5256,94419434.3
1717747200000,0.5257,0.5285,0.523,0.5277,76975534.0
1717761600000,0.5278,0.5285,0.522,0.5243,142143718.3
1717776000000,0.5244,0.5245,0.4475,0.493,898035301.6
1717790400000,0.4929,0.5028,0.4915,0.4989,138309502.3
1717804800000,0.499,0.5005,0.4967,0.4999,60338183.4
1717819200000,0.4999,0.501,0.4984,0.5004,44174831.8
1717833600000,0.5003,0.5005,0.4914,0.4934,79317358.1
1717848000000,0.4935,0.4957,0.4904,0.4931,125899442.0
1717862400000,0.4931,0.4953,0.4896,0.493,88677983.9
1717876800000,0.4929,0.4944,0.491,0.4926,52794889.7
1717891200000,0.4925,0.4944,0.4905,0.493,46224897.2
1717905600000,0.493,0.4945,0.4921,0.4939,32847370.2
1717920000000,0.4939,0.4951,0.4924,0.4943,33163435.9
1717934400000,0.4942,0.4971,0.4933,0.4951,67171928.6
1717948800000,0.495,0.4981,0.4947,0.4974,34750646.8
1717963200000,0.4973,0.4992,0.4969,0.4985,37079215.1
1717977600000,0.4986,0.5013,0.4966,0.501,61762449.4
1717992000000,0.501,0.501,0.4931,0.4937,102791743.4
1718006400000,0.4937,0.5,0.4934,0.4969,104800493.2
1718020800000,0.4968,0.5061,0.4961,0.5046,116679824.0
1718035200000,0.5046,0.5051,0.4962,0.4968,115330346.8
1718049600000,0.4968,0.4981,0.4946,0.497,79566552.5
1718064000000,0.4969,0.4972,0.4766,0.488,266652126.1
1718078400000,0.4879,0.4887,0.4766,0.4858,178680254.3
1718092800000,0.4858,0.488,0.4836,0.4842,116863283.4
1718107200000,0.4842,0.4849,0.47,0.4766,281729290.3
1718121600000,0.4765,0.482,0.4713,0.4797,154555730.3
1718136000000,0.4796,0.4811,0.4788,0.4803,47517768.0
1718150400000,0.4802,0.4819,0.4739,0.4816,97882939.7
1718164800000,0.4816,0.4832,0.478,0.481,68074777.2
1718179200000,0.4809,0.4849,0.48,0.4816,98518534.5
1718193600000,0.4817,0.4988,0.4816,0.4962,286420926.8
1718208000000,0.4963,0.4977,0.4814,0.4842,228412474.4
1718222400000,0.4843,0.4922,0.4826,0.4915,56412316.2
1718236800000,0.4916,0.4918,0.4826,0.486,99536966.6
1718251200000,0.486,0.4892,0.4832,0.4882,79912872.7
1718265600000,0.4883,0.4884,0.4839,0.4846,102804818.6
1718280000000,0.4845,0.489,0.4791,0.4805,174832143.8
1718294400000,0.4805,0.4849,0.4788,0.482,74351992.8
1718308800000,0.482,0.483,0.4754,0.4768,79177912.9
1718323200000,0.4769,0.4811,0.4745,0.4786,103244977.4
1718337600000,0.4786,0.4814,0.4774,0.4781,66187536.1
1718352000000,0.4781,0.4799,0.4763,0.4782,78709469.6
1718366400000,0.4782,0.4808,0.4722,0.474,127322725.4
1718380800000,0.4741,0.4747,0.4584,0.4689,258783407.3
1718395200000,0.4689,0.4792,0.4685,0.4745,89421450.5
1718409600000,0.4744,0.477,0.4738,0.4769,43274237.4
1718424000000,0.477,0.4799,0.4766,0.4783,47219309.4
1718438400000,0.4784,0.4807,0.4783,0.4801,53098630.5
1718452800000,0.4801,0.4853,0.4791,0.4848,81214680.7
1718467200000,0.4848,0.5051,0.4837,0.4941,221510492.4
1718481600000,0.494,0.4974,0.4887,0.4906,128799726.2
1718496000000,0.4906,0.4916,0.488,0.491,68591069.3
1718510400000,0.491,0.4914,0.4881,0.4884,45274780.6
1718524800000,0.4885,0.4994,0.4883,0.4963,156360521.8
1718539200000,0.4962,0.4964,0.4887,0.4907,123335720.6
1718553600000,0.4907,0.491,0.4874,0.4897,49549229.0
1718568000000,0.4898,0.4912,0.4877,0.4889,62312997.8
1718582400000,0.489,0.4915,0.4839,0.489,109305743.1
1718596800000,0.489,0.5009,0.4838,0.4991,220780219.9
1718611200000,0.4991,0.5041,0.4907,0.4985,348478616.3
1718625600000,0.4985,0.521,0.4972,0.5094,518746528.6
1718640000000,0.5093,0.5192,0.4935,0.5178,315587317.5
1718654400000,0.5177,0.5187,0.5025,0.5044,178118774.3
1718668800000,0.5044,0.5078,0.4641,0.4898,541517558.6
1718683200000,0.4898,0.5045,0.4869,0.5004,218734092.7
1718697600000,0.5005,0.5094,0.4925,0.4958,282987729.8
1718712000000,0.4958,0.4969,0.4818,0.4848,340494468.6
1718726400000,0.4849,0.4849,0.4759,0.482,214586035.7
1718740800000,0.482,0.4915,0.4806,0.4907,117322626.9
1718755200000,0.4907,0.4974,0.4889,0.4954,150055536.6
1718769600000,0.4955,0.4967,0.4903,0.4914,115432752.8
1718784000000,0.4914,0.494,0.4867,0.4922,159241869.6
1718798400000,0.4922,0.4959,0.4901,0.4922,83162025.0
1718812800000,0.4923,0.4994,0.4914,0.4956,87795339.9
1718827200000,0.4957,0.4977,0.491,0.493,92096935.5
1718841600000,0.493,0.4978,0.4914,0.4932,83379739.4
1718856000000,0.4931,0.5024,0.492,0.4994,160186098.2
1718870400000,0.4995,0.5022,0.494,0.5007,150019984.8
1718884800000,0.5008,0.5015,0.4913,0.4921,155234746.2
1718899200000,0.4921,0.4936,0.488,0.4911,93314127.9
1718913600000,0.4911,0.4921,0.4884,0.4885,41461572.6
1718928000000,0.4884,0.4907,0.4862,0.4882,67510392.2
1718942400000,0.4882,0.493,0.4873,0.4902,85587652.4
1718956800000,0.4903,0.4957,0.484,0.494,170256345.2
1718971200000,0.494,0.4944,0.4823,0.4854,221838083.1
1718985600000,0.4855,0.4862,0.4792,0.4857,90735324.6
1719000000000,0.4857,0.4925,0.4838,0.4888,90066731.0
1719014400000,0.4888,0.4895,0.4869,0.4871,43169016.8
1719028800000,0.4871,0.4885,0.4861,0.4863,38798451.0
1719043200000,0.4863,0.4866,0.4838,0.4855,53995374.7
1719057600000,0.4855,0.4878,0.4848,0.4858,46138985.2
1719072000000,0.4858,0.4877,0.4854,0.4877,28289845.5
1719086400000,0.4877,0.4878,0.4861,0.4864,24226115.2
1719100800000,0.4863,0.4888,0.4856,0.4884,35676146.9
1719115200000,0.4884,0.489,0.487,0.4875,28486091.1
1719129600000,0.4874,0.4884,0.4843,0.4859,48686945.3
1719144000000,0.4859,0.4861,0.4807,0.4825,63654875.9
1719158400000,0.4825,0.4828,0.4797,0.482,53562400.1
1719172800000,0.482,0.4823,0.4724,0.4796,104104921.5
1719187200000,0.4796,0.4804,0.471,0.4757,103117223.3
1719201600000,0.4757,0.4772,0.4673,0.4737,164333886.9
1719216000000,0.4736,0.4783,0.4604,0.4755,206743296.6
1719230400000,0.4755,0.4824,0.4721,0.473,139212736.6
1719244800000,0.473,0.4751,0.4655,0.4668,138570013.3
1719259200000,0.4668,0.4748,0.461,0.4738,115758409.2
1719273600000,0.4738,0.4792,0.4729,0.4777,67928408.6
1719288000000,0.4777,0.4792,0.4731,0.476,82564322.1
1719302400000,0.476,0.4775,0.4728,0.4763,108697060.1
1719316800000,0.4763,0.4801,0.4733,0.4769,107007262.5
1719331200000,0.477,0.4794,0.4752,0.4776,63565060.2
1719345600000,0.4775,0.4784,0.4741,0.4755,41375542.6
1719360000000,0.4755,0.4781,0.4738,0.4748,59961555.0
1719374400000,0.4748,0.4754,0.4718,0.4732,55554534.6
1719388800000,0.4732,0.4775,0.4705,0.4746,127304407.1
1719403200000,0.4746,0.4759,0.4677,0.4696,114221103.4
1719417600000,0.4696,0.4721,0.4644,0.4716,104213223.0
1719432000000,0.4717,0.4725,0.4695,0.4696,35881873.9
1719446400000,0.4696,0.4704,0.4673,0.469,44026362.3
1719460800000,0.4691,0.4698,0.4656,0.4668,53642007.1
1719475200000,0.4668,0.4716,0.466,0.4702,100163541.6
1719489600000,0.4702,0.4771,0.4701,0.4722,157482612.3
1719504000000,0.4722,0.475,0.4714,0.4736,53118973.0
1719518400000,0.4736,0.476,0.4731,0.4752,37773988.0
1719532800000,0.4753,0.4781,0.4739,0.4761,72305937.3
1719547200000,0.4761,0.4794,0.4745,0.4776,76450356.2
1719561600000,0.4776,0.4808,0.4755,0.4797,113381195.0
1719576000000,0.4798,0.4809,0.4746,0.4761,165425951.1
1719590400000,0.476,0.4764,0.4701,0.4738,125705475.9
1719604800000,0.4738,0.4751,0.4686,0.4715,56147058.5
1719619200000,0.4716,0.4748,0.4713,0.4743,37921996.8
1719633600000,0.4744,0.4765,0.4737,0.4756,28147316.1
1719648000000,0.4756,0.4768,0.4751,0.4765,31440306.1
1719662400000,0.4765,0.4766,0.4743,0.475,41994366.2
1719676800000,0.475,0.4752,0.4734,0.4743,36374163.1
1719691200000,0.4742,0.4747,0.4717,0.4724,32443508.4
1719705600000,0.4724,0.4736,0.4697,0.4712,50439934.6
1719720000000,0.4712,0.4753,0.4703,0.4744,48529521.9
1719734400000,0.4745,0.4754,0.4714,0.4726,57962197.5
1719748800000,0.4725,0.4739,0.4718,0.4735,45267371.5
1719763200000,0.4736,0.475,0.472,0.4742,40198041.3
1719777600000,0.4742,0.4781,0.4736,0.476,60944655.7
1719792000000,0.476,0.4797,0.4753,0.4783,67135226.5
1719806400000,0.4783,0.4819,0.4766,0.4798,69706711.0
1719820800000,0.4799,0.4849,0.4784,0.4795,125922499.4
1719835200000,0.4795,0.4827,0.4784,0.4799,94143182.8
1719849600000,0.4798,0.4802,0.4763,0.4767,69394267.8
1719864000000,0.4767,0.4785,0.4752,0.4768,50157942.3
1719878400000,0.4767,0.4789,0.4756,0.4782,40603978.3
1719892800000,0.4782,0.4807,0.4778,0.4784,57518419.2
1719907200000,0.4785,0.4889,0.4781,0.4861,186866201.5
1719921600000,0.4861,0.4889,0.4816,0.4819,139668858.5
1719936000000,0.4818,0.4838,0.4808,0.4829,53692815.7
1719950400000,0.4829,0.4858,0.4827,0.4853,37460899.6
1719964800000,0.4852,0.4868,0.4766,0.4804,100899686.6
1719979200000,0.4804,0.484,0.4788,0.4826,73338062.9
1719993600000,0.4826,0.4856,0.4808,0.4823,147387053.2
1720008000000,0.4823,0.4823,0.471,0.4715,181240950.0
1720022400000,0.4714,0.4718,0.4606,0.4625,184578368.2
1720036800000,0.4625,0.4673,0.4619,0.4668,69722859.5
1720051200000,0.4669,0.4694,0.4393,0.4593,325240777.3
1720065600000,0.4593,0.4602,0.4539,0.4543,114040866.4
1720080000000,0.4542,0.4553,0.4478,0.4525,212001832.4
1720094400000,0.4525,0.4527,0.4377,0.4443,277013189.5
1720108800000,0.4444,0.4445,0.4364,0.4406,138081667.8
1720123200000,0.4407,0.4471,0.431,0.4326,143537133.0
1720137600000,0.4327,0.4332,0.3812,0.3983,845902982.8
1720152000000,0.3983,0.407,0.3867,0.4045,340031571.1
1720166400000,0.4045,0.418,0.3967,0.4166,293249793.0
1720180800000,0.4166,0.4249,0.4114,0.4242,233243902.0
1720195200000,0.4243,0.4276,0.4217,0.4253,141937599.8
1720209600000,0.4252,0.4266,0.4225,0.4249,64111310.2
1720224000000,0.4248,0.4318,0.4233,0.4274,123160743.0
1720238400000,0.4274,0.4345,0.4261,0.4326,82294447.4
1720252800000,0.4326,0.436,0.4301,0.4355,72986671.2
1720267200000,0.4354,0.4395,0.4331,0.4382,78386897.5
1720281600000,0.4382,0.4491,0.4372,0.448,110222651.1
1720296000000,0.448,0.4495,0.4466,0.4487,49793637.2
1720310400000,0.4486,0.449,0.4433,0.4442,82355880.5
1720324800000,0.4442,0.4445,0.4344,0.4369,101241911.5
1720339200000,0.4368,0.4384,0.4325,0.4346,72512980.1
1720353600000,0.4346,0.4356,0.4214,0.4268,169721928.8
1720368000000,0.4269,0.4331,0.4266,0.4291,84620752.3
1720382400000,0.4291,0.4311,0.4179,0.4194,104325159.4
1720396800000,0.4194,0.4204,0.4028,0.4143,314463872.4
1720411200000,0.4143,0.4234,0.4133,0.4224,152898906.9
1720425600000,0.4225,0.4415,0.4215,0.4394,286172739.2
1720440000000,0.4395,0.4435,0.4205,0.4239,383280619.9
1720454400000,0.4239,0.4314,0.4205,0.43,113254963.8
1720468800000,0.4301,0.4324,0.4269,0.4314,62536928.2
1720483200000,0.4314,0.4339,0.4265,0.4327,95844099.3
1720497600000,0.4327,0.4365,0.4319,0.4342,97842375.5
1720512000000,0.4343,0.438,0.4323,0.434,119808046.9
1720526400000,0.4339,0.4358,0.4287,0.4316,146625003.6
1720540800000,0.4315,0.4362,0.4309,0.4357,77528622.0
1720555200000,0.4358,0.4374,0.4345,0.4355,44237435.8
1720569600000,0.4354,0.4358,0.4313,0.4354,69312647.4
1720584000000,0.4355,0.4411,0.4354,0.4396,108480110.3
1720598400000,0.4396,0.4424,0.4365,0.4402,106130266.4
1720612800000,0.4403,0.4408,0.4308,0.4329,149145173.7
1720627200000,0.4329,0.4363,0.4314,0.4361,65522696.9
1720641600000,0.436,0.4392,0.4351,0.4385,45185297.9
1720656000000,0.4385,0.4432,0.436,0.4401,90739579.9
1720670400000,0.4401,0.4461,0.4393,0.4443,81514117.1
1720684800000,0.4444,0.4524,0.444,0.4497,139917296.6
1720699200000,0.4496,0.4559,0.4385,0.4403,296479023.0
1720713600000,0.4403,0.4499,0.4386,0.4473,111353619.4
1720728000000,0.4473,0.4493,0.4446,0.4488,91098266.6
1720742400000,0.4488,0.4528,0.4441,0.4515,123551609.5
1720756800000,0.4516,0.4639,0.448,0.4624,187906098.1
1720771200000,0.4625,0.4782,0.4597,0.4712,542151727.6
1720785600000,0.4711,0.4721,0.4583,0.4612,280535923.7
1720800000000,0.4611,0.47,0.4608,0.4695,139554999.6
1720814400000,0.4695,0.4772,0.4662,0.4742,148514565.9
1720828800000,0.4742,0.4947,0.4734,0.492,266216201.2
1720843200000,0.4921,0.5157,0.4904,0.515,643773262.7
1720857600000,0.5151,0.5183,0.5084,0.5096,435974879.4
1720872000000,0.5096,0.5396,0.5096,0.536,649744222.6
1720886400000,0.536,0.5658,0.5303,0.5604,713203570.5
1720900800000,0.5605,0.5613,0.5222,0.5255,762892726.1
1720915200000,0.5255,0.5312,0.5135,0.5195,394628820.0
1720929600000,0.5196,0.5297,0.516,0.5261,257529728.7
1720944000000,0.526,0.5396,0.5247,0.528,419041238.4
1720958400000,0.528,0.5324,0.521,0.5269,275565718.5
1720972800000,0.527,0.5345,0.5262,0.5313,129080755.9
1720987200000,0.5314,0.5346,0.5182,0.5202,195518595.2
1721001600000,0.5203,0.5311,0.5201,0.5267,207773209.2
1721016000000,0.5267,0.5342,0.526,0.5303,193324220.8
1721030400000,0.5303,0.5402,0.5263,0.5363,287509909.7
1721044800000,0.5363,0.5365,0.523,0.5235,249530982.2
1721059200000,0.5235,0.536,0.5222,0.535,228742409.7
1721073600000,0.5349,0.538,0.5302,0.5368,176178957.6
1721088000000,0.5369,0.571,0.5345,0.5652,550257988.9
1721102400000,0.5653,0.5657,0.5352,0.54,429507985.8
1721116800000,0.54,0.5473,0.532,0.5461,278297687.8
1721131200000,0.5462,0.5882,0.5423,0.5844,907787037.7
1721145600000,0.5845,0.5946,0.5751,0.5831,470842459.6
1721160000000,0.583,0.5849,0.5733,0.5791,167455411.4
1721174400000,0.579,0.5884,0.578,0.5854,232497446.8
1721188800000,0.5854,0.6176,0.585,0.6088,578962988.8
1721203200000,0.6088,0.6229,0.6026,0.6136,459061649.2
1721217600000,0.6135,0.6343,0.6009,0.6022,648772314.7
1721232000000,0.6023,0.6234,0.5953,0.6136,344335499.1
1721246400000,0.6136,0.6376,0.6136,0.6257,409325602.2
1721260800000,0.6256,0.6366,0.6006,0.6069,482231856.6
1721275200000,0.6069,0.6126,0.5774,0.5797,643104837.5
1721289600000,0.5798,0.5855,0.5666,0.5785,471567331.6
1721304000000,0.5786,0.5875,0.5611,0.5626,466019251.4
1721318400000,0.5627,0.5717,0.5568,0.5692,223913556.7
1721332800000,0.5692,0.5724,0.564,0.5693,123157839.2
1721347200000,0.5693,0.5704,0.54,0.5556,487498935.4
1721361600000,0.5556,0.5611,0.5472,0.549,241717581.5
1721376000000,0.549,0.5539,0.539,0.5529,259413898.8
1721390400000,0.553,0.5688,0.5477,0.5625,408486841.5
1721404800000,0.5625,0.5863,0.5614,0.5798,402237093.9
1721419200000,0.5799,0.5815,0.5685,0.5729,163100693.3
1721433600000,0.573,0.5826,0.5704,0.5814,204032625.9
1721448000000,0.5815,0.6045,0.5797,0.5951,349974058.1
1721462400000,0.5951,0.5968,0.5855,0.5911,233275959.7
1721476800000,0.5911,0.5966,0.5861,0.5912,187076582.7
1721491200000,0.5912,0.5981,0.5866,0.5914,205060602.7
1721505600000,0.5914,0.5977,0.5891,0.5936,96831016.4
1721520000000,0.5936,0.5972,0.5886,0.5934,136667913.0
1721534400000,0.5933,0.608,0.5881,0.589,291290941.0
1721548800000,0.5889,0.5932,0.5801,0.582,198355818.2
1721563200000,0.5821,0.5895,0.5737,0.5876,241068783.9
1721577600000,0.5877,0.5929,0.5714,0.5909,286917801.6
1721592000000,0.5909,0.6027,0.5895,0.5984,186155434.7
1721606400000,0.5983,0.6001,0.5903,0.5944,133122622.1
1721620800000,0.5943,0.605,0.5852,0.5979,224153511.3
1721635200000,0.5978,0.6139,0.5911,0.6107,325693783.6
1721649600000,0.6108,0.6189,0.6046,0.6101,354032442.0
1721664000000,0.6101,0.6229,0.6073,0.6184,171700515.3
1721678400000,0.6183,0.6208,0.5991,0.6076,198339043.9
1721692800000,0.6076,0.6147,0.6023,0.614,139721697.3
1721707200000,0.6141,0.6168,0.5941,0.5996,282757429.4
1721721600000,0.5997,0.608,0.5921,0.5959,231980508.8
1721736000000,0.5959,0.603,0.587,0.6003,238178871.6
1721750400000,0.6002,0.6006,0.5796,0.5945,239229113.2
1721764800000,0.5945,0.6036,0.5921,0.5972,123573327.1
1721779200000,0.5972,0.6052,0.5911,0.6042,144453229.2
1721793600000,0.6041,0.6054,0.5965,0.6027,120086760.6
1721808000000,0.6027,0.6328,0.6011,0.6284,366839275.9
1721822400000,0.6283,0.6322,0.618,0.6235,303162517.8
1721836800000,0.6236,0.6258,0.6154,0.6229,205991140.3
1721851200000,0.6229,0.6277,0.6057,0.6175,246385087.6
1721865600000,0.6175,0.6218,0.5937,0.6055,424752218.8
1721880000000,0.6055,0.6153,0.5969,0.6088,249849956.1
1721894400000,0.6087,0.6123,0.5991,0.6104,198987759.4
1721908800000,0.6105,0.6252,0.6004,0.6173,463107974.4
1721923200000,0.6172,0.6259,0.597,0.6004,333813872.2
1721937600000,0.6004,0.6024,0.5837,0.5993,309675185.9
1721952000000,0.5993,0.6078,0.5968,0.6045,180942803.5
1721966400000,0.6046,0.6089,0.5979,0.5982,154232283.5
1721980800000,0.5983,0.604,0.5961,0.6011,147505660.3
1721995200000,0.6011,0.6019,0.5856,0.5917,257283262.4
1722009600000,0.5917,0.602,0.5893,0.5989,137114714.3
1722024000000,0.599,0.6053,0.5966,0.6032,99229493.7
1722038400000,0.6031,0.6032,0.5938,0.5962,109601230.2
1722052800000,0.5962,0.6039,0.5962,0.6007,62522671.0
1722067200000,0.6007,0.6033,0.5972,0.6002,80498490.4
1722081600000,0.6003,0.609,0.595,0.5985,173273709.3
1722096000000,0.5985,0.6004,0.5889,0.5965,137629179.1
1722110400000,0.5966,0.6015,0.5826,0.5954,247701619.4
1722124800000,0.5954,0.6027,0.5907,0.5994,93268329.5
1722139200000,0.5995,0.6047,0.5956,0.6042,126094267.6
1722153600000,0.6042,0.6146,0.6023,0.6028,219105736.7
1722168000000,0.6027,0.6045,0.596,0.6035,127102518.7
1722182400000,0.6034,0.6053,0.5989,0.6023,59599588.9
1722196800000,0.6023,0.6027,0.5976,0.601,65349777.1
1722211200000,0.601,0.6088,0.6,0.6064,106886403.7
1722225600000,0.6063,0.6117,0.6053,0.6101,113473578.2
1722240000000,0.61,0.6123,0.6052,0.6077,115665612.9
1722254400000,0.6078,0.6108,0.5934,0.5984,214169277.0
1722268800000,0.5984,0.6065,0.5916,0.6054,170262552.0
1722283200000,0.6055,0.6096,0.5993,0.6016,109350689.1
1722297600000,0.6017,0.6045,0.5951,0.6003,113845052.9
1722312000000,0.6003,0.602,0.5964,0.5996,79333676.6
1722326400000,0.5997,0.638,0.5972,0.6294,676210878.1
1722340800000,0.6295,0.636,0.6112,0.6179,405386019.8
1722355200000,0.6179,0.6364,0.6172,0.6286,432305806.4
1722369600000,0.6287,0.631,0.6178,0.6274,194204953.7
1722384000000,0.6274,0.6583,0.6253,0.649,617481827.7
1722398400000,0.6491,0.654,0.6363,0.6463,381525543.9
1722412800000,0.6464,0.655,0.6427,0.6493,266941996.6
1722427200000,0.6493,0.6571,0.6438,0.6516,310423059.3
1722441600000,0.6516,0.6541,0.6302,0.6332,485069153.0
1722456000000,0.6332,0.6348,0.6213,0.623,294227085.4
1722470400000,0.6229,0.6301,0.6066,0.6114,342134075.5
1722484800000,0.6113,0.6135,0.5955,0.6082,341293719.8
1722499200000,0.6082,0.6111,0.6011,0.6096,189749011.4
1722513600000,0.6096,0.6138,0.5819,0.5854,402935107.2
1722528000000,0.5854,0.5889,0.5673,0.5818,390104838.3
1722542400000,0.5818,0.5998,0.578,0.5962,197821052.8
1722556800000,0.5961,0.5967,0.5794,0.5872,198915157.3
1722571200000,0.5873,0.5883,0.557,0.5722,401718941.0
1722585600000,0.5722,0.5789,0.5663,0.5739,170599310.4
1722600000000,0.5738,0.581,0.5458,0.5612,515764028.4
1722614400000,0.5612,0.5661,0.5541,0.5626,184793090.5
1722628800000,0.5625,0.5726,0.5582,0.5605,209953846.9
1722643200000,0.5605,0.565,0.5427,0.5634,264903483.1
1722657600000,0.5634,0.5775,0.5616,0.5756,162831027.6
1722672000000,0.5755,0.5756,0.5644,0.57,166770290.3
1722686400000,0.5699,0.573,0.5552,0.556,174134923.6
1722700800000,0.556,0.5664,0.5417,0.5423,365829114.1
1722715200000,0.5423,0.5583,0.54,0.5556,149354789.7
1722729600000,0.5556,0.5586,0.5501,0.5566,96454810.5
1722744000000,0.5567,0.5587,0.5458,0.5477,83432267.5
1722758400000,0.5477,0.5509,0.5416,0.5435,127840410.1
1722772800000,0.5435,0.5494,0.5251,0.5283,355027945.4
1722787200000,0.5284,0.5372,0.5128,0.5355,412446210.0
1722801600000,0.5355,0.5399,0.5222,0.5227,154814170.2
1722816000000,0.5227,0.5256,0.4497,0.473,1153195557.4
1722830400000,0.473,0.4805,0.4326,0.4689,1035347160.8
1722844800000,0.469,0.4715,0.4378,0.4514,552039317.6
1722859200000,0.4514,0.4925,0.4315,0.4884,881872955.4
1722873600000,0.4883,0.4982,0.4724,0.4793,346472296.8
1722888000000,0.4793,0.4996,0.4788,0.4887,203347728.3
1722902400000,0.4887,0.5158,0.4875,0.5109,242312225.5
1722916800000,0.5109,0.5188,0.5054,0.5162,179676044.7
1722931200000,0.5162,0.5165,0.497,0.5031,244926292.5
1722945600000,0.503,0.5178,0.4942,0.5108,312069288.0
1722960000000,0.5107,0.5174,0.5081,0.5116,157406575.5
1722974400000,0.5115,0.5148,0.5031,0.5057,133935822.7
1722988800000,0.5057,0.5167,0.499,0.5149,172104587.7
1723003200000,0.5149,0.5187,0.5091,0.5129,132476726.5
1723017600000,0.5129,0.5192,0.5118,0.5138,147711318.1
1723032000000,0.5138,0.5172,0.492,0.4994,251873631.8
1723046400000,0.4994,0.5397,0.4969,0.533,420152771.7
1723060800000,0.5329,0.6441,0.513,0.6001,2489480051.2
1723075200000,0.6001,0.6237,0.5783,0.6111,833301021.7
1723089600000,0.611,0.6172,0.5944,0.6058,471462554.7
1723104000000,0.6057,0.6227,0.6048,0.615,498069642.1
1723118400000,0.6149,0.6195,0.6,0.6128,609451198.7
1723132800000,0.6127,0.6422,0.6071,0.6215,635543295.9
1723147200000,0.6214,0.6224,0.6059,0.6164,420444805.7
1723161600000,0.6163,0.6241,0.6084,0.6146,270263354.5
1723176000000,0.6146,0.6168,0.5961,0.6028,313193577.4
1723190400000,0.6028,0.605,0.5823,0.5864,379174599.2
1723204800000,0.5865,0.5884,0.5673,0.5726,514565866.8
1723219200000,0.5726,0.584,0.5714,0.5807,249063197.8
1723233600000,0.5806,0.5823,0.573,0.5801,145867143.8
1723248000000,0.5801,0.594,0.5776,0.589,191583924.7
1723262400000,0.5889,0.5916,0.583,0.586,117824183.3
1723276800000,0.5861,0.5904,0.5842,0.5889,85494382.9
1723291200000,0.589,0.6018,0.5885,0.597,316300137.1
1723305600000,0.5971,0.601,0.5868,0.5909,179868047.9
1723320000000,0.591,0.5952,0.5809,0.5837,136934667.2
1723334400000,0.5838,0.5931,0.5826,0.5886,109554143.2
1723348800000,0.5887,0.593,0.5857,0.5911,75607112.6
1723363200000,0.5911,0.5925,0.5732,0.5756,240120607.8
1723377600000,0.5755,0.5762,0.5625,0.5663,232143297.2
1723392000000,0.5663,0.5709,0.5585,0.5592,140038983.0
1723406400000,0.5592,0.5594,0.545,0.5525,273164583.4
1723420800000,0.5525,0.5661,0.5498,0.5641,159626799.1
1723435200000,0.5641,0.5705,0.5567,0.5674,159352429.3
1723449600000,0.5673,0.5792,0.5666,0.5758,226607311.7
1723464000000,0.5759,0.5772,0.5549,0.5712,378023760.5
1723478400000,0.5712,0.5787,0.5605,0.569,223603865.3
1723492800000,0.569,0.5719,0.5596,0.568,121847801.1
1723507200000,0.568,0.5722,0.5628,0.5649,116491397.3
1723521600000,0.5649,0.5734,0.5622,0.5728,102933796.6
1723536000000,0.5728,0.5789,0.565,0.575,178804537.9
1723550400000,0.575,0.5784,0.5663,0.5737,252054320.1
1723564800000,0.5738,0.5833,0.5727,0.5772,223581464.4
1723579200000,0.5772,0.5801,0.5727,0.5765,105690531.5
1723593600000,0.5765,0.5808,0.5705,0.5792,106965061.0
1723608000000,0.5792,0.581,0.5742,0.5763,106111170.7
1723622400000,0.5763,0.5829,0.5745,0.579,95094936.0
1723636800000,0.5791,0.5825,0.5633,0.5736,279562718.3
1723651200000,0.5736,0.5753,0.566,0.567,119339185.2
1723665600000,0.5671,0.5698,0.5647,0.5684,61838280.6
1723680000000,0.5684,0.5738,0.5668,0.5719,86110720.4
1723694400000,0.5719,0.5721,0.5619,0.5659,111591129.3
1723708800000,0.5658,0.5699,0.5622,0.5693,86682111.5
1723723200000,0.5693,0.573,0.5656,0.5712,125702740.3
1723737600000,0.5711,0.5722,0.5526,0.5561,234303381.3
1723752000000,0.5561,0.5619,0.5505,0.5605,130446793.5
1723766400000,0.5605,0.5684,0.5578,0.562,98470031.5
1723780800000,0.562,0.5691,0.56,0.5672,71366882.1
1723795200000,0.5671,0.5714,0.5642,0.5657,74902615.9
1723809600000,0.5658,0.5678,0.553,0.5578,215116417.3
1723824000000,0.5577,0.5685,0.5563,0.5663,142076297.9
1723838400000,0.5664,0.5677,0.5623,0.5634,52879324.6
1723852800000,0.5634,0.5649,0.5607,0.5627,36425942.5
1723867200000,0.5627,0.5657,0.5619,0.5645,27195335.6
1723881600000,0.5645,0.5651,0.5621,0.5647,42758336.5
1723896000000,0.5647,0.5689,0.5642,0.5665,54977707.0
1723910400000,0.5664,0.571,0.5664,0.567,43262755.1
1723924800000,0.5669,0.5674,0.5641,0.5661,25507912.6
1723939200000,0.5661,0.5693,0.5646,0.5656,38982259.4
1723953600000,0.5656,0.5665,0.5639,0.5649,26011129.2
1723968000000,0.5649,0.5705,0.5644,0.5677,64218893.5
1723982400000,0.5676,0.5844,0.5671,0.5732,204166733.6
1723996800000,0.5732,0.5754,0.5681,0.5723,50247989.4
1724011200000,0.5723,0.5738,0.5622,0.5628,72312768.9
1724025600000,0.5629,0.5678,0.5605,0.5661,97155910.1
1724040000000,0.5661,0.5762,0.5648,0.5734,94197516.7
1724054400000,0.5734,0.5896,0.5732,0.5849,325011540.7
1724068800000,0.5849,0.5865,0.574,0.5791,193283964.7
1724083200000,0.5791,0.6089,0.5782,0.6019,369479985.7
1724097600000,0.602,0.6029,0.5937,0.598,134273186.3
1724112000000,0.5981,0.6095,0.5965,0.608,147010365.9
1724126400000,0.608,0.6132,0.605,0.6067,146048613.2
1724140800000,0.6067,0.6148,0.6061,0.6087,97669729.5
1724155200000,0.6086,0.6093,0.5871,0.5892,272207368.4
1724169600000,0.5892,0.6027,0.5886,0.6001,123305417.4
1724184000000,0.6002,0.6002,0.5914,0.5933,90044731.6
1724198400000,0.5934,0.6022,0.5918,0.5955,81960732.0
1724212800000,0.5954,0.599,0.5928,0.598,74519056.0
1724227200000,0.5979,0.5997,0.5929,0.5959,77030698.6
1724241600000,0.5959,0.5977,0.5845,0.592,221322143.7
1724256000000,0.592,0.6052,0.5898,0.6023,168315011.9
1724270400000,0.6022,0.6041,0.5983,0.5997,87286260.5
1724284800000,0.5997,0.601,0.5917,0.598,69251536.3
1724299200000,0.5979,0.604,0.5962,0.6012,70011515.4
1724313600000,0.6013,0.6058,0.5978,0.6024,69615913.2
1724328000000,0.6024,0.6024,0.5942,0.5952,136075076.2
1724342400000,0.5951,0.6,0.5947,0.5986,75684020.5
1724356800000,0.5986,0.5994,0.5934,0.5974,59251548.8
1724371200000,0.5974,0.6028,0.5962,0.5984,70504822.2
1724385600000,0.5984,0.6014,0.595,0.5991,77320696.2
1724400000000,0.5991,0.6005,0.5966,0.5967,65441833.8
1724414400000,0.5967,0.604,0.5903,0.5989,228535517.3
1724428800000,0.5989,0.6095,0.5979,0.607,188192814.1
1724443200000,0.6069,0.6157,0.6051,0.6105,121193120.9
1724457600000,0.6105,0.6107,0.604,0.6077,64839784.1
1724472000000,0.6076,0.6125,0.606,0.6082,59948729.4
1724486400000,0.6083,0.6145,0.6072,0.6098,85569180.7
1724500800000,0.6098,0.6311,0.6095,0.6197,306724166.0
1724515200000,0.6197,0.6259,0.617,0.6194,100359293.7
1724529600000,0.6194,0.6243,0.6045,0.6121,174091792.8
1724544000000,0.6121,0.6137,0.6037,0.6074,123707438.9
1724558400000,0.6074,0.6093,0.5946,0.5985,138061126.4
1724572800000,0.5984,0.6027,0.596,0.6008,99384892.9
1724587200000,0.6009,0.6059,0.5997,0.6023,74632775.8
1724601600000,0.6022,0.6042,0.5988,0.5998,54084925.9
1724616000000,0.5997,0.6042,0.5985,0.5996,70531763.8
1724630400000,0.5996,0.6017,0.591,0.5963,89645724.0
1724644800000,0.5962,0.5978,0.5915,0.5947,59155050.5
1724659200000,0.5947,0.5995,0.5924,0.5954,79606184.4
1724673600000,0.5954,0.596,0.5846,0.5924,170086478.6
1724688000000,0.5923,0.5936,0.5768,0.5812,165892689.4
1724702400000,0.5811,0.5895,0.5787,0.5871,95564737.7
1724716800000,0.5871,0.5948,0.5864,0.5926,75152604.9
1724731200000,0.5926,0.5941,0.586,0.5908,71165244.3
1724745600000,0.5907,0.592,0.5832,0.5871,93161485.1
1724760000000,0.587,0.5989,0.5849,0.5937,189702254.6
1724774400000,0.5936,0.6,0.5915,0.5929,103670091.5
1724788800000,0.5929,0.593,0.5517,0.5662,436075058.9
1724803200000,0.5662,0.5694,0.5595,0.5673,119149238.7
1724817600000,0.5673,0.5745,0.5665,0.569,118001708.3
1724832000000,0.569,0.5835,0.5644,0.5805,222788010.3
1724846400000,0.5805,0.5843,0.5631,0.5685,191406962.2
1724860800000,0.5685,0.5768,0.5554,0.5721,194911699.5
1724875200000,0.5721,0.5777,0.5653,0.569,95067926.8
1724889600000,0.569,0.573,0.5675,0.5706,51725957.5
1724904000000,0.5706,0.5765,0.5699,0.5739,63249180.6
1724918400000,0.5739,0.5761,0.5709,0.5742,62024144.5
1724932800000,0.5741,0.5756,0.57,0.5716,87821988.1
1724947200000,0.5716,0.5762,0.5577,0.5622,125166539.9
1724961600000,0.5622,0.5649,0.5568,0.5615,68149434.4
1724976000000,0.5616,0.5649,0.56,0.5613,52867504.8
1724990400000,0.5614,0.5654,0.5586,0.564,69560190.7
1725004800000,0.5639,0.5651,0.5608,0.5634,54266093.0
1725019200000,0.5634,0.5675,0.5458,0.548,224138795.4
1725033600000,0.548,0.5626,0.5459,0.5615,144994899.5
1725048000000,0.5614,0.5674,0.56,0.5665,56412947.9
1725062400000,0.5666,0.5681,0.5644,0.5647,37593814.2
1725076800000,0.5646,0.5682,0.5641,0.5662,30497188.5
1725091200000,0.5662,0.5719,0.5642,0.569,55917842.4
1725105600000,0.5689,0.5698,0.5641,0.5661,45636947.5
1725120000000,0.5662,0.5679,0.5621,0.5675,47413267.1
1725134400000,0.5676,0.5681,0.5653,0.5661,19406334.3
1725148800000,0.5661,0.5664,0.5585,0.5605,44998525.0
1725163200000,0.5605,0.5606,0.5526,0.5586,59306886.7
1725177600000,0.5586,0.5599,0.5553,0.5578,44216984.2
1725192000000,0.5578,0.5586,0.551,0.5562,92207652.8
1725206400000,0.5562,0.5607,0.5518,0.5591,76033072.5
1725220800000,0.5591,0.5617,0.5424,0.5467,169376830.7
1725235200000,0.5468,0.5505,0.5458,0.5495,60364971.7
1725249600000,0.5496,0.551,0.5439,0.5459,61778393.7
1725264000000,0.546,0.5577,0.5451,0.5547,99886658.8
1725278400000,0.5547,0.5604,0.5505,0.5579,78008572.2
1725292800000,0.5579,0.5676,0.5552,0.5675,71205944.1
1725307200000,0.5676,0.5685,0.564,0.5674,68985889.8
1725321600000,0.5675,0.5723,0.5653,0.5663,64820859.9
1725336000000,0.5663,0.5691,0.5645,0.5689,49984935.4
1725350400000,0.5689,0.5722,0.5654,0.5696,62220270.3
1725364800000,0.5696,0.5721,0.557,0.5591,140908369.4
1725379200000,0.5591,0.5656,0.5583,0.5655,69870760.6
1725393600000,0.5655,0.5674,0.5551,0.5569,60953094.9
1725408000000,0.557,0.5601,0.5321,0.5527,242227045.9
1725422400000,0.5527,0.5555,0.5494,0.5541,57271690.4
1725436800000,0.5542,0.5567,0.5486,0.5501,69824758.3
1725451200000,0.5501,0.5627,0.5466,0.5617,151265693.7
1725465600000,0.5618,0.5645,0.5562,0.5574,85805024.8
1725480000000,0.5575,0.5607,0.5555,0.5576,41092094.5
1725494400000,0.5577,0.5595,0.5508,0.5526,59455552.4
1725508800000,0.5525,0.5543,0.5494,0.553,46428229.0
1725523200000,0.5531,0.5543,0.5476,0.5498,61259681.4
1725537600000,0.5498,0.5552,0.5452,0.546,107920279.0
1725552000000,0.5459,0.5478,0.5392,0.5427,105297346.7
1725566400000,0.5426,0.5449,0.5406,0.5441,39287285.1
1725580800000,0.544,0.5471,0.5402,0.5454,44649310.0
1725595200000,0.5454,0.5463,0.5322,0.5347,109880838.9
1725609600000,0.5347,0.5395,0.5337,0.538,86324056.9
1725624000000,0.5381,0.545,0.5218,0.526,244972631.9
1725638400000,0.526,0.5267,0.5125,0.5151,177566082.2
1725652800000,0.5151,0.5215,0.5021,0.5206,188996395.2
1725667200000,0.5207,0.5237,0.5194,0.5217,47889594.9
1725681600000,0.5217,0.5305,0.5217,0.5293,57156709.1
1725696000000,0.5292,0.5295,0.526,0.5271,39285963.3
1725710400000,0.527,0.5325,0.527,0.5311,55004048.7
1725724800000,0.531,0.5316,0.5255,0.5298,45708972.2
1725739200000,0.5298,0.5302,0.5226,0.5246,44455845.8
1725753600000,0.5245,0.5279,0.5236,0.5277,28034599.6
1725768000000,0.5277,0.5302,0.5274,0.5289,30622773.5
1725782400000,0.5289,0.5313,0.5278,0.5283,34815950.2
1725796800000,0.5283,0.5288,0.5216,0.5222,65566858.2
1725811200000,0.5221,0.5267,0.5204,0.525,43017947.6
1725825600000,0.525,0.531,0.5235,0.5292,58333743.2
1725840000000,0.5292,0.5309,0.5267,0.5301,45680241.0
1725854400000,0.5302,0.5314,0.5266,0.5306,44936447.5
1725868800000,0.5306,0.534,0.5293,0.5308,67179915.0
1725883200000,0.5308,0.5332,0.5275,0.5291,78695087.5
1725897600000,0.529,0.539,0.5289,0.5384,126515683.8
1725912000000,0.5384,0.5427,0.5361,0.5392,74181299.8
1725926400000,0.5393,0.5393,0.5334,0.5334,47284728.5
1725940800000,0.5335,0.5401,0.5333,0.5389,50968506.0
1725955200000,0.5389,0.5415,0.5357,0.538,55120217.0
1725969600000,0.538,0.5403,0.5351,0.5357,71969001.0
1725984000000,0.5358,0.5413,0.5352,0.5402,67806798.9
1725998400000,0.5401,0.5425,0.539,0.5405,45960914.0
1726012800000,0.5405,0.541,0.5312,0.5332,87175964.6
1726027200000,0.5333,0.5348,0.5301,0.5331,76003283.9
1726041600000,0.5331,0.5343,0.5311,0.5336,53576182.6
1726056000000,0.5337,0.535,0.5227,0.5319,202672343.8
1726070400000,0.5318,0.5381,0.5314,0.5361,74605954.8
1726084800000,0.5362,0.5373,0.5341,0.5346,33429857.5
1726099200000,0.5345,0.5395,0.5331,0.5369,57500117.2
1726113600000,0.5369,0.5388,0.5348,0.5381,54632215.5
1726128000000,0.5381,0.5393,0.5364,0.537,52134127.3
1726142400000,0.537,0.5882,0.5354,0.5574,1024445100.9
1726156800000,0.5573,0.5638,0.5543,0.5629,212903931.7
1726171200000,0.563,0.5665,0.5606,0.5624,69695337.2
1726185600000,0.5624,0.5635,0.555,0.5607,109035039.1
1726200000000,0.5606,0.5748,0.5595,0.5631,246715045.6
1726214400000,0.5632,0.5686,0.5614,0.5625,157076294.8
1726228800000,0.5624,0.5724,0.5619,0.5707,205200147.8
1726243200000,0.5707,0.5719,0.5658,0.567,106029961.6
1726257600000,0.567,0.5743,0.5668,0.5722,74535644.8
1726272000000,0.5722,0.5799,0.5701,0.5772,85307562.1
1726286400000,0.5772,0.5803,0.5737,0.5791,84016124.7
1726300800000,0.5791,0.5921,0.5779,0.5867,300327209.0
1726315200000,0.5867,0.59,0.582,0.5868,194432069.6
1726329600000,0.5867,0.5943,0.5861,0.5908,139796932.9
1726344000000,0.5909,0.5999,0.5895,0.5953,173962215.7
1726358400000,0.5953,0.5955,0.5871,0.5877,103313000.0
1726372800000,0.5877,0.5896,0.5851,0.5883,77922035.5
1726387200000,0.5884,0.5903,0.5807,0.5832,106249095.4
1726401600000,0.5832,0.5893,0.5821,0.5881,85166681.1
1726416000000,0.5881,0.5886,0.5814,0.5834,85942497.9
1726430400000,0.5835,0.5839,0.5675,0.5703,158890697.7
1726444800000,0.5703,0.5713,0.5593,0.568,138205728.8
1726459200000,0.5681,0.5747,0.5668,0.5718,117758673.6
1726473600000,0.5717,0.5743,0.5686,0.5706,73713196.1
1726488000000,0.5706,0.5738,0.5644,0.5682,114592473.6
1726502400000,0.5681,0.5914,0.5681,0.5867,207923082.6
1726516800000,0.5867,0.5887,0.5781,0.5861,132196721.5
1726531200000,0.5861,0.5884,0.5785,0.5864,100891648.3
1726545600000,0.5865,0.5902,0.5833,0.5849,81789049.4
1726560000000,0.5849,0.5883,0.5835,0.5843,70370844.6
1726574400000,0.5843,0.593,0.5801,0.5903,180030236.8
1726588800000,0.5903,0.5906,0.5839,0.5888,105063785.9
1726603200000,0.5888,0.5893,0.5829,0.5836,56116232.6
1726617600000,0.5835,0.5836,0.5753,0.58,94680432.4
1726632000000,0.58,0.5815,0.5751,0.5775,70366084.7
1726646400000,0.5774,0.578,0.5693,0.5726,103462115.9
1726660800000,0.5726,0.5726,0.5616,0.564,132601715.0
1726675200000,0.564,0.5814,0.5632,0.5745,262620398.9
1726689600000,0.5745,0.5854,0.5709,0.5851,71965762.3
1726704000000,0.585,0.5905,0.5809,0.5852,138666676.2
1726718400000,0.5852,0.5882,0.582,0.5848,64508585.8
1726732800000,0.5849,0.5874,0.5809,0.5854,148193495.4
1726747200000,0.5855,0.5927,0.583,0.5859,193782804.1
1726761600000,0.5859,0.5944,0.5855,0.5894,148505867.4
1726776000000,0.5895,0.5933,0.5845,0.5867,84975628.9
1726790400000,0.5867,0.5881,0.5767,0.588,123872054.2
1726804800000,0.5881,0.5928,0.5852,0.5908,166673975.7
1726819200000,0.5908,0.5911,0.5833,0.5846,114519197.6
1726833600000,0.5846,0.5875,0.577,0.5795,165515551.3
1726848000000,0.5796,0.5838,0.5759,0.5826,103157150.2
1726862400000,0.5825,0.5878,0.5823,0.5847,54742307.8
1726876800000,0.5847,0.5848,0.5797,0.5809,60121346.7
1726891200000,0.5809,0.5835,0.5797,0.5831,38252403.4
1726905600000,0.5832,0.5852,0.5822,0.5843,39312546.2
1726920000000,0.5844,0.5874,0.5827,0.5863,72918683.4
1726934400000,0.5864,0.6128,0.586,0.5999,315210026.5
1726948800000,0.5999,0.6035,0.5941,0.5973,91182964.1
1726963200000,0.5974,0.605,0.5951,0.5984,145355109.4
1726977600000,0.5984,0.5999,0.5927,0.5958,72030792.4
1726992000000,0.5958,0.5968,0.5902,0.5927,97478648.0
1727006400000,0.5926,0.5935,0.5834,0.5888,120052214.6
1727020800000,0.5888,0.5928,0.585,0.5896,90975410.0
1727035200000,0.5896,0.5917,0.577,0.5869,148184837.7
1727049600000,0.5869,0.5956,0.5782,0.5934,137538845.1
1727064000000,0.5935,0.5953,0.5873,0.5886,85063102.1
1727078400000,0.5887,0.5896,0.5834,0.5864,85282216.9
1727092800000,0.5864,0.59,0.5836,0.5878,120479915.2
1727107200000,0.5877,0.5891,0.5838,0.5874,62997115.1
1727121600000,0.5874,0.5874,0.5825,0.5845,47163292.3
1727136000000,0.5844,0.5874,0.581,0.5853,98701725.6
1727150400000,0.5853,0.5874,0.5832,0.5868,55071337.5
1727164800000,0.5869,0.5906,0.5862,0.5879,80401911.9
1727179200000,0.5878,0.5908,0.5809,0.5828,132396742.8
1727193600000,0.5828,0.5916,0.582,0.591,97355536.5
1727208000000,0.591,0.5927,0.5879,0.5909,74788795.3
1727222400000,0.5908,0.5956,0.5894,0.5932,76806450.5
1727236800000,0.5932,0.5939,0.5845,0.5872,94109199.5
1727251200000,0.5872,0.5906,0.5861,0.5903,62212152.3
1727265600000,0.5903,0.592,0.5845,0.585,96558351.6
1727280000000,0.5849,0.5876,0.5826,0.5846,83999270.7
1727294400000,0.5845,0.5872,0.582,0.5827,50180251.7
1727308800000,0.5827,0.5844,0.5735,0.582,131417013.6
1727323200000,0.5819,0.589,0.5815,0.5879,74083816.2
1727337600000,0.5878,0.5911,0.5855,0.5895,100385479.6
1727352000000,0.5896,0.5941,0.5876,0.5925,153593168.4
1727366400000,0.5926,0.5963,0.5907,0.5923,111826711.8
1727380800000,0.5923,0.5936,0.5865,0.5903,80854856.2
1727395200000,0.5902,0.591,0.5821,0.5861,125934941.3
1727409600000,0.586,0.5925,0.5859,0.5889,98076953.1
1727424000000,0.5889,0.5922,0.5851,0.5868,96648686.1
1727438400000,0.5868,0.5971,0.5865,0.5881,200838243.4
1727452800000,0.5881,0.5916,0.5855,0.5867,116323147.4
1727467200000,0.5868,0.5896,0.5837,0.5885,83366636.7
1727481600000,0.5885,0.593,0.5878,0.5907,63961880.1
1727496000000,0.5906,0.612,0.585,0.6075,297082460.9
1727510400000,0.6076,0.6236,0.5956,0.617,761097766.0
1727524800000,0.6169,0.6246,0.6113,0.6176,324466486.7
1727539200000,0.6176,0.626,0.6156,0.6228,208301893.7
1727553600000,0.6227,0.624,0.612,0.6136,161163084.8
1727568000000,0.6137,0.6166,0.6075,0.6129,139897829.9
1727582400000,0.613,0.6328,0.6103,0.6284,367993113.0
1727596800000,0.6284,0.6307,0.6205,0.6242,212670575.1
1727611200000,0.6242,0.6661,0.6209,0.6596,796262589.7
1727625600000,0.6597,0.6616,0.6484,0.6525,266687752.5
1727640000000,0.6524,0.6525,0.6368,0.6412,244305550.9
1727654400000,0.6412,0.6513,0.635,0.6449,422447688.2
1727668800000,0.6449,0.654,0.6399,0.6451,243945824.0
1727683200000,0.6451,0.655,0.6251,0.6299,410851329.1
1727697600000,0.6299,0.6368,0.617,0.6176,275624928.7
1727712000000,0.6176,0.6237,0.6166,0.6224,159676086.7
1727726400000,0.6224,0.6248,0.6083,0.6113,176230935.4
1727740800000,0.6113,0.6252,0.6101,0.6228,130591483.4
1727755200000,0.6228,0.629,0.6178,0.6281,134308219.2
1727769600000,0.6281,0.6342,0.6251,0.6285,140441104.2
1727784000000,0.6286,0.6301,0.5922,0.6115,560852431.3
1727798400000,0.6114,0.6272,0.5768,0.6102,1059709099.1
1727812800000,0.6102,0.6226,0.5877,0.5966,377903203.8
1727827200000,0.5965,0.6065,0.5937,0.6021,127111299.3
1727841600000,0.6021,0.6049,0.5952,0.6001,126311059.8
1727856000000,0.6,0.6031,0.5797,0.5855,214374991.1
1727870400000,0.5855,0.5929,0.5753,0.5842,368895524.8
1727884800000,0.5842,0.5896,0.5643,0.5749,300165447.7
1727899200000,0.5749,0.5779,0.5267,0.5379,814554589.2
1727913600000,0.5379,0.5441,0.5229,0.5373,380254750.6
1727928000000,0.5373,0.5416,0.5179,0.5184,308314456.9
1727942400000,0.5183,0.5254,0.5066,0.5171,473166710.2
1727956800000,0.5171,0.5277,0.5113,0.5223,351565007.7
1727971200000,0.5224,0.528,0.5114,0.5267,209157700.4
1727985600000,0.5267,0.5271,0.5207,0.5214,89193325.9
1728000000000,0.5214,0.5273,0.5146,0.5243,156372551.9
1728014400000,0.5243,0.5285,0.5202,0.5236,111100929.6
1728028800000,0.5237,0.5275,0.5215,0.5249,104374879.1
1728043200000,0.5249,0.528,0.515,0.5217,230342542.1
1728057600000,0.5218,0.5386,0.5211,0.5357,192477582.6
1728072000000,0.5356,0.536,0.5315,0.5338,72996275.8
1728086400000,0.5338,0.5349,0.5262,0.5273,83904207.0
1728100800000,0.5274,0.5346,0.5265,0.5329,76303449.8
1728115200000,0.5328,0.535,0.5306,0.5311,51944862.5
1728129600000,0.5312,0.5326,0.5282,0.5301,69217307.1
1728144000000,0.5301,0.5351,0.5256,0.5335,98681782.5
1728158400000,0.5336,0.5343,0.5264,0.5291,67410621.1
1728172800000,0.5291,0.5328,0.5276,0.5289,49207820.5
1728187200000,0.5289,0.5323,0.5282,0.531,45395148.7
1728201600000,0.531,0.5318,0.5281,0.5304,52937635.3
1728216000000,0.5305,0.5368,0.5297,0.5366,87823501.7
1728230400000,0.5366,0.537,0.5313,0.5317,73518292.6
1728244800000,0.5316,0.5343,0.5294,0.5334,52654484.3
1728259200000,0.5334,0.5444,0.5322,0.5405,138438725.6
1728273600000,0.5404,0.5432,0.5393,0.54,66480016.1
1728288000000,0.5399,0.5421,0.5303,0.537,134309212.0
1728302400000,0.537,0.5448,0.5352,0.5408,170212297.4
1728316800000,0.5408,0.5458,0.5342,0.54,141903430.8
1728331200000,0.54,0.5401,0.528,0.5282,108736809.6
1728345600000,0.5282,0.5336,0.528,0.5321,70138522.1
1728360000000,0.532,0.5342,0.524,0.527,106736437.7
1728374400000,0.5271,0.5314,0.5258,0.5311,56707208.2
1728388800000,0.531,0.5321,0.5206,0.5244,130055368.7
1728403200000,0.5244,0.5306,0.5228,0.5299,77911180.9
1728417600000,0.5298,0.5361,0.5285,0.5308,100947598.8
1728432000000,0.5307,0.5345,0.5289,0.533,53919908.4
1728446400000,0.533,0.5342,0.5287,0.5306,54308170.7
1728460800000,0.5307,0.5342,0.5287,0.5325,54378764.5
1728475200000,0.5325,0.5325,0.5258,0.5314,97213568.0
1728489600000,0.5314,0.5337,0.5281,0.5299,85215388.7
1728504000000,0.53,0.5303,0.5206,0.5241,104709382.4
1728518400000,0.5241,0.5288,0.5224,0.5272,44039029.9
1728532800000,0.5273,0.5284,0.5248,0.5255,46711642.8
1728547200000,0.5254,0.5297,0.5227,0.5296,74130449.3
1728561600000,0.5296,0.5448,0.5267,0.5353,384146332.4
1728576000000,0.5353,0.5397,0.524,0.5261,178482824.3
1728590400000,0.5262,0.5307,0.5247,0.5303,53738731.7
1728604800000,0.5303,0.5364,0.5294,0.535,81237919.7
1728619200000,0.535,0.5407,0.5327,0.538,67093877.5
1728633600000,0.538,0.5406,0.5342,0.5354,92625433.9
1728648000000,0.5353,0.5383,0.5331,0.5379,125993336.0
1728662400000,0.5379,0.5417,0.5359,0.5413,79663374.5
1728676800000,0.5413,0.5417,0.5377,0.5386,52517280.1
1728691200000,0.5386,0.5394,0.535,0.5359,48883742.8
1728705600000,0.536,0.5387,0.5358,0.5379,34339602.3
1728720000000,0.5379,0.5417,0.5377,0.5391,56308953.5
1728734400000,0.5391,0.5431,0.5385,0.5414,69948788.5
1728748800000,0.5414,0.5421,0.5368,0.5379,62037499.0
1728763200000,0.5379,0.5399,0.5371,0.539,25961735.3
1728777600000,0.5391,0.5393,0.5352,0.5358,47680730.9
1728792000000,0.5358,0.5376,0.5358,0.5363,28077010.8
1728806400000,0.5363,0.5371,0.5307,0.5308,79695360.9
1728820800000,0.5309,0.533,0.5251,0.5275,95867960.7
1728835200000,0.5275,0.5305,0.5246,0.5272,60457501.8
1728849600000,0.5272,0.5327,0.5262,0.5316,56126912.8
1728864000000,0.5317,0.5391,0.5279,0.5382,94412670.4
1728878400000,0.5383,0.5396,0.5356,0.5388,99009257.5
1728892800000,0.5388,0.5416,0.5368,0.5386,75714397.9
1728907200000,0.5387,0.5524,0.5371,0.549,177322949.7
1728921600000,0.549,0.5508,0.5447,0.5471,97702631.5
1728936000000,0.5471,0.5498,0.544,0.5484,65241875.9
1728950400000,0.5484,0.5555,0.5463,0.5475,132133261.1
1728964800000,0.5476,0.5501,0.5409,0.5459,104796420.1
1728979200000,0.5459,0.5471,0.5339,0.536,170181279.8
1728993600000,0.536,0.5492,0.5311,0.5389,337747322.8
1729008000000,0.539,0.5459,0.5383,0.5438,99816633.9
1729022400000,0.5438,0.5441,0.5365,0.5415,70656112.4
1729036800000,0.5415,0.545,0.5392,0.5427,55331204.6
1729051200000,0.5426,0.5441,0.537,0.5388,71541471.1
1729065600000,0.5389,0.5458,0.5383,0.5438,85453439.5
1729080000000,0.5438,0.5524,0.5424,0.5475,201300806.2
1729094400000,0.5476,0.5537,0.546,0.5526,83426602.7
1729108800000,0.5526,0.5539,0.5474,0.5481,83812709.3
1729123200000,0.548,0.55,0.5453,0.5493,57616498.0
1729137600000,0.5494,0.5665,0.549,0.5544,357588077.6
1729152000000,0.5543,0.5591,0.5505,0.5523,181256119.1
1729166400000,0.5524,0.5576,0.5471,0.5535,172492059.5
1729180800000,0.5535,0.5537,0.5414,0.5441,146948615.7
1729195200000,0.5442,0.5479,0.5428,0.5439,52871187.6
1729209600000,0.5439,0.5468,0.5392,0.5432,111153024.6
1729224000000,0.5432,0.5527,0.542,0.5496,86371862.7
1729238400000,0.5496,0.553,0.546,0.5463,84760419.1
1729252800000,0.5463,0.5475,0.5425,0.5458,127532895.1
1729267200000,0.5457,0.549,0.5432,0.5464,90480359.8
1729281600000,0.5464,0.5472,0.5444,0.5465,37423549.4
1729296000000,0.5465,0.5499,0.5453,0.5475,57170957.0
1729310400000,0.5475,0.5488,0.5454,0.5461,41499392.2
1729324800000,0.5461,0.5476,0.5427,0.5431,53018177.0
1729339200000,0.5431,0.5454,0.5427,0.5443,43641930.8
1729353600000,0.5443,0.5443,0.5402,0.541,50118149.3
1729368000000,0.5411,0.5448,0.5407,0.5438,32378939.8
1729382400000,0.5438,0.5446,0.5413,0.5428,25324042.5
1729396800000,0.5428,0.5434,0.538,0.54,47464919.0
1729411200000,0.5401,0.5419,0.5361,0.541,78956063.8
1729425600000,0.541,0.545,0.5369,0.5445,101795985.1
1729440000000,0.5444,0.5458,0.5416,0.5424,48865282.2
1729454400000,0.5424,0.5488,0.5422,0.5483,74981126.2
1729468800000,0.5484,0.5508,0.5454,0.5478,88453947.9
1729483200000,0.5478,0.5549,0.5464,0.5487,142081064.1
1729497600000,0.5487,0.561,0.5487,0.5539,252442546.1
1729512000000,0.554,0.5553,0.5422,0.5466,197463832.3
1729526400000,0.5467,0.5483,0.5411,0.5478,84302258.8
1729540800000,0.5478,0.5483,0.5439,0.5448,42784129.5
1729555200000,0.5448,0.5464,0.539,0.5432,86775659.2
1729569600000,0.5432,0.5496,0.543,0.5472,72984416.0
1729584000000,0.5472,0.5472,0.5301,0.5339,218914913.6
1729598400000,0.5339,0.5354,0.5286,0.5333,139367757.2
1729612800000,0.5333,0.5361,0.53,0.5339,66967910.0
1729627200000,0.5339,0.5362,0.5319,0.5336,56584744.7
1729641600000,0.5336,0.534,0.5301,0.5314,37025344.3
1729656000000,0.5314,0.532,0.5253,0.5264,80958724.0
1729670400000,0.5264,0.5278,0.5224,0.5265,93935278.5
1729684800000,0.5265,0.529,0.5218,0.5239,76221682.5
1729699200000,0.5239,0.5242,0.5113,0.5217,222158781.5
1729713600000,0.5218,0.5266,0.5207,0.5257,53699043.7
1729728000000,0.5256,0.5304,0.5252,0.5284,56043464.3
1729742400000,0.5284,0.5335,0.5278,0.529,64642216.4
1729756800000,0.529,0.5301,0.524,0.5279,100517721.7
1729771200000,0.528,0.5315,0.5276,0.5292,75815284.2
1729785600000,0.5293,0.5329,0.5278,0.5327,38697916.0
1729800000000,0.5328,0.5337,0.5309,0.5322,39520968.1
1729814400000,0.5322,0.5322,0.5278,0.5289,45344051.7
1729828800000,0.5289,0.5292,0.5201,0.5238,85896595.3
1729843200000,0.5238,0.528,0.5215,0.5264,53028427.8
1729857600000,0.5264,0.5277,0.5206,0.5221,77251942.7
1729872000000,0.5221,0.5238,0.5092,0.5148,201844220.5
1729886400000,0.5148,0.5181,0.4858,0.5017,375128991.9
1729900800000,0.5017,0.512,0.4985,0.5118,129611733.3
1729915200000,0.5118,0.5153,0.5114,0.514,60781600.0
1729929600000,0.514,0.5151,0.5129,0.5144,30417711.8
1729944000000,0.5143,0.5148,0.5054,0.5089,85021917.9
1729958400000,0.5089,0.5132,0.5088,0.5126,34192429.6
1729972800000,0.5126,0.5149,0.5117,0.5133,25522769.3
1729987200000,0.5132,0.5168,0.5118,0.516,34791530.6
1730001600000,0.5161,0.5163,0.5142,0.5148,17622652.1
1730016000000,0.5148,0.5153,0.5107,0.512,41623574.3
1730030400000,0.5121,0.517,0.512,0.517,43275046.3
1730044800000,0.5169,0.5177,0.5132,0.5151,40089517.8
1730059200000,0.515,0.5178,0.513,0.5167,36841992.8
1730073600000,0.5166,0.5173,0.5124,0.5131,39730787.3
1730088000000,0.513,0.5188,0.5112,0.5161,48217308.7
1730102400000,0.5161,0.5212,0.5158,0.5195,75599910.0
1730116800000,0.5196,0.5216,0.5134,0.5138,96645339.6
1730131200000,0.5138,0.5194,0.5109,0.5172,82924009.7
1730145600000,0.5172,0.5213,0.516,0.5192,47601826.7
1730160000000,0.5192,0.5265,0.5183,0.5234,91315240.7
1730174400000,0.5234,0.5283,0.5228,0.5256,66827886.1
1730188800000,0.5255,0.5269,0.523,0.5258,58140152.1
1730203200000,0.5258,0.5302,0.5236,0.5257,100645174.0
1730217600000,0.5256,0.531,0.5252,0.5263,126540533.0
1730232000000,0.5263,0.5291,0.5215,0.5286,66586106.9
1730246400000,0.5287,0.5287,0.5228,0.526,53903603.1
1730260800000,0.526,0.5268,0.5232,0.524,52438323.2
1730275200000,0.5239,0.5258,0.5205,0.521,65907693.5
1730289600000,0.521,0.5261,0.5193,0.5235,118569099.1
1730304000000,0.5235,0.5245,0.5217,0.5225,45502481.0
1730318400000,0.5224,0.5258,0.5208,0.5231,48815483.4
1730332800000,0.5231,0.524,0.519,0.5218,42302881.1
1730347200000,0.5218,0.5223,0.5163,0.5179,54137945.3
1730361600000,0.5178,0.521,0.5152,0.5187,63853732.0
1730376000000,0.5186,0.5196,0.5076,0.5108,148028930.6
1730390400000,0.5108,0.5131,0.5027,0.5061,170703921.1
1730404800000,0.5061,0.5114,0.5058,0.5095,49738917.8
1730419200000,0.5095,0.5193,0.5022,0.5193,135711883.6
1730433600000,0.5193,0.5215,0.5094,0.5119,130148485.2
1730448000000,0.5119,0.5244,0.511,0.5191,157204870.9
1730462400000,0.5191,0.5239,0.5116,0.5163,183254163.6
1730476800000,0.5162,0.5225,0.5123,0.5163,170390355.1
1730491200000,0.5163,0.5172,0.5075,0.513,67677681.7
1730505600000,0.513,0.5161,0.5124,0.5145,33082189.1
1730520000000,0.5144,0.5154,0.5113,0.513,31406123.7
1730534400000,0.513,0.5131,0.5104,0.5113,29907123.7
1730548800000,0.5113,0.5129,0.5061,0.5103,90178268.1
1730563200000,0.5103,0.5116,0.5076,0.5098,41450470.8
1730577600000,0.5099,0.5104,0.5077,0.5103,23347107.9
1730592000000,0.5103,0.5111,0.4973,0.5017,156419624.7
1730606400000,0.5017,0.507,0.5016,0.5058,36430995.2
1730620800000,0.5058,0.5059,0.5011,0.5024,55100119.2
1730635200000,0.5024,0.5035,0.4914,0.4967,213649538.6
1730649600000,0.4968,0.5007,0.4928,0.5005,82285141.6
1730664000000,0.5005,0.5045,0.4996,0.5029,51497990.2
1730678400000,0.5029,0.5079,0.5003,0.5071,65478121.7
1730692800000,0.5071,0.5085,0.5036,0.5053,60132326.1
1730707200000,0.5052,0.5146,0.5045,0.5119,114467990.3
1730721600000,0.5119,0.5127,0.5084,0.5103,83607958.8
1730736000000,0.5104,0.5138,0.5062,0.5065,116845977.2
1730750400000,0.5064,0.5078,0.4955,0.5032,156392541.7
1730764800000,0.5032,0.5059,0.5016,0.5055,48934387.4
1730779200000,0.5054,0.515,0.5044,0.5144,60521951.0
1730793600000,0.5144,0.5188,0.5086,0.5091,103818358.8
1730808000000,0.509,0.5144,0.5057,0.5097,131540047.3
1730822400000,0.5097,0.5145,0.5063,0.5077,92557448.4
1730836800000,0.5076,0.5154,0.5063,0.514,75269096.5
1730851200000,0.514,0.5378,0.5139,0.534,292733457.2
1730865600000,0.534,0.543,0.5302,0.5364,302945948.9
1730880000000,0.5365,0.5377,0.5267,0.5346,188249420.9
1730894400000,0.5345,0.5361,0.5271,0.5308,113981389.5
1730908800000,0.5307,0.5363,0.5303,0.5362,88340018.3
1730923200000,0.5363,0.5471,0.5355,0.5421,166345680.1
1730937600000,0.5422,0.5786,0.538,0.56,396664673.3
1730952000000,0.5601,0.563,0.5504,0.5559,247661522.0
1730966400000,0.5559,0.5574,0.5469,0.5476,138483851.8
1730980800000,0.5476,0.5505,0.5407,0.5501,167007771.5
1730995200000,0.5501,0.5559,0.5486,0.5551,142007433.3
1731009600000,0.5551,0.5582,0.5504,0.5559,101002613.4
1731024000000,0.5559,0.5604,0.5477,0.5497,117700237.5
1731038400000,0.5498,0.5531,0.5466,0.5508,79628232.2
1731052800000,0.5508,0.5526,0.546,0.5505,95520242.1
1731067200000,0.5506,0.558,0.5494,0.5524,173669953.4
1731081600000,0.5524,0.5553,0.5415,0.5513,178548052.6
1731096000000,0.5512,0.5548,0.5464,0.5541,81075604.5
1731110400000,0.554,0.5544,0.5455,0.5466,88730045.5
1731124800000,0.5465,0.5558,0.5465,0.5534,109756145.9
1731139200000,0.5534,0.5573,0.5512,0.5534,103279818.9
1731153600000,0.5534,0.5538,0.5444,0.5483,114335885.0
1731168000000,0.5483,0.5523,0.5435,0.5499,102690841.9
1731182400000,0.55,0.5625,0.5492,0.5596,150970310.8
1731196800000,0.5596,0.5753,0.5559,0.5717,255987838.0
1731211200000,0.5717,0.5931,0.57,0.5859,342733401.9
1731225600000,0.586,0.5885,0.5816,0.5871,171419964.3
1731240000000,0.5871,0.6193,0.5824,0.6052,647927520.5
1731254400000,0.6051,0.6171,0.5919,0.5963,364579916.5
1731268800000,0.5964,0.5989,0.5628,0.5888,442567440.9
1731283200000,0.5888,0.599,0.5848,0.5947,241273721.4
1731297600000,0.5948,0.5975,0.5706,0.5775,341907501.4
1731312000000,0.5775,0.5882,0.5767,0.5878,179192266.0
1731326400000,0.5878,0.5964,0.576,0.5911,336585816.8
1731340800000,0.591,0.5994,0.5882,0.5993,262617888.0
1731355200000,0.5993,0.634,0.5989,0.6216,875794428.0
1731369600000,0.6217,0.6226,0.5972,0.6065,390994172.0
1731384000000,0.6066,0.6179,0.5974,0.6163,369446404.6
1731398400000,0.6163,0.6995,0.6064,0.648,2013675681.4
1731412800000,0.6481,0.7039,0.626,0.6792,1455602642.2
1731427200000,0.6793,0.706,0.664,0.693,892224210.0
1731441600000,0.693,0.7404,0.6925,0.7048,1102728164.0
1731456000000,0.7048,0.742,0.6665,0.6677,896952905.9
1731470400000,0.6678,0.6777,0.6408,0.6611,588681601.8
1731484800000,0.6612,0.6776,0.6526,0.6768,480195008.4
1731499200000,0.6768,0.7213,0.6642,0.7133,935403499.9
1731513600000,0.7133,0.7491,0.6791,0.6815,880632014.6
1731528000000,0.6816,0.6931,0.6688,0.6901,385300445.7
1731542400000,0.6901,0.7054,0.6827,0.6974,352535850.9
1731556800000,0.6975,0.7059,0.6838,0.6989,293674083.3
1731571200000,0.6989,0.7225,0.6983,0.7186,447010247.3
1731585600000,0.7186,0.756,0.7015,0.7141,1109604049.0
1731600000000,0.7141,0.801,0.706,0.7908,999724987.1
1731614400000,0.7909,0.8478,0.754,0.7741,1526556227.2
1731628800000,0.7741,0.8319,0.7705,0.8214,895008404.1
1731643200000,0.8214,0.84,0.783,0.7862,801822095.8
1731657600000,0.7862,0.8351,0.7734,0.8272,671246295.9
1731672000000,0.8272,0.9158,0.8162,0.8664,1876256851.2
1731686400000,0.8664,0.899,0.86,0.8983,694619034.8
1731700800000,0.8983,0.9283,0.8662,0.8924,806803646.9
1731715200000,0.8925,0.9196,0.8782,0.9084,379912082.0
1731729600000,0.9084,0.9854,0.9055,0.9727,931967584.3
1731744000000,0.9727,1.0897,0.9615,1.0505,1755398259.3
1731758400000,1.0504,1.27,1.031,1.1106,3449614631.1
1731772800000,1.1106,1.2075,1.0854,1.1871,1460240908.2
1731787200000,1.1871,1.2034,1.1052,1.122,868364723.8
1731801600000,1.1219,1.1612,1.0378,1.0614,1074129380.9
1731816000000,1.0613,1.09,1.0048,1.069,1014775024.2
1731830400000,1.069,1.1025,1.0351,1.0382,669404552.5
1731844800000,1.0381,1.1484,1.0381,1.0848,1023774540.5
1731859200000,1.0849,1.0912,1.0333,1.0363,472565180.1
1731873600000,1.0364,1.0723,1.0322,1.055,378498368.0
1731888000000,1.0551,1.1412,1.0551,1.1187,658951786.0
1731902400000,1.1187,1.1874,1.1147,1.1714,781377058.5
1731916800000,1.1715,1.1762,1.1116,1.1204,627704155.4
1731931200000,1.1204,1.1774,1.105,1.1678,700128896.2
1731945600000,1.1679,1.1682,1.0756,1.0897,679764009.3
1731960000000,1.0897,1.1415,1.08,1.1151,395879971.9
1731974400000,1.115,1.1492,1.1125,1.1388,317037444.2
1731988800000,1.1387,1.1421,1.0985,1.1031,319513338.9
1732003200000,1.103,1.109,1.0821,1.1012,308075562.6
1732017600000,1.1012,1.1242,1.0692,1.0973,529333601.5
1732032000000,1.0973,1.1176,1.0851,1.1067,300654329.9
1732046400000,1.1067,1.1184,1.0711,1.1012,432611417.4
1732060800000,1.1012,1.1162,1.0561,1.0788,381598206.9
1732075200000,1.0788,1.0942,1.0682,1.0825,185620415.3
1732089600000,1.0825,1.1397,1.0762,1.1208,456467479.2
1732104000000,1.1208,1.152,1.1111,1.1214,551573125.8
1732118400000,1.1214,1.1315,1.0652,1.0832,487560877.8
1732132800000,1.0832,1.1221,1.0758,1.1045,276502574.7
1732147200000,1.1045,1.1314,1.0771,1.0959,377457417.4
1732161600000,1.0958,1.1326,1.085,1.1101,309644788.5
1732176000000,1.11,1.1369,1.1067,1.1114,324668004.1
1732190400000,1.1114,1.159,1.0961,1.1037,640562795.5
1732204800000,1.1037,1.2399,1.0993,1.1725,1269526510.6
1732219200000,1.1725,1.2663,1.1662,1.2477,525074757.3
1732233600000,1.2478,1.412,1.2474,1.3853,1558121794.4
1732248000000,1.3853,1.4348,1.3622,1.3649,835062186.3
1732262400000,1.3648,1.4771,1.3647,1.4666,816941569.0
1732276800000,1.4665,1.5036,1.3542,1.4423,1740182865.2
1732291200000,1.4422,1.4926,1.4032,1.4366,716239716.5
1732305600000,1.4366,1.4985,1.428,1.4739,453494617.5
1732320000000,1.4739,1.635,1.4711,1.5666,1188637004.0
1732334400000,1.5666,1.5672,1.4928,1.5459,516187514.3
1732348800000,1.5459,1.5794,1.5152,1.5458,355484553.1
1732363200000,1.5459,1.5966,1.5236,1.5567,485930457.0
1732377600000,1.5568,1.578,1.4136,1.4765,916475348.6
1732392000000,1.4764,1.4971,1.4221,1.4697,340760781.2
1732406400000,1.4698,1.514,1.4418,1.4741,349812349.1
1732420800000,1.4741,1.4845,1.4368,1.4661,252527932.7
1732435200000,1.4662,1.47,1.3789,1.3851,475946435.9
1732449600000,1.385,1.4048,1.2795,1.3099,1159993354.7
1732464000000,1.3097,1.4078,1.3,1.3797,554150419.3
1732478400000,1.3797,1.4613,1.373,1.4334,418050513.6
1732492800000,1.4335,1.4345,1.3561,1.4033,394930322.3
1732507200000,1.4032,1.5075,1.4019,1.4796,511319269.1
1732521600000,1.4795,1.54,1.466,1.4804,479770954.3
1732536000000,1.4804,1.4887,1.3744,1.4231,693096006.6
1732550400000,1.4232,1.5244,1.4113,1.4759,871255578.1
1732564800000,1.4759,1.4822,1.3829,1.4151,427088401.0
1732579200000,1.415,1.4588,1.4002,1.447,267451412.0
1732593600000,1.447,1.4581,1.4074,1.4254,253791455.4
1732608000000,1.4253,1.4271,1.2848,1.3327,866308074.3
1732622400000,1.3327,1.3844,1.3132,1.3454,673294759.5
1732636800000,1.3453,1.3955,1.3343,1.3797,470617324.0
1732651200000,1.3796,1.4299,1.3744,1.3993,383135997.5
1732665600000,1.3992,1.4209,1.3562,1.366,342153590.0
1732680000000,1.366,1.4183,1.3527,1.4116,249344403.8
1732694400000,1.4115,1.4683,1.406,1.4329,467988102.7
1732708800000,1.4329,1.508,1.4112,1.4965,475998744.5
1732723200000,1.4965,1.5077,1.4651,1.4855,323098410.5
1732737600000,1.4854,1.5233,1.4659,1.4709,289493690.7
1732752000000,1.4709,1.4853,1.4414,1.4657,247677710.3
1732766400000,1.4658,1.4936,1.4585,1.4645,207009688.9
1732780800000,1.4645,1.4738,1.4404,1.4658,229526707.7
1732795200000,1.4658,1.4791,1.4309,1.4352,298303614.7
1732809600000,1.4352,1.4845,1.4347,1.4794,207259657.3
1732824000000,1.4794,1.548,1.4661,1.5431,349334952.9
1732838400000,1.543,1.5805,1.5242,1.5536,459567400.9
1732852800000,1.5536,1.6475,1.5408,1.5908,583774603.8
1732867200000,1.5907,1.6846,1.5903,1.654,620792837.5
1732881600000,1.6541,1.777,1.645,1.7116,913298528.8
1732896000000,1.7116,1.7369,1.6767,1.727,568711791.0
1732910400000,1.727,1.8162,1.7186,1.8019,616054273.6
1732924800000,1.8019,1.8688,1.7655,1.8195,886244203.6
1732939200000,1.8195,1.952,1.805,1.9139,880875114.5
1732953600000,1.9138,1.934,1.8507,1.8977,657666867.8
1732968000000,1.8976,1.9016,1.82,1.8779,542590951.5
1732982400000,1.878,1.9118,1.8577,1.9005,342851309.1
1732996800000,1.9004,1.9593,1.8804,1.953,540235046.1
1733011200000,1.9529,1.9588,1.8472,1.8918,599499730.0
1733025600000,1.8919,1.9039,1.8565,1.8736,238821449.9
1733040000000,1.8735,1.9512,1.8696,1.9132,525286031.0
1733054400000,1.9132,1.923,1.8921,1.902,293978418.9
1733068800000,1.9021,2.1495,1.8811,2.126,1092708281.0
1733083200000,2.1261,2.3549,2.0768,2.2942,1542180585.0
1733097600000,2.2942,2.4977,2.2804,2.398,2055674267.6
1733112000000,2.398,2.4879,2.356,2.4421,959493710.7
1733126400000,2.4421,2.4576,2.2168,2.316,1514464010.4
1733140800000,2.3159,2.7573,2.299,2.7005,1972950898.8
1733155200000,2.7005,2.8767,2.5829,2.7472,1831573284.9
1733169600000,2.7473,2.7998,2.6364,2.7243,710466897.3
1733184000000,2.7242,2.7797,2.6457,2.7765,658289912.0
1733198400000,2.7766,2.7895,2.52,2.6282,939768017.5
1733212800000,2.6282,2.88,2.5637,2.8559,873598105.2
1733227200000,2.8559,2.916,2.286,2.5266,3157161207.5
1733241600000,2.5268,2.6097,2.4812,2.5708,875453029.2
1733256000000,2.571,2.688,2.5103,2.5127,568010234.0
1733270400000,2.5127,2.5822,2.5001,2.5463,393573125.3
1733284800000,2.5463,2.6588,2.5406,2.623,330297937.3
1733299200000,2.623,2.6859,2.605,2.6122,342080249.3
1733313600000,2.6122,2.6286,2.487,2.5145,607308229.4
1733328000000,2.5145,2.5233,2.324,2.3968,990289830.0
1733342400000,2.3967,2.4467,2.281,2.36,816989085.9
1733356800000,2.3599,2.397,2.18,2.2569,1200173437.4
1733371200000,2.2569,2.39,2.2473,2.3771,565440706.3
1733385600000,2.3771,2.4966,2.3635,2.4127,537674867.8
1733400000000,2.4126,2.42,2.3084,2.3776,484941244.8
1733414400000,2.3778,2.4424,2.3296,2.3403,370792198.6
1733428800000,2.3404,2.3533,2.21,2.2455,584348410.1
1733443200000,2.2454,2.3416,2.2275,2.311,308387346.1
1733457600000,2.311,2.399,2.3066,2.3226,288339934.8
1733472000000,2.3226,2.3392,2.2436,2.2748,378627141.8
1733486400000,2.2749,2.3776,2.2589,2.3322,510313064.5
1733500800000,2.3322,2.4172,2.3313,2.3659,425779938.2
1733515200000,2.3659,2.465,2.3605,2.4266,378468902.4
1733529600000,2.4267,2.5027,2.3985,2.4174,384633959.4
1733544000000,2.4174,2.4475,2.3851,2.4084,200719286.7
1733558400000,2.4084,2.4521,2.3958,2.4322,189963838.1
1733572800000,2.4322,2.5499,2.4227,2.5408,349476708.0
1733587200000,2.5409,2.5718,2.4725,2.5168,350193860.8
1733601600000,2.5167,2.6227,2.504,2.612,306735945.0
1733616000000,2.6119,2.6199,2.5654,2.5939,288160648.1
1733630400000,2.594,2.5959,2.5281,2.5543,214874308.6
1733644800000,2.5544,2.5572,2.4858,2.5403,244434552.7
1733659200000,2.5402,2.5695,2.5115,2.5422,194959466.0
1733673600000,2.5421,2.6488,2.5381,2.5818,360171136.6
1733688000000,2.5818,2.6228,2.552,2.6031,223913081.2
1733702400000,2.603,2.609,2.4333,2.4715,441107236.2
1733716800000,2.4714,2.4945,2.406,2.444,277830433.5
1733731200000,2.4439,2.4449,2.345,2.3739,488773688.9
1733745600000,2.3739,2.465,2.3686,2.3885,418601263.3
1733760000000,2.3885,2.4422,2.378,2.4094,214450713.2
1733774400000,2.4093,2.4142,2.01,2.2122,1418857758.8
1733788800000,2.2122,2.277,2.0423,2.1501,767405790.9
1733803200000,2.1498,2.2231,2.0863,2.2075,443908204.7
1733817600000,2.2075,2.2561,2.1756,2.2188,302349604.8
1733832000000,2.2189,2.226,2.0335,2.0415,700434066.9
1733846400000,2.0415,2.1491,1.9001,2.1225,1188984818.7
1733860800000,2.1224,2.415,2.1115,2.3688,1042663169.9
1733875200000,2.3688,2.3854,2.2296,2.3004,486989922.6
1733889600000,2.3004,2.3551,2.2864,2.2884,275011503.2
1733904000000,2.2884,2.3968,2.2844,2.3591,367339483.0
1733918400000,2.359,2.4698,2.326,2.447,576140427.6
1733932800000,2.447,2.4627,2.3809,2.4324,324871003.5
1733947200000,2.4324,2.4446,2.3913,2.3939,204975761.3
1733961600000,2.3938,2.4293,2.35,2.4037,293618039.3
1733976000000,2.4036,2.4841,2.4014,2.4244,320884676.9
1733990400000,2.4243,2.4541,2.3792,2.409,226237603.0
1734004800000,2.4091,2.4528,2.3933,2.4167,350398237.1
1734019200000,2.4167,2.4459,2.3382,2.3467,333767674.9
1734033600000,2.3467,2.3951,2.3064,2.3377,260107539.1
1734048000000,2.3376,2.3673,2.3071,2.3505,184594583.6
1734062400000,2.3505,2.3535,2.2825,2.3141,192773836.6
1734076800000,2.3141,2.3547,2.2992,2.3342,171775582.7
1734091200000,2.3343,2.4799,2.3339,2.3997,537079308.1
1734105600000,2.3998,2.4451,2.384,2.4203,252868278.4
1734120000000,2.4203,2.444,2.4102,2.422,135317263.5
1734134400000,2.4219,2.4793,2.3982,2.4632,206150102.1
1734148800000,2.4631,2.5324,2.4475,2.4873,282402261.9
1734163200000,2.4873,2.5038,2.4247,2.43,195049662.1
1734177600000,2.4299,2.4366,2.3647,2.4037,311872578.5
1734192000000,2.4036,2.4119,2.366,2.3939,191647185.8
1734206400000,2.3939,2.4085,2.3534,2.3997,144135252.0
1734220800000,2.3998,2.4369,2.3833,2.4147,133104717.8
1734235200000,2.4148,2.4489,2.387,2.3989,168392665.3
1734249600000,2.3988,2.4345,2.387,2.4271,138879887.3
1734264000000,2.427,2.4308,2.3902,2.4146,163258571.4
1734278400000,2.4146,2.44,2.404,2.4059,115370045.7
1734292800000,2.4059,2.4735,2.3652,2.4473,261329759.1
1734307200000,2.4473,2.4727,2.3892,2.4039,211228059.0
1734321600000,2.4038,2.4169,2.3964,2.4037,95706497.9
1734336000000,2.4037,2.407,2.3262,2.3486,194408985.1
1734350400000,2.3486,2.3991,2.3417,2.3738,231191123.1
1734364800000,2.3738,2.5868,2.3738,2.4756,947345224.4
1734379200000,2.4756,2.5286,2.4604,2.4847,201736075.0
1734393600000,2.4847,2.492,2.44,2.4851,182574988.9
1734408000000,2.4851,2.5531,2.46,2.5348,222618363.1
1734422400000,2.5347,2.7289,2.5306,2.6887,707002411.6
1734436800000,2.6887,2.7159,2.5511,2.5956,748755198.0
1734451200000,2.5957,2.6574,2.5766,2.6001,331579376.1
1734465600000,2.6002,2.629,2.5213,2.5655,291258549.4
1734480000000,2.5655,2.5919,2.5212,2.5231,269060012.2
1734494400000,2.523,2.536,2.4674,2.5079,319771259.7
1734508800000,2.5079,2.5919,2.491,2.58,283926622.2
1734523200000,2.58,2.582,2.45,2.4705,388810170.8
1734537600000,2.4706,2.5148,2.401,2.401,428149760.9
1734552000000,2.4012,2.4193,2.2313,2.309,840635649.2
1734566400000,2.3089,2.3652,2.1727,2.3501,675488480.5
1734580800000,2.3501,2.3847,2.3335,2.3785,228620076.5
1734595200000,2.3786,2.4299,2.3455,2.4089,225980426.9
1734609600000,2.4089,2.417,2.2708,2.326,486471640.7
1734624000000,2.326,2.3458,2.1843,2.229,750235554.0
1734638400000,2.2292,2.29,2.16,2.2386,431534080.9
1734652800000,2.2386,2.3558,2.2243,2.3301,359068851.1
1734667200000,2.3301,2.3427,2.2509,2.289,248625610.1
1734681600000,2.2891,2.2929,1.9602,1.968,1073740121.3
1734696000000,1.9678,2.2464,1.962,2.2133,913976880.1
1734710400000,2.2133,2.3105,2.2,2.2777,375021953.6
1734724800000,2.2777,2.2975,2.2071,2.2786,250702337.2
1734739200000,2.2787,2.3169,2.251,2.299,192623017.6
1734753600000,2.299,2.3858,2.2905,2.3531,239331011.9
1734768000000,2.3531,2.3658,2.2838,2.3063,241918216.1
1734782400000,2.3064,2.3067,2.1917,2.2569,414618888.2
1734796800000,2.2569,2.2663,2.2002,2.2419,244114754.5
1734811200000,2.2418,2.2672,2.2039,2.2374,159276457.4
1734825600000,2.2374,2.2572,2.2034,2.2393,140680665.8
1734840000000,2.2392,2.2468,2.1757,2.2289,170405087.3
1734854400000,2.2288,2.2933,2.2272,2.2596,159267103.6
1734868800000,2.2596,2.276,2.1958,2.2188,231633102.4
1734883200000,2.2189,2.261,2.1822,2.1891,153577716.4
1734897600000,2.1892,2.2268,2.1597,2.2025,195102690.9
1734912000000,2.2025,2.2199,2.1302,2.2165,278974596.6
1734926400000,2.2166,2.234,2.1544,2.1777,176822900.4
1734940800000,2.1777,2.224,2.1717,2.2006,155981457.9
1734955200000,2.2006,2.224,2.1313,2.1412,265958697.8
1734969600000,2.1412,2.2037,2.1366,2.1827,225181510.3
1734984000000,2.1827,2.2784,2.181,2.2611,229415014.4
1734998400000,2.2612,2.264,2.213,2.2486,121909211.4
1735012800000,2.2487,2.2659,2.2278,2.2463,89115036.6
1735027200000,2.2463,2.2596,2.2221,2.2444,89907651.1
1735041600000,2.2445,2.335,2.2286,2.3206,259114331.2
1735056000000,2.3205,2.35,2.3044,2.3057,170466529.1
1735070400000,2.3057,2.3382,2.2771,2.3224,132694866.2
1735084800000,2.3224,2.3228,2.282,2.2969,91483036.6
1735099200000,2.2969,2.3135,2.2772,2.284,76520525.2
1735113600000,2.284,2.3322,2.261,2.2704,129495187.0
1735128000000,2.2704,2.2994,2.261,2.2785,104166176.1
1735142400000,2.2785,2.3081,2.2601,2.3065,78328535.9
1735156800000,2.3065,2.3169,2.288,2.2968,79382894.0
1735171200000,2.2968,2.3161,2.2636,2.2701,99176841.1
1735185600000,2.2702,2.2702,2.2323,2.2407,95369685.0
1735200000000,2.2408,2.2457,2.16,2.1889,246491352.9
1735214400000,2.1889,2.1899,2.151,2.1645,193267299.9
1735228800000,2.1646,2.1852,2.1267,2.1659,186006526.1
1735243200000,2.1659,2.1782,2.1289,2.1549,121820220.1
1735257600000,2.1549,2.189,2.1314,2.1739,141308896.4
1735272000000,2.1739,2.1878,2.1263,2.1422,140197809.2
1735286400000,2.1422,2.2365,2.1421,2.2132,253897407.1
1735300800000,2.2131,2.2149,2.1317,2.1435,171006014.5
1735315200000,2.1435,2.1804,2.1128,2.1786,168505079.5
1735329600000,2.1785,2.1804,2.132,2.1454,82141210.5
1735344000000,2.1454,2.1572,2.1333,2.1544,74006191.8
1735358400000,2.1545,2.1706,2.1448,2.1573,60863601.4
1735372800000,2.1573,2.1759,2.1564,2.1692,56592674.6
1735387200000,2.1693,2.194,2.1586,2.1723,99699077.3
1735401600000,2.1723,2.2033,2.171,2.1888,75571454.3
1735416000000,2.1888,2.2074,2.1789,2.1836,52733547.9
1735430400000,2.1836,2.1885,2.1684,2.1867,53537798.2
1735444800000,2.1867,2.1974,2.1754,2.1962,38578974.0
1735459200000,2.1962,2.197,2.1742,2.1763,55208236.6
1735473600000,2.1763,2.1856,2.1497,2.1636,98628528.5
1735488000000,2.1637,2.1653,2.1355,2.1419,81022382.9
1735502400000,2.1419,2.142,2.0695,2.0926,173557006.6
1735516800000,2.0926,2.1515,2.0826,2.1002,149866036.0
1735531200000,2.1002,2.1123,2.0455,2.0672,174722604.0
1735545600000,2.0672,2.0847,2.049,2.0753,146942556.3
1735560000000,2.0752,2.0952,1.9938,2.0234,323423792.5
1735574400000,2.0234,2.1062,1.9975,2.103,273956328.1
1735588800000,2.103,2.1391,2.0434,2.0579,194445771.2
1735603200000,2.0579,2.0656,2.0143,2.0198,129267518.5
1735617600000,2.0198,2.0369,2.0113,2.0325,100075680.3
1735632000000,2.0326,2.1004,2.0317,2.0746,184683444.0
1735646400000,2.0746,2.1486,2.0746,2.1277,247210973.4
1735660800000,2.1277,2.1286,2.0609,2.0914,159071750.5
1735675200000,2.0914,2.1048,2.0729,2.0836,63728214.6
1735689600000,2.0835,2.1114,2.0808,2.1061,69481730.3
1735704000000,2.1062,2.1484,2.099,2.1241,112607765.1
1735718400000,2.1242,2.1437,2.09,2.1355,132871618.9
1735732800000,2.1354,2.2342,2.1307,2.2275,275304057.0
1735747200000,2.2275,2.3418,2.211,2.3171,519415175.6
1735761600000,2.317,2.3547,2.2854,2.3321,234145755.5
1735776000000,2.3321,2.4518,2.3286,2.4243,409126084.1
1735790400000,2.4243,2.4282,2.3442,2.3666,246245696.2
1735804800000,2.3667,2.4173,2.3666,2.4035,178675526.5
1735819200000,2.4035,2.4232,2.365,2.4044,264764624.3
1735833600000,2.4043,2.4386,2.3758,2.3877,207938757.2
1735848000000,2.3878,2.4145,2.3656,2.4025,109285507.4
1735862400000,2.4026,2.4748,2.3963,2.4683,225835298.5
1735876800000,2.4683,2.4683,2.4042,2.415,204507470.4
1735891200000,2.4151,2.4371,2.4001,2.4086,138174055.6
1735905600000,2.4086,2.4498,2.4004,2.4467,180377232.7
1735920000000,2.4467,2.4813,2.4372,2.4731,188327510.6
1735934400000,2.473,2.473,2.4415,2.4544,116598136.8
1735948800000,2.4544,2.5105,2.4274,2.4654,245143210.9
1735963200000,2.4655,2.4663,2.4406,2.4456,86063558.7
1735977600000,2.4457,2.4532,2.4279,2.4404,91685112.4
1735992000000,2.4404,2.4628,2.4008,2.4112,152992138.4
1736006400000,2.4112,2.4338,2.41,2.423,92882661.9
1736020800000,2.423,2.442,2.416,2.4202,80585013.0
1736035200000,2.4201,2.4284,2.3718,2.3903,125635329.8
1736049600000,2.3903,2.4153,2.3875,2.4008,70655238.6
1736064000000,2.4007,2.4036,2.3269,2.3521,204356868.7
1736078400000,2.3521,2.382,2.3433,2.3675,143256017.4
1736092800000,2.3675,2.4113,2.3586,2.3826,106084333.8
1736107200000,2.3826,2.4145,2.3814,2.3988,68819479.0
1736121600000,2.3988,2.4425,2.3726,2.4121,148136316.2
1736136000000,2.4121,2.4246,2.3911,2.3928,75227759.7
1736150400000,2.3927,2.404,2.3734,2.3955,90330702.3
1736164800000,2.3954,2.4516,2.3657,2.4363,212211917.9
1736179200000,2.4364,2.4587,2.4002,2.4249,153760662.9
1736193600000,2.425,2.4299,2.4066,2.4194,63723124.6
1736208000000,2.4194,2.4235,2.3922,2.4044,75023035.8
1736222400000,2.4043,2.4479,2.403,2.428,115904736.2
1736236800000,2.428,2.4693,2.4061,2.4218,177941500.8
1736251200000,2.4218,2.4432,2.2742,2.3123,529921433.7
1736265600000,2.3122,2.3445,2.2617,2.2817,276475182.2
1736280000000,2.2817,2.3059,2.2562,2.2698,177829389.6
1736294400000,2.2698,2.3666,2.2665,2.3189,242658542.9
1736308800000,2.319,2.333,2.2578,2.2854,198864006.0
1736323200000,2.2854,2.3393,2.285,2.3257,167714947.2
1736337600000,2.3258,2.3772,2.2768,2.3085,332483030.3
1736352000000,2.3086,2.3369,2.1984,2.315,457014613.9
1736366400000,2.3149,2.3981,2.2964,2.3722,194319712.9
1736380800000,2.3722,2.3953,2.3358,2.3478,171155896.1
1736395200000,2.3478,2.3661,2.2958,2.3121,152254301.5
1736409600000,2.3121,2.3316,2.287,2.3027,135619305.2
1736424000000,2.3026,2.3377,2.2333,2.3198,315779330.4
1736438400000,2.3199,2.3286,2.2659,2.2784,204205869.9
1736452800000,2.2785,2.2992,2.2507,2.271,141365748.5
1736467200000,2.271,2.2937,2.2565,2.2874,97269949.9
1736481600000,2.2874,2.326,2.2791,2.3094,100475749.8
1736496000000,2.3094,2.3222,2.3001,2.3089,84979599.6
1736510400000,2.3089,2.3186,2.2452,2.2884,326802319.1
1736524800000,2.2884,2.3625,2.2672,2.3578,209977417.2
1736539200000,2.3578,2.3692,2.3314,2.3411,90187184.3
1736553600000,2.3411,2.364,2.3241,2.3308,82497925.9
1736568000000,2.3308,2.346,2.3264,2.3436,49057589.4
1736582400000,2.3437,2.4371,2.3316,2.4189,171896145.4
1736596800000,2.4189,2.4304,2.3774,2.4067,207008799.5
1736611200000,2.4067,2.5321,2.3961,2.5292,438658435.9
1736625600000,2.5292,2.6038,2.5073,2.5761,368503776.8
1736640000000,2.5761,2.5835,2.5058,2.5412,210441085.3
1736654400000,2.5412,2.5555,2.5111,2.5415,113593900.1
1736668800000,2.5415,2.5507,2.47,2.4939,218074177.7
1736683200000,2.4939,2.532,2.4868,2.5215,187976839.1
1736697600000,2.5215,2.5537,2.5141,2.5475,149110585.5
1736712000000,2.5474,2.5479,2.4836,2.5031,138246306.8
1736726400000,2.5032,2.563,2.4935,2.5041,249845860.3
1736740800000,2.5041,2.5406,2.4235,2.4615,239235581.8
1736755200000,2.4615,2.4636,2.3338,2.3374,392949938.4
1736769600000,2.3374,2.4959,2.3307,2.4651,671920820.3
1736784000000,2.4652,2.4947,2.4236,2.4628,250509504.8
1736798400000,2.4627,2.556,2.4496,2.5225,216519976.5
1736812800000,2.5224,2.5554,2.514,2.5326,122781005.9
1736827200000,2.5327,2.553,2.5111,2.5156,91783307.8
1736841600000,2.5156,2.6026,2.5156,2.574,229774047.4
1736856000000,2.574,2.5915,2.5465,2.5782,232317706.1
1736870400000,2.578,2.7012,2.5511,2.6633,424465695.8
1736884800000,2.6632,2.6788,2.6383,2.6668,134180456.6
1736899200000,2.6668,2.8777,2.6489,2.8309,569114870.4
1736913600000,2.8308,2.8925,2.782,2.8583,275173797.4
1736928000000,2.8583,2.8757,2.7123,2.76,491113006.6
1736942400000,2.76,3.036,2.726,2.9705,902699436.5
1736956800000,2.9705,3.0069,2.87,2.9443,441834204.7
1736971200000,2.9444,3.1992,2.9331,3.1411,549051724.3
1736985600000,3.1411,3.15,2.9211,3.0391,678198054.2
1737000000000,3.0392,3.1486,3.0385,3.0897,267071156.8
1737014400000,3.0896,3.22,3.0264,3.1961,661382174.0
1737028800000,3.196,3.388,3.16,3.3067,1186005571.7
1737043200000,3.3067,3.4043,3.3032,3.3483,479826977.2
1737057600000,3.3482,3.3492,3.1644,3.2433,484532874.9
1737072000000,3.2432,3.3477,3.2422,3.3067,290085021.0
1737086400000,3.3068,3.352,3.2822,3.3011,208207778.6
1737100800000,3.3012,3.3262,3.2257,3.2975,320335833.6
1737115200000,3.2974,3.2975,3.1748,3.1989,388413672.6
1737129600000,3.1989,3.2597,3.1718,3.2337,271043390.3
1737144000000,3.2338,3.3172,3.2257,3.2911,245147095.2
1737158400000,3.2911,3.2973,3.1964,3.2396,246842132.5
1737172800000,3.2395,3.247,3.0709,3.1157,379172431.8
1737187200000,3.1157,3.1839,3.0551,3.1714,309552645.2
1737201600000,3.1714,3.2474,3.1523,3.1762,248288014.7
1737216000000,3.1763,3.2164,3.1316,3.2099,195458249.3
1737230400000,3.2099,3.2899,3.17,3.2695,167485583.0
1737244800000,3.2694,3.293,3.2234,3.2499,174240185.0
1737259200000,3.2498,3.252,3.1709,3.1811,180180743.3
1737273600000,3.1811,3.1813,3.0349,3.053,439574159.5
1737288000000,3.053,3.1589,3.0521,3.1467,225194549.6
1737302400000,3.1466,3.2253,3.1171,3.2225,152299121.6
1737316800000,3.2224,3.2369,2.8301,2.9555,650750718.9
1737331200000,2.9552,3.1309,2.905,3.1118,438559232.7
1737345600000,3.1117,3.254,3.0729,3.2007,290418257.1
1737360000000,3.2008,3.3454,3.1979,3.3263,328479412.0
1737374400000,3.3262,3.3717,3.201,3.2724,476349031.2
1737388800000,3.2724,3.3218,2.9898,3.1513,603036290.7
1737403200000,3.1512,3.1784,3.0303,3.1042,225913124.0
1737417600000,3.1042,3.1915,3.061,3.102,255716903.5
1737432000000,3.1019,3.1023,3.0128,3.0682,191960876.7
1737446400000,3.0682,3.1218,3.0429,3.1089,149852838.7
1737460800000,3.1093,3.1519,3.0775,3.1201,178890561.3
1737475200000,3.12,3.2394,3.1169,3.1999,227507846.1
1737489600000,3.1999,3.2025,3.1406,3.1735,87088939.3
1737504000000,3.1735,3.2076,3.1634,3.1771,74795114.2
1737518400000,3.1771,3.191,3.1501,3.1714,74407111.9
1737532800000,3.1715,3.2355,3.141,3.2352,106215854.1
1737547200000,3.2351,3.2612,3.1507,3.1615,227077403.4
1737561600000,3.1616,3.27,3.1268,3.2248,245006765.0
1737576000000,3.2247,3.2866,3.1503,3.1788,225513455.6
1737590400000,3.179,3.1819,3.1144,3.1507,108966408.3
1737604800000,3.1508,3.1541,3.0977,3.1281,85548835.0
1737619200000,3.128,3.131,3.06,3.0843,94508279.8
1737633600000,3.0843,3.1622,3.0361,3.1339,253621724.5
1737648000000,3.1339,3.1837,3.0576,3.0777,161478088.6
1737662400000,3.0777,3.1769,3.0555,3.1186,220949839.0
1737676800000,3.1186,3.1321,3.0523,3.1206,140624833.5
1737691200000,3.1206,3.1748,3.1113,3.1651,117511592.3
1737705600000,3.1653,3.201,3.161,3.1968,101516184.7
1737720000000,3.1967,3.2028,3.135,3.1646,119093338.2
1737734400000,3.1646,3.1697,3.1294,3.1406,72223775.7
1737748800000,3.1405,3.143,3.0804,3.0985,107657986.6
1737763200000,3.0984,3.1328,3.0943,3.1318,71429270.2
1737777600000,3.1318,3.1347,3.0919,3.1072,45661499.9
1737792000000,3.1072,3.1158,3.0751,3.1131,52873021.4
1737806400000,3.113,3.1423,3.1016,3.1403,71027777.2
1737820800000,3.1403,3.1435,3.1102,3.1242,47541092.8
1737835200000,3.1242,3.1423,3.1041,3.1069,45589565.0
1737849600000,3.107,3.1435,3.1036,3.1342,46402999.1
1737864000000,3.1342,3.1451,3.1229,3.1416,41109465.2
1737878400000,3.1416,3.144,3.1085,3.1299,52971818.3
1737892800000,3.1298,3.1299,3.1104,3.1141,42491672.7
1737907200000,3.114,3.1372,3.1052,3.1301,43733076.6
1737921600000,3.1301,3.1314,3.0081,3.0198,165172917.2
1737936000000,3.0199,3.0372,2.9404,3.0029,247464108.5
1737950400000,3.0029,3.0029,2.645,2.8087,592832101.3
1737964800000,2.8086,2.8314,2.716,2.7867,312558111.1
1737979200000,2.7868,2.994,2.7682,2.9548,403590157.0
1737993600000,2.9548,3.0239,2.8765,2.9147,219055011.4
1738008000000,2.9147,3.0573,2.9139,3.0533,176175684.8
1738022400000,3.0533,3.0938,3.0048,3.0869,148038045.4
1738036800000,3.0869,3.1477,3.0834,3.1039,134087458.8
1738051200000,3.104,3.1446,3.0702,3.1364,141323223.0
1738065600000,3.1365,3.214,3.115,3.1836,350068456.3
1738080000000,3.1837,3.198,3.1214,3.1365,153883670.1
1738094400000,3.1364,3.1396,3.0134,3.0553,214641917.6
1738108800000,3.0553,3.0944,3.0533,3.0826,87833180.4
1738123200000,3.0827,3.1231,3.0713,3.1044,72342756.0
1738137600000,3.1044,3.1269,3.0706,3.0856,85196168.1
1738152000000,3.0855,3.0995,3.0238,3.0633,138017634.7
1738166400000,3.0634,3.1352,2.966,3.0711,290202460.2
1738180800000,3.0711,3.1356,3.035,3.0671,188355399.6
1738195200000,3.0671,3.131,3.0459,3.121,98581716.5
1738209600000,3.121,3.1345,3.0968,3.1081,64119454.5
1738224000000,3.1082,3.1153,3.0955,3.1012,57643755.1
1738238400000,3.1012,3.1535,3.0819,3.12,129238508.0
1738252800000,3.1199,3.145,3.097,3.1289,91431177.7
1738267200000,3.1289,3.1536,3.113,3.127,61760545.2
1738281600000,3.1269,3.1329,3.0804,3.0916,69009868.4
1738296000000,3.0916,3.0978,3.0682,3.0781,63683153.9
1738310400000,3.078,3.101,3.0568,3.0973,63557918.3
1738324800000,3.0974,3.1142,3.0695,3.0978,103170864.0
1738339200000,3.0978,3.1033,3.0127,3.0304,140789612.5
1738353600000,3.0304,3.0456,3.001,3.0347,78375913.9
1738368000000,3.0347,3.0713,3.0244,3.0393,52392026.0
1738382400000,3.0394,3.0564,3.027,3.0301,41738583.4
1738396800000,3.03,3.0386,2.9432,2.9927,156567368.0
1738411200000,2.9926,3.0065,2.9488,2.9716,90181735.6
1738425600000,2.9717,2.9998,2.9058,2.9367,98739400.8
1738440000000,2.9367,2.9431,2.8267,2.8768,188873149.3
1738454400000,2.8767,2.9533,2.826,2.8321,185950194.0
1738468800000,2.8321,2.9263,2.8213,2.8806,171367147.9
1738483200000,2.8805,2.9139,2.7812,2.7869,143572109.0
1738497600000,2.787,2.8484,2.73,2.8098,247309014.6
1738512000000,2.8099,2.8107,2.5,2.6672,815280531.5
1738526400000,2.6672,2.7191,2.4501,2.5784,492338774.8
1738540800000,2.5784,2.5797,1.7636,2.2576,2060672689.1
1738555200000,2.2576,2.45,2.1222,2.4269,628141728.1
1738569600000,2.427,2.439,2.3049,2.3695,451524720.6
1738584000000,2.3695,2.593,2.206,2.5494,833567731.9
1738598400000,2.5494,2.7793,2.5352,2.7443,577271910.6
1738612800000,2.7442,2.7442,2.6433,2.6989,272484409.2
1738627200000,2.6988,2.786,2.6877,2.7198,262927382.4
1738641600000,2.7201,2.7292,2.4708,2.4851,464581388.3
1738656000000,2.4851,2.6314,2.4725,2.5883,304648483.1
1738670400000,2.5883,2.685,2.5831,2.6192,363945274.7
1738684800000,2.6192,2.7084,2.5848,2.5868,272329299.8
1738699200000,2.5868,2.619,2.4203,2.5253,444585795.9
1738713600000,2.5254,2.5635,2.469,2.5047,197076823.4
1738728000000,2.5047,2.5398,2.4837,2.5093,118950339.2
1738742400000,2.5093,2.5548,2.4942,2.548,131027768.6
1738756800000,2.5481,2.5677,2.4733,2.5009,201993051.5
1738771200000,2.5008,2.5076,2.3418,2.4357,372622000.7
1738785600000,2.4357,2.4614,2.357,2.3799,203934316.7
1738800000000,2.3798,2.434,2.3744,2.4232,139859957.7
1738814400000,2.4231,2.4668,2.4146,2.4392,110410310.6
1738828800000,2.4392,2.4688,2.4188,2.4481,123751857.2
1738843200000,2.4481,2.4519,2.285,2.3144,339891916.8
1738857600000,2.3145,2.3702,2.2739,2.294,294417715.7
1738872000000,2.294,2.3628,2.289,2.3238,153330820.7
1738886400000,2.3237,2.3731,2.3092,2.3516,131068389.7
1738900800000,2.3517,2.3719,2.2634,2.2881,173369033.0
1738915200000,2.288,2.4315,2.2757,2.417,216402339.4
1738929600000,2.4169,2.5392,2.3705,2.4775,512321943.3
1738944000000,2.4776,2.509,2.4101,2.4267,269384222.2
1738958400000,2.4268,2.4307,2.3465,2.3951,224638707.7
1738972800000,2.3951,2.4252,2.374,2.3819,110127675.8
1738987200000,2.3819,2.4033,2.3494,2.3929,100378490.2
1739001600000,2.393,2.4169,2.369,2.4093,91613993.3
1739016000000,2.4092,2.4339,2.381,2.39,135888108.6
1739030400000,2.39,2.4362,2.3761,2.4236,98798988.7
1739044800000,2.4237,2.4354,2.4016,2.4179,55882874.4
1739059200000,2.4178,2.5042,2.4057,2.502,115315002.8
1739073600000,2.502,2.5066,2.4485,2.4657,99099848.3
1739088000000,2.4658,2.4942,2.4368,2.4378,77407293.1
1739102400000,2.4379,2.4477,2.3785,2.4266,155516335.8
1739116800000,2.4265,2.4334,2.3833,2.3972,67735397.3
1739131200000,2.3972,2.4217,2.3105,2.3909,203915294.7
1739145600000,2.3909,2.4355,2.3217,2.3818,236322155.2
1739160000000,2.3818,2.419,2.3709,2.4039,105767057.7
1739174400000,2.4039,2.4531,2.4004,2.4272,128543307.4
1739188800000,2.4273,2.472,2.4038,2.4204,158034130.6
1739203200000,2.4205,2.4446,2.4074,2.4233,72213157.3
1739217600000,2.4233,2.4414,2.4071,2.4226,49597170.7
1739232000000,2.4225,2.467,2.4188,2.4401,77059061.2
1739246400000,2.44,2.5283,2.4398,2.4991,150724972.2
1739260800000,2.4991,2.512,2.4733,2.4948,100818437.5
1739275200000,2.4949,2.4975,2.4334,2.4684,166274965.0
1739289600000,2.4685,2.4808,2.3702,2.3859,154004799.0
1739304000000,2.386,2.445,2.3817,2.4117,111797821.9
1739318400000,2.4116,2.4255,2.3794,2.3869,78901552.3
1739332800000,2.387,2.4178,2.3789,2.4052,68020685.7
1739347200000,2.4052,2.4331,2.3985,2.4204,60974804.1
1739361600000,2.4205,2.453,2.3307,2.3996,343286605.1
1739376000000,2.3995,2.4656,2.3777,2.447,132088563.3
1739390400000,2.4471,2.4958,2.439,2.4723,78270497.2
1739404800000,2.4724,2.4824,2.4524,2.482,54804426.7
1739419200000,2.482,2.4856,2.4268,2.4395,91063683.3
1739433600000,2.4395,2.456,2.4201,2.4428,64433362.8
1739448000000,2.4429,2.4698,2.4128,2.4464,143758198.4
1739462400000,2.4464,2.4725,2.4193,2.4539,87627537.1
1739476800000,2.4538,2.6036,2.4532,2.558,278874943.9
1739491200000,2.558,2.5925,2.5285,2.5925,140957011.1
1739505600000,2.5925,2.5966,2.5368,2.587,105520690.6
1739520000000,2.5871,2.7899,2.5866,2.7317,486143431.6
1739534400000,2.7316,2.7491,2.6784,2.7241,270361058.6
1739548800000,2.7242,2.8352,2.6985,2.7867,214296108.4
1739563200000,2.7867,2.8094,2.6902,2.7372,157547139.2
1739577600000,2.7372,2.8328,2.7219,2.8128,153043726.8
1739592000000,2.8128,2.8141,2.7452,2.762,116939066.9
1739606400000,2.7621,2.8177,2.7621,2.7964,116574772.5
1739620800000,2.7965,2.824,2.7564,2.7791,158608131.2
1739635200000,2.7791,2.7843,2.737,2.7433,102800648.0
1739649600000,2.7434,2.764,2.7129,2.7601,78482890.2
1739664000000,2.7602,2.7972,2.7536,2.7818,92703431.5
1739678400000,2.7819,2.8049,2.7501,2.7595,78137580.4
1739692800000,2.7596,2.776,2.7397,2.7622,68239477.9
1739707200000,2.7623,2.766,2.7067,2.7216,105197254.7
1739721600000,2.7216,2.7394,2.6855,2.7248,85942982.5
1739736000000,2.7247,2.7664,2.7181,2.7272,92918485.9
1739750400000,2.7271,2.7638,2.698,2.7105,83312288.5
1739764800000,2.7105,2.716,2.6343,2.6535,161937224.8
1739779200000,2.6535,2.6978,2.6402,2.6718,98211954.0
1739793600000,2.6719,2.7313,2.639,2.6447,143344547.6
1739808000000,2.6448,2.662,2.6063,2.6468,161884742.7
1739822400000,2.6468,2.6849,2.6431,2.6586,65070867.2
1739836800000,2.6585,2.6685,2.6216,2.6588,65369342.2
1739851200000,2.6588,2.6663,2.5399,2.5626,193290223.6
1739865600000,2.5626,2.6078,2.545,2.5724,112139354.9
1739880000000,2.5723,2.6296,2.525,2.5398,165558838.3
1739894400000,2.5398,2.556,2.4683,2.5102,223538978.4
1739908800000,2.5102,2.5668,2.495,2.5615,96463528.5
1739923200000,2.5615,2.5765,2.5179,2.5531,103605209.4
1739937600000,2.5531,2.5644,2.511,2.5555,90847620.1
1739952000000,2.5556,2.6306,2.5418,2.6133,122693720.1
1739966400000,2.6132,2.6238,2.5717,2.6062,150942361.1
1739980800000,2.6062,2.6903,2.6053,2.6592,185219811.4
1739995200000,2.6591,2.7449,2.6542,2.7356,134295106.8
1740009600000,2.7356,2.7469,2.6801,2.703,125995298.3
1740024000000,2.703,2.7319,2.6686,2.6843,103553747.3
1740038400000,2.6843,2.7116,2.6755,2.6797,72042438.5
1740052800000,2.6798,2.7464,2.669,2.6713,182713279.3
1740067200000,2.6713,2.7274,2.6658,2.7066,107219931.1
1740081600000,2.7066,2.713,2.6684,2.6867,73421931.9
1740096000000,2.6867,2.6916,2.6379,2.6427,83892231.3
1740110400000,2.6427,2.6732,2.6404,2.6579,64421406.0
1740124800000,2.6579,2.6935,2.6445,2.6488,109728535.8
1740139200000,2.6489,2.7138,2.562,2.6118,314908041.8
1740153600000,2.6118,2.6451,2.5054,2.5241,246550075.8
1740168000000,2.524,2.5739,2.5146,2.5698,116837044.8
1740182400000,2.5698,2.5967,2.5484,2.5706,73578362.3
1740196800000,2.5706,2.594,2.5661,2.5798,38773051.8
1740211200000,2.5798,2.595,2.5639,2.5869,59209977.7
1740225600000,2.5869,2.5984,2.5772,2.589,51807740.4
1740240000000,2.5889,2.6084,2.5813,2.586,53179958.1
1740254400000,2.586,2.5879,2.5682,2.5726,35370463.4
1740268800000,2.5725,2.5735,2.5357,2.551,69522825.9
1740283200000,2.5509,2.6003,2.544,2.589,52894175.9
1740297600000,2.589,2.5903,2.5648,2.5681,45652664.4
1740312000000,2.5682,2.5732,2.5181,2.5204,79801743.8
1740326400000,2.5204,2.5646,2.5188,2.551,62045245.5
1740340800000,2.551,2.5835,2.542,2.5744,47830858.8
1740355200000,2.5744,2.6136,2.4674,2.4884,154960209.4
1740369600000,2.4886,2.5033,2.4421,2.4922,129517597.8
1740384000000,2.4923,2.4931,2.4324,2.4867,130763238.4
1740398400000,2.4867,2.4976,2.4011,2.43,201759888.1
1740412800000,2.4298,2.4749,2.3784,2.4009,146607061.9
1740427200000,2.401,2.448,2.231,2.2769,394353558.2
1740441600000,2.2769,2.3347,2.21,2.2817,309715789.2
1740456000000,2.2818,2.3083,2.0862,2.1503,514138100.7
1740470400000,2.1504,2.2114,2.0631,2.1871,565901440.5
1740484800000,2.1871,2.2768,2.1561,2.2059,529693903.5
1740499200000,2.2059,2.263,2.1707,2.2611,242086386.8
1740513600000,2.261,2.3642,2.2442,2.3211,245388187.7
1740528000000,2.321,2.3297,2.2645,2.3102,151233641.5
1740542400000,2.3103,2.3273,2.2656,2.2863,99126848.0
1740556800000,2.2862,2.3219,2.2627,2.2791,127198156.4
1740571200000,2.2792,2.3029,2.1939,2.2744,347716718.9
1740585600000,2.2745,2.2817,2.1495,2.1787,338639397.6
1740600000000,2.1788,2.2461,2.1533,2.1971,233992420.1
1740614400000,2.1971,2.2188,2.1585,2.2013,152997564.0
1740628800000,2.2013,2.2386,2.1698,2.2221,111676988.8
1740643200000,2.2221,2.2563,2.2012,2.2383,109371086.3
1740657600000,2.2383,2.2452,2.1667,2.1982,196716071.2
1740672000000,2.1983,2.2363,2.1717,2.189,119851716.1
1740686400000,2.189,2.2073,2.1445,2.1973,147816744.6
1740700800000,2.1973,2.2009,2.0162,2.0195,438638688.6
1740715200000,2.0196,2.0494,1.982,1.9992,304621930.0
1740729600000,1.9992,2.0588,1.9511,2.0309,258535493.1
1740744000000,2.0308,2.1549,2.012,2.145,330553678.0
1740758400000,2.145,2.1627,2.1142,2.1463,164054901.3
1740772800000,2.1464,2.1586,2.1208,2.1443,81672553.0
1740787200000,2.1444,2.2155,2.1208,2.1831,143477438.9
1740801600000,2.183,2.2184,2.1622,2.1661,107177287.4
1740816000000,2.1661,2.1926,2.1405,2.1596,98824253.5
1740830400000,2.1596,2.1707,2.1206,2.15,103755456.5
1740844800000,2.1499,2.1762,2.1342,2.1676,71609956.4
1740859200000,2.1676,2.2077,2.1583,2.1904,82082468.9
1740873600000,2.1905,2.2667,2.1732,2.2529,139986174.7
1740888000000,2.2529,2.2976,2.2382,2.272,104937341.2
1740902400000,2.272,2.2839,2.2511,2.2734,97466450.8
1740916800000,2.2733,2.7062,2.2191,2.5972,800402297.3
1740931200000,2.5973,3.0065,2.5934,2.8703,1336660108.5
1740945600000,2.8702,2.9625,2.835,2.9384,280539597.5
1740960000000,2.9383,2.9676,2.7623,2.7936,342993368.4
1740974400000,2.7937,2.8227,2.6312,2.6884,310972454.4
1740988800000,2.6883,2.6951,2.5255,2.6325,420989439.6
1741003200000,2.6325,2.714,2.5553,2.597,429688063.0
1741017600000,2.597,2.6363,2.3408,2.3484,563608517.4
1741032000000,2.3482,2.4218,2.294,2.386,366720557.3
1741046400000,2.386,2.4201,2.2115,2.2965,421136624.4
1741060800000,2.2964,2.3752,2.2861,2.3198,217918461.8
1741075200000,2.3198,2.4117,2.3,2.3583,208231469.1
1741089600000,2.3584,2.524,2.2871,2.4018,533685997.6
1741104000000,2.4017,2.5185,2.3101,2.4925,467421347.3
1741118400000,2.4925,2.5376,2.426,2.4532,205247905.3
1741132800000,2.4532,2.5393,2.4322,2.4386,192486424.8
1741147200000,2.4384,2.4586,2.4069,2.4458,131793821.9
1741161600000,2.4458,2.5384,2.4435,2.4779,206451666.9
1741176000000,2.4779,2.5058,2.4161,2.4461,256969430.0
1741190400000,2.4461,2.5191,2.4234,2.4952,163021203.1
1741204800000,2.4952,2.5138,2.4867,2.498,70812506.4
1741219200000,2.4986,2.5472,2.4684,2.5123,141671689.2
1741233600000,2.5123,2.5537,2.4986,2.5109,106301204.4
1741248000000,2.511,2.6444,2.5085,2.6097,270910054.5
1741262400000,2.6097,2.6393,2.5443,2.6207,277047442.0
1741276800000,2.6206,2.6385,2.5261,2.5829,235331751.8
1741291200000,2.583,2.6247,2.5727,2.5981,111156373.5
1741305600000,2.5981,2.6198,2.3726,2.4693,559126424.8
1741320000000,2.4693,2.5173,2.4655,2.505,97204464.1
1741334400000,2.505,2.5677,2.4914,2.5288,127802099.5
1741348800000,2.5289,2.5565,2.4811,2.5016,253292380.0
1741363200000,2.5015,2.5227,2.3822,2.4809,404700592.6
1741377600000,2.4809,2.5324,2.3423,2.3836,317236401.2
1741392000000,2.3837,2.4096,2.3251,2.342,133180412.7
1741406400000,2.342,2.3745,2.3304,2.3606,69415964.0
1741420800000,2.3606,2.3672,2.3007,2.3155,103140282.3
1741435200000,2.3155,2.3648,2.305,2.3497,97805251.9
1741449600000,2.3498,2.3588,2.3087,2.3542,94803110.4
1741464000000,2.3543,2.362,2.3116,2.3245,60814279.7
1741478400000,2.3244,2.35,2.3034,2.3215,67013634.1
1741492800000,2.3215,2.3431,2.3088,2.3382,69293424.7
1741507200000,2.3382,2.3409,2.2402,2.2533,160003502.1
1741521600000,2.2533,2.2549,2.1633,2.184,242802755.7
1741536000000,2.1839,2.1963,2.0814,2.1615,384116998.5
1741550400000,2.1616,2.2024,2.1172,2.1376,215780397.7
1741564800000,2.1377,2.1999,2.0857,2.1691,223613374.2
1741579200000,2.169,2.2028,2.157,2.1831,105070628.2
1741593600000,2.1832,2.2599,2.1283,2.2118,272019599.1
1741608000000,2.2119,2.2244,2.0657,2.1171,322178150.2
1741622400000,2.117,2.1274,1.9907,2.0744,429567325.1
1741636800000,2.0747,2.0913,2.0111,2.0202,171876002.7
1741651200000,2.0202,2.0638,1.8952,2.0446,453336015.9
1741665600000,2.0446,2.13,2.0398,2.094,199035676.6
1741680000000,2.0939,2.1633,2.0885,2.1543,158215053.8
1741694400000,2.1543,2.1596,2.0551,2.135,381670374.2
1741708800000,2.1349,2.2125,2.0785,2.2071,246092899.8
1741723200000,2.207,2.2092,2.162,2.17,108590823.3
1741737600000,2.17,2.2449,2.1587,2.1669,177746938.1
1741752000000,2.1669,2.1929,2.1421,2.1874,155811285.2
1741766400000,2.1872,2.236,2.1662,2.2126,169229925.1
1741780800000,2.2126,2.2773,2.132,2.2022,411224520.4
1741795200000,2.2023,2.2538,2.1858,2.2368,247466462.6
1741809600000,2.2369,2.2423,2.2107,2.2382,76749865.5
1741824000000,2.2381,2.2578,2.2249,2.2397,85871420.3
1741838400000,2.2396,2.253,2.2158,2.233,92584421.3
1741852800000,2.2328,2.2893,2.2113,2.2832,163360887.0
1741867200000,2.2832,2.3458,2.2726,2.287,359043735.8
1741881600000,2.2869,2.3077,2.2141,2.237,219999897.9
1741896000000,2.2369,2.2748,2.2168,2.2512,102720546.3
1741910400000,2.2512,2.2999,2.2356,2.2902,168495253.5
1741924800000,2.2902,2.3132,2.2785,2.2928,95642809.2
1741939200000,2.2928,2.3311,2.289,2.315,95374714.5
1741953600000,2.3151,2.3884,2.2954,2.3569,249527842.5
1741968000000,2.3568,2.3714,2.3344,2.3535,97712420.7
1741982400000,2.3533,2.3712,2.3302,2.3555,71158186.2
1741996800000,2.3554,2.4293,2.3512,2.4235,108529785.8
1742011200000,2.4236,2.4744,2.3727,2.3914,183316660.7
1742025600000,2.3915,2.4245,2.3847,2.4236,94655468.6
1742040000000,2.4237,2.4523,2.4121,2.4249,119316074.8
1742054400000,2.4249,2.4269,2.3887,2.4006,78342328.0
1742068800000,2.4006,2.4173,2.3811,2.3899,56505073.8
1742083200000,2.39,2.4094,2.3616,2.3816,92608097.6
1742097600000,2.3816,2.3949,2.3663,2.3796,66642177.9
1742112000000,2.3796,2.3842,2.2866,2.2972,186616194.9
1742126400000,2.2972,2.3211,2.2668,2.2944,188852247.1
1742140800000,2.2944,2.3524,2.2827,2.2939,143556548.8
1742155200000,2.2939,2.3199,2.2811,2.2928,79494448.0
1742169600000,2.2928,2.3566,2.2905,2.3531,97219852.5
1742184000000,2.3532,2.3678,2.3053,2.3354,104817902.0
1742198400000,2.3354,2.3545,2.3192,2.337,79470674.8
1742212800000,2.3371,2.3692,2.3052,2.3436,155727077.0
1742227200000,2.3436,2.3776,2.3288,2.3592,94819407.6
1742241600000,2.3592,2.3619,2.3327,2.3366,58285327.0
1742256000000,2.3367,2.3385,2.2726,2.2844,126790120.4
1742270400000,2.2845,2.2999,2.242,2.2875,125623723.6
1742284800000,2.2875,2.3036,2.2588,2.2607,79706531.0
1742299200000,2.2608,2.267,2.2228,2.2357,173015666.2
1742313600000,2.2357,2.2645,2.2208,2.2609,96926587.1
1742328000000,2.2609,2.2933,2.2481,2.2836,65075982.2
1742342400000,2.2836,2.3071,2.2637,2.2937,80627624.5
1742356800000,2.2937,2.3033,2.2818,2.2924,66938211.7
1742371200000,2.2925,2.3482,2.2921,2.3352,126247714.1
1742385600000,2.3353,2.588,2.316,2.5532,992002048.1
1742400000000,2.5534,2.5657,2.4531,2.4864,424860922.5
1742414400000,2.4864,2.5766,2.475,2.5457,149467873.7
1742428800000,2.5456,2.5627,2.4773,2.4836,133021425.4
1742443200000,2.4836,2.4866,2.4301,2.4626,135062098.3
1742457600000,2.4626,2.5168,2.4623,2.4891,191522027.4
1742472000000,2.4892,2.5175,2.4362,2.4377,204401482.3
1742486400000,2.4376,2.4558,2.3877,2.4348,189680343.0
1742500800000,2.4349,2.4537,2.4118,2.4346,66154643.9
1742515200000,2.4345,2.4662,2.4111,2.4222,122316518.2
1742529600000,2.4223,2.4342,2.3823,2.4065,93079085.1
1742544000000,2.4065,2.4188,2.3707,2.3871,107072285.4
1742558400000,2.3871,2.398,2.3552,2.3713,129977410.7
1742572800000,2.3712,2.424,2.3602,2.4005,93661104.8
1742587200000,2.4005,2.4145,2.3733,2.3793,54656151.8
1742601600000,2.3794,2.4066,2.3718,2.388,54194756.6
1742616000000,2.388,2.4121,2.3834,2.4004,40285000.9
1742630400000,2.4003,2.4154,2.3829,2.3924,66967049.5
1742644800000,2.3924,2.3957,2.3648,2.3763,66039995.0
1742659200000,2.3763,2.3919,2.3714,2.3799,47705581.6
1742673600000,2.3799,2.3829,2.3574,2.3698,50796370.5
1742688000000,2.3698,2.3912,2.3636,2.3873,43011855.4
1742702400000,2.3874,2.4004,2.376,2.3943,40554042.9
1742716800000,2.3944,2.4272,2.3839,2.4041,66177342.5
1742731200000,2.4041,2.4218,2.3921,2.4119,61242083.0
1742745600000,2.4118,2.4164,2.3842,2.3987,59218011.7
1742760000000,2.3988,2.44,2.3865,2.4378,66596979.4
1742774400000,2.4379,2.4571,2.4121,2.4425,98642213.2
1742788800000,2.4426,2.4686,2.4348,2.4418,103157266.8
1742803200000,2.4418,2.4762,2.441,2.4583,78028403.6
1742817600000,2.4584,2.5029,2.4409,2.4725,123974381.7
1742832000000,2.4725,2.4757,2.4447,2.4642,67047781.4
1742846400000,2.4642,2.4761,2.4259,2.4485,64081940.8
1742860800000,2.4486,2.4667,2.4077,2.4134,81974661.0
1742875200000,2.4133,2.434,2.4056,2.421,59618386.4
1742889600000,2.421,2.4489,2.419,2.4434,55225401.5
1742904000000,2.4435,2.4568,2.4253,2.4364,97075323.3
1742918400000,2.4364,2.4777,2.4232,2.458,113098689.1
1742932800000,2.458,2.4695,2.4322,2.4481,54400800.2
1742947200000,2.4481,2.48,2.4336,2.4369,94545278.1
1742961600000,2.437,2.4702,2.4337,2.4641,53117799.7
1742976000000,2.464,2.4725,2.4506,2.4558,64301546.9
1742990400000,2.4557,2.4586,2.3933,2.4038,149045821.5
1743004800000,2.4037,2.4118,2.3567,2.3699,100790789.3
1743019200000,2.3698,2.3868,2.3254,2.3473,109950264.2
1743033600000,2.3474,2.3883,2.3431,2.3764,76975842.3
1743048000000,2.3765,2.3793,2.3512,2.3628,57190770.6
1743062400000,2.3627,2.3782,2.338,2.342,69395660.6
1743076800000,2.3419,2.3648,2.3005,2.3387,164958502.2
1743091200000,2.3387,2.3549,2.3178,2.3386,83558498.4
1743105600000,2.3386,2.359,2.3281,2.34,48256481.5
1743120000000,2.3399,2.3422,2.2994,2.3093,92378920.8
1743134400000,2.3093,2.3129,2.2156,2.22,177414514.5
1743148800000,2.22,2.2416,2.1913,2.2254,140019299.5
1743163200000,2.2254,2.2449,2.1733,2.1777,163129070.1
1743177600000,2.1777,2.1919,2.1522,2.1785,115874627.1
1743192000000,2.1786,2.2101,2.157,2.2055,88444067.6
1743206400000,2.2055,2.2238,2.1273,2.1749,150681387.1
1743220800000,2.1748,2.1845,2.1095,2.1211,123409138.3
1743235200000,2.1212,2.1424,2.0598,2.0858,193804427.2
1743249600000,2.0858,2.139,2.0805,2.1063,158569361.0
1743264000000,2.1063,2.135,2.0704,2.1314,157535877.8
1743278400000,2.1315,2.1412,2.1001,2.1335,67849927.6
1743292800000,2.1336,2.2121,2.1142,2.1807,161412736.2
1743307200000,2.1807,2.1926,2.1585,2.1744,88308765.6
1743321600000,2.1744,2.1971,2.1522,2.1615,94841084.7
1743336000000,2.1616,2.168,2.1216,2.1367,125862829.7
1743350400000,2.1367,2.17,2.1136,2.1422,128182015.6
1743364800000,2.1422,2.1632,2.1057,2.1352,108777668.0
1743379200000,2.1353,2.1395,2.0765,2.0796,185513215.7
1743393600000,2.0796,2.1138,2.0522,2.064,151850272.3
1743408000000,2.0639,2.0936,2.0224,2.0812,221049264.2
1743422400000,2.0813,2.1386,2.0577,2.1171,243835599.6
1743436800000,2.1171,2.1301,2.0792,2.0899,112035544.6
1743451200000,2.09,2.1041,2.0738,2.0889,77557107.4
1743465600000,2.0888,2.115,2.0635,2.0973,94828431.7
1743480000000,2.0973,2.119,2.0876,2.0934,95377308.5
1743494400000,2.0934,2.2013,2.093,2.133,273163849.5
1743508800000,2.133,2.1817,2.0922,2.1581,266429772.2
1743523200000,2.1581,2.1686,2.12,2.1374,106404217.8
1743537600000,2.1373,2.1529,2.12,2.1378,68843605.2
1743552000000,2.1378,2.1388,2.0834,2.0977,110153438.4
1743566400000,2.0976,2.1126,2.066,2.1074,117663022.2
1743580800000,2.1074,2.1353,2.0971,2.113,146141260.7
1743595200000,2.113,2.1944,2.0968,2.1718,273738279.3
1743609600000,2.1718,2.1795,2.1301,2.1584,124898637.6
1743624000000,2.1584,2.2332,1.9826,2.021,493486484.0
1743638400000,2.0208,2.0699,2.0044,2.062,174507017.9
1743652800000,2.062,2.0808,2.0289,2.0507,116171271.8
1743667200000,2.0508,2.0564,2.0119,2.0329,121088402.5
1743681600000,2.0328,2.0416,1.9569,2.0036,359058073.7
1743696000000,2.0036,2.0726,1.9902,2.0517,205599088.3
1743710400000,2.0518,2.0678,2.0337,2.063,104948624.3
1743724800000,2.063,2.0768,2.0348,2.0492,107599214.9
1743739200000,2.0492,2.094,2.0409,2.0891,125513125.5
1743753600000,2.0891,2.1024,2.0148,2.0465,231825312.5
1743768000000,2.0466,2.1625,2.0371,2.1214,487595829.0
1743782400000,2.1214,2.1462,2.0973,2.1271,172507715.0
1743796800000,2.1272,2.1555,2.1115,2.1294,83411014.4
1743811200000,2.1295,2.1435,2.1129,2.1166,55509192.3
1743825600000,2.1166,2.1398,2.1147,2.1355,55926801.0
1743840000000,2.1355,2.17,2.1265,2.1594,89616075.1
1743854400000,2.1593,2.1757,2.1162,2.1216,167798787.0
1743868800000,2.1216,2.1381,2.1147,2.1184,70265539.2
1743883200000,2.1185,2.1477,2.116,2.1436,51074844.0
1743897600000,2.1436,2.1585,2.1219,2.1293,54548892.1
1743912000000,2.1294,2.1368,2.0848,2.0925,105716828.3
1743926400000,2.0926,2.1012,2.0759,2.0837,78641935.4
1743940800000,2.0836,2.0939,2.0447,2.0736,175013710.1
1743955200000,2.0736,2.0745,1.9739,1.9937,347693924.7
1743969600000,1.9936,2.0026,1.8614,1.9204,550265215.8
1743984000000,1.9204,1.9526,1.7981,1.8223,419811354.5
1743998400000,1.8223,1.837,1.6129,1.6772,937266110.2
1744012800000,1.6771,1.8138,1.6727,1.7639,639121308.7
1744027200000,1.7639,2.0045,1.7454,1.8732,1268939166.4
1744041600000,1.8731,1.9245,1.8368,1.8876,368185223.9
1744056000000,1.8877,1.9486,1.887,1.8974,195113194.2
1744070400000,1.8974,1.9344,1.8589,1.9031,205880647.6
1744084800000,1.9031,1.918,1.8466,1.8662,158491524.1
1744099200000,1.8663,1.9694,1.8492,1.9581,220014189.8
1744113600000,1.958,1.9748,1.8896,1.9033,441800782.3
1744128000000,1.9032,1.9083,1.8053,1.8246,515918622.3
1744142400000,1.8249,1.8426,1.7766,1.7956,229763427.6
1744156800000,1.7956,1.8124,1.7212,1.747,350128751.7
1744171200000,1.7469,1.8378,1.7427,1.8302,280606249.9
1744185600000,1.8302,1.844,1.7631,1.7812,278953529.3
1744200000000,1.7811,1.8696,1.7642,1.8276,351925587.8
1744214400000,1.8277,2.089,1.8226,2.0376,780623050.1
1744228800000,2.0376,2.0882,2.0314,2.0523,186894636.9
1744243200000,2.0523,2.0566,1.9702,2.0011,188080273.7
1744257600000,2.0012,2.0165,1.9732,1.9892,162710407.1
1744272000000,1.9893,2.0138,1.9784,1.9985,134728107.7
1744286400000,1.9985,2.0459,1.9203,1.9325,427644869.3
1744300800000,1.9325,1.9725,1.9224,1.961,205546376.9
1744315200000,1.961,1.9959,1.9572,1.9645,98271144.4
1744329600000,1.9646,2.006,1.9459,1.9996,139063730.1
1744344000000,1.9997,2.0127,1.99,2.0037,105369229.8
1744358400000,2.0038,2.0328,1.9948,2.0084,144753353.0
1744372800000,2.0084,2.0256,1.9834,2.0005,205419239.8
1744387200000,2.0005,2.0637,1.9918,2.0434,157628368.7
1744401600000,2.0434,2.0522,2.0115,2.0213,81026679.8
1744416000000,2.0214,2.0255,2.0016,2.0123,68808378.3
1744430400000,2.0123,2.0584,2.0085,2.0536,84151352.6
1744444800000,2.0536,2.0738,2.05,2.0608,84973200.0
1744459200000,2.0608,2.186,2.0587,2.152,296635944.4
1744473600000,2.1519,2.1629,2.1157,2.1369,129216004.2
1744488000000,2.1368,2.1657,2.1341,2.1588,61288275.8
1744502400000,2.1588,2.1734,2.1337,2.1553,105298267.0
1744516800000,2.1553,2.1589,2.1254,2.1455,73804990.9
1744531200000,2.1455,2.247,2.1342,2.2002,271778322.6
1744545600000,2.2001,2.2051,2.13,2.1464,207496121.1
1744560000000,2.1464,2.1845,2.095,2.119,189450276.3
1744574400000,2.119,2.144,2.0802,2.1181,144122271.6
1744588800000,2.1182,2.1794,2.1112,2.1391,139238590.0
1744603200000,2.1391,2.1586,2.1022,2.1267,90308503.4
1744617600000,2.1268,2.1558,2.1152,2.1551,99246364.8
1744632000000,2.1551,2.1774,2.1094,2.1143,192785872.4
1744646400000,2.1144,2.1642,2.1041,2.1514,110597499.6
1744660800000,2.1514,2.1565,2.121,2.1262,51209071.0
1744675200000,2.1262,2.1555,2.1151,2.1525,85679590.4
1744689600000,2.1524,2.1593,2.1313,2.1504,64136283.3
1744704000000,2.1505,2.1848,2.144,2.1506,111948657.7
1744718400000,2.1506,2.1839,2.1254,2.1335,168244420.0
1744732800000,2.1335,2.1416,2.1025,2.1162,104536627.9
1744747200000,2.1163,2.1253,2.0822,2.083,90866774.3
1744761600000,2.083,2.0969,2.0646,2.0811,125076206.1
1744776000000,2.0811,2.0893,2.0422,2.0494,104223725.0
1744790400000,2.0495,2.0885,2.0343,2.0876,144417772.9
1744804800000,2.0877,2.1196,2.0625,2.0931,146628098.8
1744819200000,2.0931,2.1315,2.0457,2.1057,221820004.2
1744833600000,2.1057,2.1152,2.0769,2.0822,73049177.4
1744848000000,2.0823,2.088,2.0611,2.0686,62642610.2
1744862400000,2.0686,2.1078,2.0658,2.0909,94312613.9
1744876800000,2.0909,2.1067,2.0849,2.1017,66684393.9
1744891200000,2.1016,2.1139,2.0559,2.0662,147937624.0
1744905600000,2.0663,2.1039,2.0509,2.0642,153688583.7
1744920000000,2.0642,2.0798,2.0585,2.066,52421350.0
1744934400000,2.0661,2.068,2.042,2.0543,68006685.0
1744948800000,2.0543,2.0705,2.0454,2.0679,55933980.0
1744963200000,2.068,2.0803,2.0664,2.0791,58249145.0
1744977600000,2.0791,2.085,2.0548,2.0569,88426083.7
1744992000000,2.057,2.0888,2.0538,2.0794,66360943.5
1745006400000,2.0794,2.0853,2.054,2.0607,50075992.3
1745020800000,2.0608,2.086,2.0573,2.0838,55648956.3
1745035200000,2.0838,2.0944,2.0762,2.0883,49059138.8
1745049600000,2.0882,2.0969,2.079,2.0806,44322182.2
1745064000000,2.0805,2.0919,2.0744,2.0759,52035347.0
1745078400000,2.076,2.094,2.0633,2.0829,71171783.5
1745092800000,2.0828,2.091,2.0793,2.0865,28685329.5
1745107200000,2.0865,2.0937,2.0781,2.0823,36768643.6
1745121600000,2.0823,2.0855,2.0614,2.068,56754034.1
1745136000000,2.0681,2.0701,2.0372,2.0414,91487449.4
1745150400000,2.0414,2.0598,2.0393,2.0472,60830160.1
1745164800000,2.0473,2.086,2.0439,2.08,53516965.6
1745179200000,2.08,2.0905,2.0588,2.0777,75480520.3
1745193600000,2.0776,2.1256,2.076,2.1088,152038341.1
1745208000000,2.1088,2.1395,2.1063,2.1259,77965477.0
1745222400000,2.1259,2.1401,2.107,2.1171,88333131.9
1745236800000,2.1172,2.1381,2.1029,2.1139,120155944.0
1745251200000,2.1139,2.1164,2.0582,2.0865,169941503.7
1745265600000,2.0865,2.0867,2.0687,2.084,46967178.4
1745280000000,2.0841,2.1029,2.062,2.082,84458493.6
1745294400000,2.082,2.0961,2.067,2.0913,75805285.2
1745308800000,2.0913,2.1074,2.0903,2.0987,76574165.3
1745323200000,2.0987,2.1923,2.0933,2.1542,315185863.3
1745337600000,2.1541,2.1708,2.1391,2.1534,122731499.7
1745352000000,2.1534,2.2506,2.147,2.2138,221946117.4
1745366400000,2.2138,2.2364,2.1933,2.2345,129629597.2
1745380800000,2.2345,2.2641,2.2205,2.2563,150711356.1
1745395200000,2.2563,2.3011,2.2491,2.2591,166140317.3
1745409600000,2.2592,2.2975,2.1892,2.2265,342997892.1
1745424000000,2.2265,2.2502,2.1991,2.217,134716226.4
1745438400000,2.217,2.2294,2.207,2.2175,60531913.2
1745452800000,2.2175,2.2224,2.1711,2.1743,90761763.0
1745467200000,2.1743,2.1927,2.1427,2.1488,100289148.4
1745481600000,2.1489,2.158,2.1165,2.1543,146289933.7
1745496000000,2.1544,2.2367,2.1501,2.2116,317381460.0
1745510400000,2.2115,2.2275,2.1814,2.2047,137658368.9
1745524800000,2.2047,2.2125,2.1855,2.2038,63104944.1
1745539200000,2.2039,2.2166,2.1622,2.1804,95073787.5
1745553600000,2.1803,2.2033,2.1755,2.1938,74920514.3
1745568000000,2.1938,2.2088,2.183,2.2032,95228292.1
1745582400000,2.2032,2.2197,2.1703,2.1996,181629227.9
1745596800000,2.1997,2.2087,2.1814,2.1934,91146714.2
1745611200000,2.1934,2.199,2.1747,2.1801,44467150.6
1745625600000,2.1801,2.2031,2.1785,2.1902,58219523.4
1745640000000,2.1902,2.2481,2.1786,2.2192,117849406.0
1745654400000,2.2192,2.2352,2.1845,2.1927,112508418.2
1745668800000,2.1927,2.2013,2.1814,2.1984,68526151.9
1745683200000,2.1983,2.206,2.1909,2.198,35986866.7
1745697600000,2.198,2.2014,2.1845,2.1898,38512151.0
1745712000000,2.1898,2.2042,2.1556,2.1746,99334944.8
1745726400000,2.1745,2.178,2.1588,2.1714,49045212.1
1745740800000,2.1713,2.1824,2.1681,2.1795,36849756.3
1745755200000,2.1794,2.2704,2.1724,2.227,328780077.4
1745769600000,2.227,2.2835,2.2141,2.2835,107886799.9
1745784000000,2.2834,2.2943,2.2447,2.2512,128405503.1
1745798400000,2.2512,2.2642,2.2164,2.2582,149356485.9
1745812800000,2.2581,2.3425,2.2554,2.334,192759145.2
1745827200000,2.334,2.3622,2.3047,2.3184,202605930.4
1745841600000,2.3183,2.3282,2.2476,2.2727,213390810.6
1745856000000,2.2726,2.2956,2.2582,2.2906,113979955.8
1745870400000,2.2905,2.3063,2.2827,2.2941,57660128.1
1745884800000,2.2941,2.3137,2.2755,2.2866,93306841.5
1745899200000,2.2867,2.2907,2.2636,2.2848,73984145.4
1745913600000,2.2848,2.3039,2.2739,2.2907,93517624.8
1745928000000,2.2908,2.2922,2.2626,2.2911,88208840.9
1745942400000,2.2912,2.303,2.281,2.2914,61645400.1
1745956800000,2.2914,2.2949,2.2204,2.2364,131939895.9
1745971200000,2.2363,2.2498,2.2233,2.2474,68697791.9
1745985600000,2.2473,2.2575,2.2063,2.2188,81950201.8
1746000000000,2.2187,2.2372,2.21,2.2372,73342972.0
1746014400000,2.2372,2.2374,2.1216,2.1563,324153415.9
1746028800000,2.1562,2.2179,2.1477,2.1933,166395696.2
1746043200000,2.1934,2.211,2.188,2.1898,61137427.9
1746057600000,2.1897,2.2193,2.1858,2.2032,61609671.8
1746072000000,2.2033,2.2146,2.1918,2.1992,49400307.4
1746086400000,2.1991,2.2455,2.1971,2.2365,95991159.6
1746100800000,2.2364,2.2559,2.215,2.2356,122626025.4
1746115200000,2.2356,2.2522,2.2157,2.2172,71254246.8
1746129600000,2.2172,2.2275,2.2083,2.2114,49239437.7
1746144000000,2.2113,2.2331,2.2066,2.2235,54352922.5
1746158400000,2.2236,2.2319,2.1903,2.1937,83895510.3
1746172800000,2.1938,2.2192,2.1928,2.2142,51938068.6
1746187200000,2.2143,2.2402,2.2047,2.2156,115330943.9
1746201600000,2.2156,2.2356,2.1981,2.2077,79872687.3
1746216000000,2.2078,2.2153,2.1935,2.2083,41106845.1
1746230400000,2.2083,2.2195,2.1958,2.2115,44787591.9
1746244800000,2.2114,2.218,2.1989,2.2023,30697691.3
1746259200000,2.2024,2.2064,2.1824,2.1871,48709837.9
1746273600000,2.1872,2.2147,2.187,2.2087,58071694.7
1746288000000,2.2088,2.2105,2.1744,2.1925,77188806.1
1746302400000,2.1924,2.1986,2.1815,2.186,34353218.2
1746316800000,2.186,2.2182,2.1833,2.1977,66197496.8
1746331200000,2.1977,2.2121,2.1905,2.2103,42417253.7
1746345600000,2.2102,2.2107,2.1766,2.1878,69067026.7
1746360000000,2.1878,2.2052,2.1701,2.1959,65563552.8
1746374400000,2.1959,2.1987,2.162,2.1744,66691081.8
1746388800000,2.1744,2.1846,2.1486,2.1548,66747606.4
1746403200000,2.1548,2.1693,2.13,2.1464,88734267.3
1746417600000,2.1464,2.1843,2.1459,2.1759,59642275.1
1746432000000,2.176,2.1992,2.1351,2.141,103837206.5
1746446400000,2.141,2.1528,2.1052,2.1138,163345936.4
1746460800000,2.1139,2.1606,2.1125,2.1406,88248653.2
1746475200000,2.1405,2.1498,2.1138,2.1298,67501731.1
1746489600000,2.1298,2.1394,2.0926,2.1176,87757293.7
1746504000000,2.1176,2.124,2.0914,2.0979,63722063.2
1746518400000,2.0978,2.1077,2.0783,2.0888,92541150.2
1746532800000,2.0888,2.1218,2.0758,2.1099,120037020.0
1746547200000,2.1099,2.1463,2.1024,2.1356,101294846.6
1746561600000,2.1357,2.1588,2.11,2.154,89897687.5
1746576000000,2.154,2.1707,2.1368,2.1469,69629838.2
1746590400000,2.147,2.1541,2.1276,2.1403,49178230.2
1746604800000,2.1403,2.1506,2.1347,2.1417,44544521.5
1746619200000,2.1418,2.1441,2.1202,2.1255,84358342.3
1746633600000,2.1256,2.1336,2.1025,2.1114,119176702.6
1746648000000,2.1114,2.136,2.1059,2.1255,50202052.7
1746662400000,2.1255,2.1854,2.1168,2.1846,122075649.4
1746676800000,2.1847,2.2057,2.1677,2.1882,121272042.1
1746691200000,2.1881,2.2181,2.1873,2.2077,123666989.9
1746705600000,2.2077,2.2744,2.202,2.2427,220584644.9
1746720000000,2.2427,2.2751,2.2261,2.2733,169025390.4
1746734400000,2.2734,2.3327,2.2575,2.3266,226931211.8
1746748800000,2.3265,2.3333,2.292,2.2941,152840208.5
1746763200000,2.294,2.3568,2.2816,2.3381,161159186.4
1746777600000,2.3382,2.4293,2.3338,2.3942,429553663.2
1746792000000,2.3942,2.406,2.3306,2.3491,237939565.7
1746806400000,2.3492,2.3674,2.322,2.3572,120448619.0
1746820800000,2.3572,2.3625,2.3311,2.3435,47334989.3
1746835200000,2.3434,2.379,2.3347,2.3666,95171949.1
1746849600000,2.3667,2.396,2.3508,2.3891,101847681.0
1746864000000,2.3892,2.4384,2.3672,2.379,197439370.9
1746878400000,2.3791,2.4204,2.379,2.3968,103724023.4
1746892800000,2.3969,2.4499,2.394,2.419,151625412.1
1746907200000,2.419,2.4772,2.403,2.4711,126819389.4
1746921600000,2.471,2.4846,2.382,2.4015,215523980.8
1746936000000,2.4015,2.4174,2.3405,2.3541,129218538.7
1746950400000,2.3541,2.3866,2.3478,2.385,81980114.9
1746964800000,2.3851,2.3882,2.3307,2.346,119460507.1
1746979200000,2.346,2.3826,2.3275,2.371,99562844.3
1746993600000,2.371,2.379,2.3541,2.3661,58406917.8
1747008000000,2.3662,2.4074,2.3503,2.3956,138388922.3
1747022400000,2.3957,2.4561,2.3752,2.4128,207842868.8
1747036800000,2.4129,2.4831,2.3902,2.4485,232352862.4
1747051200000,2.4486,2.655,2.4476,2.5929,752955433.3
1747065600000,2.5929,2.615,2.4284,2.5323,441283989.5
1747080000000,2.5323,2.5567,2.5013,2.5431,139197303.2
1747094400000,2.5432,2.5456,2.4255,2.4291,205376425.9
1747108800000,2.429,2.5152,2.4196,2.498,154957305.9
1747123200000,2.4981,2.5678,2.4855,2.5338,198005792.2
1747137600000,2.5338,2.5619,2.5032,2.5427,197886604.8
1747152000000,2.5428,2.6051,2.5339,2.58,176564522.7
1747166400000,2.58,2.6021,2.5571,2.582,104434329.1
1747180800000,2.5821,2.5975,2.54,2.557,120383671.9
1747195200000,2.5569,2.6354,2.5467,2.6189,126632773.3
1747209600000,2.6189,2.6524,2.561,2.6133,309780869.2
1747224000000,2.6134,2.625,2.5455,2.5598,182831372.8
1747238400000,2.5598,2.5696,2.518,2.5657,113437767.7
1747252800000,2.5657,2.571,2.535,2.5492,48311726.3
1747267200000,2.5493,2.5706,2.51,2.521,90353344.2
1747281600000,2.521,2.5334,2.4467,2.4594,142522923.5
1747296000000,2.4593,2.5,2.4463,2.4762,135236566.3
1747310400000,2.4762,2.4877,2.4029,2.4646,234809399.5
1747324800000,2.4646,2.5041,2.419,2.4476,193119696.3
1747339200000,2.4477,2.4586,2.3514,2.3841,191592702.6
1747353600000,2.3842,2.4166,2.3456,2.4111,176408485.7
1747368000000,2.4112,2.428,2.3993,2.4064,84819297.4
1747382400000,2.4065,2.4388,2.3705,2.4244,117832275.4
1747396800000,2.4243,2.438,2.4035,2.422,110105737.8
1747411200000,2.422,2.4301,2.3927,2.417,76672852.2
1747425600000,2.417,2.4218,2.3594,2.3785,86662610.7
1747440000000,2.3785,2.3819,2.3106,2.369,154578658.3
1747454400000,2.369,2.3881,2.362,2.3793,61672587.6
1747468800000,2.3793,2.3819,2.34,2.3519,76540651.1
1747483200000,2.3519,2.355,2.3149,2.3319,88432204.8
1747497600000,2.3318,2.349,2.2968,2.3335,122647509.4
1747512000000,2.3334,2.3622,2.3246,2.352,63822822.2
1747526400000,2.3519,2.3678,2.348,2.3572,49168796.8
1747540800000,2.3573,2.3971,2.3573,2.3955,52583951.0
1747555200000,2.3954,2.4053,2.3825,2.3865,62112818.6
1747569600000,2.3865,2.4435,2.3788,2.4367,118435170.7
1747584000000,2.4368,2.4488,2.3632,2.368,176544072.3
1747598400000,2.368,2.4358,2.3306,2.427,138571946.8
1747612800000,2.4271,2.44,2.3475,2.3478,129190363.1
1747627200000,2.3479,2.3613,2.2803,2.3046,189655580.6
1747641600000,2.3046,2.3253,2.2853,2.3225,90558425.2
1747656000000,2.3225,2.3573,2.2897,2.348,127342629.6
1747670400000,2.348,2.4,2.3359,2.3977,110128444.7
1747684800000,2.3976,2.398,2.3652,2.3796,62228639.5
1747699200000,2.3796,2.4083,2.3734,2.3814,92269027.8
1747713600000,2.3814,2.392,2.345,2.3459,77396035.6
1747728000000,2.3459,2.358,2.3333,2.3453,77836158.9
1747742400000,2.3452,2.3457,2.3186,2.3409,100229736.0
1747756800000,2.3409,2.3645,2.3125,2.3544,102255576.1
1747771200000,2.3545,2.3641,2.3362,2.355,77158669.8
1747785600000,2.355,2.3664,2.3291,2.3574,75986552.9
1747800000000,2.3574,2.3875,2.3401,2.3475,114283707.6
1747814400000,2.3476,2.3596,2.3291,2.3508,85491763.2
1747828800000,2.3509,2.4072,2.344,2.3988,150532392.1
1747843200000,2.3988,2.4284,2.3333,2.389,279809167.6
1747857600000,2.3889,2.4161,2.3702,2.3947,98255095.5
1747872000000,2.3947,2.423,2.388,2.4168,94370250.0
1747886400000,2.4169,2.4198,2.385,2.4047,90461418.7
1747900800000,2.4047,2.4553,2.4028,2.4308,160528225.5
1747915200000,2.4308,2.4382,2.4067,2.432,93262349.7
1747929600000,2.4321,2.438,2.4132,2.4217,59894010.5
1747944000000,2.4218,2.4318,2.404,2.43,50621585.2
1747958400000,2.43,2.4798,2.4211,2.4728,129692698.8
1747972800000,2.4727,2.4774,2.4087,2.4257,127435925.2
1747987200000,2.4258,2.4532,2.35,2.3621,164350608.7
1748001600000,2.3621,2.3817,2.3,2.3607,255280704.6
1748016000000,2.3607,2.3734,2.3374,2.3393,90043208.6
1748030400000,2.3393,2.3442,2.2822,2.2953,100177502.4
1748044800000,2.2953,2.335,2.2843,2.333,69211065.5
1748059200000,2.333,2.3467,2.3271,2.3349,50075209.3
1748073600000,2.335,2.3587,2.3304,2.351,52284344.7
1748088000000,2.3511,2.356,2.3427,2.3514,35120777.3
1748102400000,2.3514,2.3538,2.3394,2.3476,27268354.9
1748116800000,2.3477,2.3496,2.32,2.3291,46423643.9
1748131200000,2.3291,2.335,2.2911,2.3212,84969564.7
1748145600000,2.3213,2.3243,2.2993,2.3065,40386474.6
1748160000000,2.3064,2.3065,2.2762,2.291,86783645.0
1748174400000,2.2911,2.3094,2.2644,2.2864,89803821.9
1748188800000,2.2864,2.3114,2.2706,2.3046,50313547.8
1748203200000,2.3046,2.3456,2.2978,2.3405,70856462.1
1748217600000,2.3406,2.3531,2.3295,2.3417,55385535.2
1748232000000,2.3418,2.3577,2.335,2.3481,54849944.2
1748246400000,2.348,2.355,2.3275,2.3343,43192802.4
1748260800000,2.3343,2.3452,2.311,2.3318,73292756.2
1748275200000,2.3319,2.3356,2.294,2.3106,68697242.0
1748289600000,2.3106,2.3233,2.2987,2.3089,38511189.8
1748304000000,2.309,2.3155,2.2644,2.2947,89299987.1
1748318400000,2.2947,2.3096,2.2828,2.3003,65450967.9
1748332800000,2.3003,2.3225,2.3003,2.3185,67185699.5
1748347200000,2.3185,2.3538,2.3055,2.337,136570660.8
1748361600000,2.3371,2.3488,2.3309,2.3347,56981444.4
1748376000000,2.3347,2.3366,2.3041,2.3158,50575357.5
1748390400000,2.3157,2.3227,2.3016,2.3117,45737559.9
1748404800000,2.3116,2.3152,2.283,2.2945,62780507.0
1748419200000,2.2945,2.309,2.2861,2.3068,50815795.2
1748433600000,2.3067,2.3142,2.2506,2.2515,153606816.0
1748448000000,2.2515,2.2674,2.2244,2.2261,108470571.1
1748462400000,2.2261,2.28,2.2251,2.2732,66207098.7
1748476800000,2.2731,2.3119,2.2661,2.2903,102362379.3
1748491200000,2.2902,2.2939,2.2723,2.2789,71357479.9
1748505600000,2.2788,2.3033,2.2762,2.301,59237898.0
1748520000000,2.3009,2.3085,2.2651,2.2758,118775368.8
1748534400000,2.2758,2.2907,2.252,2.2637,91803034.7
1748548800000,2.2636,2.2826,2.235,2.2426,62325267.5
1748563200000,2.2427,2.251,2.126,2.2164,270925574.8
1748577600000,2.2164,2.2238,2.1732,2.1889,100316217.0
1748592000000,2.189,2.214,2.1684,2.2055,97451259.0
1748606400000,2.2055,2.2088,2.161,2.1822,139528071.5
1748620800000,2.1823,2.2046,2.1334,2.1851,151072622.0
1748635200000,2.1851,2.1958,2.1275,2.1383,100326066.4
1748649600000,2.1383,2.1477,2.0778,2.109,227002676.3
1748664000000,2.109,2.1422,2.0983,2.1278,75142773.6
1748678400000,2.1279,2.1526,2.1265,2.1383,66433367.7
1748692800000,2.1384,2.1803,2.1383,2.1717,77078978.6
1748707200000,2.1718,2.2056,2.1692,2.1912,75700462.7
1748721600000,2.1911,2.1995,2.1714,2.1732,57384248.1
1748736000000,2.1732,2.1777,2.148,2.1625,62243128.8
1748750400000,2.1625,2.1758,2.1536,2.1579,41894702.1
1748764800000,2.1578,2.1591,2.1217,2.1398,81059717.6
1748779200000,2.1398,2.1547,2.1244,2.1511,60213779.5
1748793600000,2.1511,2.1758,2.1441,2.1665,69218744.8
1748808000000,2.1664,2.1871,2.1524,2.178,47571794.2
1748822400000,2.178,2.1826,2.1499,2.1568,57721814.0
1748836800000,2.1568,2.1786,2.1561,2.1624,53196556.1
1748851200000,2.1624,2.1785,2.1344,2.1417,81197627.9
1748865600000,2.1416,2.163,2.136,2.1584,92353980.7
1748880000000,2.1584,2.1778,2.1482,2.1644,64454881.3
1748894400000,2.1644,2.2042,2.1644,2.1956,80158809.5
1748908800000,2.1956,2.2215,2.186,2.195,80331310.4
1748923200000,2.195,2.2062,2.1866,2.1893,43111886.4
1748937600000,2.1893,2.2148,2.1828,2.2138,61304532.8
1748952000000,2.2138,2.2746,2.205,2.2622,139714010.2
1748966400000,2.2621,2.2813,2.239,2.2804,94743971.4
1748980800000,2.2805,2.281,2.2316,2.2438,93534521.9
1748995200000,2.2437,2.2653,2.2282,2.252,61199441.4
1749009600000,2.252,2.2524,2.2263,2.2329,43637415.5
1749024000000,2.233,2.2632,2.2322,2.2519,60719202.2
1749038400000,2.252,2.2605,2.218,2.2484,98753253.7
1749052800000,2.2483,2.2515,2.2046,2.2046,59502404.5
1749067200000,2.2047,2.2153,2.1936,2.1998,63458368.0
1749081600000,2.1998,2.2141,2.1966,2.2044,48765531.4
1749096000000,2.2044,2.2134,2.1823,2.1855,61564497.6
1749110400000,2.1855,2.2091,2.185,2.2041,49884454.6
1749124800000,2.2041,2.2255,2.1749,2.1914,116271288.8
1749139200000,2.1914,2.1922,2.11,2.129,174744884.6
1749153600000,2.1291,2.1313,2.0576,2.0922,244314552.7
1749168000000,2.0922,2.1284,2.0796,2.1279,64912961.9
1749182400000,2.1279,2.1413,2.1192,2.1293,53769352.4
1749196800000,2.1294,2.1552,2.1293,2.1494,44729422.8
1749211200000,2.1494,2.1895,2.1472,2.1836,100243307.7
1749225600000,2.1837,2.1845,2.1612,2.173,63071159.0
1749240000000,2.173,2.1821,2.1581,2.159,43008410.8
1749254400000,2.159,2.1788,2.1467,2.1787,45296882.0
1749268800000,2.1788,2.1895,2.1693,2.1824,33061432.9
1749283200000,2.1823,2.1879,2.1738,2.1818,27701647.6
1749297600000,2.1818,2.1899,2.1777,2.1821,32037683.9
1749312000000,2.1821,2.1856,2.1713,2.1749,32953754.9
1749326400000,2.1749,2.186,2.1743,2.1756,25154229.9
1749340800000,2.1756,2.1763,2.1653,2.1741,25909903.8
1749355200000,2.1742,2.2226,2.17,2.2064,96034240.6
1749369600000,2.2065,2.249,2.1953,2.2408,83280078.6
1749384000000,2.2409,2.2929,2.2408,2.2766,179405492.0
1749398400000,2.2766,2.2921,2.2714,2.2875,70314253.6
1749412800000,2.2875,2.2942,2.2541,2.2659,94342338.9
1749427200000,2.2658,2.2673,2.2305,2.2415,79537612.3
1749441600000,2.2415,2.2415,2.221,2.2298,67462971.1
1749456000000,2.2298,2.2693,2.2284,2.268,107274200.2
1749470400000,2.268,2.2686,2.2378,2.2616,88979068.3
1749484800000,2.2617,2.3131,2.2602,2.2947,141479552.8
1749499200000,2.2947,2.3288,2.2936,2.3202,102995939.0
1749513600000,2.3203,2.327,2.2976,2.2978,76726387.3
1749528000000,2.2978,2.3014,2.2722,2.2831,74856068.4
1749542400000,2.2831,2.3146,2.269,2.3036,109387678.6
1749556800000,2.3035,2.318,2.2574,2.2749,137336775.5
1749571200000,2.275,2.3126,2.2675,2.295,88126298.2
1749585600000,2.2951,2.3126,2.2841,2.3066,78871460.5
1749600000000,2.3066,2.3122,2.2764,2.2972,62784227.9
1749614400000,2.2972,2.3007,2.2818,2.2921,48798948.2
1749628800000,2.2921,2.3293,2.2917,2.3138,143181051.6
1749643200000,2.3138,2.3375,2.3038,2.3247,134808400.9
1749657600000,2.3247,2.33,2.2822,2.2847,110802811.9
1749672000000,2.2847,2.2996,2.2504,2.2691,108780259.2
1749686400000,2.2691,2.2725,2.235,2.2428,72466206.7
1749700800000,2.2429,2.2565,2.2295,2.2383,56224652.6
1749715200000,2.2382,2.2487,2.2222,2.2244,61052488.5
1749729600000,2.2245,2.2513,2.2201,2.2274,91090293.1
1749744000000,2.2275,2.2543,2.2012,2.2027,85113500.7
1749758400000,2.2026,2.2118,2.1693,2.1889,135386368.2
1749772800000,2.1889,2.1909,2.081,2.1238,321726415.0
1749787200000,2.1239,2.1302,2.0912,2.128,113725317.3
1749801600000,2.1281,2.1554,2.1224,2.1531,111929782.0
1749816000000,2.1532,2.1615,2.1211,2.1464,118924030.7
1749830400000,2.1464,2.1588,2.1154,2.1213,91589969.4
1749844800000,2.1213,2.1506,2.1199,2.1463,51559799.4
1749859200000,2.1464,2.1594,2.1315,2.1578,50664341.8
1749873600000,2.1578,2.1684,2.1475,2.1638,61842596.3
1749888000000,2.1639,2.178,2.1567,2.1755,59342772.4
1749902400000,2.1755,2.1768,2.1434,2.1483,60634370.9
1749916800000,2.1483,2.1505,2.1133,2.1234,115724393.5
1749931200000,2.1233,2.1452,2.1079,2.1381,62007009.8
1749945600000,2.1381,2.1524,2.1359,2.152,32820831.7
1749960000000,2.1519,2.1614,2.1471,2.1502,36421597.2
1749974400000,2.1503,2.1666,2.1452,2.158,53079119.8
1749988800000,2.1581,2.1753,2.1563,2.1633,55366030.4
1750003200000,2.1634,2.1708,2.157,2.1629,36797640.2
1750017600000,2.163,2.1696,2.1394,2.1644,63361923.7
1750032000000,2.1644,2.1869,2.1498,2.1714,68783802.8
1750046400000,2.1713,2.203,2.1704,2.2019,70967245.5
1750060800000,2.2019,2.2485,2.1926,2.2441,98513410.7
1750075200000,2.2441,2.2974,2.2432,2.2892,229560292.4
1750089600000,2.2892,2.3359,2.2891,2.3349,192955816.5
1750104000000,2.335,2.3366,2.228,2.2372,206984465.4
1750118400000,2.2372,2.2563,2.2006,2.2486,177897439.7
1750132800000,2.2487,2.2522,2.2254,2.2349,78257899.7
1750147200000,2.235,2.238,2.1874,2.1931,102009433.1
1750161600000,2.193,2.224,2.1616,2.1783,161699623.4
1750176000000,2.1782,2.2025,2.1408,2.182,176299325.4
1750190400000,2.182,2.1901,2.1427,2.1581,94432763.0
1750204800000,2.1581,2.1761,2.151,2.1662,61425413.6
1750219200000,2.1663,2.1749,2.1462,2.1619,64090708.1
1750233600000,2.1618,2.168,2.1235,2.1405,115961579.0
1750248000000,2.1405,2.1615,2.1171,2.1497,159835468.7
1750262400000,2.1496,2.1626,2.1262,2.1398,109145980.3
1750276800000,2.1397,2.1798,2.1349,2.1695,72550394.7
1750291200000,2.1695,2.1841,2.1548,2.1656,54708215.8
1750305600000,2.1655,2.1752,2.1531,2.1553,49453092.1
1750320000000,2.1553,2.1661,2.1477,2.1509,45765062.4
1750334400000,2.1509,2.1575,2.143,2.1446,55349726.1
1750348800000,2.1445,2.1771,2.1445,2.1711,64699526.6
1750363200000,2.171,2.1735,2.1591,2.1639,37147019.1
1750377600000,2.164,2.1726,2.1538,2.1539,39905998.3
1750392000000,2.154,2.1684,2.1382,2.166,71324696.9
1750406400000,2.166,2.1761,2.1603,2.1716,61509444.2
1750420800000,2.1716,2.1791,2.1291,2.1325,113910513.6
1750435200000,2.1325,2.1358,2.0839,2.1271,192632581.4
1750449600000,2.127,2.1475,2.1072,2.1185,76172100.4
1750464000000,2.1185,2.1315,2.114,2.129,35187996.1
1750478400000,2.1289,2.133,2.1179,2.1325,31263965.3
1750492800000,2.1325,2.1443,2.1317,2.1361,43150249.3
1750507200000,2.136,2.1397,2.1071,2.1154,76453745.7
1750521600000,2.1154,2.1181,2.0684,2.0698,106956265.2
1750536000000,2.0697,2.0929,1.9841,2.0618,251747031.5
1750550400000,2.0619,2.0875,2.0379,2.0585,139460854.0
1750564800000,2.0585,2.0889,2.0554,2.0676,70648173.7
1750579200000,2.0677,2.077,2.0125,2.024,119033662.1
1750593600000,2.0239,2.0284,1.924,1.9333,457607568.4
1750608000000,1.9331,1.9825,1.9274,1.9632,147084861.8
1750622400000,1.9631,2.022,1.907,2.0159,243728909.8
1750636800000,2.016,2.032,2.0026,2.0173,69026262.9
1750651200000,2.0173,2.0345,2.0098,2.0219,77096308.7
1750665600000,2.0218,2.0267,1.9857,2.0002,101388608.8
1750680000000,2.0003,2.039,1.9846,1.998,192281247.8
1750694400000,1.998,2.0622,1.9602,2.0562,272423800.8
1750708800000,2.0563,2.1696,2.0553,2.1575,241873383.8
1750723200000,2.1574,2.1652,2.1306,2.1496,98982493.5
1750737600000,2.1497,2.21,2.1457,2.1771,149805038.5
1750752000000,2.177,2.2059,2.16,2.183,141052909.1
1750766400000,2.1829,2.1931,2.1633,2.1873,115933481.7
1750780800000,2.1873,2.2088,2.1829,2.2062,106112986.5
1750795200000,2.2062,2.2157,2.1768,2.1888,71381595.1
1750809600000,2.1889,2.1978,2.1756,2.1776,56470153.2
1750824000000,2.1775,2.1874,2.1688,2.1846,49915813.5
1750838400000,2.1847,2.1966,2.1728,2.194,66555585.3
1750852800000,2.1939,2.2293,2.174,2.1806,184459491.7
1750867200000,2.1805,2.207,2.1704,2.2048,74129475.3
1750881600000,2.2049,2.2051,2.1736,2.1848,46253036.8
1750896000000,2.1849,2.2122,2.1793,2.1947,74190709.2
1750910400000,2.1948,2.1974,2.1809,2.1886,39743395.6
1750924800000,2.1885,2.194,2.168,2.1696,54399605.9
1750939200000,2.1697,2.1722,2.105,2.1187,230852941.3
1750953600000,2.1186,2.1338,2.0942,2.1239,116234576.3
1750968000000,2.1239,2.1449,2.102,2.1047,76921031.0
1750982400000,2.1047,2.1107,2.0759,2.1044,95358781.1
1750996800000,2.1044,2.1131,2.0809,2.0842,73617656.2
1751011200000,2.0841,2.1052,2.0837,2.0901,70124028.8
1751025600000,2.0901,2.1007,2.0664,2.0967,146254529.1
1751040000000,2.0968,2.1222,2.0693,2.0926,111944819.7
1751054400000,2.0927,2.1539,2.0917,2.1408,125124041.4
1751068800000,2.1409,2.1904,2.1323,2.1836,116697363.0
1751083200000,2.1837,2.2,2.1744,2.1896,68784607.1
1751097600000,2.1897,2.1929,2.1792,2.1915,54717773.8
1751112000000,2.1915,2.2062,2.1815,2.2029,72212361.8
1751126400000,2.2028,2.2074,2.1837,2.1849,66474215.6
1751140800000,2.185,2.1882,2.1759,2.1843,38280033.5
1751155200000,2.1842,2.189,2.1739,2.1829,35012440.8
1751169600000,2.1828,2.1886,2.1797,2.1836,21948506.0
1751184000000,2.1836,2.1973,2.1828,2.1949,46534328.3
1751198400000,2.1948,2.1969,2.179,2.1822,44653087.6
1751212800000,2.1823,2.1945,2.1795,2.1877,32160326.7
1751227200000,2.1876,2.2191,2.177,2.2052,84228220.3
1751241600000,2.2053,2.2111,2.1928,2.1951,48690988.2
1751256000000,2.1951,2.1956,2.1703,2.1855,64428021.4
1751270400000,2.1856,2.1886,2.1679,2.177,50664039.0
1751284800000,2.177,2.1992,2.1608,2.1917,105690861.9
1751299200000,2.1917,2.3269,2.1899,2.3192,277856773.7
1751313600000,2.3193,2.3251,2.2335,2.2358,180490329.3
1751328000000,2.2358,2.2532,2.2233,2.2366,92837704.7
1751342400000,2.2367,2.2367,2.204,2.2232,81596078.9
1751356800000,2.2232,2.2256,2.1907,2.2008,82447416.7
1751371200000,2.2008,2.2098,2.1745,2.1869,166667892.9
1751385600000,2.187,2.2034,2.1548,2.156,106276923.9
1751400000000,2.1561,2.1807,2.145,2.1706,77228444.4
1751414400000,2.1706,2.1856,2.1554,2.1846,52609163.8
1751428800000,2.1845,2.1966,2.1803,2.1909,53186088.2
1751443200000,2.1909,2.2031,2.1723,2.1759,64499180.9
1751457600000,2.1758,2.2148,2.1672,2.2111,112493739.0
1751472000000,2.2111,2.2935,2.2079,2.2638,371365744.7
1751486400000,2.2638,2.2659,2.229,2.2328,95464668.8
1751500800000,2.2329,2.247,2.2238,2.2414,65533877.5
1751515200000,2.2414,2.2827,2.2392,2.2782,101223363.9
1751529600000,2.2783,2.3112,2.2755,2.2955,147004406.7
1751544000000,2.2956,2.3137,2.2382,2.2428,244740422.0
1751558400000,2.2428,2.2822,2.2423,2.2712,79260300.0
1751572800000,2.2711,2.2794,2.2526,2.256,47331473.2
1751587200000,2.256,2.267,2.239,2.2477,53927353.7
1751601600000,2.2477,2.2511,2.214,2.22,81025492.5
1751616000000,2.22,2.2392,2.2061,2.2371,70335220.5
1751630400000,2.2371,2.2425,2.2022,2.2134,106965584.3
1751644800000,2.2134,2.2244,2.1941,2.2094,91292867.7
1751659200000,2.2095,2.2276,2.2069,2.2194,38714058.3
1751673600000,2.2194,2.2263,2.2087,2.2245,31159310.4
1751688000000,2.2244,2.2327,2.2162,2.2237,34793006.1
1751702400000,2.2237,2.2258,2.2102,2.2207,35243147.0
1751716800000,2.2207,2.2295,2.2135,2.2218,32554437.1
1751731200000,2.2217,2.2238,2.2001,2.2134,51989465.5
1751745600000,2.2134,2.2184,2.2059,2.2163,26376492.3
1751760000000,2.2163,2.2214,2.2072,2.2154,21274656.2
1751774400000,2.2153,2.2345,2.215,2.2266,38303071.9
1751788800000,2.2266,2.2844,2.2257,2.2611,170648960.0
1751803200000,2.2611,2.2894,2.26,2.2762,117076680.8
1751817600000,2.2762,2.2821,2.2455,2.2636,76273076.3
1751832000000,2.2636,2.2897,2.2621,2.2701,69173490.8
1751846400000,2.27,2.2785,2.2562,2.2694,49247261.8
1751860800000,2.2694,2.2743,2.2541,2.2713,51359518.2
1751875200000,2.2713,2.2974,2.2671,2.2824,89773121.8
1751889600000,2.2823,2.3499,2.2702,2.3381,327481421.7
1751904000000,2.3381,2.3532,2.279,2.2983,237116309.5
1751918400000,2.2982,2.2982,2.2577,2.2694,107544057.1
1751932800000,2.2694,2.2721,2.2471,2.2615,97478594.4
1751947200000,2.2615,2.2755,2.2553,2.2739,69496127.3
1751961600000,2.274,2.2998,2.2715,2.2924,91042909.4
1751976000000,2.2925,2.3042,2.2764,2.2853,112304442.3
1751990400000,2.2854,2.3216,2.282,2.3205,106316929.8
1752004800000,2.3205,2.3211,2.2955,2.3096,52554168.1
1752019200000,2.3097,2.3184,2.2966,2.3025,57089065.4
1752033600000,2.3025,2.3368,2.3009,2.3307,84901895.2
1752048000000,2.3308,2.3887,2.3292,2.3806,190488850.0
1752062400000,2.3807,2.4052,2.3508,2.3811,263387650.9
1752076800000,2.3812,2.4282,2.3739,2.4201,171860932.7
1752091200000,2.4201,2.4214,2.3836,2.4033,129307071.4
1752105600000,2.4034,2.4362,2.3925,2.4196,105612697.8
1752120000000,2.4196,2.442,2.4093,2.4359,105368377.3
1752134400000,2.4358,2.4613,2.4258,2.452,149160357.1
1752148800000,2.4519,2.459,2.418,2.4531,152636597.9
1752163200000,2.4532,2.5119,2.4458,2.4994,214887843.9
1752177600000,2.4995,2.5668,2.4907,2.5463,244378686.1
1752192000000,2.5464,2.5924,2.5114,2.575,188417124.9
1752206400000,2.575,2.5974,2.5532,2.5788,198805905.5
1752220800000,2.5788,2.6613,2.5781,2.6284,293069321.0
1752235200000,2.6284,2.9777,2.6246,2.7773,1163230114.4
1752249600000,2.7773,2.8588,2.702,2.8583,545537327.0
1752264000000,2.8582,2.8587,2.6606,2.7335,425183686.3
1752278400000,2.7335,2.8497,2.6905,2.8011,305181803.1
1752292800000,2.801,2.8064,2.7556,2.7677,157986839.3
1752307200000,2.7675,2.8477,2.7656,2.806,197775248.2
1752321600000,2.8061,2.8092,2.663,2.6812,409314482.0
1752336000000,2.6812,2.7537,2.6698,2.7376,173555337.5
1752350400000,2.7376,2.7486,2.6845,2.7395,130168480.4
1752364800000,2.7394,2.7882,2.7236,2.7683,143895727.7
1752379200000,2.7684,2.8154,2.758,2.7989,134139650.5
1752393600000,2.799,2.818,2.7709,2.7885,147903472.4
1752408000000,2.7886,2.894,2.7825,2.8377,360775904.9
1752422400000,2.8377,2.8824,2.8114,2.8454,185586443.5
1752436800000,2.8455,2.8645,2.7603,2.8355,186669671.5
1752451200000,2.8355,2.948,2.8204,2.9268,243653954.4
1752465600000,2.9268,2.9811,2.874,2.9576,336960347.7
1752480000000,2.9576,3.028,2.927,2.9787,431289787.7
1752494400000,2.9786,3.0379,2.9105,2.948,519431288.1
1752508800000,2.9481,3.0038,2.9108,2.9308,250300467.7
1752523200000,2.9307,2.9644,2.8765,2.9582,153460333.2
1752537600000,2.9583,2.9584,2.8036,2.8508,353245254.2
1752552000000,2.8508,2.8873,2.8229,2.8533,172249198.3
1752566400000,2.8534,2.9297,2.824,2.9059,215805834.6
1752580800000,2.906,2.9344,2.8401,2.8906,355873055.7
1752595200000,2.8906,2.947,2.8576,2.8634,204013682.2
1752609600000,2.8633,2.9301,2.8544,2.9203,109498652.7
1752624000000,2.9203,2.9386,2.878,2.9054,103604035.0
1752638400000,2.9054,2.9404,2.8919,2.9301,91877228.9
1752652800000,2.9301,2.9658,2.9221,2.9523,114040697.4
1752667200000,2.9523,3.0082,2.9467,2.9769,281932072.8
1752681600000,2.977,3.0795,2.968,3.0599,316812051.7
1752696000000,3.0599,3.1024,3.0235,3.0398,226948427.2
1752710400000,3.0399,3.0815,2.99,3.0254,207190447.3
1752724800000,3.0253,3.1749,3.0155,3.1572,320199257.8
1752739200000,3.1573,3.3023,3.1413,3.2645,482876502.4
1752753600000,3.2645,3.2777,3.17,3.2546,385768756.7
1752768000000,3.2546,3.4045,3.2223,3.3087,526987338.3
1752782400000,3.3088,3.5555,3.2864,3.484,721070220.6
1752796800000,3.4841,3.6646,3.4646,3.6086,527789222.4
1752811200000,3.6086,3.6419,3.4511,3.4602,379551839.2
1752825600000,3.4603,3.5168,3.4061,3.4906,440011865.4
1752840000000,3.4906,3.546,3.3476,3.3765,503577463.8
1752854400000,3.3765,3.4809,3.3649,3.4354,279285678.3
1752868800000,3.4351,3.4534,3.3592,3.414,226419779.4
1752883200000,3.4141,3.4804,3.3972,3.4498,182870868.1
1752897600000,3.4497,3.4862,3.4165,3.466,140774837.5
1752912000000,3.4659,3.4748,3.3882,3.393,151430886.7
1752926400000,3.3931,3.4321,3.3546,3.4105,193875088.8
1752940800000,3.4106,3.461,3.405,3.4325,119532050.1
1752955200000,3.4324,3.4456,3.3804,3.425,90564472.1
1752969600000,3.4249,3.4527,3.3846,3.4355,157714943.7
1752984000000,3.4354,3.4597,3.4024,3.443,115581171.3
1752998400000,3.4429,3.5367,3.4429,3.4999,246672043.2
1753012800000,3.4998,3.5485,3.4786,3.5187,196538731.3
1753027200000,3.5186,3.5598,3.4824,3.5247,188769961.2
1753041600000,3.5246,3.5269,3.4,3.4542,212587402.9
1753056000000,3.4542,3.4908,3.4068,3.4792,145289121.1
1753070400000,3.4793,3.5837,3.4723,3.569,186065714.2
1753084800000,3.5691,3.5825,3.5314,3.5356,138352733.9
1753099200000,3.5357,3.6532,3.4993,3.6066,328062557.1
1753113600000,3.6066,3.6254,3.5272,3.5467,261693301.0
1753128000000,3.5466,3.5744,3.512,3.5497,104022044.6
1753142400000,3.5498,3.5758,3.4609,3.5007,233586259.9
1753156800000,3.5007,3.5039,3.4201,3.4757,190764423.4
1753171200000,3.4757,3.5229,3.4253,3.5199,153744526.6
1753185600000,3.5198,3.5387,3.4404,3.5102,208555377.4
1753200000000,3.5101,3.5827,3.494,3.5202,194223436.4
1753214400000,3.5202,3.5569,3.5154,3.5533,83497705.4
1753228800000,3.5533,3.5547,3.4908,3.4952,87053044.8
1753243200000,3.4951,3.514,3.461,3.4687,96892024.0
1753257600000,3.4687,3.4762,3.4309,3.4506,116969032.3
1753272000000,3.4506,3.4506,3.2242,3.3219,641307108.0
1753286400000,3.3218,3.3218,3.16,3.1845,346205915.3
1753300800000,3.1845,3.217,3.05,3.1845,493395246.0
1753315200000,3.1846,3.2354,3.1498,3.1917,201214589.2
1753329600000,3.1917,3.1959,2.9535,3.0744,541943589.1
1753344000000,3.0744,3.1777,3.0552,3.1672,289029425.5
1753358400000,3.1672,3.264,3.117,3.2244,377250180.9
1753372800000,3.2244,3.2586,3.1675,3.2067,201810543.0
1753387200000,3.2068,3.2414,3.1254,3.1442,130198423.4
1753401600000,3.1443,3.1602,3.0438,3.0683,252200420.3
1753416000000,3.0682,3.1175,3.0346,3.0729,211298648.1
1753430400000,3.073,3.1521,3.0618,3.1329,187625247.4
1753444800000,3.1329,3.1509,2.9959,3.0357,300200897.6
1753459200000,3.0357,3.0959,3.0235,3.069,116984548.4
1753473600000,3.069,3.1499,3.069,3.141,94767724.7
1753488000000,3.141,3.1628,3.1081,3.1426,83871707.8
1753502400000,3.1426,3.1751,3.1395,3.154,63957807.9
1753516800000,3.1541,3.2094,3.1529,3.1845,112294905.5
1753531200000,3.1846,3.1998,3.1744,3.1909,86173948.3
1753545600000,3.191,3.2175,3.1563,3.1896,103546130.7
1753560000000,3.1897,3.2089,3.1621,3.165,60682841.7
1753574400000,3.165,3.206,3.155,3.1983,69732240.0
1753588800000,3.1984,3.238,3.1841,3.1881,99046225.5
1753603200000,3.1881,3.2135,3.1656,3.1783,95997522.5
1753617600000,3.1783,3.2066,3.1609,3.185,102800718.0
1753632000000,3.1849,3.2275,3.1749,3.2078,151858506.4
1753646400000,3.2078,3.2504,3.1872,3.2376,129500473.1
1753660800000,3.2377,3.2921,3.2205,3.2681,176151999.4
1753675200000,3.268,3.3296,3.2493,3.2722,160488629.7
1753689600000,3.2721,3.2759,3.2227,3.2435,96490535.0
1753704000000,3.2434,3.248,3.1391,3.1579,257854951.3
1753718400000,3.158,3.1841,3.112,3.1591,178398542.7
1753732800000,3.1591,3.1623,3.1052,3.1218,136408411.0
1753747200000,3.1219,3.1457,3.0762,3.1387,140151109.2
1753761600000,3.1387,3.1809,3.1202,3.1737,91848990.2
1753776000000,3.1738,3.1842,3.1119,3.1357,112372056.0
1753790400000,3.1357,3.174,3.0748,3.0972,226930284.6
1753804800000,3.0972,3.1609,3.0516,3.118,171738495.5
1753819200000,3.118,3.1361,3.0922,3.1269,92194970.4
1753833600000,3.127,3.1487,3.091,3.1363,77732569.7
1753848000000,3.1364,3.1452,3.1021,3.1181,83416176.7
1753862400000,3.1181,3.1393,3.0411,3.0499,145035324.3
1753876800000,3.0499,3.1531,3.0375,3.1428,197110748.3
1753891200000,3.1428,3.162,3.0,3.0964,271319342.2
1753905600000,3.0965,3.1157,3.0613,3.0957,95450386.6
1753920000000,3.0958,3.1465,3.0862,3.1385,85897209.0
1753934400000,3.1385,3.1544,3.1303,3.154,53419522.4
1753948800000,3.154,3.1779,3.1458,3.1505,81665325.0
1753963200000,3.1504,3.1516,3.074,3.0989,183544227.6
1753977600000,3.0989,3.135,3.0505,3.0562,144786399.8
1753992000000,3.0561,3.0658,3.0082,3.0203,150011926.8
1754006400000,3.0204,3.0237,2.9279,2.9965,340239619.6
1754020800000,2.9966,2.9966,2.9336,2.9541,144882372.9
1754035200000,2.9541,2.9705,2.891,2.9689,187026048.3
1754049600000,2.9689,3.0576,2.929,3.0423,312030225.1
1754064000000,3.0423,3.0517,2.9735,3.0134,187445227.2
1754078400000,3.0133,3.0287,2.893,2.9602,231334988.9
1754092800000,2.9602,2.985,2.9468,2.9824,73783165.8
1754107200000,2.9824,3.0199,2.9441,2.9912,118023058.7
1754121600000,2.9912,3.0008,2.9286,2.9394,106035221.7
1754136000000,2.9395,2.9458,2.8208,2.8289,199453436.0
1754150400000,2.829,2.8644,2.7407,2.7784,331108492.4
1754164800000,2.7785,2.8163,2.7381,2.7684,153825008.8
1754179200000,2.7684,2.8397,2.7266,2.8341,180016638.2
1754193600000,2.8341,2.868,2.8127,2.8635,84706901.5
1754208000000,2.8635,2.8922,2.8474,2.8678,105189363.4
1754222400000,2.8678,2.9019,2.8573,2.8937,111868691.2
1754236800000,2.8937,2.9284,2.8838,2.9146,100193886.9
1754251200000,2.9146,2.9607,2.9,2.9463,100780606.3
1754265600000,2.9462,3.0297,2.9291,2.9973,186618986.3
1754280000000,2.9974,3.0177,2.9648,3.0101,127091602.6
1754294400000,3.0102,3.0227,2.9756,2.991,103555867.8
1754308800000,2.9911,3.079,2.9782,3.0291,229320193.2
1754323200000,3.0291,3.0883,3.029,3.0476,119249198.4
1754337600000,3.0476,3.0854,3.039,3.0701,80971839.4
1754352000000,3.07,3.1059,3.0333,3.0373,118711545.5
1754366400000,3.0373,3.0537,2.9947,3.0031,125481932.9
1754380800000,3.003,3.0793,2.9977,3.0618,124295950.4
1754395200000,3.0618,3.0643,2.9555,2.9702,239654579.3
1754409600000,2.9702,2.9911,2.9438,2.9457,112744271.3
1754424000000,2.9457,2.9743,2.9148,2.9607,94293391.0
1754438400000,2.9607,2.9631,2.9074,2.9129,93334650.7
1754452800000,2.913,2.9669,2.9006,2.9545,105848588.3
1754467200000,2.9545,2.9589,2.9175,2.9449,85836409.0
1754481600000,2.9448,3.0082,2.9213,3.0022,159616944.3
1754496000000,3.0023,3.0168,2.9681,3.01,106638081.9
1754510400000,3.01,3.0102,2.9789,2.9896,48652286.9
1754524800000,2.9896,3.01,2.9661,2.9669,67717526.7
1754539200000,2.9669,3.0132,2.963,2.999,64246185.3
1754553600000,2.9989,3.0874,2.987,3.078,152517505.1
1754568000000,3.078,3.0846,3.0397,3.061,128209559.3
1754582400000,3.061,3.1008,3.0076,3.1001,110042602.2
1754596800000,3.1002,3.3332,3.099,3.3181,488119352.8
1754611200000,3.3181,3.375,3.2696,3.375,356139856.9
1754625600000,3.375,3.3813,3.3048,3.3546,187864678.1
1754640000000,3.3545,3.3598,3.3014,3.3353,124501325.5
1754654400000,3.3352,3.372,3.205,3.2206,349634570.1
1754668800000,3.2205,3.3382,3.2191,3.3373,191664481.6
1754683200000,3.3373,3.3375,3.2778,3.2848,92253161.5
1754697600000,3.2848,3.3131,3.2787,3.2903,67967687.8
1754712000000,3.2902,3.3343,3.2868,3.3198,121150045.6
1754726400000,3.3198,3.3468,3.3034,3.308,109982102.3
1754740800000,3.308,3.3265,3.245,3.2713,165749873.6
1754755200000,3.2713,3.2968,3.2573,3.2637,79342796.2
1754769600000,3.2636,3.2746,3.2061,3.2245,128366290.7
1754784000000,3.2245,3.2629,3.217,3.2571,93991368.2
1754798400000,3.2572,3.2775,3.161,3.1861,159671965.9
1754812800000,3.186,3.2186,3.1511,3.19,129517394.5
1754827200000,3.1901,3.2033,3.1555,3.1835,103018591.0
1754841600000,3.1834,3.213,3.1802,3.2053,47990266.3
1754856000000,3.2052,3.2068,3.1561,3.1856,107402135.0
1754870400000,3.1855,3.2726,3.1706,3.2641,152885136.3
1754884800000,3.2642,3.2878,3.2323,3.2442,109467344.5
1754899200000,3.2442,3.3328,3.2024,3.2137,266964734.9
1754913600000,3.2137,3.2349,3.1746,3.2073,225204368.0
1754928000000,3.2074,3.2273,3.1433,3.1474,194069622.6
1754942400000,3.1474,3.1698,3.1156,3.1281,118846794.0
1754956800000,3.1281,3.1742,3.1258,3.1473,82993158.5
1754971200000,3.1473,3.1647,3.1136,3.1544,84220453.0
1754985600000,3.1544,3.1632,3.1024,3.1486,99681159.8
1755000000000,3.1486,3.2179,3.1412,3.2115,214970407.3
1755014400000,3.2115,3.289,3.204,3.2872,144720653.4
1755028800000,3.2872,3.306,3.2566,3.2665,158367925.8
1755043200000,3.2666,3.2666,3.2055,3.2409,134201683.3
1755057600000,3.2409,3.2568,3.2012,3.2386,107328094.9
1755072000000,3.2385,3.2996,3.238,3.2847,159307988.6
1755086400000,3.2846,3.3366,3.2252,3.2556,335340408.2
1755100800000,3.2556,3.2847,3.2435,3.2775,96555584.7
1755115200000,3.2776,3.2944,3.2522,3.2752,88898845.5
1755129600000,3.2752,3.3565,3.2701,3.3276,209283288.6
1755144000000,3.3277,3.3362,3.2347,3.2555,197696082.3
1755158400000,3.2555,3.2558,3.1973,3.2176,149184903.0
1755172800000,3.2175,3.2346,2.981,3.0941,579719189.9
1755187200000,3.094,3.0969,3.0414,3.0664,181593895.0
1755201600000,3.0665,3.0888,3.0278,3.0774,113773276.2
1755216000000,3.0775,3.1205,3.07,3.1161,77424888.1
1755230400000,3.1161,3.1414,3.104,3.1159,81896552.6
1755244800000,3.1159,3.1267,3.0953,3.1096,70731546.5
1755259200000,3.1095,3.1395,3.0094,3.0255,245420170.2
1755273600000,3.0255,3.0932,3.001,3.0638,161809322.8
1755288000000,3.0638,3.0965,3.0528,3.0763,76901715.6
1755302400000,3.0763,3.1133,3.0697,3.1071,61511339.0
1755316800000,3.1072,3.1246,3.0871,3.1222,54667261.2
1755331200000,3.1222,3.1548,3.102,3.1034,125034940.7
1755345600000,3.1034,3.1258,3.0967,3.1018,73896043.8
1755360000000,3.1018,3.1111,3.0906,3.0985,38612615.5
1755374400000,3.0985,3.1076,3.0893,3.1039,24127161.8
1755388800000,3.1039,3.1226,3.0814,3.1186,49054234.4
1755403200000,3.1185,3.1373,3.1102,3.1162,48045550.4
1755417600000,3.1161,3.1406,3.11,3.1267,59486628.7
1755432000000,3.1266,3.1448,3.1125,3.1423,69016860.8
1755446400000,3.1423,3.1458,3.0752,3.0871,90915711.4
1755460800000,3.0871,3.1114,3.0832,3.0856,47754366.4
1755475200000,3.0856,3.0897,2.9648,2.9882,193360938.9
1755489600000,2.9882,3.0036,2.9527,2.9623,122400630.3
1755504000000,2.9623,2.9766,2.939,2.9628,97858599.7
1755518400000,2.9628,3.0226,2.9581,3.0138,126886561.7
1755532800000,3.0139,3.0952,2.9985,3.0807,137470866.2
1755547200000,3.0808,3.0949,3.0504,3.0605,79389096.3
1755561600000,3.0605,3.0796,2.9829,2.9891,128606619.0
1755576000000,2.9892,3.0267,2.9717,3.0023,103768926.6
1755590400000,3.0024,3.0234,2.989,3.0142,68869884.5
1755604800000,3.0142,3.0365,2.925,2.928,194010595.1
1755619200000,2.9281,2.934,2.87,2.8755,178048361.2
1755633600000,2.8753,2.905,2.8474,2.8593,123758698.3
1755648000000,2.8593,2.8987,2.8476,2.8855,97681308.2
1755662400000,2.8856,2.8994,2.8637,2.8662,76425289.8
1755676800000,2.8662,2.913,2.8578,2.8881,123076414.5
1755691200000,2.8881,2.9333,2.8174,2.9029,268027249.8
1755705600000,2.9029,2.9876,2.9026,2.9875,148966920.5
1755720000000,2.9875,2.988,2.948,2.9503,65655677.5
1755734400000,2.9503,2.9577,2.9117,2.9289,91467168.8
1755748800000,2.9288,2.94,2.8912,2.9072,60667903.6
1755763200000,2.9072,2.9151,2.8846,2.9009,61922628.9
1755777600000,2.9008,2.9222,2.871,2.8855,128400061.8
1755792000000,2.8855,2.9183,2.8503,2.867,110221362.3
1755806400000,2.8671,2.8875,2.8408,2.8505,72423167.9
1755820800000,2.8504,2.8838,2.8205,2.8314,99831949.9
1755835200000,2.8314,2.8735,2.829,2.859,79546298.3
1755849600000,2.8589,2.8753,2.8024,2.804,101912468.6
1755864000000,2.804,3.0426,2.7812,3.016,606780463.1
1755878400000,3.016,3.0998,3.0153,3.0713,251832376.4
1755892800000,3.0714,3.106,3.0644,3.0738,138202938.4
1755907200000,3.0738,3.0749,2.9682,2.993,184390108.0
1755921600000,2.9929,3.0751,2.9923,3.0612,113104511.5
1755936000000,3.0613,3.0713,3.0286,3.0425,88211281.0
1755950400000,3.0425,3.0466,3.0063,3.0181,83551161.5
1755964800000,3.0181,3.0302,3.0098,3.0291,37611997.5
1755979200000,3.0291,3.0572,3.0243,3.0478,45401270.0
1755993600000,3.0478,3.0888,3.0439,3.052,91716268.3
1756008000000,3.052,3.0562,3.0288,3.0355,56275563.3
1756022400000,3.0355,3.0475,2.9963,3.0077,85171715.6
1756036800000,3.0077,3.04,3.0047,3.0137,71844801.2
1756051200000,3.0136,3.1275,2.995,3.0334,342421338.6
1756065600000,3.0334,3.0465,2.9842,3.025,173127128.6
1756080000000,3.0249,3.0529,2.972,3.0213,123185875.9
1756094400000,3.0213,3.0256,2.9271,2.9374,126489831.7
1756108800000,2.9374,2.9564,2.9179,2.9418,107119708.3
1756123200000,2.9416,2.973,2.926,2.9522,118082151.7
1756137600000,2.9523,2.9673,2.871,2.8752,150787889.9
1756152000000,2.8753,2.8925,2.8202,2.8567,247945944.6
1756166400000,2.8568,2.8958,2.8443,2.8835,105362388.4
1756180800000,2.8836,2.934,2.8835,2.9157,94507096.0
1756195200000,2.9157,2.9263,2.8894,2.9001,74704194.4
1756209600000,2.9,2.9421,2.8862,2.9315,181773727.2
1756224000000,2.9315,3.081,2.9246,3.0596,183594779.2
1756238400000,3.0595,3.0617,3.002,3.0112,146239662.9
1756252800000,3.0113,3.0121,2.98,3.0031,78472578.5
1756267200000,3.0031,3.0265,2.9834,2.9924,81210443.7
1756281600000,2.9923,3.0224,2.9923,2.9967,65291703.3
1756296000000,2.9966,3.031,2.9865,3.0156,125996854.2
1756310400000,3.0156,3.0439,2.986,3.0041,114991937.8
1756324800000,3.0041,3.0278,2.9603,2.9676,172398659.7
1756339200000,2.9677,2.9884,2.9519,2.9811,68310786.6
1756353600000,2.9812,3.0122,2.9762,3.0023,73946447.4
1756368000000,3.0023,3.0155,2.9905,3.0065,61471858.0
1756382400000,3.0065,3.0247,2.969,2.98,146717539.0
1756396800000,2.9801,2.9971,2.9414,2.9421,89853114.0
1756411200000,2.9421,2.9778,2.9417,2.9647,55807928.3
1756425600000,2.9647,2.9755,2.9357,2.9367,65437880.8
1756440000000,2.9367,2.9398,2.8592,2.8685,149297862.0
1756454400000,2.8685,2.8854,2.8422,2.8751,121959667.1
1756468800000,2.8752,2.9198,2.8152,2.833,276600626.2
1756483200000,2.833,2.8446,2.8,2.8121,132080318.9
1756497600000,2.8121,2.8247,2.7716,2.8179,109400309.3
1756512000000,2.8179,2.8235,2.7596,2.8115,93122991.7
1756526400000,2.8115,2.8338,2.8083,2.8304,56128387.3
1756540800000,2.8303,2.8309,2.7941,2.8085,53275823.2
1756555200000,2.8085,2.8096,2.7729,2.8053,72169057.4
1756569600000,2.8053,2.8172,2.797,2.8091,39133408.1
1756584000000,2.8091,2.8168,2.7979,2.8167,29062465.9
1756598400000,2.8166,2.868,2.8166,2.8503,80936968.0
1756612800000,2.8503,2.8551,2.8216,2.8277,46987011.9
1756627200000,2.8277,2.8432,2.8106,2.8226,46788995.0
1756641600000,2.8226,2.8241,2.8001,2.8207,52915869.6
1756656000000,2.8207,2.8208,2.7968,2.7988,50557188.9
1756670400000,2.7988,2.8159,2.7686,2.7745,60762371.3
1756684800000,2.7744,2.7784,2.7245,2.7407,158583756.6
1756699200000,2.7406,2.7934,2.7,2.793,156995072.7
1756713600000,2.793,2.8381,2.7661,2.7688,187803969.2
1756728000000,2.7687,2.7795,2.7503,2.7611,90384176.3
1756742400000,2.7611,2.7736,2.7186,2.7722,91961527.6
1756756800000,2.7723,2.7748,2.6955,2.7576,143057839.2
1756771200000,2.7576,2.8,2.7471,2.7966,87243049.0
1756785600000,2.7967,2.8145,2.784,2.7928,70390301.1
1756800000000,2.7928,2.8318,2.7924,2.7979,75660410.1
1756814400000,2.7978,2.8449,2.7607,2.7895,216064618.6
1756828800000,2.7894,2.8277,2.7804,2.8269,86489490.5
1756843200000,2.8269,2.8631,2.8155,2.8605,87179404.8
1756857600000,2.8605,2.8648,2.8246,2.8399,92580819.4
1756872000000,2.8399,2.8432,2.8091,2.8192,51455010.2
1756886400000,2.8192,2.8627,2.8185,2.8553,73044827.0
1756900800000,2.8554,2.8853,2.8408,2.8706,129878193.9
1756915200000,2.8706,2.8729,2.8418,2.8631,53833940.8
1756929600000,2.8632,2.8661,2.8375,2.843,39872545.5
1756944000000,2.8429,2.856,2.8317,2.843,50176377.8
1756958400000,2.843,2.8601,2.8128,2.8234,71388483.4
1756972800000,2.8234,2.8546,2.8225,2.8398,56249560.3
1756987200000,2.8398,2.8468,2.8023,2.809,109418250.2
1757001600000,2.809,2.8222,2.7823,2.7831,67748384.8
1757016000000,2.7831,2.8245,2.7831,2.7933,55773394.1
1757030400000,2.7933,2.8129,2.7765,2.8059,60418968.9
1757044800000,2.8058,2.849,2.8022,2.8432,63521509.2
1757059200000,2.8432,2.8532,2.8271,2.843,70462220.8
1757073600000,2.843,2.8843,2.7982,2.8133,275232368.4
1757088000000,2.8134,2.8643,2.8023,2.8638,81008163.9
1757102400000,2.8638,2.8645,2.8125,2.8132,63619576.7
1757116800000,2.8131,2.8275,2.8107,2.8255,29061770.8
1757131200000,2.8256,2.8256,2.812,2.8189,22426688.0
1757145600000,2.8189,2.8193,2.7995,2.8046,35516936.0
1757160000000,2.8047,2.8165,2.7986,2.8009,33418993.8
1757174400000,2.8009,2.8061,2.791,2.793,37348368.4
1757188800000,2.7929,2.8112,2.7929,2.8083,25829368.1
1757203200000,2.8084,2.8247,2.8078,2.8212,28643149.5
1757217600000,2.8212,2.8336,2.8175,2.8295,32472721.2
1757232000000,2.8296,2.8359,2.8244,2.8304,31018321.3
1757246400000,2.8305,2.9278,2.8273,2.8991,210947342.5
1757260800000,2.8991,2.8999,2.8489,2.8612,83344845.4
1757275200000,2.8611,2.8908,2.8539,2.876,89968846.2
1757289600000,2.876,2.899,2.861,2.8876,68437752.3
1757304000000,2.8876,2.9099,2.8729,2.909,65729430.2
1757318400000,2.9091,2.9539,2.9022,2.9349,129669077.4
1757332800000,2.935,2.9951,2.9323,2.9845,156638412.0
1757347200000,2.9846,2.9898,2.9605,2.9781,79085838.5
1757361600000,2.9782,2.984,2.9538,2.9687,54979797.9
1757376000000,2.9687,2.9776,2.9327,2.9491,77533514.7
1757390400000,2.9491,3.0271,2.9436,3.0193,131082933.0
1757404800000,3.0192,3.0363,2.9984,3.0035,97013123.3
1757419200000,3.0035,3.0291,2.9356,2.9456,186256356.9
1757433600000,2.9457,2.9713,2.9428,2.9634,53357691.0
1757448000000,2.9634,2.967,2.939,2.9456,41551735.5
1757462400000,2.9457,2.963,2.934,2.9615,51858028.7
1757476800000,2.9616,2.98,2.9442,2.9797,49800493.5
1757491200000,2.9798,2.986,2.9589,2.9697,53207174.7
1757505600000,2.9697,3.0235,2.9693,3.0015,147113951.5
1757520000000,3.0016,3.0131,2.9656,2.9772,76273269.5
1757534400000,2.9772,2.9859,2.9707,2.9822,35188966.6
1757548800000,2.9822,3.0094,2.9759,3.0081,44299826.8
1757563200000,3.0081,3.0134,2.9901,3.0022,46725611.5
1757577600000,3.0021,3.0344,2.9972,3.0064,86632799.6
1757592000000,3.0064,3.035,2.9421,2.9932,185909237.3
1757606400000,2.9932,3.0338,2.9881,3.0246,66670891.9
1757620800000,3.0247,3.0484,3.01,3.0388,63587813.6
1757635200000,3.0388,3.0712,3.0308,3.0358,102144781.2
1757649600000,3.0358,3.0726,3.0274,3.0659,82855655.8
1757664000000,3.066,3.0699,3.0358,3.0375,61427718.8
1757678400000,3.0376,3.0642,3.0161,3.0263,113390482.6
1757692800000,3.0264,3.0926,3.0204,3.0886,104044983.1
1757707200000,3.0885,3.1372,3.081,3.1046,130792243.7
1757721600000,3.1046,3.1239,3.0888,3.1135,64862625.3
1757736000000,3.1134,3.1214,3.0983,3.1161,44018216.9
1757750400000,3.116,3.1855,3.1093,3.1719,151975114.5
1757764800000,3.1719,3.181,3.1156,3.133,121746204.1
1757779200000,3.133,3.1415,3.0882,3.11,96289673.3
1757793600000,3.11,3.1269,3.1078,3.1181,44205322.2
1757808000000,3.118,3.1259,3.0824,3.094,92530802.6
1757822400000,3.094,3.1077,3.0736,3.0829,64643397.2
1757836800000,3.0829,3.0943,3.053,3.0577,64104403.1
1757851200000,3.0576,3.0654,3.0082,3.0295,139544649.2
1757865600000,3.0295,3.058,3.0266,3.0363,59722596.5
1757880000000,3.0363,3.056,3.0236,3.0266,50071244.8
1757894400000,3.0265,3.0515,3.0105,3.0468,51938230.5
1757908800000,3.0468,3.0655,3.0101,3.0213,84396993.5
1757923200000,3.0212,3.0224,2.9518,2.9976,171997392.6
1757937600000,2.9976,3.0419,2.9828,3.0263,161786612.2
1757952000000,3.0262,3.0347,2.9843,2.9864,89081112.5
1757966400000,2.9864,3.0029,2.9785,2.9957,40103424.7
1757980800000,2.9957,2.998,2.9756,2.9776,46461851.1
1757995200000,2.9777,3.0129,2.9623,3.0062,68902101.0
1758009600000,3.0062,3.0487,3.0022,3.0276,76029768.4
1758024000000,3.0277,3.0468,2.9982,3.0377,114940916.9
1758038400000,3.0377,3.0577,3.0289,3.0506,70248826.4
1758052800000,3.0507,3.0568,3.034,3.0364,32656883.7
1758067200000,3.0364,3.0466,3.0143,3.0152,63679648.5
1758081600000,3.0153,3.0375,3.0043,3.0329,58735117.1
1758096000000,3.0329,3.0329,3.0012,3.0073,50076104.8
1758110400000,3.0074,3.0365,3.0066,3.0214,58370841.2
1758124800000,3.0213,3.0675,2.9803,3.0307,228403172.0
1758139200000,3.0306,3.1068,3.0045,3.083,137101489.0
1758153600000,3.0831,3.1112,3.07,3.1043,79959788.1
1758168000000,3.1043,3.1063,3.0545,3.091,89240161.5
1758182400000,3.0911,3.1367,3.0893,3.1358,96365577.0
1758196800000,3.1358,3.1388,3.1012,3.1121,102619092.0
1758211200000,3.1121,3.1223,3.0875,3.1064,81008402.5
1758225600000,3.1063,3.1072,3.059,3.0721,71951050.4
1758240000000,3.0721,3.0928,3.0434,3.0458,69289627.5
1758254400000,3.0457,3.0518,3.0219,3.0364,92847474.2
1758268800000,3.0364,3.0458,3.0209,3.0288,58898190.9
1758283200000,3.0289,3.045,2.9866,3.0085,135156485.9
1758297600000,3.0085,3.0159,2.982,2.9851,67957726.4
1758312000000,2.985,2.9993,2.9766,2.9885,50316052.0
1758326400000,2.9884,2.9997,2.978,2.9899,35194193.5
1758340800000,2.9899,3.0077,2.9858,3.0069,30706103.3
1758355200000,3.0069,3.0073,2.9729,2.9875,42897822.6
1758369600000,2.9875,2.9948,2.9635,2.9879,61344081.9
1758384000000,2.9879,2.9914,2.9691,2.9729,38950650.3
1758398400000,2.973,2.984,2.9681,2.9735,29378595.9
1758412800000,2.9735,2.9972,2.9709,2.9961,29305679.5
1758427200000,2.9962,3.0123,2.9916,2.9956,39523020.5
1758441600000,2.9957,2.9994,2.9592,2.9737,57202704.1
1758456000000,2.9738,2.9873,2.9682,2.9784,27975807.1
1758470400000,2.9784,2.984,2.9506,2.9802,47527223.1
1758484800000,2.9801,2.9919,2.9627,2.9686,39122375.3
1758499200000,2.9686,2.974,2.8752,2.9026,232176432.7
1758513600000,2.9025,2.9054,2.6704,2.8046,323254538.0
1758528000000,2.8045,2.8226,2.7883,2.8148,100237707.6
1758542400000,2.8148,2.8735,2.8027,2.8585,147371275.9
1758556800000,2.8586,2.8691,2.8137,2.8331,116640118.0
1758571200000,2.8331,2.8559,2.8132,2.8512,51539223.8
1758585600000,2.8512,2.8711,2.7977,2.8587,101435847.3
1758600000000,2.8588,2.8829,2.8342,2.8631,89309580.9
1758614400000,2.863,2.8721,2.8474,2.857,49015038.8
1758628800000,2.8569,2.8826,2.8515,2.8753,77323438.7
1758643200000,2.8753,2.8959,2.8366,2.8517,94038505.0
1758657600000,2.8516,2.8587,2.816,2.8234,52080665.1
1758672000000,2.8234,2.842,2.8033,2.8125,74171198.5
1758686400000,2.8125,2.8764,2.7871,2.8723,106656443.3
1758700800000,2.8724,2.8834,2.8659,2.8789,44625646.1
1758715200000,2.8789,2.95,2.8703,2.9389,121256874.8
1758729600000,2.9389,2.9948,2.9276,2.9759,124663239.2
1758744000000,2.9759,2.9786,2.9222,2.9246,100741771.2
1758758400000,2.9246,2.9433,2.8679,2.8719,123942241.1
1758772800000,2.872,2.8771,2.8308,2.8409,130396814.4
1758787200000,2.8409,2.8535,2.806,2.8143,94574169.5
1758801600000,2.8142,2.8594,2.7843,2.83,198670866.5
1758816000000,2.83,2.8367,2.7229,2.7596,272844557.2
1758830400000,2.7596,2.7708,2.7296,2.742,97733028.9
1758844800000,2.7419,2.7777,2.7372,2.7599,75075348.1
1758859200000,2.7598,2.7741,2.7358,2.7539,85276611.3
1758873600000,2.7538,2.7676,2.6967,2.7265,115299227.8
1758888000000,2.7266,2.7761,2.699,2.7341,210899723.2
1758902400000,2.7341,2.8082,2.7306,2.7904,143239243.5
1758916800000,2.7903,2.7964,2.7688,2.7823,46674025.3
1758931200000,2.7823,2.789,2.7659,2.7824,31890076.3
1758945600000,2.7824,2.8011,2.7746,2.7801,34983071.4
1758960000000,2.7801,2.7933,2.7606,2.7762,42692031.3
1758974400000,2.7761,2.788,2.7714,2.7826,25695893.9
1758988800000,2.7827,2.7934,2.7612,2.7886,36538659.9
1759003200000,2.7885,2.8274,2.7863,2.8032,48688938.3
1759017600000,2.8033,2.8132,2.7758,2.7815,49261671.6
1759032000000,2.7814,2.7934,2.7737,2.7862,28021467.5
1759046400000,2.7863,2.7938,2.7695,2.7752,44519581.6
1759060800000,2.7751,2.8131,2.7649,2.8096,59683340.0
1759075200000,2.8096,2.8336,2.8035,2.8266,51795629.3
1759089600000,2.8265,2.8664,2.8251,2.8662,68750244.5
1759104000000,2.8662,2.8838,2.8471,2.8621,69886209.4
1759118400000,2.8622,2.904,2.8428,2.8854,75971572.3
1759132800000,2.8855,2.8915,2.8516,2.8538,57150916.1
1759147200000,2.8537,2.9278,2.8441,2.8924,136367608.9
1759161600000,2.8924,2.902,2.8644,2.8962,75838052.8
1759176000000,2.8963,2.9137,2.8774,2.8788,58515624.3
1759190400000,2.8788,2.8916,2.8665,2.8748,61073722.6
1759204800000,2.8748,2.906,2.8709,2.8728,48097165.5
1759219200000,2.8728,2.8742,2.8331,2.8454,73947532.1
1759233600000,2.8454,2.8614,2.8119,2.827,92241201.1
1759248000000,2.827,2.8721,2.8164,2.8625,94737777.5
1759262400000,2.8626,2.8785,2.8328,2.8454,59049815.7
1759276800000,2.8453,2.8588,2.8126,2.8177,57659915.8
1759291200000,2.8178,2.8563,2.8149,2.8526,61078357.6
1759305600000,2.8526,2.9512,2.8505,2.9427,167106595.4
1759320000000,2.9426,2.957,2.9262,2.9403,106413417.3
1759334400000,2.9404,2.96,2.9188,2.9536,75163600.7
1759348800000,2.9537,2.9544,2.9252,2.9473,48060887.8
1759363200000,2.9473,2.9863,2.9387,2.971,89996393.2
1759377600000,2.9709,2.984,2.9526,2.9679,64102494.3
1759392000000,2.9679,2.9953,2.965,2.9701,67486374.2
1759406400000,2.9701,2.993,2.945,2.9908,131548291.6
1759420800000,2.9908,3.099,2.9859,3.0894,190218917.9
1759435200000,3.0895,3.09,3.0248,3.0375,107668531.0
1759449600000,3.0376,3.0381,3.0032,3.0194,91461683.3
1759464000000,3.0194,3.0343,3.0116,3.0329,58896200.5
1759478400000,3.0329,3.0572,3.0213,3.0365,79932455.6
1759492800000,3.0366,3.0721,3.0062,3.0676,103269677.3
1759507200000,3.0676,3.095,3.0111,3.0338,189669292.5
1759521600000,3.0338,3.055,3.02,3.0395,43193476.0
1759536000000,3.0394,3.0518,3.007,3.0224,46976191.8
1759550400000,3.0224,3.0304,3.0133,3.0168,35547933.4
1759564800000,3.0169,3.0211,2.9814,2.9897,76410332.8
1759579200000,2.9897,3.0056,2.94,2.9489,113450431.3
1759593600000,2.949,2.9566,2.9379,2.9495,47864859.4
1759608000000,2.9496,2.9719,2.9448,2.9675,37035597.9
1759622400000,2.9675,3.0256,2.955,3.0066,78687618.5
1759636800000,3.0067,3.0674,3.0039,3.0633,91076857.0
1759651200000,3.0633,3.0724,3.0011,3.0215,113611449.5
1759665600000,3.0216,3.0216,2.985,3.0123,61362674.3
1759680000000,3.0123,3.0147,2.9469,2.9522,97102757.7
1759694400000,2.9521,2.9841,2.9455,2.9679,71952964.5
1759708800000,2.9678,2.9908,2.9534,2.9767,84713800.8
1759723200000,2.9768,2.9983,2.961,2.9721,67102924.0
1759737600000,2.9722,3.0077,2.9722,2.9941,60038745.3
1759752000000,2.9942,3.0383,2.9828,3.0299,157194843.4
1759766400000,3.0298,3.05,3.0204,3.0242,102459975.9
1759780800000,3.0242,3.0331,2.9858,2.9878,76784043.3
1759795200000,2.9879,2.9999,2.9752,2.9849,56770753.5
1759809600000,2.9848,3.0002,2.9603,2.9707,74773384.1
1759824000000,2.9707,2.979,2.9531,2.9686,66970966.1
1759838400000,2.9686,2.9898,2.8676,2.8835,278851937.0
1759852800000,2.8835,2.9028,2.8471,2.8556,137027385.3
1759867200000,2.8557,2.8805,2.8482,2.8509,66111590.5
1759881600000,2.8509,2.8778,2.8362,2.8451,70093761.7
1759896000000,2.8451,2.8632,2.8284,2.8567,58301259.3
1759910400000,2.8566,2.88,2.8548,2.8745,50356376.5
1759924800000,2.8746,2.8923,2.8506,2.8646,77581783.9
1759939200000,2.8646,2.9234,2.8611,2.9081,99146720.0
1759953600000,2.9082,2.9107,2.8754,2.8786,38257596.1
1759968000000,2.8786,2.8793,2.823,2.8434,74019227.0
1759982400000,2.8433,2.8474,2.8121,2.8155,58608889.4
1759996800000,2.8156,2.8268,2.7845,2.8247,105857966.7
1760011200000,2.8247,2.8394,2.7881,2.8011,128959755.6
1760025600000,2.8011,2.8084,2.77,2.7878,118200775.7
1760040000000,2.7878,2.8154,2.7821,2.8011,54557047.6
1760054400000,2.8011,2.8286,2.7894,2.8117,57856161.2
1760068800000,2.8116,2.8297,2.7974,2.8018,52598494.1
1760083200000,2.8018,2.8298,2.7964,2.8172,44785378.8
1760097600000,2.8173,2.8358,2.7111,2.74,260477228.9
1760112000000,2.74,2.7632,2.6297,2.6752,291007937.5
1760126400000,2.6752,2.6963,1.1792,2.3666,1619543434.9
1760140800000,2.3667,2.4532,2.2955,2.3953,405947420.0
1760155200000,2.3954,2.45,2.387,2.4102,210713398.6
1760169600000,2.4102,2.5046,2.3973,2.4759,190196493.4
1760184000000,2.4758,2.4858,2.4138,2.4775,150499315.6
1760198400000,2.4774,2.4919,2.3821,2.4083,137969087.7
1760212800000,2.4082,2.4109,2.3218,2.3806,213918914.1
1760227200000,2.3807,2.3856,2.3102,2.3403,177010572.3
1760241600000,2.3402,2.3993,2.3379,2.3883,96040035.9
1760256000000,2.3882,2.4097,2.3674,2.3956,104866597.7
1760270400000,2.3956,2.5144,2.3597,2.4869,448026101.9
1760284800000,2.4868,2.5509,2.486,2.5457,214882229.6
1760299200000,2.5457,2.5822,2.507,2.5271,153110335.1
1760313600000,2.5271,2.5727,2.5107,2.5494,135295509.2
1760328000000,2.5495,2.6355,2.5318,2.6197,290543758.5
1760342400000,2.6197,2.6413,2.5345,2.5682,313517608.5
1760356800000,2.5681,2.6153,2.5495,2.5861,394153868.2
1760371200000,2.5861,2.6387,2.5688,2.6239,226521181.7
1760385600000,2.6238,2.645,2.5959,2.6042,69446460.5
1760400000000,2.6042,2.62,2.5475,2.559,201865312.7
1760414400000,2.559,2.5642,2.4176,2.4517,488572191.3
1760428800000,2.4517,2.4742,2.4107,2.4506,238538291.3
1760443200000,2.4507,2.4973,2.3877,2.4957,241477883.1
1760457600000,2.4957,2.5354,2.4602,2.4821,226787498.2
1760472000000,2.4822,2.5114,2.4737,2.502,57701521.8
1760486400000,2.502,2.5248,2.4784,2.4871,77276916.8
1760500800000,2.4871,2.5084,2.4775,2.5059,56283966.8
1760515200000,2.5058,2.547,2.4752,2.4912,116944926.7
1760529600000,2.4911,2.511,2.4231,2.4326,201409622.3
1760544000000,2.4326,2.4483,2.4002,2.4039,125103050.7
1760558400000,2.404,2.4199,2.374,2.4097,100021465.4
1760572800000,2.4097,2.434,2.3978,2.4169,64215846.1
1760587200000,2.4169,2.4323,2.3954,2.4089,70329644.7
1760601600000,2.409,2.456,2.35,2.4511,153268694.4
1760616000000,2.4511,2.4655,2.3294,2.354,236583213.6
1760630400000,2.354,2.3979,2.3062,2.3257,213269044.6
1760644800000,2.3257,2.3349,2.2826,2.3268,122203761.5
1760659200000,2.3267,2.4008,2.3186,2.3574,135586492.7
1760673600000,2.3574,2.3592,2.231,2.2381,224595534.9
1760688000000,2.2382,2.2952,2.1881,2.2815,294011654.5
1760702400000,2.2816,2.3037,2.2393,2.2999,188691594.5
1760716800000,2.2999,2.3271,2.2762,2.296,110935648.0
1760731200000,2.296,2.3402,2.29,2.2925,73908303.9
1760745600000,2.2925,2.3426,2.2881,2.3374,61459687.6
1760760000000,2.3374,2.3745,2.3141,2.3524,74511489.2
1760774400000,2.3524,2.3779,2.3454,2.3772,59497834.0
1760788800000,2.3771,2.3899,2.3386,2.3474,94686990.7
1760803200000,2.3474,2.3708,2.332,2.3658,52402668.0
1760817600000,2.3659,2.3735,2.3493,2.3582,30298028.2
1760832000000,2.3583,2.3672,2.334,2.3672,47837664.4
1760846400000,2.3672,2.3682,2.3402,2.3468,36783164.0
1760860800000,2.3468,2.3971,2.3164,2.3738,161198232.7
1760875200000,2.3737,2.4137,2.3607,2.3996,102976029.8
1760889600000,2.3996,2.418,2.3868,2.3972,66004879.4
1760904000000,2.3973,2.4086,2.3849,2.3894,47878866.1
1760918400000,2.3894,2.4401,2.3534,2.4328,101853156.0
1760932800000,2.4328,2.4766,2.4301,2.4693,79683434.0
1760947200000,2.4693,2.4797,2.4511,2.4567,76988056.0
1760961600000,2.4567,2.4843,2.4461,2.4619,84685336.4
1760976000000,2.4619,2.5514,2.4258,2.522,175306117.9
1760990400000,2.522,2.5341,2.4818,2.4936,99331463.8
1761004800000,2.4937,2.4942,2.4473,2.4517,75612570.0
1761019200000,2.4517,2.4528,2.411,2.4252,114223027.9
1761033600000,2.4253,2.4314,2.4003,2.4306,81742308.3
1761048000000,2.4305,2.5315,2.4059,2.5215,210498575.1
1761062400000,2.5215,2.5235,2.4715,2.4922,145563404.8
1761076800000,2.4922,2.4965,2.4141,2.4212,123340643.4
1761091200000,2.4212,2.4335,2.4022,2.4191,77299660.1
1761105600000,2.4192,2.4364,2.3883,2.4085,109705800.6
1761120000000,2.4084,2.4084,2.3633,2.3948,104802454.5
1761134400000,2.3949,2.416,2.3655,2.3994,154575535.6
1761148800000,2.3994,2.4055,2.3529,2.3754,118197070.5
1761163200000,2.3754,2.3795,2.3235,2.3635,116559125.9
1761177600000,2.3636,2.386,2.3606,2.3782,44285724.3
1761192000000,2.3783,2.4184,2.376,2.4065,69835294.1
1761206400000,2.4066,2.4166,2.3881,2.3901,52225332.7
1761220800000,2.3901,2.4185,2.3732,2.4072,103507120.7
1761235200000,2.4072,2.4248,2.3906,2.4053,73360270.1
1761249600000,2.4053,2.4055,2.3759,2.3936,54399195.3
1761264000000,2.3936,2.409,2.3851,2.4052,41841711.5
1761278400000,2.4052,2.4475,2.4026,2.4395,73693556.6
1761292800000,2.4394,2.4632,2.432,2.4546,73689845.1
1761307200000,2.4547,2.5136,2.4546,2.4785,203195469.2
1761321600000,2.4785,2.5131,2.4594,2.499,99512005.8
1761336000000,2.4989,2.5147,2.4954,2.5093,58416981.4
1761350400000,2.5094,2.56,2.502,2.5392,98749620.4
1761364800000,2.5392,2.57,2.5358,2.5416,70796859.8
1761379200000,2.5415,2.5699,2.5264,2.5631,69374600.4
1761393600000,2.563,2.6193,2.5589,2.5965,128009145.7
1761408000000,2.5966,2.6537,2.5871,2.6035,109880274.5
1761422400000,2.6036,2.617,2.5882,2.5947,62095174.9
1761436800000,2.5947,2.6275,2.5911,2.6005,83140267.5
1761451200000,2.6005,2.6259,2.598,2.6228,37903206.8
1761465600000,2.6229,2.6618,2.6163,2.645,113428594.3
1761480000000,2.645,2.655,2.6282,2.6396,84453869.8
1761494400000,2.6397,2.6404,2.608,2.6136,66845147.9
1761508800000,2.6136,2.6628,2.5957,2.6449,106447069.4
1761523200000,2.6449,2.6699,2.62,2.6341,107756249.3
1761537600000,2.6341,2.6747,2.6244,2.6292,92885166.0
1761552000000,2.6292,2.6381,2.6038,2.6248,97448681.2
1761566400000,2.6248,2.6645,2.6,2.6601,144969767.2
1761580800000,2.6601,2.6969,2.6533,2.668,149356927.0
1761595200000,2.6681,2.6681,2.6219,2.6327,88225440.7
1761609600000,2.6327,2.6509,2.6069,2.6302,85998092.3
1761624000000,2.6302,2.6618,2.6109,2.6368,77898831.5
1761638400000,2.6369,2.6672,2.634,2.6401,62265711.2
1761652800000,2.6401,2.6878,2.6012,2.6343,174739171.7
1761667200000,2.6343,2.6786,2.6111,2.6412,131508566.3
1761681600000,2.6412,2.6417,2.5621,2.602,162762400.1
1761696000000,2.6019,2.6266,2.598,2.6074,68858230.2
1761710400000,2.6073,2.6346,2.6055,2.633,45441343.0
1761724800000,2.633,2.6599,2.6197,2.6488,79957783.1
1761739200000,2.6488,2.663,2.6127,2.6254,114970304.0
1761753600000,2.6254,2.6597,2.5481,2.5864,264131288.2
1761768000000,2.5864,2.617,2.5359,2.5489,121436013.0
1761782400000,2.5489,2.588,2.5271,2.5779,89104243.0
1761796800000,2.578,2.5934,2.4836,2.5823,183269411.7
1761811200000,2.5823,2.5884,2.5408,2.5432,78353163.2
1761825600000,2.5432,2.5501,2.4431,2.4524,228582226.4
1761840000000,2.4525,2.4695,2.3765,2.3841,174669317.2
1761854400000,2.3842,2.4409,2.3755,2.4378,113256312.9
1761868800000,2.4378,2.4808,2.4322,2.4695,91198398.8
1761883200000,2.4695,2.4915,2.4671,2.474,72581713.2
1761897600000,2.4739,2.5151,2.4652,2.5132,84815964.2
1761912000000,2.5131,2.5488,2.4913,2.5217,195991714.6
1761926400000,2.5216,2.5534,2.4831,2.5423,164501352.7
1761940800000,2.5423,2.5423,2.5007,2.5081,56915870.3
1761955200000,2.5082,2.5183,2.4877,2.5149,46825685.2
1761969600000,2.5149,2.5227,2.4963,2.505,37070448.5
1761984000000,2.5049,2.5139,2.4987,2.4992,41221032.9
1761998400000,2.4992,2.5052,2.4746,2.5004,69758667.7
1762012800000,2.5005,2.5138,2.4946,2.505,47921781.0
1762027200000,2.5051,2.5122,2.489,2.5043,31104221.9
1762041600000,2.5043,2.512,2.4934,2.5056,36579217.0
1762056000000,2.5056,2.5354,2.5048,2.5337,48305542.5
1762070400000,2.5338,2.5545,2.5084,2.5408,75967227.0
1762084800000,2.5407,2.5512,2.4982,2.4987,78796845.7
1762099200000,2.4988,2.5042,2.4762,2.4874,60750326.0
1762113600000,2.4873,2.5306,2.4832,2.5253,61692976.5
1762128000000,2.5254,2.5313,2.4244,2.4285,161009766.4
1762142400000,2.4285,2.452,2.3862,2.4123,132758818.8
1762156800000,2.4123,2.4266,2.38,2.4007,121756287.8
1762171200000,2.4008,2.4288,2.29,2.327,276768234.9
1762185600000,2.327,2.3941,2.3177,2.323,184597298.5
1762200000000,2.3231,2.3286,2.2616,2.308,186574350.5
1762214400000,2.3079,2.3622,2.2981,2.355,108554580.2
1762228800000,2.3551,2.364,2.2309,2.2426,243980610.4
1762243200000,2.2426,2.2833,2.2283,2.2794,138833535.9
1762257600000,2.2794,2.3256,2.2412,2.2818,188031870.3
1762272000000,2.2819,2.2949,2.1545,2.1686,360425272.2
1762286400000,2.1686,2.2279,2.0655,2.2039,437062856.0
1762300800000,2.204,2.2521,2.1007,2.2362,278128139.6
1762315200000,2.2361,2.2594,2.2255,2.2453,85939964.2
1762329600000,2.2452,2.2452,2.2037,2.2354,102198447.4
1762344000000,2.2354,2.2874,2.2292,2.275,172009926.6
1762358400000,2.2749,2.325,2.2524,2.3208,150175114.1
1762372800000,2.3208,2.376,2.3159,2.342,153726936.2
1762387200000,2.3421,2.416,2.309,2.3576,156392516.9
1762401600000,2.3577,2.3633,2.3103,2.3249,75069469.9
1762416000000,2.3248,2.3323,2.2869,2.299,96635217.1
1762430400000,2.299,2.3093,2.2266,2.2331,170212639.4
1762444800000,2.2332,2.2483,2.2012,2.2102,189674477.2
1762459200000,2.2102,2.2241,2.1782,2.2117,129556621.2
1762473600000,2.2117,2.2361,2.1905,2.2278,96573741.2
1762488000000,2.2278,2.2388,2.2101,2.232,54103582.3
1762502400000,2.232,2.2332,2.1627,2.1868,120062868.7
1762516800000,2.1868,2.2193,2.1529,2.2113,182765654.1
1762531200000,2.2113,2.3549,2.2004,2.3521,274968161.3
1762545600000,2.352,2.3727,2.3109,2.3149,136929352.8
1762560000000,2.3149,2.3378,2.2983,2.3175,103026553.7
1762574400000,2.3176,2.3356,2.2935,2.3214,76480094.1
1762588800000,2.3213,2.333,2.29,2.2946,51733695.1
1762603200000,2.2946,2.3009,2.2399,2.255,90313993.2
1762617600000,2.2549,2.278,2.2495,2.2717,58529108.0
1762632000000,2.2718,2.2888,2.2705,2.2854,35776638.5
1762646400000,2.2853,2.2859,2.2374,2.253,59786334.9
1762660800000,2.253,2.2979,2.2518,2.2945,49748767.6
1762675200000,2.2945,2.295,2.2515,2.2736,59453896.1
1762689600000,2.2736,2.3327,2.2655,2.3132,124424474.1
1762704000000,2.3133,2.3485,2.2991,2.3476,76271053.1
1762718400000,2.3476,2.3944,2.322,2.3649,91011230.8
1762732800000,2.3648,2.4765,2.3449,2.4604,156299783.5
1762747200000,2.4604,2.4924,2.4385,2.4793,91181246.8
1762761600000,2.4793,2.5725,2.4686,2.5401,161444283.5
1762776000000,2.54,2.5696,2.4968,2.5291,208341928.2
1762790400000,2.5291,2.5629,2.5124,2.548,114822138.0
1762804800000,2.5479,2.5799,2.5103,2.525,120160196.8
1762819200000,2.5251,2.5693,2.5118,2.5289,99183483.1
1762833600000,2.5289,2.5317,2.4432,2.4467,138390369.3
1762848000000,2.4467,2.469,2.4387,2.4587,68871973.6
1762862400000,2.4588,2.4698,2.4251,2.4357,109013087.5
1762876800000,2.4356,2.441,2.4086,2.4149,73713995.0
1762891200000,2.4149,2.4215,2.3779,2.3903,97426502.9
1762905600000,2.3902,2.413,2.38,2.3978,74268710.0
1762920000000,2.3978,2.407,2.3631,2.3722,58799817.7
1762934400000,2.3723,2.4375,2.371,2.4366,112398961.4
1762948800000,2.4367,2.4479,2.3624,2.3677,156954763.1
1762963200000,2.3677,2.373,2.3146,2.3363,170646651.5
1762977600000,2.3364,2.3933,2.3317,2.3864,98573249.6
1762992000000,2.3863,2.5111,2.3812,2.4824,138251640.0
1763006400000,2.4824,2.5189,2.45,2.4863,144975982.2
1763020800000,2.4864,2.5263,2.4714,2.4939,113483646.3
1763035200000,2.494,2.5181,2.42,2.4331,238143131.8
1763049600000,2.4331,2.4431,2.31,2.3135,262750594.8
1763064000000,2.3135,2.3447,2.2758,2.3211,185430306.2
1763078400000,2.3212,2.3368,2.2879,2.3135,106827421.9
1763092800000,2.3136,2.3267,2.2443,2.306,204641171.3
1763107200000,2.3059,2.3087,2.2546,2.2678,96029183.2
1763121600000,2.2678,2.3255,2.2253,2.3113,289831003.9
1763136000000,2.3113,2.3412,2.275,2.3107,156692570.2
1763150400000,2.3108,2.3153,2.2235,2.2432,126775243.5
1763164800000,2.2431,2.3017,2.2414,2.2934,62811849.4
1763179200000,2.2934,2.2958,2.2717,2.2842,45628069.8
1763193600000,2.2842,2.2856,2.2406,2.2565,60385134.4
1763208000000,2.2565,2.278,2.2436,2.2535,67420658.3
1763222400000,2.2535,2.2704,2.2265,2.2551,71233341.1
1763236800000,2.2551,2.2604,2.2095,2.2358,71040119.4
1763251200000,2.2358,2.2557,2.1873,2.2489,107310163.3
1763265600000,2.2489,2.2689,2.2377,2.2659,40954922.7
1763280000000,2.2659,2.2795,2.2289,2.2342,75455123.5
1763294400000,2.2343,2.2456,2.1813,2.1855,121696501.5
1763308800000,2.1855,2.2313,2.1542,2.2154,178277471.9
1763323200000,2.2154,2.2295,2.163,2.2137,119283365.6
1763337600000,2.2137,2.2633,2.1966,2.2564,89948864.7
1763352000000,2.2564,2.2691,2.2385,2.263,59488401.0
1763366400000,2.2631,2.2833,2.2577,2.2707,62047007.2
1763380800000,2.2707,2.3067,2.1934,2.2081,287449468.5
1763395200000,2.2081,2.2206,2.1196,2.1258,235098013.4
1763409600000,2.1257,2.1719,2.1131,2.1622,163716495.2
1763424000000,2.1623,2.176,2.1051,2.1641,195226323.7
1763438400000,2.1642,2.1774,2.1236,2.1601,123062631.2
1763452800000,2.1601,2.2014,2.1601,2.1828,103953102.9
1763467200000,2.1828,2.2288,2.149,2.2122,208060756.1
1763481600000,2.2122,2.2393,2.2,2.2271,121446799.6
1763496000000,2.2272,2.2402,2.2021,2.2162,73884265.9
1763510400000,2.2163,2.2191,2.18,2.1838,72336625.9
1763524800000,2.1837,2.1868,2.1254,2.1671,133985229.3
1763539200000,2.167,2.1689,2.1283,2.13,99875774.6
1763553600000,2.1299,2.1486,2.0804,2.0849,191137001.3
1763568000000,2.0848,2.1007,2.0285,2.036,214728617.7
1763582400000,2.036,2.1156,2.0252,2.1082,193230058.8
1763596800000,2.1083,2.1389,2.095,2.133,91415440.0
1763611200000,2.133,2.1488,2.118,2.139,85902826.2
1763625600000,2.139,2.1406,2.107,2.115,75210507.1
1763640000000,2.115,2.1443,2.0817,2.0848,197605432.9
1763654400000,2.0847,2.0872,1.9734,2.0058,373416247.4
1763668800000,2.0058,2.0514,1.9856,1.9989,154475122.7
1763683200000,1.9989,2.0298,1.9615,1.9789,149296945.8
1763697600000,1.9788,1.9953,1.8412,1.9181,280842223.7
1763712000000,1.9181,1.9559,1.8726,1.8749,285216629.6
1763726400000,1.875,1.9642,1.8201,1.9102,466703454.2
1763740800000,1.9102,1.9976,1.8851,1.9469,283703539.9
1763755200000,1.9468,1.9647,1.8985,1.95,196210965.0
1763769600000,1.9501,1.9628,1.9302,1.9478,89164433.0
1763784000000,1.9478,1.9569,1.9122,1.952,99930642.7
1763798400000,1.9519,1.9522,1.8932,1.916,125100668.1
1763812800000,1.9161,1.9384,1.8873,1.9283,99902101.6
1763827200000,1.9283,1.9503,1.9206,1.9266,58193498.1
1763841600000,1.9267,1.9666,1.9185,1.9497,51379843.7
1763856000000,1.9496,2.049,1.9484,2.029,132733062.7
1763870400000,2.029,2.0747,2.015,2.0251,136392662.6
1763884800000,2.0251,2.0508,2.0213,2.0299,70418373.0
1763899200000,2.0298,2.0653,2.0285,2.0614,113707279.5
1763913600000,2.0613,2.0791,2.0388,2.0733,102576743.6
1763928000000,2.0733,2.0845,2.041,2.0477,82893908.4
1763942400000,2.0477,2.1068,2.0226,2.0852,178372846.7
1763956800000,2.0853,2.1024,2.0441,2.0619,124076052.3
1763971200000,2.0619,2.0773,2.0366,2.0576,90143876.0
1763985600000,2.0576,2.1025,2.0473,2.0897,189848697.8
1764000000000,2.0897,2.2374,2.086,2.2338,296043862.0
1764014400000,2.2338,2.285,2.2204,2.227,209326768.8
1764028800000,2.227,2.2638,2.2249,2.242,110275784.0
1764043200000,2.242,2.258,2.2146,2.2158,90377006.0
1764057600000,2.2159,2.2205,2.1841,2.1948,136828400.6
1764072000000,2.1948,2.2336,2.158,2.1871,208935506.7
1764086400000,2.1871,2.209,2.147,2.1711,124764820.3
1764100800000,2.171,2.2166,2.1628,2.201,112745627.7
1764115200000,2.2009,2.2127,2.1717,2.1756,59666336.5
1764129600000,2.1757,2.2057,2.1696,2.2045,52713168.0
1764144000000,2.2045,2.2059,2.1667,2.1698,66185359.7
1764158400000,2.1697,2.1793,2.1429,2.1713,135962758.1
1764172800000,2.1713,2.2536,2.17,2.2316,155172031.6
1764187200000,2.2315,2.2346,2.2104,2.222,59308486.8
1764201600000,2.2219,2.2334,2.2054,2.209,68111907.6
1764216000000,2.209,2.2203,2.1934,2.2037,46144425.5
1764230400000,2.2037,2.2082,2.1828,2.1881,53157567.2
1764244800000,2.1881,2.202,2.1709,2.2014,65892717.1
1764259200000,2.2013,2.2298,2.197,2.2226,69374212.5
1764273600000,2.2226,2.2329,2.1947,2.1989,60370139.0
1764288000000,2.1989,2.2038,2.1645,2.1844,74493311.5
1764302400000,2.1845,2.2212,2.18,2.1959,67395428.4
1764316800000,2.1959,2.2491,2.1834,2.1955,135605513.1
1764331200000,2.1955,2.2747,2.1872,2.2444,206289229.3
1764345600000,2.2445,2.2507,2.1549,2.1865,180922691.8
1764360000000,2.1864,2.1909,2.17,2.1782,52348456.9
1764374400000,2.1782,2.1868,2.1708,2.1845,39086982.2
1764388800000,2.1845,2.1884,2.1643,2.1786,43845794.1
1764403200000,2.1786,2.2138,2.1724,2.21,54414612.1
1764417600000,2.21,2.223,2.1912,2.2174,86035306.6
1764432000000,2.2174,2.2208,2.1884,2.1928,67093958.7
1764446400000,2.1927,2.2143,2.1859,2.1998,35042616.5
1764460800000,2.1998,2.212,2.187,2.2056,38914027.3
1764475200000,2.2055,2.2086,2.1901,2.1981,29474718.1
1764489600000,2.1981,2.2096,2.1806,2.1867,50516180.3
1764504000000,2.1867,2.2068,2.1832,2.1952,61259838.0
1764518400000,2.1953,2.2139,2.1939,2.1981,51723940.9
1764532800000,2.1981,2.2022,2.1502,2.1537,74690416.7
1764547200000,2.1537,2.1598,2.0413,2.049,289955003.9
1764561600000,2.0489,2.0571,2.0155,2.0549,121697736.9
1764576000000,2.0549,2.0592,2.03,2.033,71547898.5
1764590400000,2.033,2.0484,1.9825,2.0064,226715956.7
1764604800000,2.0065,2.0114,1.9853,1.9933,126620276.7
1764619200000,1.9932,2.045,1.9927,2.0286,151286161.8
1764633600000,2.0287,2.0428,2.0013,2.0197,86883750.8
1764648000000,2.0197,2.0271,2.0082,2.0161,59513124.0
1764662400000,2.016,2.0407,1.9937,2.0353,89738573.5
1764676800000,2.0353,2.1644,2.0253,2.1542,233853551.5
1764691200000,2.1542,2.1825,2.1335,2.1731,150475661.0
1764705600000,2.173,2.1771,2.147,2.1526,108941801.3
1764720000000,2.1525,2.1904,2.1406,2.1753,91732107.6
1764734400000,2.1753,2.2186,2.1719,2.1907,101355360.9
1764748800000,2.1908,2.1945,2.1659,2.1754,67032283.3
1764763200000,2.1754,2.198,2.1409,2.1681,148940131.4
1764777600000,2.168,2.192,2.1583,2.1851,66162688.3
1764792000000,2.1851,2.2135,2.181,2.1965,99048096.0
1764806400000,2.1965,2.2141,2.1861,2.1941,67732810.2
1764820800000,2.1941,2.1996,2.165,2.1715,63483003.8
1764835200000,2.1715,2.178,2.1415,2.15,73619092.3
1764849600000,2.15,2.1563,2.1133,2.1517,154166314.3
1764864000000,2.1517,2.1567,2.0679,2.0962,161399149.9
1764878400000,2.0962,2.1099,2.0847,2.0949,76121506.6
1764892800000,2.0949,2.1118,2.0863,2.0897,46392564.9
1764907200000,2.0898,2.0976,2.0752,2.092,51817498.3
1764921600000,2.092,2.0925,2.0526,2.0678,82155684.4
1764936000000,2.0678,2.0988,2.0555,2.0748,111924936.7
1764950400000,2.0748,2.0767,2.011,2.0363,156553306.7
1764964800000,2.0362,2.0368,2.0184,2.0333,47216542.0
1764979200000,2.0334,2.0411,2.0162,2.0375,40302491.3
1764993600000,2.0375,2.0491,2.0268,2.0292,31267080.1
1765008000000,2.0293,2.0321,2.0138,2.031,35885602.2
1765022400000,2.031,2.0467,2.0206,2.0287,51099190.5
1765036800000,2.0286,2.038,2.0191,2.0241,34135994.3
1765051200000,2.0241,2.0358,2.0214,2.0298,22901089.4
1765065600000,2.0298,2.0707,2.0281,2.067,45057772.4
1765080000000,2.0671,2.0727,2.0263,2.0297,48365939.3
1765094400000,2.0297,2.0349,2.0226,2.0325,34746819.7
1765108800000,2.0326,2.0551,1.9877,2.0515,141329530.9
1765123200000,2.0516,2.1098,2.0366,2.0862,131312350.4
1765137600000,2.0862,2.0927,2.0106,2.0426,106755931.9
1765152000000,2.0427,2.09,2.0304,2.071,74775781.4
1765166400000,2.071,2.0936,2.0682,2.0855,45933692.8
1765180800000,2.0855,2.1233,2.0799,2.0897,81074985.3
1765195200000,2.0896,2.1112,2.0667,2.0746,123987956.0
1765209600000,2.0747,2.0867,2.0609,2.077,78918998.4
1765224000000,2.077,2.0931,2.0683,2.0711,56136512.4
1765238400000,2.0712,2.0816,2.0561,2.0687,59246207.3
1765252800000,2.0688,2.0693,2.0398,2.0604,49157915.4
1765267200000,2.0604,2.0697,2.0446,2.0679,38647910.4
1765281600000,2.068,2.119,2.0476,2.1148,158329949.0
1765296000000,2.1148,2.1774,2.1144,2.1323,200155979.0
1765310400000,2.1322,2.1335,2.0842,2.1051,93195902.2
1765324800000,2.105,2.1088,2.0806,2.0821,44006649.6
1765339200000,2.0821,2.0957,2.0752,2.0834,41398304.9
1765353600000,2.0833,2.0974,2.0625,2.0707,72477169.8
1765368000000,2.0707,2.0724,2.0543,2.0605,69451583.5
1765382400000,2.0606,2.087,2.0328,2.0674,145169382.6
1765396800000,2.0674,2.1093,2.0329,2.0406,125187329.5
1765411200000,2.0406,2.0457,1.9911,1.998,104966732.1
1765425600000,1.9981,2.018,1.9937,2.0056,53827350.5
1765440000000,2.0056,2.0173,1.999,2.0071,42320544.8
1765454400000,2.007,2.0137,1.974,1.9953,139743936.9
1765468800000,1.9954,2.0252,1.9826,2.0101,110532030.5
1765483200000,2.0101,2.0559,2.0045,2.033,103654294.3
1765497600000,2.033,2.0423,2.0143,2.0306,50637471.9
1765512000000,2.0306,2.0425,2.0224,2.0363,38643526.2
1765526400000,2.0363,2.045,2.0242,2.0412,36533214.1
1765540800000,2.0411,2.0471,1.9662,1.9768,137507458.7
1765555200000,1.9768,2.0242,1.9716,2.0019,160692962.4
1765569600000,2.002,2.0181,1.9956,2.0063,37546841.2
1765584000000,2.0064,2.0238,2.0055,2.0214,28672182.4
1765598400000,2.0214,2.0476,2.0214,2.0277,52159431.3
1765612800000,2.0277,2.0423,2.0277,2.0325,34405833.2
1765627200000,2.0325,2.0429,2.027,2.0291,40742947.1
1765641600000,2.029,2.0327,2.014,2.0187,34022534.1
1765656000000,2.0186,2.0244,2.0071,2.0215,27345684.3
1765670400000,2.0214,2.0293,2.016,2.0232,22223931.1
1765684800000,2.0231,2.0244,2.0089,2.0183,25343767.6
1765699200000,2.0183,2.0223,1.9885,1.9998,54947558.3
1765713600000,1.9998,2.0069,1.986,1.99,57688148.1
1765728000000,1.99,2.0037,1.9806,1.987,44020131.2
1765742400000,1.9869,1.9967,1.946,1.977,75199017.9
1765756800000,1.9771,2.0133,1.9732,1.994,65750139.0
1765771200000,1.994,2.0045,1.9914,1.9942,35392750.8
1765785600000,1.9942,2.0014,1.9826,1.9867,39054760.0
1765800000000,1.9867,1.9869,1.9112,1.9239,236244494.3
1765814400000,1.924,1.9294,1.8661,1.8945,185170468.6
1765828800000,1.8945,1.8981,1.878,1.8965,94522282.9
1765843200000,1.8965,1.8969,1.8538,1.8714,104748805.4
1765857600000,1.8714,1.8967,1.8506,1.8743,61717059.8
1765872000000,1.8744,1.924,1.8729,1.9195,73063210.3
1765886400000,1.9195,1.9481,1.898,1.94,163410742.5
1765900800000,1.9399,1.942,1.913,1.9258,84839244.5
1765915200000,1.9258,1.9325,1.9174,1.9286,39179766.5
1765929600000,1.9286,1.9393,1.9116,1.9245,65043959.1
1765944000000,1.9244,1.931,1.9051,1.9224,53750317.1
1765958400000,1.9224,1.9227,1.8954,1.9122,47701888.3
1765972800000,1.9123,1.9864,1.9026,1.91,241976140.5
1765987200000,1.91,1.922,1.846,1.8639,197702770.1
1766001600000,1.8639,1.8829,1.8537,1.8614,74645460.2
1766016000000,1.8613,1.8714,1.8505,1.8548,54576080.4
1766030400000,1.8547,1.8608,1.8253,1.8403,77407240.9
1766044800000,1.8403,1.8796,1.8367,1.8772,80238648.2
1766059200000,1.8773,1.9333,1.8709,1.919,218439925.5
1766073600000,1.9189,1.9201,1.7987,1.8052,220169797.9
1766088000000,1.8052,1.8239,1.7975,1.8067,117024704.9
1766102400000,1.8067,1.8525,1.7703,1.839,177918602.1
1766116800000,1.839,1.8758,1.8241,1.8665,117581229.5
1766131200000,1.8665,1.8711,1.8584,1.8696,56596284.2
1766145600000,1.8697,1.9043,1.8621,1.8746,150796851.3
1766160000000,1.8746,1.9175,1.8722,1.9068,135362647.1
1766174400000,1.9068,1.9214,1.8993,1.9082,65414423.8
1766188800000,1.9083,1.9091,1.8923,1.9031,41606389.3
1766203200000,1.903,1.9177,1.8975,1.9131,32530624.1
1766217600000,1.9131,1.9577,1.9129,1.9425,107724936.5
1766232000000,1.9425,1.947,1.9132,1.9204,80602402.6
1766246400000,1.9204,1.9308,1.9184,1.9242,29223620.3
1766260800000,1.9241,1.937,1.9227,1.9323,22119819.2
1766275200000,1.9324,1.941,1.9162,1.9287,54481406.4
1766289600000,1.9288,1.9296,1.9179,1.9243,20602745.4
1766304000000,1.9244,1.949,1.9211,1.9327,51216419.5
1766318400000,1.9328,1.9374,1.8937,1.9037,107700432.9
1766332800000,1.9037,1.9187,1.8982,1.9171,50003856.6
1766347200000,1.9171,1.9261,1.9046,1.9211,31376907.8
1766361600000,1.9212,1.9488,1.9016,1.9193,77013979.2
1766376000000,1.9193,1.9284,1.9126,1.9263,37744134.0
1766390400000,1.9263,1.9376,1.9135,1.9339,65429897.1
1766404800000,1.934,1.9466,1.9167,1.9334,97494053.0
1766419200000,1.9334,1.942,1.9009,1.901,87260459.1
1766433600000,1.901,1.908,1.8905,1.9033,71057160.0
1766448000000,1.9032,1.9089,1.883,1.8915,51965875.3
1766462400000,1.8915,1.8967,1.8725,1.8801,54240666.6
1766476800000,1.8801,1.9046,1.8746,1.9041,52756490.8
1766491200000,1.904,1.9042,1.8616,1.8805,118538221.3
1766505600000,1.8805,1.8929,1.8663,1.8816,64518927.9
1766520000000,1.8817,1.8943,1.8709,1.8725,50200312.0
1766534400000,1.8726,1.8775,1.8438,1.8606,70845260.5
1766548800000,1.8606,1.8669,1.836,1.8536,66829802.2
1766563200000,1.8536,1.8748,1.8506,1.868,46214285.2
1766577600000,1.8679,1.8768,1.8506,1.8626,71280362.9
1766592000000,1.8627,1.8709,1.8479,1.861,60757790.8
1766606400000,1.8609,1.8691,1.8589,1.8618,25520900.2
1766620800000,1.8618,1.8735,1.8555,1.8693,29481722.3
1766635200000,1.8693,1.8762,1.8653,1.8735,21356430.7
1766649600000,1.8735,1.8804,1.8524,1.858,48174230.5
1766664000000,1.858,1.8898,1.8542,1.8822,57677574.8
1766678400000,1.8822,1.8829,1.8639,1.8722,35501658.4
1766692800000,1.8723,1.8726,1.8274,1.8315,68355293.7
1766707200000,1.8314,1.8803,1.8234,1.864,114003129.3
1766721600000,1.8639,1.8824,1.8543,1.8634,60656192.1
1766736000000,1.8634,1.88,1.8618,1.8706,39279396.2
1766750400000,1.8706,1.8789,1.8249,1.8366,148135958.1
1766764800000,1.8367,1.8495,1.8323,1.8448,54483322.3
1766779200000,1.8448,1.8595,1.8414,1.8428,33143220.9
1766793600000,1.8429,1.8528,1.8407,1.8505,27305662.7
1766808000000,1.8506,1.8522,1.8453,1.8468,12874188.0
1766822400000,1.8467,1.8548,1.8436,1.8503,21005802.4
1766836800000,1.8502,1.8525,1.8423,1.8486,21428926.6
1766851200000,1.8487,1.8567,1.8421,1.8551,68544670.3
1766865600000,1.8551,1.8786,1.8523,1.8727,42618894.0
1766880000000,1.8726,1.8775,1.868,1.8738,22894999.8
1766894400000,1.8737,1.8789,1.8713,1.8728,22199384.8
1766908800000,1.8729,1.8764,1.8617,1.8712,28835389.8
1766923200000,1.8712,1.8761,1.8643,1.8692,25707529.0
1766937600000,1.8691,1.8722,1.8517,1.8564,42003714.5
1766952000000,1.8563,1.8706,1.8531,1.8646,26305886.6
1766966400000,1.8646,1.9167,1.8619,1.9141,83582863.4
1766980800000,1.9141,1.917,1.8906,1.9002,57573350.8
1766995200000,1.9002,1.9043,1.865,1.8708,80764323.6
1767009600000,1.8708,1.8779,1.8541,1.8641,89966558.3
1767024000000,1.8641,1.868,1.8478,1.8522,48537828.3
1767038400000,1.8522,1.8562,1.844,1.8494,37095870.3
1767052800000,1.8494,1.862,1.8424,1.8598,36690045.0
1767067200000,1.8598,1.8665,1.8538,1.8591,30738408.7
1767081600000,1.8592,1.8711,1.8586,1.8612,37641496.3
1767096000000,1.8612,1.8786,1.8528,1.8768,59478375.0
1767110400000,1.8768,1.8857,1.8688,1.8754,76836894.9
1767124800000,1.8754,1.8778,1.8652,1.8765,29408619.3
1767139200000,1.8765,1.8834,1.8687,1.8711,29283583.0
1767153600000,1.8712,1.875,1.8661,1.8717,21786928.2
1767168000000,1.8717,1.8807,1.8646,1.878,42296360.5
1767182400000,1.8779,1.8824,1.852,1.8584,69779799.5
1767196800000,1.8584,1.8592,1.8251,1.8272,113966952.7
1767211200000,1.8273,1.8471,1.8106,1.8411,74906682.0
1767225600000,1.8411,1.8486,1.8328,1.8335,32057165.3
1767240000000,1.8334,1.8545,1.8247,1.8413,43575300.8
1767254400000,1.8413,1.8554,1.8405,1.8543,28477504.1
1767268800000,1.8544,1.8665,1.8502,1.8618,43480609.4
1767283200000,1.8617,1.8747,1.8544,1.8733,47271428.2
1767297600000,1.8733,1.8803,1.8664,1.8791,38057130.0
1767312000000,1.8792,1.8921,1.868,1.8882,49127138.5
1767326400000,1.8882,1.8899,1.8701,1.8713,30382970.0
1767340800000,1.8713,1.9088,1.8708,1.8905,69782591.3
1767355200000,1.8906,1.9246,1.8868,1.9178,119939351.1
1767369600000,1.9177,1.9973,1.9147,1.991,218900145.8
1767384000000,1.9911,2.0307,1.9767,2.0061,117702184.2
1767398400000,2.0061,2.0417,2.006,2.0393,67688873.5
1767412800000,2.0393,2.0553,1.9834,1.9935,107933515.1
1767427200000,1.9935,2.021,1.9916,1.9986,61585740.1
1767441600000,1.9986,2.0177,1.9929,2.0055,52251924.5
1767456000000,2.0055,2.0104,1.9956,2.0066,33210546.5
1767470400000,2.0066,2.0178,1.9981,2.017,29151292.2
1767484800000,2.017,2.0609,2.0151,2.0567,92754703.5
1767499200000,2.0567,2.0807,2.0516,2.071,89381285.9
1767513600000,2.071,2.0964,2.0581,2.094,85766056.8
1767528000000,2.094,2.1199,2.08,2.0894,127936450.0
1767542400000,2.0895,2.1025,2.0715,2.0838,61414725.9
1767556800000,2.0838,2.102,2.078,2.0896,44158597.7
1767571200000,2.0896,2.1658,2.0865,2.1418,138893733.8
1767585600000,2.1419,2.1452,2.1083,2.133,70019469.8
1767600000000,2.1329,2.1519,2.1242,2.1324,69327267.0
1767614400000,2.1324,2.1687,2.1108,2.1641,130982056.7
1767628800000,2.1642,2.2814,2.1634,2.2771,287470579.9
1767643200000,2.2772,2.368,2.2751,2.3471,304181701.5
1767657600000,2.3471,2.4175,2.3161,2.3851,267095607.3
1767672000000,2.3852,2.4067,2.3211,2.3297,192505076.8
1767686400000,2.3297,2.3764,2.3246,2.3762,114816150.2
1767700800000,2.3762,2.399,2.3338,2.3482,202836490.2
1767715200000,2.3481,2.3539,2.2035,2.227,420639366.9
1767729600000,2.2271,2.31,2.2268,2.3029,148865563.9
1767744000000,2.3028,2.3193,2.2558,2.2658,147053989.3
1767758400000,2.2659,2.2858,2.2436,2.2791,79392776.7
1767772800000,2.2791,2.2905,2.2317,2.2491,118696618.5
1767787200000,2.2491,2.2548,2.1826,2.1946,188665816.8
1767801600000,2.1945,2.2223,2.1701,2.1929,124745815.3
1767816000000,2.1929,2.1981,2.151,2.1648,111658591.4
1767830400000,2.1649,2.1911,2.1437,2.1491,118213475.5
1767844800000,2.149,2.1719,2.0962,2.1185,157145826.6
1767859200000,2.1184,2.1329,2.08,2.0913,138825826.8
1767873600000,2.0913,2.1271,2.065,2.1255,218979506.4
1767888000000,2.1255,2.1679,2.1107,2.1345,181561349.8
1767902400000,2.1345,2.1473,2.1116,2.1221,87630014.7
1767916800000,2.1222,2.1418,2.1076,2.1346,73845331.8
1767931200000,2.1347,2.1463,2.1183,2.1191,55086489.6
1767945600000,2.1192,2.1226,2.0712,2.1017,128248058.1
1767960000000,2.1018,2.161,2.0779,2.1169,185611109.6
1767974400000,2.1168,2.1445,2.0745,2.0817,139924488.8
1767988800000,2.0817,2.1008,2.0747,2.0946,44580316.5
1768003200000,2.0946,2.1005,2.0861,2.0899,27168012.5
1768017600000,2.0899,2.0997,2.0791,2.0993,33527977.1
1768032000000,2.0994,2.1043,2.0891,2.1017,30184792.3
1768046400000,2.1018,2.1097,2.0861,2.0919,38432024.4
1768060800000,2.0918,2.1001,2.0867,2.0933,28115570.7
1768075200000,2.0933,2.0949,2.0816,2.0897,21280704.9
1768089600000,2.0896,2.0952,2.0852,2.0943,22165485.8
1768104000000,2.0943,2.098,2.085,2.0914,25050606.7
1768118400000,2.0914,2.0974,2.0869,2.0951,21168878.0
1768132800000,2.0951,2.109,2.0827,2.0881,65725600.0
1768147200000,2.0881,2.1025,2.0832,2.0855,50410620.1
1768161600000,2.0855,2.0855,2.0433,2.0731,132556592.0
1768176000000,2.0731,2.1068,2.0355,2.0817,161148419.2
1768190400000,2.0817,2.0941,2.0506,2.0524,81687149.4
1768204800000,2.0524,2.0595,2.0335,2.0473,86952105.6
1768219200000,2.0473,2.0933,2.0394,2.0927,117592388.8
1768233600000,2.0928,2.1079,2.0525,2.069,113922998.8
1768248000000,2.069,2.0749,2.038,2.0526,60763703.6
1768262400000,2.0526,2.063,2.0464,2.049,40218783.3
1768276800000,2.0491,2.08,2.0486,2.0528,62615702.0
1768291200000,2.0528,2.0738,2.0521,2.0595,46693288.7
1768305600000,2.0594,2.1008,2.055,2.0975,143382314.9
1768320000000,2.0974,2.1388,2.0831,2.1384,151723907.1
1768334400000,2.1384,2.184,2.1173,2.1645,189420455.1
1768348800000,2.1645,2.1917,2.156,2.1829,100589974.8
1768363200000,2.1828,2.1855,2.1326,2.1477,106205045.5
1768377600000,2.1477,2.1531,2.1111,2.115,93375147.8
1768392000000,2.1151,2.1731,2.1102,2.1547,174892021.4
1768406400000,2.1547,2.1758,2.1236,2.1454,145774896.2
1768420800000,2.1454,2.1608,2.1305,2.1385,58822916.0
1768435200000,2.1385,2.1427,2.0809,2.0874,98733963.6
1768449600000,2.0873,2.1055,2.0852,2.1002,53287605.2
1768464000000,2.1002,2.1218,2.0947,2.1108,60876784.1
1768478400000,2.1108,2.1317,2.0671,2.0949,145766184.8
1768492800000,2.0948,2.0985,2.052,2.0644,95445390.1
1768507200000,2.0644,2.0794,2.0568,2.0774,48007417.1
1768521600000,2.0774,2.0854,2.0633,2.0637,42409054.2
1768536000000,2.0636,2.0765,2.0563,2.0724,42035039.2
1768550400000,2.0724,2.0801,2.0573,2.0641,42367137.6
1768564800000,2.0641,2.0671,2.025,2.031,105733573.9
1768579200000,2.031,2.056,2.0282,2.0539,57577067.0
1768593600000,2.054,2.0789,2.0467,2.0668,60238946.1
1768608000000,2.0668,2.0691,2.0529,2.0548,30507882.6
1768622400000,2.0547,2.0652,2.0539,2.0571,21587759.1
1768636800000,2.057,2.0664,2.0546,2.0607,26964447.4
1768651200000,2.0607,2.082,2.0569,2.0805,62278956.6
1768665600000,2.0806,2.0826,2.0676,2.0724,45843846.5
1768680000000,2.0723,2.0745,2.058,2.0623,27026081.4
1768694400000,2.0623,2.067,2.0465,2.0573,45235577.8
1768708800000,2.0574,2.059,2.0458,2.0511,32345693.8
1768723200000,2.0512,2.0606,2.049,2.0536,20727863.3
1768737600000,2.0537,2.0594,2.0434,2.0494,34007505.9
1768752000000,2.0495,2.0653,2.0449,2.0527,54017247.0
1768766400000,2.0528,2.0634,1.9843,1.9904,132210077.1
1768780800000,1.9904,1.9904,1.8406,1.9657,313961902.1
1768795200000,1.9657,1.9731,1.9518,1.9617,77593315.2
1768809600000,1.9618,1.9829,1.9577,1.9717,53360163.1
1768824000000,1.9717,1.9844,1.9632,1.9804,43218560.4
1768838400000,1.9804,2.0289,1.9792,2.0126,88965188.9
1768852800000,2.0127,2.016,1.9783,1.985,69253419.9
1768867200000,1.9851,1.9899,1.9544,1.9614,73300376.5
1768881600000,1.9613,1.9731,1.9404,1.9483,84992133.9
1768896000000,1.9483,1.9529,1.9184,1.9282,113178714.4
1768910400000,1.9282,1.939,1.9074,1.9162,138430531.5
1768924800000,1.9163,1.9268,1.8931,1.9015,104338513.6
1768939200000,1.9014,1.9107,1.8677,1.8889,115239407.9
1768953600000,1.8889,1.9174,1.888,1.9017,71195810.8
1768968000000,1.9018,1.9257,1.8996,1.9087,59884605.0
1768982400000,1.9087,1.9149,1.8859,1.889,73966392.8
1768996800000,1.8889,1.9598,1.8788,1.957,184498692.2
1769011200000,1.9569,1.9837,1.87,1.9725,241452746.8
1769025600000,1.9726,1.9889,1.9383,1.9466,119647248.1
1769040000000,1.9465,1.9675,1.9411,1.9468,54912712.1
1769054400000,1.9467,1.9589,1.9455,1.9468,32096140.1
1769068800000,1.9469,1.9637,1.9415,1.943,51033534.4
1769083200000,1.943,1.9489,1.9001,1.9135,128631753.4
1769097600000,1.9136,1.9349,1.9026,1.9314,73790366.2
1769112000000,1.9314,1.9329,1.915,1.9226,44714787.1
1769126400000,1.9226,1.9254,1.908,1.9151,32495543.8
1769140800000,1.9151,1.925,1.9021,1.9132,41328375.3
1769155200000,1.9133,1.9148,1.9008,1.9128,45218877.4
1769169600000,1.9129,1.9222,1.8862,1.9206,86328131.5
1769184000000,1.9207,1.9649,1.9191,1.9227,146872558.7
1769198400000,1.9226,1.9326,1.9068,1.9186,78257172.8
1769212800000,1.9187,1.9263,1.9152,1.9224,23208915.4
1769227200000,1.9223,1.9268,1.9157,1.9179,19698475.6
1769241600000,1.9179,1.9206,1.9134,1.916,20396841.2
1769256000000,1.916,1.9235,1.9114,1.9118,32256330.9
1769270400000,1.9119,1.92,1.909,1.9156,29821611.4
1769284800000,1.9156,1.9224,1.9133,1.9135,16085333.0
1769299200000,1.9136,1.9161,1.8972,1.8996,37530427.2
1769313600000,1.8996,1.903,1.893,1.8939,26371347.9
1769328000000,1.8939,1.9115,1.8857,1.9011,46948141.0
1769342400000,1.9011,1.9024,1.8829,1.8866,48812623.5
1769356800000,1.8867,1.8867,1.8095,1.817,228910264.6
1769371200000,1.817,1.8398,1.8115,1.8344,101582957.8
1769385600000,1.8344,1.8878,1.8319,1.8686,104021283.0
1769400000000,1.8685,1.894,1.8685,1.8809,56559569.1
1769414400000,1.881,1.8974,1.8755,1.8908,59350626.7
1769428800000,1.8907,1.9454,1.8907,1.9246,168881430.1
1769443200000,1.9246,1.9378,1.8983,1.9067,120839704.5
1769457600000,1.9068,1.9119,1.8878,1.9031,78737934.9
1769472000000,1.9031,1.9159,1.8967,1.9086,46695380.1
1769486400000,1.9087,1.9169,1.8937,1.8986,36874004.4
1769500800000,1.8986,1.9019,1.8808,1.888,51865185.3
1769515200000,1.888,1.8958,1.8729,1.8922,80341145.1
1769529600000,1.8921,1.9155,1.8755,1.9062,137422489.7
1769544000000,1.9061,1.9287,1.9049,1.9147,81323721.2
1769558400000,1.9148,1.9184,1.8933,1.9009,46449836.2
1769572800000,1.9008,1.9241,1.8955,1.9152,48257526.3
1769587200000,1.9152,1.9417,1.9053,1.9408,64288439.7
1769601600000,1.9407,1.9414,1.9,1.9065,100749078.4
1769616000000,1.9066,1.9275,1.8996,1.9187,90287395.2
1769630400000,1.9186,1.932,1.9062,1.9104,62208331.2
1769644800000,1.9103,1.9128,1.8688,1.8746,84955446.3
1769659200000,1.8747,1.8883,1.8641,1.8845,51470219.6
1769673600000,1.8845,1.8889,1.8664,1.8701,55469751.6
1769688000000,1.8702,1.877,1.7845,1.8,263170611.5
1769702400000,1.8,1.8415,1.7767,1.7882,225509883.8
1769716800000,1.7882,1.8125,1.7845,1.8065,69915488.2
1769731200000,1.8066,1.8114,1.7043,1.7467,241766633.1
1769745600000,1.7467,1.7715,1.7289,1.7578,107428136.8
1769760000000,1.7578,1.7739,1.7326,1.7685,87321370.0
1769774400000,1.7685,1.7809,1.7389,1.7573,211519759.4
1769788800000,1.7572,1.7835,1.7106,1.7704,204178745.4
1769803200000,1.7705,1.7708,1.7164,1.7337,158333624.7
1769817600000,1.7337,1.7536,1.7316,1.7435,63341559.0
1769832000000,1.7435,1.7474,1.7109,1.7182,73269284.8
1769846400000,1.7182,1.7215,1.679,1.7012,144319849.6
1769860800000,1.7011,1.7012,1.612,1.6342,308519395.1
1769875200000,1.6343,1.6488,1.501,1.5817,639341194.8
1769889600000,1.5817,1.6532,1.5704,1.646,175415158.6
1769904000000,1.6459,1.6797,1.6423,1.6656,115134513.1
1769918400000,1.6657,1.673,1.6463,1.6584,85911758.1
1769932800000,1.6585,1.677,1.6314,1.6491,103380575.0
1769947200000,1.6491,1.6518,1.5754,1.5942,207938482.7
1769961600000,1.5943,1.6261,1.581,1.5989,140299990.5
1769976000000,1.5988,1.6136,1.5516,1.5901,262191375.5
1769990400000,1.5901,1.6179,1.5297,1.5806,292750494.6
1770004800000,1.5806,1.5996,1.5295,1.5787,286949201.2
1770019200000,1.5787,1.6263,1.5787,1.6206,123451111.5
1770033600000,1.6206,1.6544,1.6198,1.6416,203717442.0
1770048000000,1.6416,1.6566,1.6242,1.625,85267649.1
1770062400000,1.6249,1.6329,1.6116,1.6189,60546387.4
1770076800000,1.6189,1.6212,1.5868,1.6125,95834609.6
1770091200000,1.6125,1.624,1.598,1.6165,80971997.0
1770105600000,1.6165,1.6247,1.5942,1.6021,90569359.8
1770120000000,1.6022,1.621,1.5781,1.6175,187865019.1
1770134400000,1.6175,1.6178,1.5263,1.5803,313490693.6
1770148800000,1.5804,1.6344,1.5655,1.5782,194051454.1
1770163200000,1.5782,1.6046,1.5661,1.5984,88267454.3
1770177600000,1.5983,1.6077,1.5819,1.6045,78683849.0
1770192000000,1.6046,1.6116,1.5781,1.5915,88488602.5
1770206400000,1.5915,1.5973,1.5283,1.5429,232067062.5
1770220800000,1.543,1.5563,1.5028,1.5538,312587763.1
1770235200000,1.5537,1.5554,1.4934,1.5111,176950449.4
1770249600000,1.5111,1.5144,1.4386,1.4424,308362489.9
1770264000000,1.4425,1.4582,1.4171,1.4316,221287786.1
1770278400000,1.4317,1.4443,1.3416,1.3646,388067990.0
1770292800000,1.3645,1.3861,1.2677,1.2959,591415648.0
1770307200000,1.296,1.3126,1.207,1.2127,758583172.7
1770321600000,1.2127,1.2643,1.137,1.2136,1018799118.4
1770336000000,1.2136,1.2931,1.1174,1.2691,777060812.2
1770350400000,1.2691,1.334,1.2618,1.2913,392099466.4
1770364800000,1.2912,1.3872,1.2835,1.3671,404583163.9
1770379200000,1.367,1.5416,1.3563,1.5117,678557501.8
1770393600000,1.5118,1.5343,1.4369,1.4556,501727438.4
1770408000000,1.4557,1.4968,1.4376,1.4684,252530771.1
1770422400000,1.4683,1.4869,1.4322,1.4725,292879738.2
1770436800000,1.4725,1.4842,1.406,1.4129,285417283.8
1770451200000,1.4129,1.4281,1.3848,1.3915,245879200.1
1770465600000,1.3915,1.4397,1.39,1.4098,289200695.9
1770480000000,1.4098,1.4473,1.4041,1.4298,313625635.9
1770494400000,1.4298,1.4405,1.4121,1.4224,73593449.4
1770508800000,1.4225,1.4411,1.4125,1.4161,95395595.0
1770523200000,1.4161,1.4253,1.4087,1.42,62720260.9
1770537600000,1.42,1.4624,1.4183,1.4516,192191498.8
1770552000000,1.4516,1.4685,1.429,1.4389,162675474.6
1770566400000,1.4389,1.4521,1.4087,1.4489,125982651.5
1770580800000,1.449,1.4624,1.4215,1.4299,131325912.5
1770595200000,1.4298,1.4538,1.4179,1.4512,137475524.4
1770609600000,1.4512,1.4547,1.42,1.4245,103748092.4
1770624000000,1.4244,1.4287,1.3721,1.3926,238494984.6
1770638400000,1.3926,1.4494,1.3922,1.4453,245377076.4
1770652800000,1.4453,1.4636,1.4323,1.4516,183344739.2
1770667200000,1.4516,1.4578,1.4344,1.4363,78481132.1
1770681600000,1.4364,1.4529,1.4271,1.4344,83498194.8
1770696000000,1.4343,1.4515,1.4132,1.4213,108474770.7
1770710400000,1.4213,1.435,1.405,1.4071,111620585.2
1770724800000,1.407,1.4246,1.3916,1.406,191240532.8
1770739200000,1.4059,1.4283,1.3931,1.3998,126499644.4
1770753600000,1.3998,1.4041,1.3904,1.3988,68889243.5
1770768000000,1.3988,1.4197,1.393,1.4034,84140817.8
1770782400000,1.4034,1.408,1.3572,1.3657,175754761.2
1770796800000,1.3657,1.3801,1.3545,1.3782,129277256.1
1770811200000,1.3782,1.4092,1.345,1.3533,375934873.7
1770825600000,1.3532,1.3864,1.341,1.3783,194610782.0
1770840000000,1.3782,1.3969,1.3587,1.369,107144851.3
1770854400000,1.369,1.3862,1.3675,1.3745,75399670.6
1770868800000,1.3744,1.388,1.371,1.381,66763467.0
1770883200000,1.3811,1.4075,1.3761,1.4006,97080723.2
1770897600000,1.4006,1.4022,1.3739,1.3747,146140781.3
1770912000000,1.3748,1.3791,1.3451,1.3638,211007743.8
1770926400000,1.3638,1.3697,1.3478,1.3627,84336866.5
1770940800000,1.3627,1.3713,1.3482,1.3648,75064615.1
1770955200000,1.3648,1.368,1.3472,1.3531,62129241.8
1770969600000,1.3531,1.3731,1.3512,1.3672,84244199.7
1770984000000,1.3672,1.4211,1.3589,1.4036,231358046.2
1770998400000,1.4037,1.4283,1.3988,1.4104,118382910.0
1771012800000,1.4105,1.416,1.3974,1.4061,54775356.8
1771027200000,1.4061,1.4175,1.4042,1.4156,47625838.6
1771041600000,1.4156,1.4247,1.4068,1.4215,37753130.4
1771056000000,1.4216,1.4726,1.4207,1.4703,174618963.3
1771070400000,1.4704,1.4761,1.4508,1.4681,131729673.3
1771084800000,1.4682,1.4994,1.4562,1.497,114105141.5
1771099200000,1.4969,1.513,1.4867,1.5082,105146371.0
1771113600000,1.5082,1.5432,1.5048,1.526,192120096.8
1771128000000,1.5259,1.6487,1.5241,1.6482,259379824.3
1771142400000,1.6481,1.6693,1.5569,1.5619,396838217.1
1771156800000,1.5618,1.5655,1.5109,1.5224,305603410.7
1771171200000,1.5223,1.5235,1.4472,1.4531,254386131.7
1771185600000,1.4532,1.4889,1.4442,1.4741,160426769.1
1771200000000,1.474,1.4859,1.4526,1.4605,108907670.0
1771214400000,1.4605,1.4749,1.4472,1.4603,104778270.3
1771228800000,1.4604,1.5127,1.4604,1.4827,187843768.9
1771243200000,1.4828,1.5154,1.4608,1.4734,279520917.0
1771257600000,1.4734,1.494,1.4703,1.4744,104573466.7
1771272000000,1.4744,1.493,1.4673,1.4864,66530711.2
1771286400000,1.4864,1.4926,1.4718,1.482,68491216.5
1771300800000,1.4819,1.4879,1.4681,1.472,65739822.1
1771315200000,1.4721,1.476,1.449,1.4519,97080307.0
1771329600000,1.452,1.4626,1.4261,1.4565,191569816.9
1771344000000,1.4565,1.4942,1.456,1.4849,178213148.7
1771358400000,1.4849,1.4928,1.4697,1.4732,61148382.3
1771372800000,1.4732,1.483,1.4624,1.4782,54465791.3
1771387200000,1.4782,1.4881,1.4747,1.4862,41236165.8
1771401600000,1.4863,1.4933,1.4626,1.4654,78354822.6
1771416000000,1.4655,1.4885,1.4508,1.4758,121546293.3
1771430400000,1.4759,1.4767,1.4184,1.4222,153499009.1
1771444800000,1.4223,1.4324,1.4093,1.4211,90835669.2
1771459200000,1.4212,1.4293,1.4139,1.4279,59639374.6
1771473600000,1.4278,1.4384,1.4041,1.4319,92308807.1
1771488000000,1.4318,1.4337,1.4056,1.4084,95648621.1
1771502400000,1.4083,1.4139,1.3854,1.3966,173842086.9
1771516800000,1.3966,1.4179,1.3791,1.4117,137722699.6
1771531200000,1.4116,1.4147,1.3943,1.4059,52589691.3
1771545600000,1.406,1.428,1.4046,1.412,66777774.1
1771560000000,1.412,1.4236,1.3991,1.4186,62768679.1
1771574400000,1.4186,1.4282,1.4021,1.4047,81038496.4
1771588800000,1.4048,1.4306,1.3766,1.4284,232939434.3
1771603200000,1.4284,1.4386,1.4069,1.4231,175215808.2
1771617600000,1.4231,1.4309,1.4139,1.4283,58994192.0
1771632000000,1.4283,1.4329,1.4189,1.4252,41695988.0
1771646400000,1.4252,1.4348,1.4236,1.4303,28306320.3
1771660800000,1.4303,1.4455,1.4266,1.4433,53161311.8
1771675200000,1.4432,1.4636,1.4352,1.4492,95478651.7
1771689600000,1.4492,1.451,1.4354,1.4427,57931786.0
1771704000000,1.4427,1.4427,1.4292,1.4295,56090049.7
1771718400000,1.4295,1.433,1.4168,1.4229,66595263.3
1771732800000,1.4229,1.4252,1.4162,1.4203,32829805.9
1771747200000,1.4203,1.4252,1.4157,1.4224,32728573.7
1771761600000,1.4224,1.4228,1.385,1.3923,119963676.7
1771776000000,1.3923,1.394,1.3822,1.3857,57794927.0
1771790400000,1.3858,1.4011,1.3783,1.3923,75658718.6
1771804800000,1.3923,1.3939,1.329,1.3403,257087988.7
1771819200000,1.3403,1.3774,1.335,1.3703,105442496.0
1771833600000,1.3703,1.4057,1.361,1.396,179186538.4
1771848000000,1.3961,1.4247,1.3661,1.3699,240587434.1
1771862400000,1.3699,1.3778,1.3473,1.3567,153154314.6
1771876800000,1.3566,1.3665,1.3491,1.3512,68495931.6
1771891200000,1.3512,1.3618,1.326,1.3313,166484271.3
1771905600000,1.3313,1.342,1.3207,1.3259,117338816.2
1771920000000,1.3258,1.3353,1.3204,1.3324,85488844.8
1771934400000,1.3325,1.352,1.3115,1.3507,213952918.7
1771948800000,1.3508,1.3676,1.3442,1.3554,135337212.3
1771963200000,1.3554,1.3634,1.341,1.3477,70630918.5
1771977600000,1.3476,1.3997,1.3401,1.3693,179612220.9
1771992000000,1.3694,1.3743,1.352,1.3651,85351582.9
1772006400000,1.3651,1.385,1.3621,1.3829,89817297.1
1772020800000,1.3829,1.4453,1.3803,1.4404,252039418.2
1772035200000,1.4405,1.476,1.4371,1.4659,214675755.7
1772049600000,1.466,1.4934,1.4185,1.4332,216711012.5
1772064000000,1.4333,1.4468,1.4177,1.4409,125461456.0
1772078400000,1.4409,1.4682,1.4298,1.4335,108601509.4
1772092800000,1.4336,1.4563,1.4333,1.4362,108592748.6
1772107200000,1.4362,1.4457,1.4072,1.4206,201483095.6
1772121600000,1.4206,1.4236,1.3818,1.4061,240879193.6
1772136000000,1.4061,1.4122,1.3874,1.4016,60283096.0
1772150400000,1.4016,1.4125,1.3922,1.4071,67374539.3
1772164800000,1.4071,1.4209,1.4032,1.4161,85652770.7
1772179200000,1.4161,1.4254,1.3794,1.3817,147567538.7
1772193600000,1.3816,1.3846,1.3512,1.3559,234987819.4
1772208000000,1.3558,1.3631,1.337,1.35,134041829.4
1772222400000,1.3499,1.356,1.3376,1.3552,71771411.7
1772236800000,1.3552,1.3642,1.3517,1.354,45901663.8
1772251200000,1.354,1.3574,1.2891,1.3018,281367333.7
1772265600000,1.3017,1.3059,1.2693,1.2922,250135661.4
1772280000000,1.2923,1.3494,1.2908,1.323,310818551.5
1772294400000,1.323,1.3586,1.3132,1.3532,154391128.0
1772308800000,1.3533,1.3928,1.3496,1.3752,148256839.2
1772323200000,1.3752,1.4327,1.3648,1.4181,229711339.9
1772337600000,1.4182,1.4211,1.3881,1.3971,113640725.9
1772352000000,1.3972,1.3995,1.3652,1.3754,111687997.9
1772366400000,1.3754,1.4028,1.3607,1.3779,188117102.8
1772380800000,1.378,1.3854,1.3529,1.3558,119595744.9
1772395200000,1.3557,1.3736,1.3361,1.3518,133409587.7
1772409600000,1.3518,1.3799,1.3503,1.3732,101942471.0
1772424000000,1.3731,1.3744,1.337,1.3463,80624614.8
1772438400000,1.3464,1.362,1.3374,1.3508,81622663.2
1772452800000,1.3508,1.4149,1.3329,1.3997,250477639.2
1772467200000,1.3997,1.4226,1.3827,1.4,181467443.3
1772481600000,1.4,1.4059,1.3851,1.3893,96240175.2
1772496000000,1.3894,1.3947,1.3669,1.3727,98885024.8
1772510400000,1.3727,1.3771,1.3569,1.3629,88712567.6
1772524800000,1.3629,1.3686,1.341,1.3518,109929536.1
1772539200000,1.3518,1.3699,1.3352,1.3639,182880095.4
1772553600000,1.3638,1.3864,1.3523,1.3622,153183096.8
1772568000000,1.3621,1.369,1.3477,1.3599,63205353.7
1772582400000,1.3599,1.3694,1.3443,1.3521,76112557.1
1772596800000,1.3521,1.3765,1.3444,1.3742,73010867.4
1772611200000,1.3743,1.4259,1.3685,1.3984,221344871.3
1772625600000,1.3983,1.4635,1.3817,1.4623,219837381.6
1772640000000,1.4622,1.4721,1.4351,1.4558,161819524.0
1772654400000,1.4559,1.4649,1.4154,1.4302,116696599.5
1772668800000,1.4302,1.436,1.4149,1.4189,80372285.4
1772683200000,1.4189,1.4306,1.4077,1.4122,84417889.8
1772697600000,1.4123,1.4518,1.4083,1.4354,104298756.8
1772712000000,1.4354,1.442,1.409,1.416,142576387.6
1772726400000,1.416,1.4228,1.3952,1.4107,120949215.9
1772740800000,1.4108,1.42,1.4012,1.4029,59509769.2
1772755200000,1.403,1.4139,1.397,1.4047,50727563.0
1772769600000,1.4046,1.4077,1.3906,1.4069,54149321.7
1772784000000,1.407,1.4071,1.3914,1.3941,60342587.0
1772798400000,1.394,1.3965,1.35,1.3551,193079539.2
1772812800000,1.3551,1.365,1.3444,1.3623,95542112.9
1772827200000,1.3623,1.3706,1.3532,1.3625,58420698.5
1772841600000,1.3625,1.3742,1.3615,1.3651,42768685.5
1772856000000,1.3651,1.3679,1.3596,1.3663,38041099.7
1772870400000,1.3662,1.3726,1.3622,1.3689,33881348.1
1772884800000,1.3689,1.369,1.3537,1.3561,53283626.1
1772899200000,1.3561,1.364,1.3456,1.3496,52873938.9
1772913600000,1.3495,1.3585,1.3493,1.356,34029366.2
1772928000000,1.3559,1.3595,1.3435,1.3476,47594165.9
1772942400000,1.3477,1.362,1.3405,1.3594,55782318.8
1772956800000,1.3593,1.3705,1.3535,1.3568,66383765.8
1772971200000,1.3569,1.3584,1.3402,1.3445,68757024.6
1772985600000,1.3445,1.3591,1.3368,1.3553,58255117.4
1773000000000,1.3552,1.3612,1.3207,1.3392,118051761.4
1773014400000,1.3392,1.3648,1.3366,1.3496,134073995.3
1773028800000,1.3496,1.3579,1.3319,1.3398,119227985.4
1773043200000,1.3398,1.3628,1.3383,1.3494,80032949.0
1773057600000,1.3494,1.3724,1.3488,1.3594,124835967.0
1773072000000,1.3594,1.3837,1.3551,1.3724,109097234.0
1773086400000,1.3724,1.3785,1.3595,1.3622,57830548.2
1773100800000,1.3621,1.3917,1.3598,1.3744,87244889.3
1773115200000,1.3744,1.3891,1.3723,1.3867,64379122.8
1773129600000,1.3868,1.4188,1.3868,1.3901,162170868.1
1773144000000,1.39,1.4422,1.3803,1.4304,254039483.7
1773158400000,1.4305,1.4362,1.3787,1.3843,158183963.1
1773172800000,1.3843,1.394,1.3773,1.3855,62987030.6
1773187200000,1.3855,1.3918,1.377,1.3781,56999497.8
1773201600000,1.3781,1.3902,1.3727,1.3778,55535200.0
1773216000000,1.3778,1.3809,1.3712,1.3727,51495889.2
1773230400000,1.3727,1.4105,1.3692,1.3818,183555763.4
1773244800000,1.3817,1.4064,1.3793,1.3892,109746222.3
1773259200000,1.3892,1.3969,1.3815,1.3839,46459560.6
1773273600000,1.384,1.3853,1.3686,1.3727,60038938.3
1773288000000,1.3726,1.3773,1.3649,1.3754,56455166.2
1773302400000,1.3755,1.3928,1.3731,1.387,72282871.1
1773316800000,1.387,1.392,1.3633,1.3785,148266249.5
1773331200000,1.3785,1.3854,1.3688,1.3778,78175002.2
1773345600000,1.3778,1.3891,1.3703,1.3839,65752741.0
1773360000000,1.3839,1.424,1.3824,1.4119,157646923.9
1773374400000,1.4118,1.4265,1.4068,1.4146,103751785.8
1773388800000,1.4146,1.4381,1.4117,1.4197,123667757.5
1773403200000,1.4196,1.4528,1.406,1.4082,212642380.5
1773417600000,1.4082,1.4145,1.3891,1.4005,113034038.0
1773432000000,1.4005,1.4055,1.3895,1.3979,58534032.5
1773446400000,1.3979,1.4028,1.3915,1.3998,44029028.9
1773460800000,1.3999,1.4037,1.3822,1.3935,59299759.6
1773475200000,1.3935,1.3964,1.387,1.3917,40437951.4
1773489600000,1.3917,1.3937,1.3866,1.3894,39184009.0
1773504000000,1.3894,1.3929,1.3861,1.3893,25118317.6
1773518400000,1.3894,1.4078,1.3878,1.4055,45755310.0
1773532800000,1.4056,1.4199,1.4013,1.4115,66750917.8
1773547200000,1.4116,1.421,1.4048,1.407,55258945.3
1773561600000,1.407,1.4202,1.407,1.4192,40065299.3
1773576000000,1.4191,1.4296,1.4121,1.415,96774073.2
1773590400000,1.415,1.4234,1.408,1.4121,54576231.9
1773604800000,1.412,1.4647,1.4097,1.4482,177780558.5
1773619200000,1.4482,1.4795,1.4351,1.4669,143580771.6
1773633600000,1.467,1.488,1.4669,1.4823,125082190.8
1773648000000,1.4824,1.4889,1.4641,1.469,90970789.6
1773662400000,1.469,1.5158,1.4688,1.4924,212717714.2
1773676800000,1.4925,1.5439,1.4909,1.5293,158190857.7
1773691200000,1.5294,1.5518,1.5228,1.5422,113945810.9
1773705600000,1.5422,1.6064,1.5335,1.5435,313688449.0
1773720000000,1.5435,1.5517,1.5042,1.5292,176582891.1
1773734400000,1.5293,1.5321,1.5016,1.5088,108981336.6
1773748800000,1.5088,1.5211,1.4933,1.5126,211424374.1
1773763200000,1.5126,1.5403,1.4989,1.5323,200402341.5
1773777600000,1.5323,1.5359,1.517,1.5176,57534883.5
1773792000000,1.5177,1.5392,1.5085,1.5382,68278820.5
1773806400000,1.5383,1.5407,1.5138,1.5191,60400326.6
1773820800000,1.5191,1.5268,1.483,1.489,105445875.0
1773835200000,1.4889,1.4901,1.4373,1.4399,218002508.2
1773849600000,1.44,1.4659,1.4346,1.4485,128849823.4
1773864000000,1.4485,1.4711,1.4415,1.464,61830833.5
1773878400000,1.464,1.478,1.4541,1.4734,62840917.2
1773892800000,1.4735,1.4814,1.4501,1.4606,112476770.4
1773907200000,1.4606,1.4704,1.4514,1.458,69611666.5
1773921600000,1.4579,1.4581,1.4236,1.4311,181107877.5
1773936000000,1.4312,1.452,1.4213,1.4439,94179812.5
1773950400000,1.4439,1.4552,1.4416,1.4469,42898227.7
1773964800000,1.4468,1.4599,1.4446,1.4522,51460872.4
1773979200000,1.4521,1.4625,1.4426,1.4538,67567239.0
1773993600000,1.4538,1.4666,1.4423,1.4485,70089898.6
1774008000000,1.4484,1.452,1.425,1.4368,95376343.7
1774022400000,1.4367,1.4425,1.4238,1.4352,55781670.3
1774036800000,1.4352,1.4516,1.428,1.4444,45535954.4
1774051200000,1.4444,1.449,1.4416,1.4452,24776584.9
1774065600000,1.4452,1.452,1.4431,1.4433,31830599.2
1774080000000,1.4432,1.4447,1.4358,1.4417,35375574.1
1774094400000,1.4418,1.4461,1.4331,1.4373,64448627.4
1774108800000,1.4373,1.441,1.4332,1.4362,21430488.8
1774123200000,1.4362,1.442,1.3991,1.4081,81139510.5
1774137600000,1.4081,1.4257,1.3926,1.4162,104381904.6
1774152000000,1.4162,1.4198,1.4024,1.4028,45352267.6
1774166400000,1.4027,1.4032,1.3845,1.39,76359621.5
1774180800000,1.39,1.4066,1.3899,1.3919,57518186.8
1774195200000,1.392,1.3951,1.3801,1.3842,53293574.4
1774209600000,1.3841,1.3924,1.3707,1.3841,77133031.3
1774224000000,1.3841,1.3928,1.3736,1.3808,68689320.5
1774238400000,1.3807,1.3956,1.3612,1.3719,109011928.8
1774252800000,1.372,1.4444,1.3608,1.4107,284611459.4
1774267200000,1.4106,1.4657,1.4009,1.4308,212165074.3
1774281600000,1.4307,1.4461,1.426,1.4339,95129804.2
1774296000000,1.4339,1.4395,1.4233,1.4316,46970002.7
1774310400000,1.4316,1.4346,1.4073,1.4137,65196421.2
1774324800000,1.4138,1.4318,1.4042,1.4305,61666186.8
1774339200000,1.4305,1.4327,1.4124,1.4224,82118204.9
1774353600000,1.4224,1.4228,1.3945,1.4,114589330.0
1774368000000,1.4001,1.4032,1.3826,1.3872,76729751.3
1774382400000,1.3871,1.4174,1.3854,1.4151,79246292.7
1774396800000,1.4151,1.4243,1.4064,1.4128,62076930.6
1774411200000,1.4128,1.4258,1.4104,1.4193,54058807.2
1774425600000,1.4193,1.4372,1.412,1.428,111671690.0
1774440000000,1.428,1.4315,1.401,1.4066,117004082.5
1774454400000,1.4066,1.4208,1.404,1.4113,59062178.2
1774468800000,1.4112,1.4218,1.409,1.4138,35462876.8
1774483200000,1.4137,1.4159,1.3954,1.401,54230826.2
1774497600000,1.401,1.4047,1.3786,1.3849,82123887.1
1774512000000,1.3849,1.3858,1.3669,1.3705,78854251.3
1774526400000,1.3704,1.3821,1.3521,1.3598,109903969.3
1774540800000,1.3599,1.3654,1.3349,1.3431,141928832.9
1774555200000,1.3431,1.3699,1.3431,1.3599,87260343.4
1774569600000,1.3599,1.372,1.357,1.3634,49213519.9
1774584000000,1.3633,1.368,1.3551,1.3582,48030731.7
1774598400000,1.3582,1.3606,1.325,1.3345,138456428.2
1774612800000,1.3345,1.3449,1.3254,1.3347,220674760.1
1774627200000,1.3348,1.3366,1.3173,1.3242,79305546.1
1774641600000,1.3241,1.3318,1.3195,1.325,42908208.8
1774656000000,1.325,1.3288,1.3181,1.3265,37295154.0
1774670400000,1.3264,1.3415,1.3251,1.3402,56327733.1
1774684800000,1.3403,1.3425,1.3339,1.3394,34011174.1
1774699200000,1.3395,1.3577,1.3354,1.3526,74918126.0
1774713600000,1.3526,1.3538,1.341,1.3442,31079787.9
1774728000000,1.3442,1.3475,1.3302,1.3327,40158149.1
1774742400000,1.3327,1.3413,1.3291,1.3378,33690957.5
1774756800000,1.3378,1.3425,1.3274,1.3333,58555831.8
1774771200000,1.3333,1.3402,1.3302,1.3374,28294276.2
1774785600000,1.3375,1.3376,1.3201,1.3249,49480454.2
1774800000000,1.3249,1.3286,1.3152,1.3171,48056805.6
1774814400000,1.3172,1.3319,1.2937,1.3271,143032986.1
1774828800000,1.3271,1.355,1.3236,1.3513,85666024.7
1774843200000,1.3513,1.3608,1.3463,1.3577,75722518.1
1774857600000,1.3577,1.3663,1.3441,1.3496,72819305.9
1774872000000,1.3495,1.3558,1.3344,1.3446,83266826.4
1774886400000,1.3447,1.3449,1.3156,1.3221,75004901.7
1774900800000,1.3221,1.3338,1.3192,1.3235,46188452.5
1774915200000,1.3235,1.3475,1.3184,1.3252,72258895.5
1774929600000,1.3251,1.329,1.3131,1.3187,102990529.8
1774944000000,1.3186,1.3229,1.3028,1.314,87131903.4
1774958400000,1.314,1.3382,1.3106,1.3146,103410025.8
1774972800000,1.3145,1.3463,1.3136,1.3443,94435034.8
1774987200000,1.3444,1.3496,1.3319,1.3404,44083973.0
1775001600000,1.3404,1.3509,1.3305,1.3475,52659678.9
1775016000000,1.3474,1.367,1.3354,1.356,94844279.2
1775030400000,1.356,1.358,1.3484,1.3536,48274411.5
1775044800000,1.3536,1.3603,1.3441,1.3569,76849430.6
1775059200000,1.3569,1.3679,1.3455,1.3499,63717886.7
1775073600000,1.3499,1.3564,1.3414,1.3471,39197552.5
1775088000000,1.3471,1.3563,1.3055,1.312,147196848.9
1775102400000,1.3119,1.3196,1.304,1.3167,77264164.0
1775116800000,1.3167,1.3167,1.2977,1.2991,70212907.9
1775131200000,1.299,1.3026,1.2791,1.299,177856788.4
1775145600000,1.299,1.3106,1.2941,1.3074,71319575.2
1775160000000,1.3073,1.3218,1.3042,1.3192,52685173.4
1775174400000,1.3192,1.3231,1.3026,1.321,73811981.8
1775188800000,1.321,1.3256,1.3137,1.318,46981522.6
1775203200000,1.3181,1.3239,1.3086,1.3197,60394204.7
1775217600000,1.3197,1.3356,1.3138,1.3178,69137534.1
1775232000000,1.3178,1.3247,1.3127,1.3171,34710141.3
1775246400000,1.3171,1.3217,1.3116,1.3177,40414302.6
1775260800000,1.3176,1.3185,1.3126,1.3153,20725855.6
1775275200000,1.3152,1.32,1.3144,1.3152,22628331.2
1775289600000,1.3153,1.3158,1.3059,1.3113,52762788.0
1775304000000,1.3113,1.3161,1.3056,1.3119,40064031.2
1775318400000,1.312,1.322,1.3097,1.3168,34601805.4
1775332800000,1.3169,1.3181,1.3126,1.3145,21897475.1
1775347200000,1.3145,1.319,1.3092,1.3125,26769441.6
1775361600000,1.3124,1.3151,1.2945,1.2969,95162314.0
1775376000000,1.2969,1.3033,1.296,1.2979,33395697.3
1775390400000,1.2979,1.3057,1.277,1.2957,144083655.1
1775404800000,1.2957,1.3069,1.2957,1.2997,44889215.7
1775419200000,1.2997,1.3318,1.2963,1.3259,102840842.8
1775433600000,1.3259,1.3486,1.3253,1.3378,121082393.8
1775448000000,1.3379,1.3463,1.3356,1.3437,74822983.3
1775462400000,1.3437,1.357,1.3372,1.3492,84193621.5
1775476800000,1.3492,1.3527,1.3398,1.3498,76638398.1
1775491200000,1.3498,1.353,1.3342,1.3409,60085459.9
1775505600000,1.341,1.3432,1.3111,1.3202,69150429.4
1775520000000,1.3203,1.3251,1.3117,1.3162,42916563.4
1775534400000,1.3163,1.3198,1.3047,1.3119,65857177.2
1775548800000,1.312,1.3241,1.3021,1.3054,82916900.5
1775563200000,1.3053,1.3127,1.294,1.2967,81555733.8
1775577600000,1.2968,1.3157,1.2946,1.3136,73276136.1
1775592000000,1.3136,1.3959,1.3131,1.378,233484086.3
1775606400000,1.3781,1.3831,1.3593,1.3697,96087452.2
1775620800000,1.3697,1.3873,1.3686,1.3794,60887953.7
1775635200000,1.3793,1.3879,1.3711,1.3776,71433942.8
1775649600000,1.3776,1.3894,1.345,1.3543,151391054.7
1775664000000,1.3543,1.3632,1.3437,1.3512,69447767.6
1775678400000,1.3512,1.3567,1.338,1.3419,51325742.0
1775692800000,1.342,1.3424,1.3258,1.3304,90902995.0
1775707200000,1.3305,1.335,1.3251,1.3311,51672482.1
1775721600000,1.3312,1.3381,1.3244,1.3288,72604003.3
1775736000000,1.3289,1.3547,1.3209,1.3515,96151240.7
1775750400000,1.3516,1.3601,1.3454,1.3552,83886732.2
1775764800000,1.3552,1.3692,1.341,1.343,77165066.2
1775779200000,1.343,1.3498,1.3395,1.3406,49243192.1
1775793600000,1.3407,1.3487,1.334,1.3365,38651982.9
1775808000000,1.3366,1.3461,1.3342,1.3407,62386848.5
1775822400000,1.3408,1.3602,1.3368,1.3473,97747192.9
1775836800000,1.3474,1.3628,1.3466,1.3624,51273762.6
1775851200000,1.3624,1.3655,1.3536,1.3551,39089382.2
1775865600000,1.3551,1.3567,1.3492,1.3498,30204900.4
1775880000000,1.3498,1.3515,1.3431,1.3457,32082629.9
1775894400000,1.3458,1.3488,1.3413,1.3448,47295599.7
1775908800000,1.3449,1.3482,1.3387,1.3451,57008700.4
1775923200000,1.3452,1.3749,1.3448,1.3707,78015015.6
1775937600000,1.3707,1.3724,1.3503,1.3539,58863124.8
1775952000000,1.354,1.3552,1.324,1.3292,104351135.7
1775966400000,1.3291,1.3316,1.326,1.3287,37345612.0
1775980800000,1.3287,1.3331,1.3255,1.332,38082827.7
1775995200000,1.3319,1.3338,1.3181,1.3231,75045158.5
1776009600000,1.323,1.3333,1.3225,1.3302,32459067.7
1776024000000,1.3302,1.3388,1.3216,1.3239,60849250.3
1776038400000,1.324,1.3329,1.3225,1.3245,47898471.9
1776052800000,1.3246,1.3365,1.3186,1.3248,70110950.7
1776067200000,1.3248,1.33,1.3221,1.3249,44877399.1
1776081600000,1.325,1.3464,1.3226,1.3338,98197464.1
1776096000000,1.3339,1.3551,1.3284,1.3527,82629562.8
1776110400000,1.3526,1.3841,1.3431,1.3752,141929149.3
1776124800000,1.3752,1.377,1.359,1.3667,66804468.0
1776139200000,1.3667,1.3767,1.3598,1.3678,66309351.5
1776153600000,1.3678,1.3753,1.366,1.3685,43386924.6
1776168000000,1.3685,1.395,1.3643,1.3738,158098651.7
1776182400000,1.3737,1.3804,1.3515,1.3602,78391541.5
1776196800000,1.3602,1.3652,1.3543,1.3608,53098789.9
1776211200000,1.3608,1.3661,1.3547,1.3571,52652212.1
1776225600000,1.3571,1.3608,1.3484,1.3514,46920475.3
1776240000000,1.3514,1.3642,1.3498,1.3627,52536784.9
1776254400000,1.3628,1.383,1.3604,1.3726,113472766.7
1776268800000,1.3726,1.4083,1.371,1.3995,130793708.8
1776283200000,1.3995,1.4022,1.3794,1.3915,77777144.7
1776297600000,1.3916,1.415,1.3859,1.4054,95553358.1
1776312000000,1.4054,1.4122,1.3995,1.4052,55477400.3
1776326400000,1.4052,1.4227,1.4007,1.4086,104272130.6
1776340800000,1.4087,1.4337,1.392,1.4285,198520969.5
1776355200000,1.4286,1.4657,1.4135,1.4636,168061948.4
1776369600000,1.4636,1.4655,1.4434,1.4521,71461814.6
1776384000000,1.4521,1.4548,1.4218,1.4302,95760401.9
1776398400000,1.4302,1.4392,1.4234,1.4366,66719656.6
1776412800000,1.4367,1.4586,1.4319,1.4465,92671367.7
1776427200000,1.4466,1.5092,1.4433,1.4854,245492377.2
1776441600000,1.4854,1.4997,1.4722,1.4865,115658145.0
1776456000000,1.4865,1.489,1.471,1.4749,61732952.3
1776470400000,1.4749,1.4818,1.4662,1.4678,51383624.5
1776484800000,1.4679,1.4764,1.4625,1.4733,54546481.1
1776499200000,1.4734,1.4747,1.4236,1.4308,147285752.1
1776513600000,1.4308,1.4392,1.4285,1.4351,60332204.9
1776528000000,1.4351,1.4385,1.4226,1.4267,54997181.6
1776542400000,1.4266,1.4375,1.4231,1.4315,36551020.0
1776556800000,1.4314,1.438,1.4231,1.4288,47745303.8
1776571200000,1.4289,1.4424,1.4133,1.4192,94521390.9
1776585600000,1.4192,1.4308,1.4121,1.4289,73625201.7
1776600000000,1.4289,1.446,1.4194,1.4306,97410985.8
1776614400000,1.4307,1.4316,1.4104,1.4167,66397766.4
1776628800000,1.4168,1.4168,1.3883,1.3935,96371281.6
1776643200000,1.3936,1.4126,1.3926,1.4101,54039101.9
1776657600000,1.4101,1.4317,1.3945,1.4144,90092768.4
1776672000000,1.4145,1.4265,1.4062,1.4145,74309061.7
1776686400000,1.4146,1.4345,1.4079,1.4319,134482195.9
1776700800000,1.432,1.4365,1.4215,1.4295,64420314.1
1776715200000,1.4295,1.4328,1.4204,1.4236,33730182.6
1776729600000,1.4237,1.4312,1.4185,1.4232,36085713.5
1776744000000,1.4232,1.4418,1.423,1.4386,55611860.6
1776758400000,1.4385,1.4488,1.4368,1.439,65397413.7
1776772800000,1.439,1.4444,1.4244,1.4317,85692216.5
1776787200000,1.4318,1.4354,1.4103,1.4129,90567199.0
1776801600000,1.4128,1.4333,1.4116,1.4326,45554264.7
1776816000000,1.4326,1.4499,1.426,1.4426,68364589.8
1776830400000,1.4427,1.46,1.441,1.4537,65014907.2
1776844800000,1.4537,1.4548,1.4477,1.4535,42726590.1
1776859200000,1.4536,1.4622,1.4465,1.4558,82773733.5
1776873600000,1.4559,1.4583,1.4365,1.4407,58686254.1
1776888000000,1.4408,1.4421,1.4278,1.4284,50406969.4
1776902400000,1.4285,1.4308,1.4104,1.4154,85976457.9
1776916800000,1.4153,1.4244,1.414,1.4202,40866962.5
1776931200000,1.4203,1.4207,1.408,1.4156,50969963.0
1776945600000,1.4155,1.4364,1.4131,1.4309,78046134.8
1776960000000,1.4309,1.4405,1.4206,1.4288,115981522.8
1776974400000,1.4289,1.4394,1.427,1.4379,44413339.4
1776988800000,1.4379,1.4453,1.4274,1.4298,52699452.7
1777003200000,1.4299,1.433,1.4245,1.432,35729641.5
1777017600000,1.432,1.4397,1.4231,1.4377,59720516.8
1777032000000,1.4378,1.4474,1.4272,1.4471,115053273.4
1777046400000,1.4471,1.4503,1.4328,1.4386,48329927.0
1777060800000,1.4385,1.4424,1.428,1.4325,37063627.2
1777075200000,1.4324,1.4371,1.4309,1.4359,21055509.9
1777089600000,1.4359,1.4365,1.4301,1.4325,17783564.4
1777104000000,1.4325,1.4361,1.4285,1.4299,24671294.0
1777118400000,1.4299,1.4316,1.4232,1.4246,37076651.1
1777132800000,1.4246,1.4271,1.4182,1.4198,43871000.9
1777147200000,1.4198,1.4249,1.4177,1.4231,27683623.7
1777161600000,1.4232,1.4234,1.417,1.4179,24303417.7
1777176000000,1.4178,1.4287,1.4175,1.4283,32514259.6
1777190400000,1.4283,1.4311,1.4247,1.4296,20829014.3
1777204800000,1.4297,1.4307,1.422,1.4285,34293663.4
1777219200000,1.4285,1.436,1.4217,1.4295,38906102.4
1777233600000,1.4295,1.435,1.4185,1.4302,52037899.0
1777248000000,1.4302,1.4463,1.4243,1.4419,65895048.8
1777262400000,1.442,1.4421,1.4113,1.4133,101107090.7
1777276800000,1.4134,1.4185,1.4116,1.4127,33564245.7
1777291200000,1.4128,1.4142,1.3828,1.3873,151206355.7
1777305600000,1.3873,1.3965,1.3834,1.3922,51708313.3
1777320000000,1.3922,1.4014,1.3886,1.3999,27913089.4
1777334400000,1.3999,1.4,1.3879,1.3921,36251356.3
1777348800000,1.3922,1.3966,1.3839,1.3923,42010024.8
1777363200000,1.3923,1.3954,1.3781,1.3808,41443163.6
1777377600000,1.3807,1.3844,1.3668,1.3744,88972386.5
1777392000000,1.3744,1.3855,1.3696,1.3816,50197132.8
1777406400000,1.3817,1.3843,1.3777,1.3798,27695388.7
1777420800000,1.3799,1.3895,1.3762,1.3884,42456735.6
1777435200000,1.3885,1.3967,1.3866,1.3914,46418553.0
1777449600000,1.3914,1.4057,1.3881,1.3936,74494068.8
1777464000000,1.3937,1.3939,1.3567,1.361,117360332.6
1777478400000,1.3611,1.3697,1.3442,1.3527,138530906.3
1777492800000,1.3527,1.3723,1.3524,1.3685,49617840.3
1777507200000,1.3685,1.384,1.3668,1.3727,58328335.2
1777521600000,1.3726,1.3748,1.358,1.3741,60784728.2
1777536000000,1.3742,1.3794,1.3658,1.369,45732823.8
1777550400000,1.3689,1.3753,1.362,1.3687,53034414.1
1777564800000,1.3686,1.3736,1.3621,1.3692,36047243.2
1777579200000,1.3696,1.3698,1.3673,1.3685,967548.0
1777593600000,1.3672,1.3677,1.3669,1.3674,208725.8
1777608000000,1.3758,1.3781,1.3711,1.3741,28653282.2
1777622400000,1.3742,1.3804,1.3709,1.3772,31054520.8
1777636800000,1.3773,1.3993,1.3766,1.3952,91822219.0
1777651200000,1.3952,1.3978,1.3877,1.3931,36098160.1
1777665600000,1.3932,1.3942,1.3802,1.385,38577177.1
1777680000000,1.385,1.3895,1.3804,1.3851,38226707.7
1777694400000,1.3852,1.3873,1.3817,1.3847,21094695.2
1777708800000,1.3847,1.3903,1.3829,1.3852,33934714.2
1777723200000,1.3852,1.3939,1.3839,1.3927,29245146.9
1777737600000,1.3927,1.3947,1.3888,1.3941,24157579.0
1777752000000,1.3941,1.3999,1.3897,1.3936,22176454.7
1777766400000,1.3929,1.3936,1.3929,1.3934,109832.5
