timestamp,open,high,low,close,volume
1619899200000,256.24,258.98,254.12,257.87,36079.374
1619913600000,257.85,259.87,247.75,248.02,45298.617
1619928000000,248.03,252.1,245.65,247.05,39890.098
1619942400000,247.09,248.06,241.62,247.88,46804.713
1619956800000,247.87,249.34,243.87,244.78,36040.571
1619971200000,244.87,247.99,241.51,247.49,41988.419
1619985600000,247.56,249.44,242.0,243.58,34194.649
1620000000000,243.58,250.18,242.84,247.1,45206.939
1620014400000,247.12,250.94,246.96,250.47,32037.471
1620028800000,250.47,253.41,249.1,251.96,42518.03
1620043200000,251.97,254.87,243.8,248.08,58965.593
1620057600000,248.1,255.17,248.1,253.44,57345.08
1620072000000,253.41,253.78,246.79,250.88,40418.176
1620086400000,250.92,251.46,230.57,232.41,107872.505
1620100800000,232.42,239.31,231.18,235.49,49481.537
1620115200000,235.53,250.82,232.67,250.42,97209.432
1620129600000,250.42,268.0,238.94,239.83,277588.788
1620144000000,239.93,248.76,232.2,248.6,111440.704
1620158400000,248.63,252.32,240.81,241.29,70922.998
1620172800000,241.47,265.2,237.47,259.52,123990.243
1620187200000,259.41,268.7,255.52,266.8,110298.661
1620201600000,266.75,273.74,260.93,267.15,100849.427
1620216000000,267.17,274.24,259.15,273.43,118280.523
1620230400000,273.38,295.99,273.37,294.8,141984.129
1620244800000,294.81,300.59,285.75,292.69,133323.702
1620259200000,292.79,294.58,280.93,288.42,98620.187
1620273600000,288.4,293.24,271.37,279.79,88370.803
1620288000000,279.79,291.84,279.15,289.33,68913.598
1620302400000,289.35,300.19,285.12,300.19,114742.311
1620316800000,300.15,326.3,293.38,311.22,267421.52
1620331200000,311.24,319.68,303.0,309.32,77533.655
1620345600000,309.33,321.87,298.77,303.19,127642.765
1620360000000,303.14,316.75,296.09,307.18,89201.944
1620374400000,307.15,327.91,305.47,317.32,123060.799
1620388800000,317.41,323.57,307.91,323.48,115733.093
1620403200000,323.44,343.85,322.35,326.49,155453.949
1620417600000,326.66,337.55,308.81,320.33,110088.6
1620432000000,320.22,344.57,316.5,325.47,132969.023
1620446400000,325.42,325.61,313.41,316.89,100837.666
1620460800000,317.09,319.87,309.8,310.11,66618.097
1620475200000,310.19,317.25,300.0,301.54,94450.205
1620489600000,301.69,310.09,295.35,308.74,106638.492
1620504000000,308.66,318.48,302.5,316.52,66024.515
1620518400000,316.54,318.48,298.18,299.12,60483.51
1620532800000,298.99,304.31,292.0,299.72,60096.826
1620547200000,299.73,306.44,294.69,299.52,52936.763
1620561600000,299.56,300.33,288.3,297.65,73712.037
1620576000000,297.55,297.81,290.26,294.93,60409.974
1620590400000,294.86,307.54,291.03,305.62,73805.41
1620604800000,305.58,317.21,302.08,317.18,71401.684
1620619200000,317.1,318.0,308.29,308.45,52107.793
1620633600000,308.46,312.89,300.68,305.98,64961.427
1620648000000,305.94,320.79,302.99,318.97,101116.712
1620662400000,318.96,329.43,294.66,296.44,153939.686
1620676800000,296.48,296.69,262.51,284.13,206880.689
1620691200000,284.09,286.64,272.15,277.75,101334.308
1620705600000,277.83,284.96,272.5,281.91,68753.145
1620720000000,282.07,288.0,275.05,280.56,59289.387
1620734400000,280.74,292.26,275.23,289.7,82750.798
1620748800000,289.7,297.96,283.26,297.45,82918.878
1620763200000,297.42,303.1,293.26,302.52,50180.675
1620777600000,302.51,346.8,301.54,339.28,349708.026
1620792000000,339.37,346.22,326.9,339.62,211548.246
1620806400000,339.63,364.16,328.24,357.55,276747.047
1620820800000,357.62,364.26,342.41,358.79,331623.782
1620835200000,358.66,372.62,327.88,365.4,548381.578
1620849600000,365.38,366.85,271.38,282.5,424100.709
1620864000000,281.74,324.19,242.82,312.7,480156.555
1620878400000,312.63,320.3,305.57,310.05,132727.806
1620892800000,310.05,311.66,281.25,299.2,247232.43
1620907200000,299.24,314.79,290.28,296.17,211019.804
1620921600000,296.42,305.22,272.88,279.41,251200.31
1620936000000,279.45,302.77,277.59,296.59,166408.881
1620950400000,296.61,304.27,288.16,290.41,148842.735
1620964800000,290.44,301.37,285.42,300.84,108322.052
1620979200000,300.71,317.05,297.39,312.83,151399.591
1620993600000,312.9,318.04,305.31,315.4,116039.93
1621008000000,315.39,323.27,300.29,301.09,159060.078
1621022400000,301.02,307.0,292.27,305.81,120487.534
1621036800000,305.82,316.55,299.56,307.46,100827.313
1621051200000,307.54,311.13,292.54,293.54,69295.793
1621065600000,293.44,299.98,283.46,295.15,91399.087
1621080000000,295.1,298.05,285.75,286.89,80447.32
1621094400000,286.87,286.87,268.24,278.66,160296.664
1621108800000,278.82,285.67,268.28,271.17,84940.096
1621123200000,271.29,283.45,267.84,282.64,76438.153
1621137600000,282.62,289.53,277.72,288.11,92898.812
1621152000000,288.19,291.38,283.02,283.87,63371.077
1621166400000,283.98,285.2,263.32,263.6,132942.764
1621180800000,263.65,267.42,247.55,256.6,203358.792
1621195200000,256.46,264.22,245.72,262.41,118813.057
1621209600000,262.26,262.51,239.62,241.58,132368.002
1621224000000,241.58,257.19,237.0,255.81,114012.019
1621238400000,255.81,258.1,248.57,254.64,107139.985
1621252800000,254.63,255.8,229.01,229.2,143808.102
1621267200000,229.27,240.1,226.46,238.86,177423.577
1621281600000,238.84,243.18,228.2,235.72,107472.56
1621296000000,235.71,250.74,232.83,250.39,121113.992
1621310400000,250.26,259.34,249.97,252.5,100855.76
1621324800000,252.58,258.85,247.3,257.03,87678.688
1621339200000,256.94,258.37,236.92,254.04,128829.275
1621353600000,254.02,261.79,247.02,251.59,116401.892
1621368000000,251.44,257.5,247.91,254.98,56664.065
1621382400000,255.09,262.99,229.39,232.24,163520.855
1621396800000,232.27,234.66,192.61,218.54,380419.881
1621411200000,218.56,218.91,185.0,201.64,209290.8
1621425600000,201.65,204.99,97.54,165.55,392342.763
1621440000000,165.72,179.34,155.81,161.02,420538.062
1621454400000,161.04,166.92,145.7,146.53,316667.577
1621468800000,146.65,164.6,132.9,160.01,416915.032
1621483200000,160.01,186.63,159.44,179.07,207535.441
1621497600000,179.09,179.31,165.28,175.07,156949.913
1621512000000,175.01,194.42,171.67,183.4,205186.787
1621526400000,183.41,184.21,167.65,179.51,213474.962
1621540800000,179.47,186.14,175.37,182.43,120184.212
1621555200000,182.36,191.69,179.26,180.3,118047.43
1621569600000,180.3,182.57,169.69,173.27,122564.081
1621584000000,173.3,181.85,168.32,180.88,109247.015
1621598400000,180.77,190.9,151.66,154.01,338884.447
1621612800000,153.91,163.41,145.01,152.52,281487.057
1621627200000,152.36,158.38,136.19,156.27,245228.401
1621641600000,156.3,160.98,149.88,151.07,121232.142
1621656000000,151.09,152.84,133.03,143.24,219196.852
1621670400000,143.13,150.83,139.92,146.0,145766.794
1621684800000,145.99,155.85,142.04,150.32,166741.832
1621699200000,150.36,151.32,139.08,139.87,99764.916
1621713600000,139.86,149.74,139.81,142.41,89233.955
1621728000000,142.47,148.94,139.66,145.26,82929.872
1621742400000,145.25,145.25,127.66,130.74,114471.174
1621756800000,130.67,130.8,116.17,119.22,214196.581
1621771200000,119.17,120.62,105.13,107.84,363335.072
1621785600000,107.94,110.29,87.06,100.41,525741.805
1621800000000,100.42,116.65,100.36,114.46,177589.899
1621814400000,114.47,126.1,114.4,122.23,207797.458
1621828800000,122.24,137.0,116.73,135.38,350284.03
1621843200000,135.35,136.73,128.06,136.55,138607.872
1621857600000,136.55,146.42,134.25,139.59,221734.542
1621872000000,139.63,145.0,134.4,144.28,138476.77
1621886400000,144.3,149.42,137.96,149.31,146054.098
1621900800000,149.41,154.83,138.21,144.59,242834.954
1621915200000,144.59,151.14,139.32,148.93,127807.317
1621929600000,148.91,150.47,130.06,130.49,163061.037
1621944000000,130.52,147.46,130.34,146.11,151780.527
1621958400000,145.96,146.34,135.06,136.35,100221.122
1621972800000,136.3,145.88,135.85,145.45,70205.049
1621987200000,145.44,154.0,143.07,153.51,101042.284
1622001600000,153.47,159.25,151.03,158.16,94096.983
1622016000000,158.16,159.76,150.68,154.86,96160.657
1622030400000,154.89,158.28,146.22,150.74,106679.781
1622044800000,150.81,152.0,144.89,149.76,85407.737
1622059200000,149.74,158.79,148.69,158.56,60673.07
1622073600000,158.53,159.61,140.73,143.66,134891.886
1622088000000,143.7,148.57,140.61,146.84,77704.228
1622102400000,146.92,155.0,143.8,153.03,73570.54
1622116800000,153.01,158.51,152.35,154.62,80527.904
1622131200000,154.69,156.0,147.52,148.68,64472.688
1622145600000,148.67,151.98,144.93,150.19,59562.214
1622160000000,150.23,151.54,145.52,150.56,67956.531
1622174400000,150.57,150.57,134.77,140.47,109688.465
1622188800000,140.37,141.59,130.88,136.39,111355.357
1622203200000,136.4,164.07,135.67,162.28,335343.261
1622217600000,162.18,168.23,154.9,158.97,330474.486
1622232000000,158.97,165.0,151.21,164.64,161264.839
1622246400000,164.64,185.82,164.2,184.29,477753.305
1622260800000,184.37,186.99,174.33,176.85,225278.666
1622275200000,176.85,178.41,162.69,168.51,227017.338
1622289600000,168.54,168.66,153.33,155.2,249516.956
1622304000000,155.26,159.34,143.94,147.95,210683.72
1622318400000,147.93,150.93,141.61,149.24,115425.306
1622332800000,149.19,149.29,137.32,147.88,139245.54
1622347200000,147.83,158.5,147.25,158.25,123044.292
1622361600000,158.28,159.74,150.91,158.45,116676.924
1622376000000,158.43,159.19,147.51,152.57,99197.063
1622390400000,152.57,160.21,152.5,155.86,93401.995
1622404800000,155.87,156.53,148.55,149.85,60538.349
1622419200000,149.83,152.97,140.89,145.03,113907.566
1622433600000,144.99,152.61,143.0,151.3,88805.67
1622448000000,151.25,157.51,149.08,154.14,90807.545
1622462400000,154.2,157.99,149.69,157.7,86454.993
1622476800000,157.73,159.07,152.36,155.6,72869.168
1622491200000,155.61,162.53,155.0,161.63,45711.86
1622505600000,161.64,164.49,154.53,156.56,77778.426
1622520000000,156.6,161.41,155.34,157.37,60504.716
1622534400000,157.33,158.38,151.67,156.22,72372.229
1622548800000,156.19,157.96,150.07,153.3,82630.285
1622563200000,153.3,154.81,148.14,149.27,70813.769
1622577600000,149.34,155.16,149.0,153.99,43613.36
1622592000000,154.02,154.82,148.81,152.78,58206.181
1622606400000,152.81,156.72,152.81,155.61,43423.582
1622620800000,155.57,158.29,153.7,154.74,53706.759
1622635200000,154.71,170.53,154.46,169.48,130109.646
1622649600000,169.51,170.69,163.27,163.57,93106.554
1622664000000,163.56,167.09,161.58,164.39,58334.403
1622678400000,164.42,165.35,160.19,164.13,48781.654
1622692800000,164.14,173.68,163.73,172.1,84335.089
1622707200000,172.04,175.1,169.61,170.09,76631.533
1622721600000,170.15,171.9,165.65,168.39,81879.373
1622736000000,168.37,174.3,166.75,169.56,58303.569
1622750400000,169.52,173.96,168.9,173.01,40653.081
1622764800000,173.03,173.09,159.96,162.67,114798.639
1622779200000,162.64,163.49,150.71,154.19,120652.206
1622793600000,154.2,159.13,151.34,154.15,117122.541
1622808000000,154.15,155.81,145.77,154.23,142420.975
1622822400000,154.23,158.82,153.52,156.89,62022.805
1622836800000,156.86,159.85,154.79,155.17,60702.63
1622851200000,155.2,160.16,153.98,157.46,47883.108
1622865600000,157.46,161.34,157.46,158.73,39107.959
1622880000000,158.64,159.1,149.85,150.49,89792.108
1622894400000,150.47,153.67,149.01,153.32,82855.16
1622908800000,153.35,154.93,150.83,151.75,62043.568
1622923200000,151.75,154.96,147.49,153.07,61167.492
1622937600000,153.09,156.68,152.94,155.73,54991.909
1622952000000,155.71,156.51,151.51,153.05,45955.888
1622966400000,153.05,154.1,150.25,150.71,37803.572
1622980800000,150.68,152.58,148.44,152.07,59175.612
1622995200000,152.07,153.84,148.44,148.87,53712.085
1623009600000,148.87,150.66,146.93,149.57,48996.484
1623024000000,149.57,155.16,148.26,153.31,61347.326
1623038400000,153.35,154.44,150.01,151.88,42933.999
1623052800000,151.87,154.2,150.16,151.83,38071.142
1623067200000,151.83,153.43,148.5,149.21,52751.081
1623081600000,149.2,149.28,145.18,147.09,65739.83
1623096000000,147.1,147.76,134.34,135.74,120593.619
1623110400000,135.71,139.02,127.0,130.77,111124.311
1623124800000,130.78,132.6,126.53,131.31,84309.249
1623139200000,131.27,133.82,128.61,132.32,91795.618
1623153600000,132.3,132.79,118.64,122.93,152229.943
1623168000000,122.97,130.54,121.43,129.01,144907.133
1623182400000,128.99,133.44,128.41,130.91,55759.556
1623196800000,130.9,131.66,124.1,126.55,65393.01
1623211200000,126.54,132.49,124.78,131.21,64475.509
1623225600000,131.21,135.11,129.07,134.13,64924.656
1623240000000,134.12,142.77,129.13,141.63,143514.715
1623254400000,141.61,143.93,139.23,143.35,103243.571
1623268800000,143.38,145.0,140.87,145.0,51198.772
1623283200000,145.0,151.62,144.23,146.28,93682.252
1623297600000,146.31,146.7,142.38,143.29,74390.725
1623312000000,143.25,145.85,139.01,142.08,96321.087
1623326400000,142.08,142.44,136.14,137.33,75516.853
1623340800000,137.32,138.38,133.58,135.26,72070.911
1623355200000,135.27,136.42,131.86,134.02,48927.794
1623369600000,134.04,134.97,129.94,133.79,63505.084
1623384000000,133.79,135.75,133.04,133.83,41315.179
1623398400000,133.85,135.73,132.61,133.15,46743.183
1623412800000,133.15,134.61,128.58,128.68,53496.448
1623427200000,128.68,130.78,126.62,127.86,63827.213
1623441600000,127.81,128.48,122.57,124.74,63181.69
1623456000000,124.7,124.71,118.67,122.02,98804.747
1623470400000,122.0,126.07,119.67,123.79,61888.649
1623484800000,123.78,127.99,121.99,125.89,70752.672
1623499200000,125.92,128.97,125.6,125.84,55717.878
1623513600000,125.86,129.23,125.22,126.55,44917.198
1623528000000,126.54,128.48,125.15,125.86,46862.975
1623542400000,125.83,128.0,120.85,120.98,70761.232
1623556800000,121.01,123.6,120.82,123.06,52628.182
1623571200000,123.0,125.14,122.69,123.78,30205.061
1623585600000,123.79,124.79,120.93,123.14,41401.681
1623600000000,123.15,129.19,122.63,128.44,65207.095
1623614400000,128.46,133.21,128.46,133.05,61745.213
1623628800000,133.0,135.87,129.92,130.7,55754.982
1623643200000,130.69,131.95,129.9,131.35,30009.706
1623657600000,131.35,131.37,128.6,129.67,42260.976
1623672000000,129.67,138.36,129.05,138.31,75604.026
1623686400000,138.3,139.01,134.58,137.19,77503.094
1623700800000,137.16,139.35,134.93,138.96,50706.228
1623715200000,138.99,140.79,137.91,138.16,37044.136
1623729600000,138.18,141.27,137.04,137.97,40805.29
1623744000000,137.96,138.86,135.09,136.43,43372.545
1623758400000,136.43,137.77,133.64,133.71,47085.447
1623772800000,133.73,138.2,133.22,135.28,46543.281
1623787200000,135.31,137.58,134.48,136.56,26224.037
1623801600000,136.51,136.52,132.26,134.27,38826.174
1623816000000,134.29,141.0,134.25,138.81,54068.943
1623830400000,138.81,144.03,135.55,135.82,117678.91
1623844800000,135.82,141.64,134.86,141.06,114883.494
1623859200000,141.02,142.69,137.04,139.8,91238.307
1623873600000,139.8,141.24,135.51,137.11,53559.611
1623888000000,137.14,145.38,136.39,144.77,92500.076
1623902400000,144.78,145.5,142.8,143.64,43934.767
1623916800000,143.66,146.68,142.55,142.61,58372.101
1623931200000,142.61,145.49,140.72,144.52,57998.699
1623945600000,144.54,145.05,137.66,138.76,69917.568
1623960000000,138.76,142.67,137.72,142.22,33147.317
1623974400000,142.22,143.06,136.36,139.2,62806.93
1623988800000,139.19,140.65,137.82,140.12,28888.57
1624003200000,140.12,141.09,137.08,139.07,43852.45
1624017600000,139.09,139.4,130.85,131.39,96554.873
1624032000000,131.41,134.3,128.99,129.85,81391.896
1624046400000,129.85,133.47,129.62,132.75,47315.387
1624060800000,132.76,133.55,129.03,129.45,39221.139
1624075200000,129.51,133.7,129.1,133.61,32911.175
1624089600000,133.66,134.34,131.44,133.34,33973.44
1624104000000,133.39,134.89,130.83,131.88,36566.749
1624118400000,131.91,132.31,127.12,129.16,67408.913
1624132800000,129.19,130.31,127.67,127.85,39832.334
1624147200000,127.85,129.96,125.53,129.3,49670.495
1624161600000,129.3,131.02,128.95,129.68,30980.519
1624176000000,129.68,130.38,121.21,121.33,61294.959
1624190400000,121.32,126.73,119.34,124.75,80119.519
1624204800000,124.75,129.73,124.39,129.16,37656.041
1624219200000,129.17,132.22,128.87,131.74,44291.15
1624233600000,131.72,133.2,126.31,126.42,48287.638
1624248000000,126.39,126.65,114.78,116.96,138376.219
1624262400000,116.98,117.35,105.74,110.49,171470.705
1624276800000,110.53,113.06,106.43,109.26,96524.423
1624291200000,109.26,110.53,104.88,107.86,107388.449
1624305600000,107.87,108.98,100.81,101.28,166672.724
1624320000000,101.25,108.25,98.6,106.92,109525.107
1624334400000,106.92,107.25,102.13,103.38,63628.509
1624348800000,103.38,103.65,92.93,93.04,168170.306
1624363200000,93.09,100.59,86.17,100.38,310146.309
1624377600000,100.42,107.59,99.51,103.4,176528.01
1624392000000,103.38,110.39,103.24,106.35,172252.017
1624406400000,106.4,117.0,102.41,113.89,176135.52
1624420800000,113.92,115.46,111.92,112.66,70527.235
1624435200000,112.7,115.1,111.07,113.0,63431.251
1624449600000,113.0,117.5,110.07,110.75,118038.89
1624464000000,110.73,112.24,105.24,105.4,114955.732
1624478400000,105.42,111.68,105.29,111.68,79350.768
1624492800000,111.68,115.12,106.61,109.3,105875.717
1624507200000,109.25,113.96,109.2,112.15,64450.471
1624521600000,112.16,114.91,110.69,112.87,67126.247
1624536000000,112.9,116.53,112.57,114.0,81753.662
1624550400000,113.99,116.73,112.44,115.62,65881.592
1624564800000,115.62,116.25,111.54,112.76,50680.803
1624579200000,112.73,116.61,109.85,114.33,103884.816
1624593600000,114.32,114.78,108.74,109.47,75040.555
1624608000000,109.45,110.85,105.95,106.93,108426.332
1624622400000,106.91,108.87,103.72,104.53,104365.154
1624636800000,104.53,105.5,101.34,103.84,112179.034
1624651200000,103.84,104.98,99.59,99.99,80311.512
1624665600000,99.99,103.25,98.19,101.03,111786.182
1624680000000,101.13,103.42,97.22,97.85,66861.908
1624694400000,97.85,102.37,96.44,101.81,107851.135
1624708800000,101.79,102.8,98.77,101.12,81772.748
1624723200000,101.15,103.43,97.83,101.07,88852.702
1624737600000,101.1,103.62,98.63,103.53,47096.421
1624752000000,103.54,104.97,102.53,103.83,77316.303
1624766400000,103.84,104.71,101.65,102.72,38698.116
1624780800000,102.73,102.92,99.13,100.28,61613.037
1624795200000,100.28,102.82,99.67,102.46,55496.094
1624809600000,102.47,103.54,98.83,99.93,70172.477
1624824000000,99.92,107.75,98.64,107.58,101491.793
1624838400000,107.57,108.14,104.68,105.13,63758.344
1624852800000,105.13,108.25,104.53,108.06,46374.21
1624867200000,108.04,108.36,104.93,106.22,51214.571
1624881600000,106.22,110.46,104.98,110.36,62648.267
1624896000000,110.36,115.24,109.46,112.44,118098.261
1624910400000,112.43,118.0,111.62,118.0,76594.174
1624924800000,118.0,119.04,116.02,117.61,89518.784
1624939200000,117.59,120.07,116.89,117.94,70962.905
1624953600000,117.94,121.53,117.51,119.41,75251.438
1624968000000,119.4,129.58,118.53,127.28,156498.292
1624982400000,127.28,129.5,124.52,126.37,88527.89
1624996800000,126.36,127.36,123.22,126.47,69301.717
1625011200000,126.46,132.39,126.36,128.37,120791.442
1625025600000,128.37,131.37,123.11,127.15,115812.6
1625040000000,127.15,128.61,122.03,128.1,80827.974
1625054400000,128.11,133.26,122.42,123.12,179459.769
1625068800000,123.14,126.91,121.94,126.77,65054.099
1625083200000,126.8,130.84,125.84,130.8,54785.787
1625097600000,130.79,130.86,123.75,123.97,58665.923
1625112000000,123.94,125.91,120.15,120.48,77074.027
1625126400000,120.49,122.99,118.45,122.55,78166.765
1625140800000,122.51,123.6,119.82,121.59,65001.385
1625155200000,121.55,122.93,119.69,120.44,58999.668
1625169600000,120.4,122.96,120.09,120.09,59870.081
1625184000000,120.08,121.62,113.81,114.22,76824.843
1625198400000,114.21,115.73,112.36,115.2,73195.326
1625212800000,115.2,115.78,112.45,113.26,56818.944
1625227200000,113.29,117.19,112.43,115.9,55310.202
1625241600000,115.91,116.82,114.18,114.61,40796.959
1625256000000,114.64,118.86,113.26,118.4,59149.923
1625270400000,118.4,118.62,112.99,114.02,46705.713
1625284800000,114.02,117.86,113.12,117.52,49727.209
1625299200000,117.52,118.96,117.08,117.74,43316.631
1625313600000,117.73,118.6,117.23,117.92,28183.373
1625328000000,117.94,118.66,117.03,117.97,27722.684
1625342400000,117.96,118.22,114.42,116.16,41538.178
1625356800000,116.15,116.18,113.14,114.09,43951.129
1625371200000,114.05,119.69,113.88,119.28,68787.669
1625385600000,119.29,119.51,116.94,117.86,43435.652
1625400000000,117.85,118.95,116.5,118.77,60580.615
1625414400000,118.77,124.6,118.0,122.8,124235.333
1625428800000,122.8,125.65,119.14,120.25,77453.782
1625443200000,120.28,120.34,115.43,116.33,73845.593
1625457600000,116.33,116.72,114.51,115.47,44641.524
1625472000000,115.46,117.3,110.18,112.37,70321.097
1625486400000,112.37,114.54,112.02,112.66,54913.818
1625500800000,112.66,114.26,110.5,113.75,55288.461
1625515200000,113.79,114.18,111.0,111.13,32711.958
1625529600000,111.14,114.39,110.78,113.52,47778.314
1625544000000,113.46,117.26,113.45,116.27,50996.642
1625558400000,116.27,116.95,111.64,112.89,77469.087
1625572800000,112.84,116.07,112.0,114.83,68152.695
1625587200000,114.82,118.7,113.09,116.09,73408.289
1625601600000,116.12,117.81,113.69,117.46,38884.519
1625616000000,117.44,118.68,115.35,118.34,61650.642
1625630400000,118.34,119.64,117.03,117.79,54212.366
1625644800000,117.8,120.25,117.52,119.16,65623.087
1625659200000,119.13,120.95,117.47,118.05,85343.878
1625673600000,118.03,122.2,117.61,120.99,62441.32
1625688000000,120.99,120.99,117.65,118.47,49273.077
1625702400000,118.47,118.69,113.5,114.72,61542.246
1625716800000,114.74,116.14,111.24,112.52,67824.845
1625731200000,112.49,113.63,110.42,113.37,70112.077
1625745600000,113.37,114.47,111.55,113.61,49132.732
1625760000000,113.61,113.89,111.03,112.17,50646.793
1625774400000,112.21,112.37,106.91,109.31,55600.152
1625788800000,109.31,109.36,105.01,108.99,61161.87
1625803200000,109.01,110.97,108.16,109.09,37900.083
1625817600000,109.1,109.56,106.32,107.08,66972.901
1625832000000,107.11,112.84,106.01,112.5,78026.766
1625846400000,112.53,112.92,110.07,110.39,38253.218
1625860800000,110.41,112.35,110.36,110.93,24695.469
1625875200000,110.94,113.26,110.71,111.32,34358.282
1625889600000,111.31,111.57,109.49,110.88,28873.903
1625904000000,110.89,111.74,109.3,111.32,36240.918
1625918400000,111.3,111.3,109.16,110.46,33791.395
1625932800000,110.47,111.88,107.17,107.74,66297.022
1625947200000,107.77,108.37,106.2,108.02,37987.344
1625961600000,108.07,109.55,106.62,106.92,46118.658
1625976000000,106.93,107.84,105.96,107.61,34421.792
1625990400000,107.63,109.25,107.19,109.04,35730.092
1626004800000,109.04,111.86,108.21,111.51,47041.668
1626019200000,111.47,112.57,110.52,110.94,48680.432
1626033600000,110.95,112.3,109.89,110.82,29492.854
1626048000000,110.83,112.54,110.03,112.31,33342.33
1626062400000,112.32,112.94,111.34,112.07,28759.803
1626076800000,112.07,112.72,108.62,108.78,58965.032
1626091200000,108.78,110.31,108.31,108.68,45678.879
1626105600000,108.67,109.39,104.54,105.54,74762.529
1626120000000,105.54,108.41,104.8,107.59,49986.975
1626134400000,107.56,108.6,106.37,107.63,40929.423
1626148800000,107.66,108.22,105.28,107.72,33446.206
1626163200000,107.76,108.21,105.85,106.28,31079.837
1626177600000,106.24,106.28,104.05,105.46,48528.624
1626192000000,105.45,106.0,102.07,102.34,36120.459
1626206400000,102.33,104.38,101.75,104.05,35664.759
1626220800000,104.05,105.12,97.65,99.17,65145.729
1626235200000,99.17,100.42,97.9,100.0,50926.6
1626249600000,100.04,102.92,97.4,102.47,81852.77
1626264000000,102.47,105.78,102.13,105.18,49524.854
1626278400000,105.18,105.44,103.0,103.13,39597.875
1626292800000,103.14,105.18,103.11,104.47,21503.087
1626307200000,104.46,106.13,102.45,102.51,33390.321
1626321600000,102.47,102.76,101.01,102.31,33349.861
1626336000000,102.32,103.6,99.69,100.57,74183.421
1626350400000,100.56,101.83,98.81,99.87,98102.703
1626364800000,99.87,100.81,97.85,100.25,62636.133
1626379200000,100.26,101.18,98.96,100.15,30759.944
1626393600000,100.13,102.41,98.41,101.66,48131.259
1626408000000,101.66,102.26,98.3,98.97,29246.544
1626422400000,98.97,99.1,92.48,92.54,87998.73
1626436800000,92.54,96.56,92.45,96.28,66218.156
1626451200000,96.28,96.97,94.77,95.18,37555.118
1626465600000,95.18,95.74,92.89,93.01,41838.29
1626480000000,93.02,95.71,91.72,92.73,70311.536
1626494400000,92.72,94.23,92.16,93.75,29589.982
1626508800000,93.76,95.81,92.06,93.35,51602.573
1626523200000,93.36,95.64,93.11,94.58,41540.147
1626537600000,94.55,95.67,93.83,93.92,44274.54
1626552000000,93.92,94.7,92.9,93.07,34759.719
1626566400000,93.12,99.57,92.91,97.38,92299.815
1626580800000,97.42,97.68,95.32,96.11,26082.142
1626595200000,96.1,96.91,95.69,96.64,25561.341
1626609600000,96.62,96.69,92.41,92.84,56095.003
1626624000000,92.86,94.39,92.31,93.84,30706.963
1626638400000,93.84,95.21,92.58,93.86,32252.184
1626652800000,93.88,95.68,91.46,93.22,65085.485
1626667200000,93.22,95.83,92.88,93.27,58327.785
1626681600000,93.27,93.69,91.82,91.95,42149.389
1626696000000,91.93,100.6,89.12,93.2,406050.32
1626710400000,93.21,93.53,90.04,91.88,107613.788
1626724800000,91.9,92.09,88.8,89.23,65856.296
1626739200000,89.23,91.73,83.79,84.74,144252.598
1626753600000,84.78,87.31,84.46,86.14,58294.93
1626768000000,86.14,86.6,82.91,85.08,71722.714
1626782400000,85.09,87.78,84.1,87.09,94399.908
1626796800000,87.06,88.11,85.71,86.92,61973.689
1626811200000,86.89,87.81,85.09,85.59,46808.44
1626825600000,85.58,87.45,84.12,87.01,78739.242
1626840000000,87.0,91.62,86.92,91.01,88086.349
1626854400000,91.0,92.41,90.51,92.12,92223.081
1626868800000,92.11,93.76,91.3,93.59,68440.816
1626883200000,93.58,94.99,90.87,91.03,118364.719
1626897600000,90.98,95.6,90.98,95.18,62199.024
1626912000000,95.19,95.88,91.83,92.29,67667.165
1626926400000,92.3,94.71,92.05,94.0,54640.605
1626940800000,94.0,95.0,92.45,93.13,58362.088
1626955200000,93.11,96.27,91.34,96.0,64010.516
1626969600000,96.01,97.94,95.18,96.58,54564.083
1626984000000,96.59,97.9,95.53,97.54,45163.05
1626998400000,97.57,99.01,96.46,97.77,43720.371
1627012800000,97.76,99.07,96.03,97.01,45431.029
1627027200000,97.01,97.05,94.5,95.19,71618.384
1627041600000,95.15,97.32,94.35,94.57,61096.831
1627056000000,94.58,94.66,92.03,93.84,52368.488
1627070400000,93.85,97.83,93.73,97.71,50219.831
1627084800000,97.69,100.5,96.94,100.42,52808.028
1627099200000,100.43,100.95,98.89,99.5,39823.59
1627113600000,99.5,99.57,97.75,98.42,35674.951
1627128000000,98.42,99.65,98.06,99.36,34470.214
1627142400000,99.37,102.67,98.65,98.9,83242.314
1627156800000,98.89,99.47,97.96,99.23,33800.412
1627171200000,99.24,99.97,96.22,97.35,48015.313
1627185600000,97.33,99.86,97.27,99.57,45258.133
1627200000000,99.57,99.75,97.59,97.81,36606.17
1627214400000,97.82,98.59,95.59,97.27,49682.107
1627228800000,97.26,97.72,95.95,96.99,35854.343
1627243200000,96.94,100.55,96.34,100.4,39255.275
1627257600000,100.4,106.25,100.0,105.59,127076.879
1627272000000,105.58,109.6,104.77,105.57,87684.983
1627286400000,105.62,108.25,104.55,108.1,57895.81
1627300800000,108.13,108.5,104.93,105.99,63550.041
1627315200000,105.98,109.74,105.64,106.65,90718.432
1627329600000,106.62,106.72,100.34,101.32,118847.09
1627344000000,101.3,102.39,97.91,98.93,96117.79
1627358400000,98.91,99.9,98.53,99.44,45817.816
1627372800000,99.41,102.22,98.87,102.22,45688.306
1627387200000,102.22,103.67,100.46,100.99,78388.464
1627401600000,100.96,101.39,98.05,100.57,79636.301
1627416000000,100.59,103.18,100.59,102.84,35115.71
1627430400000,102.8,103.86,101.56,102.5,49983.694
1627444800000,102.5,105.08,101.38,104.46,66014.84
1627459200000,104.43,105.28,102.7,104.93,57852.671
1627473600000,104.91,105.27,102.14,104.56,65012.558
1627488000000,104.57,105.27,101.65,104.31,77219.581
1627502400000,104.31,106.08,103.52,105.88,37573.164
1627516800000,105.9,107.1,104.3,104.73,81924.118
1627531200000,104.72,106.97,104.32,105.92,36440.71
1627545600000,105.92,107.15,104.76,105.31,38696.162
1627560000000,105.33,107.03,104.56,106.65,35491.474
1627574400000,106.62,108.26,106.3,107.14,48568.433
1627588800000,107.14,108.89,106.53,107.87,35905.265
1627603200000,107.85,109.64,106.63,108.87,45082.638
1627617600000,108.87,109.22,107.05,107.94,31584.214
1627632000000,107.97,108.03,103.25,103.74,78295.364
1627646400000,103.72,104.91,102.82,104.74,69832.943
1627660800000,104.71,105.93,104.01,105.66,30766.976
1627675200000,105.67,110.07,105.67,109.89,63584.266
1627689600000,109.92,111.97,108.78,111.22,53976.463
1627704000000,111.23,111.62,109.6,111.24,42317.775
1627718400000,111.23,112.68,110.23,110.63,43380.429
1627732800000,110.62,111.12,109.02,110.75,44239.543
1627747200000,110.75,111.25,109.09,110.52,29623.613
1627761600000,110.52,112.49,110.06,111.17,22624.37
1627776000000,111.18,116.81,110.34,116.51,55195.117
1627790400000,116.5,119.32,116.42,117.63,71286.181
1627804800000,117.6,120.75,115.8,117.73,92075.784
1627819200000,117.72,123.52,116.8,121.54,127030.439
1627833600000,121.53,122.28,117.61,119.84,93858.212
1627848000000,119.82,120.7,113.12,115.53,73710.621
1627862400000,115.51,117.2,113.22,116.85,64873.714
1627876800000,116.86,119.99,116.47,118.35,60922.752
1627891200000,118.35,118.66,116.12,118.61,45850.518
1627905600000,118.59,119.03,116.33,117.16,54535.886
1627920000000,117.18,118.27,115.13,115.54,38444.31
1627934400000,115.57,116.6,113.92,115.28,40045.249
1627948800000,115.27,116.85,110.73,111.37,59582.122
1627963200000,111.37,112.07,109.24,111.72,45139.351
1627977600000,111.71,112.1,110.24,111.31,39392.867
1627992000000,111.31,114.72,109.31,112.73,88367.982
1628006400000,112.74,114.51,111.76,113.13,37682.243
1628020800000,113.13,115.64,112.2,114.12,28644.115
1628035200000,114.1,116.35,112.66,114.24,38299.202
1628049600000,114.19,116.32,113.71,114.81,40072.857
1628064000000,114.8,115.76,113.29,114.93,50620.425
1628078400000,114.95,118.6,114.87,118.23,47753.857
1628092800000,118.23,120.72,117.65,120.26,47486.221
1628107200000,120.27,120.54,117.63,118.1,36271.231
1628121600000,118.08,118.7,116.12,117.65,40173.364
1628136000000,117.65,118.02,115.49,116.32,32763.365
1628150400000,116.28,116.83,114.19,115.78,55039.717
1628164800000,115.79,119.81,114.08,118.32,84550.207
1628179200000,118.32,120.92,118.27,119.31,50786.065
1628193600000,119.31,119.67,118.01,119.03,29895.237
1628208000000,119.05,119.76,117.44,118.96,47548.865
1628222400000,118.95,120.84,118.92,119.92,50514.126
1628236800000,119.92,120.1,118.31,119.48,35106.069
1628251200000,119.48,125.05,118.74,124.87,70475.647
1628265600000,124.88,127.15,124.51,126.15,61716.807
1628280000000,126.14,128.82,125.12,127.01,45324.098
1628294400000,126.99,130.49,126.57,129.75,58509.708
1628308800000,129.75,129.75,125.51,127.0,63650.169
1628323200000,126.96,132.17,126.5,131.72,73181.733
1628337600000,131.72,133.5,128.01,132.25,106159.945
1628352000000,132.24,134.84,128.37,133.53,100877.154
1628366400000,133.53,135.02,131.66,134.28,44115.817
1628380800000,134.29,136.44,130.51,132.3,75942.364
1628395200000,132.27,133.47,130.7,131.95,46757.798
1628409600000,131.95,132.15,128.68,129.32,48568.773
1628424000000,129.33,131.15,126.18,126.62,55400.728
1628438400000,126.64,127.73,122.52,123.34,73680.64
1628452800000,123.36,126.05,121.51,123.51,69277.055
1628467200000,123.52,123.82,118.75,122.26,59495.566
1628481600000,122.27,124.97,121.46,123.52,61861.545
1628496000000,123.51,129.0,122.83,128.88,63305.65
1628510400000,128.88,132.2,127.11,131.3,91984.135
1628524800000,131.31,132.5,129.41,129.95,63073.459
1628539200000,129.95,131.4,126.74,130.71,53508.573
1628553600000,130.71,131.79,128.2,128.54,45862.391
1628568000000,128.54,131.42,128.03,131.07,37870.435
1628582400000,131.07,132.1,129.15,131.42,56501.167
1628596800000,131.42,134.58,130.23,130.69,105668.836
1628611200000,130.67,131.3,128.31,131.13,44561.856
1628625600000,131.14,133.24,130.97,131.98,34042.389
1628640000000,131.97,134.56,131.67,134.28,50802.972
1628654400000,134.29,138.29,134.03,136.99,51204.733
1628668800000,137.01,138.15,135.26,135.52,45381.728
1628683200000,135.53,139.81,134.49,137.51,73039.934
1628697600000,137.51,141.89,136.5,141.5,84159.444
1628712000000,141.52,142.8,136.12,137.29,72742.654
1628726400000,137.24,143.18,137.01,140.8,64458.117
1628740800000,140.79,141.58,132.32,137.21,108214.129
1628755200000,137.2,139.79,135.22,136.29,75748.694
1628769600000,136.3,137.15,131.83,132.41,67691.873
1628784000000,132.42,134.03,130.61,133.73,54420.906
1628798400000,133.71,134.82,130.82,133.68,51210.201
1628812800000,133.71,138.24,132.69,136.87,63782.478
1628827200000,136.87,139.88,135.97,139.65,60220.848
1628841600000,139.67,140.8,138.39,138.4,56900.868
1628856000000,138.43,140.34,136.32,137.69,46887.423
1628870400000,137.65,139.58,137.08,139.28,39379.738
1628884800000,139.29,145.33,138.78,144.99,54633.047
1628899200000,145.0,146.11,142.25,143.09,58126.688
1628913600000,143.05,145.5,142.04,145.3,28626.625
1628928000000,145.3,147.94,137.4,140.74,85984.041
1628942400000,140.75,144.11,138.47,143.57,62456.084
1628956800000,143.57,144.55,140.18,141.71,51382.833
1628971200000,141.7,145.3,138.3,145.09,54649.733
1628985600000,145.09,148.47,143.59,145.27,67339.126
1629000000000,145.35,146.0,140.99,141.4,54162.682
1629014400000,141.41,145.72,140.71,145.43,61473.569
1629028800000,145.42,145.48,140.83,142.99,63546.735
1629043200000,143.03,147.23,141.8,146.98,68556.589
1629057600000,147.01,156.69,146.68,155.03,158055.235
1629072000000,155.03,156.05,152.17,152.39,65521.877
1629086400000,152.42,156.18,152.34,154.76,56603.872
1629100800000,154.76,158.23,153.88,156.46,68876.848
1629115200000,156.46,156.46,148.44,152.71,107529.175
1629129600000,152.7,155.75,151.55,152.13,76902.804
1629144000000,152.1,155.1,149.81,150.2,71101.354
1629158400000,150.17,154.62,145.02,154.08,82882.106
1629172800000,154.2,156.25,148.68,152.01,73385.475
1629187200000,152.0,159.67,151.9,158.51,105214.48
1629201600000,158.47,160.04,150.4,150.68,101522.812
1629216000000,150.71,153.75,149.05,150.22,78364.868
1629230400000,150.18,150.79,140.64,141.45,105115.462
1629244800000,141.5,143.61,135.01,141.36,111387.4
1629259200000,141.38,144.32,139.61,140.0,54330.881
1629273600000,139.92,142.91,137.16,137.39,74197.69
1629288000000,137.4,144.97,137.39,144.95,66562.51
1629302400000,144.96,145.13,139.19,139.86,77630.997
1629316800000,139.89,143.31,137.03,140.86,53552.221
1629331200000,140.88,143.0,138.21,138.93,62873.984
1629345600000,138.88,141.67,137.6,139.89,59104.621
1629360000000,139.9,141.56,138.56,138.89,56425.848
1629374400000,138.89,143.94,138.05,143.23,66586.741
1629388800000,143.24,147.38,142.41,146.93,57822.818
1629403200000,146.92,147.99,144.14,147.52,54103.277
1629417600000,147.52,150.96,146.45,147.34,63596.363
1629432000000,147.35,149.71,146.53,147.34,42546.92
1629446400000,147.35,151.31,146.0,149.08,50973.729
1629460800000,149.08,154.28,149.05,153.97,70712.123
1629475200000,153.96,156.2,151.34,153.85,68619.654
1629489600000,153.85,155.35,152.33,153.95,37464.834
1629504000000,153.94,154.03,150.68,152.45,47064.736
1629518400000,152.44,153.63,150.53,153.46,35962.804
1629532800000,153.45,154.4,148.01,152.85,83742.384
1629547200000,152.82,158.12,152.4,154.82,101633.907
1629561600000,154.86,157.57,151.15,152.09,108529.394
1629576000000,152.12,156.63,150.79,156.1,64866.184
1629590400000,156.07,161.97,155.83,158.3,96530.182
1629604800000,158.3,161.13,158.0,159.83,38390.061
1629619200000,159.85,161.7,158.35,159.62,52891.211
1629633600000,159.61,160.12,152.54,155.01,79731.42
1629648000000,155.04,159.35,152.89,158.37,68592.921
1629662400000,158.35,160.78,155.83,160.78,49334.247
1629676800000,160.79,164.45,159.63,164.44,87342.77
1629691200000,164.45,166.5,163.23,164.69,67668.02
1629705600000,164.69,166.83,162.68,165.59,83505.381
1629720000000,165.62,166.34,161.32,164.83,96000.676
1629734400000,164.84,168.99,162.48,163.01,75824.095
1629748800000,163.06,165.64,162.0,165.35,43518.646
1629763200000,165.34,171.3,164.17,166.42,124489.488
1629777600000,166.38,167.53,165.48,167.25,44925.786
1629792000000,167.19,168.17,162.38,164.17,61268.272
1629806400000,164.21,164.64,157.5,158.75,99814.048
1629820800000,158.74,158.81,152.14,157.9,103538.077
1629835200000,157.9,160.36,154.83,155.39,66480.707
1629849600000,155.36,160.65,155.34,156.82,54858.072
1629864000000,156.76,160.65,156.55,157.62,49250.157
1629878400000,157.61,158.0,150.6,154.34,79799.055
1629892800000,154.37,160.36,151.01,160.24,79375.667
1629907200000,160.24,164.72,159.52,162.21,75814.689
1629921600000,162.21,164.44,161.59,163.95,42251.639
1629936000000,163.94,165.44,156.23,156.51,70309.038
1629950400000,156.48,157.24,148.13,150.24,91683.074
1629964800000,150.26,152.48,147.02,149.89,87304.616
1629979200000,149.89,152.58,146.52,147.33,88675.958
1629993600000,147.33,148.42,143.32,144.97,92735.537
1630008000000,144.99,148.33,143.73,144.0,60673.35
1630022400000,144.0,146.68,140.35,141.73,94039.364
1630036800000,141.74,145.38,139.75,145.01,74148.165
1630051200000,144.96,147.67,142.52,145.97,74332.678
1630065600000,145.97,151.2,144.62,149.62,101991.17
1630080000000,149.62,150.78,148.93,149.73,43792.037
1630094400000,149.72,152.52,149.12,152.25,55915.135
1630108800000,152.27,152.73,148.77,149.11,56320.151
1630123200000,149.11,149.81,147.18,148.9,37234.392
1630137600000,148.89,150.42,147.28,148.31,38974.924
1630152000000,148.29,150.71,146.98,149.21,53819.799
1630166400000,149.22,150.5,148.42,149.71,46881.624
1630180800000,149.71,152.3,149.24,150.76,44794.854
1630195200000,150.79,154.45,147.05,148.03,85643.23
1630209600000,148.02,150.64,146.07,150.35,46721.209
1630224000000,150.29,152.15,148.69,148.78,53133.781
1630238400000,148.8,149.78,146.32,148.47,54420.846
1630252800000,148.52,150.19,147.59,149.22,46774.699
1630267200000,149.22,150.77,148.09,148.5,32267.097
1630281600000,148.52,149.32,144.6,145.47,55397.632
1630296000000,145.45,146.17,143.69,145.84,64944.383
1630310400000,145.86,146.96,144.15,145.49,38692.59
1630324800000,145.52,145.56,141.13,144.53,60767.6
1630339200000,144.51,146.99,143.7,146.97,45843.667
1630353600000,146.97,147.74,140.41,141.28,52841.551
1630368000000,141.3,142.36,139.06,141.91,65435.213
1630382400000,141.91,144.82,140.52,144.33,46245.774
1630396800000,144.34,148.06,141.89,146.9,91017.941
1630411200000,146.91,148.36,143.63,146.49,69466.535
1630425600000,146.48,147.66,143.47,145.85,57361.12
1630440000000,145.82,146.12,141.39,143.92,50190.221
1630454400000,143.88,144.94,140.74,142.13,63005.459
1630468800000,142.11,143.93,141.8,142.62,35365.619
1630483200000,142.6,145.71,142.39,145.3,41923.098
1630497600000,145.27,150.58,144.58,150.25,108928.515
1630512000000,150.25,151.65,148.62,149.18,59817.61
1630526400000,149.16,152.1,149.05,151.87,38982.836
1630540800000,151.85,153.34,150.33,152.26,54285.135
1630555200000,152.27,153.9,150.89,152.94,52164.005
1630569600000,152.98,154.18,151.25,153.78,50778.113
1630584000000,153.78,155.45,150.08,151.73,83561.203
1630598400000,151.73,154.1,150.94,152.06,55570.805
1630612800000,152.06,153.49,150.64,150.77,29254.498
1630627200000,150.74,151.83,147.0,149.69,109033.459
1630641600000,149.69,149.85,147.68,148.37,77266.091
1630656000000,148.38,153.96,147.9,153.62,111639.681
1630670400000,153.61,160.07,152.61,157.85,185630.332
1630684800000,157.84,159.83,156.6,158.01,68892.957
1630699200000,158.01,159.09,154.41,156.72,66430.545
1630713600000,156.71,159.48,155.7,159.43,55304.859
1630728000000,159.43,161.18,157.31,157.88,71223.565
1630742400000,157.88,162.57,156.57,158.19,106156.264
1630756800000,158.14,160.32,157.02,157.81,67007.628
1630771200000,157.83,160.42,155.14,160.16,110049.608
1630785600000,160.16,162.28,158.16,160.34,74719.685
1630800000000,160.37,164.41,159.84,160.31,99562.594
1630814400000,160.31,163.3,159.33,161.9,60918.024
1630828800000,161.89,165.19,161.86,163.28,80849.745
1630843200000,163.3,169.13,162.78,166.12,108893.591
1630857600000,166.14,175.52,166.1,172.53,207080.403
1630872000000,172.56,176.18,171.7,173.07,95583.235
1630886400000,173.11,173.23,169.78,170.65,69049.228
1630900800000,170.66,174.51,170.51,174.19,71793.887
1630915200000,174.24,176.38,168.35,169.28,123035.172
1630929600000,169.27,174.25,163.56,171.91,178818.98
1630944000000,171.91,173.15,169.65,170.2,56213.273
1630958400000,170.19,173.0,169.02,171.34,60228.877
1630972800000,171.31,172.07,168.21,168.46,52949.42
1630987200000,168.45,169.64,164.23,165.9,91561.084
1631001600000,165.94,166.04,156.41,158.89,175573.217
1631016000000,158.89,162.52,112.26,134.95,339102.365
1631030400000,134.95,141.34,131.85,135.67,250344.459
1631044800000,135.69,138.87,132.95,136.38,106177.936
1631059200000,136.33,138.73,132.61,133.39,114716.896
1631073600000,133.4,136.32,123.74,124.09,151280.964
1631088000000,124.1,132.06,120.53,130.3,115086.382
1631102400000,130.26,138.01,130.21,135.99,159453.537
1631116800000,135.99,138.41,134.54,136.94,82712.602
1631131200000,136.94,139.39,133.44,135.41,108052.469
1631145600000,135.4,137.78,131.71,135.32,142767.93
1631160000000,135.4,143.38,134.71,142.52,108052.604
1631174400000,142.53,142.87,137.73,138.94,78014.011
1631188800000,138.95,142.0,133.42,140.27,108533.168
1631203200000,140.28,142.69,137.03,138.13,85043.057
1631217600000,138.12,139.03,136.06,137.73,73392.957
1631232000000,137.74,142.64,137.22,140.47,56352.8
1631246400000,140.48,140.96,135.18,135.88,45294.24
1631260800000,135.88,137.85,133.11,137.27,72167.606
1631275200000,137.27,137.64,125.1,129.35,150134.167
1631289600000,129.35,130.88,128.04,129.11,55972.774
1631304000000,129.13,130.04,124.76,128.17,67701.044
1631318400000,128.15,130.87,126.93,127.8,54180.913
1631332800000,127.8,130.64,126.65,128.59,59739.405
1631347200000,128.6,132.99,127.13,132.39,71374.23
1631361600000,132.4,133.43,130.48,132.62,66116.034
1631376000000,132.63,134.47,130.37,130.48,67753.152
1631390400000,130.46,131.32,127.22,128.5,55224.289
1631404800000,128.51,129.83,126.1,129.5,72077.806
1631419200000,129.51,130.16,128.1,129.99,37881.804
1631433600000,130.02,132.64,129.49,131.87,54901.723
1631448000000,131.86,133.68,130.73,131.43,81515.419
1631462400000,131.42,132.47,130.32,131.26,41811.432
1631476800000,131.27,132.58,126.84,131.22,69074.685
1631491200000,131.22,132.59,123.68,123.85,80170.943
1631505600000,123.86,126.94,121.92,123.18,85149.522
1631520000000,123.22,124.8,120.9,124.16,96082.317
1631534400000,124.17,130.92,122.22,126.02,158750.647
1631548800000,126.01,129.6,125.57,127.23,72760.213
1631563200000,127.22,129.0,127.14,127.78,37248.952
1631577600000,127.75,129.32,126.29,127.75,52987.029
1631592000000,127.74,128.39,126.42,127.26,36219.12
1631606400000,127.29,130.14,127.17,129.72,90659.698
1631620800000,129.73,130.74,127.1,130.7,106143.197
1631635200000,130.65,131.51,128.61,130.32,60072.307
1631649600000,130.33,133.94,130.24,133.86,61348.641
1631664000000,133.86,134.07,132.13,132.72,44194.789
1631678400000,132.73,133.77,131.12,132.23,48856.082
1631692800000,132.16,133.12,130.79,132.16,52775.472
1631707200000,132.14,135.05,130.9,135.03,67557.078
1631721600000,135.01,137.53,133.91,136.2,61800.55
1631736000000,136.16,140.17,135.26,139.89,55840.51
1631750400000,139.88,146.5,138.88,142.09,198072.584
1631764800000,142.12,144.39,142.04,143.54,63363.954
1631779200000,143.48,143.97,139.29,140.19,68812.802
1631793600000,140.23,141.39,136.5,139.7,88169.839
1631808000000,139.7,140.04,137.13,137.54,51174.9
1631822400000,137.57,138.62,133.66,137.92,60015.489
1631836800000,137.94,139.69,137.0,138.25,43407.052
1631851200000,138.26,140.23,136.49,137.25,48025.305
1631865600000,137.26,139.35,133.72,134.11,69898.044
1631880000000,134.11,137.19,132.82,136.6,61606.969
1631894400000,136.61,137.2,133.37,135.37,39710.122
1631908800000,135.38,135.47,132.48,134.6,45616.19
1631923200000,134.61,137.33,132.65,136.93,40696.531
1631937600000,136.94,143.99,136.67,141.11,114757.24
1631952000000,141.11,141.75,138.77,139.33,46412.654
1631966400000,139.36,141.85,138.62,140.46,41216.068
1631980800000,140.46,140.94,138.26,139.3,31061.79
1631995200000,139.3,139.3,136.38,138.61,37091.193
1632009600000,138.65,139.34,136.92,137.95,37604.229
1632024000000,137.95,140.74,137.52,139.84,32555.231
1632038400000,139.85,141.61,135.45,136.24,45851.445
1632052800000,136.24,138.32,135.53,137.63,54553.497
1632067200000,137.62,137.67,135.21,135.25,34910.659
1632081600000,135.21,136.54,132.01,133.63,52731.136
1632096000000,133.6,134.05,124.45,126.33,129742.187
1632110400000,126.29,127.67,121.35,123.36,73056.613
1632124800000,123.44,127.09,116.89,118.65,139132.357
1632139200000,118.6,122.36,115.0,120.5,164463.268
1632153600000,120.57,122.25,117.38,119.85,110282.993
1632168000000,119.82,121.35,117.06,119.06,92146.461
1632182400000,119.05,119.31,112.06,117.58,129540.395
1632196800000,117.59,119.38,115.01,119.31,67308.181
1632211200000,119.3,120.69,118.57,119.86,46960.912
1632225600000,119.81,120.9,117.36,119.49,92693.743
1632240000000,119.53,119.84,112.4,113.15,87287.401
1632254400000,113.17,113.97,108.04,111.67,118106.601
1632268800000,111.65,116.28,110.45,114.41,87869.744
1632283200000,114.44,118.52,113.48,117.91,72885.801
1632297600000,117.91,118.24,114.2,114.44,51477.29
1632312000000,114.45,119.1,114.29,118.87,62468.893
1632326400000,118.88,121.23,117.88,119.95,64167.86
1632340800000,119.95,121.66,119.23,121.39,43027.123
1632355200000,121.37,122.42,119.12,122.25,71895.377
1632369600000,122.24,122.37,119.83,121.65,41798.056
1632384000000,121.68,122.03,118.25,119.06,67448.11
1632398400000,119.01,122.17,118.01,120.32,59265.152
1632412800000,120.3,123.53,120.3,123.11,61244.264
1632427200000,123.07,123.33,121.02,122.59,32378.3
1632441600000,122.55,123.3,119.89,120.19,52903.387
1632456000000,120.19,120.8,118.49,119.74,60132.294
1632470400000,119.73,121.0,105.0,108.83,183548.169
1632484800000,108.85,111.15,105.55,108.86,108537.469
1632499200000,108.85,110.68,108.05,110.01,72958.541
1632513600000,110.01,112.43,109.62,110.54,60599.904
1632528000000,110.55,112.4,108.94,111.47,74055.13
1632542400000,111.48,112.74,109.4,109.65,54075.781
1632556800000,109.66,112.82,106.87,110.06,98342.165
1632571200000,110.06,111.48,108.27,110.03,67489.855
1632585600000,110.02,110.55,108.25,109.99,57343.417
1632600000000,110.0,111.29,107.82,110.53,52339.625
1632614400000,110.49,111.25,107.12,109.72,80367.56
1632628800000,109.71,110.96,102.75,104.37,104173.552
1632643200000,104.29,110.49,101.82,110.19,128725.485
1632657600000,110.2,113.08,110.18,112.14,83610.155
1632672000000,112.15,112.81,110.22,112.12,64479.226
1632686400000,112.12,112.93,109.3,111.11,72617.162
1632700800000,111.11,113.75,109.75,111.6,61178.362
1632715200000,111.6,112.59,110.31,111.05,47516.543
1632729600000,111.05,112.76,110.65,112.53,69084.887
1632744000000,112.52,112.97,107.48,108.49,99152.927
1632758400000,108.54,108.9,105.87,106.85,77597.348
1632772800000,106.85,107.66,104.27,104.44,62514.207
1632787200000,104.44,106.97,103.8,106.07,62161.736
1632801600000,106.07,106.86,104.03,104.43,60589.171
1632816000000,104.47,107.74,104.03,106.7,96219.194
1632830400000,106.72,107.21,102.72,102.78,121020.933
1632844800000,102.76,103.65,100.71,101.89,87062.256
1632859200000,101.9,103.55,100.11,100.66,64709.483
1632873600000,100.68,104.99,100.32,104.72,95959.383
1632888000000,104.72,106.25,104.53,106.14,49366.944
1632902400000,106.14,107.06,104.53,106.69,70620.213
1632916800000,106.68,108.36,103.54,103.86,135218.951
1632931200000,103.86,104.47,102.18,102.46,54911.196
1632945600000,102.47,103.75,101.15,103.61,44000.589
1632960000000,103.58,107.76,102.96,107.55,79085.008
1632974400000,107.53,108.0,105.69,105.92,45189.447
1632988800000,105.95,106.54,104.64,106.14,64121.264
1633003200000,106.16,107.74,105.53,106.45,66442.888
1633017600000,106.44,107.57,104.84,105.67,99009.462
1633032000000,105.67,107.16,104.65,107.12,41839.471
1633046400000,107.16,108.68,106.22,107.03,64173.606
1633060800000,107.0,109.36,106.63,109.17,45351.279
1633075200000,109.19,114.29,109.1,113.74,110490.746
1633089600000,113.8,114.76,112.0,113.47,127109.535
1633104000000,113.49,114.72,112.57,114.52,101023.428
1633118400000,114.52,115.02,112.39,114.75,72568.154
1633132800000,114.85,115.42,112.07,112.17,75112.485
1633147200000,112.18,113.86,111.86,113.4,48206.757
1633161600000,113.35,114.4,112.51,114.25,51834.355
1633176000000,114.27,116.78,113.98,116.44,66524.954
1633190400000,116.41,117.44,115.53,117.09,59388.072
1633204800000,117.09,117.09,113.5,114.15,62477.91
1633219200000,114.16,115.71,112.37,115.03,61190.109
1633233600000,115.05,116.18,114.69,115.13,36122.722
1633248000000,115.13,117.41,113.58,116.91,72575.282
1633262400000,116.87,118.15,115.51,116.18,81793.744
1633276800000,116.16,118.68,115.51,118.12,61894.67
1633291200000,118.13,119.41,115.34,118.82,85908.313
1633305600000,118.82,119.16,114.05,114.1,81985.664
1633320000000,114.08,116.32,113.09,116.17,53841.448
1633334400000,116.17,116.23,113.49,114.58,66514.605
1633348800000,114.6,118.45,112.53,114.7,95569.029
1633363200000,114.65,118.74,114.34,117.35,77684.217
1633377600000,117.39,117.85,114.84,116.92,49510.427
1633392000000,116.85,118.37,115.33,117.95,54138.152
1633406400000,117.96,118.88,116.49,117.88,42959.995
1633420800000,117.85,119.99,117.27,119.15,62543.381
1633435200000,119.15,121.89,117.13,120.53,79796.475
1633449600000,120.53,122.07,119.5,120.97,94278.771
1633464000000,120.96,124.2,120.8,123.12,82337.052
1633478400000,123.17,124.18,120.74,121.71,65749.565
1633492800000,121.69,122.33,119.71,120.71,78228.312
1633507200000,120.71,121.08,114.72,117.31,133294.751
1633521600000,117.3,125.48,117.1,124.71,144281.376
1633536000000,124.69,127.14,124.24,125.82,114529.244
1633550400000,125.81,126.61,124.09,125.37,47922.002
1633564800000,125.37,125.6,121.49,122.63,74834.028
1633579200000,122.63,129.74,122.5,127.55,185850.046
1633593600000,127.58,128.35,124.47,126.32,84711.635
1633608000000,126.31,126.39,122.72,125.16,93293.014
1633622400000,125.13,126.6,123.82,125.1,78693.404
1633636800000,125.09,126.2,123.83,125.47,35845.302
1633651200000,125.5,126.95,123.8,126.21,56158.062
1633665600000,126.17,126.96,125.34,126.81,64258.169
1633680000000,126.79,127.98,125.85,126.39,73277.695
1633694400000,126.36,126.75,124.22,125.6,63645.221
1633708800000,125.6,126.05,124.46,125.26,30708.108
1633723200000,125.26,125.65,122.9,123.63,40274.466
1633737600000,123.63,124.57,122.17,124.24,52482.999
1633752000000,124.24,125.85,124.03,125.7,61577.096
1633766400000,125.77,127.21,124.7,126.28,55664.273
1633780800000,126.27,128.2,126.23,127.52,72883.483
1633795200000,127.51,128.39,126.11,127.37,69224.622
1633809600000,127.31,128.06,126.26,127.67,38058.142
1633824000000,127.7,127.84,124.4,126.6,69676.803
1633838400000,126.6,128.07,126.07,126.91,45973.601
1633852800000,126.92,127.11,124.72,125.89,57328.203
1633867200000,125.9,126.23,124.33,125.51,69054.454
1633881600000,125.48,125.58,122.78,123.2,57930.958
1633896000000,123.23,124.76,119.23,119.52,86502.971
1633910400000,119.52,121.97,118.0,121.9,67095.334
1633924800000,121.88,124.42,121.73,124.28,46891.16
1633939200000,124.28,125.91,121.44,122.27,77167.825
1633953600000,122.28,123.49,121.29,122.78,58756.347
1633968000000,122.76,123.02,118.87,118.97,75439.481
1633982400000,118.9,119.77,116.46,119.67,79108.042
1633996800000,119.71,119.71,114.3,115.1,81389.982
1634011200000,115.11,116.35,113.81,115.0,70484.965
1634025600000,115.01,116.35,111.43,113.68,97404.339
1634040000000,113.69,117.12,111.63,116.22,112517.253
1634054400000,116.17,116.84,114.9,115.2,52498.922
1634068800000,115.2,116.84,114.11,116.29,59456.716
1634083200000,116.28,119.69,115.39,117.87,125815.729
1634097600000,117.87,118.28,113.46,113.69,96898.789
1634112000000,113.64,115.13,113.17,114.97,78618.242
1634126400000,115.0,116.62,113.41,116.32,78930.531
1634140800000,116.35,117.76,115.88,117.59,85919.736
1634155200000,117.62,119.55,117.27,119.53,71023.463
1634169600000,119.55,121.12,119.0,120.6,67580.534
1634184000000,120.6,121.54,120.23,120.81,35256.622
1634198400000,120.81,122.72,120.8,121.92,46354.743
1634212800000,121.94,122.77,120.04,121.31,62674.523
1634227200000,121.33,122.46,120.18,121.44,49932.318
1634241600000,121.49,121.96,119.97,121.92,30290.52
1634256000000,121.95,123.42,119.21,122.44,102483.372
1634270400000,122.41,124.0,121.84,122.87,86197.458
1634284800000,122.87,123.22,119.24,121.18,93247.106
1634299200000,121.18,123.91,120.52,123.17,86113.531
1634313600000,123.17,126.26,122.85,126.05,133529.068
1634328000000,126.05,127.1,125.19,126.43,70742.606
1634342400000,126.43,127.07,124.97,125.26,44499.777
1634356800000,125.27,126.07,124.28,125.56,44725.364
1634371200000,125.56,128.38,125.28,127.45,64179.601
1634385600000,127.47,127.64,123.57,125.76,89159.08
1634400000000,125.75,126.93,124.5,126.36,60247.865
1634414400000,126.36,126.88,125.03,126.24,38259.506
1634428800000,126.24,126.78,124.28,126.25,40473.846
1634443200000,126.25,127.77,126.04,126.16,41129.575
1634457600000,126.21,132.89,126.13,130.31,114231.477
1634472000000,130.3,131.09,126.73,127.52,100946.902
1634486400000,127.51,138.54,127.17,135.79,319695.641
1634500800000,135.82,141.33,129.73,137.77,303365.65
1634515200000,137.81,145.0,136.67,137.72,287627.893
1634529600000,137.72,138.88,135.65,136.89,134402.939
1634544000000,136.9,138.5,135.11,136.16,163903.671
1634558400000,136.1,146.57,135.37,139.83,423206.675
1634572800000,139.8,140.33,136.43,137.98,111816.58
1634587200000,137.97,141.23,137.37,140.7,61620.207
1634601600000,140.7,145.58,140.0,144.28,90594.837
1634616000000,144.29,145.58,141.33,144.45,90681.921
1634630400000,144.46,147.78,142.95,144.88,168604.639
1634644800000,144.93,146.06,140.0,141.02,136412.359
1634659200000,141.09,142.77,140.64,140.76,61516.111
1634673600000,140.74,144.55,140.0,144.25,53513.4
1634688000000,144.26,146.37,144.01,145.28,70244.98
1634702400000,145.28,148.93,144.86,146.98,119950.192
1634716800000,146.95,147.59,145.45,146.92,50025.46
1634731200000,146.92,151.05,146.92,150.79,123540.232
1634745600000,150.83,151.58,149.46,150.45,68041.419
1634760000000,150.48,150.69,148.62,150.11,47171.486
1634774400000,150.1,152.74,148.17,149.78,80238.811
1634788800000,149.73,151.72,148.38,151.26,67145.126
1634803200000,151.21,157.92,150.19,151.24,143999.051
1634817600000,151.24,156.69,145.73,150.73,203486.826
1634832000000,150.65,155.0,150.24,153.85,106193.957
1634846400000,153.85,159.09,153.49,155.16,114893.638
1634860800000,155.14,163.16,155.11,161.12,149280.143
1634875200000,161.06,162.14,158.57,161.01,83225.23
1634889600000,161.01,163.43,159.34,162.58,112863.815
1634904000000,162.62,166.59,156.71,161.87,199221.122
1634918400000,161.88,162.67,158.21,161.92,120956.157
1634932800000,161.9,166.54,161.44,165.23,113959.07
1634947200000,165.22,171.18,164.14,171.02,154862.062
1634961600000,171.01,174.11,170.03,170.38,196466.725
1634976000000,170.32,171.5,165.36,169.51,166313.98
1634990400000,169.45,174.5,168.76,173.03,230572.494
1635004800000,173.01,174.81,168.74,168.96,150470.232
1635019200000,168.96,173.99,168.52,173.89,87505.401
1635033600000,173.81,187.84,173.08,187.15,539706.939
1635048000000,187.16,190.78,185.3,189.09,283799.674
1635062400000,189.05,189.6,181.56,182.15,216688.6
1635076800000,182.1,183.14,176.31,176.57,255856.707
1635091200000,176.47,181.24,170.71,172.47,274438.695
1635105600000,172.47,176.99,172.44,173.09,158608.707
1635120000000,173.08,177.45,170.8,171.74,159140.834
1635134400000,171.71,173.7,171.31,173.14,96791.023
1635148800000,173.15,176.2,172.85,173.53,112679.832
1635163200000,173.55,175.5,171.76,174.81,74853.824
1635177600000,174.82,176.2,171.43,171.86,81169.274
1635192000000,171.88,172.25,169.3,170.35,74574.69
1635206400000,170.37,171.89,169.68,170.65,69554.696
1635220800000,170.65,171.2,165.51,167.08,113104.909
1635235200000,167.08,168.62,166.67,166.94,57113.613
1635249600000,166.95,167.42,161.8,165.01,124803.834
1635264000000,165.01,167.14,163.26,166.01,62065.029
1635278400000,166.03,167.38,158.45,161.27,119825.998
1635292800000,161.33,162.39,159.35,161.39,82703.999
1635307200000,161.38,163.15,154.85,155.28,108576.665
1635321600000,155.3,155.41,140.79,148.91,321802.157
1635336000000,148.93,153.55,147.78,149.9,132019.114
1635350400000,149.91,151.79,147.11,150.13,79156.739
1635364800000,150.17,152.38,146.93,147.24,56113.43
1635379200000,147.31,149.4,144.66,146.46,124200.217
1635393600000,146.48,150.63,143.68,148.47,128966.969
1635408000000,148.53,155.63,148.44,152.74,95754.374
1635422400000,152.75,157.97,152.17,157.55,93551.852
1635436800000,157.55,159.6,152.64,159.2,134722.526
1635451200000,159.16,160.67,156.41,159.1,74561.607
1635465600000,159.15,162.63,158.36,161.3,94296.538
1635480000000,161.28,161.9,156.65,157.61,70406.484
1635494400000,157.62,159.65,156.85,158.29,52700.749
1635508800000,158.31,162.03,157.51,161.28,59722.296
1635523200000,161.26,162.94,160.04,161.68,67567.451
1635537600000,161.7,163.76,161.22,162.84,45372.523
1635552000000,162.66,162.9,160.11,160.76,37687.811
1635566400000,160.69,161.98,159.1,159.67,33152.872
1635580800000,159.67,159.79,157.17,159.15,45027.307
1635595200000,159.16,159.16,152.53,154.93,75034.756
1635609600000,154.95,155.22,153.07,155.22,42722.887
1635624000000,155.22,155.45,149.57,153.42,100227.265
1635638400000,153.48,174.53,151.9,166.14,521331.032
1635652800000,166.19,188.14,164.61,185.12,350521.996
1635667200000,185.26,187.31,172.48,181.03,329530.665
1635681600000,181.02,184.56,168.99,173.7,237445.586
1635696000000,173.77,180.22,171.55,171.95,162995.175
1635710400000,171.9,172.11,166.82,167.37,93643.951
1635724800000,167.4,171.81,161.61,162.68,120523.263
1635739200000,162.68,169.03,161.59,168.34,92657.972
1635753600000,168.3,169.77,167.38,167.55,63055.173
1635768000000,167.52,173.34,167.41,171.58,104930.168
1635782400000,171.58,171.66,165.57,169.09,75672.532
1635796800000,169.09,170.38,166.77,169.86,37613.712
1635811200000,169.85,176.68,167.49,176.13,103909.967
1635825600000,176.16,180.33,175.18,177.56,112567.814
1635840000000,177.65,180.16,172.09,172.47,123476.872
1635854400000,172.46,174.41,171.54,173.57,96649.949
1635868800000,173.69,174.25,172.11,172.88,37117.665
1635883200000,172.87,174.33,170.76,172.1,41629.363
1635897600000,172.1,172.5,167.3,168.73,67369.694
1635912000000,168.72,169.16,163.5,167.01,101945.413
1635926400000,167.06,168.65,166.08,167.27,65590.877
1635940800000,167.26,167.66,160.18,165.07,111589.189
1635955200000,165.09,168.71,163.34,168.3,62784.907
1635969600000,168.31,169.3,167.6,168.58,48343.807
1635984000000,168.64,168.91,165.07,165.81,45604.334
1635998400000,165.81,170.19,165.8,168.67,52510.474
1636012800000,168.69,172.08,165.88,166.68,77200.749
1636027200000,166.64,167.49,161.0,161.92,66268.491
1636041600000,161.99,163.42,160.21,162.87,62286.59
1636056000000,162.87,164.33,161.9,163.95,24760.464
1636070400000,163.93,164.92,161.07,164.79,31323.171
1636084800000,164.82,167.3,164.8,165.87,34486.221
1636099200000,165.86,169.9,164.32,165.13,57949.548
1636113600000,165.14,166.48,161.0,162.82,80904.55
1636128000000,162.79,165.16,162.15,162.86,31223.427
1636142400000,162.91,163.79,160.61,162.93,33106.246
1636156800000,162.91,166.0,161.44,165.81,35012.118
1636171200000,165.77,166.58,162.24,163.45,33864.986
1636185600000,163.45,164.43,155.31,157.08,73409.701
1636200000000,157.07,159.93,155.31,158.77,62760.297
1636214400000,158.8,159.81,157.44,159.75,21122.579
1636228800000,159.74,160.3,159.03,159.82,19177.698
1636243200000,159.83,161.06,158.45,160.33,25734.784
1636257600000,160.32,162.04,159.02,161.23,34237.945
1636272000000,161.21,163.1,159.05,160.62,52796.745
1636286400000,160.62,163.02,159.94,161.49,30585.835
1636300800000,161.51,161.75,159.99,160.94,20528.518
1636315200000,160.93,165.36,159.88,164.28,48520.987
1636329600000,164.29,167.89,163.6,166.72,77628.878
1636344000000,166.71,168.14,165.28,165.96,56595.614
1636358400000,165.93,167.35,164.3,166.11,48168.468
1636372800000,166.15,168.46,163.72,168.1,67018.817
1636387200000,168.13,170.94,166.24,169.82,60425.528
1636401600000,169.81,172.0,168.25,170.96,44968.216
1636416000000,170.97,174.82,169.63,173.74,140350.05
1636430400000,173.76,176.0,172.64,174.51,61452.587
1636444800000,174.51,185.86,174.22,184.57,181688.812
1636459200000,184.56,188.0,179.56,182.09,187538.02
1636473600000,182.03,194.41,179.68,190.99,227934.549
1636488000000,190.97,200.8,190.01,200.33,335325.328
1636502400000,200.33,205.5,191.6,192.28,310596.768
1636516800000,192.28,203.98,190.48,198.1,197528.193
1636531200000,198.1,198.58,188.53,193.0,195810.537
1636545600000,192.99,199.8,190.07,198.2,179192.309
1636560000000,198.21,198.83,185.68,186.08,152906.121
1636574400000,186.08,189.05,170.91,179.97,287395.578
1636588800000,179.92,187.38,177.0,186.08,128929.804
1636603200000,186.09,201.15,184.71,199.85,136735.908
1636617600000,199.8,220.24,199.31,210.81,544767.834
1636632000000,210.79,218.49,203.32,211.3,329241.815
1636646400000,211.29,214.06,205.51,211.09,189717.894
1636660800000,211.13,215.83,204.65,204.7,211801.055
1636675200000,204.65,210.87,202.3,205.16,150511.139
1636689600000,205.16,205.79,196.33,198.32,118757.065
1636704000000,198.32,200.92,192.73,196.34,127493.31
1636718400000,196.31,201.41,193.4,194.81,112477.433
1636732800000,194.89,201.75,190.72,199.82,145914.604
1636747200000,199.83,202.51,198.84,202.26,65914.346
1636761600000,202.26,210.87,199.65,208.21,145589.435
1636776000000,208.23,213.47,203.77,210.09,143863.332
1636790400000,210.09,210.38,204.76,206.56,110093.967
1636804800000,206.56,208.31,202.81,204.98,92153.774
1636819200000,204.98,208.19,200.67,201.03,79849.032
1636833600000,200.99,201.99,199.05,199.3,40200.625
1636848000000,199.3,202.65,197.39,197.94,54554.137
1636862400000,197.92,199.87,197.07,197.29,48928.74
1636876800000,197.32,198.59,194.82,198.31,47939.43
1636891200000,198.37,199.49,194.48,194.95,49347.975
1636905600000,194.95,197.45,192.37,196.35,78913.549
1636920000000,196.33,202.27,196.12,202.0,45550.56
1636934400000,202.0,204.7,198.76,200.05,68514.985
1636948800000,200.05,201.99,198.79,200.04,72963.222
1636963200000,200.12,201.8,197.62,200.78,49587.21
1636977600000,200.74,204.13,199.55,200.09,86533.133
1636992000000,200.04,200.63,193.85,195.32,87276.185
1637006400000,195.33,197.67,192.58,195.76,55265.884
1637020800000,195.76,195.78,180.53,185.05,172543.298
1637035200000,185.02,185.66,179.06,180.14,125499.597
1637049600000,180.12,181.26,162.75,172.84,216421.333
1637064000000,172.8,175.49,169.04,171.51,119991.639
1637078400000,171.52,173.02,166.32,168.06,88118.674
1637092800000,168.05,170.31,163.91,165.76,109321.167
1637107200000,165.76,167.93,156.37,157.62,181443.735
1637121600000,157.67,160.59,155.55,159.21,145646.821
1637136000000,159.2,161.95,152.97,161.78,164229.436
1637150400000,161.78,164.34,155.08,157.7,133819.024
1637164800000,157.8,161.98,155.99,157.78,93893.74
1637179200000,157.79,159.61,154.64,159.39,71653.017
1637193600000,159.4,162.34,157.03,157.03,81328.694
1637208000000,157.02,158.32,150.8,151.23,110873.785
1637222400000,151.27,153.99,147.0,150.03,151233.862
1637236800000,150.02,155.49,143.4,149.69,202885.672
1637251200000,149.73,152.35,141.24,151.42,166723.492
1637265600000,151.42,155.34,146.03,148.2,126376.789
1637280000000,148.25,154.01,146.24,150.91,126499.338
1637294400000,150.89,162.0,150.57,155.25,190385.275
1637308800000,155.24,164.33,153.94,158.56,181578.77
1637323200000,158.58,160.64,157.35,159.33,109034.282
1637337600000,159.34,162.98,158.51,160.64,84213.508
1637352000000,160.61,162.16,157.89,158.94,60785.986
1637366400000,158.93,184.73,158.58,184.5,769077.216
1637380800000,184.52,188.83,179.1,187.63,420973.267
1637395200000,187.63,187.89,179.67,183.56,224687.091
1637409600000,183.55,183.9,173.12,175.89,226436.03
1637424000000,175.89,179.7,172.14,178.49,187228.515
1637438400000,178.49,180.75,177.26,179.46,97997.738
1637452800000,179.46,182.58,176.85,178.18,145215.401
1637467200000,178.27,186.74,178.06,186.09,172184.303
1637481600000,186.05,194.12,185.33,188.44,226306.826
1637496000000,188.42,201.91,185.39,201.37,276568.692
1637510400000,201.35,228.47,201.31,222.31,892137.888
1637524800000,222.32,234.49,219.11,229.61,510195.407
1637539200000,229.79,237.91,216.8,225.74,537125.277
1637553600000,225.72,229.64,205.06,205.58,513064.059
1637568000000,205.6,214.72,204.68,210.46,242137.864
1637582400000,210.51,214.61,204.59,209.19,247959.095
1637596800000,209.22,216.42,198.15,198.25,216660.539
1637611200000,198.28,208.4,197.83,206.07,132046.56
1637625600000,206.06,217.41,203.0,209.78,166902.429
1637640000000,209.79,211.98,198.97,200.83,131842.75
1637654400000,200.74,207.37,195.38,201.82,166467.698
1637668800000,201.87,221.06,201.28,217.77,241594.299
1637683200000,217.85,220.9,211.19,216.04,187300.155
1637697600000,215.98,220.93,212.65,219.0,148187.089
1637712000000,218.95,259.79,217.32,256.57,627246.847
1637726400000,256.51,260.98,248.31,256.14,468444.511
1637740800000,256.14,261.19,247.09,251.75,403302.466
1637755200000,251.79,268.4,249.1,265.83,671276.641
1637769600000,265.86,269.9,249.46,255.14,371558.249
1637784000000,255.13,275.87,250.21,261.03,453792.0
1637798400000,261.03,268.84,252.15,268.04,265878.764
1637812800000,268.05,283.0,261.12,279.33,246537.718
1637827200000,279.32,282.26,267.67,272.92,206643.168
1637841600000,272.92,282.67,268.42,271.42,223213.464
1637856000000,271.36,290.95,263.21,289.88,285018.152
1637870400000,289.96,305.64,288.66,294.98,367947.839
1637884800000,295.11,296.91,279.14,280.35,208151.489
1637899200000,280.35,284.39,264.42,267.83,178401.932
1637913600000,267.85,268.51,235.81,244.88,594838.318
1637928000000,244.85,267.54,241.51,259.08,250840.907
1637942400000,259.17,267.56,249.16,253.79,201870.693
1637956800000,253.81,260.29,245.27,246.92,144535.607
1637971200000,246.79,267.11,243.67,262.68,167685.078
1637985600000,262.65,263.84,253.11,256.3,88726.839
1638000000000,256.3,272.79,256.23,265.07,214285.525
1638014400000,265.07,267.16,250.14,251.92,147435.33
1638028800000,251.89,256.03,250.36,251.14,101388.095
1638043200000,251.13,253.77,239.69,243.69,118406.083
1638057600000,243.65,243.81,226.68,232.04,197816.587
1638072000000,232.05,237.99,228.12,237.5,113487.178
1638086400000,237.52,240.51,231.84,235.66,105974.034
1638100800000,235.6,236.66,224.52,227.75,125199.785
1638115200000,227.75,232.53,214.49,227.37,212510.254
1638129600000,227.39,242.36,227.35,241.25,168037.718
1638144000000,241.27,248.14,239.72,242.26,149240.435
1638158400000,242.26,249.98,241.28,247.45,104387.53
1638172800000,247.45,248.69,237.78,245.47,121997.149
1638187200000,245.47,250.13,240.87,246.23,158637.789
1638201600000,246.19,255.01,242.63,247.92,113545.87
1638216000000,247.94,252.36,245.16,246.67,80250.619
1638230400000,246.76,247.76,226.24,228.32,162487.591
1638244800000,228.27,230.8,224.06,228.14,115659.028
1638259200000,228.21,233.37,225.0,231.69,106004.831
1638273600000,231.67,231.89,219.51,221.62,254817.501
1638288000000,221.66,226.5,214.0,224.18,248987.292
1638302400000,224.18,225.65,219.87,220.44,95878.174
1638316800000,220.41,228.88,219.01,224.4,140058.739
1638331200000,224.45,225.63,220.55,224.39,60557.967
1638345600000,224.42,225.58,215.65,220.13,103968.192
1638360000000,220.12,249.0,218.77,235.88,768243.985
1638374400000,235.94,237.61,227.06,227.9,208683.837
1638388800000,227.89,232.34,224.63,229.87,161185.052
1638403200000,229.94,229.94,215.24,218.69,169354.909
1638417600000,218.67,222.71,215.91,220.02,90028.817
1638432000000,220.02,221.97,217.44,218.57,75394.858
1638446400000,218.57,225.99,213.25,220.51,185648.158
1638460800000,220.57,227.19,218.56,225.44,113494.042
1638475200000,225.44,230.2,224.65,225.51,57740.106
1638489600000,225.51,231.11,217.12,221.06,120926.006
1638504000000,221.06,226.19,220.84,225.93,58802.624
1638518400000,225.96,234.09,223.63,233.32,118838.256
1638532800000,233.3,238.21,223.8,225.53,180071.108
1638547200000,225.6,225.84,208.13,208.31,190002.493
1638561600000,208.32,210.09,197.06,206.27,218538.7
1638576000000,206.22,206.76,195.28,195.65,148445.848
1638590400000,195.68,199.9,141.17,169.32,580804.742
1638604800000,169.18,172.57,165.03,167.99,188870.241
1638619200000,167.94,179.78,167.41,177.35,179248.019
1638633600000,177.34,182.14,170.04,180.06,286371.883
1638648000000,180.01,194.3,173.12,187.54,399607.355
1638662400000,187.68,194.46,179.82,185.87,241711.678
1638676800000,185.83,187.64,182.21,185.13,99385.494
1638691200000,185.12,186.63,176.2,178.13,148432.023
1638705600000,178.02,186.45,169.2,173.75,341502.474
1638720000000,173.68,183.75,170.12,174.32,315262.114
1638734400000,174.27,185.82,172.54,182.54,287842.03
1638748800000,182.55,182.94,172.33,179.82,242088.4
1638763200000,179.76,184.76,171.94,178.86,168450.486
1638777600000,178.84,184.06,160.46,170.21,385974.344
1638792000000,170.21,174.9,163.31,173.66,271568.314
1638806400000,173.78,174.83,170.28,173.24,136404.456
1638820800000,173.25,182.98,171.8,179.8,129749.444
1638835200000,179.86,183.89,178.45,181.03,126188.071
1638849600000,181.02,184.13,179.1,181.89,96068.128
1638864000000,181.88,186.08,180.27,182.91,137636.022
1638878400000,182.91,183.41,173.73,181.44,165452.382
1638892800000,181.43,182.23,173.42,176.1,151759.774
1638907200000,176.12,177.56,171.34,174.12,89789.523
1638921600000,174.08,176.29,170.51,171.03,93093.042
1638936000000,171.03,179.94,170.95,179.12,107920.612
1638950400000,179.02,181.03,166.14,169.23,171327.828
1638964800000,169.27,179.87,167.23,177.09,168942.145
1638979200000,177.08,182.84,174.54,177.56,126944.271
1638993600000,177.58,179.87,176.61,178.8,65714.408
1639008000000,178.83,179.58,171.3,176.11,101033.898
1639022400000,176.07,186.98,174.32,177.34,268247.478
1639036800000,177.34,184.36,174.75,178.55,163854.406
1639051200000,178.58,180.16,170.0,171.54,191899.454
1639065600000,171.52,172.49,163.43,165.05,167518.886
1639080000000,165.05,167.82,161.33,164.04,133845.859
1639094400000,164.01,171.13,163.16,168.21,137478.287
1639108800000,168.17,169.52,165.46,168.24,112228.621
1639123200000,168.25,173.52,166.9,172.25,127291.352
1639137600000,172.25,173.98,165.0,166.83,162946.543
1639152000000,166.86,170.62,164.61,167.46,110577.129
1639166400000,167.51,169.84,158.69,159.38,93065.141
1639180800000,159.36,162.75,155.67,161.33,131502.67
1639195200000,161.33,164.32,160.63,163.02,84931.563
1639209600000,163.01,171.37,162.2,167.2,133953.808
1639224000000,167.24,170.61,165.71,167.91,94284.586
1639238400000,167.88,169.83,164.07,164.5,74441.476
1639252800000,164.52,168.8,163.12,168.23,101046.746
1639267200000,168.2,168.9,165.16,166.37,79828.299
1639281600000,166.37,166.43,163.36,165.13,54986.557
1639296000000,165.11,165.29,160.86,162.93,75153.274
1639310400000,162.89,168.81,162.77,166.08,85743.434
1639324800000,166.07,173.01,165.76,170.68,93453.759
1639339200000,170.63,172.4,168.77,169.54,49881.111
1639353600000,169.55,172.33,163.66,166.2,127827.361
1639368000000,166.19,170.94,164.78,165.8,133585.956
1639382400000,165.77,168.98,164.1,165.3,121969.549
1639396800000,165.27,166.8,152.59,154.41,174455.419
1639411200000,154.5,155.21,146.09,149.02,206295.234
1639425600000,149.04,150.01,145.82,147.93,112901.334
1639440000000,147.95,149.56,144.99,148.81,101754.201
1639454400000,148.82,149.14,144.66,149.09,103190.671
1639468800000,149.07,151.02,147.44,150.58,117496.806
1639483200000,150.61,155.82,146.18,147.3,184827.661
1639497600000,147.38,148.55,143.38,146.55,110924.302
1639512000000,146.55,153.87,146.0,151.52,104205.092
1639526400000,151.48,152.77,148.3,150.16,63752.64
1639540800000,150.15,152.46,148.51,152.3,66108.664
1639555200000,152.31,153.47,150.3,150.72,65472.723
1639569600000,150.72,152.5,143.15,145.13,176102.12
1639584000000,145.13,157.33,144.74,156.61,192660.974
1639598400000,156.65,162.47,156.44,159.51,134530.483
1639612800000,159.62,161.72,157.28,158.73,66681.022
1639627200000,158.78,159.4,156.01,157.91,62188.333
1639641600000,157.84,161.73,157.3,160.9,66336.298
1639656000000,160.86,162.53,157.45,160.26,115605.762
1639670400000,160.28,166.99,156.56,157.51,157118.616
1639684800000,157.56,159.35,151.25,152.29,97198.235
1639699200000,152.3,154.25,151.73,152.18,57840.738
1639713600000,152.18,152.93,147.74,148.8,78187.032
1639728000000,148.81,151.04,148.49,150.08,69210.944
1639742400000,150.1,150.95,144.88,150.39,141917.641
1639756800000,150.34,153.56,148.93,149.19,82369.541
1639771200000,149.19,151.12,146.34,149.81,75187.423
1639785600000,149.74,162.0,149.14,157.0,244477.967
1639800000000,156.88,161.37,155.76,159.1,78244.331
1639814400000,159.01,165.23,157.24,160.29,144115.963
1639828800000,160.3,163.74,158.71,162.44,92580.497
1639843200000,162.41,162.98,158.1,159.7,68078.239
1639857600000,159.7,159.79,156.15,157.51,46438.426
1639872000000,157.48,164.71,155.54,164.36,93212.632
1639886400000,164.44,166.99,163.21,163.33,146877.026
1639900800000,163.33,163.82,159.6,162.13,69643.172
1639915200000,162.14,164.53,159.27,161.04,81325.907
1639929600000,161.06,162.19,157.44,158.27,54762.346
1639944000000,158.27,160.14,157.19,157.6,36958.313
1639958400000,157.61,159.0,155.13,156.94,76752.571
1639972800000,156.94,164.34,155.51,162.17,165482.765
1639987200000,162.18,162.5,152.13,153.7,148944.411
1640001600000,153.7,153.84,149.08,150.8,91603.939
1640016000000,150.8,154.57,150.51,154.08,61527.918
1640030400000,154.08,157.78,154.02,156.6,109817.281
1640044800000,156.61,160.96,155.59,160.69,102626.113
1640059200000,160.69,162.17,157.87,158.89,84534.103
1640073600000,158.9,160.7,157.79,158.23,66102.815
1640088000000,158.22,159.72,157.06,158.95,77825.223
1640102400000,158.95,160.62,158.65,160.61,44580.368
1640116800000,160.62,162.79,160.03,162.16,40659.133
1640131200000,162.12,164.7,161.82,163.85,58476.548
1640145600000,163.83,164.74,162.12,164.72,71890.867
1640160000000,164.67,165.0,161.47,162.49,68036.303
1640174400000,162.47,166.79,160.06,164.42,134578.497
1640188800000,164.43,169.05,164.2,165.62,124032.053
1640203200000,165.62,167.84,164.25,165.37,67051.235
1640217600000,165.37,167.35,164.32,164.74,57679.608
1640232000000,164.75,164.93,158.36,159.12,71559.144
1640246400000,159.16,159.79,156.5,157.8,99587.288
1640260800000,157.8,161.04,157.24,161.02,94340.797
1640275200000,161.05,170.0,160.12,167.56,237733.465
1640289600000,167.53,168.21,165.84,167.65,81773.021
1640304000000,167.62,169.66,165.7,166.08,100065.537
1640318400000,166.08,167.45,164.58,166.75,52566.059
1640332800000,166.75,169.63,165.38,166.05,85870.946
1640347200000,166.05,169.0,164.0,168.0,95709.957
1640361600000,168.0,170.99,165.42,165.95,129016.608
1640376000000,165.87,167.42,162.41,165.0,76507.119
1640390400000,165.0,168.52,164.01,165.14,55512.918
1640404800000,165.14,167.78,164.8,167.36,43227.677
1640419200000,167.44,168.4,166.09,167.87,51414.292
1640433600000,167.86,172.53,167.12,168.57,165405.772
1640448000000,168.59,170.07,167.34,168.14,72481.379
1640462400000,168.14,170.57,167.9,169.37,46766.002
1640476800000,169.43,172.37,163.1,163.9,119259.755
1640491200000,163.85,167.12,163.27,165.28,73041.064
1640505600000,165.31,167.13,163.96,165.22,55669.007
1640520000000,165.2,165.99,163.7,164.96,48083.402
1640534400000,164.97,168.29,164.97,167.48,64345.186
1640548800000,167.46,168.47,166.29,167.59,44888.288
1640563200000,167.57,168.59,167.2,168.13,33993.934
1640577600000,168.12,170.0,166.62,167.13,58474.574
1640592000000,167.16,167.95,166.26,167.78,47332.063
1640606400000,167.8,169.5,166.53,169.03,58775.372
1640620800000,169.04,173.69,168.51,170.81,150317.14
1640635200000,170.8,172.78,169.22,169.62,77401.574
1640649600000,169.64,170.62,161.15,162.15,168687.292
1640664000000,162.15,162.15,154.82,157.29,157328.097
1640678400000,157.29,158.59,153.8,156.03,116802.234
1640692800000,156.05,157.04,152.28,155.49,119550.267
1640707200000,155.49,155.75,152.36,152.47,101980.762
1640721600000,152.47,153.77,148.26,149.51,99095.895
1640736000000,149.48,151.41,148.69,150.67,67765.934
1640750400000,150.68,150.85,146.0,146.68,107635.991
1640764800000,146.72,148.5,145.73,147.28,98902.012
1640779200000,147.27,149.33,140.75,148.62,171855.364
1640793600000,148.67,148.69,145.67,146.06,62791.614
1640808000000,146.03,148.43,143.72,146.64,74027.938
1640822400000,146.63,150.6,143.54,148.21,118618.575
1640836800000,148.21,153.64,148.2,150.98,146806.717
1640851200000,151.0,151.56,148.61,150.53,89131.628
1640865600000,150.59,151.39,149.0,149.87,83998.346
1640880000000,149.86,152.33,149.69,151.69,88320.196
1640894400000,151.68,153.82,151.17,153.46,80748.264
1640908800000,153.5,154.33,152.52,154.06,57403.038
1640923200000,154.05,154.16,152.8,153.86,42155.575
1640937600000,153.86,157.18,152.93,153.56,102923.126
1640952000000,153.56,154.19,152.85,154.01,51004.046
1640966400000,154.02,154.43,144.63,144.91,116409.822
1640980800000,144.91,147.38,143.15,146.39,83649.571
1640995200000,146.38,148.98,146.36,147.82,39925.332
1641009600000,147.82,148.67,146.07,147.62,60828.962
1641024000000,147.71,148.56,145.5,145.87,45892.89
1641038400000,145.86,147.99,145.78,147.41,40903.201
1641052800000,147.35,150.88,146.86,148.82,79027.552
1641067200000,148.81,150.32,148.41,150.25,32241.192
1641081600000,150.31,150.68,148.5,149.58,49009.932
1641096000000,149.65,150.05,147.05,148.73,44500.977
1641110400000,148.73,151.76,147.83,151.23,64680.875
1641124800000,151.23,152.39,149.64,152.14,52764.275
1641139200000,152.14,154.13,150.48,152.52,61590.37
1641153600000,152.46,155.7,151.96,152.92,51266.34
1641168000000,152.83,154.18,151.0,152.05,35621.369
1641182400000,152.08,153.13,150.61,151.11,39536.015
1641196800000,151.1,152.18,149.9,151.6,41030.994
1641211200000,151.59,153.0,149.64,150.39,42044.493
1641225600000,150.42,151.11,148.6,148.99,64550.348
1641240000000,148.95,151.05,146.69,150.55,58733.835
1641254400000,150.59,151.15,147.73,150.16,57428.904
1641268800000,150.14,154.84,149.4,153.96,53723.482
1641283200000,153.94,156.05,152.61,153.75,79422.027
1641297600000,153.74,153.92,148.9,151.51,143103.669
1641312000000,151.53,153.4,147.3,148.53,109190.952
1641326400000,148.53,150.17,147.22,147.26,49379.28
1641340800000,147.27,150.61,146.8,149.94,42365.39
1641355200000,149.94,150.6,149.13,150.19,29450.391
1641369600000,150.23,151.36,148.54,149.35,52319.166
1641384000000,149.36,150.77,148.33,149.78,68093.108
1641398400000,149.79,150.22,142.69,143.36,106228.106
1641412800000,143.36,143.82,126.74,136.73,303110.009
1641427200000,136.79,138.8,133.56,133.68,102918.18
1641441600000,133.68,135.09,132.25,134.15,108753.607
1641456000000,134.15,134.44,129.65,131.95,98806.418
1641470400000,131.93,135.12,130.51,133.9,88909.609
1641484800000,133.9,138.6,133.63,137.46,116708.081
1641499200000,137.49,138.75,135.38,137.17,98816.007
1641513600000,137.19,138.96,131.0,134.69,146499.059
1641528000000,134.72,140.37,130.51,138.61,261981.799
1641542400000,138.64,143.4,137.86,139.91,172708.311
1641556800000,139.93,143.43,132.71,138.7,300369.743
1641571200000,138.7,141.79,135.7,139.5,166541.229
1641585600000,139.55,141.78,137.86,139.56,98261.216
1641600000000,139.6,142.97,138.8,142.55,109669.477
1641614400000,142.58,149.12,142.13,148.84,98915.45
1641628800000,148.84,156.0,147.58,147.91,444284.098
1641643200000,147.92,149.58,144.42,146.53,232224.948
1641657600000,146.54,148.82,135.9,138.42,365924.389
1641672000000,138.38,145.99,137.91,143.46,154075.971
1641686400000,143.45,146.98,136.67,137.86,281115.728
1641700800000,137.84,137.93,134.6,135.23,124146.108
1641715200000,135.2,138.26,133.79,137.81,111319.422
1641729600000,137.85,137.98,133.25,135.6,136711.591
1641744000000,135.59,141.99,135.32,141.3,226652.13
1641758400000,141.3,144.72,139.93,144.0,116450.951
1641772800000,143.93,144.81,140.81,141.89,118648.107
1641787200000,141.84,147.78,141.37,147.24,156796.594
1641801600000,147.24,148.58,144.4,144.9,275415.164
1641816000000,144.91,145.51,137.13,141.74,453528.643
1641830400000,141.72,147.42,136.19,138.48,406146.189
1641844800000,138.49,142.06,137.79,141.3,105344.011
1641859200000,141.3,145.53,140.65,143.38,123271.225
1641873600000,143.4,143.72,140.41,141.02,63539.412
1641888000000,141.02,142.12,137.76,138.41,93310.624
1641902400000,138.35,142.98,137.93,141.51,158649.032
1641916800000,141.53,145.21,140.3,141.43,118410.654
1641931200000,141.44,142.91,140.4,141.3,73116.702
1641945600000,141.3,142.46,141.11,141.35,75119.012
1641960000000,141.36,143.14,140.6,141.04,69881.138
1641974400000,141.03,144.45,140.93,141.73,129747.322
1641988800000,141.71,147.7,141.57,145.17,189855.499
1642003200000,145.17,145.5,143.0,143.65,75737.699
1642017600000,143.66,145.2,142.5,144.44,72156.128
1642032000000,144.42,147.47,143.5,145.91,106689.328
1642046400000,145.91,147.1,144.01,146.04,83240.675
1642060800000,146.06,149.93,145.14,145.91,127393.042
1642075200000,145.91,147.3,141.06,142.84,153999.466
1642089600000,142.81,143.72,140.7,142.52,84994.984
1642104000000,142.52,146.72,140.7,143.18,100607.632
1642118400000,143.16,144.84,139.46,140.13,89800.861
1642132800000,140.11,143.1,140.0,141.73,79133.236
1642147200000,141.74,142.79,136.6,138.64,114980.342
1642161600000,138.62,142.49,136.96,141.42,73559.092
1642176000000,141.47,143.91,140.13,142.48,106842.47
1642190400000,142.46,144.3,141.86,142.41,64098.899
1642204800000,142.43,143.97,141.68,142.34,44642.813
1642219200000,142.34,143.83,141.0,143.1,36340.498
1642233600000,143.14,143.96,142.08,143.6,44096.893
1642248000000,143.56,145.95,141.05,145.54,130055.454
1642262400000,145.53,146.69,143.4,145.37,84749.33
1642276800000,145.37,145.59,143.67,144.32,43901.225
1642291200000,144.37,145.92,143.14,143.46,39851.8
1642305600000,143.51,143.77,142.09,143.19,29871.031
1642320000000,143.19,143.67,141.32,142.09,32192.686
1642334400000,142.06,142.8,140.21,142.01,48848.491
1642348800000,142.0,143.18,140.18,140.41,56197.458
1642363200000,140.41,141.66,140.03,141.22,34243.247
1642377600000,141.22,141.62,137.15,137.26,75328.255
1642392000000,137.28,138.42,135.43,137.65,67241.271
1642406400000,137.65,141.37,137.31,140.2,81278.969
1642420800000,140.21,142.98,138.63,138.97,100595.479
1642435200000,138.98,139.42,136.19,138.3,71300.293
1642449600000,138.32,139.44,134.45,138.74,62818.885
1642464000000,138.74,140.68,138.14,138.53,63312.712
1642478400000,138.54,138.65,134.07,134.78,122272.059
1642492800000,134.83,134.93,131.11,132.43,104992.299
1642507200000,132.43,132.85,128.77,129.91,137608.485
1642521600000,129.9,130.6,128.39,130.21,80387.358
1642536000000,130.23,133.12,128.67,131.65,66658.377
1642550400000,131.65,132.28,128.27,129.0,67554.423
1642564800000,129.01,132.01,126.32,127.23,94976.641
1642579200000,127.21,131.18,126.32,131.16,76078.193
1642593600000,131.14,132.12,128.98,129.76,84338.984
1642608000000,129.78,130.19,126.46,126.98,94926.211
1642622400000,126.99,128.0,125.5,125.81,59330.87
1642636800000,125.8,128.08,124.7,127.19,83465.65
1642651200000,127.2,129.07,126.12,128.5,89206.828
1642665600000,128.5,129.39,127.65,128.98,42798.921
1642680000000,128.97,131.51,128.26,131.16,114415.526
1642694400000,131.17,131.79,128.58,129.36,77319.773
1642708800000,129.37,129.54,118.64,118.67,153566.256
1642723200000,118.67,120.47,110.5,111.17,275435.187
1642737600000,111.11,113.55,111.05,113.35,101946.024
1642752000000,113.31,114.28,112.44,113.66,59978.611
1642766400000,113.67,115.1,107.48,114.72,215755.882
1642780800000,114.74,114.85,110.24,110.97,99078.347
1642795200000,110.98,113.86,100.1,102.15,289199.101
1642809600000,102.11,104.46,99.76,100.89,108320.96
1642824000000,100.89,101.36,87.99,89.61,261451.933
1642838400000,89.61,93.71,82.61,91.03,350940.106
1642852800000,91.05,97.42,89.36,89.55,283169.629
1642867200000,89.61,94.54,87.85,89.55,231036.72
1642881600000,89.56,96.18,89.21,94.43,140302.197
1642896000000,94.46,96.69,92.1,93.47,90577.653
1642910400000,93.48,96.32,92.77,95.5,104459.998
1642924800000,95.49,98.04,94.42,94.92,107454.301
1642939200000,94.92,95.94,90.66,92.85,124078.336
1642953600000,92.85,94.4,91.18,92.02,118377.792
1642968000000,92.0,97.72,91.18,97.37,120258.331
1642982400000,97.35,97.92,92.73,94.2,129034.645
1642996800000,94.25,94.79,90.63,91.07,93042.391
1643011200000,91.08,92.81,82.87,83.79,238668.978
1643025600000,83.77,88.39,81.19,87.84,281391.361
1643040000000,87.83,91.98,85.71,91.3,154535.649
1643054400000,91.29,95.42,90.68,94.27,115192.657
1643068800000,94.25,94.36,91.74,93.94,80391.153
1643083200000,93.89,94.15,91.59,94.05,77062.347
1643097600000,94.04,96.62,92.9,94.06,82041.841
1643112000000,94.08,95.89,90.07,90.82,177528.032
1643126400000,90.81,93.74,90.74,92.72,86274.558
1643140800000,92.73,92.8,88.99,90.34,107719.481
1643155200000,90.33,90.95,89.0,90.48,97781.63
1643169600000,90.5,91.99,89.8,90.69,94157.789
1643184000000,90.68,93.5,90.65,93.12,99242.9
1643198400000,93.09,95.83,91.74,93.58,189450.819
1643212800000,93.56,100.34,90.73,92.87,251089.328
1643227200000,92.91,92.93,86.47,89.72,192361.19
1643241600000,89.74,90.58,82.42,83.47,235584.54
1643256000000,83.47,86.31,82.92,85.81,104680.825
1643270400000,85.8,88.36,85.12,88.09,93922.617
1643284800000,88.16,90.55,87.69,89.33,101863.563
1643299200000,89.32,90.34,87.07,88.43,97532.925
1643313600000,88.43,89.6,84.69,88.51,147038.92
1643328000000,88.6,90.01,86.08,89.23,101895.141
1643342400000,89.25,90.78,88.27,88.58,77365.047
1643356800000,88.57,89.33,86.92,88.13,89036.086
1643371200000,88.12,90.71,86.25,90.59,109751.272
1643385600000,90.6,91.26,87.74,89.12,128684.13
1643400000000,89.14,91.77,88.83,91.12,64698.539
1643414400000,91.12,94.0,90.54,93.73,92192.137
1643428800000,93.75,95.16,93.26,94.88,97947.279
1643443200000,94.88,95.38,93.13,95.09,90059.963
1643457600000,95.05,95.98,93.1,95.29,99915.613
1643472000000,95.28,97.09,94.43,94.88,106570.263
1643486400000,94.88,97.04,94.55,96.27,72093.455
1643500800000,96.27,96.75,94.14,95.34,58822.619
1643515200000,95.34,97.93,95.3,97.07,70527.581
1643529600000,97.11,97.71,95.16,97.29,61171.724
1643544000000,97.29,97.57,94.43,95.99,70127.063
1643558400000,96.0,96.11,91.75,92.31,82980.17
1643572800000,92.31,94.38,91.33,92.93,74194.729
1643587200000,92.93,93.19,88.05,89.71,96675.015
1643601600000,89.66,90.12,88.22,89.96,64417.766
1643616000000,89.97,90.96,89.03,90.43,55098.609
1643630400000,90.43,93.85,89.22,93.2,92516.72
1643644800000,93.2,94.62,92.58,93.74,84570.315
1643659200000,93.72,94.78,93.4,94.38,55662.252
1643673600000,94.42,96.78,94.13,96.3,64938.603
1643688000000,96.3,96.64,94.88,95.84,55135.258
1643702400000,95.84,97.65,94.0,95.48,76308.491
1643716800000,95.43,97.19,95.2,96.85,83378.665
1643731200000,96.85,98.11,96.25,97.22,77505.11
1643745600000,97.21,99.63,97.05,98.79,70265.015
1643760000000,98.78,100.68,98.13,99.77,90728.67
1643774400000,99.76,102.26,99.12,100.95,128199.626
1643788800000,100.96,103.25,100.3,102.87,137130.377
1643803200000,102.86,103.69,98.16,98.92,179086.489
1643817600000,98.92,102.25,97.31,101.21,185591.245
1643832000000,101.19,102.37,97.49,98.24,138283.023
1643846400000,98.25,102.0,97.45,97.71,171755.039
1643860800000,97.73,102.18,97.16,97.8,198772.565
1643875200000,97.84,98.73,94.8,97.18,154094.786
1643889600000,97.2,97.98,95.0,97.51,108716.006
1643904000000,97.49,99.1,96.34,97.91,92712.414
1643918400000,97.89,100.86,97.42,100.75,71233.062
1643932800000,100.73,100.93,99.55,99.7,56925.262
1643947200000,99.7,101.95,99.37,100.99,78904.475
1643961600000,101.0,102.23,100.68,101.2,63582.125
1643976000000,101.21,104.46,99.73,102.89,129667.333
1643990400000,102.83,105.99,102.82,105.8,94301.409
1644004800000,105.76,107.56,104.69,107.04,78107.597
1644019200000,107.05,114.88,106.03,114.68,171613.678
1644033600000,114.68,117.64,114.1,114.76,135330.884
1644048000000,114.76,116.06,114.22,115.59,75698.748
1644062400000,115.59,122.88,115.14,120.95,202314.498
1644076800000,120.89,121.43,114.48,115.02,211219.495
1644091200000,115.03,118.66,114.6,115.95,88363.282
1644105600000,115.93,121.89,115.81,121.32,87734.259
1644120000000,121.33,125.74,120.1,123.89,240081.852
1644134400000,123.94,124.31,121.01,121.81,95180.324
1644148800000,121.76,125.38,121.52,123.59,120739.727
1644163200000,123.63,126.07,120.45,123.05,145112.927
1644177600000,123.05,124.68,121.51,124.31,97019.904
1644192000000,124.3,125.71,121.09,125.13,126813.767
1644206400000,125.13,125.72,123.89,124.89,58275.863
1644220800000,124.89,129.79,122.62,127.76,144161.88
1644235200000,127.76,128.01,125.2,126.27,161584.633
1644249600000,126.27,130.19,124.42,129.24,166665.268
1644264000000,129.26,130.72,127.94,128.69,99603.958
1644278400000,128.75,129.41,126.0,127.04,104407.98
1644292800000,127.05,132.81,126.97,131.35,128577.29
1644307200000,131.37,132.74,125.66,126.01,185454.966
1644321600000,125.99,128.65,121.49,127.11,187732.659
1644336000000,127.12,131.94,125.1,129.5,257279.98
1644350400000,129.46,134.94,129.01,132.99,151103.081
1644364800000,133.01,134.49,130.03,130.48,117653.694
1644379200000,130.48,133.47,128.28,132.62,105266.161
1644393600000,132.58,132.84,129.11,130.1,128240.613
1644408000000,130.12,131.37,127.41,128.13,132539.106
1644422400000,128.16,129.75,126.71,127.69,135896.971
1644436800000,127.69,127.84,125.51,125.8,84429.094
1644451200000,125.81,128.01,123.8,125.4,128206.173
1644465600000,125.42,126.27,124.73,125.41,58533.748
1644480000000,125.41,128.17,125.04,127.84,101633.417
1644494400000,127.92,128.84,119.58,125.59,216699.568
1644508800000,125.57,128.65,123.04,123.94,116184.506
1644523200000,123.97,128.7,122.85,124.6,129832.04
1644537600000,124.64,127.17,120.18,126.75,144477.504
1644552000000,126.74,130.99,125.0,125.32,193672.869
1644566400000,125.28,128.92,123.31,128.14,136705.137
1644580800000,128.17,130.01,125.54,127.48,99004.922
1644595200000,127.48,128.56,121.65,121.96,181467.293
1644609600000,122.02,122.46,114.84,116.39,130483.645
1644624000000,116.38,118.12,114.2,117.37,88881.032
1644638400000,117.37,118.74,113.1,115.47,77909.083
1644652800000,115.46,119.57,115.34,118.6,101429.687
1644667200000,118.61,120.39,117.1,119.32,120169.009
1644681600000,119.36,123.44,118.42,119.09,113883.765
1644696000000,119.15,120.36,115.99,117.83,72087.657
1644710400000,117.82,118.12,115.61,116.56,59810.525
1644724800000,116.56,118.12,115.67,117.44,42836.085
1644739200000,117.44,118.56,116.57,117.68,58626.268
1644753600000,117.67,118.65,116.64,117.33,55319.531
1644768000000,117.35,117.92,114.63,115.87,86272.597
1644782400000,115.86,117.85,115.41,116.86,45406.204
1644796800000,116.87,119.58,112.29,114.7,134840.221
1644811200000,114.69,119.29,113.38,117.51,107449.035
1644825600000,117.5,118.4,115.33,115.66,89833.832
1644840000000,115.66,119.19,114.44,117.89,81472.005
1644854400000,117.88,118.99,115.5,117.17,78593.088
1644868800000,117.17,122.0,116.81,120.4,72129.86
1644883200000,120.38,124.82,119.99,124.33,69497.809
1644897600000,124.33,126.56,123.36,126.19,61802.427
1644912000000,126.2,129.53,125.47,129.02,101164.552
1644926400000,129.0,129.9,126.47,126.86,89029.642
1644940800000,126.85,127.31,125.17,125.44,67300.145
1644955200000,125.47,126.45,124.07,125.86,55947.567
1644969600000,125.86,125.88,122.36,122.86,63460.795
1644984000000,122.86,124.44,120.92,124.03,71423.476
1644998400000,124.02,124.72,122.0,123.28,68924.615
1645012800000,123.3,123.62,119.53,120.59,101776.436
1645027200000,120.65,124.37,119.7,123.81,82009.519
1645041600000,123.85,126.55,123.85,125.38,68026.972
1645056000000,125.28,127.27,120.94,121.06,82670.756
1645070400000,121.06,123.57,119.31,123.49,81574.163
1645084800000,123.51,123.95,120.2,122.88,80246.089
1645099200000,122.88,125.77,118.26,119.62,153437.42
1645113600000,119.64,120.04,114.14,116.48,105175.756
1645128000000,116.48,116.48,111.53,113.42,91303.623
1645142400000,113.42,115.09,110.0,114.47,84365.78
1645156800000,114.47,117.82,113.77,116.57,54786.764
1645171200000,116.63,117.88,114.35,114.64,53595.41
1645185600000,114.69,115.81,110.65,111.38,90893.216
1645200000000,111.37,112.56,107.85,109.27,100774.746
1645214400000,109.3,109.61,107.65,108.93,53281.903
1645228800000,108.94,110.91,108.79,109.26,39252.899
1645243200000,109.3,111.49,108.74,111.06,65313.62
1645257600000,111.09,112.0,107.33,108.2,89614.369
1645272000000,108.21,115.0,106.8,114.13,138828.819
1645286400000,114.16,115.85,110.74,111.35,99437.109
1645300800000,111.33,112.47,109.91,112.04,55888.064
1645315200000,112.09,112.21,108.35,109.33,80587.094
1645329600000,109.32,109.77,104.59,106.84,92446.639
1645344000000,106.84,107.0,104.91,106.53,61741.362
1645358400000,106.55,107.52,103.33,105.68,80416.932
1645372800000,105.67,107.49,104.68,106.86,53870.232
1645387200000,106.86,110.3,105.56,107.79,53885.889
1645401600000,107.79,115.0,107.11,112.67,142731.924
1645416000000,112.67,114.56,112.58,113.47,68886.678
1645430400000,113.4,113.9,107.29,108.1,129376.515
1645444800000,108.08,112.63,103.34,110.55,236657.878
1645459200000,110.51,111.6,105.45,106.9,198880.247
1645473600000,106.95,107.74,99.53,100.27,149638.781
1645488000000,100.27,102.12,95.25,95.96,126576.102
1645502400000,95.94,96.96,94.72,95.6,143982.812
1645516800000,95.57,99.49,95.34,98.93,141244.089
1645531200000,98.92,101.3,97.9,99.76,119298.692
1645545600000,99.75,100.07,97.27,99.45,96793.49
1645560000000,99.45,103.23,98.79,102.83,113114.564
1645574400000,102.84,103.52,99.41,101.66,90361.835
1645588800000,101.66,104.56,101.51,104.08,93542.509
1645603200000,104.08,105.5,103.5,104.68,67892.205
1645617600000,104.7,106.06,103.06,104.49,76360.195
1645632000000,104.47,106.1,100.04,100.29,87508.965
1645646400000,100.27,100.9,96.86,97.37,96882.425
1645660800000,97.36,99.85,88.9,90.04,180104.412
1645675200000,90.04,91.17,84.64,88.83,235877.029
1645689600000,88.8,90.53,85.73,88.25,119482.665
1645704000000,88.16,94.21,86.65,93.66,159234.338
1645718400000,93.75,99.5,93.57,99.28,172133.389
1645732800000,99.31,105.05,99.19,102.46,190760.017
1645747200000,102.48,104.92,101.17,103.54,105035.596
1645761600000,103.53,103.54,98.83,100.44,135413.479
1645776000000,100.42,102.25,98.16,101.96,105091.952
1645790400000,101.99,107.86,101.98,107.42,166060.909
1645804800000,107.43,108.77,105.43,107.56,110014.787
1645819200000,107.61,109.87,106.01,106.84,138682.092
1645833600000,106.83,110.36,106.21,108.27,81540.662
1645848000000,108.27,109.36,106.76,109.36,66474.035
1645862400000,109.33,110.49,105.51,106.66,89186.652
1645876800000,106.63,109.83,105.28,108.4,96171.352
1645891200000,108.37,110.33,107.44,109.57,76878.742
1645905600000,109.56,110.26,106.72,107.75,51156.337
1645920000000,107.77,108.29,104.13,105.05,52334.529
1645934400000,105.05,106.57,104.14,105.94,40993.434
1645948800000,105.92,109.76,104.79,109.61,60978.993
1645963200000,109.6,110.43,105.74,109.3,128071.352
1645977600000,109.29,109.48,99.79,100.46,99943.196
1645992000000,100.46,102.76,98.86,102.46,94603.412
1646006400000,102.48,102.94,99.85,101.02,56895.242
1646020800000,101.07,104.61,100.0,104.21,63383.648
1646035200000,104.19,107.54,103.74,104.57,69861.286
1646049600000,104.58,112.42,102.53,111.7,142481.184
1646064000000,111.75,115.57,111.08,114.83,145484.225
1646078400000,114.82,119.37,114.67,118.51,119014.044
1646092800000,118.51,120.27,115.83,116.48,82668.572
1646107200000,116.48,118.3,115.41,117.05,49235.855
1646121600000,117.1,118.99,115.07,116.74,69111.25
1646136000000,116.74,121.66,115.47,117.14,98218.323
1646150400000,117.1,118.76,115.14,118.6,85714.176
1646164800000,118.62,119.75,117.17,118.92,48249.448
1646179200000,118.93,119.15,115.0,118.1,68559.528
1646193600000,118.14,119.23,116.54,117.27,69308.64
1646208000000,117.3,123.24,116.23,121.28,108168.005
1646222400000,121.28,125.15,120.29,123.6,216329.307
1646236800000,123.62,124.84,120.82,123.46,126318.762
1646251200000,123.46,128.95,122.46,125.72,161661.638
1646265600000,125.73,128.12,124.43,125.83,131295.099
1646280000000,125.81,127.77,122.76,124.7,129429.112
1646294400000,124.7,127.21,123.1,126.52,105211.917
1646308800000,126.53,127.37,121.15,122.14,112291.489
1646323200000,122.18,127.98,120.96,127.38,167004.172
1646337600000,127.38,131.11,124.78,128.98,241267.901
1646352000000,128.96,129.33,124.22,127.27,169099.153
1646366400000,127.26,129.0,125.46,125.94,140304.503
1646380800000,125.98,126.31,121.37,123.11,161488.948
1646395200000,123.09,124.01,120.32,122.23,141799.503
1646409600000,122.22,122.48,117.02,117.44,98775.582
1646424000000,117.45,119.73,115.8,116.87,111906.287
1646438400000,116.87,117.01,112.28,113.98,106989.143
1646452800000,113.98,115.02,112.87,114.65,54140.634
1646467200000,114.62,114.93,112.5,113.71,55605.492
1646481600000,113.71,114.73,113.0,113.57,57904.383
1646496000000,113.58,119.13,113.26,117.1,117211.304
1646510400000,117.11,117.71,115.72,116.3,46893.947
1646524800000,116.28,118.68,115.29,115.45,67929.089
1646539200000,115.45,119.47,112.96,118.63,117469.981
1646553600000,118.61,118.79,107.56,109.65,223766.253
1646568000000,109.65,114.53,109.37,111.59,142669.628
1646582400000,111.58,113.52,109.24,110.02,81067.76
1646596800000,110.02,111.51,106.96,107.26,72397.237
1646611200000,107.3,107.74,103.56,104.3,121692.832
1646625600000,104.3,106.56,103.92,105.07,141322.387
1646640000000,105.08,107.38,104.61,106.28,82161.344
1646654400000,106.27,113.2,106.26,110.98,161560.135
1646668800000,110.96,113.58,106.34,106.76,128144.752
1646683200000,106.78,112.47,105.09,109.37,120836.997
1646697600000,109.37,120.34,108.88,119.32,240248.094
1646712000000,119.28,120.36,115.82,117.53,217155.532
1646726400000,117.53,122.87,116.76,120.5,204093.419
1646740800000,120.51,129.3,119.31,127.6,702693.502
1646755200000,127.6,128.0,122.69,124.83,523292.018
1646769600000,124.83,141.17,124.14,138.38,638472.206
1646784000000,138.38,140.67,135.57,138.3,612487.565
1646798400000,138.29,144.4,136.95,140.99,447732.229
1646812800000,140.98,142.56,137.02,140.56,317122.343
1646827200000,140.54,146.66,137.62,142.24,600374.381
1646841600000,142.25,143.94,136.89,138.86,275648.394
1646856000000,138.84,142.72,136.47,141.42,154527.833
1646870400000,141.4,146.15,137.55,142.66,321510.128
1646884800000,142.68,142.95,132.23,141.11,360911.983
1646899200000,141.11,143.28,134.21,135.53,447920.75
1646913600000,135.52,143.48,130.33,141.34,517632.516
1646928000000,141.36,146.46,137.5,144.83,471684.286
1646942400000,144.82,160.4,140.51,157.12,736592.964
1646956800000,157.09,158.5,149.36,153.01,685659.748
1646971200000,153.01,154.3,147.33,153.26,515278.843
1646985600000,153.26,156.79,150.58,153.13,530814.205
1647000000000,153.13,154.45,148.22,149.37,435898.867
1647014400000,149.35,155.95,145.8,154.33,488125.263
1647028800000,154.41,159.11,150.53,153.35,449858.802
1647043200000,153.36,159.8,152.45,154.49,276345.231
1647057600000,154.48,155.5,150.21,151.69,162797.043
1647072000000,151.69,153.4,144.71,145.2,261297.032
1647086400000,145.2,148.48,143.5,147.9,243542.615
1647100800000,147.93,152.93,144.5,152.35,311795.816
1647115200000,152.35,155.58,150.87,151.6,245272.161
1647129600000,151.6,153.89,149.36,152.13,169797.248
1647144000000,152.13,152.5,144.46,145.0,156228.315
1647158400000,144.94,148.2,144.57,146.94,189187.868
1647172800000,146.92,154.02,145.22,148.92,376220.372
1647187200000,148.86,158.59,147.68,154.67,436960.06
1647201600000,154.67,158.0,150.6,154.7,395044.445
1647216000000,154.69,156.36,147.42,151.43,446424.573
1647230400000,151.41,155.75,151.11,153.68,301464.413
1647244800000,153.66,156.28,151.27,152.51,254597.944
1647259200000,152.52,154.46,150.65,152.9,247489.535
1647273600000,152.84,153.89,143.2,143.58,293351.399
1647288000000,143.59,149.93,143.35,149.38,274918.503
1647302400000,149.39,149.85,139.93,142.13,339811.999
1647316800000,142.1,143.53,139.99,142.42,197603.79
1647331200000,142.45,142.7,137.73,138.51,269178.77
1647345600000,138.51,141.21,138.11,138.89,231075.101
1647360000000,138.9,141.46,137.03,139.74,231130.881
1647374400000,139.75,140.55,135.43,136.11,152560.208
1647388800000,136.11,144.24,135.35,142.73,370061.505
1647403200000,142.74,143.69,139.4,141.64,161980.138
1647417600000,141.64,143.48,140.84,142.26,130549.873
1647432000000,142.27,145.03,141.32,144.97,138605.512
1647446400000,144.96,149.3,143.0,148.99,340414.074
1647460800000,148.97,154.0,148.78,153.9,201128.372
1647475200000,153.91,166.99,153.13,159.24,539885.417
1647489600000,159.23,160.92,153.27,153.53,260671.598
1647504000000,153.52,155.85,152.96,155.15,172576.479
1647518400000,155.16,157.14,153.38,154.38,190299.663
1647532800000,154.41,155.7,150.0,152.42,162577.121
1647547200000,152.42,152.66,148.24,152.52,160265.849
1647561600000,152.5,161.0,150.99,151.04,335759.717
1647576000000,151.03,153.83,150.65,151.15,106987.313
1647590400000,151.16,153.27,147.18,148.33,162006.409
1647604800000,148.34,151.92,147.79,151.3,130652.376
1647619200000,151.28,167.49,150.5,165.35,610207.886
1647633600000,165.34,172.69,163.95,171.8,338470.266
1647648000000,171.84,179.64,170.2,173.5,352520.725
1647662400000,173.5,175.57,169.72,170.35,194533.649
1647676800000,170.39,173.69,167.03,172.06,282774.29
1647691200000,172.09,176.82,168.5,173.87,271681.86
1647705600000,173.88,183.37,173.0,178.85,354128.085
1647720000000,178.83,183.0,176.78,179.79,213082.492
1647734400000,179.75,180.49,174.93,175.47,129969.561
1647748800000,175.52,179.92,174.5,176.61,106911.444
1647763200000,176.66,181.28,173.67,174.28,222300.843
1647777600000,174.32,176.29,170.68,171.92,207583.36
1647792000000,171.94,174.52,169.2,174.23,170056.52
1647806400000,174.24,175.6,170.91,173.6,124582.124
1647820800000,173.61,175.52,168.02,172.81,148931.894
1647835200000,172.79,173.01,168.29,170.0,138140.25
1647849600000,169.99,174.0,169.72,170.01,139650.066
1647864000000,170.01,170.45,165.63,168.75,218990.637
1647878400000,168.75,183.51,168.59,178.77,421639.718
1647892800000,178.78,184.79,177.21,181.36,205406.639
1647907200000,181.38,184.0,178.04,180.26,176442.028
1647921600000,180.25,183.8,177.37,177.57,167164.963
1647936000000,177.58,180.35,177.52,179.18,106787.751
1647950400000,179.17,180.0,176.12,176.43,120594.057
1647964800000,176.43,179.14,175.0,175.5,101465.938
1647979200000,175.5,177.93,172.72,174.25,117281.252
1647993600000,174.33,175.5,171.0,172.75,119705.251
1648008000000,172.71,174.99,172.46,172.9,67007.01
1648022400000,172.87,177.58,172.37,175.6,101178.681
1648036800000,175.6,181.29,174.6,181.09,120725.808
1648051200000,181.11,187.88,177.97,183.21,285095.38
1648065600000,183.21,183.59,179.27,182.12,108821.458
1648080000000,182.13,182.92,179.25,180.68,96943.146
1648094400000,180.68,184.0,179.88,181.24,109897.454
1648108800000,181.27,183.0,180.46,180.83,66478.419
1648123200000,180.85,186.47,176.98,185.7,184723.342
1648137600000,185.69,197.11,184.9,195.83,299346.746
1648152000000,195.84,196.89,192.18,192.9,113573.917
1648166400000,192.85,195.48,190.7,191.43,120413.608
1648180800000,191.43,193.77,190.2,190.55,85888.867
1648195200000,190.58,193.96,188.27,193.09,104034.127
1648209600000,193.06,196.67,192.3,195.79,200596.406
1648224000000,195.77,200.6,194.53,198.73,450113.954
1648238400000,198.75,199.8,194.51,195.23,173518.804
1648252800000,195.22,205.15,195.15,199.23,267366.443
1648267200000,199.24,204.0,197.93,200.9,176377.24
1648281600000,200.94,204.8,199.64,203.6,179752.126
1648296000000,203.6,216.56,203.58,209.85,514257.296
1648310400000,209.84,210.61,203.49,204.77,174525.993
1648324800000,204.77,206.94,202.91,204.67,138155.981
1648339200000,204.72,207.37,201.18,202.8,116166.302
1648353600000,202.8,203.14,200.59,202.39,80233.177
1648368000000,202.38,202.8,200.33,202.25,59891.446
1648382400000,202.22,204.17,196.93,201.0,172527.998
1648396800000,201.0,202.57,196.9,197.31,120020.342
1648411200000,197.31,210.87,195.52,210.21,231029.78
1648425600000,210.23,211.82,204.7,206.86,120633.335
1648440000000,206.86,207.64,203.6,204.52,78767.752
1648454400000,204.49,206.16,203.13,204.25,73323.977
1648468800000,204.25,207.5,201.1,202.22,126626.324
1648483200000,202.23,202.91,199.14,201.14,143899.673
1648497600000,201.11,202.28,189.52,192.29,186309.644
1648512000000,192.24,197.48,191.41,195.37,93720.47
1648526400000,195.39,198.29,195.05,195.1,75795.218
1648540800000,195.08,200.0,195.0,199.38,77563.766
1648555200000,199.37,199.96,191.21,192.01,119187.129
1648569600000,192.09,195.4,188.8,194.62,129982.191
1648584000000,194.55,198.85,191.95,196.2,104874.243
1648598400000,196.21,196.24,186.65,189.45,134213.373
1648612800000,189.44,193.99,188.72,193.3,66592.344
1648627200000,193.27,193.95,191.01,192.49,53876.341
1648641600000,192.5,194.6,188.26,193.27,108301.403
1648656000000,193.26,199.01,189.79,191.3,149025.694
1648670400000,191.36,193.21,190.08,191.9,63976.632
1648684800000,191.91,195.11,190.15,194.19,64455.523
1648699200000,194.19,196.43,193.21,194.19,67525.722
1648713600000,194.17,196.2,193.44,194.52,51123.968
1648728000000,194.59,196.21,181.07,183.47,200802.184
1648742400000,183.46,183.87,176.48,179.68,178824.406
1648756800000,179.7,180.29,176.32,178.34,73398.25
1648771200000,178.32,182.74,170.72,177.0,150987.648
1648785600000,176.97,178.84,174.06,178.22,89206.842
1648800000000,178.21,179.42,174.72,176.18,72763.089
1648814400000,176.16,188.27,173.56,187.84,144974.294
1648828800000,187.9,193.76,185.28,193.15,127836.023
1648843200000,193.15,193.57,184.96,186.16,82782.682
1648857600000,186.12,191.75,185.0,186.47,101950.023
1648872000000,186.5,187.62,185.44,186.62,48424.353
1648886400000,186.61,189.68,185.3,185.31,61562.279
1648900800000,185.33,187.87,180.17,181.98,131974.75
1648915200000,182.0,183.76,178.51,180.39,73725.381
1648929600000,180.43,182.09,177.04,177.81,52375.031
1648944000000,177.83,180.03,173.58,177.19,80591.706
1648958400000,177.17,180.49,177.05,179.62,49556.936
1648972800000,179.66,181.84,177.35,179.72,63585.133
1648987200000,179.68,181.11,176.46,177.99,65163.447
1649001600000,177.98,178.8,174.61,175.47,55801.067
1649016000000,175.47,182.44,174.53,179.72,75201.331
1649030400000,179.75,180.26,172.56,175.28,88804.058
1649044800000,175.27,176.58,174.16,175.77,44414.172
1649059200000,175.74,176.36,169.66,172.43,88194.671
1649073600000,172.43,173.34,166.63,167.23,105909.883
1649088000000,167.24,170.96,163.0,170.63,118703.241
1649102400000,170.66,176.29,169.59,173.77,71004.63
1649116800000,173.74,175.98,172.92,174.31,51968.124
1649131200000,174.31,178.9,173.95,176.85,83409.691
1649145600000,176.87,178.86,174.33,175.17,144079.086
1649160000000,175.14,177.21,168.36,169.82,268209.625
1649174400000,169.81,171.87,167.15,168.86,96203.594
1649188800000,168.88,169.83,164.76,165.65,63867.566
1649203200000,165.65,171.14,157.88,168.87,190460.108
1649217600000,168.87,177.7,167.45,173.52,138280.378
1649232000000,173.56,174.7,167.61,173.85,200969.994
1649246400000,173.84,175.84,158.35,164.34,374441.676
1649260800000,164.36,167.7,160.38,164.56,205265.969
1649275200000,164.54,167.53,159.86,160.87,114831.44
1649289600000,160.89,165.32,158.2,161.58,153877.761
1649304000000,161.6,164.8,161.01,163.86,78403.267
1649318400000,163.91,165.5,161.41,164.92,82918.278
1649332800000,164.96,169.26,163.88,168.72,185360.912
1649347200000,168.69,171.79,166.33,168.41,151923.17
1649361600000,168.45,174.27,167.67,172.6,119512.478
1649376000000,172.52,175.5,171.78,174.49,91539.626
1649390400000,174.49,175.24,170.95,173.55,116647.455
1649404800000,173.62,177.87,170.16,171.25,329262.769
1649419200000,171.26,182.41,168.71,180.57,485020.293
1649433600000,180.52,183.83,175.05,175.7,381780.559
1649448000000,175.69,176.61,164.05,165.59,281196.829
1649462400000,165.58,167.24,161.27,163.07,170202.465
1649476800000,163.02,167.15,162.35,166.86,99921.739
1649491200000,166.85,174.38,164.35,172.21,267985.592
1649505600000,172.26,174.73,165.5,166.01,231908.734
1649520000000,166.03,168.98,163.5,165.37,130091.354
1649534400000,165.37,170.0,164.82,169.15,93769.918
1649548800000,169.15,169.8,167.05,168.93,59759.88
1649563200000,168.84,169.5,165.32,166.19,74258.51
1649577600000,166.2,168.16,164.51,167.38,89544.85
1649592000000,167.38,168.26,164.11,165.08,66300.121
1649606400000,165.1,170.0,163.55,169.16,91720.987
1649620800000,169.18,169.9,160.04,161.03,106407.819
1649635200000,161.03,163.59,157.69,159.91,136819.006
1649649600000,159.94,161.64,159.07,160.4,101779.546
1649664000000,160.35,160.98,150.51,153.41,261700.62
1649678400000,153.4,154.72,150.75,151.79,165016.285
1649692800000,151.8,153.28,145.0,146.1,172334.9
1649707200000,146.06,146.8,141.52,142.75,145122.647
1649721600000,142.74,144.69,141.24,142.82,123231.663
1649736000000,142.82,147.71,142.41,145.86,147618.153
1649750400000,145.91,147.76,144.96,147.22,103236.432
1649764800000,147.23,149.83,144.69,146.54,197285.854
1649779200000,146.54,147.6,141.23,142.31,103177.986
1649793600000,142.31,148.04,142.05,147.27,60639.079
1649808000000,147.28,147.74,144.21,146.28,88755.217
1649822400000,146.29,147.63,145.09,145.5,60178.342
1649836800000,145.55,148.3,144.34,146.66,101100.504
1649851200000,146.65,150.46,144.08,149.72,160652.45
1649865600000,149.71,150.72,147.59,148.96,77217.913
1649880000000,148.95,152.86,148.68,152.55,52949.091
1649894400000,152.59,154.95,151.27,153.09,90012.354
1649908800000,153.09,155.76,151.87,153.07,123909.806
1649923200000,153.06,153.56,148.53,149.31,76420.842
1649937600000,149.33,152.79,145.52,146.0,93922.113
1649952000000,145.97,145.97,141.31,142.83,143195.746
1649966400000,142.83,145.49,142.42,144.18,56621.96
1649980800000,144.15,146.7,143.62,146.47,136454.064
1649995200000,146.47,147.93,144.34,146.48,81086.291
1650009600000,146.51,147.23,145.21,146.79,53369.713
1650024000000,146.85,147.96,143.66,146.76,101472.464
1650038400000,146.77,149.97,144.8,145.08,145058.403
1650052800000,145.08,146.76,144.45,146.45,46079.927
1650067200000,146.44,147.79,145.2,146.04,71659.176
1650081600000,146.04,146.49,144.82,145.3,27545.423
1650096000000,145.29,145.56,144.51,144.93,33186.016
1650110400000,144.93,146.14,141.29,142.38,87163.319
1650124800000,142.34,144.09,141.99,143.22,47120.344
1650139200000,143.21,145.39,143.12,143.73,75692.908
1650153600000,143.75,144.46,141.7,142.28,48773.087
1650168000000,142.27,145.0,142.27,144.08,79308.622
1650182400000,144.06,144.88,143.74,144.26,30868.502
1650196800000,144.22,145.63,143.13,144.86,63255.172
1650211200000,144.84,145.7,142.34,144.19,58961.684
1650225600000,144.17,145.04,137.1,137.31,119479.017
1650240000000,137.32,141.49,136.66,140.74,91739.213
1650254400000,140.75,140.99,132.62,134.63,342583.552
1650268800000,134.64,138.77,134.55,137.49,193598.303
1650283200000,137.5,148.15,137.37,143.53,314842.121
1650297600000,143.56,151.31,141.93,150.81,240691.252
1650312000000,150.85,157.53,150.8,156.08,242392.099
1650326400000,156.06,159.44,154.48,155.04,231945.721
1650340800000,155.05,156.5,153.13,153.62,111825.1
1650355200000,153.62,160.88,153.43,157.5,195557.566
1650369600000,157.47,162.48,156.96,159.78,230809.273
1650384000000,159.75,163.77,157.35,162.47,143124.329
1650398400000,162.45,162.49,157.72,158.61,87475.064
1650412800000,158.61,158.7,155.29,156.59,103672.668
1650427200000,156.57,158.51,155.14,156.65,82256.655
1650441600000,156.66,161.93,156.34,161.4,117307.401
1650456000000,161.41,162.0,155.64,158.99,201310.035
1650470400000,159.0,159.92,154.56,158.13,137414.71
1650484800000,158.15,159.97,156.08,156.72,61995.408
1650499200000,156.73,168.17,156.59,163.55,246806.001
1650513600000,163.57,165.99,160.49,165.57,113658.711
1650528000000,165.6,167.79,161.46,166.03,113004.54
1650542400000,166.03,167.76,163.55,166.21,107137.631
1650556800000,166.2,170.99,162.2,162.25,241875.677
1650571200000,162.22,164.18,156.12,159.44,246411.639
1650585600000,159.44,169.66,157.72,167.03,251391.211
1650600000000,167.01,169.79,162.84,165.38,290014.342
1650614400000,165.38,166.68,161.3,164.23,128266.397
1650628800000,164.18,164.76,159.02,159.4,133968.576
1650643200000,159.43,160.74,158.0,158.29,93647.316
1650657600000,158.24,158.52,156.67,157.07,53500.9
1650672000000,157.09,158.41,153.6,154.58,94338.482
1650686400000,154.56,155.87,152.48,155.53,62619.914
1650700800000,155.55,157.0,155.06,156.62,41937.584
1650715200000,156.63,156.85,153.35,154.55,69735.742
1650729600000,154.58,156.26,153.5,154.14,46938.894
1650744000000,154.14,156.81,152.61,153.11,49938.296
1650758400000,153.1,156.63,152.69,156.58,47517.34
1650772800000,156.54,160.39,155.45,155.83,120105.867
1650787200000,155.84,161.5,153.9,160.24,168828.43
1650801600000,160.22,160.95,157.42,160.65,171032.147
1650816000000,160.65,163.48,157.49,163.07,222766.281
1650830400000,163.06,163.4,160.49,160.84,122346.268
1650844800000,160.83,161.25,153.28,159.65,229528.414
1650859200000,159.66,160.39,148.63,148.93,199057.299
1650873600000,148.93,151.44,146.53,151.34,175920.024
1650888000000,151.33,152.5,149.25,151.0,129335.927
1650902400000,151.0,155.52,150.71,155.07,128993.069
1650916800000,155.08,166.8,154.33,165.97,204111.748
1650931200000,165.98,166.45,162.48,163.75,103585.353
1650945600000,163.75,170.0,163.28,169.37,120859.794
1650960000000,169.41,170.5,166.5,167.08,139289.476
1650974400000,167.14,168.72,156.7,157.95,270256.132
1650988800000,157.95,158.56,147.93,149.01,245606.59
1651003200000,149.0,150.32,143.0,145.91,197874.257
1651017600000,145.91,149.12,143.35,146.51,113882.242
1651032000000,146.48,150.75,145.97,150.51,100844.997
1651046400000,150.52,150.69,145.2,147.73,133650.396
1651060800000,147.7,150.56,145.74,147.31,179440.406
1651075200000,147.3,149.21,145.0,146.87,109321.949
1651089600000,146.88,151.68,145.48,149.21,170024.106
1651104000000,149.13,149.98,146.92,148.2,73887.941
1651118400000,148.19,149.8,147.52,148.66,52376.528
1651132800000,148.67,152.15,147.94,150.74,102808.474
1651147200000,150.76,151.87,144.78,146.81,200428.098
1651161600000,146.79,149.84,145.73,146.31,104168.884
1651176000000,146.31,148.36,145.29,146.88,64813.826
1651190400000,146.89,147.75,143.14,144.45,66949.956
1651204800000,144.48,145.37,143.1,144.8,54496.803
1651219200000,144.8,144.93,137.58,139.13,171914.967
1651233600000,139.13,139.29,133.94,134.98,252194.955
1651248000000,134.98,135.17,125.52,127.21,321675.678
1651262400000,127.21,128.84,126.06,128.22,122444.989
1651276800000,128.25,133.62,127.66,131.07,214140.533
1651291200000,131.07,132.13,129.28,129.75,74919.156
1651305600000,129.76,131.42,127.88,130.58,103469.643
1651320000000,130.61,131.03,124.1,126.76,149492.555
1651334400000,126.78,128.2,123.46,125.6,113914.587
1651348800000,125.61,126.03,108.36,113.84,306325.767
1651363200000,113.81,118.81,110.98,118.49,258005.57
1651377600000,118.51,119.77,115.68,117.33,129160.363
1651392000000,117.32,119.83,117.08,117.56,101989.828
1651406400000,117.56,123.31,116.41,122.89,150104.826
1651420800000,122.9,125.97,117.3,118.97,191066.875
1651435200000,118.97,124.64,118.55,124.01,95736.86
1651449600000,124.0,125.3,122.0,123.03,85829.646
1651464000000,123.05,124.16,121.27,121.66,60294.142
1651478400000,121.66,121.99,116.26,116.67,97460.349
1651492800000,116.63,120.79,115.5,119.77,177990.127
1651507200000,119.79,122.94,116.19,122.46,163042.176
1651521600000,122.46,125.85,120.48,124.67,109253.994
1651536000000,124.68,125.39,122.18,123.66,97567.23
1651550400000,123.61,125.0,122.8,124.02,62365.954
1651564800000,124.01,127.45,122.3,124.74,122736.482
1651579200000,124.74,124.86,120.89,121.74,86335.36
1651593600000,121.73,123.49,117.41,119.01,125877.275
1651608000000,119.01,121.44,117.33,119.63,78282.721
1651622400000,119.68,122.98,118.77,121.28,82870.496
1651636800000,121.35,122.7,119.68,122.01,58211.041
1651651200000,122.04,125.48,122.01,124.78,106234.105
1651665600000,124.74,125.7,120.33,121.82,91886.992
1651680000000,121.83,132.07,121.22,131.67,228461.556
1651694400000,131.68,135.08,131.41,134.38,121761.712
1651708800000,134.39,139.85,134.24,137.73,130373.496
1651723200000,137.71,139.36,135.54,136.52,80475.736
1651737600000,136.52,137.37,134.02,135.79,83556.372
1651752000000,135.81,137.54,121.64,123.3,342864.607
1651766400000,123.29,124.6,118.69,123.35,312690.866
1651780800000,123.34,126.58,121.71,125.49,106773.294
1651795200000,125.45,128.5,123.38,126.99,117163.283
1651809600000,127.0,128.19,121.71,123.01,123518.54
1651824000000,123.0,124.16,119.58,122.2,165490.773
1651838400000,122.21,126.25,120.0,123.57,287747.265
1651852800000,123.59,125.05,122.07,123.26,111449.905
1651867200000,123.25,124.3,122.25,123.65,50223.907
1651881600000,123.65,124.48,119.78,120.22,119676.463
1651896000000,120.23,120.68,116.07,118.44,150007.27
1651910400000,118.45,120.42,117.96,119.53,102604.751
1651924800000,119.5,119.71,116.89,118.61,98752.279
1651939200000,118.65,119.05,116.86,117.42,63777.974
1651953600000,117.41,117.63,110.17,112.65,178671.561
1651968000000,112.65,113.98,108.71,111.11,139453.328
1651982400000,111.09,113.77,111.08,112.27,71905.922
1651996800000,112.26,115.0,111.65,114.36,76388.443
1652011200000,114.33,114.64,110.85,112.65,105095.957
1652025600000,112.68,114.5,109.91,114.24,121630.677
1652040000000,114.23,116.33,113.28,114.0,102960.582
1652054400000,114.01,116.8,109.84,111.49,160842.195
1652068800000,111.51,113.37,110.42,111.23,76563.76
1652083200000,111.22,112.03,103.21,105.77,232194.945
1652097600000,105.78,107.53,100.34,101.26,235730.182
1652112000000,101.24,102.5,92.11,96.53,517426.639
1652126400000,96.57,101.63,91.73,92.4,337767.49
1652140800000,92.39,97.43,90.09,93.42,359878.388
1652155200000,93.35,105.0,92.93,98.76,266281.125
1652169600000,98.76,102.26,98.07,101.47,173799.135
1652184000000,101.46,104.25,94.47,98.65,289625.544
1652198400000,98.67,100.24,95.17,95.6,155491.332
1652212800000,95.61,95.84,87.78,92.9,242455.885
1652227200000,92.89,96.87,90.07,92.78,196167.466
1652241600000,92.78,94.49,84.08,88.09,396401.021
1652256000000,88.13,94.01,86.54,88.14,369685.064
1652270400000,88.2,93.94,76.79,86.79,786511.155
1652284800000,86.77,88.42,79.21,81.63,360884.499
1652299200000,81.64,85.9,75.31,83.21,416606.046
1652313600000,83.22,88.26,73.37,73.53,487153.146
1652328000000,73.53,78.53,69.63,76.84,665350.575
1652342400000,76.9,77.39,69.25,75.51,471628.427
1652356800000,75.49,81.26,70.92,80.74,338840.668
1652371200000,80.72,84.43,77.81,82.34,245633.7
1652385600000,82.35,89.45,81.4,86.58,237314.0
1652400000000,86.55,98.57,85.52,96.23,306517.657
1652414400000,96.24,99.22,93.41,93.65,158675.296
1652428800000,93.65,98.75,93.0,98.18,167638.886
1652443200000,98.19,99.97,93.89,95.6,159205.335
1652457600000,95.68,98.91,90.83,94.15,198482.888
1652472000000,94.21,98.56,93.47,93.76,89962.157
1652486400000,93.78,103.74,92.67,102.0,151998.813
1652500800000,102.01,102.04,95.49,98.39,103117.694
1652515200000,98.39,100.41,89.95,90.31,156489.096
1652529600000,90.26,94.8,86.79,92.92,321127.392
1652544000000,92.97,102.46,91.25,101.31,242211.391
1652558400000,101.37,107.47,101.34,105.48,235520.707
1652572800000,105.45,106.69,102.45,104.91,133799.539
1652587200000,104.95,106.03,102.27,102.68,94386.63
1652601600000,102.71,106.45,102.39,105.92,105899.261
1652616000000,105.92,109.63,102.59,104.35,201658.738
1652630400000,104.35,112.41,103.67,111.77,228852.785
1652644800000,111.77,114.0,110.77,112.24,104204.037
1652659200000,112.23,112.23,107.08,108.44,95558.156
1652673600000,108.43,108.45,101.6,105.55,136586.849
1652688000000,105.54,109.3,103.88,106.51,176244.457
1652702400000,106.46,108.9,101.29,103.78,402660.778
1652716800000,103.79,105.85,102.58,103.38,126681.769
1652731200000,103.39,104.66,101.88,102.81,72442.507
1652745600000,102.82,105.79,101.95,105.11,102284.346
1652760000000,105.12,107.85,104.43,106.09,84239.918
1652774400000,106.09,107.9,105.36,106.16,75815.199
1652788800000,106.17,108.37,102.96,103.66,145457.861
1652803200000,103.62,107.12,99.56,104.42,297828.49
1652817600000,104.41,116.6,103.99,114.54,319587.042
1652832000000,114.53,116.12,109.32,109.66,252299.526
1652846400000,109.64,112.65,109.3,109.6,291198.728
1652860800000,109.55,109.83,107.0,107.4,144238.284
1652875200000,107.36,108.75,101.51,102.95,312633.987
1652889600000,102.97,105.46,100.02,103.25,199581.91
1652904000000,103.23,103.31,98.71,99.58,128801.617
1652918400000,99.58,102.01,93.96,100.86,280768.965
1652932800000,100.86,102.75,99.27,101.35,126143.351
1652947200000,101.36,102.02,95.36,101.87,291306.074
1652961600000,101.9,109.4,99.97,107.44,323008.728
1652976000000,107.45,108.38,103.08,103.24,131276.894
1652990400000,103.22,105.24,100.78,104.65,104501.062
1653004800000,104.67,108.98,103.86,106.39,163106.647
1653019200000,106.4,110.26,103.93,109.82,148495.138
1653033600000,109.8,111.5,106.49,107.59,226891.854
1653048000000,107.61,108.14,102.3,103.95,311579.556
1653062400000,103.95,106.79,100.87,106.69,178016.376
1653076800000,106.7,108.97,105.27,107.04,125120.95
1653091200000,107.04,107.8,102.87,104.85,132795.986
1653105600000,104.87,105.03,101.98,104.08,175295.099
1653120000000,104.07,105.31,101.2,102.0,250612.95
1653134400000,101.99,104.3,101.3,104.02,119667.28
1653148800000,104.02,106.95,103.52,104.34,117720.168
1653163200000,104.35,105.55,102.58,104.43,68369.119
1653177600000,104.4,106.74,102.72,103.4,103808.344
1653192000000,103.4,104.2,101.69,103.91,82564.29
1653206400000,103.92,110.58,103.78,107.35,195126.197
1653220800000,107.33,108.9,104.74,106.32,134934.302
1653235200000,106.33,107.95,104.47,105.06,80168.054
1653249600000,105.05,108.07,104.84,106.61,66915.415
1653264000000,106.61,107.94,105.03,106.46,65712.431
1653278400000,106.46,112.19,105.87,110.09,152419.044
1653292800000,110.07,110.26,107.53,109.43,121061.247
1653307200000,109.44,109.86,106.0,108.54,134953.3
1653321600000,108.57,109.13,102.2,102.43,146687.276
1653336000000,102.42,103.35,97.28,99.25,279129.665
1653350400000,99.25,101.69,98.69,99.68,114521.764
1653364800000,99.67,100.59,97.82,99.65,109756.36
1653379200000,99.65,99.7,95.8,97.62,160258.409
1653393600000,97.55,100.76,91.9,100.3,348823.616
1653408000000,100.27,101.5,96.35,98.23,243322.64
1653422400000,98.24,100.55,97.8,100.08,76033.063
1653436800000,100.07,102.17,97.83,101.32,108353.772
1653451200000,101.32,101.38,97.09,98.42,96392.305
1653465600000,98.42,99.36,96.43,96.8,92679.009
1653480000000,96.8,99.43,96.5,97.71,122260.896
1653494400000,97.73,98.62,94.7,95.18,155604.723
1653508800000,95.18,96.62,95.0,95.54,53616.063
1653523200000,95.53,97.32,95.38,96.03,109720.163
1653537600000,96.0,96.43,86.89,87.78,296838.652
1653552000000,87.78,88.12,83.14,84.92,254753.227
1653566400000,84.89,89.28,81.55,88.75,338961.202
1653580800000,88.75,90.55,86.33,86.4,156206.493
1653595200000,86.42,89.91,86.3,87.38,119577.962
1653609600000,87.39,89.18,83.0,86.46,218103.904
1653624000000,86.44,87.39,82.31,85.28,253670.662
1653638400000,85.28,87.47,84.31,86.26,161143.656
1653652800000,86.25,89.31,85.53,86.16,205368.405
1653667200000,86.15,86.75,83.05,86.26,212724.624
1653681600000,86.21,88.11,84.69,86.07,90935.538
1653696000000,86.09,87.65,84.82,86.76,100607.901
1653710400000,86.74,87.98,86.06,86.35,114308.229
1653724800000,86.35,87.29,85.16,86.64,103827.423
1653739200000,86.63,88.84,86.57,87.86,134885.169
1653753600000,87.85,88.55,85.94,87.01,87052.221
1653768000000,87.0,87.48,85.54,86.6,46818.04
1653782400000,86.61,87.23,84.15,85.51,99790.294
1653796800000,85.51,86.31,84.91,85.99,53086.818
1653811200000,85.99,88.02,85.14,87.71,105076.798
1653825600000,87.71,88.7,86.42,87.53,100496.899
1653840000000,87.52,88.5,87.07,88.17,85430.771
1653854400000,88.17,92.35,87.73,92.19,100636.714
1653868800000,92.19,94.83,89.71,93.47,187833.956
1653883200000,93.47,97.52,93.06,97.39,144931.693
1653897600000,97.4,97.46,93.68,94.58,124014.746
1653912000000,94.59,96.43,93.14,95.34,130220.658
1653926400000,95.36,96.25,94.34,95.0,98655.287
1653940800000,95.0,99.68,94.42,98.63,154016.178
1653955200000,98.62,100.11,97.87,98.54,86928.015
1653969600000,98.55,98.96,91.0,94.0,223504.465
1653984000000,94.01,95.13,92.23,94.88,125352.629
1653998400000,94.87,94.89,91.33,93.95,180927.418
1654012800000,93.93,95.12,91.58,92.22,172923.506
1654027200000,92.24,94.28,92.1,93.19,66990.131
1654041600000,93.21,95.13,91.83,92.59,102059.974
1654056000000,92.59,93.65,92.04,92.5,85656.256
1654070400000,92.51,94.3,92.26,93.07,81363.525
1654084800000,93.06,96.34,91.44,91.86,193443.069
1654099200000,91.87,93.3,91.11,92.66,181804.095
1654113600000,92.68,92.84,87.24,89.49,228078.956
1654128000000,89.51,90.35,87.78,88.46,95399.246
1654142400000,88.49,90.15,87.93,89.37,71422.672
1654156800000,89.37,90.48,88.6,90.15,81405.141
1654171200000,90.14,90.59,88.11,89.54,127831.837
1654185600000,89.55,90.73,89.35,89.8,67640.222
1654200000000,89.82,92.11,89.66,91.22,69016.441
1654214400000,91.22,91.59,90.42,91.29,39569.581
1654228800000,91.28,91.37,89.52,90.12,38760.112
1654243200000,90.07,90.11,85.5,87.13,145747.217
1654257600000,87.15,89.49,86.95,88.27,146454.737
1654272000000,88.32,89.3,88.05,88.52,60924.947
1654286400000,88.55,91.15,88.55,89.3,79039.274
1654300800000,89.31,89.85,87.29,87.5,66644.867
1654315200000,87.5,89.71,87.36,89.45,54746.996
1654329600000,89.44,89.9,88.77,88.98,45782.688
1654344000000,88.97,89.87,88.29,89.44,56136.272
1654358400000,89.44,89.65,88.54,88.64,48274.459
1654372800000,88.62,90.31,88.45,89.62,58939.913
1654387200000,89.62,90.19,88.9,89.3,48912.578
1654401600000,89.3,89.66,88.81,89.12,28551.983
1654416000000,89.12,89.49,88.51,89.14,35313.618
1654430400000,89.14,90.06,88.66,90.0,35087.491
1654444800000,90.01,90.73,88.89,89.66,64273.277
1654459200000,89.66,90.16,88.98,89.34,48002.924
1654473600000,89.32,93.48,89.1,93.38,102541.168
1654488000000,93.39,94.72,92.77,93.73,95112.148
1654502400000,93.75,95.6,93.15,93.58,128203.143
1654516800000,93.54,94.56,92.49,94.11,98456.552
1654531200000,94.1,94.14,92.86,93.34,80933.327
1654545600000,93.34,94.1,92.32,93.77,59080.589
1654560000000,93.78,93.89,88.04,90.36,169018.459
1654574400000,90.33,91.13,89.86,90.98,76146.769
1654588800000,90.99,91.66,90.24,90.76,83722.067
1654603200000,90.75,91.88,89.56,90.8,149539.617
1654617600000,90.8,94.96,90.47,93.55,125561.166
1654632000000,93.52,95.2,91.01,92.73,165731.947
1654646400000,92.74,94.35,90.0,90.61,105006.017
1654660800000,90.62,91.9,90.07,91.13,59656.936
1654675200000,91.18,91.55,89.73,90.78,62736.932
1654689600000,90.8,92.61,89.3,91.02,81255.934
1654704000000,90.98,93.23,90.28,91.75,91820.327
1654718400000,91.76,92.69,90.9,92.56,42227.443
1654732800000,92.58,92.82,90.73,92.25,61316.972
1654747200000,92.26,92.97,91.97,92.79,49422.808
1654761600000,92.79,93.93,92.29,92.42,73652.261
1654776000000,92.46,93.48,91.96,93.16,70329.192
1654790400000,93.15,93.96,92.05,92.22,68140.001
1654804800000,92.23,92.28,90.45,91.22,68868.103
1654819200000,91.2,93.16,89.3,92.61,66631.911
1654833600000,92.59,92.82,91.2,91.21,28580.239
1654848000000,91.21,91.68,90.0,90.66,43243.916
1654862400000,90.68,90.98,87.22,88.45,112157.086
1654876800000,88.44,88.86,86.24,86.6,92634.42
1654891200000,86.61,88.0,85.8,86.28,39141.559
1654905600000,86.3,86.94,83.67,86.75,69600.046
1654920000000,86.76,87.75,86.65,87.17,34313.07
1654934400000,87.16,88.26,81.84,82.57,119117.273
1654948800000,82.53,83.52,77.97,78.74,151979.877
1654963200000,78.73,81.46,77.2,80.15,136216.037
1654977600000,80.1,81.26,78.31,79.58,46860.642
1654992000000,79.59,80.69,74.38,76.09,129498.136
1655006400000,76.08,77.42,73.73,77.05,96994.773
1655020800000,77.02,77.98,75.78,76.78,76710.003
1655035200000,76.8,80.51,74.38,79.54,135633.336
1655049600000,79.54,84.31,78.54,81.41,222394.889
1655064000000,81.38,82.13,78.8,79.0,129884.487
1655078400000,78.98,80.7,70.23,71.97,302865.351
1655092800000,71.97,74.47,68.5,69.94,210312.077
1655107200000,69.95,70.41,64.65,65.81,323263.382
1655121600000,65.8,68.21,62.8,66.5,290339.015
1655136000000,66.48,68.93,65.24,66.84,162288.995
1655150400000,66.84,69.46,63.19,65.58,152764.786
1655164800000,65.6,66.14,59.87,64.6,229617.382
1655179200000,64.62,67.77,62.44,66.59,224346.68
1655193600000,66.63,66.79,62.15,63.19,160507.17
1655208000000,63.22,65.67,61.47,65.35,143552.901
1655222400000,65.3,65.55,62.48,63.01,91781.027
1655236800000,63.01,64.52,60.95,63.99,93047.737
1655251200000,64.0,64.61,61.96,62.16,84255.96
1655265600000,62.13,62.21,59.7,60.26,178081.135
1655280000000,60.21,62.25,57.23,61.56,283771.739
1655294400000,61.61,64.21,61.16,63.65,195055.367
1655308800000,63.62,68.93,60.81,66.4,299854.29
1655323200000,66.4,68.65,64.98,68.54,134356.701
1655337600000,68.52,70.1,66.94,67.12,111364.927
1655352000000,67.1,68.05,64.14,64.35,72827.502
1655366400000,64.37,65.72,61.61,62.73,106155.664
1655380800000,62.76,64.66,60.95,61.13,143286.608
1655395200000,61.14,62.67,59.8,59.95,135769.374
1655409600000,59.94,61.29,57.74,59.01,107351.444
1655424000000,59.02,62.83,58.15,61.41,164727.055
1655438400000,61.41,64.32,61.12,63.36,104413.66
1655452800000,63.43,64.73,62.45,63.37,118434.285
1655467200000,63.37,64.13,61.78,62.26,133418.638
1655481600000,62.27,63.34,61.54,62.41,91751.492
1655496000000,62.4,63.8,61.93,62.58,85617.3
1655510400000,62.56,63.6,61.3,61.7,66374.74
1655524800000,61.69,62.54,57.41,57.85,147815.651
1655539200000,57.9,59.6,56.12,58.58,166421.29
1655553600000,58.6,59.2,57.37,57.53,78243.844
1655568000000,57.51,58.5,54.68,54.84,165602.225
1655582400000,54.86,59.48,53.06,59.23,236257.314
1655596800000,59.23,59.91,57.4,58.26,110849.97
1655611200000,58.26,59.35,56.56,57.87,169109.897
1655625600000,57.88,63.67,57.55,62.57,225184.999
1655640000000,62.59,63.3,60.62,62.61,134184.133
1655654400000,62.63,68.7,62.03,66.45,274474.641
1655668800000,66.44,68.88,66.41,67.5,174556.862
1655683200000,67.47,68.09,64.6,66.08,141980.659
1655697600000,66.08,67.12,64.51,65.54,133573.326
1655712000000,65.53,68.8,65.35,68.34,138634.791
1655726400000,68.32,68.43,65.21,67.14,139164.346
1655740800000,67.13,67.19,64.21,64.96,103810.471
1655755200000,64.94,65.79,63.22,64.98,81527.8
1655769600000,64.99,65.8,63.73,65.21,76699.921
1655784000000,65.2,67.95,64.41,66.07,117161.02
1655798400000,66.07,69.55,66.03,66.82,168082.358
1655812800000,66.76,69.98,66.33,68.93,158608.063
1655827200000,68.91,70.31,66.59,66.73,123902.407
1655841600000,66.7,67.4,65.12,65.75,94625.172
1655856000000,65.76,67.09,63.5,63.85,102224.28
1655870400000,63.83,65.57,62.53,62.79,104966.405
1655884800000,62.81,65.18,62.33,64.53,77827.984
1655899200000,64.54,67.12,62.93,64.47,119022.489
1655913600000,64.45,65.44,63.32,64.58,82032.475
1655928000000,64.58,65.28,62.91,63.2,79366.2
1655942400000,63.19,65.89,62.64,63.27,113243.145
1655956800000,63.26,65.21,62.54,63.93,123965.993
1655971200000,63.91,65.15,63.87,64.38,146520.852
1655985600000,64.35,65.23,62.65,63.38,154841.043
1656000000000,63.39,64.8,62.31,64.35,96435.25
1656014400000,64.36,66.18,63.87,65.56,120256.224
1656028800000,65.56,67.61,64.81,65.07,129180.781
1656043200000,65.07,65.76,64.1,65.04,80317.485
1656057600000,65.03,67.82,64.67,66.83,144952.372
1656072000000,66.84,68.62,65.88,67.01,128817.603
1656086400000,67.03,68.25,66.37,68.24,70695.832
1656100800000,68.23,70.94,68.17,69.09,147799.051
1656115200000,69.09,70.82,68.42,69.4,121655.777
1656129600000,69.41,70.38,68.56,70.2,68001.628
1656144000000,70.19,70.35,68.0,68.21,77793.189
1656158400000,68.21,68.88,64.21,64.72,142734.588
1656172800000,64.71,67.08,64.36,66.64,65234.662
1656187200000,66.65,68.54,66.26,68.25,51219.591
1656201600000,68.24,69.19,67.19,68.34,69217.252
1656216000000,68.33,70.09,68.09,68.92,64744.476
1656230400000,68.91,70.27,67.76,70.02,85816.228
1656244800000,70.0,70.71,66.34,67.52,114288.964
1656259200000,67.51,67.94,65.12,66.38,75130.388
1656273600000,66.38,68.04,63.4,63.71,93915.227
1656288000000,63.71,65.64,63.29,65.4,81531.258
1656302400000,65.4,66.42,64.84,65.96,57451.73
1656316800000,65.97,67.3,65.5,65.54,67490.439
1656331200000,65.56,65.93,63.2,63.74,113462.087
1656345600000,63.74,63.91,61.74,62.34,112069.917
1656360000000,62.35,63.38,62.0,62.35,70397.968
1656374400000,62.36,63.2,60.2,61.29,99546.613
1656388800000,61.31,62.53,61.02,61.95,73428.004
1656403200000,61.97,63.13,61.6,62.15,102661.893
1656417600000,62.15,63.35,60.3,60.51,156840.596
1656432000000,60.5,61.2,59.09,59.86,115799.883
1656446400000,59.84,60.33,58.37,58.82,76310.603
1656460800000,58.83,60.07,58.46,59.25,73385.663
1656475200000,59.24,59.55,57.19,58.87,119892.612
1656489600000,58.87,59.5,57.85,58.87,109535.573
1656504000000,58.85,61.12,58.23,60.52,163776.16
1656518400000,60.51,60.79,56.96,58.7,239380.863
1656532800000,58.69,59.22,57.03,57.64,121063.928
1656547200000,57.65,58.15,55.22,56.62,131606.531
1656561600000,56.63,57.17,52.59,53.47,249344.448
1656576000000,53.45,53.46,51.7,52.54,194614.283
1656590400000,52.53,53.68,51.81,53.0,281527.513
1656604800000,53.02,53.98,52.56,53.24,160377.442
1656619200000,53.22,55.01,51.87,54.5,159830.104
1656633600000,54.5,56.64,53.15,53.22,211308.212
1656648000000,53.21,54.55,51.92,53.77,194167.259
1656662400000,53.77,54.48,51.99,52.74,131865.297
1656676800000,52.75,54.1,52.43,52.94,141293.475
1656691200000,52.91,53.92,52.8,53.72,89419.498
1656705600000,53.72,54.45,52.87,53.47,85105.497
1656720000000,53.48,53.73,51.83,52.19,177702.467
1656734400000,52.18,53.4,52.06,52.42,104043.513
1656748800000,52.42,53.3,51.78,53.03,106729.679
1656763200000,53.03,53.99,52.84,53.28,116880.341
1656777600000,53.27,54.6,53.16,54.02,96904.217
1656792000000,54.01,54.96,53.69,54.02,60853.013
1656806400000,54.02,54.08,52.9,53.55,76209.168
1656820800000,53.56,54.38,52.2,53.47,127064.815
1656835200000,53.47,53.86,52.84,53.8,65689.017
1656849600000,53.81,53.88,52.69,53.33,85947.317
1656864000000,53.32,55.25,53.29,54.92,84232.288
1656878400000,54.93,55.17,53.83,54.46,85896.123
1656892800000,54.47,54.8,52.85,53.14,90442.142
1656907200000,53.14,54.17,53.04,54.0,68036.024
1656921600000,53.98,56.34,53.86,56.03,141071.124
1656936000000,56.03,58.15,55.47,56.65,175360.355
1656950400000,56.66,57.81,56.47,57.17,116027.354
1656964800000,57.16,58.81,56.73,58.12,98614.4
1656979200000,58.11,58.7,57.36,58.47,84466.997
1656993600000,58.48,58.7,57.59,57.96,80839.735
1657008000000,57.95,58.07,55.83,56.2,124335.288
1657022400000,56.21,56.28,54.74,55.86,167908.215
1657036800000,55.87,58.31,55.52,57.88,116186.479
1657051200000,57.88,58.67,56.74,57.01,109783.462
1657065600000,57.02,57.86,55.76,56.98,125598.441
1657080000000,56.98,57.73,56.52,57.14,81032.744
1657094400000,57.13,57.92,56.8,57.49,83472.16
1657108800000,57.51,58.45,57.12,57.56,158496.662
1657123200000,57.56,58.32,57.33,58.13,87369.511
1657137600000,58.14,58.6,57.52,58.2,86340.532
1657152000000,58.18,59.18,57.95,58.26,76536.809
1657166400000,58.26,58.31,57.15,57.99,88444.089
1657180800000,57.99,58.6,57.82,58.26,50084.187
1657195200000,58.26,59.49,57.76,59.02,118124.241
1657209600000,59.03,60.56,58.96,60.44,126139.338
1657224000000,60.44,60.52,59.29,59.82,62711.515
1657238400000,59.83,61.64,59.53,60.68,86148.497
1657252800000,60.68,60.91,59.1,59.28,63600.503
1657267200000,59.29,59.51,57.72,58.69,91964.52
1657281600000,58.69,59.58,57.58,59.34,128056.826
1657296000000,59.33,60.35,58.46,60.09,72478.089
1657310400000,60.08,60.61,59.22,59.4,63934.711
1657324800000,59.41,61.08,59.4,60.73,91092.675
1657339200000,60.73,62.44,60.33,61.88,92824.23
1657353600000,61.88,62.25,60.79,60.93,69652.383
1657368000000,60.94,61.31,60.67,61.16,56393.425
1657382400000,61.15,62.22,61.01,61.53,50461.982
1657396800000,61.54,61.92,61.08,61.19,30788.923
1657411200000,61.2,61.3,59.28,59.74,88679.694
1657425600000,59.74,60.28,59.35,60.14,43947.921
1657440000000,60.14,60.3,59.08,59.9,60979.509
1657454400000,59.9,60.23,58.09,58.58,89953.699
1657468800000,58.58,59.5,58.07,59.49,67791.704
1657483200000,59.49,60.1,58.8,59.66,70007.691
1657497600000,59.67,59.71,57.65,58.4,90091.749
1657512000000,58.4,58.45,56.83,57.34,94359.44
1657526400000,57.33,58.2,57.11,57.75,65134.948
1657540800000,57.75,58.53,57.14,58.14,91101.937
1657555200000,58.13,58.76,57.9,58.58,75762.124
1657569600000,58.57,58.78,55.4,55.64,105096.137
1657584000000,55.64,55.68,54.3,54.47,121196.162
1657598400000,54.46,54.99,53.5,53.94,84690.321
1657612800000,53.95,54.42,53.24,54.15,90989.422
1657627200000,54.16,54.72,53.79,54.22,73867.032
1657641600000,54.22,54.84,52.77,53.15,97651.013
1657656000000,53.13,53.32,51.71,51.98,92125.118
1657670400000,51.97,52.87,51.25,52.27,91534.297
1657684800000,52.27,53.35,52.19,53.27,60083.38
1657699200000,53.27,53.56,52.73,53.37,73163.424
1657713600000,53.36,53.82,49.49,52.0,330280.457
1657728000000,51.99,53.52,51.51,52.78,109170.007
1657742400000,52.78,54.99,52.6,54.9,118158.438
1657756800000,54.9,55.15,54.12,54.21,82490.181
1657771200000,54.2,54.44,53.5,53.76,100058.806
1657785600000,53.76,53.94,52.62,53.01,123909.899
1657800000000,53.01,55.0,52.64,54.77,101031.862
1657814400000,54.77,59.5,54.18,58.58,261441.673
1657828800000,58.58,58.84,56.59,57.63,116093.25
1657843200000,57.61,58.69,56.91,57.88,98448.731
1657857600000,57.9,58.27,57.42,58.13,73796.274
1657872000000,58.14,59.33,58.03,58.32,110609.839
1657886400000,58.3,59.16,57.92,58.1,109975.788
1657900800000,58.08,59.93,57.49,59.81,117182.891
1657915200000,59.83,60.04,58.04,58.41,70751.053
1657929600000,58.4,58.8,57.65,58.64,45787.522
1657944000000,58.62,60.87,58.11,59.85,260059.955
1657958400000,59.82,61.17,59.71,60.16,269059.213
1657972800000,60.17,61.59,60.12,61.37,196400.524
1657987200000,61.36,64.48,61.26,62.85,252204.172
1658001600000,62.83,63.49,62.06,63.21,79406.415
1658016000000,63.19,63.98,61.85,62.64,93461.175
1658030400000,62.65,63.58,62.31,62.36,84134.971
1658044800000,62.37,62.69,60.12,60.62,200929.709
1658059200000,60.61,61.13,59.44,60.64,189606.784
1658073600000,60.63,61.36,59.12,60.43,175446.446
1658088000000,60.43,60.55,59.28,59.48,80113.677
1658102400000,59.48,61.93,59.27,61.45,148037.054
1658116800000,61.45,64.23,60.93,63.91,159433.854
1658131200000,63.92,64.99,63.1,63.46,124875.237
1658145600000,63.47,66.3,62.39,65.81,164325.481
1658160000000,65.8,65.92,61.86,63.08,178520.684
1658174400000,63.08,66.0,62.52,65.49,119774.331
1658188800000,65.49,66.82,62.72,63.08,183053.219
1658203200000,63.08,64.47,62.05,62.75,113716.403
1658217600000,62.73,64.95,62.52,64.01,160248.729
1658232000000,64.01,66.11,63.85,65.11,221274.468
1658246400000,65.11,67.2,64.22,65.24,201791.464
1658260800000,65.26,66.13,64.22,64.65,104611.79
1658275200000,64.65,66.53,63.47,66.28,152425.681
1658289600000,66.3,67.27,65.15,65.22,117939.462
1658304000000,65.2,66.59,63.58,65.52,180466.855
1658318400000,65.53,66.85,64.65,66.12,161459.654
1658332800000,66.14,66.23,63.37,63.63,152652.229
1658347200000,63.64,64.09,60.81,62.1,193028.637
1658361600000,62.12,62.72,59.74,59.89,127887.676
1658376000000,59.9,61.38,59.0,60.91,117349.114
1658390400000,60.9,61.36,59.94,60.68,86310.905
1658404800000,60.67,61.42,59.83,60.92,108131.335
1658419200000,60.91,62.51,60.8,62.14,101656.567
1658433600000,62.12,62.61,61.0,61.85,81789.484
1658448000000,61.85,62.92,61.33,61.68,62078.627
1658462400000,61.7,63.3,61.5,62.72,61471.428
1658476800000,62.74,63.67,62.58,63.51,98524.076
1658491200000,63.51,64.4,62.32,62.7,163379.784
1658505600000,62.68,62.99,59.8,60.03,126527.759
1658520000000,60.04,60.5,59.28,59.9,74596.899
1658534400000,59.89,61.78,59.19,61.44,75548.274
1658548800000,61.46,62.94,60.78,60.92,116508.017
1658563200000,60.91,61.36,58.18,58.29,141283.673
1658577600000,58.29,59.36,57.99,58.56,94613.511
1658592000000,58.58,59.0,57.16,57.94,122162.034
1658606400000,57.93,59.44,57.79,59.09,76976.44
1658620800000,59.09,59.68,58.38,58.56,98832.377
1658635200000,58.54,60.44,58.48,60.1,89380.594
1658649600000,60.1,60.59,59.5,60.15,86129.902
1658664000000,60.15,60.43,58.76,59.94,97921.667
1658678400000,59.95,60.17,59.19,59.43,68751.527
1658692800000,59.42,60.63,58.75,58.95,79029.587
1658707200000,58.95,59.6,56.18,56.57,148120.794
1658721600000,56.56,57.26,56.12,56.67,74464.268
1658736000000,56.68,57.48,56.44,57.07,78329.173
1658750400000,57.05,57.23,56.02,57.13,104999.084
1658764800000,57.13,57.46,55.44,56.32,121639.038
1658779200000,56.32,57.47,54.15,54.26,148972.37
1658793600000,54.26,54.38,52.78,54.14,126766.952
1658808000000,54.14,54.63,53.72,53.93,70692.794
1658822400000,53.92,54.59,53.48,53.95,65646.549
1658836800000,53.94,54.35,53.14,53.23,101952.728
1658851200000,53.24,54.4,53.17,53.7,81538.759
1658865600000,53.69,55.73,53.4,55.65,84419.894
1658880000000,55.66,55.89,54.43,54.51,78034.819
1658894400000,54.52,56.33,54.52,56.29,107942.799
1658908800000,56.28,57.54,56.26,56.91,246495.693
1658923200000,56.91,58.95,56.78,58.52,272670.235
1658937600000,58.5,61.51,57.83,60.67,490215.981
1658952000000,60.67,61.88,60.24,61.7,160270.362
1658966400000,61.7,63.29,61.06,62.31,170123.152
1658980800000,62.32,62.69,60.68,60.94,115309.479
1658995200000,60.94,61.92,60.9,61.58,98706.748
1659009600000,61.58,63.23,59.65,62.4,246308.318
1659024000000,62.41,64.85,62.3,64.23,228090.688
1659038400000,64.24,65.24,63.23,63.65,110068.638
1659052800000,63.66,65.67,62.71,65.37,145677.718
1659067200000,65.36,66.84,64.16,64.86,152791.548
1659081600000,64.87,66.57,63.4,63.6,163043.535
1659096000000,63.62,65.41,61.9,64.76,168174.421
1659110400000,64.77,64.84,62.26,63.64,114648.292
1659124800000,63.6,65.28,63.27,63.6,88769.069
1659139200000,63.6,64.96,63.15,63.85,93943.268
1659153600000,63.86,65.32,62.74,65.2,86025.362
1659168000000,65.2,68.64,65.05,66.76,220013.328
1659182400000,66.76,67.93,66.13,67.81,113395.093
1659196800000,67.81,68.49,65.98,66.16,90722.203
1659211200000,66.14,66.43,64.68,65.16,92826.905
1659225600000,65.18,66.0,64.76,65.62,56475.764
1659240000000,65.63,66.52,65.0,65.07,66931.862
1659254400000,65.08,66.36,64.08,65.95,85250.875
1659268800000,65.95,66.14,65.01,66.04,73111.485
1659283200000,66.05,70.07,65.65,67.29,265240.762
1659297600000,67.27,67.99,64.26,64.42,112681.294
1659312000000,64.41,66.1,64.21,65.16,87168.251
1659326400000,65.16,65.47,63.77,64.62,72418.14
1659340800000,64.63,64.76,63.39,64.23,88750.743
1659355200000,64.22,65.1,62.69,64.37,170545.765
1659369600000,64.37,64.46,61.63,62.13,99225.41
1659384000000,62.14,63.07,61.36,62.74,62606.77
1659398400000,62.74,63.52,59.29,59.44,134308.626
1659412800000,59.42,60.77,58.82,60.69,81477.686
1659427200000,60.67,61.23,59.86,60.64,92715.266
1659441600000,60.65,62.71,60.16,62.09,154498.173
1659456000000,62.08,62.98,61.28,61.87,137702.767
1659470400000,61.87,62.33,61.3,61.43,84282.218
1659484800000,61.44,61.72,59.83,61.35,134915.564
1659499200000,61.36,62.41,61.1,61.91,72844.069
1659513600000,61.9,62.72,61.89,62.67,85181.793
1659528000000,62.66,63.36,61.93,62.47,117762.006
1659542400000,62.46,64.21,62.09,63.54,132197.86
1659556800000,63.53,63.61,61.05,61.71,90485.727
1659571200000,61.72,63.6,61.64,62.8,100153.641
1659585600000,62.81,63.9,62.32,62.51,105727.862
1659600000000,62.5,63.98,61.78,62.94,125507.627
1659614400000,62.93,63.96,62.25,63.94,127993.477
1659628800000,63.95,65.42,62.98,64.07,198566.148
1659643200000,64.08,65.45,63.53,64.39,140759.752
1659657600000,64.38,68.11,64.38,68.09,164761.222
1659672000000,68.1,69.19,67.52,67.64,184273.609
1659686400000,67.63,68.53,67.06,68.2,111207.155
1659700800000,68.21,68.68,67.06,67.09,167379.889
1659715200000,67.08,67.9,66.62,67.72,83568.884
1659729600000,67.71,69.3,67.47,69.04,80471.766
1659744000000,69.05,69.38,68.1,68.35,82225.123
1659758400000,68.34,68.8,68.07,68.76,50421.211
1659772800000,68.77,69.56,67.32,67.48,107644.772
1659787200000,67.48,68.26,67.15,67.69,80129.428
1659801600000,67.69,68.31,66.86,68.04,82170.359
1659816000000,68.04,68.75,67.44,67.63,63895.688
1659830400000,67.63,68.32,66.3,67.6,96824.965
1659844800000,67.61,68.48,67.2,68.3,67375.945
1659859200000,68.3,72.9,68.09,72.33,800587.117
1659873600000,72.34,72.86,71.84,72.31,469595.018
1659888000000,72.32,72.61,70.72,70.87,327977.758
1659902400000,70.87,71.82,69.99,70.36,203351.493
1659916800000,70.35,71.22,69.72,70.96,189870.037
1659931200000,70.97,71.66,70.43,71.02,185099.532
1659945600000,71.01,72.42,70.58,72.41,168409.295
1659960000000,72.4,75.5,71.27,73.13,507753.393
1659974400000,73.14,77.31,71.84,77.12,550506.871
1659988800000,77.12,78.96,75.51,77.47,683355.267
1660003200000,77.48,82.14,75.86,80.76,913841.063
1660017600000,80.76,80.8,77.24,77.53,591085.169
1660032000000,77.54,77.98,75.17,77.19,699119.037
1660046400000,77.19,79.21,74.5,75.93,1029976.65
1660060800000,75.93,79.79,74.99,77.69,658182.957
1660075200000,77.67,81.24,77.56,79.65,398754.22
1660089600000,79.67,79.88,75.54,75.82,540006.111
1660104000000,75.84,76.47,73.09,73.32,330914.716
1660118400000,73.33,74.23,72.66,73.44,296282.54
1660132800000,73.44,78.5,72.73,77.26,754978.947
1660147200000,77.26,77.48,75.51,77.4,274269.794
1660161600000,77.4,79.22,76.61,78.54,256183.991
1660176000000,78.55,79.27,77.61,78.21,229112.085
1660190400000,78.21,81.36,78.11,80.81,247334.365
1660204800000,80.81,82.74,79.28,79.39,358859.776
1660219200000,79.4,80.57,78.25,78.59,270854.959
1660233600000,78.59,80.23,78.59,79.73,141470.771
1660248000000,79.75,80.13,78.08,79.23,130290.697
1660262400000,79.24,81.06,78.32,78.78,267747.67
1660276800000,78.77,79.19,77.64,78.96,145093.128
1660291200000,78.97,79.49,76.5,77.0,172154.149
1660305600000,77.0,77.86,76.72,77.42,143889.187
1660320000000,77.42,78.68,77.35,78.28,98527.937
1660334400000,78.28,78.33,76.64,77.22,114702.424
1660348800000,77.23,79.24,77.06,78.52,132556.625
1660363200000,78.53,78.91,77.36,77.75,116378.206
1660377600000,77.76,78.12,76.07,76.68,147412.741
1660392000000,76.69,76.95,75.53,76.32,92158.738
1660406400000,76.32,76.68,75.32,75.43,74241.082
1660420800000,75.4,76.4,75.25,76.15,70815.732
1660435200000,76.13,77.38,75.18,76.79,120308.655
1660449600000,76.78,77.7,76.52,77.15,97632.252
1660464000000,77.14,77.38,76.0,76.14,87877.321
1660478400000,76.14,76.19,73.84,75.15,126647.609
1660492800000,75.16,75.33,72.62,73.67,152764.134
1660507200000,73.67,74.44,73.41,73.72,79891.241
1660521600000,73.7,75.53,73.23,74.76,142394.33
1660536000000,74.75,75.01,71.86,72.29,147250.906
1660550400000,72.29,74.12,71.69,73.37,100524.132
1660564800000,73.35,75.57,73.18,74.65,193815.989
1660579200000,74.63,75.07,73.0,73.19,95238.121
1660593600000,73.2,74.32,72.4,73.78,103709.073
1660608000000,73.78,74.92,72.23,73.69,149964.29
1660622400000,73.68,74.06,72.51,73.72,92692.548
1660636800000,73.72,75.54,73.53,74.9,174257.108
1660651200000,74.89,76.46,74.41,75.72,232626.062
1660665600000,75.73,76.58,74.74,75.87,190451.482
1660680000000,75.87,76.83,75.35,75.96,112461.669
1660694400000,75.96,77.9,75.61,76.95,183231.141
1660708800000,76.95,77.88,75.04,75.54,170227.539
1660723200000,75.54,75.81,74.55,75.17,120932.744
1660737600000,75.17,75.17,71.6,73.22,256598.039
1660752000000,73.23,75.68,73.02,74.47,183411.124
1660766400000,74.47,75.1,73.01,74.24,112191.909
1660780800000,74.24,76.68,73.84,74.94,178591.173
1660795200000,74.94,76.55,74.61,75.74,156780.373
1660809600000,75.75,76.52,75.32,76.13,167710.472
1660824000000,76.11,76.78,74.8,75.48,199535.392
1660838400000,75.49,75.73,73.31,73.65,163361.318
1660852800000,73.65,74.21,69.69,70.08,196475.703
1660867200000,70.08,70.55,66.78,68.17,350244.903
1660881600000,68.17,68.61,62.64,65.45,304517.515
1660896000000,65.45,65.49,62.98,64.06,268650.513
1660910400000,64.06,64.26,62.99,63.83,188547.419
1660924800000,63.83,64.76,63.23,64.11,173513.161
1660939200000,64.11,64.32,61.37,62.17,181628.862
1660953600000,62.18,63.85,62.01,63.8,159360.529
1660968000000,63.8,64.59,63.41,64.17,141784.026
1660982400000,64.17,64.25,63.34,63.86,84115.718
1660996800000,63.86,64.39,63.06,63.6,104480.246
1661011200000,63.6,63.71,62.03,62.54,157660.184
1661025600000,62.55,63.85,61.18,62.96,145820.143
1661040000000,62.96,64.36,62.96,63.54,114151.832
1661054400000,63.53,64.5,63.06,64.42,133729.398
1661068800000,64.42,66.0,64.22,65.32,167275.709
1661083200000,65.32,65.79,64.28,64.57,111882.873
1661097600000,64.57,65.2,64.17,65.06,97208.037
1661112000000,65.06,65.83,64.2,64.62,131476.656
1661126400000,64.61,64.7,63.54,63.68,114762.275
1661140800000,63.67,64.01,61.85,61.9,128469.333
1661155200000,61.9,62.24,60.6,61.74,151289.841
1661169600000,61.75,62.68,60.89,62.52,138007.172
1661184000000,62.51,63.51,62.05,62.83,112704.5
1661198400000,62.83,65.09,62.81,64.95,129399.642
1661212800000,64.96,65.48,64.81,64.81,85320.607
1661227200000,64.83,65.17,62.66,64.38,110524.289
1661241600000,64.39,65.76,64.39,65.75,114035.086
1661256000000,65.76,66.38,64.9,65.34,145003.81
1661270400000,65.34,66.23,64.62,65.74,93186.452
1661284800000,65.75,66.87,65.73,66.39,99960.55
1661299200000,66.41,66.59,64.66,65.11,105890.8
1661313600000,65.11,66.53,64.88,65.75,86474.959
1661328000000,65.74,67.21,65.66,66.66,116906.064
1661342400000,66.65,69.19,65.99,69.06,187501.457
1661356800000,69.06,69.65,68.19,68.21,187750.077
1661371200000,68.22,69.34,67.51,67.59,109797.906
1661385600000,67.59,69.1,67.45,67.89,104552.395
1661400000000,67.88,69.91,67.82,69.33,126913.149
1661414400000,69.32,69.38,68.13,68.59,78623.588
1661428800000,68.58,68.82,66.65,67.29,125896.929
1661443200000,67.28,68.57,66.93,68.3,81507.754
1661457600000,68.31,68.62,67.47,67.76,69541.407
1661472000000,67.75,67.77,66.56,67.16,86173.127
1661486400000,67.17,67.4,65.55,66.02,122449.942
1661500800000,66.02,66.39,64.47,65.22,109451.674
1661515200000,65.22,68.17,63.6,63.94,318712.24
1661529600000,63.95,64.03,61.92,62.87,148786.179
1661544000000,62.87,63.0,60.22,61.04,139297.53
1661558400000,61.04,61.45,60.33,61.02,95053.205
1661572800000,61.0,61.61,59.8,61.46,77970.597
1661587200000,61.48,61.79,60.89,61.52,77999.905
1661601600000,61.52,62.19,60.5,61.37,109710.308
1661616000000,61.37,61.67,60.28,61.41,91714.623
1661630400000,61.42,61.93,60.84,61.38,64022.68
1661644800000,61.38,62.05,60.67,61.28,69708.94
1661659200000,61.29,61.74,60.77,61.59,59451.077
1661673600000,61.57,62.03,60.95,61.77,93090.613
1661688000000,61.78,62.69,61.06,62.54,117507.747
1661702400000,62.54,62.91,61.99,62.14,73175.716
1661716800000,62.14,62.54,60.89,61.2,127357.276
1661731200000,61.2,62.19,60.04,61.96,152674.41
1661745600000,61.96,62.15,60.96,61.86,89820.822
1661760000000,61.86,62.1,61.34,61.63,64585.112
1661774400000,61.62,63.46,61.58,63.28,170450.179
1661788800000,63.28,63.74,62.62,62.92,103549.958
1661803200000,62.93,64.09,62.8,63.77,70352.092
1661817600000,63.76,63.98,63.07,63.74,55777.485
1661832000000,63.73,64.51,63.52,63.92,71897.052
1661846400000,63.91,64.27,63.19,63.55,46175.439
1661860800000,63.56,63.79,61.0,61.53,186484.824
1661875200000,61.53,61.7,59.42,60.77,177135.53
1661889600000,60.77,61.21,59.67,59.94,86541.051
1661904000000,59.94,61.95,59.82,61.67,128450.882
1661918400000,61.66,62.03,60.96,60.99,86547.369
1661932800000,61.0,61.41,60.4,61.08,112695.135
1661947200000,61.07,61.51,59.74,60.81,162499.857
1661961600000,60.81,60.88,59.56,60.59,100419.664
1661976000000,60.6,60.89,59.53,59.78,65107.639
1661990400000,59.77,60.23,58.44,58.73,122102.956
1662004800000,58.74,58.85,57.24,57.68,135013.522
1662019200000,57.68,59.07,57.28,58.75,120721.879
1662033600000,58.76,58.98,56.8,57.52,200006.145
1662048000000,57.52,58.53,57.19,58.2,108048.356
1662062400000,58.19,59.44,58.16,58.95,98932.991
1662076800000,58.96,59.28,58.02,59.13,95414.477
1662091200000,59.12,59.48,58.7,59.2,60197.375
1662105600000,59.2,59.76,58.2,58.75,126208.158
1662120000000,58.74,61.48,58.42,60.98,207480.773
1662134400000,60.98,61.83,58.56,59.06,184364.575
1662148800000,59.07,60.43,58.78,60.34,76438.509
1662163200000,60.33,60.72,59.9,60.51,71939.311
1662177600000,60.52,61.45,59.83,60.37,103550.623
1662192000000,60.35,61.67,60.01,61.27,125185.532
1662206400000,61.27,62.59,61.15,62.08,233679.488
1662220800000,62.09,62.68,61.87,62.06,139088.528
1662235200000,62.08,62.72,61.93,62.63,85926.149
1662249600000,62.62,62.97,61.89,62.01,112105.054
1662264000000,62.01,63.53,62.0,62.51,162582.6
1662278400000,62.51,63.85,62.35,63.79,136956.312
1662292800000,63.8,64.22,63.2,63.88,131273.92
1662307200000,63.88,64.29,63.57,63.69,83621.735
1662321600000,63.69,64.0,63.26,63.93,64211.493
1662336000000,63.93,64.44,63.36,63.59,88620.332
1662350400000,63.59,63.72,62.61,62.73,91432.019
1662364800000,62.74,62.83,62.07,62.55,82608.986
1662379200000,62.55,63.79,62.33,63.36,108156.464
1662393600000,63.36,63.44,62.36,62.52,70667.866
1662408000000,62.52,63.76,62.43,63.39,64464.983
1662422400000,63.38,66.22,63.38,64.45,204376.048
1662436800000,64.45,65.03,64.19,64.4,75012.444
1662451200000,64.41,64.89,63.77,64.4,81808.261
1662465600000,64.41,64.71,62.15,63.06,165632.023
1662480000000,63.05,63.14,58.93,59.19,276124.349
1662494400000,59.2,59.37,57.76,57.97,155938.001
1662508800000,57.97,58.69,56.81,58.07,155835.536
1662523200000,58.08,58.1,57.51,57.72,56604.447
1662537600000,57.73,57.86,57.21,57.56,72130.982
1662552000000,57.55,58.67,57.27,58.39,148556.949
1662566400000,58.39,58.92,58.15,58.56,91343.358
1662580800000,58.55,59.94,58.53,59.3,128091.758
1662595200000,59.31,59.92,59.09,59.19,64131.029
1662609600000,59.2,59.75,57.98,58.69,110650.694
1662624000000,58.7,60.48,58.56,59.8,134791.956
1662638400000,59.79,60.88,58.61,60.27,179031.163
1662652800000,60.24,61.31,59.15,61.3,153976.75
1662667200000,61.31,61.52,60.62,61.07,61318.946
1662681600000,61.08,62.42,60.9,62.32,103769.214
1662696000000,62.32,63.41,62.28,62.98,111440.646
1662710400000,62.99,64.59,62.97,64.49,114064.486
1662724800000,64.49,66.03,64.26,64.69,135927.906
1662739200000,64.69,66.37,63.98,65.68,103169.784
1662753600000,65.67,66.92,64.92,65.91,99693.923
1662768000000,65.92,66.17,65.32,65.41,74953.824
1662782400000,65.42,65.99,64.38,64.87,82242.162
1662796800000,64.87,65.65,64.74,65.22,57691.319
1662811200000,65.21,65.76,64.43,64.82,74752.923
1662825600000,64.81,65.46,64.65,64.84,53440.294
1662840000000,64.85,65.88,64.21,65.26,72346.056
1662854400000,65.27,65.73,64.54,64.65,57573.194
1662868800000,64.64,64.97,63.05,64.24,89414.547
1662883200000,64.23,64.56,64.05,64.21,49823.559
1662897600000,64.2,65.21,64.01,64.93,62483.052
1662912000000,64.94,65.9,64.62,64.85,83768.305
1662926400000,64.84,64.94,63.27,64.25,77512.073
1662940800000,64.24,66.43,63.31,63.83,148473.337
1662955200000,63.84,64.78,63.79,64.71,55335.177
1662969600000,64.71,65.53,64.51,64.99,73620.106
1662984000000,64.99,65.38,63.65,63.95,104462.019
1662998400000,63.95,64.07,62.51,63.56,99951.401
1663012800000,63.56,63.91,61.73,62.85,118698.47
1663027200000,62.84,62.91,60.81,62.22,131814.349
1663041600000,62.22,63.1,61.88,62.97,70660.615
1663056000000,62.98,63.83,61.81,63.14,130447.019
1663070400000,63.15,63.95,59.22,59.92,268684.509
1663084800000,59.92,60.68,58.5,59.48,119395.764
1663099200000,59.48,59.76,58.49,58.82,77759.171
1663113600000,58.82,59.98,58.46,59.68,67933.721
1663128000000,59.7,60.2,58.71,59.37,62242.234
1663142400000,59.37,59.98,58.85,59.61,80042.597
1663156800000,59.6,61.12,59.25,60.84,157335.845
1663171200000,60.85,61.32,59.81,61.14,118300.585
1663185600000,61.12,62.26,60.79,61.87,103276.937
1663200000000,61.87,62.09,59.27,59.88,132065.919
1663214400000,59.88,61.98,59.21,61.38,160902.596
1663228800000,61.38,61.38,60.27,60.96,96181.884
1663243200000,60.95,61.33,58.85,59.39,161264.26
1663257600000,59.39,59.87,58.57,58.91,72746.881
1663272000000,58.92,59.16,58.0,58.26,63951.491
1663286400000,58.26,58.72,57.71,58.5,83985.048
1663300800000,58.52,58.78,58.25,58.25,38394.165
1663315200000,58.26,58.4,57.33,58.33,75676.305
1663329600000,58.33,58.39,56.93,57.33,129970.341
1663344000000,57.31,57.34,55.64,56.28,176960.598
1663358400000,56.27,56.74,56.27,56.7,47906.211
1663372800000,56.69,57.39,56.62,56.95,56901.92
1663387200000,56.95,57.34,56.73,56.85,45092.342
1663401600000,56.85,57.25,56.84,56.98,40767.235
1663416000000,56.98,57.96,56.89,57.85,80386.48
1663430400000,57.85,58.6,57.84,58.32,85303.024
1663444800000,58.32,58.82,58.27,58.69,46577.966
1663459200000,58.68,58.78,57.91,58.1,62832.343
1663473600000,58.1,58.64,58.05,58.46,39442.886
1663488000000,58.47,58.7,57.2,57.41,83171.786
1663502400000,57.4,57.69,56.31,56.5,96430.583
1663516800000,56.52,56.7,55.06,55.54,141059.761
1663531200000,55.53,55.57,51.67,53.25,208209.161
1663545600000,53.25,54.08,51.7,52.27,133362.059
1663560000000,52.26,52.85,52.02,52.64,78369.709
1663574400000,52.64,53.22,52.18,53.07,74265.937
1663588800000,53.08,55.31,52.98,54.91,96679.424
1663603200000,54.91,55.19,54.07,55.06,75541.987
1663617600000,55.05,55.57,54.84,55.23,56581.036
1663632000000,55.23,55.65,54.46,55.02,66924.793
1663646400000,55.03,55.89,54.77,55.34,54284.566
1663660800000,55.33,55.39,54.26,54.54,64632.991
1663675200000,54.54,55.26,53.58,55.2,97343.265
1663689600000,55.19,55.42,53.64,54.05,87780.347
1663704000000,54.05,54.38,53.14,53.46,48430.234
1663718400000,53.46,54.13,53.25,53.9,47437.925
1663732800000,53.9,54.2,52.51,53.08,73414.88
1663747200000,53.08,53.94,52.84,53.87,47545.12
1663761600000,53.87,54.46,53.43,53.87,81308.043
1663776000000,53.86,57.63,53.47,54.19,283543.856
1663790400000,54.19,54.32,52.06,53.5,156875.49
1663804800000,53.49,54.78,53.14,54.32,85866.6
1663819200000,54.32,54.7,54.05,54.65,53467.826
1663833600000,54.65,55.25,54.58,55.21,68076.299
1663848000000,55.22,55.3,54.27,54.61,109510.786
1663862400000,54.61,55.54,53.83,55.16,118116.75
1663876800000,55.16,56.99,55.15,56.67,103957.239
1663891200000,56.66,57.56,56.46,57.46,80847.189
1663905600000,57.45,58.48,57.33,57.62,107060.337
1663920000000,57.62,57.91,55.29,55.42,137656.799
1663934400000,55.42,56.45,54.57,55.59,145253.178
1663948800000,55.58,55.76,54.33,55.05,103232.099
1663963200000,55.07,56.6,55.05,55.98,82301.308
1663977600000,55.98,57.16,55.81,57.1,84461.523
1663992000000,57.09,57.68,56.51,56.63,78013.499
1664006400000,56.63,57.29,56.16,56.99,48336.998
1664020800000,56.99,58.3,56.98,57.4,79963.9
1664035200000,57.4,57.5,56.8,56.97,43776.043
1664049600000,56.97,57.02,55.26,55.57,93964.533
1664064000000,55.57,56.12,55.31,56.11,53307.077
1664078400000,56.11,56.26,55.49,55.85,56016.533
1664092800000,55.85,56.39,55.42,56.22,41822.585
1664107200000,56.22,56.27,55.02,55.91,67311.56
1664121600000,55.91,57.16,55.53,56.49,97856.235
1664136000000,56.49,56.55,55.2,56.12,81316.232
1664150400000,56.12,56.57,55.02,56.05,102126.209
1664164800000,56.05,58.12,55.89,57.5,305187.943
1664179200000,57.5,58.64,56.26,56.95,248161.335
1664193600000,56.96,58.91,56.63,58.55,210969.326
1664208000000,58.56,58.78,57.61,58.2,146420.012
1664222400000,58.2,59.11,57.67,58.9,85568.577
1664236800000,58.91,59.91,58.62,59.88,127482.801
1664251200000,59.88,61.57,59.71,60.85,121008.489
1664265600000,60.85,60.94,59.68,59.96,82717.557
1664280000000,59.96,60.7,59.21,59.43,128249.539
1664294400000,59.43,59.55,56.14,56.6,224861.817
1664308800000,56.6,57.39,56.41,56.97,65658.707
1664323200000,56.98,57.4,54.56,54.8,140608.734
1664337600000,54.8,54.93,53.72,54.25,116959.076
1664352000000,54.26,55.06,53.43,54.85,153419.435
1664366400000,54.86,55.75,54.71,55.73,125064.243
1664380800000,55.73,55.8,54.75,55.32,95838.398
1664395200000,55.33,55.93,55.31,55.41,66774.285
1664409600000,55.42,55.94,55.04,55.64,76041.646
1664424000000,55.64,55.8,54.63,54.89,77465.45
1664438400000,54.9,56.03,54.73,55.65,69728.262
1664452800000,55.66,55.7,54.49,55.38,114290.828
1664467200000,55.38,56.41,54.95,56.37,116458.799
1664481600000,56.36,56.81,56.21,56.68,87269.573
1664496000000,56.69,56.92,55.95,56.08,79256.55
1664510400000,56.08,56.99,56.06,56.53,55372.172
1664524800000,56.54,56.93,55.71,55.78,59716.92
1664539200000,55.76,57.09,55.52,56.57,137512.81
1664553600000,56.56,57.07,55.98,56.2,81610.856
1664568000000,56.19,56.44,55.59,55.64,71139.089
1664582400000,55.63,56.47,55.61,56.37,51846.367
1664596800000,56.37,56.55,56.06,56.52,31728.751
1664611200000,56.52,57.26,56.5,56.91,134953.644
1664625600000,56.91,57.13,56.36,56.96,92973.236
1664640000000,56.96,56.99,55.51,55.68,95337.79
1664654400000,55.67,55.67,55.16,55.28,42148.403
1664668800000,55.28,55.65,55.2,55.31,41471.946
1664683200000,55.32,55.34,54.71,54.82,61971.357
1664697600000,54.82,54.95,53.43,53.9,121695.029
1664712000000,53.89,54.61,53.86,54.49,93904.819
1664726400000,54.49,55.06,54.46,54.84,59927.493
1664740800000,54.84,54.94,53.41,53.55,83015.487
1664755200000,53.56,54.69,52.8,54.55,86836.967
1664769600000,54.55,54.72,53.84,54.28,47932.994
1664784000000,54.29,54.95,54.28,54.82,49833.193
1664798400000,54.82,55.75,54.61,55.38,91462.562
1664812800000,55.39,55.94,55.2,55.48,76462.725
1664827200000,55.48,56.21,55.48,55.83,45647.132
1664841600000,55.82,56.29,55.68,56.06,40647.984
1664856000000,56.07,56.86,55.91,56.68,56092.865
1664870400000,56.69,57.18,56.29,56.99,61308.478
1664884800000,56.99,57.11,56.35,56.61,64803.436
1664899200000,56.61,56.88,56.2,56.81,53657.329
1664913600000,56.82,57.28,56.47,56.73,51905.128
1664928000000,56.74,56.94,56.3,56.46,46906.332
1664942400000,56.46,58.09,56.22,57.65,158565.791
1664956800000,57.65,57.88,56.74,57.36,168459.88
1664971200000,57.36,57.55,56.53,56.7,203131.772
1664985600000,56.68,57.27,56.58,56.65,99784.651
1665000000000,56.65,56.74,56.12,56.63,61327.414
1665014400000,56.64,57.43,56.6,57.14,81111.169
1665028800000,57.13,57.32,56.52,56.62,62531.697
1665043200000,56.6,56.71,56.11,56.29,72724.436
1665057600000,56.3,56.52,55.57,56.16,155593.203
1665072000000,56.16,56.23,55.6,55.67,73612.838
1665086400000,55.67,55.79,55.04,55.13,58447.142
1665100800000,55.13,55.51,55.09,55.37,45790.587
1665115200000,55.37,55.63,55.05,55.14,55724.978
1665129600000,55.13,55.63,55.13,55.57,44972.496
1665144000000,55.57,55.59,54.32,54.71,123493.889
1665158400000,54.7,54.71,54.05,54.47,61124.814
1665172800000,54.47,54.84,54.26,54.67,29176.56
1665187200000,54.67,55.12,54.63,54.95,34076.314
1665201600000,54.96,55.31,54.84,55.3,27229.381
1665216000000,55.3,55.4,54.87,55.32,28379.85
1665230400000,55.32,55.34,54.6,54.78,53232.811
1665244800000,54.78,55.06,54.57,54.63,27256.923
1665259200000,54.63,54.75,53.95,54.46,34290.773
1665273600000,54.45,54.6,53.9,54.15,67200.07
1665288000000,54.15,54.43,53.82,54.32,50827.047
1665302400000,54.33,54.9,54.31,54.78,36434.083
1665316800000,54.78,55.14,54.78,55.03,41117.921
1665331200000,55.03,55.09,54.5,54.85,33667.409
1665345600000,54.85,54.99,54.55,54.78,29030.845
1665360000000,54.78,55.36,54.71,54.73,57696.935
1665374400000,54.74,55.01,54.5,54.59,37323.567
1665388800000,54.59,54.67,53.58,54.25,66004.778
1665403200000,54.26,54.47,53.73,54.05,53437.841
1665417600000,54.06,54.09,53.28,53.69,63591.305
1665432000000,53.69,53.87,52.33,52.63,86323.429
1665446400000,52.63,52.63,51.39,51.92,107973.298
1665460800000,51.91,52.32,51.77,52.2,44552.109
1665475200000,52.21,52.41,51.92,52.28,44780.778
1665489600000,52.27,52.69,51.59,52.59,90218.421
1665504000000,52.6,52.64,51.67,51.7,74726.392
1665518400000,51.7,51.86,51.11,51.53,60305.416
1665532800000,51.53,52.12,51.4,51.66,54513.33
1665547200000,51.67,52.43,51.66,51.98,52795.96
1665561600000,51.98,52.36,51.75,51.84,48991.742
1665576000000,51.83,51.87,50.91,51.5,111979.33
1665590400000,51.49,51.81,51.23,51.79,59697.338
1665604800000,51.79,52.0,51.64,51.72,54618.127
1665619200000,51.71,51.97,50.21,50.8,91237.979
1665633600000,50.8,50.93,48.16,49.03,145434.933
1665648000000,49.02,49.4,47.5,48.49,203083.704
1665662400000,48.49,49.85,46.73,49.73,213154.158
1665676800000,49.74,51.19,49.71,51.02,106667.65
1665691200000,51.03,51.47,50.78,50.89,55886.268
1665705600000,50.88,52.35,50.71,52.11,95818.866
1665720000000,52.1,52.2,51.54,51.63,46523.721
1665734400000,51.61,51.91,51.32,51.35,56999.047
1665748800000,51.36,52.12,50.19,50.26,106998.334
1665763200000,50.27,50.52,49.57,49.78,89078.129
1665777600000,49.78,50.06,49.4,49.93,38083.762
1665792000000,49.94,50.19,49.66,50.13,33185.765
1665806400000,50.14,50.26,49.85,50.19,35000.161
1665820800000,50.2,50.53,49.53,50.5,46248.175
1665835200000,50.49,51.45,50.26,51.39,81706.491
1665849600000,51.39,51.64,50.92,51.33,89695.701
1665864000000,51.33,51.38,50.53,50.89,49006.582
1665878400000,50.89,51.81,50.85,51.4,49245.414
1665892800000,51.4,52.84,51.38,52.21,216922.454
1665907200000,52.22,52.8,52.2,52.58,119781.784
1665921600000,52.57,52.61,51.1,51.24,143019.7
1665936000000,51.24,52.19,50.75,52.17,106311.382
1665950400000,52.17,52.27,51.15,51.77,67504.034
1665964800000,51.76,52.02,51.27,51.27,52191.582
1665979200000,51.27,51.95,51.23,51.76,48344.934
1665993600000,51.76,52.72,51.63,52.39,72603.512
1666008000000,52.38,53.42,52.23,52.79,113652.829
1666022400000,52.79,53.01,52.33,52.58,57212.582
1666036800000,52.59,52.97,52.56,52.8,38367.311
1666051200000,52.8,53.27,52.31,52.77,64803.241
1666065600000,52.76,52.93,52.39,52.8,41818.67
1666080000000,52.79,52.8,51.65,52.03,87701.84
1666094400000,52.03,52.35,51.05,51.56,124193.51
1666108800000,51.55,52.31,51.16,52.11,110857.941
1666123200000,52.12,52.82,52.02,52.38,93514.921
1666137600000,52.38,52.62,51.9,52.42,80635.113
1666152000000,52.43,52.6,51.77,52.25,74559.459
1666166400000,52.26,52.8,51.63,52.14,133876.091
1666180800000,52.13,52.14,51.43,52.0,120390.445
1666195200000,52.01,52.07,51.47,51.99,75998.261
1666209600000,51.98,52.13,50.25,50.7,120498.74
1666224000000,50.7,51.14,50.11,50.82,87840.736
1666238400000,50.83,51.9,50.73,51.82,77350.222
1666252800000,51.82,52.29,51.54,52.02,90229.516
1666267200000,52.02,52.75,51.55,52.29,113361.092
1666281600000,52.28,52.53,50.88,51.41,159744.279
1666296000000,51.39,52.02,50.95,51.88,79205.578
1666310400000,51.88,51.98,50.77,51.29,90125.445
1666324800000,51.28,51.37,50.68,50.78,74944.409
1666339200000,50.78,50.93,49.82,50.52,114616.174
1666353600000,50.53,52.09,49.82,52.07,167248.006
1666368000000,52.07,52.54,52.07,52.39,115176.412
1666382400000,52.39,52.54,51.84,52.16,52602.748
1666396800000,52.15,52.38,51.6,51.96,50929.327
1666411200000,51.95,52.01,51.37,51.91,47037.151
1666425600000,51.91,52.31,51.78,52.22,45940.092
1666440000000,52.23,52.98,52.03,52.76,89761.888
1666454400000,52.75,52.89,52.03,52.4,66574.543
1666468800000,52.4,52.77,52.18,52.4,49131.827
1666483200000,52.39,52.65,52.12,52.35,56295.589
1666497600000,52.35,52.49,52.0,52.1,45115.916
1666512000000,52.1,52.67,51.85,51.94,85666.541
1666526400000,51.93,52.21,51.47,51.67,76375.949
1666540800000,51.67,52.65,51.6,52.55,83250.684
1666555200000,52.55,53.22,52.43,53.09,89158.437
1666569600000,53.09,53.34,51.94,52.02,81938.459
1666584000000,52.01,52.12,51.1,51.37,91651.987
1666598400000,51.38,52.23,51.32,52.18,80029.688
1666612800000,52.18,52.3,51.48,52.19,134739.272
1666627200000,52.2,52.48,51.82,52.23,63134.49
1666641600000,52.22,52.41,51.85,51.95,45735.993
1666656000000,51.96,52.73,51.93,52.43,86154.508
1666670400000,52.43,52.43,52.12,52.15,36509.45
1666684800000,52.16,52.27,51.65,52.15,57873.557
1666699200000,52.15,53.33,52.0,52.9,121863.845
1666713600000,52.9,54.05,52.9,53.58,196346.23
1666728000000,53.58,53.65,52.5,53.21,113490.968
1666742400000,53.22,54.01,53.12,53.91,122187.664
1666756800000,53.91,54.57,53.79,54.17,111894.794
1666771200000,54.18,54.86,54.0,54.25,94363.571
1666785600000,54.26,55.8,53.89,55.38,181487.768
1666800000000,55.39,55.61,54.91,55.4,85267.322
1666814400000,55.39,55.58,54.9,55.05,59383.665
1666828800000,55.05,55.75,54.72,55.74,86316.838
1666843200000,55.75,56.52,54.83,55.43,119145.049
1666857600000,55.42,55.64,54.39,54.71,77727.919
1666872000000,54.72,55.35,54.04,54.44,137212.97
1666886400000,54.43,54.62,54.02,54.34,57597.201
1666900800000,54.35,54.42,52.61,52.75,149443.36
1666915200000,52.77,53.46,52.45,52.83,105602.485
1666929600000,52.85,53.1,52.23,52.47,70363.1
1666944000000,52.48,52.76,52.02,52.41,74627.995
1666958400000,52.4,53.42,52.03,53.25,106559.761
1666972800000,53.24,53.96,53.15,53.88,84419.514
1666987200000,53.88,54.23,53.73,53.79,62229.053
1667001600000,53.78,54.59,53.57,54.33,86673.086
1667016000000,54.32,54.53,53.71,54.36,57088.043
1667030400000,54.35,54.77,53.58,53.91,103288.039
1667044800000,53.91,54.56,53.65,54.2,94605.604
1667059200000,54.21,55.38,53.92,54.45,151464.721
1667073600000,54.46,54.77,53.7,54.23,66116.792
1667088000000,54.23,54.93,53.94,54.78,57381.339
1667102400000,54.77,55.6,54.48,55.52,76639.525
1667116800000,55.53,55.66,54.6,54.94,98450.458
1667131200000,54.95,55.18,53.98,54.07,97576.777
1667145600000,54.07,54.47,53.51,54.22,65827.185
1667160000000,54.21,54.52,52.97,53.61,72655.467
1667174400000,53.61,53.97,52.8,53.49,102321.475
1667188800000,53.49,53.8,53.17,53.44,54475.998
1667203200000,53.44,53.91,52.64,53.52,96227.299
1667217600000,53.52,53.79,51.73,52.32,155575.773
1667232000000,52.32,52.82,52.01,52.23,82752.25
1667246400000,52.24,52.72,52.01,52.52,56388.135
1667260800000,52.53,53.19,52.34,52.8,68720.004
1667275200000,52.8,53.05,52.44,52.48,60995.633
1667289600000,52.49,52.55,51.38,51.63,150780.552
1667304000000,51.64,51.88,50.22,50.49,247601.392
1667318400000,50.49,50.6,49.95,50.4,130452.28
1667332800000,50.39,50.5,50.1,50.15,70430.514
1667347200000,50.15,50.65,49.46,50.33,138071.986
1667361600000,50.33,50.71,49.33,49.81,121577.385
1667376000000,49.8,51.33,49.57,50.31,203889.891
1667390400000,50.31,50.99,49.85,50.97,115353.003
1667404800000,50.97,52.2,50.07,50.46,315534.105
1667419200000,50.46,50.67,49.53,50.27,133706.844
1667433600000,50.28,51.79,50.0,51.41,111787.557
1667448000000,51.43,52.16,51.35,51.4,88583.063
1667462400000,51.41,51.44,50.11,50.55,193943.147
1667476800000,50.54,50.99,49.9,50.79,127778.611
1667491200000,50.79,51.1,50.47,50.76,68130.463
1667505600000,50.75,51.02,49.79,50.31,106201.11
1667520000000,50.3,51.49,50.04,51.43,134988.646
1667534400000,51.44,52.7,51.33,52.42,140964.572
1667548800000,52.41,52.81,51.79,51.94,116413.964
1667563200000,51.95,53.84,51.26,52.59,266815.986
1667577600000,52.59,53.42,52.37,53.41,109990.73
1667592000000,53.41,54.01,53.07,53.69,81154.052
1667606400000,53.69,54.67,53.67,54.35,144121.887
1667620800000,54.35,54.68,53.87,54.27,96432.52
1667635200000,54.27,54.61,53.26,54.34,126364.935
1667649600000,54.34,54.43,53.23,54.09,140065.403
1667664000000,54.1,54.78,53.74,53.9,127812.028
1667678400000,53.92,54.54,52.61,53.59,113606.432
1667692800000,53.58,53.92,52.76,53.48,128471.39
1667707200000,53.48,53.73,52.88,53.19,80363.806
1667721600000,53.18,53.71,53.06,53.5,77141.785
1667736000000,53.49,53.71,52.97,53.0,89001.714
1667750400000,52.99,53.0,51.86,52.11,134065.666
1667764800000,52.11,52.35,50.08,50.25,151710.253
1667779200000,50.24,51.47,50.09,51.14,149159.151
1667793600000,51.14,51.69,49.81,49.86,145579.453
1667808000000,49.87,51.23,49.72,50.94,127764.968
1667822400000,50.95,51.24,50.2,51.21,159303.758
1667836800000,51.22,51.82,50.65,51.64,117009.584
1667851200000,51.64,53.02,50.13,51.12,257989.541
1667865600000,51.13,51.78,48.72,49.32,237433.463
1667880000000,49.32,49.71,45.93,48.04,418647.953
1667894400000,48.06,48.32,47.41,47.64,171013.367
1667908800000,47.66,47.97,46.41,47.53,192348.677
1667923200000,47.53,49.63,36.52,41.06,875219.929
1667937600000,41.02,42.73,40.31,42.15,431897.243
1667952000000,42.16,42.75,40.53,41.51,286206.502
1667966400000,41.51,42.11,40.55,41.3,212972.826
1667980800000,41.29,41.56,38.4,40.59,371156.786
1667995200000,40.59,41.07,37.79,38.09,425706.633
1668009600000,38.08,38.81,35.44,36.86,407314.79
1668024000000,36.87,37.36,32.85,35.17,547786.133
1668038400000,35.16,36.26,34.18,35.6,337032.426
1668052800000,35.58,37.1,35.39,36.48,342559.579
1668067200000,36.47,36.94,35.39,35.85,241394.516
1668081600000,35.85,39.33,35.76,38.88,387404.935
1668096000000,38.88,39.56,37.99,39.27,276612.817
1668110400000,39.25,40.25,38.93,39.28,154385.547
1668124800000,39.28,39.84,37.98,38.5,176195.498
1668139200000,38.5,39.42,38.17,39.26,131252.672
1668153600000,39.24,39.71,38.96,39.14,132721.844
1668168000000,39.14,39.97,37.34,39.39,319127.495
1668182400000,39.39,39.66,38.54,38.97,188346.001
1668196800000,38.97,39.5,38.2,39.41,99512.124
1668211200000,39.42,39.55,38.7,38.83,69972.337
1668225600000,38.81,38.83,36.61,37.67,202432.614
1668240000000,37.68,38.36,37.27,38.16,126787.124
1668254400000,38.16,40.44,37.84,40.21,293127.747
1668268800000,40.22,40.69,39.51,39.78,259300.697
1668283200000,39.79,40.15,39.62,40.0,161279.443
1668297600000,40.01,40.52,39.78,40.2,166403.133
1668312000000,40.21,40.55,38.96,39.41,194141.777
1668326400000,39.42,39.65,38.7,39.38,172057.261
1668340800000,39.39,41.42,39.16,40.42,395252.213
1668355200000,40.43,40.7,39.63,40.66,183877.675
1668369600000,40.66,40.88,39.63,40.56,164124.482
1668384000000,40.55,40.81,38.05,39.59,321708.287
1668398400000,39.6,41.9,38.79,41.82,290136.189
1668412800000,41.82,42.0,41.13,41.28,201808.827
1668427200000,41.27,41.7,40.3,40.88,251553.474
1668441600000,40.9,40.96,39.3,39.47,173342.249
1668456000000,39.47,40.66,39.38,40.59,137349.14
1668470400000,40.58,41.44,40.12,41.17,165034.285
1668484800000,41.17,41.45,40.8,41.38,98770.119
1668499200000,41.36,41.7,40.94,41.07,214478.756
1668513600000,41.08,41.8,40.96,41.49,263205.805
1668528000000,41.49,41.69,40.4,40.84,165241.739
1668542400000,40.85,40.95,40.35,40.85,98239.333
1668556800000,40.84,41.32,40.43,41.21,123491.912
1668571200000,41.19,41.3,40.51,40.57,105551.678
1668585600000,40.57,40.6,39.67,39.79,200340.883
1668600000000,39.79,39.87,38.62,39.14,335269.051
1668614400000,39.15,39.56,38.68,38.85,150759.516
1668628800000,38.85,39.2,38.57,38.93,98763.578
1668643200000,38.94,39.5,38.91,39.04,82118.248
1668657600000,39.03,39.07,38.5,38.97,99574.833
1668672000000,38.97,39.35,38.46,39.29,147369.716
1668686400000,39.28,39.96,38.83,39.35,184121.698
1668700800000,39.35,40.41,39.3,40.12,156662.946
1668715200000,40.12,40.35,39.48,39.69,144729.941
1668729600000,39.69,40.3,39.6,40.02,113753.36
1668744000000,40.02,40.04,39.34,39.43,81070.011
1668758400000,39.43,39.45,39.11,39.38,82355.389
1668772800000,39.38,39.48,38.84,39.05,98572.269
1668787200000,39.05,39.16,38.7,38.91,91270.165
1668801600000,38.92,39.35,38.9,39.16,87947.055
1668816000000,39.16,39.19,38.5,38.82,66332.125
1668830400000,38.82,39.0,38.24,38.53,99663.586
1668844800000,38.53,39.13,38.5,39.1,127771.463
1668859200000,39.11,39.62,38.94,39.51,114219.053
1668873600000,39.51,39.69,39.19,39.35,73693.13
1668888000000,39.35,39.9,39.33,39.81,73458.903
1668902400000,39.8,40.35,39.71,40.02,105213.352
1668916800000,40.02,40.45,39.97,40.35,84794.316
1668931200000,40.34,41.33,39.49,39.73,316737.437
1668945600000,39.72,39.94,39.49,39.61,129800.702
1668960000000,39.61,39.63,39.06,39.46,126607.809
1668974400000,39.45,39.48,37.8,38.01,204793.73
1668988800000,38.01,38.27,36.9,37.65,277930.251
1669003200000,37.64,38.0,37.41,37.76,142496.701
1669017600000,37.76,38.37,37.47,38.25,116694.672
1669032000000,38.26,38.78,37.96,38.41,124456.652
1669046400000,38.4,38.43,36.93,37.35,201186.599
1669060800000,37.35,38.33,37.1,37.61,240733.614
1669075200000,37.61,38.05,37.33,37.91,99019.852
1669089600000,37.91,38.0,37.06,37.54,90409.457
1669104000000,37.56,38.1,37.15,37.87,147667.135
1669118400000,37.88,39.37,37.86,39.21,276809.572
1669132800000,39.23,39.47,38.87,39.37,111405.752
1669147200000,39.37,39.96,39.35,39.94,97045.726
1669161600000,39.93,42.65,39.66,42.58,252777.364
1669176000000,42.58,43.79,42.43,43.46,337570.129
1669190400000,43.47,44.1,42.93,43.52,234014.185
1669204800000,43.52,44.42,43.01,43.96,307025.5
1669219200000,43.96,44.12,42.78,43.43,206297.218
1669233600000,43.43,43.66,42.72,43.18,112975.221
1669248000000,43.18,43.5,42.57,43.18,134185.194
1669262400000,43.18,43.2,42.33,42.62,97995.061
1669276800000,42.65,43.2,42.29,42.94,105853.657
1669291200000,42.93,43.24,42.38,43.11,107306.975
1669305600000,43.11,43.52,42.61,42.95,102029.581
1669320000000,42.95,43.78,42.78,43.76,109482.226
1669334400000,43.76,43.77,42.41,42.55,173666.147
1669348800000,42.55,42.69,41.62,41.66,165341.958
1669363200000,41.66,42.3,41.34,41.95,159205.192
1669377600000,41.95,42.14,41.31,41.59,119562.977
1669392000000,41.58,41.6,41.16,41.4,97162.485
1669406400000,41.4,41.71,41.25,41.42,67610.341
1669420800000,41.43,42.58,41.32,42.1,129281.377
1669435200000,42.1,42.49,41.94,42.28,72880.165
1669449600000,42.29,42.39,41.7,41.98,79513.845
1669464000000,41.98,42.17,41.21,41.47,122937.818
1669478400000,41.47,41.55,41.04,41.37,75799.034
1669492800000,41.37,41.58,41.18,41.3,59965.965
1669507200000,41.31,41.72,41.19,41.59,58450.303
1669521600000,41.59,41.94,41.53,41.56,57513.491
1669536000000,41.57,41.91,41.34,41.62,68802.766
1669550400000,41.62,41.87,41.44,41.85,64732.758
1669564800000,41.84,42.25,41.57,41.74,76150.482
1669579200000,41.74,42.28,40.37,40.6,211750.043
1669593600000,40.6,41.04,38.73,39.19,300132.046
1669608000000,39.19,39.64,39.0,39.61,91743.031
1669622400000,39.61,39.75,39.23,39.56,79429.693
1669636800000,39.55,39.77,38.92,39.17,139781.819
1669651200000,39.17,39.91,38.91,39.26,154507.814
1669665600000,39.27,39.65,39.26,39.51,58671.97
1669680000000,39.52,40.39,39.15,40.21,122562.108
1669694400000,40.21,40.79,40.14,40.56,100639.249
1669708800000,40.57,40.79,40.25,40.33,67213.26
1669723200000,40.34,40.43,39.89,40.02,88210.123
1669737600000,40.02,40.1,39.52,39.88,83314.811
1669752000000,39.87,40.21,39.77,39.99,56646.16
1669766400000,39.99,41.49,39.99,40.83,177333.309
1669780800000,40.83,41.51,40.83,41.45,78700.109
1669795200000,41.45,42.58,41.31,42.2,207392.245
1669809600000,42.19,42.97,41.95,42.81,275812.394
1669824000000,42.81,43.96,42.38,43.56,374068.409
1669838400000,43.56,43.77,43.22,43.3,130199.398
1669852800000,43.31,43.59,43.07,43.27,147658.095
1669867200000,43.26,43.45,42.71,42.81,148517.812
1669881600000,42.81,45.25,42.77,45.03,563097.939
1669896000000,45.03,45.17,44.24,44.68,369718.299
1669910400000,44.7,45.45,44.36,44.72,164438.502
1669924800000,44.73,44.99,44.55,44.97,93616.566
1669939200000,44.96,45.18,44.26,44.74,191208.002
1669953600000,44.75,45.68,44.4,45.25,181220.425
1669968000000,45.25,45.67,44.99,45.47,133009.851
1669982400000,45.47,46.38,45.03,46.13,297503.304
1669996800000,46.12,46.17,45.74,46.08,136991.362
1670011200000,46.08,46.7,45.96,46.1,124935.855
1670025600000,46.1,46.43,45.76,46.0,101287.306
1670040000000,46.01,46.25,45.7,45.86,84399.743
1670054400000,45.87,46.22,45.59,46.19,92785.354
1670068800000,46.19,46.59,46.17,46.4,90308.894
1670083200000,46.4,46.57,46.15,46.23,73314.328
1670097600000,46.23,46.23,45.02,45.47,148437.111
1670112000000,45.47,46.07,45.43,45.57,67644.7
1670126400000,45.56,45.84,45.31,45.31,44072.776
1670140800000,45.31,45.62,44.78,44.93,101960.881
1670155200000,44.93,45.74,44.83,45.53,84455.077
1670169600000,45.52,45.99,45.32,45.83,69445.744
1670184000000,45.83,46.07,45.61,45.77,49724.93
1670198400000,45.77,46.68,45.74,46.28,91596.509
1670212800000,46.28,47.12,46.27,46.91,135916.11
1670227200000,46.91,47.14,46.64,46.82,90557.09
1670241600000,46.82,46.83,45.62,45.93,119651.087
1670256000000,45.93,46.12,45.16,45.67,111771.773
1670270400000,45.68,46.43,45.65,46.38,76800.751
1670284800000,46.38,46.66,46.24,46.43,66914.736
1670299200000,46.43,46.6,46.14,46.27,62001.221
1670313600000,46.26,46.38,45.51,45.82,94454.738
1670328000000,45.82,46.08,45.2,45.55,94034.417
1670342400000,45.55,45.58,45.12,45.49,82649.695
1670356800000,45.5,46.25,45.48,46.12,78200.517
1670371200000,46.11,46.39,45.87,45.89,60499.852
1670385600000,45.88,46.07,44.23,44.35,153654.519
1670400000000,44.35,44.89,44.1,44.48,136997.733
1670414400000,44.48,45.09,44.39,44.53,99011.382
1670428800000,44.54,44.54,43.45,43.59,180689.796
1670443200000,43.59,43.73,43.29,43.62,96993.388
1670457600000,43.62,44.29,43.4,44.18,102787.381
1670472000000,44.17,44.49,43.68,44.36,92688.272
1670486400000,44.36,44.38,43.32,43.9,106199.79
1670500800000,43.9,44.2,43.67,44.02,132154.688
1670515200000,44.02,45.1,43.96,45.05,110380.091
1670529600000,45.05,45.12,44.76,44.93,75634.966
1670544000000,44.94,45.7,44.72,45.32,110509.273
1670558400000,45.33,45.97,45.22,45.93,89802.627
1670572800000,45.94,46.07,45.57,45.65,79155.227
1670587200000,45.65,45.93,45.2,45.74,117768.523
1670601600000,45.74,45.93,45.56,45.72,56750.377
1670616000000,45.71,45.78,45.41,45.67,58247.361
1670630400000,45.68,46.32,45.65,45.9,95394.275
1670644800000,45.9,46.12,45.68,45.71,50609.766
1670659200000,45.72,46.0,45.46,45.95,78507.436
1670673600000,45.96,46.15,45.75,46.1,55404.565
1670688000000,46.09,46.12,45.48,45.7,59037.318
1670702400000,45.71,45.76,45.35,45.49,48056.902
1670716800000,45.49,45.58,45.36,45.44,43164.373
1670731200000,45.46,45.47,45.24,45.42,40872.405
1670745600000,45.41,45.63,45.27,45.48,48357.797
1670760000000,45.48,46.06,45.38,45.96,80754.072
1670774400000,45.97,45.97,45.65,45.88,50401.451
1670788800000,45.86,45.87,44.75,44.82,117646.805
1670803200000,44.81,44.82,43.54,43.81,132311.237
1670817600000,43.81,44.86,43.72,44.78,129270.92
1670832000000,44.79,45.99,44.55,45.74,236500.715
1670846400000,45.74,46.24,45.17,45.78,244146.583
1670860800000,45.78,46.31,45.74,46.26,179375.605
1670875200000,46.26,46.69,45.77,45.93,161041.558
1670889600000,45.94,46.46,45.75,46.27,102907.564
1670904000000,46.26,46.39,45.28,45.82,170488.84
1670918400000,45.83,46.94,45.17,46.51,227798.093
1670932800000,46.51,47.9,46.25,46.28,294419.887
1670947200000,46.29,46.54,45.92,46.25,105638.858
1670961600000,46.25,46.39,46.13,46.27,43852.682
1670976000000,46.27,46.76,46.22,46.71,60308.353
1670990400000,46.72,47.04,46.68,46.7,73692.262
1671004800000,46.7,47.15,46.65,46.89,66283.361
1671019200000,46.9,47.19,46.69,47.1,98324.179
1671033600000,47.11,47.63,46.19,46.75,206446.627
1671048000000,46.73,47.17,46.3,46.34,66826.71
1671062400000,46.34,46.93,45.66,46.85,121199.419
1671076800000,46.82,47.58,46.58,46.7,188077.841
1671091200000,46.7,47.37,46.63,47.16,126816.625
1671105600000,47.17,47.5,46.85,47.24,163938.307
1671120000000,47.24,47.34,46.26,46.76,151654.644
1671134400000,46.75,46.77,45.65,45.96,114466.437
1671148800000,45.95,46.16,45.52,45.66,87211.384
1671163200000,45.66,46.14,45.45,45.83,85710.208
1671177600000,45.83,45.88,43.78,44.37,229811.04
1671192000000,44.38,44.41,43.07,43.23,175386.097
1671206400000,43.22,43.43,42.21,43.35,294567.29
1671220800000,43.34,43.49,39.98,40.97,301902.209
1671235200000,40.95,41.51,39.87,41.31,178428.391
1671249600000,41.32,42.49,40.63,41.59,153206.494
1671264000000,41.6,42.15,41.43,41.62,77939.2
1671278400000,41.63,42.06,41.47,41.82,71041.688
1671292800000,41.82,42.59,41.7,42.35,162397.572
1671307200000,42.36,43.16,42.34,42.97,185592.732
1671321600000,42.96,43.02,42.5,42.93,91083.059
1671336000000,42.94,43.11,42.87,43.04,99803.941
1671350400000,43.04,43.76,42.79,43.13,232024.823
1671364800000,43.12,43.43,43.04,43.27,141472.485
1671379200000,43.28,43.65,43.08,43.54,134299.191
1671393600000,43.53,44.0,43.34,43.45,105037.615
1671408000000,43.44,45.7,43.38,44.21,553128.997
1671422400000,44.21,44.55,43.6,43.96,189328.216
1671436800000,43.97,44.05,43.34,43.37,190506.326
1671451200000,43.36,43.6,42.63,42.75,258668.874
1671465600000,42.75,42.91,41.66,42.77,255230.723
1671480000000,42.76,42.99,41.32,42.1,122289.284
1671494400000,42.09,42.58,41.49,42.14,147783.128
1671508800000,42.15,42.97,42.09,42.16,98177.257
1671523200000,42.17,42.24,41.81,41.97,70865.857
1671537600000,41.96,42.38,41.52,42.07,120594.17
1671552000000,42.07,42.16,41.76,42.12,82157.638
1671566400000,42.13,42.44,42.05,42.06,62975.181
1671580800000,42.06,42.24,41.36,41.66,105000.044
1671595200000,41.66,41.68,41.1,41.43,87826.835
1671609600000,41.43,42.19,41.19,42.06,104532.628
1671624000000,42.07,42.81,41.94,42.68,128871.877
1671638400000,42.69,42.88,41.9,41.99,98470.209
1671652800000,41.99,42.17,41.02,41.4,129606.9
1671667200000,41.4,41.74,41.13,41.33,72629.544
1671681600000,41.33,41.39,40.94,41.21,65151.331
1671696000000,41.19,41.61,40.73,40.93,130153.027
1671710400000,40.93,40.95,39.1,39.27,271388.983
1671724800000,39.27,39.48,38.62,38.91,203599.742
1671739200000,38.91,39.7,38.81,39.35,148973.809
1671753600000,39.36,40.09,39.0,39.9,138851.088
1671768000000,39.9,40.09,39.41,39.59,106937.985
1671782400000,39.6,39.96,39.23,39.51,117401.999
1671796800000,39.5,39.72,39.26,39.58,96204.809
1671811200000,39.58,39.99,39.54,39.64,88519.737
1671825600000,39.65,39.96,39.28,39.33,78222.264
1671840000000,39.33,39.6,39.3,39.56,39841.474
1671854400000,39.55,39.74,39.47,39.64,44889.05
1671868800000,39.64,39.66,39.05,39.37,62281.418
1671883200000,39.37,39.38,38.95,39.18,69178.738
1671897600000,39.19,40.03,39.12,40.0,143404.503
1671912000000,40.0,40.01,39.69,39.69,52274.87
1671926400000,39.7,40.27,39.69,40.0,76727.28
1671940800000,40.01,40.3,39.91,40.12,74499.281
1671955200000,40.12,40.2,39.64,39.84,80768.627
1671969600000,39.84,39.99,39.31,39.72,111287.095
1671984000000,39.73,39.87,39.45,39.86,49734.507
1671998400000,39.87,40.1,39.71,39.93,50537.48
1672012800000,39.93,40.36,39.81,40.27,54812.064
1672027200000,40.28,40.42,40.0,40.1,51149.727
1672041600000,40.11,40.29,39.86,40.15,65308.839
1672056000000,40.16,40.33,39.93,40.1,71439.629
1672070400000,40.1,40.15,39.75,39.89,51820.986
1672084800000,39.9,40.44,39.79,40.26,54939.232
1672099200000,40.26,40.49,39.81,39.94,50616.465
1672113600000,39.95,39.97,39.73,39.74,30668.034
1672128000000,39.74,39.89,39.39,39.56,90213.219
1672142400000,39.57,39.57,38.75,38.92,116481.537
1672156800000,38.93,38.94,37.8,38.53,159769.23
1672171200000,38.53,38.79,38.47,38.78,42971.653
1672185600000,38.78,38.97,38.0,38.19,84787.822
1672200000000,38.2,38.25,36.98,37.61,149586.06
1672214400000,37.6,38.06,37.32,38.05,74220.244
1672228800000,38.04,38.11,37.4,37.52,108243.266
1672243200000,37.52,37.84,37.37,37.53,86847.919
1672257600000,37.53,37.61,37.0,37.46,86039.61
1672272000000,37.45,37.96,37.22,37.92,86313.511
1672286400000,37.94,38.13,37.57,37.83,59426.844
1672300800000,37.83,38.1,37.68,37.93,55658.203
1672315200000,37.93,38.32,37.79,38.12,89138.858
1672329600000,38.12,38.37,37.77,37.97,122789.657
1672344000000,37.96,38.11,37.33,37.99,111257.444
1672358400000,37.99,38.15,37.68,37.78,50343.471
1672372800000,37.77,37.98,36.88,37.15,85793.593
1672387200000,37.13,37.39,37.06,37.32,47234.387
1672401600000,37.31,38.18,37.25,38.02,112955.761
1672416000000,38.01,38.01,37.56,37.57,66276.742
1672430400000,37.57,37.95,37.56,37.95,40382.154
1672444800000,37.94,38.05,37.74,37.94,33239.412
1672459200000,37.95,38.03,37.7,37.96,30181.568
1672473600000,37.94,38.15,37.88,37.94,35265.006
1672488000000,37.94,38.45,37.9,38.09,60601.451
1672502400000,38.1,38.18,37.8,37.92,36661.73
1672516800000,37.93,37.99,37.22,37.27,44701.939
1672531200000,37.27,37.49,36.95,37.14,54552.814
1672545600000,37.14,37.2,36.56,36.74,82449.95
1672560000000,36.74,36.89,36.51,36.85,54086.632
1672574400000,36.85,36.93,36.68,36.86,45803.416
1672588800000,36.87,37.3,36.87,37.21,57343.923
1672603200000,37.22,37.43,37.03,37.23,43124.922
1672617600000,37.23,37.36,36.47,37.27,101120.266
1672632000000,37.27,38.19,37.14,37.81,120375.749
1672646400000,37.82,38.06,37.59,37.86,87569.455
1672660800000,37.86,38.35,37.82,38.19,84811.852
1672675200000,38.2,39.43,38.19,39.31,265057.743
1672689600000,39.31,40.15,39.26,39.52,274800.42
1672704000000,39.53,39.85,39.34,39.58,165942.249
1672718400000,39.58,40.53,39.57,40.42,154812.105
1672732800000,40.41,40.54,39.99,40.16,204785.391
1672747200000,40.16,40.35,39.87,40.01,209964.238
1672761600000,40.0,40.13,39.44,39.74,176141.898
1672776000000,39.74,40.05,39.55,40.0,85353.124
1672790400000,40.01,41.23,39.88,41.17,181260.066
1672804800000,41.18,41.52,41.01,41.35,112478.108
1672819200000,41.34,41.54,40.31,40.57,216694.491
1672833600000,40.57,40.9,40.04,40.63,200801.135
1672848000000,40.63,41.28,40.23,40.52,166104.756
1672862400000,40.51,40.75,39.89,40.73,82840.498
1672876800000,40.73,41.11,40.21,40.5,133708.557
1672891200000,40.49,40.84,40.07,40.36,79071.826
1672905600000,40.36,40.58,39.78,40.47,113087.138
1672920000000,40.47,40.52,39.78,39.97,94770.447
1672934400000,39.98,40.25,39.63,40.17,91217.915
1672948800000,40.18,40.26,39.39,39.79,92081.973
1672963200000,39.78,40.27,39.66,39.7,71079.717
1672977600000,39.69,39.78,39.18,39.28,97306.287
1672992000000,39.28,39.57,38.87,38.96,155042.271
1673006400000,38.97,41.0,38.72,40.96,379580.061
1673020800000,40.97,41.66,40.6,41.44,247859.453
1673035200000,41.44,41.57,40.87,41.34,118965.383
1673049600000,41.35,41.67,40.95,41.07,82574.219
1673064000000,41.06,41.19,40.79,40.85,55977.103
1673078400000,40.85,42.89,40.78,41.72,473843.599
1673092800000,41.73,42.11,41.49,41.97,122527.087
1673107200000,41.97,42.04,41.47,41.65,123007.511
1673121600000,41.65,41.94,41.44,41.5,88590.726
1673136000000,41.5,41.65,40.95,41.41,82777.531
1673150400000,41.4,41.71,41.28,41.64,45776.025
1673164800000,41.64,41.87,41.16,41.25,91874.672
1673179200000,41.24,41.88,41.1,41.64,79601.7
1673193600000,41.64,41.81,41.17,41.38,61663.134
1673208000000,41.39,42.79,41.38,42.75,151157.966
1673222400000,42.75,43.94,42.51,43.64,256905.954
1673236800000,43.65,44.66,43.63,43.92,189551.357
1673251200000,43.93,44.42,43.6,43.62,94942.077
1673265600000,43.63,44.5,43.4,44.35,141849.582
1673280000000,44.34,44.77,43.38,43.4,129293.468
1673294400000,43.39,43.57,42.76,43.1,99768.573
1673308800000,43.1,43.73,42.11,42.92,130493.473
1673323200000,42.92,43.11,42.62,42.85,60089.869
1673337600000,42.85,43.32,42.55,42.75,112010.532
1673352000000,42.74,42.98,42.28,42.94,120568.805
1673366400000,42.94,43.26,42.5,43.25,85959.087
1673380800000,43.25,44.17,43.14,43.99,123846.024
1673395200000,44.0,44.42,43.29,43.57,99139.059
1673409600000,43.58,44.07,43.38,43.86,75340.594
1673424000000,43.87,44.36,43.63,43.88,130041.081
1673438400000,43.88,43.89,42.61,42.68,158570.149
1673452800000,42.68,43.79,42.52,43.62,187467.697
1673467200000,43.63,44.61,43.32,44.28,89117.468
1673481600000,44.28,45.0,44.11,44.73,152589.881
1673496000000,44.74,45.42,44.34,44.72,111768.74
1673510400000,44.72,44.72,43.94,44.2,74135.35
1673524800000,44.18,44.77,42.95,43.9,254662.609
1673539200000,43.89,45.7,43.85,45.47,180434.81
1673553600000,45.47,46.04,44.93,45.33,117561.383
1673568000000,45.31,45.63,44.74,45.24,65282.402
1673582400000,45.24,45.39,44.58,44.68,73392.948
1673596800000,44.69,45.17,44.48,44.61,108835.376
1673611200000,44.62,44.73,43.83,44.53,161311.288
1673625600000,44.52,44.58,43.85,44.44,150126.537
1673640000000,44.44,45.94,44.25,45.38,325106.051
1673654400000,45.38,47.79,45.37,47.01,352923.525
1673668800000,47.01,48.68,46.62,48.19,237239.741
1673683200000,48.19,48.66,44.14,46.37,389717.997
1673697600000,46.36,47.13,45.73,46.65,210424.724
1673712000000,46.66,46.86,45.75,45.87,134819.191
1673726400000,45.85,47.07,45.73,46.68,99477.077
1673740800000,46.68,47.07,45.52,46.24,184006.453
1673755200000,46.23,46.36,45.05,45.32,84863.861
1673769600000,45.33,45.41,44.25,45.1,178626.06
1673784000000,45.1,45.6,44.45,45.38,169201.304
1673798400000,45.38,45.7,44.66,45.24,204042.986
1673812800000,45.25,45.54,44.49,44.79,129340.768
1673827200000,44.8,46.05,44.28,45.35,243419.241
1673841600000,45.35,45.78,44.75,45.09,171143.709
1673856000000,45.09,45.13,42.3,43.36,340098.642
1673870400000,43.38,43.71,41.34,42.71,347055.988
1673884800000,42.72,43.31,42.18,43.13,251853.308
1673899200000,43.12,43.27,42.4,42.58,149220.053
1673913600000,42.57,42.98,41.77,42.5,165890.553
1673928000000,42.49,43.25,42.45,43.16,90900.179
1673942400000,43.15,43.75,43.08,43.73,105942.982
1673956800000,43.72,43.87,42.73,43.48,207544.035
1673971200000,43.47,45.45,43.1,44.8,293493.508
1673985600000,44.8,45.47,44.44,44.62,258238.604
1674000000000,44.63,45.37,44.31,44.94,183929.291
1674014400000,44.92,45.2,44.64,45.1,109888.229
1674028800000,45.1,45.15,43.73,44.34,160811.667
1674043200000,44.34,45.66,41.03,43.01,371111.386
1674057600000,43.01,43.5,40.46,42.74,461671.575
1674072000000,42.74,43.27,41.86,42.74,192043.863
1674086400000,42.74,44.9,42.61,44.22,246133.205
1674100800000,44.23,44.5,43.61,43.85,118245.646
1674115200000,43.85,44.34,43.58,44.14,123814.625
1674129600000,44.14,44.31,43.61,43.95,123780.973
1674144000000,43.95,44.98,43.13,44.81,173526.114
1674158400000,44.8,45.1,44.31,44.43,144463.461
1674172800000,44.42,45.06,44.23,44.91,115321.889
1674187200000,44.9,45.18,44.5,44.56,101082.803
1674201600000,44.57,45.24,44.11,44.93,138860.637
1674216000000,44.93,46.97,44.91,46.38,253214.816
1674230400000,46.37,48.01,46.22,47.68,292457.973
1674244800000,47.68,48.71,47.66,48.09,259255.752
1674259200000,48.1,49.42,47.72,48.64,181204.596
1674273600000,48.64,49.31,47.91,48.61,171683.841
1674288000000,48.6,49.42,47.06,48.36,228788.032
1674302400000,48.36,49.18,47.83,48.09,147767.327
1674316800000,48.11,49.72,48.04,48.75,138206.966
1674331200000,48.75,49.23,47.7,48.02,108906.581
1674345600000,48.02,48.57,47.63,48.56,65832.93
1674360000000,48.56,48.63,48.05,48.11,62686.099
1674374400000,48.1,48.42,47.63,48.13,94335.398
1674388800000,48.12,49.09,47.83,48.17,144760.116
1674403200000,48.18,48.84,47.55,47.78,147298.552
1674417600000,47.79,47.79,46.24,47.29,152292.42
1674432000000,47.3,48.47,47.28,47.88,114941.751
1674446400000,47.89,48.55,47.81,47.95,75271.33
1674460800000,47.96,48.41,47.65,47.92,114873.556
1674475200000,47.91,48.12,46.41,46.95,207053.154
1674489600000,46.96,47.4,46.53,46.84,138527.038
1674504000000,46.83,47.55,46.55,46.96,95987.472
1674518400000,46.96,47.54,46.41,47.46,133975.201
1674532800000,47.46,48.35,47.08,48.08,181607.443
1674547200000,48.08,48.28,47.2,47.54,132828.027
1674561600000,47.55,48.13,46.79,47.28,190728.27
1674576000000,47.28,47.75,46.66,47.71,137539.47
1674590400000,47.7,47.71,43.63,44.46,348343.618
1674604800000,44.46,44.77,43.45,44.7,160287.833
1674619200000,44.69,44.99,44.33,44.91,71460.044
1674633600000,44.9,45.04,44.0,44.13,102813.435
1674648000000,44.15,44.99,43.87,44.15,164621.324
1674662400000,44.15,44.85,43.81,44.82,107929.746
1674676800000,44.81,46.48,44.54,45.43,220130.718
1674691200000,45.44,46.0,45.18,45.35,102081.648
1674705600000,45.35,46.13,44.79,45.18,112934.0
1674720000000,45.18,45.49,44.47,44.89,135057.569
1674734400000,44.9,46.37,44.75,45.45,184101.32
1674748800000,45.43,46.8,44.92,46.37,169521.441
1674763200000,46.37,47.07,46.2,46.8,120866.663
1674777600000,46.8,47.14,45.38,45.62,139577.301
1674792000000,45.62,46.38,45.47,46.34,81808.211
1674806400000,46.34,46.46,45.65,45.71,79315.421
1674820800000,45.71,46.14,45.4,45.63,107839.367
1674835200000,45.63,46.76,45.62,46.68,95865.097
1674849600000,46.67,47.04,46.07,46.6,108531.427
1674864000000,46.62,47.03,46.23,46.36,76152.913
1674878400000,46.36,46.59,45.55,45.83,93703.91
1674892800000,45.84,45.99,45.5,45.68,83261.993
1674907200000,45.69,45.69,44.56,45.12,164008.443
1674921600000,45.12,45.62,45.03,45.61,67141.141
1674936000000,45.63,45.63,44.91,45.41,63555.211
1674950400000,45.4,46.98,44.98,46.6,265129.929
1674964800000,46.6,47.64,46.57,47.28,217317.526
1674979200000,47.29,47.93,46.86,47.68,175486.033
1674993600000,47.69,48.05,47.17,47.77,200475.503
1675008000000,47.77,47.91,47.23,47.59,139403.944
1675022400000,47.6,47.63,47.02,47.22,94004.063
1675036800000,47.23,47.46,46.32,46.63,147665.292
1675051200000,46.64,46.92,45.67,45.93,174601.385
1675065600000,45.93,46.18,43.67,44.75,372416.733
1675080000000,44.74,45.57,44.56,45.25,165094.123
1675094400000,45.25,45.58,43.54,44.36,173423.85
1675108800000,44.36,44.68,43.58,44.58,108743.651
1675123200000,44.58,45.11,44.1,44.84,122887.036
1675137600000,44.86,45.05,44.31,45.01,105432.376
1675152000000,45.0,45.53,44.77,45.47,136643.661
1675166400000,45.46,45.61,45.05,45.61,112274.884
1675180800000,45.61,45.92,45.23,45.8,103753.52
1675195200000,45.8,45.89,44.47,45.16,136861.573
1675209600000,45.15,45.43,44.72,45.06,93374.708
1675224000000,45.06,45.37,44.13,44.51,106852.755
1675238400000,44.52,44.96,43.88,44.79,100523.464
1675252800000,44.78,45.11,44.01,44.31,117247.38
1675267200000,44.31,46.36,44.21,46.01,239736.288
1675281600000,46.01,47.71,45.92,47.19,226382.406
1675296000000,47.2,48.3,47.18,48.08,163836.241
1675310400000,48.09,48.38,47.35,47.5,87825.514
1675324800000,47.49,47.73,47.13,47.43,77136.074
1675339200000,47.42,47.61,46.44,47.42,219385.434
1675353600000,47.43,47.91,46.58,46.81,200712.448
1675368000000,46.82,47.19,45.4,45.92,142604.297
1675382400000,45.92,46.37,45.55,45.94,96181.356
1675396800000,45.94,46.38,45.74,45.94,59458.747
1675411200000,45.94,46.8,45.65,46.79,78489.855
1675425600000,46.79,47.54,46.05,47.33,167553.306
1675440000000,47.33,47.69,46.64,46.78,130610.236
1675454400000,46.78,47.15,46.37,47.03,81284.056
1675468800000,47.04,47.38,46.58,46.7,72218.324
1675483200000,46.69,46.91,46.3,46.51,67341.41
1675497600000,46.52,47.02,46.23,46.89,75863.497
1675512000000,46.89,47.39,46.84,46.99,115257.447
1675526400000,46.98,47.46,46.82,47.23,97500.151
1675540800000,47.22,47.36,46.37,46.6,66319.227
1675555200000,46.6,46.79,45.93,46.18,92303.252
1675569600000,46.19,46.53,46.12,46.28,53765.463
1675584000000,46.29,46.55,45.8,45.89,107687.889
1675598400000,45.89,45.91,43.43,44.3,290818.89
1675612800000,44.3,44.51,43.61,43.93,161612.047
1675627200000,43.93,44.34,43.49,44.22,100761.407
1675641600000,44.23,44.78,43.71,43.79,99634.759
1675656000000,43.8,44.07,42.4,44.0,188107.235
1675670400000,44.0,44.1,43.35,43.78,88451.779
1675684800000,43.78,44.36,43.57,44.35,105557.985
1675699200000,44.35,44.81,44.12,44.46,134890.159
1675713600000,44.46,44.51,43.0,43.36,109443.55
1675728000000,43.36,44.26,43.22,44.07,87193.962
1675742400000,44.08,44.5,43.92,44.34,67926.53
1675756800000,44.33,46.27,44.13,45.63,248405.454
1675771200000,45.64,46.3,45.55,45.6,161402.945
1675785600000,45.6,46.82,45.18,46.32,189140.733
1675800000000,46.32,47.15,46.13,46.82,130122.923
1675814400000,46.82,47.28,46.55,46.58,141726.746
1675828800000,46.59,46.84,46.06,46.35,70524.112
1675843200000,46.36,46.87,45.96,46.56,118585.867
1675857600000,46.56,47.2,45.36,45.76,216124.766
1675872000000,45.76,45.91,44.55,45.2,158116.83
1675886400000,45.2,45.54,44.77,45.3,78710.705
1675900800000,45.3,45.65,42.88,43.5,258845.648
1675915200000,43.49,44.38,42.98,44.18,145831.131
1675929600000,44.17,44.75,44.11,44.38,104994.087
1675944000000,44.38,45.21,43.91,44.46,151595.435
1675958400000,44.46,45.46,43.2,44.01,387356.793
1675972800000,44.01,44.69,41.41,42.83,371049.615
1675987200000,42.84,43.28,42.35,42.93,125759.017
1676001600000,42.94,43.29,42.31,43.24,146874.338
1676016000000,43.25,43.63,42.38,42.44,141674.129
1676030400000,42.44,44.66,42.41,43.8,379010.585
1676044800000,43.79,44.14,42.83,43.8,178877.043
1676059200000,43.81,43.98,43.1,43.54,119011.891
1676073600000,43.53,44.04,43.28,43.75,101372.463
1676088000000,43.74,44.25,43.63,44.16,96420.792
1676102400000,44.16,44.52,43.48,43.75,98993.672
1676116800000,43.76,47.0,43.64,45.6,838385.765
1676131200000,45.59,45.6,44.74,45.27,161025.763
1676145600000,45.27,45.85,44.88,45.59,90295.223
1676160000000,45.6,45.93,44.42,44.52,133630.553
1676174400000,44.51,45.36,44.41,44.87,139970.046
1676188800000,44.87,48.08,44.81,47.88,557813.882
1676203200000,47.88,48.55,46.13,46.87,621383.776
1676217600000,46.88,47.43,46.49,46.77,204452.948
1676232000000,46.76,47.02,44.88,46.17,327031.55
1676246400000,46.17,46.55,45.11,45.96,250334.598
1676260800000,45.95,46.87,45.5,46.4,237863.718
1676275200000,46.41,46.58,43.18,43.82,552419.648
1676289600000,43.83,44.08,43.08,43.13,268734.999
1676304000000,43.13,43.32,42.17,42.89,252427.406
1676318400000,42.89,43.64,42.62,43.52,140388.403
1676332800000,43.53,43.69,42.87,42.9,84997.055
1676347200000,42.89,43.23,42.68,42.92,101175.115
1676361600000,42.93,42.97,42.17,42.66,169435.353
1676376000000,42.66,44.15,41.75,43.63,464607.423
1676390400000,43.64,43.83,43.29,43.56,167038.796
1676404800000,43.55,43.98,43.36,43.67,151490.484
1676419200000,43.66,43.74,43.03,43.43,125814.972
1676433600000,43.43,43.82,43.18,43.54,121125.776
1676448000000,43.53,44.24,43.29,44.08,171725.432
1676462400000,44.08,44.54,43.88,44.05,257895.458
1676476800000,44.04,44.96,43.87,44.91,337165.924
1676491200000,44.92,46.53,44.76,46.29,312651.859
1676505600000,46.29,46.99,45.83,46.44,258376.461
1676520000000,46.44,47.17,46.18,46.39,246798.593
1676534400000,46.4,47.02,46.17,46.31,163685.582
1676548800000,46.31,46.73,45.47,46.66,241444.631
1676563200000,46.66,47.15,45.75,45.98,311956.983
1676577600000,45.97,45.98,43.09,43.61,447763.819
1676592000000,43.6,44.87,43.26,44.72,234312.073
1676606400000,44.73,45.0,44.2,44.33,144712.109
1676620800000,44.34,44.89,44.03,44.71,149169.445
1676635200000,44.7,45.17,44.13,44.64,250799.853
1676649600000,44.64,45.55,44.04,45.52,244994.474
1676664000000,45.53,45.93,44.37,45.24,209201.227
1676678400000,45.25,47.1,45.24,46.63,271061.835
1676692800000,46.64,46.98,45.83,45.94,156584.667
1676707200000,45.94,46.23,45.32,45.66,145395.645
1676721600000,45.66,46.78,45.55,46.43,255862.761
1676736000000,46.43,46.85,45.6,45.97,172160.163
1676750400000,45.97,46.2,45.5,46.1,94527.713
1676764800000,46.09,46.8,45.84,46.01,124449.932
1676779200000,46.02,46.7,45.85,46.19,130703.621
1676793600000,46.19,47.77,45.98,47.57,205053.873
1676808000000,47.57,49.71,47.24,48.16,719379.802
1676822400000,48.16,48.76,46.11,46.81,362238.158
1676836800000,46.82,48.66,45.81,47.9,372957.171
1676851200000,47.9,49.98,46.61,49.62,485964.973
1676865600000,49.61,51.36,49.19,50.92,530263.527
1676880000000,50.92,51.07,50.22,50.32,308185.083
1676894400000,50.31,51.24,49.66,50.83,339775.305
1676908800000,50.82,50.88,49.5,50.02,235649.389
1676923200000,50.01,50.3,49.72,50.25,103490.577
1676937600000,50.26,50.66,49.84,50.08,157787.022
1676952000000,50.08,50.3,49.1,50.04,174688.281
1676966400000,50.04,50.28,47.73,48.78,405880.676
1676980800000,48.77,49.26,47.99,48.61,265795.101
1676995200000,48.62,49.34,47.81,49.2,214232.772
1677009600000,49.21,49.51,47.0,49.49,228225.332
1677024000000,49.49,50.0,47.14,48.51,330253.074
1677038400000,48.52,48.63,46.6,47.23,211322.858
1677052800000,47.22,47.24,45.9,46.99,225271.787
1677067200000,47.0,47.35,45.7,46.25,239170.927
1677081600000,46.25,47.08,45.86,46.84,195844.767
1677096000000,46.84,48.01,46.68,47.95,154820.915
1677110400000,47.95,48.44,47.61,47.96,145328.56
1677124800000,47.96,48.16,47.57,47.85,148311.305
1677139200000,47.85,48.09,46.41,46.75,158144.464
1677153600000,46.75,47.63,46.5,47.07,165018.47
1677168000000,47.07,47.81,46.8,47.71,149424.59
1677182400000,47.7,48.04,47.06,47.99,90704.25
1677196800000,47.98,48.34,47.37,47.63,103664.006
1677211200000,47.63,48.67,47.5,48.21,135467.294
1677225600000,48.2,48.46,47.42,47.9,137906.498
1677240000000,47.91,48.18,46.04,46.11,233891.082
1677254400000,46.12,46.12,44.3,45.39,308708.584
1677268800000,45.39,45.66,44.33,45.25,125904.247
1677283200000,45.26,45.37,44.69,44.9,82680.729
1677297600000,44.9,45.26,44.72,45.2,64791.382
1677312000000,45.19,45.45,44.6,44.86,82953.439
1677326400000,44.85,45.19,44.5,44.82,105482.352
1677340800000,44.83,45.2,44.01,44.53,112459.492
1677355200000,44.52,44.73,43.32,44.47,175293.886
1677369600000,44.46,44.91,44.18,44.74,83595.89
1677384000000,44.73,44.81,44.3,44.47,47990.457
1677398400000,44.46,44.66,44.15,44.49,71201.854
1677412800000,44.48,44.56,44.11,44.45,82216.608
1677427200000,44.45,45.24,44.12,45.14,113512.559
1677441600000,45.14,45.42,44.65,45.12,101601.725
1677456000000,45.11,45.16,44.62,44.69,74635.879
1677470400000,44.68,44.72,44.1,44.32,97163.075
1677484800000,44.31,44.42,43.87,44.15,102712.7
1677499200000,44.14,45.24,43.98,44.78,188170.648
1677513600000,44.78,44.91,43.36,43.88,188757.493
1677528000000,43.88,44.32,43.58,44.17,74402.389
1677542400000,44.18,44.33,43.78,44.13,95352.856
1677556800000,44.14,44.3,43.5,43.58,103276.825
1677571200000,43.58,44.15,43.5,44.07,82364.082
1677585600000,44.05,44.6,43.8,44.24,129645.332
1677600000000,44.23,44.59,43.78,43.86,84651.062
1677614400000,43.87,44.04,42.59,43.07,161013.759
1677628800000,43.08,44.01,42.78,43.9,126637.099
1677643200000,43.9,44.5,43.77,44.37,85555.705
1677657600000,44.37,44.84,44.28,44.42,78782.08
1677672000000,44.41,44.85,44.07,44.7,118319.881
1677686400000,44.7,44.73,43.39,43.55,155021.172
1677700800000,43.55,44.37,43.49,44.35,98975.928
1677715200000,44.35,44.46,43.49,43.78,107830.334
1677729600000,43.77,43.95,43.19,43.58,84240.0
1677744000000,43.58,43.88,43.31,43.61,78799.554
1677758400000,43.61,43.66,43.0,43.36,149354.447
1677772800000,43.36,43.64,42.9,43.62,106362.777
1677787200000,43.61,43.69,43.21,43.64,74073.149
1677801600000,43.65,43.68,36.57,39.0,879212.63
1677816000000,39.0,39.79,38.95,39.61,199552.334
1677830400000,39.61,39.88,39.54,39.66,139501.438
1677844800000,39.67,39.98,39.27,39.5,181398.733
1677859200000,39.5,39.61,38.89,38.99,150628.889
1677873600000,38.99,39.65,38.39,39.59,157776.532
1677888000000,39.59,39.92,39.47,39.67,95043.736
1677902400000,39.68,39.91,39.01,39.01,112137.54
1677916800000,39.02,39.29,38.79,39.1,78809.682
1677931200000,39.1,39.28,38.66,38.71,76453.574
1677945600000,38.72,38.96,38.21,38.44,120264.939
1677960000000,38.44,38.56,37.25,38.54,224713.938
1677974400000,38.54,39.28,38.25,39.04,166598.731
1677988800000,39.05,39.27,38.61,38.69,73843.779
1678003200000,38.69,38.91,38.46,38.6,76935.629
1678017600000,38.61,38.87,38.56,38.59,89081.691
1678032000000,38.58,38.73,38.36,38.45,49715.541
1678046400000,38.45,38.77,37.73,38.07,129739.741
1678060800000,38.07,38.39,37.34,37.86,205907.437
1678075200000,37.86,38.13,37.51,38.1,116662.937
1678089600000,38.09,38.48,37.82,38.25,109971.337
1678104000000,38.25,38.75,37.94,38.69,189844.388
1678118400000,38.69,38.83,38.03,38.24,156058.835
1678132800000,38.24,38.6,37.89,38.49,137048.312
1678147200000,38.48,38.9,38.25,38.65,116528.149
1678161600000,38.65,38.68,38.11,38.14,74884.805
1678176000000,38.14,38.2,37.46,37.5,182030.141
1678190400000,37.5,37.82,36.38,37.36,372191.19
1678204800000,37.36,37.56,36.89,36.97,142089.327
1678219200000,36.96,37.74,36.64,37.63,201742.759
1678233600000,37.64,37.88,37.27,37.47,99227.07
1678248000000,37.47,37.51,36.5,36.55,151337.73
1678262400000,36.56,37.3,36.45,37.09,120070.736
1678276800000,37.1,37.14,35.59,36.86,339793.63
1678291200000,36.86,36.95,35.98,36.22,147676.981
1678305600000,36.21,36.64,34.94,35.66,248781.816
1678320000000,35.66,36.48,35.54,36.42,129284.564
1678334400000,36.42,36.52,36.06,36.14,96219.567
1678348800000,36.14,36.56,35.82,36.5,151120.572
1678363200000,36.51,37.07,36.31,36.49,175407.118
1678377600000,36.5,36.69,35.1,35.33,317342.875
1678392000000,35.34,35.35,32.92,34.18,644079.195
1678406400000,34.17,34.19,33.19,33.73,304853.765
1678420800000,33.72,33.82,32.38,32.46,322922.843
1678435200000,32.47,32.52,30.51,31.41,696476.778
1678449600000,31.4,32.44,31.19,31.91,463008.757
1678464000000,31.9,32.45,31.33,31.76,255971.227
1678478400000,31.77,32.2,31.27,32.03,169189.607
1678492800000,32.04,32.88,31.89,31.89,289801.424
1678507200000,31.9,31.96,29.69,30.02,380691.293
1678521600000,30.03,30.73,29.75,30.42,285483.299
1678536000000,30.43,30.91,30.28,30.41,170481.369
1678550400000,30.42,31.14,30.3,30.98,196592.446
1678564800000,30.98,31.45,30.93,31.36,142959.209
1678579200000,31.36,31.45,30.84,31.04,143683.426
1678593600000,31.04,31.54,30.83,31.24,167255.043
1678608000000,31.24,31.44,31.1,31.24,102968.03
1678622400000,31.25,31.46,30.46,30.74,174830.213
1678636800000,30.74,32.69,30.65,32.13,408531.902
1678651200000,32.13,34.37,32.04,34.22,439419.244
1678665600000,34.22,35.06,33.83,33.88,309103.427
1678680000000,33.88,34.21,33.79,33.94,161897.378
1678694400000,33.94,34.05,32.55,33.28,285903.392
1678708800000,33.27,35.41,32.87,34.86,575576.923
1678723200000,34.85,35.58,34.46,35.32,356986.559
1678737600000,35.31,35.67,34.96,35.28,183404.253
1678752000000,35.27,35.51,34.88,35.14,205829.757
1678766400000,35.14,35.49,34.72,34.85,194137.306
1678780800000,34.85,35.05,34.33,34.81,200220.058
1678795200000,34.81,37.74,34.53,37.6,705857.427
1678809600000,37.59,37.81,35.51,36.45,525670.342
1678824000000,36.45,36.62,35.0,36.19,320610.124
1678838400000,36.19,36.8,35.84,36.41,241039.342
1678852800000,36.42,37.0,36.04,36.89,177428.547
1678867200000,36.89,37.15,35.03,35.83,297952.333
1678881600000,35.83,36.66,33.66,33.92,547219.077
1678896000000,33.92,33.97,32.57,33.18,564541.117
1678910400000,33.19,33.66,32.96,33.24,223231.675
1678924800000,33.23,33.64,32.72,33.34,217171.956
1678939200000,33.35,33.79,32.84,33.6,180067.839
1678953600000,33.6,33.95,33.02,33.83,232543.233
1678968000000,33.83,33.86,32.78,33.77,316028.707
1678982400000,33.78,34.32,33.61,34.14,252207.025
1678996800000,34.15,34.15,33.32,33.86,147283.0
1679011200000,33.87,34.95,33.34,34.81,253774.407
1679025600000,34.82,35.11,34.27,34.79,165966.601
1679040000000,34.79,36.23,34.6,36.09,232509.709
1679054400000,36.1,36.11,34.33,35.66,272192.125
1679068800000,35.65,36.07,35.26,35.6,331632.018
1679083200000,35.61,37.16,35.35,37.13,321487.237
1679097600000,37.13,37.76,36.5,37.65,285935.777
1679112000000,37.64,37.99,37.2,37.67,202195.613
1679126400000,37.67,37.9,36.93,37.73,284009.586
1679140800000,37.74,37.85,35.86,36.21,317417.444
1679155200000,36.22,37.19,35.16,36.67,336292.236
1679169600000,36.68,36.98,35.7,35.97,168852.606
1679184000000,35.98,36.84,35.97,36.65,126800.909
1679198400000,36.65,36.69,35.71,36.02,129221.935
1679212800000,36.02,36.56,35.64,36.46,135888.458
1679227200000,36.46,36.75,35.91,36.55,191424.657
1679241600000,36.55,37.59,36.46,37.1,244718.269
1679256000000,37.1,37.16,36.34,36.62,189432.682
1679270400000,36.63,37.79,35.95,36.15,294472.553
1679284800000,36.15,36.7,35.41,36.64,225147.409
1679299200000,36.65,36.81,35.79,35.97,204375.882
1679313600000,35.97,36.2,35.48,35.64,204982.937
1679328000000,35.65,35.85,34.0,34.4,439782.282
1679342400000,34.42,34.84,34.16,34.31,185667.985
1679356800000,34.3,34.74,34.18,34.63,160002.011
1679371200000,34.63,34.85,33.16,33.36,305841.479
1679385600000,33.37,34.79,33.18,34.61,292740.127
1679400000000,34.61,36.02,34.52,35.48,345771.693
1679414400000,35.49,36.06,35.13,35.79,256732.217
1679428800000,35.78,37.1,35.74,36.36,365238.266
1679443200000,36.37,36.49,35.83,36.22,166317.473
1679457600000,36.22,36.47,35.67,36.06,134912.629
1679472000000,36.06,36.22,35.44,35.5,177691.838
1679486400000,35.51,36.41,35.34,35.69,205087.737
1679500800000,35.7,36.09,33.56,33.71,658435.362
1679515200000,33.7,34.68,33.46,34.62,240131.982
1679529600000,34.62,35.0,34.24,34.47,117101.501
1679544000000,34.47,35.09,34.34,35.06,89380.684
1679558400000,35.05,35.98,34.83,35.88,228824.275
1679572800000,35.87,37.16,35.37,37.05,427018.177
1679587200000,37.04,38.22,37.0,37.53,534770.345
1679601600000,37.54,38.21,37.33,38.04,212433.535
1679616000000,38.04,38.64,37.25,37.36,295913.824
1679630400000,37.37,37.62,37.01,37.34,182936.561
1679644800000,37.35,37.48,35.67,36.0,331561.951
1679659200000,35.99,37.11,35.92,36.21,318374.664
1679673600000,36.22,36.36,34.95,36.23,271978.848
1679688000000,36.22,36.25,35.23,35.82,138430.441
1679702400000,35.82,36.04,35.55,35.96,102466.334
1679716800000,35.97,36.11,35.49,35.51,107179.223
1679731200000,35.52,35.83,34.98,35.79,131745.243
1679745600000,35.79,35.96,35.36,35.88,126949.441
1679760000000,35.88,35.97,34.72,34.74,176604.497
1679774400000,34.73,35.59,34.66,35.53,103603.605
1679788800000,35.53,35.86,35.19,35.67,87481.335
1679803200000,35.67,35.95,35.56,35.72,71181.455
1679817600000,35.72,36.81,35.57,36.53,226102.855
1679832000000,36.53,36.83,35.97,36.11,179977.671
1679846400000,36.11,36.39,35.95,36.02,95439.372
1679860800000,36.02,36.44,35.8,36.24,76274.333
1679875200000,36.24,36.58,35.83,36.0,90646.171
1679889600000,35.99,36.07,35.3,35.61,156886.628
1679904000000,35.61,36.05,35.43,35.97,124069.514
1679918400000,35.96,37.4,34.5,35.73,1068306.193
1679932800000,35.73,35.93,35.03,35.49,285191.526
1679947200000,35.49,36.04,35.34,35.85,149048.092
1679961600000,35.85,36.53,35.5,35.77,280393.807
1679976000000,35.78,37.19,35.77,36.44,281814.797
1679990400000,36.44,36.45,35.56,36.15,259071.085
1680004800000,36.16,36.3,35.46,35.6,280121.269
1680019200000,35.59,36.63,35.36,36.56,243088.859
1680033600000,36.56,36.71,36.15,36.34,116094.885
1680048000000,36.34,37.09,36.2,36.74,189533.788
1680062400000,36.75,37.64,36.69,37.16,203044.606
1680076800000,37.17,37.93,36.98,37.9,252437.625
1680091200000,37.89,38.1,37.02,37.46,245750.029
1680105600000,37.46,37.6,37.19,37.33,144090.254
1680120000000,37.33,37.42,36.77,37.13,105130.362
1680134400000,37.14,37.84,36.06,36.89,319156.932
1680148800000,36.89,37.69,36.71,37.58,193138.529
1680163200000,37.58,37.9,36.96,37.55,207275.9
1680177600000,37.54,37.79,36.76,36.9,188380.214
1680192000000,36.91,36.92,36.2,36.72,165494.693
1680206400000,36.73,37.98,36.69,37.84,313485.211
1680220800000,37.84,38.25,37.38,37.88,216903.918
1680235200000,37.89,38.45,37.39,37.84,229356.853
1680249600000,37.84,38.17,37.48,37.7,211283.965
1680264000000,37.7,38.92,37.57,38.4,356065.403
1680278400000,38.41,39.28,38.07,39.02,341932.787
1680292800000,39.03,39.23,38.43,38.74,139534.059
1680307200000,38.73,38.89,38.32,38.65,119655.853
1680321600000,38.65,38.66,37.84,37.91,164559.025
1680336000000,37.91,38.25,37.79,37.86,103603.082
1680350400000,37.86,38.08,37.5,37.69,118147.92
1680364800000,37.69,37.78,37.23,37.73,127437.402
1680379200000,37.73,38.38,37.73,38.28,122162.291
1680393600000,38.28,38.3,37.61,37.92,101349.795
1680408000000,37.91,37.99,37.64,37.95,65488.947
1680422400000,37.95,37.97,37.53,37.56,63515.013
1680436800000,37.55,37.56,36.31,36.88,263564.954
1680451200000,36.87,37.2,36.08,36.28,156469.406
1680465600000,36.28,36.74,35.92,36.56,176603.243
1680480000000,36.56,36.76,35.37,36.38,221592.661
1680494400000,36.39,36.5,36.09,36.43,113408.875
1680508800000,36.43,37.0,36.42,36.72,172663.725
1680523200000,36.73,37.19,36.21,36.53,186345.161
1680537600000,36.52,37.19,36.3,36.78,200925.889
1680552000000,36.79,36.87,35.0,36.43,400340.639
1680566400000,36.43,36.71,36.12,36.55,98804.53
1680580800000,36.54,36.91,36.34,36.74,85922.226
1680595200000,36.75,37.46,36.56,37.29,165975.27
1680609600000,37.3,37.42,36.65,37.04,148084.458
1680624000000,37.04,37.64,36.82,37.52,124932.437
1680638400000,37.53,37.96,37.52,37.73,119008.604
1680652800000,37.74,38.56,37.57,38.17,163900.723
1680667200000,38.18,38.27,37.75,37.95,81304.821
1680681600000,37.96,38.36,37.82,38.25,82554.572
1680696000000,38.25,38.67,37.61,38.07,228263.771
1680710400000,38.08,38.08,37.38,37.8,132597.604
1680724800000,37.81,38.11,37.68,37.97,49933.657
1680739200000,37.97,38.05,37.09,37.75,113309.673
1680753600000,37.75,38.1,37.32,37.37,106355.721
1680768000000,37.37,38.0,37.02,37.54,157034.505
1680782400000,37.54,38.0,37.04,37.89,137545.416
1680796800000,37.9,38.15,37.49,37.55,87177.752
1680811200000,37.55,37.79,37.11,37.77,91245.66
1680825600000,37.77,38.11,37.43,37.53,94874.628
1680840000000,37.54,37.75,36.71,36.8,119919.963
1680854400000,36.81,37.22,36.65,36.74,86134.747
1680868800000,36.74,37.74,36.56,37.69,158495.905
1680883200000,37.7,37.77,37.28,37.74,116573.582
1680897600000,37.74,37.86,37.31,37.71,89955.255
1680912000000,37.71,37.95,37.39,37.85,64407.078
1680926400000,37.85,38.23,37.69,37.94,87795.296
1680940800000,37.94,38.14,37.71,37.82,67325.79
1680955200000,37.82,38.65,37.73,38.42,156579.506
1680969600000,38.42,38.76,38.15,38.4,168021.968
1680984000000,38.4,38.58,38.08,38.47,91658.188
1680998400000,38.47,38.74,38.21,38.22,107918.115
1681012800000,38.22,38.29,37.57,37.9,117076.355
1681027200000,37.91,38.48,37.65,38.36,104645.468
1681041600000,38.35,38.99,37.78,38.22,249243.833
1681056000000,38.21,39.23,38.21,39.1,366401.093
1681070400000,39.1,40.0,38.94,39.7,220515.816
1681084800000,39.7,39.94,39.11,39.23,127406.21
1681099200000,39.23,39.25,38.5,38.64,93682.652
1681113600000,38.63,38.79,38.52,38.56,78752.862
1681128000000,38.56,38.81,38.21,38.53,138934.594
1681142400000,38.52,39.47,38.33,38.98,182402.581
1681156800000,38.97,39.69,38.77,39.49,140073.583
1681171200000,39.48,39.68,39.17,39.47,133343.113
1681185600000,39.46,39.92,39.11,39.62,123083.989
1681200000000,39.62,39.64,39.06,39.23,93956.452
1681214400000,39.23,40.35,39.1,40.18,294626.945
1681228800000,40.18,40.25,39.54,39.72,172856.894
1681243200000,39.73,39.94,39.51,39.72,106751.286
1681257600000,39.73,39.89,38.11,38.4,233655.314
1681272000000,38.4,38.85,38.29,38.77,117392.454
1681286400000,38.76,38.94,38.42,38.71,163191.816
1681300800000,38.72,39.46,38.6,39.16,273760.546
1681315200000,39.15,39.72,38.91,39.14,239972.196
1681329600000,39.14,39.9,39.1,39.76,178718.282
1681344000000,39.77,40.1,39.5,40.02,127885.039
1681358400000,40.01,41.16,39.88,40.81,325522.598
1681372800000,40.82,41.76,40.81,41.02,394894.439
1681387200000,41.02,41.72,40.99,41.52,217706.636
1681401600000,41.51,42.12,41.39,41.54,192682.027
1681416000000,41.54,41.55,41.1,41.25,85552.547
1681430400000,41.25,42.79,41.19,42.45,271476.101
1681444800000,42.45,42.8,42.19,42.38,132284.967
1681459200000,42.38,42.51,41.78,41.86,153573.584
1681473600000,41.86,42.06,40.84,40.85,235321.187
1681488000000,40.85,41.78,40.66,41.59,164807.225
1681502400000,41.59,42.39,41.47,42.13,174978.738
1681516800000,42.14,42.47,41.15,42.34,175681.111
1681531200000,42.34,42.66,41.92,42.54,124558.823
1681545600000,42.54,42.97,42.25,42.59,128560.732
1681560000000,42.58,42.83,41.93,42.71,139325.703
1681574400000,42.71,42.87,42.22,42.46,117442.318
1681588800000,42.46,43.29,42.42,42.86,124777.727
1681603200000,42.86,42.94,42.16,42.31,116408.326
1681617600000,42.3,42.86,42.24,42.5,71065.93
1681632000000,42.5,42.68,42.2,42.26,76398.237
1681646400000,42.26,42.94,41.85,42.79,121793.672
1681660800000,42.78,43.33,42.55,42.71,121244.696
1681675200000,42.7,43.02,42.33,42.67,101614.586
1681689600000,42.67,42.79,41.33,42.07,147844.672
1681704000000,42.06,42.1,41.38,41.46,81885.599
1681718400000,41.46,41.91,41.3,41.67,106589.553
1681732800000,41.67,41.85,41.34,41.54,141991.41
1681747200000,41.53,42.01,41.45,41.99,67353.931
1681761600000,42.0,42.02,41.34,41.6,65225.653
1681776000000,41.61,42.09,41.16,42.06,103146.856
1681790400000,42.06,42.49,41.92,42.47,75310.358
1681804800000,42.47,43.05,42.28,42.97,112036.585
1681819200000,42.98,43.27,42.23,42.33,168866.505
1681833600000,42.33,42.6,42.13,42.33,84127.687
1681848000000,42.34,42.65,42.18,42.57,64076.817
1681862400000,42.58,42.71,41.88,41.97,84420.04
1681876800000,41.98,42.16,41.4,41.47,103997.183
1681891200000,41.47,41.51,38.02,38.74,473558.328
1681905600000,38.75,39.59,38.61,39.01,192790.692
1681920000000,39.01,39.03,38.29,38.64,148824.473
1681934400000,38.64,38.87,37.07,38.14,219423.759
1681948800000,38.12,38.68,37.85,38.46,122356.918
1681963200000,38.47,38.68,38.1,38.14,81617.334
1681977600000,38.14,38.69,38.12,38.27,111774.303
1681992000000,38.26,38.88,37.48,37.56,209447.856
1682006400000,37.55,37.86,36.64,37.45,288432.29
1682020800000,37.44,37.89,37.3,37.76,87344.332
1682035200000,37.75,38.16,37.56,38.13,93008.226
1682049600000,38.13,38.29,37.36,38.28,122603.216
1682064000000,38.27,38.45,37.69,37.85,99432.745
1682078400000,37.84,38.15,37.45,37.75,122917.692
1682092800000,37.74,37.94,35.45,36.28,265323.684
1682107200000,36.27,36.58,35.88,36.53,149432.638
1682121600000,36.52,36.65,36.23,36.62,73709.642
1682136000000,36.62,36.65,36.25,36.42,63843.496
1682150400000,36.42,36.83,36.3,36.78,64924.734
1682164800000,36.78,37.03,36.48,36.94,111663.594
1682179200000,36.94,37.72,36.83,37.53,151013.039
1682193600000,37.54,37.82,37.33,37.72,99104.53
1682208000000,37.72,37.73,37.07,37.36,117500.796
1682222400000,37.36,37.79,37.34,37.74,90475.931
1682236800000,37.75,37.9,37.09,37.38,116945.529
1682251200000,37.37,37.48,36.59,36.86,126508.827
1682265600000,36.86,37.17,35.41,36.31,242579.551
1682280000000,36.32,37.05,36.18,37.01,96324.432
1682294400000,37.01,37.67,36.64,36.99,112895.85
1682308800000,37.0,37.19,36.67,37.01,71810.289
1682323200000,37.01,37.29,36.72,37.24,103246.091
1682337600000,37.25,37.29,36.54,36.67,109983.077
1682352000000,36.67,37.04,35.84,36.94,147681.741
1682366400000,36.94,37.08,36.67,36.85,63221.938
1682380800000,36.84,36.92,36.35,36.44,100363.168
1682395200000,36.44,36.74,36.12,36.13,80547.876
1682409600000,36.13,36.52,35.98,36.42,97251.506
1682424000000,36.42,36.8,35.63,35.81,203831.29
1682438400000,35.81,36.34,35.68,36.17,162822.829
1682452800000,36.18,37.49,36.11,37.39,183154.286
1682467200000,37.4,37.54,36.82,36.84,100246.621
1682481600000,36.84,37.05,36.46,36.6,100029.482
1682496000000,36.59,38.09,36.52,37.86,206862.449
1682510400000,37.87,39.07,37.86,38.49,272717.535
1682524800000,38.5,38.54,35.15,35.8,308147.632
1682539200000,35.8,36.72,34.5,36.53,288822.694
1682553600000,36.54,37.51,36.33,36.94,209315.934
1682568000000,36.95,37.42,36.32,36.81,130930.844
1682582400000,36.8,36.88,36.46,36.62,102799.113
1682596800000,36.62,38.21,36.22,37.94,342325.749
1682611200000,37.94,38.62,37.94,38.45,279981.192
1682625600000,38.45,38.57,37.69,38.05,141600.093
1682640000000,38.06,38.26,37.7,37.84,159771.789
1682654400000,37.84,38.15,37.82,38.13,77752.515
1682668800000,38.13,38.18,37.73,37.76,85189.547
1682683200000,37.77,37.99,37.19,37.68,147525.062
1682697600000,37.68,38.08,37.55,37.77,91985.096
1682712000000,37.77,37.83,37.55,37.76,66330.975
1682726400000,37.76,37.98,37.48,37.91,58607.857
1682740800000,37.91,38.05,37.71,37.78,53111.089
1682755200000,37.78,38.0,37.67,37.93,53842.29
1682769600000,37.93,38.36,37.79,38.03,86934.041
1682784000000,38.03,38.5,37.72,38.43,116228.425
1682798400000,38.42,38.64,38.28,38.54,121343.648
1682812800000,38.53,38.61,38.03,38.15,78680.694
1682827200000,38.15,38.37,38.07,38.13,76458.565
1682841600000,38.13,38.27,37.95,38.21,77795.616
1682856000000,38.22,38.57,38.06,38.28,105684.386
1682870400000,38.27,38.5,37.59,37.69,125182.401
1682884800000,37.69,37.91,37.33,37.56,109176.49
1682899200000,37.57,37.9,36.61,37.32,166589.404
1682913600000,37.33,37.35,36.96,37.01,101151.885
1682928000000,37.02,37.05,36.66,36.83,121308.607
1682942400000,36.82,36.98,36.43,36.77,190030.217
1682956800000,36.77,36.86,36.0,36.26,191414.284
1682971200000,36.25,36.53,36.07,36.43,85685.128
1682985600000,36.42,36.51,36.11,36.45,68755.898
1683000000000,36.46,36.65,36.31,36.52,65442.895
1683014400000,36.51,36.65,36.29,36.61,65818.859
1683028800000,36.61,37.01,36.29,36.73,193537.267
1683043200000,36.74,36.99,36.64,36.77,97390.373
1683057600000,36.77,36.92,36.68,36.72,49741.293
1683072000000,36.72,36.77,36.23,36.61,85181.275
1683086400000,36.61,36.65,36.39,36.5,62946.542
1683100800000,36.5,36.8,36.44,36.48,69108.27
1683115200000,36.48,36.53,36.07,36.35,131334.809
1683129600000,36.34,36.93,36.2,36.46,227123.564
1683144000000,36.46,37.22,36.42,37.05,143531.617
1683158400000,37.06,37.21,36.83,36.98,91214.107
1683172800000,36.99,37.02,36.7,36.71,61502.984
1683187200000,36.72,36.97,36.61,36.88,71654.18
1683201600000,36.87,36.92,36.45,36.57,119360.238
1683216000000,36.58,36.78,36.1,36.26,124334.035
1683230400000,36.27,36.56,36.1,36.31,98866.103
1683244800000,36.32,36.94,36.32,36.64,96127.981
1683259200000,36.65,36.8,36.52,36.8,80108.362
1683273600000,36.79,37.04,36.66,36.71,202511.091
1683288000000,36.71,37.24,36.2,37.17,222510.453
1683302400000,37.16,37.7,36.72,37.06,272913.444
1683316800000,37.06,37.29,36.91,37.09,93639.305
1683331200000,37.1,37.44,36.49,36.68,262530.448
1683345600000,36.68,36.76,36.32,36.44,181792.672
1683360000000,36.44,36.54,36.07,36.38,325613.979
1683374400000,36.38,36.46,35.12,35.53,236069.874
1683388800000,35.54,36.3,35.45,36.09,71125.606
1683403200000,36.09,36.11,35.65,35.85,68381.048
1683417600000,35.85,36.09,35.49,35.52,180136.215
1683432000000,35.53,35.76,35.48,35.7,78505.976
1683446400000,35.71,35.91,35.53,35.71,127226.483
1683460800000,35.72,35.97,35.52,35.63,129906.605
1683475200000,35.63,35.73,35.19,35.42,81682.742
1683489600000,35.43,35.7,35.08,35.24,105173.646
1683504000000,35.25,35.59,32.64,33.65,301213.443
1683518400000,33.64,33.86,33.24,33.5,99752.788
1683532800000,33.49,34.27,33.34,34.27,131214.134
1683547200000,34.27,34.34,33.68,33.91,140488.802
1683561600000,33.92,33.93,31.3,32.48,417082.186
1683576000000,32.49,33.13,32.45,33.08,146207.178
1683590400000,33.08,33.33,32.71,32.78,174109.824
1683604800000,32.78,32.96,32.53,32.95,102691.375
1683619200000,32.95,33.27,32.77,33.2,98398.368
1683633600000,33.2,33.32,32.64,32.71,111678.671
1683648000000,32.72,33.36,32.59,33.15,115981.93
1683662400000,33.16,33.25,32.97,33.18,52859.852
1683676800000,33.18,33.37,32.77,32.85,93113.236
1683691200000,32.86,33.1,32.76,32.86,75719.501
1683705600000,32.86,33.26,32.79,33.23,70463.756
1683720000000,33.23,34.11,32.99,33.35,232070.35
1683734400000,33.36,33.54,31.37,33.3,339181.272
1683748800000,33.29,33.68,33.13,33.34,121935.8
1683763200000,33.34,33.36,32.57,32.68,98050.637
1683777600000,32.68,32.91,32.48,32.69,67335.964
1683792000000,32.7,32.72,32.31,32.51,72893.51
1683806400000,32.52,32.84,31.99,32.29,224253.74
1683820800000,32.3,32.43,31.37,31.86,212387.782
1683835200000,31.87,32.67,31.84,32.54,85580.624
1683849600000,32.54,32.64,31.67,31.8,109603.492
1683864000000,31.79,32.3,31.51,32.12,111882.294
1683878400000,32.12,32.39,32.01,32.11,102376.805
1683892800000,32.1,32.48,31.96,32.01,107805.343
1683907200000,32.01,32.56,31.54,32.51,160814.901
1683921600000,32.5,33.02,32.31,33.0,119197.818
1683936000000,33.0,33.05,32.68,32.8,71536.762
1683950400000,32.79,32.87,32.45,32.82,100406.914
1683964800000,32.83,32.88,32.57,32.62,49770.894
1683979200000,32.63,33.01,32.29,32.51,121962.777
1683993600000,32.51,32.8,32.43,32.54,74430.76
1684008000000,32.55,32.84,32.53,32.65,68207.767
1684022400000,32.65,32.65,32.18,32.42,72020.484
1684036800000,32.42,32.64,32.32,32.51,53993.763
1684051200000,32.5,32.75,32.43,32.61,67088.331
1684065600000,32.6,33.11,32.45,33.08,102089.663
1684080000000,33.08,33.14,32.47,32.55,67799.74
1684094400000,32.54,32.91,32.46,32.91,52975.543
1684108800000,32.9,33.26,32.37,33.12,182165.338
1684123200000,33.12,33.48,32.94,33.46,119340.75
1684137600000,33.47,33.5,33.28,33.28,77948.51
1684152000000,33.28,33.47,33.13,33.39,93261.336
1684166400000,33.39,33.56,33.05,33.28,119779.249
1684180800000,33.28,33.32,32.82,32.85,71019.993
1684195200000,32.86,33.08,32.59,32.87,138244.774
1684209600000,32.87,33.21,32.71,33.13,73478.181
1684224000000,33.14,33.29,32.88,33.01,65808.292
1684238400000,33.01,33.12,32.64,32.93,108086.728
1684252800000,32.92,33.14,32.79,32.83,68192.521
1684267200000,32.84,33.21,32.77,33.12,43947.12
1684281600000,33.13,33.46,32.89,33.3,85362.881
1684296000000,33.3,33.39,32.81,32.92,70564.226
1684310400000,32.91,33.31,32.76,33.03,103348.961
1684324800000,33.03,33.6,32.96,33.39,174158.983
1684339200000,33.38,34.15,33.25,34.01,196247.96
1684353600000,34.03,34.15,33.77,33.93,72139.612
1684368000000,33.93,34.07,33.77,34.04,63399.501
1684382400000,34.04,34.09,33.68,33.87,50749.72
1684396800000,33.88,33.95,33.67,33.7,67496.035
1684411200000,33.7,33.8,33.27,33.39,92438.414
1684425600000,33.39,33.49,32.66,33.18,124607.341
1684440000000,33.17,33.75,33.1,33.61,73832.88
1684454400000,33.6,33.75,33.35,33.55,68728.198
1684468800000,33.55,33.73,33.45,33.51,54245.78
1684483200000,33.5,33.8,33.5,33.61,65500.174
1684497600000,33.62,33.8,33.28,33.52,109472.626
1684512000000,33.53,33.66,33.28,33.41,86884.017
1684526400000,33.4,33.52,33.33,33.42,35009.22
1684540800000,33.42,33.45,32.99,33.16,95407.991
1684555200000,33.16,33.19,32.81,32.89,60497.589
1684569600000,32.89,33.3,32.87,33.15,80101.116
1684584000000,33.15,33.19,32.97,33.13,55612.079
1684598400000,33.13,33.14,32.86,33.04,71348.799
1684612800000,33.04,33.14,32.89,33.12,41816.649
1684627200000,33.13,33.27,33.06,33.11,57339.92
1684641600000,33.1,33.19,33.04,33.12,28095.514
1684656000000,33.12,33.19,32.8,32.95,51664.507
1684670400000,32.95,32.99,32.49,32.63,142081.568
1684684800000,32.63,32.77,32.26,32.4,113752.329
1684699200000,32.41,32.47,31.93,32.11,139390.411
1684713600000,32.11,32.33,31.7,31.86,140894.251
1684728000000,31.86,32.01,31.78,31.92,77256.631
1684742400000,31.92,32.18,31.9,32.12,66633.529
1684756800000,32.11,32.21,31.84,32.13,89106.648
1684771200000,32.14,32.23,31.98,32.05,58144.625
1684785600000,32.05,32.17,31.91,32.03,45828.381
1684800000000,32.04,32.71,31.87,32.64,98212.995
1684814400000,32.65,32.76,32.39,32.56,74032.07
1684828800000,32.57,32.64,32.46,32.62,50185.657
1684843200000,32.61,32.62,32.2,32.34,79503.988
1684857600000,32.35,32.39,32.17,32.32,55158.476
1684872000000,32.31,32.39,32.18,32.24,31311.11
1684886400000,32.25,32.29,31.29,31.56,132601.465
1684900800000,31.55,31.79,31.39,31.41,94457.269
1684915200000,31.4,31.59,31.33,31.45,76308.763
1684929600000,31.45,31.57,30.35,31.06,268766.399
1684944000000,31.07,31.23,30.92,31.07,80020.04
1684958400000,31.07,31.26,30.9,30.94,60750.034
1684972800000,30.94,31.06,30.0,30.94,160788.165
1684987200000,30.94,31.81,30.89,31.15,226881.786
1685001600000,31.16,31.31,31.08,31.28,69539.431
1685016000000,31.29,31.5,31.21,31.25,85655.665
1685030400000,31.26,31.62,31.15,31.53,107190.246
1685044800000,31.52,31.54,31.16,31.22,44480.82
1685059200000,31.22,31.25,30.99,31.22,72514.988
1685073600000,31.22,31.28,30.99,31.16,74905.378
1685088000000,31.17,31.43,31.11,31.39,62403.382
1685102400000,31.39,31.81,31.32,31.56,111969.886
1685116800000,31.57,32.9,31.5,32.74,445945.302
1685131200000,32.74,33.04,32.54,32.55,238114.491
1685145600000,32.55,32.6,32.37,32.54,133498.774
1685160000000,32.55,32.8,32.48,32.62,99951.235
1685174400000,32.63,32.73,32.32,32.37,88378.588
1685188800000,32.37,32.55,32.16,32.4,83018.689
1685203200000,32.4,32.49,32.28,32.36,69385.122
1685217600000,32.37,32.88,32.32,32.85,65655.029
1685232000000,32.85,33.3,32.58,33.26,113901.801
1685246400000,33.26,33.39,33.15,33.3,68415.618
1685260800000,33.31,33.43,33.13,33.14,70502.778
1685275200000,33.14,33.22,32.93,33.12,75532.345
1685289600000,33.12,33.7,33.03,33.61,102842.759
1685304000000,33.61,34.48,33.54,34.18,164904.404
1685318400000,34.18,34.29,33.72,33.75,108180.208
1685332800000,33.75,34.06,33.58,33.93,71186.785
1685347200000,33.93,33.95,33.63,33.77,75028.25
1685361600000,33.77,33.93,33.46,33.51,91457.538
1685376000000,33.5,33.89,33.37,33.83,106585.285
1685390400000,33.83,33.86,33.36,33.62,75138.567
1685404800000,33.61,33.97,33.42,33.8,71413.134
1685419200000,33.81,33.88,33.5,33.53,71867.382
1685433600000,33.53,34.0,33.53,33.97,64405.581
1685448000000,33.96,34.0,33.43,33.65,87960.522
1685462400000,33.66,33.89,33.43,33.87,73887.781
1685476800000,33.88,34.19,33.83,33.84,107591.746
1685491200000,33.85,34.07,33.51,33.8,86795.102
1685505600000,33.8,33.81,32.86,32.92,150850.201
1685520000000,32.91,32.99,32.55,32.91,176360.861
1685534400000,32.9,32.93,32.07,32.14,182497.01
1685548800000,32.14,32.4,32.02,32.14,91435.911
1685563200000,32.14,32.31,31.96,32.18,92431.765
1685577600000,32.19,32.35,31.36,31.87,147685.187
1685592000000,31.88,31.94,31.7,31.83,61157.158
1685606400000,31.83,32.08,31.74,31.96,67834.265
1685620800000,31.97,32.09,31.78,31.84,76758.849
1685635200000,31.84,32.13,31.59,31.82,98642.369
1685649600000,31.81,31.87,31.34,31.51,54489.587
1685664000000,31.52,32.0,31.2,31.95,90835.224
1685678400000,31.95,32.27,31.93,32.01,73918.685
1685692800000,32.02,32.19,32.01,32.13,45972.39
1685707200000,32.14,32.17,31.61,31.95,87958.15
1685721600000,31.96,32.02,31.81,31.97,44319.926
1685736000000,31.97,32.17,31.88,32.14,47363.25
1685750400000,32.15,32.15,31.84,31.9,38995.412
1685764800000,31.9,32.04,31.81,32.01,31640.857
1685779200000,32.02,32.21,31.98,32.15,35817.948
1685793600000,32.15,32.38,32.0,32.37,53411.378
1685808000000,32.37,32.41,31.95,32.04,61655.372
1685822400000,32.03,32.28,31.99,32.24,34726.009
1685836800000,32.24,32.33,32.04,32.25,41271.039
1685851200000,32.26,32.32,32.12,32.24,32421.268
1685865600000,32.25,32.35,32.14,32.24,47038.449
1685880000000,32.24,32.3,32.12,32.22,39810.131
1685894400000,32.22,32.28,31.99,32.15,49310.482
1685908800000,32.15,32.35,31.8,31.93,75763.178
1685923200000,31.93,31.93,31.34,31.38,125524.06
1685937600000,31.38,31.79,31.33,31.78,61160.371
1685952000000,31.78,31.8,31.39,31.55,71003.803
1685966400000,31.55,31.57,29.2,29.36,260771.264
1685980800000,29.32,29.72,28.13,29.2,460528.576
1685995200000,29.19,29.47,29.02,29.29,90807.411
1686009600000,29.3,29.46,29.02,29.25,83944.853
1686024000000,29.25,29.88,29.23,29.43,168485.949
1686038400000,29.44,29.6,29.34,29.5,70045.142
1686052800000,29.51,29.92,29.04,29.66,198630.738
1686067200000,29.66,30.35,29.56,30.28,133234.709
1686081600000,30.28,30.3,29.94,30.04,84614.345
1686096000000,30.05,30.05,29.59,29.76,95848.678
1686110400000,29.76,29.96,29.47,29.49,60014.967
1686124800000,29.49,29.55,28.76,29.31,117334.516
1686139200000,29.31,29.36,28.63,28.79,158839.106
1686153600000,28.78,29.08,28.56,29.04,101638.048
1686168000000,29.04,29.07,28.53,28.75,74329.056
1686182400000,28.75,28.92,28.22,28.44,90148.713
1686196800000,28.43,28.9,28.42,28.8,54539.911
1686211200000,28.81,29.12,28.78,29.05,57978.751
1686225600000,29.06,29.35,29.01,29.24,86805.661
1686240000000,29.24,29.25,28.88,29.14,51964.785
1686254400000,29.13,29.31,28.9,28.97,59192.095
1686268800000,28.97,29.08,28.69,28.92,56830.155
1686283200000,28.92,29.09,28.8,28.83,35415.881
1686297600000,28.84,29.14,28.81,29.07,36403.08
1686312000000,29.06,29.21,28.89,28.92,49543.141
1686326400000,28.93,29.18,28.64,28.67,64698.781
1686340800000,28.66,29.03,28.61,29.0,87723.116
1686355200000,28.99,29.04,27.4,27.6,237289.375
1686369600000,27.6,28.15,21.37,23.81,1219064.662
1686384000000,23.8,24.08,23.68,23.99,222157.606
1686398400000,23.99,23.99,23.37,23.45,199625.246
1686412800000,23.45,24.22,23.03,24.07,298225.915
1686427200000,24.06,24.16,23.75,23.96,135184.293
1686441600000,23.97,24.02,23.47,23.72,147112.64
1686456000000,23.73,23.95,23.49,23.85,95366.401
1686470400000,23.85,23.96,23.7,23.9,83623.921
1686484800000,23.89,24.08,23.71,24.05,104524.755
1686499200000,24.06,25.29,24.03,25.17,193997.645
1686513600000,25.17,25.36,24.34,24.72,177774.937
1686528000000,24.73,24.82,23.87,24.23,226778.275
1686542400000,24.24,24.54,24.16,24.18,116307.541
1686556800000,24.17,24.72,24.12,24.71,121526.786
1686571200000,24.7,24.9,24.36,24.79,115537.319
1686585600000,24.78,24.9,24.43,24.84,131677.432
1686600000000,24.83,25.17,24.8,25.17,66576.235
1686614400000,25.16,25.53,24.87,25.4,123498.623
1686628800000,25.41,25.66,25.21,25.6,80498.907
1686643200000,25.6,25.79,25.35,25.6,123978.582
1686657600000,25.6,25.77,24.84,24.92,243298.447
1686672000000,24.93,25.39,24.92,25.32,80022.556
1686686400000,25.32,25.48,25.21,25.38,64518.286
1686700800000,25.38,25.41,25.14,25.32,66271.91
1686715200000,25.32,25.42,25.19,25.22,69228.624
1686729600000,25.23,25.38,25.23,25.27,53766.248
1686744000000,25.26,25.57,25.08,25.45,129988.409
1686758400000,25.45,25.64,25.02,25.45,155201.934
1686772800000,25.44,25.45,23.91,24.43,294381.236
1686787200000,24.43,24.69,24.33,24.54,65952.126
1686801600000,24.54,24.69,24.35,24.42,98287.843
1686816000000,24.42,24.67,24.21,24.62,99264.18
1686830400000,24.62,24.89,24.58,24.71,97336.807
1686844800000,24.72,24.98,24.1,24.87,158062.812
1686859200000,24.87,25.14,24.69,24.76,85403.626
1686873600000,24.76,24.76,24.48,24.64,59428.625
1686888000000,24.64,24.66,24.28,24.29,70639.222
1686902400000,24.29,24.42,23.88,24.05,172535.422
1686916800000,24.05,24.57,23.97,24.54,210665.142
1686931200000,24.54,25.16,24.47,24.9,158359.187
1686945600000,24.91,25.29,24.8,25.2,96804.539
1686960000000,25.2,25.5,25.08,25.49,98061.296
1686974400000,25.5,26.38,25.48,25.87,168187.897
1686988800000,25.88,26.09,25.86,25.89,67961.333
1687003200000,25.89,26.03,25.27,25.41,149206.64
1687017600000,25.41,25.58,25.3,25.43,61312.907
1687032000000,25.42,25.56,25.3,25.54,70010.83
1687046400000,25.54,25.77,25.36,25.71,72356.792
1687060800000,25.7,26.03,25.7,25.84,87820.083
1687075200000,25.84,26.15,25.74,26.12,64136.939
1687089600000,26.11,26.32,25.99,26.16,90670.786
1687104000000,26.17,26.52,26.15,26.51,114040.1
1687118400000,26.51,26.52,25.55,25.73,197647.133
1687132800000,25.73,25.84,25.5,25.75,73222.647
1687147200000,25.75,26.16,25.74,26.12,98294.092
1687161600000,26.13,26.3,25.96,26.2,105208.034
1687176000000,26.2,26.42,26.08,26.28,101566.366
1687190400000,26.29,26.7,26.05,26.18,183863.338
1687204800000,26.18,26.28,26.01,26.24,61524.662
1687219200000,26.23,26.72,26.18,26.6,142987.116
1687233600000,26.6,26.74,26.41,26.41,77314.734
1687248000000,26.42,26.69,26.36,26.55,117448.979
1687262400000,26.55,26.57,25.98,26.19,139791.107
1687276800000,26.19,26.5,25.74,26.5,220175.042
1687291200000,26.5,26.57,26.18,26.41,107986.885
1687305600000,26.41,27.09,26.29,26.91,117129.934
1687320000000,26.92,27.56,26.78,27.4,161492.606
1687334400000,27.4,27.48,26.82,27.04,193406.105
1687348800000,27.04,27.24,26.76,27.09,142391.921
1687363200000,27.08,27.68,26.87,27.17,246226.38
1687377600000,27.18,27.52,26.92,27.29,125095.117
1687392000000,27.29,28.07,27.27,27.71,149099.369
1687406400000,27.72,27.83,27.08,27.39,137103.954
1687420800000,27.4,27.55,26.17,26.68,219564.825
1687435200000,26.69,27.06,26.24,26.7,160896.238
1687449600000,26.71,26.98,26.55,26.67,79938.288
1687464000000,26.66,26.68,26.09,26.13,81082.697
1687478400000,26.13,26.83,26.09,26.77,115313.368
1687492800000,26.77,27.47,26.72,27.46,107756.294
1687507200000,27.47,27.68,27.2,27.42,242150.151
1687521600000,27.42,27.99,27.12,27.93,228737.993
1687536000000,27.93,29.95,27.87,29.57,700422.997
1687550400000,29.56,29.65,28.53,28.74,244163.734
1687564800000,28.74,29.39,28.32,29.33,233040.081
1687579200000,29.33,29.66,28.77,28.82,210433.768
1687593600000,28.83,29.24,28.6,29.21,159621.722
1687608000000,29.21,29.53,28.08,28.51,263678.918
1687622400000,28.52,28.75,28.04,28.68,125835.332
1687636800000,28.68,29.49,28.56,29.4,118490.368
1687651200000,29.4,30.95,29.27,30.61,242247.195
1687665600000,30.6,31.26,30.15,31.01,289758.205
1687680000000,31.02,31.15,30.08,30.15,145584.774
1687694400000,30.15,30.37,29.42,30.33,187398.437
1687708800000,30.32,30.54,29.77,30.01,120978.316
1687723200000,30.01,30.53,29.74,30.49,75556.166
1687737600000,30.49,30.56,29.65,29.94,192229.402
1687752000000,29.95,30.44,29.83,30.32,112401.636
1687766400000,30.32,30.76,30.03,30.71,139055.24
1687780800000,30.71,32.1,30.63,31.51,590339.982
1687795200000,31.51,31.51,30.04,30.24,291825.714
1687809600000,30.23,30.45,29.78,30.3,110423.428
1687824000000,30.31,30.8,30.26,30.49,133782.211
1687838400000,30.49,30.58,29.84,30.08,121644.65
1687852800000,30.09,30.53,29.75,30.44,153795.931
1687867200000,30.43,30.64,29.76,29.92,193802.017
1687881600000,29.93,30.43,29.86,30.25,86580.605
1687896000000,30.24,30.35,30.04,30.25,52700.801
1687910400000,30.25,30.27,29.34,29.69,142899.371
1687924800000,29.68,29.74,28.92,29.1,125619.719
1687939200000,29.09,29.39,29.04,29.19,67559.024
1687953600000,29.2,29.62,29.06,29.52,110071.892
1687968000000,29.52,29.59,27.53,28.68,211005.703
1687982400000,28.67,28.98,28.58,28.86,75975.751
1687996800000,28.87,29.42,28.83,29.41,61585.119
1688011200000,29.42,30.34,29.35,30.27,297335.159
1688025600000,30.27,30.63,30.11,30.43,226954.66
1688040000000,30.42,30.47,29.45,29.49,253995.773
1688054400000,29.48,29.72,29.2,29.4,73300.851
1688068800000,29.4,29.7,29.19,29.59,82956.498
1688083200000,29.58,32.51,29.52,31.98,421608.587
1688097600000,31.98,33.0,31.98,32.56,424025.63
1688112000000,32.57,34.05,32.48,33.96,618038.493
1688126400000,33.95,34.27,30.13,32.35,800171.132
1688140800000,32.35,34.68,32.11,33.21,549988.478
1688155200000,33.2,33.9,32.51,33.77,226618.202
1688169600000,33.77,34.71,33.45,33.93,490932.402
1688184000000,33.94,34.06,33.04,33.68,257154.322
1688198400000,33.69,34.01,33.07,33.32,207763.944
1688212800000,33.32,34.55,33.3,34.16,238572.795
1688227200000,34.16,34.33,33.81,34.27,132925.499
1688241600000,34.27,34.66,33.87,34.02,111914.145
1688256000000,34.01,34.1,32.58,32.78,204471.091
1688270400000,32.79,34.04,32.68,33.68,149968.327
1688284800000,33.67,33.69,33.22,33.48,113553.58
1688299200000,33.49,33.54,32.48,33.01,151022.615
1688313600000,33.01,33.08,32.21,32.43,111750.975
1688328000000,32.42,32.88,32.28,32.78,118461.04
1688342400000,32.77,34.1,32.53,33.97,186643.354
1688356800000,33.96,34.02,33.28,33.66,160513.615
1688371200000,33.66,34.33,33.48,33.57,205107.397
1688385600000,33.57,33.91,33.09,33.52,274882.936
1688400000000,33.52,33.7,33.02,33.61,143255.559
1688414400000,33.61,33.68,33.0,33.23,81683.054
1688428800000,33.22,33.61,33.02,33.6,79199.414
1688443200000,33.6,33.6,32.75,32.83,91841.644
1688457600000,32.83,33.22,32.33,33.18,143593.17
1688472000000,33.19,33.5,32.63,32.84,146406.833
1688486400000,32.84,33.33,32.71,32.97,142022.993
1688500800000,32.97,33.93,32.93,33.14,155528.262
1688515200000,33.14,33.37,32.8,33.25,97877.203
1688529600000,33.26,33.89,33.09,33.79,127974.372
1688544000000,33.79,34.32,32.53,32.8,537933.888
1688558400000,32.8,32.9,31.27,31.44,305571.766
1688572800000,31.43,32.24,31.28,31.48,161986.115
1688587200000,31.48,31.91,31.33,31.76,80251.132
1688601600000,31.77,31.82,31.14,31.47,136164.53
1688616000000,31.47,32.76,31.23,32.65,195746.203
1688630400000,32.65,33.33,32.26,32.58,284499.074
1688644800000,32.57,32.68,30.63,31.52,355483.218
1688659200000,31.52,31.8,30.93,31.04,127119.381
1688673600000,31.03,31.26,30.3,30.35,137031.896
1688688000000,30.35,31.3,30.0,31.18,143089.281
1688702400000,31.19,31.37,30.74,30.84,109145.831
1688716800000,30.85,31.25,30.71,31.03,95440.052
1688731200000,31.03,31.45,30.74,31.05,161745.491
1688745600000,31.06,31.09,29.87,30.23,194784.719
1688760000000,30.24,30.54,29.16,29.56,399404.09
1688774400000,29.56,29.78,29.3,29.47,190334.496
1688788800000,29.47,29.66,28.75,28.96,319998.832
1688803200000,28.95,29.28,28.56,28.85,258275.067
1688817600000,28.84,28.95,28.45,28.72,218279.562
1688832000000,28.71,28.9,27.73,27.96,356674.848
1688846400000,27.95,28.84,27.88,28.74,175066.113
1688860800000,28.73,29.1,28.53,28.73,170420.671
1688875200000,28.73,28.83,28.34,28.51,110422.935
1688889600000,28.52,28.81,28.35,28.53,127203.062
1688904000000,28.53,28.87,28.38,28.79,122330.868
1688918400000,28.79,29.13,28.57,28.67,118368.885
1688932800000,28.67,28.71,28.4,28.52,95538.701
1688947200000,28.52,28.78,27.4,28.72,279659.609
1688961600000,28.71,29.15,28.52,28.78,216418.752
1688976000000,28.79,29.09,28.47,28.83,206389.416
1688990400000,28.83,28.93,28.34,28.84,178165.792
1689004800000,28.84,29.37,28.74,29.33,152132.488
1689019200000,29.34,29.51,28.66,28.86,149263.541
1689033600000,28.87,29.08,28.49,28.84,128852.872
1689048000000,28.85,29.21,28.79,29.08,109205.302
1689062400000,29.08,29.08,28.74,28.95,101255.218
1689076800000,28.95,29.01,28.52,28.8,111817.81
1689091200000,28.8,28.8,28.41,28.57,86273.067
1689105600000,28.57,28.97,28.57,28.93,60722.317
1689120000000,28.94,29.25,28.76,29.0,101131.516
1689134400000,28.99,29.53,28.98,29.52,90091.663
1689148800000,29.52,29.6,29.15,29.59,122092.105
1689163200000,29.59,29.82,28.88,28.9,171790.404
1689177600000,28.9,29.06,28.34,28.56,133027.728
1689192000000,28.55,29.24,28.53,29.21,95615.125
1689206400000,29.21,29.44,28.88,29.15,116663.392
1689220800000,29.15,30.08,29.04,29.87,226116.971
1689235200000,29.87,30.45,29.69,30.2,208624.917
1689249600000,30.19,30.75,29.8,30.39,363819.147
1689264000000,30.39,31.99,30.23,31.8,544576.814
1689278400000,31.79,33.05,31.4,32.86,306858.1
1689292800000,32.86,33.62,32.63,33.03,296523.312
1689307200000,33.03,33.08,32.26,32.43,183515.057
1689321600000,32.44,32.54,31.93,32.31,150913.761
1689336000000,32.32,32.64,32.03,32.41,116943.686
1689350400000,32.42,32.79,30.41,30.92,468403.126
1689364800000,30.92,31.89,30.71,31.83,146276.426
1689379200000,31.83,31.89,31.28,31.35,89832.362
1689393600000,31.34,32.28,31.23,31.97,99195.286
1689408000000,31.98,32.05,31.48,31.78,149478.303
1689422400000,31.78,31.83,31.28,31.36,98470.713
1689436800000,31.36,31.75,31.17,31.27,84745.866
1689451200000,31.27,31.27,30.94,31.24,56575.354
1689465600000,31.23,31.43,30.44,30.66,101840.622
1689480000000,30.66,31.18,30.6,31.07,73510.842
1689494400000,31.06,31.2,30.88,31.14,54255.431
1689508800000,31.15,31.59,31.02,31.29,125347.705
1689523200000,31.29,31.29,30.8,30.86,100562.144
1689537600000,30.87,31.36,30.67,30.81,93809.853
1689552000000,30.82,31.71,30.66,31.65,122419.767
1689566400000,31.66,32.11,31.38,31.83,150018.532
1689580800000,31.82,32.14,30.15,31.28,283108.492
1689595200000,31.28,32.54,31.0,31.83,257819.434
1689609600000,31.82,32.06,31.11,31.85,282465.39
1689624000000,31.85,32.5,31.62,32.4,123315.534
1689638400000,32.4,32.94,32.01,32.05,186010.634
1689652800000,32.04,32.19,30.95,31.41,248898.873
1689667200000,31.41,31.68,30.79,30.96,145891.114
1689681600000,30.95,31.44,30.72,31.21,149425.925
1689696000000,31.21,31.37,30.48,30.87,116416.78
1689710400000,30.86,31.27,30.81,31.19,58893.845
1689724800000,31.2,31.64,31.05,31.43,96884.273
1689739200000,31.43,31.74,31.34,31.47,85812.678
1689753600000,31.48,31.49,31.09,31.33,79623.095
1689768000000,31.33,31.48,30.85,31.12,148097.821
1689782400000,31.12,31.81,31.03,31.74,130023.014
1689796800000,31.75,31.82,31.22,31.29,92638.132
1689811200000,31.3,31.66,31.1,31.29,68549.77
1689825600000,31.3,31.64,31.19,31.56,59831.366
1689840000000,31.55,32.16,31.44,31.89,131642.35
1689854400000,31.88,32.01,30.91,31.1,178104.6
1689868800000,31.09,31.23,30.5,30.82,122899.392
1689883200000,30.83,31.35,30.51,31.17,80584.578
1689897600000,31.18,31.97,30.94,31.85,109069.821
1689912000000,31.85,31.94,31.04,31.21,91805.85
1689926400000,31.22,31.35,31.07,31.28,54693.0
1689940800000,31.28,31.56,31.21,31.42,67793.518
1689955200000,31.42,31.68,31.23,31.42,75343.877
1689969600000,31.42,31.58,31.21,31.43,53376.494
1689984000000,31.44,31.94,31.42,31.85,51071.629
1689998400000,31.85,32.08,31.68,31.81,84683.134
1690012800000,31.81,32.02,31.44,31.66,101343.9
1690027200000,31.67,31.74,31.4,31.68,70810.436
1690041600000,31.68,31.77,31.42,31.69,67666.277
1690056000000,31.69,31.9,30.87,31.35,157694.373
1690070400000,31.36,31.92,31.0,31.9,102451.751
1690084800000,31.9,32.49,31.77,31.85,176156.665
1690099200000,31.85,32.17,31.66,31.67,94472.418
1690113600000,31.68,31.81,31.5,31.62,91930.108
1690128000000,31.62,32.2,31.61,31.95,80239.86
1690142400000,31.94,32.12,31.55,31.74,54458.912
1690156800000,31.73,31.78,31.08,31.09,93535.935
1690171200000,31.1,31.42,30.82,31.36,98014.483
1690185600000,31.36,31.39,28.76,30.67,262086.256
1690200000000,30.67,31.05,30.41,30.54,124854.82
1690214400000,30.55,30.56,30.02,30.2,90681.652
1690228800000,30.2,30.21,29.83,29.9,63612.015
1690243200000,29.9,30.14,29.7,29.87,67006.144
1690257600000,29.88,30.02,29.69,29.8,61497.428
1690272000000,29.79,30.08,29.53,29.58,69899.225
1690286400000,29.59,30.13,29.47,29.94,91917.75
1690300800000,29.94,30.23,29.78,29.83,76866.796
1690315200000,29.83,30.07,29.68,29.79,31823.383
1690329600000,29.79,29.99,29.32,29.86,67020.09
1690344000000,29.86,29.95,29.63,29.72,54919.952
1690358400000,29.72,29.83,29.54,29.67,33866.567
1690372800000,29.67,30.04,29.55,29.92,84063.808
1690387200000,29.91,30.2,29.54,30.18,93458.648
1690401600000,30.19,30.59,29.88,29.97,99085.208
1690416000000,29.96,30.25,29.75,30.12,61135.388
1690430400000,30.12,30.35,30.01,30.17,62152.168
1690444800000,30.17,30.53,30.13,30.23,79261.973
1690459200000,30.22,30.26,29.81,30.0,57305.157
1690473600000,30.0,30.09,29.63,29.76,70883.603
1690488000000,29.76,30.16,29.7,30.07,39252.138
1690502400000,30.07,30.5,29.98,30.31,82498.033
1690516800000,30.31,30.44,30.09,30.23,64033.286
1690531200000,30.22,30.32,30.06,30.08,50777.965
1690545600000,30.07,30.85,30.07,30.6,95777.772
1690560000000,30.59,30.73,30.36,30.53,42320.408
1690574400000,30.53,30.82,30.45,30.62,33525.274
1690588800000,30.63,30.76,30.52,30.55,36894.205
1690603200000,30.54,30.72,30.45,30.46,37246.142
1690617600000,30.47,30.48,30.24,30.26,31134.237
1690632000000,30.26,30.62,30.22,30.4,58670.218
1690646400000,30.4,30.44,30.25,30.35,45520.725
1690660800000,30.36,30.49,30.33,30.37,27259.0
1690675200000,30.37,30.44,30.19,30.27,42889.494
1690689600000,30.26,30.31,30.01,30.1,41653.042
1690704000000,30.1,30.17,29.93,30.03,45867.148
1690718400000,30.03,30.28,29.95,30.12,70385.63
1690732800000,30.11,30.17,29.12,29.44,99356.505
1690747200000,29.43,29.97,28.61,29.88,127037.745
1690761600000,29.87,30.38,29.75,30.3,81082.418
1690776000000,30.31,30.38,30.05,30.12,60928.399
1690790400000,30.13,30.35,30.12,30.23,41578.455
1690804800000,30.23,30.4,29.66,29.77,94609.964
1690819200000,29.77,30.16,29.63,29.85,103988.033
1690833600000,29.86,30.34,29.64,30.28,81930.991
1690848000000,30.29,30.44,29.11,29.46,123897.861
1690862400000,29.46,29.84,29.43,29.64,66204.357
1690876800000,29.64,29.86,29.59,29.62,50744.875
1690891200000,29.62,30.17,29.55,30.1,92895.514
1690905600000,30.11,30.28,29.86,30.17,53121.386
1690920000000,30.18,30.54,30.03,30.52,49598.306
1690934400000,30.52,30.73,30.14,30.14,107575.438
1690948800000,30.14,30.17,29.8,29.88,66495.601
1690963200000,29.88,30.14,29.82,29.99,69245.479
1690977600000,29.98,30.06,29.58,29.82,100487.346
1690992000000,29.82,29.92,29.23,29.62,99737.923
1691006400000,29.62,29.74,29.54,29.64,30447.523
1691020800000,29.64,29.77,29.53,29.54,33564.069
1691035200000,29.55,29.76,29.35,29.48,56211.661
1691049600000,29.49,29.66,29.34,29.53,64054.209
1691064000000,29.54,29.98,29.33,29.86,65389.67
1691078400000,29.86,29.99,29.62,29.86,61780.978
1691092800000,29.87,29.98,29.44,29.66,54390.142
1691107200000,29.66,29.82,29.58,29.63,32396.363
1691121600000,29.64,29.74,29.42,29.59,42148.556
1691136000000,29.59,29.66,29.25,29.31,65183.257
1691150400000,29.31,29.65,29.26,29.53,56476.855
1691164800000,29.53,29.66,28.95,29.19,55017.761
1691179200000,29.19,29.26,28.76,29.09,49312.119
1691193600000,29.1,29.1,28.72,29.02,44309.536
1691208000000,29.03,29.07,28.74,28.94,40505.224
1691222400000,28.95,29.12,28.82,28.92,28757.725
1691236800000,28.93,29.05,28.64,28.91,59129.638
1691251200000,28.91,29.07,28.81,29.07,31707.006
1691265600000,29.07,29.28,28.92,29.24,38530.977
1691280000000,29.24,29.79,29.2,29.59,69150.007
1691294400000,29.6,29.66,29.48,29.48,33095.661
1691308800000,29.47,29.67,29.34,29.62,53182.621
1691323200000,29.61,29.65,29.22,29.36,48868.944
1691337600000,29.36,29.48,29.25,29.34,43226.883
1691352000000,29.34,29.65,29.3,29.35,27402.905
1691366400000,29.34,29.64,29.16,29.51,58409.719
1691380800000,29.52,29.6,29.24,29.48,33818.118
1691395200000,29.47,29.61,29.35,29.58,40539.159
1691409600000,29.59,29.69,29.15,29.2,104281.637
1691424000000,29.2,29.28,28.69,29.11,85183.08
1691438400000,29.11,29.23,29.0,29.17,23645.126
1691452800000,29.18,29.28,29.07,29.15,30426.147
1691467200000,29.15,29.69,29.15,29.18,93939.839
1691481600000,29.18,29.63,29.16,29.55,72107.344
1691496000000,29.54,29.66,29.33,29.57,52163.282
1691510400000,29.57,29.92,29.51,29.61,61448.681
1691524800000,29.6,29.9,29.49,29.51,42315.9
1691539200000,29.51,29.61,29.2,29.47,55504.474
1691553600000,29.46,29.59,29.39,29.5,37631.468
1691568000000,29.5,29.66,29.46,29.57,43199.14
1691582400000,29.56,29.71,29.4,29.47,58934.341
1691596800000,29.47,29.55,29.31,29.41,54010.73
1691611200000,29.42,29.56,29.22,29.49,32660.363
1691625600000,29.5,29.61,29.42,29.52,23772.516
1691640000000,29.52,29.59,29.42,29.46,34300.934
1691654400000,29.46,29.81,29.43,29.52,56211.436
1691668800000,29.52,29.86,29.51,29.63,55798.483
1691683200000,29.63,29.65,29.37,29.52,50759.417
1691697600000,29.52,29.53,29.35,29.45,23294.312
1691712000000,29.46,29.52,29.29,29.42,25456.253
1691726400000,29.42,29.5,29.36,29.48,19265.273
1691740800000,29.48,29.53,29.38,29.45,17425.959
1691755200000,29.46,29.82,29.45,29.55,81831.693
1691769600000,29.56,29.67,29.47,29.55,32009.085
1691784000000,29.55,29.62,29.5,29.62,23467.002
1691798400000,29.62,29.8,29.46,29.52,40889.546
1691812800000,29.51,29.57,29.46,29.54,25255.724
1691827200000,29.55,29.59,29.38,29.4,21164.739
1691841600000,29.41,29.52,29.37,29.38,21192.468
1691856000000,29.39,29.41,29.1,29.15,64480.756
1691870400000,29.15,29.29,29.06,29.21,35901.209
1691884800000,29.22,29.33,29.11,29.22,31446.751
1691899200000,29.23,29.53,29.09,29.5,38801.248
1691913600000,29.49,29.61,29.36,29.55,38639.779
1691928000000,29.56,29.79,29.5,29.75,62659.635
1691942400000,29.75,30.71,29.57,30.55,115429.033
1691956800000,30.56,30.61,29.66,29.92,112124.412
1691971200000,29.92,29.98,29.57,29.88,69617.636
1691985600000,29.87,30.07,29.74,29.82,49105.01
1692000000000,29.82,29.94,29.7,29.74,31596.29
1692014400000,29.73,29.98,29.55,29.87,64690.38
1692028800000,29.87,29.89,29.39,29.52,62254.387
1692043200000,29.52,29.71,29.44,29.6,23588.731
1692057600000,29.6,29.61,29.31,29.33,33922.124
1692072000000,29.32,29.4,29.12,29.4,47153.31
1692086400000,29.39,29.56,29.17,29.17,41192.629
1692100800000,29.17,29.46,29.17,29.24,34184.624
1692115200000,29.25,29.49,26.22,27.54,248817.097
1692129600000,27.54,28.19,27.48,28.12,61569.694
1692144000000,28.12,28.18,27.82,27.87,36938.061
1692158400000,27.88,28.02,27.38,27.5,47908.367
1692172800000,27.49,27.59,27.21,27.54,62250.775
1692187200000,27.53,27.54,26.98,27.28,100055.987
1692201600000,27.28,27.5,26.99,27.15,85585.816
1692216000000,27.16,27.2,25.89,26.73,157040.938
1692230400000,26.73,27.1,26.09,26.92,82205.416
1692244800000,26.92,27.11,26.8,26.98,25465.886
1692259200000,26.98,27.02,26.83,26.87,25519.204
1692273600000,26.87,27.06,26.15,26.3,109871.923
1692288000000,26.31,26.75,26.12,26.69,59721.066
1692302400000,26.7,26.72,21.58,24.3,559062.068
1692316800000,24.3,24.8,24.24,24.41,139806.627
1692331200000,24.41,25.01,24.21,24.74,107587.397
1692345600000,24.74,24.88,24.41,24.64,58537.799
1692360000000,24.64,24.73,24.34,24.42,63692.992
1692374400000,24.42,24.76,24.12,24.45,84181.342
1692388800000,24.46,24.61,24.27,24.37,45215.034
1692403200000,24.37,24.74,24.26,24.65,65296.065
1692417600000,24.66,24.74,24.45,24.64,36755.2
1692432000000,24.64,24.79,24.6,24.67,38542.531
1692446400000,24.67,25.04,24.64,25.01,36617.716
1692460800000,25.0,25.08,24.82,24.89,35862.507
1692475200000,24.89,24.92,24.72,24.89,40680.938
1692489600000,24.88,24.9,24.66,24.78,37397.402
1692504000000,24.77,24.89,24.68,24.88,22913.308
1692518400000,24.88,25.19,24.83,25.13,56435.619
1692532800000,25.12,25.2,24.77,24.97,35806.206
1692547200000,24.96,25.13,24.83,25.11,25695.233
1692561600000,25.11,25.49,25.06,25.09,52053.631
1692576000000,25.1,25.27,24.87,24.88,37654.404
1692590400000,24.88,25.09,24.71,24.72,31104.072
1692604800000,24.73,24.84,24.39,24.83,47458.133
1692619200000,24.82,24.92,24.02,24.43,74561.302
1692633600000,24.43,24.88,24.37,24.82,35426.267
1692648000000,24.82,24.92,24.74,24.83,28949.344
1692662400000,24.82,25.07,24.77,24.94,24776.929
1692676800000,24.93,25.53,24.81,25.43,55595.386
1692691200000,25.44,25.5,25.1,25.4,63795.151
1692705600000,25.39,25.43,24.85,25.04,126466.327
1692720000000,25.03,25.13,24.24,24.51,134331.112
1692734400000,24.51,25.09,24.05,24.97,89613.023
1692748800000,24.97,25.43,24.93,25.19,74339.166
1692763200000,25.18,25.48,25.13,25.19,59815.118
1692777600000,25.2,25.2,24.67,24.8,138380.984
1692792000000,24.79,24.96,24.61,24.93,113444.378
1692806400000,24.92,25.74,24.9,25.72,129859.467
1692820800000,25.71,25.86,25.33,25.46,51545.897
1692835200000,25.46,25.57,25.28,25.33,37775.252
1692849600000,25.33,25.38,25.06,25.24,44252.761
1692864000000,25.23,25.24,24.92,24.94,48789.237
1692878400000,24.94,24.95,24.51,24.54,112982.269
1692892800000,24.53,24.73,24.29,24.38,71247.611
1692907200000,24.39,24.76,24.01,24.74,72396.762
1692921600000,24.74,24.93,24.3,24.52,88381.587
1692936000000,24.52,24.67,24.27,24.64,57759.997
1692950400000,24.65,24.92,24.62,24.83,52649.856
1692964800000,24.83,25.03,24.62,24.96,115488.288
1692979200000,24.95,25.37,24.77,25.27,185390.299
1692993600000,25.27,25.28,24.83,24.99,105882.519
1693008000000,24.99,25.06,24.88,24.96,68251.589
1693022400000,24.95,25.01,24.77,24.8,35216.863
1693036800000,24.8,24.88,24.73,24.82,31014.521
1693051200000,24.81,24.85,24.64,24.77,45665.086
1693065600000,24.76,24.83,24.65,24.75,31709.58
1693080000000,24.74,24.87,24.72,24.87,29883.578
1693094400000,24.86,25.07,24.8,24.87,51769.279
1693108800000,24.87,24.95,24.68,24.78,37958.407
1693123200000,24.78,24.79,24.49,24.76,65949.429
1693137600000,24.75,24.93,24.6,24.89,52584.232
1693152000000,24.88,25.16,24.85,24.9,82884.42
1693166400000,24.89,25.09,24.67,25.09,56878.975
1693180800000,25.08,25.21,24.85,25.0,79689.326
1693195200000,25.0,25.22,24.66,24.94,86359.477
1693209600000,24.93,24.99,24.7,24.92,51184.925
1693224000000,24.91,25.38,24.87,25.06,98592.888
1693238400000,25.07,25.27,24.95,25.22,49978.292
1693252800000,25.22,25.4,25.16,25.34,42781.848
1693267200000,25.34,25.59,25.17,25.36,55288.43
1693281600000,25.36,25.54,25.12,25.15,72778.569
1693296000000,25.14,25.16,24.68,24.73,72057.816
1693310400000,24.74,27.03,24.69,26.19,498547.49
1693324800000,26.19,26.84,26.17,26.5,143240.367
1693339200000,26.51,26.68,26.26,26.37,72637.363
1693353600000,26.38,26.42,25.66,25.92,72926.546
1693368000000,25.91,26.21,25.9,26.04,54343.35
1693382400000,26.03,26.06,25.7,25.72,41967.198
1693396800000,25.72,25.93,25.4,25.61,119616.594
1693411200000,25.61,26.27,25.56,26.12,95884.166
1693425600000,26.13,26.25,26.03,26.23,37854.909
1693440000000,26.22,26.24,26.03,26.14,36991.045
1693454400000,26.14,26.24,25.86,25.87,49590.242
1693468800000,25.87,25.87,25.57,25.63,88588.894
1693483200000,25.64,25.65,24.94,25.11,151057.714
1693497600000,25.11,25.12,24.0,24.72,218433.888
1693512000000,24.73,24.82,24.4,24.75,55668.152
1693526400000,24.74,24.92,24.55,24.67,34395.973
1693540800000,24.68,24.84,24.51,24.8,51921.661
1693555200000,24.81,24.87,24.63,24.73,32272.338
1693569600000,24.74,24.85,24.26,24.52,81559.048
1693584000000,24.52,24.52,23.56,24.13,242966.173
1693598400000,24.14,24.38,24.08,24.2,42380.631
1693612800000,24.2,24.35,24.01,24.08,42451.978
1693627200000,24.09,24.45,24.04,24.44,38659.279
1693641600000,24.44,24.67,24.27,24.53,62979.31
1693656000000,24.53,24.61,24.26,24.49,45584.255
1693670400000,24.48,24.52,24.1,24.31,45953.633
1693684800000,24.31,24.72,24.28,24.71,36688.404
1693699200000,24.71,24.83,24.59,24.71,38511.072
1693713600000,24.71,25.0,24.7,24.84,49542.457
1693728000000,24.83,24.89,24.58,24.84,51081.473
1693742400000,24.84,24.99,24.73,24.79,45869.701
1693756800000,24.79,24.93,24.69,24.79,52800.738
1693771200000,24.78,24.85,24.62,24.73,29684.959
1693785600000,24.73,25.22,24.59,24.97,66509.264
1693800000000,24.98,25.06,24.46,24.47,66570.016
1693814400000,24.47,24.64,24.3,24.41,52826.678
1693828800000,24.4,24.59,24.21,24.48,73260.215
1693843200000,24.47,24.55,24.38,24.47,31007.293
1693857600000,24.48,24.54,24.1,24.5,48253.763
1693872000000,24.5,24.53,24.22,24.49,37779.312
1693886400000,24.49,24.73,24.49,24.65,34491.109
1693900800000,24.65,24.77,24.58,24.69,67209.439
1693915200000,24.69,24.81,24.46,24.73,81324.28
1693929600000,24.72,24.88,24.54,24.56,64999.814
1693944000000,24.56,24.66,24.49,24.61,35717.08
1693958400000,24.61,24.85,24.52,24.72,47893.357
1693972800000,24.73,24.88,24.6,24.77,45656.667
1693987200000,24.77,25.13,24.75,24.97,72954.419
1694001600000,24.96,25.02,24.68,24.82,66612.911
1694016000000,24.82,25.18,24.52,24.81,104082.894
1694030400000,24.81,25.16,24.81,25.14,29872.574
1694044800000,25.13,25.6,24.91,25.36,87218.944
1694059200000,25.36,25.4,25.09,25.18,42095.797
1694073600000,25.19,25.21,24.65,24.68,57257.943
1694088000000,24.68,25.02,24.66,24.96,78300.44
1694102400000,24.97,25.15,24.93,24.98,56363.434
1694116800000,24.97,25.4,24.95,25.33,63229.352
1694131200000,25.32,25.44,25.05,25.27,53036.564
1694145600000,25.27,25.96,25.16,25.29,117098.629
1694160000000,25.29,25.29,24.72,25.06,106235.792
1694174400000,25.07,25.46,25.02,25.18,88001.475
1694188800000,25.19,25.2,24.72,24.81,88412.733
1694203200000,24.8,25.03,24.8,25.02,35477.697
1694217600000,25.02,25.17,24.92,25.15,33475.578
1694232000000,25.15,25.31,25.08,25.28,52717.585
1694246400000,25.28,25.44,25.25,25.39,51907.473
1694260800000,25.39,25.42,25.16,25.37,39586.042
1694275200000,25.38,25.42,25.2,25.38,24092.325
1694289600000,25.39,25.41,25.3,25.34,13918.132
1694304000000,25.35,25.35,25.03,25.08,38736.765
1694318400000,25.08,25.08,24.08,24.78,144291.866
1694332800000,24.79,24.79,24.49,24.61,46783.194
1694347200000,24.62,24.85,24.34,24.63,67378.368
1694361600000,24.63,24.71,24.22,24.59,70447.501
1694376000000,24.59,24.92,24.5,24.77,48057.969
1694390400000,24.78,25.14,24.63,25.1,54263.205
1694404800000,25.1,25.13,24.81,24.82,47485.909
1694419200000,24.82,24.85,23.69,24.29,134674.448
1694433600000,24.29,24.63,24.21,24.55,126488.641
1694448000000,24.56,24.67,23.88,24.01,85311.458
1694462400000,24.01,24.58,23.93,24.56,65922.149
1694476800000,24.56,25.63,24.53,25.45,147776.165
1694491200000,25.46,25.62,24.79,25.0,88663.146
1694505600000,25.01,25.66,24.9,25.06,105663.681
1694520000000,25.07,25.1,24.77,24.87,68867.26
1694534400000,24.87,25.08,24.48,25.07,120628.706
1694548800000,25.06,25.1,24.72,24.76,42451.1
1694563200000,24.76,24.97,24.72,24.82,48333.583
1694577600000,24.81,25.45,24.7,24.99,106463.979
1694592000000,24.98,25.4,24.92,25.37,80591.313
1694606400000,25.37,25.69,25.15,25.51,102568.424
1694620800000,25.5,25.72,25.33,25.53,98566.417
1694635200000,25.53,25.56,25.28,25.32,22987.914
1694649600000,25.31,25.61,25.14,25.24,66891.305
1694664000000,25.24,25.63,25.12,25.56,68191.675
1694678400000,25.56,25.8,25.44,25.63,56816.357
1694692800000,25.64,25.77,25.35,25.64,91016.384
1694707200000,25.64,25.68,25.33,25.4,45207.182
1694721600000,25.39,25.48,25.21,25.31,32811.175
1694736000000,25.31,25.6,25.17,25.56,40612.543
1694750400000,25.56,25.88,25.53,25.73,55161.24
1694764800000,25.72,25.82,25.44,25.46,56410.017
1694779200000,25.46,25.58,25.26,25.42,52579.449
1694793600000,25.43,25.75,25.33,25.68,51060.16
1694808000000,25.69,26.24,25.67,26.06,97971.883
1694822400000,26.07,26.5,26.03,26.06,75622.619
1694836800000,26.06,26.41,25.95,26.39,67417.314
1694851200000,26.38,26.39,26.08,26.18,35634.082
1694865600000,26.18,26.21,25.79,25.94,45537.844
1694880000000,25.95,26.11,25.87,25.9,36537.94
1694894400000,25.9,26.07,25.9,26.03,24491.191
1694908800000,26.02,26.06,25.25,25.73,119637.599
1694923200000,25.74,25.88,25.64,25.75,31052.417
1694937600000,25.74,25.97,25.67,25.81,31629.183
1694952000000,25.8,25.91,25.65,25.8,30998.344
1694966400000,25.81,25.83,25.34,25.55,53586.341
1694980800000,25.55,25.56,25.04,25.44,58011.362
1694995200000,25.44,25.79,25.2,25.71,65933.714
1695009600000,25.71,25.94,25.51,25.59,66797.547
1695024000000,25.6,26.07,25.47,26.06,89940.053
1695038400000,26.07,26.22,25.91,26.0,74306.003
1695052800000,25.99,26.1,25.54,25.61,84552.748
1695067200000,25.61,25.62,25.3,25.35,43177.646
1695081600000,25.35,25.61,25.24,25.55,50336.261
1695096000000,25.56,25.88,25.5,25.85,53277.528
1695110400000,25.85,26.15,25.76,25.85,77002.958
1695124800000,25.86,26.09,25.56,26.02,80212.296
1695139200000,26.03,26.08,25.6,25.65,38669.921
1695153600000,25.64,25.83,25.41,25.78,42643.846
1695168000000,25.79,26.01,25.67,25.82,59860.263
1695182400000,25.84,25.99,25.75,25.88,39988.19
1695196800000,25.88,26.24,25.76,25.93,115066.267
1695211200000,25.92,26.08,25.8,25.95,98029.735
1695225600000,25.96,26.26,25.64,25.94,87981.662
1695240000000,25.95,26.18,25.93,26.1,35036.109
1695254400000,26.09,26.29,26.01,26.2,61903.363
1695268800000,26.2,26.33,25.95,26.13,49322.677
1695283200000,26.12,26.2,25.61,25.84,84307.146
1695297600000,25.84,26.19,25.59,26.13,66252.188
1695312000000,26.12,26.15,25.89,26.12,49045.618
1695326400000,26.11,26.19,25.83,26.06,60054.625
1695340800000,26.07,26.38,25.82,26.33,70391.6
1695355200000,26.34,26.39,25.93,26.16,102160.067
1695369600000,26.17,26.42,26.13,26.25,40013.264
1695384000000,26.26,26.48,26.16,26.36,39656.445
1695398400000,26.36,26.58,26.21,26.49,76231.833
1695412800000,26.48,26.77,26.45,26.69,64243.864
1695427200000,26.69,26.85,26.57,26.64,55659.955
1695441600000,26.63,26.89,26.52,26.77,38475.278
1695456000000,26.76,26.76,26.62,26.68,31921.393
1695470400000,26.68,26.7,26.37,26.44,46382.035
1695484800000,26.45,26.72,26.41,26.64,36837.933
1695499200000,26.64,26.66,26.53,26.59,23104.026
1695513600000,26.59,26.76,26.43,26.59,36618.438
1695528000000,26.58,26.62,26.36,26.45,25748.546
1695542400000,26.44,26.54,26.33,26.34,24878.642
1695556800000,26.34,26.57,26.23,26.48,40922.672
1695571200000,26.49,26.51,25.9,25.98,70081.028
1695585600000,25.98,26.15,25.68,25.84,45865.798
1695600000000,25.84,26.17,25.55,26.11,53912.16
1695614400000,26.1,26.16,25.85,26.1,33431.981
1695628800000,26.1,26.16,26.01,26.1,27860.602
1695643200000,26.09,26.4,26.02,26.35,45145.126
1695657600000,26.36,26.49,26.19,26.22,33959.28
1695672000000,26.22,26.31,26.03,26.09,18857.539
1695686400000,26.1,26.25,25.99,26.19,32009.886
1695700800000,26.19,26.22,25.92,25.98,29047.549
1695715200000,25.98,26.04,25.78,25.91,40074.082
1695729600000,25.91,26.06,25.77,25.97,48521.651
1695744000000,25.97,26.35,25.96,26.32,40182.155
1695758400000,26.31,26.35,25.87,26.2,25482.548
1695772800000,26.21,26.36,26.09,26.34,27747.227
1695787200000,26.35,26.37,26.04,26.07,21448.093
1695801600000,26.08,26.41,25.99,26.37,38185.909
1695816000000,26.37,26.5,25.87,25.96,68156.952
1695830400000,25.97,26.25,25.82,26.22,39060.27
1695844800000,26.21,26.23,25.85,26.04,40012.531
1695859200000,26.04,26.29,25.95,26.08,26867.826
1695873600000,26.07,26.17,25.97,26.08,35175.27
1695888000000,26.07,26.14,25.9,25.96,32740.934
1695902400000,25.96,26.22,25.88,26.21,43594.702
1695916800000,26.21,26.38,26.02,26.34,74235.683
1695931200000,26.34,26.44,26.23,26.42,35013.747
1695945600000,26.42,26.63,26.35,26.55,51974.82
1695960000000,26.55,26.76,26.48,26.72,39608.469
1695974400000,26.73,26.76,26.54,26.64,34677.685
1695988800000,26.63,26.83,26.38,26.62,76487.67
1696003200000,26.61,27.03,26.55,26.96,111527.123
1696017600000,26.95,27.0,26.55,26.68,51484.876
1696032000000,26.68,26.75,26.54,26.61,32179.519
1696046400000,26.62,26.7,26.52,26.56,24425.552
1696060800000,26.56,26.83,26.53,26.69,44187.908
1696075200000,26.7,27.13,26.69,27.06,54305.446
1696089600000,27.05,27.26,27.03,27.15,38269.739
1696104000000,27.14,27.18,26.86,26.91,24087.184
1696118400000,26.9,27.15,26.85,27.15,27077.142
1696132800000,27.14,27.49,27.1,27.17,39097.303
1696147200000,27.17,27.6,27.14,27.41,38637.949
1696161600000,27.4,27.53,27.26,27.39,37844.653
1696176000000,27.38,27.41,27.06,27.34,33919.854
1696190400000,27.34,28.22,27.25,28.03,116405.281
1696204800000,28.04,28.28,27.87,28.19,48511.719
1696219200000,28.2,28.24,27.81,28.19,38839.213
1696233600000,28.19,28.2,27.87,27.91,26959.276
1696248000000,27.91,28.01,27.25,27.39,59131.79
1696262400000,27.39,27.61,26.75,27.31,84537.455
1696276800000,27.31,27.42,27.02,27.28,35340.073
1696291200000,27.28,27.59,27.25,27.53,29130.603
1696305600000,27.54,27.78,27.47,27.51,33197.844
1696320000000,27.52,27.64,27.19,27.22,39249.512
1696334400000,27.22,27.36,26.88,26.96,58658.365
1696348800000,26.95,27.25,26.88,26.9,58390.562
1696363200000,26.9,27.04,26.55,26.89,85326.726
1696377600000,26.9,26.92,25.9,26.62,106083.038
1696392000000,26.62,26.76,26.49,26.6,30282.803
1696406400000,26.61,26.87,26.58,26.7,45871.453
1696420800000,26.7,26.86,26.56,26.76,50657.647
1696435200000,26.76,27.08,26.69,26.92,50178.546
1696449600000,26.93,27.25,26.88,27.1,25821.059
1696464000000,27.11,27.23,26.97,27.09,27879.805
1696478400000,27.09,27.26,27.0,27.12,32550.405
1696492800000,27.13,27.34,27.07,27.14,26239.129
1696507200000,27.15,27.28,26.77,26.93,65659.841
1696521600000,26.93,27.1,26.77,27.08,43953.736
1696536000000,27.08,27.28,27.05,27.1,52361.3
1696550400000,27.11,27.41,27.05,27.35,28031.94
1696564800000,27.34,27.49,27.18,27.45,22428.592
1696579200000,27.46,27.51,27.24,27.35,30428.231
1696593600000,27.35,27.41,27.02,27.18,64403.569
1696608000000,27.18,27.21,26.76,26.83,87559.824
1696622400000,26.84,26.97,26.63,26.7,49463.51
1696636800000,26.69,26.91,26.53,26.54,47490.913
1696651200000,26.54,26.82,26.53,26.78,31561.215
1696665600000,26.77,27.01,26.71,26.86,31528.221
1696680000000,26.87,27.22,26.86,27.08,49346.011
1696694400000,27.08,27.08,26.76,26.77,22181.249
1696708800000,26.77,26.99,26.77,26.98,16299.694
1696723200000,26.98,27.1,26.88,27.09,15357.16
1696737600000,27.09,27.12,26.82,26.86,26646.234
1696752000000,26.86,26.99,26.49,26.53,32233.26
1696766400000,26.52,26.63,26.24,26.25,61399.66
1696780800000,26.25,26.3,26.13,26.27,42829.331
1696795200000,26.27,26.3,26.02,26.18,36248.374
1696809600000,26.17,26.29,26.07,26.15,38112.653
1696824000000,26.14,26.41,26.13,26.26,41462.355
1696838400000,26.26,26.3,24.8,25.56,133939.392
1696852800000,25.55,25.76,25.43,25.44,48996.366
1696867200000,25.45,25.49,24.72,25.38,91845.562
1696881600000,25.38,25.63,25.34,25.56,30016.391
1696896000000,25.57,25.78,25.46,25.73,37347.599
1696910400000,25.73,25.81,25.58,25.71,43549.231
1696924800000,25.72,25.83,25.47,25.49,35368.183
1696939200000,25.48,25.78,25.43,25.64,57819.909
1696953600000,25.63,25.73,25.31,25.34,44928.129
1696968000000,25.34,25.51,25.08,25.46,23568.731
1696982400000,25.46,25.59,25.01,25.16,47865.867
1696996800000,25.15,25.21,24.84,25.11,101324.125
1697011200000,25.1,25.39,25.0,25.2,36267.641
1697025600000,25.2,25.29,24.63,24.88,58189.618
1697040000000,24.86,25.06,24.67,25.02,76236.44
1697054400000,25.02,25.2,24.99,25.09,32620.292
1697068800000,25.09,25.11,24.74,24.98,54206.88
1697083200000,24.97,25.27,24.95,25.09,40748.898
1697097600000,25.09,25.12,24.63,24.84,72408.092
1697112000000,24.85,24.89,24.67,24.73,47972.072
1697126400000,24.72,24.8,24.47,24.63,65666.756
1697140800000,24.64,24.7,24.48,24.49,66615.326
1697155200000,24.49,24.61,24.36,24.43,67914.428
1697169600000,24.44,24.96,24.42,24.92,62800.628
1697184000000,24.92,24.96,24.72,24.84,40216.649
1697198400000,24.85,25.0,24.66,24.71,55208.275
1697212800000,24.71,24.84,24.69,24.76,23162.917
1697227200000,24.76,25.24,24.74,24.96,55989.459
1697241600000,24.96,25.15,24.89,25.11,26905.838
1697256000000,25.12,25.18,24.97,25.07,26582.886
1697270400000,25.07,25.21,25.01,25.11,29993.565
1697284800000,25.11,25.22,25.06,25.2,23796.605
1697299200000,25.21,25.25,25.08,25.15,21912.462
1697313600000,25.16,25.25,24.91,24.93,21465.334
1697328000000,24.92,25.2,24.86,25.1,39400.986
1697342400000,25.1,25.17,25.04,25.09,17811.925
1697356800000,25.08,25.1,24.92,24.99,19787.308
1697371200000,24.98,25.08,24.81,24.98,46214.458
1697385600000,24.98,25.26,24.97,25.1,37363.461
1697400000000,25.11,25.29,25.03,25.13,37501.716
1697414400000,25.13,25.36,25.12,25.27,46708.133
1697428800000,25.26,25.63,25.19,25.36,62310.392
1697443200000,25.35,25.55,25.35,25.51,30670.512
1697457600000,25.51,26.28,25.27,25.28,142770.291
1697472000000,25.28,25.68,25.27,25.54,37090.265
1697486400000,25.54,25.76,25.47,25.58,43361.91
1697500800000,25.59,25.66,25.24,25.26,43347.465
1697515200000,25.25,25.39,25.13,25.2,27118.075
1697529600000,25.2,25.29,25.13,25.15,35650.094
1697544000000,25.14,25.18,24.46,24.76,94266.601
1697558400000,24.75,24.85,24.36,24.67,56400.35
1697572800000,24.68,24.77,24.53,24.57,34542.454
1697587200000,24.57,24.8,24.43,24.78,49172.151
1697601600000,24.78,25.07,24.65,24.65,51580.818
1697616000000,24.66,25.02,24.59,24.86,93224.842
1697630400000,24.87,24.92,24.69,24.81,37248.351
1697644800000,24.82,24.94,24.65,24.74,44681.229
1697659200000,24.74,24.89,24.62,24.73,34153.555
1697673600000,24.74,24.94,24.31,24.78,52463.613
1697688000000,24.77,25.01,24.65,24.85,39468.948
1697702400000,24.85,24.89,24.71,24.87,51503.954
1697716800000,24.87,25.01,24.72,24.94,84306.133
1697731200000,24.94,25.13,24.77,25.02,60182.663
1697745600000,25.02,25.11,24.91,24.98,31897.12
1697760000000,24.98,25.47,24.91,25.36,67265.622
1697774400000,25.36,25.53,25.27,25.44,43916.178
1697788800000,25.43,25.77,25.4,25.56,91855.063
1697803200000,25.56,25.6,25.3,25.4,48092.874
1697817600000,25.4,25.46,25.25,25.34,28237.536
1697832000000,25.34,25.39,25.21,25.24,35580.797
1697846400000,25.25,25.34,25.21,25.27,29329.305
1697860800000,25.27,25.54,25.27,25.49,34135.552
1697875200000,25.48,25.56,25.4,25.49,37172.434
1697889600000,25.5,25.88,25.43,25.82,78305.415
1697904000000,25.82,25.94,25.51,25.7,62376.579
1697918400000,25.69,25.71,25.49,25.63,43554.069
1697932800000,25.64,25.79,25.55,25.64,38855.218
1697947200000,25.65,25.98,25.0,25.44,88448.803
1697961600000,25.45,25.53,25.17,25.27,50958.74
1697976000000,25.27,25.53,25.23,25.35,42265.899
1697990400000,25.36,25.69,25.34,25.6,32950.493
1698004800000,25.59,25.94,25.48,25.87,36387.779
1698019200000,25.87,26.48,25.73,26.37,96007.095
1698033600000,26.37,26.59,26.03,26.18,75643.804
1698048000000,26.18,26.36,25.88,26.28,72221.429
1698062400000,26.28,26.34,25.93,26.15,66548.044
1698076800000,26.14,26.7,26.06,26.67,97716.316
1698091200000,26.67,27.67,26.54,27.28,167507.999
1698105600000,27.28,27.94,27.09,27.25,138960.249
1698120000000,27.25,27.85,26.96,27.29,97922.119
1698134400000,27.29,27.85,27.25,27.82,76843.509
1698148800000,27.83,28.18,26.62,27.08,180345.086
1698163200000,27.08,27.5,26.73,27.36,86355.302
1698177600000,27.37,27.71,27.05,27.49,52193.663
1698192000000,27.5,27.93,27.39,27.57,70028.576
1698206400000,27.58,27.74,26.88,27.03,67388.037
1698220800000,27.03,27.46,26.95,27.31,74092.378
1698235200000,27.3,27.9,27.29,27.76,87543.2
1698249600000,27.75,27.95,27.1,27.48,106256.28
1698264000000,27.47,27.51,27.06,27.41,51279.81
1698278400000,27.41,27.92,27.29,27.89,62013.111
1698292800000,27.89,28.54,27.47,28.44,116777.552
1698307200000,28.44,28.91,27.76,28.04,209511.424
1698321600000,28.04,28.37,26.88,27.38,216259.021
1698336000000,27.39,27.8,27.2,27.72,98826.783
1698350400000,27.72,28.15,27.69,27.8,68070.964
1698364800000,27.8,27.92,27.2,27.53,76806.212
1698379200000,27.53,27.69,27.25,27.31,48052.939
1698393600000,27.31,27.69,27.22,27.31,44152.092
1698408000000,27.3,27.59,27.07,27.31,66161.578
1698422400000,27.31,27.35,26.2,26.94,92714.373
1698436800000,26.94,27.48,26.87,27.3,56800.664
1698451200000,27.3,27.63,27.23,27.47,64194.125
1698465600000,27.46,27.96,27.4,27.8,54010.197
1698480000000,27.8,28.06,27.53,27.81,55712.793
1698494400000,27.8,28.09,27.55,28.07,35785.076
1698508800000,28.08,28.08,27.8,27.83,31709.245
1698523200000,27.83,28.06,27.77,27.86,30963.074
1698537600000,27.86,27.99,27.49,27.64,41345.303
1698552000000,27.64,27.86,27.61,27.79,15297.037
1698566400000,27.78,27.96,27.7,27.83,28892.789
1698580800000,27.83,28.2,27.75,28.02,57744.52
1698595200000,28.02,28.14,27.75,27.98,56724.361
1698609600000,27.98,28.39,27.91,28.23,85702.565
1698624000000,28.23,28.58,28.1,28.21,87550.75
1698638400000,28.2,28.44,27.96,28.07,65350.658
1698652800000,28.06,28.64,28.0,28.59,66567.268
1698667200000,28.59,28.73,28.27,28.44,72431.238
1698681600000,28.43,28.5,27.83,28.26,67984.502
1698696000000,28.27,28.65,28.16,28.5,44788.636
1698710400000,28.5,28.95,28.32,28.44,84166.554
1698724800000,28.43,28.58,27.88,28.01,84418.837
1698739200000,28.01,28.87,27.61,28.72,135040.59
1698753600000,28.72,28.83,27.4,27.92,141773.987
1698768000000,27.93,28.27,27.78,28.17,64211.777
1698782400000,28.16,28.38,27.94,28.32,55033.006
1698796800000,28.32,28.49,27.73,27.87,47434.306
1698811200000,27.87,27.96,27.44,27.68,69911.593
1698825600000,27.69,27.79,27.4,27.68,54658.908
1698840000000,27.68,28.12,27.34,27.59,132856.242
1698854400000,27.6,28.71,27.57,28.43,158069.54
1698868800000,28.43,29.03,28.41,28.69,150027.024
1698883200000,28.69,29.33,28.51,29.12,112019.406
1698897600000,29.12,29.15,28.29,28.53,95437.105
1698912000000,28.52,28.76,28.26,28.64,74163.239
1698926400000,28.64,28.71,27.33,27.54,206098.231
1698940800000,27.53,27.68,27.1,27.63,96000.67
1698955200000,27.63,27.73,27.34,27.53,55696.083
1698969600000,27.54,27.55,26.58,27.1,112469.33
1698984000000,27.09,27.29,26.95,27.08,69030.516
1698998400000,27.08,27.24,26.73,26.97,74597.241
1699012800000,26.97,27.36,26.8,27.34,122259.923
1699027200000,27.34,27.46,27.03,27.35,102922.239
1699041600000,27.35,27.72,27.29,27.68,62111.711
1699056000000,27.67,27.9,27.56,27.85,57997.034
1699070400000,27.84,28.09,27.62,27.87,80176.379
1699084800000,27.86,28.1,27.71,27.88,70787.009
1699099200000,27.88,28.14,27.49,27.72,108640.673
1699113600000,27.72,27.82,27.58,27.68,55184.69
1699128000000,27.69,28.31,27.65,28.21,83673.97
1699142400000,28.21,28.6,27.97,28.58,81335.561
1699156800000,28.58,28.61,28.21,28.55,66879.126
1699171200000,28.55,28.76,28.23,28.7,87798.134
1699185600000,28.71,28.94,28.07,28.48,205542.157
1699200000000,28.48,28.9,28.44,28.58,131443.683
1699214400000,28.58,28.91,28.0,28.65,128693.097
1699228800000,28.66,29.26,28.46,28.93,169645.987
1699243200000,28.94,29.03,28.21,28.89,108333.091
1699257600000,28.89,29.5,28.69,29.35,171068.583
1699272000000,29.34,29.51,28.95,29.31,134751.107
1699286400000,29.32,29.75,29.03,29.67,100919.507
1699300800000,29.66,29.91,29.45,29.84,82140.808
1699315200000,29.85,29.85,29.05,29.68,151204.787
1699329600000,29.68,30.16,29.35,30.09,113070.453
1699344000000,30.09,30.27,29.04,29.24,223051.943
1699358400000,29.24,29.47,28.46,28.75,156453.401
1699372800000,28.75,29.58,28.29,29.37,181912.759
1699387200000,29.37,29.65,29.09,29.25,72073.62
1699401600000,29.26,29.71,28.97,29.33,76272.968
1699416000000,29.33,30.11,29.23,29.96,134681.266
1699430400000,29.96,30.39,29.76,30.1,118256.527
1699444800000,30.11,30.16,29.47,29.89,106848.767
1699459200000,29.9,30.15,29.82,30.04,115054.848
1699473600000,30.04,30.34,29.85,30.09,115787.009
1699488000000,30.08,30.66,29.86,30.64,147405.093
1699502400000,30.64,30.77,30.06,30.2,107810.421
1699516800000,30.19,30.53,29.93,30.08,112170.244
1699531200000,30.09,31.06,29.9,30.35,292120.72
1699545600000,30.35,30.53,25.12,28.5,443502.541
1699560000000,28.5,29.62,27.95,29.52,123191.39
1699574400000,29.53,30.55,29.39,29.94,182543.458
1699588800000,29.94,30.2,29.44,29.58,103146.998
1699603200000,29.59,30.28,29.01,30.11,124160.808
1699617600000,30.11,30.15,28.82,29.32,105424.216
1699632000000,29.59,30.6,29.56,30.33,151675.552
1699646400000,30.33,30.66,30.08,30.41,86888.42
1699660800000,30.41,30.77,29.84,29.89,150164.106
1699675200000,29.89,29.95,29.02,29.89,178434.725
1699689600000,29.9,30.34,29.75,29.99,74337.653
1699704000000,29.99,30.69,29.84,30.35,101000.972
1699718400000,30.35,30.83,30.15,30.74,94069.439
1699732800000,30.74,30.76,29.81,30.46,145084.647
1699747200000,30.47,30.6,29.23,30.21,145677.315
1699761600000,30.22,30.86,29.96,30.86,92189.496
1699776000000,30.86,31.3,30.53,31.1,165436.445
1699790400000,31.1,31.3,30.24,31.13,172467.801
1699804800000,31.14,31.34,30.66,30.95,94936.55
1699819200000,30.94,31.68,30.85,31.25,103705.508
1699833600000,31.24,31.84,30.46,30.63,155956.288
1699848000000,30.63,30.99,30.3,30.85,108195.48
1699862400000,30.84,31.27,30.29,30.51,92743.378
1699876800000,30.51,30.96,29.97,30.84,163492.314
1699891200000,30.85,31.06,30.12,30.82,126994.69
1699905600000,30.82,30.85,29.51,29.62,182900.77
1699920000000,29.63,30.07,29.07,29.91,151411.444
1699934400000,29.9,30.53,29.74,30.37,69610.5
1699948800000,30.38,30.47,28.97,29.41,115639.005
1699963200000,29.4,30.27,29.12,29.75,170298.293
1699977600000,29.75,30.2,27.73,28.76,227537.133
1699992000000,28.75,29.5,28.71,29.42,93681.253
1700006400000,29.43,29.79,29.26,29.29,81865.543
1700020800000,29.3,30.15,29.29,30.15,73118.622
1700035200000,30.15,30.4,29.82,30.35,74253.592
1700049600000,30.36,30.47,29.97,30.22,95596.005
1700064000000,30.22,30.64,29.8,30.6,131509.103
1700078400000,30.6,30.64,30.13,30.38,75814.426
1700092800000,30.39,30.72,30.3,30.58,86653.509
1700107200000,30.57,31.04,30.49,30.9,83465.531
1700121600000,30.89,30.98,30.04,30.49,110142.743
1700136000000,30.49,30.55,29.42,29.85,208645.021
1700150400000,29.85,30.13,28.88,29.66,154127.931
1700164800000,29.66,29.85,29.17,29.53,102174.964
1700179200000,29.53,30.31,29.53,30.19,76521.174
1700193600000,30.19,30.29,29.5,29.62,80990.769
1700208000000,29.61,30.4,29.34,29.45,162569.125
1700222400000,29.45,29.79,28.18,28.36,185596.46
1700236800000,28.35,29.11,28.19,28.76,89712.545
1700251200000,28.77,29.41,28.67,29.36,85681.619
1700265600000,29.35,29.36,28.51,28.53,68896.376
1700280000000,28.53,28.78,27.66,28.42,131539.773
1700294400000,28.42,28.73,28.3,28.34,54783.456
1700308800000,28.34,28.92,27.95,28.9,85239.161
1700323200000,28.91,29.07,28.67,28.92,82366.924
1700337600000,28.92,28.98,28.66,28.9,39306.807
1700352000000,28.91,28.98,28.17,28.96,79516.841
1700366400000,28.96,29.16,28.84,28.99,39179.908
1700380800000,29.0,29.16,28.4,28.61,63160.673
1700395200000,28.62,28.68,28.26,28.59,69030.219
1700409600000,28.59,29.16,28.57,29.13,53164.394
1700424000000,29.13,29.38,28.85,29.26,48750.378
1700438400000,29.25,29.37,28.9,29.04,43740.891
1700452800000,29.03,29.36,28.88,29.36,33360.383
1700467200000,29.35,29.6,29.18,29.27,62813.93
1700481600000,29.26,29.68,28.83,29.45,106543.882
1700496000000,29.44,29.64,28.97,29.07,73747.128
1700510400000,29.08,29.18,28.36,28.97,97897.463
1700524800000,28.97,29.38,28.68,28.94,61471.779
1700539200000,28.95,29.12,28.46,28.56,45376.901
1700553600000,28.56,29.03,28.56,28.7,41708.838
1700568000000,28.71,28.9,27.51,28.54,227951.251
1700582400000,28.53,28.73,27.24,27.92,194757.801
1700596800000,27.93,28.26,26.4,26.81,158030.872
1700611200000,26.8,27.83,26.73,27.81,68579.201
1700625600000,27.82,27.88,27.62,27.63,57664.793
1700640000000,27.64,27.97,27.56,27.83,73765.611
1700654400000,27.83,28.34,27.77,28.28,127251.897
1700668800000,28.27,28.65,27.9,28.52,92442.953
1700683200000,28.53,28.75,28.3,28.52,50257.87
1700697600000,28.52,28.8,28.42,28.55,41125.084
1700712000000,28.56,28.79,28.48,28.63,49195.201
1700726400000,28.64,28.86,28.34,28.57,56146.041
1700740800000,28.56,28.69,28.14,28.3,58203.245
1700755200000,28.3,28.75,28.27,28.63,33610.488
1700769600000,28.62,28.93,28.6,28.84,28473.195
1700784000000,28.84,29.17,28.75,29.01,58139.299
1700798400000,29.01,29.18,28.88,29.15,34643.527
1700812800000,29.15,29.27,28.98,29.03,74482.357
1700827200000,29.03,29.43,28.98,29.41,53974.469
1700841600000,29.41,30.29,29.38,30.07,194492.283
1700856000000,30.06,30.08,29.38,29.64,77672.368
1700870400000,29.65,30.33,29.47,30.18,58941.442
1700884800000,30.18,30.28,29.95,30.08,47049.495
1700899200000,30.08,30.28,29.71,29.92,50542.272
1700913600000,29.92,30.13,29.89,30.11,36777.912
1700928000000,30.11,30.33,29.97,30.04,51475.2
1700942400000,30.03,30.17,29.95,30.17,30290.302
1700956800000,30.16,30.26,29.75,29.89,55358.123
1700971200000,29.9,30.13,29.82,29.92,25137.793
1700985600000,29.93,30.0,29.76,29.8,27827.364
1701000000000,29.8,29.88,29.33,29.42,70581.653
1701014400000,29.41,29.55,28.73,29.49,66003.647
1701028800000,29.49,29.74,29.37,29.57,26041.727
1701043200000,29.57,29.78,28.85,29.1,35844.796
1701057600000,29.09,29.47,28.76,29.16,66299.177
1701072000000,29.15,29.26,28.69,28.99,69390.45
1701086400000,28.99,29.08,28.45,28.54,73334.843
1701100800000,28.53,28.92,28.29,28.49,54823.438
1701115200000,28.48,28.85,28.31,28.81,35371.211
1701129600000,28.8,28.99,28.47,28.57,47948.426
1701144000000,28.56,28.63,28.11,28.41,50226.423
1701158400000,28.4,28.73,28.15,28.72,47423.905
1701172800000,28.71,28.93,28.48,28.88,50874.286
1701187200000,28.89,29.51,28.87,29.16,126652.106
1701201600000,29.17,29.29,28.85,29.04,46235.204
1701216000000,29.04,29.24,28.82,28.98,35175.091
1701230400000,28.99,29.23,28.93,29.1,37547.479
1701244800000,29.11,29.36,28.83,28.94,62377.837
1701259200000,28.93,29.29,28.7,28.96,85518.086
1701273600000,28.97,29.26,28.71,29.13,56182.03
1701288000000,29.13,29.17,28.91,29.08,36571.559
1701302400000,29.09,29.41,28.93,29.38,41525.915
1701316800000,29.38,29.88,29.24,29.51,90302.131
1701331200000,29.52,29.66,29.28,29.62,49153.072
1701345600000,29.62,29.91,29.23,29.42,142123.374
1701360000000,29.42,29.44,29.17,29.23,46674.789
1701374400000,29.24,29.58,29.21,29.57,34373.299
1701388800000,29.56,29.82,29.25,29.65,45310.413
1701403200000,29.65,29.71,29.42,29.53,34415.652
1701417600000,29.53,29.82,29.49,29.58,50884.362
1701432000000,29.58,29.7,29.4,29.68,50717.757
1701446400000,29.68,29.93,29.63,29.88,58365.982
1701460800000,29.89,29.93,29.67,29.8,27716.388
1701475200000,29.8,30.14,29.76,29.97,40546.678
1701489600000,29.98,30.43,29.94,30.42,44864.237
1701504000000,30.42,30.65,30.34,30.47,83829.073
1701518400000,30.47,30.9,30.42,30.61,93332.343
1701532800000,30.61,31.69,30.51,31.41,128833.597
1701547200000,31.41,31.77,31.36,31.43,79891.365
1701561600000,31.43,32.03,31.39,31.92,103044.705
1701576000000,31.92,32.07,31.15,31.33,156224.498
1701590400000,31.34,31.41,31.0,31.15,79075.642
1701604800000,31.16,31.23,30.75,30.98,99190.248
1701619200000,30.98,31.1,30.75,30.87,37009.779
1701633600000,30.88,31.15,30.48,30.85,107347.474
1701648000000,30.86,31.67,30.8,31.38,113215.008
1701662400000,31.39,31.91,31.39,31.56,123168.855
1701676800000,31.56,31.92,29.88,31.16,234703.299
1701691200000,31.17,31.53,30.69,30.88,144011.562
1701705600000,30.88,31.53,30.84,31.51,93318.316
1701720000000,31.51,31.78,31.12,31.76,75989.528
1701734400000,31.76,32.15,31.13,31.34,122964.611
1701748800000,31.34,31.47,30.52,30.88,98427.483
1701763200000,30.87,31.02,30.45,30.65,76796.511
1701777600000,30.64,31.22,30.4,31.18,88971.547
1701792000000,31.18,31.89,30.96,31.46,138291.46
1701806400000,31.46,31.8,31.1,31.77,61585.135
1701820800000,31.77,32.0,31.12,31.35,89257.305
1701835200000,31.35,31.49,30.53,31.34,141205.708
1701849600000,31.33,31.61,30.47,31.01,125869.452
1701864000000,31.01,31.69,30.95,31.54,161720.782
1701878400000,31.54,31.79,31.31,31.72,59183.138
1701892800000,31.72,31.78,30.95,31.23,79368.45
1701907200000,31.22,31.56,31.08,31.35,50647.383
1701921600000,31.35,32.47,31.31,31.9,132745.896
1701936000000,31.91,32.03,30.76,31.71,161938.27
1701950400000,31.71,32.23,31.52,32.1,126047.485
1701964800000,32.11,32.4,31.81,31.94,82012.53
1701979200000,31.93,32.36,31.76,32.05,77199.046
1701993600000,32.05,32.43,31.78,32.25,79861.399
1702008000000,32.26,32.47,31.81,32.15,66630.541
1702022400000,32.15,32.76,32.09,32.64,88986.993
1702036800000,32.63,32.95,32.45,32.83,110852.176
1702051200000,32.84,33.85,32.83,33.46,153368.108
1702065600000,33.45,33.64,33.27,33.47,59816.112
1702080000000,33.47,34.09,33.31,33.96,87218.236
1702094400000,33.97,34.49,33.95,34.39,100311.966
1702108800000,34.39,34.84,33.47,34.15,200422.295
1702123200000,34.16,34.49,33.6,34.23,122060.916
1702137600000,34.24,34.47,33.64,34.08,92381.36
1702152000000,34.09,34.15,33.06,33.52,81200.061
1702166400000,33.51,34.17,33.46,33.91,63434.928
1702180800000,33.92,34.28,33.51,33.87,66994.561
1702195200000,33.88,33.95,32.93,33.42,138130.113
1702209600000,33.42,33.68,33.27,33.58,71736.83
1702224000000,33.58,33.64,33.03,33.37,63771.623
1702238400000,33.36,33.79,33.33,33.7,61028.203
1702252800000,33.69,33.78,28.88,31.49,376030.983
1702267200000,31.49,31.69,30.74,30.76,136096.28
1702281600000,30.77,31.14,30.49,31.03,114197.611
1702296000000,31.03,31.14,30.16,30.62,185852.936
1702310400000,30.62,30.73,29.29,29.86,205785.019
1702324800000,29.86,30.44,29.66,30.41,72750.374
1702339200000,30.4,31.08,30.37,30.8,99314.444
1702353600000,30.79,31.23,30.28,31.22,118266.607
1702368000000,31.22,31.25,30.83,30.85,107023.452
1702382400000,30.86,31.22,30.45,30.85,177517.631
1702396800000,30.85,30.99,30.18,30.79,92544.009
1702411200000,30.8,31.18,30.48,31.01,73535.453
1702425600000,31.02,31.18,29.81,29.97,129628.245
1702440000000,29.99,30.18,29.41,29.99,112255.091
1702454400000,29.99,30.41,29.89,29.92,55727.431
1702468800000,29.92,30.68,29.82,30.42,96534.136
1702483200000,30.42,30.73,30.02,30.7,116100.872
1702497600000,30.7,30.99,30.5,30.7,103495.62
1702512000000,30.71,30.9,30.39,30.54,70571.504
1702526400000,30.53,30.83,30.36,30.73,50685.497
1702540800000,30.72,31.09,30.47,31.07,83467.732
1702555200000,31.07,31.07,29.46,30.19,215683.8
1702569600000,30.19,31.11,30.16,30.44,215988.674
1702584000000,30.45,30.76,30.24,30.65,59653.741
1702598400000,30.66,30.72,30.23,30.43,67072.963
1702612800000,30.44,30.51,29.85,30.0,84130.089
1702627200000,30.0,30.36,29.89,30.2,65692.451
1702641600000,30.2,30.23,29.6,29.94,114547.863
1702656000000,29.94,30.29,29.79,30.12,69214.857
1702670400000,30.13,30.24,29.31,29.54,127503.061
1702684800000,29.54,30.19,29.24,30.06,74284.685
1702699200000,30.06,30.4,29.99,30.25,56810.527
1702713600000,30.25,30.48,30.14,30.31,84351.773
1702728000000,30.32,30.33,29.91,30.2,89016.428
1702742400000,30.19,30.33,29.73,29.91,122061.838
1702756800000,29.92,30.14,29.8,30.01,61817.43
1702771200000,30.01,30.11,29.63,29.79,74763.121
1702785600000,29.79,30.09,29.51,29.56,88963.181
1702800000000,29.55,30.0,29.52,29.95,64688.418
1702814400000,29.96,30.16,29.68,30.09,145576.062
1702828800000,30.1,30.38,29.88,30.17,89730.595
1702843200000,30.18,30.48,29.6,29.79,128761.227
1702857600000,29.8,29.95,28.41,29.0,215680.159
1702872000000,29.0,29.21,28.67,28.77,98956.063
1702886400000,28.77,29.22,27.4,28.23,302606.686
1702900800000,28.24,28.8,27.94,28.37,123461.439
1702915200000,28.38,28.64,28.17,28.6,75786.315
1702929600000,28.59,29.09,28.38,28.96,105736.052
1702944000000,28.96,29.65,28.85,29.31,96197.534
1702958400000,29.32,29.43,29.03,29.2,75967.327
1702972800000,29.2,29.45,28.47,28.8,209528.115
1702987200000,28.81,28.86,27.87,28.13,183585.368
1703001600000,28.12,28.27,27.47,27.87,151218.119
1703016000000,27.86,27.95,27.6,27.91,75631.438
1703030400000,27.91,28.18,27.64,28.18,122056.554
1703044800000,28.18,28.71,28.07,28.56,107757.024
1703059200000,28.55,28.82,28.44,28.73,93202.41
1703073600000,28.74,29.55,28.52,29.34,176761.831
1703088000000,29.34,30.25,29.06,29.3,172591.383
1703102400000,29.3,29.39,28.7,29.18,114112.432
1703116800000,29.19,29.38,28.95,29.34,48488.257
1703131200000,29.33,29.74,29.24,29.66,58750.848
1703145600000,29.66,30.11,29.57,29.99,75340.432
1703160000000,29.99,30.46,29.52,29.71,168923.385
1703174400000,29.7,29.94,29.44,29.88,65690.967
1703188800000,29.87,30.14,29.82,30.03,55535.085
1703203200000,30.04,30.35,29.79,30.06,64485.573
1703217600000,30.06,30.26,29.62,29.85,105246.077
1703232000000,29.86,30.45,29.78,30.31,89702.719
1703246400000,30.3,30.34,29.83,30.13,79385.088
1703260800000,30.14,30.54,30.06,30.15,87436.825
1703275200000,30.14,30.47,30.13,30.43,44549.231
1703289600000,30.44,30.55,29.74,29.82,93931.115
1703304000000,29.82,30.15,29.65,29.98,47399.778
1703318400000,29.97,30.38,29.97,30.11,49505.303
1703332800000,30.11,30.35,30.09,30.24,47831.422
1703347200000,30.23,30.42,30.17,30.23,47987.943
1703361600000,30.24,30.46,30.04,30.41,45433.173
1703376000000,30.42,30.5,30.18,30.26,63773.134
1703390400000,30.26,30.43,29.44,30.07,117572.182
1703404800000,30.06,30.79,29.88,30.72,146183.86
1703419200000,30.73,31.11,30.43,30.76,142835.462
1703433600000,30.77,31.12,30.68,30.83,91728.673
1703448000000,30.84,30.89,29.57,30.18,161044.771
1703462400000,30.17,30.99,29.98,30.89,105957.064
1703476800000,30.89,31.03,30.73,30.86,63021.105
1703491200000,30.86,31.26,30.41,31.24,100025.412
1703505600000,31.24,31.73,31.08,31.67,117870.527
1703520000000,31.68,31.73,31.12,31.34,112569.443
1703534400000,31.35,31.57,30.96,31.3,69756.455
1703548800000,31.3,31.7,31.17,31.66,54793.319
1703563200000,31.68,31.83,30.58,31.02,172092.917
1703577600000,31.02,31.68,30.7,31.58,112851.959
1703592000000,31.59,31.84,31.01,31.11,145796.374
1703606400000,31.12,31.49,29.21,29.99,428709.935
1703620800000,29.99,30.48,29.94,30.44,94067.959
1703635200000,30.43,30.51,29.26,29.51,131419.272
1703649600000,29.52,30.37,29.47,30.11,125658.049
1703664000000,30.11,31.29,30.08,31.17,159596.45
1703678400000,31.18,32.34,31.12,31.78,258388.55
1703692800000,31.79,32.11,31.59,31.86,129779.771
1703707200000,31.87,32.14,31.44,31.87,101120.072
1703721600000,31.87,32.57,31.81,32.22,133955.767
1703736000000,32.23,32.85,32.04,32.59,170046.339
1703750400000,32.6,32.83,32.42,32.57,105026.78
1703764800000,32.57,32.66,31.46,32.07,291862.391
1703779200000,32.06,32.25,31.81,32.1,101961.153
1703793600000,32.1,32.13,31.6,31.95,92007.959
1703808000000,31.95,32.12,30.81,31.47,162049.265
1703822400000,31.48,31.63,31.0,31.07,77925.428
1703836800000,31.08,31.35,29.32,29.61,577691.29
1703851200000,29.61,29.64,28.5,28.85,684741.63
1703865600000,28.84,28.93,28.0,28.61,503532.118
1703880000000,28.6,28.85,28.06,28.69,169523.676
1703894400000,28.69,28.98,28.46,28.56,148291.92
1703908800000,28.56,29.13,28.54,28.9,129477.568
1703923200000,28.9,28.9,28.14,28.54,178297.966
1703937600000,28.54,28.68,28.22,28.51,119043.788
1703952000000,28.52,28.65,28.26,28.57,110107.925
1703966400000,28.57,28.85,28.43,28.67,89170.293
1703980800000,28.67,28.85,28.25,28.48,96093.719
1703995200000,28.47,28.75,28.32,28.53,91222.857
1704009600000,28.53,28.86,28.25,28.56,149735.406
1704024000000,28.56,28.71,28.36,28.45,96100.588
1704038400000,28.46,28.57,28.21,28.35,99310.465
1704052800000,28.34,28.36,25.47,26.93,549592.245
1704067200000,26.94,27.34,26.68,26.76,163069.908
1704081600000,26.74,26.87,26.39,26.77,168260.811
1704096000000,26.76,27.13,26.75,26.95,125345.374
1704110400000,26.95,27.3,26.83,27.29,111271.994
1704124800000,27.29,27.89,27.25,27.75,121839.351
1704139200000,27.75,27.9,27.57,27.83,91482.542
1704153600000,27.82,28.34,27.8,28.04,129156.109
1704168000000,28.04,28.09,27.84,27.9,70286.544
1704182400000,27.91,28.17,27.83,28.01,106239.903
1704196800000,28.01,28.05,27.3,27.56,185897.605
1704211200000,27.56,27.75,27.27,27.33,95461.564
1704225600000,27.33,27.7,27.12,27.64,73464.936
1704240000000,27.65,28.01,27.6,27.83,61985.49
1704254400000,27.82,28.1,27.67,27.72,63738.087
1704268800000,27.73,28.3,26.5,27.05,176401.088
1704283200000,27.06,27.08,20.98,24.57,1012169.473
1704297600000,24.56,25.02,24.19,24.79,224663.296
1704312000000,24.8,25.39,24.74,25.02,101981.242
1704326400000,25.02,25.17,24.64,25.07,104107.239
1704340800000,25.07,25.42,24.73,24.75,134195.261
1704355200000,24.76,24.95,23.96,24.01,240564.452
1704369600000,24.02,25.05,23.99,24.84,221682.966
1704384000000,24.84,24.92,24.5,24.58,94143.806
1704398400000,24.58,24.82,23.97,24.16,163522.222
1704412800000,24.17,24.38,22.04,23.6,361937.409
1704427200000,23.6,23.87,23.37,23.5,157169.273
1704441600000,23.5,23.77,23.1,23.24,178832.027
1704456000000,23.24,23.67,22.97,23.31,246114.19
1704470400000,23.32,23.45,22.65,23.27,178483.17
1704484800000,23.28,23.78,23.18,23.55,139286.54
1704499200000,23.56,23.61,23.04,23.1,90014.641
1704513600000,23.09,23.2,22.08,22.62,283612.751
1704528000000,22.62,22.85,22.44,22.76,75635.119
1704542400000,22.75,23.2,22.52,23.03,121107.936
1704556800000,23.04,23.34,22.86,23.14,101609.099
1704571200000,23.14,23.2,22.73,23.08,79083.783
1704585600000,23.07,23.42,22.97,23.17,65460.866
1704600000000,23.17,23.37,23.06,23.26,93669.717
1704614400000,23.26,23.34,22.72,22.85,91500.592
1704628800000,22.86,23.13,22.33,22.45,120701.455
1704643200000,22.45,22.7,22.09,22.61,98212.496
1704657600000,22.61,22.73,21.61,21.92,209649.643
1704672000000,21.92,21.99,20.22,20.8,387326.091
1704686400000,20.8,21.73,20.67,21.27,165536.795
1704700800000,21.27,21.38,20.88,21.35,134133.861
1704715200000,21.36,21.74,20.81,21.15,302596.477
1704729600000,21.14,21.64,20.69,21.51,326813.661
1704744000000,21.51,21.56,21.1,21.27,419383.007
1704758400000,21.26,21.32,20.49,20.95,376288.15
1704772800000,20.95,21.21,20.61,20.72,206558.431
1704787200000,20.72,20.97,19.55,19.94,652117.77
1704801600000,19.94,20.14,18.62,19.25,722025.291
1704816000000,19.24,19.46,18.93,19.13,277154.321
1704830400000,19.14,19.69,18.82,19.65,414819.763
1704844800000,19.65,20.31,19.55,20.13,238400.701
1704859200000,20.13,20.35,19.89,19.96,193076.398
1704873600000,19.96,20.71,19.85,20.35,254260.025
1704888000000,20.35,20.65,19.35,20.53,561658.974
1704902400000,20.53,20.9,20.41,20.8,281641.454
1704916800000,20.79,22.69,20.22,22.31,582317.759
1704931200000,22.3,23.65,21.99,23.45,424268.601
1704945600000,23.44,24.36,22.9,23.72,585910.84
1704960000000,23.71,24.67,23.46,24.5,446527.786
1704974400000,24.5,24.55,23.53,23.95,536951.97
1704988800000,23.95,24.6,23.31,24.46,485376.208
1705003200000,24.47,24.55,23.84,24.43,206434.133
1705017600000,24.42,24.65,23.89,24.46,219722.886
1705032000000,24.45,24.95,24.13,24.27,279923.95
1705046400000,24.28,25.2,23.96,25.02,296511.91
1705060800000,25.01,25.52,24.31,24.48,515910.987
1705075200000,24.5,24.87,23.31,24.07,400298.122
1705089600000,24.06,24.45,22.5,23.76,319544.641
1705104000000,23.76,23.92,22.84,23.48,212105.35
1705118400000,23.48,23.78,23.39,23.63,99163.306
1705132800000,23.64,23.78,23.14,23.51,104132.562
1705147200000,23.51,23.87,23.34,23.54,139144.893
1705161600000,23.55,23.73,23.23,23.59,89948.609
1705176000000,23.6,23.7,23.35,23.39,59437.511
1705190400000,23.39,23.47,22.93,23.18,137956.433
1705204800000,23.17,23.69,23.02,23.52,95782.108
1705219200000,23.53,24.15,23.42,23.58,150555.841
1705233600000,23.57,23.84,23.17,23.69,138292.926
1705248000000,23.69,23.79,23.05,23.08,112214.658
1705262400000,23.07,23.48,22.61,22.74,198909.204
1705276800000,22.74,23.46,22.73,23.31,87605.448
1705291200000,23.31,23.43,23.03,23.15,91277.28
1705305600000,23.15,23.59,22.97,23.39,143353.586
1705320000000,23.39,23.57,22.89,23.03,159273.238
1705334400000,23.02,24.54,22.97,23.91,541828.398
1705348800000,23.9,24.0,23.5,23.63,156468.144
1705363200000,23.63,23.85,23.42,23.54,110139.82
1705377600000,23.54,23.7,23.23,23.38,109343.24
1705392000000,23.38,23.79,23.22,23.62,139850.771
1705406400000,23.61,23.69,22.74,23.45,241799.752
1705420800000,23.44,23.5,23.06,23.18,88725.068
1705435200000,23.18,23.48,23.11,23.17,72190.448
1705449600000,23.18,23.44,23.11,23.18,83271.866
1705464000000,23.18,23.26,22.72,22.78,94817.127
1705478400000,22.77,23.14,22.7,22.99,75859.746
1705492800000,23.0,23.18,22.67,22.78,131511.257
1705507200000,22.77,22.99,22.51,22.85,143720.883
1705521600000,22.84,23.02,22.67,22.94,92041.411
1705536000000,22.94,23.0,22.57,22.81,122987.504
1705550400000,22.82,23.3,22.79,23.25,110310.287
1705564800000,23.24,23.29,22.68,22.81,107331.819
1705579200000,22.8,23.07,22.44,22.99,194956.565
1705593600000,23.0,23.16,21.91,22.11,468425.611
1705608000000,22.1,22.62,21.94,22.51,178343.897
1705622400000,22.51,22.53,21.69,22.18,170718.775
1705636800000,22.17,22.58,22.13,22.45,101149.838
1705651200000,22.45,23.02,22.34,22.7,198421.968
1705665600000,22.69,22.97,22.4,22.49,220238.998
1705680000000,22.48,23.26,21.63,23.13,318652.815
1705694400000,23.12,23.7,22.96,23.61,183300.279
1705708800000,23.6,24.02,23.3,23.77,194039.459
1705723200000,23.77,23.88,23.3,23.35,110938.923
1705737600000,23.35,23.65,23.22,23.4,92504.244
1705752000000,23.39,23.63,23.2,23.42,75017.226
1705766400000,23.42,23.66,23.25,23.5,96915.071
1705780800000,23.5,23.66,23.42,23.6,58712.728
1705795200000,23.6,24.15,23.31,24.13,88806.028
1705809600000,24.13,24.28,23.67,23.74,145842.686
1705824000000,23.75,24.11,23.65,23.85,87824.211
1705838400000,23.84,23.91,23.35,23.42,124910.753
1705852800000,23.42,23.95,23.23,23.77,104126.216
1705867200000,23.77,23.81,23.33,23.39,90561.872
1705881600000,23.38,23.51,22.68,22.94,161621.251
1705896000000,22.95,23.47,22.54,23.34,135126.386
1705910400000,23.35,23.42,22.85,23.18,132291.606
1705924800000,23.18,23.34,22.6,22.81,158143.682
1705939200000,22.81,23.07,22.11,22.56,199758.17
1705953600000,22.57,22.84,22.12,22.25,120229.581
1705968000000,22.26,22.49,22.07,22.33,68135.862
1705982400000,22.33,22.57,22.06,22.19,66392.019
1705996800000,22.19,22.28,20.9,21.09,291387.653
1706011200000,21.1,21.35,20.5,21.19,187292.634
1706025600000,21.19,21.29,20.84,20.89,95024.122
1706040000000,20.9,21.5,20.82,21.43,103662.781
1706054400000,21.44,21.67,21.32,21.41,74243.161
1706068800000,21.41,22.14,21.34,22.12,133428.096
1706083200000,22.12,22.47,21.98,22.11,126364.214
1706097600000,22.11,22.22,21.6,21.92,118008.696
1706112000000,21.92,22.0,21.39,21.59,150215.931
1706126400000,21.58,22.02,21.42,21.93,86115.619
1706140800000,21.94,22.19,21.82,21.94,74161.303
1706155200000,21.95,22.12,21.77,22.09,50152.304
1706169600000,22.1,22.26,21.91,22.14,66374.622
1706184000000,22.15,22.22,21.79,21.9,120603.981
1706198400000,21.91,22.55,21.69,22.22,133068.603
1706212800000,22.23,22.49,22.13,22.4,59721.484
1706227200000,22.4,22.47,22.13,22.31,64589.873
1706241600000,22.31,22.35,22.04,22.16,38817.056
1706256000000,22.16,22.9,22.14,22.81,100973.351
1706270400000,22.82,22.87,22.44,22.67,119319.988
1706284800000,22.67,22.71,22.49,22.58,104632.443
1706299200000,22.58,22.75,22.44,22.69,63318.903
1706313600000,22.7,22.88,22.63,22.75,73092.586
1706328000000,22.75,22.81,22.31,22.43,68960.45
1706342400000,22.44,22.69,22.27,22.63,69473.463
1706356800000,22.64,22.68,22.44,22.47,46449.413
1706371200000,22.48,22.76,22.41,22.75,47465.263
1706385600000,22.75,22.84,22.65,22.76,57649.15
1706400000000,22.76,23.0,22.67,22.94,65769.207
1706414400000,22.94,23.0,22.59,22.67,69955.95
1706428800000,22.67,22.83,22.51,22.61,72295.619
1706443200000,22.62,22.64,22.24,22.41,112613.136
1706457600000,22.42,22.5,21.83,21.93,111553.356
1706472000000,21.94,22.27,21.83,22.18,84864.678
1706486400000,22.19,22.62,22.08,22.49,53117.532
1706500800000,22.5,22.72,22.37,22.59,87717.391
1706515200000,22.58,22.71,22.37,22.4,65778.836
1706529600000,22.4,22.55,22.1,22.54,101247.995
1706544000000,22.54,22.9,22.44,22.66,114994.932
1706558400000,22.65,23.03,22.63,23.01,78924.688
1706572800000,23.0,23.22,22.8,22.99,78750.732
1706587200000,22.98,23.05,22.68,22.93,94707.325
1706601600000,22.94,23.18,22.9,23.16,94069.845
1706616000000,23.17,23.24,22.58,23.05,193602.552
1706630400000,23.04,23.28,22.91,22.96,128946.187
1706644800000,22.97,23.08,22.43,22.58,140968.327
1706659200000,22.59,22.75,22.24,22.71,95441.176
1706673600000,22.71,22.78,22.52,22.59,76168.793
1706688000000,22.59,22.61,21.92,22.18,123630.422
1706702400000,22.19,22.22,21.5,21.93,154720.152
1706716800000,21.93,22.12,21.7,21.88,192150.291
1706731200000,21.88,21.95,21.27,21.69,165440.511
1706745600000,21.69,21.87,21.21,21.61,105004.837
1706760000000,21.6,21.67,21.41,21.53,70653.105
1706774400000,21.52,21.65,21.4,21.43,67587.859
1706788800000,21.43,21.69,21.37,21.47,84854.61
1706803200000,21.47,21.68,21.25,21.6,88112.579
1706817600000,21.59,21.77,21.54,21.69,55801.291
1706832000000,21.69,21.93,21.62,21.85,59745.554
1706846400000,21.85,21.99,21.74,21.92,42309.058
1706860800000,21.91,22.06,21.7,22.02,69236.676
1706875200000,22.02,22.12,21.69,21.99,116093.835
1706889600000,21.99,22.08,21.69,21.78,73754.125
1706904000000,21.79,22.08,21.75,22.08,48456.871
1706918400000,22.08,22.25,22.01,22.05,76722.102
1706932800000,22.05,22.14,21.92,21.98,55070.653
1706947200000,21.99,22.11,21.89,22.01,64005.739
1706961600000,22.02,22.15,21.93,22.07,73497.238
1706976000000,22.08,22.17,22.03,22.14,55256.993
1706990400000,22.14,22.19,21.99,22.1,51400.42
1707004800000,22.1,22.14,21.88,22.07,69838.518
1707019200000,22.08,22.08,21.64,21.72,73609.161
1707033600000,21.72,21.89,21.45,21.83,87848.163
1707048000000,21.83,21.92,21.74,21.79,43284.06
1707062400000,21.79,21.8,21.46,21.55,67945.153
1707076800000,21.56,21.71,21.22,21.4,75600.742
1707091200000,21.4,21.58,21.14,21.58,79683.706
1707105600000,21.58,21.69,21.5,21.61,50232.094
1707120000000,21.62,21.68,21.49,21.59,73900.166
1707134400000,21.6,21.66,21.2,21.24,125508.418
1707148800000,21.24,21.44,21.16,21.43,80111.065
1707163200000,21.43,21.45,21.08,21.35,102784.496
1707177600000,21.36,21.57,21.29,21.47,65193.859
1707192000000,21.47,21.51,21.0,21.23,186844.777
1707206400000,21.23,21.26,20.79,20.85,208502.053
1707220800000,20.84,20.87,20.3,20.83,380923.619
1707235200000,20.84,20.86,20.07,20.24,337519.791
1707249600000,20.24,20.42,19.18,19.22,758653.972
1707264000000,19.22,19.73,19.08,19.47,434210.286
1707278400000,19.47,20.02,19.42,19.88,299114.363
1707292800000,19.89,20.06,19.82,19.99,186825.09
1707307200000,19.99,20.15,19.83,20.12,165395.81
1707321600000,20.12,20.61,20.02,20.48,192527.63
1707336000000,20.48,20.98,20.47,20.8,156637.694
1707350400000,20.81,20.88,20.57,20.62,145673.182
1707364800000,20.62,20.69,20.47,20.54,90172.449
1707379200000,20.54,20.77,20.48,20.57,68241.793
1707393600000,20.56,20.91,20.56,20.89,110428.222
1707408000000,20.88,20.89,20.51,20.61,142829.264
1707422400000,20.62,20.88,20.61,20.87,70273.306
1707436800000,20.87,21.03,20.69,20.85,91363.057
1707451200000,20.85,20.93,20.77,20.83,55203.992
1707465600000,20.82,21.04,20.72,21.04,102711.631
1707480000000,21.04,21.22,20.58,20.94,214152.232
1707494400000,20.95,21.16,20.89,21.03,84153.746
1707508800000,21.04,21.2,21.0,21.13,70195.27
1707523200000,21.13,21.23,20.78,21.02,112284.02
1707537600000,21.02,21.03,20.72,20.8,89268.336
1707552000000,20.8,20.93,20.37,20.6,138836.621
1707566400000,20.6,20.93,20.55,20.92,55327.756
1707580800000,20.93,21.04,20.83,20.91,66649.022
1707595200000,20.92,21.09,20.85,20.9,59769.577
1707609600000,20.9,21.17,20.82,21.16,81596.981
1707624000000,21.16,21.32,20.87,21.03,114212.56
1707638400000,21.03,21.11,20.74,20.93,66959.322
1707652800000,20.93,20.93,20.67,20.83,101245.499
1707667200000,20.84,20.85,20.59,20.66,98599.924
1707681600000,20.67,20.73,20.21,20.35,129109.888
1707696000000,20.34,20.51,19.99,20.24,149411.17
1707710400000,20.24,20.38,19.99,20.36,97069.083
1707724800000,20.35,20.58,20.12,20.24,105970.583
1707739200000,20.23,20.58,20.13,20.57,117338.781
1707753600000,20.56,20.91,20.44,20.65,164464.811
1707768000000,20.65,21.22,20.65,21.1,145198.02
1707782400000,21.1,21.25,20.8,20.91,169568.036
1707796800000,20.91,21.15,20.87,21.06,99187.834
1707811200000,21.05,21.23,20.82,20.97,141123.001
1707825600000,20.96,20.97,20.24,20.76,230961.122
1707840000000,20.75,20.88,20.62,20.64,69886.142
1707854400000,20.63,20.88,20.63,20.87,63994.729
1707868800000,20.86,20.88,20.63,20.67,64908.679
1707883200000,20.67,20.97,20.65,20.85,80026.75
1707897600000,20.84,21.24,20.75,21.15,168544.209
1707912000000,21.15,21.44,20.99,21.16,211733.244
1707926400000,21.16,21.19,20.92,21.16,127325.033
1707940800000,21.15,21.39,21.14,21.33,94735.561
1707955200000,21.33,21.76,21.2,21.74,172751.08
1707969600000,21.73,21.83,21.35,21.76,144657.189
1707984000000,21.76,22.0,21.62,21.78,140596.683
1707998400000,21.78,22.42,21.66,22.17,300433.239
1708012800000,22.17,22.37,21.91,22.24,179749.819
1708027200000,22.25,22.38,21.86,22.33,145206.088
1708041600000,22.34,22.64,22.15,22.57,112251.122
1708056000000,22.57,22.84,22.4,22.47,157399.079
1708070400000,22.47,22.97,22.39,22.79,190375.069
1708084800000,22.79,22.85,22.01,22.55,260030.612
1708099200000,22.54,22.69,22.2,22.43,185329.198
1708113600000,22.43,22.75,22.39,22.67,84040.694
1708128000000,22.67,22.87,22.49,22.77,75305.282
1708142400000,22.77,23.12,22.68,23.07,104791.457
1708156800000,23.06,23.08,22.48,22.7,128978.986
1708171200000,22.7,24.61,22.45,23.46,1510185.987
1708185600000,23.45,24.96,23.17,24.49,919904.854
1708200000000,24.49,25.0,24.24,24.85,330480.252
1708214400000,24.85,26.11,24.61,26.08,559828.687
1708228800000,26.07,27.0,25.11,25.88,754659.417
1708243200000,25.88,26.07,25.42,25.75,277372.196
1708257600000,25.74,26.77,25.63,26.3,354374.124
1708272000000,26.31,26.41,25.69,25.94,213577.383
1708286400000,25.95,26.15,25.57,25.69,168465.893
1708300800000,25.69,26.45,25.51,26.25,156768.034
1708315200000,26.25,26.27,25.52,25.59,185581.699
1708329600000,25.6,25.86,25.13,25.63,227769.547
1708344000000,25.63,26.2,25.42,25.87,226571.634
1708358400000,25.86,26.24,25.54,26.17,167769.687
1708372800000,26.17,27.28,26.01,26.89,322164.153
1708387200000,26.9,27.41,26.06,26.27,298978.899
1708401600000,26.27,26.65,26.01,26.29,103934.622
1708416000000,26.3,26.4,25.02,25.36,438625.129
1708430400000,25.36,25.72,23.0,23.99,576052.958
1708444800000,23.98,24.66,23.66,24.64,220326.125
1708459200000,24.63,24.97,24.46,24.82,145411.418
1708473600000,24.82,25.18,24.57,24.83,118546.802
1708488000000,24.82,25.01,24.11,24.24,178501.527
1708502400000,24.24,24.53,23.53,23.82,231896.283
1708516800000,23.83,24.41,23.61,24.25,188293.662
1708531200000,24.25,24.3,23.45,23.98,118565.435
1708545600000,23.98,24.7,23.88,24.54,80121.891
1708560000000,24.53,26.78,23.73,24.39,683289.874
1708574400000,24.39,29.07,24.21,28.37,994119.41
1708588800000,28.37,29.8,27.37,28.3,1236549.875
1708603200000,28.3,28.38,27.01,27.52,483667.624
1708617600000,27.53,27.65,26.81,26.97,312043.601
1708632000000,26.97,27.35,26.71,26.77,220881.97
1708646400000,26.78,27.74,26.55,26.82,370354.519
1708660800000,26.82,27.38,26.03,26.31,361227.785
1708675200000,26.32,27.79,26.13,27.73,334707.417
1708689600000,27.73,27.94,26.78,26.83,396087.129
1708704000000,26.84,27.65,26.4,27.1,228581.268
1708718400000,27.1,27.29,26.51,26.86,105746.057
1708732800000,26.86,27.85,26.85,27.67,192851.709
1708747200000,27.66,27.98,27.33,27.75,127550.083
1708761600000,27.75,28.08,27.48,27.68,115041.217
1708776000000,27.67,28.13,27.45,27.72,169980.39
1708790400000,27.71,27.89,27.39,27.7,128516.835
1708804800000,27.68,28.16,27.57,28.01,96995.558
1708819200000,28.0,28.3,27.42,27.76,146052.897
1708833600000,27.75,27.78,27.44,27.47,110040.686
1708848000000,27.47,27.76,27.37,27.67,68659.752
1708862400000,27.67,28.07,27.46,27.58,108780.664
1708876800000,27.58,27.92,27.35,27.86,63602.439
1708891200000,27.85,28.13,27.72,27.76,82957.746
1708905600000,27.77,28.27,27.67,28.13,96320.962
1708920000000,28.12,28.98,27.94,28.69,159700.178
1708934400000,28.7,29.02,27.78,28.26,211455.008
1708948800000,28.26,28.62,27.91,28.57,112612.158
1708963200000,28.56,28.63,27.82,28.28,128975.126
1708977600000,28.27,28.32,27.88,28.13,108322.706
1708992000000,28.13,29.21,28.0,28.83,194658.645
1709006400000,28.83,29.58,28.69,29.32,152165.042
1709020800000,29.31,30.08,29.28,29.53,212640.34
1709035200000,29.53,30.06,28.39,28.55,328000.117
1709049600000,28.56,29.18,28.36,28.74,198436.615
1709064000000,28.75,29.11,28.4,28.79,109694.41
1709078400000,28.81,29.14,28.66,28.98,95702.975
1709092800000,28.97,29.05,28.49,28.89,147591.355
1709107200000,28.89,29.71,28.46,29.04,248992.761
1709121600000,29.04,29.29,28.19,28.59,340681.752
1709136000000,28.59,29.57,25.54,27.42,631055.316
1709150400000,27.43,28.67,27.15,28.37,174663.152
1709164800000,28.38,29.02,28.17,28.51,162794.604
1709179200000,28.52,30.27,28.37,29.89,349418.451
1709193600000,29.89,30.48,29.43,29.51,201375.335
1709208000000,29.5,29.89,29.17,29.69,171282.003
1709222400000,29.69,29.79,28.4,28.46,300147.014
1709236800000,28.46,28.74,27.0,27.94,248665.088
1709251200000,27.95,28.94,27.92,28.8,149917.644
1709265600000,28.8,29.15,28.63,28.71,183368.687
1709280000000,28.71,29.52,28.6,29.28,109132.576
1709294400000,29.27,29.45,28.68,28.82,145404.541
1709308800000,28.83,29.72,28.66,29.5,142067.294
1709323200000,29.5,29.74,29.33,29.58,114881.149
1709337600000,29.59,31.11,29.31,31.02,337718.903
1709352000000,31.02,31.36,30.25,30.9,288598.119
1709366400000,30.91,31.21,30.2,31.11,194433.594
1709380800000,31.12,31.66,30.74,31.36,289233.469
1709395200000,31.37,32.45,31.26,32.36,203832.258
1709409600000,32.36,33.42,31.92,33.15,227697.4
1709424000000,33.16,33.38,31.9,32.63,287456.138
1709438400000,32.62,33.12,29.14,31.72,372828.991
1709452800000,31.73,32.5,31.68,32.16,217164.172
1709467200000,32.16,32.72,31.37,31.95,216702.556
1709481600000,31.96,32.24,31.55,31.79,151852.075
1709496000000,31.8,31.96,31.52,31.67,121706.107
1709510400000,31.68,32.22,31.06,31.5,205896.088
1709524800000,31.49,32.41,31.26,32.35,195070.395
1709539200000,32.36,33.23,31.84,32.37,248462.199
1709553600000,32.37,32.71,31.54,32.08,230395.95
1709568000000,32.08,32.87,30.83,32.38,410319.576
1709582400000,32.38,33.3,32.15,32.86,263544.51
1709596800000,32.86,33.37,32.27,32.57,239810.444
1709611200000,32.57,34.82,32.57,33.58,443248.077
1709625600000,33.58,34.65,33.19,34.02,298447.88
1709640000000,34.02,35.08,33.16,34.22,522229.219
1709654400000,34.23,34.56,25.81,29.0,768471.711
1709668800000,29.0,30.51,27.73,30.33,546966.714
1709683200000,30.32,30.94,29.12,29.88,316688.794
1709697600000,29.87,31.83,29.86,31.72,245723.346
1709712000000,31.73,32.13,30.94,31.43,204260.738
1709726400000,31.43,31.62,30.05,31.0,249203.309
1709740800000,31.01,31.96,30.94,31.94,134630.941
1709755200000,31.94,33.1,31.8,32.89,171199.878
1709769600000,32.89,34.26,32.63,33.34,259993.727
1709784000000,33.34,33.78,32.66,33.42,284299.247
1709798400000,33.41,34.01,33.38,33.96,233631.252
1709812800000,33.95,34.29,33.1,33.76,323217.481
1709827200000,33.76,34.28,33.33,34.05,243922.411
1709841600000,34.04,34.55,34.01,34.1,133325.062
1709856000000,34.1,34.7,33.71,33.85,157332.191
1709870400000,33.85,34.01,33.56,33.79,118076.071
1709884800000,33.78,35.08,33.76,34.47,217034.536
1709899200000,34.47,34.5,31.9,33.87,261888.859
1709913600000,33.85,34.31,33.04,33.71,253493.813
1709928000000,33.71,34.78,33.68,34.63,211364.544
1709942400000,34.63,35.28,34.17,34.82,223010.714
1709956800000,34.82,35.54,34.53,35.23,328287.698
1709971200000,35.23,35.67,34.9,35.3,230167.142
1709985600000,35.3,35.43,34.72,34.97,169190.059
1710000000000,34.98,35.05,33.9,33.93,164389.807
1710014400000,33.94,34.31,33.76,34.27,106146.683
1710028800000,34.28,34.98,34.25,34.55,165564.407
1710043200000,34.56,34.61,34.17,34.27,119227.367
1710057600000,34.27,34.36,33.1,33.47,245639.165
1710072000000,33.46,33.72,32.09,32.96,212979.984
1710086400000,32.96,33.79,32.95,33.59,150221.001
1710100800000,33.58,34.0,32.76,33.79,127499.491
1710115200000,33.78,34.01,31.3,33.14,190055.904
1710129600000,33.14,33.9,32.66,33.76,131452.859
1710144000000,33.77,33.86,32.54,32.83,308873.2
1710158400000,32.83,33.39,32.64,33.09,249672.486
1710172800000,33.1,34.67,32.9,34.32,343284.597
1710187200000,34.33,35.21,34.26,34.92,172004.277
1710201600000,34.92,35.2,34.22,34.33,184355.647
1710216000000,34.33,34.55,33.44,33.67,181944.766
1710230400000,33.67,33.83,32.6,33.21,222694.189
1710244800000,33.21,33.9,32.53,33.3,232979.618
1710259200000,33.31,33.96,31.15,33.76,307294.54
1710273600000,33.77,34.34,33.39,34.22,121518.903
1710288000000,34.23,35.76,34.09,35.48,291856.322
1710302400000,35.49,35.5,34.55,34.73,222806.12
1710316800000,34.74,35.02,34.24,34.46,237618.539
1710331200000,34.46,34.57,33.07,33.3,296046.693
1710345600000,33.3,34.98,33.14,34.97,233234.536
1710360000000,34.96,35.07,34.37,34.9,159777.341
1710374400000,34.91,35.16,34.21,34.5,157368.488
1710388800000,34.49,34.77,34.14,34.58,145052.747
1710403200000,34.57,35.6,33.9,34.45,213486.38
1710417600000,34.46,34.7,32.62,32.99,317194.314
1710432000000,32.98,33.91,31.85,32.83,304460.448
1710446400000,32.83,34.43,32.78,34.13,126911.829
1710460800000,34.14,35.18,30.7,32.14,357209.402
1710475200000,32.13,32.66,31.41,32.37,210602.966
1710489600000,32.37,32.42,29.04,30.76,418922.12
1710504000000,30.77,31.43,30.46,31.07,162968.803
1710518400000,31.07,32.04,30.66,31.15,152236.076
1710532800000,31.16,31.65,30.41,31.53,145895.288
1710547200000,31.53,31.93,31.33,31.76,124423.023
1710561600000,31.78,32.23,31.35,32.11,146065.071
1710576000000,32.11,32.18,30.82,31.15,142653.346
1710590400000,31.14,31.16,29.66,30.2,234300.445
1710604800000,30.2,30.2,28.21,28.94,314396.041
1710619200000,28.94,29.44,28.26,29.11,191252.88
1710633600000,29.11,29.56,28.49,29.48,142488.853
1710648000000,29.48,29.49,27.26,28.21,241457.469
1710662400000,28.19,29.65,28.12,29.18,200816.894
1710676800000,29.17,29.83,28.7,29.71,165917.038
1710691200000,29.7,29.93,29.55,29.77,128461.259
1710705600000,29.76,29.8,29.11,29.29,105829.032
1710720000000,29.29,29.37,28.33,29.17,174474.535
1710734400000,29.16,29.55,28.85,29.16,104058.441
1710748800000,29.17,29.18,28.19,28.77,162164.255
1710763200000,28.75,28.89,27.5,27.94,255107.784
1710777600000,27.93,28.26,26.96,27.18,235250.171
1710792000000,27.19,27.9,27.19,27.6,125630.374
1710806400000,27.59,27.87,25.57,26.22,395823.343
1710820800000,26.22,26.33,24.6,25.63,293409.983
1710835200000,25.62,25.63,24.38,25.56,378392.147
1710849600000,25.56,26.26,25.07,26.12,239568.292
1710864000000,26.12,26.85,26.03,26.53,176477.15
1710878400000,26.54,26.59,24.45,25.04,242889.443
1710892800000,25.04,25.83,24.85,25.03,171814.954
1710907200000,25.03,26.39,24.29,26.2,272219.685
1710921600000,26.21,26.73,25.73,26.7,172977.815
1710936000000,26.7,26.88,26.09,26.25,201098.464
1710950400000,26.24,28.01,25.34,27.92,412109.51
1710964800000,27.91,28.54,27.81,28.36,170093.902
1710979200000,28.34,29.52,28.24,29.2,217436.391
1710993600000,29.2,29.37,28.3,28.83,183448.421
1711008000000,28.83,29.03,28.53,28.76,119470.956
1711022400000,28.76,29.34,28.69,29.16,194174.68
1711036800000,29.16,29.93,28.54,29.18,222052.968
1711051200000,29.18,29.86,28.82,29.43,121004.592
1711065600000,29.43,29.72,28.67,29.32,131470.145
1711080000000,29.32,29.57,29.05,29.48,117745.991
1711094400000,29.49,29.59,28.3,28.46,184302.442
1711108800000,28.46,29.0,27.8,28.65,338850.755
1711123200000,28.65,28.97,28.1,28.82,180904.25
1711137600000,28.83,28.85,27.96,28.82,145977.803
1711152000000,28.82,29.4,28.25,28.65,135477.187
1711166400000,28.65,29.1,28.6,28.89,74380.38
1711180800000,28.89,28.99,28.52,28.9,97296.753
1711195200000,28.9,29.56,28.8,29.35,155304.026
1711209600000,29.36,29.47,28.98,29.05,78329.44
1711224000000,29.05,29.31,28.62,28.69,81358.391
1711238400000,28.7,29.23,28.65,28.78,71867.856
1711252800000,28.79,29.44,28.62,29.0,103907.865
1711267200000,29.0,29.39,28.94,29.33,65743.416
1711281600000,29.34,29.57,29.13,29.37,105761.544
1711296000000,29.37,29.58,28.81,29.47,139625.429
1711310400000,29.47,29.92,29.34,29.81,113679.718
1711324800000,29.82,30.15,29.65,30.04,93555.019
1711339200000,30.03,30.12,29.56,29.66,84408.895
1711353600000,29.66,30.25,29.56,29.65,102736.216
1711368000000,29.65,30.46,29.57,30.24,164440.14
1711382400000,30.25,30.74,30.1,30.71,131155.392
1711396800000,30.72,30.76,29.97,30.36,125619.21
1711411200000,30.36,31.05,30.36,30.92,98771.549
1711425600000,30.91,31.29,30.7,30.93,110034.955
1711440000000,30.94,31.88,30.83,31.45,146154.736
1711454400000,31.44,31.62,30.75,31.51,197666.039
1711468800000,31.51,31.95,30.81,31.35,190568.103
1711483200000,31.36,31.91,31.35,31.67,92777.47
1711497600000,31.67,32.07,31.33,31.37,86214.91
1711512000000,31.37,31.59,30.48,30.71,146475.237
1711526400000,30.72,31.32,30.04,31.26,128712.404
1711540800000,31.26,31.54,29.74,30.56,275496.029
1711555200000,30.56,31.15,30.32,31.04,110300.848
1711569600000,31.03,31.45,30.8,31.05,98949.282
1711584000000,31.05,31.39,30.38,30.73,90618.375
1711598400000,30.72,31.75,30.7,31.57,83447.183
1711612800000,31.57,31.72,31.17,31.3,89600.102
1711627200000,31.29,31.44,30.75,30.94,92308.353
1711641600000,30.96,31.23,30.83,30.93,93750.218
1711656000000,30.93,31.02,30.62,30.84,68382.677
1711670400000,30.84,30.87,30.32,30.78,112905.494
1711684800000,30.78,31.06,30.04,30.17,97711.852
1711699200000,30.17,31.56,30.15,31.19,156791.77
1711713600000,31.16,31.31,30.19,30.54,206207.201
1711728000000,30.53,30.96,30.46,30.63,80648.769
1711742400000,30.63,30.83,29.98,30.75,101938.904
1711756800000,30.75,30.91,30.36,30.47,81166.37
1711771200000,30.46,30.73,30.19,30.22,62921.671
1711785600000,30.22,30.46,30.06,30.4,69287.757
1711800000000,30.39,30.43,30.06,30.24,73798.177
1711814400000,30.24,30.62,30.19,30.48,80024.359
1711828800000,30.48,30.54,29.83,30.13,103199.012
1711843200000,30.14,30.57,30.0,30.48,90144.326
1711857600000,30.46,30.76,30.29,30.62,59486.154
1711872000000,30.62,30.76,30.47,30.63,52687.092
1711886400000,30.63,30.79,30.46,30.5,78889.898
1711900800000,30.49,30.78,30.42,30.61,66158.867
1711915200000,30.61,30.69,30.13,30.5,79000.053
1711929600000,30.5,30.59,30.17,30.35,116648.331
1711944000000,30.36,30.5,28.43,29.64,287133.888
1711958400000,29.64,29.64,29.03,29.12,102382.912
1711972800000,29.13,29.56,28.11,28.3,199295.741
1711987200000,28.3,28.69,27.91,28.64,136804.78
1712001600000,28.65,29.09,28.49,28.99,66049.056
1712016000000,28.99,29.01,26.92,27.72,193247.592
1712030400000,27.73,28.1,27.54,27.71,79728.79
1712044800000,27.71,27.87,27.01,27.53,191454.84
1712059200000,27.53,27.86,27.0,27.18,127394.799
1712073600000,27.17,27.98,27.06,27.82,119818.841
1712088000000,27.82,28.01,27.56,27.7,66218.881
1712102400000,27.7,28.07,26.82,28.04,162969.156
1712116800000,28.04,28.45,27.93,28.18,106299.362
1712131200000,28.17,28.33,27.71,27.88,135443.106
1712145600000,27.88,28.06,27.44,27.58,100713.936
1712160000000,27.59,27.95,27.1,27.25,95094.966
1712174400000,27.25,27.36,26.74,27.2,89768.749
1712188800000,27.21,27.55,26.79,27.16,86029.32
1712203200000,27.16,27.62,26.86,27.52,77260.121
1712217600000,27.52,28.0,27.46,27.94,86317.672
1712232000000,27.94,28.21,27.78,27.87,96168.071
1712246400000,27.87,28.24,27.72,27.87,116421.309
1712260800000,27.88,27.89,27.23,27.69,147555.466
1712275200000,27.69,27.77,26.95,27.38,102229.708
1712289600000,27.39,27.47,26.47,27.23,161013.151
1712304000000,27.24,27.52,26.67,26.71,117960.973
1712318400000,26.7,27.54,26.5,27.51,124855.632
1712332800000,27.51,27.65,27.21,27.32,61843.158
1712347200000,27.32,27.48,27.29,27.32,50753.191
1712361600000,27.31,27.62,27.16,27.45,59967.435
1712376000000,27.46,27.66,27.37,27.58,53894.368
1712390400000,27.57,27.75,27.49,27.68,55792.95
1712404800000,27.68,27.69,27.26,27.56,73535.054
1712419200000,27.56,27.7,27.32,27.38,51362.621
1712433600000,27.38,27.88,27.34,27.52,46223.401
1712448000000,27.53,27.92,27.45,27.88,47832.25
1712462400000,27.88,27.92,27.63,27.73,54199.525
1712476800000,27.72,28.1,27.64,28.0,62940.827
1712491200000,28.01,28.17,27.8,27.87,76491.574
1712505600000,27.87,28.13,27.53,27.62,63715.536
1712520000000,27.62,27.95,27.56,27.88,49861.654
1712534400000,27.88,28.06,27.47,27.58,65996.875
1712548800000,27.59,27.91,27.35,27.8,58525.745
1712563200000,27.81,28.45,27.79,28.43,150276.884
1712577600000,28.44,28.58,28.23,28.44,70339.913
1712592000000,28.44,28.71,28.41,28.6,60328.669
1712606400000,28.61,28.74,28.5,28.55,62119.843
1712620800000,28.55,28.65,28.24,28.35,71688.212
1712635200000,28.36,28.86,28.15,28.29,113437.368
1712649600000,28.29,28.67,27.83,28.51,128946.843
1712664000000,28.51,28.62,27.5,28.03,144395.856
1712678400000,28.03,28.19,27.67,28.01,70483.12
1712692800000,28.01,28.11,27.47,27.66,60229.204
1712707200000,27.67,27.82,26.87,27.23,123631.475
1712721600000,27.23,27.48,27.11,27.28,46705.894
1712736000000,27.28,27.34,26.82,27.11,93584.132
1712750400000,27.11,27.13,25.98,26.89,249772.009
1712764800000,26.89,27.21,26.71,27.1,72745.512
1712779200000,27.1,27.21,26.83,27.09,45625.93
1712793600000,27.08,27.26,26.96,27.06,52199.264
1712808000000,27.06,27.19,26.86,27.08,37925.1
1712822400000,27.07,27.21,26.46,26.54,59215.768
1712836800000,26.53,26.96,26.29,26.61,102459.877
1712851200000,26.61,26.85,26.34,26.6,71809.814
1712865600000,26.59,26.8,26.36,26.55,54469.491
1712880000000,26.55,26.99,26.53,26.93,43694.677
1712894400000,26.93,27.04,26.67,26.79,54016.379
1712908800000,26.78,26.99,26.54,26.94,70331.715
1712923200000,26.93,26.95,26.06,26.4,133811.4
1712937600000,26.4,26.4,20.69,22.49,686580.83
1712952000000,22.49,23.41,22.41,23.22,193646.824
1712966400000,23.21,23.59,22.36,23.41,181757.086
1712980800000,23.41,23.77,23.24,23.57,77242.626
1712995200000,23.57,23.85,23.32,23.52,66539.666
1713009600000,23.52,23.89,23.39,23.52,90258.11
1713024000000,23.52,23.61,19.89,20.71,420083.924
1713038400000,20.71,20.96,17.66,20.43,760163.951
1713052800000,20.44,20.59,19.71,20.3,256740.375
1713067200000,20.3,21.8,20.23,21.67,186207.301
1713081600000,21.67,21.86,20.74,20.94,171417.017
1713096000000,20.94,21.37,20.44,20.94,220477.936
1713110400000,20.93,21.45,20.14,21.08,245686.723
1713124800000,21.08,22.13,20.8,21.94,150623.463
1713139200000,21.94,22.06,21.47,21.88,91081.09
1713153600000,21.89,22.95,21.53,22.75,144956.794
1713168000000,22.74,22.9,22.16,22.2,98374.023
1713182400000,22.21,22.66,21.22,21.78,345682.732
1713196800000,21.79,21.91,20.39,21.49,338564.396
1713211200000,21.49,21.62,20.93,21.21,111292.87
1713225600000,21.21,21.45,20.71,20.96,122898.676
1713240000000,20.95,21.81,20.34,21.69,143331.833
1713254400000,21.7,21.74,20.69,21.43,169043.809
1713268800000,21.43,21.45,20.56,20.63,222002.113
1713283200000,20.63,21.39,20.52,21.09,161959.74
1713297600000,21.09,21.52,21.0,21.39,103844.49
1713312000000,21.39,21.53,21.02,21.26,112606.256
1713326400000,21.25,21.58,21.05,21.22,117178.149
1713340800000,21.22,21.36,20.63,20.65,100685.332
1713355200000,20.66,20.92,20.02,20.3,250579.584
1713369600000,20.31,21.47,20.08,21.09,206935.004
1713384000000,21.09,21.41,20.85,21.03,102635.533
1713398400000,21.03,21.33,20.55,21.22,109729.026
1713412800000,21.21,21.38,20.49,20.64,125557.527
1713427200000,20.64,21.63,20.43,21.5,129128.395
1713441600000,21.5,22.0,21.08,21.84,175356.908
1713456000000,21.84,21.91,21.3,21.75,143780.144
1713470400000,21.75,22.16,21.6,22.0,96181.643
1713484800000,22.0,22.0,20.2,21.29,310422.389
1713499200000,21.28,22.73,21.26,22.42,223985.194
1713513600000,22.41,22.87,22.4,22.52,157813.119
1713528000000,22.51,22.7,22.14,22.42,135088.586
1713542400000,22.42,22.64,22.06,22.59,122591.358
1713556800000,22.58,22.59,21.74,22.25,115158.688
1713571200000,22.25,22.64,21.91,22.48,102465.208
1713585600000,22.48,22.62,22.37,22.51,46615.343
1713600000000,22.52,22.53,22.25,22.44,54151.597
1713614400000,22.45,22.92,22.43,22.91,68493.892
1713628800000,22.9,23.39,22.76,23.19,134707.396
1713643200000,23.18,23.34,23.02,23.23,68261.235
1713657600000,23.22,23.57,22.84,23.31,87677.366
1713672000000,23.3,23.36,23.05,23.25,79845.492
1713686400000,23.25,23.29,22.74,22.99,116993.977
1713700800000,22.99,23.07,22.54,22.89,107449.851
1713715200000,22.9,24.09,22.3,22.53,423327.36
1713729600000,22.53,22.97,22.44,22.72,138462.3
1713744000000,22.72,23.13,22.63,22.97,184933.754
1713758400000,22.97,24.34,22.96,23.71,243781.946
1713772800000,23.71,23.83,23.46,23.6,74462.346
1713787200000,23.61,24.02,23.56,23.94,119900.275
1713801600000,23.94,24.13,23.74,24.08,99680.15
1713816000000,24.08,24.54,23.99,24.28,86023.659
1713830400000,24.27,24.46,23.82,23.87,114487.086
1713844800000,23.86,24.07,23.54,23.67,90618.132
1713859200000,23.67,24.15,23.67,23.91,96399.132
1713873600000,23.91,24.36,23.81,24.02,126774.839
1713888000000,24.02,24.44,23.76,24.42,143123.936
1713902400000,24.42,24.42,23.74,23.94,110341.348
1713916800000,23.94,24.29,23.74,24.11,78200.305
1713931200000,24.1,24.43,23.94,24.03,93061.373
1713945600000,24.03,24.42,23.79,24.32,101817.949
1713960000000,24.32,24.41,23.11,23.17,166125.959
1713974400000,23.17,23.51,22.78,23.14,122004.705
1713988800000,23.15,23.25,22.57,22.88,73743.351
1714003200000,22.88,23.19,22.51,22.63,77874.715
1714017600000,22.63,22.93,22.24,22.71,73843.128
1714032000000,22.72,22.84,22.3,22.74,70406.572
1714046400000,22.73,23.29,22.33,23.26,112100.92
1714060800000,23.26,23.6,23.2,23.47,98164.356
1714075200000,23.46,23.56,23.14,23.34,60880.708
1714089600000,23.33,23.4,22.66,22.99,96096.508
1714104000000,22.99,23.37,22.84,22.98,74272.381
1714118400000,22.99,23.11,22.64,22.87,54828.07
1714132800000,22.88,23.24,22.54,22.86,150934.782
1714147200000,22.86,23.1,22.73,23.02,56139.608
1714161600000,23.02,23.21,22.74,22.87,52322.068
1714176000000,22.88,23.07,22.11,22.82,107276.748
1714190400000,22.82,23.0,22.64,22.66,48298.058
1714204800000,22.65,22.81,22.46,22.66,68567.507
1714219200000,22.66,23.05,22.6,22.67,66120.315
1714233600000,22.68,23.13,22.51,23.11,78292.103
1714248000000,23.11,23.26,23.0,23.21,44781.468
1714262400000,23.2,23.64,23.17,23.45,65555.261
1714276800000,23.46,23.47,23.17,23.25,44519.975
1714291200000,23.25,23.29,22.78,22.87,58128.636
1714305600000,22.86,23.28,22.85,22.91,102719.754
1714320000000,22.91,23.2,22.88,23.05,65081.84
1714334400000,23.06,23.12,22.36,22.46,80752.505
1714348800000,22.47,22.73,22.11,22.17,72608.333
1714363200000,22.16,22.43,21.86,22.18,112788.109
1714377600000,22.18,22.3,21.95,22.05,122336.897
1714392000000,22.04,22.61,21.73,22.48,157779.189
1714406400000,22.47,22.72,22.27,22.3,125667.253
1714420800000,22.3,22.63,22.1,22.34,75156.369
1714435200000,22.35,22.55,21.96,22.42,84815.599
1714449600000,22.42,22.45,21.96,21.99,46955.993
1714464000000,21.99,22.08,20.91,21.06,243343.735
1714478400000,21.04,21.16,20.61,20.86,169682.229
1714492800000,20.86,20.94,20.41,20.68,142597.665
1714507200000,20.69,21.46,20.69,21.35,89791.194
1714521600000,21.34,21.4,20.97,21.38,66240.037
1714536000000,21.37,21.52,20.23,20.57,129908.183
1714550400000,20.58,20.87,20.14,20.86,136859.304
1714564800000,20.86,21.05,20.66,20.96,115045.038
1714579200000,20.95,22.07,20.86,21.45,174497.324
1714593600000,21.45,22.32,21.36,22.2,107620.053
1714608000000,22.21,22.36,21.62,22.01,136944.22
1714622400000,22.01,22.07,21.56,21.72,64035.588
1714636800000,21.71,22.8,21.66,22.73,76428.563
1714651200000,22.73,22.91,22.25,22.69,107928.136
1714665600000,22.68,22.74,22.43,22.73,83111.995
1714680000000,22.73,23.06,22.51,22.74,78118.014
1714694400000,22.73,22.96,22.52,22.64,71127.2
1714708800000,22.64,22.71,22.37,22.46,60306.643
1714723200000,22.45,22.57,22.15,22.34,59242.825
1714737600000,22.34,23.18,22.3,23.11,92442.51
1714752000000,23.12,23.42,23.02,23.18,61526.471
1714766400000,23.18,23.36,22.95,23.01,71075.593
1714780800000,23.02,23.13,22.69,22.93,65457.248
1714795200000,22.93,23.11,22.77,22.86,58083.902
1714809600000,22.85,23.34,22.83,22.97,67652.937
1714824000000,22.97,23.26,22.94,23.22,60445.37
1714838400000,23.21,23.32,23.06,23.27,64912.57
1714852800000,23.28,23.32,22.95,23.07,70394.364
1714867200000,23.07,23.17,22.61,22.76,96813.731
1714881600000,22.75,22.87,22.6,22.8,47183.608
1714896000000,22.8,23.08,22.75,23.02,47049.733
1714910400000,23.02,23.3,22.82,23.22,93450.179
1714924800000,23.23,23.3,22.95,22.98,55239.161
1714939200000,22.98,23.17,22.88,23.06,50232.287
1714953600000,23.06,23.48,22.88,23.1,81653.153
1714968000000,23.09,23.5,23.01,23.48,74121.38
1714982400000,23.47,23.92,23.08,23.41,151672.021
1714996800000,23.41,23.44,22.78,23.14,133412.611
1715011200000,23.13,23.27,22.91,23.1,134101.26
1715025600000,23.1,23.22,22.82,22.85,60717.885
1715040000000,22.85,23.19,22.64,22.82,95105.509
1715054400000,22.81,23.02,22.71,22.86,49328.415
1715068800000,22.86,23.28,22.76,22.83,84047.6
1715083200000,22.83,23.09,22.71,22.79,79472.039
1715097600000,22.81,23.08,22.79,22.9,66037.063
1715112000000,22.9,22.96,22.33,22.42,70286.242
1715126400000,22.42,22.61,22.3,22.58,61088.207
1715140800000,22.59,22.63,22.21,22.29,94170.085
1715155200000,22.3,22.58,22.22,22.4,52857.209
1715169600000,22.41,23.07,22.28,22.91,125838.481
1715184000000,22.92,23.34,22.74,23.26,102679.122
1715198400000,23.26,23.69,22.89,23.46,186517.512
1715212800000,23.46,23.62,23.1,23.45,99848.522
1715227200000,23.44,23.64,23.07,23.13,68192.827
1715241600000,23.13,23.29,22.85,23.18,73747.619
1715256000000,23.2,23.84,23.02,23.67,111698.203
1715270400000,23.67,23.83,23.38,23.48,74092.261
1715284800000,23.48,23.6,23.34,23.44,59699.148
1715299200000,23.45,23.68,23.4,23.59,54264.755
1715313600000,23.6,23.86,23.55,23.79,55964.28
1715328000000,23.79,24.07,23.76,23.96,85892.044
1715342400000,23.97,23.98,23.07,23.16,155060.956
1715356800000,23.15,23.39,22.87,22.97,88362.632
1715371200000,22.98,23.08,22.67,22.85,74565.088
1715385600000,22.85,23.03,22.68,22.69,58768.935
1715400000000,22.7,22.92,22.62,22.84,49908.166
1715414400000,22.85,22.87,22.5,22.65,52635.739
1715428800000,22.64,22.99,22.64,22.91,54415.735
1715443200000,22.92,23.0,22.66,22.76,38779.496
1715457600000,22.76,22.79,22.42,22.48,33862.533
1715472000000,22.48,22.63,22.43,22.6,32344.239
1715486400000,22.6,22.97,22.59,22.65,56938.778
1715500800000,22.66,22.95,22.55,22.76,44346.173
1715515200000,22.77,22.94,22.76,22.86,31492.702
1715529600000,22.86,22.92,22.53,22.61,41905.451
1715544000000,22.62,22.63,22.27,22.35,34995.684
1715558400000,22.35,22.5,21.51,21.81,121821.717
1715572800000,21.8,22.52,21.62,22.51,90221.84
1715587200000,22.5,22.69,22.1,22.12,91287.106
1715601600000,22.12,22.39,22.01,22.27,84668.614
1715616000000,22.27,22.42,21.8,21.97,88254.251
1715630400000,21.96,22.31,21.87,22.17,83340.118
1715644800000,22.17,22.43,22.01,22.14,69404.981
1715659200000,22.13,22.39,21.83,22.33,71484.297
1715673600000,22.34,22.34,22.07,22.29,44490.067
1715688000000,22.28,22.59,22.02,22.37,103046.207
1715702400000,22.38,22.42,22.12,22.25,87732.482
1715716800000,22.26,22.32,21.83,21.94,61357.57
1715731200000,21.94,22.43,21.88,22.39,67186.758
1715745600000,22.39,22.62,22.29,22.51,75972.406
1715760000000,22.5,22.6,22.1,22.26,76043.46
1715774400000,22.25,22.79,22.12,22.47,157606.069
1715788800000,22.47,23.23,22.4,23.17,68272.386
1715803200000,23.17,23.36,23.08,23.22,60597.027
1715817600000,23.22,23.55,23.11,23.46,66752.132
1715832000000,23.45,23.69,23.35,23.38,63176.087
1715846400000,23.38,23.49,23.18,23.3,51542.792
1715860800000,23.3,23.32,22.86,23.29,103024.795
1715875200000,23.29,23.65,23.1,23.5,83433.018
1715889600000,23.5,23.8,23.4,23.68,79539.622
1715904000000,23.68,23.89,23.3,23.31,65266.712
1715918400000,23.31,23.75,23.15,23.68,56245.811
1715932800000,23.67,23.7,23.31,23.43,46459.468
1715947200000,23.42,23.8,23.28,23.72,69653.146
1715961600000,23.72,23.93,23.48,23.71,68980.3
1715976000000,23.72,23.75,23.53,23.58,37237.144
1715990400000,23.57,23.72,23.46,23.57,50376.805
1716004800000,23.58,23.7,23.46,23.51,39720.194
1716019200000,23.52,23.65,23.5,23.56,32372.938
1716033600000,23.56,23.61,23.15,23.35,56127.902
1716048000000,23.35,23.6,23.35,23.52,36978.614
1716062400000,23.51,23.56,23.35,23.54,32036.93
1716076800000,23.55,23.71,23.44,23.63,25356.537
1716091200000,23.63,23.87,23.49,23.5,53521.359
1716105600000,23.49,23.52,23.08,23.34,49171.57
1716120000000,23.34,23.43,22.94,23.39,70732.693
1716134400000,23.39,23.52,23.2,23.27,61572.632
1716148800000,23.27,23.33,22.97,23.21,37184.629
1716163200000,23.22,23.46,22.98,23.4,53195.013
1716177600000,23.39,23.69,23.1,23.46,62248.014
1716192000000,23.47,23.78,23.35,23.46,71494.503
1716206400000,23.46,23.58,23.26,23.49,87244.005
1716220800000,23.48,24.42,23.35,24.37,112111.671
1716235200000,24.39,25.08,24.2,25.01,154493.818
1716249600000,25.02,25.5,24.75,24.79,167871.971
1716264000000,24.79,24.93,24.42,24.74,125080.916
1716278400000,24.75,24.91,24.61,24.69,67685.604
1716292800000,24.71,24.77,24.2,24.28,123473.57
1716307200000,24.28,24.67,24.2,24.42,59363.163
1716321600000,24.42,24.63,24.29,24.59,50035.026
1716336000000,24.59,24.7,24.45,24.61,43055.118
1716350400000,24.6,24.64,24.07,24.27,88612.091
1716364800000,24.26,24.51,24.17,24.28,45235.857
1716379200000,24.26,24.82,24.1,24.78,104276.101
1716393600000,24.79,24.98,24.29,24.46,70383.627
1716408000000,24.47,24.78,24.38,24.71,36364.993
1716422400000,24.7,25.16,24.54,25.12,54051.617
1716436800000,25.13,25.21,24.88,25.13,73248.379
1716451200000,25.13,25.18,24.8,25.15,51711.502
1716465600000,25.15,25.36,24.07,24.58,185303.84
1716480000000,24.57,24.61,23.89,24.04,84550.54
1716494400000,24.05,25.41,23.23,25.31,244127.495
1716508800000,25.31,26.96,25.18,26.76,325357.108
1716523200000,26.75,27.27,25.86,26.43,266086.839
1716537600000,26.43,27.04,26.21,26.91,219150.614
1716552000000,26.91,27.39,26.62,26.68,266922.701
1716566400000,26.69,27.13,26.47,27.05,131412.533
1716580800000,27.04,27.77,26.91,27.71,129197.082
1716595200000,27.72,27.8,27.29,27.34,91009.543
1716609600000,27.33,27.66,27.3,27.45,63855.835
1716624000000,27.45,27.65,27.12,27.19,83666.781
1716638400000,27.18,27.2,26.5,26.65,128095.56
1716652800000,26.65,26.93,26.55,26.85,60662.409
1716667200000,26.85,26.95,26.71,26.89,45005.864
1716681600000,26.88,27.16,26.79,26.94,39436.346
1716696000000,26.95,26.95,26.64,26.8,32859.312
1716710400000,26.79,26.82,26.31,26.47,52073.659
1716724800000,26.47,26.59,26.18,26.38,53277.463
1716739200000,26.38,26.54,26.23,26.51,32184.814
1716753600000,26.52,26.9,26.32,26.54,47232.918
1716768000000,26.54,26.74,26.36,26.55,49919.842
1716782400000,26.54,26.84,26.27,26.66,60740.829
1716796800000,26.66,27.67,26.63,27.45,87704.917
1716811200000,27.45,28.17,26.97,27.88,166481.113
1716825600000,27.89,27.93,27.13,27.33,87533.733
1716840000000,27.32,27.52,26.86,27.01,42689.328
1716854400000,27.02,27.08,26.52,26.84,55322.033
1716868800000,26.83,27.0,26.41,26.86,52330.679
1716883200000,26.87,27.01,26.63,26.77,54216.909
1716897600000,26.76,26.76,26.45,26.52,50869.429
1716912000000,26.53,26.74,26.18,26.7,49891.725
1716926400000,26.7,26.84,26.58,26.67,28293.055
1716940800000,26.67,26.81,26.38,26.75,36366.953
1716955200000,26.75,27.47,26.7,26.87,67768.404
1716969600000,26.88,27.42,26.65,27.13,67199.504
1716984000000,27.14,27.36,26.86,26.9,45040.188
1716998400000,26.9,27.31,26.72,27.03,59785.899
1717012800000,27.04,27.21,26.8,26.86,32488.573
1717027200000,26.86,27.29,26.82,27.24,27884.671
1717041600000,27.25,27.27,26.21,26.4,65103.711
1717056000000,26.4,27.24,26.2,26.7,91974.105
1717070400000,26.7,27.0,26.69,26.97,38898.091
1717084800000,26.98,27.08,26.68,26.8,47068.02
1717099200000,26.8,26.82,26.49,26.72,50317.569
1717113600000,26.72,26.79,26.38,26.56,41781.865
1717128000000,26.56,26.98,26.5,26.72,35418.521
1717142400000,26.71,26.98,26.68,26.83,38049.817
1717156800000,26.82,27.17,26.53,26.55,49922.045
1717171200000,26.54,27.04,26.35,26.99,56452.621
1717185600000,26.99,27.09,26.76,26.98,35795.725
1717200000000,26.99,27.04,26.83,26.95,25263.859
1717214400000,26.94,26.98,26.41,26.42,42644.648
1717228800000,26.41,26.67,26.34,26.65,44745.409
1717243200000,26.64,27.02,26.63,26.81,49841.718
1717257600000,26.81,26.96,26.72,26.8,17626.268
1717272000000,26.81,27.1,26.76,27.07,30019.871
1717286400000,27.07,27.36,27.03,27.2,40800.468
1717300800000,27.21,27.37,26.39,26.42,118070.608
1717315200000,26.42,26.8,26.37,26.76,42693.766
1717329600000,26.77,26.92,26.56,26.75,38930.698
1717344000000,26.75,26.8,26.25,26.37,43143.653
1717358400000,26.37,26.53,26.22,26.39,32229.723
1717372800000,26.39,26.82,26.06,26.73,52877.396
1717387200000,26.73,26.88,26.37,26.6,51517.712
1717401600000,26.61,26.85,26.49,26.55,51027.191
1717416000000,26.55,26.7,25.8,25.97,181421.569
1717430400000,25.96,25.99,25.51,25.61,83516.155
1717444800000,25.6,25.81,25.33,25.52,57298.252
1717459200000,25.53,25.73,25.34,25.66,56571.197
1717473600000,25.65,25.71,25.38,25.44,36234.283
1717488000000,25.45,25.56,25.23,25.3,46368.936
1717502400000,25.3,25.92,25.11,25.69,104194.442
1717516800000,25.7,27.36,25.69,26.85,222840.243
1717531200000,26.85,28.62,26.83,27.59,395714.18
1717545600000,27.59,27.83,27.1,27.18,127009.353
1717560000000,27.18,27.48,27.02,27.06,95657.334
1717574400000,27.07,27.18,26.76,26.93,81094.823
1717588800000,26.92,27.01,26.53,26.6,91438.412
1717603200000,26.61,26.71,26.46,26.6,61882.603
1717617600000,26.6,26.64,26.42,26.52,70917.163
1717632000000,26.52,26.7,26.26,26.31,58384.47
1717646400000,26.31,26.37,26.05,26.15,48300.104
1717660800000,26.16,26.51,26.1,26.41,49862.676
1717675200000,26.4,26.74,26.34,26.71,82150.632
1717689600000,26.71,27.4,26.64,26.81,105618.989
1717704000000,26.82,26.91,26.5,26.77,67570.623
1717718400000,26.78,26.9,26.59,26.69,35792.594
1717732800000,26.69,27.07,26.54,26.89,59466.606
1717747200000,26.88,27.07,26.6,26.96,41819.868
1717761600000,26.95,26.95,26.31,26.73,90591.719
1717776000000,26.74,26.91,22.6,24.85,378328.15
1717790400000,24.84,25.39,24.67,24.9,83200.641
1717804800000,24.91,25.3,24.78,25.19,47059.964
1717819200000,25.19,25.21,24.93,24.95,33449.432
1717833600000,24.94,24.96,24.0,24.11,85722.892
1717848000000,24.11,24.36,23.85,24.07,93458.412
1717862400000,24.07,24.1,23.45,23.55,79074.224
1717876800000,23.56,23.73,22.8,22.99,134902.116
1717891200000,22.99,23.34,22.93,23.21,68105.862
1717905600000,23.2,23.68,23.04,23.55,71510.309
1717920000000,23.55,23.65,23.43,23.48,34518.605
1717934400000,23.47,23.65,23.3,23.45,43096.098
1717948800000,23.45,23.65,23.3,23.62,39555.296
1717963200000,23.61,23.78,23.52,23.76,48898.68
1717977600000,23.75,24.07,23.57,23.76,51989.655
1717992000000,23.76,23.76,23.27,23.29,67244.805
1718006400000,23.3,23.84,23.29,23.62,60745.331
1718020800000,23.62,24.4,23.46,24.18,98879.641
1718035200000,24.19,24.26,23.64,23.65,75141.215
1718049600000,23.65,23.68,23.42,23.56,46951.325
1718064000000,23.56,23.83,22.8,23.33,97911.392
1718078400000,23.33,23.37,22.81,23.04,75395.896
1718092800000,23.04,23.19,22.83,23.05,45030.649
1718107200000,23.06,23.2,21.85,22.28,163644.121
1718121600000,22.28,22.83,22.19,22.72,87083.26
1718136000000,22.72,22.82,22.56,22.77,48598.166
1718150400000,22.76,23.0,22.31,22.98,56918.892
1718164800000,22.98,23.29,22.94,23.25,34030.0
1718179200000,23.25,23.82,23.11,23.4,84683.491
1718193600000,23.41,24.14,23.37,23.79,122708.258
1718208000000,23.78,24.0,23.31,23.52,87334.651
1718222400000,23.5,23.79,23.41,23.62,38802.457
1718236800000,23.61,23.86,22.96,23.29,79682.749
1718251200000,23.29,23.36,22.86,23.23,66119.931
1718265600000,23.22,23.34,23.01,23.05,33588.428
1718280000000,23.05,23.46,22.66,22.76,84054.579
1718294400000,22.76,23.14,22.65,22.97,52134.454
1718308800000,22.97,23.11,22.76,22.77,43771.958
1718323200000,22.77,23.14,22.58,23.01,66933.495
1718337600000,23.02,23.42,23.02,23.28,49592.709
1718352000000,23.28,23.76,23.22,23.58,86582.585
1718366400000,23.58,23.59,22.9,23.06,90477.05
1718380800000,23.06,23.08,21.73,22.44,183835.328
1718395200000,22.45,22.96,22.45,22.74,64111.956
1718409600000,22.74,23.06,22.54,22.87,61802.618
1718424000000,22.87,23.1,22.62,22.81,38860.791
1718438400000,22.82,22.9,22.62,22.77,44860.766
1718452800000,22.77,22.88,22.54,22.66,61804.55
1718467200000,22.65,22.73,22.42,22.64,55224.12
1718481600000,22.64,22.72,22.4,22.65,38441.869
1718496000000,22.67,22.98,22.36,22.47,57399.951
1718510400000,22.47,22.93,22.33,22.87,51308.496
1718524800000,22.87,23.05,22.75,23.05,34310.244
1718539200000,23.04,23.07,22.55,22.68,73008.346
1718553600000,22.67,22.73,22.6,22.65,32819.487
1718568000000,22.64,22.91,22.59,22.85,53478.883
1718582400000,22.85,23.04,22.32,22.39,76945.195
1718596800000,22.4,22.72,22.02,22.25,95110.35
1718611200000,22.24,22.27,21.59,21.94,136510.548
1718625600000,21.94,22.24,21.81,21.9,102189.091
1718640000000,21.9,22.29,20.93,21.87,176603.121
1718654400000,21.88,21.92,21.44,21.7,74908.263
1718668800000,21.71,21.81,18.63,20.16,392969.464
1718683200000,20.15,20.44,20.02,20.27,91046.131
1718697600000,20.26,20.44,19.8,20.05,82003.977
1718712000000,20.05,20.17,19.41,20.09,166259.001
1718726400000,20.09,20.09,19.53,20.02,122464.427
1718740800000,20.03,20.57,19.91,20.49,75861.866
1718755200000,20.5,21.18,20.36,21.08,103279.797
1718769600000,21.08,21.31,20.69,20.84,97392.576
1718784000000,20.84,20.88,20.46,20.61,69586.635
1718798400000,20.61,20.77,19.96,19.99,107891.27
1718812800000,19.99,20.25,19.75,19.84,88642.013
1718827200000,19.84,20.07,19.74,20.06,57555.691
1718841600000,20.06,20.36,19.91,20.1,64388.308
1718856000000,20.1,20.76,20.04,20.62,90483.386
1718870400000,20.62,20.73,20.36,20.46,73591.15
1718884800000,20.45,20.55,19.9,19.95,136974.37
1718899200000,19.95,20.1,19.74,20.07,89507.76
1718913600000,20.09,20.15,19.87,20.0,52429.173
1718928000000,20.01,20.42,19.81,20.35,68310.227
1718942400000,20.34,20.37,19.81,19.9,71984.029
1718956800000,19.9,20.15,19.55,20.15,112267.174
1718971200000,20.14,20.32,19.81,20.17,125774.926
1718985600000,20.16,20.21,19.63,19.96,102892.121
1719000000000,19.95,20.14,19.92,20.07,49646.343
1719014400000,20.06,20.1,19.78,20.1,48045.525
1719028800000,20.11,20.16,19.92,19.98,56373.313
1719043200000,19.99,19.99,19.8,19.94,48386.9
1719057600000,19.93,20.09,19.86,19.99,49032.345
1719072000000,19.99,20.14,19.97,20.06,41069.525
1719086400000,20.07,20.15,19.94,19.98,31397.245
1719100800000,19.98,20.23,19.94,20.21,31532.02
1719115200000,20.21,20.29,20.12,20.23,31705.337
1719129600000,20.23,20.41,20.1,20.17,57618.5
1719144000000,20.17,20.24,19.68,19.75,75184.886
1719158400000,19.75,19.76,19.44,19.71,74403.158
1719172800000,19.71,19.8,19.11,19.57,99937.579
1719187200000,19.56,19.83,19.44,19.65,66058.145
1719201600000,19.65,19.92,19.41,19.44,119684.598
1719216000000,19.44,19.79,18.7,19.36,205478.909
1719230400000,19.35,19.66,19.13,19.21,135114.612
1719244800000,19.21,19.48,19.05,19.39,151118.382
1719259200000,19.38,19.88,19.16,19.81,125278.775
1719273600000,19.82,19.89,19.46,19.77,84949.906
1719288000000,19.78,19.84,19.56,19.63,56087.578
1719302400000,19.62,20.1,19.54,19.94,102265.392
1719316800000,19.94,20.24,19.79,20.21,94322.046
1719331200000,20.21,20.37,20.07,20.19,73095.192
1719345600000,20.19,20.28,20.11,20.15,36532.207
1719360000000,20.14,20.44,20.04,20.2,79385.181
1719374400000,20.21,20.23,19.86,20.08,63446.473
1719388800000,20.08,20.1,19.61,19.73,70460.838
1719403200000,19.73,19.99,19.63,19.81,64740.393
1719417600000,19.81,19.89,19.46,19.89,79410.749
1719432000000,19.88,19.99,19.78,19.88,45493.705
1719446400000,19.88,20.04,19.73,20.02,54116.442
1719460800000,20.02,20.16,19.78,19.91,55062.718
1719475200000,19.92,20.37,19.89,20.25,61784.143
1719489600000,20.26,20.81,20.16,20.66,139392.479
1719504000000,20.67,20.84,20.62,20.79,67039.618
1719518400000,20.8,20.95,20.76,20.88,57213.188
1719532800000,20.87,20.89,20.61,20.8,52789.691
1719547200000,20.8,20.95,20.67,20.76,59848.793
1719561600000,20.77,20.93,20.7,20.88,41304.806
1719576000000,20.89,21.08,20.67,20.89,115326.517
1719590400000,20.88,20.93,20.66,20.85,52815.158
1719604800000,20.86,21.24,20.61,20.66,123787.498
1719619200000,20.65,20.86,20.55,20.73,61923.125
1719633600000,20.74,20.88,20.56,20.68,41274.605
1719648000000,20.68,20.78,20.51,20.62,41954.333
1719662400000,20.63,20.68,20.44,20.64,45090.804
1719676800000,20.65,20.67,20.33,20.47,53095.489
1719691200000,20.46,20.52,20.17,20.21,51202.595
1719705600000,20.22,20.32,19.9,19.95,73765.13
1719720000000,19.96,20.5,19.81,20.44,72122.707
1719734400000,20.43,20.97,20.42,20.73,80453.265
1719748800000,20.73,20.85,20.48,20.62,52168.124
1719763200000,20.63,20.68,20.43,20.5,40842.447
1719777600000,20.5,20.97,20.44,20.94,58764.458
1719792000000,20.94,21.0,20.65,20.75,58404.184
1719806400000,20.76,21.34,20.67,20.85,146641.465
1719820800000,20.85,20.85,20.49,20.58,106888.799
1719835200000,20.59,20.74,20.23,20.46,78910.214
1719849600000,20.47,20.76,20.39,20.74,50429.832
1719864000000,20.73,20.97,20.58,20.72,83822.65
1719878400000,20.71,20.77,20.43,20.63,48226.698
1719892800000,20.63,20.74,20.53,20.59,38021.276
1719907200000,20.58,20.69,20.4,20.6,94693.761
1719921600000,20.6,20.84,20.51,20.7,70963.325
1719936000000,20.7,20.8,20.5,20.74,70971.809
1719950400000,20.74,20.84,20.63,20.84,25700.458
1719964800000,20.84,20.9,20.28,20.57,99247.937
1719979200000,20.57,20.9,20.35,20.8,62508.257
1719993600000,20.81,21.02,20.5,20.7,102693.207
1720008000000,20.69,20.84,20.28,20.71,125231.005
1720022400000,20.7,20.7,19.82,20.05,133390.882
1720036800000,20.04,20.82,19.95,20.79,111556.327
1720051200000,20.79,20.85,19.71,19.95,274860.903
1720065600000,19.95,20.11,19.57,19.65,107970.561
1720080000000,19.66,19.9,19.07,19.47,198302.563
1720094400000,19.47,19.5,18.63,19.38,225121.077
1720108800000,19.39,19.64,18.95,19.2,136400.093
1720123200000,19.2,19.44,18.3,18.38,137052.718
1720137600000,18.38,18.39,15.68,16.4,941189.427
1720152000000,16.4,16.99,15.97,16.97,394624.991
1720166400000,16.98,17.56,16.38,17.41,301646.949
1720180800000,17.41,18.16,17.19,18.01,240631.992
1720195200000,18.02,18.21,17.7,18.1,116817.133
1720209600000,18.09,18.31,18.01,18.28,70726.181
1720224000000,18.28,18.76,18.19,18.57,125726.404
1720238400000,18.56,18.95,18.28,18.82,107398.566
1720252800000,18.82,18.97,18.42,18.88,116781.335
1720267200000,18.87,19.38,18.85,19.18,139799.369
1720281600000,19.18,19.95,19.12,19.66,119785.028
1720296000000,19.65,20.04,19.64,19.81,63331.922
1720310400000,19.81,19.83,19.42,19.7,75764.674
1720324800000,19.71,19.99,19.42,19.68,122542.606
1720339200000,19.68,20.02,19.61,19.79,100746.275
1720353600000,19.78,20.21,19.48,19.53,237850.399
1720368000000,19.53,19.71,19.37,19.47,106295.837
1720382400000,19.47,19.62,18.54,18.66,148811.491
1720396800000,18.66,19.3,17.6,18.96,366950.89
1720411200000,18.96,19.02,18.46,18.68,185477.208
1720425600000,18.69,20.47,18.63,20.14,205383.919
1720440000000,20.14,20.38,19.17,19.98,256150.507
1720454400000,19.97,20.24,19.73,20.19,105926.788
1720468800000,20.18,20.49,20.01,20.44,67591.085
1720483200000,20.43,21.0,20.27,20.74,185411.681
1720497600000,20.73,22.22,20.55,21.4,610022.502
1720512000000,21.39,22.21,21.25,21.79,508984.1
1720526400000,21.78,22.3,21.5,22.13,435488.116
1720540800000,22.12,22.93,22.12,22.77,419180.571
1720555200000,22.78,23.0,22.31,22.6,243482.453
1720569600000,22.6,23.2,22.23,22.93,302397.77
1720584000000,22.92,23.51,22.68,23.22,325490.73
1720598400000,23.23,23.46,22.8,23.07,230588.184
1720612800000,23.08,23.43,22.87,23.08,199364.153
1720627200000,23.08,23.31,22.94,23.12,125300.854
1720641600000,23.12,23.47,22.99,23.39,72880.236
1720656000000,23.4,23.45,22.92,23.04,139020.333
1720670400000,23.04,23.39,23.0,23.16,89774.025
1720684800000,23.15,23.8,23.14,23.69,128321.24
1720699200000,23.69,24.16,23.55,23.82,276123.107
1720713600000,23.81,24.32,23.63,24.2,257082.424
1720728000000,24.2,24.3,23.81,24.2,199073.291
1720742400000,24.19,24.34,23.67,23.75,266938.752
1720756800000,23.73,23.91,23.5,23.72,205119.822
1720771200000,23.71,23.81,23.38,23.64,149333.379
1720785600000,23.64,24.1,23.5,23.5,164954.598
1720800000000,23.51,23.68,23.3,23.48,145339.131
1720814400000,23.49,24.07,23.48,24.06,93643.669
1720828800000,24.05,24.73,23.91,24.17,179601.191
1720843200000,24.18,26.05,23.99,25.56,390842.904
1720857600000,25.57,26.32,25.51,25.67,299953.262
1720872000000,25.67,26.07,25.42,25.66,227023.713
1720886400000,25.66,26.87,25.65,26.61,382169.166
1720900800000,26.6,27.05,26.5,26.72,356202.366
1720915200000,26.72,27.12,26.61,26.81,209400.925
1720929600000,26.82,27.29,26.57,27.14,238024.844
1720944000000,27.15,28.61,27.07,28.02,624813.608
1720958400000,28.02,28.93,27.82,28.59,1269610.374
1720972800000,28.59,29.69,28.52,29.02,1159071.272
1720987200000,29.02,30.0,29.01,29.34,708457.898
1721001600000,29.34,30.06,29.17,29.29,581340.773
1721016000000,29.3,29.91,29.18,29.41,370741.895
1721030400000,29.41,29.79,28.94,29.39,445124.563
1721044800000,29.39,29.62,28.8,28.96,326102.967
1721059200000,28.96,29.1,28.3,28.8,352093.093
1721073600000,28.81,28.91,28.15,28.19,292901.568
1721088000000,28.19,28.23,27.72,27.94,364382.444
1721102400000,27.94,29.35,27.68,29.17,676522.629
1721116800000,29.17,29.52,28.5,29.17,479595.505
1721131200000,29.16,32.4,27.76,29.9,1538738.965
1721145600000,29.9,31.4,29.64,29.77,707365.541
1721160000000,29.77,30.35,29.19,30.28,289945.411
1721174400000,30.28,31.4,29.81,31.09,395846.058
1721188800000,31.1,31.74,30.66,30.89,250473.109
1721203200000,30.89,30.97,29.89,30.57,287181.069
1721217600000,30.57,31.88,30.21,31.15,354875.941
1721232000000,31.15,32.0,30.57,31.75,294309.081
1721246400000,31.76,32.5,31.03,31.06,310272.644
1721260800000,31.07,32.13,31.02,31.39,217153.972
1721275200000,31.38,31.84,30.22,30.32,289984.762
1721289600000,30.32,31.67,30.26,31.32,279068.921
1721304000000,31.31,32.5,30.65,30.72,360524.374
1721318400000,30.72,31.09,30.34,30.57,202371.801
1721332800000,30.58,30.81,30.25,30.77,159780.036
1721347200000,30.77,31.47,29.78,31.4,252126.914
1721361600000,31.42,31.65,30.49,30.59,181250.174
1721376000000,30.59,30.73,29.4,29.57,269958.827
1721390400000,29.58,29.78,28.92,29.42,337783.303
1721404800000,29.42,29.93,29.07,29.78,257787.932
1721419200000,29.78,29.83,29.43,29.5,107395.065
1721433600000,29.5,29.71,29.27,29.32,119978.928
1721448000000,29.31,29.95,29.27,29.63,164099.071
1721462400000,29.64,29.95,28.9,28.94,166205.311
1721476800000,28.94,29.57,28.78,29.25,191762.882
1721491200000,29.24,29.3,28.79,28.89,116368.32
1721505600000,28.9,29.73,28.88,29.62,125305.255
1721520000000,29.62,31.1,29.41,29.88,224023.761
1721534400000,29.86,30.13,29.34,29.63,157323.566
1721548800000,29.64,31.9,29.62,31.78,441213.066
1721563200000,31.79,32.48,31.16,32.01,688822.357
1721577600000,32.01,32.65,31.19,31.82,547845.32
1721592000000,31.82,32.52,31.62,32.04,290357.726
1721606400000,32.04,32.39,31.55,31.65,143196.264
1721620800000,31.64,32.15,31.32,31.35,219591.839
1721635200000,31.35,32.1,31.3,31.95,151887.029
1721649600000,31.94,32.33,31.31,31.66,216586.841
1721664000000,31.65,32.3,31.51,32.01,140439.3
1721678400000,32.01,32.25,30.24,30.34,258997.51
1721692800000,30.33,31.5,30.1,30.77,200312.797
1721707200000,30.76,30.95,30.15,30.52,220934.105
1721721600000,30.51,31.39,30.35,30.55,193291.417
1721736000000,30.53,30.74,29.91,30.28,182846.334
1721750400000,30.27,30.28,29.38,29.99,171830.607
1721764800000,29.99,30.07,29.56,29.67,67047.784
1721779200000,29.68,29.88,29.3,29.77,101776.145
1721793600000,29.75,29.9,29.54,29.75,75257.402
1721808000000,29.76,30.35,29.49,29.99,130123.908
1721822400000,29.98,30.25,29.41,29.55,133876.012
1721836800000,29.55,30.06,29.32,29.89,104660.046
1721851200000,29.91,30.45,29.61,30.12,115325.415
1721865600000,30.11,30.27,28.95,29.33,225154.787
1721880000000,29.32,30.12,29.01,29.7,174932.246
1721894400000,29.69,30.27,29.47,30.0,165773.71
1721908800000,30.0,30.58,29.29,29.82,337802.908
1721923200000,29.83,30.21,28.91,29.1,207599.199
1721937600000,29.11,30.3,28.2,30.14,324518.091
1721952000000,30.15,32.06,30.11,31.88,444744.635
1721966400000,31.89,32.67,31.78,32.08,214946.804
1721980800000,32.09,32.2,31.8,31.99,153184.49
1721995200000,31.98,31.99,31.14,31.8,173330.285
1722009600000,31.8,32.49,31.65,32.12,201685.839
1722024000000,32.11,32.88,31.93,32.46,139464.105
1722038400000,32.46,32.53,31.32,31.41,135469.677
1722052800000,31.4,31.58,31.08,31.22,128031.718
1722067200000,31.22,31.65,30.72,30.82,169516.487
1722081600000,30.82,31.66,30.77,31.37,244034.201
1722096000000,31.36,31.8,30.99,31.59,197526.287
1722110400000,31.6,31.9,31.1,31.69,181405.065
1722124800000,31.68,32.0,31.25,31.3,137761.457
1722139200000,31.31,31.54,31.06,31.3,116078.449
1722153600000,31.3,32.2,31.08,31.72,180640.698
1722168000000,31.72,32.94,31.6,32.68,390412.99
1722182400000,32.67,33.0,32.41,32.61,218876.852
1722196800000,32.62,32.71,31.72,31.98,219067.632
1722211200000,31.97,32.5,31.67,31.74,209414.779
1722225600000,31.75,31.98,31.51,31.96,125962.378
1722240000000,31.96,32.6,31.56,32.57,201568.977
1722254400000,32.56,33.59,32.32,33.2,579630.973
1722268800000,33.2,33.26,32.4,33.0,240282.149
1722283200000,33.0,33.6,32.47,32.89,194247.182
1722297600000,32.88,33.3,32.38,33.05,251250.741
1722312000000,33.06,33.5,31.51,31.83,445311.252
1722326400000,31.83,32.43,31.69,32.1,220551.709
1722340800000,32.09,32.49,31.66,31.66,190823.981
1722355200000,31.66,32.05,31.28,31.75,300047.26
1722369600000,31.74,32.26,31.3,32.12,184550.843
1722384000000,32.13,32.38,31.49,31.51,132132.323
1722398400000,31.52,32.02,31.26,31.31,174853.743
1722412800000,31.31,31.99,31.25,31.73,159136.082
1722427200000,31.74,32.09,31.51,31.65,146926.212
1722441600000,31.65,31.99,31.06,31.26,188079.179
1722456000000,31.26,33.66,30.91,33.47,637317.885
1722470400000,33.48,33.55,32.9,32.95,444313.533
1722484800000,32.96,33.2,32.13,32.54,375107.974
1722499200000,32.54,32.83,32.31,32.37,306075.342
1722513600000,32.38,32.79,31.51,31.68,445296.863
1722528000000,31.68,31.73,30.53,31.36,562019.529
1722542400000,31.34,32.5,31.06,32.41,258823.322
1722556800000,32.41,32.85,29.33,29.6,527807.241
1722571200000,29.59,30.7,29.3,30.59,467997.13
1722585600000,30.58,34.29,30.58,33.89,1000269.999
1722600000000,33.89,34.44,32.5,32.83,1248602.342
1722614400000,32.83,33.75,32.5,33.15,541721.012
1722628800000,33.14,33.45,32.41,32.64,384033.237
1722643200000,32.64,33.18,31.8,32.53,505582.852
1722657600000,32.52,33.55,32.02,33.29,913911.132
1722672000000,33.28,33.48,32.93,33.16,1046856.86
1722686400000,33.17,34.79,31.76,32.94,2724002.185
1722700800000,32.95,33.45,31.65,31.83,1648619.394
1722715200000,31.83,32.73,31.58,31.76,563421.484
1722729600000,31.76,32.32,31.28,31.7,472714.518
1722744000000,31.71,32.58,31.68,31.93,372970.31
1722758400000,31.92,31.95,31.37,31.73,274831.038
1722772800000,31.73,32.24,30.72,30.86,536121.387
1722787200000,30.87,31.56,30.0,31.24,781704.083
1722801600000,31.26,32.0,30.69,30.77,496087.013
1722816000000,30.76,31.44,27.43,27.6,1203491.603
1722830400000,27.61,29.55,25.34,29.35,1267359.444
1722844800000,29.34,29.75,26.56,27.72,799992.259
1722859200000,27.73,31.38,26.53,30.76,982412.027
1722873600000,30.75,32.0,29.72,30.25,675620.292
1722888000000,30.25,31.1,29.98,30.02,335161.162
1722902400000,30.03,30.66,29.1,29.57,445470.404
1722916800000,29.56,30.45,29.23,29.84,340182.017
1722931200000,29.85,31.2,29.11,31.19,466671.252
1722945600000,31.2,32.7,30.83,32.51,561949.267
1722960000000,32.51,32.79,31.9,32.22,226074.637
1722974400000,32.21,32.69,31.51,31.81,195508.503
1722988800000,31.82,34.0,31.63,33.63,314008.484
1723003200000,33.63,33.88,32.84,33.05,258705.252
1723017600000,33.05,33.36,32.6,32.73,179341.909
1723032000000,32.73,33.18,31.32,31.34,384844.635
1723046400000,31.35,32.41,31.13,32.4,351488.528
1723060800000,32.4,32.71,31.61,32.49,285919.116
1723075200000,32.49,33.95,31.5,33.38,350427.16
1723089600000,33.39,33.89,32.82,33.18,236466.643
1723104000000,33.19,33.64,32.42,32.57,258649.49
1723118400000,32.57,33.65,32.48,33.42,315113.509
1723132800000,33.43,34.85,33.39,34.42,376821.019
1723147200000,34.42,36.44,34.41,35.81,585322.039
1723161600000,35.81,36.89,35.28,36.61,342050.771
1723176000000,36.61,37.66,36.25,37.37,347169.848
1723190400000,37.38,37.77,36.85,37.47,358046.688
1723204800000,37.48,38.93,36.06,38.72,954249.779
1723219200000,38.72,40.4,38.53,40.09,950292.316
1723233600000,40.09,41.0,39.39,40.75,644177.285
1723248000000,40.74,41.98,40.08,41.36,1286940.735
1723262400000,41.36,41.39,40.66,40.94,429562.931
1723276800000,40.95,41.49,40.71,41.08,377750.288
1723291200000,41.1,41.38,40.7,40.8,375800.299
1723305600000,40.8,41.36,40.75,40.84,240392.312
1723320000000,40.86,41.51,40.7,41.23,203894.68
1723334400000,41.23,41.78,41.03,41.29,238197.237
1723348800000,41.29,41.49,40.96,41.04,176790.078
1723363200000,41.04,41.41,40.75,41.13,235675.681
1723377600000,41.13,41.24,40.75,41.0,291398.66
1723392000000,40.99,41.25,39.33,39.97,376718.942
1723406400000,39.97,41.39,39.74,41.04,595394.498
1723420800000,41.04,41.95,40.58,41.55,471250.385
1723435200000,41.54,41.96,40.04,40.84,429267.145
1723449600000,40.84,41.79,40.51,41.37,361814.99
1723464000000,41.37,43.0,40.44,41.81,1014292.862
1723478400000,41.8,43.21,41.47,41.97,432223.102
1723492800000,41.97,43.98,41.6,43.36,413976.199
1723507200000,43.36,44.1,42.06,42.1,436421.447
1723521600000,42.11,43.05,41.74,42.53,255792.041
1723536000000,42.54,42.62,41.15,41.49,287749.483
1723550400000,41.5,41.96,40.04,41.41,848769.389
1723564800000,41.4,42.08,40.62,41.73,673537.76
1723579200000,41.75,43.11,41.45,42.96,451188.408
1723593600000,42.95,45.38,42.71,44.52,639888.894
1723608000000,44.52,44.99,44.16,44.44,268164.754
1723622400000,44.44,44.97,43.81,44.02,306306.204
1723636800000,44.02,44.02,42.35,42.82,657817.426
1723651200000,42.81,42.96,42.44,42.66,168817.262
1723665600000,42.66,42.7,42.12,42.17,143700.28
1723680000000,42.17,43.14,41.62,43.02,233468.524
1723694400000,43.01,43.04,42.0,42.41,228160.616
1723708800000,42.4,42.49,41.51,41.62,259071.345
1723723200000,41.63,42.24,41.05,41.75,329094.887
1723737600000,41.74,42.09,41.01,41.35,346919.873
1723752000000,41.35,44.51,40.42,42.79,627874.767
1723766400000,42.77,42.79,41.73,41.99,209597.852
1723780800000,41.98,42.74,41.95,42.12,166923.896
1723795200000,42.12,42.86,42.02,42.42,139325.651
1723809600000,42.42,42.5,41.39,41.8,329559.748
1723824000000,41.8,42.65,41.65,42.53,163956.502
1723838400000,42.53,42.94,42.16,42.33,129011.556
1723852800000,42.32,42.38,41.76,42.21,139755.303
1723867200000,42.21,42.78,42.04,42.69,110158.68
1723881600000,42.68,43.9,42.61,43.12,265370.004
1723896000000,43.12,43.81,42.97,43.51,199393.625
1723910400000,43.52,44.31,43.51,44.0,133454.434
1723924800000,43.99,44.08,43.17,43.59,118219.694
1723939200000,43.6,44.19,43.39,43.56,135603.362
1723953600000,43.55,43.79,43.39,43.63,93150.818
1723968000000,43.61,44.12,43.21,43.35,137702.789
1723982400000,43.35,43.35,41.97,42.99,263447.452
1723996800000,43.0,43.36,42.62,42.65,143954.489
1724011200000,42.66,43.08,42.19,42.74,163882.353
1724025600000,42.75,43.51,42.57,43.27,140337.482
1724040000000,43.25,43.29,41.83,41.87,114658.961
1724054400000,41.88,42.38,40.83,41.8,245134.353
1724068800000,41.79,42.08,41.43,41.69,123916.881
1724083200000,41.68,41.94,41.21,41.85,137360.931
1724097600000,41.84,42.41,41.38,41.92,116371.5
1724112000000,41.92,42.24,41.67,41.75,101545.978
1724126400000,41.75,42.49,41.75,42.36,108954.473
1724140800000,42.36,42.48,41.11,41.69,139180.751
1724155200000,41.68,42.22,41.46,41.86,161457.14
1724169600000,41.87,42.11,41.59,41.6,81955.48
1724184000000,41.59,41.91,41.23,41.52,69625.086
1724198400000,41.52,42.27,41.12,42.21,93533.512
1724212800000,42.21,42.45,41.95,42.14,72105.254
1724227200000,42.14,42.69,41.83,42.16,102077.779
1724241600000,42.16,43.04,42.06,42.38,162845.723
1724256000000,42.38,42.39,41.58,42.01,141252.38
1724270400000,42.01,42.06,40.9,41.48,170471.003
1724284800000,41.47,41.81,41.02,41.44,84351.478
1724299200000,41.44,41.57,41.06,41.15,76091.96
1724313600000,41.15,41.55,41.07,41.5,73883.877
1724328000000,41.51,42.22,41.33,41.58,129260.214
1724342400000,41.58,41.79,41.16,41.45,63303.61
1724356800000,41.46,41.57,41.08,41.4,52373.102
1724371200000,41.4,41.55,40.51,40.54,117925.928
1724385600000,40.53,41.14,40.1,40.32,160587.806
1724400000000,40.31,40.44,39.9,40.14,121629.761
1724414400000,40.13,40.66,39.61,40.29,183925.465
1724428800000,40.29,41.98,40.0,41.69,271312.612
1724443200000,41.68,42.45,41.5,42.39,197866.317
1724457600000,42.39,42.64,41.31,41.45,129331.591
1724472000000,41.45,41.62,41.14,41.25,71469.764
1724486400000,41.25,44.44,40.97,43.07,335608.419
1724500800000,43.06,44.38,42.94,43.13,197693.604
1724515200000,43.13,44.3,42.83,43.78,198762.156
1724529600000,43.79,43.86,42.56,42.97,155751.765
1724544000000,42.98,43.01,41.85,42.39,287671.877
1724558400000,42.41,42.69,40.88,41.12,153236.815
1724572800000,41.12,41.65,40.8,41.03,98261.857
1724587200000,41.03,41.06,40.29,40.39,129408.503
1724601600000,40.38,40.6,39.73,39.83,108007.563
1724616000000,39.83,40.3,39.57,39.76,115859.909
1724630400000,39.77,40.16,39.61,39.91,94220.709
1724644800000,39.9,40.08,38.96,39.32,117998.644
1724659200000,39.31,41.25,39.26,40.14,337951.075
1724673600000,40.14,40.66,39.66,39.86,184257.671
1724688000000,39.85,40.17,37.32,37.42,381416.19
1724702400000,37.41,37.62,36.4,36.69,180246.188
1724716800000,36.7,37.22,36.49,37.12,118364.638
1724731200000,37.12,37.21,36.13,36.61,119081.872
1724745600000,36.61,36.75,35.95,36.21,112968.854
1724760000000,36.22,36.98,36.01,36.42,138440.084
1724774400000,36.42,36.73,35.88,36.09,102731.654
1724788800000,36.07,36.55,34.81,35.45,332228.01
1724803200000,35.44,35.68,35.2,35.58,107467.709
1724817600000,35.58,35.75,34.2,34.31,127018.199
1724832000000,34.31,34.57,33.5,33.7,227830.148
1724846400000,33.71,33.93,32.92,33.09,283891.868
1724860800000,33.08,33.62,32.52,33.16,229442.521
1724875200000,33.16,33.85,33.15,33.49,135112.616
1724889600000,33.5,33.77,33.4,33.66,85160.761
1724904000000,33.66,34.32,33.57,34.15,78845.191
1724918400000,34.15,34.38,33.72,33.99,102341.829
1724932800000,33.99,34.52,33.94,34.2,106939.113
1724947200000,34.19,34.42,32.84,33.04,157281.38
1724961600000,33.04,33.33,32.98,33.21,89494.328
1724976000000,33.21,33.31,33.0,33.1,80508.442
1724990400000,33.1,33.44,32.96,32.99,101295.469
1725004800000,33.0,33.26,32.91,33.09,92079.107
1725019200000,33.09,33.51,31.84,32.04,229517.064
1725033600000,32.04,33.42,31.87,33.4,134059.035
1725048000000,33.4,33.46,32.96,32.99,51362.674
1725062400000,32.98,33.06,32.76,32.86,51051.735
1725076800000,32.85,33.13,32.69,32.69,46982.732
1725091200000,32.7,33.0,32.61,32.96,70475.127
1725105600000,32.97,33.09,32.44,32.53,77985.903
1725120000000,32.53,32.57,31.96,32.35,80452.31
1725134400000,32.35,32.7,31.98,32.17,82798.744
1725148800000,32.16,32.52,31.57,32.08,97764.922
1725163200000,32.09,32.45,31.8,32.37,78328.631
1725177600000,32.37,32.46,31.78,31.9,56087.082
1725192000000,31.89,32.03,30.98,31.71,111872.17
1725206400000,31.71,31.8,30.62,30.93,127979.568
1725220800000,30.93,30.94,29.02,29.37,238756.212
1725235200000,29.37,29.57,28.96,29.18,171618.091
1725249600000,29.17,29.53,28.51,29.13,167574.625
1725264000000,29.13,29.39,28.85,28.95,237226.108
1725278400000,28.94,29.1,28.19,28.75,290824.516
1725292800000,28.75,29.17,28.32,28.93,167432.509
1725307200000,28.94,29.78,28.87,29.49,165409.922
1725321600000,29.49,30.36,29.46,29.94,185093.922
1725336000000,29.94,30.26,29.81,30.14,114712.506
1725350400000,30.13,30.13,29.64,29.67,121655.575
1725364800000,29.67,29.91,28.84,28.92,170328.2
1725379200000,28.92,29.25,28.67,29.24,133673.462
1725393600000,29.24,29.6,28.65,28.72,120667.257
1725408000000,28.73,29.13,27.22,28.81,233192.122
1725422400000,28.82,29.34,28.71,29.24,88633.31
1725436800000,29.24,29.39,28.75,28.79,65573.873
1725451200000,28.79,29.72,28.7,29.62,124709.885
1725465600000,29.63,29.98,29.21,29.44,91252.416
1725480000000,29.45,29.82,29.37,29.56,44072.596
1725494400000,29.56,29.7,28.93,28.96,56992.023
1725508800000,28.96,29.73,28.94,29.68,49682.804
1725523200000,29.68,29.81,29.12,29.16,52770.238
1725537600000,29.16,29.56,28.86,28.92,76779.939
1725552000000,28.92,29.14,28.66,28.76,46992.874
1725566400000,28.76,29.06,28.73,28.86,32983.488
1725580800000,28.86,29.37,28.2,28.31,123203.432
1725595200000,28.3,28.45,26.85,27.63,284272.101
1725609600000,27.63,27.88,26.85,26.96,217067.937
1725624000000,26.95,27.62,26.37,26.77,388093.571
1725638400000,26.77,27.14,26.59,26.74,233286.997
1725652800000,26.75,27.01,26.13,26.96,132570.34
1725667200000,26.96,27.13,26.88,27.08,64874.065
1725681600000,27.08,27.59,27.07,27.37,83050.219
1725696000000,27.37,27.86,27.23,27.78,88311.014
1725710400000,27.8,28.92,27.79,28.19,285999.065
1725724800000,28.19,28.25,27.65,28.05,121421.256
1725739200000,28.05,28.15,27.56,27.72,70584.192
1725753600000,27.73,27.95,27.23,27.92,106751.295
1725768000000,27.92,28.1,27.78,27.91,66279.863
1725782400000,27.91,28.09,27.51,27.57,72785.967
1725796800000,27.56,27.74,27.2,27.27,102107.048
1725811200000,27.27,27.58,27.1,27.35,70382.775
1725825600000,27.34,27.81,27.24,27.68,73530.794
1725840000000,27.69,27.99,27.39,27.45,78822.88
1725854400000,27.45,28.48,27.38,28.42,86522.867
1725868800000,28.42,28.48,28.18,28.22,58964.322
1725883200000,28.22,28.71,28.15,28.4,77544.735
1725897600000,28.4,29.23,28.37,29.1,135239.376
1725912000000,29.09,29.47,28.95,29.34,71346.566
1725926400000,29.33,29.39,29.01,29.02,57987.458
1725940800000,29.03,29.93,28.99,29.68,96302.64
1725955200000,29.67,30.58,29.62,30.5,122308.903
1725969600000,30.5,31.17,30.21,30.24,196612.007
1725984000000,30.22,30.74,30.07,30.65,69460.378
1725998400000,30.65,30.99,30.5,30.78,70026.98
1726012800000,30.78,30.8,29.66,29.75,128843.164
1726027200000,29.74,29.86,29.36,29.74,86724.992
1726041600000,29.74,29.76,29.11,29.39,66053.514
1726056000000,29.38,29.97,29.11,29.67,108789.439
1726070400000,29.66,29.97,29.57,29.65,56012.806
1726084800000,29.65,29.77,29.5,29.61,33123.46
1726099200000,29.63,30.38,29.58,30.18,57794.552
1726113600000,30.17,30.25,29.79,29.84,44727.504
1726128000000,29.84,30.03,29.5,29.63,44152.391
1726142400000,29.63,29.69,29.15,29.22,107634.628
1726156800000,29.22,29.61,29.2,29.49,46250.121
1726171200000,29.48,29.51,29.19,29.36,39579.123
1726185600000,29.36,29.57,29.24,29.32,39552.497
1726200000000,29.31,29.56,29.3,29.53,54871.066
1726214400000,29.53,30.33,29.52,29.84,89882.98
1726228800000,29.86,30.72,29.56,30.61,89878.11
1726243200000,30.61,30.78,30.19,30.29,50048.834
1726257600000,30.29,30.69,30.24,30.51,34505.751
1726272000000,30.51,30.72,30.38,30.61,21785.865
1726286400000,30.62,30.62,30.08,30.32,26584.508
1726300800000,30.31,30.66,30.14,30.27,39025.47
1726315200000,30.28,30.94,30.18,30.67,45503.025
1726329600000,30.68,31.05,30.6,30.61,41349.141
1726344000000,30.62,30.89,30.41,30.57,34128.938
1726358400000,30.57,31.48,30.51,31.09,60542.047
1726372800000,31.09,31.14,30.55,30.6,44347.388
1726387200000,30.59,30.93,30.41,30.65,52089.825
1726401600000,30.65,30.81,30.21,30.51,39773.625
1726416000000,30.5,30.51,29.6,29.91,58578.073
1726430400000,29.89,29.9,28.94,29.18,57232.379
1726444800000,29.19,29.28,28.87,29.16,60286.463
1726459200000,29.17,29.56,29.07,29.5,49286.604
1726473600000,29.49,29.63,29.01,29.25,40341.53
1726488000000,29.26,29.33,28.71,28.85,68408.001
1726502400000,28.85,29.16,28.66,29.1,52502.856
1726516800000,29.11,29.19,28.8,29.07,48421.244
1726531200000,29.08,29.25,28.87,29.23,20850.683
1726545600000,29.21,29.62,29.2,29.48,25361.839
1726560000000,29.48,29.59,29.25,29.43,23246.184
1726574400000,29.42,30.14,29.05,30.05,68282.865
1726588800000,30.05,30.44,29.46,29.66,50522.891
1726603200000,29.65,29.9,29.58,29.81,15717.667
1726617600000,29.81,30.21,29.22,30.04,43777.47
1726632000000,30.03,30.46,29.9,30.41,30510.488
1726646400000,30.4,30.5,29.45,29.7,38915.169
1726660800000,29.71,29.88,29.02,29.12,41759.611
1726675200000,29.11,30.38,28.92,29.71,85190.78
1726689600000,29.72,30.65,29.53,30.61,49135.1
1726704000000,30.62,31.45,30.47,31.32,80524.126
1726718400000,31.31,31.7,31.11,31.68,42312.902
1726732800000,31.69,31.9,31.48,31.76,63731.095
1726747200000,31.78,32.04,31.38,31.61,79147.102
1726761600000,31.62,32.33,31.61,31.69,64043.033
1726776000000,31.68,31.84,31.43,31.57,30829.567
1726790400000,31.58,31.99,31.1,31.99,38271.671
1726804800000,31.99,32.51,31.91,32.08,60805.289
1726819200000,32.06,32.07,31.35,31.4,45612.474
1726833600000,31.4,31.55,30.4,30.73,142105.268
1726848000000,30.73,30.94,30.31,30.67,55118.495
1726862400000,30.66,31.46,30.59,31.26,57814.431
1726876800000,31.25,31.4,30.6,30.6,46906.725
1726891200000,30.6,31.12,30.45,31.05,26874.532
1726905600000,31.05,31.1,30.72,30.9,21595.041
1726920000000,30.9,31.54,30.9,31.16,47031.44
1726934400000,31.16,31.46,31.15,31.22,26347.156
1726948800000,31.21,31.31,30.88,31.29,21318.537
1726963200000,31.29,31.44,30.14,30.68,73041.938
1726977600000,30.69,30.91,30.16,30.35,40400.419
1726992000000,30.33,30.48,29.81,30.01,46276.74
1727006400000,30.01,30.26,29.56,29.71,49858.961
1727020800000,29.71,30.01,29.38,29.86,45143.48
1727035200000,29.87,30.35,29.5,30.17,52608.773
1727049600000,30.17,31.04,29.83,30.82,42533.329
1727064000000,30.85,30.97,30.31,30.4,36240.402
1727078400000,30.4,30.4,28.47,28.9,260897.866
1727092800000,28.89,29.5,28.82,29.43,83445.089
1727107200000,29.44,29.53,29.09,29.35,51947.245
1727121600000,29.36,29.67,29.25,29.58,33186.013
1727136000000,29.58,29.83,29.21,29.76,59521.229
1727150400000,29.78,30.06,29.69,30.01,46833.086
1727164800000,30.02,30.07,29.52,29.78,47680.263
1727179200000,29.78,29.85,28.77,28.93,113232.276
1727193600000,28.94,29.31,28.83,29.29,58100.429
1727208000000,29.28,29.54,29.07,29.33,51983.961
1727222400000,29.32,29.92,29.31,29.84,59923.633
1727236800000,29.85,29.85,29.07,29.24,58365.068
1727251200000,29.23,29.75,29.23,29.62,41880.678
1727265600000,29.63,29.64,29.13,29.16,39945.628
1727280000000,29.16,29.3,28.55,28.67,106579.101
1727294400000,28.67,28.95,28.1,28.33,88819.468
1727308800000,28.33,28.86,28.03,28.79,57391.459
1727323200000,28.8,29.14,28.78,29.01,46687.068
1727337600000,29.02,29.17,28.7,29.09,47423.737
1727352000000,29.09,31.6,29.02,30.4,496455.864
1727366400000,30.39,30.95,30.23,30.64,115640.672
1727380800000,30.64,30.69,29.78,30.22,81073.141
1727395200000,30.21,30.58,30.12,30.55,65008.497
1727409600000,30.56,30.83,30.45,30.75,58396.923
1727424000000,30.75,31.37,30.36,30.58,118238.767
1727438400000,30.57,30.92,30.3,30.53,71018.984
1727452800000,30.53,30.67,30.07,30.29,51883.647
1727467200000,30.28,30.6,30.13,30.4,31672.439
1727481600000,30.4,30.99,30.38,30.9,42114.529
1727496000000,30.91,31.36,30.47,31.1,65980.072
1727510400000,31.09,31.1,30.0,30.69,103049.329
1727524800000,30.69,30.7,29.85,30.0,74788.349
1727539200000,30.0,30.07,29.13,29.33,82618.094
1727553600000,29.33,29.51,28.78,29.49,71080.817
1727568000000,29.49,29.57,29.07,29.43,41781.324
1727582400000,29.43,29.45,28.94,28.99,45416.968
1727596800000,28.99,29.41,28.95,29.26,42688.593
1727611200000,29.27,29.4,28.94,29.36,52506.526
1727625600000,29.35,29.46,29.03,29.33,53008.917
1727640000000,29.32,29.45,28.96,29.08,76708.789
1727654400000,29.08,29.11,28.29,28.75,129152.689
1727668800000,28.75,29.01,28.5,28.85,44317.029
1727683200000,28.85,28.86,28.11,28.53,66370.734
1727697600000,28.54,28.65,27.82,27.89,62288.357
1727712000000,27.89,28.31,27.84,28.04,63544.637
1727726400000,28.05,28.19,27.43,27.76,82148.205
1727740800000,27.75,28.37,27.58,28.33,51462.836
1727755200000,28.34,28.59,28.13,28.55,38876.184
1727769600000,28.55,28.58,28.26,28.4,49214.532
1727784000000,28.41,28.54,26.66,27.81,209302.23
1727798400000,27.81,27.82,25.68,26.72,285088.765
1727812800000,26.72,26.83,26.28,26.62,78010.504
1727827200000,26.62,27.32,26.5,27.3,57071.096
1727841600000,27.3,27.57,27.02,27.48,35785.019
1727856000000,27.48,27.49,26.47,26.61,77649.235
1727870400000,26.61,27.14,26.34,27.12,93359.347
1727884800000,27.11,27.3,25.6,25.91,124769.766
1727899200000,25.92,26.21,25.27,25.88,73769.123
1727913600000,25.87,26.37,25.77,26.34,32763.093
1727928000000,26.34,26.41,25.47,25.52,52042.941
1727942400000,25.52,25.57,24.35,25.13,165856.292
1727956800000,25.13,25.49,24.64,25.2,119683.025
1727971200000,25.2,25.7,24.92,25.66,90097.027
1727985600000,25.66,25.75,25.44,25.61,27932.995
1728000000000,25.62,25.96,25.32,25.9,40506.343
1728014400000,25.9,26.44,25.89,26.31,43182.853
1728028800000,26.32,26.57,26.24,26.43,33059.781
1728043200000,26.41,27.05,26.34,27.02,88194.97
1728057600000,27.01,27.08,26.5,26.78,64971.556
1728072000000,26.77,26.95,26.66,26.78,38564.251
1728086400000,26.79,26.98,26.55,26.61,16801.583
1728100800000,26.6,27.1,26.57,26.95,22408.406
1728115200000,26.95,27.53,26.93,27.44,33078.365
1728129600000,27.45,28.32,27.43,28.03,148795.064
1728144000000,28.03,28.14,27.15,27.22,103404.897
1728158400000,27.22,27.48,26.95,27.36,37258.596
1728172800000,27.37,28.58,27.27,28.18,124557.999
1728187200000,28.18,28.49,27.77,28.38,93513.877
1728201600000,28.38,28.98,28.36,28.83,163937.717
1728216000000,28.84,29.23,28.56,28.8,229903.21
1728230400000,28.8,28.84,28.43,28.52,64395.824
1728244800000,28.51,29.38,28.37,29.27,107196.805
1728259200000,29.27,29.8,28.93,29.75,106084.304
1728273600000,29.75,30.2,29.68,29.89,70210.852
1728288000000,29.89,30.06,29.0,29.41,115525.848
1728302400000,29.41,29.56,29.08,29.16,74779.124
1728316800000,29.16,29.44,28.91,29.25,81667.764
1728331200000,29.25,29.36,28.81,28.96,51097.794
1728345600000,28.96,29.55,28.86,29.39,55690.644
1728360000000,29.39,29.41,28.49,28.72,94225.311
1728374400000,28.72,28.79,28.55,28.67,37031.82
1728388800000,28.67,29.09,28.25,28.95,91428.251
1728403200000,28.94,29.27,28.74,29.1,43151.471
1728417600000,29.11,29.38,28.83,28.98,50387.056
1728432000000,28.98,29.23,28.85,29.03,38390.881
1728446400000,29.02,29.22,28.72,28.88,27447.19
1728460800000,28.89,28.92,28.57,28.73,36300.663
1728475200000,28.73,29.32,28.58,29.09,92665.815
1728489600000,29.09,29.33,28.91,29.08,70803.106
1728504000000,29.07,29.38,28.65,29.04,70327.654
1728518400000,29.05,29.73,29.02,29.54,50581.317
1728532800000,29.54,30.79,29.49,30.43,121721.454
1728547200000,30.43,31.29,30.1,31.14,318414.161
1728561600000,31.14,31.27,30.41,31.18,284341.08
1728576000000,31.19,32.17,31.03,31.9,389361.692
1728590400000,31.91,33.99,31.91,33.78,544757.159
1728604800000,33.78,35.69,33.11,35.18,928957.741
1728619200000,35.19,36.54,35.14,35.89,944009.739
1728633600000,35.9,37.4,35.06,35.19,932710.201
1728648000000,35.18,36.68,35.11,36.0,556632.103
1728662400000,36.0,36.16,35.55,35.89,224440.964
1728676800000,35.89,36.32,35.7,36.28,153143.951
1728691200000,36.28,36.57,35.81,35.96,217042.913
1728705600000,35.95,36.01,35.25,35.86,177502.119
1728720000000,35.86,36.03,35.57,35.88,144847.175
1728734400000,35.88,35.88,34.66,34.89,242350.638
1728748800000,34.89,34.9,34.38,34.5,140556.11
1728763200000,34.49,34.74,34.22,34.53,104771.359
1728777600000,34.53,35.94,34.32,35.93,180221.314
1728792000000,35.93,37.51,35.45,35.54,407702.701
1728806400000,35.53,35.87,35.05,35.09,130503.985
1728820800000,35.1,35.45,34.04,34.11,176430.576
1728835200000,34.1,35.49,33.92,35.44,166162.615
1728849600000,35.44,35.77,35.01,35.39,120934.239
1728864000000,35.39,35.71,35.11,35.31,132162.441
1728878400000,35.31,37.21,35.28,36.42,179354.963
1728892800000,36.43,36.51,35.61,35.83,134489.315
1728907200000,35.84,36.58,35.7,36.28,151648.255
1728921600000,36.27,38.42,36.25,37.33,243307.077
1728936000000,37.32,37.32,36.06,36.2,105685.764
1728950400000,36.2,38.52,36.0,37.3,182215.554
1728964800000,37.3,37.37,36.21,36.81,123590.892
1728979200000,36.82,37.94,36.56,36.81,144225.89
1728993600000,36.8,38.06,36.44,37.28,268430.585
1729008000000,37.27,38.35,37.11,37.87,151043.173
1729022400000,37.87,37.94,37.1,37.43,89072.918
1729036800000,37.42,38.66,36.67,38.44,184255.675
1729051200000,38.43,40.79,37.22,37.88,521725.084
1729065600000,37.89,38.48,37.7,38.04,115165.278
1729080000000,38.04,39.32,37.22,37.32,259263.709
1729094400000,37.32,37.86,36.82,37.8,103858.854
1729108800000,37.81,38.0,36.82,36.94,79259.369
1729123200000,36.94,37.62,36.8,37.3,82736.027
1729137600000,37.29,37.34,34.97,35.29,286964.769
1729152000000,35.29,35.76,34.87,35.2,159119.093
1729166400000,35.19,36.4,35.0,35.77,226080.236
1729180800000,35.78,36.48,35.73,36.15,82886.554
1729195200000,36.15,36.41,35.9,36.12,30771.477
1729209600000,36.12,36.39,35.61,35.83,68142.501
1729224000000,35.84,36.13,35.44,36.12,43045.954
1729238400000,36.12,36.32,35.74,36.22,37628.629
1729252800000,36.23,37.6,35.49,36.2,214423.158
1729267200000,36.21,36.31,35.8,35.85,70913.584
1729281600000,35.85,36.09,35.67,35.82,36249.017
1729296000000,35.82,36.02,35.24,35.76,70145.852
1729310400000,35.76,35.9,35.45,35.83,35674.38
1729324800000,35.84,35.89,35.3,35.43,42572.778
1729339200000,35.45,36.23,35.3,36.21,65755.736
1729353600000,36.22,36.62,36.04,36.36,77017.736
1729368000000,36.36,37.12,36.34,37.09,42775.931
1729382400000,37.08,37.46,36.37,36.37,52715.872
1729396800000,36.37,36.37,35.89,36.11,54987.916
1729411200000,36.1,36.41,35.94,36.33,31493.256
1729425600000,36.32,36.76,35.86,36.59,77948.087
1729440000000,36.6,37.0,36.33,36.64,38807.22
1729454400000,36.64,37.1,36.63,36.92,35387.938
1729468800000,36.91,36.93,36.1,36.13,51643.907
1729483200000,36.13,39.76,36.06,38.7,255793.025
1729497600000,38.71,39.11,37.72,37.94,110219.736
1729512000000,37.94,38.5,37.16,37.46,113624.828
1729526400000,37.46,38.44,36.83,38.13,95537.785
1729540800000,38.14,38.3,37.27,37.43,76436.105
1729555200000,37.43,37.93,36.6,37.78,119866.789
1729569600000,37.77,38.85,37.52,38.39,89606.6
1729584000000,38.39,38.55,37.29,37.38,107503.968
1729598400000,37.38,37.46,36.52,36.94,94766.213
1729612800000,36.95,37.55,36.67,37.07,52754.553
1729627200000,37.06,38.21,36.93,37.95,63726.873
1729641600000,37.96,38.7,37.62,37.68,68746.779
1729656000000,37.68,38.45,37.68,38.14,74214.712
1729670400000,38.14,38.43,37.42,37.51,99118.806
1729684800000,37.52,37.99,37.26,37.68,98611.817
1729699200000,37.69,37.99,37.1,37.81,125620.161
1729713600000,37.81,37.98,37.5,37.87,84650.896
1729728000000,37.88,38.75,37.01,37.62,153420.168
1729742400000,37.62,38.02,36.88,37.19,69291.125
1729756800000,37.19,37.4,36.52,36.65,81748.586
1729771200000,36.65,37.1,35.86,36.3,124952.1
1729785600000,36.3,37.3,36.27,37.15,59791.309
1729800000000,37.15,37.33,36.57,37.17,50622.055
1729814400000,37.17,37.94,37.14,37.21,68872.287
1729828800000,37.2,37.28,36.45,36.68,50043.733
1729843200000,36.68,36.82,35.82,36.27,63011.33
1729857600000,36.27,37.19,35.96,36.77,82868.412
1729872000000,36.78,36.96,35.68,36.15,106149.502
1729886400000,36.17,36.42,34.08,35.98,131144.756
1729900800000,35.98,36.67,35.41,35.96,103546.61
1729915200000,35.96,36.32,35.78,36.1,41002.646
1729929600000,36.11,36.22,35.87,36.07,31119.357
1729944000000,36.08,36.1,34.72,34.99,80925.277
1729958400000,34.99,35.26,34.88,34.89,31646.855
1729972800000,34.9,35.2,34.46,34.56,29650.617
1729987200000,34.56,34.73,34.26,34.29,37975.742
1730001600000,34.28,34.35,33.32,33.4,87819.974
1730016000000,33.41,33.8,33.06,33.24,131134.313
1730030400000,33.23,33.75,33.1,33.22,84867.494
1730044800000,33.23,35.78,33.16,35.66,249441.833
1730059200000,35.66,38.75,35.48,38.35,383308.535
1730073600000,38.35,39.19,37.66,37.7,355889.109
1730088000000,37.7,38.02,36.91,37.79,238879.588
1730102400000,37.79,38.74,37.77,38.0,356784.393
1730116800000,38.0,38.74,37.31,37.52,472469.464
1730131200000,37.52,38.5,37.32,38.07,390203.284
1730145600000,38.09,39.0,38.04,38.33,139389.315
1730160000000,38.32,41.13,38.26,39.89,372550.074
1730174400000,39.89,39.95,35.78,36.74,522299.45
1730188800000,36.76,38.49,36.54,37.89,211402.128
1730203200000,37.89,39.04,37.7,38.51,170333.496
1730217600000,38.53,39.12,37.97,38.1,162932.086
1730232000000,38.1,38.79,37.96,38.48,61914.563
1730246400000,38.48,39.89,38.32,39.41,164893.166
1730260800000,39.42,39.76,39.27,39.58,63419.113
1730275200000,39.58,39.81,37.92,38.05,215155.234
1730289600000,38.05,38.67,37.88,38.4,99309.783
1730304000000,38.41,38.58,38.05,38.28,47564.425
1730318400000,38.27,38.81,38.12,38.45,54436.195
1730332800000,38.44,38.49,38.01,38.11,42349.914
1730347200000,38.12,38.43,38.08,38.32,29298.258
1730361600000,38.32,38.34,37.49,37.52,54649.153
1730376000000,37.52,37.61,36.85,37.05,87433.244
1730390400000,37.04,37.23,36.61,36.76,58207.006
1730404800000,36.76,37.17,36.7,36.8,36172.672
1730419200000,36.79,37.17,36.71,36.84,52257.426
1730433600000,36.84,37.17,36.41,36.55,49516.84
1730448000000,36.55,37.3,36.48,37.21,36351.017
1730462400000,37.21,38.13,37.2,37.81,97018.895
1730476800000,37.81,37.98,37.41,37.79,72600.862
1730491200000,37.79,38.11,37.47,37.85,56255.804
1730505600000,37.85,38.73,37.76,38.21,73885.831
1730520000000,38.2,38.27,37.48,37.52,43793.858
1730534400000,37.52,37.84,37.23,37.39,61667.557
1730548800000,37.36,37.36,36.52,36.81,67131.33
1730563200000,36.8,37.33,36.09,36.41,60488.545
1730577600000,36.4,36.99,36.25,36.86,37466.097
1730592000000,36.87,36.94,36.06,36.32,56644.777
1730606400000,36.32,37.15,36.28,36.92,38343.134
1730620800000,36.92,37.02,36.29,36.48,75896.68
1730635200000,36.47,36.72,35.54,36.02,116346.393
1730649600000,36.02,36.76,35.86,36.75,79427.522
1730664000000,36.75,37.82,36.68,37.18,100431.526
1730678400000,37.18,37.65,36.16,37.5,102044.256
1730692800000,37.49,37.57,36.58,36.62,74894.389
1730707200000,36.62,37.09,36.29,36.9,56077.4
1730721600000,36.91,38.34,36.74,37.93,179731.767
1730736000000,37.93,38.31,37.4,37.61,128531.445
1730750400000,37.61,37.87,36.53,36.87,86067.857
1730764800000,36.86,37.37,36.56,37.19,66928.004
1730779200000,37.18,38.02,37.15,37.81,70132.501
1730793600000,37.81,37.86,37.02,37.16,64289.073
1730808000000,37.15,38.41,37.07,38.11,123670.163
1730822400000,38.12,38.91,37.75,37.95,105180.973
1730836800000,37.95,38.42,37.67,38.19,57458.724
1730851200000,38.18,39.6,37.6,38.84,270700.794
1730865600000,38.82,39.55,38.24,38.71,236538.051
1730880000000,38.73,39.01,37.81,39.01,90203.401
1730894400000,39.0,40.72,38.57,39.94,268174.45
1730908800000,39.94,41.75,39.92,41.68,242705.87
1730923200000,41.68,43.3,41.57,43.21,156668.405
1730937600000,43.22,45.78,42.7,44.84,240250.388
1730952000000,44.85,45.6,43.84,44.64,203548.194
1730966400000,44.64,45.42,44.27,44.38,109441.123
1730980800000,44.37,45.02,43.2,44.27,180369.329
1730995200000,44.26,44.69,43.6,44.07,83012.417
1731009600000,44.08,44.46,43.68,44.05,54788.539
1731024000000,44.06,44.57,42.15,42.27,206304.737
1731038400000,42.28,44.12,42.1,43.79,131675.448
1731052800000,43.79,43.91,43.06,43.55,64808.134
1731067200000,43.55,45.14,43.29,44.93,173752.97
1731081600000,44.93,46.37,44.41,46.01,183782.349
1731096000000,46.01,46.6,45.5,46.14,113662.395
1731110400000,46.14,47.47,45.68,45.81,169885.545
1731124800000,45.8,47.26,45.51,45.66,134051.548
1731139200000,45.66,45.68,44.85,44.95,101937.511
1731153600000,44.95,45.3,44.11,45.03,123954.279
1731168000000,45.02,45.2,44.34,44.71,64074.445
1731182400000,44.71,46.22,44.66,46.1,111095.864
1731196800000,46.1,46.32,44.63,45.04,154956.573
1731211200000,45.04,47.02,44.48,46.64,165155.245
1731225600000,46.63,48.31,46.43,48.15,105837.875
1731240000000,48.15,48.15,45.91,47.1,204602.118
1731254400000,47.11,47.82,45.98,46.47,134369.098
1731268800000,46.47,46.75,44.07,45.56,173576.231
1731283200000,45.57,48.03,45.45,46.81,169627.899
1731297600000,46.81,47.19,44.51,45.25,156169.717
1731312000000,45.26,46.16,44.7,45.66,119016.811
1731326400000,45.65,45.77,43.87,44.8,150200.874
1731340800000,44.81,45.07,43.49,44.05,164338.449
1731355200000,44.04,45.55,43.35,45.36,126187.443
1731369600000,45.35,45.4,41.83,42.52,283565.242
1731384000000,42.54,43.95,41.99,43.57,241579.03
1731398400000,43.57,44.69,39.8,40.61,370957.045
1731412800000,40.6,41.9,40.04,41.68,217736.079
1731427200000,41.67,41.73,40.47,41.07,156833.999
1731441600000,41.08,43.22,40.86,42.01,122560.948
1731456000000,42.0,42.57,39.3,39.31,230688.022
1731470400000,39.32,40.18,38.23,39.44,191224.539
1731484800000,39.43,40.13,39.19,39.81,67875.376
1731499200000,39.79,41.44,39.41,40.68,191321.264
1731513600000,40.68,40.84,38.21,38.38,413570.985
1731528000000,38.39,38.89,37.22,38.7,132318.435
1731542400000,38.68,38.88,37.4,38.02,113812.174
1731556800000,38.01,39.25,37.84,38.88,116039.907
1731571200000,38.88,39.52,37.41,38.16,123460.401
1731585600000,38.16,38.67,36.5,36.76,182706.534
1731600000000,36.76,37.86,36.45,37.75,87315.084
1731614400000,37.74,37.96,36.41,36.83,85253.485
1731628800000,36.82,38.21,36.61,37.31,126610.899
1731643200000,37.31,37.73,36.43,37.24,133327.973
1731657600000,37.23,38.25,36.9,38.17,68533.468
1731672000000,38.17,38.54,37.11,37.46,106340.789
1731686400000,37.47,38.38,37.26,38.28,56803.085
1731700800000,38.29,39.05,38.28,38.53,71463.68
1731715200000,38.53,39.08,38.02,39.02,49445.572
1731729600000,39.03,39.1,38.55,38.92,67815.234
1731744000000,38.92,40.06,38.79,40.03,72325.959
1731758400000,40.03,43.03,39.4,41.37,286499.078
1731772800000,41.37,46.57,40.75,45.99,292926.589
1731787200000,46.0,47.03,44.26,44.99,325609.443
1731801600000,45.0,45.93,42.18,43.33,220180.621
1731816000000,43.33,45.56,42.8,44.2,198021.05
1731830400000,44.22,45.05,42.59,42.72,158103.764
1731844800000,42.74,43.57,42.54,43.54,98219.791
1731859200000,43.53,44.06,42.34,42.66,105217.523
1731873600000,42.67,44.7,42.3,44.54,113835.801
1731888000000,44.53,47.5,44.34,47.43,169037.279
1731902400000,47.42,48.08,45.89,47.39,183470.206
1731916800000,47.39,48.12,46.13,46.48,147023.225
1731931200000,46.49,46.75,44.87,46.22,148289.379
1731945600000,46.21,46.95,44.23,44.5,122271.617
1731960000000,44.5,45.36,44.34,44.92,87939.852
1731974400000,44.93,45.29,44.51,45.07,66296.977
1731988800000,45.07,45.18,44.2,44.5,65509.864
1732003200000,44.49,44.73,43.57,44.5,68050.564
1732017600000,44.49,44.95,43.27,43.96,115163.138
1732032000000,43.97,44.55,43.55,44.11,62580.355
1732046400000,44.11,44.32,42.32,42.8,123636.996
1732060800000,42.79,42.79,41.21,41.99,92288.757
1732075200000,41.97,42.47,41.41,41.43,88448.05
1732089600000,41.43,41.85,40.95,41.31,65458.883
1732104000000,41.31,43.68,41.01,42.93,192501.975
1732118400000,42.93,43.01,40.54,40.96,113940.635
1732132800000,40.94,42.53,40.69,41.46,66586.239
1732147200000,41.46,42.23,40.58,41.57,78334.163
1732161600000,41.58,43.85,41.32,43.46,141489.555
1732176000000,43.46,43.64,42.44,43.05,62663.073
1732190400000,43.06,46.87,43.01,44.51,274049.336
1732204800000,44.52,46.25,44.35,45.94,126655.302
1732219200000,45.93,46.08,44.6,45.4,64689.021
1732233600000,45.41,46.36,44.83,46.04,80755.54
1732248000000,46.04,47.16,44.81,44.89,102633.346
1732262400000,44.88,45.67,44.24,45.18,90610.717
1732276800000,45.17,45.47,43.48,45.1,116010.445
1732291200000,45.11,46.28,43.58,43.89,136334.58
1732305600000,43.88,45.93,43.59,45.92,153394.597
1732320000000,45.92,49.32,45.72,47.58,269510.892
1732334400000,47.58,49.86,47.12,48.27,145683.021
1732348800000,48.27,48.99,47.69,48.64,118657.839
1732363200000,48.64,50.26,48.29,49.72,159687.037
1732377600000,49.73,50.15,47.08,48.64,256045.789
1732392000000,48.63,50.0,47.28,48.87,124537.7
1732406400000,48.9,55.12,48.41,54.92,270601.502
1732420800000,54.93,57.63,53.24,54.53,269894.762
1732435200000,54.54,55.67,50.68,50.82,260110.3
1732449600000,50.82,51.54,48.38,48.61,225497.685
1732464000000,48.61,50.69,48.22,50.29,119201.74
1732478400000,50.27,52.71,50.11,52.64,81074.673
1732492800000,52.64,52.67,50.37,52.01,119081.966
1732507200000,51.99,52.65,51.3,52.1,73631.798
1732521600000,52.08,54.02,51.54,51.85,159559.354
1732536000000,51.84,51.96,48.76,50.6,174828.233
1732550400000,50.6,50.86,47.9,48.56,130122.947
1732564800000,48.55,49.29,46.64,47.85,153858.157
1732579200000,47.85,49.18,47.42,48.83,81071.001
1732593600000,48.81,49.65,47.16,47.76,100271.863
1732608000000,47.76,47.78,43.87,45.15,242015.968
1732622400000,45.15,45.89,44.18,44.56,124086.484
1732636800000,44.55,46.73,44.33,45.64,105158.786
1732651200000,45.66,52.88,45.36,51.26,320274.834
1732665600000,51.26,57.6,50.23,56.49,1184977.973
1732680000000,56.49,58.65,53.25,56.02,902351.291
1732694400000,56.0,57.56,55.55,56.43,754548.186
1732708800000,56.43,58.2,55.74,57.11,921923.475
1732723200000,57.12,58.15,55.12,55.24,421592.609
1732737600000,55.24,56.71,55.14,56.52,190295.188
1732752000000,56.53,57.18,55.36,56.66,234787.307
1732766400000,56.66,59.16,56.17,57.23,303583.959
1732780800000,57.21,58.93,56.35,56.79,187992.035
1732795200000,56.79,57.25,55.53,55.6,189261.479
1732809600000,55.6,56.97,55.4,55.84,137049.288
1732824000000,55.83,56.09,55.0,55.8,101477.803
1732838400000,55.8,56.72,55.1,55.8,112508.122
1732852800000,55.8,56.19,54.17,54.64,151100.173
1732867200000,54.65,55.92,54.51,55.58,77838.595
1732881600000,55.57,56.26,54.79,55.71,103443.137
1732896000000,55.7,56.26,54.2,54.59,120259.365
1732910400000,54.59,55.13,54.39,54.54,69872.937
1732924800000,54.53,55.04,53.43,55.0,125470.404
1732939200000,55.0,55.74,54.5,55.37,84962.486
1732953600000,55.37,56.86,55.11,55.14,156277.017
1732968000000,55.15,58.87,55.11,58.05,206892.887
1732982400000,58.03,62.3,58.03,61.74,269686.243
1732996800000,61.73,62.25,59.24,59.35,123867.087
1733011200000,59.35,59.67,56.23,57.61,180464.376
1733025600000,57.62,57.78,56.66,56.92,68356.414
1733040000000,56.91,58.17,56.8,57.91,132306.272
1733054400000,57.91,58.72,56.57,57.26,159138.985
1733068800000,57.24,57.81,56.37,57.78,88089.732
1733083200000,57.78,60.42,57.0,60.17,208087.344
1733097600000,60.17,61.99,58.6,59.18,329564.373
1733112000000,59.18,62.26,57.76,61.77,306986.619
1733126400000,61.77,62.47,57.31,58.36,414509.297
1733140800000,58.39,62.76,57.55,62.22,325575.792
1733155200000,62.22,67.48,59.71,67.25,599683.401
1733169600000,67.25,77.52,66.22,74.72,1137069.344
1733184000000,74.74,79.43,72.98,74.84,570210.864
1733198400000,74.81,75.4,70.62,70.93,333374.41
1733212800000,70.93,75.31,70.91,74.44,283321.31
1733227200000,74.42,75.24,68.41,70.63,528439.938
1733241600000,70.61,73.57,70.55,71.99,192501.089
1733256000000,71.99,74.62,71.28,73.28,137411.676
1733270400000,73.3,75.41,71.69,72.03,244872.164
1733284800000,72.02,76.96,71.99,76.21,190997.446
1733299200000,76.24,76.41,72.89,73.03,165457.393
1733313600000,73.01,73.94,71.09,71.71,191815.19
1733328000000,71.71,72.05,69.27,70.74,156968.221
1733342400000,70.75,71.78,68.57,69.67,198148.344
1733356800000,69.66,71.21,67.18,69.29,254347.863
1733371200000,69.29,71.87,68.43,71.24,194951.172
1733385600000,71.24,72.23,69.61,71.75,116604.092
1733400000000,71.74,72.21,70.0,70.81,178576.16
1733414400000,70.81,74.48,70.0,71.45,279401.367
1733428800000,71.44,75.46,68.7,70.8,360145.097
1733443200000,70.78,74.62,70.43,71.96,147666.708
1733457600000,71.94,74.14,71.66,71.8,133157.274
1733472000000,71.74,72.12,68.74,69.84,140401.232
1733486400000,69.84,71.46,68.31,70.81,149646.946
1733500800000,70.79,71.16,69.3,70.5,85695.195
1733515200000,70.5,70.87,69.69,70.38,66225.427
1733529600000,70.4,72.15,70.13,71.4,73408.632
1733544000000,71.4,72.54,71.04,72.0,63274.189
1733558400000,72.01,72.47,70.41,70.62,88880.958
1733572800000,70.61,72.94,70.19,72.27,102235.913
1733587200000,72.28,72.54,70.24,70.5,61800.739
1733601600000,70.5,70.81,69.83,70.38,44938.671
1733616000000,70.38,71.7,70.1,70.39,53116.112
1733630400000,70.37,70.8,69.18,70.47,66683.345
1733644800000,70.49,71.19,68.64,70.3,86697.95
1733659200000,70.29,74.56,69.78,74.21,352477.666
1733673600000,74.23,75.12,72.81,73.27,157044.901
1733688000000,73.28,74.89,72.86,74.38,76646.965
1733702400000,74.38,74.89,67.12,67.99,277299.584
1733716800000,67.97,68.37,65.6,66.86,190247.452
1733731200000,66.85,66.87,63.07,64.0,228851.768
1733745600000,63.98,67.31,63.2,64.78,202596.934
1733760000000,64.8,65.68,63.13,63.71,132733.308
1733774400000,63.73,63.97,48.96,58.51,746628.563
1733788800000,58.5,59.91,54.2,56.78,230159.602
1733803200000,56.81,58.73,56.13,57.55,117696.045
1733817600000,57.55,59.96,56.95,59.23,149299.474
1733832000000,59.21,60.38,55.43,55.56,297421.993
1733846400000,55.59,57.45,53.52,57.14,200839.581
1733860800000,57.13,59.54,56.88,58.73,83768.35
1733875200000,58.73,59.18,56.4,58.81,93496.606
1733889600000,58.85,59.61,57.99,58.09,64441.53
1733904000000,58.1,59.87,58.09,59.3,60539.279
1733918400000,59.3,64.55,59.23,64.4,157930.676
1733932800000,64.39,64.77,61.99,62.63,78942.381
1733947200000,62.65,63.95,61.78,63.68,45952.605
1733961600000,63.68,66.47,62.44,66.19,116718.645
1733976000000,66.19,67.53,64.78,64.93,102094.728
1733990400000,64.94,66.73,63.19,63.44,130939.907
1734004800000,63.46,64.24,59.44,61.44,406788.158
1734019200000,61.43,62.12,58.86,58.95,136617.961
1734033600000,58.94,60.07,58.58,59.43,109038.811
1734048000000,59.42,60.15,58.08,59.63,98296.079
1734062400000,59.63,59.7,57.32,58.23,113960.98
1734076800000,58.23,59.14,57.63,58.35,109795.229
1734091200000,58.35,59.4,57.72,57.86,112035.866
1734105600000,57.87,59.4,57.68,58.89,85752.541
1734120000000,58.91,60.08,58.7,60.02,52816.186
1734134400000,60.03,60.59,59.28,59.35,47263.394
1734148800000,59.36,60.26,59.07,59.76,39346.176
1734163200000,59.77,60.22,58.8,59.7,55825.917
1734177600000,59.71,59.86,57.7,58.9,102835.465
1734192000000,58.89,59.08,56.99,57.88,80051.93
1734206400000,57.88,58.72,56.96,58.36,51358.961
1734220800000,58.37,58.99,57.43,57.47,43512.553
1734235200000,57.47,58.44,56.23,56.6,45182.034
1734249600000,56.59,57.91,56.56,57.6,38545.143
1734264000000,57.6,59.76,57.45,59.2,81206.854
1734278400000,59.21,59.74,58.37,58.38,35662.096
1734292800000,58.4,59.43,56.61,59.08,76243.954
1734307200000,59.09,61.08,58.59,58.97,81598.987
1734321600000,58.99,59.88,58.69,59.11,46796.418
1734336000000,59.12,59.23,56.73,56.93,61379.915
1734350400000,56.91,57.7,56.13,57.26,88301.921
1734364800000,57.26,58.79,57.21,57.76,80347.47
1734379200000,57.77,58.24,56.3,56.41,38163.878
1734393600000,56.41,56.88,55.5,56.71,58706.735
1734408000000,56.7,56.71,55.77,56.08,38527.726
1734422400000,56.07,57.82,56.02,57.28,62033.953
1734436800000,57.29,57.9,55.55,55.97,97924.136
1734451200000,55.98,57.91,55.51,56.49,86438.907
1734465600000,56.49,57.13,54.51,55.27,59786.389
1734480000000,55.28,56.11,54.1,54.19,72070.959
1734494400000,54.19,54.62,53.34,53.95,75930.563
1734508800000,53.95,55.57,53.65,55.34,35780.197
1734523200000,55.33,55.33,53.19,53.69,60008.952
1734537600000,53.69,56.36,53.42,54.14,90190.653
1734552000000,54.13,54.47,50.01,50.63,274116.903
1734566400000,50.61,53.1,47.18,52.66,309976.633
1734580800000,52.64,53.39,51.86,52.0,108321.509
1734595200000,51.99,53.27,51.37,53.17,73992.072
1734609600000,53.16,53.6,50.76,51.72,140274.9
1734624000000,51.71,52.06,43.83,47.39,362178.772
1734638400000,47.41,49.78,46.15,48.29,145880.786
1734652800000,48.29,50.98,47.53,49.69,84103.478
1734667200000,49.7,50.1,48.07,48.85,113607.138
1734681600000,48.86,49.06,41.07,41.39,397907.893
1734696000000,41.35,54.03,41.25,53.55,540171.818
1734710400000,53.53,54.94,49.61,52.37,426630.574
1734724800000,52.37,55.91,51.5,54.38,327567.967
1734739200000,54.38,55.77,52.14,54.24,263835.937
1734753600000,54.23,56.93,53.33,55.97,184494.623
1734768000000,55.98,56.41,53.79,54.77,154116.247
1734782400000,54.76,55.19,51.93,53.21,290358.461
1734796800000,53.22,55.06,51.95,53.33,279952.502
1734811200000,53.32,54.43,52.3,53.6,161554.73
1734825600000,53.61,54.1,51.68,52.86,186468.37
1734840000000,52.85,52.96,50.45,51.43,169836.297
1734854400000,51.42,55.22,51.38,54.89,139692.304
1734868800000,54.9,59.58,54.19,56.91,649535.275
1734883200000,56.9,58.14,55.62,55.84,246048.349
1734897600000,55.82,59.63,53.54,58.47,454187.568
1734912000000,58.44,60.28,54.91,60.14,371764.084
1734926400000,60.13,61.33,57.65,58.72,382032.905
1734940800000,58.7,60.98,58.62,59.52,256398.829
1734955200000,59.5,61.87,59.2,59.61,423637.802
1734969600000,59.62,63.94,59.1,63.61,364563.072
1734984000000,63.59,68.37,62.89,65.8,476097.145
1734998400000,65.77,67.31,64.12,65.76,337603.768
1735012800000,65.75,68.99,64.99,68.08,375248.09
1735027200000,68.09,71.83,67.88,69.63,578848.39
1735041600000,69.6,70.77,68.65,69.3,325807.202
1735056000000,69.33,71.6,68.35,68.75,243158.042
1735070400000,68.75,69.85,67.56,69.26,155715.238
1735084800000,69.25,71.42,68.71,69.65,254775.392
1735099200000,69.64,74.94,69.62,74.35,314631.454
1735113600000,74.31,78.31,73.7,76.17,589632.523
1735128000000,76.18,77.0,73.9,74.88,256297.659
1735142400000,74.87,74.98,72.1,72.95,211516.328
1735156800000,72.94,74.01,71.91,73.48,128653.017
1735171200000,73.48,74.12,70.14,70.28,208452.322
1735185600000,70.28,70.32,68.51,69.56,226442.145
1735200000000,69.55,72.52,66.26,70.84,491760.541
1735214400000,70.84,70.86,68.1,69.34,314572.378
1735228800000,69.33,70.12,68.21,69.81,122741.864
1735243200000,69.8,69.81,67.57,68.89,136791.57
1735257600000,68.9,70.46,68.25,68.33,161303.858
1735272000000,68.32,69.1,66.36,66.68,191596.911
1735286400000,66.7,69.06,66.66,68.05,220698.038
1735300800000,68.05,68.31,63.34,64.03,294844.024
1735315200000,64.06,64.29,62.25,63.3,183567.714
1735329600000,63.31,63.32,61.38,62.12,138419.486
1735344000000,62.12,62.49,61.16,61.65,98693.917
1735358400000,61.67,61.88,60.65,60.82,108056.262
1735372800000,60.81,61.16,60.16,60.28,99115.851
1735387200000,60.27,61.84,59.64,60.69,240067.277
1735401600000,60.7,62.44,60.52,62.1,120912.372
1735416000000,62.11,64.17,61.97,62.71,112360.95
1735430400000,62.72,66.09,62.6,65.68,199607.623
1735444800000,65.68,66.25,62.5,62.78,122276.873
1735459200000,62.79,63.2,61.64,61.83,80544.447
1735473600000,61.82,62.18,60.21,61.09,131945.539
1735488000000,61.1,61.23,59.81,60.32,82738.333
1735502400000,60.32,61.21,59.95,60.63,80482.281
1735516800000,60.63,62.55,60.21,60.56,102020.368
1735531200000,60.55,60.91,59.31,59.92,105591.34
1735545600000,59.92,60.56,58.89,59.63,91933.554
1735560000000,59.63,60.51,57.24,58.91,273227.519
1735574400000,58.9,60.18,58.21,58.87,174714.172
1735588800000,58.89,59.29,57.02,58.29,137468.12
1735603200000,58.28,59.15,57.53,58.46,97487.974
1735617600000,58.46,58.96,57.65,58.03,76802.214
1735632000000,58.03,59.48,57.89,59.07,109983.493
1735646400000,59.08,59.81,56.93,58.24,188722.844
1735660800000,58.24,58.56,56.03,56.14,124722.906
1735675200000,56.14,56.72,55.6,56.25,73240.142
1735689600000,56.26,56.94,55.76,55.9,60350.678
1735704000000,55.91,56.29,55.51,55.61,55280.922
1735718400000,55.61,56.08,55.04,55.6,79382.24
1735732800000,55.6,57.11,55.39,56.89,115198.143
1735747200000,56.87,58.68,56.26,58.19,122029.216
1735761600000,58.22,59.15,57.99,58.24,72182.176
1735776000000,58.23,60.97,57.86,60.03,157851.343
1735790400000,60.04,61.4,59.72,59.8,86055.926
1735804800000,59.81,60.18,58.22,59.44,145711.667
1735819200000,59.44,61.03,59.3,60.0,134521.219
1735833600000,60.0,60.69,59.1,59.37,84604.139
1735848000000,59.37,59.7,58.4,59.49,47189.949
1735862400000,59.49,59.71,57.71,58.31,83385.575
1735876800000,58.3,58.41,56.71,56.91,81795.779
1735891200000,56.92,58.91,56.79,58.54,74168.823
1735905600000,58.54,60.93,57.83,60.69,127885.73
1735920000000,60.69,62.05,60.26,61.83,85392.21
1735934400000,61.82,62.08,60.74,60.94,64660.779
1735948800000,60.93,61.15,59.59,60.28,70163.354
1735963200000,60.27,60.65,59.85,60.29,48361.877
1735977600000,60.29,60.3,58.72,59.33,66426.705
1735992000000,59.32,60.85,58.88,59.06,89931.21
1736006400000,59.05,59.88,59.01,59.34,44683.143
1736020800000,59.34,59.91,58.73,59.2,35399.928
1736035200000,59.21,59.24,58.1,58.67,51896.04
1736049600000,58.67,59.72,58.48,59.07,43349.318
1736064000000,59.07,59.2,57.5,58.03,76385.396
1736078400000,58.03,58.39,57.12,57.98,70043.96
1736092800000,57.98,58.32,57.16,58.07,45249.299
1736107200000,58.07,59.0,57.98,58.52,65098.688
1736121600000,58.52,59.39,57.25,59.17,81490.624
1736136000000,59.19,59.94,58.89,59.17,55092.667
1736150400000,59.18,59.62,58.01,59.19,62965.178
1736164800000,59.18,60.64,58.17,60.64,102684.98
1736179200000,60.65,61.56,59.54,59.92,106720.803
1736193600000,59.9,60.5,58.68,60.4,70057.768
1736208000000,60.41,60.42,57.37,57.59,123023.341
1736222400000,57.59,58.01,56.72,57.61,76965.088
1736236800000,57.6,58.07,56.31,56.83,80739.666
1736251200000,56.84,57.45,53.09,53.89,262206.734
1736265600000,53.89,54.16,52.22,52.55,148912.998
1736280000000,52.54,52.73,51.37,52.22,115679.662
1736294400000,52.22,53.38,51.51,51.96,72754.082
1736308800000,51.95,52.16,50.51,51.32,92820.417
1736323200000,51.34,51.96,50.5,50.97,58560.966
1736337600000,50.99,51.46,50.18,50.77,86195.601
1736352000000,50.79,50.85,47.34,49.48,246305.302
1736366400000,49.48,50.53,49.14,50.21,55191.5
1736380800000,50.21,50.95,49.9,49.96,65991.405
1736395200000,49.96,50.15,48.45,48.73,74533.778
1736409600000,48.74,50.24,48.58,49.58,85335.148
1736424000000,49.58,50.1,47.63,49.8,106762.074
1736438400000,49.78,50.0,47.78,48.02,83139.494
1736452800000,48.01,48.3,43.26,46.97,255846.753
1736467200000,46.97,47.73,46.65,47.44,82628.226
1736481600000,47.45,48.82,47.03,48.3,93529.786
1736496000000,48.32,48.77,47.63,48.24,74300.928
1736510400000,48.24,48.58,46.48,47.6,137833.247
1736524800000,47.62,48.67,46.79,48.42,83870.01
1736539200000,48.43,48.67,47.9,48.24,39073.809
1736553600000,48.23,48.51,47.61,47.69,33438.848
1736568000000,47.68,48.17,47.35,47.7,35634.101
1736582400000,47.71,48.15,47.22,47.91,21704.571
1736596800000,47.9,48.0,47.36,47.69,23922.469
1736611200000,47.69,47.85,47.25,47.43,27004.524
1736625600000,47.43,49.52,47.38,48.52,43494.712
1736640000000,48.52,48.64,48.03,48.3,28748.658
1736654400000,48.32,48.55,47.6,47.94,29321.993
1736668800000,47.93,48.05,47.3,47.89,25204.777
1736683200000,47.88,48.8,47.62,48.49,40908.39
1736697600000,48.5,48.95,48.28,48.41,21349.422
1736712000000,48.41,48.62,47.4,47.99,29289.165
1736726400000,47.99,49.21,46.68,47.01,58646.957
1736740800000,47.0,47.77,45.76,46.41,46840.115
1736755200000,46.41,46.48,43.9,43.99,89968.695
1736769600000,43.97,48.2,43.86,47.65,172457.46
1736784000000,47.66,47.92,45.95,46.92,57968.105
1736798400000,46.91,49.05,46.5,48.4,65679.044
1736812800000,48.4,49.28,48.15,48.74,36316.243
1736827200000,48.74,49.62,48.66,49.15,36605.884
1736841600000,49.15,50.71,48.96,49.72,60549.356
1736856000000,49.7,50.73,49.19,50.32,55816.725
1736870400000,50.31,51.4,49.89,50.95,46172.406
1736884800000,50.96,51.56,50.44,51.09,29793.379
1736899200000,51.1,52.97,50.89,52.57,71539.612
1736913600000,52.58,52.96,51.13,51.83,68714.936
1736928000000,51.86,52.12,50.2,50.72,40042.548
1736942400000,50.72,53.8,50.08,53.3,100905.372
1736956800000,53.31,55.12,52.92,54.53,76004.74
1736971200000,54.54,55.4,53.57,55.3,62813.158
1736985600000,55.3,55.46,53.33,53.65,66041.361
1737000000000,53.65,54.86,53.51,54.35,31822.927
1737014400000,54.35,54.35,53.05,54.25,49912.142
1737028800000,54.25,55.11,52.57,53.96,99671.976
1737043200000,53.96,55.28,53.93,54.63,54689.501
1737057600000,54.63,54.67,53.41,54.06,39977.405
1737072000000,54.06,55.4,53.87,54.57,37382.828
1737086400000,54.59,56.81,54.54,55.98,78540.53
1737100800000,55.97,56.31,55.37,55.7,36426.853
1737115200000,55.7,56.12,54.63,54.74,50006.649
1737129600000,54.73,55.29,54.01,54.67,67915.259
1737144000000,54.67,55.54,54.61,54.83,29211.869
1737158400000,54.82,55.04,52.54,52.59,69484.096
1737172800000,52.59,53.02,50.72,51.18,99718.905
1737187200000,51.18,53.05,50.74,52.87,52400.942
1737201600000,52.88,53.18,51.41,51.48,32752.693
1737216000000,51.48,51.63,50.44,51.56,62487.762
1737230400000,51.56,52.21,51.13,51.96,22682.008
1737244800000,51.96,52.5,51.12,51.2,38443.353
1737259200000,51.2,51.32,49.07,49.42,83537.24
1737273600000,49.41,49.54,47.4,47.79,129977.477
1737288000000,47.79,51.33,47.68,50.74,103711.012
1737302400000,50.75,51.69,50.05,51.68,47927.747
1737316800000,51.67,51.87,45.6,46.88,263952.775
1737331200000,46.85,48.18,45.56,47.79,184710.611
1737345600000,47.77,51.86,47.07,50.15,136809.945
1737360000000,50.15,50.71,48.79,49.54,43795.885
1737374400000,49.55,49.68,47.93,49.09,78729.248
1737388800000,49.11,49.25,46.11,48.29,137886.447
1737403200000,48.28,48.71,46.85,47.57,36957.121
1737417600000,47.58,47.59,45.77,46.47,50166.279
1737432000000,46.48,46.79,45.59,46.43,32009.793
1737446400000,46.41,48.19,46.08,48.13,29936.157
1737460800000,48.13,49.1,47.59,48.48,44315.11
1737475200000,48.47,50.83,48.37,49.99,43134.1
1737489600000,49.99,50.23,48.72,49.08,30746.923
1737504000000,49.08,49.31,48.3,48.63,19690.213
1737518400000,48.64,48.9,48.31,48.58,17927.264
1737532800000,48.57,49.78,48.37,49.64,28737.376
1737547200000,49.65,50.08,48.59,49.11,35178.577
1737561600000,49.12,49.79,48.81,49.62,19667.446
1737576000000,49.64,49.97,48.13,48.46,31999.505
1737590400000,48.46,48.57,47.13,47.93,45663.289
1737604800000,47.93,48.47,47.3,48.42,26757.135
1737619200000,48.42,48.44,47.25,47.65,21511.062
1737633600000,47.64,49.11,46.81,48.79,50328.947
1737648000000,48.79,49.47,47.42,47.65,37773.118
1737662400000,47.64,49.14,47.38,48.59,44091.805
1737676800000,48.62,48.87,46.85,47.6,59861.673
1737691200000,47.59,49.4,47.27,48.61,32494.986
1737705600000,48.61,49.2,48.29,48.44,20867.217
1737720000000,48.45,49.09,47.47,47.85,36826.076
1737734400000,47.86,48.27,47.37,47.43,23108.58
1737748800000,47.44,47.52,45.98,46.23,26592.098
1737763200000,46.23,46.64,45.63,46.44,25267.282
1737777600000,46.44,46.46,45.71,45.87,23037.996
1737792000000,45.87,46.4,45.67,46.35,23182.568
1737806400000,46.34,46.79,46.13,46.64,31995.072
1737820800000,46.64,46.74,46.14,46.62,22531.545
1737835200000,46.61,46.95,46.37,46.4,14058.852
1737849600000,46.42,47.19,46.33,46.94,16985.702
1737864000000,46.93,47.25,46.44,46.69,12992.389
1737878400000,46.68,47.08,46.1,47.06,16716.794
1737892800000,47.05,47.06,46.15,46.2,13065.933
1737907200000,46.21,46.66,45.98,46.55,11684.674
1737921600000,46.56,46.63,44.71,44.77,27957.57
1737936000000,44.78,45.29,43.44,44.16,68818.013
1737950400000,44.15,44.16,41.0,41.93,106708.313
1737964800000,41.92,42.3,40.65,41.27,64102.71
1737979200000,41.27,42.85,41.13,42.42,68126.809
1737993600000,42.41,42.54,41.3,41.78,41493.413
1738008000000,41.79,43.54,41.76,43.14,31834.676
1738022400000,43.13,43.78,42.75,43.32,24940.335
1738036800000,43.32,43.66,43.08,43.24,22237.522
1738051200000,43.24,43.55,42.89,43.41,20299.862
1738065600000,43.41,44.85,43.29,44.22,51166.86
1738080000000,44.22,44.51,42.84,43.12,41589.24
1738094400000,43.13,43.18,41.27,41.69,37868.443
1738108800000,41.69,42.56,41.4,42.47,17882.559
1738123200000,42.47,43.1,42.32,43.06,19496.296
1738137600000,43.05,43.08,42.06,42.33,15877.139
1738152000000,42.34,42.4,40.93,41.67,30924.596
1738166400000,41.68,43.19,40.99,42.73,45912.492
1738180800000,42.75,43.92,42.23,42.37,30969.978
1738195200000,42.36,44.48,42.04,44.23,33167.378
1738209600000,44.23,44.8,43.82,44.22,20447.139
1738224000000,44.23,45.47,43.94,45.46,41574.176
1738238400000,45.44,45.79,44.63,45.37,41746.411
1738252800000,45.37,45.49,44.48,44.7,29421.008
1738267200000,44.69,44.76,43.89,43.91,16820.154
1738281600000,43.92,44.03,43.0,43.29,22727.545
1738296000000,43.3,44.07,42.95,43.5,16510.178
1738310400000,43.5,44.32,42.79,44.25,24781.23
1738324800000,44.26,45.36,44.09,45.26,35518.402
1738339200000,45.26,45.34,43.15,43.25,40590.289
1738353600000,43.24,43.3,42.38,43.22,23684.538
1738368000000,43.22,43.74,42.96,43.11,12884.937
1738382400000,43.11,43.74,42.79,42.86,14448.182
1738396800000,42.85,42.96,41.92,42.51,34519.142
1738411200000,42.5,42.88,41.68,42.17,20878.776
1738425600000,42.16,42.26,40.96,41.02,24209.904
1738440000000,41.02,41.02,39.13,39.16,45526.559
1738454400000,39.18,40.0,37.32,37.49,98758.268
1738468800000,37.48,39.03,37.42,38.22,41522.471
1738483200000,38.23,38.64,36.92,36.96,38203.488
1738497600000,36.95,37.9,36.67,37.11,51700.929
1738512000000,37.11,37.14,32.09,33.82,295308.06
1738526400000,33.82,34.2,31.44,33.21,153212.706
1738540800000,33.22,33.25,24.14,28.35,597539.971
1738555200000,28.35,31.47,28.01,31.39,168925.388
1738569600000,31.36,31.98,30.22,31.08,93697.987
1738584000000,31.08,33.97,30.29,33.38,179355.353
1738598400000,33.4,34.84,33.08,34.79,100910.14
1738612800000,34.79,35.92,33.9,35.43,51936.016
1738627200000,35.44,35.72,33.87,34.12,47700.889
1738641600000,34.12,34.53,31.87,31.92,85203.346
1738656000000,31.92,33.05,31.89,32.45,51657.256
1738670400000,32.45,34.0,32.44,33.23,52521.704
1738684800000,33.22,33.8,32.45,32.47,36340.991
1738699200000,32.45,32.66,31.1,32.09,75888.072
1738713600000,32.1,32.7,31.95,32.31,34334.837
1738728000000,32.3,33.08,32.22,32.5,46901.601
1738742400000,32.51,33.0,32.2,32.92,30883.437
1738756800000,32.9,33.58,32.57,33.42,57769.741
1738771200000,33.4,33.44,31.82,32.91,54679.23
1738785600000,32.93,33.18,31.53,32.12,30626.975
1738800000000,32.11,32.58,31.67,32.25,31138.822
1738814400000,32.25,32.56,31.92,32.06,31689.669
1738828800000,32.07,32.21,31.21,31.57,29245.257
1738843200000,31.57,31.7,29.66,29.92,61873.873
1738857600000,29.95,30.31,29.52,29.53,64970.665
1738872000000,29.53,30.26,29.47,29.84,30735.937
1738886400000,29.84,30.71,29.68,30.3,34225.793
1738900800000,30.31,30.48,29.61,29.74,25620.092
1738915200000,29.76,31.09,29.64,30.95,46080.801
1738929600000,30.95,32.25,30.56,31.55,81680.892
1738944000000,31.56,31.89,30.76,30.8,71206.047
1738958400000,30.8,30.81,29.07,30.09,64815.22
1738972800000,30.08,30.45,29.64,29.85,20950.465
1738987200000,29.85,30.31,29.53,30.12,31841.074
1739001600000,30.11,30.34,29.6,30.12,55027.452
1739016000000,30.12,30.48,29.89,30.17,35568.059
1739030400000,30.18,31.7,30.04,31.34,27540.348
1739044800000,31.35,31.94,31.26,31.83,16895.509
1739059200000,31.82,32.96,31.69,32.83,50801.942
1739073600000,32.81,34.08,32.46,33.54,68602.891
1739088000000,33.54,33.99,32.79,33.03,37781.898
1739102400000,33.04,33.27,32.32,32.43,31685.943
1739116800000,32.42,32.47,31.83,32.01,30631.446
1739131200000,32.0,32.8,30.73,32.38,59918.086
1739145600000,32.38,33.04,31.13,32.82,56416.408
1739160000000,32.83,33.14,32.43,32.83,23875.984
1739174400000,32.83,33.14,32.27,32.58,19575.171
1739188800000,32.58,33.04,32.06,32.26,27153.606
1739203200000,32.27,32.94,32.09,32.59,24413.614
1739217600000,32.59,32.91,32.28,32.5,21924.408
1739232000000,32.51,33.4,32.48,33.19,23103.199
1739246400000,33.18,34.56,33.0,34.37,44381.168
1739260800000,34.36,34.81,34.11,34.47,39486.657
1739275200000,34.47,34.51,33.33,33.46,43624.889
1739289600000,33.45,33.76,32.21,32.33,34017.244
1739304000000,32.33,33.43,32.22,33.04,25825.844
1739318400000,33.04,33.36,31.3,31.52,63652.407
1739332800000,31.53,32.38,31.4,31.84,29535.302
1739347200000,31.84,32.35,31.23,32.03,39099.791
1739361600000,32.03,32.49,30.21,31.11,112211.061
1739376000000,31.11,32.3,30.84,31.92,43430.933
1739390400000,31.94,32.73,31.71,32.62,33984.765
1739404800000,32.64,33.81,32.12,33.17,47891.283
1739419200000,33.17,33.36,32.21,32.43,35503.729
1739433600000,32.43,33.15,32.01,32.56,39914.226
1739448000000,32.57,32.84,31.74,32.34,43511.593
1739462400000,32.33,32.36,31.04,31.72,47291.795
1739476800000,31.73,32.57,31.69,32.44,37072.973
1739491200000,32.44,33.05,32.18,32.98,25578.422
1739505600000,32.99,32.99,32.17,32.33,15395.738
1739520000000,32.33,33.16,32.15,32.56,36901.876
1739534400000,32.56,33.28,32.21,33.03,44536.585
1739548800000,33.05,33.8,32.77,33.15,37332.562
1739563200000,33.15,33.36,32.38,33.0,23040.167
1739577600000,33.02,33.5,32.85,33.21,23299.947
1739592000000,33.2,33.34,32.52,32.82,19894.921
1739606400000,32.81,33.21,32.34,32.53,22944.291
1739620800000,32.54,32.83,32.03,32.17,17922.526
1739635200000,32.17,32.65,32.03,32.26,19272.919
1739649600000,32.25,32.36,31.89,32.13,9722.029
1739664000000,32.13,32.45,31.76,32.24,17264.938
1739678400000,32.25,32.3,31.68,31.76,14395.872
1739692800000,31.76,32.17,31.5,32.09,13297.655
1739707200000,32.08,32.45,31.38,32.27,27435.405
1739721600000,32.26,34.14,32.09,34.06,123820.533
1739736000000,34.06,35.66,33.98,34.14,176383.419
1739750400000,34.13,35.16,34.12,34.64,38781.225
1739764800000,34.65,35.95,34.02,34.4,147542.769
1739779200000,34.38,35.45,34.13,35.21,90651.168
1739793600000,35.21,36.26,34.92,35.52,126912.447
1739808000000,35.51,36.26,35.08,36.1,184185.849
1739822400000,36.09,36.62,35.82,36.41,72558.787
1739836800000,36.41,36.74,34.95,35.12,69726.043
1739851200000,35.13,35.48,33.99,34.18,75163.065
1739865600000,34.17,34.53,33.66,33.93,47222.138
1739880000000,33.92,34.42,33.08,33.2,64887.571
1739894400000,33.2,33.72,32.48,32.98,54895.512
1739908800000,32.98,33.86,32.79,33.83,31808.103
1739923200000,33.82,34.35,33.37,33.88,22638.167
1739937600000,33.87,34.44,33.43,34.3,25093.977
1739952000000,34.29,35.3,33.99,35.05,52688.441
1739966400000,35.05,36.33,34.83,36.07,64134.211
1739980800000,36.05,36.7,35.26,35.74,54200.32
1739995200000,35.75,36.68,35.37,36.08,35997.185
1740009600000,36.08,38.27,35.67,38.16,53423.037
1740024000000,38.17,38.84,37.39,38.04,69975.871
1740038400000,38.02,38.38,37.46,37.86,45747.571
1740052800000,37.86,38.19,36.85,36.94,49594.1
1740067200000,36.92,37.31,36.43,36.61,28773.842
1740081600000,36.61,36.95,36.16,36.58,31376.538
1740096000000,36.58,38.07,36.54,37.59,52288.21
1740110400000,37.59,37.86,37.16,37.26,24011.636
1740124800000,37.24,38.13,37.1,37.48,25498.452
1740139200000,37.47,38.05,35.8,36.59,75227.45
1740153600000,36.59,37.02,34.18,34.48,62947.562
1740168000000,34.48,35.22,34.45,35.14,27948.47
1740182400000,35.13,35.94,34.91,35.86,26930.43
1740196800000,35.86,36.31,35.76,36.05,21816.017
1740211200000,36.04,36.62,35.82,36.34,15601.497
1740225600000,36.34,36.57,35.8,36.11,19269.601
1740240000000,36.12,36.26,35.58,36.02,13474.608
1740254400000,36.03,36.04,35.61,35.86,9181.654
1740268800000,35.85,36.39,35.76,35.86,14142.986
1740283200000,35.87,37.31,35.61,37.23,24913.674
1740297600000,37.23,37.83,37.0,37.23,26174.431
1740312000000,37.23,37.56,35.54,35.58,33313.238
1740326400000,35.56,36.27,35.36,36.04,17221.684
1740340800000,36.05,36.3,35.56,35.86,17033.434
1740355200000,35.84,35.87,34.11,34.14,34017.122
1740369600000,34.14,34.7,33.89,34.65,22608.488
1740384000000,34.63,34.65,33.16,33.38,63940.388
1740398400000,33.38,33.74,32.54,33.17,53684.431
1740412800000,33.17,33.95,32.99,33.64,40402.186
1740427200000,33.65,34.03,31.65,32.97,91062.501
1740441600000,32.99,34.79,32.23,33.08,111919.023
1740456000000,33.09,33.55,31.05,31.83,87825.362
1740470400000,31.83,32.63,30.58,32.51,57284.848
1740484800000,32.53,32.92,30.88,32.03,50917.908
1740499200000,32.03,33.48,31.65,33.46,51900.737
1740513600000,33.46,34.58,33.44,33.51,41011.339
1740528000000,33.49,34.12,33.16,33.88,24212.676
1740542400000,33.88,34.8,33.58,34.65,31649.282
1740556800000,34.64,35.21,34.0,34.9,38746.759
1740571200000,34.91,35.85,33.69,35.73,64125.15
1740585600000,35.75,36.35,34.9,35.78,86672.052
1740600000000,35.78,36.94,35.38,36.07,49637.67
1740614400000,36.07,37.13,35.68,37.11,37700.335
1740628800000,37.11,37.61,36.71,37.38,35480.224
1740643200000,37.39,37.56,36.74,36.83,21956.044
1740657600000,36.84,36.91,35.69,35.99,39202.681
1740672000000,35.97,36.28,35.54,36.15,30164.93
1740686400000,36.17,36.85,35.81,36.63,29838.327
1740700800000,36.64,37.14,35.63,36.05,70013.371
1740715200000,36.04,36.86,35.82,36.11,58177.647
1740729600000,36.12,36.46,35.01,35.14,58548.262
1740744000000,35.14,37.05,35.02,36.65,43301.16
1740758400000,36.66,37.51,36.48,37.46,32730.599
1740772800000,37.46,37.64,36.68,37.55,27797.918
1740787200000,37.57,37.9,37.1,37.14,24719.805
1740801600000,37.16,37.32,36.7,37.0,26043.347
1740816000000,36.98,37.7,36.54,37.17,33086.519
1740830400000,37.16,37.18,36.58,36.83,22353.866
1740844800000,36.83,37.96,36.61,37.7,40249.163
1740859200000,37.7,37.92,37.31,37.74,17621.67
1740873600000,37.76,37.94,37.26,37.58,20925.727
1740888000000,37.58,38.56,37.45,38.41,38464.135
1740902400000,38.4,40.02,38.31,39.82,99904.142
1740916800000,39.82,40.98,39.33,40.15,162615.455
1740931200000,40.18,43.17,39.91,42.43,132152.777
1740945600000,42.42,42.73,40.82,41.26,48622.234
1740960000000,41.27,42.8,40.82,41.13,58608.355
1740974400000,41.14,41.91,40.55,41.08,41888.137
1740988800000,41.09,41.18,40.15,40.52,40798.73
1741003200000,40.51,40.75,39.11,39.54,58511.519
1741017600000,39.55,39.85,36.95,37.01,72521.938
1741032000000,37.03,37.72,36.22,36.28,42054.118
1741046400000,36.29,36.64,34.09,35.12,84515.659
1741060800000,35.13,35.69,34.88,34.97,19609.564
1741075200000,34.96,35.51,34.89,35.02,24017.558
1741089600000,35.03,35.63,33.75,34.63,52280.767
1741104000000,34.62,35.38,33.07,35.01,68714.505
1741118400000,35.02,35.53,34.51,35.03,30085.947
1741132800000,35.01,37.37,34.93,35.62,46472.908
1741147200000,35.62,37.19,35.6,36.44,34695.15
1741161600000,36.43,36.89,36.32,36.66,37517.829
1741176000000,36.66,36.99,35.86,35.97,39696.675
1741190400000,35.96,36.81,35.66,36.33,29468.727
1741204800000,36.33,36.57,36.02,36.39,11093.048
1741219200000,36.38,36.43,35.81,36.29,21646.67
1741233600000,36.29,36.74,35.8,35.88,21572.599
1741248000000,35.89,36.25,35.75,35.8,16051.626
1741262400000,35.82,35.82,34.82,35.37,34082.16
1741276800000,35.37,35.41,33.77,33.84,35803.807
1741291200000,33.85,34.42,33.77,34.06,18837.833
1741305600000,34.05,34.46,32.76,33.56,60494.829
1741320000000,33.55,33.86,33.36,33.84,13141.289
1741334400000,33.85,33.91,33.23,33.53,16060.128
1741348800000,33.53,33.8,32.81,33.38,34567.386
1741363200000,33.37,34.25,32.81,33.87,27426.584
1741377600000,33.87,34.06,32.71,32.95,44814.022
1741392000000,32.95,33.04,32.37,32.85,24363.927
1741406400000,32.86,33.33,32.71,32.83,18962.444
1741420800000,32.83,33.0,32.49,32.74,12997.202
1741435200000,32.74,33.12,32.55,32.59,14184.093
1741449600000,32.6,33.03,32.23,32.93,16879.025
1741464000000,32.93,32.93,32.46,32.55,8779.816
1741478400000,32.57,32.61,31.37,31.38,26725.55
1741492800000,31.39,31.95,31.32,31.63,20733.075
1741507200000,31.63,31.94,30.79,31.1,37167.589
1741521600000,31.1,31.67,30.53,30.66,30439.724
1741536000000,30.65,30.91,29.15,30.06,54114.721
1741550400000,30.05,30.27,29.35,29.82,25700.002
1741564800000,29.82,31.42,29.72,31.24,46828.823
1741579200000,31.24,31.56,30.93,31.28,20853.726
1741593600000,31.3,31.97,30.61,31.08,38897.358
1741608000000,31.07,31.4,29.55,30.24,46106.712
1741622400000,30.23,30.33,27.99,29.54,67182.089
1741636800000,29.52,29.85,28.95,29.15,29508.123
1741651200000,29.16,29.95,27.85,29.54,75944.846
1741665600000,29.55,30.07,29.26,29.67,27524.736
1741680000000,29.67,30.49,29.6,30.16,25931.856
1741694400000,30.16,30.55,28.6,29.77,56251.439
1741708800000,29.78,31.06,29.55,30.94,35665.933
1741723200000,30.95,30.97,30.18,30.28,18303.198
1741737600000,30.26,30.71,28.24,28.66,48123.663
1741752000000,28.66,29.49,28.27,29.34,59812.171
1741766400000,29.34,29.89,28.82,29.33,25770.376
1741780800000,29.34,29.87,28.19,28.75,43933.34
1741795200000,28.75,29.76,28.67,29.74,33143.639
1741809600000,29.74,30.42,29.71,30.23,29919.804
1741824000000,30.22,31.16,29.77,30.12,51121.801
1741838400000,30.16,30.58,29.69,30.09,18626.978
1741852800000,30.09,30.81,30.08,30.63,16852.931
1741867200000,30.63,30.86,29.72,30.1,35199.222
1741881600000,30.09,30.58,29.94,30.26,38732.282
1741896000000,30.26,31.07,30.13,30.92,21469.983
1741910400000,30.93,31.12,30.86,31.03,19066.221
1741924800000,31.02,31.11,30.72,31.05,19716.395
1741939200000,31.06,31.6,30.79,31.19,34985.641
1741953600000,31.19,32.23,30.98,32.06,52610.896
1741968000000,32.08,32.37,31.26,32.2,39108.04
1741982400000,32.2,32.5,32.14,32.26,12171.467
1741996800000,32.26,32.33,31.46,31.54,34549.027
1742011200000,31.54,31.96,31.46,31.66,26502.597
1742025600000,31.67,32.27,31.62,32.17,18962.985
1742040000000,32.17,32.22,31.85,32.07,9163.818
1742054400000,32.07,32.31,31.89,32.02,10413.446
1742068800000,32.03,32.51,32.02,32.26,10899.614
1742083200000,32.27,32.69,32.03,32.67,10332.034
1742097600000,32.68,33.64,32.66,33.56,28882.205
1742112000000,33.55,33.99,32.58,32.77,57536.567
1742126400000,32.77,33.17,32.44,32.73,41434.799
1742140800000,32.72,33.56,32.62,33.01,46103.612
1742155200000,33.01,33.55,32.64,32.75,37250.564
1742169600000,32.75,33.57,32.67,33.51,17133.672
1742184000000,33.51,34.57,33.47,33.98,43937.397
1742198400000,33.97,34.56,33.76,33.99,18565.173
1742212800000,33.99,34.66,33.59,34.27,35236.012
1742227200000,34.26,34.85,33.53,34.85,36020.066
1742241600000,34.84,34.84,34.16,34.17,14361.759
1742256000000,34.18,34.24,33.48,33.53,14594.576
1742270400000,33.5,33.88,33.24,33.5,14611.073
1742284800000,33.51,33.64,32.85,32.97,22393.472
1742299200000,32.96,33.05,32.25,32.36,20012.61
1742313600000,32.37,33.37,32.23,33.33,19539.784
1742328000000,33.33,33.48,33.11,33.12,10033.95
1742342400000,33.12,33.73,32.9,33.73,18510.674
1742356800000,33.71,34.36,33.44,33.7,27638.63
1742371200000,33.7,34.01,33.3,33.78,20639.498
1742385600000,33.79,33.85,32.9,33.55,31432.395
1742400000000,33.55,34.05,33.29,33.74,26259.703
1742414400000,33.75,34.43,33.73,34.27,12211.268
1742428800000,34.28,34.47,33.65,33.79,16493.949
1742443200000,33.8,34.58,33.76,34.4,20728.318
1742457600000,34.4,34.45,33.54,33.65,38737.738
1742472000000,33.63,34.23,33.5,33.69,16425.766
1742486400000,33.68,34.18,32.56,33.59,63168.553
1742500800000,33.59,33.96,33.34,33.89,16482.714
1742515200000,33.89,33.93,33.37,33.64,13542.299
1742529600000,33.64,33.77,32.06,32.58,62255.723
1742544000000,32.56,32.56,30.8,31.04,111288.321
1742558400000,31.04,31.8,29.63,30.71,189759.773
1742572800000,30.71,32.2,30.6,31.53,65903.025
1742587200000,31.54,31.71,30.53,30.88,37221.49
1742601600000,30.89,31.07,30.49,30.63,33817.322
1742616000000,30.63,30.89,29.8,30.76,57575.848
1742630400000,30.76,31.3,30.7,31.06,39791.924
1742644800000,31.05,31.05,30.04,30.45,35422.249
1742659200000,30.45,31.15,30.31,31.04,16419.397
1742673600000,31.03,31.13,30.89,31.05,12746.929
1742688000000,31.04,31.32,30.98,31.21,13709.271
1742702400000,31.23,31.47,30.89,31.03,18087.202
1742716800000,31.03,31.37,30.94,31.24,17953.94
1742731200000,31.24,31.95,31.24,31.64,28103.884
1742745600000,31.65,31.83,28.56,30.86,69352.572
1742760000000,30.86,31.29,30.78,30.98,21863.103
1742774400000,30.98,31.35,30.77,31.25,24271.056
1742788800000,31.25,32.9,31.21,32.45,39551.89
1742803200000,32.46,32.6,31.78,32.13,25334.963
1742817600000,32.14,32.39,31.93,32.02,17482.774
1742832000000,32.02,32.19,31.55,32.09,22998.896
1742846400000,32.09,32.39,32.04,32.33,15536.598
1742860800000,32.35,32.48,31.76,31.91,16042.111
1742875200000,31.9,34.52,31.74,34.29,97549.85
1742889600000,34.29,34.88,34.1,34.79,53255.921
1742904000000,34.79,37.19,34.69,36.44,213254.524
1742918400000,36.45,37.0,35.71,36.68,144583.221
1742932800000,36.67,37.18,36.31,36.47,89151.299
1742947200000,36.48,36.89,35.92,36.06,118146.11
1742961600000,36.07,37.29,35.97,36.97,67582.027
1742976000000,36.97,38.73,36.83,38.18,86466.898
1742990400000,38.2,38.98,37.64,38.17,142979.032
1743004800000,38.17,38.73,37.73,38.65,78114.996
1743019200000,38.64,39.0,38.06,38.99,46412.335
1743033600000,38.98,39.48,38.52,38.63,86549.221
1743048000000,38.63,39.33,38.0,38.42,64804.368
1743062400000,38.41,39.18,38.09,38.46,52250.461
1743076800000,38.46,39.11,37.83,38.7,47425.594
1743091200000,38.7,38.76,37.41,37.74,44018.693
1743105600000,37.74,38.01,37.05,37.16,31327.242
1743120000000,37.16,37.63,36.64,36.65,30538.274
1743134400000,36.65,36.79,35.88,36.0,45399.921
1743148800000,35.99,36.27,35.4,35.69,34663.858
1743163200000,35.69,36.68,35.3,36.09,37980.745
1743177600000,36.1,36.63,35.76,36.28,32688.341
1743192000000,36.28,36.97,36.22,36.89,23056.316
1743206400000,36.89,37.16,36.26,36.59,29689.553
1743220800000,36.59,36.95,36.21,36.37,30857.478
1743235200000,36.36,36.68,34.82,35.34,45211.801
1743249600000,35.34,36.1,35.21,35.85,33632.095
1743264000000,35.85,36.26,35.5,35.87,36729.678
1743278400000,35.87,36.29,35.59,36.24,22457.731
1743292800000,36.26,36.94,35.79,36.23,31896.093
1743307200000,36.23,36.39,35.66,36.03,19459.999
1743321600000,36.03,36.58,35.7,35.94,20275.353
1743336000000,35.93,36.3,35.82,35.88,16542.499
1743350400000,35.89,37.07,35.82,37.0,28876.941
1743364800000,36.99,37.87,36.83,37.46,36753.587
1743379200000,37.45,38.55,36.87,37.86,54579.207
1743393600000,37.86,38.88,37.22,37.22,64318.911
1743408000000,37.24,38.4,36.77,38.39,73125.259
1743422400000,38.37,38.62,37.27,37.86,61132.932
1743436800000,37.84,38.15,37.01,38.03,33381.605
1743451200000,38.02,39.39,37.92,39.34,52416.577
1743465600000,39.33,39.97,38.63,38.92,73242.514
1743480000000,38.93,39.14,38.3,38.52,39596.811
1743494400000,38.52,39.72,38.48,39.5,47090.452
1743508800000,39.49,42.12,38.76,41.61,138629.816
1743523200000,41.61,42.53,40.26,40.38,90313.142
1743537600000,40.38,41.14,40.29,40.68,26593.627
1743552000000,40.66,41.23,40.27,41.0,41866.132
1743566400000,41.01,41.22,40.13,40.44,63144.577
1743580800000,40.44,41.38,39.52,39.68,59706.241
1743595200000,39.67,40.31,39.27,39.83,53487.61
1743609600000,39.83,40.78,39.54,39.82,38880.139
1743624000000,39.81,40.58,38.6,38.9,48377.385
1743638400000,38.89,39.87,38.83,39.01,29844.484
1743652800000,39.0,39.32,38.7,39.0,18154.951
1743667200000,39.0,39.64,38.63,39.29,45321.375
1743681600000,39.31,39.52,37.62,37.9,66251.35
1743696000000,37.91,37.98,37.44,37.89,28796.643
1743710400000,37.9,40.83,37.84,38.9,88717.527
1743724800000,38.91,39.54,38.23,38.66,38578.233
1743739200000,38.66,39.33,38.43,39.11,27948.133
1743753600000,39.1,40.36,38.46,39.4,76820.685
1743768000000,39.42,40.51,39.12,40.0,82601.467
1743782400000,40.0,40.92,39.76,39.84,54426.693
1743796800000,39.84,40.33,39.3,39.47,29553.774
1743811200000,39.47,40.12,38.96,39.65,52096.653
1743825600000,39.65,40.28,39.3,39.86,31973.777
1743840000000,39.88,40.24,39.29,39.75,47751.595
1743854400000,39.73,39.84,36.77,37.47,134907.712
1743868800000,37.46,38.1,36.91,37.02,50385.027
1743883200000,37.02,38.46,36.92,37.6,53510.05
1743897600000,37.58,37.72,37.01,37.19,23671.216
1743912000000,37.19,37.45,36.61,37.03,37695.802
1743926400000,37.04,38.37,36.87,38.29,48504.101
1743940800000,38.29,38.67,37.8,37.94,51406.546
1743955200000,37.92,38.56,36.8,37.47,102320.895
1743969600000,37.45,37.87,35.77,35.99,90861.151
1743984000000,35.98,37.08,35.3,35.47,85518.889
1743998400000,35.45,35.57,27.92,30.32,1077167.686
1744012800000,30.32,30.99,28.5,29.65,461536.255
1744027200000,29.62,32.09,29.37,31.43,488381.865
1744041600000,31.43,32.89,30.76,32.78,250973.65
1744056000000,32.76,35.47,32.31,34.25,248194.705
1744070400000,34.25,35.34,33.96,34.86,156910.731
1744084800000,34.86,36.0,34.67,34.89,164584.056
1744099200000,34.88,35.63,34.03,35.52,187737.022
1744113600000,35.52,36.33,34.45,34.66,248374.961
1744128000000,34.65,35.49,33.86,34.86,213544.816
1744142400000,34.86,36.43,34.65,36.12,231360.235
1744156800000,36.13,36.99,34.7,34.82,382858.39
1744171200000,34.82,37.11,34.59,36.54,373410.729
1744185600000,36.52,36.69,34.97,35.32,248126.051
1744200000000,35.34,36.07,34.69,35.18,181451.333
1744214400000,35.19,38.61,34.78,37.86,230130.472
1744228800000,37.86,37.89,36.7,36.89,58607.942
1744243200000,36.88,37.03,34.27,34.43,101101.763
1744257600000,34.42,35.09,32.54,32.79,451778.118
1744272000000,32.78,33.69,32.45,32.65,185236.876
1744286400000,32.66,33.3,31.82,32.23,321271.492
1744300800000,32.21,35.62,32.0,35.42,267913.374
1744315200000,35.41,37.75,35.39,37.33,157761.199
1744329600000,37.33,39.4,36.62,39.32,216312.737
1744344000000,39.31,39.33,37.33,37.74,251551.214
1744358400000,37.73,39.13,37.23,37.5,256354.005
1744372800000,37.5,38.5,36.78,38.22,244625.446
1744387200000,38.21,38.56,36.66,36.81,166942.302
1744401600000,36.81,37.23,36.53,36.68,67257.508
1744416000000,36.68,36.8,36.36,36.67,69143.942
1744430400000,36.68,37.18,36.32,36.85,62348.155
1744444800000,36.83,36.94,36.0,36.52,60907.44
1744459200000,36.52,37.79,36.35,37.1,117405.164
1744473600000,37.09,37.54,36.76,36.93,59326.728
1744488000000,36.93,37.3,36.79,37.15,45847.934
1744502400000,37.15,37.21,36.47,36.9,72717.584
1744516800000,36.89,38.87,33.78,38.63,741281.888
1744531200000,38.65,38.81,35.76,36.26,319792.999
1744545600000,36.26,36.71,35.66,36.14,144002.826
1744560000000,36.14,36.35,35.03,35.37,139953.016
1744574400000,35.36,36.59,34.78,34.91,117378.532
1744588800000,34.91,35.53,34.43,34.53,192617.087
1744603200000,34.53,34.96,33.16,33.65,125881.851
1744617600000,33.64,34.01,32.85,33.0,195847.959
1744632000000,33.0,33.46,31.45,31.96,333968.495
1744646400000,31.96,32.6,31.68,32.08,85440.937
1744660800000,32.09,32.36,31.02,31.19,67605.11
1744675200000,31.19,31.31,30.25,31.15,103952.342
1744689600000,31.15,31.59,30.35,31.21,88267.88
1744704000000,31.21,31.76,30.89,31.73,59105.723
1744718400000,31.74,32.24,30.72,30.92,92431.05
1744732800000,30.91,31.44,30.43,31.27,57520.747
1744747200000,31.27,31.63,30.66,30.77,48529.918
1744761600000,30.77,32.09,30.49,31.88,60102.175
1744776000000,31.88,32.17,31.29,31.4,36381.282
1744790400000,31.4,31.68,31.04,31.32,32106.432
1744804800000,31.32,31.66,30.81,31.18,49262.459
1744819200000,31.18,31.42,30.3,31.27,70195.232
1744833600000,31.27,31.57,30.92,31.07,27664.718
1744848000000,31.06,31.42,30.0,30.73,54996.405
1744862400000,30.73,31.25,30.44,31.11,42640.753
1744876800000,31.1,31.56,30.95,31.12,28224.744
1744891200000,31.11,31.13,30.23,30.83,52369.267
1744905600000,30.83,31.29,30.79,31.0,28079.179
1744920000000,31.01,31.17,30.57,30.7,24705.24
1744934400000,30.7,30.82,30.25,30.5,26272.427
1744948800000,30.51,30.97,29.71,30.1,59012.612
1744963200000,30.1,30.31,29.85,30.2,26231.88
1744977600000,30.21,30.93,30.13,30.88,40259.365
1744992000000,30.87,31.78,30.85,31.46,38148.687
1745006400000,31.46,31.63,30.83,30.85,24583.085
1745020800000,30.84,31.5,30.79,31.35,21203.074
1745035200000,31.35,31.54,31.12,31.4,16951.723
1745049600000,31.4,31.68,31.23,31.5,21326.77
1745064000000,31.5,31.75,31.03,31.2,27633.889
1745078400000,31.2,31.63,31.09,31.61,21139.073
1745092800000,31.61,31.92,31.52,31.67,21085.086
1745107200000,31.68,32.21,31.35,32.07,30340.327
1745121600000,32.06,32.5,31.44,31.67,41311.508
1745136000000,31.67,31.67,30.72,30.88,37519.217
1745150400000,30.88,31.12,30.44,30.49,27270.683
1745164800000,30.5,31.12,30.42,31.06,23219.59
1745179200000,31.06,31.15,30.77,30.95,14732.664
1745193600000,30.96,31.7,30.95,31.35,33726.216
1745208000000,31.36,32.09,31.33,31.85,29478.186
1745222400000,31.86,32.05,31.61,31.84,21914.488
1745236800000,31.83,32.23,31.58,31.85,34008.031
1745251200000,31.85,31.96,31.03,31.53,32441.012
1745265600000,31.5,31.54,31.1,31.18,17181.938
1745280000000,31.18,31.4,30.87,30.94,20943.202
1745294400000,30.94,31.27,30.79,31.19,21732.613
1745308800000,31.18,31.45,30.72,30.99,21538.01
1745323200000,30.97,32.45,30.97,31.89,63683.714
1745337600000,31.89,32.0,31.34,31.61,23384.365
1745352000000,31.6,33.27,31.57,33.0,64899.552
1745366400000,33.01,33.19,32.37,32.94,24500.358
1745380800000,32.94,33.74,32.89,33.31,42206.748
1745395200000,33.3,33.75,32.89,33.54,37575.594
1745409600000,33.55,34.25,32.95,33.94,54020.271
1745424000000,33.94,34.29,33.57,34.1,30737.354
1745438400000,34.1,34.47,33.79,34.23,19224.927
1745452800000,34.23,34.31,32.03,32.13,67098.98
1745467200000,32.13,33.0,32.08,32.81,40175.409
1745481600000,32.8,34.45,32.78,33.64,65326.364
1745496000000,33.64,34.36,33.34,34.01,33652.627
1745510400000,34.02,34.43,33.71,33.8,17528.798
1745524800000,33.81,34.29,33.8,34.26,12426.704
1745539200000,34.26,34.56,33.84,34.22,21280.616
1745553600000,34.22,34.54,33.97,34.36,12828.469
1745568000000,34.36,34.89,34.36,34.82,30689.889
1745582400000,34.82,34.89,34.17,34.38,31130.247
1745596800000,34.38,34.76,34.03,34.33,22126.42
1745611200000,34.34,34.91,34.0,34.16,18325.738
1745625600000,34.17,35.07,34.17,34.72,27798.901
1745640000000,34.73,34.79,33.45,33.92,42572.921
1745654400000,33.93,34.45,33.09,33.17,58216.127
1745668800000,33.17,33.72,32.77,33.72,32878.683
1745683200000,33.71,33.9,33.44,33.7,17277.55
1745697600000,33.7,33.75,33.34,33.45,8904.053
1745712000000,33.45,33.83,32.63,32.87,19440.235
1745726400000,32.87,33.04,32.67,33.03,11918.589
1745740800000,33.02,33.04,32.54,32.95,12161.715
1745755200000,32.94,33.24,32.64,32.84,15998.676
1745769600000,32.85,33.12,32.66,32.93,13260.071
1745784000000,32.94,33.01,32.44,32.51,11436.38
1745798400000,32.52,34.05,32.12,33.82,89002.219
1745812800000,33.82,40.07,33.72,37.61,568096.979
1745827200000,37.6,38.4,36.45,36.66,155714.567
1745841600000,36.67,36.93,35.76,36.13,73250.54
1745856000000,36.12,36.73,35.75,36.21,39629.39
1745870400000,36.21,36.36,35.52,35.64,28461.51
1745884800000,35.64,35.91,35.46,35.61,35264.998
1745899200000,35.62,36.6,35.31,36.17,48537.837
1745913600000,36.17,36.36,35.78,36.21,31767.749
1745928000000,36.21,36.28,35.74,36.01,24862.012
1745942400000,36.0,36.1,34.03,34.23,72413.848
1745956800000,34.24,35.7,33.86,34.57,69816.069
1745971200000,34.57,34.96,34.37,34.76,20320.663
1745985600000,34.76,35.02,34.35,34.57,21004.672
1746000000000,34.57,36.38,34.25,35.95,49932.922
1746014400000,35.94,36.11,34.43,35.6,55547.212
1746028800000,35.6,36.48,35.4,35.99,33021.699
1746043200000,35.99,36.33,35.8,36.0,11012.58
1746057600000,36.0,36.39,35.7,35.79,21556.323
1746072000000,35.78,35.99,35.5,35.66,15598.154
1746086400000,35.66,36.31,35.52,35.99,23958.736
1746100800000,35.99,36.05,34.81,35.32,46465.548
1746115200000,35.32,35.78,35.21,35.42,15315.221
1746129600000,35.43,38.08,35.41,37.42,56458.252
1746144000000,37.4,37.59,36.52,37.3,44093.131
1746158400000,37.31,37.46,36.51,36.59,30017.498
1746172800000,36.6,37.54,36.51,37.05,26674.134
1746187200000,37.04,37.17,36.3,36.45,39586.77
1746201600000,36.46,36.86,35.78,36.21,35847.126
1746216000000,36.2,36.4,35.86,36.23,10649.368
1746230400000,36.22,36.81,35.59,36.1,21016.066
1746244800000,36.09,36.13,35.63,35.99,9458.223
1746259200000,35.99,36.02,35.56,35.79,10182.531
1746273600000,35.8,36.07,35.65,35.76,7797.429
1746288000000,35.77,35.84,35.11,35.84,16935.824
1746302400000,35.84,35.88,35.27,35.73,12406.743
1746316800000,35.73,36.2,35.36,35.57,22698.666
1746331200000,35.57,35.86,34.56,35.02,23941.019
1746345600000,35.03,35.13,34.49,34.89,25217.065
1746360000000,34.89,35.46,34.3,34.86,24229.445
1746374400000,34.85,35.63,34.46,34.97,35631.746
1746388800000,34.97,36.04,34.88,35.59,25913.391
1746403200000,35.59,36.31,35.38,35.54,20892.421
1746417600000,35.55,36.09,35.54,36.09,16402.8
1746432000000,36.09,36.49,35.68,35.83,28951.329
1746446400000,35.83,36.84,35.72,36.61,39831.227
1746460800000,36.6,37.29,36.54,36.78,29888.936
1746475200000,36.79,36.84,36.29,36.52,20546.822
1746489600000,36.52,36.55,35.76,36.11,19922.544
1746504000000,36.12,36.72,35.76,35.95,18376.818
1746518400000,35.95,35.98,35.04,35.45,29690.74
1746532800000,35.44,35.83,34.58,35.69,70549.9
1746547200000,35.68,36.59,35.38,36.25,32159.503
1746561600000,36.26,38.46,35.76,38.02,68550.748
1746576000000,38.02,38.67,37.72,38.1,39171.053
1746590400000,38.1,38.19,37.2,37.72,28198.052
1746604800000,37.73,38.03,37.17,37.43,19919.81
1746619200000,37.43,38.64,37.43,38.26,67161.348
1746633600000,38.27,40.37,37.94,39.78,155911.521
1746648000000,39.78,41.16,39.68,40.44,58450.533
1746662400000,40.45,40.74,40.1,40.42,34354.34
1746676800000,40.43,40.85,40.04,40.26,26541.763
1746691200000,40.26,40.9,39.21,40.21,60738.887
1746705600000,40.21,41.69,40.05,40.97,52536.112
1746720000000,40.95,41.43,40.6,40.82,35778.897
1746734400000,40.83,42.06,40.8,42.0,57963.447
1746748800000,42.0,42.41,41.14,41.32,48728.693
1746763200000,41.32,42.47,41.0,42.18,41473.565
1746777600000,42.18,43.34,40.9,42.59,95470.555
1746792000000,42.58,42.98,41.33,41.81,62178.865
1746806400000,41.82,42.28,41.18,41.73,32878.062
1746820800000,41.73,42.17,41.37,41.9,13958.819
1746835200000,41.9,43.93,41.9,42.54,52793.88
1746849600000,42.54,42.9,42.24,42.73,22243.41
1746864000000,42.73,42.96,40.72,41.9,38281.25
1746878400000,41.88,42.27,40.59,41.06,48470.98
1746892800000,41.06,42.32,40.91,41.94,36046.656
1746907200000,41.94,43.76,41.79,43.58,24705.022
1746921600000,43.58,43.9,42.22,42.71,40422.728
1746936000000,42.7,43.64,41.31,41.7,40181.967
1746950400000,41.71,43.36,41.55,42.62,31646.044
1746964800000,42.62,43.03,41.62,41.86,30341.378
1746979200000,41.85,42.77,41.37,42.27,31213.932
1746993600000,42.26,45.85,41.84,45.24,108435.486
1747008000000,45.24,45.73,44.03,44.51,46397.496
1747022400000,44.52,45.08,43.7,44.56,34500.2
1747036800000,44.56,44.85,43.39,43.5,37159.965
1747051200000,43.49,44.15,42.83,43.03,45907.021
1747065600000,43.04,43.98,41.53,42.8,53937.772
1747080000000,42.81,44.58,42.49,44.43,29964.836
1747094400000,44.42,44.48,41.78,42.06,56741.193
1747108800000,42.06,43.32,42.05,42.82,22911.935
1747123200000,42.81,43.26,42.33,42.74,25510.081
1747137600000,42.74,43.22,41.58,42.32,40156.322
1747152000000,42.33,43.83,42.26,43.46,36049.975
1747166400000,43.45,43.75,42.81,43.5,24792.691
1747180800000,43.5,43.79,42.8,43.73,23110.047
1747195200000,43.74,43.78,42.65,43.03,21951.502
1747209600000,43.05,43.24,41.89,42.65,25881.647
1747224000000,42.65,42.96,41.0,41.54,34462.668
1747238400000,41.54,42.11,40.6,41.75,34885.538
1747252800000,41.75,42.27,41.42,41.97,23576.588
1747267200000,41.97,42.36,40.12,40.88,27095.578
1747281600000,40.9,41.49,39.9,39.94,26847.425
1747296000000,39.94,41.26,39.88,40.44,28919.878
1747310400000,40.44,41.84,39.72,41.55,49771.428
1747324800000,41.55,42.79,41.37,42.63,64929.236
1747339200000,42.67,42.85,41.11,41.76,43175.171
1747353600000,41.76,42.2,41.17,42.0,19606.68
1747368000000,41.99,42.26,41.53,41.86,15962.77
1747382400000,41.86,42.18,41.23,41.69,20908.818
1747396800000,41.68,41.73,40.79,41.23,17698.676
1747411200000,41.23,41.38,40.55,40.93,22068.967
1747425600000,40.92,41.23,40.18,40.34,21246.104
1747440000000,40.35,40.39,39.61,40.14,26891.663
1747454400000,40.14,40.3,39.83,39.96,14489.86
1747468800000,39.96,41.21,39.66,40.77,36074.171
1747483200000,40.77,41.69,40.59,40.81,48088.086
1747497600000,40.81,40.94,40.2,40.32,19902.907
1747512000000,40.31,40.86,40.05,40.41,15082.423
1747526400000,40.41,40.73,40.2,40.5,13262.316
1747540800000,40.51,40.8,40.23,40.72,15010.464
1747555200000,40.73,41.14,40.73,40.77,19355.643
1747569600000,40.78,42.11,40.73,41.99,22849.212
1747584000000,41.99,42.04,40.01,40.03,38264.369
1747598400000,40.03,41.48,39.48,41.38,25207.109
1747612800000,41.37,41.41,39.34,39.53,24700.966
1747627200000,39.54,39.9,38.94,39.49,21607.462
1747641600000,39.48,40.41,39.16,40.27,33486.7
1747656000000,40.27,41.13,39.91,41.05,29852.881
1747670400000,41.05,41.13,40.47,40.59,18482.069
1747684800000,40.59,40.84,40.36,40.65,11472.112
1747699200000,40.65,41.14,40.46,40.63,18637.286
1747713600000,40.64,40.69,39.91,40.06,16651.039
1747728000000,40.06,40.2,39.27,39.9,24503.018
1747742400000,39.9,40.14,39.83,39.96,18692.196
1747756800000,39.96,40.3,39.61,40.13,15623.449
1747771200000,40.14,41.2,40.09,41.15,15059.057
1747785600000,41.15,41.46,40.73,41.43,18190.009
1747800000000,41.44,41.73,41.08,41.25,25456.254
1747814400000,41.26,41.41,40.72,41.23,15069.579
1747828800000,41.23,41.78,40.84,41.66,22001.86
1747843200000,41.65,42.0,40.74,41.93,36687.126
1747857600000,41.93,42.89,41.68,42.87,20872.074
1747872000000,42.87,43.45,42.78,43.4,19685.062
1747886400000,43.41,43.73,43.05,43.43,16489.435
1747900800000,43.42,44.5,43.0,44.19,27907.531
1747915200000,44.2,47.42,43.88,47.19,101424.355
1747929600000,47.18,50.92,47.15,49.73,213808.521
1747944000000,49.74,50.14,48.07,48.96,68561.581
1747958400000,48.97,50.62,48.92,49.64,58485.756
1747972800000,49.64,50.18,47.77,47.81,55090.667
1747987200000,47.8,48.5,47.03,47.46,54889.803
1748001600000,47.45,49.14,47.04,48.26,110441.53
1748016000000,48.26,48.58,47.77,47.94,25635.151
1748030400000,47.93,47.94,46.53,46.87,33446.21
1748044800000,46.89,47.7,46.39,47.32,29464.761
1748059200000,47.32,47.83,46.92,47.3,16509.388
1748073600000,47.31,47.98,47.02,47.59,17181.899
1748088000000,47.6,47.91,46.52,47.58,32635.097
1748102400000,47.58,48.97,47.3,48.8,27862.216
1748116800000,48.82,49.75,48.38,49.45,43607.604
1748131200000,49.44,49.89,48.4,49.03,52247.715
1748145600000,49.03,49.03,48.13,48.25,19025.444
1748160000000,48.26,48.26,46.72,47.44,44918.595
1748174400000,47.44,51.99,47.17,51.42,172444.281
1748188800000,51.4,52.0,50.32,51.84,240144.981
1748203200000,51.85,54.93,51.34,54.58,237147.683
1748217600000,54.59,56.8,50.37,51.46,274738.489
1748232000000,51.47,52.28,50.76,51.67,79292.067
1748246400000,51.66,53.33,51.42,53.0,66577.687
1748260800000,53.01,54.2,52.22,53.86,111112.688
1748275200000,53.87,55.1,52.77,54.97,90797.283
1748289600000,54.98,55.14,53.78,54.27,44276.409
1748304000000,54.27,54.68,53.06,53.72,39462.309
1748318400000,53.71,54.85,52.56,54.06,50065.017
1748332800000,54.06,54.49,52.92,53.12,43359.151
1748347200000,53.12,54.95,52.87,53.54,78758.568
1748361600000,53.53,55.83,52.76,55.38,81038.561
1748376000000,55.39,56.1,50.6,51.77,203936.084
1748390400000,51.77,53.49,51.22,53.19,44287.587
1748404800000,53.2,53.73,50.59,51.26,54683.867
1748419200000,51.27,51.27,50.0,50.37,50531.866
1748433600000,50.38,52.55,50.1,50.75,70824.053
1748448000000,50.76,54.31,50.53,51.22,87226.151
1748462400000,51.2,53.7,51.09,53.19,36084.058
1748476800000,53.2,54.51,52.92,53.14,57086.072
1748491200000,53.14,53.82,52.84,53.02,22866.303
1748505600000,53.02,55.43,52.96,54.99,84497.78
1748520000000,55.0,55.87,54.16,54.58,126262.368
1748534400000,54.59,54.75,53.17,53.25,39685.145
1748548800000,53.24,54.38,53.0,53.2,31905.258
1748563200000,53.18,54.06,51.34,53.57,64300.828
1748577600000,53.56,53.85,51.67,51.72,29796.489
1748592000000,51.72,52.47,50.5,51.79,53132.554
1748606400000,51.78,52.05,50.56,50.59,32799.539
1748620800000,50.58,50.6,48.88,49.0,46061.32
1748635200000,48.98,49.19,47.16,47.3,40626.004
1748649600000,47.31,47.32,45.0,46.34,66698.173
1748664000000,46.35,46.96,45.77,46.84,30702.992
1748678400000,46.83,47.47,46.29,46.46,25060.805
1748692800000,46.45,47.21,46.2,47.07,19185.509
1748707200000,47.07,50.81,46.72,49.47,94420.06
1748721600000,49.48,50.4,49.36,50.06,24733.697
1748736000000,50.08,50.2,49.37,49.65,23344.35
1748750400000,49.65,51.53,49.47,50.22,50736.956
1748764800000,50.22,53.58,48.92,52.06,143010.355
1748779200000,52.06,52.42,46.64,50.55,130773.002
1748793600000,50.54,51.5,50.13,51.06,33532.448
1748808000000,51.06,53.3,50.74,53.03,53281.997
1748822400000,53.02,53.31,51.95,52.32,34609.918
1748836800000,52.32,53.73,52.0,53.28,36866.02
1748851200000,53.3,54.0,52.17,52.71,93035.597
1748865600000,52.73,53.58,52.49,52.85,43003.563
1748880000000,52.86,52.9,52.21,52.61,25647.796
1748894400000,52.62,54.39,52.58,53.95,44892.623
1748908800000,53.96,55.0,53.63,54.64,38493.641
1748923200000,54.63,55.48,53.6,54.06,38541.71
1748937600000,54.05,54.05,52.72,53.03,30665.155
1748952000000,53.02,54.52,52.75,53.91,42543.377
1748966400000,53.91,55.36,52.21,55.3,59662.846
1748980800000,55.26,56.09,54.14,54.29,50836.778
1748995200000,54.3,54.54,53.09,53.2,26400.833
1749009600000,53.2,53.75,52.15,52.38,32177.201
1749024000000,52.38,52.97,52.0,52.05,24096.431
1749038400000,52.04,52.52,51.24,51.64,43859.552
1749052800000,51.65,51.91,50.21,50.49,25233.219
1749067200000,50.48,50.53,49.83,50.25,22719.956
1749081600000,50.24,50.55,49.88,50.13,15372.386
1749096000000,50.13,50.28,49.43,50.05,15440.33
1749110400000,50.05,50.89,49.56,50.05,20965.775
1749124800000,50.05,50.94,48.02,50.11,96860.652
1749139200000,50.1,50.23,48.41,48.53,27907.092
1749153600000,48.53,48.94,47.37,47.44,41813.657
1749168000000,47.45,47.72,46.27,47.35,27458.547
1749182400000,47.36,48.33,47.3,48.14,18999.363
1749196800000,48.14,49.27,47.77,48.81,21281.757
1749211200000,48.81,50.31,48.44,49.0,36547.04
1749225600000,49.02,49.16,47.68,47.99,18578.503
1749240000000,47.99,48.38,47.64,48.03,10953.38
1749254400000,48.03,48.05,47.32,47.96,14390.33
1749268800000,47.96,48.69,47.35,48.51,16575.065
1749283200000,48.51,48.57,47.84,48.32,9014.837
1749297600000,48.32,48.91,48.31,48.58,11170.832
1749312000000,48.59,50.64,48.13,50.22,46561.827
1749326400000,50.21,50.39,49.83,50.17,12137.557
1749340800000,50.16,50.72,49.61,49.9,19089.953
1749355200000,49.89,50.28,49.35,49.54,14909.526
1749369600000,49.54,50.77,49.16,50.61,25868.244
1749384000000,50.62,50.7,49.72,50.22,23637.777
1749398400000,50.23,50.41,48.73,49.01,24878.13
1749412800000,49.02,49.1,48.59,48.65,11913.209
1749427200000,48.65,49.3,48.29,49.11,15600.229
1749441600000,49.11,50.08,48.93,49.32,20430.933
1749456000000,49.32,50.42,48.77,50.12,19081.087
1749470400000,50.12,50.3,49.37,49.91,16820.319
1749484800000,49.92,50.18,49.21,49.38,17636.929
1749499200000,49.38,51.67,49.24,51.47,33492.579
1749513600000,51.46,51.51,50.56,50.67,17091.023
1749528000000,50.67,50.82,49.77,50.82,23396.034
1749542400000,50.81,52.16,50.47,52.08,20034.358
1749556800000,52.09,52.76,50.99,52.15,46876.893
1749571200000,52.16,53.09,51.54,51.85,23401.204
1749585600000,51.84,52.43,51.32,51.8,15530.077
1749600000000,51.8,51.81,50.35,50.92,16153.61
1749614400000,50.92,51.11,50.53,50.88,11074.557
1749628800000,50.87,51.03,49.03,49.38,34394.794
1749643200000,49.38,51.46,49.05,51.43,42621.949
1749657600000,51.43,51.54,49.9,49.93,16935.378
1749672000000,49.93,51.16,49.44,49.93,20431.961
1749686400000,49.95,49.95,48.85,48.87,15924.615
1749700800000,48.86,48.92,48.03,48.28,29403.069
1749715200000,48.27,48.66,47.5,47.65,34475.529
1749729600000,47.65,50.94,47.51,49.68,70918.644
1749744000000,49.69,51.45,49.02,49.09,83425.633
1749758400000,49.1,49.25,47.86,47.87,23263.086
1749772800000,47.87,47.9,44.5,46.63,63694.62
1749787200000,46.63,46.63,45.24,46.06,27715.047
1749801600000,46.08,46.36,44.98,45.73,20432.049
1749816000000,45.74,46.29,45.01,45.59,33072.394
1749830400000,45.6,46.04,43.53,44.63,46395.32
1749844800000,44.62,45.24,44.45,45.19,21346.473
1749859200000,45.19,45.4,44.4,44.9,19325.138
1749873600000,44.9,45.12,43.85,44.3,29682.885
1749888000000,44.29,44.51,43.51,44.15,23311.942
1749902400000,44.15,45.21,43.78,44.19,27624.859
1749916800000,44.19,44.24,43.41,43.47,19129.206
1749931200000,43.46,44.21,43.21,44.12,15378.294
1749945600000,44.12,44.43,43.98,44.27,6540.694
1749960000000,44.27,44.57,43.76,43.92,10545.778
1749974400000,43.92,44.01,43.4,43.78,10631.024
1749988800000,43.78,44.17,43.34,43.53,25597.501
1750003200000,43.53,43.97,43.4,43.57,12829.045
1750017600000,43.57,43.57,42.78,43.36,14134.089
1750032000000,43.36,43.77,42.98,43.29,17366.324
1750046400000,43.3,43.95,43.27,43.77,18484.779
1750060800000,43.78,46.56,43.55,45.44,105358.405
1750075200000,45.45,45.55,44.72,44.82,28626.043
1750089600000,44.82,45.11,44.54,44.86,27289.636
1750104000000,44.87,45.13,42.92,43.05,37707.655
1750118400000,43.06,43.19,41.63,42.98,42088.145
1750132800000,42.98,43.09,42.07,42.38,14842.749
1750147200000,42.38,42.39,41.58,41.91,20952.991
1750161600000,41.9,42.19,41.13,41.52,22481.318
1750176000000,41.54,41.68,40.52,41.31,31635.115
1750190400000,41.31,41.63,40.53,41.15,12698.311
1750204800000,41.15,41.54,40.84,41.26,8869.738
1750219200000,41.26,42.02,41.19,41.63,14408.909
1750233600000,41.63,42.69,41.42,41.98,36788.156
1750248000000,41.98,43.04,41.63,41.88,51081.981
1750262400000,41.88,41.89,40.65,40.99,33327.835
1750276800000,41.0,42.33,40.96,42.1,14474.869
1750291200000,42.09,42.32,41.51,41.78,12172.304
1750305600000,41.78,42.08,41.33,41.5,8945.095
1750320000000,41.51,41.83,41.3,41.43,9175.464
1750334400000,41.43,41.56,41.02,41.5,12101.267
1750348800000,41.49,41.94,41.04,41.49,14448.442
1750363200000,41.49,41.78,41.32,41.66,7987.591
1750377600000,41.67,41.73,41.31,41.4,7886.628
1750392000000,41.39,41.89,40.91,41.83,9827.154
1750406400000,41.84,42.12,41.52,41.71,14186.818
1750420800000,41.72,41.86,40.58,40.7,16564.787
1750435200000,40.69,40.79,39.16,39.9,47215.051
1750449600000,39.89,40.41,39.43,40.28,12916.565
1750464000000,40.27,40.44,39.9,40.24,10433.116
1750478400000,40.23,40.42,40.04,40.2,10174.455
1750492800000,40.21,40.47,40.08,40.12,8305.344
1750507200000,40.11,41.32,39.56,41.32,37083.644
1750521600000,41.3,41.47,39.66,39.66,30005.453
1750536000000,39.65,40.01,38.5,39.47,32139.993
1750550400000,39.49,40.12,38.54,38.65,24986.377
1750564800000,38.65,39.49,38.36,38.59,23997.952
1750579200000,38.58,38.97,38.12,38.32,20213.446
1750593600000,38.31,38.52,36.32,37.81,50218.06
1750608000000,37.82,38.11,36.98,37.02,23714.06
1750622400000,37.02,38.46,36.33,38.17,29020.593
1750636800000,38.17,38.36,37.94,38.1,12882.3
1750651200000,38.12,38.79,37.91,38.45,15991.691
1750665600000,38.45,38.52,37.7,38.17,15469.616
1750680000000,38.16,39.46,38.03,38.91,24954.594
1750694400000,38.91,40.07,38.06,40.04,31256.665
1750708800000,40.02,41.72,39.92,41.51,35521.219
1750723200000,41.5,41.83,41.25,41.35,13445.92
1750737600000,41.34,42.38,41.26,41.81,14414.295
1750752000000,41.81,42.52,41.58,42.16,20806.435
1750766400000,42.16,42.54,41.77,42.46,21575.559
1750780800000,42.44,42.88,42.24,42.36,22726.593
1750795200000,42.36,42.93,42.29,42.76,13844.071
1750809600000,42.76,43.18,41.96,42.43,18312.967
1750824000000,42.43,42.47,41.87,42.17,9012.847
1750838400000,42.17,42.49,41.63,42.45,19958.448
1750852800000,42.46,42.66,41.51,41.56,18425.954
1750867200000,41.56,42.0,40.88,41.68,29998.798
1750881600000,41.69,41.97,41.11,41.38,8904.722
1750896000000,41.38,41.85,40.94,41.45,18096.157
1750910400000,41.45,41.46,40.56,41.08,17281.089
1750924800000,41.09,41.28,39.9,40.07,18260.538
1750939200000,40.08,40.11,39.02,39.36,33394.885
1750953600000,39.35,39.55,38.77,39.4,22029.802
1750968000000,39.39,39.88,38.88,39.15,30141.184
1750982400000,39.15,39.92,38.82,39.83,20756.814
1750996800000,39.83,40.07,39.04,39.11,11116.914
1751011200000,39.11,39.36,38.57,38.62,14327.068
1751025600000,38.61,39.1,38.46,38.88,17108.018
1751040000000,38.89,39.45,38.43,39.01,15161.073
1751054400000,39.01,39.32,38.47,38.55,15515.487
1751068800000,38.56,38.64,37.43,37.67,33253.395
1751083200000,37.67,38.13,37.36,38.05,16249.665
1751097600000,38.06,38.07,37.56,37.86,15428.728
1751112000000,37.87,38.27,37.6,38.16,25006.008
1751126400000,38.16,38.72,38.09,38.67,14433.649
1751140800000,38.68,39.42,38.65,38.95,24530.574
1751155200000,38.95,39.15,38.62,38.82,15052.236
1751169600000,38.82,39.96,38.73,39.94,17652.72
1751184000000,39.95,40.05,39.55,39.79,19918.771
1751198400000,39.8,39.85,39.2,39.63,26385.362
1751212800000,39.63,39.88,39.38,39.51,15326.936
1751227200000,39.51,40.28,39.21,40.06,20054.922
1751241600000,40.05,40.24,39.88,40.09,19200.939
1751256000000,40.1,40.51,39.65,39.88,24487.565
1751270400000,39.88,39.97,39.38,39.63,14174.854
1751284800000,39.64,40.07,38.62,39.1,46164.79
1751299200000,39.09,39.37,38.77,39.03,15742.346
1751313600000,39.03,39.06,38.14,38.21,18899.484
1751328000000,38.21,38.47,37.44,37.83,23813.196
1751342400000,37.83,37.83,36.87,37.13,21248.45
1751356800000,37.13,37.13,36.7,36.95,21126.614
1751371200000,36.96,37.12,36.22,36.45,32546.218
1751385600000,36.46,36.81,36.35,36.52,15166.236
1751400000000,36.52,37.06,36.43,36.87,11793.913
1751414400000,36.87,37.1,36.67,36.97,12283.606
1751428800000,36.96,37.48,36.92,37.22,12413.164
1751443200000,37.22,37.53,37.14,37.38,10680.351
1751457600000,37.38,38.14,37.1,38.01,20614.491
1751472000000,38.03,38.91,38.01,38.86,30674.439
1751486400000,38.85,39.07,38.51,38.87,15698.67
1751500800000,38.88,38.93,38.44,38.58,20262.565
1751515200000,38.59,39.7,38.58,39.47,20177.36
1751529600000,39.47,39.54,38.68,39.17,25504.596
1751544000000,39.17,40.19,39.07,39.5,31736.93
1751558400000,39.49,40.13,39.2,39.94,20180.66
1751572800000,39.95,40.92,39.42,40.91,28547.077
1751587200000,40.91,41.44,40.49,40.86,36051.179
1751601600000,40.86,41.2,40.0,40.1,34078.811
1751616000000,40.1,42.0,39.83,41.77,64680.263
1751630400000,41.79,41.98,39.42,39.54,73369.678
1751644800000,39.54,39.88,39.06,39.44,27201.37
1751659200000,39.44,40.28,39.41,40.09,16801.455
1751673600000,40.08,40.75,39.62,39.8,19263.873
1751688000000,39.8,39.98,39.42,39.78,14513.217
1751702400000,39.78,39.91,39.35,39.69,16131.847
1751716800000,39.68,39.69,39.02,39.17,14822.914
1751731200000,39.16,39.48,38.44,38.96,24200.853
1751745600000,38.96,39.36,38.8,39.17,8918.817
1751760000000,39.18,39.18,38.38,38.43,11652.659
1751774400000,38.42,38.58,38.0,38.2,17398.39
1751788800000,38.19,38.22,37.63,37.83,17297.144
1751803200000,37.82,39.08,37.79,38.73,23210.109
1751817600000,38.73,39.53,38.72,39.01,15179.69
1751832000000,39.01,40.09,39.0,39.27,15536.875
1751846400000,39.28,39.66,39.01,39.25,10824.778
1751860800000,39.25,39.54,38.63,38.85,14457.291
1751875200000,38.85,39.04,38.4,38.54,11714.793
1751889600000,38.55,38.85,38.05,38.66,23258.661
1751904000000,38.66,38.71,38.03,38.42,18548.803
1751918400000,38.41,38.79,38.11,38.74,11163.312
1751932800000,38.74,38.84,38.19,38.44,13994.378
1751947200000,38.44,38.71,38.23,38.66,11165.499
1751961600000,38.66,39.53,38.49,39.53,17353.107
1751976000000,39.53,41.56,39.39,40.83,92920.484
1751990400000,40.85,42.77,40.74,42.57,109072.44
1752004800000,42.56,43.7,41.97,43.66,78746.236
1752019200000,43.68,47.0,39.96,40.34,452829.329
1752033600000,40.34,40.58,39.76,40.45,72461.859
1752048000000,40.44,40.6,39.42,39.81,60830.03
1752062400000,39.81,40.34,37.4,39.0,96813.426
1752076800000,39.01,40.1,38.16,39.89,75426.926
1752091200000,39.89,41.16,39.66,40.98,62681.782
1752105600000,40.96,41.59,40.5,40.88,55195.736
1752120000000,40.87,41.17,39.67,40.67,44520.113
1752134400000,40.66,40.66,40.02,40.53,31171.946
1752148800000,40.54,40.86,40.13,40.3,32540.278
1752163200000,40.3,41.74,40.28,41.15,40267.739
1752177600000,41.15,42.42,41.13,42.0,36600.798
1752192000000,42.0,42.93,41.25,42.75,51313.677
1752206400000,42.75,43.78,42.2,42.58,40087.152
1752220800000,42.58,43.39,42.57,42.69,26002.701
1752235200000,42.69,43.73,42.23,42.53,40338.813
1752249600000,42.52,43.83,42.28,43.6,36659.241
1752264000000,43.61,43.75,41.17,42.04,37251.149
1752278400000,42.03,43.03,41.62,42.69,23297.32
1752292800000,42.7,42.89,41.71,42.38,19805.557
1752307200000,42.37,42.8,42.09,42.26,12921.722
1752321600000,42.27,42.47,40.41,40.72,39816.338
1752336000000,40.73,42.17,40.56,42.09,18502.149
1752350400000,42.09,42.61,41.28,42.27,19745.586
1752364800000,42.27,42.75,41.77,41.87,14526.998
1752379200000,41.88,43.14,41.88,43.01,28243.598
1752393600000,43.02,43.07,42.28,42.72,10281.048
1752408000000,42.71,43.79,42.39,43.36,37086.818
1752422400000,43.35,43.84,42.72,42.74,21961.496
1752436800000,42.74,43.15,41.85,42.36,21184.666
1752451200000,42.36,44.01,42.17,43.84,20742.354
1752465600000,43.85,44.36,43.12,44.15,32568.636
1752480000000,44.14,44.53,43.53,43.97,25502.057
1752494400000,43.97,44.54,43.45,43.81,32444.928
1752508800000,43.82,44.07,42.62,42.77,20380.368
1752523200000,42.79,43.62,42.47,43.09,13009.185
1752537600000,43.09,43.38,41.73,41.93,30702.709
1752552000000,41.93,42.28,41.39,41.96,24885.074
1752566400000,41.97,42.42,41.73,42.13,17784.017
1752580800000,42.13,43.1,41.55,42.25,36469.028
1752595200000,42.26,43.52,42.25,42.49,24371.141
1752609600000,42.5,44.06,42.4,43.74,14663.362
1752624000000,43.74,44.21,42.94,43.68,18656.13
1752638400000,43.68,44.44,43.26,44.37,13904.03
1752652800000,44.38,44.73,43.9,44.07,20250.192
1752667200000,44.07,44.83,43.79,44.33,22160.431
1752681600000,44.31,44.82,43.74,44.04,19127.249
1752696000000,44.03,44.6,43.72,44.22,21002.797
1752710400000,44.23,44.53,43.51,43.74,20411.23
1752724800000,43.73,44.57,43.31,44.28,16049.862
1752739200000,44.28,44.92,44.0,44.01,21467.183
1752753600000,44.02,44.85,43.79,44.49,34108.539
1752768000000,44.5,44.72,43.8,44.09,19928.782
1752782400000,44.1,46.07,43.87,45.46,40716.113
1752796800000,45.46,46.58,45.36,46.58,30413.451
1752811200000,46.56,47.18,45.84,45.94,32106.194
1752825600000,45.96,46.45,45.48,46.27,26734.015
1752840000000,46.28,46.86,44.72,45.05,38835.128
1752854400000,45.04,45.73,44.38,44.88,18863.652
1752868800000,44.88,45.15,43.69,44.29,29728.15
1752883200000,44.28,44.44,42.85,44.41,25941.673
1752897600000,44.41,44.77,43.7,43.86,16681.462
1752912000000,43.87,44.24,43.24,43.39,19903.481
1752926400000,43.41,43.74,42.89,43.31,22490.926
1752940800000,43.31,44.81,43.04,44.73,24867.009
1752955200000,44.72,45.41,44.14,44.69,18259.625
1752969600000,44.69,44.81,43.97,44.12,27106.831
1752984000000,44.11,44.64,43.82,44.4,33175.862
1752998400000,44.41,45.41,44.4,45.0,25381.157
1753012800000,45.0,45.68,44.67,45.53,25466.006
1753027200000,45.54,46.0,44.97,45.25,42489.89
1753041600000,45.26,45.35,44.07,44.98,38651.149
1753056000000,44.99,45.64,44.28,45.59,23131.728
1753070400000,45.59,46.05,45.28,45.61,19341.417
1753084800000,45.61,45.89,44.9,45.43,16588.56
1753099200000,45.41,46.06,45.12,45.17,29948.316
1753113600000,45.18,45.29,44.36,44.43,41667.363
1753128000000,44.44,44.9,43.87,44.59,24123.33
1753142400000,44.59,44.69,43.0,43.49,47125.235
1753156800000,43.49,43.61,42.43,43.01,41067.898
1753171200000,43.03,43.46,42.25,43.13,30232.676
1753185600000,43.15,43.66,42.24,43.54,35628.726
1753200000000,43.55,43.62,42.6,42.77,26119.333
1753214400000,42.77,44.14,42.67,44.1,18278.043
1753228800000,44.1,44.21,43.54,43.67,17461.529
1753243200000,43.67,44.01,43.05,43.2,17627.955
1753257600000,43.2,43.59,42.51,43.04,19781.886
1753272000000,43.04,43.58,41.08,42.05,54424.073
1753286400000,42.06,42.07,40.54,41.62,33188.981
1753300800000,41.63,41.84,40.25,41.33,29444.629
1753315200000,41.34,41.91,41.13,41.29,16043.333
1753329600000,41.29,41.51,39.26,40.09,48937.381
1753344000000,40.09,41.32,39.89,41.19,26921.269
1753358400000,41.17,41.3,40.05,41.27,28335.932
1753372800000,41.26,41.55,40.29,40.51,23470.999
1753387200000,40.51,40.92,40.06,40.21,12710.677
1753401600000,40.22,40.26,38.53,39.17,46121.178
1753416000000,39.15,39.82,38.5,39.47,29532.371
1753430400000,39.48,40.73,39.32,40.6,25894.183
1753444800000,40.59,40.78,39.51,39.87,21696.437
1753459200000,39.87,40.43,39.79,39.86,15536.641
1753473600000,39.85,40.84,39.85,40.78,14595.267
1753488000000,40.77,41.05,40.44,40.55,9158.728
1753502400000,40.56,40.84,40.46,40.8,8166.535
1753516800000,40.79,41.2,40.7,40.83,12197.947
1753531200000,40.83,41.64,40.65,41.42,23074.901
1753545600000,41.42,41.74,41.08,41.64,8616.8
1753560000000,41.64,41.74,41.1,41.21,10571.358
1753574400000,41.21,41.78,41.12,41.46,9452.601
1753588800000,41.46,41.76,41.41,41.51,10707.314
1753603200000,41.5,41.88,41.21,41.54,12931.111
1753617600000,41.53,41.64,41.11,41.61,25426.245
1753632000000,41.6,41.82,41.37,41.49,11234.469
1753646400000,41.49,41.92,41.42,41.83,11426.104
1753660800000,41.83,42.36,41.74,42.31,18841.081
1753675200000,42.3,42.93,42.13,42.56,19917.038
1753689600000,42.55,43.35,42.42,43.26,40364.987
1753704000000,43.26,43.31,41.43,41.79,36545.874
1753718400000,41.78,42.04,40.78,41.03,27665.374
1753732800000,41.02,41.07,40.06,40.59,30050.27
1753747200000,40.61,40.74,39.7,40.35,24383.116
1753761600000,40.35,41.28,40.04,41.15,18765.19
1753776000000,41.15,41.79,40.58,40.85,21290.192
1753790400000,40.85,41.29,39.67,40.09,23891.571
1753804800000,40.08,40.56,39.68,40.13,17960.145
1753819200000,40.13,40.77,39.77,40.44,11231.469
1753833600000,40.43,40.7,39.66,39.86,22930.324
1753848000000,39.83,40.05,39.02,39.23,31983.691
1753862400000,39.23,39.63,38.56,38.66,34319.045
1753876800000,38.67,39.29,38.26,38.97,26329.236
1753891200000,38.97,39.16,37.0,38.29,43541.474
1753905600000,38.29,38.54,37.87,38.41,20475.688
1753920000000,38.38,38.81,38.25,38.66,13522.011
1753934400000,38.66,39.11,38.65,39.07,15665.62
1753948800000,39.06,39.54,39.0,39.15,19187.939
1753963200000,39.16,39.2,37.5,38.03,33905.324
1753977600000,38.02,38.77,37.19,37.55,27491.122
1753992000000,37.55,37.61,36.58,36.9,36693.184
1754006400000,36.9,37.39,36.51,36.74,28523.586
1754020800000,36.74,36.74,35.8,35.98,26502.441
1754035200000,35.97,36.19,35.32,36.12,26317.076
1754049600000,36.12,36.77,35.45,36.64,30855.915
1754064000000,36.63,36.95,35.96,36.4,29373.119
1754078400000,36.41,36.72,35.1,35.84,34042.65
1754092800000,35.84,36.14,35.82,35.87,9733.35
1754107200000,35.87,36.07,35.25,35.77,15208.591
1754121600000,35.77,35.9,35.15,35.39,15694.178
1754136000000,35.37,35.59,35.01,35.21,18171.325
1754150400000,35.21,35.65,34.52,35.01,40553.142
1754164800000,35.03,35.71,34.98,35.37,12236.479
1754179200000,35.37,35.81,34.81,35.73,19478.583
1754193600000,35.73,35.99,35.38,35.46,14796.582
1754208000000,35.46,36.26,35.46,36.09,20876.63
1754222400000,36.09,36.38,35.7,36.37,13498.098
1754236800000,36.36,36.41,35.96,36.09,13249.692
1754251200000,36.09,36.38,35.91,36.13,10360.685
1754265600000,36.11,36.86,36.08,36.41,15928.409
1754280000000,36.41,36.57,36.15,36.45,8161.255
1754294400000,36.45,36.55,35.9,36.02,15726.338
1754308800000,36.03,37.11,35.98,36.79,21636.181
1754323200000,36.78,37.29,36.74,36.82,16465.761
1754337600000,36.83,37.35,36.82,37.08,12728.502
1754352000000,37.08,37.15,36.56,36.59,36820.895
1754366400000,36.6,36.76,35.89,35.93,15894.368
1754380800000,35.93,36.54,35.74,36.36,24732.413
1754395200000,36.37,36.41,35.1,35.27,29752.372
1754409600000,35.27,35.42,34.92,35.2,20365.045
1754424000000,35.21,35.58,34.91,35.44,13401.84
1754438400000,35.44,35.51,34.9,34.97,14801.867
1754452800000,34.96,35.73,34.79,35.58,24864.51
1754467200000,35.58,36.0,35.29,35.36,22014.625
1754481600000,35.35,36.03,35.01,35.91,19820.138
1754496000000,35.92,36.28,35.89,36.16,18725.788
1754510400000,36.16,36.19,35.94,36.06,6979.146
1754524800000,36.06,36.42,35.96,35.99,11210.899
1754539200000,35.99,36.77,35.83,36.57,20846.408
1754553600000,36.57,37.37,36.42,37.19,28230.015
1754568000000,37.19,37.54,36.93,37.5,22450.3
1754582400000,37.5,37.5,36.66,37.36,22949.571
1754596800000,37.35,38.13,37.35,38.09,20835.561
1754611200000,38.09,38.27,37.48,38.1,32650.873
1754625600000,38.08,38.37,37.91,38.27,15059.409
1754640000000,38.27,38.86,38.12,38.73,18846.984
1754654400000,38.72,39.23,38.02,38.19,29397.865
1754668800000,38.2,38.62,38.01,38.57,26100.77
1754683200000,38.57,38.87,38.4,38.72,13854.837
1754697600000,38.7,38.97,38.66,38.85,11340.047
1754712000000,38.85,39.52,38.73,39.37,19110.003
1754726400000,39.36,39.82,39.11,39.59,20116.529
1754740800000,39.59,39.77,38.86,39.49,21248.361
1754755200000,39.49,40.42,39.47,40.07,32259.098
1754769600000,40.08,40.15,39.49,39.62,13564.046
1754784000000,39.61,39.94,39.31,39.91,15479.388
1754798400000,39.91,40.13,38.61,38.68,19761.258
1754812800000,38.69,39.47,38.41,39.05,25663.059
1754827200000,39.04,39.13,38.43,38.99,16838.508
1754841600000,38.97,39.48,38.88,39.31,10854.334
1754856000000,39.32,39.57,38.77,39.44,20568.129
1754870400000,39.45,40.2,39.29,40.07,28945.137
1754884800000,40.07,40.35,39.06,39.16,22074.99
1754899200000,39.15,39.39,37.65,37.8,30176.089
1754913600000,37.81,38.34,37.35,38.14,39257.326
1754928000000,38.15,38.67,37.55,37.77,25392.968
1754942400000,37.76,37.76,36.21,36.58,39699.277
1754956800000,36.58,37.38,36.53,37.01,12871.326
1754971200000,37.02,37.32,36.76,37.23,12918.215
1754985600000,37.23,37.24,36.63,36.98,13335.995
1755000000000,36.99,39.35,36.79,39.3,42895.994
1755014400000,39.3,40.02,39.01,39.81,46657.06
1755028800000,39.82,40.27,39.43,39.49,25796.951
1755043200000,39.48,40.0,38.53,38.74,40731.843
1755057600000,38.75,39.03,38.1,38.45,25169.326
1755072000000,38.45,40.86,38.22,40.45,73001.338
1755086400000,40.46,40.92,39.05,39.29,53898.993
1755100800000,39.3,39.75,38.73,39.09,40068.624
1755115200000,39.1,39.63,38.93,39.34,20527.541
1755129600000,39.34,40.28,38.61,40.01,50118.879
1755144000000,40.02,40.18,39.12,40.14,32744.427
1755158400000,40.13,40.14,38.77,39.68,29444.105
1755172800000,39.67,39.67,37.04,37.34,100698.017
1755187200000,37.35,37.41,36.52,37.06,38451.355
1755201600000,37.06,37.23,36.31,36.61,19541.271
1755216000000,36.6,37.83,36.42,37.75,29156.707
1755230400000,37.76,38.52,37.24,38.23,39045.852
1755244800000,38.23,38.43,37.48,37.59,22634.219
1755259200000,37.59,37.96,36.39,36.56,29990.386
1755273600000,36.56,36.87,35.86,36.13,37509.229
1755288000000,36.14,36.85,36.06,36.38,14071.807
1755302400000,36.37,36.89,36.12,36.16,18068.557
1755316800000,36.17,36.75,35.91,36.43,28974.036
1755331200000,36.43,36.66,36.08,36.18,12746.711
1755345600000,36.19,36.62,35.9,36.57,24183.583
1755360000000,36.57,37.17,36.42,36.88,21361.433
1755374400000,36.87,37.08,36.6,36.71,14233.563
1755388800000,36.71,36.79,36.19,36.7,11667.544
1755403200000,36.71,37.35,36.67,37.24,13247.041
1755417600000,37.26,37.93,37.2,37.54,24308.893
1755432000000,37.55,37.78,37.21,37.72,13958.788
1755446400000,37.73,37.81,37.03,37.15,23020.85
1755460800000,37.15,37.23,36.93,36.97,10571.846
1755475200000,36.97,37.04,35.7,35.86,31013.554
1755489600000,35.86,35.99,35.18,35.53,35316.119
1755504000000,35.53,36.12,35.28,36.04,20755.457
1755518400000,36.04,36.62,35.73,36.52,41720.0
1755532800000,36.52,36.67,35.67,35.84,28530.616
1755547200000,35.84,35.98,35.1,35.3,32831.447
1755561600000,35.29,35.87,34.87,34.94,28577.621
1755576000000,34.92,36.08,34.79,35.78,23944.035
1755590400000,35.8,36.1,35.51,35.97,23741.957
1755604800000,35.98,36.19,35.19,35.3,27427.001
1755619200000,35.3,35.38,34.58,34.9,31246.845
1755633600000,34.9,35.18,34.51,34.59,23912.881
1755648000000,34.59,35.51,34.38,35.43,25045.931
1755662400000,35.44,37.46,35.44,36.98,96827.927
1755676800000,36.97,39.39,36.8,38.21,159068.858
1755691200000,38.22,38.88,37.51,38.44,80551.181
1755705600000,38.43,39.34,38.04,39.31,64877.128
1755720000000,39.3,39.4,38.8,38.99,33104.089
1755734400000,39.01,39.18,38.26,38.29,30202.88
1755748800000,38.28,38.54,37.86,38.33,44776.718
1755763200000,38.33,38.81,37.7,38.13,43813.171
1755777600000,38.12,40.18,38.02,39.4,92805.85
1755792000000,39.41,40.42,38.92,40.08,73493.795
1755806400000,40.09,42.96,40.02,42.51,230212.574
1755820800000,42.53,43.38,41.64,41.67,212784.283
1755835200000,41.67,42.43,41.5,42.03,114943.531
1755849600000,42.03,42.55,41.67,42.24,130994.519
1755864000000,42.24,45.2,41.53,43.76,330029.757
1755878400000,43.76,44.34,42.91,44.08,107433.513
1755892800000,44.08,44.51,43.92,43.93,38468.656
1755907200000,43.92,44.18,42.98,43.64,41877.789
1755921600000,43.65,43.77,42.48,42.78,39597.466
1755936000000,42.78,43.93,42.75,43.46,37798.69
1755950400000,43.47,43.73,43.12,43.22,30302.439
1755964800000,43.22,43.56,42.71,43.16,31195.214
1755979200000,43.15,45.0,43.06,44.76,52719.073
1755993600000,44.78,45.07,43.03,43.16,40621.598
1756008000000,43.16,43.47,42.35,42.51,27742.077
1756022400000,42.51,43.4,42.38,42.57,35619.448
1756036800000,42.56,43.94,42.46,42.87,62600.055
1756051200000,42.87,43.58,42.04,42.8,56970.179
1756065600000,42.81,42.94,42.11,42.59,32877.963
1756080000000,42.59,42.83,41.97,42.51,24344.896
1756094400000,42.52,42.57,40.75,41.47,57396.105
1756108800000,41.46,42.07,40.75,41.48,50968.402
1756123200000,41.49,41.53,40.35,40.44,54460.888
1756137600000,40.44,40.81,39.69,39.78,38222.609
1756152000000,39.79,39.89,38.8,39.77,43845.693
1756166400000,39.78,39.92,39.07,39.53,25517.32
1756180800000,39.53,40.19,39.49,39.93,16395.044
1756195200000,39.94,40.49,39.71,40.05,29402.751
1756209600000,40.06,40.75,39.78,40.54,29341.374
1756224000000,40.55,41.97,40.55,41.85,36683.961
1756238400000,41.84,43.13,41.75,42.79,32864.906
1756252800000,42.77,43.58,42.54,42.93,29240.454
1756267200000,42.94,43.33,42.53,42.79,26468.676
1756281600000,42.8,43.3,42.59,42.79,26357.216
1756296000000,42.8,43.08,41.68,41.81,40969.784
1756310400000,41.8,42.48,41.67,41.89,31524.514
1756324800000,41.89,42.25,41.51,42.24,22863.026
1756339200000,42.24,43.54,42.04,42.29,40259.913
1756353600000,42.29,42.61,42.04,42.47,20983.676
1756368000000,42.47,42.6,41.75,41.96,16373.256
1756382400000,41.96,42.72,41.86,42.31,40398.09
1756396800000,42.31,42.47,41.13,41.44,38474.362
1756411200000,41.45,42.5,41.4,42.45,11516.778
1756425600000,42.45,42.56,42.02,42.47,14860.096
1756440000000,42.46,42.94,41.35,41.46,25119.774
1756454400000,41.46,42.98,41.03,42.94,40469.137
1756468800000,42.95,43.83,41.84,41.92,125228.988
1756483200000,41.93,42.32,40.45,40.6,54103.878
1756497600000,40.6,40.8,40.03,40.12,25915.302
1756512000000,40.11,40.3,39.61,39.98,28695.467
1756526400000,39.99,40.24,39.89,40.04,24135.835
1756540800000,40.03,40.32,39.74,39.94,20413.991
1756555200000,39.93,40.19,39.49,39.91,29812.674
1756569600000,39.91,40.01,39.63,39.8,23511.469
1756584000000,39.81,40.11,39.78,40.02,21563.821
1756598400000,40.02,40.66,39.87,40.57,19502.677
1756612800000,40.57,40.59,39.89,39.97,16715.357
1756627200000,39.97,40.5,39.91,40.39,17593.88
1756641600000,40.39,40.46,39.92,40.28,16619.27
1756656000000,40.28,40.62,40.08,40.55,20520.206
1756670400000,40.56,41.36,40.27,40.38,36655.918
1756684800000,40.38,40.4,38.69,38.88,45361.261
1756699200000,38.88,40.08,38.64,40.07,54799.873
1756713600000,40.08,41.13,40.07,40.14,53660.668
1756728000000,40.14,40.38,39.29,39.34,21014.942
1756742400000,39.35,40.18,39.22,40.11,19585.325
1756756800000,40.12,40.59,39.41,40.49,21285.38
1756771200000,40.5,40.57,39.76,40.48,23021.416
1756785600000,40.48,41.1,40.45,40.7,22937.607
1756800000000,40.71,41.81,40.71,41.54,33030.931
1756814400000,41.55,41.66,40.52,40.88,56204.736
1756828800000,40.89,41.77,40.89,41.48,25350.466
1756843200000,41.48,41.61,41.15,41.55,18492.341
1756857600000,41.55,41.68,41.0,41.32,27124.167
1756872000000,41.32,41.33,40.81,41.19,21105.637
1756886400000,41.19,42.92,41.13,42.31,76161.817
1756900800000,42.33,42.63,42.04,42.44,25923.221
1756915200000,42.46,43.14,42.37,42.58,26324.744
1756929600000,42.58,42.67,41.4,41.57,31559.974
1756944000000,41.56,41.67,40.44,40.5,26166.178
1756958400000,40.5,40.61,40.12,40.5,23249.19
1756972800000,40.49,40.82,40.32,40.53,19475.432
1756987200000,40.53,40.86,40.21,40.28,21231.841
1757001600000,40.28,40.66,40.12,40.56,17045.329
1757016000000,40.56,40.96,40.55,40.7,9874.359
1757030400000,40.69,41.67,40.64,41.28,32324.024
1757044800000,41.29,41.8,40.92,41.74,25235.393
1757059200000,41.75,41.9,41.25,41.35,14748.339
1757073600000,41.35,41.69,40.51,40.7,34484.125
1757088000000,40.7,41.04,40.54,41.04,11250.467
1757102400000,41.04,41.29,40.8,41.04,9645.182
1757116800000,41.04,41.49,40.86,41.48,10532.254
1757131200000,41.47,42.18,41.33,42.08,18379.931
1757145600000,42.07,42.65,41.8,42.23,34212.728
1757160000000,42.24,42.94,42.21,42.54,26771.513
1757174400000,42.54,44.19,42.28,43.81,74639.66
1757188800000,43.82,47.84,43.66,47.43,216869.947
1757203200000,47.38,47.9,45.52,46.68,258676.644
1757217600000,46.67,47.38,46.66,47.15,77942.832
1757232000000,47.16,47.49,46.48,47.18,94215.955
1757246400000,47.18,48.8,46.92,47.6,140773.626
1757260800000,47.58,48.35,47.3,48.32,71049.855
1757275200000,48.32,48.5,47.82,48.32,39798.679
1757289600000,48.32,50.91,47.93,49.84,98882.453
1757304000000,49.83,49.99,48.79,49.07,60724.966
1757318400000,49.04,49.23,48.2,48.79,55997.091
1757332800000,48.78,49.82,48.51,48.75,50254.147
1757347200000,48.76,52.02,48.73,51.87,115014.966
1757361600000,51.87,51.93,50.45,50.65,53223.689
1757376000000,50.64,51.36,49.41,49.66,48340.256
1757390400000,49.65,50.32,49.39,50.2,32035.039
1757404800000,50.2,50.81,49.98,50.3,31357.27
1757419200000,50.31,50.79,48.88,49.31,58723.738
1757433600000,49.3,49.36,47.96,48.18,46001.401
1757448000000,48.16,48.36,47.6,48.3,21153.319
1757462400000,48.3,49.18,47.94,48.36,31977.155
1757476800000,48.36,48.69,48.21,48.62,14416.177
1757491200000,48.61,48.61,47.89,48.21,17508.781
1757505600000,48.21,49.08,47.84,48.23,34392.989
1757520000000,48.24,48.29,47.21,47.38,28328.923
1757534400000,47.39,48.17,47.08,47.83,23884.203
1757548800000,47.83,47.83,47.17,47.46,15045.76
1757563200000,47.47,47.68,47.18,47.44,20677.398
1757577600000,47.43,47.75,46.96,47.28,25599.721
1757592000000,47.28,48.21,46.55,47.58,62594.743
1757606400000,47.58,48.29,47.48,47.53,16697.957
1757620800000,47.53,48.14,47.32,47.9,13249.712
1757635200000,47.89,48.48,47.66,47.85,18048.374
1757649600000,47.85,48.37,47.48,47.75,24334.946
1757664000000,47.75,47.76,47.14,47.29,19018.447
1757678400000,47.29,49.0,47.19,48.59,28835.83
1757692800000,48.57,50.39,48.01,50.07,71135.224
1757707200000,50.08,50.15,49.14,49.68,19115.441
1757721600000,49.68,49.93,49.05,49.3,14335.999
1757736000000,49.3,49.61,48.75,49.55,24168.958
1757750400000,49.54,50.5,49.39,50.03,29842.371
1757764800000,50.05,51.0,49.56,50.06,49110.314
1757779200000,50.07,50.24,49.1,50.15,20942.198
1757793600000,50.14,53.1,50.02,52.81,61798.762
1757808000000,52.83,53.93,52.73,53.57,58669.206
1757822400000,53.57,55.0,53.24,53.99,67281.216
1757836800000,53.96,55.47,53.33,53.56,115123.899
1757851200000,53.56,53.94,52.3,52.43,89326.07
1757865600000,52.43,53.43,52.34,52.76,33362.682
1757880000000,52.77,53.17,50.25,50.44,77192.517
1757894400000,50.45,51.31,49.57,51.25,41391.377
1757908800000,51.26,52.05,50.33,50.7,45928.407
1757923200000,50.7,51.21,50.2,50.99,53489.456
1757937600000,50.97,51.0,49.24,50.2,46803.44
1757952000000,50.19,50.65,49.54,50.42,24769.992
1757966400000,50.41,50.76,49.81,49.86,17828.929
1757980800000,49.86,50.71,49.53,50.66,20169.285
1757995200000,50.66,52.07,49.88,52.05,34093.204
1758009600000,52.04,53.41,51.55,51.82,50078.473
1758024000000,51.82,52.23,51.03,51.69,25884.786
1758038400000,51.7,52.2,51.15,51.65,24602.77
1758052800000,51.63,51.69,51.25,51.3,13508.836
1758067200000,51.32,51.96,50.67,50.75,25057.212
1758081600000,50.76,51.82,50.65,51.78,15644.554
1758096000000,51.77,52.42,51.05,51.39,35255.247
1758110400000,51.4,52.1,50.33,50.64,34853.289
1758124800000,50.63,51.59,50.24,50.78,30644.374
1758139200000,50.78,51.44,50.03,51.2,24789.437
1758153600000,51.2,51.23,50.48,51.19,21942.521
1758168000000,51.19,51.53,50.11,50.32,25127.521
1758182400000,50.31,50.99,50.04,50.46,24887.237
1758196800000,50.47,50.9,50.04,50.18,31036.702
1758211200000,50.19,50.86,50.02,50.83,23472.28
1758225600000,50.83,50.92,50.13,50.31,14726.173
1758240000000,50.32,50.96,49.46,49.48,26512.535
1758254400000,49.47,49.5,48.52,48.91,32045.242
1758268800000,48.91,49.57,48.12,48.33,28487.146
1758283200000,48.34,49.37,48.34,48.96,28174.531
1758297600000,48.97,49.87,48.78,49.5,19883.638
1758312000000,49.49,49.97,48.35,48.93,14678.269
1758326400000,48.93,49.25,48.4,49.04,20101.72
1758340800000,49.04,50.97,48.94,50.24,35028.089
1758355200000,50.23,51.17,49.63,49.72,36151.832
1758369600000,49.71,50.82,49.58,50.12,28940.509
1758384000000,50.11,50.46,49.75,50.2,16373.374
1758398400000,50.2,50.81,50.05,50.56,11881.587
1758412800000,50.58,51.43,50.45,51.34,22163.172
1758427200000,51.36,51.64,50.71,51.22,17413.711
1758441600000,51.21,52.06,50.38,50.69,33593.674
1758456000000,50.69,51.85,50.65,51.53,16559.266
1758470400000,51.53,52.16,50.75,51.98,25637.301
1758484800000,51.98,52.28,51.26,51.73,20436.836
1758499200000,51.71,52.15,49.26,49.92,56017.926
1758513600000,49.91,50.11,45.8,48.08,85246.806
1758528000000,48.08,48.89,47.56,48.04,31970.769
1758542400000,48.05,48.52,47.26,48.12,33910.608
1758556800000,48.12,48.28,47.32,47.44,30206.79
1758571200000,47.46,48.77,47.31,48.55,19829.361
1758585600000,48.55,48.95,47.71,48.43,29648.942
1758600000000,48.45,49.33,47.71,49.2,31513.351
1758614400000,49.21,49.81,48.9,49.07,21420.337
1758628800000,49.07,54.0,48.7,53.7,116425.568
1758643200000,53.73,54.22,52.6,53.0,132845.782
1758657600000,53.0,55.22,52.98,55.12,107718.627
1758672000000,55.11,55.24,53.72,53.83,67665.496
1758686400000,53.83,55.1,52.86,54.66,94804.759
1758700800000,54.67,54.67,52.55,53.91,142869.635
1758715200000,53.91,54.99,53.88,54.87,47797.55
1758729600000,54.88,60.84,54.7,60.45,314268.556
1758744000000,60.45,61.29,58.51,58.67,146822.389
1758758400000,58.67,59.59,57.91,58.84,77673.378
1758772800000,58.82,59.04,57.53,58.36,73804.474
1758787200000,58.36,60.61,57.94,59.25,209471.148
1758801600000,59.23,59.26,55.65,56.62,240089.323
1758816000000,56.62,56.93,55.01,56.1,102116.102
1758830400000,56.1,56.47,54.08,54.49,71559.738
1758844800000,54.51,55.21,54.2,54.4,44264.627
1758859200000,54.4,54.96,54.16,54.75,34972.107
1758873600000,54.73,55.18,53.26,53.87,56147.121
1758888000000,53.9,54.67,53.02,54.05,41249.074
1758902400000,54.05,55.8,53.62,55.14,53117.917
1758916800000,55.14,56.34,54.77,56.25,37293.986
1758931200000,56.27,56.3,54.92,56.06,39125.669
1758945600000,56.06,56.71,55.6,55.81,22078.912
1758960000000,55.8,55.84,55.03,55.52,19354.591
1758974400000,55.52,55.52,53.41,54.01,38496.928
1758988800000,54.01,55.32,53.74,54.92,24229.614
1759003200000,54.93,56.92,54.42,55.57,43872.277
1759017600000,55.57,55.58,53.89,54.92,33575.865
1759032000000,54.9,56.66,54.74,56.55,26808.914
1759046400000,56.53,58.6,56.16,57.56,69478.503
1759060800000,57.56,59.23,57.08,58.35,83949.255
1759075200000,58.35,60.03,58.03,59.96,64490.354
1759089600000,59.97,61.54,59.9,61.03,88986.243
1759104000000,61.02,66.56,61.01,65.43,407440.58
1759118400000,65.44,66.28,63.28,66.0,219225.888
1759132800000,66.03,69.45,65.85,68.94,330625.647
1759147200000,68.91,71.31,62.68,67.82,609349.067
1759161600000,67.81,69.76,67.07,69.51,191749.988
1759176000000,69.52,73.18,68.6,72.0,237097.744
1759190400000,72.04,73.3,69.07,69.42,238440.932
1759204800000,69.41,69.92,67.26,67.55,123757.639
1759219200000,67.56,68.64,63.41,64.85,286397.754
1759233600000,64.86,76.34,64.66,73.5,568188.164
1759248000000,73.51,76.1,72.24,75.52,294117.165
1759262400000,75.52,77.77,73.4,74.14,130229.359
1759276800000,74.14,77.5,74.02,76.81,166739.186
1759291200000,76.82,90.0,76.73,89.15,792709.192
1759305600000,89.11,98.7,83.8,94.44,1809060.823
1759320000000,94.42,95.4,84.34,92.19,1031323.985
1759334400000,92.2,129.77,91.57,118.62,2817782.375
1759348800000,118.57,124.37,114.04,120.8,1304565.274
1759363200000,120.79,129.7,116.44,122.18,1236920.686
1759377600000,122.18,154.45,120.68,143.01,3102535.159
1759392000000,143.02,153.0,138.01,141.92,1684304.623
1759406400000,141.93,159.69,126.6,132.55,2503741.06
1759420800000,132.54,139.15,126.48,131.75,1124923.708
1759435200000,131.76,134.76,128.67,131.31,447798.607
1759449600000,131.32,137.74,123.58,125.24,590286.378
1759464000000,125.23,144.37,124.27,141.21,649962.612
1759478400000,141.23,158.0,135.06,151.4,1035185.839
1759492800000,151.39,151.81,140.02,150.05,749699.272
1759507200000,150.05,153.77,135.56,138.91,696664.698
1759521600000,138.9,140.43,127.0,127.44,363370.528
1759536000000,127.42,131.03,124.12,128.91,350420.625
1759550400000,128.9,135.76,128.0,134.05,271640.848
1759564800000,134.09,138.5,129.64,137.63,345909.265
1759579200000,137.62,148.0,136.15,142.1,517078.983
1759593600000,142.1,173.74,140.02,170.27,1233625.342
1759608000000,170.29,176.6,154.63,156.82,879446.2
1759622400000,156.83,175.5,156.61,159.11,707867.44
1759636800000,159.1,163.51,157.32,160.9,387341.656
1759651200000,160.91,161.21,145.0,145.44,678692.869
1759665600000,145.41,154.0,143.63,149.52,440204.603
1759680000000,149.52,172.69,149.14,162.69,681605.581
1759694400000,162.7,169.99,159.88,165.26,386777.178
1759708800000,165.26,169.5,159.36,161.13,286496.017
1759723200000,161.13,161.51,154.45,160.11,281061.458
1759737600000,160.11,177.64,158.31,171.57,515354.397
1759752000000,171.56,174.46,159.36,163.3,477384.719
1759766400000,163.26,166.4,156.76,161.39,332351.394
1759780800000,161.36,162.31,155.4,155.94,213350.537
1759795200000,155.94,161.11,146.99,148.03,320112.491
1759809600000,148.03,148.42,142.28,145.68,312227.912
1759824000000,145.66,155.44,142.46,144.88,412908.417
1759838400000,144.96,148.66,131.02,137.1,611905.751
1759852800000,137.11,145.81,121.58,129.77,759383.506
1759867200000,129.77,135.02,124.63,127.38,375978.267
1759881600000,127.37,135.08,126.12,134.3,301545.228
1759896000000,134.31,139.36,129.7,135.18,229483.543
1759910400000,135.18,142.33,131.4,139.68,325165.639
1759924800000,139.69,168.96,137.45,166.0,800645.494
1759939200000,166.0,185.71,164.3,175.28,1122185.636
1759953600000,175.29,185.6,170.73,177.64,490812.251
1759968000000,177.68,180.68,165.0,169.92,517449.09
1759982400000,169.94,186.18,167.1,179.26,569980.885
1759996800000,179.32,195.0,162.83,191.45,1170570.259
1760011200000,191.44,196.5,180.12,187.99,1034165.604
1760025600000,187.96,217.99,185.06,213.75,1212760.097
1760040000000,213.83,217.95,207.67,212.63,438657.0
1760054400000,212.65,240.88,212.29,231.5,891635.665
1760068800000,231.5,280.26,222.0,227.07,1469028.405
1760083200000,227.0,240.83,220.5,228.04,778607.48
1760097600000,228.03,244.0,201.12,228.41,1387174.47
1760112000000,228.41,252.06,225.12,236.59,1006710.166
1760126400000,236.62,252.64,147.34,225.33,1762949.54
1760140800000,225.33,237.53,207.63,218.11,706857.217
1760155200000,218.11,272.5,209.73,267.45,742466.055
1760169600000,267.45,289.18,248.77,262.99,1336146.579
1760184000000,262.99,286.0,257.45,262.3,1044348.77
1760198400000,262.2,294.75,260.26,290.7,828176.148
1760212800000,290.78,298.43,271.13,290.6,683916.568
1760227200000,290.6,296.25,262.1,271.67,841737.647
1760241600000,271.66,294.0,264.12,288.08,626793.708
1760256000000,288.09,289.26,264.0,267.55,585221.019
1760270400000,267.55,272.0,245.5,251.39,1114764.675
1760284800000,251.39,264.94,246.0,259.22,587412.08
1760299200000,259.23,279.16,253.59,260.38,548991.325
1760313600000,260.38,278.9,258.51,271.3,318528.765
1760328000000,271.38,288.26,265.0,266.95,424101.884
1760342400000,266.99,268.56,240.0,246.32,475885.267
1760356800000,246.34,254.69,235.2,245.23,671237.352
1760371200000,245.23,259.6,242.0,254.53,329348.832
1760385600000,254.53,273.46,246.07,249.18,417981.587
1760400000000,249.18,249.8,235.0,236.2,340225.045
1760414400000,236.22,239.15,220.36,224.53,603418.298
1760428800000,224.53,233.36,217.62,226.83,465337.185
1760443200000,226.85,264.85,220.04,257.53,768404.428
1760457600000,257.54,262.94,232.1,234.28,643190.213
1760472000000,234.3,255.0,233.83,247.66,341128.207
1760486400000,247.68,264.3,241.6,249.95,345056.313
1760500800000,249.93,269.95,245.93,262.04,476629.105
1760515200000,262.05,277.16,259.05,265.06,554918.728
1760529600000,265.03,271.92,247.64,252.56,610380.966
1760544000000,252.6,255.26,237.0,240.03,360814.508
1760558400000,240.02,242.36,224.27,229.77,399144.965
1760572800000,229.76,235.91,224.77,231.41,286045.292
1760587200000,231.41,245.87,225.57,241.22,377846.125
1760601600000,241.22,242.86,231.6,236.31,396229.266
1760616000000,236.31,241.0,219.0,219.38,596826.894
1760630400000,219.4,226.46,208.54,214.25,776743.412
1760644800000,214.25,219.8,202.5,205.09,441312.848
1760659200000,205.1,218.41,204.03,213.73,330982.368
1760673600000,213.72,218.86,189.35,192.45,671518.411
1760688000000,192.45,208.68,186.79,206.8,874265.769
1760702400000,206.82,216.32,205.61,211.03,558859.621
1760716800000,211.03,224.55,210.55,214.74,494434.642
1760731200000,214.74,234.5,212.56,217.77,412089.184
1760745600000,217.77,222.89,211.39,213.49,252438.732
1760760000000,213.5,222.18,210.2,217.01,242692.959
1760774400000,216.98,226.71,212.77,223.01,266017.685
1760788800000,223.02,225.47,213.04,213.37,287371.424
1760803200000,213.38,225.0,210.18,223.88,250155.988
1760817600000,223.88,225.0,215.41,221.23,200505.221
1760832000000,221.24,229.22,217.22,225.75,244198.501
1760846400000,225.76,228.95,215.22,217.88,238845.835
1760860800000,217.85,223.67,211.14,218.05,408088.937
1760875200000,218.04,228.29,214.05,225.32,320403.573
1760889600000,225.33,239.94,222.1,232.86,413437.299
1760904000000,232.83,244.49,231.66,235.6,262733.771
1760918400000,235.59,244.0,228.85,242.78,399712.68
1760932800000,242.79,248.95,236.72,238.06,357420.874
1760947200000,238.0,252.8,235.71,251.58,352820.457
1760961600000,251.57,265.99,247.22,260.3,632972.309
1760976000000,260.3,284.71,248.46,274.88,958686.122
1760990400000,274.89,277.84,265.14,268.48,262678.725
1761004800000,268.43,270.78,261.08,263.31,208399.809
1761019200000,263.3,263.85,248.98,255.29,398267.465
1761033600000,255.28,274.44,245.13,273.9,539623.259
1761048000000,273.94,296.7,263.54,292.1,996146.475
1761062400000,292.09,311.36,270.2,277.91,1181288.367
1761076800000,277.92,280.98,261.1,262.82,372383.524
1761091200000,262.82,268.99,252.51,265.44,386622.97
1761105600000,265.43,282.0,262.28,276.54,519871.258
1761120000000,276.53,281.01,265.2,271.39,468206.734
1761134400000,271.39,277.8,255.19,259.26,543729.854
1761148800000,259.27,263.11,232.01,245.58,611679.436
1761163200000,245.59,245.84,226.1,238.37,610869.547
1761177600000,238.37,245.07,235.52,241.07,277545.373
1761192000000,241.07,252.2,232.67,239.6,441538.694
1761206400000,239.61,242.89,230.57,232.79,302133.651
1761220800000,232.79,239.8,228.43,237.27,442118.632
1761235200000,237.27,245.27,232.73,237.42,367804.301
1761249600000,237.41,244.12,232.21,243.09,182303.511
1761264000000,243.08,261.79,241.08,258.08,469764.386
1761278400000,258.05,269.8,254.73,256.83,376473.304
1761292800000,256.83,267.14,253.74,263.31,291144.688
1761307200000,263.31,273.29,250.0,252.77,630329.608
1761321600000,252.78,265.0,248.6,258.2,321689.768
1761336000000,258.21,272.3,257.5,269.74,268713.689
1761350400000,269.74,274.9,265.24,266.64,243392.619
1761364800000,266.63,272.2,265.68,268.5,208521.803
1761379200000,268.51,274.6,266.28,270.36,245142.971
1761393600000,270.39,276.43,266.83,268.94,306281.1
1761408000000,268.94,275.98,268.61,271.63,228897.363
1761422400000,271.64,284.95,270.65,275.65,289784.375
1761436800000,275.65,291.99,271.48,287.38,326853.923
1761451200000,287.38,301.27,285.06,299.08,484934.806
1761465600000,299.08,318.76,297.28,315.79,957523.779
1761480000000,315.79,360.94,314.13,353.95,1345356.451
1761494400000,353.89,359.59,331.0,350.01,1118265.701
1761508800000,349.99,358.0,324.21,324.24,730959.661
1761523200000,324.24,374.98,324.24,371.83,1069696.19
1761537600000,371.81,373.55,344.95,346.38,754269.221
1761552000000,346.46,360.0,342.51,358.6,449196.78
1761566400000,358.61,368.78,349.57,359.82,624166.272
1761580800000,359.81,373.9,341.2,344.5,651902.426
1761595200000,344.5,349.14,333.87,341.54,512516.475
1761609600000,341.55,343.35,325.0,331.49,512675.894
1761624000000,331.49,338.2,320.61,324.24,374780.882
1761638400000,324.25,333.36,320.0,326.15,368519.846
1761652800000,326.14,343.49,323.95,327.52,655246.902
1761667200000,327.52,327.53,308.56,315.32,629101.546
1761681600000,315.33,323.4,307.24,315.6,416272.644
1761696000000,315.59,323.97,309.76,318.52,302171.652
1761710400000,318.51,323.6,314.0,316.76,230650.494
1761724800000,316.76,334.96,311.0,330.47,491269.232
1761739200000,330.46,348.98,327.07,330.03,702344.783
1761753600000,330.02,355.34,325.0,346.77,858255.118
1761768000000,346.75,363.18,346.61,351.1,409056.068
1761782400000,351.13,369.0,340.71,354.97,508901.523
1761796800000,354.97,365.1,336.68,363.12,591124.016
1761811200000,363.12,367.38,355.0,358.22,495545.674
1761825600000,358.23,359.87,321.0,328.24,960258.091
1761840000000,328.24,337.96,297.45,311.58,950076.567
1761854400000,311.58,347.16,310.54,345.02,576421.968
1761868800000,344.99,375.69,339.09,368.7,784723.691
1761883200000,368.68,391.73,364.75,384.89,977841.364
1761897600000,384.91,388.56,358.57,370.46,786293.096
1761912000000,370.47,388.0,357.14,382.69,841087.411
1761926400000,382.7,388.0,360.4,382.81,819094.252
1761940800000,382.75,411.99,379.63,403.58,870059.333
1761955200000,403.61,444.83,395.86,433.73,909473.848
1761969600000,433.67,449.22,418.77,442.58,862954.054
1761984000000,442.41,442.46,416.05,420.82,805925.991
1761998400000,420.81,426.99,392.33,417.68,1391276.771
1762012800000,417.68,424.47,406.1,422.82,544169.923
1762027200000,422.81,431.55,409.01,411.89,396023.604
1762041600000,411.88,432.86,397.15,418.1,706480.938
1762056000000,418.11,420.96,407.0,419.14,442608.271
1762070400000,419.13,426.0,407.28,411.04,433815.428
1762084800000,411.04,413.0,372.0,376.14,1087126.442
1762099200000,376.14,399.62,366.3,396.25,851830.965
1762113600000,396.25,421.04,391.25,417.29,531819.203
1762128000000,417.3,418.8,383.2,387.11,748891.635
1762142400000,387.11,398.96,378.68,392.23,516784.663
1762156800000,392.3,393.75,376.0,391.29,453715.59
1762171200000,391.29,403.51,373.01,389.16,687940.363
1762185600000,389.17,420.69,386.69,407.25,827654.043
1762200000000,407.26,434.9,405.71,432.62,534586.327
1762214400000,432.61,476.99,412.02,470.17,1231851.215
1762228800000,470.16,479.85,447.93,465.47,941423.722
1762243200000,465.47,482.9,395.0,407.21,1320170.848
1762257600000,407.21,429.0,371.35,394.7,1740701.431
1762272000000,394.73,415.0,379.5,403.75,975728.151
1762286400000,403.79,454.53,388.0,440.6,834761.442
1762300800000,440.67,442.27,409.17,422.84,554458.094
1762315200000,422.79,439.79,412.0,436.21,443078.036
1762329600000,436.24,460.0,426.16,453.88,619994.641
1762344000000,453.89,495.55,448.81,482.04,742217.652
1762358400000,482.04,498.0,462.0,487.16,899725.414
1762372800000,487.17,505.55,465.0,476.05,593010.519
1762387200000,476.05,493.21,466.88,486.45,393914.173
1762401600000,486.44,519.87,486.37,518.53,741458.138
1762416000000,518.59,534.99,508.0,531.44,705361.096
1762430400000,531.44,548.98,510.0,517.26,971288.498
1762444800000,517.27,543.0,502.5,535.22,861229.44
1762459200000,535.25,537.0,509.07,534.87,335993.648
1762473600000,534.9,595.94,523.72,583.79,800492.504
1762488000000,583.79,632.0,575.07,622.24,940759.562
1762502400000,622.23,665.0,592.04,625.83,1646073.224
1762516800000,625.98,775.0,615.0,672.51,1895708.27
1762531200000,672.51,747.01,670.8,681.85,1404289.937
1762545600000,681.85,711.15,637.88,645.27,856548.624
1762560000000,645.27,659.42,594.1,595.21,925410.021
1762574400000,595.21,610.0,532.54,583.85,1506725.47
1762588800000,583.83,588.8,531.0,538.79,980870.633
1762603200000,538.73,564.74,505.75,512.16,1119860.133
1762617600000,512.17,623.95,489.0,587.03,2756423.661
1762632000000,587.02,618.68,567.11,599.21,637305.477
1762646400000,599.14,601.95,534.09,540.08,687012.158
1762660800000,540.07,609.75,531.07,588.19,784017.928
1762675200000,588.19,618.41,569.78,605.3,778911.005
1762689600000,605.3,657.57,592.0,643.46,1121501.582
1762704000000,643.46,668.0,625.0,642.39,840239.559
1762718400000,642.4,645.4,607.5,615.53,507758.559
1762732800000,615.54,669.95,607.0,659.39,677547.215
1762747200000,659.47,685.0,637.1,679.65,576699.182
1762761600000,679.66,680.06,622.01,635.51,627955.045
1762776000000,635.51,638.41,598.78,611.79,1324288.801
1762790400000,611.79,614.41,538.28,588.28,2495948.883
1762804800000,588.26,597.97,515.0,522.55,1517569.327
1762819200000,522.55,582.5,504.0,538.24,1140593.664
1762833600000,538.26,549.0,472.0,473.8,1179477.178
1762848000000,473.56,497.0,467.7,479.25,1102930.924
1762862400000,479.26,516.44,460.51,506.08,1513963.752
1762876800000,506.06,515.0,481.02,483.53,611338.356
1762891200000,483.53,488.68,440.0,443.62,761885.514
1762905600000,443.63,483.21,424.82,467.86,1227240.61
1762920000000,467.84,474.18,445.81,457.37,589371.516
1762934400000,457.37,488.0,455.84,475.78,946948.64
1762948800000,475.79,484.0,448.7,455.14,884377.13
1762963200000,455.14,493.91,445.9,491.96,857415.012
1762977600000,491.96,547.0,491.02,505.05,1222121.918
1762992000000,505.05,528.63,488.5,512.87,784299.654
1763006400000,512.87,522.89,490.01,495.56,567130.597
1763020800000,495.55,508.95,488.38,506.45,593529.684
1763035200000,506.44,513.33,475.32,496.64,814165.249
1763049600000,496.6,526.6,470.03,505.4,1023320.148
1763064000000,505.32,536.46,485.66,519.51,677245.709
1763078400000,519.51,522.0,503.69,511.07,433845.908
1763092800000,511.07,511.39,483.56,507.44,677875.37
1763107200000,507.44,534.9,504.16,529.38,661885.042
1763121600000,529.39,592.99,520.68,587.05,1693090.842
1763136000000,587.04,601.99,562.0,584.48,1050338.992
1763150400000,584.49,614.65,571.0,608.14,529989.375
1763164800000,608.1,747.83,598.0,687.99,1694416.873
1763179200000,687.99,732.0,670.83,682.59,1540550.486
1763193600000,682.6,686.66,625.2,646.96,1335375.941
1763208000000,646.95,708.28,628.63,671.78,1496786.933
1763222400000,671.8,678.99,631.51,671.72,985273.054
1763236800000,671.73,693.77,653.23,669.85,673722.899
1763251200000,669.82,713.7,647.39,688.68,880517.271
1763265600000,688.68,704.0,660.0,679.2,809866.446
1763280000000,679.18,728.6,665.04,697.87,1396093.697
1763294400000,697.88,737.15,693.94,703.34,1434158.752
1763308800000,703.34,739.58,666.0,669.56,1711673.39
1763323200000,669.57,711.4,654.0,698.69,657749.066
1763337600000,698.65,729.72,690.02,695.74,1023551.639
1763352000000,695.74,701.99,677.0,679.81,545441.961
1763366400000,679.83,690.62,665.65,683.62,563384.661
1763380800000,683.61,699.83,643.21,673.86,1178846.308
1763395200000,673.87,694.57,623.13,629.82,985695.008
1763409600000,629.83,658.0,604.99,610.61,676997.223
1763424000000,610.61,633.27,596.0,633.0,924640.259
1763438400000,633.0,634.31,579.74,589.26,754634.193
1763452800000,589.28,607.5,565.22,569.12,777960.856
1763467200000,569.16,597.45,546.55,578.95,1288468.7
1763481600000,578.96,655.0,574.12,636.96,1410471.73
1763496000000,636.97,637.63,614.51,624.42,501347.864
1763510400000,624.41,624.62,596.13,599.95,541235.591
1763524800000,599.94,607.48,581.21,601.72,603595.944
1763539200000,601.68,626.39,595.35,620.51,576505.337
1763553600000,620.59,649.23,608.95,624.56,1010323.064
1763568000000,624.54,640.15,593.01,622.04,1335053.35
1763582400000,622.01,685.0,620.69,673.52,989228.259
1763596800000,673.53,706.45,658.64,692.5,629293.954
1763611200000,692.5,702.59,668.2,672.15,521965.605
1763625600000,672.14,682.49,665.14,672.09,352015.236
1763640000000,672.09,715.68,670.1,686.81,1036006.889
1763654400000,686.78,714.42,675.55,690.47,1087076.423
1763668800000,690.43,706.72,652.0,655.2,482987.022
1763683200000,655.2,687.52,647.14,647.43,567610.203
1763697600000,647.34,687.32,635.0,683.51,662336.035
1763712000000,683.5,699.88,604.02,618.3,1056896.906
1763726400000,618.29,646.35,598.35,616.43,1138617.268
1763740800000,616.43,627.46,577.11,590.96,1096630.8
1763755200000,590.99,591.73,513.4,550.68,991002.496
1763769600000,550.65,550.97,517.14,519.78,1262964.681
1763784000000,519.78,523.79,470.0,514.93,1540885.283
1763798400000,514.93,529.75,490.43,513.01,830045.681
1763812800000,513.03,525.76,497.0,521.88,905320.581
1763827200000,521.88,524.14,499.61,502.34,459692.361
1763841600000,502.33,523.56,484.28,517.69,726365.879
1763856000000,517.73,604.36,513.93,582.23,1129652.178
1763870400000,582.26,597.66,552.83,569.18,794763.723
1763884800000,569.18,581.28,560.0,567.99,480484.233
1763899200000,567.98,587.63,563.16,576.72,557617.191
1763913600000,576.72,610.62,566.89,604.47,559324.809
1763928000000,604.46,605.89,569.89,572.35,438172.373
1763942400000,572.34,589.77,561.36,582.47,465650.043
1763956800000,582.52,583.78,528.06,544.07,704778.46
1763971200000,544.01,549.2,531.45,545.01,375763.435
1763985600000,545.01,572.0,534.0,563.68,605328.621
1764000000000,563.69,594.0,555.85,562.0,601650.158
1764014400000,561.99,565.4,515.15,519.25,584823.466
1764028800000,519.25,533.6,500.0,510.43,579426.893
1764043200000,510.47,533.0,506.5,508.5,511009.213
1764057600000,508.5,518.0,482.0,496.91,736646.456
1764072000000,496.92,512.0,492.42,498.06,588853.192
1764086400000,498.07,507.51,480.92,491.29,643504.486
1764100800000,491.28,513.75,485.0,510.65,428227.504
1764115200000,510.65,528.9,506.78,516.87,459038.66
1764129600000,516.88,519.54,496.89,504.25,366211.889
1764144000000,504.24,507.24,491.42,494.58,406893.873
1764158400000,494.59,510.7,492.22,502.46,588612.489
1764172800000,502.45,525.0,499.56,512.96,533300.067
1764187200000,512.97,535.0,510.73,526.22,405703.73
1764201600000,526.21,549.65,514.31,518.19,624748.795
1764216000000,518.18,528.25,502.5,509.41,385610.725
1764230400000,509.4,518.78,503.2,505.41,305402.077
1764244800000,505.4,506.77,492.91,501.34,427277.466
1764259200000,501.3,508.75,498.3,499.22,288268.217
1764273600000,499.22,504.21,482.5,489.74,375953.223
1764288000000,489.74,490.09,446.43,472.39,980647.098
1764302400000,472.39,478.2,466.54,473.47,384497.985
1764316800000,473.47,485.0,468.71,469.76,473909.366
1764331200000,469.77,483.96,460.79,470.08,568011.505
1764345600000,470.09,470.56,455.61,460.61,387604.492
1764360000000,460.6,464.97,450.62,452.04,240141.609
1764374400000,452.04,468.28,438.0,461.93,541716.147
1764388800000,461.94,473.27,461.36,465.73,287922.085
1764403200000,465.74,474.17,462.73,464.01,258815.483
1764417600000,464.01,465.0,455.0,459.86,313019.931
1764432000000,459.86,462.5,448.2,455.29,304643.98
1764446400000,455.35,463.7,450.23,460.34,198063.15
1764460800000,460.35,470.28,454.52,456.76,257517.233
1764475200000,456.74,461.71,454.01,461.1,187655.676
1764489600000,461.12,461.26,445.01,448.74,289568.281
1764504000000,448.74,457.24,434.01,441.98,625254.894
1764518400000,441.97,447.13,432.56,435.43,309461.815
1764532800000,435.44,441.87,425.38,427.99,386259.89
1764547200000,427.99,430.3,371.7,374.0,1481814.752
1764561600000,374.0,377.99,351.1,358.53,969362.015
1764576000000,358.48,369.0,356.52,363.66,412662.573
1764590400000,363.66,366.94,327.96,361.01,1809045.486
1764604800000,361.08,363.71,321.59,336.81,982191.913
1764619200000,336.83,355.71,335.35,344.12,675243.082
1764633600000,344.12,356.58,330.22,337.55,648621.56
1764648000000,337.54,338.35,322.01,327.13,709858.775
1764662400000,327.12,337.66,314.67,328.3,960291.097
1764676800000,328.29,385.51,322.6,372.88,1641643.747
1764691200000,372.88,374.7,328.19,329.89,1248090.623
1764705600000,329.89,334.78,305.19,312.73,1204965.459
1764720000000,312.72,321.05,300.78,309.43,841527.602
1764734400000,309.43,340.74,309.0,328.04,1212760.663
1764748800000,328.02,352.25,318.46,334.85,1196761.21
1764763200000,334.84,348.57,327.49,331.36,1109481.015
1764777600000,331.37,380.0,331.35,374.26,1353027.887
1764792000000,374.28,374.35,335.0,338.66,1051127.776
1764806400000,338.67,356.92,335.0,355.57,562153.085
1764820800000,355.57,364.98,351.26,360.87,545411.197
1764835200000,360.83,369.33,356.39,368.54,519502.167
1764849600000,368.54,369.28,346.04,352.93,794968.372
1764864000000,352.93,364.38,346.35,353.48,634391.388
1764878400000,353.5,368.99,349.05,367.32,445325.266
1764892800000,367.32,399.7,366.59,386.41,1206736.897
1764907200000,386.41,409.23,381.3,399.59,906600.975
1764921600000,399.59,399.98,368.88,378.17,938146.459
1764936000000,378.17,388.8,373.3,377.48,975913.029
1764950400000,377.47,378.76,360.23,368.65,878543.314
1764964800000,368.65,369.15,351.68,359.77,435459.78
1764979200000,359.79,361.83,346.8,352.79,478542.349
1764993600000,352.79,355.85,348.02,353.45,325420.829
1765008000000,353.45,355.64,336.6,341.64,691426.703
1765022400000,341.64,344.98,327.5,330.53,658007.093
1765036800000,330.53,341.1,328.42,330.74,547484.271
1765051200000,330.75,344.98,326.53,341.4,348394.128
1765065600000,341.38,343.23,332.25,339.26,321260.491
1765080000000,339.25,349.55,338.03,340.15,333451.815
1765094400000,340.15,346.66,334.15,343.63,368836.177
1765108800000,343.69,353.26,331.23,341.71,945753.612
1765123200000,341.71,349.97,334.18,347.35,591857.424
1765137600000,347.35,353.99,332.22,342.67,485312.578
1765152000000,342.67,351.87,341.17,350.36,395563.013
1765166400000,350.34,375.65,349.26,368.57,808646.634
1765180800000,368.57,399.25,368.13,385.8,1056854.557
1765195200000,385.8,409.95,379.0,402.02,1538103.622
1765209600000,402.02,425.0,399.36,405.0,1311346.764
1765224000000,405.0,418.98,403.3,405.19,510704.89
1765238400000,405.2,418.78,390.02,401.39,786660.313
1765252800000,401.39,422.0,392.41,418.29,840930.347
1765267200000,418.3,425.93,403.09,415.64,700422.91
1765281600000,415.63,446.0,414.3,443.12,1299880.8
1765296000000,443.12,449.99,432.07,432.88,887929.165
1765310400000,432.87,437.47,421.1,432.8,530895.335
1765324800000,432.8,446.62,431.3,442.85,463532.365
1765339200000,442.86,448.0,436.81,440.47,388218.561
1765353600000,440.47,442.0,426.03,427.43,488016.903
1765368000000,427.4,436.79,421.43,428.11,503842.797
1765382400000,428.11,439.8,419.04,427.68,611108.564
1765396800000,427.71,428.81,396.2,404.35,888840.601
1765411200000,404.35,405.64,390.01,397.13,677333.04
1765425600000,397.14,421.65,396.03,419.54,532807.313
1765440000000,419.53,437.34,410.95,432.29,640261.404
1765454400000,432.38,457.95,430.64,448.7,1085274.707
1765468800000,448.8,468.63,440.51,457.93,673149.384
1765483200000,457.93,469.68,448.23,450.45,513163.421
1765497600000,450.45,462.65,446.25,460.78,459662.181
1765512000000,460.77,460.84,448.63,457.69,366805.881
1765526400000,457.68,465.0,450.1,453.52,467190.191
1765540800000,453.53,468.0,450.59,456.56,826159.303
1765555200000,456.57,463.25,445.06,454.49,675685.903
1765569600000,454.49,464.66,452.0,454.6,306167.117
1765584000000,454.59,464.94,454.4,463.71,306875.969
1765598400000,463.71,476.4,456.0,464.59,578460.013
1765612800000,464.58,467.87,442.85,445.42,741251.287
1765627200000,445.42,447.35,422.26,441.07,1016431.7
1765641600000,441.07,443.45,426.73,433.79,486262.213
1765656000000,433.8,445.1,428.15,442.77,311448.648
1765670400000,442.78,443.92,434.45,438.06,233115.819
1765684800000,438.05,438.32,419.1,423.37,459023.209
1765699200000,423.38,431.4,419.04,426.43,433311.067
1765713600000,426.42,429.36,397.51,403.18,863944.776
1765728000000,403.17,409.7,400.29,406.91,378205.613
1765742400000,406.92,408.13,395.43,404.05,293805.164
1765756800000,404.05,418.28,391.03,400.98,807834.317
1765771200000,400.98,412.57,397.74,402.42,445070.809
1765785600000,402.41,412.14,401.32,410.58,312217.374
1765800000000,410.59,417.77,403.06,413.98,784125.744
1765814400000,413.98,416.96,386.1,408.35,887957.535
1765828800000,408.36,414.82,395.21,413.31,392420.301
1765843200000,413.31,416.66,396.53,402.56,419089.805
1765857600000,402.56,405.1,378.71,381.82,574145.421
1765872000000,381.79,398.64,373.67,395.0,670071.056
1765886400000,395.01,409.48,388.2,407.06,552975.401
1765900800000,407.06,413.67,396.44,404.02,471615.072
1765915200000,404.03,411.66,401.31,404.48,223795.928
1765929600000,404.48,405.64,392.82,394.4,278261.673
1765944000000,394.41,397.01,386.98,392.64,318435.17
1765958400000,392.64,394.18,383.69,391.62,332462.383
1765972800000,391.61,411.41,390.4,393.42,756875.466
1765987200000,393.42,401.78,375.47,378.11,625536.834
1766001600000,378.11,389.85,371.01,376.55,335029.871
1766016000000,376.55,386.61,371.82,385.22,340298.875
1766030400000,385.22,399.7,384.66,393.92,499177.073
1766044800000,393.85,403.08,390.01,394.03,363152.38
1766059200000,394.04,404.54,392.52,399.87,537764.196
1766073600000,399.88,401.84,382.21,382.63,512854.548
1766088000000,382.69,400.58,382.26,388.28,319803.422
1766102400000,388.27,403.0,384.6,396.56,353854.786
1766116800000,396.56,415.0,395.04,409.46,386899.262
1766131200000,409.44,430.5,406.64,428.28,535381.962
1766145600000,428.28,439.74,425.07,432.13,634057.255
1766160000000,432.12,446.2,429.02,440.71,499880.653
1766174400000,440.71,457.78,438.83,443.91,382460.251
1766188800000,443.91,451.87,442.32,446.15,240652.042
1766203200000,446.15,450.98,434.21,449.48,344638.92
1766217600000,449.48,456.0,442.55,446.61,316505.618
1766232000000,446.62,451.64,446.03,449.14,206975.926
1766246400000,449.13,453.92,447.45,450.92,150879.384
1766260800000,450.92,453.31,443.04,446.92,171024.632
1766275200000,446.88,451.48,441.18,447.32,213734.42
1766289600000,447.32,448.26,441.58,441.89,126076.494
1766304000000,441.88,445.16,436.13,438.5,266435.498
1766318400000,438.5,440.0,430.89,435.01,330456.236
1766332800000,435.01,448.74,427.88,446.4,316567.1
1766347200000,446.48,450.9,434.63,441.0,201596.466
1766361600000,440.99,456.5,440.84,447.11,321238.008
1766376000000,447.1,447.55,437.78,443.78,218093.802
1766390400000,443.79,450.4,441.45,447.88,205649.626
1766404800000,447.88,457.69,442.49,444.95,350884.016
1766419200000,444.96,447.88,430.81,433.59,226292.775
1766433600000,433.59,435.64,426.37,431.46,249732.765
1766448000000,431.46,438.0,417.71,422.86,328845.696
1766462400000,422.86,423.31,413.24,417.22,264445.057
1766476800000,417.22,421.81,412.3,418.04,200597.65
1766491200000,418.04,419.28,410.0,415.85,309866.024
1766505600000,415.85,422.63,413.18,415.8,216602.666
1766520000000,415.8,420.94,414.45,417.27,117016.54
1766534400000,417.27,420.54,405.02,410.75,249883.994
1766548800000,410.75,412.43,404.72,405.6,195092.152
1766563200000,405.61,416.49,404.34,412.38,208050.107
1766577600000,412.37,446.15,411.44,439.47,837361.763
1766592000000,439.47,445.0,434.22,443.54,319367.973
1766606400000,443.54,451.99,442.93,448.45,285908.165
1766620800000,448.45,455.48,438.87,447.26,361284.063
1766635200000,447.27,449.49,442.0,446.37,166087.052
1766649600000,446.37,448.9,438.76,444.24,255282.289
1766664000000,444.23,447.09,436.66,445.39,307188.683
1766678400000,445.42,448.5,438.53,440.32,174208.951
1766692800000,440.33,441.59,435.18,437.94,162609.575
1766707200000,437.95,448.0,435.41,441.32,296896.544
1766721600000,441.32,449.0,438.6,444.1,252143.998
1766736000000,444.11,448.34,442.15,447.79,145924.307
1766750400000,447.79,449.47,440.01,444.92,265381.462
1766764800000,444.93,445.34,437.85,442.8,140130.198
1766779200000,442.8,448.63,442.7,447.82,129829.371
1766793600000,447.83,474.0,444.48,470.09,569440.08
1766808000000,470.1,471.99,465.21,469.29,218611.814
1766822400000,469.29,518.99,467.21,510.92,1106541.445
1766836800000,510.92,522.94,500.82,519.39,786012.143
1766851200000,519.39,528.86,512.96,516.12,629242.743
1766865600000,516.13,517.41,507.56,515.88,267905.569
1766880000000,515.9,519.98,511.64,517.43,219359.533
1766894400000,517.44,522.59,510.0,518.61,307557.997
1766908800000,518.62,526.7,512.43,517.23,318504.38
1766923200000,517.23,544.0,515.56,534.76,714914.172
1766937600000,534.75,538.77,523.33,527.23,414014.751
1766952000000,527.23,532.63,521.47,529.76,188706.229
1766966400000,529.77,547.11,527.42,546.63,434163.767
1766980800000,546.64,547.8,520.68,527.37,368869.963
1766995200000,527.38,527.79,507.03,522.35,561526.903
1767009600000,522.37,530.6,520.0,524.69,401395.293
1767024000000,524.69,555.55,524.58,547.94,803636.421
1767038400000,547.94,552.96,539.24,540.18,252057.113
1767052800000,540.18,544.41,533.0,538.0,220706.872
1767067200000,538.0,543.71,525.38,531.44,351600.564
1767081600000,531.45,540.0,530.96,538.5,259028.166
1767096000000,538.5,543.0,534.49,537.72,284976.657
1767110400000,537.72,538.97,525.59,534.78,340151.111
1767124800000,534.78,535.37,521.0,529.19,187018.889
1767139200000,529.19,532.52,522.7,525.05,154158.092
1767153600000,525.05,531.5,520.55,525.91,312490.72
1767168000000,525.91,528.41,522.6,524.97,240360.339
1767182400000,524.97,524.98,497.68,505.01,801375.437
1767196800000,504.98,514.0,502.62,508.98,231252.049
1767211200000,508.99,515.0,506.56,511.78,100769.447
1767225600000,511.79,513.31,506.09,509.27,149901.635
1767240000000,509.26,519.91,506.94,518.98,177190.663
1767254400000,518.98,527.66,515.37,524.41,242766.404
1767268800000,524.42,536.99,521.78,524.11,362850.229
1767283200000,524.12,527.73,516.49,523.9,205452.957
1767297600000,523.9,527.0,519.18,525.4,112528.829
1767312000000,525.4,533.71,523.62,529.49,179397.628
1767326400000,529.5,530.75,520.46,521.05,152917.533
1767340800000,521.05,523.95,493.18,500.25,657062.179
1767355200000,500.24,502.62,480.93,485.22,671403.72
1767369600000,485.22,492.61,482.01,484.47,354646.097
1767384000000,484.47,489.59,481.01,488.16,163962.403
1767398400000,488.16,499.0,487.78,496.66,210332.071
1767412800000,496.66,520.0,495.26,507.81,585362.223
1767427200000,507.8,517.53,504.23,508.61,275104.974
1767441600000,508.6,518.59,502.21,505.19,259019.057
1767456000000,505.2,512.84,500.8,509.08,174874.749
1767470400000,509.09,512.28,503.0,511.15,117956.541
1767484800000,511.15,514.72,504.5,512.06,204481.159
1767499200000,512.06,517.65,502.17,505.83,229755.245
1767513600000,505.82,510.42,503.66,508.23,162417.333
1767528000000,508.23,510.0,493.52,507.01,376873.472
1767542400000,507.01,508.67,503.38,506.4,138691.728
1767556800000,506.41,507.3,498.11,501.85,104257.192
1767571200000,501.85,509.38,500.21,506.33,161532.439
1767585600000,506.32,506.92,486.95,492.74,315658.532
1767600000000,492.73,496.42,486.23,494.99,210755.316
1767614400000,495.0,498.16,488.02,489.65,204423.322
1767628800000,489.65,496.2,485.0,494.19,226620.998
1767643200000,494.19,505.24,488.4,503.15,222657.996
1767657600000,503.14,510.36,496.08,508.34,237940.685
1767672000000,508.34,514.83,502.02,502.77,313607.028
1767686400000,502.79,514.9,502.79,509.68,231530.707
1767700800000,509.67,529.9,508.34,512.74,624942.358
1767715200000,512.74,515.5,491.6,496.91,355203.431
1767729600000,496.92,504.36,495.3,501.76,148695.792
1767744000000,501.76,507.26,493.0,495.79,184251.152
1767758400000,495.8,498.24,488.15,493.98,160945.523
1767772800000,493.98,496.63,476.4,490.1,325269.909
1767787200000,490.09,490.27,477.0,482.27,307286.34
1767801600000,482.25,486.36,473.47,477.88,230516.47
1767816000000,477.87,484.66,466.92,469.38,312914.598
1767830400000,469.39,484.09,456.0,461.72,510896.197
1767844800000,461.71,466.52,438.0,444.54,662194.972
1767859200000,444.55,446.76,380.85,396.15,2406961.702
1767873600000,396.15,435.2,391.4,426.08,1370813.912
1767888000000,426.07,438.66,416.66,432.87,682545.874
1767902400000,432.86,435.94,419.1,421.78,349621.982
1767916800000,421.77,439.59,421.57,438.04,389971.776
1767931200000,438.04,450.0,431.47,441.51,514197.199
1767945600000,441.51,444.37,428.58,437.49,450909.435
1767960000000,437.5,437.5,421.26,430.18,573246.835
1767974400000,430.19,433.64,417.44,425.37,370048.692
1767988800000,425.37,426.09,413.25,418.43,275265.146
1768003200000,418.42,419.37,390.71,391.5,601104.704
1768017600000,391.49,392.66,370.89,383.16,735601.339
1768032000000,383.16,384.94,375.0,382.68,367189.515
1768046400000,382.68,393.02,375.33,380.38,496048.459
1768060800000,380.38,385.0,360.7,377.4,769474.809
1768075200000,377.4,380.41,367.2,375.62,302612.841
1768089600000,375.63,381.34,371.78,377.37,246275.789
1768104000000,377.37,380.63,372.12,379.46,256801.35
1768118400000,379.46,388.81,376.82,387.5,499752.299
1768132800000,387.51,399.59,386.0,394.19,682758.041
1768147200000,394.2,395.0,386.01,387.66,273256.264
1768161600000,387.66,387.88,376.16,381.42,279233.23
1768176000000,381.42,416.0,379.42,411.21,822742.067
1768190400000,411.21,419.19,402.36,404.24,568027.463
1768204800000,404.25,407.85,393.12,402.41,470887.07
1768219200000,402.4,408.0,392.0,400.24,412157.799
1768233600000,400.24,410.98,394.53,410.44,333154.305
1768248000000,410.45,414.46,402.34,406.67,191102.851
1768262400000,406.66,413.19,395.73,397.29,308534.074
1768276800000,397.29,405.19,396.21,401.94,229525.832
1768291200000,401.94,412.0,400.24,408.63,338866.696
1768305600000,408.63,412.54,382.73,392.17,766562.752
1768320000000,392.17,400.0,385.79,398.72,375084.14
1768334400000,398.72,408.88,387.13,404.03,402531.882
1768348800000,404.04,418.55,403.29,416.1,441335.234
1768363200000,416.1,425.64,410.12,413.58,384567.917
1768377600000,413.58,420.88,408.0,410.31,331010.401
1768392000000,410.31,425.0,409.09,421.45,335820.469
1768406400000,421.44,444.69,418.29,437.35,792511.213
1768420800000,437.35,448.77,435.56,446.74,323386.115
1768435200000,446.73,448.53,422.0,425.31,407684.001
1768449600000,425.32,441.35,424.74,438.88,249231.418
1768464000000,438.89,446.8,429.88,439.11,404791.22
1768478400000,439.11,444.55,406.2,415.62,661287.202
1768492800000,415.61,422.93,409.65,416.45,385255.731
1768507200000,416.45,417.5,401.83,413.86,223944.296
1768521600000,413.86,416.26,402.0,404.29,235154.114
1768536000000,404.29,409.39,399.02,408.46,241233.582
1768550400000,408.46,415.02,406.65,413.68,204738.69
1768564800000,413.69,413.87,400.42,407.34,290866.589
1768579200000,407.29,415.88,405.1,413.33,173698.581
1768593600000,413.31,417.49,409.02,410.73,126641.774
1768608000000,410.72,411.71,403.55,404.77,165754.522
1768622400000,404.77,407.2,402.43,406.3,115029.912
1768636800000,406.3,408.11,403.01,404.96,118968.477
1768651200000,404.96,405.55,395.67,405.3,236479.38
1768665600000,405.28,405.79,398.25,402.28,125536.109
1768680000000,402.28,404.75,398.0,399.87,63322.4
1768694400000,399.87,401.27,391.0,393.96,195824.217
1768708800000,393.95,397.32,392.91,395.28,88304.935
1768723200000,395.29,400.98,394.6,396.84,122735.995
1768737600000,396.85,398.0,385.97,394.11,233515.758
1768752000000,394.12,394.12,385.02,386.72,167698.86
1768766400000,386.72,391.2,374.56,376.39,247228.566
1768780800000,376.39,376.44,330.75,366.62,724179.058
1768795200000,366.61,372.85,363.33,370.73,204499.482
1768809600000,370.73,377.47,367.54,373.04,210942.084
1768824000000,373.04,381.87,368.05,372.04,253360.905
1768838400000,372.04,377.0,371.05,374.23,109471.939
1768852800000,374.22,374.77,363.15,368.93,164087.525
1768867200000,368.93,371.13,362.04,364.81,169483.727
1768881600000,364.82,366.36,353.55,355.88,262550.392
1768896000000,355.88,370.16,346.0,367.8,510510.828
1768910400000,367.8,368.42,350.09,357.55,406004.387
1768924800000,357.56,359.54,342.0,350.45,352763.744
1768939200000,350.45,356.66,346.56,349.61,194373.127
1768953600000,349.6,355.0,349.0,352.42,166863.059
1768968000000,352.42,361.5,352.13,353.96,208350.649
1768982400000,353.96,366.63,351.22,359.83,263693.072
1768996800000,359.84,375.65,356.36,369.55,410499.301
1769011200000,369.56,373.11,352.44,372.11,422377.744
1769025600000,372.11,372.47,354.12,355.65,172395.672
1769040000000,355.65,360.26,352.91,353.56,227246.691
1769054400000,353.55,359.62,352.9,359.25,144010.347
1769068800000,359.25,368.4,356.14,365.19,227895.982
1769083200000,365.19,367.26,355.55,359.32,263823.491
1769097600000,359.32,367.43,359.32,365.08,170919.913
1769112000000,365.08,367.47,362.66,365.15,93922.713
1769126400000,365.15,372.0,364.67,366.32,109312.972
1769140800000,366.33,366.99,357.22,358.23,155347.385
1769155200000,358.23,367.28,354.83,364.83,205918.69
1769169600000,364.83,368.69,359.31,367.26,155695.176
1769184000000,367.27,374.84,365.32,370.2,245784.002
1769198400000,370.12,370.84,364.78,367.58,109881.379
1769212800000,367.58,387.48,366.07,382.02,181002.498
1769227200000,382.02,382.02,371.12,373.09,162070.962
1769241600000,373.1,375.81,370.0,371.71,104618.701
1769256000000,371.71,373.9,366.49,367.33,129206.779
1769270400000,367.34,369.04,362.0,362.69,175109.81
1769284800000,362.68,364.13,355.69,359.51,102693.063
1769299200000,359.51,364.94,359.44,360.68,98882.922
1769313600000,360.68,362.06,355.27,357.53,109820.056
1769328000000,357.54,362.04,355.1,360.43,102553.693
1769342400000,360.47,362.13,356.0,360.19,111599.725
1769356800000,360.21,360.39,329.18,331.58,522562.141
1769371200000,331.58,332.91,325.0,329.24,254703.12
1769385600000,329.25,346.67,327.87,345.09,274973.916
1769400000000,345.1,355.3,344.66,351.88,225806.502
1769414400000,351.89,354.6,344.58,352.96,177594.912
1769428800000,352.95,367.36,350.96,359.81,365777.491
1769443200000,359.81,366.78,356.83,362.8,230073.556
1769457600000,362.81,372.6,362.18,367.48,201858.869
1769472000000,367.47,372.58,364.1,367.32,153769.4
1769486400000,367.31,384.67,366.69,382.42,250964.279
1769500800000,382.42,385.0,375.63,379.26,277799.386
1769515200000,379.25,384.59,377.31,383.12,228053.748
1769529600000,383.11,399.6,382.34,391.36,512539.247
1769544000000,391.35,404.92,391.2,399.39,233444.383
1769558400000,399.38,401.99,390.31,394.87,197627.203
1769572800000,394.86,395.24,389.01,390.52,130380.758
1769587200000,390.53,397.66,387.55,396.91,195534.42
1769601600000,396.91,399.42,377.09,379.14,390714.011
1769616000000,379.15,381.22,372.8,378.37,210376.129
1769630400000,378.37,381.52,369.72,370.91,160874.271
1769644800000,370.91,373.18,362.07,363.91,223107.169
1769659200000,363.9,367.27,362.69,365.41,128420.054
1769673600000,365.41,369.54,361.5,361.62,171951.904
1769688000000,361.63,364.92,350.05,354.58,349381.102
1769702400000,354.58,365.73,345.61,346.7,395382.264
1769716800000,346.69,355.23,346.64,353.31,126912.697
1769731200000,353.32,356.15,324.51,334.75,400391.832
1769745600000,334.73,340.81,330.33,335.82,189348.578
1769760000000,335.82,340.66,331.32,338.95,136145.75
1769774400000,338.96,340.37,328.32,336.16,283481.177
1769788800000,336.15,344.94,320.36,341.12,415871.393
1769803200000,341.12,341.78,335.06,340.35,148630.297
1769817600000,340.36,341.43,333.66,334.34,112577.778
1769832000000,334.33,335.92,322.0,324.26,216555.979
1769846400000,324.26,327.77,316.16,317.5,281087.169
1769860800000,317.5,319.0,298.18,311.99,617507.011
1769875200000,312.0,315.94,272.49,288.61,951564.099
1769889600000,288.61,303.82,285.96,302.81,315968.56
1769904000000,302.8,310.14,302.36,305.1,237161.849
1769918400000,305.11,307.29,296.68,300.99,252739.761
1769932800000,300.99,302.98,292.41,299.82,262921.161
1769947200000,299.82,301.88,286.64,291.0,359413.182
1769961600000,291.01,299.98,289.02,292.7,266763.054
1769976000000,292.69,307.01,288.67,305.85,355961.193
1769990400000,305.86,320.92,293.22,302.9,475122.495
1770004800000,302.9,307.74,291.58,298.89,348840.504
1770019200000,298.88,301.46,294.02,295.42,215737.812
1770033600000,295.42,306.81,295.35,300.27,316934.635
1770048000000,300.26,302.5,290.07,294.13,236498.191
1770062400000,294.12,297.53,290.29,295.54,120376.25
1770076800000,295.54,296.0,278.24,288.13,337037.108
1770091200000,288.12,293.59,285.14,290.3,216887.091
1770105600000,290.31,292.64,281.43,282.57,237553.9
1770120000000,282.57,288.83,272.59,282.64,450063.986
1770134400000,282.64,282.8,266.03,278.89,595826.227
1770148800000,278.88,289.55,269.75,270.65,293189.633
1770163200000,270.64,282.15,270.39,280.29,214401.623
1770177600000,280.29,282.0,276.28,279.35,132960.624
1770192000000,279.36,283.1,275.51,278.38,156368.577
1770206400000,278.39,280.24,263.26,266.07,402254.12
1770220800000,266.08,270.48,257.54,269.56,486661.027
1770235200000,269.57,269.93,251.37,251.74,361077.176
1770249600000,251.73,256.0,242.94,244.04,415611.178
1770264000000,244.04,248.66,237.19,245.71,449111.982
1770278400000,245.72,251.28,237.12,239.88,326045.767
1770292800000,239.88,241.06,216.21,227.8,1326044.162
1770307200000,227.8,233.38,209.0,210.96,940781.141
1770321600000,210.97,222.73,203.05,205.0,872633.609
1770336000000,204.99,213.23,184.3,205.83,1031989.885
1770350400000,205.83,217.97,203.82,214.12,449281.546
1770364800000,214.12,228.98,211.9,227.82,432820.687
1770379200000,227.81,248.88,224.33,239.38,795085.596
1770393600000,239.39,254.84,237.76,244.76,750694.068
1770408000000,244.76,248.5,238.05,240.46,237329.011
1770422400000,240.47,241.34,234.35,237.16,282798.005
1770436800000,237.15,242.31,227.19,228.86,396757.673
1770451200000,228.85,236.8,225.69,227.22,323579.443
1770465600000,227.24,240.5,226.8,239.12,478964.654
1770480000000,239.12,248.98,238.13,239.78,455341.915
1770494400000,239.77,244.44,239.01,240.34,101439.577
1770508800000,240.34,242.97,239.09,241.14,146571.197
1770523200000,241.14,243.26,238.51,240.64,127793.857
1770537600000,240.65,244.46,232.5,239.68,369105.245
1770552000000,239.69,247.5,236.24,243.43,317281.027
1770566400000,243.43,245.21,234.01,242.55,245346.639
1770580800000,242.56,245.5,235.4,239.61,174473.149
1770595200000,239.61,243.77,237.76,242.64,211686.234
1770609600000,242.65,245.28,231.52,233.24,241346.899
1770624000000,233.24,233.48,227.85,229.83,295030.948
1770638400000,229.83,238.38,229.72,237.0,347782.69
1770652800000,237.01,245.19,236.68,242.6,253694.412
1770667200000,242.59,243.25,238.35,240.2,121010.529
1770681600000,240.2,241.29,233.86,235.17,167895.011
1770696000000,235.18,238.07,233.01,236.12,174686.457
1770710400000,236.13,244.72,235.97,238.52,277689.672
1770724800000,238.52,239.87,231.76,233.72,324836.252
1770739200000,233.72,236.65,230.01,230.37,189013.746
1770753600000,230.38,233.9,228.2,233.69,139145.973
1770768000000,233.68,237.29,231.12,233.49,145125.353
1770782400000,233.5,239.71,225.35,226.25,414453.943
1770796800000,226.27,231.11,222.44,224.55,297497.182
1770811200000,224.54,232.36,220.5,226.09,398522.629
1770825600000,226.08,249.06,225.54,244.95,492524.443
1770840000000,244.96,252.99,235.29,240.35,457639.397
1770854400000,240.35,244.96,236.21,238.81,236492.807
1770868800000,238.81,241.49,236.46,239.52,148625.824
1770883200000,239.52,242.11,233.33,238.68,280487.659
1770897600000,238.68,239.76,233.67,235.56,227681.007
1770912000000,235.55,235.68,228.1,230.66,286589.63
1770926400000,230.67,233.6,228.45,232.96,132721.217
1770940800000,232.97,234.42,230.86,231.11,120257.937
1770955200000,231.11,231.56,228.65,230.61,136329.43
1770969600000,230.61,234.06,230.07,233.24,125354.828
1770984000000,233.24,245.23,232.37,244.19,370525.119
1770998400000,244.18,281.38,244.16,279.68,774723.095
1771012800000,279.69,281.0,266.88,267.1,385123.637
1771027200000,267.1,282.0,266.77,279.64,359776.824
1771041600000,279.64,288.88,275.33,286.52,356067.019
1771056000000,286.51,290.0,279.44,280.69,392608.393
1771070400000,280.69,287.84,279.7,284.42,359299.561
1771084800000,284.42,319.22,281.35,314.26,591173.75
1771099200000,314.27,332.82,306.37,323.43,672340.035
1771113600000,323.42,328.99,318.35,327.2,408253.908
1771128000000,327.2,332.79,308.0,309.95,485830.931
1771142400000,309.95,312.43,302.72,307.75,371982.002
1771156800000,307.74,309.68,293.11,296.65,446553.924
1771171200000,296.64,297.9,287.49,294.32,322200.696
1771185600000,294.32,298.36,291.83,297.69,155083.551
1771200000000,297.68,309.0,287.19,292.19,426054.55
1771214400000,292.18,293.9,281.35,283.59,260511.846
1771228800000,283.59,296.71,282.92,294.78,277996.053
1771243200000,294.79,310.93,286.12,287.88,575302.233
1771257600000,287.89,291.78,282.75,288.7,235724.541
1771272000000,288.7,294.95,286.84,294.0,162585.249
1771286400000,294.0,296.59,290.32,291.24,152928.973
1771300800000,291.21,291.72,285.67,286.32,158410.568
1771315200000,286.32,294.53,280.14,293.54,355607.69
1771329600000,293.55,294.94,278.0,284.71,422871.019
1771344000000,284.72,290.79,282.24,287.83,236625.221
1771358400000,287.83,297.49,284.28,296.25,136947.513
1771372800000,296.25,304.34,285.0,296.05,355842.139
1771387200000,296.05,296.4,289.13,290.7,117281.341
1771401600000,290.7,293.0,282.0,283.71,270979.279
1771416000000,283.71,286.91,278.38,283.84,323359.377
1771430400000,283.83,284.43,271.24,273.39,272617.582
1771444800000,273.39,273.62,262.01,264.46,261917.941
1771459200000,264.46,267.7,260.58,262.95,185825.265
1771473600000,262.94,264.72,257.85,262.75,196719.136
1771488000000,262.75,262.77,255.02,256.69,182226.741
1771502400000,256.68,261.95,253.3,259.28,335624.259
1771516800000,259.29,264.3,256.8,263.19,208982.548
1771531200000,263.2,266.4,261.42,261.98,116384.21
1771545600000,261.98,266.62,261.4,263.12,117488.522
1771560000000,263.13,267.92,259.25,260.57,151326.264
1771574400000,260.56,264.64,254.6,256.9,203360.246
1771588800000,256.9,263.57,251.64,263.16,327246.851
1771603200000,263.17,263.7,254.4,257.79,235775.129
1771617600000,257.8,260.22,257.17,258.81,76653.212
1771632000000,258.81,263.16,258.48,261.4,109267.395
1771646400000,261.4,263.86,260.33,260.77,83822.885
1771660800000,260.78,264.79,260.58,261.62,87942.051
1771675200000,261.62,263.0,257.8,259.76,163050.712
1771689600000,259.76,260.96,257.7,259.45,98974.306
1771704000000,259.45,262.85,258.58,259.65,76296.673
1771718400000,259.66,261.03,252.81,255.43,141872.047
1771732800000,255.43,256.81,253.11,253.81,86728.735
1771747200000,253.81,254.3,246.84,249.26,303194.253
1771761600000,249.26,250.0,245.22,246.29,189787.717
1771776000000,246.28,247.0,241.6,242.79,159834.187
1771790400000,242.79,246.78,241.9,244.44,115440.731
1771804800000,244.43,244.55,229.55,238.99,493348.762
1771819200000,239.0,248.78,236.9,244.76,295586.244
1771833600000,244.75,250.89,243.42,245.57,217590.84
1771848000000,245.58,252.8,243.37,243.99,256914.724
1771862400000,244.0,244.16,237.59,238.37,224626.201
1771876800000,238.36,240.45,236.21,237.48,121719.969
1771891200000,237.48,240.19,233.45,234.82,205410.381
1771905600000,234.82,235.44,230.78,232.9,205290.803
1771920000000,232.89,234.69,230.61,233.73,126622.892
1771934400000,233.73,239.39,229.38,238.62,255015.836
1771948800000,238.62,247.29,238.29,244.21,281409.634
1771963200000,244.21,246.73,241.76,242.76,118315.548
1771977600000,242.76,250.78,239.18,239.55,355848.124
1771992000000,239.54,240.2,234.85,235.76,224998.583
1772006400000,235.76,242.2,234.7,238.41,191040.18
1772020800000,238.4,250.22,237.36,247.83,373506.553
1772035200000,247.84,258.78,247.54,256.39,346196.416
1772049600000,256.4,261.48,242.49,243.97,277244.232
1772064000000,243.97,254.21,242.31,252.49,258424.865
1772078400000,252.5,257.22,247.81,248.81,263609.123
1772092800000,248.82,249.39,241.53,241.78,234154.229
1772107200000,241.77,245.68,238.8,240.96,253125.78
1772121600000,240.95,242.56,235.3,239.9,212368.529
1772136000000,239.91,240.76,237.1,238.72,72443.756
1772150400000,238.73,241.26,237.34,240.37,102935.185
1772164800000,240.37,244.9,236.77,238.27,174538.311
1772179200000,238.27,240.27,224.02,226.24,337636.276
1772193600000,226.24,227.94,221.07,223.42,330864.287
1772208000000,223.42,223.97,214.27,217.26,289578.485
1772222400000,217.27,219.59,214.18,219.07,147992.957
1772236800000,219.08,223.72,217.44,221.26,164027.876
1772251200000,221.27,221.41,204.01,208.46,489361.331
1772265600000,208.46,208.82,203.25,206.02,244576.599
1772280000000,206.02,215.25,205.27,209.93,289966.789
1772294400000,209.92,218.25,207.1,216.45,272586.601
1772308800000,216.45,224.11,215.39,220.14,280624.055
1772323200000,220.13,234.06,218.16,230.62,339900.297
1772337600000,230.62,233.27,222.12,225.62,264031.892
1772352000000,225.62,225.65,220.65,221.89,186128.259
1772366400000,221.89,225.43,217.49,220.26,272964.136
1772380800000,220.25,221.67,214.8,215.57,208197.847
1772395200000,215.57,218.88,211.78,213.28,208894.504
1772409600000,213.29,221.37,213.1,217.86,207866.44
1772424000000,217.87,218.45,211.17,212.72,156992.674
1772438400000,212.72,216.77,211.85,213.36,162280.909
1772452800000,213.35,226.19,211.85,223.01,409926.064
1772467200000,223.0,225.87,217.78,220.15,292853.929
1772481600000,220.14,225.34,217.98,223.64,184642.986
1772496000000,223.64,224.41,219.61,221.86,162292.995
1772510400000,221.86,223.48,218.31,221.09,184697.056
1772524800000,221.08,221.54,212.39,214.8,246216.397
1772539200000,214.8,218.86,211.01,216.42,330348.241
1772553600000,216.42,223.56,215.41,219.08,342919.245
1772568000000,219.08,222.76,215.46,220.88,154519.528
1772582400000,220.87,222.2,215.35,216.47,163037.95
1772596800000,216.47,222.72,215.71,222.12,125920.985
1772611200000,222.13,234.56,218.93,226.66,462862.572
1772625600000,226.65,243.06,225.21,240.73,567564.498
1772640000000,240.72,249.72,234.82,248.61,338701.966
1772654400000,248.61,251.25,240.52,243.3,313852.95
1772668800000,243.31,243.95,236.81,238.17,184475.816
1772683200000,238.18,239.65,233.55,234.77,159908.857
1772697600000,234.76,240.87,233.37,234.34,229183.304
1772712000000,234.34,235.47,230.7,231.91,232680.346
1772726400000,231.91,231.97,227.36,228.27,185434.949
1772740800000,228.28,232.2,225.62,226.38,104008.762
1772755200000,226.39,229.65,225.63,228.33,150835.611
1772769600000,228.34,228.94,224.5,225.88,119823.158
1772784000000,225.89,226.12,222.27,223.24,170402.959
1772798400000,223.25,223.61,211.02,211.76,394710.376
1772812800000,211.77,213.73,205.17,210.47,373741.512
1772827200000,210.46,212.66,209.59,209.97,113531.991
1772841600000,209.97,211.05,207.63,208.44,105682.793
1772856000000,208.44,209.43,206.52,207.77,120468.913
1772870400000,207.77,210.99,205.5,210.14,180609.392
1772884800000,210.14,210.76,205.24,206.59,200950.239
1772899200000,206.58,208.2,199.02,200.89,240407.671
1772913600000,200.89,204.03,193.31,197.13,387535.664
1772928000000,197.13,198.01,193.39,195.0,185960.838
1772942400000,195.0,196.69,191.35,195.35,223678.381
1772956800000,195.35,200.91,194.24,197.79,230824.125
1772971200000,197.8,199.44,195.07,196.58,246476.426
1772985600000,196.57,202.49,195.85,200.88,202734.38
1773000000000,200.89,203.67,195.59,197.77,277432.133
1773014400000,197.77,205.46,197.21,202.74,284790.854
1773028800000,202.74,209.76,200.73,204.37,296249.342
1773043200000,204.38,208.38,202.08,204.72,220858.946
1773057600000,204.71,215.94,204.66,214.82,528872.841
1773072000000,214.83,218.04,212.51,214.7,312620.005
1773086400000,214.71,219.22,212.1,214.28,220145.669
1773100800000,214.28,225.71,213.12,220.81,397221.872
1773115200000,220.81,223.11,216.62,220.09,291297.564
1773129600000,220.1,226.94,219.52,224.78,319217.55
1773144000000,224.77,230.77,219.01,226.86,693716.088
1773158400000,226.87,228.42,220.33,223.15,287977.93
1773172800000,223.15,225.36,220.01,222.46,136940.33
1773187200000,222.46,222.47,213.38,215.27,287824.581
1773201600000,215.26,217.23,212.43,213.56,206571.003
1773216000000,213.55,214.1,208.98,209.78,231621.439
1773230400000,209.78,216.85,209.45,211.05,506789.82
1773244800000,211.06,214.88,209.24,213.77,230904.659
1773259200000,213.77,214.94,212.09,212.64,104767.278
1773273600000,212.64,214.25,206.13,207.7,208337.518
1773288000000,207.7,208.9,203.35,207.76,282535.752
1773302400000,207.77,213.4,206.59,210.92,272909.964
1773316800000,210.93,212.93,205.78,208.39,373102.82
1773331200000,208.4,211.75,206.19,208.83,211376.917
1773345600000,208.83,209.24,206.81,208.25,102785.007
1773360000000,208.25,217.0,207.43,213.64,350648.231
1773374400000,213.65,213.71,210.01,210.91,161776.013
1773388800000,210.9,218.89,209.16,217.78,330394.571
1773403200000,217.77,224.79,212.26,213.19,688525.992
1773417600000,213.2,215.2,210.39,212.46,263323.819
1773432000000,212.47,212.48,206.41,208.11,205805.299
1773446400000,208.1,211.08,205.71,210.44,183194.631
1773460800000,210.43,212.33,206.13,206.39,170361.546
1773475200000,206.39,209.4,205.6,209.11,159962.078
1773489600000,209.1,210.72,206.79,209.05,160481.187
1773504000000,209.05,210.58,208.0,210.21,96210.162
1773518400000,210.21,213.94,209.25,213.1,145841.294
1773532800000,213.09,220.0,211.32,217.6,321061.197
1773547200000,217.62,229.75,217.49,225.25,542256.663
1773561600000,225.25,229.99,222.28,226.65,368224.093
1773576000000,226.66,228.86,223.36,227.35,335150.852
1773590400000,227.34,228.24,223.35,226.61,247708.51
1773604800000,226.6,239.51,224.9,229.55,501403.305
1773619200000,229.55,236.84,227.25,234.85,404204.048
1773633600000,234.86,239.06,232.12,234.06,287165.514
1773648000000,234.07,235.21,229.05,231.65,272522.009
1773662400000,231.65,235.59,228.0,234.76,374088.961
1773676800000,234.76,275.98,234.62,266.22,1151446.145
1773691200000,266.23,289.31,265.7,276.79,824804.359
1773705600000,276.76,281.8,269.74,272.33,593320.54
1773720000000,272.33,273.4,263.72,268.33,454456.532
1773734400000,268.34,276.7,266.8,272.31,397173.222
1773748800000,272.3,273.48,264.54,268.8,452986.956
1773763200000,268.79,287.84,267.45,272.23,735199.837
1773777600000,272.23,277.19,270.08,272.45,245908.19
1773792000000,272.45,283.33,268.0,280.87,318835.96
1773806400000,280.87,282.38,274.7,276.83,223841.721
1773820800000,276.82,284.78,266.7,268.37,527393.077
1773835200000,268.36,268.37,252.29,256.13,842127.074
1773849600000,256.12,256.62,244.39,246.72,592459.767
1773864000000,246.72,251.2,243.31,248.5,239403.881
1773878400000,248.5,255.57,248.1,252.66,293484.072
1773892800000,252.66,252.97,241.51,244.23,357903.634
1773907200000,244.23,246.32,239.71,244.08,255178.056
1773921600000,244.08,244.21,233.0,235.3,475122.859
1773936000000,235.31,238.49,230.59,236.44,342754.791
1773950400000,236.44,241.4,233.73,234.51,226564.883
1773964800000,234.51,238.1,232.1,236.93,256144.373
1773979200000,236.92,238.8,232.64,236.61,252337.735
1773993600000,236.61,240.66,232.29,233.76,330443.324
1774008000000,233.75,235.26,228.41,234.87,388691.177
1774022400000,234.86,240.0,229.22,232.82,413416.861
1774036800000,232.82,237.71,230.16,234.43,185302.609
1774051200000,234.43,236.54,233.15,233.75,115823.988
1774065600000,233.75,234.69,231.45,231.99,124043.606
1774080000000,231.98,236.5,231.72,233.42,168653.263
1774094400000,233.41,235.27,231.74,232.67,150596.469
1774108800000,232.68,233.2,230.66,231.41,104935.914
1774123200000,231.4,233.05,217.96,219.73,307023.737
1774137600000,219.74,223.69,216.54,220.93,347829.068
1774152000000,220.93,221.71,217.4,218.8,188893.316
1774166400000,218.8,220.21,216.02,216.83,192433.927
1774180800000,216.86,221.48,216.84,219.91,190835.127
1774195200000,219.92,222.49,217.65,218.76,165142.613
1774209600000,218.76,219.97,213.46,217.22,258833.482
1774224000000,217.22,221.5,215.72,220.04,144902.786
1774238400000,220.04,225.35,217.3,218.38,287167.59
1774252800000,218.39,233.88,215.0,221.93,604878.961
1774267200000,221.93,234.7,220.38,228.19,660402.141
1774281600000,228.18,232.5,225.64,229.7,246507.65
1774296000000,229.7,231.69,226.29,228.35,124429.333
1774310400000,228.35,231.76,224.54,227.87,201840.371
1774324800000,227.86,233.4,223.56,232.18,231173.732
1774339200000,232.18,232.75,228.76,230.43,183650.589
1774353600000,230.42,230.43,221.77,225.63,337187.117
1774368000000,225.62,227.47,223.16,226.1,172764.419
1774382400000,226.1,243.31,225.9,241.93,483760.172
1774396800000,241.93,247.61,235.53,238.26,381691.269
1774411200000,238.26,239.96,236.35,236.83,187427.768
1774425600000,236.84,240.49,236.75,237.78,195195.645
1774440000000,237.82,238.8,232.2,235.95,353094.896
1774454400000,235.95,238.74,233.42,234.52,209963.837
1774468800000,234.53,234.68,229.05,231.74,182826.264
1774483200000,231.74,234.36,228.08,228.92,169690.816
1774497600000,228.92,229.58,223.83,225.01,187601.204
1774512000000,225.02,226.12,218.63,220.69,256844.825
1774526400000,220.7,225.01,220.15,220.51,225996.168
1774540800000,220.51,222.29,218.35,220.24,152780.261
1774555200000,220.23,225.9,219.32,221.96,157633.498
1774569600000,221.96,226.27,221.24,223.89,120763.85
1774584000000,223.89,225.24,221.76,223.26,109443.613
1774598400000,223.25,223.71,211.14,215.72,397956.762
1774612800000,215.72,219.6,213.51,216.39,313202.162
1774627200000,216.39,216.43,213.23,215.62,177325.891
1774641600000,215.63,216.16,213.76,215.43,67278.492
1774656000000,215.43,216.16,208.82,212.25,206631.75
1774670400000,212.26,222.55,211.06,220.88,265296.794
1774684800000,220.88,221.1,217.1,218.15,150941.709
1774699200000,218.15,223.69,216.77,218.8,239873.739
1774713600000,218.81,219.74,217.45,217.93,69377.542
1774728000000,217.93,218.83,212.0,213.42,151560.433
1774742400000,213.42,219.88,212.37,218.22,166460.539
1774756800000,218.21,219.33,215.85,216.17,112836.544
1774771200000,216.19,217.55,213.51,215.88,120664.14
1774785600000,215.89,215.98,212.84,214.52,135616.869
1774800000000,214.52,218.52,213.93,216.58,158168.533
1774814400000,216.58,220.58,205.07,214.91,380531.322
1774828800000,214.92,222.2,214.14,221.8,311441.219
1774843200000,221.8,231.47,221.68,229.98,295936.68
1774857600000,229.97,231.74,224.42,226.82,312109.434
1774872000000,226.83,228.79,221.44,224.84,288730.081
1774886400000,224.83,226.66,221.27,225.87,207157.295
1774900800000,225.86,231.48,224.58,225.63,265278.907
1774915200000,225.64,233.5,223.34,230.39,282004.238
1774929600000,230.39,232.71,227.6,229.99,229639.511
1774944000000,230.0,256.5,229.66,254.99,993276.745
1774958400000,254.99,257.84,242.56,246.04,883086.382
1774972800000,246.03,257.55,245.53,254.38,594266.396
1774987200000,254.39,256.42,246.55,248.31,272629.605
1775001600000,248.3,249.69,242.9,245.08,257516.291
1775016000000,245.08,249.97,240.32,247.6,371860.91
1775030400000,247.59,250.54,245.24,245.98,196701.66
1775044800000,245.98,246.08,238.89,243.08,377298.179
1775059200000,243.08,254.97,242.86,254.34,276693.238
1775073600000,254.34,258.96,249.49,251.28,337947.847
1775088000000,251.27,255.49,237.14,238.94,466174.801
1775102400000,238.95,240.41,231.36,239.99,347949.46
1775116800000,239.99,240.17,232.21,232.75,217640.118
1775131200000,232.76,239.72,231.22,234.26,338251.252
1775145600000,234.26,241.9,232.33,241.62,207357.511
1775160000000,241.63,245.79,238.81,240.64,213632.468
1775174400000,240.65,241.28,235.6,237.44,155758.305
1775188800000,237.44,238.96,234.84,236.91,150327.045
1775203200000,236.92,239.26,236.08,238.24,128942.813
1775217600000,238.24,239.81,233.27,234.82,230801.681
1775232000000,234.83,235.75,233.28,234.43,105441.082
1775246400000,234.43,236.64,231.99,234.26,100428.737
1775260800000,234.26,236.5,233.44,235.58,91917.204
1775275200000,235.57,238.0,234.62,237.24,103442.762
1775289600000,237.24,248.53,236.7,244.93,338191.896
1775304000000,244.93,250.8,242.68,249.08,357452.931
1775318400000,249.08,253.83,246.25,250.93,247879.35
1775332800000,250.93,252.94,249.54,251.09,120895.193
1775347200000,251.09,251.41,245.77,246.45,152035.275
1775361600000,246.44,248.31,242.91,244.22,196048.737
1775376000000,244.21,249.7,243.18,243.54,186182.083
1775390400000,243.54,243.65,236.61,241.33,403839.284
1775404800000,241.33,242.8,238.91,240.56,118616.286
1775419200000,240.56,245.24,237.3,244.9,226169.782
1775433600000,244.91,259.68,244.86,255.75,483033.494
1775448000000,255.75,256.6,250.09,252.9,224752.399
1775462400000,252.9,260.91,251.8,255.09,311978.375
1775476800000,255.09,256.28,251.5,253.76,216716.865
1775491200000,253.78,258.15,253.25,254.95,217035.923
1775505600000,254.96,257.53,248.12,251.33,211942.761
1775520000000,251.32,256.37,250.35,254.63,250061.447
1775534400000,254.63,267.67,253.58,263.18,479429.77
1775548800000,263.18,272.55,261.99,265.28,477564.657
1775563200000,265.29,271.9,259.2,264.79,576326.614
1775577600000,264.79,273.98,264.77,272.69,375093.372
1775592000000,272.7,324.72,272.47,320.18,1569791.632
1775606400000,320.17,328.0,312.16,318.29,693721.191
1775620800000,318.3,327.11,316.3,323.88,362406.151
1775635200000,323.88,336.66,322.7,332.41,694081.301
1775649600000,332.41,339.85,326.0,332.9,995512.221
1775664000000,332.89,334.14,323.3,325.39,493210.958
1775678400000,325.38,327.49,318.59,323.18,412371.184
1775692800000,323.19,327.23,313.33,318.18,425898.608
1775707200000,318.17,321.8,315.4,319.28,280200.04
1775721600000,319.28,321.69,310.57,311.24,312332.998
1775736000000,311.24,329.87,308.24,324.9,664542.126
1775750400000,324.9,391.52,324.34,368.28,1333505.537
1775764800000,368.28,384.7,363.24,366.52,730804.867
1775779200000,366.52,374.0,363.05,364.74,412427.988
1775793600000,364.74,377.99,364.62,373.58,350721.067
1775808000000,373.57,389.94,371.08,377.17,614014.096
1775822400000,377.17,394.0,373.41,378.41,663884.644
1775836800000,378.39,383.4,370.06,382.14,381044.504
1775851200000,382.15,384.8,371.41,375.16,202654.49
1775865600000,375.16,377.15,364.02,369.84,284305.497
1775880000000,369.82,377.9,368.72,372.69,218587.223
1775894400000,372.69,381.71,371.97,374.08,273568.891
1775908800000,374.09,376.93,368.58,375.38,254722.273
1775923200000,375.38,379.69,371.64,374.82,260703.102
1775937600000,374.82,374.98,365.33,370.4,196835.336
1775952000000,370.4,374.0,355.44,360.08,489280.114
1775966400000,360.07,364.72,358.13,363.7,224660.286
1775980800000,363.69,371.77,363.02,368.46,318047.078
1775995200000,368.47,371.48,360.05,361.13,397763.001
1776009600000,361.13,369.79,360.49,366.7,201572.023
1776024000000,366.7,369.34,357.52,362.12,210406.633
1776038400000,362.13,365.99,358.26,363.36,200696.638
1776052800000,363.36,379.31,358.16,360.65,546841.933
1776067200000,360.66,366.42,356.01,365.09,274241.889
1776081600000,365.09,369.61,342.86,347.83,739171.808
1776096000000,347.82,367.0,347.07,365.48,342989.776
1776110400000,365.47,386.17,360.64,367.98,493239.735
1776124800000,367.98,369.43,356.93,358.05,219563.305
1776139200000,358.05,369.66,356.6,364.83,253849.047
1776153600000,364.83,380.51,364.51,367.94,387812.607
1776168000000,367.93,373.73,358.38,362.01,378019.903
1776182400000,362.0,363.93,345.35,347.76,353173.786
1776196800000,347.76,355.89,345.86,353.95,142439.794
1776211200000,353.96,363.68,352.9,355.63,232527.639
1776225600000,355.62,358.43,349.33,351.6,163666.72
1776240000000,351.61,363.58,351.0,357.2,234437.462
1776254400000,357.19,360.8,348.13,351.13,213064.538
1776268800000,351.13,360.77,350.29,357.83,154710.071
1776283200000,357.83,358.09,343.68,345.7,289992.212
1776297600000,345.7,349.29,337.41,340.48,224745.15
1776312000000,340.48,344.91,338.27,340.79,173307.243
1776326400000,340.82,347.41,338.44,343.5,192416.318
1776340800000,343.49,346.17,333.33,338.35,309381.419
1776355200000,338.34,345.4,332.39,344.79,244252.095
1776369600000,344.79,345.39,335.49,339.93,137783.517
1776384000000,339.92,342.91,332.43,333.21,168316.382
1776398400000,333.24,336.26,329.21,334.33,148761.11
1776412800000,334.33,338.7,329.55,333.65,183267.851
1776427200000,333.65,356.06,332.17,344.59,554213.668
1776441600000,344.59,346.17,326.16,330.35,338892.923
1776456000000,330.35,331.82,322.42,328.66,178860.766
1776470400000,328.66,339.23,328.46,336.92,190659.66
1776484800000,336.93,341.19,333.26,335.46,158706.935
1776499200000,335.47,335.9,320.64,323.12,260792.185
1776513600000,323.11,326.3,320.93,325.57,146586.327
1776528000000,325.56,328.61,318.03,319.66,156597.848
1776542400000,319.67,325.54,318.92,322.88,93779.055
1776556800000,322.88,326.34,321.01,321.11,128372.794
1776571200000,321.12,324.86,319.0,322.9,137421.641
1776585600000,322.89,332.55,321.15,332.37,205509.343
1776600000000,332.39,337.59,321.61,324.73,334062.089
1776614400000,324.74,325.12,299.56,303.29,500007.058
1776628800000,303.28,305.74,300.54,301.39,168773.009
1776643200000,301.4,313.05,301.03,312.93,188302.485
1776657600000,312.89,313.0,304.32,308.22,227631.396
1776672000000,308.18,312.83,307.57,309.78,125851.668
1776686400000,309.78,310.95,305.89,310.83,172769.099
1776700800000,310.82,322.8,309.43,318.06,289507.871
1776715200000,318.05,319.6,310.17,312.01,128184.617
1776729600000,312.01,318.65,311.79,316.65,149643.904
1776744000000,316.65,319.23,312.3,317.72,131885.62
1776758400000,317.72,334.72,316.59,331.62,315761.496
1776772800000,331.63,332.12,317.33,320.4,431734.365
1776787200000,320.39,321.18,306.3,308.39,287733.94
1776801600000,308.38,317.14,307.52,316.61,181031.438
1776816000000,316.6,320.81,313.61,318.7,231875.554
1776830400000,318.7,327.0,318.31,321.8,253017.778
1776844800000,321.81,322.12,315.85,319.13,172281.329
1776859200000,319.13,329.2,316.68,328.62,254955.5
1776873600000,328.63,331.37,317.74,320.03,213124.161
1776888000000,320.02,327.24,316.0,316.25,152605.336
1776902400000,316.25,318.81,311.02,313.68,220917.907
1776916800000,313.68,318.28,312.73,316.8,130707.662
1776931200000,316.8,322.02,313.32,321.36,163779.962
1776945600000,321.36,333.9,320.69,325.03,564290.01
1776960000000,325.04,338.88,319.55,334.17,439142.65
1776974400000,334.16,349.18,332.04,342.38,344711.102
1776988800000,342.38,346.93,339.0,344.55,221188.038
1777003200000,344.56,350.72,335.31,343.22,307072.463
1777017600000,343.22,358.23,338.18,356.15,377835.971
1777032000000,356.14,359.33,345.66,357.93,439470.657
1777046400000,357.93,367.23,351.81,358.0,359647.115
1777060800000,357.99,364.64,356.23,358.99,180011.999
1777075200000,358.99,359.86,354.34,357.4,127969.962
1777089600000,357.39,360.1,352.46,355.79,131900.632
1777104000000,355.79,361.42,353.85,356.96,135049.674
1777118400000,356.97,360.9,353.62,355.45,153888.601
1777132800000,355.45,357.9,351.15,354.19,117141.92
1777147200000,354.18,360.66,353.65,358.63,91386.271
1777161600000,358.63,358.85,353.25,355.56,83176.537
1777176000000,355.55,359.6,354.11,355.64,108091.437
1777190400000,355.64,358.0,352.52,353.72,100104.895
1777204800000,353.72,356.2,348.48,355.07,140206.666
1777219200000,355.08,362.78,353.22,357.32,160683.861
1777233600000,357.33,362.0,352.63,354.92,146518.719
1777248000000,354.93,364.77,354.1,358.5,211009.846
1777262400000,358.49,359.51,349.82,356.01,248117.544
1777276800000,356.01,361.58,353.05,357.84,192376.901
1777291200000,357.85,360.95,349.6,350.08,282861.491
1777305600000,350.07,358.47,349.05,353.56,192308.421
1777320000000,353.56,356.17,350.38,355.05,88865.941
1777334400000,355.05,355.12,345.53,347.99,176811.197
1777348800000,347.98,349.67,334.67,336.95,294030.506
1777363200000,336.95,337.5,331.34,333.41,133603.062
1777377600000,333.42,336.34,330.35,334.04,202446.203
1777392000000,334.05,336.67,332.81,334.39,95301.396
1777406400000,334.4,337.38,333.4,336.02,60377.699
1777420800000,336.02,337.74,333.81,335.26,87514.469
1777435200000,335.26,340.92,334.53,335.49,145351.404
1777449600000,335.49,336.48,332.02,332.32,117768.594
1777464000000,332.32,332.85,318.02,319.41,322477.314
1777478400000,319.4,325.22,317.74,321.48,196466.378
1777492800000,321.48,328.37,320.68,327.38,119621.449
1777507200000,327.37,336.7,324.43,329.31,242796.342
1777521600000,329.3,334.99,326.69,333.63,132680.671
1777536000000,333.63,335.39,330.6,333.82,115686.786
1777550400000,333.82,338.84,332.46,336.64,186735.562
1777564800000,336.64,354.54,335.59,349.86,400333.918
1777579200000,349.51,352.01,349.19,351.86,6242.115
1777593600000,350.45,350.47,350.35,350.36,61.782
1777608000000,346.97,351.75,345.78,350.1,138311.365
1777622400000,350.1,353.42,348.08,349.74,139946.307
1777636800000,349.75,350.28,349.49,350.12,3282.861
1777651200000,359.77,371.8,358.43,369.78,218415.603
1777665600000,384.05,388.99,381.4,384.76,187308.477
1777680000000,384.77,385.85,380.71,383.59,185860.691
1777694400000,383.58,383.76,374.31,377.01,243169.673
1777708800000,377.0,379.66,375.02,376.34,98796.256
1777723200000,372.79,375.39,370.96,374.75,142485.66
1777737600000,374.76,379.64,372.06,378.81,114101.48
1777752000000,383.8,390.16,383.06,385.74,99532.186
1777766400000,387.59,390.18,384.53,388.96,31282.799
