timestamp,open,high,low,close,volume
1733832000000,1.4101,1.7178,1.4101,1.6421,3223609.2
1733835600000,1.6421,1.692,1.603,1.6682,5564401.1
1733839200000,1.669,1.74,1.641,1.663,7051902.5
1733842800000,1.6632,1.6735,1.5464,1.5574,6949330.0
1733846400000,1.5574,1.6071,1.5324,1.5887,5903660.2
1733850000000,1.5887,1.5898,1.4952,1.5094,4627069.4
1733853600000,1.5096,1.5504,1.497,1.5352,2141536.3
1733857200000,1.5348,1.5977,1.5303,1.5916,1921393.1
1733860800000,1.5921,1.6097,1.573,1.5944,1459156.9
1733864400000,1.5953,1.6079,1.5658,1.5788,1271551.5
1733868000000,1.5795,1.5987,1.5693,1.5722,635533.5
1733871600000,1.5704,1.5919,1.5534,1.5622,1011272.3
1733875200000,1.5624,1.5751,1.5321,1.558,964155.8
1733878800000,1.5578,1.5646,1.5005,1.5008,1361550.0
1733882400000,1.5015,1.5547,1.497,1.54,1388997.6
1733886000000,1.5405,1.5609,1.538,1.5537,674820.1
1733889600000,1.555,1.5827,1.5502,1.5678,1118210.6
1733893200000,1.5683,1.5925,1.5582,1.5773,1522651.6
1733896800000,1.5772,1.6467,1.5671,1.6394,2756065.4
1733900400000,1.6394,1.6412,1.5741,1.5954,2651144.3
1733904000000,1.5964,1.7,1.5954,1.6518,2741196.1
1733907600000,1.6521,1.698,1.647,1.6918,2474029.2
1733911200000,1.6919,1.7424,1.6706,1.6926,3800163.9
1733914800000,1.6923,1.7182,1.6652,1.684,1731748.0
1733918400000,1.6832,1.7205,1.665,1.6957,2213352.6
1733922000000,1.6965,1.7078,1.6602,1.6817,2145790.7
1733925600000,1.6817,1.7441,1.6636,1.7416,1958565.1
1733929200000,1.7417,1.794,1.7312,1.7507,2810466.8
1733932800000,1.7501,1.779,1.7318,1.7562,1334250.3
1733936400000,1.756,1.801,1.7558,1.7876,1886794.4
1733940000000,1.7877,1.823,1.7743,1.8148,1400763.5
1733943600000,1.8134,1.8229,1.7898,1.7992,1247960.2
1733947200000,1.7992,1.8449,1.7958,1.8391,1171580.1
1733950800000,1.8387,1.888,1.8344,1.8832,2281732.9
1733954400000,1.8827,1.95,1.8699,1.9404,3860562.8
1733958000000,1.9388,1.9606,1.907,1.9109,3484827.4
1733961600000,1.9116,1.9328,1.8959,1.9133,2513487.8
1733965200000,1.9132,1.9307,1.8185,1.8523,5971353.3
1733968800000,1.8521,1.904,1.8495,1.9023,3165000.0
1733972400000,1.9016,1.9732,1.8868,1.9387,4227330.2
1733976000000,1.9388,1.95,1.8935,1.9008,2015237.8
1733979600000,1.9018,1.9176,1.8838,1.8846,1544791.7
1733983200000,1.8847,1.9051,1.8427,1.8968,2227529.3
1733986800000,1.8973,1.9045,1.8489,1.8519,1511001.6
1733990400000,1.8522,1.8649,1.8335,1.8573,1498872.1
1733994000000,1.8569,1.8828,1.8553,1.8666,1205764.1
1733997600000,1.8668,1.87,1.834,1.8669,1600422.2
1734001200000,1.8667,1.9075,1.8504,1.9036,1985503.2
1734004800000,1.9039,1.945,1.9,1.917,2690752.6
1734008400000,1.9173,1.9795,1.8908,1.9144,3297938.6
1734012000000,1.9147,1.9387,1.8714,1.9134,2719226.9
1734015600000,1.9141,1.9338,1.8941,1.9258,1670477.5
1734019200000,1.9256,1.975,1.9235,1.9517,3127159.8
1734022800000,1.952,1.9564,1.8984,1.9506,2233374.8
1734026400000,1.9502,1.9642,1.9257,1.9471,1730520.7
1734030000000,1.9472,2.0286,1.8822,1.9358,7118099.1
1734033600000,1.9363,2.0318,1.9326,2.0058,3278245.3
1734037200000,2.0062,2.0137,1.9645,1.997,3304059.8
1734040800000,1.9965,2.0995,1.9948,2.0697,4161098.7
1734044400000,2.0698,2.1815,2.0609,2.1771,4415862.5
1734048000000,2.1777,2.2168,2.1419,2.1626,5972177.1
1734051600000,2.1624,2.1629,2.1028,2.1411,4311489.2
1734055200000,2.1414,2.2016,2.1255,2.1798,3687609.1
1734058800000,2.1796,2.2562,2.1757,2.2285,5569267.6
1734062400000,2.2285,2.2365,2.1365,2.1562,4590595.8
1734066000000,2.1568,2.1827,2.1256,2.143,2751724.3
1734069600000,2.1429,2.268,2.1309,2.2388,6509998.0
1734073200000,2.2378,2.3997,2.2052,2.355,15702862.7
1734076800000,2.3541,2.3964,2.3268,2.3795,7875178.9
1734080400000,2.38,2.3807,2.2658,2.3018,9328462.7
1734084000000,2.302,2.3635,2.2934,2.3472,7055827.3
1734087600000,2.3473,2.3686,2.3018,2.3184,5717826.9
1734091200000,2.3178,2.33,2.2522,2.2878,6638086.4
1734094800000,2.2878,2.3287,2.2698,2.31,5294705.7
1734098400000,2.3105,2.3684,2.2987,2.3539,8588644.2
1734102000000,2.3538,2.39,2.3269,2.3382,10345090.4
1734105600000,2.3382,2.45,2.3117,2.4016,13218671.4
1734109200000,2.4038,2.4447,2.3484,2.3765,9589060.5
1734112800000,2.3757,2.437,2.3261,2.3822,8265029.8
1734116400000,2.3818,2.445,2.3601,2.4062,6112117.7
1734120000000,2.4062,2.5709,2.4029,2.5369,10045236.2
1734123600000,2.5367,2.6255,2.4922,2.5177,14603260.1
1734127200000,2.5169,2.548,2.4671,2.4812,5023866.6
1734130800000,2.4818,2.5119,2.44,2.4601,4080712.0
1734134400000,2.46,2.5228,2.435,2.4778,4671182.8
1734138000000,2.4776,2.5563,2.4775,2.5368,4420457.1
1734141600000,2.5363,2.5631,2.4682,2.5169,4230079.0
1734145200000,2.5171,2.5536,2.4961,2.5123,2704760.2
1734148800000,2.5122,2.5234,2.4379,2.4457,3331116.6
1734152400000,2.4458,2.4889,2.4229,2.4728,3852874.4
1734156000000,2.4721,2.4905,2.4314,2.4588,2430987.6
1734159600000,2.4587,2.48,2.4378,2.4692,1798031.1
1734163200000,2.4696,2.4726,2.4132,2.4587,2889938.7
1734166800000,2.4595,2.543,2.4594,2.5291,4161306.8
1734170400000,2.5282,2.6138,2.517,2.5975,6263034.7
1734174000000,2.5975,2.6514,2.5392,2.5574,7121098.1
1734177600000,2.5573,2.5717,2.495,2.5036,5165712.9
1734181200000,2.5029,2.5445,2.4803,2.5002,4806617.8
1734184800000,2.4997,2.627,2.4937,2.5873,8577911.8
1734188400000,2.5874,2.6149,2.5617,2.5786,5326041.3
1734192000000,2.5785,2.6141,2.5357,2.607,5921029.6
1734195600000,2.6066,2.6293,2.515,2.5292,6145768.3
1734199200000,2.5294,2.5512,2.4746,2.4821,4953793.3
1734202800000,2.4816,2.5313,2.4754,2.5199,2831974.8
1734206400000,2.5198,2.5445,2.4525,2.4758,3760952.2
1734210000000,2.4761,2.52,2.4681,2.5014,2109422.8
1734213600000,2.501,2.5152,2.4601,2.4688,1876065.8
1734217200000,2.4691,2.4999,2.4394,2.4497,2193449.8
1734220800000,2.4498,2.4861,2.4262,2.429,2887572.7
1734224400000,2.4296,2.5099,2.429,2.4865,2945412.2
1734228000000,2.4861,2.5296,2.4798,2.4978,2110640.3
1734231600000,2.4982,2.5046,2.4215,2.4361,2537491.8
1734235200000,2.436,2.5107,2.4352,2.4911,2883150.3
1734238800000,2.491,2.493,2.4398,2.4629,1961711.3
1734242400000,2.4629,2.4751,2.4201,2.4294,2256087.0
1734246000000,2.4293,2.4393,2.3489,2.358,3927137.7
1734249600000,2.3582,2.3717,2.336,2.3474,2743344.2
1734253200000,2.3475,2.3617,2.3263,2.3521,1994286.4
1734256800000,2.3518,2.396,2.3435,2.3718,2418981.9
1734260400000,2.3719,2.4298,2.3702,2.4256,2060576.9
1734264000000,2.4259,2.4489,2.4084,2.4135,2925200.3
1734267600000,2.4137,2.4744,2.3947,2.4373,3416611.9
1734271200000,2.4377,2.4723,2.4303,2.4558,1859462.7
1734274800000,2.4553,2.4877,2.4241,2.4751,2220649.1
1734278400000,2.4751,2.5522,2.4606,2.5277,3749353.9
1734282000000,2.5277,2.6169,2.5043,2.5889,4690533.6
1734285600000,2.5886,2.5972,2.52,2.5527,3465700.1
1734289200000,2.5527,2.7148,2.5512,2.6435,7387239.4
1734292800000,2.6436,2.7,2.6088,2.6801,3342931.7
1734296400000,2.6804,2.6952,2.57,2.5883,3817283.9
1734300000000,2.5877,2.6695,2.5649,2.6424,2825023.2
1734303600000,2.6423,2.78,2.631,2.7157,6037442.0
1734307200000,2.7158,2.7813,2.6992,2.7164,4053222.1
1734310800000,2.7157,2.8,2.7122,2.7844,3247230.4
1734314400000,2.7848,2.7854,2.6686,2.6738,3225083.6
1734318000000,2.6738,2.7129,2.6593,2.7114,2039358.4
1734321600000,2.7117,2.8086,2.6998,2.7868,4986585.1
1734325200000,2.7868,2.8135,2.7666,2.7952,3318315.4
1734328800000,2.7951,2.8065,2.7502,2.7575,2901982.4
1734332400000,2.7568,2.8786,2.75,2.8468,5173579.8
1734336000000,2.847,2.9679,2.8055,2.9509,10074111.5
1734339600000,2.9503,2.9825,2.9088,2.931,11451175.1
1734343200000,2.9306,2.9541,2.8592,2.9422,10295715.8
1734346800000,2.942,2.942,2.833,2.8552,7682555.9
1734350400000,2.8552,2.8916,2.8142,2.831,6277953.9
1734354000000,2.8311,2.8899,2.8041,2.8746,5979301.6
1734357600000,2.8754,2.9999,2.8614,2.9563,9919136.6
1734361200000,2.9566,3.1986,2.9524,3.1582,19663801.1
1734364800000,3.1577,3.3099,3.1542,3.2589,15637178.2
1734368400000,3.2589,3.3308,3.2124,3.2324,10700698.3
1734372000000,3.2326,3.2346,3.0139,3.0799,11385972.3
1734375600000,3.0804,3.1205,2.9856,3.0381,10394800.4
1734379200000,3.0383,3.1645,3.038,3.0943,6494625.6
1734382800000,3.0939,3.118,3.0423,3.0784,3896860.8
1734386400000,3.0781,3.1175,2.9854,2.9958,2856181.9
1734390000000,2.9958,3.0132,2.9521,2.9573,4294839.2
1734393600000,2.9573,2.9863,2.9169,2.9393,5566178.9
1734397200000,2.9397,3.0095,2.8634,2.8746,5982036.7
1734400800000,2.8751,2.8877,2.811,2.8453,5298182.7
1734404400000,2.8459,2.9135,2.8447,2.8824,3044315.2
1734408000000,2.8824,2.9056,2.8288,2.8853,4789228.4
1734411600000,2.8853,2.9125,2.8694,2.8779,2261715.5
1734415200000,2.8779,2.8779,2.7688,2.7918,5243155.9
1734418800000,2.7919,2.8452,2.7792,2.7908,3134596.8
1734422400000,2.7909,2.8586,2.7903,2.8483,2321640.5
1734426000000,2.848,2.8522,2.8003,2.8036,1989571.8
1734429600000,2.8035,2.81,2.7221,2.7386,3450190.0
1734433200000,2.7386,2.7656,2.7017,2.7085,2218049.4
1734436800000,2.7082,2.7338,2.6577,2.6622,4563758.6
1734440400000,2.6622,2.703,2.5769,2.6846,6131585.3
1734444000000,2.6846,2.7795,2.671,2.7125,6768136.5
1734447600000,2.713,2.7155,2.5701,2.5853,7626427.4
1734451200000,2.585,2.6663,2.5704,2.6022,5516128.3
1734454800000,2.6025,2.6364,2.5745,2.6211,3197854.4
1734458400000,2.6207,2.6795,2.5862,2.5889,3095439.4
1734462000000,2.589,2.6555,2.5866,2.6122,2368344.1
1734465600000,2.6118,2.6328,2.5892,2.6066,1395329.4
1734469200000,2.6064,2.6213,2.5667,2.5838,2582584.4
1734472800000,2.5841,2.5972,2.5367,2.5846,2949380.0
1734476400000,2.5846,2.5856,2.5275,2.5793,2339613.0
1734480000000,2.58,2.606,2.5312,2.5916,2705673.3
1734483600000,2.5918,2.6692,2.5826,2.6197,3744293.2
1734487200000,2.62,2.7649,2.6041,2.7469,4622051.3
1734490800000,2.7463,2.7798,2.6651,2.6837,5029658.1
1734494400000,2.6836,2.7184,2.6447,2.697,3462458.1
1734498000000,2.6971,2.7537,2.6705,2.6887,2989386.7
1734501600000,2.6887,2.7334,2.6688,2.7292,3183010.9
1734505200000,2.7292,2.81,2.7018,2.7938,4060982.0
1734508800000,2.7938,2.8089,2.7402,2.7554,3507208.8
1734512400000,2.7554,2.8994,2.7482,2.8753,4819934.2
1734516000000,2.8745,2.8774,2.7752,2.8648,5113792.9
1734519600000,2.8652,2.9237,2.862,2.9003,4140391.1
1734523200000,2.9004,2.9763,2.7904,2.8636,8538083.8
1734526800000,2.8636,2.9165,2.7001,2.709,7461623.7
1734530400000,2.7084,2.7807,2.6713,2.7142,6764227.8
1734534000000,2.7145,2.7779,2.695,2.7485,3446601.3
1734537600000,2.7485,2.7832,2.7062,2.7403,3042811.3
1734541200000,2.7401,2.8964,2.6989,2.8752,6437182.0
1734544800000,2.876,2.878,2.8108,2.8432,3735134.8
1734548400000,2.8426,2.847,2.6469,2.6482,6426747.8
1734552000000,2.6482,2.7226,2.4904,2.6174,12996081.7
1734555600000,2.6182,2.6793,2.5652,2.6116,4046453.9
1734559200000,2.6116,2.6194,2.5402,2.5659,3148541.8
1734562800000,2.5659,2.606,2.5254,2.5316,2651894.2
1734566400000,2.5314,2.5933,2.474,2.4922,4737080.6
1734570000000,2.4921,2.5043,2.4006,2.4071,5025430.9
1734573600000,2.4073,2.4333,2.3282,2.433,6489472.3
1734577200000,2.4329,2.5891,2.4276,2.5825,4406659.7
1734580800000,2.5818,2.6089,2.5428,2.5436,2818583.9
1734584400000,2.5436,2.6172,2.5386,2.6167,2101261.3
1734588000000,2.6161,2.65,2.5739,2.5808,2788541.6
1734591600000,2.5812,2.594,2.5406,2.548,2148525.5
1734595200000,2.5479,2.5835,2.5202,2.5625,2662474.1
1734598800000,2.5616,2.5782,2.5357,2.5615,1345063.2
1734602400000,2.562,2.682,2.5302,2.6491,2730175.9
1734606000000,2.6492,2.7314,2.6151,2.6977,2973534.7
1734609600000,2.6978,2.732,2.6056,2.6132,3166045.6
1734613200000,2.6122,2.6564,2.5757,2.5862,2595852.8
1734616800000,2.5865,2.6127,2.4631,2.4756,4342055.6
1734620400000,2.4754,2.4807,2.3731,2.4538,6588043.4
1734624000000,2.4539,2.4539,2.345,2.4042,5367662.5
1734627600000,2.4042,2.4082,2.2553,2.3612,6971979.1
1734631200000,2.3609,2.3869,2.2624,2.3422,7554984.7
1734634800000,2.3417,2.3646,2.2129,2.246,4993632.4
1734638400000,2.2467,2.252,2.099,2.2284,7526960.4
1734642000000,2.2284,2.3721,2.1983,2.3084,5438572.8
1734645600000,2.308,2.345,2.2718,2.3212,3161090.2
1734649200000,2.3221,2.3229,2.271,2.2714,2258190.7
1734652800000,2.2716,2.3538,2.2347,2.3012,5272836.1
1734656400000,2.3015,2.3163,2.2381,2.2459,3079583.2
1734660000000,2.2459,2.346,2.2328,2.3257,3485647.0
1734663600000,2.3259,2.3359,2.2764,2.3162,2290867.0
1734667200000,2.3158,2.3312,2.2578,2.2619,1818401.8
1734670800000,2.2614,2.2626,2.1215,2.1249,4030424.7
1734674400000,2.1252,2.1941,2.1175,2.1484,4596718.6
1734678000000,2.1485,2.2665,2.1457,2.1939,4773892.1
1734681600000,2.1936,2.194,2.0,2.0056,6345446.2
1734685200000,2.0065,2.1322,2.0044,2.109,8616696.2
1734688800000,2.1084,2.1855,2.0522,2.1266,8599458.1
1734692400000,2.1273,2.1514,2.0407,2.0526,8990384.8
1734696000000,2.0526,2.258,2.046,2.2256,9209804.0
1734699600000,2.2253,2.3175,2.174,2.2647,6574406.6
1734703200000,2.2647,2.3348,2.2504,2.2597,4233478.4
1734706800000,2.2596,2.3915,2.2553,2.3161,6030665.1
1734710400000,2.316,2.4686,2.3031,2.4515,5307686.0
1734714000000,2.4525,2.6063,2.4353,2.5786,6407220.7
1734717600000,2.5786,2.6226,2.5264,2.6054,4028236.4
1734721200000,2.6054,2.7542,2.5953,2.6575,5707570.9
1734724800000,2.6574,2.7067,2.5912,2.5928,4142322.4
1734728400000,2.5925,2.6125,2.5329,2.6023,3637178.8
1734732000000,2.6022,2.7702,2.5921,2.7437,3509835.9
1734735600000,2.7431,2.8412,2.7418,2.8307,4046730.5
1734739200000,2.8304,2.8493,2.7639,2.8149,3414212.5
1734742800000,2.8144,2.8492,2.7539,2.7763,3126257.1
1734746400000,2.7763,2.7828,2.7381,2.7408,2045618.4
1734750000000,2.7408,2.7644,2.694,2.7433,2359036.3
1734753600000,2.7426,2.7641,2.718,2.7307,1415856.0
1734757200000,2.7307,2.7976,2.7296,2.7699,2145982.1
1734760800000,2.7703,2.7707,2.7101,2.7298,2168297.5
1734764400000,2.7298,2.8068,2.7291,2.754,2123645.4
1734768000000,2.7546,2.7731,2.6587,2.6654,2862565.3
1734771600000,2.6654,2.7161,2.6333,2.6794,2817262.9
1734775200000,2.6793,2.8354,2.676,2.7363,3533255.6
1734778800000,2.7355,2.7651,2.672,2.7036,2997079.8
1734782400000,2.704,2.7151,2.6391,2.6688,3248412.3
1734786000000,2.6687,2.6951,2.5713,2.6509,4487628.4
1734789600000,2.651,2.6949,2.6041,2.61,3160330.9
1734793200000,2.6103,2.71,2.6033,2.6718,3008651.9
1734796800000,2.6718,2.7326,2.6163,2.6563,3417342.7
1734800400000,2.6557,2.6862,2.6235,2.6707,2817701.9
1734804000000,2.6711,2.6947,2.6232,2.647,1768129.3
1734807600000,2.6486,2.6536,2.601,2.632,2316850.8
1734811200000,2.632,2.6492,2.5607,2.571,2409455.1
1734814800000,2.5708,2.5817,2.5185,2.5281,1833557.7
1734818400000,2.5276,2.5322,2.4765,2.4802,2232260.1
1734822000000,2.4803,2.5178,2.447,2.5004,2793966.0
1734825600000,2.5008,2.5309,2.4638,2.494,1920625.3
1734829200000,2.494,2.5132,2.4108,2.4272,2277784.4
1734832800000,2.4271,2.4629,2.4078,2.4176,1556620.7
1734836400000,2.4176,2.4922,2.3982,2.467,1792253.7
1734840000000,2.4671,2.4804,2.3957,2.3977,1231926.3
1734843600000,2.3976,2.413,2.367,2.3932,2084340.9
1734847200000,2.3939,2.4474,2.3912,2.4321,1703325.5
1734850800000,2.4322,2.4462,2.4032,2.4199,1238185.7
1734854400000,2.4199,2.5154,2.4179,2.4915,1982532.0
1734858000000,2.4916,2.5618,2.4691,2.5068,2153923.0
1734861600000,2.5069,2.5134,2.4496,2.4544,1589634.5
1734865200000,2.4541,2.4627,2.4141,2.4461,1502600.3
1734868800000,2.4469,2.4822,2.4308,2.4423,1757757.3
1734872400000,2.4424,2.4653,2.415,2.4176,1968771.6
1734876000000,2.4182,2.4268,2.3409,2.3694,3415519.4
1734879600000,2.3695,2.4007,2.3426,2.3605,2065281.8
1734883200000,2.3605,2.419,2.3401,2.3788,1793051.6
1734886800000,2.3789,2.3995,2.329,2.3544,1536531.1
1734890400000,2.3539,2.3749,2.3219,2.3305,1487220.4
1734894000000,2.3315,2.3348,2.244,2.2539,2759136.7
1734897600000,2.2539,2.3503,2.2289,2.3499,2832366.3
1734901200000,2.3507,2.3604,2.3179,2.3249,1255306.3
1734904800000,2.3248,2.3258,2.2737,2.3152,1800539.4
1734908400000,2.3153,2.3463,2.2998,2.332,1593758.1
1734912000000,2.3321,2.3402,2.2904,2.3001,1688476.5
1734915600000,2.3002,2.3477,2.2542,2.3003,2124543.3
1734919200000,2.3006,2.3434,2.256,2.3358,1917406.9
1734922800000,2.3363,2.4878,2.3283,2.4726,2878239.4
1734926400000,2.4731,2.527,2.4507,2.5089,2901638.5
1734930000000,2.5087,2.5598,2.4757,2.5397,3348988.3
1734933600000,2.5388,2.5437,2.4106,2.4291,3083362.5
1734937200000,2.4292,2.4611,2.3976,2.455,1690732.3
1734940800000,2.4552,2.5245,2.4535,2.5214,2364772.2
1734944400000,2.5215,2.6256,2.5211,2.6054,3749332.5
1734948000000,2.6054,2.7245,2.582,2.6683,5847018.7
1734951600000,2.6685,2.6892,2.6239,2.6883,3214133.5
1734955200000,2.6876,2.7381,2.6428,2.6536,4972753.3
1734958800000,2.6535,2.6579,2.5775,2.593,4170715.5
1734962400000,2.5929,2.6216,2.487,2.5233,3906581.5
1734966000000,2.5231,2.5536,2.5026,2.536,3516358.0
1734969600000,2.536,2.702,2.5276,2.6901,4711498.0
1734973200000,2.6898,2.7499,2.6448,2.6981,5087727.6
1734976800000,2.698,2.7225,2.6589,2.6831,3200393.0
1734980400000,2.6828,2.8053,2.6779,2.7782,4992978.4
1734984000000,2.7777,2.877,2.7584,2.866,5210311.4
1734987600000,2.8661,2.977,2.8646,2.9143,8987878.8
1734991200000,2.9143,3.12,2.9135,3.0476,6470215.2
1734994800000,3.0473,3.0635,2.98,3.0309,4806863.8
1734998400000,3.0308,3.0767,2.9702,3.0241,7375897.2
1735002000000,3.023,3.1434,3.0177,3.0776,7645170.0
1735005600000,3.0775,3.1388,3.0282,3.0752,7259876.1
1735009200000,3.0757,3.145,3.0506,3.1064,4050878.3
1735012800000,3.1059,3.15,3.0505,3.135,4783993.6
1735016400000,3.1353,3.1913,3.0816,3.1452,6068874.8
1735020000000,3.1452,3.2072,3.1351,3.1446,5097590.1
1735023600000,3.1439,3.2097,3.1226,3.1816,4289598.5
1735027200000,3.1821,3.2165,3.07,3.1063,6671300.3
1735030800000,3.1063,3.1491,3.065,3.1339,3153463.9
1735034400000,3.1344,3.2066,3.1184,3.173,4417854.5
1735038000000,3.1724,3.2018,3.1556,3.166,2668754.2
1735041600000,3.1662,3.1672,3.0846,3.1109,3432222.5
1735045200000,3.1114,3.1387,3.0767,3.1116,2334842.5
1735048800000,3.1113,3.2568,3.1075,3.2092,5977261.1
1735052400000,3.2087,3.2589,3.1394,3.2015,4831939.8
1735056000000,3.2017,3.2167,3.1082,3.1357,3312279.6
1735059600000,3.1356,3.158,3.0556,3.0692,3156469.2
1735063200000,3.0696,3.1229,3.0372,3.0928,4011172.5
1735066800000,3.0931,3.11,3.0564,3.0653,1588833.3
1735070400000,3.0657,3.0898,3.0347,3.078,1350290.6
1735074000000,3.0778,3.0969,3.0312,3.0369,1572151.1
1735077600000,3.037,3.0886,3.0335,3.0539,1421303.0
1735081200000,3.0552,3.0804,3.0195,3.0374,1279424.9
1735084800000,3.0374,3.0594,3.0152,3.046,1730683.2
1735088400000,3.0461,3.0834,2.9433,2.9457,3262035.2
1735092000000,2.9456,2.9784,2.9101,2.9287,2905547.2
1735095600000,2.9286,2.9582,2.8959,2.9363,2336076.5
1735099200000,2.9364,2.9541,2.91,2.9275,1129719.4
1735102800000,2.9274,3.0393,2.9244,3.007,2387922.9
1735106400000,3.0071,3.109,3.0065,3.0991,2835908.0
1735110000000,3.0989,3.2009,3.0768,3.1347,4103665.8
1735113600000,3.1346,3.18,3.0925,3.106,2253908.0
1735117200000,3.1066,3.1254,3.0589,3.0738,1508103.8
1735120800000,3.0736,3.1225,3.0625,3.1187,1427893.7
1735124400000,3.1188,3.1912,3.1075,3.1482,2599809.2
1735128000000,3.1483,3.2802,3.1065,3.2325,4185258.7
1735131600000,3.2322,3.2975,3.1891,3.2603,3575244.8
1735135200000,3.2608,3.2724,3.2182,3.2312,1574374.1
1735138800000,3.2309,3.2361,3.15,3.1851,2551562.2
1735142400000,3.1855,3.2176,3.1604,3.2003,1756424.8
1735146000000,3.2004,3.2498,3.1576,3.2094,1934680.6
1735149600000,3.2109,3.2219,3.1141,3.123,2616417.2
1735153200000,3.1236,3.1631,3.116,3.1399,1171346.7
1735156800000,3.1399,3.1493,3.0804,3.1046,1555860.1
1735160400000,3.1048,3.1516,3.0953,3.1441,1603860.6
1735164000000,3.1442,3.1548,3.0659,3.0676,1438182.5
1735167600000,3.0677,3.181,3.0646,3.172,1836414.5
1735171200000,3.1721,3.2618,3.152,3.201,3193226.1
1735174800000,3.2009,3.3455,3.167,3.2395,4677575.1
1735178400000,3.2396,3.2985,3.1547,3.1779,3851019.0
1735182000000,3.1779,3.2353,3.1523,3.1966,2618696.7
1735185600000,3.1964,3.1965,3.1115,3.1636,3000708.8
1735189200000,3.1635,3.1838,3.1044,3.108,1506365.1
1735192800000,3.1075,3.3,3.0849,3.1382,3145051.3
1735196400000,3.1385,3.141,3.0841,3.1201,1637531.9
1735200000000,3.1187,3.1244,2.9226,2.9312,7005224.4
1735203600000,2.9307,2.9671,2.91,2.9164,2407578.3
1735207200000,2.9164,2.9251,2.8712,2.9014,2597458.5
1735210800000,2.9014,2.9888,2.8981,2.9826,2577970.6
1735214400000,2.982,2.9866,2.87,2.878,1935379.6
1735218000000,2.8784,2.8956,2.8188,2.8798,4017950.6
1735221600000,2.8795,2.9267,2.8363,2.9032,3937661.7
1735225200000,2.9024,2.961,2.8597,2.9522,3022386.3
1735228800000,2.9519,2.9574,2.8901,2.9136,2100381.0
1735232400000,2.9141,2.9308,2.8678,2.897,1271652.8
1735236000000,2.8978,2.9583,2.8847,2.9467,931245.3
1735239600000,2.9467,2.9827,2.917,2.9615,1279889.3
1735243200000,2.9612,2.9743,2.8914,2.9053,1426331.2
1735246800000,2.9052,2.9278,2.8735,2.919,1002839.5
1735250400000,2.9187,2.987,2.9164,2.9694,1435706.0
1735254000000,2.9695,3.0333,2.9245,3.0262,1849563.1
1735257600000,3.0267,3.0474,2.9649,2.9967,2266119.3
1735261200000,2.9968,3.0011,2.9467,2.958,1393053.3
1735264800000,2.9585,2.9895,2.9257,2.9595,1258231.3
1735268400000,2.9592,3.0703,2.958,3.0677,1968851.7
1735272000000,3.0676,3.145,3.04,3.1018,3339652.7
1735275600000,3.1018,3.1198,3.0552,3.1133,2286222.2
1735279200000,3.1135,3.1499,3.0886,3.1174,1768146.6
1735282800000,3.1173,3.1207,3.0146,3.0507,3515114.0
1735286400000,3.0507,3.1377,3.0495,3.0708,2539781.0
1735290000000,3.0716,3.1891,3.0694,3.1702,3886192.4
1735293600000,3.1702,3.2139,3.105,3.2124,3136566.2
1735297200000,3.2121,3.3,3.2,3.2988,5362754.4
1735300800000,3.2989,3.4662,3.2946,3.4386,9578831.8
1735304400000,3.4384,3.4697,3.3825,3.4548,6449458.9
1735308000000,3.454,3.4839,3.3512,3.4271,9025601.2
1735311600000,3.4273,3.45,3.3627,3.4256,5893325.4
1735315200000,3.4264,3.4283,3.3475,3.3597,5161685.9
1735318800000,3.3588,3.4672,3.3206,3.4577,5399345.0
1735322400000,3.4577,3.5677,3.4547,3.5354,8032529.9
1735326000000,3.5357,3.5566,3.4779,3.5402,4586063.7
1735329600000,3.5402,3.5873,3.4934,3.5628,3992469.6
1735333200000,3.5634,3.599,3.5339,3.5659,5059890.6
1735336800000,3.566,3.5705,3.4889,3.5351,4395144.9
1735340400000,3.5357,3.6089,3.5208,3.5476,4540195.7
1735344000000,3.5487,3.5704,3.466,3.4702,4719656.5
1735347600000,3.4701,3.4726,3.3889,3.4139,5245901.9
1735351200000,3.4152,3.4496,3.392,3.394,2159269.1
1735354800000,3.3939,3.5109,3.3902,3.481,3932978.0
1735358400000,3.4813,3.5453,3.468,3.513,3359621.0
1735362000000,3.5129,3.5249,3.4573,3.4699,3150873.4
1735365600000,3.4696,3.478,3.418,3.4477,2957870.7
1735369200000,3.447,3.48,3.4354,3.458,1933888.5
1735372800000,3.4579,3.4807,3.4234,3.4358,1950433.6
1735376400000,3.4358,3.48,3.39,3.4536,4242515.0
1735380000000,3.4537,3.4844,3.4123,3.4135,2991131.3
1735383600000,3.4133,3.4609,3.3987,3.4209,2195902.1
1735387200000,3.4209,3.4493,3.3926,3.3933,2768805.4
1735390800000,3.3933,3.405,3.3257,3.3498,3964559.7
1735394400000,3.3501,3.4442,3.3443,3.4311,3893301.7
1735398000000,3.4313,3.4727,3.3904,3.4083,2687901.1
1735401600000,3.4081,3.4616,3.3795,3.4489,1945366.7
1735405200000,3.4484,3.469,3.3837,3.385,2030036.3
1735408800000,3.3848,3.385,3.266,3.2768,3651902.4
1735412400000,3.277,3.3171,3.2512,3.3134,2915053.3
1735416000000,3.3138,3.337,3.2953,3.3254,1399015.8
1735419600000,3.3254,3.345,3.3029,3.31,1038044.8
1735423200000,3.31,3.4615,3.3088,3.4356,2167249.5
1735426800000,3.4356,3.4708,3.4027,3.4095,1989334.2
1735430400000,3.4089,3.4136,3.3612,3.3726,1702058.5
1735434000000,3.373,3.4045,3.366,3.3901,1045646.7
1735437600000,3.3901,3.4697,3.3704,3.4406,1674829.2
1735441200000,3.4405,3.49,3.4207,3.4701,1551795.8
1735444800000,3.4702,3.5397,3.462,3.5179,1959017.5
1735448400000,3.5179,3.5701,3.4927,3.5551,2342844.5
1735452000000,3.5553,3.6924,3.5417,3.6857,5587867.5
1735455600000,3.6864,3.75,3.6565,3.7287,5449396.9
1735459200000,3.7286,3.7381,3.6099,3.6411,3417277.1
1735462800000,3.6413,3.6612,3.6045,3.6352,1970699.0
1735466400000,3.635,3.6968,3.6205,3.6752,2363075.8
1735470000000,3.6745,3.6929,3.6357,3.6556,1816526.8
1735473600000,3.6558,3.665,3.5657,3.5897,2901183.9
1735477200000,3.5897,3.5958,3.5254,3.5509,3043259.0
1735480800000,3.5508,3.5779,3.5026,3.5418,2595953.0
1735484400000,3.5417,3.614,3.5344,3.5932,1972238.0
1735488000000,3.5928,3.6583,3.5798,3.6353,3600105.6
1735491600000,3.635,3.6815,3.5857,3.6325,2673837.2
1735495200000,3.6325,3.6335,3.5638,3.6184,2305247.1
1735498800000,3.618,3.721,3.6101,3.6861,3662407.3
1735502400000,3.6858,3.7291,3.6421,3.7167,3319805.4
1735506000000,3.7161,3.7387,3.6541,3.6727,2292178.5
1735509600000,3.6728,3.6827,3.5742,3.5983,2782023.8
1735513200000,3.5982,3.6205,3.5687,3.6016,1731522.3
1735516800000,3.6018,3.6625,3.5688,3.5892,2731502.9
1735520400000,3.5887,3.6808,3.5284,3.611,4673322.9
1735524000000,3.6111,3.6208,3.5363,3.5465,2425902.5
1735527600000,3.5473,3.557,3.4803,3.486,2232350.9
1735531200000,3.486,3.5101,3.4608,3.4629,1598928.2
1735534800000,3.4628,3.5046,3.449,3.4588,1333535.0
1735538400000,3.4584,3.4996,3.45,3.4693,1482160.3
1735542000000,3.4693,3.4931,3.4301,3.472,2202694.2
1735545600000,3.472,3.5258,3.4608,3.4677,2051066.5
1735549200000,3.4677,3.5183,3.436,3.4829,2835969.1
1735552800000,3.4828,3.52,3.4728,3.4811,1469668.4
1735556400000,3.4804,3.5705,3.4758,3.5525,2005281.2
1735560000000,3.5523,3.5685,3.4604,3.4914,2163450.6
1735563600000,3.4914,3.5098,3.3766,3.3789,3094009.4
1735567200000,3.3793,3.4057,3.2702,3.2773,5030900.3
1735570800000,3.2776,3.3794,3.2706,3.3609,2908931.6
1735574400000,3.3603,3.3625,3.302,3.3178,2104612.1
1735578000000,3.3185,3.4425,3.3054,3.3987,2897429.2
1735581600000,3.3986,3.4654,3.3582,3.4624,2178005.8
1735585200000,3.4626,3.5518,3.4414,3.5482,1947978.1
1735588800000,3.5486,3.6615,3.5325,3.6429,3201879.2
1735592400000,3.6427,3.6666,3.4867,3.4977,5282064.4
1735596000000,3.4982,3.5624,3.4854,3.5518,1948747.1
1735599600000,3.5506,3.5521,3.4938,3.5098,1430934.9
1735603200000,3.51,3.5101,3.4081,3.41,2128661.5
1735606800000,3.4104,3.4749,3.3978,3.4721,1716904.1
1735610400000,3.4712,3.5168,3.4537,3.498,1350680.6
1735614000000,3.4981,3.5029,3.46,3.477,1018323.0
1735617600000,3.4768,3.5198,3.4476,3.4549,1601285.4
1735621200000,3.4547,3.5416,3.4426,3.5099,1978848.9
1735624800000,3.5098,3.5825,3.5015,3.5692,2110559.0
1735628400000,3.5691,3.5941,3.5365,3.5777,2033030.4
1735632000000,3.5771,3.8205,3.5701,3.71,8535437.5
1735635600000,3.7094,3.736,3.654,3.6833,4022340.3
1735639200000,3.6831,3.7117,3.6608,3.6918,2318765.3
1735642800000,3.6917,3.7601,3.6735,3.726,2333370.6
1735646400000,3.7264,3.8189,3.7255,3.7946,4141200.2
1735650000000,3.795,3.8999,3.78,3.8744,6241486.3
1735653600000,3.8743,3.9394,3.7998,3.8492,5013158.7
1735657200000,3.8486,4.054,3.8266,3.9859,9532160.9
1735660800000,3.9856,4.0979,3.9544,4.0513,6078968.1
1735664400000,4.0513,4.1415,3.9853,4.0191,7438383.2
1735668000000,4.0191,4.0732,3.9831,3.9988,3110872.0
1735671600000,3.9989,4.0374,3.9462,4.009,2177445.5
1735675200000,4.0089,4.0089,3.937,3.9559,2254245.5
1735678800000,3.9557,4.0414,3.9332,4.0218,2033871.9
1735682400000,4.0209,4.0435,3.9419,3.9537,2443397.8
1735686000000,3.9533,4.0037,3.9236,3.9283,1840608.3
1735689600000,3.9281,3.9918,3.8918,3.9671,3182889.8
1735693200000,3.967,3.9844,3.9226,3.9449,2063619.8
1735696800000,3.9446,4.045,3.9441,4.0329,2155527.5
1735700400000,4.033,4.1299,4.0176,4.0975,3333070.5
1735704000000,4.0978,4.1357,4.0396,4.1031,2999319.7
1735707600000,4.1024,4.1116,4.0491,4.0655,2272035.1
1735711200000,4.0656,4.0847,4.0143,4.0299,2384970.9
1735714800000,4.0294,4.0412,3.9945,4.0261,1783382.1
1735718400000,4.0278,4.0673,3.9959,4.003,2106826.2
1735722000000,4.0041,4.0348,3.9382,3.9867,3251290.1
1735725600000,3.9866,4.0071,3.9395,3.9479,1894408.3
1735729200000,3.9475,3.9776,3.905,3.916,3027662.4
1735732800000,3.9163,3.9697,3.8951,3.9342,2139646.3
1735736400000,3.9335,3.9544,3.8555,3.8584,2524941.0
1735740000000,3.858,3.9164,3.8264,3.8772,3422836.7
1735743600000,3.8773,4.0183,3.8773,4.0053,4179224.6
1735747200000,4.006,4.0073,3.8874,3.9395,3719269.2
1735750800000,3.9398,3.9644,3.9029,3.9621,1427808.9
1735754400000,3.9621,4.102,3.9463,4.0703,3142201.8
1735758000000,4.0706,4.2752,4.0643,4.2629,4785358.4
1735761600000,4.2631,4.5858,4.2373,4.4212,10181392.3
1735765200000,4.4216,4.4955,4.33,4.4269,6970386.0
1735768800000,4.4268,4.5208,4.3847,4.4766,3761390.8
1735772400000,4.4772,4.6878,4.4675,4.6253,7120488.7
1735776000000,4.6257,4.97,4.6209,4.8627,13140520.1
1735779600000,4.8617,4.9401,4.7612,4.8353,6818733.3
1735783200000,4.8354,4.8474,4.7174,4.7728,4595664.6
1735786800000,4.7713,4.9301,4.7465,4.8984,4583446.5
1735790400000,4.8985,5.1,4.8276,5.0235,6912806.6
1735794000000,5.0233,5.1634,4.905,5.1032,8194370.4
1735797600000,5.1036,5.1081,5.025,5.0664,4872806.1
1735801200000,5.0661,5.0875,4.9435,5.0164,5902560.2
1735804800000,5.0158,5.0245,4.9,4.9104,5395966.0
1735808400000,4.9112,4.9378,4.8001,4.8158,4980639.0
1735812000000,4.8158,4.8164,4.581,4.5811,9004984.0
1735815600000,4.581,4.6697,4.3602,4.6596,19676720.4
1735819200000,4.6592,4.7189,4.5148,4.6166,10670406.2
1735822800000,4.617,4.6736,4.5706,4.639,5635730.1
1735826400000,4.6395,4.8578,4.6108,4.7902,9374822.7
1735830000000,4.7889,4.82,4.5401,4.5577,8748545.0
1735833600000,4.5579,4.685,4.5575,4.6135,5528613.8
1735837200000,4.6144,4.6551,4.5315,4.5848,3299479.9
1735840800000,4.5852,4.5964,4.4843,4.5046,3167497.5
1735844400000,4.5045,4.544,4.4119,4.4595,4134488.3
1735848000000,4.4598,4.6199,4.4581,4.5352,2659460.1
1735851600000,4.5354,4.5932,4.5207,4.5388,1767475.2
1735855200000,4.5384,4.5454,4.4297,4.4696,2305385.1
1735858800000,4.4697,4.6011,4.4657,4.5416,2564490.1
1735862400000,4.5411,4.6442,4.5408,4.576,3191453.4
1735866000000,4.5766,4.5962,4.4465,4.4906,3355604.3
1735869600000,4.4907,4.5332,4.4173,4.444,3012426.9
1735873200000,4.4446,4.51,4.4269,4.4371,2545358.5
1735876800000,4.4371,4.4525,4.3087,4.3393,4751820.3
1735880400000,4.3394,4.3748,4.2983,4.3071,3025281.4
1735884000000,4.3072,4.3244,4.2314,4.2454,4324532.5
1735887600000,4.2449,4.2641,4.1479,4.1608,6163848.7
1735891200000,4.1606,4.2,4.1143,4.1484,5864004.3
1735894800000,4.1482,4.322,4.1446,4.2784,6921940.9
1735898400000,4.2777,4.3078,4.2433,4.301,2579656.7
1735902000000,4.3015,4.357,4.2674,4.28,3521478.8
1735905600000,4.28,4.3282,4.2001,4.2074,4014223.3
1735909200000,4.2067,4.2747,4.2038,4.2308,2956529.0
1735912800000,4.2309,4.2878,4.2049,4.2576,3750351.9
1735916400000,4.2577,4.4338,4.2408,4.3851,6365515.6
1735920000000,4.3851,4.467,4.3465,4.3661,5350757.8
1735923600000,4.3659,4.413,4.2956,4.3132,3215814.9
1735927200000,4.313,4.368,4.2644,4.2753,3469026.1
1735930800000,4.2745,4.3391,4.2702,4.28,2041663.1
1735934400000,4.2801,4.2945,4.2108,4.2114,2834332.2
1735938000000,4.2113,4.2915,4.2087,4.2637,1702680.1
1735941600000,4.2638,4.4209,4.2638,4.3109,3886535.7
1735945200000,4.3108,4.3489,4.2742,4.2839,1511374.3
1735948800000,4.2839,4.337,4.2179,4.2384,2786060.3
1735952400000,4.2381,4.268,4.2139,4.2179,1841461.7
1735956000000,4.2167,4.2271,4.1622,4.1912,2691396.1
1735959600000,4.191,4.2454,4.15,4.2141,2457565.2
1735963200000,4.2141,4.2361,4.1542,4.2344,2574286.7
1735966800000,4.2343,4.3306,4.2047,4.2442,4425873.3
1735970400000,4.2436,4.3266,4.2375,4.2862,2977980.5
1735974000000,4.2861,4.3195,4.2661,4.2756,1522092.5
1735977600000,4.2764,4.3203,4.2142,4.2564,2289416.8
1735981200000,4.2563,4.2991,4.22,4.2792,1824569.7
1735984800000,4.2791,4.2948,4.1901,4.226,2795671.0
1735988400000,4.226,4.2605,4.2,4.2262,1384021.8
1735992000000,4.2261,4.3414,4.2236,4.3152,3142583.3
1735995600000,4.3163,4.4067,4.2966,4.4019,4410411.1
1735999200000,4.4017,4.4205,4.3418,4.3766,2780707.0
1736002800000,4.3766,4.3773,4.2426,4.2437,3154692.7
1736006400000,4.244,4.3164,4.2266,4.293,2339657.4
1736010000000,4.2936,4.3348,4.2572,4.2928,1671661.6
1736013600000,4.2928,4.3699,4.2897,4.3393,2048596.5
1736017200000,4.3393,4.3517,4.3023,4.3406,1662319.8
1736020800000,4.3407,4.3435,4.288,4.293,1081155.9
1736024400000,4.2933,4.4363,4.2853,4.3961,2459245.1
1736028000000,4.3961,4.5507,4.3813,4.4995,3154989.7
1736031600000,4.5,4.5404,4.4157,4.4184,2842073.1
1736035200000,4.4186,4.4263,4.3496,4.3806,2588701.7
1736038800000,4.3805,4.385,4.3251,4.3629,1633659.1
1736042400000,4.3628,4.4,4.3222,4.392,1583593.3
1736046000000,4.3914,4.4196,4.3668,4.4064,1321279.4
1736049600000,4.4065,4.4076,4.3262,4.3283,1874560.1
1736053200000,4.3281,4.3314,4.2651,4.2802,1815656.7
1736056800000,4.28,4.3081,4.2671,4.2855,913294.0
1736060400000,4.2853,4.306,4.2444,4.2544,1445226.5
1736064000000,4.2548,4.2652,4.1636,4.1791,3255770.3
1736067600000,4.1794,4.2215,4.1452,4.1611,4512184.2
1736071200000,4.1611,4.2043,4.1413,4.179,3500234.6
1736074800000,4.179,4.2042,4.1253,4.1345,2247022.9
1736078400000,4.1343,4.1837,4.1153,4.142,2023595.5
1736082000000,4.1418,4.212,4.1316,4.1511,2142866.0
1736085600000,4.1512,4.1563,3.9603,4.0105,9380069.7
1736089200000,4.0115,4.0625,3.9835,4.0415,3698603.1
1736092800000,4.0415,4.0676,4.014,4.0191,1835403.0
1736096400000,4.0189,4.0219,3.9671,3.9812,2058619.4
1736100000000,3.9809,4.0027,3.9617,3.9962,1381021.6
1736103600000,3.9961,4.0422,3.9779,4.0239,2119259.3
1736107200000,4.0238,4.066,3.9955,4.0378,1411939.5
1736110800000,4.0378,4.0416,3.9977,4.0073,890090.0
1736114400000,4.0073,4.0516,3.979,4.007,1343774.6
1736118000000,4.007,4.0481,4.001,4.0062,1253072.2
1736121600000,4.0056,4.0638,3.9877,4.0031,2580794.3
1736125200000,4.0026,4.0732,3.9719,4.0417,2406241.3
1736128800000,4.0422,4.1491,4.0305,4.109,3612991.8
1736132400000,4.109,4.1471,4.0911,4.1401,1915528.3
1736136000000,4.1401,4.2312,4.135,4.2243,2737405.3
1736139600000,4.2243,4.2699,4.1932,4.2235,2510640.1
1736143200000,4.2234,4.2281,4.1247,4.1299,2770174.2
1736146800000,4.1296,4.1507,4.0851,4.1067,1869206.5
1736150400000,4.1072,4.1614,4.1062,4.1516,1466766.6
1736154000000,4.1516,4.1607,4.1086,4.1444,1169024.0
1736157600000,4.144,4.1748,4.1174,4.1521,1544022.8
1736161200000,4.1518,4.2085,4.1348,4.149,1662477.3
1736164800000,4.1486,4.1744,4.1053,4.1255,2114579.2
1736168400000,4.1259,4.1645,4.1057,4.1562,1647399.2
1736172000000,4.1557,4.2104,4.048,4.1576,6332515.1
1736175600000,4.1578,4.3908,4.1492,4.3674,7844640.7
1736179200000,4.3676,4.4566,4.2697,4.3099,6362199.2
1736182800000,4.3099,4.3099,4.1911,4.2275,3602955.1
1736186400000,4.228,4.2308,4.1148,4.126,3319494.3
1736190000000,4.1261,4.1923,4.1161,4.1886,1882413.8
1736193600000,4.1884,4.2208,4.0825,4.0868,1999726.0
1736197200000,4.0868,4.104,4.0001,4.0026,3364778.5
1736200800000,4.0025,4.0117,3.9624,3.9976,2163353.5
1736204400000,3.9976,3.9978,3.8386,3.864,5136443.0
1736208000000,3.864,3.9834,3.8484,3.9417,4718098.6
1736211600000,3.9417,3.9478,3.9,3.9139,2201423.8
1736215200000,3.9137,3.9236,3.8653,3.874,2077412.0
1736218800000,3.8741,3.9088,3.8612,3.8885,1334775.6
1736222400000,3.8885,3.8987,3.8503,3.881,1889941.1
1736226000000,3.8806,3.9017,3.8535,3.8747,1347262.7
1736229600000,3.8745,3.9052,3.8547,3.873,1570286.2
1736233200000,3.8726,3.8852,3.843,3.8556,1689355.9
1736236800000,3.8555,3.9407,3.8471,3.9347,2088593.4
1736240400000,3.9342,3.9397,3.8522,3.8709,2345470.1
1736244000000,3.8709,3.881,3.8465,3.8539,1294423.0
1736247600000,3.8534,3.8588,3.7976,3.8342,3646955.1
1736251200000,3.8343,3.8798,3.821,3.8436,2018564.6
1736254800000,3.8438,3.8789,3.8434,3.8662,1550115.5
1736258400000,3.8663,3.9591,3.865,3.923,5131702.4
1736262000000,3.9224,4.0223,3.7488,3.8843,18716411.7
1736265600000,3.8835,4.0997,3.8593,4.0329,11525761.3
1736269200000,4.0339,4.0818,3.88,3.9083,8836320.1
1736272800000,3.9088,3.9324,3.8215,3.8505,3784306.4
1736276400000,3.8502,3.8765,3.626,3.6676,7157017.0
1736280000000,3.667,3.7878,3.6623,3.7839,4230497.1
1736283600000,3.7827,3.8388,3.7411,3.7417,2444595.8
1736287200000,3.7418,3.8161,3.7327,3.7809,1671069.5
1736290800000,3.7815,3.7815,3.6944,3.698,1717827.7
1736294400000,3.6978,3.745,3.6849,3.7234,2277598.7
1736298000000,3.7232,3.7232,3.6314,3.6461,2824176.9
1736301600000,3.646,3.7069,3.6326,3.6554,2221267.4
1736305200000,3.6554,3.6687,3.598,3.6437,3193592.6
1736308800000,3.644,3.707,3.6419,3.6514,3132986.1
1736312400000,3.6504,3.6816,3.6113,3.6174,1878191.3
1736316000000,3.6172,3.6566,3.527,3.5299,3998715.0
1736319600000,3.5307,3.5673,3.5002,3.5324,3395040.9
1736323200000,3.532,3.5984,3.5272,3.5837,2725878.9
1736326800000,3.5837,3.6074,3.5078,3.5083,2849378.4
1736330400000,3.5083,3.5485,3.4764,3.5068,3514042.1
1736334000000,3.506,3.5169,3.4259,3.4747,4016457.2
1736337600000,3.4746,3.5123,3.3971,3.4112,3425243.9
1736341200000,3.4111,3.4775,3.4109,3.4351,2793882.6
1736344800000,3.4348,3.544,3.4228,3.5137,3567134.4
1736348400000,3.5128,3.5456,3.4077,3.4223,3553910.7
1736352000000,3.4218,3.4291,3.2802,3.285,5942439.5
1736355600000,3.2841,3.5205,3.2175,3.5008,19319791.7
1736359200000,3.5007,3.6273,3.4931,3.5775,7772221.2
1736362800000,3.5775,3.664,3.5548,3.6349,5500791.7
1736366400000,3.6346,3.6736,3.5293,3.5433,3942306.7
1736370000000,3.5435,3.5682,3.4792,3.5529,3633021.7
1736373600000,3.553,3.6631,3.5486,3.6376,2419599.6
1736377200000,3.6376,3.6425,3.5661,3.5921,1827610.2
1736380800000,3.5914,3.5921,3.5144,3.5761,2355074.1
1736384400000,3.576,3.6056,3.5299,3.5362,3016186.4
1736388000000,3.5362,3.5462,3.4301,3.5296,5141125.2
1736391600000,3.5297,3.5338,3.3335,3.3652,4939871.2
1736395200000,3.365,3.4039,3.3103,3.4003,3733677.3
1736398800000,3.4006,3.4048,3.2619,3.2686,4077097.0
1736402400000,3.268,3.3334,3.2632,3.2825,2250717.0
1736406000000,3.2825,3.3023,3.2142,3.2328,4580888.1
1736409600000,3.233,3.3755,3.2153,3.3436,4621274.1
1736413200000,3.3436,3.389,3.3366,3.357,2518809.8
1736416800000,3.3573,3.3765,3.2922,3.3212,3151615.8
1736420400000,3.3212,3.3592,3.2843,3.3047,2959150.7
1736424000000,3.3045,3.3047,3.2489,3.256,3087682.2
1736427600000,3.2561,3.259,3.1008,3.1026,8139615.2
1736431200000,3.1024,3.2143,3.1008,3.174,7568962.2
1736434800000,3.174,3.3663,3.1503,3.3137,6075557.4
1736438400000,3.3136,3.3345,3.2474,3.2878,4598687.1
1736442000000,3.2883,3.3268,3.1561,3.19,4541613.1
1736445600000,3.1906,3.2201,3.1447,3.1883,3593230.5
1736449200000,3.1885,3.2053,3.1014,3.1066,3367387.7
1736452800000,3.1055,3.1597,3.0963,3.14,4862959.4
1736456400000,3.1403,3.184,3.0995,3.106,3268190.0
1736460000000,3.1052,3.1519,3.0919,3.1188,3239449.0
1736463600000,3.1187,3.1757,3.0905,3.1228,2568146.7
1736467200000,3.1232,3.1669,3.0675,3.0878,3660650.9
1736470800000,3.0886,3.1514,3.0636,3.1345,3661361.4
1736474400000,3.1345,3.2518,3.1272,3.2168,4842087.4
1736478000000,3.2175,3.2407,3.181,3.2227,2651497.0
1736481600000,3.2228,3.2424,3.1465,3.1722,3425693.3
1736485200000,3.1726,3.2629,3.1596,3.2245,4037878.2
1736488800000,3.2242,3.2261,3.1729,3.2122,2988667.4
1736492400000,3.2125,3.3137,3.1831,3.2672,4770018.6
1736496000000,3.2672,3.2714,3.1614,3.2562,5199272.7
1736499600000,3.2563,3.5305,3.2383,3.4372,16470331.6
1736503200000,3.437,3.4622,3.3842,3.4213,5681971.4
1736506800000,3.4215,3.454,3.2937,3.326,6497079.5
1736510400000,3.3265,3.333,3.196,3.2432,5587051.2
1736514000000,3.243,3.2432,2.9166,2.9434,19129404.6
1736517600000,2.9425,3.081,2.9308,3.0186,8846438.7
1736521200000,3.0185,3.1124,2.9224,3.0405,9354519.3
1736524800000,3.0408,3.0573,2.9581,2.973,4251533.4
1736528400000,2.973,3.1733,2.9572,3.1585,5548249.5
1736532000000,3.1583,3.3202,3.1314,3.2353,13902465.5
1736535600000,3.2355,3.28,3.2024,3.2325,3700187.8
1736539200000,3.2324,3.2324,3.1118,3.1297,4204013.7
1736542800000,3.1294,3.1864,3.1059,3.164,2345173.2
1736546400000,3.1643,3.2234,3.1462,3.1814,1777737.1
1736550000000,3.1814,3.2023,3.144,3.1511,1389477.6
1736553600000,3.1512,3.1644,3.0627,3.0744,2985419.1
1736557200000,3.0749,3.1037,2.998,3.008,3529304.1
1736560800000,3.0082,3.0367,2.9541,3.0319,3915342.3
1736564400000,3.0318,3.0382,2.9011,2.9094,4982751.0
1736568000000,2.9088,2.9469,2.8703,2.8725,4081730.3
1736571600000,2.8723,2.9326,2.8413,2.914,5260418.4
1736575200000,2.9134,2.958,2.8717,2.8836,3120637.0
1736578800000,2.8841,2.9722,2.8823,2.9482,3740642.3
1736582400000,2.9482,2.9822,2.9093,2.938,2932242.8
1736586000000,2.9377,2.9742,2.9093,2.9537,2159246.7
1736589600000,2.9532,2.9833,2.9362,2.9752,2120054.6
1736593200000,2.9746,2.9932,2.9551,2.961,2048810.6
1736596800000,2.9609,3.0227,2.9306,3.0109,2758805.6
1736600400000,3.0109,3.02,2.9201,2.9393,2590042.5
1736604000000,2.9397,2.9926,2.9397,2.981,2626243.2
1736607600000,2.9809,2.9835,2.9316,2.9486,1909334.1
1736611200000,2.9485,2.979,2.9211,2.9413,2342563.6
1736614800000,2.941,2.9733,2.9058,2.9405,2399028.5
1736618400000,2.9406,2.962,2.9029,2.9559,1909678.9
1736622000000,2.9558,2.9876,2.9359,2.9551,2334325.8
1736625600000,2.9551,2.9818,2.9315,2.9681,2121008.4
1736629200000,2.9681,3.0876,2.9628,3.062,4975474.1
1736632800000,3.0621,3.1054,3.0154,3.0195,3079833.1
1736636400000,3.0198,3.0412,2.9842,2.9928,1803537.3
1736640000000,2.9927,3.007,2.9682,2.9796,1673125.5
1736643600000,2.9796,2.9849,2.9311,2.9526,1656901.2
1736647200000,2.9525,2.9856,2.9415,2.9704,1542304.6
1736650800000,2.9694,2.9807,2.91,2.9555,1836578.2
1736654400000,2.9556,2.9623,2.9305,2.9501,835270.2
1736658000000,2.9499,2.983,2.9285,2.9514,1921197.8
1736661600000,2.9513,2.9528,2.9156,2.9195,889358.3
1736665200000,2.9196,2.956,2.9141,2.9459,1008577.4
1736668800000,2.9457,2.9618,2.907,2.923,1299638.5
1736672400000,2.9233,2.9251,2.843,2.876,4344820.1
1736676000000,2.876,2.8843,2.7845,2.7988,4381721.4
1736679600000,2.7988,2.8414,2.7983,2.819,2483177.1
1736683200000,2.819,2.8439,2.767,2.7677,2702252.1
1736686800000,2.7678,2.7824,2.7399,2.773,3945842.1
1736690400000,2.7733,2.802,2.7151,2.724,3814045.6
1736694000000,2.7239,2.8162,2.7239,2.7656,5071576.5
1736697600000,2.7658,2.7894,2.694,2.7039,4261714.6
1736701200000,2.704,2.7214,2.6625,2.6867,3941699.2
1736704800000,2.6866,2.7428,2.6708,2.6987,3684274.1
1736708400000,2.6994,2.7275,2.6968,2.7034,2191479.9
1736712000000,2.7034,2.7481,2.6826,2.747,4460414.2
1736715600000,2.7469,2.7594,2.7001,2.7033,3224093.7
1736719200000,2.7034,2.717,2.6673,2.6792,3300223.4
1736722800000,2.6795,2.6965,2.6684,2.6844,1983296.3
1736726400000,2.6846,2.803,2.6831,2.7351,5613786.5
1736730000000,2.7341,2.7428,2.6635,2.7003,5618500.5
1736733600000,2.7001,2.7045,2.5662,2.5965,6971599.0
1736737200000,2.5964,2.6174,2.5196,2.5388,5783896.7
1736740800000,2.5386,2.6521,2.5383,2.648,5859419.9
1736744400000,2.648,2.648,2.585,2.594,3155536.9
1736748000000,2.594,2.6053,2.4708,2.481,5978149.0
1736751600000,2.4809,2.5493,2.47,2.5026,5599286.1
1736755200000,2.5024,2.5096,2.4342,2.4459,6814616.5
1736758800000,2.4459,2.461,2.3801,2.4081,6370601.9
1736762400000,2.4077,2.4109,2.3186,2.3338,9402952.7
1736766000000,2.3338,2.3494,2.236,2.2433,9137192.8
1736769600000,2.243,2.333,2.2251,2.2846,12849750.8
1736773200000,2.2844,2.443,2.2765,2.3281,20503795.0
1736776800000,2.3285,2.468,2.2473,2.4032,27293947.7
1736780400000,2.4025,2.5731,2.37,2.4994,22689194.7
1736784000000,2.4991,2.53,2.4307,2.4364,9630376.2
1736787600000,2.4364,2.4655,2.3868,2.4013,5617848.3
1736791200000,2.4021,2.426,2.3243,2.4106,8891446.8
1736794800000,2.4106,2.4791,2.3788,2.4494,7768231.9
1736798400000,2.4491,2.5892,2.4355,2.57,7755308.4
1736802000000,2.5708,2.6868,2.568,2.6174,7409679.9
1736805600000,2.6174,2.6423,2.5755,2.6273,5183674.9
1736809200000,2.6273,2.6846,2.6154,2.6743,4009088.7
1736812800000,2.6737,2.71,2.6351,2.6499,6433952.1
1736816400000,2.6498,2.7669,2.646,2.654,8812266.2
1736820000000,2.6538,2.6958,2.609,2.6585,5980605.1
1736823600000,2.6581,2.6677,2.6045,2.6093,2928935.6
1736827200000,2.6091,2.7787,2.6088,2.7562,6949632.1
1736830800000,2.756,2.7854,2.7309,2.7414,4465928.2
1736834400000,2.7413,2.7419,2.6643,2.6733,4043880.9
1736838000000,2.6733,2.6987,2.6281,2.6295,3911989.9
1736841600000,2.6295,2.6986,2.6281,2.6704,4728912.0
1736845200000,2.6709,2.7978,2.6574,2.7775,7386183.9
1736848800000,2.777,2.7988,2.71,2.7134,5782019.1
1736852400000,2.7137,2.7505,2.707,2.7333,3631461.1
1736856000000,2.7333,2.7337,2.6362,2.6489,5558577.2
1736859600000,2.6493,2.834,2.6447,2.7888,12382213.5
1736863200000,2.7897,2.9422,2.7295,2.8125,18468973.9
1736866800000,2.8129,2.9445,2.7989,2.8845,15570648.7
1736870400000,2.8832,2.8832,2.7508,2.803,13712456.1
1736874000000,2.8037,2.8664,2.7779,2.8391,5368710.1
1736877600000,2.8385,2.9492,2.8339,2.9133,6097565.2
1736881200000,2.913,2.9977,2.9025,2.9774,7858681.1
1736884800000,2.9773,3.0445,2.9439,3.0198,9233037.4
1736888400000,3.0199,3.0734,2.9537,2.9696,4600910.1
1736892000000,2.9699,3.111,2.9674,3.1012,4330571.1
1736895600000,3.1012,3.1281,3.0032,3.0104,4421769.2
1736899200000,3.0102,3.0261,2.9444,2.9463,6349945.3
1736902800000,2.9462,2.9862,2.8537,2.9212,8919971.9
1736906400000,2.9213,2.9325,2.8479,2.8511,4279316.6
1736910000000,2.851,2.9269,2.8419,2.9211,3818964.6
1736913600000,2.9211,3.0041,2.9023,2.9998,5397945.6
1736917200000,3.0002,3.0167,2.8948,2.9113,6077004.8
1736920800000,2.9114,2.9597,2.8744,2.9459,4463695.8
1736924400000,2.946,2.9966,2.9443,2.9745,3803646.4
1736928000000,2.9745,3.0048,2.9256,2.931,3390714.3
1736931600000,2.9308,2.9632,2.8241,2.8412,5713484.4
1736935200000,2.8411,2.9027,2.8347,2.8939,5093803.1
1736938800000,2.8934,3.0078,2.8544,2.9998,6692805.4
1736942400000,2.9996,3.0006,2.9078,2.9117,5058073.6
1736946000000,2.9115,3.3471,2.9101,3.3394,21375651.5
1736949600000,3.3392,3.5249,3.3369,3.478,24264063.8
1736953200000,3.4786,3.7278,3.476,3.5094,23348001.0
1736956800000,3.5089,3.6516,3.5084,3.6052,10029371.1
1736960400000,3.6053,3.7027,3.6047,3.6202,7817143.3
1736964000000,3.6202,3.8745,3.6129,3.8212,11079306.2
1736967600000,3.8218,3.985,3.7842,3.9617,8257269.3
1736971200000,3.9621,4.0098,3.8507,3.9062,10240136.9
1736974800000,3.9065,3.9426,3.8725,3.8944,3879919.3
1736978400000,3.8944,3.9764,3.8423,3.9282,4506785.7
1736982000000,3.9284,3.9322,3.75,3.7848,9087649.0
1736985600000,3.7848,3.7955,3.6435,3.7272,6863737.5
1736989200000,3.7272,3.7783,3.6851,3.7073,4943332.2
1736992800000,3.7073,3.7098,3.6536,3.6774,3416701.2
1736996400000,3.6774,3.7168,3.6349,3.7025,2948374.1
1737000000000,3.703,3.7528,3.6892,3.7329,3233104.3
1737003600000,3.7329,3.8043,3.7094,3.787,4089776.5
1737007200000,3.7871,3.8666,3.7778,3.8612,4969082.0
1737010800000,3.8609,3.8727,3.8061,3.864,3306077.6
1737014400000,3.8641,3.913,3.6961,3.7469,9022323.2
1737018000000,3.747,3.8284,3.7029,3.8008,5359642.8
1737021600000,3.8009,3.8159,3.7515,3.7856,2787368.7
1737025200000,3.7865,3.8121,3.7232,3.7512,4515153.2
1737028800000,3.7515,3.7518,3.6105,3.6322,6399637.2
1737032400000,3.6327,3.6381,3.5303,3.5943,8686049.6
1737036000000,3.594,3.6461,3.4832,3.5274,7188295.9
1737039600000,3.5274,3.6057,3.5144,3.5941,4595086.6
1737043200000,3.5937,3.6722,3.5045,3.5196,6000435.6
1737046800000,3.5186,3.5902,3.5022,3.5498,2899013.9
1737050400000,3.5499,3.602,3.5101,3.5192,2379591.6
1737054000000,3.5194,3.5527,3.5036,3.5478,1869544.3
1737057600000,3.5476,3.5671,3.496,3.5157,2003674.6
1737061200000,3.5166,3.5189,3.4263,3.4568,3678261.7
1737064800000,3.4568,3.4673,3.3691,3.3878,3227967.6
1737068400000,3.388,3.4173,3.3425,3.3455,2823587.9
1737072000000,3.3456,3.4102,3.3411,3.3601,3408306.0
1737075600000,3.3601,3.4963,3.3442,3.4516,6494402.8
1737079200000,3.4516,3.535,3.4335,3.4625,4871999.2
1737082800000,3.4626,3.5116,3.44,3.4573,2561380.8
1737086400000,3.4574,3.5054,3.4192,3.4789,1957612.9
1737090000000,3.4786,3.4853,3.423,3.4695,1808611.8
1737093600000,3.4698,3.5721,3.4652,3.5349,3604123.3
1737097200000,3.5352,3.5459,3.4641,3.475,2463589.8
1737100800000,3.4749,3.5097,3.4446,3.479,3395530.3
1737104400000,3.4791,3.5368,3.4738,3.4816,3844162.3
1737108000000,3.4813,3.5032,3.4623,3.4732,2405452.7
1737111600000,3.4732,3.4823,3.421,3.4237,2479208.0
1737115200000,3.4237,3.5234,3.4022,3.4149,4171264.5
1737118800000,3.4152,3.4512,3.38,3.3859,3763371.2
1737122400000,3.3864,3.4283,3.3427,3.4031,5286298.3
1737126000000,3.4024,3.4866,3.2924,3.317,6760831.1
1737129600000,3.3167,3.394,3.2964,3.3693,3737292.4
1737133200000,3.3693,3.4283,3.3067,3.3147,3938347.1
1737136800000,3.3148,3.376,3.3013,3.316,2130298.2
1737140400000,3.3159,3.3657,3.3139,3.3384,1630556.7
1737144000000,3.3391,3.4698,3.3289,3.4498,3392828.2
1737147600000,3.4493,3.4577,3.3448,3.3626,2760600.4
1737151200000,3.3625,3.4154,3.3463,3.3603,1498948.3
1737154800000,3.3603,3.3724,3.3161,3.3218,1379788.0
1737158400000,3.3224,3.3523,3.3078,3.3433,2276982.0
1737162000000,3.3432,3.3432,3.2844,3.3124,1951234.7
1737165600000,3.312,3.3232,3.2029,3.2162,3442341.7
1737169200000,3.2162,3.2162,3.0165,3.0281,11854564.9
1737172800000,3.0274,3.0931,3.0133,3.0603,4932269.6
1737176400000,3.0603,3.0747,2.9295,2.9334,6114923.4
1737180000000,2.9333,2.9978,2.932,2.9617,3876225.8
1737183600000,2.9613,2.969,2.8866,2.9087,3726114.4
1737187200000,2.9087,2.9193,2.8694,2.8729,4601731.7
1737190800000,2.873,2.9169,2.845,2.9108,4415922.4
1737194400000,2.9107,2.9346,2.8063,2.8539,5513778.5
1737198000000,2.8538,2.9409,2.8316,2.9239,5003081.8
1737201600000,2.9242,2.9728,2.8947,2.8962,3950598.0
1737205200000,2.8965,2.9721,2.8809,2.9672,3849798.3
1737208800000,2.9674,2.9887,2.8659,2.8839,5825201.7
1737212400000,2.8843,2.9544,2.8381,2.8807,5854750.7
1737216000000,2.8808,2.9326,2.8322,2.8489,7212218.4
1737219600000,2.849,2.8888,2.8134,2.8183,3743404.2
1737223200000,2.818,2.8955,2.8173,2.8428,3605173.3
1737226800000,2.8427,2.9454,2.8376,2.9408,2491885.0
1737230400000,2.9408,2.9513,2.8348,2.8654,2797882.4
1737234000000,2.8652,2.8895,2.8483,2.8552,2235740.8
1737237600000,2.855,2.965,2.8481,2.9576,2322323.6
1737241200000,2.9576,3.0662,2.9363,3.0632,3774877.7
1737244800000,3.0631,3.0705,2.9977,3.0039,3647871.0
1737248400000,3.0039,3.151,3.0023,3.1376,5378284.2
1737252000000,3.1376,3.1759,3.0924,3.1195,4875570.7
1737255600000,3.1196,3.1311,3.0199,3.0226,4166084.3
1737259200000,3.0226,3.0227,2.8849,2.9019,7606324.7
1737262800000,2.9012,2.9433,2.869,2.904,2990581.7
1737266400000,2.9039,2.9165,2.8355,2.849,2266829.6
1737270000000,2.8491,2.869,2.8141,2.8523,3428884.7
1737273600000,2.8522,2.8604,2.7706,2.805,5774441.5
1737277200000,2.8049,2.9103,2.7391,2.8734,9528780.8
1737280800000,2.8732,2.9425,2.8226,2.8814,7254839.5
1737284400000,2.8815,2.9097,2.8218,2.8467,3586093.0
1737288000000,2.8468,2.8874,2.792,2.8258,3442204.8
1737291600000,2.8261,2.8881,2.7901,2.8847,2597334.2
1737295200000,2.8848,2.9231,2.8338,2.9063,6671759.5
1737298800000,2.9063,2.95,2.8839,2.9168,4439904.6
1737302400000,2.9167,3.0652,2.9034,3.0193,4725937.3
1737306000000,3.0193,3.0384,2.9333,3.0261,3310795.2
1737309600000,3.026,3.0687,3.0044,3.0654,1796849.4
1737313200000,3.064,3.0667,2.9682,2.9942,2056505.9
1737316800000,2.9942,3.0231,2.87,2.9005,4038986.5
1737320400000,2.9008,2.9324,2.6996,2.7155,9085299.6
1737324000000,2.7161,2.7895,2.61,2.6878,9811257.6
1737327600000,2.6874,2.6874,2.55,2.5854,12579534.5
1737331200000,2.5855,2.5926,2.478,2.5066,12868671.9
1737334800000,2.5071,2.5707,2.4682,2.5029,5157941.2
1737338400000,2.5026,2.6022,2.4956,2.5279,4771715.8
1737342000000,2.5286,2.6388,2.5127,2.637,4517050.2
1737345600000,2.6362,2.6747,2.5867,2.6273,2792525.7
1737349200000,2.6279,2.6602,2.6027,2.6284,2714993.8
1737352800000,2.6284,2.9266,2.6276,2.8712,8782202.4
1737356400000,2.8702,2.91,2.7815,2.8022,7884683.6
1737360000000,2.8022,2.8323,2.7811,2.7842,3163014.1
1737363600000,2.7846,2.8091,2.7127,2.7305,3326966.2
1737367200000,2.7305,2.7727,2.6466,2.6665,3302457.5
1737370800000,2.666,2.7233,2.6584,2.7165,2618246.3
1737374400000,2.7165,2.719,2.5913,2.6172,4611295.7
1737378000000,2.6172,2.639,2.5905,2.6305,2585612.9
1737381600000,2.6308,2.6674,2.6127,2.6506,2206317.0
1737385200000,2.6496,2.656,2.5577,2.5688,3399530.4
1737388800000,2.5689,2.6285,2.5205,2.6174,3387694.8
1737392400000,2.6172,2.6263,2.4122,2.4905,15072436.2
1737396000000,2.492,2.6507,2.4876,2.6352,4051441.7
1737399600000,2.6351,2.7022,2.6019,2.6856,3467226.9
1737403200000,2.6855,2.6925,2.6409,2.6638,1767888.7
1737406800000,2.6637,2.6705,2.6055,2.6106,1520305.0
1737410400000,2.6113,2.7206,2.5701,2.7082,3132814.0
1737414000000,2.7091,2.7639,2.6837,2.7058,5211884.9
1737417600000,2.7053,2.738,2.5761,2.5859,6604767.1
1737421200000,2.5858,2.6574,2.5629,2.5955,4179749.1
1737424800000,2.596,2.6241,2.5376,2.5725,3435315.1
1737428400000,2.5725,2.5851,2.5198,2.5287,2775717.5
1737432000000,2.5293,2.5301,2.4443,2.487,4431133.3
1737435600000,2.4869,2.4995,2.4324,2.4382,1929974.9
1737439200000,2.4386,2.5151,2.4281,2.5103,2234311.2
1737442800000,2.5101,2.6349,2.4967,2.6206,5508620.9
1737446400000,2.6212,2.6212,2.5399,2.5695,2944229.9
1737450000000,2.5694,2.6128,2.5566,2.5801,2436999.9
1737453600000,2.58,2.5914,2.5276,2.5675,2836221.8
1737457200000,2.5668,2.634,2.5609,2.5948,3027697.5
1737460800000,2.5955,2.6054,2.5293,2.5327,2423956.0
1737464400000,2.5327,2.5743,2.5184,2.5417,1896645.0
1737468000000,2.5414,2.5851,2.4756,2.4896,4276656.7
1737471600000,2.4898,2.5311,2.4728,2.5245,2630935.5
1737475200000,2.5244,2.6245,2.514,2.5703,4377932.2
1737478800000,2.5699,2.8463,2.5691,2.7844,8733962.0
1737482400000,2.7842,2.8858,2.7362,2.8392,9251673.6
1737486000000,2.8395,2.8565,2.73,2.7657,5324746.5
1737489600000,2.7658,2.7722,2.6925,2.7012,2050689.6
1737493200000,2.7025,2.7526,2.6709,2.7419,2377492.7
1737496800000,2.7418,2.7996,2.7174,2.7304,3139081.0
1737500400000,2.7304,2.752,2.6759,2.7313,2923184.0
1737504000000,2.7312,2.8121,2.7015,2.8091,3308973.2
1737507600000,2.8094,2.8965,2.7776,2.7967,6057810.1
1737511200000,2.7959,2.9067,2.772,2.8969,3293266.2
1737514800000,2.897,2.9897,2.8747,2.9839,5076133.8
1737518400000,2.9825,3.036,2.931,2.9627,6438774.8
1737522000000,2.9627,3.0053,2.9252,2.9665,3217493.2
1737525600000,2.9665,2.9864,2.9294,2.9824,2176423.7
1737529200000,2.9824,3.0651,2.9631,3.0261,3679950.5
1737532800000,3.0259,3.0333,2.8845,2.9357,6483048.9
1737536400000,2.9358,2.9646,2.9116,2.9368,2441836.3
1737540000000,2.9368,2.9389,2.8634,2.9032,3922872.9
1737543600000,2.9032,3.058,2.8897,3.0256,5835939.2
1737547200000,3.0257,3.0325,2.9658,2.9684,2432883.9
1737550800000,2.9678,2.9858,2.8678,2.8887,3178648.5
1737554400000,2.8884,2.9985,2.8708,2.9926,4727474.0
1737558000000,2.9932,3.1071,2.9724,3.0781,7506928.6
1737561600000,3.0783,3.1478,3.0103,3.0805,6274853.1
1737565200000,3.0805,3.109,3.0424,3.0588,2623898.0
1737568800000,3.0595,3.0762,2.9253,2.9354,4111082.2
1737572400000,2.9338,2.9875,2.9097,2.9143,4044864.7
1737576000000,2.9146,2.9686,2.9053,2.9194,2787468.7
1737579600000,2.919,2.9207,2.8422,2.8524,3470432.3
1737583200000,2.8524,2.8656,2.7752,2.7782,3267387.6
1737586800000,2.7782,2.783,2.7428,2.754,2885282.8
1737590400000,2.7542,2.7794,2.7363,2.7555,2555391.2
1737594000000,2.7557,2.7766,2.6512,2.6572,4370868.9
1737597600000,2.6576,2.6814,2.6402,2.6571,2896555.1
1737601200000,2.6573,2.7052,2.6143,2.6243,3481025.1
1737604800000,2.6244,2.6404,2.5673,2.5867,3471324.0
1737608400000,2.5863,2.6262,2.5863,2.6194,2195710.4
1737612000000,2.6195,2.6427,2.5862,2.5943,1797997.2
1737615600000,2.5942,2.6485,2.5846,2.628,2544958.5
1737619200000,2.628,2.634,2.5994,2.6044,1366868.7
1737622800000,2.6042,2.6211,2.5786,2.5984,1322702.9
1737626400000,2.5982,2.6083,2.5729,2.5846,1703299.0
1737630000000,2.5847,2.6259,2.57,2.6191,1642399.4
1737633600000,2.6188,2.6285,2.5848,2.6055,1420246.5
1737637200000,2.6052,2.6418,2.556,2.6332,3113835.2
1737640800000,2.6335,2.779,2.6087,2.713,8655392.3
1737644400000,2.7143,2.7427,2.6087,2.6771,8375977.3
1737648000000,2.6769,2.7685,2.6444,2.6597,6908979.3
1737651600000,2.6595,2.7064,2.6264,2.6969,2773811.5
1737655200000,2.6973,2.7312,2.6144,2.628,3350417.9
1737658800000,2.6281,2.6384,2.5938,2.6138,1977080.3
1737662400000,2.6136,2.7224,2.603,2.6482,5844882.1
1737666000000,2.6482,2.6661,2.5162,2.5317,6186144.0
1737669600000,2.5318,2.6398,2.5282,2.6166,2731569.3
1737673200000,2.6166,2.6469,2.5786,2.5815,2261418.9
1737676800000,2.5816,2.5925,2.5125,2.5141,2391705.0
1737680400000,2.5141,2.556,2.4959,2.5188,2543526.6
1737684000000,2.5192,2.5362,2.4712,2.4921,1999703.7
1737687600000,2.4921,2.5666,2.4791,2.5433,2852306.5
1737691200000,2.5427,2.5883,2.5212,2.5765,1589635.4
1737694800000,2.5767,2.6856,2.5693,2.6839,2354088.7
1737698400000,2.6845,2.6865,2.6063,2.6277,2026889.6
1737702000000,2.6276,2.6503,2.6014,2.6153,1646744.1
1737705600000,2.615,2.6804,2.6027,2.6628,1952975.7
1737709200000,2.6624,2.6768,2.6345,2.6477,1774763.8
1737712800000,2.6475,2.669,2.6142,2.663,1731866.4
1737716400000,2.6627,2.6774,2.6376,2.668,1629704.8
1737720000000,2.6681,2.682,2.6337,2.6511,1592769.2
1737723600000,2.651,2.6671,2.6277,2.6436,1234191.5
1737727200000,2.6438,2.686,2.6155,2.6536,2294523.5
1737730800000,2.6535,2.6736,2.5718,2.6015,2964349.6
1737734400000,2.6015,2.6536,2.5909,2.612,1672744.0
1737738000000,2.6116,2.6497,2.5882,2.6428,1502780.1
1737741600000,2.6427,2.6623,2.6319,2.6432,1389493.8
1737745200000,2.6427,2.649,2.5924,2.5998,1330229.3
1737748800000,2.6,2.609,2.5394,2.544,2108524.0
1737752400000,2.5447,2.5685,2.5072,2.5183,3467680.3
1737756000000,2.5186,2.5381,2.498,2.5013,1575265.7
1737759600000,2.5013,2.5022,2.4336,2.4421,2646675.1
1737763200000,2.442,2.4428,2.3586,2.3612,3140845.3
1737766800000,2.361,2.4321,2.3599,2.4286,1942037.4
1737770400000,2.4289,2.4357,2.4021,2.4183,1073389.7
1737774000000,2.4184,2.4327,2.396,2.4229,1027468.5
1737777600000,2.4231,2.4266,2.3886,2.3957,897031.9
1737781200000,2.396,2.4106,2.3735,2.4067,863898.5
1737784800000,2.4067,2.4387,2.3948,2.4071,1362203.3
1737788400000,2.406,2.406,2.3743,2.3822,1143530.6
1737792000000,2.3822,2.4057,2.3774,2.3928,1144727.5
1737795600000,2.3927,2.3948,2.3548,2.3635,1151967.4
1737799200000,2.3636,2.524,2.3421,2.4748,6132426.1
1737802800000,2.4747,2.6573,2.4399,2.6346,14477897.2
1737806400000,2.6342,2.6422,2.5257,2.5562,6545239.5
1737810000000,2.5567,2.5664,2.5106,2.5342,2395469.8
1737813600000,2.534,2.5487,2.4864,2.4973,2818992.9
1737817200000,2.4972,2.5929,2.4796,2.5823,4231713.2
1737820800000,2.5823,2.5996,2.5401,2.5742,2696873.3
1737824400000,2.574,2.5774,2.5235,2.5502,1573443.8
1737828000000,2.5502,2.5768,2.5384,2.5446,1590598.5
1737831600000,2.5447,2.5491,2.4982,2.5201,1279521.0
1737835200000,2.5201,2.5351,2.4931,2.4943,1183455.9
1737838800000,2.4943,2.5317,2.4872,2.5074,1084415.6
1737842400000,2.5077,2.5474,2.4981,2.5008,875350.4
1737846000000,2.5006,2.5039,2.4291,2.4406,1892022.8
1737849600000,2.4407,2.4944,2.4404,2.4876,1946680.7
1737853200000,2.4876,2.5001,2.4593,2.464,1234100.7
1737856800000,2.4641,2.4765,2.4555,2.4713,954578.4
1737860400000,2.4715,2.5305,2.4691,2.5189,1469297.6
1737864000000,2.5189,2.5444,2.504,2.527,1589403.4
1737867600000,2.5268,2.5296,2.4919,2.5051,1075617.8
1737871200000,2.5051,2.5057,2.4804,2.489,756897.7
1737874800000,2.4891,2.4993,2.4628,2.474,1325558.6
1737878400000,2.4747,2.4929,2.467,2.485,913746.0
1737882000000,2.4852,2.4909,2.4403,2.453,1245129.4
1737885600000,2.4529,2.4755,2.4385,2.4619,1391766.3
1737889200000,2.462,2.5121,2.4552,2.5071,1420780.4
1737892800000,2.5073,2.5131,2.4517,2.456,1330042.7
1737896400000,2.4565,2.4668,2.437,2.4515,1095805.2
1737900000000,2.451,2.4598,2.4394,2.456,776188.7
1737903600000,2.4559,2.4582,2.4076,2.4113,1820802.2
1737907200000,2.4114,2.423,2.391,2.4051,2175339.6
1737910800000,2.4051,2.4307,2.392,2.4257,1243590.9
1737914400000,2.4258,2.4537,2.4052,2.4407,1131243.0
1737918000000,2.4404,2.444,2.4028,2.4182,794567.0
1737921600000,2.4178,2.4358,2.3914,2.3933,796168.0
1737925200000,2.3939,2.3945,2.3507,2.3597,2279339.8
1737928800000,2.3597,2.3683,2.3178,2.3371,2168324.9
1737932400000,2.3365,2.3365,2.2469,2.2534,3755450.0
1737936000000,2.2532,2.2731,2.2031,2.2143,4183744.3
1737939600000,2.2149,2.2247,2.1352,2.1574,4316082.8
1737943200000,2.1571,2.1571,2.116,2.1248,2849744.2
1737946800000,2.1251,2.1475,2.1024,2.1144,2658516.7
1737950400000,2.1143,2.1198,2.06,2.0723,3553426.3
1737954000000,2.0724,2.0873,2.0244,2.0336,3657249.4
1737957600000,2.0337,2.0495,1.9383,1.9413,6254550.1
1737961200000,1.9412,1.9811,1.8686,1.9624,11902813.7
1737964800000,1.9624,1.9738,1.9264,1.9691,3358982.3
1737968400000,1.9691,1.9841,1.9491,1.9676,2899162.2
1737972000000,1.9675,1.9727,1.9075,1.9246,4853780.1
1737975600000,1.9246,2.0312,1.9213,1.9744,4115291.2
1737979200000,1.9744,2.1434,1.9725,2.1092,7163916.6
1737982800000,2.1089,2.1978,2.0875,2.1109,8273263.6
1737986400000,2.1117,2.1625,2.081,2.1448,4933868.8
1737990000000,2.1449,2.148,2.0832,2.1194,3719767.4
1737993600000,2.1193,2.193,2.1056,2.1133,5553441.6
1737997200000,2.1133,2.1294,2.0543,2.0793,4242807.6
1738000800000,2.0793,2.0873,2.0529,2.0712,2474072.3
1738004400000,2.0712,2.1096,2.066,2.0969,2075319.1
1738008000000,2.0967,2.2249,2.0949,2.2065,3661338.3
1738011600000,2.2064,2.2571,2.1705,2.191,3283150.2
1738015200000,2.191,2.2058,2.1551,2.1591,1427930.8
1738018800000,2.1593,2.178,2.1277,2.1373,1402500.8
1738022400000,2.1377,2.1871,2.1145,2.1216,2400048.5
1738026000000,2.1218,2.1251,2.0635,2.087,3458543.6
1738029600000,2.0868,2.1193,2.0851,2.0878,1494565.0
1738033200000,2.0876,2.1121,2.064,2.0961,1966463.3
1738036800000,2.0961,2.1574,2.0927,2.1279,2242007.4
1738040400000,2.128,2.1532,2.1159,2.1231,1659464.9
1738044000000,2.1236,2.1244,1.9856,1.9921,8801834.7
1738047600000,1.9922,2.0399,1.9754,1.999,4449019.8
1738051200000,1.9993,2.0059,1.9754,1.9974,2147114.6
1738054800000,1.9973,2.0409,1.9777,2.0277,2371453.9
1738058400000,2.0274,2.037,2.0033,2.0205,2047925.2
1738062000000,2.0207,2.0261,1.9869,2.0089,1667525.8
1738065600000,2.009,2.0176,1.9747,1.9815,1746619.1
1738069200000,1.9809,2.003,1.9593,1.9728,1901069.4
1738072800000,1.9728,1.9882,1.9449,1.9585,3064550.6
1738076400000,1.9586,2.0026,1.9513,1.9698,2843869.9
1738080000000,1.9698,1.9757,1.9441,1.953,2576144.0
1738083600000,1.9529,1.9899,1.9489,1.9607,1871399.2
1738087200000,1.9605,1.9669,1.9288,1.9296,2120614.6
1738090800000,1.9297,1.9648,1.929,1.9531,1265818.0
1738094400000,1.9532,1.9596,1.8886,1.896,2478464.1
1738098000000,1.8957,1.9275,1.8482,1.8563,3310178.9
1738101600000,1.8562,1.8692,1.8239,1.8589,3453752.9
1738105200000,1.8585,1.8839,1.8422,1.8666,2380889.2
1738108800000,1.8668,1.9084,1.8667,1.8927,1876647.5
1738112400000,1.8932,1.9342,1.8905,1.9176,2006044.3
1738116000000,1.9174,1.9523,1.9069,1.9126,2334662.4
1738119600000,1.9125,1.9422,1.9066,1.9285,1617865.9
1738123200000,1.9286,1.9446,1.9196,1.9434,862587.4
1738126800000,1.9432,1.9676,1.9368,1.9585,1846090.2
1738130400000,1.9586,2.0073,1.9446,2.0011,2594383.9
1738134000000,2.001,2.0384,1.9941,2.0378,2771304.0
1738137600000,2.037,2.0575,1.9975,2.0045,3235661.2
1738141200000,2.0044,2.0077,1.9534,1.9682,2833706.6
1738144800000,1.9683,2.0123,1.9608,2.0096,1541889.2
1738148400000,2.0096,2.0212,1.9884,2.0005,1293552.2
1738152000000,2.0006,2.0028,1.9653,1.9759,1663439.1
1738155600000,1.9759,1.9766,1.9254,1.9297,2803603.4
1738159200000,1.9296,1.9731,1.9288,1.9572,2158700.9
1738162800000,1.9574,1.9852,1.933,1.9445,2153427.6
1738166400000,1.9447,1.9539,1.9092,1.9266,1641614.4
1738170000000,1.9264,1.9863,1.9248,1.9468,2076461.8
1738173600000,1.9469,1.993,1.9204,1.9834,1686069.9
1738177200000,1.9833,2.045,1.8861,2.0208,9024115.9
1738180800000,2.0206,2.1427,1.9852,2.0437,8317044.0
1738184400000,2.0438,2.1052,2.0207,2.034,3972747.8
1738188000000,2.0341,2.0416,1.9802,1.9834,2294829.0
1738191600000,1.9834,2.0001,1.9211,1.924,2859895.4
1738195200000,1.9239,1.9334,1.8903,1.9071,2947988.8
1738198800000,1.9068,1.9375,1.8941,1.8968,2621175.6
1738202400000,1.8968,1.9226,1.8821,1.9191,2337584.2
1738206000000,1.9193,1.9902,1.9088,1.9805,3519153.2
1738209600000,1.9804,2.0183,1.9582,2.0083,4236794.9
1738213200000,2.0087,2.037,1.9648,1.9975,3271912.8
1738216800000,1.9976,2.0144,1.9692,1.9747,1818898.7
1738220400000,1.9749,1.9979,1.9478,1.9964,2073977.9
1738224000000,1.9961,2.011,1.9612,2.0077,1910688.9
1738227600000,2.0076,2.0466,1.999,2.044,1364641.6
1738231200000,2.044,2.1201,2.0245,2.103,2612427.7
1738234800000,2.1031,2.1239,2.0546,2.1079,2349445.4
1738238400000,2.1079,2.1228,2.0505,2.0533,2434132.0
1738242000000,2.0533,2.1077,2.0406,2.0884,2864039.0
1738245600000,2.0883,2.1367,2.0774,2.1316,3158315.3
1738249200000,2.1316,2.1453,2.0664,2.0749,3564235.4
1738252800000,2.0751,2.1358,2.0662,2.1066,2300967.8
1738256400000,2.1069,2.1103,2.0553,2.0672,2202777.2
1738260000000,2.0672,2.0699,2.0273,2.0634,2109754.8
1738263600000,2.0632,2.0664,2.018,2.0542,2088789.7
1738267200000,2.0538,2.0669,2.0149,2.0262,1678472.7
1738270800000,2.0251,2.0604,2.0238,2.0378,1492511.0
1738274400000,2.0378,2.081,2.0249,2.0513,1254499.3
1738278000000,2.0513,2.0607,2.002,2.0107,1824935.0
1738281600000,2.0106,2.0675,1.9771,2.0427,2894832.9
1738285200000,2.043,2.0677,2.0296,2.0671,2167613.6
1738288800000,2.0669,2.1097,2.0122,2.0131,3016622.6
1738292400000,2.0125,2.0257,1.9957,2.0077,2318566.9
1738296000000,2.0078,2.0227,1.9893,1.9906,1354982.0
1738299600000,1.9908,2.0279,1.9888,1.9998,1351813.6
1738303200000,1.9998,2.0336,1.9907,2.0329,1711734.4
1738306800000,2.0324,2.0833,2.0268,2.0643,2176972.5
1738310400000,2.0642,2.705,2.022,2.2944,53015208.2
1738314000000,2.2945,2.3713,2.2526,2.2848,23617597.6
1738317600000,2.2843,2.3549,2.2621,2.2867,18409502.8
1738321200000,2.2867,2.35,2.1849,2.244,39257726.5
1738324800000,2.244,2.2916,2.2005,2.2655,11061670.4
1738328400000,2.2661,2.3526,2.2517,2.2739,14089054.0
1738332000000,2.2736,2.2775,2.1342,2.1422,15650057.8
1738335600000,2.1423,2.2101,2.1346,2.1795,8324631.6
1738339200000,2.1791,2.195,2.1015,2.1291,7918393.1
1738342800000,2.1284,2.1492,2.0731,2.0782,5846419.1
1738346400000,2.0782,2.0889,2.01,2.0156,8565309.1
1738350000000,2.0157,2.0532,2.014,2.041,4578535.0
1738353600000,2.0409,2.0497,1.998,2.0296,4682453.1
1738357200000,2.0293,2.0399,1.9859,2.025,3892975.4
1738360800000,2.0251,2.0279,1.9759,1.99,2189851.1
1738364400000,1.9899,1.9922,1.9461,1.9738,4166161.6
1738368000000,1.9735,1.9948,1.9468,1.9745,4840510.5
1738371600000,1.974,2.0591,1.9729,2.0351,10478661.4
1738375200000,2.036,2.0676,2.0031,2.0642,4113588.2
1738378800000,2.0641,2.0932,2.0008,2.0152,5216061.7
1738382400000,2.0152,2.0238,1.9764,2.0009,3755307.0
1738386000000,2.001,2.007,1.9868,1.9982,1963556.4
1738389600000,1.9985,1.9989,1.9597,1.9765,2669747.1
1738393200000,1.9765,1.9765,1.9502,1.9626,2383223.2
1738396800000,1.9623,1.9788,1.9039,1.9223,5437418.1
1738400400000,1.9224,1.9513,1.8958,1.9073,5819288.6
1738404000000,1.9072,1.9194,1.8818,1.8847,3861191.4
1738407600000,1.8848,1.9288,1.8832,1.9231,3393104.6
1738411200000,1.9228,1.9248,1.8916,1.9133,2930955.7
1738414800000,1.9131,1.9414,1.8454,1.8472,8798683.3
1738418400000,1.8475,1.8484,1.8059,1.818,10751656.8
1738422000000,1.8183,1.8242,1.7715,1.7882,7324400.2
1738425600000,1.7882,1.8041,1.7634,1.7655,5007182.1
1738429200000,1.7654,1.7998,1.7638,1.7726,4735944.9
1738432800000,1.7728,1.7768,1.675,1.6893,8262859.6
1738436400000,1.6897,1.7029,1.6323,1.6459,12963796.2
1738440000000,1.6459,1.6617,1.5829,1.6533,11066464.9
1738443600000,1.6533,1.6899,1.6403,1.6403,7189952.3
1738447200000,1.6403,1.6606,1.6032,1.615,4901578.9
1738450800000,1.6151,1.625,1.5801,1.6023,7138472.8
1738454400000,1.6023,1.6369,1.578,1.6158,7692282.4
1738458000000,1.6156,1.6437,1.6091,1.6316,4202545.5
1738461600000,1.6315,1.6385,1.5824,1.5902,5265035.6
1738465200000,1.5906,1.607,1.545,1.5607,9653297.0
1738468800000,1.561,1.6369,1.5558,1.6212,7257060.6
1738472400000,1.6214,1.6384,1.6026,1.6119,4386706.2
1738476000000,1.612,1.6643,1.6059,1.6486,8459270.6
1738479600000,1.6483,1.6863,1.6203,1.626,6889603.8
1738483200000,1.626,1.6557,1.6131,1.6344,4471921.2
1738486800000,1.6348,1.654,1.6209,1.6465,3084693.1
1738490400000,1.6468,1.6638,1.617,1.6275,2983673.4
1738494000000,1.6283,1.6412,1.5798,1.5945,5811104.0
1738497600000,1.5948,1.6146,1.5426,1.5475,6828808.6
1738501200000,1.5476,1.6158,1.5461,1.6087,6997559.5
1738504800000,1.6087,1.6289,1.5876,1.6145,4940468.3
1738508400000,1.6144,1.6154,1.5537,1.5807,5280692.9
1738512000000,1.5806,1.5842,1.4934,1.5089,9275027.6
1738515600000,1.5091,1.5271,1.432,1.4585,15221113.8
1738519200000,1.4584,1.4796,1.3969,1.4058,13661241.9
1738522800000,1.4059,1.515,1.3908,1.4951,13091325.9
1738526400000,1.4958,1.5119,1.4513,1.4624,5582029.4
1738530000000,1.4626,1.4682,1.43,1.4341,4198934.0
1738533600000,1.4344,1.4636,1.3266,1.436,11471147.0
1738537200000,1.4359,1.4499,1.3539,1.4433,12195948.9
1738540800000,1.4435,1.4593,1.3163,1.3956,17265013.5
1738544400000,1.3954,1.4234,1.1356,1.2082,27223676.3
1738548000000,1.2087,1.243,1.0386,1.193,28879660.9
1738551600000,1.1935,1.2799,1.1906,1.2427,12901753.7
1738555200000,1.2428,1.2792,1.1941,1.1964,7850746.6
1738558800000,1.1965,1.3196,1.1965,1.3078,8461378.7
1738562400000,1.3078,1.3366,1.2805,1.3324,7267540.8
1738566000000,1.3318,1.3584,1.326,1.3479,6055343.7
1738569600000,1.3479,1.3657,1.3212,1.3621,7627445.2
1738573200000,1.3621,1.3928,1.3348,1.3389,7344253.4
1738576800000,1.3391,1.4296,1.3341,1.4249,7623424.3
1738580400000,1.425,1.4258,1.3728,1.3798,4915748.9
1738584000000,1.3801,1.4048,1.349,1.3515,4567251.8
1738587600000,1.3517,1.3833,1.3475,1.3722,5068232.1
1738591200000,1.3723,1.4924,1.3235,1.4889,18609134.7
1738594800000,1.4889,1.5446,1.4604,1.5018,22032399.6
1738598400000,1.5018,1.5099,1.475,1.4805,9038458.6
1738602000000,1.4806,1.5032,1.4705,1.487,4674318.4
1738605600000,1.4865,1.504,1.4651,1.5022,3338285.8
1738609200000,1.5022,1.5547,1.4934,1.554,5547129.5
1738612800000,1.5538,1.557,1.4897,1.4982,5668579.9
1738616400000,1.4982,1.6112,1.4974,1.5888,7657017.3
1738620000000,1.589,1.6086,1.5637,1.5878,5493068.8
1738623600000,1.5879,1.5996,1.5732,1.5825,4186866.9
1738627200000,1.5826,1.5868,1.5167,1.5172,6465233.5
1738630800000,1.5178,1.535,1.5111,1.5232,3880436.6
1738634400000,1.5231,1.5513,1.5097,1.5129,4076852.9
1738638000000,1.5129,1.5193,1.4885,1.5105,2693490.4
1738641600000,1.5105,1.5263,1.4822,1.4871,3044137.1
1738645200000,1.4871,1.4897,1.4028,1.4221,10000718.9
1738648800000,1.422,1.4476,1.4128,1.4304,3647957.7
1738652400000,1.4304,1.4486,1.3954,1.4035,3965710.3
1738656000000,1.4034,1.4249,1.3946,1.4006,3931454.1
1738659600000,1.4006,1.439,1.3997,1.4271,3864432.7
1738663200000,1.427,1.4721,1.4256,1.4557,4387616.4
1738666800000,1.4557,1.499,1.4539,1.473,3357945.7
1738670400000,1.4731,1.5496,1.4724,1.5292,4521515.0
1738674000000,1.5292,1.561,1.5143,1.5198,5326427.1
1738677600000,1.5196,1.6167,1.5164,1.5897,7228073.8
1738681200000,1.5895,1.6289,1.5436,1.5958,6013793.4
1738684800000,1.596,1.6368,1.5836,1.5865,4001453.5
1738688400000,1.5864,1.6101,1.5513,1.5628,3238930.3
1738692000000,1.5628,1.5802,1.5537,1.5633,2166452.0
1738695600000,1.5632,1.6199,1.5118,1.5198,5823984.6
1738699200000,1.5199,1.5378,1.4903,1.4913,5339751.1
1738702800000,1.4916,1.4924,1.4288,1.4352,5529462.0
1738706400000,1.4355,1.4433,1.4046,1.4138,4211313.1
1738710000000,1.4137,1.4515,1.4113,1.4322,4632038.6
1738713600000,1.433,1.4554,1.4105,1.4278,3654134.5
1738717200000,1.4273,1.4733,1.4217,1.4242,3746063.8
1738720800000,1.4242,1.4763,1.4212,1.4575,3350146.1
1738724400000,1.4575,1.4625,1.4234,1.425,2523037.3
1738728000000,1.4248,1.4467,1.4211,1.4328,2162692.5
1738731600000,1.4327,1.4437,1.3837,1.4368,5843465.0
1738735200000,1.4365,1.4377,1.4028,1.41,3118165.6
1738738800000,1.4101,1.4306,1.4008,1.4274,2176134.3
1738742400000,1.4273,1.4406,1.4058,1.4104,1899651.1
1738746000000,1.4103,1.4403,1.3976,1.4092,2173717.5
1738749600000,1.4089,1.4551,1.4058,1.4434,2681388.4
1738753200000,1.4429,1.4992,1.4429,1.488,4193297.9
1738756800000,1.488,1.5337,1.4764,1.4826,5162790.7
1738760400000,1.4828,1.5435,1.4756,1.5262,3901690.7
1738764000000,1.5261,1.5315,1.4856,1.4948,3748901.8
1738767600000,1.4948,1.514,1.4699,1.4883,4818594.5
1738771200000,1.4881,1.495,1.3928,1.4021,8434438.5
1738774800000,1.4023,1.4292,1.3586,1.366,6181731.4
1738778400000,1.3661,1.3793,1.3265,1.3296,5747295.7
1738782000000,1.3294,1.3764,1.3258,1.3644,3793751.6
1738785600000,1.3644,1.3809,1.3121,1.3352,3883260.2
1738789200000,1.3353,1.3472,1.3229,1.3271,2506842.3
1738792800000,1.3272,1.3354,1.2757,1.2859,4651727.5
1738796400000,1.2857,1.3112,1.2838,1.2977,3143297.6
1738800000000,1.2974,1.3276,1.2901,1.2939,3322449.8
1738803600000,1.2934,1.328,1.284,1.3022,3203863.0
1738807200000,1.3021,1.3428,1.3013,1.3321,3654043.6
1738810800000,1.3324,1.3429,1.3169,1.3278,2474691.4
1738814400000,1.328,1.346,1.3176,1.3391,1968959.5
1738818000000,1.3392,1.3399,1.3161,1.3212,2322464.4
1738821600000,1.3214,1.3584,1.3064,1.3487,3362282.8
1738825200000,1.3485,1.3485,1.3133,1.3207,2184380.0
1738828800000,1.3206,1.3261,1.294,1.3004,2351477.6
1738832400000,1.3002,1.3304,1.2936,1.3168,2568363.2
1738836000000,1.3168,1.3364,1.2954,1.3085,2930078.0
1738839600000,1.3082,1.3082,1.2637,1.2874,5056398.2
1738843200000,1.2877,1.2906,1.25,1.2586,4006599.1
1738846800000,1.2587,1.308,1.2562,1.2818,4778088.0
1738850400000,1.2818,1.289,1.21,1.2156,9329795.2
1738854000000,1.2156,1.2239,1.1291,1.135,27794046.7
1738857600000,1.135,1.1576,1.1042,1.1144,12022570.6
1738861200000,1.1145,1.1869,1.1109,1.1634,10394723.6
1738864800000,1.1637,1.1788,1.1429,1.1446,4260329.5
1738868400000,1.1445,1.1739,1.1277,1.1372,3365148.0
1738872000000,1.1374,1.1686,1.1334,1.1684,3300713.6
1738875600000,1.1683,1.1887,1.1394,1.1869,3987237.5
1738879200000,1.1869,1.1961,1.159,1.1786,3913496.9
1738882800000,1.1786,1.1873,1.145,1.1585,3034994.2
1738886400000,1.1588,1.2137,1.1572,1.1619,5375023.8
1738890000000,1.1618,1.2521,1.1618,1.2333,5697442.0
1738893600000,1.2331,1.2488,1.2102,1.2183,5025805.2
1738897200000,1.2184,1.2226,1.1994,1.2088,3654617.4
1738900800000,1.2089,1.2393,1.207,1.2175,2991927.0
1738904400000,1.2176,1.2177,1.1899,1.1982,2794222.4
1738908000000,1.1985,1.2011,1.1672,1.1842,4836455.0
1738911600000,1.1842,1.2288,1.1835,1.2009,3675820.0
1738915200000,1.2012,1.2375,1.1927,1.2192,3039493.6
1738918800000,1.2195,1.2402,1.2151,1.2338,3241285.2
1738922400000,1.234,1.2637,1.2306,1.2327,3837989.7
1738926000000,1.233,1.2486,1.2201,1.2286,2727074.1
1738929600000,1.2284,1.248,1.2073,1.2401,3279997.6
1738933200000,1.2402,1.3064,1.2106,1.2881,9977552.3
1738936800000,1.2886,1.3731,1.2847,1.3367,20293587.6
1738940400000,1.3369,1.3369,1.2458,1.2538,18873914.1
1738944000000,1.2544,1.2559,1.2112,1.2137,9999049.3
1738947600000,1.2138,1.2165,1.1837,1.1913,6346018.0
1738951200000,1.1912,1.2085,1.184,1.1869,3972795.3
1738954800000,1.1869,1.1935,1.158,1.1627,4741058.0
1738958400000,1.1627,1.1668,1.1222,1.1271,5821946.8
1738962000000,1.1272,1.1477,1.1203,1.1272,3188143.6
1738965600000,1.1272,1.1323,1.1108,1.1302,2839255.2
1738969200000,1.1304,1.1496,1.127,1.1492,2348434.1
1738972800000,1.1493,1.1805,1.1386,1.1783,3715320.2
1738976400000,1.178,1.1907,1.1559,1.1604,3812234.4
1738980000000,1.1607,1.1802,1.1527,1.1792,3204962.1
1738983600000,1.1791,1.1908,1.1646,1.1702,2258111.4
1738987200000,1.1702,1.1801,1.1593,1.1618,1901406.0
1738990800000,1.1617,1.1648,1.149,1.1612,2381498.0
1738994400000,1.1612,1.1857,1.1566,1.1664,2994448.5
1738998000000,1.1663,1.1908,1.1564,1.1791,2388166.7
1739001600000,1.1791,1.187,1.1554,1.158,2275425.0
1739005200000,1.158,1.1812,1.1575,1.1756,1943462.7
1739008800000,1.1755,1.1939,1.1682,1.1765,3621175.9
1739012400000,1.1763,1.1874,1.1655,1.1837,2311088.0
1739016000000,1.1837,1.199,1.1768,1.1941,2874986.9
1739019600000,1.1939,1.2367,1.1938,1.2096,5867778.1
1739023200000,1.2096,1.2144,1.1888,1.2104,4211121.4
1739026800000,1.2104,1.2205,1.1875,1.2017,4002014.6
1739030400000,1.2018,1.2261,1.1829,1.2172,3163735.6
1739034000000,1.2171,1.2555,1.2143,1.2453,4507576.6
1739037600000,1.2456,1.258,1.2329,1.2444,3791121.4
1739041200000,1.2442,1.2671,1.2384,1.2443,2215291.8
1739044800000,1.2446,1.2472,1.2321,1.2352,1187967.0
1739048400000,1.2349,1.2545,1.2288,1.2451,1277364.9
1739052000000,1.2451,1.2538,1.2284,1.2338,1617256.8
1739055600000,1.2337,1.2654,1.2322,1.2446,1860251.7
1739059200000,1.2447,1.2626,1.2327,1.2375,2994363.3
1739062800000,1.2373,1.2708,1.2309,1.2521,3399655.1
1739066400000,1.2519,1.2573,1.2224,1.2228,2393882.1
1739070000000,1.2228,1.2916,1.2169,1.2802,4133685.4
1739073600000,1.28,1.2849,1.2463,1.2498,2416440.8
1739077200000,1.2499,1.254,1.2292,1.2326,2055689.3
1739080800000,1.2325,1.2334,1.2042,1.2274,3627290.3
1739084400000,1.2272,1.2292,1.2035,1.2085,2117192.7
1739088000000,1.2085,1.2221,1.1964,1.2028,2771621.4
1739091600000,1.2028,1.2035,1.176,1.1832,4207251.3
1739095200000,1.1832,1.1928,1.1734,1.1813,2277003.9
1739098800000,1.1811,1.1876,1.165,1.1682,2360211.4
1739102400000,1.1685,1.1768,1.1629,1.1705,1860908.0
1739106000000,1.1706,1.1756,1.142,1.1456,3668798.3
1739109600000,1.1457,1.1579,1.1356,1.141,2491340.6
1739113200000,1.1409,1.1536,1.1263,1.1425,3881368.5
1739116800000,1.1425,1.1499,1.1314,1.1392,1873929.9
1739120400000,1.1391,1.1418,1.1077,1.1105,3711457.0
1739124000000,1.1105,1.132,1.1068,1.1298,1833268.4
1739127600000,1.1297,1.1321,1.1089,1.1187,2019711.9
1739131200000,1.1186,1.1359,1.1136,1.1182,1817124.1
1739134800000,1.1182,1.1193,1.0749,1.0837,4648709.7
1739138400000,1.0835,1.1315,1.0709,1.1099,4749744.2
1739142000000,1.1097,1.137,1.106,1.1368,2858640.4
1739145600000,1.1368,1.1576,1.1327,1.1429,4270796.2
1739149200000,1.1427,1.1452,1.0839,1.0953,5182179.3
1739152800000,1.0952,1.1318,1.0772,1.0885,6703180.8
1739156400000,1.0883,1.1435,1.0832,1.1255,4167884.8
1739160000000,1.1252,1.1487,1.1186,1.1432,3258675.5
1739163600000,1.1432,1.1755,1.1339,1.1518,4428399.3
1739167200000,1.1519,1.1564,1.1412,1.151,1580737.8
1739170800000,1.1508,1.1738,1.1499,1.1704,2783416.4
1739174400000,1.1703,1.1903,1.1609,1.1824,3262076.5
1739178000000,1.1825,1.1912,1.1702,1.1758,3073051.7
1739181600000,1.1757,1.1896,1.1711,1.1837,2629993.8
1739185200000,1.1836,1.2226,1.1779,1.1968,6483289.7
1739188800000,1.1966,1.2027,1.1644,1.1777,3707759.4
1739192400000,1.1778,1.26,1.1752,1.2464,8196085.9
1739196000000,1.2465,1.2789,1.2249,1.237,12718468.9
1739199600000,1.237,1.2694,1.208,1.234,10379990.0
1739203200000,1.2338,1.2509,1.2125,1.2233,4492474.2
1739206800000,1.2238,1.2543,1.2187,1.243,2944371.6
1739210400000,1.2426,1.249,1.2195,1.2339,2934548.7
1739214000000,1.2336,1.241,1.2124,1.2169,1728144.3
1739217600000,1.2168,1.2274,1.2091,1.219,1777374.1
1739221200000,1.2189,1.2194,1.184,1.194,2939923.2
1739224800000,1.1942,1.2089,1.1857,1.1898,2253254.0
1739228400000,1.1898,1.1968,1.1813,1.1954,2709612.8
1739232000000,1.1953,1.2603,1.1906,1.2501,5762143.6
1739235600000,1.2497,1.2939,1.2495,1.2646,6863569.8
1739239200000,1.2646,1.2727,1.2347,1.2506,5958062.2
1739242800000,1.2502,1.27,1.2386,1.2622,3045468.4
1739246400000,1.2619,1.3363,1.2551,1.3086,9123276.7
1739250000000,1.3085,1.3609,1.2984,1.3518,9136641.8
1739253600000,1.3519,1.3818,1.3312,1.3409,7849007.7
1739257200000,1.341,1.4241,1.3339,1.3918,10056670.1
1739260800000,1.3919,1.4562,1.3822,1.3967,13204795.0
1739264400000,1.3964,1.4176,1.3875,1.398,6705655.7
1739268000000,1.3979,1.4007,1.3593,1.3678,6626227.5
1739271600000,1.3678,1.3787,1.3478,1.3658,4699718.2
1739275200000,1.3655,1.4137,1.3499,1.397,7882411.2
1739278800000,1.397,1.4075,1.3317,1.3359,10103094.8
1739282400000,1.3358,1.4177,1.329,1.4006,10268629.6
1739286000000,1.4005,1.4433,1.382,1.3842,11229959.4
1739289600000,1.3843,1.4153,1.3672,1.3744,8552483.3
1739293200000,1.3739,1.4096,1.3614,1.3724,9315057.4
1739296800000,1.372,1.3799,1.3314,1.3414,8396196.9
1739300400000,1.3415,1.3487,1.2732,1.2759,10684568.5
1739304000000,1.2759,1.3074,1.2501,1.2667,5991500.2
1739307600000,1.267,1.3178,1.2667,1.3003,6331069.3
1739311200000,1.3002,1.3446,1.2911,1.2959,5080832.8
1739314800000,1.296,1.3313,1.2949,1.3276,4073398.8
1739318400000,1.3274,1.3883,1.3028,1.3816,10762977.2
1739322000000,1.3808,1.3851,1.3251,1.3516,8705407.6
1739325600000,1.3511,1.3645,1.32,1.3326,5558341.4
1739329200000,1.3327,1.3354,1.3062,1.3082,4678099.8
1739332800000,1.3082,1.3156,1.2722,1.2825,5756439.0
1739336400000,1.2827,1.319,1.2747,1.3037,3387475.7
1739340000000,1.3036,1.3072,1.2723,1.2811,2689957.9
1739343600000,1.281,1.3174,1.2748,1.3072,4014389.2
1739347200000,1.3071,1.3685,1.3038,1.3492,7494741.4
1739350800000,1.3491,1.3494,1.3081,1.3304,4728751.3
1739354400000,1.3305,1.3365,1.302,1.3107,4153287.7
1739358000000,1.3109,1.3472,1.3104,1.3338,3758498.4
1739361600000,1.3336,1.3623,1.3107,1.3116,4634410.6
1739365200000,1.3117,1.3647,1.2322,1.2378,22883435.1
1739368800000,1.2381,1.2437,1.1847,1.219,12331571.5
1739372400000,1.2189,1.2399,1.181,1.2214,8175226.2
1739376000000,1.2215,1.286,1.1892,1.2813,8960264.3
1739379600000,1.2808,1.3335,1.2802,1.3157,8801038.7
1739383200000,1.3161,1.3288,1.2813,1.2941,4604417.8
1739386800000,1.294,1.3187,1.2815,1.3119,3226833.3
1739390400000,1.312,1.3456,1.3038,1.3139,3631487.8
1739394000000,1.314,1.366,1.3011,1.3458,4439632.6
1739397600000,1.3459,1.4105,1.3295,1.3781,6940177.5
1739401200000,1.378,1.4042,1.3681,1.3775,4541530.5
1739404800000,1.3776,1.3906,1.3388,1.3483,3960136.5
1739408400000,1.3483,1.3873,1.3447,1.3834,3856405.9
1739412000000,1.3835,1.3839,1.3367,1.35,2733032.2
1739415600000,1.3503,1.4296,1.3503,1.4078,8568350.4
1739419200000,1.4081,1.4128,1.3501,1.363,3775419.5
1739422800000,1.3634,1.3646,1.3431,1.3474,2887827.1
1739426400000,1.3475,1.3552,1.318,1.3239,4123153.3
1739430000000,1.3237,1.3312,1.2967,1.3024,3499369.3
1739433600000,1.3025,1.3154,1.2922,1.2982,3193084.6
1739437200000,1.2981,1.328,1.2925,1.3228,6026888.4
1739440800000,1.3231,1.3285,1.3041,1.3134,2312929.5
1739444400000,1.3137,1.3247,1.2891,1.3,2857483.3
1739448000000,1.3005,1.31,1.2867,1.2947,3076707.1
1739451600000,1.2946,1.3106,1.2734,1.292,6228675.0
1739455200000,1.2919,1.3001,1.2627,1.277,5353531.2
1739458800000,1.2768,1.3128,1.2666,1.3072,5439782.2
1739462400000,1.3072,1.3083,1.245,1.2566,9335176.2
1739466000000,1.2566,1.2865,1.2552,1.2662,3301987.6
1739469600000,1.2662,1.2765,1.2541,1.2759,2519776.9
1739473200000,1.2758,1.3004,1.2615,1.2709,2986379.8
1739476800000,1.271,1.289,1.2703,1.2772,1401834.2
1739480400000,1.2771,1.3054,1.2736,1.2868,2199684.0
1739484000000,1.2866,1.2961,1.2634,1.2653,1941521.3
1739487600000,1.2654,1.2908,1.2636,1.2788,2127665.1
1739491200000,1.2789,1.2891,1.2603,1.275,2577479.0
1739494800000,1.275,1.2901,1.2653,1.2842,2770003.7
1739498400000,1.2839,1.317,1.2772,1.2955,4179899.4
1739502000000,1.2957,1.3223,1.2853,1.3219,2915701.6
1739505600000,1.3219,1.328,1.2862,1.2919,2827812.5
1739509200000,1.2921,1.3036,1.2766,1.2866,1685367.3
1739512800000,1.2866,1.2919,1.2727,1.2918,1750349.7
1739516400000,1.2918,1.3223,1.2913,1.3003,2986859.2
1739520000000,1.3003,1.3245,1.2875,1.3237,3746831.5
1739523600000,1.3238,1.3967,1.3168,1.3896,8064493.0
1739527200000,1.3898,1.4394,1.3873,1.4345,10417182.0
1739530800000,1.4344,1.438,1.393,1.4152,6601548.6
1739534400000,1.4154,1.4489,1.4056,1.4204,6829447.6
1739538000000,1.4203,1.4622,1.3976,1.4516,7023167.4
1739541600000,1.4518,1.4896,1.4178,1.4707,6851482.1
1739545200000,1.4711,1.4785,1.4236,1.4563,6306364.4
1739548800000,1.4565,1.4664,1.4273,1.4609,4044799.4
1739552400000,1.4611,1.4931,1.443,1.4697,4162739.1
1739556000000,1.4697,1.4796,1.4302,1.4326,4448221.2
1739559600000,1.4326,1.4533,1.4285,1.4393,2675382.0
1739563200000,1.4391,1.4468,1.4165,1.4222,1883937.7
1739566800000,1.4224,1.4425,1.4061,1.4395,2660865.2
1739570400000,1.4395,1.45,1.3656,1.3802,4841968.2
1739574000000,1.3805,1.4105,1.3693,1.4085,2769244.9
1739577600000,1.4086,1.4112,1.3792,1.3904,2379760.9
1739581200000,1.3904,1.4065,1.3755,1.4045,2608953.9
1739584800000,1.4043,1.4141,1.3859,1.3962,1911636.7
1739588400000,1.3962,1.4108,1.3832,1.387,1472759.4
1739592000000,1.3871,1.3934,1.3726,1.378,1381285.0
1739595600000,1.378,1.3865,1.3641,1.3699,1281885.1
1739599200000,1.3699,1.376,1.3524,1.3559,1696785.4
1739602800000,1.3552,1.3622,1.3407,1.3523,2011069.0
1739606400000,1.3522,1.3557,1.3446,1.3458,1099491.5
1739610000000,1.3459,1.3552,1.3324,1.3363,2131046.2
1739613600000,1.3363,1.3408,1.3278,1.3341,1595811.2
1739617200000,1.3341,1.3408,1.3153,1.3203,1961705.6
1739620800000,1.3203,1.3299,1.3186,1.3224,1423278.4
1739624400000,1.3222,1.3336,1.3164,1.326,1867241.3
1739628000000,1.3261,1.3268,1.3014,1.3197,2850042.0
1739631600000,1.3194,1.3279,1.305,1.3109,1360197.2
1739635200000,1.311,1.3153,1.2844,1.2923,2511317.0
1739638800000,1.2923,1.2992,1.2806,1.2897,1408588.0
1739642400000,1.2898,1.306,1.284,1.3,1622295.1
1739646000000,1.3,1.3022,1.289,1.2911,943554.6
1739649600000,1.291,1.2987,1.276,1.2882,1131594.5
1739653200000,1.2882,1.2972,1.2859,1.2963,1454712.5
1739656800000,1.2962,1.2977,1.2849,1.2974,1091795.6
1739660400000,1.2974,1.3071,1.2923,1.2964,1543228.3
1739664000000,1.2962,1.3168,1.2925,1.3083,2241318.6
1739667600000,1.3084,1.3142,1.295,1.3103,1887334.4
1739671200000,1.3102,1.3186,1.2855,1.2918,2202196.6
1739674800000,1.2919,1.3187,1.2845,1.3187,2304129.8
1739678400000,1.3187,1.3304,1.3114,1.3228,1836788.3
1739682000000,1.3229,1.3297,1.301,1.3175,1533594.7
1739685600000,1.3172,1.3233,1.3008,1.3037,1344780.3
1739689200000,1.3037,1.3058,1.2901,1.2953,1384249.8
1739692800000,1.2953,1.3102,1.2895,1.2981,1352717.5
1739696400000,1.2979,1.3139,1.2854,1.3122,1958720.1
1739700000000,1.3118,1.3182,1.2973,1.2977,1757331.0
1739703600000,1.298,1.3122,1.2945,1.3101,918142.6
1739707200000,1.3102,1.3107,1.2872,1.2914,1423959.4
1739710800000,1.2913,1.302,1.2528,1.2616,3829276.6
1739714400000,1.2617,1.2761,1.2452,1.2706,3802613.5
1739718000000,1.2706,1.2785,1.2627,1.2666,2384190.0
1739721600000,1.2667,1.2866,1.2628,1.2724,1742602.8
1739725200000,1.2725,1.2827,1.2591,1.2626,992976.2
1739728800000,1.2625,1.2632,1.2352,1.2623,3244045.8
1739732400000,1.2623,1.2647,1.2469,1.2611,1044949.0
1739736000000,1.2611,1.2696,1.2478,1.2502,1118863.4
1739739600000,1.2503,1.271,1.2445,1.2675,1299558.7
1739743200000,1.2676,1.2692,1.2503,1.2641,727623.2
1739746800000,1.2642,1.2644,1.2439,1.2506,1445917.0
1739750400000,1.2508,1.26,1.2445,1.2599,1327222.1
1739754000000,1.2598,1.2758,1.2504,1.2697,1794848.0
1739757600000,1.2699,1.2725,1.2411,1.2453,1350382.7
1739761200000,1.2451,1.2511,1.2203,1.2423,4891075.2
1739764800000,1.2424,1.2497,1.2169,1.2183,2648391.6
1739768400000,1.2181,1.2215,1.1696,1.202,10567096.6
1739772000000,1.2023,1.2176,1.2015,1.2122,2464272.8
1739775600000,1.2121,1.2167,1.1813,1.1863,2045166.3
1739779200000,1.1861,1.2151,1.18,1.2098,2440464.2
1739782800000,1.2097,1.2254,1.2062,1.2199,1710631.3
1739786400000,1.2199,1.239,1.2136,1.2164,1685032.4
1739790000000,1.2164,1.224,1.2096,1.2185,1146416.7
1739793600000,1.2187,1.2338,1.2182,1.2273,2204375.0
1739797200000,1.227,1.2295,1.2135,1.2202,1107989.1
1739800800000,1.2204,1.2468,1.2174,1.225,2376102.0
1739804400000,1.225,1.2316,1.1721,1.1825,4247046.1
1739808000000,1.1825,1.1899,1.146,1.1482,6150779.9
1739811600000,1.1482,1.164,1.1377,1.1406,2822252.9
1739815200000,1.1402,1.1463,1.1231,1.1261,3162305.8
1739818800000,1.1261,1.141,1.1214,1.1346,1925453.8
1739822400000,1.1343,1.1595,1.1331,1.1531,2011129.7
1739826000000,1.153,1.1723,1.1521,1.1712,1899524.3
1739829600000,1.1714,1.173,1.1443,1.1481,1572193.0
1739833200000,1.1478,1.1574,1.1478,1.1513,1035480.2
1739836800000,1.1513,1.1574,1.136,1.1404,1659561.0
1739840400000,1.1405,1.1642,1.138,1.1612,2485544.5
1739844000000,1.1611,1.1655,1.1457,1.1509,1444111.4
1739847600000,1.1508,1.1577,1.1453,1.1489,942276.1
1739851200000,1.1488,1.1503,1.1285,1.1336,1783068.5
1739854800000,1.1337,1.1367,1.1138,1.1169,3383680.1
1739858400000,1.1169,1.1177,1.09,1.0946,4165542.1
1739862000000,1.0944,1.1165,1.09,1.1056,2176512.7
1739865600000,1.1061,1.1107,1.0867,1.0907,1908124.1
1739869200000,1.0909,1.1204,1.0876,1.1163,2218304.9
1739872800000,1.1166,1.1213,1.1026,1.1065,1561045.5
1739876400000,1.1065,1.111,1.0983,1.1023,1038653.3
1739880000000,1.1018,1.1243,1.1,1.1142,1932628.1
1739883600000,1.1141,1.1156,1.103,1.1092,1319490.4
1739887200000,1.1092,1.1211,1.0743,1.0871,3412527.1
1739890800000,1.087,1.0891,1.0466,1.054,5583460.9
1739894400000,1.0543,1.0611,0.9761,0.981,12853677.2
1739898000000,0.9811,0.9961,0.9409,0.9642,10877324.2
1739901600000,0.9644,1.0047,0.9617,0.995,7804432.8
1739905200000,0.9952,1.0118,0.9853,1.0006,3747171.3
1739908800000,1.0006,1.009,0.9894,0.9948,2877323.2
1739912400000,0.995,1.0205,0.9925,1.0038,3853100.9
1739916000000,1.004,1.0196,0.9982,1.0052,2300742.2
1739919600000,1.0048,1.0109,1.0005,1.0051,2336900.6
1739923200000,1.0054,1.0112,0.9836,0.9848,2932440.9
1739926800000,0.9848,0.9931,0.9725,0.9885,3506811.3
1739930400000,0.9886,1.0081,0.9879,0.9965,2581056.2
1739934000000,0.9965,0.9982,0.984,0.9937,1976232.3
1739937600000,0.9936,0.9943,0.9617,0.962,3223661.0
1739941200000,0.9621,0.9849,0.9617,0.9776,3108040.0
1739944800000,0.9776,0.9983,0.9698,0.9912,3084181.1
1739948400000,0.9913,1.0071,0.9877,1.0002,3959906.0
1739952000000,1.0002,1.0129,0.9894,0.9912,3573894.7
1739955600000,0.9913,1.002,0.9843,0.9968,2612145.3
1739959200000,0.9968,1.0153,0.996,1.0075,3920153.7
1739962800000,1.0075,1.024,1.0059,1.0223,3122127.2
1739966400000,1.0221,1.0329,1.0003,1.001,4632799.5
1739970000000,1.001,1.0183,1.0005,1.0139,3781123.5
1739973600000,1.0138,1.0264,0.9813,0.9836,5520094.4
1739977200000,0.9836,0.9955,0.9738,0.9829,6079971.9
1739980800000,0.9832,1.0051,0.9758,1.0003,4280081.4
1739984400000,1.0002,1.0166,0.9846,0.987,3863204.8
1739988000000,0.9871,0.989,0.967,0.968,3675851.5
1739991600000,0.9681,0.9823,0.9604,0.9632,3850042.0
1739995200000,0.9631,0.9841,0.9535,0.9577,4358150.9
1739998800000,0.9576,0.9666,0.9339,0.9404,4269904.1
1740002400000,0.9402,0.9736,0.9351,0.9675,3795960.7
1740006000000,0.9674,0.9864,0.9673,0.9691,3506052.9
1740009600000,0.9689,0.9785,0.9524,0.9763,2816753.6
1740013200000,0.9763,0.9849,0.949,0.9557,3442032.6
1740016800000,0.9557,0.9868,0.9548,0.982,3452473.0
1740020400000,0.9822,0.9907,0.9705,0.9828,3966742.0
1740024000000,0.9829,1.026,0.9821,0.999,6483689.4
1740027600000,0.999,1.0009,0.9855,0.9872,2506139.5
1740031200000,0.9871,1.0011,0.9805,0.9943,2294939.0
1740034800000,0.9944,1.0166,0.983,1.0011,3181616.1
1740038400000,1.001,1.0152,0.9962,1.0069,2252224.2
1740042000000,1.007,1.0226,1.004,1.0137,3000317.1
1740045600000,1.0135,1.0481,1.0097,1.0449,4832563.5
1740049200000,1.045,1.045,1.0225,1.0338,4031670.2
1740052800000,1.0338,1.0455,1.0201,1.0216,3653017.8
1740056400000,1.0219,1.0242,1.0045,1.0175,4406656.3
1740060000000,1.0176,1.0591,1.0131,1.0168,6905620.5
1740063600000,1.0168,1.0253,1.0009,1.0035,4180359.3
1740067200000,1.0036,1.0417,0.997,1.0183,4852802.8
1740070800000,1.0183,1.0543,1.0161,1.0518,3530334.5
1740074400000,1.0519,1.0988,1.0498,1.088,8170829.7
1740078000000,1.0884,1.1605,1.0854,1.1288,12096621.4
1740081600000,1.1288,1.1413,1.1116,1.1166,5587689.2
1740085200000,1.1166,1.1202,1.0821,1.0835,4299445.6
1740088800000,1.0831,1.1253,1.082,1.1119,3631240.8
1740092400000,1.1113,1.1519,1.1106,1.1454,3260844.0
1740096000000,1.1444,1.1685,1.1237,1.1283,6202587.5
1740099600000,1.1282,1.129,1.1072,1.117,3079731.9
1740103200000,1.1171,1.1261,1.0929,1.0955,5362375.5
1740106800000,1.0955,1.1102,1.0904,1.0971,2336255.8
1740110400000,1.0972,1.1284,1.097,1.1253,4291587.4
1740114000000,1.1252,1.1286,1.1129,1.1197,2016815.4
1740117600000,1.1198,1.162,1.1186,1.1549,4569487.4
1740121200000,1.155,1.2062,1.1486,1.2019,5389443.6
1740124800000,1.2015,1.2539,1.1993,1.2405,13248954.6
1740128400000,1.2405,1.2932,1.2377,1.2734,10893160.2
1740132000000,1.2734,1.3044,1.2513,1.281,7396328.2
1740135600000,1.2811,1.3109,1.2688,1.2943,7009117.6
1740139200000,1.2944,1.31,1.2694,1.3039,5748814.8
1740142800000,1.304,1.3206,1.2911,1.2964,6527496.2
1740146400000,1.2961,1.2961,1.2575,1.273,8580657.2
1740150000000,1.273,1.3022,1.1932,1.2208,17876341.1
1740153600000,1.2207,1.2685,1.2069,1.2647,10041569.2
1740157200000,1.2645,1.2709,1.2058,1.2089,8606628.8
1740160800000,1.2088,1.2106,1.1701,1.1704,8812208.5
1740164400000,1.1708,1.1831,1.139,1.155,6684373.7
1740168000000,1.1548,1.1675,1.1462,1.156,4698541.1
1740171600000,1.156,1.1662,1.1391,1.1484,4299444.4
1740175200000,1.1485,1.1658,1.1419,1.1585,4746976.1
1740178800000,1.1584,1.1585,1.1201,1.1224,6974645.0
1740182400000,1.1224,1.1326,1.0988,1.116,7465783.8
1740186000000,1.1159,1.1565,1.1111,1.1466,6230626.4
1740189600000,1.1465,1.1492,1.1176,1.1386,4679689.3
1740193200000,1.1385,1.1504,1.1139,1.1272,3584104.0
1740196800000,1.1271,1.1628,1.1213,1.1574,3878905.9
1740200400000,1.1573,1.1817,1.1427,1.1648,4536012.6
1740204000000,1.1648,1.1798,1.1489,1.1518,3790014.5
1740207600000,1.1517,1.1829,1.1501,1.1717,3874442.3
1740211200000,1.1716,1.1741,1.1567,1.1595,2929509.1
1740214800000,1.1593,1.2248,1.1588,1.2223,6572104.8
1740218400000,1.2219,1.2977,1.2202,1.2667,12732186.1
1740222000000,1.2666,1.2774,1.2323,1.2338,7933548.3
1740225600000,1.2338,1.2658,1.2263,1.2516,5299122.6
1740229200000,1.2517,1.273,1.2356,1.2477,5372917.3
1740232800000,1.2478,1.2637,1.243,1.2519,3493288.3
1740236400000,1.252,1.2847,1.252,1.2634,4737290.3
1740240000000,1.2632,1.2788,1.2435,1.2476,4838475.7
1740243600000,1.248,1.2627,1.245,1.2503,2549269.2
1740247200000,1.2502,1.2632,1.2292,1.2332,3083285.9
1740250800000,1.2335,1.2481,1.2335,1.2423,1646640.7
1740254400000,1.2418,1.2753,1.2277,1.2669,3901273.3
1740258000000,1.2668,1.2744,1.2536,1.2578,1948771.4
1740261600000,1.2577,1.267,1.2534,1.2555,1271985.7
1740265200000,1.2554,1.2565,1.2351,1.2363,1995503.7
1740268800000,1.2364,1.2573,1.2333,1.2415,3017673.5
1740272400000,1.2417,1.2471,1.2055,1.2113,3490207.1
1740276000000,1.2112,1.2351,1.2074,1.2311,1763777.2
1740279600000,1.2311,1.233,1.1932,1.1973,4869100.7
1740283200000,1.1971,1.2124,1.1917,1.2083,1765126.2
1740286800000,1.2084,1.2084,1.1959,1.2048,1386774.0
1740290400000,1.2047,1.2247,1.1977,1.2172,1970290.9
1740294000000,1.2172,1.2499,1.2103,1.2476,2611147.6
1740297600000,1.2476,1.2532,1.2287,1.2354,2547034.4
1740301200000,1.2352,1.2355,1.2107,1.2166,2572996.9
1740304800000,1.2167,1.2277,1.2089,1.2153,1554421.1
1740308400000,1.2153,1.2197,1.1809,1.1889,3840100.7
1740312000000,1.1889,1.1935,1.1689,1.1852,3921073.0
1740315600000,1.1852,1.1986,1.1742,1.185,2785245.1
1740319200000,1.1851,1.1884,1.16,1.1689,2530329.7
1740322800000,1.1687,1.1727,1.137,1.1389,4620722.6
1740326400000,1.1389,1.1567,1.1388,1.1485,2634157.1
1740330000000,1.1486,1.1667,1.1481,1.1582,1630636.9
1740333600000,1.1581,1.1674,1.1502,1.1545,1742929.5
1740337200000,1.1545,1.1595,1.1517,1.155,857232.3
1740340800000,1.1551,1.1578,1.147,1.1576,1055159.4
1740344400000,1.1576,1.1647,1.1528,1.1647,1533285.7
1740348000000,1.1648,1.1701,1.1488,1.1587,1675633.4
1740351600000,1.1588,1.1858,1.1583,1.1718,3983297.3
1740355200000,1.1721,1.2344,1.172,1.2121,9081247.3
1740358800000,1.212,1.2182,1.1737,1.187,5633135.3
1740362400000,1.1869,1.2105,1.1737,1.1758,4135126.0
1740366000000,1.1757,1.177,1.1456,1.1668,8888986.1
1740369600000,1.167,1.1735,1.1203,1.1317,9183544.6
1740373200000,1.1316,1.2009,1.1195,1.1978,9324333.9
1740376800000,1.1979,1.2147,1.1737,1.2013,6564596.7
1740380400000,1.2012,1.2184,1.1857,1.1896,4441941.0
1740384000000,1.1895,1.1905,1.1545,1.1621,7191354.7
1740387600000,1.1623,1.1951,1.1595,1.1677,4433298.4
1740391200000,1.1678,1.1692,1.1197,1.1383,7291631.9
1740394800000,1.1382,1.1495,1.1216,1.1448,3827385.2
1740398400000,1.1447,1.1532,1.124,1.1357,4294546.1
1740402000000,1.1356,1.1517,1.122,1.1229,4907713.7
1740405600000,1.1228,1.1349,1.0913,1.097,8065617.5
1740409200000,1.0972,1.0993,1.0459,1.0708,13921546.1
1740412800000,1.0708,1.1047,1.055,1.0945,7219719.1
1740416400000,1.0945,1.1226,1.0876,1.1021,4978507.9
1740420000000,1.1021,1.1042,1.0899,1.0952,2935234.7
1740423600000,1.095,1.0978,1.0628,1.0717,3462140.8
1740427200000,1.0719,1.1008,1.0682,1.0733,2992802.8
1740430800000,1.0732,1.0874,1.0642,1.0646,2668633.4
1740434400000,1.0648,1.0654,0.9874,1.01,12721783.2
1740438000000,1.01,1.0369,1.0028,1.0081,5586696.5
1740441600000,1.0081,1.0369,0.974,1.028,8538016.8
1740445200000,1.028,1.0506,1.0033,1.0309,5073365.3
1740448800000,1.0309,1.0743,1.0182,1.0549,6639142.2
1740452400000,1.0549,1.0581,1.0305,1.0327,4452169.0
1740456000000,1.0329,1.0555,1.0212,1.0288,6035798.7
1740459600000,1.0286,1.0522,1.0205,1.0396,5902123.6
1740463200000,1.0394,1.0455,1.0036,1.0045,5000610.3
1740466800000,1.0047,1.0443,0.956,1.0279,17378000.9
1740470400000,1.0278,1.0631,1.0218,1.0296,7066483.6
1740474000000,1.0297,1.0446,1.0115,1.0145,5346603.6
1740477600000,1.0146,1.0476,1.0003,1.0275,9997530.8
1740481200000,1.0275,1.0599,1.0023,1.0518,6567122.9
1740484800000,1.0519,1.0919,1.0434,1.0693,9496898.4
1740488400000,1.0694,1.0809,1.0477,1.0505,3806135.0
1740492000000,1.0503,1.0626,1.0201,1.0264,5228957.2
1740495600000,1.0262,1.0893,1.0136,1.0688,8933281.4
1740499200000,1.0689,1.0939,1.0513,1.0746,8261488.7
1740502800000,1.0747,1.1055,1.0691,1.0759,4420462.9
1740506400000,1.076,1.0942,1.0605,1.0668,2935383.6
1740510000000,1.0668,1.1029,1.0576,1.1028,2872510.8
1740513600000,1.1027,1.1345,1.0923,1.1039,6566170.5
1740517200000,1.1036,1.1113,1.0851,1.1095,2704661.2
1740520800000,1.1098,1.1218,1.0881,1.1048,3354580.2
1740524400000,1.105,1.1154,1.0933,1.1,2610266.0
1740528000000,1.1001,1.1132,1.0923,1.0954,3089869.8
1740531600000,1.0958,1.1404,1.0957,1.1373,4631851.3
1740535200000,1.1372,1.1515,1.1235,1.1459,4070728.0
1740538800000,1.1455,1.1483,1.1203,1.1235,3517951.6
1740542400000,1.1235,1.1294,1.106,1.1078,2327577.3
1740546000000,1.1078,1.1147,1.0959,1.0985,2796598.4
1740549600000,1.0986,1.1103,1.0986,1.1081,1901077.0
1740553200000,1.1081,1.1134,1.0816,1.0902,3584075.4
1740556800000,1.0902,1.0944,1.0755,1.0892,2653345.5
1740560400000,1.0891,1.1187,1.087,1.1182,2730573.1
1740564000000,1.1179,1.1179,1.1004,1.1137,1883087.4
1740567600000,1.1136,1.1158,1.0896,1.0945,2442295.4
1740571200000,1.0947,1.1051,1.086,1.0965,2963650.4
1740574800000,1.0964,1.1237,1.0908,1.1155,3978755.1
1740578400000,1.1156,1.1522,1.0848,1.15,8831462.9
1740582000000,1.1502,1.1813,1.1485,1.1689,8058648.1
1740585600000,1.1691,1.188,1.1457,1.1598,5722020.1
1740589200000,1.16,1.173,1.1325,1.1415,3893871.4
1740592800000,1.1413,1.1498,1.104,1.1147,7903199.5
1740596400000,1.1143,1.1344,1.1032,1.1125,4806244.3
1740600000000,1.1127,1.1762,1.1012,1.1669,6005844.8
1740603600000,1.1667,1.1882,1.1404,1.1722,5566092.8
1740607200000,1.1728,1.1936,1.1571,1.1586,3284073.2
1740610800000,1.1587,1.1711,1.1392,1.1551,2079113.3
1740614400000,1.1552,1.1761,1.1485,1.1565,3980899.9
1740618000000,1.1565,1.169,1.1333,1.1419,4080139.6
1740621600000,1.1414,1.1687,1.14,1.1548,2502932.4
1740625200000,1.1548,1.1759,1.152,1.167,2679900.9
1740628800000,1.1671,1.1761,1.1574,1.1596,2281064.2
1740632400000,1.1596,1.1917,1.1581,1.1746,2321063.9
1740636000000,1.1746,1.1884,1.1666,1.1762,3284642.3
1740639600000,1.1764,1.1883,1.1655,1.1688,2146847.0
1740643200000,1.169,1.1768,1.1454,1.146,2361504.3
1740646800000,1.1461,1.1542,1.1344,1.1403,2710884.1
1740650400000,1.1405,1.1541,1.1372,1.1427,2584014.9
1740654000000,1.1429,1.1564,1.134,1.1366,2294787.2
1740657600000,1.1367,1.1415,1.124,1.1324,2136673.1
1740661200000,1.1325,1.143,1.1186,1.1206,2995087.2
1740664800000,1.1202,1.1353,1.096,1.1009,5030019.5
1740668400000,1.1007,1.115,1.0919,1.101,3628100.1
1740672000000,1.101,1.1075,1.0794,1.0847,2767569.7
1740675600000,1.0849,1.0988,1.0808,1.0937,1865909.2
1740679200000,1.0937,1.0986,1.0821,1.0842,1730351.2
1740682800000,1.0843,1.0888,1.0667,1.0738,2314507.8
1740686400000,1.0738,1.0753,1.0428,1.0482,4551045.2
1740690000000,1.0481,1.0705,1.0414,1.0648,2960648.9
1740693600000,1.065,1.0679,1.0426,1.0667,2207811.4
1740697200000,1.0666,1.0668,1.0549,1.0634,1427396.2
1740700800000,1.0634,1.065,1.0414,1.0424,1734388.0
1740704400000,1.0423,1.0503,1.0116,1.0163,7843222.3
1740708000000,1.0162,1.0276,0.9909,1.0062,6777149.6
1740711600000,1.0058,1.0192,0.9854,0.9893,3465670.1
1740715200000,0.9892,1.0008,0.9767,0.9922,4315163.8
1740718800000,0.9921,0.9948,0.9732,0.9862,3271836.4
1740722400000,0.9863,0.992,0.9726,0.9826,2655515.2
1740726000000,0.9823,1.0075,0.9799,0.9854,3302730.0
1740729600000,0.9854,0.9964,0.9761,0.9881,2840457.3
1740733200000,0.988,1.0141,0.9851,1.0051,3443286.2
1740736800000,1.0049,1.0084,0.984,0.9876,2044087.7
1740740400000,0.9876,1.0037,0.9856,0.996,2198933.7
1740744000000,0.9959,1.0048,0.987,1.0009,2452374.2
1740747600000,1.001,1.0385,0.998,1.0258,6170159.0
1740751200000,1.0259,1.053,1.0165,1.0295,5553292.7
1740754800000,1.0292,1.0542,1.0255,1.0442,4494732.1
1740758400000,1.0442,1.0612,1.0356,1.0451,2659620.8
1740762000000,1.0451,1.0584,1.0365,1.0458,2355754.4
1740765600000,1.0459,1.0701,1.0424,1.0571,2790825.6
1740769200000,1.0568,1.0676,1.0539,1.0632,1892795.9
1740772800000,1.0631,1.0764,1.0543,1.0736,1964389.2
1740776400000,1.0739,1.1043,1.0711,1.1029,2772857.1
1740780000000,1.1027,1.1106,1.0782,1.086,2766496.0
1740783600000,1.0862,1.1087,1.0806,1.1049,2349635.2
1740787200000,1.105,1.1211,1.0703,1.0745,5523544.5
1740790800000,1.0745,1.1076,1.0702,1.102,2345823.5
1740794400000,1.102,1.1229,1.0904,1.1053,4317236.0
1740798000000,1.1052,1.1165,1.0915,1.0937,2485354.5
1740801600000,1.0934,1.1101,1.0894,1.1027,1965356.3
1740805200000,1.1028,1.1105,1.0902,1.0963,2924351.4
1740808800000,1.0964,1.0965,1.0803,1.0864,1985743.4
1740812400000,1.0862,1.0884,1.0732,1.0775,2119116.8
1740816000000,1.0772,1.0927,1.077,1.0848,1187349.3
1740819600000,1.0844,1.0884,1.0626,1.0765,2266415.8
1740823200000,1.0764,1.0767,1.058,1.062,2000059.6
1740826800000,1.0623,1.0627,1.0461,1.0488,1563088.2
1740830400000,1.0486,1.0574,1.0426,1.0493,1401172.3
1740834000000,1.0495,1.0569,1.0266,1.0356,2593350.0
1740837600000,1.0357,1.0433,1.0305,1.0353,1214601.0
1740841200000,1.0355,1.0493,1.0297,1.0488,1550061.1
1740844800000,1.0485,1.0575,1.0396,1.0569,1615311.5
1740848400000,1.057,1.0584,1.0444,1.0459,977933.5
1740852000000,1.0457,1.0525,1.0396,1.0464,1157903.5
1740855600000,1.0464,1.0564,1.0419,1.0468,1046092.0
1740859200000,1.0467,1.048,1.039,1.0424,931268.4
1740862800000,1.0427,1.0638,1.0349,1.0595,1488956.4
1740866400000,1.0595,1.0683,1.0469,1.0525,1340650.1
1740870000000,1.0526,1.0577,1.0401,1.0534,1038985.0
1740873600000,1.0536,1.0666,1.0455,1.0591,1597425.6
1740877200000,1.0592,1.0783,1.0586,1.0755,1334873.7
1740880800000,1.0755,1.0822,1.0575,1.0622,1509873.1
1740884400000,1.0622,1.073,1.0605,1.0711,1345005.1
1740888000000,1.071,1.0798,1.0687,1.0731,1235537.9
1740891600000,1.0728,1.0752,1.0576,1.0597,1126493.8
1740895200000,1.0597,1.0779,1.0491,1.0694,1786090.4
1740898800000,1.0695,1.0749,1.0583,1.0673,1351680.6
1740902400000,1.0674,1.0696,1.0564,1.0634,1362072.0
1740906000000,1.0635,1.0808,1.0561,1.0686,1684634.1
1740909600000,1.0686,1.0773,1.0624,1.0707,1098895.9
1740913200000,1.0706,1.0797,1.0662,1.0713,1122359.6
1740916800000,1.0716,1.0736,1.0591,1.0697,1648253.1
1740920400000,1.0693,1.0721,1.0471,1.0532,2004788.5
1740924000000,1.0529,1.0543,1.0239,1.0306,2747745.4
1740927600000,1.0307,1.1119,1.0294,1.0672,11476598.0
1740931200000,1.0676,1.1573,1.0636,1.1389,11504246.4
1740934800000,1.1392,1.1823,1.1161,1.1646,5114710.0
1740938400000,1.1648,1.189,1.155,1.1815,3645179.1
1740942000000,1.1822,1.2067,1.1791,1.203,2357594.8
1740945600000,1.2033,1.2242,1.2014,1.2135,3137139.2
1740949200000,1.2136,1.2166,1.1982,1.2119,1931076.9
1740952800000,1.2117,1.2137,1.2,1.2082,1293089.7
1740956400000,1.2079,1.2212,1.2055,1.2123,2395650.9
1740960000000,1.2121,1.2176,1.178,1.1815,3467471.3
1740963600000,1.1815,1.1891,1.1649,1.1654,2344703.0
1740967200000,1.1653,1.1694,1.1455,1.1531,2128821.7
1740970800000,1.1531,1.1574,1.1294,1.1488,1883851.5
1740974400000,1.1491,1.1549,1.1431,1.1505,1294907.1
1740978000000,1.1502,1.1643,1.15,1.159,1422546.4
1740981600000,1.1587,1.1611,1.1008,1.1134,3577791.6
1740985200000,1.1134,1.1214,1.0842,1.1166,4710488.8
1740988800000,1.1164,1.1207,1.0756,1.0898,3594727.6
1740992400000,1.0896,1.1031,1.0753,1.096,3130934.7
1740996000000,1.0958,1.1132,1.0921,1.1085,2153598.7
1740999600000,1.1083,1.1092,1.0967,1.1053,1329876.7
1741003200000,1.1051,1.1188,1.0982,1.115,2476372.4
1741006800000,1.1152,1.138,1.1122,1.1267,3646149.1
1741010400000,1.1267,1.1274,1.0646,1.0671,6264442.7
1741014000000,1.0676,1.0888,1.0585,1.0613,5193119.2
1741017600000,1.0614,1.0702,1.0504,1.0513,3582426.1
1741021200000,1.0513,1.0629,1.0444,1.047,2339644.4
1741024800000,1.0471,1.0491,0.98,0.9888,9390890.7
1741028400000,0.9886,0.9987,0.941,0.95,8670911.8
1741032000000,0.9504,0.9643,0.9416,0.9554,4078654.0
1741035600000,0.9553,0.9607,0.934,0.9386,2722927.5
1741039200000,0.9387,0.9697,0.9383,0.9634,2280910.2
1741042800000,0.9633,0.9633,0.951,0.9542,1748535.6
1741046400000,0.954,0.9619,0.9363,0.9388,2265388.7
1741050000000,0.9384,0.9428,0.8684,0.8784,12022766.2
1741053600000,0.8785,0.8878,0.8525,0.8764,6484098.9
1741057200000,0.8766,0.9036,0.8719,0.8914,3298076.3
1741060800000,0.8915,0.8977,0.8829,0.8837,1821270.4
1741064400000,0.8838,0.9085,0.8815,0.8862,3904955.0
1741068000000,0.8864,0.8926,0.8777,0.8823,2292506.0
1741071600000,0.8823,0.8851,0.8722,0.8737,1527898.4
1741075200000,0.8737,0.8888,0.8696,0.8796,2534132.2
1741078800000,0.8798,0.8809,0.8655,0.8672,1810448.2
1741082400000,0.8674,0.8774,0.8654,0.8721,1919799.1
1741086000000,0.8719,0.8805,0.8666,0.8681,1740020.7
1741089600000,0.868,0.8714,0.8546,0.8635,2709892.2
1741093200000,0.8635,0.8635,0.8373,0.8429,4689350.3
1741096800000,0.8429,0.8936,0.8383,0.8493,7995797.1
1741100400000,0.8492,0.8629,0.8266,0.857,5329461.9
1741104000000,0.857,0.8612,0.8001,0.8408,6021416.4
1741107600000,0.8409,0.8746,0.839,0.8718,4784110.8
1741111200000,0.8718,0.8894,0.8653,0.8862,2782985.8
1741114800000,0.8862,0.8976,0.881,0.8927,2915652.6
1741118400000,0.8925,0.902,0.8693,0.8736,2853325.5
1741122000000,0.8738,0.9144,0.8683,0.8923,4430062.9
1741125600000,0.8926,0.9003,0.8852,0.8869,2087571.7
1741129200000,0.887,0.8921,0.8806,0.89,1692613.3
1741132800000,0.8898,0.897,0.8807,0.8853,1892717.6
1741136400000,0.8855,0.8947,0.8768,0.8935,1499940.6
1741140000000,0.8943,0.899,0.8815,0.8897,1945372.9
1741143600000,0.8894,0.8922,0.8708,0.8717,2617112.4
1741147200000,0.8714,0.8824,0.8709,0.8795,1321006.7
1741150800000,0.8797,0.8841,0.8754,0.8816,707981.8
1741154400000,0.8817,0.8919,0.8748,0.8898,1158575.2
1741158000000,0.8898,0.8956,0.8825,0.8872,1326616.7
1741161600000,0.8872,0.901,0.8864,0.8906,1524727.5
1741165200000,0.8906,0.9101,0.8879,0.9044,2343750.0
1741168800000,0.9044,0.9284,0.8987,0.9104,3045808.1
1741172400000,0.9106,0.9122,0.8915,0.8953,2636244.0
1741176000000,0.8951,0.9074,0.8893,0.895,1503546.7
1741179600000,0.8951,0.8988,0.8751,0.8814,2506814.6
1741183200000,0.8812,0.8834,0.8678,0.8749,2636566.6
1741186800000,0.8752,0.8897,0.8664,0.8713,2969847.8
1741190400000,0.8713,0.8751,0.8535,0.8662,2841189.0
1741194000000,0.8659,0.8841,0.8649,0.8702,2660947.4
1741197600000,0.8701,0.8738,0.8596,0.8675,1562567.9
1741201200000,0.8674,0.8833,0.8661,0.876,1719983.5
1741204800000,0.8761,0.8835,0.8691,0.8789,1649703.0
1741208400000,0.879,0.8806,0.868,0.8719,1342751.6
1741212000000,0.8718,0.8778,0.8661,0.8757,1220965.5
1741215600000,0.8757,0.882,0.8715,0.8732,1583881.9
1741219200000,0.8732,0.8799,0.8545,0.8578,1964891.9
1741222800000,0.8579,0.8818,0.8452,0.867,3293813.7
1741226400000,0.8667,0.8794,0.8582,0.8677,3116946.1
1741230000000,0.8678,0.8701,0.8526,0.8574,2081323.2
1741233600000,0.8574,0.8638,0.8494,0.8585,1919030.4
1741237200000,0.8587,0.8653,0.8523,0.8615,1913610.2
1741240800000,0.8613,0.8623,0.8409,0.8416,2672015.5
1741244400000,0.8417,0.8464,0.8299,0.8342,3169117.0
1741248000000,0.8342,0.8465,0.8332,0.8435,2507535.3
1741251600000,0.8434,0.8437,0.8315,0.8332,1935718.5
1741255200000,0.8332,0.843,0.831,0.8382,2351795.8
1741258800000,0.8381,0.8486,0.8328,0.8435,1606175.4
1741262400000,0.8432,0.844,0.8225,0.827,3303064.0
1741266000000,0.8269,0.8301,0.8145,0.8165,2655115.0
1741269600000,0.8166,0.8301,0.8134,0.8214,3491445.5
1741273200000,0.8216,0.8396,0.8131,0.8173,3910261.3
1741276800000,0.8174,0.8221,0.7905,0.7948,5602621.8
1741280400000,0.7949,0.7962,0.7632,0.7703,8270418.8
1741284000000,0.7704,0.7772,0.7661,0.7702,3220199.6
1741287600000,0.7702,0.7857,0.7676,0.7782,2563379.6
1741291200000,0.7781,0.789,0.775,0.786,1958103.1
1741294800000,0.7859,0.7938,0.7771,0.7853,2239582.9
1741298400000,0.7848,0.798,0.7841,0.7911,3204643.6
1741302000000,0.7911,0.7939,0.779,0.7832,1736002.9
1741305600000,0.7833,0.7986,0.7367,0.7426,13184408.1
1741309200000,0.7425,0.7663,0.7356,0.7565,5436829.3
1741312800000,0.7564,0.7647,0.7525,0.7528,2601842.8
1741316400000,0.7529,0.7557,0.7454,0.747,2644182.0
1741320000000,0.7471,0.7554,0.7449,0.7501,1814972.9
1741323600000,0.75,0.7603,0.7488,0.7508,1841241.3
1741327200000,0.7507,0.751,0.7422,0.7436,2144446.2
1741330800000,0.7435,0.7465,0.7283,0.7355,3516657.9
1741334400000,0.7353,0.7382,0.7228,0.7373,4377391.8
1741338000000,0.7371,0.7524,0.7367,0.7423,4546005.2
1741341600000,0.7423,0.7426,0.7283,0.738,3364235.1
1741345200000,0.7379,0.7416,0.7314,0.7363,2058430.7
1741348800000,0.7363,0.7369,0.7253,0.7313,3172653.0
1741352400000,0.7312,0.7529,0.7295,0.7362,5003023.0
1741356000000,0.7367,0.7587,0.7269,0.7473,5609663.6
1741359600000,0.7473,0.7559,0.7269,0.7403,6133050.2
1741363200000,0.7401,0.7455,0.7205,0.7319,7007157.0
1741366800000,0.7321,0.7444,0.7275,0.7355,3403620.5
1741370400000,0.7359,0.7655,0.7342,0.7629,3747283.4
1741374000000,0.763,0.7677,0.748,0.7496,2733776.9
1741377600000,0.7496,0.7542,0.7309,0.7391,3306172.6
1741381200000,0.7391,0.7419,0.7168,0.7328,5349538.5
1741384800000,0.7326,0.7373,0.7224,0.7291,1825477.8
1741388400000,0.729,0.729,0.7079,0.7182,4020066.8
1741392000000,0.7182,0.7527,0.7144,0.7437,4982460.8
1741395600000,0.7441,0.7489,0.7289,0.7363,3673386.3
1741399200000,0.7364,0.7499,0.7349,0.7443,2201537.8
1741402800000,0.7443,0.7526,0.742,0.7453,1627789.0
1741406400000,0.7452,0.7534,0.7429,0.7434,1605986.1
1741410000000,0.7435,0.7445,0.7329,0.7381,1893737.4
1741413600000,0.7383,0.7415,0.7317,0.733,949563.5
1741417200000,0.7329,0.7415,0.7288,0.7301,1248914.0
1741420800000,0.7302,0.731,0.72,0.7228,2429700.2
1741424400000,0.7228,0.7361,0.7219,0.7292,1542532.3
1741428000000,0.729,0.7345,0.7264,0.7288,1758249.9
1741431600000,0.7287,0.7287,0.713,0.7169,2359493.6
1741435200000,0.717,0.7221,0.7017,0.7091,6079210.3
1741438800000,0.7091,0.718,0.7054,0.7114,2336457.9
1741442400000,0.7116,0.7126,0.7025,0.705,2093159.1
1741446000000,0.7047,0.7099,0.6976,0.7046,2213978.0
1741449600000,0.7046,0.7077,0.6867,0.7021,3389627.1
1741453200000,0.7019,0.7132,0.6939,0.7096,3295043.0
1741456800000,0.7095,0.7148,0.7057,0.7072,1474845.7
1741460400000,0.7073,0.7129,0.7018,0.7061,1774902.8
1741464000000,0.7063,0.7094,0.6953,0.6956,1228436.1
1741467600000,0.6956,0.702,0.6914,0.6939,1379614.0
1741471200000,0.694,0.6956,0.679,0.6898,2611282.8
1741474800000,0.6899,0.6956,0.6873,0.6938,1392990.8
1741478400000,0.6938,0.7236,0.6912,0.7179,6182587.3
1741482000000,0.7181,0.7262,0.7157,0.7205,2891423.9
1741485600000,0.7205,0.7255,0.7116,0.7141,2935304.2
1741489200000,0.7142,0.7255,0.712,0.7213,2597285.6
1741492800000,0.7214,0.7234,0.7151,0.7182,1711344.2
1741496400000,0.7182,0.7211,0.7127,0.7128,1599332.9
1741500000000,0.7129,0.7153,0.706,0.7138,1847886.9
1741503600000,0.7139,0.7153,0.7088,0.7115,2054456.4
1741507200000,0.7116,0.7155,0.7071,0.7132,1277540.7
1741510800000,0.7133,0.7179,0.7042,0.7054,1891158.6
1741514400000,0.7056,0.7127,0.694,0.7016,3877651.6
1741518000000,0.7018,0.7129,0.6956,0.7118,3625013.0
1741521600000,0.7118,0.7205,0.6983,0.7,8834037.2
1741525200000,0.7002,0.7056,0.682,0.6826,5868366.6
1741528800000,0.6827,0.6908,0.678,0.6833,5038854.7
1741532400000,0.6833,0.6878,0.6601,0.6659,6755014.2
1741536000000,0.6658,0.6745,0.6502,0.6535,5466932.1
1741539600000,0.6533,0.6573,0.6359,0.6375,6259284.9
1741543200000,0.6375,0.643,0.6252,0.6328,8670545.1
1741546800000,0.6328,0.6472,0.6322,0.6456,4053175.4
1741550400000,0.6457,0.6536,0.6392,0.6397,3369116.0
1741554000000,0.6397,0.642,0.6236,0.6259,2822524.8
1741557600000,0.6257,0.6264,0.6134,0.6183,3649242.6
1741561200000,0.6184,0.6245,0.6102,0.6162,3730523.1
1741564800000,0.6162,0.6589,0.6154,0.655,11228453.2
1741568400000,0.6551,0.6654,0.6469,0.6523,5709881.1
1741572000000,0.6523,0.6601,0.6407,0.6444,3656734.8
1741575600000,0.6443,0.6457,0.6261,0.6329,5321298.4
1741579200000,0.6328,0.644,0.6314,0.6437,2116449.4
1741582800000,0.6436,0.6453,0.6309,0.6351,1859700.3
1741586400000,0.6352,0.6451,0.6321,0.6451,3068977.7
1741590000000,0.6453,0.6525,0.6392,0.645,2194917.8
1741593600000,0.6449,0.6456,0.6237,0.6259,2968613.7
1741597200000,0.6257,0.6661,0.6254,0.6364,8725400.2
1741600800000,0.6364,0.6438,0.6311,0.6362,2714065.1
1741604400000,0.6364,0.6537,0.6328,0.6506,2756584.7
1741608000000,0.6508,0.6568,0.6382,0.6426,3808440.4
1741611600000,0.6427,0.6461,0.6192,0.6208,4690179.8
1741615200000,0.6208,0.6219,0.5957,0.6031,10394013.5
1741618800000,0.6032,0.6209,0.599,0.6148,5006390.7
1741622400000,0.6147,0.6221,0.5953,0.5984,4299578.2
1741626000000,0.5984,0.6014,0.5722,0.5724,7485585.6
1741629600000,0.5723,0.5783,0.5489,0.5506,8067758.2
1741633200000,0.5505,0.5799,0.5466,0.5782,8366503.6
1741636800000,0.5782,0.5842,0.5715,0.5813,5102584.3
1741640400000,0.5812,0.5917,0.5747,0.5824,3252050.3
1741644000000,0.5825,0.5869,0.5697,0.5697,2722608.3
1741647600000,0.5697,0.5718,0.556,0.5592,5940397.3
1741651200000,0.5592,0.5634,0.5162,0.5316,13934206.7
1741654800000,0.5316,0.5524,0.5175,0.5521,7839022.3
1741658400000,0.5522,0.5556,0.5469,0.5476,4295507.1
1741662000000,0.5476,0.5509,0.5443,0.5461,2986750.0
1741665600000,0.5459,0.5587,0.5456,0.5511,2460702.4
1741669200000,0.5511,0.5695,0.5502,0.5672,3319037.6
1741672800000,0.567,0.573,0.5636,0.565,3343014.4
1741676400000,0.5652,0.5728,0.5589,0.5618,3004344.6
1741680000000,0.5619,0.5686,0.5604,0.5677,3106017.7
1741683600000,0.5679,0.5731,0.561,0.5633,2708987.9
1741687200000,0.5633,0.5659,0.5597,0.5645,1719030.2
1741690800000,0.5644,0.5745,0.56,0.571,2307605.8
1741694400000,0.5709,0.5719,0.5577,0.5582,2474126.6
1741698000000,0.5583,0.5749,0.5515,0.5608,7219780.7
1741701600000,0.5607,0.5659,0.5338,0.5366,7321167.4
1741705200000,0.5365,0.5629,0.5355,0.5604,6040611.4
1741708800000,0.5605,0.5766,0.5557,0.5695,4067113.9
1741712400000,0.5696,0.5697,0.5495,0.5542,3366225.0
1741716000000,0.5541,0.5881,0.5536,0.5847,5843399.0
1741719600000,0.5848,0.5902,0.5808,0.5877,2804561.7
1741723200000,0.5876,0.5904,0.5777,0.5777,2161581.7
1741726800000,0.5778,0.5845,0.5744,0.5771,1827303.4
1741730400000,0.5769,0.5822,0.574,0.5805,1781075.5
1741734000000,0.5805,0.582,0.5703,0.5749,2912059.5
1741737600000,0.5749,0.5912,0.5675,0.5747,8146923.4
1741741200000,0.5748,0.5894,0.5742,0.5837,2428815.6
1741744800000,0.5837,0.5846,0.5683,0.5705,2854555.1
1741748400000,0.5705,0.5726,0.5516,0.5526,3500901.4
1741752000000,0.5524,0.5525,0.543,0.5506,3284110.2
1741755600000,0.5507,0.5559,0.5491,0.5532,1960512.8
1741759200000,0.5531,0.5578,0.5478,0.5539,1860325.2
1741762800000,0.5539,0.5755,0.5534,0.5726,4828395.5
1741766400000,0.5727,0.5894,0.5727,0.5877,5019873.1
1741770000000,0.5877,0.5928,0.5679,0.5722,3560327.6
1741773600000,0.5722,0.5734,0.5631,0.5677,2216791.5
1741777200000,0.5678,0.5815,0.5672,0.5813,2039915.5
1741780800000,0.5813,0.6025,0.5762,0.5972,7376809.3
1741784400000,0.5974,0.5999,0.5738,0.575,5162492.0
1741788000000,0.5751,0.5767,0.5582,0.56,4269291.4
1741791600000,0.5602,0.5703,0.5508,0.5673,5311669.1
1741795200000,0.5673,0.5873,0.5647,0.581,5251287.1
1741798800000,0.5812,0.5946,0.5806,0.5808,3706685.3
1741802400000,0.5808,0.5925,0.5794,0.5864,2193113.4
1741806000000,0.5865,0.5917,0.5821,0.5859,1813898.8
1741809600000,0.5858,0.5941,0.5839,0.5892,1983559.1
1741813200000,0.5892,0.5984,0.588,0.5902,1713363.5
1741816800000,0.5903,0.5992,0.5896,0.5981,1447608.2
1741820400000,0.5981,0.6058,0.5944,0.6055,2685858.2
1741824000000,0.6056,0.6103,0.596,0.5992,4238150.7
1741827600000,0.5994,0.6068,0.5931,0.6012,2308377.3
1741831200000,0.601,0.6083,0.5992,0.604,2397117.2
1741834800000,0.6041,0.6123,0.6026,0.6067,2449583.3
1741838400000,0.6065,0.6076,0.5935,0.5955,2434087.7
1741842000000,0.5955,0.6044,0.5919,0.5952,2727222.1
1741845600000,0.5952,0.5981,0.5919,0.5968,2516326.9
1741849200000,0.5968,0.6043,0.5932,0.6016,2296789.1
1741852800000,0.6015,0.6076,0.5927,0.6035,2447372.9
1741856400000,0.6035,0.6204,0.6032,0.6184,3837047.5
1741860000000,0.6183,0.6276,0.6122,0.624,4512668.1
1741863600000,0.6238,0.6331,0.6192,0.6282,5016132.5
1741867200000,0.6282,0.6319,0.6063,0.6098,7853751.6
1741870800000,0.6099,0.6131,0.5869,0.5886,5568978.9
1741874400000,0.5886,0.5999,0.5854,0.5964,3455047.9
1741878000000,0.5966,0.5988,0.5866,0.5887,2561765.7
1741881600000,0.5888,0.5906,0.569,0.5719,4978512.6
1741885200000,0.5719,0.5731,0.5573,0.5588,3659579.5
1741888800000,0.5588,0.5769,0.5585,0.5756,3521577.6
1741892400000,0.5756,0.581,0.566,0.5673,2252293.0
1741896000000,0.5672,0.5695,0.5564,0.559,1982841.0
1741899600000,0.5589,0.563,0.5548,0.563,1640320.4
1741903200000,0.5631,0.5844,0.5629,0.5832,3334033.4
1741906800000,0.5832,0.5871,0.5758,0.576,2630411.9
1741910400000,0.5761,0.5966,0.5727,0.5873,4184480.5
1741914000000,0.5874,0.6018,0.5854,0.5948,2778122.5
1741917600000,0.5947,0.6206,0.5935,0.6146,7950015.2
1741921200000,0.6146,0.6199,0.6055,0.6172,2607527.3
1741924800000,0.617,0.622,0.6122,0.615,2268990.1
1741928400000,0.6152,0.6335,0.6134,0.6334,4857340.2
1741932000000,0.6333,0.65,0.6303,0.6473,8845899.2
1741935600000,0.6472,0.6628,0.6314,0.6579,10929880.6
1741939200000,0.6579,0.673,0.6548,0.6612,10349143.0
1741942800000,0.6613,0.671,0.6486,0.6514,8336852.4
1741946400000,0.6513,0.6559,0.6447,0.6478,5231510.1
1741950000000,0.6479,0.6528,0.6436,0.6477,2569658.4
1741953600000,0.6475,0.6476,0.6351,0.6417,3994581.3
1741957200000,0.642,0.6461,0.6359,0.6415,3720231.4
1741960800000,0.6414,0.6488,0.635,0.6446,5445676.9
1741964400000,0.6447,0.7133,0.6437,0.6844,25392682.7
1741968000000,0.6845,0.6896,0.6675,0.6791,8639597.7
1741971600000,0.6791,0.6813,0.6707,0.6737,3413167.8
1741975200000,0.6737,0.6838,0.6716,0.6787,2690814.5
1741978800000,0.6787,0.6824,0.6689,0.6721,2709811.1
1741982400000,0.6721,0.6746,0.6562,0.6697,9132057.9
1741986000000,0.6698,0.6746,0.6612,0.6743,2330052.4
1741989600000,0.6744,0.6886,0.6685,0.6843,4519054.1
1741993200000,0.6844,0.6847,0.6722,0.6756,3416733.0
1741996800000,0.6755,0.6851,0.6712,0.6778,6079172.2
1742000400000,0.6778,0.6778,0.6643,0.6705,3526263.5
1742004000000,0.6705,0.6947,0.6644,0.6941,5166019.0
1742007600000,0.6941,0.7142,0.6906,0.7102,9537216.8
1742011200000,0.71,0.7178,0.7035,0.7054,5759028.8
1742014800000,0.7052,0.7273,0.6971,0.7224,6977858.5
1742018400000,0.7225,0.7453,0.7222,0.7446,8288037.2
1742022000000,0.7444,0.745,0.7146,0.7156,10070931.0
1742025600000,0.7153,0.7207,0.7035,0.7108,7695312.5
1742029200000,0.7108,0.7207,0.7033,0.7181,4169574.4
1742032800000,0.718,0.7279,0.712,0.7247,5668031.6
1742036400000,0.7246,0.7357,0.7183,0.7327,3593536.9
1742040000000,0.7326,0.7328,0.7142,0.7158,4077538.1
1742043600000,0.7158,0.7257,0.7142,0.7242,2915869.0
1742047200000,0.7241,0.7303,0.7198,0.7236,3423862.9
1742050800000,0.7238,0.7438,0.7232,0.7339,5252758.8
1742054400000,0.7339,0.7344,0.7202,0.7273,3319157.7
1742058000000,0.7273,0.7404,0.7253,0.7366,3482537.2
1742061600000,0.7366,0.7366,0.7187,0.7235,2919155.1
1742065200000,0.7235,0.7327,0.7192,0.7321,1944158.4
1742068800000,0.7322,0.7434,0.7309,0.7379,2750739.8
1742072400000,0.7379,0.7423,0.7309,0.7347,1818658.8
1742076000000,0.7347,0.7393,0.7301,0.7312,1828908.2
1742079600000,0.7311,0.7311,0.7213,0.7234,2519057.7
1742083200000,0.7236,0.7636,0.7169,0.7333,16873457.0
1742086800000,0.7334,0.7461,0.7276,0.7291,6544481.3
1742090400000,0.7287,0.7338,0.7193,0.7249,3894461.7
1742094000000,0.7249,0.7391,0.7247,0.7333,2150432.9
1742097600000,0.7334,0.7379,0.7272,0.7307,2516508.3
1742101200000,0.7307,0.7328,0.723,0.7275,2097734.4
1742104800000,0.7274,0.7369,0.7248,0.7344,3868578.1
1742108400000,0.7344,0.7426,0.7267,0.7419,4039271.8
1742112000000,0.7419,0.794,0.7295,0.7915,23911644.5
1742115600000,0.7915,0.7941,0.7555,0.7736,19892661.3
1742119200000,0.7737,0.7947,0.7682,0.785,7789780.0
1742122800000,0.7848,0.7854,0.7422,0.7444,13875038.0
1742126400000,0.7445,0.7586,0.7438,0.7562,5796489.9
1742130000000,0.7562,0.7583,0.7315,0.733,6715290.1
1742133600000,0.7329,0.7536,0.7255,0.7531,7360377.2
1742137200000,0.753,0.7666,0.7233,0.7315,15000803.4
1742140800000,0.7314,0.7565,0.7283,0.7371,6001327.7
1742144400000,0.7373,0.7499,0.7323,0.7407,3241635.7
1742148000000,0.7407,0.7419,0.7286,0.7351,2364868.3
1742151600000,0.7349,0.7372,0.7227,0.7264,3176004.4
1742155200000,0.7264,0.735,0.7184,0.734,6327941.1
1742158800000,0.7341,0.742,0.7309,0.734,2107192.3
1742162400000,0.734,0.736,0.7212,0.7212,3419836.1
1742166000000,0.7212,0.7278,0.7165,0.7214,2845008.5
1742169600000,0.7214,0.7357,0.7156,0.7273,5789271.6
1742173200000,0.7268,0.7474,0.7068,0.7445,10391007.3
1742176800000,0.7445,0.7588,0.7355,0.7397,8863233.7
1742180400000,0.7396,0.7435,0.7339,0.7408,3117855.6
1742184000000,0.7408,0.7539,0.7366,0.753,3147954.5
1742187600000,0.7527,0.753,0.7363,0.7382,2802781.1
1742191200000,0.7383,0.7422,0.7165,0.7278,5325579.7
1742194800000,0.7278,0.7471,0.723,0.7381,3640213.4
1742198400000,0.7382,0.7411,0.732,0.735,2288038.5
1742202000000,0.7348,0.7382,0.7292,0.7302,2664588.5
1742205600000,0.7303,0.7492,0.729,0.7419,3051675.2
1742209200000,0.7419,0.7526,0.7364,0.7516,3431269.5
1742212800000,0.7518,0.7772,0.744,0.7616,12033277.3
1742216400000,0.7614,0.7756,0.752,0.7603,6432231.9
1742220000000,0.7602,0.7621,0.7432,0.7457,5490427.3
1742223600000,0.7459,0.7587,0.7412,0.7517,3689458.8
1742227200000,0.7518,0.76,0.7448,0.7466,3618504.7
1742230800000,0.7464,0.7738,0.7459,0.7675,4163494.8
1742234400000,0.7673,0.7952,0.763,0.7807,8765281.2
1742238000000,0.7807,0.7862,0.7767,0.7809,2276954.5
1742241600000,0.781,0.7835,0.7586,0.7617,3000385.4
1742245200000,0.7618,0.7638,0.7529,0.7583,3119533.0
1742248800000,0.7582,0.7585,0.7395,0.7504,6036789.7
1742252400000,0.7504,0.753,0.7448,0.7479,2044508.9
1742256000000,0.7479,0.7484,0.7217,0.7279,5585577.0
1742259600000,0.7279,0.7333,0.7098,0.712,5899177.7
1742263200000,0.7121,0.7156,0.7001,0.702,4819551.9
1742266800000,0.7021,0.7057,0.687,0.6935,6725556.8
1742270400000,0.6935,0.6998,0.6899,0.6973,4019739.9
1742274000000,0.6973,0.7019,0.6904,0.6967,2102534.0
1742277600000,0.6966,0.6968,0.686,0.6877,3309134.0
1742281200000,0.6879,0.7049,0.6869,0.6929,5810056.8
1742284800000,0.6932,0.6932,0.6779,0.686,5611165.7
1742288400000,0.686,0.6905,0.6809,0.6857,1685456.7
1742292000000,0.6861,0.6919,0.6789,0.6848,2921894.1
1742295600000,0.6849,0.6871,0.68,0.6831,1671106.0
1742299200000,0.6831,0.6854,0.6764,0.6796,2154079.0
1742302800000,0.6796,0.6858,0.6736,0.6763,7904587.4
1742306400000,0.6762,0.692,0.6757,0.6878,3431138.1
1742310000000,0.6876,0.6876,0.672,0.6756,2185854.0
1742313600000,0.6754,0.6792,0.6704,0.6736,1831129.6
1742317200000,0.6734,0.676,0.6634,0.6652,1953427.6
1742320800000,0.6654,0.6696,0.6567,0.6661,2630865.7
1742324400000,0.666,0.669,0.6601,0.6677,1380459.3
1742328000000,0.6677,0.6687,0.6572,0.6607,1572740.6
1742331600000,0.6608,0.6666,0.6575,0.6577,1063060.3
1742335200000,0.6578,0.6681,0.657,0.6647,1765806.1
1742338800000,0.6647,0.6746,0.6646,0.6706,2752380.8
1742342400000,0.6706,0.7025,0.6653,0.6852,7293249.0
1742346000000,0.6853,0.686,0.6652,0.666,2833258.8
1742349600000,0.666,0.6676,0.6481,0.6615,6084703.0
1742353200000,0.6617,0.662,0.6491,0.6593,2342778.6
1742356800000,0.6593,0.664,0.6543,0.6553,1879164.7
1742360400000,0.6552,0.6557,0.6498,0.6519,1371564.5
1742364000000,0.652,0.6562,0.6487,0.6525,1628301.1
1742367600000,0.6524,0.6549,0.6431,0.6471,2150326.4
1742371200000,0.6472,0.6587,0.6465,0.6538,2807177.9
1742374800000,0.6537,0.6564,0.648,0.6506,1573819.8
1742378400000,0.6506,0.6711,0.6485,0.6606,2889556.2
1742382000000,0.6606,0.6962,0.6592,0.6847,10381827.9
1742385600000,0.6848,0.6872,0.6699,0.6754,4797712.5
1742389200000,0.6753,0.6918,0.6639,0.6691,6342610.7
1742392800000,0.6692,0.6946,0.6691,0.6876,5972803.9
1742396400000,0.6873,0.6988,0.686,0.6912,5459707.6
1742400000000,0.6912,0.693,0.6762,0.6802,2990100.6
1742403600000,0.6802,0.6859,0.6644,0.6742,3043114.4
1742407200000,0.6742,0.6966,0.6586,0.6919,19125276.0
1742410800000,0.6925,0.7057,0.6871,0.6924,5174537.7
1742414400000,0.6926,0.7151,0.6926,0.7062,3098535.0
1742418000000,0.7062,0.7114,0.7011,0.704,1784352.1
1742421600000,0.7041,0.7065,0.6973,0.7003,2212493.7
1742425200000,0.7003,0.7048,0.6961,0.7,1956438.8
1742428800000,0.7,0.7153,0.6851,0.6879,4023576.8
1742432400000,0.688,0.6882,0.6763,0.6819,2218375.9
1742436000000,0.682,0.682,0.6738,0.6808,1909284.6
1742439600000,0.6809,0.6833,0.6727,0.6746,1432547.9
1742443200000,0.6748,0.6805,0.6731,0.6752,1820374.5
1742446800000,0.6751,0.6831,0.6711,0.6804,1923904.9
1742450400000,0.6804,0.6876,0.6773,0.6855,1747811.2
1742454000000,0.6856,0.6888,0.6765,0.6814,1498686.6
1742457600000,0.6812,0.6905,0.6792,0.6895,1691294.2
1742461200000,0.6894,0.6978,0.6874,0.6957,1725327.6
1742464800000,0.6957,0.697,0.6743,0.6787,2341136.9
1742468400000,0.6788,0.6889,0.678,0.6817,1803197.8
1742472000000,0.6817,0.6831,0.6771,0.6811,1311044.3
1742475600000,0.681,0.6841,0.6751,0.6795,1581709.8
1742479200000,0.6792,0.6978,0.679,0.6935,2867452.6
1742482800000,0.6936,0.6971,0.6706,0.6718,3388717.1
1742486400000,0.6715,0.6815,0.6442,0.65,6967017.0
1742490000000,0.6501,0.6611,0.6478,0.6563,2763995.9
1742493600000,0.6564,0.665,0.6535,0.6633,1932320.2
1742497200000,0.6634,0.6665,0.659,0.6638,1128094.2
1742500800000,0.6637,0.6694,0.6588,0.6631,2107746.9
1742504400000,0.663,0.6664,0.6602,0.6657,838182.2
1742508000000,0.6656,0.6712,0.6616,0.6676,1465329.7
1742511600000,0.6676,0.6797,0.6656,0.6793,1712849.2
1742515200000,0.6793,0.6953,0.6784,0.6895,4859258.9
1742518800000,0.6895,0.6954,0.6845,0.6886,2014876.2
1742522400000,0.6886,0.6932,0.6851,0.6906,1058680.1
1742526000000,0.6906,0.6979,0.685,0.6972,1498363.9
1742529600000,0.6971,0.7097,0.6956,0.6967,3202461.9
1742533200000,0.6964,0.6998,0.6869,0.6988,2999628.5
1742536800000,0.6988,0.7024,0.6897,0.6914,2043697.0
1742540400000,0.6914,0.6943,0.6844,0.6875,1937760.5
1742544000000,0.6875,0.6916,0.679,0.683,1959377.6
1742547600000,0.6829,0.6833,0.6747,0.6773,2482047.2
1742551200000,0.6773,0.6791,0.6594,0.6696,3434237.1
1742554800000,0.6696,0.6754,0.6637,0.6738,1575212.2
1742558400000,0.6737,0.6819,0.6697,0.6719,3314465.3
1742562000000,0.6719,0.6885,0.6694,0.6866,2338867.3
1742565600000,0.6866,0.6954,0.6795,0.6915,2465053.9
1742569200000,0.6916,0.694,0.6822,0.6838,1705412.0
1742572800000,0.684,0.687,0.6776,0.687,1987726.3
1742576400000,0.6871,0.6893,0.6791,0.6854,1287351.5
1742580000000,0.6854,0.6943,0.6788,0.6819,2518797.8
1742583600000,0.6821,0.6937,0.6812,0.6928,897397.9
1742587200000,0.6927,0.7099,0.6902,0.7088,2127841.6
1742590800000,0.7088,0.7157,0.7051,0.7086,2886201.8
1742594400000,0.7086,0.7122,0.7005,0.7057,1619709.0
1742598000000,0.7058,0.7323,0.7024,0.7277,6829064.7
1742601600000,0.7277,0.7544,0.7137,0.7213,12954077.7
1742605200000,0.7213,0.7264,0.6996,0.7017,3782733.9
1742608800000,0.7017,0.7021,0.6906,0.6996,4359569.2
1742612400000,0.6997,0.7183,0.6996,0.7159,2273765.9
1742616000000,0.7158,0.7219,0.7109,0.7179,1581344.7
1742619600000,0.7179,0.7187,0.7106,0.7161,1282631.2
1742623200000,0.716,0.7263,0.7147,0.7224,1541882.6
1742626800000,0.7225,0.7232,0.7144,0.7182,1149062.0
1742630400000,0.7181,0.7236,0.7162,0.723,984494.6
1742634000000,0.7228,0.7426,0.7212,0.7399,3850754.5
1742637600000,0.7398,0.7476,0.7373,0.7438,2336304.9
1742641200000,0.7438,0.7476,0.7323,0.746,2589140.9
1742644800000,0.7459,0.7469,0.736,0.7369,2273690.3
1742648400000,0.737,0.7378,0.7247,0.7314,2176322.9
1742652000000,0.7313,0.7359,0.724,0.7344,2281083.7
1742655600000,0.7343,0.7456,0.7308,0.7401,2045156.2
1742659200000,0.7403,0.7462,0.738,0.7389,1386887.6
1742662800000,0.7391,0.7449,0.7371,0.7425,1487037.4
1742666400000,0.7424,0.7516,0.7345,0.7477,5884570.0
1742670000000,0.7477,0.752,0.7384,0.7396,960051.7
1742673600000,0.7395,0.7448,0.7343,0.7407,1481998.7
1742677200000,0.7407,0.7413,0.7257,0.7263,1795289.0
1742680800000,0.7264,0.7295,0.7206,0.7247,1987424.0
1742684400000,0.7244,0.7244,0.7151,0.722,1793510.4
1742688000000,0.722,0.7685,0.7134,0.7448,15525134.5
1742691600000,0.7449,0.7508,0.7236,0.7323,5180983.0
1742695200000,0.7323,0.7424,0.7252,0.7394,2974119.7
1742698800000,0.7393,0.7607,0.7392,0.7598,3090100.3
1742702400000,0.7599,0.7699,0.7511,0.7689,3550617.2
1742706000000,0.7691,0.771,0.7464,0.7542,4572525.5
1742709600000,0.7543,0.7656,0.7493,0.7565,2171885.1
1742713200000,0.7564,0.7578,0.7465,0.7479,1935880.3
1742716800000,0.7477,0.7502,0.7399,0.7449,1972021.5
1742720400000,0.7449,0.7533,0.7448,0.7475,1775168.9
1742724000000,0.7474,0.7615,0.7471,0.7576,1503291.9
1742727600000,0.7577,0.7647,0.7474,0.7565,2074394.7
1742731200000,0.7566,0.764,0.7527,0.7559,1724024.9
1742734800000,0.7558,0.7617,0.7507,0.7551,1985814.9
1742738400000,0.7547,0.7556,0.7441,0.7455,1507346.4
1742742000000,0.7454,0.7527,0.743,0.7455,1457996.6
1742745600000,0.7455,0.7503,0.7406,0.7447,1164512.2
1742749200000,0.7448,0.7497,0.7361,0.7434,1259340.8
1742752800000,0.7434,0.7509,0.737,0.7467,4508481.8
1742756400000,0.7466,0.7507,0.7439,0.747,1066695.2
1742760000000,0.7471,0.7581,0.7445,0.7533,1520078.3
1742763600000,0.7533,0.7597,0.7506,0.7555,1514623.3
1742767200000,0.7556,0.7654,0.7547,0.7598,2025522.5
1742770800000,0.7597,0.7753,0.7576,0.7733,2462277.7
1742774400000,0.7732,0.7733,0.7493,0.7542,5274249.8
1742778000000,0.7544,0.7552,0.7377,0.7411,2653770.8
1742781600000,0.7411,0.7549,0.736,0.7539,2104555.2
1742785200000,0.7538,0.774,0.7502,0.7678,3826646.1
1742788800000,0.7679,0.7878,0.7651,0.7865,3611101.9
1742792400000,0.7864,0.8,0.7844,0.7853,4078509.9
1742796000000,0.7854,0.8003,0.781,0.7865,2377920.6
1742799600000,0.7865,0.8071,0.7864,0.8054,3475065.9
1742803200000,0.8052,0.8158,0.8038,0.8138,3536786.0
1742806800000,0.8138,0.8185,0.8006,0.8058,2921329.1
1742810400000,0.8057,0.8262,0.8048,0.8185,2585103.6
1742814000000,0.8183,0.8246,0.8079,0.8217,2644404.4
1742817600000,0.8217,0.8378,0.8159,0.829,4059176.5
1742821200000,0.829,0.8466,0.814,0.8261,7519544.1
1742824800000,0.8261,0.8365,0.8062,0.8091,6186347.0
1742828400000,0.8094,0.8162,0.8024,0.8144,2788658.1
1742832000000,0.8145,0.8154,0.7987,0.8025,1400107.2
1742835600000,0.8022,0.8209,0.8008,0.809,2587239.4
1742839200000,0.8091,0.8158,0.8053,0.8088,1233321.8
1742842800000,0.8089,0.8102,0.8032,0.8091,837425.6
1742846400000,0.8091,0.8163,0.8066,0.8081,1548269.6
1742850000000,0.8079,0.8106,0.8037,0.8076,656805.5
1742853600000,0.8076,0.8082,0.7959,0.7979,1192573.5
1742857200000,0.7981,0.806,0.7905,0.8033,2366982.5
1742860800000,0.8033,0.807,0.7917,0.8009,1654740.8
1742864400000,0.801,0.8018,0.7816,0.7863,2105595.4
1742868000000,0.7863,0.7878,0.7792,0.7806,1308496.2
1742871600000,0.7806,0.7831,0.7719,0.7754,1861480.9
1742875200000,0.7752,0.7813,0.772,0.7813,1806994.0
1742878800000,0.7809,0.7886,0.7784,0.7865,1524217.6
1742882400000,0.7867,0.7924,0.7841,0.7855,991133.4
1742886000000,0.7855,0.7927,0.7842,0.7864,933400.8
1742889600000,0.7864,0.7991,0.786,0.7928,1226233.9
1742893200000,0.7927,0.8094,0.7879,0.807,1295437.1
1742896800000,0.8071,0.8212,0.8061,0.8185,2005058.6
1742900400000,0.8184,0.8261,0.8142,0.8238,1494119.3
1742904000000,0.8237,0.827,0.7994,0.8011,3222931.9
1742907600000,0.801,0.8182,0.7991,0.8034,2950709.6
1742911200000,0.8033,0.8193,0.7997,0.8099,2229710.3
1742914800000,0.8098,0.8147,0.8011,0.8029,1404383.9
1742918400000,0.8029,0.8097,0.8002,0.8044,1054485.4
1742922000000,0.8045,0.8117,0.7987,0.8051,1004755.8
1742925600000,0.8051,0.8078,0.7961,0.7998,987434.3
1742929200000,0.7999,0.811,0.7999,0.8079,1291087.3
1742932800000,0.8079,0.8139,0.8027,0.8033,731525.2
1742936400000,0.8033,0.8124,0.8022,0.8036,686772.5
1742940000000,0.8036,0.81,0.7984,0.809,1179854.7
1742943600000,0.8091,0.8115,0.8051,0.8075,701989.8
1742947200000,0.8074,0.8123,0.8028,0.8107,1004422.9
1742950800000,0.8107,0.8217,0.8062,0.8126,1768126.3
1742954400000,0.8126,0.8134,0.7924,0.793,1908457.5
1742958000000,0.7929,0.7982,0.7839,0.7868,1924402.2
1742961600000,0.7869,0.8027,0.7853,0.8027,1523335.1
1742965200000,0.8023,0.807,0.7954,0.8062,1306429.3
1742968800000,0.8062,0.8182,0.8054,0.8155,1553682.2
1742972400000,0.8154,0.8186,0.8106,0.8144,1272294.2
1742976000000,0.8145,0.8207,0.8103,0.8207,1115755.0
1742979600000,0.8205,0.8235,0.8118,0.8152,985090.9
1742983200000,0.8155,0.8268,0.8136,0.8207,1259644.9
1742986800000,0.8205,0.8273,0.8138,0.8144,2080379.1
1742990400000,0.8144,0.8164,0.8003,0.8106,2424625.5
1742994000000,0.8105,0.8112,0.7776,0.7787,3813222.9
1742997600000,0.7786,0.7869,0.759,0.7666,5562960.6
1743001200000,0.7666,0.772,0.7532,0.7556,2935594.6
1743004800000,0.7555,0.7642,0.7524,0.7542,1735651.3
1743008400000,0.7542,0.7579,0.7435,0.7444,1867263.2
1743012000000,0.7445,0.7489,0.7335,0.7363,2458882.5
1743015600000,0.7362,0.7418,0.7299,0.7373,2648493.0
1743019200000,0.7372,0.7464,0.7354,0.7455,1531226.8
1743022800000,0.7455,0.7528,0.7409,0.7458,1642856.1
1743026400000,0.7457,0.7484,0.7381,0.743,1908932.9
1743030000000,0.7431,0.7491,0.7366,0.747,1353924.1
1743033600000,0.7472,0.7585,0.7424,0.7582,1577588.5
1743037200000,0.7584,0.7632,0.7515,0.7536,1416998.5
1743040800000,0.7536,0.76,0.7522,0.7571,1185352.3
1743044400000,0.757,0.7624,0.7554,0.762,1177597.9
1743048000000,0.7621,0.7653,0.7563,0.7624,1000442.1
1743051600000,0.7621,0.7623,0.7528,0.7545,914011.8
1743055200000,0.7544,0.7614,0.7496,0.7529,1309788.9
1743058800000,0.7528,0.7546,0.7466,0.7481,1367490.5
1743062400000,0.748,0.753,0.7451,0.7463,1642425.8
1743066000000,0.7464,0.75,0.7441,0.7459,1058196.6
1743069600000,0.7459,0.7509,0.7342,0.738,1651147.0
1743073200000,0.7381,0.7418,0.7235,0.7273,2983592.9
1743076800000,0.7273,0.7392,0.7244,0.7312,2229077.5
1743080400000,0.7311,0.7363,0.7216,0.732,1878948.7
1743084000000,0.7319,0.7473,0.7277,0.7465,2275624.4
1743087600000,0.7466,0.748,0.7309,0.7337,1896050.7
1743091200000,0.7338,0.7434,0.7334,0.7371,1357719.7
1743094800000,0.7371,0.7412,0.7329,0.7349,1357842.0
1743098400000,0.7349,0.745,0.7337,0.7416,1806080.5
1743102000000,0.7417,0.7437,0.7348,0.7352,1373469.0
1743105600000,0.7352,0.7416,0.7311,0.7362,1077967.7
1743109200000,0.7364,0.7476,0.7344,0.7465,1175064.5
1743112800000,0.7465,0.7476,0.7423,0.7424,882710.6
1743116400000,0.7425,0.745,0.7366,0.7402,934941.3
1743120000000,0.74,0.7419,0.7281,0.7393,1553267.4
1743123600000,0.7394,0.7458,0.7295,0.7413,1617426.8
1743127200000,0.7414,0.745,0.7293,0.7311,1619766.0
1743130800000,0.7309,0.7313,0.7233,0.7267,1869421.2
1743134400000,0.7267,0.7274,0.7018,0.7091,4219519.8
1743138000000,0.709,0.7122,0.6996,0.7003,2425648.8
1743141600000,0.7001,0.715,0.689,0.6917,4166089.0
1743145200000,0.6918,0.6951,0.6775,0.6802,2485027.9
1743148800000,0.6803,0.6894,0.6794,0.6825,1837914.4
1743152400000,0.6825,0.6842,0.6707,0.6724,2156367.6
1743156000000,0.6725,0.676,0.6695,0.6711,1474185.5
1743159600000,0.671,0.6773,0.6656,0.674,2077972.1
1743163200000,0.674,0.6798,0.6633,0.6653,1632424.5
1743166800000,0.6653,0.6721,0.6608,0.6622,1279524.6
1743170400000,0.6621,0.6657,0.6577,0.6617,1789642.6
1743174000000,0.6617,0.668,0.6598,0.6635,1259229.8
1743177600000,0.6637,0.6684,0.6502,0.6541,2505557.1
1743181200000,0.6539,0.6575,0.6486,0.6558,2111216.5
1743184800000,0.6558,0.6577,0.6501,0.6535,1016695.5
1743188400000,0.6533,0.6552,0.646,0.648,830275.8
1743192000000,0.6478,0.6556,0.6411,0.6433,1402568.0
1743195600000,0.6434,0.6487,0.6412,0.6448,907768.7
1743199200000,0.6448,0.6548,0.6448,0.6548,903534.1
1743202800000,0.6548,0.6586,0.6491,0.6583,1369765.9
1743206400000,0.6584,0.6645,0.6561,0.6585,1346159.1
1743210000000,0.6584,0.6661,0.6572,0.6588,1253139.7
1743213600000,0.6588,0.662,0.6457,0.6472,1120078.6
1743217200000,0.6472,0.6516,0.6338,0.6498,2490212.3
1743220800000,0.6496,0.6506,0.6404,0.6419,773045.6
1743224400000,0.6417,0.6424,0.6313,0.6341,1582165.5
1743228000000,0.6342,0.6349,0.6246,0.626,1847197.7
1743231600000,0.6259,0.6291,0.6184,0.6251,1338172.5
1743235200000,0.6252,0.63,0.6228,0.6284,795191.3
1743238800000,0.6283,0.6285,0.612,0.6219,1479254.6
1743242400000,0.6218,0.6225,0.6106,0.6108,876052.3
1743246000000,0.6109,0.6157,0.5966,0.6065,2363073.7
1743249600000,0.6066,0.6182,0.6043,0.6165,1295357.2
1743253200000,0.6164,0.6241,0.6162,0.6198,1172134.3
1743256800000,0.6197,0.6197,0.6093,0.6096,661225.6
1743260400000,0.6096,0.6139,0.6077,0.6085,699938.8
1743264000000,0.6086,0.6122,0.5972,0.5983,1510287.0
1743267600000,0.5985,0.6116,0.5943,0.6029,2448692.4
1743271200000,0.6029,0.6082,0.601,0.6015,911919.6
1743274800000,0.6015,0.6088,0.5991,0.6088,765044.5
1743278400000,0.609,0.6095,0.6004,0.602,1055759.0
1743282000000,0.6019,0.6089,0.6004,0.6062,818047.2
1743285600000,0.6062,0.6072,0.5998,0.603,821127.9
1743289200000,0.6028,0.6084,0.6005,0.6075,587409.9
1743292800000,0.6075,0.6077,0.5961,0.606,1096811.9
1743296400000,0.606,0.6145,0.6056,0.6083,1514799.7
1743300000000,0.6083,0.6176,0.6083,0.6132,1055497.7
1743303600000,0.6133,0.6205,0.613,0.6141,1539160.7
1743307200000,0.6143,0.621,0.6142,0.6179,790690.2
1743310800000,0.6181,0.6219,0.6126,0.614,835616.3
1743314400000,0.6141,0.6194,0.6093,0.615,1015108.9
1743318000000,0.615,0.618,0.6124,0.6143,596569.2
1743321600000,0.6143,0.6197,0.6136,0.6197,502933.7
1743325200000,0.6198,0.6217,0.6157,0.6212,910712.2
1743328800000,0.6211,0.6248,0.6125,0.6166,1348870.1
1743332400000,0.6166,0.6241,0.6137,0.6212,1139876.9
1743336000000,0.6213,0.6254,0.6164,0.6221,1209341.9
1743339600000,0.6221,0.6229,0.6083,0.6089,1626224.5
1743343200000,0.6089,0.6165,0.6064,0.6125,1482179.4
1743346800000,0.6126,0.6199,0.6117,0.6128,741259.7
1743350400000,0.6131,0.617,0.5991,0.5994,2620829.9
1743354000000,0.5994,0.6113,0.599,0.6104,1436310.5
1743357600000,0.6103,0.6229,0.6103,0.6224,1309504.9
1743361200000,0.6225,0.6262,0.6134,0.6138,1059248.2
1743364800000,0.6139,0.616,0.6091,0.6104,707229.3
1743368400000,0.6105,0.6164,0.6044,0.606,803365.1
1743372000000,0.6059,0.6131,0.5912,0.6077,3841857.1
1743375600000,0.6078,0.6086,0.5942,0.5997,1814616.2
1743379200000,0.5998,0.6024,0.5804,0.5866,2561405.8
1743382800000,0.5867,0.6058,0.5855,0.601,1781910.9
1743386400000,0.601,0.605,0.5935,0.5991,1607922.7
1743390000000,0.5991,0.6023,0.5897,0.5911,1215696.9
1743393600000,0.5912,0.5986,0.5875,0.5963,966960.9
1743397200000,0.5962,0.6085,0.5958,0.6015,1495538.8
1743400800000,0.6016,0.6055,0.5947,0.5957,1093007.7
1743404400000,0.5956,0.6006,0.5851,0.5895,1426591.7
1743408000000,0.5896,0.5971,0.5852,0.5863,1135398.5
1743411600000,0.5864,0.5906,0.576,0.5796,2309294.5
1743415200000,0.5796,0.5929,0.5732,0.5913,2128577.3
1743418800000,0.5914,0.5922,0.5808,0.5864,1462466.3
1743422400000,0.5862,0.6006,0.5815,0.5938,2276053.3
1743426000000,0.5938,0.5951,0.5716,0.5828,2820999.4
1743429600000,0.5831,0.5954,0.5819,0.5892,2611860.8
1743433200000,0.5893,0.5943,0.5859,0.5878,1527361.6
1743436800000,0.5879,0.5904,0.5813,0.5818,1453913.4
1743440400000,0.5818,0.5871,0.572,0.5735,1525915.7
1743444000000,0.5735,0.5985,0.5735,0.5872,3609417.1
1743447600000,0.5871,0.5898,0.5775,0.5795,1092877.6
1743451200000,0.5794,0.5839,0.5752,0.5758,831840.4
1743454800000,0.5759,0.5814,0.5752,0.5753,632433.3
1743458400000,0.5752,0.5792,0.5708,0.5768,1649244.4
1743462000000,0.5767,0.5814,0.5746,0.5766,897511.0
1743465600000,0.5765,0.5829,0.5751,0.5784,1073390.4
1743469200000,0.5784,0.5792,0.5729,0.5761,785436.6
1743472800000,0.5758,0.5883,0.5756,0.588,1152243.2
1743476400000,0.588,0.5936,0.587,0.5885,1612629.3
1743480000000,0.5884,0.5908,0.5831,0.5862,1509642.3
1743483600000,0.5862,0.5995,0.5722,0.5779,11865047.1
1743487200000,0.5779,0.5898,0.5764,0.586,1389917.1
1743490800000,0.5861,0.5881,0.5808,0.5829,1430547.1
1743494400000,0.5828,0.605,0.5825,0.6031,3148912.3
1743498000000,0.6033,0.6113,0.6018,0.6069,2773358.4
1743501600000,0.607,0.6072,0.5864,0.5877,2752000.7
1743505200000,0.5875,0.5877,0.5801,0.5873,2098741.3
1743508800000,0.5873,0.5939,0.5838,0.5926,2115405.8
1743512400000,0.5924,0.601,0.5878,0.5971,1991117.7
1743516000000,0.597,0.6039,0.5802,0.5983,4231953.5
1743519600000,0.5984,0.6137,0.5978,0.609,3486040.6
1743523200000,0.6094,0.6134,0.6005,0.6036,2218164.0
1743526800000,0.6038,0.6087,0.6007,0.6029,1166765.3
1743530400000,0.6029,0.6038,0.5942,0.5988,1058659.9
1743534000000,0.5987,0.5993,0.593,0.5948,748532.3
1743537600000,0.595,0.5983,0.5893,0.5981,1082248.1
1743541200000,0.5982,0.6033,0.5947,0.6022,803331.2
1743544800000,0.6024,0.6057,0.5993,0.5998,668358.1
1743548400000,0.5998,0.6038,0.5935,0.5982,1060615.2
1743552000000,0.5983,0.6015,0.5907,0.5923,1447293.0
1743555600000,0.5924,0.5926,0.5851,0.5868,1256814.7
1743559200000,0.5867,0.5871,0.5752,0.5799,1667682.0
1743562800000,0.5799,0.5877,0.5792,0.5823,1258973.7
1743566400000,0.5823,0.5862,0.5767,0.5788,924186.1
1743570000000,0.5789,0.5789,0.5626,0.564,2698744.0
1743573600000,0.564,0.5696,0.5626,0.5642,1508322.9
1743577200000,0.564,0.5731,0.5625,0.5692,2265538.8
1743580800000,0.5692,0.5808,0.5677,0.5778,2103770.5
1743584400000,0.5777,0.5887,0.5767,0.587,1820886.1
1743588000000,0.5868,0.5881,0.5777,0.5778,1033218.9
1743591600000,0.5779,0.5809,0.5757,0.578,1299911.4
1743595200000,0.5781,0.5967,0.5708,0.5928,12066519.5
1743598800000,0.5929,0.5966,0.5766,0.5846,4053782.6
1743602400000,0.5845,0.594,0.5815,0.5901,2435129.5
1743606000000,0.59,0.6193,0.5891,0.6091,6128634.5
1743609600000,0.6093,0.6148,0.6023,0.6043,2047096.5
1743613200000,0.6045,0.6052,0.5888,0.5933,1612107.8
1743616800000,0.5933,0.6017,0.5905,0.6007,820345.5
1743620400000,0.6007,0.6051,0.5971,0.6038,946720.5
1743624000000,0.6038,0.6193,0.5818,0.59,8265758.8
1743627600000,0.59,0.5906,0.5735,0.5793,2883130.8
1743631200000,0.5792,0.5792,0.5411,0.5428,4435996.8
1743634800000,0.5427,0.5457,0.5335,0.5415,3101057.6
1743638400000,0.5414,0.5644,0.5377,0.5627,4382936.8
1743642000000,0.5627,0.5655,0.5578,0.5611,1331040.6
1743645600000,0.5611,0.5674,0.5584,0.5646,1486125.8
1743649200000,0.5646,0.5653,0.5606,0.5631,862333.9
1743652800000,0.5631,0.584,0.5618,0.5832,2671900.5
1743656400000,0.5832,0.5853,0.5718,0.574,2042309.8
1743660000000,0.574,0.5787,0.5712,0.573,1219789.0
1743663600000,0.573,0.5781,0.5701,0.5765,2019819.0
1743667200000,0.5766,0.5828,0.5736,0.5801,1827882.5
1743670800000,0.5802,0.5808,0.5718,0.5726,1531223.5
1743674400000,0.5724,0.5772,0.5592,0.5601,2140785.0
1743678000000,0.56,0.563,0.5508,0.5583,3063457.0
1743681600000,0.5583,0.5611,0.5383,0.5408,2910216.6
1743685200000,0.5406,0.554,0.5403,0.5514,2191168.4
1743688800000,0.5511,0.5515,0.5327,0.534,2688339.4
1743692400000,0.5338,0.5446,0.5331,0.5444,1574020.2
1743696000000,0.5444,0.5479,0.5375,0.5382,1105406.0
1743699600000,0.5383,0.5421,0.5353,0.538,1048351.5
1743703200000,0.5379,0.5497,0.5342,0.5459,1806294.6
1743706800000,0.5458,0.5499,0.5427,0.5446,995929.1
1743710400000,0.5446,0.5552,0.5433,0.5548,1005278.6
1743714000000,0.5548,0.5656,0.5531,0.5638,1052185.0
1743717600000,0.5637,0.5659,0.5582,0.5617,916248.1
1743721200000,0.5618,0.5643,0.5556,0.5612,970698.7
1743724800000,0.5613,0.5647,0.5566,0.5574,1399319.9
1743728400000,0.5575,0.5628,0.5501,0.5516,1073315.1
1743732000000,0.5516,0.5608,0.5515,0.5545,797383.7
1743735600000,0.5544,0.5594,0.5535,0.5561,755964.5
1743739200000,0.5561,0.5577,0.5517,0.5524,494084.2
1743742800000,0.5525,0.5616,0.5498,0.5598,1094396.1
1743746400000,0.5597,0.5631,0.5522,0.5526,2046935.4
1743750000000,0.5526,0.5618,0.5523,0.5598,1104050.9
1743753600000,0.5599,0.5659,0.5597,0.5606,896389.3
1743757200000,0.5607,0.5627,0.5571,0.5605,920222.8
1743760800000,0.5606,0.5614,0.5315,0.5322,3528558.7
1743764400000,0.5322,0.5337,0.5177,0.5237,3654442.5
1743768000000,0.5236,0.5286,0.5149,0.5281,4662101.8
1743771600000,0.5283,0.5422,0.5245,0.5412,2786029.4
1743775200000,0.5411,0.5434,0.5296,0.5376,2231288.9
1743778800000,0.5375,0.5554,0.5371,0.5436,3835833.3
1743782400000,0.5438,0.551,0.5377,0.547,2111532.0
1743786000000,0.5469,0.5586,0.5402,0.5567,1860234.3
1743789600000,0.5568,0.5582,0.5477,0.5486,1089387.5
1743793200000,0.5488,0.5536,0.5464,0.5496,882597.2
1743796800000,0.5495,0.5533,0.5461,0.5511,624996.9
1743800400000,0.5512,0.5538,0.5473,0.5504,767413.2
1743804000000,0.5505,0.5509,0.5473,0.5479,502954.5
1743807600000,0.5479,0.5482,0.5424,0.5461,562815.3
1743811200000,0.5461,0.5505,0.5438,0.5501,632260.3
1743814800000,0.5501,0.5522,0.5452,0.5459,1079453.0
1743818400000,0.5459,0.5471,0.5406,0.5426,713282.0
1743822000000,0.5428,0.545,0.5417,0.5437,640193.6
1743825600000,0.5436,0.5458,0.541,0.5415,327952.9
1743829200000,0.5414,0.5452,0.5408,0.5421,270791.1
1743832800000,0.542,0.544,0.5379,0.5405,659364.9
1743836400000,0.5404,0.5464,0.5385,0.5427,695807.3
1743840000000,0.5429,0.5437,0.541,0.5419,428918.8
1743843600000,0.5419,0.5477,0.5416,0.5466,421543.4
1743847200000,0.5468,0.5485,0.5423,0.543,681936.6
1743850800000,0.5431,0.5433,0.5374,0.5387,923105.0
1743854400000,0.5386,0.5404,0.5319,0.536,1000591.2
1743858000000,0.536,0.5367,0.5256,0.5265,1397964.2
1743861600000,0.5266,0.531,0.5259,0.529,1023820.3
1743865200000,0.5289,0.5294,0.5228,0.5262,909029.5
1743868800000,0.5262,0.5306,0.5255,0.5293,424123.7
1743872400000,0.5292,0.5322,0.526,0.5291,643444.2
1743876000000,0.529,0.5357,0.5286,0.5348,830216.4
1743879600000,0.5349,0.5364,0.5305,0.5316,556937.3
1743883200000,0.5315,0.5363,0.5297,0.5348,505660.2
1743886800000,0.5346,0.536,0.5327,0.5339,405537.0
1743890400000,0.5339,0.5391,0.533,0.5386,276413.1
1743894000000,0.5387,0.5449,0.5383,0.5434,672711.9
1743897600000,0.5434,0.5437,0.5393,0.5402,663016.3
1743901200000,0.5401,0.5432,0.5381,0.5391,400538.2
1743904800000,0.5392,0.5407,0.5365,0.5366,295026.8
1743908400000,0.5367,0.538,0.5341,0.537,353110.2
1743912000000,0.5371,0.5371,0.533,0.5358,323536.4
1743915600000,0.536,0.5377,0.5355,0.5373,302425.4
1743919200000,0.5373,0.5375,0.5316,0.5316,549692.3
1743922800000,0.5317,0.5323,0.5274,0.5283,652817.2
1743926400000,0.5281,0.5345,0.5252,0.5337,1038181.6
1743930000000,0.5337,0.5347,0.5307,0.5314,485785.5
1743933600000,0.5313,0.5315,0.5247,0.5272,632617.4
1743937200000,0.5271,0.5274,0.5231,0.5267,839579.9
1743940800000,0.5265,0.5266,0.5167,0.517,1111463.1
1743944400000,0.5169,0.52,0.5041,0.5056,2182458.3
1743948000000,0.5055,0.5168,0.5041,0.5164,1873930.0
1743951600000,0.5165,0.5192,0.5132,0.5133,1427294.3
1743955200000,0.5131,0.5145,0.5026,0.5039,1601718.0
1743958800000,0.5038,0.5043,0.4783,0.4816,6055745.5
1743962400000,0.4814,0.4819,0.4601,0.4628,5457045.3
1743966000000,0.4629,0.4718,0.4602,0.4704,3392067.0
1743969600000,0.4701,0.4734,0.4541,0.4587,3384834.6
1743973200000,0.4588,0.4678,0.4582,0.4618,1940280.0
1743976800000,0.4619,0.4702,0.4579,0.4623,4763185.3
1743980400000,0.4622,0.4695,0.4517,0.467,4018906.0
1743984000000,0.4671,0.4686,0.46,0.467,3994684.0
1743987600000,0.467,0.4843,0.467,0.4804,2629584.1
1743991200000,0.4803,0.4822,0.4694,0.4712,1658897.5
1743994800000,0.4712,0.4727,0.4512,0.4584,2677777.4
1743998400000,0.4585,0.4643,0.4539,0.4594,2370005.4
1744002000000,0.4594,0.4636,0.4547,0.4563,1383173.9
1744005600000,0.4562,0.4616,0.4186,0.4245,7379926.3
1744009200000,0.4249,0.4409,0.4239,0.4355,3518077.4
1744012800000,0.4355,0.4617,0.4345,0.4548,4381275.0
1744016400000,0.4548,0.4636,0.4504,0.454,2365645.9
1744020000000,0.4541,0.4653,0.4538,0.4547,2965349.5
1744023600000,0.4548,0.4596,0.4452,0.4478,2452416.3
1744027200000,0.4479,0.4616,0.4462,0.4571,2733775.1
1744030800000,0.4568,0.4754,0.4442,0.4722,5912110.1
1744034400000,0.4719,0.5005,0.4673,0.4758,15090080.0
1744038000000,0.4758,0.4796,0.4665,0.472,3433785.0
1744041600000,0.4719,0.4726,0.4609,0.4621,1899834.7
1744045200000,0.4619,0.4789,0.4619,0.4755,2732710.5
1744048800000,0.4757,0.4762,0.4673,0.4683,1006151.2
1744052400000,0.468,0.4739,0.4652,0.466,1144374.7
1744056000000,0.4659,0.4773,0.4659,0.4733,794900.7
1744059600000,0.4733,0.476,0.4679,0.4738,1089240.5
1744063200000,0.4739,0.4804,0.4724,0.4771,1155554.9
1744066800000,0.4771,0.4774,0.4699,0.471,995919.9
1744070400000,0.4711,0.4729,0.4653,0.4669,1005975.6
1744074000000,0.4667,0.4853,0.4654,0.4837,1288269.4
1744077600000,0.4837,0.4907,0.4815,0.4823,1112744.3
1744081200000,0.4823,0.4852,0.4775,0.4791,951623.2
1744084800000,0.4792,0.4811,0.4772,0.4798,581416.2
1744088400000,0.4797,0.4802,0.4696,0.4732,810496.0
1744092000000,0.4732,0.4732,0.4647,0.4649,617274.0
1744095600000,0.4648,0.4706,0.4637,0.4687,2122315.3
1744099200000,0.4684,0.47,0.4624,0.4653,1705700.7
1744102800000,0.4653,0.4702,0.4635,0.4665,769869.2
1744106400000,0.4664,0.4707,0.4659,0.4686,461972.1
1744110000000,0.4687,0.4846,0.468,0.4837,1215739.9
1744113600000,0.4838,0.486,0.4747,0.4764,1303396.8
1744117200000,0.4763,0.4842,0.4736,0.4774,1445630.3
1744120800000,0.4772,0.4821,0.4638,0.4638,3788868.2
1744124400000,0.464,0.4702,0.4626,0.4678,1821571.6
1744128000000,0.4677,0.469,0.4503,0.4523,2197676.8
1744131600000,0.4523,0.4532,0.4396,0.4493,3441273.9
1744135200000,0.4494,0.456,0.4468,0.4503,1581159.6
1744138800000,0.4504,0.4511,0.4386,0.4416,2095651.5
1744142400000,0.4415,0.4483,0.4389,0.4461,894792.0
1744146000000,0.4462,0.4479,0.4401,0.4448,509010.2
1744149600000,0.4448,0.4455,0.4354,0.4405,1860931.2
1744153200000,0.4404,0.4404,0.4357,0.4386,692763.2
1744156800000,0.4388,0.4432,0.434,0.435,1518279.1
1744160400000,0.4351,0.4381,0.4156,0.4377,4002137.7
1744164000000,0.4379,0.4435,0.4366,0.4372,2192878.0
1744167600000,0.4372,0.4399,0.4321,0.4342,1058708.2
1744171200000,0.4341,0.445,0.4325,0.4392,1389498.5
1744174800000,0.4393,0.4453,0.438,0.4427,879636.6
1744178400000,0.4429,0.4506,0.4424,0.447,1690564.8
1744182000000,0.4468,0.4567,0.4467,0.4552,1586808.2
1744185600000,0.4555,0.4578,0.4519,0.4563,602162.0
1744189200000,0.4564,0.4602,0.4532,0.4535,1263512.2
1744192800000,0.4536,0.4585,0.4514,0.456,830439.2
1744196400000,0.4561,0.4565,0.4387,0.4417,4352717.7
1744200000000,0.4418,0.4468,0.4356,0.4435,2517295.3
1744203600000,0.4436,0.4556,0.4403,0.4486,2690351.9
1744207200000,0.4486,0.4542,0.4388,0.4391,2341931.9
1744210800000,0.4391,0.4508,0.4391,0.4457,1613593.6
1744214400000,0.4458,0.452,0.4444,0.451,998329.4
1744218000000,0.451,0.493,0.4435,0.4917,14405943.0
1744221600000,0.4916,0.4978,0.4815,0.4838,7724967.9
1744225200000,0.4836,0.4918,0.4823,0.4862,3037620.3
1744228800000,0.4863,0.4907,0.4841,0.4904,1759732.0
1744232400000,0.4904,0.4932,0.4847,0.4884,995372.6
1744236000000,0.4884,0.4904,0.4861,0.4873,1054792.3
1744239600000,0.4873,0.4884,0.4801,0.4829,1348733.0
1744243200000,0.483,0.4849,0.4713,0.4755,1867403.7
1744246800000,0.4756,0.4772,0.4709,0.4743,1161221.4
1744250400000,0.4742,0.4796,0.4733,0.4781,1108870.2
1744254000000,0.4781,0.4782,0.4658,0.4702,1830540.6
1744257600000,0.4701,0.4716,0.4646,0.4707,1167790.5
1744261200000,0.4706,0.4737,0.468,0.4694,687027.2
1744264800000,0.4695,0.4731,0.466,0.4689,753088.0
1744268400000,0.469,0.4711,0.4609,0.4654,1112274.2
1744272000000,0.4655,0.4662,0.4613,0.4632,634777.2
1744275600000,0.4633,0.468,0.4611,0.4664,994554.1
1744279200000,0.4663,0.4668,0.4598,0.4627,3581566.8
1744282800000,0.4628,0.4641,0.4582,0.4634,676889.8
1744286400000,0.4632,0.4791,0.4624,0.4687,4890837.8
1744290000000,0.4688,0.4728,0.4603,0.463,2990339.1
1744293600000,0.4631,0.4722,0.4595,0.4669,1328240.9
1744297200000,0.467,0.468,0.4437,0.4454,4329995.1
1744300800000,0.4453,0.4507,0.4408,0.4454,1985879.7
1744304400000,0.4453,0.4483,0.4411,0.446,1608902.2
1744308000000,0.4458,0.4501,0.4433,0.4482,764819.6
1744311600000,0.4482,0.4499,0.4442,0.4461,755644.9
1744315200000,0.4461,0.4527,0.4457,0.4519,897682.1
1744318800000,0.4519,0.453,0.4483,0.45,1010163.4
1744322400000,0.4501,0.4529,0.4488,0.4497,544963.6
1744326000000,0.4498,0.4516,0.4477,0.4504,633418.9
1744329600000,0.4504,0.453,0.4467,0.4468,1019896.6
1744333200000,0.4469,0.4587,0.4467,0.4585,1081857.5
1744336800000,0.4586,0.4645,0.4552,0.4598,1097060.7
1744340400000,0.4598,0.4681,0.4589,0.4677,1496354.2
1744344000000,0.4677,0.4713,0.4666,0.4706,1389303.2
1744347600000,0.4708,0.4762,0.4674,0.4746,1285525.5
1744351200000,0.4746,0.4835,0.473,0.4801,1796476.9
1744354800000,0.4802,0.4812,0.4735,0.4764,937138.8
1744358400000,0.4765,0.4805,0.471,0.4759,1788464.7
1744362000000,0.4759,0.4813,0.4724,0.4813,1444322.4
1744365600000,0.4813,0.6119,0.4784,0.5393,62221847.5
1744369200000,0.5394,0.5417,0.5207,0.529,11145520.4
1744372800000,0.5288,0.5521,0.5271,0.5457,9941946.2
1744376400000,0.5459,0.5687,0.5353,0.558,14157147.3
1744380000000,0.5578,0.559,0.5275,0.5306,22600797.3
1744383600000,0.5307,0.535,0.5209,0.5249,12135880.7
1744387200000,0.525,0.5384,0.5119,0.5301,17457690.8
1744390800000,0.5302,0.5352,0.5227,0.5309,8778084.4
1744394400000,0.5308,0.5328,0.5236,0.5256,5288990.1
1744398000000,0.5254,0.5328,0.525,0.5296,3761674.6
1744401600000,0.5296,0.5386,0.5222,0.5379,5228705.5
1744405200000,0.5379,0.5412,0.528,0.5307,3837342.8
1744408800000,0.5308,0.5333,0.5253,0.5266,2293869.3
1744412400000,0.5264,0.5298,0.5208,0.5276,3199175.0
1744416000000,0.5275,0.5501,0.5184,0.5498,16703290.7
1744419600000,0.5498,0.5557,0.5419,0.5494,11792491.5
1744423200000,0.5493,0.5537,0.541,0.541,6639272.1
1744426800000,0.5409,0.55,0.5341,0.5397,6710334.3
1744430400000,0.5397,0.5508,0.5324,0.5499,5640240.2
1744434000000,0.55,0.5625,0.5466,0.5564,11329840.0
1744437600000,0.5564,0.5671,0.5502,0.553,10219662.9
1744441200000,0.5529,0.5652,0.5413,0.5638,11850476.3
1744444800000,0.5638,0.5766,0.5551,0.5567,10740075.1
1744448400000,0.5567,0.5699,0.552,0.5648,7265319.3
1744452000000,0.5648,0.5649,0.5362,0.5398,9989877.6
1744455600000,0.5399,0.5473,0.5394,0.5442,3901622.8
1744459200000,0.5441,0.5596,0.5416,0.551,4614548.4
1744462800000,0.551,0.5687,0.5479,0.5628,6826331.0
1744466400000,0.5629,0.59,0.5595,0.572,10295613.2
1744470000000,0.572,0.5969,0.5662,0.5955,9944949.2
1744473600000,0.5954,0.5987,0.5855,0.5883,8082475.3
1744477200000,0.5882,0.6165,0.5839,0.6052,9280579.5
1744480800000,0.6052,0.6111,0.5992,0.602,3809254.4
1744484400000,0.602,0.6113,0.5983,0.6011,5084821.4
1744488000000,0.6012,0.6126,0.5993,0.6065,2978093.8
1744491600000,0.6064,0.6167,0.6025,0.607,3021519.1
1744495200000,0.6071,0.6141,0.6015,0.6065,4086485.2
1744498800000,0.6065,0.615,0.6022,0.6112,3754669.3
1744502400000,0.6112,0.6366,0.6,0.6009,15343798.2
1744506000000,0.6011,0.6058,0.5865,0.5882,6342398.4
1744509600000,0.5885,0.5938,0.5838,0.5918,4217569.2
1744513200000,0.5918,0.5935,0.5864,0.5901,3119737.7
1744516800000,0.5901,0.591,0.5816,0.5831,3429058.2
1744520400000,0.5831,0.5889,0.5812,0.5839,2923306.8
1744524000000,0.5842,0.5882,0.583,0.5839,1958758.2
1744527600000,0.5838,0.5889,0.5793,0.5796,2266973.0
1744531200000,0.5797,0.5814,0.5756,0.5777,2553261.1
1744534800000,0.5777,0.5858,0.5764,0.5841,2139778.5
1744538400000,0.584,0.5897,0.5835,0.5886,2535413.4
1744542000000,0.5886,0.5907,0.5768,0.5804,3106723.8
1744545600000,0.5803,0.5823,0.5751,0.5775,2456275.3
1744549200000,0.5775,0.5815,0.5618,0.5659,5611400.3
1744552800000,0.566,0.5674,0.5495,0.5537,9755541.1
1744556400000,0.5537,0.5541,0.5463,0.5518,4198736.7
1744560000000,0.5517,0.5643,0.5514,0.5635,3451607.9
1744563600000,0.5635,0.5905,0.562,0.5847,10572420.5
1744567200000,0.5847,0.5956,0.5846,0.5862,5474734.5
1744570800000,0.5862,0.5882,0.559,0.5667,8778378.0
1744574400000,0.5669,0.571,0.5509,0.5545,4791817.1
1744578000000,0.5546,0.5552,0.5349,0.5403,5967020.7
1744581600000,0.5403,0.547,0.5242,0.5245,4237197.0
1744585200000,0.5246,0.5414,0.5223,0.5404,3886638.0
1744588800000,0.5403,0.5542,0.5334,0.5414,4705425.4
1744592400000,0.5414,0.5461,0.5399,0.545,2456777.8
1744596000000,0.545,0.5698,0.5426,0.5562,4863874.6
1744599600000,0.5562,0.5592,0.5454,0.5481,3075661.5
1744603200000,0.5481,0.5558,0.5434,0.555,4181983.4
1744606800000,0.555,0.556,0.5474,0.5536,2154724.1
1744610400000,0.5536,0.5538,0.5448,0.5488,3939570.0
1744614000000,0.5487,0.5535,0.5434,0.5497,2569946.7
1744617600000,0.5497,0.5557,0.5452,0.5493,2248411.4
1744621200000,0.5494,0.5518,0.5401,0.5465,2853826.4
1744624800000,0.5467,0.5645,0.5462,0.5622,2729513.0
1744628400000,0.5623,0.5905,0.5609,0.5896,6842032.1
1744632000000,0.5896,0.5908,0.571,0.5764,4739227.5
1744635600000,0.5765,0.5788,0.5592,0.5617,4562508.4
1744639200000,0.5617,0.5902,0.5609,0.5829,5340345.7
1744642800000,0.583,0.5837,0.5536,0.555,5689905.7
1744646400000,0.5554,0.5664,0.5536,0.5585,3564443.6
1744650000000,0.5583,0.5746,0.5583,0.5731,3559048.9
1744653600000,0.5731,0.5765,0.5678,0.5705,1909719.1
1744657200000,0.5704,0.579,0.5698,0.576,1949514.4
1744660800000,0.5761,0.5837,0.5712,0.5824,2392274.4
1744664400000,0.5823,0.5824,0.5673,0.574,2114613.6
1744668000000,0.5741,0.5743,0.5671,0.5716,1290221.7
1744671600000,0.5714,0.5779,0.57,0.5772,1929678.4
1744675200000,0.5772,0.5983,0.563,0.5717,9492639.6
1744678800000,0.5719,0.5813,0.565,0.58,2710975.4
1744682400000,0.5802,0.5832,0.5686,0.5734,2392651.8
1744686000000,0.5734,0.5873,0.5734,0.5814,2643431.0
1744689600000,0.5815,0.5844,0.5694,0.5772,2693666.7
1744693200000,0.5773,0.5892,0.5772,0.588,2694942.9
1744696800000,0.588,0.5931,0.5825,0.5909,2351188.8
1744700400000,0.5909,0.6097,0.5907,0.6057,5235548.9
1744704000000,0.6058,0.613,0.6004,0.6079,4198358.7
1744707600000,0.608,0.6234,0.6057,0.6186,11904522.1
1744711200000,0.6185,0.6295,0.6014,0.6085,9877926.0
1744714800000,0.6084,0.6088,0.5936,0.5985,4466466.0
1744718400000,0.5984,0.6038,0.5903,0.6006,3962859.7
1744722000000,0.6006,0.6156,0.598,0.6006,5172301.3
1744725600000,0.6006,0.6044,0.5847,0.5869,5848952.4
1744729200000,0.587,0.5932,0.579,0.5826,3688483.3
1744732800000,0.5827,0.5865,0.5775,0.579,2782142.8
1744736400000,0.5794,0.583,0.5703,0.5743,2854848.3
1744740000000,0.5742,0.5758,0.5643,0.5657,3672197.8
1744743600000,0.5656,0.5703,0.5623,0.5654,2444238.9
1744747200000,0.5654,0.5703,0.56,0.5636,2332366.0
1744750800000,0.5637,0.5744,0.5616,0.5719,1620670.8
1744754400000,0.5719,0.5719,0.559,0.5627,1878369.2
1744758000000,0.5629,0.5637,0.5546,0.5579,1513977.8
1744761600000,0.5578,0.56,0.5475,0.5481,2564581.5
1744765200000,0.548,0.5564,0.5473,0.5529,2076983.8
1744768800000,0.5528,0.5562,0.5486,0.5543,1456400.3
1744772400000,0.5544,0.564,0.5526,0.5555,2601582.6
1744776000000,0.5555,0.5568,0.5462,0.5507,2048103.9
1744779600000,0.5507,0.5561,0.5423,0.5498,3156111.2
1744783200000,0.5497,0.5516,0.5462,0.5485,1289965.4
1744786800000,0.5485,0.55,0.5326,0.5346,5058414.5
1744790400000,0.5346,0.5445,0.528,0.538,5595676.1
1744794000000,0.5381,0.5469,0.5371,0.5373,3002871.8
1744797600000,0.5373,0.5474,0.536,0.5433,2451776.5
1744801200000,0.5434,0.5472,0.5387,0.5457,2297849.4
1744804800000,0.5456,0.5464,0.5346,0.5352,2956591.5
1744808400000,0.5351,0.5405,0.5303,0.5308,2864715.6
1744812000000,0.5308,0.554,0.5307,0.548,4171643.4
1744815600000,0.548,0.5607,0.5474,0.5482,3506641.6
1744819200000,0.5483,0.551,0.5342,0.5443,3117341.5
1744822800000,0.5445,0.5621,0.5309,0.5331,6305405.9
1744826400000,0.5333,0.5541,0.5331,0.5454,4296442.5
1744830000000,0.5454,0.5595,0.5378,0.5549,2676501.4
1744833600000,0.5548,0.5582,0.5412,0.5424,2068754.3
1744837200000,0.5424,0.5507,0.5403,0.5452,1509293.9
1744840800000,0.5452,0.5491,0.5407,0.5445,1222180.5
1744844400000,0.5446,0.5453,0.5346,0.5367,1552641.3
1744848000000,0.5367,0.5379,0.5314,0.5378,1649669.3
1744851600000,0.5378,0.5429,0.5304,0.5335,2142896.5
1744855200000,0.5335,0.5338,0.528,0.5314,1667707.2
1744858800000,0.5315,0.5352,0.5264,0.5306,1516571.5
1744862400000,0.5305,0.5367,0.5281,0.535,976602.8
1744866000000,0.5351,0.5412,0.5349,0.537,1402451.9
1744869600000,0.5372,0.5454,0.537,0.5431,1650314.0
1744873200000,0.5432,0.5489,0.5404,0.544,1347698.9
1744876800000,0.5441,0.5466,0.536,0.5361,1486439.4
1744880400000,0.536,0.5396,0.5323,0.5373,1550305.7
1744884000000,0.5372,0.5381,0.5325,0.5357,2393208.1
1744887600000,0.5357,0.5414,0.5351,0.5373,1305097.4
1744891200000,0.5372,0.5468,0.5365,0.5449,2058212.5
1744894800000,0.5448,0.5552,0.5402,0.542,4537236.0
1744898400000,0.5419,0.5437,0.5242,0.5308,3549605.8
1744902000000,0.5308,0.5479,0.5307,0.5448,3163674.0
1744905600000,0.5449,0.5609,0.5401,0.558,4063975.9
1744909200000,0.5581,0.5673,0.5545,0.5647,2756381.4
1744912800000,0.5648,0.5718,0.561,0.564,2149215.1
1744916400000,0.564,0.5671,0.5516,0.5551,2707816.3
1744920000000,0.555,0.5674,0.5549,0.5651,1896958.8
1744923600000,0.5651,0.5657,0.5599,0.563,934597.0
1744927200000,0.563,0.565,0.5541,0.5542,1089290.1
1744930800000,0.5541,0.5587,0.5526,0.5558,990677.4
1744934400000,0.5559,0.57,0.5558,0.5592,5217062.2
1744938000000,0.5591,0.5652,0.555,0.5552,2051175.0
1744941600000,0.5554,0.5595,0.5534,0.555,1285303.1
1744945200000,0.555,0.5551,0.5446,0.5458,2047678.7
1744948800000,0.5458,0.551,0.5408,0.5477,1625670.1
1744952400000,0.5476,0.5498,0.5418,0.5496,1439621.9
1744956000000,0.5495,0.5572,0.5466,0.5563,1138025.8
1744959600000,0.5563,0.5645,0.5507,0.564,2397310.2
1744963200000,0.5642,0.5743,0.5596,0.5735,1970060.7
1744966800000,0.5737,0.5737,0.5624,0.5662,2679241.8
1744970400000,0.5661,0.5708,0.5643,0.5668,1347618.4
1744974000000,0.5669,0.5718,0.5642,0.5688,1382736.3
1744977600000,0.569,0.5756,0.5656,0.5756,1695144.9
1744981200000,0.5755,0.5809,0.5679,0.5799,3776838.4
1744984800000,0.5798,0.5853,0.5686,0.5711,3562298.8
1744988400000,0.571,0.5736,0.5592,0.5651,2281264.6
1744992000000,0.5651,0.569,0.5629,0.567,1680385.0
1744995600000,0.5671,0.5761,0.5652,0.5755,1560085.1
1744999200000,0.5753,0.5765,0.5699,0.572,944598.2
1745002800000,0.572,0.5869,0.5689,0.5771,3830473.4
1745006400000,0.577,0.5848,0.5768,0.5833,1566347.8
1745010000000,0.5832,0.5867,0.5776,0.5855,1164370.4
1745013600000,0.5856,0.5895,0.5823,0.5849,1423750.3
1745017200000,0.5849,0.5871,0.5798,0.5862,1295972.1
1745020800000,0.5863,0.5898,0.5739,0.5749,2175093.2
1745024400000,0.575,0.5806,0.5748,0.5773,1103965.1
1745028000000,0.5774,0.5822,0.5747,0.5796,1089530.0
1745031600000,0.5796,0.5918,0.579,0.5823,2323358.9
1745035200000,0.5823,0.5874,0.5784,0.5797,1321845.1
1745038800000,0.5796,0.5805,0.5742,0.5746,1106428.4
1745042400000,0.5747,0.5765,0.5705,0.5705,1159676.7
1745046000000,0.5706,0.5778,0.5702,0.5767,1087086.2
1745049600000,0.5766,0.5806,0.575,0.5782,1158358.1
1745053200000,0.5783,0.5809,0.5717,0.5721,1234747.3
1745056800000,0.5719,0.572,0.5663,0.5692,1745258.1
1745060400000,0.569,0.5698,0.5662,0.5676,948917.5
1745064000000,0.5676,0.5709,0.5652,0.5654,894152.0
1745067600000,0.5655,0.5706,0.5636,0.57,1693574.8
1745071200000,0.5699,0.5721,0.5678,0.572,847871.9
1745074800000,0.572,0.5793,0.5717,0.5759,1408493.8
1745078400000,0.576,0.5806,0.5694,0.5702,2310325.3
1745082000000,0.5702,0.5826,0.5685,0.5807,1579295.2
1745085600000,0.5808,0.5856,0.5783,0.5796,1135157.1
1745089200000,0.5795,0.5822,0.5772,0.5777,710650.0
1745092800000,0.5776,0.5848,0.5753,0.5842,804315.9
1745096400000,0.5841,0.5888,0.5831,0.5866,1009641.5
1745100000000,0.5866,0.5886,0.5806,0.5834,1182391.7
1745103600000,0.5837,0.5859,0.5788,0.5823,1040141.9
1745107200000,0.5821,0.5822,0.5723,0.5723,1520156.4
1745110800000,0.5722,0.5793,0.572,0.5784,1065705.9
1745114400000,0.5784,0.5812,0.5724,0.5765,2026046.7
1745118000000,0.5763,0.5766,0.5674,0.5704,2146777.5
1745121600000,0.5705,0.5883,0.5705,0.584,2480893.4
1745125200000,0.584,0.5892,0.5799,0.5799,1712599.6
1745128800000,0.5798,0.5821,0.5739,0.5749,1525214.6
1745132400000,0.5748,0.5749,0.567,0.5705,1827709.1
1745136000000,0.5705,0.5716,0.5615,0.5634,1447177.1
1745139600000,0.5634,0.5658,0.5605,0.563,1144593.8
1745143200000,0.5629,0.5647,0.5515,0.5538,1887822.3
1745146800000,0.5537,0.5582,0.5466,0.5529,3218953.2
1745150400000,0.5527,0.5587,0.551,0.5554,1554540.2
1745154000000,0.5555,0.5586,0.5522,0.5571,1269890.1
1745157600000,0.5571,0.5626,0.5561,0.5596,1025118.3
1745161200000,0.5596,0.5596,0.5487,0.5514,1426583.2
1745164800000,0.5513,0.5608,0.5493,0.5601,1267488.4
1745168400000,0.5601,0.5603,0.5531,0.5563,634701.5
1745172000000,0.5562,0.5576,0.5531,0.5575,821237.5
1745175600000,0.5575,0.5624,0.5566,0.5624,767108.9
1745179200000,0.5624,0.5768,0.5616,0.5751,2289688.8
1745182800000,0.575,0.5762,0.5708,0.5715,938235.4
1745186400000,0.5715,0.5718,0.5623,0.566,871004.5
1745190000000,0.5659,0.5734,0.5659,0.573,652055.0
1745193600000,0.5731,0.601,0.5705,0.5904,5415097.9
1745197200000,0.5903,0.601,0.5898,0.5964,3310660.6
1745200800000,0.5964,0.5978,0.5838,0.5862,1818026.3
1745204400000,0.5863,0.5924,0.5853,0.5884,1702949.6
1745208000000,0.5885,0.592,0.5855,0.5913,1021712.0
1745211600000,0.5913,0.5976,0.5884,0.5911,1187363.8
1745215200000,0.5911,0.5946,0.5866,0.5867,1192389.1
1745218800000,0.5867,0.5896,0.5841,0.5877,1088439.5
1745222400000,0.5878,0.5957,0.5878,0.5933,1139049.9
1745226000000,0.5936,0.5974,0.585,0.5865,1123446.0
1745229600000,0.5865,0.5872,0.5804,0.5856,1190275.1
1745233200000,0.5856,0.5863,0.5747,0.5796,1928213.5
1745236800000,0.5796,0.586,0.5792,0.5851,972791.3
1745240400000,0.5849,0.5908,0.5803,0.5824,1984744.3
1745244000000,0.5823,0.5977,0.5803,0.593,2394628.0
1745247600000,0.5929,0.5938,0.5825,0.5862,1397406.1
1745251200000,0.5862,0.5889,0.5675,0.5704,2379254.3
1745254800000,0.5704,0.5723,0.5604,0.5678,3036768.1
1745258400000,0.5679,0.5689,0.5635,0.5637,1159585.1
1745262000000,0.5635,0.5739,0.5623,0.5726,986623.9
1745265600000,0.5725,0.5733,0.5697,0.5712,387085.6
1745269200000,0.5712,0.5719,0.5657,0.5706,515029.6
1745272800000,0.5706,0.5712,0.5661,0.5703,649609.1
1745276400000,0.5702,0.5705,0.5629,0.5673,1119924.2
1745280000000,0.5673,0.5673,0.5499,0.5601,2456133.1
1745283600000,0.5601,0.587,0.5578,0.5862,4022166.6
1745287200000,0.5859,0.59,0.5756,0.5783,2934465.4
1745290800000,0.5783,0.5797,0.5679,0.5707,3552377.9
1745294400000,0.5707,0.5773,0.5686,0.5702,1326278.7
1745298000000,0.5704,0.5727,0.5658,0.5706,1174639.6
1745301600000,0.5704,0.5709,0.5578,0.5632,1587221.6
1745305200000,0.5633,0.5819,0.5631,0.5816,2091035.8
1745308800000,0.5816,0.59,0.5762,0.5806,2882830.6
1745312400000,0.5806,0.5836,0.5748,0.5768,1020482.9
1745316000000,0.5766,0.5862,0.5729,0.5844,2356665.2
1745319600000,0.5844,0.5963,0.5834,0.5956,1901778.2
1745323200000,0.5957,0.6009,0.5881,0.5965,2781710.0
1745326800000,0.5965,0.6095,0.5911,0.6089,4255160.8
1745330400000,0.6088,0.6251,0.6047,0.6199,7598873.3
1745334000000,0.6196,0.6478,0.619,0.6393,10137267.2
1745337600000,0.6392,0.6445,0.6291,0.6323,3839570.0
1745341200000,0.6322,0.6377,0.6279,0.6338,2190007.8
1745344800000,0.6338,0.6423,0.6307,0.641,1354504.4
1745348400000,0.641,0.6446,0.6338,0.6386,1540837.8
1745352000000,0.6388,0.6416,0.6357,0.6372,1593065.4
1745355600000,0.6372,0.6683,0.6358,0.6584,3951120.6
1745359200000,0.6584,0.681,0.6573,0.6796,6213416.9
1745362800000,0.6797,0.6966,0.6766,0.6893,9342271.9
1745366400000,0.6894,0.7188,0.6894,0.7004,8208771.5
1745370000000,0.7005,0.7317,0.6998,0.7094,5847698.2
1745373600000,0.7095,0.7491,0.7085,0.7424,5409566.2
1745377200000,0.7422,0.7804,0.7361,0.7698,9049829.0
1745380800000,0.7697,0.7872,0.7562,0.7793,11624581.1
1745384400000,0.7789,0.7972,0.7683,0.7877,9472768.1
1745388000000,0.7877,0.807,0.7643,0.7726,13162474.1
1745391600000,0.7726,0.7776,0.7587,0.7667,7494110.1
1745395200000,0.7667,0.7668,0.7513,0.7642,6379395.1
1745398800000,0.7643,0.7822,0.7575,0.7759,4928107.6
1745402400000,0.7759,0.7829,0.7596,0.7818,4703941.5
1745406000000,0.7817,0.7899,0.7719,0.7804,4414000.0
1745409600000,0.7804,0.8037,0.7768,0.8018,6210270.2
1745413200000,0.8018,0.8472,0.7933,0.8014,24046579.4
1745416800000,0.8015,0.8161,0.7671,0.7762,13211807.8
1745420400000,0.7762,0.7811,0.7507,0.7796,13891407.2
1745424000000,0.7794,0.783,0.7512,0.7728,8229248.1
1745427600000,0.7727,0.7856,0.7669,0.7772,4059495.5
1745431200000,0.777,0.7891,0.7681,0.7692,2333665.2
1745434800000,0.7691,0.7699,0.7552,0.7615,2887681.6
1745438400000,0.7615,0.7646,0.7467,0.7482,2486812.4
1745442000000,0.7482,0.7527,0.7318,0.7353,3724186.4
1745445600000,0.7355,0.7374,0.7251,0.7337,3337964.4
1745449200000,0.7334,0.7373,0.7219,0.7262,2878829.9
1745452800000,0.7261,0.7383,0.7045,0.7111,6464236.7
1745456400000,0.7113,0.7162,0.6974,0.7029,5235433.2
1745460000000,0.7031,0.7177,0.6994,0.7025,3530583.2
1745463600000,0.7024,0.708,0.6811,0.6833,4668237.9
1745467200000,0.6832,0.6877,0.6744,0.6833,5346800.4
1745470800000,0.6832,0.6983,0.6815,0.6978,3976943.2
1745474400000,0.6976,0.7086,0.6909,0.6933,5298779.8
1745478000000,0.6933,0.7005,0.6797,0.6832,3819546.2
1745481600000,0.6832,0.6896,0.6726,0.6787,4361163.2
1745485200000,0.6789,0.6876,0.6779,0.6863,2486596.1
1745488800000,0.6862,0.6965,0.6838,0.6921,2967095.4
1745492400000,0.692,0.697,0.6889,0.6943,2793645.7
1745496000000,0.6942,0.6957,0.6883,0.6952,1824616.5
1745499600000,0.6952,0.7064,0.6909,0.7003,4327392.8
1745503200000,0.7004,0.7336,0.699,0.7288,8591932.6
1745506800000,0.729,0.7455,0.7229,0.7305,5886323.0
1745510400000,0.7305,0.7665,0.7227,0.7621,6514294.1
1745514000000,0.762,0.762,0.7277,0.7378,5711148.2
1745517600000,0.7376,0.748,0.7364,0.7439,2608562.9
1745521200000,0.744,0.7466,0.7333,0.7373,1572130.4
1745524800000,0.7373,0.7425,0.7312,0.7358,1721817.2
1745528400000,0.7359,0.7412,0.7305,0.7365,1731675.9
1745532000000,0.7364,0.7445,0.7293,0.7354,1547244.0
1745535600000,0.7354,0.7747,0.7326,0.7746,3290114.2
1745539200000,0.7747,0.7762,0.7452,0.7502,4878683.4
1745542800000,0.7501,0.7768,0.7479,0.7628,4518099.2
1745546400000,0.763,0.7691,0.7384,0.7415,3539519.1
1745550000000,0.7416,0.7539,0.7361,0.7527,2834373.8
1745553600000,0.7524,0.7651,0.7403,0.7411,2675076.6
1745557200000,0.7411,0.7611,0.7406,0.7517,2749583.7
1745560800000,0.7518,0.7927,0.7489,0.7917,4669801.8
1745564400000,0.7917,0.8255,0.791,0.8222,8667753.4
1745568000000,0.8221,0.8385,0.8131,0.8375,8417911.6
1745571600000,0.8375,0.8912,0.8237,0.8746,12497185.8
1745575200000,0.8747,0.8876,0.8461,0.8702,11941729.8
1745578800000,0.8703,0.905,0.8703,0.8914,11279804.4
1745582400000,0.8915,0.9304,0.8782,0.8849,15671533.8
1745586000000,0.8854,0.9063,0.8701,0.8942,8951913.2
1745589600000,0.894,0.9383,0.8849,0.9273,12121008.0
1745593200000,0.9271,0.9609,0.922,0.929,14244535.0
1745596800000,0.929,0.9437,0.9031,0.9181,12191135.7
1745600400000,0.918,0.9472,0.8973,0.8987,11590801.0
1745604000000,0.8989,0.9469,0.8989,0.9255,9727607.9
1745607600000,0.9255,0.9333,0.9072,0.9228,8928870.2
1745611200000,0.9229,0.9625,0.922,0.9543,11205757.7
1745614800000,0.9542,0.9848,0.9261,0.9336,13340669.0
1745618400000,0.9333,0.956,0.9322,0.9406,4396293.9
1745622000000,0.9406,0.9427,0.9191,0.9235,4768917.5
1745625600000,0.9235,0.9444,0.9182,0.9353,4756965.3
1745629200000,0.9352,0.9758,0.9231,0.9723,7589327.0
1745632800000,0.9721,1.0991,0.9646,1.0675,28397366.6
1745636400000,1.0675,1.1073,1.0665,1.0786,21793429.5
1745640000000,1.0785,1.0839,1.0272,1.0362,15606939.2
1745643600000,1.0362,1.0655,1.022,1.0537,13757282.7
1745647200000,1.0536,1.0984,1.0517,1.082,18762046.9
1745650800000,1.0822,1.1781,1.0745,1.105,47646671.5
1745654400000,1.1049,1.1166,1.0726,1.0828,26047395.0
1745658000000,1.0829,1.0992,1.0611,1.0709,19779508.2
1745661600000,1.0709,1.0976,1.062,1.0802,12844372.6
1745665200000,1.0801,1.0813,1.0194,1.03,18804128.1
1745668800000,1.0302,1.0544,1.0298,1.0334,11986201.9
1745672400000,1.0334,1.0444,1.008,1.0281,14290724.2
1745676000000,1.0282,1.0328,1.0107,1.0219,10164584.0
1745679600000,1.0221,1.0879,1.0162,1.0788,18966558.1
1745683200000,1.0791,1.0841,1.0438,1.0612,11414794.0
1745686800000,1.061,1.0793,1.0583,1.0661,4987170.4
1745690400000,1.0657,1.0758,1.0583,1.0658,4128724.4
1745694000000,1.0657,1.0747,1.0514,1.072,5274143.8
1745697600000,1.0718,1.091,1.0708,1.0844,5310284.4
1745701200000,1.0845,1.0959,1.0626,1.0752,4421007.1
1745704800000,1.0752,1.1304,1.0751,1.112,11269350.1
1745708400000,1.1116,1.1458,1.1001,1.1046,12706773.4
1745712000000,1.1047,1.1256,1.068,1.085,18670100.1
1745715600000,1.0851,1.0886,1.0454,1.0515,12871520.0
1745719200000,1.0518,1.1103,1.0493,1.1032,9179197.5
1745722800000,1.1031,1.1393,1.0856,1.1368,12026413.6
1745726400000,1.1366,1.1383,1.081,1.0839,11166316.0
1745730000000,1.0838,1.0958,1.0671,1.0925,7688286.3
1745733600000,1.0925,1.1155,1.0844,1.0902,8007078.5
1745737200000,1.0905,1.1205,1.0825,1.1083,6613999.6
1745740800000,1.1081,1.1279,1.097,1.1128,4897169.1
1745744400000,1.1126,1.1427,1.0913,1.1252,9515574.6
1745748000000,1.1253,1.1318,1.1034,1.1182,6873518.3
1745751600000,1.1181,1.1668,1.1125,1.1631,14589181.6
1745755200000,1.1629,1.1637,1.0788,1.0844,18433809.8
1745758800000,1.0845,1.0992,1.053,1.0946,13315668.6
1745762400000,1.0947,1.0961,1.0638,1.074,6792693.2
1745766000000,1.0741,1.0742,1.0541,1.0623,6451106.0
1745769600000,1.0623,1.0733,1.0525,1.0593,6540907.7
1745773200000,1.0593,1.0769,1.0531,1.0591,4363043.3
1745776800000,1.059,1.0898,1.056,1.0879,4091117.1
1745780400000,1.088,1.0988,1.0801,1.0915,3992362.3
1745784000000,1.0917,1.0937,1.0739,1.0825,2744030.7
1745787600000,1.0824,1.116,1.076,1.1079,3358028.9
1745791200000,1.1082,1.1085,1.0813,1.0886,4424940.4
1745794800000,1.0888,1.0889,1.0639,1.0682,4978884.9
1745798400000,1.0682,1.0752,1.0317,1.034,9271529.7
1745802000000,1.0342,1.0563,1.0266,1.0384,6127941.8
1745805600000,1.0384,1.0814,1.0352,1.0806,5442363.9
1745809200000,1.0804,1.107,1.0684,1.0913,7302888.9
1745812800000,1.0913,1.1089,1.0848,1.1068,5536774.9
1745816400000,1.1066,1.1628,1.0974,1.1454,11375536.4
1745820000000,1.1454,1.2696,1.1453,1.2465,30876810.7
1745823600000,1.2463,1.296,1.2255,1.2748,18606705.3
1745827200000,1.2752,1.2915,1.25,1.2712,13028429.1
1745830800000,1.2711,1.309,1.26,1.2923,11472420.7
1745834400000,1.2925,1.3122,1.2633,1.282,16795829.5
1745838000000,1.2821,1.2936,1.2485,1.2547,10726707.8
1745841600000,1.2546,1.2693,1.2331,1.2421,10655227.2
1745845200000,1.2421,1.2556,1.2308,1.2384,9277210.1
1745848800000,1.2386,1.2933,1.212,1.2248,24996475.9
1745852400000,1.2248,1.2475,1.2179,1.2327,14260646.7
1745856000000,1.2325,1.2798,1.2215,1.2721,15595579.8
1745859600000,1.272,1.313,1.2709,1.3093,14129278.7
1745863200000,1.3095,1.3788,1.3002,1.3642,26555763.4
1745866800000,1.3639,1.4247,1.3584,1.4091,31855245.9
1745870400000,1.4088,1.4202,1.3904,1.4029,16829448.8
1745874000000,1.403,1.4352,1.3679,1.3811,17725046.1
1745877600000,1.3811,1.4355,1.3686,1.4079,15991706.5
1745881200000,1.4079,1.4223,1.378,1.4015,11076834.7
1745884800000,1.4015,1.5335,1.3892,1.4593,50634813.0
1745888400000,1.4593,1.5161,1.4431,1.4812,26136619.5
1745892000000,1.4809,1.5052,1.4639,1.4817,19964816.0
1745895600000,1.4817,1.4969,1.4571,1.483,14511257.6
1745899200000,1.483,1.5,1.4163,1.4261,25754472.0
1745902800000,1.426,1.4799,1.4107,1.4649,18479967.0
1745906400000,1.465,1.4922,1.4418,1.4559,16768094.9
1745910000000,1.456,1.4722,1.439,1.454,9004891.2
1745913600000,1.4541,1.4857,1.4513,1.4755,8674016.8
1745917200000,1.4753,1.4827,1.422,1.4491,15117011.0
1745920800000,1.449,1.4661,1.4105,1.4239,12403340.1
1745924400000,1.4237,1.4799,1.4198,1.4763,11968688.9
1745928000000,1.4764,1.5232,1.4553,1.4668,22317073.7
1745931600000,1.4667,1.4736,1.4204,1.4493,15570911.1
1745935200000,1.4494,1.4745,1.4398,1.4642,10725756.0
1745938800000,1.4645,1.4711,1.437,1.444,7988128.8
1745942400000,1.4441,1.4975,1.4425,1.4545,13238380.9
1745946000000,1.4543,1.4826,1.4372,1.4495,9965820.2
1745949600000,1.4495,1.4731,1.4441,1.4527,5975661.8
1745953200000,1.4528,1.4696,1.4434,1.4564,5399048.8
1745956800000,1.4566,1.4637,1.4203,1.4321,7525181.9
1745960400000,1.432,1.4417,1.3395,1.3811,20705824.0
1745964000000,1.381,1.3853,1.3525,1.364,9340044.8
1745967600000,1.3641,1.3806,1.3426,1.3784,8124868.0
1745971200000,1.3784,1.4067,1.3252,1.404,19580943.3
1745974800000,1.4043,1.4147,1.339,1.3608,12202133.5
1745978400000,1.3609,1.3627,1.3291,1.3305,5486125.7
1745982000000,1.3304,1.3385,1.3072,1.3341,9069385.2
1745985600000,1.3342,1.3566,1.3248,1.3386,5962470.3
1745989200000,1.339,1.3538,1.3217,1.3534,5155598.2
1745992800000,1.3535,1.3599,1.3326,1.3348,6686227.9
1745996400000,1.3348,1.3377,1.3088,1.3187,5088615.2
1746000000000,1.3185,1.3358,1.2936,1.3048,6916581.8
1746003600000,1.3048,1.3146,1.2949,1.3037,5151458.5
1746007200000,1.3037,1.3086,1.2704,1.2856,8043504.8
1746010800000,1.2855,1.3098,1.2807,1.3071,5682493.5
1746014400000,1.307,1.3301,1.233,1.2451,21072525.3
1746018000000,1.2452,1.2531,1.196,1.2023,20799668.9
1746021600000,1.2024,1.3307,1.2012,1.3175,35426006.9
1746025200000,1.3172,1.3675,1.3167,1.3478,23963297.6
1746028800000,1.3482,1.3684,1.3155,1.3372,15133256.2
1746032400000,1.3375,1.3454,1.3047,1.3308,10322080.5
1746036000000,1.3308,1.3398,1.3162,1.327,5026053.9
1746039600000,1.3269,1.3448,1.3202,1.3328,3844321.6
1746043200000,1.3331,1.3767,1.3299,1.3612,7259504.9
1746046800000,1.3612,1.3998,1.3332,1.3423,10310710.4
1746050400000,1.3424,1.3992,1.3413,1.3948,9905399.8
1746054000000,1.3947,1.55,1.3947,1.5384,29688516.6
1746057600000,1.538,1.6063,1.4929,1.6026,32810799.8
1746061200000,1.6026,1.6842,1.5951,1.6721,28723721.8
1746064800000,1.6727,1.6773,1.6068,1.6275,18167124.3
1746068400000,1.6275,1.66,1.6119,1.6219,11768728.9
1746072000000,1.6217,1.6295,1.581,1.6215,12996260.3
1746075600000,1.6214,1.6742,1.6156,1.6431,13699541.8
1746079200000,1.6433,1.6543,1.6169,1.622,6612161.0
1746082800000,1.6219,1.6581,1.6205,1.6394,7998741.1
1746086400000,1.6392,1.6393,1.5979,1.6198,10609222.3
1746090000000,1.6199,1.6538,1.5951,1.6441,12178678.2
1746093600000,1.6441,1.7382,1.6441,1.7307,36570762.3
1746097200000,1.7308,1.7848,1.7217,1.7703,37415670.8
1746100800000,1.7703,1.7745,1.715,1.7429,27670833.9
1746104400000,1.7429,1.7921,1.735,1.7374,35097721.3
1746108000000,1.7374,1.7691,1.7286,1.7466,22029909.7
1746111600000,1.7469,1.7576,1.6691,1.6817,30915076.7
1746115200000,1.6818,1.7364,1.6814,1.7322,17959259.8
1746118800000,1.7323,1.7539,1.7066,1.7193,16753511.4
1746122400000,1.7194,1.7196,1.6831,1.6929,15675177.1
1746126000000,1.6929,1.6939,1.6222,1.6379,18590861.1
1746129600000,1.6379,1.6579,1.6302,1.6442,8203659.9
1746133200000,1.6441,1.676,1.6342,1.6428,9975232.7
1746136800000,1.6425,1.6464,1.6176,1.6421,7824541.0
1746140400000,1.6419,1.6459,1.6152,1.6385,6680585.5
1746144000000,1.6387,1.6595,1.6033,1.6202,13427735.4
1746147600000,1.6201,1.6749,1.5876,1.6453,17671860.1
1746151200000,1.6454,1.6815,1.6346,1.6505,10038754.6
1746154800000,1.6509,1.6509,1.6162,1.6371,7870766.3
1746158400000,1.637,1.6562,1.5952,1.6178,9580728.9
1746162000000,1.618,1.6328,1.5981,1.6301,7873630.0
1746165600000,1.6301,1.6587,1.6143,1.6164,9867159.4
1746169200000,1.6163,1.6449,1.6109,1.6313,6256991.7
1746172800000,1.6311,1.7043,1.6289,1.6801,14392680.4
1746176400000,1.6802,1.7267,1.6693,1.6989,18520293.1
1746180000000,1.6988,1.7639,1.6934,1.7191,19199881.1
1746183600000,1.7194,1.8345,1.7032,1.7919,31035151.8
1746187200000,1.7919,1.8255,1.764,1.8162,21727000.6
1746190800000,1.8163,1.8879,1.811,1.8563,31576065.3
1746194400000,1.8564,1.8866,1.828,1.8574,18036479.0
1746198000000,1.8575,1.8788,1.7922,1.8242,26089335.2
1746201600000,1.8242,1.8721,1.8201,1.8576,13691200.8
1746205200000,1.8578,1.8692,1.8212,1.8416,9087279.2
1746208800000,1.8417,1.8632,1.827,1.8285,7597192.6
1746212400000,1.8284,1.8511,1.8101,1.8192,8364544.9
1746216000000,1.8193,1.828,1.8038,1.8161,4776308.4
1746219600000,1.8161,1.828,1.7404,1.748,12903321.3
1746223200000,1.748,1.7772,1.7359,1.7708,7884033.8
1746226800000,1.7709,1.7751,1.7513,1.7592,5058255.5
1746230400000,1.7595,1.7693,1.7202,1.7316,9966360.5
1746234000000,1.7317,1.7429,1.7082,1.7247,6845261.6
1746237600000,1.7244,1.7676,1.7129,1.75,10270384.2
1746241200000,1.7499,1.8066,1.7483,1.7873,10261152.4
1746244800000,1.7873,1.7999,1.7522,1.7633,8363263.8
1746248400000,1.7635,1.7635,1.7316,1.7365,6721361.1
1746252000000,1.7365,1.7548,1.73,1.7391,4554329.1
1746255600000,1.7391,1.7593,1.7204,1.7525,5943407.2
1746259200000,1.7525,1.759,1.7376,1.755,5067271.3
1746262800000,1.7549,1.7938,1.7482,1.7716,9487154.0
1746266400000,1.7712,1.772,1.7205,1.7393,9662738.1
1746270000000,1.7391,1.7445,1.67,1.6783,13934323.0
1746273600000,1.6785,1.7487,1.6785,1.7475,10768261.1
1746277200000,1.7476,1.8053,1.7332,1.7973,13535921.1
1746280800000,1.7973,1.8469,1.7353,1.7731,23584366.4
1746284400000,1.7732,1.815,1.7658,1.7943,12157854.8
1746288000000,1.7939,1.8052,1.7606,1.7671,10314126.4
1746291600000,1.7671,1.7916,1.747,1.7678,10237331.1
1746295200000,1.7679,1.7726,1.7125,1.7444,7066181.4
1746298800000,1.7445,1.7584,1.7309,1.7429,4521280.1
1746302400000,1.7428,1.759,1.7165,1.7262,4814861.7
1746306000000,1.7263,1.756,1.7078,1.73,4476137.5
1746309600000,1.7303,1.7352,1.6904,1.7008,5609763.6
1746313200000,1.7006,1.7168,1.6912,1.692,4923378.0
1746316800000,1.6921,1.746,1.66,1.6812,14114116.3
1746320400000,1.6812,1.7016,1.6616,1.6796,7998030.8
1746324000000,1.6798,1.7316,1.6685,1.7043,9672109.9
1746327600000,1.7045,1.7053,1.6381,1.6427,9851920.0
1746331200000,1.6429,1.6626,1.6275,1.6356,8161083.1
1746334800000,1.6357,1.6575,1.6164,1.6315,8480255.6
1746338400000,1.6317,1.6406,1.6035,1.618,7536555.6
1746342000000,1.618,1.6434,1.569,1.6426,12196520.0
1746345600000,1.6427,1.6596,1.6015,1.6041,12103101.9
1746349200000,1.604,1.6164,1.5819,1.5933,9068824.1
1746352800000,1.5932,1.599,1.5801,1.5851,5829733.6
1746356400000,1.5848,1.6346,1.5848,1.616,10723320.8
1746360000000,1.6159,1.6492,1.6137,1.6259,7197060.5
1746363600000,1.626,1.6648,1.6158,1.6569,7749997.8
1746367200000,1.6569,1.7388,1.6559,1.7205,22293703.3
1746370800000,1.7204,1.7468,1.6555,1.6698,17433591.5
1746374400000,1.6699,1.7293,1.6692,1.7011,14513426.8
1746378000000,1.7011,1.7077,1.6515,1.6778,10051921.4
1746381600000,1.6779,1.6948,1.642,1.6447,6941481.1
1746385200000,1.6446,1.6584,1.6239,1.6472,6379080.2
1746388800000,1.6471,1.6852,1.6358,1.6809,6565349.9
1746392400000,1.6812,1.7018,1.6603,1.6803,5154720.6
1746396000000,1.6802,1.6808,1.6161,1.6295,8014732.4
1746399600000,1.6295,1.6487,1.6177,1.6366,5326670.3
1746403200000,1.6366,1.6851,1.633,1.6481,11246857.9
1746406800000,1.6484,1.6503,1.59,1.5977,12075837.5
1746410400000,1.5974,1.6522,1.5777,1.6496,12703785.2
1746414000000,1.6497,1.6577,1.61,1.6127,6406073.4
1746417600000,1.6128,1.6682,1.6113,1.663,8220009.0
1746421200000,1.6629,1.683,1.6379,1.6768,7508395.8
1746424800000,1.6768,1.7269,1.6569,1.7155,15047693.3
1746428400000,1.7155,1.7679,1.7063,1.7546,19021901.2
1746432000000,1.7545,1.8289,1.7501,1.814,27480134.5
1746435600000,1.8141,1.8209,1.7794,1.7831,16103605.8
1746439200000,1.7831,1.7843,1.7224,1.7309,20350926.8
1746442800000,1.7308,1.7618,1.7082,1.7137,15766684.9
1746446400000,1.7135,1.7358,1.6973,1.7082,15075819.1
1746450000000,1.7081,1.7168,1.6779,1.7059,16503308.9
1746453600000,1.706,1.7332,1.6815,1.7008,16791951.4
1746457200000,1.7007,1.7062,1.6462,1.6628,14704283.1
1746460800000,1.6627,1.6788,1.6396,1.6501,10473731.1
1746464400000,1.6499,1.6705,1.639,1.6577,7663408.0
1746468000000,1.6578,1.6826,1.6436,1.6657,8155246.8
1746471600000,1.6655,1.6874,1.6378,1.6436,6809936.3
1746475200000,1.6432,1.6434,1.615,1.6266,7001545.1
1746478800000,1.6265,1.6645,1.6259,1.6551,5543680.8
1746482400000,1.6554,1.7063,1.6552,1.7034,7939753.5
1746486000000,1.7035,1.7199,1.6512,1.6529,10751829.8
1746489600000,1.6529,1.6644,1.6336,1.6579,8775227.9
1746493200000,1.6578,1.6935,1.6307,1.6349,12040683.7
1746496800000,1.6348,1.6628,1.5959,1.638,17247908.1
1746500400000,1.6382,1.661,1.624,1.6538,6940110.7
1746504000000,1.6535,1.6691,1.6413,1.6577,6389716.5
1746507600000,1.6576,1.6637,1.6191,1.6383,8305518.6
1746511200000,1.6381,1.6901,1.6368,1.689,8243069.6
1746514800000,1.689,1.7017,1.6217,1.6276,12103615.3
1746518400000,1.6276,1.6656,1.5994,1.6543,19133290.7
1746522000000,1.6543,1.6635,1.6317,1.6482,10559794.5
1746525600000,1.6483,1.685,1.6,1.6225,19645986.6
1746529200000,1.6225,1.6435,1.5058,1.5252,29609610.4
1746532800000,1.5252,1.5268,1.404,1.4475,53627142.7
1746536400000,1.4475,1.4574,1.4084,1.4262,23343903.0
1746540000000,1.4262,1.5127,1.4251,1.4664,27976296.0
1746543600000,1.4663,1.5285,1.4578,1.4902,19782687.4
1746547200000,1.4902,1.5159,1.4642,1.4763,16122461.0
1746550800000,1.4764,1.4884,1.4536,1.4628,9241319.5
1746554400000,1.4629,1.4918,1.4522,1.4912,9110457.8
1746558000000,1.491,1.4947,1.4571,1.467,7707623.7
1746561600000,1.4668,1.469,1.4127,1.4208,12972515.0
1746565200000,1.4207,1.44,1.3817,1.4227,12215143.9
1746568800000,1.4227,1.5267,1.4221,1.5185,19936364.5
1746572400000,1.5183,1.525,1.4794,1.4884,14385169.7
1746576000000,1.4887,1.5243,1.468,1.4869,14104093.2
1746579600000,1.4867,1.5293,1.4863,1.5058,11460696.7
1746583200000,1.5057,1.5087,1.441,1.4539,11391790.9
1746586800000,1.4538,1.475,1.4259,1.4641,10300858.4
1746590400000,1.4641,1.466,1.446,1.452,6197591.7
1746594000000,1.4521,1.4548,1.427,1.4348,4819963.5
1746597600000,1.4348,1.4494,1.3914,1.4202,13355099.5
1746601200000,1.4203,1.4532,1.4145,1.4471,7232505.2
1746604800000,1.4469,1.4597,1.4214,1.4262,9106705.6
1746608400000,1.4264,1.4381,1.4048,1.4052,7966524.5
1746612000000,1.405,1.4085,1.3306,1.3596,27403856.0
1746615600000,1.3597,1.3999,1.326,1.3825,21871139.2
1746619200000,1.3825,1.3902,1.3578,1.3651,11342525.1
1746622800000,1.3651,1.3927,1.3403,1.3617,16865065.8
1746626400000,1.3616,1.3868,1.347,1.355,9626047.5
1746630000000,1.3551,1.3591,1.3205,1.3216,11387723.6
1746633600000,1.3215,1.3295,1.284,1.3043,18547987.9
1746637200000,1.3043,1.3142,1.27,1.3084,14269777.0
1746640800000,1.3082,1.3719,1.2953,1.3564,25933130.0
1746644400000,1.3566,1.3658,1.3195,1.3314,10360342.0
1746648000000,1.3315,1.3494,1.3159,1.347,6883381.3
1746651600000,1.347,1.384,1.3342,1.3748,9032486.3
1746655200000,1.3748,1.4292,1.3599,1.4118,14265535.1
1746658800000,1.4118,1.4296,1.3801,1.392,10380226.2
1746662400000,1.3919,1.4546,1.365,1.4086,23919890.8
1746666000000,1.4085,1.4322,1.3689,1.3728,13228081.2
1746669600000,1.3727,1.4486,1.3681,1.4181,15450015.5
1746673200000,1.4181,1.4789,1.4017,1.4439,20707139.9
1746676800000,1.4438,1.5203,1.4353,1.4846,17150431.8
1746680400000,1.4845,1.5074,1.4674,1.4737,8579826.8
1746684000000,1.4736,1.5043,1.4601,1.5019,8098577.7
1746687600000,1.5018,1.6092,1.4899,1.5855,27727009.9
1746691200000,1.5855,1.6765,1.575,1.6373,34487168.6
1746694800000,1.637,1.6556,1.6011,1.6165,15977338.9
1746698400000,1.6165,1.6487,1.597,1.6196,12443788.3
1746702000000,1.6194,1.6428,1.5951,1.6083,13657029.2
1746705600000,1.6082,1.6152,1.5766,1.6104,15578491.8
1746709200000,1.6104,1.6821,1.6064,1.6402,27521703.3
1746712800000,1.6406,1.6637,1.6184,1.6417,15882441.9
1746716400000,1.6421,1.8112,1.6359,1.7609,43873980.8
1746720000000,1.7609,1.8294,1.7422,1.7596,26618294.9
1746723600000,1.7596,1.812,1.7489,1.7709,15667253.2
1746727200000,1.7712,1.8131,1.755,1.8085,14753324.5
1746730800000,1.8084,1.8891,1.7809,1.8694,26892781.3
1746734400000,1.869,2.0873,1.8682,2.0767,50623457.1
1746738000000,2.0766,2.1277,1.9959,2.038,41057752.6
1746741600000,2.0382,2.0948,2.0089,2.0319,24973474.1
1746745200000,2.032,2.1457,2.0167,2.0884,24004344.0
1746748800000,2.0883,2.0964,2.0211,2.0584,21398455.5
1746752400000,2.0586,2.0934,2.0105,2.0726,20428343.7
1746756000000,2.0728,2.0841,1.9891,2.0331,15383018.9
1746759600000,2.0334,2.0447,1.9345,1.9466,19927508.3
1746763200000,1.9466,2.0412,1.945,2.0275,16055286.1
1746766800000,2.0277,2.0878,2.0124,2.0735,13518604.9
1746770400000,2.073,2.1851,2.0531,2.1392,26196684.6
1746774000000,2.1392,2.184,2.0139,2.0449,26889558.0
1746777600000,2.0449,2.1393,2.0242,2.0694,22437150.4
1746781200000,2.0696,2.0797,1.9799,2.0022,18087577.8
1746784800000,2.0024,2.0499,1.9989,2.0359,8077437.3
1746788400000,2.0362,2.0641,1.9921,2.0131,9671698.4
1746792000000,2.013,2.0358,1.9659,2.0161,10560570.3
1746795600000,2.016,2.0633,2.0104,2.0348,8137277.5
1746799200000,2.0343,2.0383,1.9226,1.9534,18771349.9
1746802800000,1.9535,1.975,1.923,1.9252,10045076.9
1746806400000,1.9253,1.9293,1.8772,1.8903,14932881.3
1746810000000,1.8906,1.9685,1.8807,1.9641,10170697.5
1746813600000,1.9639,1.9759,1.9421,1.9661,4599381.7
1746817200000,1.966,1.9794,1.9455,1.9529,3823242.7
1746820800000,1.953,1.977,1.9444,1.96,3291377.9
1746824400000,1.96,1.9785,1.9448,1.9752,4092615.2
1746828000000,1.9755,2.0055,1.9624,1.9651,6310175.5
1746831600000,1.9653,1.9856,1.9438,1.9484,4865136.4
1746835200000,1.9485,1.9853,1.8881,1.9049,15178694.8
1746838800000,1.905,1.9608,1.9036,1.9251,7958303.5
1746842400000,1.9248,1.9528,1.91,1.9262,5083391.9
1746846000000,1.9263,1.936,1.9017,1.9323,4018116.2
1746849600000,1.9323,1.9493,1.8987,1.9352,5156364.9
1746853200000,1.9357,2.0099,1.9219,2.0036,8982660.4
1746856800000,2.0037,2.0283,1.9306,1.944,10861097.6
1746860400000,1.9437,1.9669,1.9234,1.9624,5527097.5
1746864000000,1.9625,2.0041,1.929,1.9641,8116463.0
1746867600000,1.9641,1.9713,1.9052,1.9495,8910267.5
1746871200000,1.9498,1.9563,1.9012,1.9023,5274807.2
1746874800000,1.9022,1.9376,1.8742,1.9216,11832801.9
1746878400000,1.9217,1.966,1.9217,1.9575,8204643.4
1746882000000,1.9586,1.9772,1.9457,1.9588,5426283.8
1746885600000,1.9588,1.9598,1.9315,1.9398,4136004.4
1746889200000,1.94,1.9409,1.8921,1.9011,7239661.4
1746892800000,1.9008,1.9462,1.8963,1.9254,5111028.8
1746896400000,1.9254,1.9584,1.9138,1.9268,6800207.0
1746900000000,1.9263,1.9984,1.9196,1.9844,7710840.3
1746903600000,1.9845,1.9907,1.9557,1.9596,4060718.3
1746907200000,1.9597,1.9797,1.9462,1.962,2936943.3
1746910800000,1.9621,2.0432,1.96,1.9997,6947674.0
1746914400000,1.9996,2.0456,1.9624,2.0175,7781346.7
1746918000000,2.0173,2.06,2.0066,2.0103,9022580.9
1746921600000,2.0101,2.0123,1.923,1.9772,11847069.1
1746925200000,1.9768,2.0599,1.9467,1.9579,15420198.5
1746928800000,1.9579,1.9784,1.9245,1.9404,5449820.6
1746932400000,1.9402,1.9736,1.9171,1.9429,4833975.5
1746936000000,1.9427,1.9732,1.9235,1.9432,3397988.8
1746939600000,1.9432,1.9514,1.9107,1.92,4115514.9
1746943200000,1.9201,1.9536,1.9119,1.9291,4511334.9
1746946800000,1.9294,1.9297,1.8801,1.9051,6452155.0
1746950400000,1.905,1.9258,1.8862,1.907,3895580.6
1746954000000,1.907,1.9499,1.8901,1.9395,6165700.0
1746957600000,1.9394,1.9428,1.9107,1.9412,3105741.2
1746961200000,1.9416,1.957,1.9222,1.9549,3252717.6
1746964800000,1.955,1.9625,1.9143,1.9317,4138432.0
1746968400000,1.9315,1.9579,1.892,1.8939,5869985.0
1746972000000,1.8939,1.9481,1.8939,1.9437,5424253.1
1746975600000,1.9439,1.9893,1.9115,1.919,9749456.0
1746979200000,1.919,1.926,1.8531,1.8993,13799779.3
1746982800000,1.8992,1.926,1.8765,1.9235,4481600.7
1746986400000,1.9235,1.9283,1.8812,1.9138,3506697.1
1746990000000,1.9138,1.9558,1.9025,1.9402,4196451.2
1746993600000,1.9402,1.95,1.9164,1.9311,2148300.5
1746997200000,1.931,1.9562,1.9131,1.9533,1855452.6
1747000800000,1.9535,1.9659,1.9082,1.9281,3832608.8
1747004400000,1.9282,1.975,1.9277,1.9472,6182252.0
1747008000000,1.9472,2.1276,1.9424,2.126,15166249.7
1747011600000,2.1257,2.218,2.066,2.138,32731283.3
1747015200000,2.1379,2.1762,2.0696,2.0922,14392602.2
1747018800000,2.0917,2.1059,2.0419,2.0596,8378634.1
1747022400000,2.059,2.0825,2.02,2.0492,8032157.2
1747026000000,2.0492,2.0651,1.9878,1.9906,7569029.9
1747029600000,1.9906,2.0256,1.9537,2.0111,9178281.4
1747033200000,2.0115,2.174,2.0115,2.0687,29515997.0
1747036800000,2.0687,2.1318,2.0395,2.1041,9079702.9
1747040400000,2.1048,2.1306,2.0686,2.0795,5293743.9
1747044000000,2.0797,2.0963,2.0402,2.0472,5421574.6
1747047600000,2.0472,2.053,2.0049,2.019,6522788.1
1747051200000,2.0189,2.0362,1.9947,2.0154,5599768.0
1747054800000,2.0154,2.0801,1.9992,2.0734,12022964.0
1747058400000,2.0737,2.1096,1.99,1.9969,16706521.8
1747062000000,1.9969,2.0217,1.9633,1.9826,11517224.5
1747065600000,1.9825,2.0044,1.9636,1.9964,4888081.6
1747069200000,1.9965,2.0016,1.9372,1.9516,5025258.7
1747072800000,1.9517,1.9583,1.832,1.8732,16468256.1
1747076400000,1.8726,1.9295,1.8693,1.9092,7264680.5
1747080000000,1.9091,1.9621,1.8993,1.955,4664494.9
1747083600000,1.955,1.9625,1.9363,1.9502,3065367.4
1747087200000,1.9501,2.0005,1.9425,1.9823,3591046.2
1747090800000,1.9824,2.044,1.9781,1.9953,6630137.1
1747094400000,1.9953,1.9959,1.9466,1.9481,5370773.3
1747098000000,1.9482,1.9759,1.9358,1.9486,6496882.3
1747101600000,1.9487,1.9562,1.9032,1.9142,5951948.9
1747105200000,1.9143,1.9264,1.8777,1.8928,4222380.3
1747108800000,1.8928,1.9522,1.8876,1.9429,3904557.5
1747112400000,1.9429,1.943,1.9112,1.9283,2524281.6
1747116000000,1.9284,1.99,1.9248,1.9682,5623138.9
1747119600000,1.9681,2.0343,1.967,1.99,6941161.0
1747123200000,1.99,2.006,1.972,1.9996,3631170.8
1747126800000,1.9996,2.0417,1.9969,2.0294,4896555.2
1747130400000,2.0295,2.0422,2.0037,2.0372,5300636.9
1747134000000,2.0368,2.0833,2.0332,2.0497,7218591.7
1747137600000,2.05,2.1282,2.0173,2.1215,13499597.0
1747141200000,2.1213,2.138,2.05,2.0724,9457713.2
1747144800000,2.0727,2.0909,2.0064,2.0204,10009502.7
1747148400000,2.0204,2.0679,2.0095,2.0616,5344081.4
1747152000000,2.0619,2.14,2.0489,2.0546,13567014.7
1747155600000,2.0551,2.0848,2.0526,2.0689,4084443.4
1747159200000,2.0688,2.0915,2.0606,2.0895,3582945.5
1747162800000,2.0894,2.1582,2.0764,2.1008,6767419.4
1747166400000,2.1009,2.1057,2.0634,2.0995,4342257.6
1747170000000,2.0996,2.1064,2.072,2.085,2942578.1
1747173600000,2.0855,2.0934,2.0428,2.0514,4066532.3
1747177200000,2.0514,2.0647,2.0292,2.0463,3466581.7
1747180800000,2.0459,2.0474,2.0107,2.0263,4346374.4
1747184400000,2.0265,2.039,1.9931,1.998,4356364.8
1747188000000,1.9982,2.0078,1.9613,1.9922,5330190.6
1747191600000,1.9921,1.9982,1.976,1.997,2358691.5
1747195200000,1.9971,2.0173,1.9892,2.0173,4197050.5
1747198800000,2.0172,2.0515,2.003,2.0425,3914126.8
1747202400000,2.0423,2.0546,2.01,2.026,3162469.2
1747206000000,2.0254,2.0276,1.9867,1.9962,3331307.1
1747209600000,1.9962,2.0057,1.9492,1.9508,5719515.0
1747213200000,1.9508,1.9782,1.9501,1.9744,3576777.6
1747216800000,1.9743,1.9977,1.9616,1.9798,2662451.1
1747220400000,1.9798,2.0221,1.9796,2.0171,2979727.1
1747224000000,2.0172,2.0331,1.9679,1.9767,4667132.3
1747227600000,1.9766,2.0006,1.941,1.9708,7369344.8
1747231200000,1.9707,1.9718,1.9288,1.9505,4977774.7
1747234800000,1.9506,1.9734,1.9151,1.9714,4921689.0
1747238400000,1.9713,1.9807,1.9364,1.9496,3233287.3
1747242000000,1.9499,1.9694,1.9186,1.968,3772634.1
1747245600000,1.9679,1.9997,1.9679,1.9904,3354031.0
1747249200000,1.9906,2.0046,1.9772,2.0036,2434395.0
1747252800000,2.0037,2.0178,1.9947,2.0019,2192822.6
1747256400000,2.0018,2.0326,1.9844,2.0277,2741169.7
1747260000000,2.0277,2.0444,1.992,2.0112,3556244.8
1747263600000,2.0111,2.014,1.9791,1.988,2801441.6
1747267200000,1.9882,2.0354,1.9882,1.9945,3895618.0
1747270800000,1.9946,1.9998,1.9271,1.9381,4615214.0
1747274400000,1.938,1.9805,1.9335,1.9722,2964974.6
1747278000000,1.9723,1.9834,1.9342,1.9393,3207848.2
1747281600000,1.9397,1.9838,1.9321,1.976,3648794.8
1747285200000,1.9758,1.9872,1.9097,1.9224,5252082.6
1747288800000,1.9224,1.9502,1.9064,1.9185,5335104.1
1747292400000,1.9186,1.933,1.8717,1.8813,5520225.0
1747296000000,1.8811,1.9344,1.8769,1.9271,4305935.4
1747299600000,1.927,1.9355,1.8614,1.8877,5465228.1
1747303200000,1.8877,1.8931,1.8527,1.8798,4668096.4
1747306800000,1.8798,1.9391,1.8765,1.9146,5229137.6
1747310400000,1.9149,1.9349,1.8835,1.902,6203659.9
1747314000000,1.9023,1.9196,1.8217,1.8577,8825039.4
1747317600000,1.858,1.8596,1.7815,1.8299,13325903.1
1747321200000,1.8299,1.8968,1.8118,1.891,7429804.9
1747324800000,1.8909,1.9201,1.8636,1.9129,6098305.4
1747328400000,1.9131,1.937,1.8894,1.8983,5006902.2
1747332000000,1.898,1.908,1.8256,1.8348,5641680.8
1747335600000,1.835,1.8644,1.828,1.8526,2812529.4
1747339200000,1.853,1.8655,1.824,1.8526,2631722.5
1747342800000,1.8525,1.8526,1.8102,1.8449,2708227.9
1747346400000,1.845,1.8629,1.816,1.8164,2518178.1
1747350000000,1.8163,1.8343,1.766,1.8245,6284781.8
1747353600000,1.8243,1.8737,1.8111,1.8534,5106768.4
1747357200000,1.8535,1.8644,1.8219,1.8451,3304866.5
1747360800000,1.8452,1.8707,1.8343,1.8575,2987085.8
1747364400000,1.8576,1.8716,1.845,1.8677,2274176.4
1747368000000,1.8678,1.8885,1.8319,1.8441,4037935.4
1747371600000,1.8442,1.8681,1.8431,1.8459,1954454.8
1747375200000,1.8458,1.8741,1.8411,1.8584,2666269.9
1747378800000,1.8581,1.8622,1.8306,1.851,2980482.1
1747382400000,1.8513,1.8661,1.7962,1.8234,4674446.5
1747386000000,1.8236,1.8642,1.8236,1.8635,3587984.2
1747389600000,1.8634,1.881,1.8411,1.8698,4180100.7
1747393200000,1.8699,1.9023,1.8563,1.8903,5303482.1
1747396800000,1.8905,1.908,1.8765,1.8864,3958703.2
1747400400000,1.8863,1.9377,1.8778,1.933,6814038.0
1747404000000,1.9326,1.9326,1.8717,1.8859,5173319.2
1747407600000,1.8859,1.9194,1.8698,1.8832,4567899.9
1747411200000,1.8834,1.9033,1.8108,1.8534,6810690.7
1747414800000,1.8533,1.8686,1.8282,1.8373,3949240.3
1747418400000,1.8373,1.86,1.8362,1.8461,2883464.1
1747422000000,1.846,1.8598,1.8338,1.8533,2272329.0
1747425600000,1.8533,1.8541,1.8109,1.8307,2994100.2
1747429200000,1.8308,1.8379,1.8126,1.8334,1414431.9
1747432800000,1.8333,1.8343,1.77,1.7909,4610888.1
1747436400000,1.7909,1.8113,1.7849,1.7948,2648963.9
1747440000000,1.7947,1.8058,1.7389,1.7575,6427171.6
1747443600000,1.7575,1.7589,1.7024,1.7218,6492134.5
1747447200000,1.7218,1.7414,1.7055,1.7256,3928202.2
1747450800000,1.7257,1.7367,1.6965,1.7317,3868961.5
1747454400000,1.7317,1.7397,1.7198,1.7253,2817652.6
1747458000000,1.7253,1.7281,1.6716,1.6764,5869477.8
1747461600000,1.6765,1.7058,1.6765,1.6998,3298554.6
1747465200000,1.6997,1.7147,1.6746,1.693,3352932.1
1747468800000,1.6928,1.7076,1.68,1.6806,3963187.0
1747472400000,1.6807,1.7016,1.6653,1.6953,4617338.7
1747476000000,1.6953,1.7106,1.6907,1.6998,2517966.1
1747479600000,1.6999,1.7194,1.6827,1.7027,2864408.9
1747483200000,1.7028,1.7115,1.6939,1.6973,1866371.3
1747486800000,1.6972,1.7043,1.6557,1.6767,5249657.7
1747490400000,1.6768,1.7097,1.6722,1.706,3966676.9
1747494000000,1.7063,1.7129,1.6882,1.6888,2338022.9
1747497600000,1.6888,1.6909,1.6451,1.6776,4700981.0
1747501200000,1.6777,1.6957,1.6686,1.67,2868862.6
1747504800000,1.67,1.6949,1.6578,1.6615,3304437.1
1747508400000,1.6615,1.6882,1.6571,1.6694,1641497.5
1747512000000,1.6694,1.705,1.6663,1.6981,2939267.9
1747515600000,1.6983,1.7007,1.6711,1.6863,1751735.1
1747519200000,1.6862,1.6897,1.6472,1.6652,4336505.0
1747522800000,1.6653,1.6936,1.6552,1.685,2705295.8
1747526400000,1.6854,1.695,1.6677,1.6788,2013903.3
1747530000000,1.6788,1.6959,1.6666,1.6875,2049547.3
1747533600000,1.6873,1.6999,1.6785,1.6878,1815459.8
1747537200000,1.6878,1.6974,1.6695,1.6802,2362734.5
1747540800000,1.6802,1.7021,1.6776,1.7014,1725758.7
1747544400000,1.7014,1.7479,1.7014,1.7439,6884005.4
1747548000000,1.744,1.7455,1.705,1.7124,3196408.6
1747551600000,1.7126,1.7492,1.7071,1.7457,3200547.7
1747555200000,1.7459,1.8292,1.7436,1.8179,9377942.2
1747558800000,1.8178,1.8392,1.7763,1.783,6453978.4
1747562400000,1.783,1.8425,1.7801,1.8423,5270192.2
1747566000000,1.8425,1.8685,1.8145,1.8193,5460226.2
1747569600000,1.8193,1.863,1.7982,1.8607,6136128.1
1747573200000,1.8608,1.903,1.8517,1.8996,6840683.6
1747576800000,1.8995,1.9771,1.8991,1.9707,12807505.4
1747580400000,1.9709,2.0664,1.9324,2.0525,18302055.6
1747584000000,2.0529,2.0946,2.029,2.0719,15943574.6
1747587600000,2.0716,2.1025,1.9917,1.9974,15033967.0
1747591200000,1.9973,2.0052,1.9423,1.9616,16172569.0
1747594800000,1.9612,1.9845,1.9087,1.9104,10414836.2
1747598400000,1.9101,1.9351,1.8629,1.9246,13979851.5
1747602000000,1.9249,1.9613,1.9066,1.9125,6622118.2
1747605600000,1.9123,1.9795,1.8921,1.9769,9250161.1
1747609200000,1.9769,2.0474,1.9491,2.0314,10876205.7
1747612800000,2.0316,2.0633,1.939,1.9531,15160476.1
1747616400000,1.9532,1.9636,1.9282,1.949,5509301.6
1747620000000,1.9488,1.9694,1.9116,1.9206,6407753.1
1747623600000,1.9202,1.9214,1.87,1.8845,7466654.8
1747627200000,1.8846,1.9026,1.813,1.8389,14344876.3
1747630800000,1.8387,1.8393,1.8037,1.823,8024761.7
1747634400000,1.8231,1.8328,1.7712,1.7746,9119418.6
1747638000000,1.7747,1.8569,1.7722,1.8501,9527207.7
1747641600000,1.8502,1.851,1.8031,1.8136,8811586.9
1747645200000,1.8138,1.825,1.7935,1.802,5355771.7
1747648800000,1.8019,1.8241,1.7776,1.8082,5385623.9
1747652400000,1.8082,1.8431,1.8061,1.8388,3871503.1
1747656000000,1.839,1.846,1.8036,1.8187,5746399.0
1747659600000,1.8189,1.9332,1.8185,1.8948,17246232.3
1747663200000,1.8943,1.921,1.8632,1.9076,10630115.5
1747666800000,1.9076,1.9237,1.8787,1.9003,6623611.5
1747670400000,1.9003,1.9438,1.8755,1.9385,6219898.7
1747674000000,1.9381,1.9958,1.936,1.9582,15053700.6
1747677600000,1.9584,1.9732,1.9068,1.9226,7402656.2
1747681200000,1.9225,1.973,1.9125,1.9715,5236567.4
1747684800000,1.9712,1.9899,1.9426,1.9544,4646876.3
1747688400000,1.9544,1.96,1.9284,1.9551,2425115.1
1747692000000,1.9549,1.9578,1.9284,1.937,2128369.4
1747695600000,1.937,1.9638,1.9336,1.9469,2256895.3
1747699200000,1.9468,1.9969,1.9107,1.9178,7148394.4
1747702800000,1.9175,1.9903,1.9104,1.9688,6298043.8
1747706400000,1.9687,2.0234,1.9658,1.9709,8430320.4
1747710000000,1.9713,1.9841,1.9413,1.9524,6126564.7
1747713600000,1.9524,1.9941,1.9371,1.9805,5280101.3
1747717200000,1.9806,2.02,1.9744,1.9859,5463734.2
1747720800000,1.9858,1.986,1.9369,1.9694,6113229.4
1747724400000,1.9692,1.9757,1.9405,1.9497,4420485.1
1747728000000,1.9495,1.9651,1.925,1.9414,4772691.9
1747731600000,1.9413,1.96,1.9346,1.9561,3641149.9
1747735200000,1.9563,1.9587,1.8986,1.9124,8320683.2
1747738800000,1.9123,1.94,1.8822,1.9197,6222960.5
1747742400000,1.9196,1.9196,1.8913,1.9148,3273003.8
1747746000000,1.9149,1.9368,1.8971,1.9224,5387331.4
1747749600000,1.9223,1.9681,1.8984,1.9071,11427512.7
1747753200000,1.907,1.9444,1.9009,1.9266,5606353.0
1747756800000,1.9263,1.9361,1.885,1.8888,4137022.4
1747760400000,1.889,1.9303,1.8851,1.9125,3831744.2
1747764000000,1.9126,1.9227,1.8636,1.873,5353585.2
1747767600000,1.8729,1.9535,1.8659,1.9382,5482307.9
1747771200000,1.9381,1.9422,1.9133,1.9273,3649286.6
1747774800000,1.9269,1.9464,1.9133,1.9284,3072077.6
1747778400000,1.9283,1.9404,1.8921,1.9338,4605320.0
1747782000000,1.9339,1.9583,1.926,1.9385,3461490.0
1747785600000,1.9384,1.9758,1.9275,1.9511,4578814.9
1747789200000,1.951,1.9516,1.912,1.9138,5774665.7
1747792800000,1.9138,1.9331,1.8878,1.9286,3744602.3
1747796400000,1.9289,1.9585,1.9272,1.9369,3140124.9
1747800000000,1.9369,1.9605,1.9222,1.9462,3716400.4
1747803600000,1.9464,1.996,1.9442,1.9706,7515926.8
1747807200000,1.9708,1.9904,1.9417,1.977,5109597.8
1747810800000,1.9768,1.984,1.908,1.9166,8010947.7
1747814400000,1.9165,1.9312,1.9006,1.9026,3669512.0
1747818000000,1.9026,1.9131,1.8888,1.8942,3755944.5
1747821600000,1.894,1.9167,1.887,1.9066,2666676.0
1747825200000,1.9066,1.9455,1.9061,1.9383,4392681.7
1747828800000,1.9382,1.965,1.9218,1.9546,3768732.0
1747832400000,1.9549,1.9757,1.9372,1.9616,5038314.2
1747836000000,1.9615,1.9948,1.9389,1.9896,6401058.0
1747839600000,1.9895,2.0357,1.9655,2.0214,12723903.1
1747843200000,2.0215,2.1434,2.0192,2.081,12810043.3
1747846800000,2.081,2.1038,1.93,1.9465,25243851.4
1747850400000,1.9467,1.9662,1.9152,1.9162,7929700.7
1747854000000,1.9162,1.9667,1.8989,1.958,7108210.3
1747857600000,1.9579,1.9635,1.9169,1.9377,3187536.7
1747861200000,1.9376,1.9556,1.9299,1.9391,1906674.8
1747864800000,1.9391,1.9849,1.9368,1.9771,2875111.8
1747868400000,1.977,2.04,1.9714,1.9846,7812415.2
1747872000000,1.9848,2.0384,1.9787,2.012,7620086.4
1747875600000,2.0121,2.0246,1.9712,1.9886,4760506.7
1747879200000,1.9886,2.0069,1.9762,1.9941,3684073.5
1747882800000,1.9942,2.0329,1.9826,2.0125,4831087.1
1747886400000,2.0126,2.0204,1.9886,2.0062,3521077.3
1747890000000,2.006,2.0079,1.9647,1.9668,3712887.2
1747893600000,1.9669,1.9905,1.9471,1.9886,5439536.8
1747897200000,1.9885,2.0299,1.9757,2.0263,5461411.5
1747900800000,2.0262,2.061,2.0151,2.0392,6869065.7
1747904400000,2.0393,2.0726,2.019,2.0424,5566194.7
1747908000000,2.0424,2.0563,2.0203,2.0282,3245493.7
1747911600000,2.028,2.0354,1.9935,2.0083,4856526.6
1747915200000,2.0084,2.0243,1.9955,2.0052,3169125.5
1747918800000,2.0052,2.0054,1.9628,1.9814,5642285.1
1747922400000,1.9816,2.0338,1.9774,2.0137,5126129.9
1747926000000,2.0139,2.031,1.9983,2.0088,3587816.9
1747929600000,2.0089,2.0187,1.9783,1.984,3064374.6
1747933200000,1.984,2.0309,1.9781,2.0123,3892341.0
1747936800000,2.0123,2.0165,1.996,2.0082,1643250.1
1747940400000,2.0081,2.0107,1.971,1.9816,2712983.5
1747944000000,1.9818,2.0067,1.9787,1.9918,2136437.0
1747947600000,1.9918,1.9918,1.9624,1.9761,2552330.6
1747951200000,1.9762,2.0049,1.9742,1.9836,3142135.3
1747954800000,1.9837,2.0561,1.9837,2.0501,5380442.6
1747958400000,2.05,2.075,2.0232,2.0418,6992864.9
1747962000000,2.0417,2.1118,2.0413,2.0879,6427175.0
1747965600000,2.0879,2.1516,2.0828,2.1223,8681166.2
1747969200000,2.1224,2.2026,2.1215,2.1869,11967205.8
1747972800000,2.1869,2.2535,2.1285,2.1838,14939644.9
1747976400000,2.1838,2.2038,2.1602,2.1851,8273004.5
1747980000000,2.1852,2.2118,2.1266,2.1416,10428312.1
1747983600000,2.1415,2.1855,2.1008,2.1093,6150053.7
1747987200000,2.1094,2.1353,2.0924,2.1288,4741324.6
1747990800000,2.1288,2.2167,2.1193,2.2108,5906554.4
1747994400000,2.2108,2.2252,2.181,2.206,7641019.0
1747998000000,2.2059,2.2177,2.0387,2.0509,17995154.7
1748001600000,2.0511,2.0796,1.9668,2.0534,27420679.3
1748005200000,2.0533,2.1482,2.0347,2.1328,12974034.3
1748008800000,2.1329,2.1677,2.1125,2.139,10645650.5
1748012400000,2.139,2.1532,2.094,2.0982,6520454.1
1748016000000,2.0981,2.1218,2.0714,2.1199,7359027.4
1748019600000,2.1199,2.1382,2.0904,2.0944,3957669.8
1748023200000,2.0942,2.105,2.0567,2.0691,3725088.8
1748026800000,2.069,2.1013,2.064,2.0736,2644988.6
1748030400000,2.0734,2.074,1.9774,1.9978,12892193.1
1748034000000,1.998,2.0103,1.9688,1.9825,6616752.6
1748037600000,1.9824,2.0032,1.953,1.9638,4412443.1
1748041200000,1.9636,1.9706,1.917,1.9387,6340625.8
1748044800000,1.9384,1.9722,1.9332,1.941,8592236.1
1748048400000,1.9409,1.9635,1.931,1.934,3276395.9
1748052000000,1.934,1.9531,1.9232,1.9443,2815150.0
1748055600000,1.9443,2.0022,1.937,1.9842,5945530.4
1748059200000,1.9844,2.0242,1.9727,2.0038,3409422.8
1748062800000,2.0038,2.0092,1.9675,1.9811,3154966.9
1748066400000,1.9811,1.9857,1.951,1.9732,2617596.6
1748070000000,1.9732,1.9932,1.9578,1.9638,2676077.8
1748073600000,1.9637,1.9678,1.9388,1.9631,2951972.2
1748077200000,1.963,1.9768,1.9508,1.957,2023483.1
1748080800000,1.9572,2.0007,1.949,1.9857,3479451.7
1748084400000,1.9858,2.004,1.9841,1.9879,3354529.5
1748088000000,1.9877,1.9913,1.9612,1.9802,2899671.6
1748091600000,1.9806,1.988,1.9624,1.967,3023346.0
1748095200000,1.9669,2.0358,1.9628,2.0279,4059860.5
1748098800000,2.0279,2.0325,1.9924,2.003,4012948.2
1748102400000,2.0029,2.0137,1.9778,2.0098,2704582.5
1748106000000,2.0098,2.0588,2.0082,2.0502,5577250.8
1748109600000,2.05,2.0744,2.0254,2.0311,3881308.6
1748113200000,2.031,2.0393,2.0168,2.0278,2536419.7
1748116800000,2.0278,2.0441,2.0138,2.0215,2283492.2
1748120400000,2.0216,2.0229,2.0,2.0133,2008276.5
1748124000000,2.0135,2.0144,1.992,1.9988,2094950.7
1748127600000,1.9988,2.027,1.9874,2.0046,4098136.0
1748131200000,2.0048,2.0214,1.9512,1.9618,5033559.8
1748134800000,1.9614,1.9936,1.943,1.9673,4976883.5
1748138400000,1.9674,1.9801,1.9383,1.9755,3311273.8
1748142000000,1.9754,1.9986,1.9739,1.9872,2797980.6
1748145600000,1.9872,1.9888,1.9593,1.9784,2276481.9
1748149200000,1.9783,1.9818,1.9563,1.9702,1996958.7
1748152800000,1.9701,1.9705,1.9477,1.9547,1748147.5
1748156400000,1.9546,1.9546,1.9305,1.9419,2648327.9
1748160000000,1.942,1.9425,1.8861,1.8976,6927688.3
1748163600000,1.8979,1.917,1.8784,1.9105,4663763.7
1748167200000,1.9105,1.9183,1.8957,1.8973,3379170.7
1748170800000,1.8973,1.922,1.8891,1.9153,3331180.7
1748174400000,1.9155,1.9407,1.8966,1.9256,3928840.3
1748178000000,1.9256,1.9301,1.8974,1.9033,3434635.5
1748181600000,1.9038,1.9065,1.8718,1.8787,4046453.3
1748185200000,1.8788,1.8873,1.826,1.879,8926410.1
1748188800000,1.8789,1.8801,1.8507,1.8668,3560169.8
1748192400000,1.8668,1.8839,1.864,1.8836,1764907.6
1748196000000,1.8834,1.8842,1.8646,1.8674,1864158.0
1748199600000,1.8674,1.9092,1.8649,1.8985,2084981.0
1748203200000,1.8986,1.9229,1.8869,1.9098,2833335.1
1748206800000,1.9098,1.9206,1.8943,1.903,2007188.4
1748210400000,1.903,2.0495,1.8989,2.0408,11722082.6
1748214000000,2.0407,2.0447,1.9931,2.03,7437583.5
1748217600000,2.03,2.1081,2.0161,2.1037,8403514.1
1748221200000,2.1034,2.1612,2.0867,2.1582,8627143.8
1748224800000,2.1585,2.1731,2.1229,2.1485,8513061.6
1748228400000,2.1482,2.1932,2.1385,2.15,7004742.9
1748232000000,2.1506,2.1888,2.1484,2.1779,4398690.3
1748235600000,2.1777,2.2027,2.1574,2.1891,5088092.9
1748239200000,2.1892,2.222,2.1861,2.2209,7667898.7
1748242800000,2.2206,2.2498,2.1883,2.2145,11537396.6
1748246400000,2.2146,2.2365,2.1709,2.1903,10091381.2
1748250000000,2.1902,2.2198,2.1818,2.1992,6213097.6
1748253600000,2.1992,2.2658,2.1945,2.2428,11879868.7
1748257200000,2.2427,2.2515,2.2121,2.2304,8179873.8
1748260800000,2.2302,2.2336,2.1951,2.2247,5996882.8
1748264400000,2.2252,2.2399,2.1737,2.1851,7260816.9
1748268000000,2.1854,2.1884,2.1437,2.168,9245527.2
1748271600000,2.168,2.2248,2.153,2.204,10353255.9
1748275200000,2.2041,2.2145,2.1167,2.1386,12116549.4
1748278800000,2.1386,2.1573,2.1139,2.1244,5164888.9
1748282400000,2.1245,2.1411,2.1069,2.1135,4154774.7
1748286000000,2.1134,2.1246,2.097,2.1034,3218361.4
1748289600000,2.1034,2.1411,2.093,2.1397,3870834.0
1748293200000,2.1397,2.1425,2.1018,2.1108,2694750.8
1748296800000,2.1107,2.1406,2.1069,2.1154,3194143.9
1748300400000,2.1153,2.1337,2.1011,2.1305,2355526.4
1748304000000,2.1307,2.1584,2.0803,2.0881,6939736.3
1748307600000,2.0882,2.0884,2.0526,2.0769,8108809.0
1748311200000,2.077,2.1377,2.0742,2.1096,5636751.8
1748314800000,2.1094,2.1536,2.1083,2.1343,5366946.1
1748318400000,2.1343,2.1517,2.1158,2.1247,4062727.4
1748322000000,2.1247,2.1726,2.1067,2.1632,6081259.4
1748325600000,2.1632,2.2236,2.1621,2.1897,12053785.9
1748329200000,2.1897,2.326,2.1855,2.3199,12258592.8
1748332800000,2.3199,2.371,2.3177,2.3524,19131817.9
1748336400000,2.3524,2.4189,2.3364,2.4136,12422665.4
1748340000000,2.4137,2.457,2.3914,2.4226,14390689.4
1748343600000,2.4226,2.4581,2.4033,2.4488,9887992.5
1748347200000,2.4489,2.4739,2.4342,2.4628,10994831.7
1748350800000,2.4627,2.4799,2.4078,2.4122,13367981.7
1748354400000,2.4123,2.4418,2.3767,2.3884,11860840.5
1748358000000,2.3882,2.4786,2.3673,2.4713,11540367.0
1748361600000,2.4713,2.5224,2.459,2.4883,13148811.4
1748365200000,2.4884,2.589,2.4851,2.5034,15238221.0
1748368800000,2.5033,2.529,2.491,2.5241,6284551.9
1748372400000,2.524,2.5278,2.4988,2.5151,4310199.4
1748376000000,2.5152,2.5202,2.4653,2.4901,5513372.2
1748379600000,2.49,2.498,2.454,2.4626,4382215.5
1748383200000,2.4627,2.4707,2.4088,2.4363,7251042.5
1748386800000,2.4362,2.4593,2.4294,2.4448,3471953.0
1748390400000,2.4447,2.4712,2.4063,2.4689,6033188.9
1748394000000,2.4689,2.469,2.4246,2.43,6376177.4
1748397600000,2.4301,2.4484,2.3952,2.4309,6879011.4
1748401200000,2.4309,2.4445,2.4153,2.421,4155336.4
1748404800000,2.421,2.449,2.4072,2.4481,3395751.3
1748408400000,2.4482,2.4588,2.4308,2.4564,3723299.3
1748412000000,2.4565,2.4635,2.4177,2.4575,4417713.8
1748415600000,2.4574,2.4788,2.4423,2.4486,4428931.6
1748419200000,2.4484,2.4607,2.4227,2.446,3565223.5
1748422800000,2.4459,2.4481,2.4098,2.4271,4388475.0
1748426400000,2.4272,2.4275,2.4006,2.4046,3343650.1
1748430000000,2.4047,2.4219,2.3568,2.3763,6746573.0
1748433600000,2.3763,2.4145,2.3657,2.4011,6487176.0
1748437200000,2.4011,2.4079,2.3629,2.3652,4879805.4
1748440800000,2.365,2.3715,2.3198,2.3285,8453942.8
1748444400000,2.3285,2.3365,2.2965,2.3139,6456237.1
1748448000000,2.3139,2.3249,2.2905,2.3035,4129056.5
1748451600000,2.3037,2.3412,2.2915,2.3148,5764302.7
1748455200000,2.3148,2.3356,2.3037,2.3071,3463012.5
1748458800000,2.307,2.3175,2.2755,2.2794,3438342.2
1748462400000,2.2795,2.3286,2.2795,2.3284,3561067.9
1748466000000,2.3282,2.355,2.3185,2.3313,3646735.7
1748469600000,2.3312,2.3374,2.3053,2.312,2493977.5
1748473200000,2.3121,2.3518,2.3106,2.3284,5352553.6
1748476800000,2.3283,2.4345,2.3172,2.4318,9199396.7
1748480400000,2.4317,2.4491,2.3688,2.39,6920998.9
1748484000000,2.3899,2.4397,2.3536,2.4231,8397643.9
1748487600000,2.4231,2.4269,2.3603,2.3735,5828245.1
1748491200000,2.3735,2.3928,2.3007,2.3338,7441363.8
1748494800000,2.334,2.3915,2.3272,2.3767,4925425.3
1748498400000,2.3767,2.3906,2.3634,2.3666,2635171.3
1748502000000,2.3667,2.38,2.3513,2.3528,2502629.5
1748505600000,2.3529,2.3719,2.3222,2.3702,4779141.8
1748509200000,2.3703,2.3774,2.354,2.3581,2450706.7
1748512800000,2.3583,2.3623,2.3188,2.345,3103905.2
1748516400000,2.3451,2.3464,2.3016,2.3129,3542600.0
1748520000000,2.313,2.3249,2.286,2.3016,4873287.5
1748523600000,2.3017,2.3209,2.2832,2.3044,3860293.3
1748527200000,2.3043,2.3102,2.2073,2.2852,14138593.9
1748530800000,2.2852,2.2941,2.228,2.2399,5402815.2
1748534400000,2.2401,2.2586,2.2186,2.2302,4768395.1
1748538000000,2.2301,2.2553,2.2188,2.2413,3310532.0
1748541600000,2.2418,2.2678,2.2228,2.2274,2905275.4
1748545200000,2.2273,2.2314,2.2022,2.2194,3352891.5
1748548800000,2.2194,2.238,2.2176,2.2288,1848229.7
1748552400000,2.2287,2.2715,2.2276,2.2672,2571271.1
1748556000000,2.2671,2.2811,2.2522,2.258,2027481.4
1748559600000,2.2579,2.264,2.2277,2.2533,2591017.9
1748563200000,2.2534,2.2628,2.084,2.1184,12461720.4
1748566800000,2.1185,2.1741,2.1181,2.1496,8764447.5
1748570400000,2.1495,2.2693,2.1471,2.2503,7202453.4
1748574000000,2.2503,2.2842,2.2413,2.2566,4905177.3
1748577600000,2.2566,2.2794,2.2337,2.2656,4238772.5
1748581200000,2.2656,2.3162,2.2623,2.2771,5643306.5
1748584800000,2.2771,2.2863,2.1803,2.2123,8294539.8
1748588400000,2.2125,2.2356,2.1867,2.1947,7372683.6
1748592000000,2.1948,2.2069,2.138,2.1525,7944201.2
1748595600000,2.1525,2.1978,2.1142,2.1869,6087872.0
1748599200000,2.1869,2.2004,2.1616,2.1892,4304687.2
1748602800000,2.1893,2.1969,2.139,2.1522,3603041.4
1748606400000,2.1523,2.1643,2.1026,2.1214,6792318.9
1748610000000,2.1213,2.1258,2.0697,2.0848,7260243.1
1748613600000,2.0848,2.107,2.0503,2.0707,7582785.1
1748617200000,2.0705,2.0983,2.0528,2.0547,4558705.9
1748620800000,2.0549,2.0749,1.99,2.0002,12191281.5
1748624400000,2.0005,2.032,1.9975,2.031,5070807.6
1748628000000,2.0309,2.0984,2.0244,2.0926,5554517.4
1748631600000,2.0925,2.0925,2.0632,2.0732,3242990.7
1748635200000,2.0731,2.0769,2.055,2.0565,1932138.1
1748638800000,2.0565,2.0657,2.0346,2.0412,1840375.5
1748642400000,2.0412,2.0466,1.9404,1.9422,8320413.9
1748646000000,1.9422,1.9732,1.93,1.933,7590059.4
1748649600000,1.933,1.9415,1.8612,1.876,12363948.0
1748653200000,1.8759,1.8977,1.8205,1.8288,10272703.3
1748656800000,1.8291,1.8645,1.8128,1.8171,6859776.8
1748660400000,1.8171,1.8742,1.8029,1.8491,6948742.5
1748664000000,1.8486,1.9479,1.8374,1.94,9529390.7
1748667600000,1.9398,1.9964,1.9285,1.951,10313817.6
1748671200000,1.951,1.9821,1.9426,1.9568,4410074.3
1748674800000,1.9567,2.0519,1.9501,2.0063,9310345.4
1748678400000,2.0063,2.0264,1.9607,1.9956,8705667.9
1748682000000,1.9954,2.0225,1.9492,1.9756,6731918.0
1748685600000,1.9755,2.0082,1.9375,1.9834,6170845.8
1748689200000,1.9833,1.99,1.9441,1.9596,4587354.0
1748692800000,1.9594,2.0687,1.9542,2.0663,9513746.9
1748696400000,2.0659,2.1005,2.0335,2.0464,11833648.8
1748700000000,2.0462,2.0954,2.0405,2.0648,8230728.8
1748703600000,2.0648,2.0975,2.0364,2.0506,7359542.0
1748707200000,2.0505,2.1426,2.038,2.1206,9288267.3
1748710800000,2.1207,2.1278,2.0635,2.0747,6235042.2
1748714400000,2.0745,2.1061,2.0739,2.0868,3362111.9
1748718000000,2.087,2.0998,2.0721,2.0834,2692984.1
1748721600000,2.0833,2.0833,2.0499,2.0684,2769723.6
1748725200000,2.0685,2.0822,2.0512,2.0562,2873651.0
1748728800000,2.0561,2.0603,2.0258,2.0265,3034262.8
1748732400000,2.0264,2.0473,2.0083,2.0142,3879050.4
1748736000000,2.0143,2.0154,1.9724,1.9979,5564607.0
1748739600000,1.9978,2.0138,1.9676,1.9826,4202741.2
1748743200000,1.9825,2.0,1.9467,1.987,5469280.0
1748746800000,1.9871,1.9935,1.9589,1.9756,2765785.8
1748750400000,1.9753,2.0087,1.9663,1.989,4198376.0
1748754000000,1.9889,2.0054,1.9749,1.9834,2761788.5
1748757600000,1.9833,1.9934,1.9655,1.9709,2678510.6
1748761200000,1.9708,1.9794,1.9524,1.9755,2574134.6
1748764800000,1.9754,1.9827,1.9396,1.9464,3171610.7
1748768400000,1.9464,1.9584,1.89,1.9155,8705236.0
1748772000000,1.9154,1.9329,1.9057,1.9102,3639188.5
1748775600000,1.91,1.9644,1.8994,1.9465,6179481.0
1748779200000,1.9464,1.9631,1.9247,1.9317,4446501.5
1748782800000,1.9317,1.9716,1.9272,1.9594,5401357.4
1748786400000,1.9594,2.0696,1.9591,2.028,13363868.5
1748790000000,2.028,2.0686,2.0261,2.0534,5582325.3
1748793600000,2.0533,2.0881,2.0377,2.0492,6497405.3
1748797200000,2.0492,2.083,2.0387,2.076,3662634.0
1748800800000,2.0758,2.0774,1.9976,2.0224,5747432.3
1748804400000,2.0224,2.0648,2.0174,2.0627,2819081.9
1748808000000,2.0627,2.0783,2.0376,2.0574,2605799.7
1748811600000,2.0575,2.0848,2.0543,2.081,2389270.2
1748815200000,2.081,2.1137,2.0545,2.064,4721182.4
1748818800000,2.0641,2.0851,2.0561,2.0628,2499607.1
1748822400000,2.0629,2.0687,2.0342,2.0394,2803974.7
1748826000000,2.0396,2.067,2.0226,2.0231,3030329.8
1748829600000,2.0231,2.0276,2.0024,2.0077,2902851.9
1748833200000,2.0077,2.013,1.9863,2.0013,3220994.4
1748836800000,2.0012,2.0029,1.9682,1.9736,2618413.7
1748840400000,1.9735,1.9867,1.9602,1.9725,2062757.5
1748844000000,1.9724,2.0131,1.959,1.9794,4956262.1
1748847600000,1.9794,2.0106,1.9767,1.9966,3616834.6
1748851200000,1.9965,2.0162,1.964,1.9736,4330006.0
1748854800000,1.9738,1.9747,1.9327,1.9437,5008012.0
1748858400000,1.9434,1.9516,1.9303,1.9459,3412467.2
1748862000000,1.9459,1.9618,1.9373,1.9478,2634114.3
1748865600000,1.9476,1.9737,1.9331,1.9698,3098590.1
1748869200000,1.9698,2.0061,1.9529,1.9548,6471825.1
1748872800000,1.9545,1.987,1.9412,1.9586,6795146.8
1748876400000,1.9586,1.9801,1.9367,1.9499,4359696.7
1748880000000,1.9499,1.9581,1.9263,1.9513,3596241.1
1748883600000,1.9513,1.9525,1.9045,1.9232,5008033.6
1748887200000,1.9233,1.9457,1.8956,1.9024,4606320.1
1748890800000,1.9024,1.9179,1.8629,1.8701,5991133.0
1748894400000,1.8701,1.9231,1.8701,1.9165,6117051.8
1748898000000,1.9163,1.9528,1.9136,1.9407,4235558.9
1748901600000,1.9406,1.9753,1.9402,1.9604,4261395.2
1748905200000,1.9605,1.9937,1.9556,1.9721,5702723.6
1748908800000,1.9726,2.0122,1.9435,1.9973,9238141.6
1748912400000,1.9974,2.081,1.9938,2.0707,7598121.1
1748916000000,2.0708,2.0793,1.9662,1.9752,8155097.5
1748919600000,1.9753,1.9816,1.947,1.9662,4899566.2
1748923200000,1.9666,1.9702,1.9179,1.9272,5562360.3
1748926800000,1.9271,1.9605,1.9195,1.9522,4275045.5
1748930400000,1.9522,1.9764,1.9376,1.9744,3264150.2
1748934000000,1.9743,1.9768,1.9416,1.95,2884843.8
1748937600000,1.95,1.9592,1.9168,1.9463,3506551.6
1748941200000,1.9463,2.0328,1.945,2.0064,7100240.9
1748944800000,2.0069,2.0161,1.9882,1.9941,4268492.7
1748948400000,1.9943,1.9978,1.9561,1.9796,4862254.0
1748952000000,1.9796,2.0047,1.9689,1.9944,3170183.7
1748955600000,1.9945,2.0276,1.9789,1.9935,6149421.6
1748959200000,1.9934,2.0509,1.9791,2.0455,8176893.2
1748962800000,2.0448,2.0567,2.0036,2.0099,4823588.6
1748966400000,2.01,2.0142,1.9689,1.9699,4469492.7
1748970000000,1.9701,2.0041,1.9676,1.9863,2863587.3
1748973600000,1.9862,1.9884,1.9654,1.9738,1818098.8
1748977200000,1.9736,2.007,1.9707,1.9807,2723810.4
1748980800000,1.9808,2.0101,1.9373,1.9613,5923482.3
1748984400000,1.9612,1.9772,1.9178,1.9285,3639924.0
1748988000000,1.9285,1.9622,1.922,1.9473,2768725.1
1748991600000,1.9472,1.9583,1.9276,1.9395,4281459.9
1748995200000,1.9395,1.9701,1.9176,1.9693,4330199.8
1748998800000,1.9693,1.9822,1.9508,1.9562,3230254.7
1749002400000,1.9563,1.975,1.945,1.9479,1786124.3
1749006000000,1.9478,1.9752,1.9436,1.9621,3393849.6
1749009600000,1.9621,1.9652,1.9242,1.9335,5566936.8
1749013200000,1.9334,1.9483,1.9257,1.9297,3494709.2
1749016800000,1.9298,1.939,1.9159,1.9216,2519296.8
1749020400000,1.9217,1.93,1.9001,1.9201,3401727.6
1749024000000,1.9201,1.9449,1.919,1.9246,4476395.2
1749027600000,1.9245,1.942,1.9049,1.937,3509048.1
1749031200000,1.9369,1.9487,1.916,1.9223,2185339.5
1749034800000,1.9222,1.93,1.8702,1.8778,5181950.6
1749038400000,1.8779,1.8829,1.8444,1.8639,6804007.4
1749042000000,1.8638,1.894,1.8568,1.871,4480823.9
1749045600000,1.8708,1.8881,1.8527,1.8867,4908720.5
1749049200000,1.8867,1.9009,1.8724,1.8788,4836531.5
1749052800000,1.8788,1.8831,1.83,1.8436,6360680.0
1749056400000,1.8436,1.8436,1.8057,1.8232,6022799.3
1749060000000,1.8233,1.8496,1.8129,1.8177,4723770.0
1749063600000,1.8178,1.8234,1.7717,1.7717,8360374.0
1749067200000,1.7716,1.7789,1.69,1.7134,11610168.3
1749070800000,1.7134,1.7658,1.6938,1.7532,10036911.3
1749074400000,1.7531,1.7795,1.7508,1.7681,6079347.2
1749078000000,1.7681,1.7914,1.7511,1.7828,4239352.6
1749081600000,1.7827,1.7901,1.7647,1.7707,4392913.4
1749085200000,1.7705,1.8196,1.7695,1.7978,6037882.6
1749088800000,1.7976,1.8469,1.7962,1.813,5524852.3
1749092400000,1.813,1.8297,1.8034,1.8222,3085699.8
1749096000000,1.8222,1.8459,1.803,1.8397,3096632.6
1749099600000,1.8399,1.8414,1.8052,1.8157,5699070.1
1749103200000,1.816,1.8221,1.776,1.7761,5486206.0
1749106800000,1.7761,1.7839,1.7552,1.7686,7067137.3
1749110400000,1.7687,1.7811,1.7592,1.78,2370588.7
1749114000000,1.7797,1.7877,1.7422,1.7577,3470758.3
1749117600000,1.7577,1.7679,1.7241,1.734,4221909.3
1749121200000,1.734,1.7408,1.7161,1.7394,4568658.6
1749124800000,1.7394,1.8085,1.7224,1.7928,11873546.6
1749128400000,1.7928,1.8138,1.7198,1.7332,9655127.7
1749132000000,1.7331,1.7618,1.7017,1.7494,11443735.2
1749135600000,1.7496,1.7557,1.7303,1.7352,4572328.6
1749139200000,1.7353,1.7427,1.6967,1.714,5672054.4
1749142800000,1.7141,1.73,1.7038,1.7234,4300059.6
1749146400000,1.7234,1.7264,1.6785,1.6844,6638233.1
1749150000000,1.6844,1.6977,1.62,1.6806,12894020.5
1749153600000,1.6805,1.6917,1.6063,1.6171,14194628.2
1749157200000,1.6173,1.6819,1.615,1.6747,7164771.3
1749160800000,1.6746,1.6874,1.656,1.6727,4409808.1
1749164400000,1.673,1.6812,1.6483,1.6534,3570741.1
1749168000000,1.6535,1.6709,1.6408,1.6573,4872123.1
1749171600000,1.6572,1.6593,1.6183,1.6259,5180335.7
1749175200000,1.6262,1.6705,1.6231,1.6581,4324066.6
1749178800000,1.6582,1.6977,1.6463,1.6844,5436493.9
1749182400000,1.6845,1.6968,1.667,1.6851,4091763.9
1749186000000,1.6852,1.6998,1.6743,1.6852,2632790.3
1749189600000,1.6852,1.7083,1.682,1.6856,4060395.9
1749193200000,1.6857,1.6928,1.6679,1.6767,6255648.0
1749196800000,1.6767,1.7209,1.6746,1.7171,4252651.1
1749200400000,1.7171,1.7223,1.6986,1.7019,5505667.2
1749204000000,1.7019,1.7285,1.7,1.7235,4904404.7
1749207600000,1.7235,1.7705,1.7207,1.724,15098037.8
1749211200000,1.7245,1.7833,1.7233,1.7548,10909620.1
1749214800000,1.755,1.8,1.755,1.7898,9362819.3
1749218400000,1.7894,1.8336,1.7732,1.8276,8037616.4
1749222000000,1.8275,1.8686,1.8114,1.8344,11353484.4
1749225600000,1.8345,1.8847,1.8303,1.8548,13945226.0
1749229200000,1.8549,1.857,1.7851,1.8129,13631834.2
1749232800000,1.8129,1.8163,1.7831,1.7833,5754544.2
1749236400000,1.7832,1.8145,1.7816,1.803,4049575.3
1749240000000,1.803,1.8327,1.7958,1.817,3846041.8
1749243600000,1.8173,1.8245,1.7928,1.8187,2872155.5
1749247200000,1.8186,1.8401,1.7955,1.8376,3515450.0
1749250800000,1.8377,1.8586,1.8198,1.8551,6695612.7
1749254400000,1.855,1.8828,1.8153,1.881,17449614.0
1749258000000,1.881,1.8886,1.8269,1.8274,8487861.7
1749261600000,1.8274,1.88,1.8233,1.8634,4680942.3
1749265200000,1.8636,1.8861,1.8424,1.8733,4687589.8
1749268800000,1.8734,1.8822,1.848,1.8734,4623070.6
1749272400000,1.8735,1.8868,1.8579,1.8729,4386894.6
1749276000000,1.8729,1.8777,1.8508,1.865,7473128.1
1749279600000,1.865,1.9188,1.8511,1.9157,9185725.2
1749283200000,1.9155,1.9191,1.8427,1.8473,8300343.3
1749286800000,1.8473,1.8605,1.8358,1.8396,4623515.1
1749290400000,1.8396,1.8582,1.8382,1.8477,5880421.3
1749294000000,1.8477,1.8532,1.838,1.8427,2028072.1
1749297600000,1.8427,1.8599,1.8316,1.8323,3248491.0
1749301200000,1.8324,1.8567,1.8276,1.8385,3424418.2
1749304800000,1.8381,1.8513,1.8315,1.8446,2574251.3
1749308400000,1.8446,1.8462,1.8277,1.8365,4294987.5
1749312000000,1.8365,1.8419,1.8042,1.8151,4495991.9
1749315600000,1.8151,1.8275,1.8006,1.8093,2930707.3
1749319200000,1.8092,1.8281,1.8082,1.8236,1705886.1
1749322800000,1.8236,1.8432,1.823,1.8307,2253499.5
1749326400000,1.8307,1.8343,1.8214,1.8243,1048910.2
1749330000000,1.8243,1.8339,1.8231,1.8297,980741.2
1749333600000,1.8297,1.8402,1.8258,1.8313,1677139.5
1749337200000,1.8314,1.8319,1.8161,1.8262,2621793.9
1749340800000,1.8262,1.8279,1.8007,1.8103,5068036.1
1749344400000,1.8102,1.838,1.8042,1.8346,3381141.2
1749348000000,1.8345,1.8351,1.8127,1.8134,2063615.8
1749351600000,1.8134,1.815,1.8016,1.8069,1949267.3
1749355200000,1.807,1.82,1.8009,1.8072,1734361.3
1749358800000,1.8069,1.8078,1.776,1.7826,3768435.3
1749362400000,1.7827,1.7929,1.7762,1.7836,2261666.4
1749366000000,1.7836,1.7858,1.7573,1.762,3804283.5
1749369600000,1.762,1.7816,1.7616,1.7765,2805933.5
1749373200000,1.7765,1.7791,1.7557,1.7595,3363241.6
1749376800000,1.7596,1.7766,1.7501,1.7693,2936174.1
1749380400000,1.7695,1.7992,1.7684,1.7942,3319517.4
1749384000000,1.7942,1.8009,1.7717,1.7852,2881518.4
1749387600000,1.7852,1.8017,1.7703,1.7722,3267437.8
1749391200000,1.7723,1.7912,1.7695,1.7884,2997373.6
1749394800000,1.7884,1.8047,1.7864,1.7986,3003728.1
1749398400000,1.7985,1.84,1.7962,1.8332,5247976.7
1749402000000,1.8333,1.8572,1.8289,1.8297,3620895.9
1749405600000,1.8297,1.8681,1.8225,1.8635,3176827.8
1749409200000,1.8635,1.8696,1.845,1.8629,2593305.9
1749412800000,1.8627,1.8818,1.8574,1.8735,4243720.9
1749416400000,1.8736,1.8886,1.8605,1.8662,2531173.1
1749420000000,1.866,1.8685,1.8211,1.825,4392250.9
1749423600000,1.825,1.8306,1.8135,1.8242,2780704.3
1749427200000,1.8243,1.8351,1.8055,1.8252,3333345.8
1749430800000,1.8251,1.8277,1.7973,1.8018,2952239.2
1749434400000,1.802,1.8164,1.7918,1.7954,2322146.2
1749438000000,1.7952,1.7993,1.781,1.7974,2168754.3
1749441600000,1.7974,1.8071,1.7818,1.7845,2559172.0
1749445200000,1.7845,1.7876,1.7693,1.774,2268056.3
1749448800000,1.7739,1.8011,1.762,1.7971,3916122.1
1749452400000,1.7971,1.7973,1.7688,1.7933,2666781.8
1749456000000,1.7933,1.825,1.7732,1.8227,3441407.7
1749459600000,1.8228,1.8844,1.8097,1.8491,9916234.1
1749463200000,1.8491,1.8844,1.8489,1.8716,6504928.0
1749466800000,1.8718,1.942,1.8572,1.9179,11893121.0
1749470400000,1.9179,1.9262,1.8883,1.9081,5912800.3
1749474000000,1.9081,1.9098,1.8581,1.8632,12205138.8
1749477600000,1.8632,1.9076,1.8546,1.891,9741333.9
1749481200000,1.891,1.9175,1.887,1.9071,3964618.1
1749484800000,1.9069,1.9494,1.9066,1.9227,7384326.4
1749488400000,1.9225,1.94,1.918,1.9251,3592076.5
1749492000000,1.9253,1.9354,1.9197,1.9338,2093233.3
1749495600000,1.9339,1.9352,1.9021,1.9051,3090807.9
1749499200000,1.9051,1.9191,1.9048,1.9126,1641080.6
1749502800000,1.9127,1.9835,1.9127,1.955,8531876.3
1749506400000,1.9552,2.0238,1.9552,2.0104,10183161.5
1749510000000,2.0107,2.0182,1.9838,2.0116,4238823.6
1749513600000,2.0114,2.0425,1.9963,1.9991,7842942.7
1749517200000,1.999,2.0066,1.989,1.9951,2812325.3
1749520800000,1.9949,1.9949,1.9669,1.9773,3678202.6
1749524400000,1.9774,1.9805,1.9573,1.9698,2707740.4
1749528000000,1.9699,1.9835,1.9554,1.9646,2368505.3
1749531600000,1.9648,1.9763,1.9381,1.9464,3650432.6
1749535200000,1.9465,1.9723,1.93,1.9668,4008479.8
1749538800000,1.967,1.9793,1.9541,1.97,3200957.9
1749542400000,1.9701,1.974,1.9504,1.964,2216249.3
1749546000000,1.9641,1.9955,1.9542,1.9939,3695538.4
1749549600000,1.9939,2.0051,1.9647,1.9866,3376027.1
1749553200000,1.9865,2.093,1.9657,2.0772,11214094.2
1749556800000,2.0772,2.1307,2.0566,2.1177,7811118.7
1749560400000,2.118,2.1323,2.0478,2.0803,9349509.6
1749564000000,2.08,2.0842,2.0141,2.0252,6082382.4
1749567600000,2.0251,2.0486,2.0,2.0368,5360052.2
1749571200000,2.037,2.0487,2.0185,2.0196,2213558.1
1749574800000,2.0194,2.0464,2.0184,2.0402,1983098.6
1749578400000,2.0403,2.0755,2.03,2.0684,2768909.0
1749582000000,2.0683,2.0955,2.039,2.052,4729527.6
1749585600000,2.052,2.089,2.0311,2.0871,3449397.6
1749589200000,2.087,2.0905,2.0444,2.0713,2518017.9
1749592800000,2.0714,2.1093,2.069,2.0908,2769109.0
1749596400000,2.0909,2.1085,2.0736,2.1063,1864124.3
1749600000000,2.1066,2.1205,2.0583,2.0612,3384489.6
1749603600000,2.0613,2.0666,2.0461,2.0594,1928323.1
1749607200000,2.0595,2.0833,2.0541,2.0692,1694189.4
1749610800000,2.0693,2.1428,2.0676,2.1334,4856664.9
1749614400000,2.1334,2.1334,2.0885,2.094,2905042.5
1749618000000,2.0941,2.124,2.0915,2.1012,1907458.7
1749621600000,2.1012,2.1115,2.0902,2.1014,1842813.8
1749625200000,2.1012,2.1239,2.0901,2.1039,2043074.9
1749628800000,2.1038,2.1232,2.0683,2.0716,3503894.7
1749632400000,2.0714,2.0848,2.0536,2.0574,2558115.5
1749636000000,2.0577,2.0816,2.0479,2.0816,2489123.8
1749639600000,2.0818,2.0848,2.0601,2.0829,1839910.5
1749643200000,2.0829,2.1495,2.051,2.1463,11176401.2
1749646800000,2.1463,2.18,2.131,2.1661,8121607.5
1749650400000,2.1663,2.2603,2.154,2.235,11182323.9
1749654000000,2.2348,2.2505,2.2131,2.231,5359319.6
1749657600000,2.231,2.2468,2.2068,2.227,5078073.3
1749661200000,2.2273,2.3227,2.2187,2.2707,12141108.1
1749664800000,2.2709,2.2915,2.2103,2.2146,7764686.9
1749668400000,2.2146,2.218,2.1548,2.1652,8711695.8
1749672000000,2.1651,2.1995,2.148,2.1715,6030719.8
1749675600000,2.1716,2.1996,2.1088,2.1141,6164070.9
1749679200000,2.1141,2.1239,2.0736,2.0916,7450073.2
1749682800000,2.0916,2.1164,2.0841,2.1098,4271943.5
1749686400000,2.1099,2.1133,2.0636,2.0979,4906383.4
1749690000000,2.0979,2.1037,2.0572,2.0833,3849026.6
1749693600000,2.0831,2.0927,2.0598,2.0716,3224409.7
1749697200000,2.0719,2.0746,2.0435,2.0532,4899597.7
1749700800000,2.0533,2.0652,2.0247,2.0506,4802175.9
1749704400000,2.0507,2.071,2.0299,2.064,3624647.8
1749708000000,2.064,2.0666,2.0324,2.058,2801643.2
1749711600000,2.058,2.0668,2.03,2.0459,2864036.4
1749715200000,2.0457,2.0842,2.027,2.0815,3655466.8
1749718800000,2.0815,2.0975,2.0687,2.089,4974829.7
1749722400000,2.0891,2.0981,2.0655,2.0938,5373585.1
1749726000000,2.0939,2.0946,2.0407,2.0625,6864391.4
1749729600000,2.0623,2.1493,2.0263,2.0565,17004221.3
1749733200000,2.0562,2.08,2.0232,2.0657,9177595.6
1749736800000,2.0656,2.111,2.0498,2.0959,6977864.0
1749740400000,2.0959,2.1037,1.9938,2.0074,8706924.8
1749744000000,2.0075,2.037,2.0019,2.0252,7356379.7
1749747600000,2.0251,2.0509,2.0201,2.0304,3516958.9
1749751200000,2.0304,2.0321,1.9359,1.9579,10223191.5
1749754800000,1.9578,1.9674,1.9006,1.9112,7053773.8
1749758400000,1.911,1.9222,1.8573,1.874,8472388.8
1749762000000,1.8739,1.8999,1.8683,1.8749,5012393.9
1749765600000,1.8748,1.8893,1.853,1.8674,4095245.1
1749769200000,1.8674,1.8865,1.8577,1.8591,3566078.9
1749772800000,1.8592,1.8609,1.7398,1.7769,19234731.4
1749776400000,1.777,1.7776,1.7049,1.737,12590818.9
1749780000000,1.7369,1.7427,1.7167,1.739,5955428.6
1749783600000,1.739,1.8169,1.7248,1.8006,11390877.1
1749787200000,1.8005,1.8441,1.7884,1.8386,7722084.2
1749790800000,1.8384,1.8473,1.8111,1.8242,6020877.1
1749794400000,1.8243,1.855,1.7946,1.8546,8830623.9
1749798000000,1.8547,1.8786,1.8312,1.8634,6751190.8
1749801600000,1.8635,1.8875,1.8372,1.8403,7343627.5
1749805200000,1.8402,1.845,1.8124,1.8221,5166109.9
1749808800000,1.8222,1.8373,1.8063,1.8263,3990594.3
1749812400000,1.8264,1.8306,1.7914,1.8145,5754348.5
1749816000000,1.8145,1.8509,1.7999,1.8176,7563318.0
1749819600000,1.818,1.8531,1.8003,1.8177,5970195.7
1749823200000,1.818,1.8331,1.7755,1.8226,7800832.6
1749826800000,1.8228,1.8665,1.8118,1.844,7007710.2
1749830400000,1.8441,1.8878,1.8346,1.8638,6325066.6
1749834000000,1.8638,1.8642,1.8124,1.8336,4560794.3
1749837600000,1.8335,1.8398,1.8014,1.8262,4107291.0
1749841200000,1.8261,1.8483,1.8182,1.8358,3467368.3
1749844800000,1.836,1.8674,1.8272,1.8536,2553513.8
1749848400000,1.8539,1.8644,1.8364,1.8548,1653347.3
1749852000000,1.8548,1.8779,1.8515,1.8696,2834278.2
1749855600000,1.8697,1.9099,1.8615,1.9087,4340198.0
1749859200000,1.9089,1.9346,1.8921,1.9113,9421533.2
1749862800000,1.9113,1.9144,1.8726,1.8759,4680765.5
1749866400000,1.876,1.8789,1.8578,1.8618,3003253.2
1749870000000,1.8619,1.8806,1.8576,1.8628,1911516.4
1749873600000,1.8631,1.8758,1.8556,1.8569,2188096.1
1749877200000,1.8569,1.867,1.845,1.8597,2134828.5
1749880800000,1.8598,1.8645,1.8443,1.8476,2409824.1
1749884400000,1.8476,1.8658,1.8345,1.8554,3080414.7
1749888000000,1.8554,1.8575,1.8256,1.8426,3078196.2
1749891600000,1.8426,1.8469,1.8225,1.8273,2029873.3
1749895200000,1.8271,1.8428,1.8212,1.8286,2088588.8
1749898800000,1.8286,1.84,1.8187,1.8302,1827959.8
1749902400000,1.8301,1.8394,1.8211,1.8343,2365923.6
1749906000000,1.8343,1.8426,1.8196,1.8357,2239152.9
1749909600000,1.8356,1.849,1.8268,1.8283,2202865.1
1749913200000,1.8284,1.8359,1.7947,1.8143,4416876.3
1749916800000,1.8144,1.8228,1.7688,1.7778,10296792.7
1749920400000,1.7776,1.8389,1.7718,1.814,7128647.0
1749924000000,1.8141,1.8294,1.7849,1.809,3802694.3
1749927600000,1.8091,1.8159,1.7961,1.7981,2055549.0
1749931200000,1.7985,1.8045,1.7789,1.794,3246611.7
1749934800000,1.7941,1.809,1.7703,1.8052,4041528.7
1749938400000,1.8053,1.8236,1.8028,1.8135,2467370.6
1749942000000,1.8134,1.8254,1.8072,1.8075,1214613.9
1749945600000,1.8074,1.8339,1.8042,1.8287,2282603.4
1749949200000,1.8287,1.8328,1.7961,1.8008,2173309.1
1749952800000,1.8007,1.8129,1.796,1.8019,1764225.0
1749956400000,1.802,1.8128,1.8011,1.8074,1315333.4
1749960000000,1.8074,1.8215,1.807,1.8171,1608991.9
1749963600000,1.817,1.8436,1.8008,1.8398,2519977.4
1749967200000,1.8399,1.8449,1.8109,1.8116,2261865.1
1749970800000,1.8116,1.812,1.7862,1.7916,2948715.9
1749974400000,1.7916,1.8027,1.7845,1.7978,1680563.0
1749978000000,1.7984,1.7989,1.7772,1.7835,2164968.8
1749981600000,1.7836,1.8079,1.7814,1.8053,2104362.6
1749985200000,1.8054,1.817,1.789,1.8119,2074738.1
1749988800000,1.8118,1.8342,1.8041,1.8319,2687185.9
1749992400000,1.8318,1.8451,1.8161,1.8373,3402585.3
1749996000000,1.837,1.8676,1.821,1.8557,4267624.8
1749999600000,1.8555,1.8634,1.8374,1.8424,2535348.8
1750003200000,1.8425,1.8577,1.8325,1.8442,2278602.4
1750006800000,1.8442,1.8471,1.8318,1.8371,1623228.8
1750010400000,1.8371,1.8477,1.824,1.8464,1499124.0
1750014000000,1.8463,1.8558,1.828,1.8385,1651666.4
1750017600000,1.8386,1.8396,1.798,1.81,2876041.1
1750021200000,1.81,1.816,1.7982,1.8136,1560265.2
1750024800000,1.8135,1.8621,1.812,1.8472,3827850.5
1750028400000,1.8473,1.8506,1.8364,1.8413,1561791.0
1750032000000,1.8413,1.8421,1.8132,1.8206,2696413.5
1750035600000,1.8206,1.8496,1.788,1.8476,4530697.8
1750039200000,1.8477,1.8694,1.8465,1.8488,3701628.3
1750042800000,1.8489,1.8708,1.844,1.8589,2310161.8
1750046400000,1.859,1.9026,1.8542,1.8919,4406048.6
1750050000000,1.8918,1.9241,1.8717,1.9014,4664297.9
1750053600000,1.9012,1.9448,1.8982,1.9303,4485813.3
1750057200000,1.9304,1.9571,1.9304,1.9414,3639480.6
1750060800000,1.9416,1.9478,1.9205,1.9449,3541562.7
1750064400000,1.945,1.9452,1.9196,1.9246,2652760.5
1750068000000,1.9245,1.9326,1.9119,1.9196,2112158.3
1750071600000,1.9197,1.9199,1.8885,1.905,4416198.4
1750075200000,1.9051,1.9113,1.8904,1.902,2564448.2
1750078800000,1.9019,1.9552,1.894,1.9516,5086031.9
1750082400000,1.9516,1.9986,1.9415,1.966,8570871.1
1750086000000,1.9661,1.9875,1.9463,1.9485,4749929.0
1750089600000,1.9484,1.9724,1.9416,1.9573,2785566.6
1750093200000,1.9573,1.9731,1.9492,1.9553,2477370.8
1750096800000,1.9553,1.9916,1.9528,1.989,2605271.8
1750100400000,1.989,2.0135,1.9775,1.9852,3583992.8
1750104000000,1.9856,2.004,1.972,1.991,2254305.5
1750107600000,1.9909,1.9974,1.9711,1.9784,1906610.6
1750111200000,1.9787,1.9913,1.8462,1.8708,16248197.5
1750114800000,1.8707,1.8906,1.8169,1.8245,8019547.6
1750118400000,1.8244,1.8529,1.7736,1.8525,10692139.5
1750122000000,1.8527,1.86,1.8315,1.833,3861217.4
1750125600000,1.8332,1.889,1.8223,1.8816,5141857.3
1750129200000,1.8815,1.8964,1.8509,1.8635,4338611.9
1750132800000,1.8635,1.866,1.8405,1.8484,2459300.1
1750136400000,1.8483,1.8567,1.8352,1.8408,2290357.0
1750140000000,1.8407,1.8461,1.8261,1.8338,2195006.5
1750143600000,1.8337,1.8406,1.8228,1.8275,1916242.6
1750147200000,1.8274,1.8319,1.798,1.8,3844538.4
1750150800000,1.8001,1.8108,1.7839,1.7929,3398745.7
1750154400000,1.7931,1.794,1.7723,1.7928,3927764.5
1750158000000,1.7927,1.7959,1.7621,1.7828,3835997.7
1750161600000,1.7825,1.799,1.7746,1.7774,4974443.3
1750165200000,1.7776,1.7961,1.7738,1.7805,3201213.0
1750168800000,1.7806,1.8091,1.76,1.7639,5188834.1
1750172400000,1.764,1.7685,1.7117,1.7341,12829436.6
1750176000000,1.7339,1.7362,1.6668,1.6686,11900005.1
1750179600000,1.6684,1.6939,1.654,1.6732,7874993.4
1750183200000,1.6732,1.72,1.6561,1.7154,5901522.4
1750186800000,1.7154,1.7523,1.712,1.7218,8668540.7
1750190400000,1.7217,1.7337,1.6988,1.7012,4293794.5
1750194000000,1.701,1.7151,1.6881,1.6951,3792571.1
1750197600000,1.6951,1.6995,1.6761,1.6804,3324102.2
1750201200000,1.6805,1.7113,1.6793,1.6982,3528878.4
1750204800000,1.6982,1.7168,1.6791,1.7033,5375473.4
1750208400000,1.7032,1.7201,1.6906,1.692,2753571.4
1750212000000,1.6921,1.6991,1.677,1.682,3385589.0
1750215600000,1.6821,1.7049,1.6813,1.6904,2959819.0
1750219200000,1.6904,1.7191,1.6878,1.7174,3486602.7
1750222800000,1.7174,1.7214,1.6995,1.7037,2713644.1
1750226400000,1.7034,1.7049,1.6758,1.6839,3922628.0
1750230000000,1.6838,1.6997,1.6792,1.6924,2307930.0
1750233600000,1.6923,1.71,1.6653,1.6814,5116243.6
1750237200000,1.6813,1.6918,1.658,1.6708,3408640.7
1750240800000,1.6709,1.6733,1.6264,1.6311,7270907.9
1750244400000,1.631,1.6559,1.6208,1.6528,5582680.4
1750248000000,1.6531,1.6546,1.6116,1.6166,5032211.6
1750251600000,1.6166,1.6292,1.5676,1.6159,15764038.5
1750255200000,1.6159,1.6647,1.6061,1.635,13626522.3
1750258800000,1.6349,1.6501,1.617,1.6303,6467165.3
1750262400000,1.6305,1.6345,1.6141,1.6269,3494531.5
1750266000000,1.6267,1.6641,1.6132,1.6529,8466466.9
1750269600000,1.6529,1.6776,1.6242,1.6254,7723373.0
1750273200000,1.6255,1.664,1.6217,1.6345,4926943.1
1750276800000,1.6344,1.704,1.6282,1.6943,5371429.0
1750280400000,1.6943,1.7088,1.672,1.7024,4712867.3
1750284000000,1.7017,1.7067,1.6842,1.6878,2586106.7
1750287600000,1.6878,1.701,1.6812,1.6943,2134296.9
1750291200000,1.6942,1.722,1.6847,1.7,4263379.0
1750294800000,1.6999,1.7022,1.6812,1.6906,3001021.0
1750298400000,1.6906,1.7026,1.6669,1.6739,3858188.4
1750302000000,1.674,1.7011,1.674,1.6855,2546927.9
1750305600000,1.6855,1.7006,1.6723,1.7004,3414251.0
1750309200000,1.7004,1.7211,1.6983,1.6994,4245514.8
1750312800000,1.6993,1.7097,1.6872,1.6939,10070554.3
1750316400000,1.6942,1.7066,1.6773,1.6805,4592394.5
1750320000000,1.6805,1.7036,1.68,1.6953,2756506.1
1750323600000,1.6953,1.7372,1.6912,1.733,4887889.7
1750327200000,1.733,1.7382,1.7162,1.7248,3723797.5
1750330800000,1.7248,1.726,1.6926,1.6994,3047172.2
1750334400000,1.6995,1.7083,1.687,1.6963,2202054.5
1750338000000,1.6963,1.7004,1.6631,1.6702,4771710.8
1750341600000,1.6702,1.6873,1.6557,1.6624,4138575.6
1750345200000,1.6626,1.681,1.6602,1.6647,2665687.4
1750348800000,1.6648,1.6798,1.6453,1.6482,3084647.9
1750352400000,1.6482,1.6912,1.6393,1.6794,5589223.5
1750356000000,1.6793,1.6946,1.6651,1.6763,2608632.9
1750359600000,1.6762,1.6878,1.6693,1.6735,2101333.8
1750363200000,1.6735,1.6883,1.6631,1.6704,1472976.5
1750366800000,1.6701,1.6815,1.6651,1.6711,2072325.7
1750370400000,1.6711,1.6947,1.6707,1.6816,2239324.9
1750374000000,1.6818,1.6858,1.6686,1.6693,1594184.8
1750377600000,1.6696,1.6809,1.6638,1.6678,1830106.1
1750381200000,1.6678,1.6746,1.6497,1.6707,2347337.1
1750384800000,1.6706,1.6726,1.65,1.6566,1738309.7
1750388400000,1.6565,1.6683,1.6503,1.6528,1715984.9
1750392000000,1.6527,1.6569,1.6341,1.6385,2457495.4
1750395600000,1.6383,1.6568,1.6362,1.6532,2283811.4
1750399200000,1.6532,1.6662,1.6522,1.658,1826607.3
1750402800000,1.6579,1.7434,1.657,1.7332,10190245.8
1750406400000,1.7332,1.7694,1.7316,1.7547,9165644.6
1750410000000,1.7546,1.7623,1.7295,1.7408,3412755.1
1750413600000,1.7408,1.7499,1.7312,1.7388,1994835.8
1750417200000,1.7387,1.7424,1.71,1.7299,3652620.8
1750420800000,1.7298,1.7424,1.7214,1.7283,1793134.1
1750424400000,1.7284,1.7415,1.7,1.7063,3137879.3
1750428000000,1.7066,1.7154,1.6218,1.6231,10597534.3
1750431600000,1.6232,1.6407,1.6133,1.6251,7167475.6
1750435200000,1.6252,1.6297,1.5866,1.5877,8383710.9
1750438800000,1.5877,1.595,1.5175,1.5638,17980581.5
1750442400000,1.5641,1.5803,1.5559,1.5569,6523307.8
1750446000000,1.5568,1.5568,1.533,1.5469,5677082.9
1750449600000,1.5472,1.5799,1.5456,1.5615,5860067.2
1750453200000,1.5614,1.5624,1.5434,1.5471,2862942.1
1750456800000,1.547,1.5477,1.5188,1.525,4858545.3
1750460400000,1.5248,1.5531,1.5188,1.5456,4344229.6
1750464000000,1.5456,1.5561,1.5337,1.5488,3046468.1
1750467600000,1.5489,1.5671,1.5443,1.5575,2991306.2
1750471200000,1.5576,1.5637,1.5484,1.5606,1691208.1
1750474800000,1.5606,1.5765,1.557,1.5638,2101855.3
1750478400000,1.5639,1.5683,1.5479,1.5542,2380851.4
1750482000000,1.5543,1.5695,1.5543,1.5651,1441861.8
1750485600000,1.5653,1.5663,1.5552,1.5569,1311157.2
1750489200000,1.5568,1.5646,1.5456,1.5585,1759577.2
1750492800000,1.5586,1.57,1.5512,1.5696,1580054.5
1750496400000,1.5696,1.5699,1.5504,1.5533,2131056.0
1750500000000,1.5533,1.5613,1.5405,1.5473,2145762.4
1750503600000,1.5472,1.565,1.5464,1.5546,1674854.0
1750507200000,1.5547,1.559,1.521,1.5251,4008862.2
1750510800000,1.5252,1.5336,1.4668,1.4728,10983240.4
1750514400000,1.4728,1.4776,1.4177,1.4427,17152005.4
1750518000000,1.4427,1.4502,1.4223,1.4432,12084586.2
1750521600000,1.4432,1.4504,1.4186,1.4258,6102745.6
1750525200000,1.4256,1.4352,1.3942,1.4035,7016794.0
1750528800000,1.4036,1.4198,1.3914,1.3965,5893299.2
1750532400000,1.3965,1.404,1.3771,1.378,6362012.1
1750536000000,1.3779,1.4141,1.3775,1.4045,5736933.0
1750539600000,1.4045,1.4104,1.3413,1.3888,11050743.4
1750543200000,1.3887,1.3973,1.3765,1.3886,3547738.8
1750546800000,1.3887,1.406,1.3566,1.404,8003741.4
1750550400000,1.404,1.4489,1.3786,1.4375,12367578.0
1750554000000,1.4376,1.4434,1.4121,1.4195,5734204.1
1750557600000,1.4196,1.4374,1.4007,1.4098,6918185.0
1750561200000,1.4097,1.4139,1.3828,1.3967,4222054.9
1750564800000,1.3968,1.4086,1.3833,1.3914,3367833.1
1750568400000,1.3913,1.4017,1.3722,1.391,3710251.3
1750572000000,1.3911,1.4081,1.3837,1.3946,2983879.5
1750575600000,1.3944,1.3978,1.3735,1.3846,3246418.5
1750579200000,1.3845,1.3868,1.3712,1.3733,2805471.7
1750582800000,1.3731,1.3759,1.3423,1.3458,7036503.9
1750586400000,1.3459,1.3623,1.3449,1.3508,4067162.6
1750590000000,1.3507,1.3578,1.3194,1.3343,7874238.5
1750593600000,1.3344,1.3415,1.2856,1.3255,15098106.2
1750597200000,1.3256,1.3346,1.2604,1.3143,40146033.1
1750600800000,1.3142,1.3716,1.2769,1.3596,36709051.9
1750604400000,1.36,1.3615,1.3196,1.3237,12494377.2
1750608000000,1.3238,1.333,1.3077,1.323,7813751.8
1750611600000,1.3228,1.3361,1.2981,1.3121,6778706.1
1750615200000,1.3118,1.3224,1.2961,1.2999,3948770.1
1750618800000,1.2998,1.3082,1.2879,1.298,3483821.2
1750622400000,1.2982,1.3326,1.2685,1.3254,9444637.8
1750626000000,1.3255,1.3316,1.2953,1.3031,3691150.8
1750629600000,1.3032,1.3628,1.3015,1.362,8422043.3
1750633200000,1.362,1.3754,1.3488,1.372,5948116.6
1750636800000,1.372,1.3905,1.3552,1.3815,6816170.4
1750640400000,1.3816,1.398,1.3635,1.3958,4415635.9
1750644000000,1.3958,1.398,1.3777,1.3806,2997626.8
1750647600000,1.3804,1.3985,1.3732,1.3805,3771076.5
1750651200000,1.3805,1.392,1.3699,1.3795,2998471.1
1750654800000,1.3795,1.3984,1.3758,1.3931,3748179.9
1750658400000,1.3932,1.4049,1.3812,1.3865,3957641.8
1750662000000,1.3863,1.401,1.3816,1.3969,3378625.2
1750665600000,1.3969,1.4007,1.3805,1.387,3355298.7
1750669200000,1.387,1.4015,1.3756,1.3987,4196475.1
1750672800000,1.3986,1.4003,1.3791,1.3841,3370595.9
1750676400000,1.384,1.393,1.3713,1.3778,4274664.0
1750680000000,1.3778,1.3984,1.354,1.398,8228943.3
1750683600000,1.398,1.4363,1.3607,1.4293,14971903.1
1750687200000,1.4294,1.4417,1.3866,1.3888,12412952.4
1750690800000,1.3888,1.4223,1.3832,1.3873,8313674.5
1750694400000,1.3873,1.3916,1.3348,1.37,15884611.0
1750698000000,1.3703,1.4833,1.3613,1.4618,21920836.6
1750701600000,1.4619,1.5181,1.46,1.498,14235955.0
1750705200000,1.4978,1.5185,1.4803,1.5176,6493309.0
1750708800000,1.518,1.6253,1.507,1.6157,16768434.9
1750712400000,1.6158,1.625,1.5848,1.5865,8611860.7
1750716000000,1.5864,1.7304,1.586,1.6984,28060295.7
1750719600000,1.6982,1.7093,1.6824,1.6919,7556983.4
1750723200000,1.6922,1.7109,1.6609,1.6811,8392584.0
1750726800000,1.6811,1.6821,1.6445,1.657,6002438.0
1750730400000,1.6571,1.6571,1.6064,1.6224,8766290.5
1750734000000,1.6225,1.6611,1.6185,1.6486,6298527.4
1750737600000,1.6486,1.6693,1.6416,1.6676,4143895.4
1750741200000,1.6676,1.7274,1.6651,1.717,7746563.1
1750744800000,1.717,1.7316,1.6909,1.7066,6382998.8
1750748400000,1.7066,1.7134,1.6605,1.6625,8172350.6
1750752000000,1.6626,1.6695,1.6333,1.6487,9963424.3
1750755600000,1.6484,1.6939,1.6433,1.6563,6215112.9
1750759200000,1.6564,1.6703,1.6503,1.6597,3232186.3
1750762800000,1.6596,1.6691,1.6443,1.6626,4258505.3
1750766400000,1.6626,1.6716,1.6427,1.6502,4110762.6
1750770000000,1.6501,1.6623,1.6305,1.6498,6985000.5
1750773600000,1.6495,1.6737,1.643,1.6464,5188972.2
1750777200000,1.6465,1.6627,1.6205,1.6346,5633870.1
1750780800000,1.6347,1.6707,1.6289,1.6687,5926059.6
1750784400000,1.6687,1.6716,1.6173,1.6256,6135905.9
1750788000000,1.6258,1.6308,1.5942,1.6035,5232296.9
1750791600000,1.6038,1.6084,1.5789,1.5951,4792918.7
1750795200000,1.5951,1.6063,1.5821,1.5994,3474158.2
1750798800000,1.5993,1.5993,1.5716,1.5857,4581663.0
1750802400000,1.5857,1.5857,1.5636,1.5765,3385805.8
1750806000000,1.5765,1.5967,1.5639,1.5965,3763214.9
1750809600000,1.5965,1.6115,1.5808,1.6019,6716969.1
1750813200000,1.6019,1.612,1.5801,1.6016,4287808.9
1750816800000,1.6017,1.6471,1.5975,1.6137,7762294.1
1750820400000,1.6136,1.6275,1.5926,1.5939,3166290.6
1750824000000,1.5941,1.5977,1.5663,1.5724,5096349.9
1750827600000,1.5724,1.5788,1.5604,1.5606,4672055.2
1750831200000,1.5607,1.5735,1.5512,1.5656,3940655.2
1750834800000,1.5657,1.5838,1.5585,1.5708,2971598.7
1750838400000,1.5708,1.5737,1.5369,1.555,4907298.5
1750842000000,1.5549,1.5683,1.5387,1.5489,6060913.8
1750845600000,1.5487,1.5611,1.5436,1.5488,3208204.1
1750849200000,1.5488,1.5526,1.5308,1.5454,4592582.9
1750852800000,1.5453,1.546,1.5284,1.5405,4303914.7
1750856400000,1.5405,1.5823,1.5363,1.5764,9191922.0
1750860000000,1.5764,1.5789,1.5063,1.53,13137894.5
1750863600000,1.5299,1.5308,1.4635,1.471,13921568.3
1750867200000,1.4711,1.494,1.4476,1.4546,8528104.7
1750870800000,1.4546,1.4862,1.4513,1.4767,5915518.1
1750874400000,1.4765,1.4781,1.4594,1.4644,2297157.4
1750878000000,1.4644,1.4814,1.4609,1.4684,3397108.0
1750881600000,1.4687,1.481,1.4628,1.4794,2339856.8
1750885200000,1.4793,1.4886,1.4547,1.4608,3342452.7
1750888800000,1.4608,1.4614,1.4314,1.4427,4720337.0
1750892400000,1.4428,1.4495,1.428,1.4324,3954064.0
1750896000000,1.4325,1.4592,1.4267,1.4477,5519303.7
1750899600000,1.4478,1.4905,1.4361,1.4774,7598538.7
1750903200000,1.4776,1.5257,1.4776,1.518,10302511.1
1750906800000,1.5178,1.558,1.5011,1.51,9058170.8
1750910400000,1.5101,1.5105,1.4911,1.5051,3431403.7
1750914000000,1.5051,1.5055,1.4811,1.4939,3883157.1
1750917600000,1.4937,1.5067,1.4874,1.4924,3229009.0
1750921200000,1.492,1.5132,1.4858,1.4876,5552894.9
1750924800000,1.4876,1.4951,1.4662,1.4726,4446902.9
1750928400000,1.4727,1.4741,1.4403,1.4502,6050228.6
1750932000000,1.45,1.4569,1.4416,1.4502,4242982.7
1750935600000,1.4502,1.4544,1.4417,1.4467,2218583.2
1750939200000,1.4467,1.4539,1.4168,1.4207,6880732.8
1750942800000,1.4209,1.4219,1.3862,1.392,9813766.1
1750946400000,1.3919,1.4295,1.3823,1.4059,8479613.8
1750950000000,1.4059,1.4196,1.3863,1.409,6501652.1
1750953600000,1.4088,1.4135,1.3871,1.3917,3491892.4
1750957200000,1.3918,1.4068,1.3853,1.3872,3199863.6
1750960800000,1.3873,1.4037,1.3832,1.3962,4189908.5
1750964400000,1.3963,1.4442,1.3895,1.4288,11654963.0
1750968000000,1.4286,1.4896,1.422,1.4678,7869416.5
1750971600000,1.4677,1.4702,1.4273,1.4457,5666496.8
1750975200000,1.4456,1.4637,1.4417,1.4458,3384880.4
1750978800000,1.4459,1.4497,1.4347,1.4418,3317271.0
1750982400000,1.4418,1.443,1.4115,1.4127,4675013.1
1750986000000,1.4128,1.4433,1.4051,1.4363,5065884.5
1750989600000,1.4365,1.4457,1.4313,1.4346,2222851.3
1750993200000,1.4346,1.4387,1.4205,1.4313,2871037.4
1750996800000,1.4312,1.4358,1.422,1.4234,1833106.2
1751000400000,1.4233,1.4449,1.4183,1.4292,3354830.1
1751004000000,1.4292,1.464,1.4251,1.4416,6087041.7
1751007600000,1.4417,1.4608,1.4223,1.4299,4674022.1
1751011200000,1.4299,1.5056,1.4278,1.4832,9855749.4
1751014800000,1.4832,1.4896,1.4478,1.4683,7670326.7
1751018400000,1.4683,1.4796,1.4622,1.4681,5321974.2
1751022000000,1.4685,1.4749,1.4581,1.4649,2881893.7
1751025600000,1.4649,1.4792,1.4411,1.4458,5722075.1
1751029200000,1.4461,1.4607,1.4362,1.4601,7058825.6
1751032800000,1.4602,1.4811,1.4441,1.4496,7089091.5
1751036400000,1.4497,1.4808,1.4412,1.4732,5074870.8
1751040000000,1.4735,1.4986,1.4626,1.4692,5758933.1
1751043600000,1.4692,1.4725,1.4261,1.4448,7155328.9
1751047200000,1.4445,1.4494,1.4151,1.4237,4842793.9
1751050800000,1.4235,1.4417,1.4211,1.4369,3586964.6
1751054400000,1.437,1.458,1.4305,1.4543,4442999.2
1751058000000,1.4543,1.4626,1.4452,1.4533,3015809.6
1751061600000,1.4533,1.4685,1.4525,1.4645,2276048.0
1751065200000,1.4645,1.4645,1.4536,1.4586,2064142.6
1751068800000,1.4587,1.4725,1.4544,1.4634,1827943.8
1751072400000,1.4636,1.4677,1.4479,1.456,2745470.8
1751076000000,1.4561,1.46,1.4498,1.4533,1592517.0
1751079600000,1.4533,1.4564,1.4464,1.448,1262512.0
1751083200000,1.4481,1.4493,1.438,1.4429,1503167.8
1751086800000,1.4428,1.4682,1.4396,1.4573,2871973.3
1751090400000,1.4573,1.4655,1.4502,1.4566,2126322.5
1751094000000,1.4567,1.4728,1.4512,1.4711,2239395.5
1751097600000,1.4711,1.472,1.4512,1.4536,1780319.9
1751101200000,1.4535,1.4699,1.4469,1.4633,2004024.8
1751104800000,1.4634,1.4683,1.4576,1.46,1348304.7
1751108400000,1.46,1.4713,1.4541,1.4584,2277689.9
1751112000000,1.4583,1.4605,1.4526,1.455,1278774.8
1751115600000,1.4551,1.4646,1.4415,1.4443,2392942.1
1751119200000,1.4444,1.453,1.4433,1.4488,1415857.3
1751122800000,1.4489,1.4829,1.4461,1.4822,3950530.7
1751126400000,1.4823,1.4958,1.4557,1.4588,5655121.1
1751130000000,1.4588,1.4867,1.455,1.4856,2903079.4
1751133600000,1.4853,1.5571,1.4758,1.5052,8502611.7
1751137200000,1.5051,1.5308,1.4927,1.4999,5614455.9
1751140800000,1.4998,1.5257,1.4976,1.499,3180661.6
1751144400000,1.4991,1.5247,1.4979,1.5221,2347365.5
1751148000000,1.5221,1.5453,1.5167,1.5316,4013050.5
1751151600000,1.5316,1.5384,1.5112,1.5188,2818979.1
1751155200000,1.5188,1.5251,1.5035,1.5125,3888942.9
1751158800000,1.5118,1.5123,1.4859,1.4884,3464876.6
1751162400000,1.4885,1.5038,1.4823,1.4943,4138729.6
1751166000000,1.4942,1.4969,1.4831,1.485,1374961.0
1751169600000,1.4851,1.4922,1.4768,1.4819,1468975.9
1751173200000,1.4819,1.4842,1.4762,1.484,1146071.6
1751176800000,1.4841,1.5209,1.4837,1.5185,3520168.4
1751180400000,1.5185,1.5504,1.5125,1.5474,6286825.8
1751184000000,1.5473,1.5968,1.5434,1.5912,8392931.6
1751187600000,1.5914,1.6089,1.5824,1.5902,6833490.6
1751191200000,1.5903,1.5966,1.5572,1.5724,6472302.9
1751194800000,1.5723,1.5799,1.5591,1.5603,2931414.5
1751198400000,1.5604,1.6032,1.5492,1.5729,9297585.6
1751202000000,1.5731,1.59,1.5605,1.5624,4828698.0
1751205600000,1.5625,1.5837,1.5478,1.5509,4214612.6
1751209200000,1.551,1.5602,1.5406,1.5442,4052356.5
1751212800000,1.5444,1.5576,1.5391,1.5528,3660379.0
1751216400000,1.5528,1.5573,1.5367,1.5478,1939850.9
1751220000000,1.5478,1.5864,1.5419,1.5823,3567767.6
1751223600000,1.5823,1.5884,1.5604,1.5768,3320230.7
1751227200000,1.5767,1.5802,1.5639,1.5649,1770610.3
1751230800000,1.5652,1.5934,1.5567,1.5798,2734710.8
1751234400000,1.5799,1.671,1.5792,1.6538,11217139.2
1751238000000,1.6538,1.665,1.6212,1.6236,5336287.5
1751241600000,1.6236,1.6371,1.606,1.6112,4897487.4
1751245200000,1.6112,1.6113,1.5832,1.5891,5437759.6
1751248800000,1.5891,1.592,1.5706,1.5717,3470635.0
1751252400000,1.5718,1.5806,1.5672,1.5734,2549664.7
1751256000000,1.5735,1.5806,1.5697,1.577,2285525.0
1751259600000,1.5769,1.6154,1.575,1.6094,3740764.5
1751263200000,1.6094,1.6112,1.5619,1.576,4434128.6
1751266800000,1.5759,1.5934,1.5704,1.5722,3085678.4
1751270400000,1.5726,1.5746,1.5486,1.5527,4654379.3
1751274000000,1.5526,1.5601,1.533,1.5358,3187781.7
1751277600000,1.536,1.5613,1.5346,1.544,3643186.5
1751281200000,1.5439,1.5559,1.5355,1.537,3220603.0
1751284800000,1.537,1.5449,1.5206,1.5242,4161393.4
1751288400000,1.5242,1.5428,1.5159,1.5199,3677813.3
1751292000000,1.5198,1.5312,1.494,1.4978,8205108.5
1751295600000,1.4979,1.536,1.4847,1.5029,11875981.5
1751299200000,1.5029,1.5272,1.4962,1.5214,5673285.0
1751302800000,1.5214,1.5315,1.5039,1.5093,4390487.0
1751306400000,1.5092,1.5138,1.4924,1.4971,2849234.8
1751310000000,1.4971,1.5305,1.4949,1.525,3936449.5
1751313600000,1.525,1.5313,1.5102,1.5121,3257619.8
1751317200000,1.512,1.5233,1.5016,1.5073,2233696.4
1751320800000,1.5076,1.5142,1.4956,1.4979,1959430.0
1751324400000,1.498,1.5149,1.4977,1.5036,2030243.7
1751328000000,1.5038,1.5168,1.4881,1.5018,2816312.9
1751331600000,1.5018,1.5177,1.4942,1.4957,3705570.2
1751335200000,1.4956,1.5024,1.4724,1.4744,5637103.8
1751338800000,1.4744,1.4876,1.4682,1.4802,3598602.9
1751342400000,1.4803,1.481,1.4626,1.4637,3654983.0
1751346000000,1.4637,1.4683,1.4508,1.4656,4055411.4
1751349600000,1.4655,1.4674,1.456,1.459,1997416.2
1751353200000,1.459,1.4762,1.453,1.4754,3446200.2
1751356800000,1.4754,1.4754,1.4554,1.4639,2275940.6
1751360400000,1.4638,1.4717,1.4571,1.4666,2547604.4
1751364000000,1.4666,1.4684,1.4524,1.4592,2752231.3
1751367600000,1.4591,1.4614,1.4457,1.4533,3008172.0
1751371200000,1.4533,1.4648,1.4476,1.4502,3666330.3
1751374800000,1.4502,1.4622,1.4387,1.4552,3779748.0
1751378400000,1.4551,1.4744,1.4414,1.4573,5632165.0
1751382000000,1.4573,1.4702,1.4469,1.454,3418905.5
1751385600000,1.4542,1.4636,1.4474,1.451,2146723.1
1751389200000,1.4512,1.4542,1.4413,1.4485,2275736.3
1751392800000,1.4485,1.4486,1.4292,1.4335,3527846.5
1751396400000,1.4335,1.4474,1.4286,1.4297,3075703.2
1751400000000,1.4298,1.4422,1.4259,1.4367,2418264.1
1751403600000,1.4367,1.4472,1.4293,1.437,1724482.6
1751407200000,1.4371,1.4392,1.4261,1.4269,2253604.2
1751410800000,1.427,1.4311,1.4187,1.4303,2163090.8
1751414400000,1.4303,1.4335,1.4143,1.4172,2460867.9
1751418000000,1.4172,1.4337,1.4017,1.4322,3947209.7
1751421600000,1.4321,1.4433,1.4284,1.4433,1958509.8
1751425200000,1.4433,1.459,1.4418,1.449,3599826.5
1751428800000,1.449,1.471,1.4415,1.4695,3075667.4
1751432400000,1.4694,1.4818,1.4632,1.4799,2593444.7
1751436000000,1.4799,1.498,1.4758,1.489,4639378.3
1751439600000,1.489,1.4932,1.4718,1.4818,4688360.3
1751443200000,1.4819,1.4929,1.4769,1.4802,3640035.1
1751446800000,1.4803,1.4829,1.4685,1.4713,3222005.1
1751450400000,1.4713,1.4886,1.4629,1.4802,3316555.4
1751454000000,1.4804,1.4889,1.469,1.4705,3161852.9
1751457600000,1.4705,1.4867,1.4667,1.4865,3733307.0
1751461200000,1.4865,1.5407,1.4835,1.534,9148393.4
1751464800000,1.5339,1.5702,1.5249,1.5615,10497955.9
1751468400000,1.5615,1.581,1.5467,1.5782,7763030.9
1751472000000,1.5781,1.6453,1.5749,1.6335,16314389.1
1751475600000,1.6335,1.6505,1.587,1.6043,13224736.5
1751479200000,1.6043,1.6321,1.6031,1.6282,5366069.8
1751482800000,1.628,1.6324,1.6124,1.6313,4040631.3
1751486400000,1.6311,1.6391,1.6128,1.6272,5461043.1
1751490000000,1.6271,1.6481,1.6245,1.6395,3735789.7
1751493600000,1.6395,1.6606,1.6313,1.6319,4183001.2
1751497200000,1.6319,1.6353,1.6032,1.6059,5266634.9
1751500800000,1.6058,1.6288,1.5911,1.6193,5763054.8
1751504400000,1.6193,1.6438,1.6096,1.6372,3468238.8
1751508000000,1.6372,1.6379,1.6126,1.6277,3413128.5
1751511600000,1.6276,1.6394,1.6215,1.6236,2501511.7
1751515200000,1.6236,1.6476,1.6203,1.6434,3637546.1
1751518800000,1.6432,1.6764,1.6404,1.6645,6445543.5
1751522400000,1.6645,1.6937,1.6497,1.6874,5112821.4
1751526000000,1.6872,1.7127,1.6702,1.6843,8387932.8
1751529600000,1.6847,1.701,1.6687,1.6695,4553746.6
1751533200000,1.6695,1.715,1.6648,1.6996,6090528.0
1751536800000,1.6999,1.703,1.6642,1.6819,6405074.2
1751540400000,1.6818,1.6838,1.6502,1.6536,4905448.5
1751544000000,1.6533,1.6879,1.6185,1.6469,10747939.8
1751547600000,1.6468,1.6821,1.6356,1.6676,9100767.1
1751551200000,1.6675,1.6766,1.6265,1.6306,7183176.2
1751554800000,1.6306,1.6347,1.58,1.5997,8393678.7
1751558400000,1.5998,1.6277,1.5986,1.6181,6546296.0
1751562000000,1.6182,1.6371,1.6172,1.6351,2669535.6
1751565600000,1.635,1.6441,1.6161,1.6332,3138505.8
1751569200000,1.6331,1.6459,1.6318,1.6388,2228973.3
1751572800000,1.639,1.6582,1.6368,1.6539,2446104.6
1751576400000,1.6538,1.659,1.6451,1.656,2194436.5
1751580000000,1.656,1.6693,1.6491,1.6672,2508838.4
1751583600000,1.6672,1.6861,1.6504,1.658,4109720.4
1751587200000,1.658,1.676,1.6495,1.6589,3979886.3
1751590800000,1.659,1.6726,1.646,1.6483,2684286.7
1751594400000,1.6482,1.6488,1.6232,1.6301,4056104.6
1751598000000,1.6302,1.6418,1.6263,1.6404,2288634.8
1751601600000,1.6404,1.6487,1.6236,1.6254,2749932.8
1751605200000,1.6255,1.6503,1.6245,1.6362,2996300.4
1751608800000,1.6361,1.6367,1.6028,1.6134,4798057.1
1751612400000,1.6134,1.62,1.5852,1.5888,5504141.7
1751616000000,1.589,1.6103,1.5626,1.6034,7072666.9
1751619600000,1.6033,1.6227,1.6029,1.609,3323846.9
1751623200000,1.6091,1.6155,1.5943,1.597,2767152.0
1751626800000,1.5969,1.608,1.588,1.5947,3800531.2
1751630400000,1.5946,1.6016,1.5719,1.5843,3751259.2
1751634000000,1.5842,1.5945,1.5647,1.5701,6171719.4
1751637600000,1.5699,1.578,1.5519,1.565,7509168.0
1751641200000,1.5651,1.5684,1.5349,1.5364,6644384.0
1751644800000,1.5362,1.5407,1.5121,1.5341,8262018.6
1751648400000,1.5339,1.5427,1.5213,1.5366,4560776.5
1751652000000,1.5366,1.5371,1.5212,1.5307,3609027.7
1751655600000,1.5308,1.536,1.5217,1.5256,1631849.5
1751659200000,1.5257,1.5407,1.5213,1.5345,2924699.7
1751662800000,1.5345,1.5483,1.532,1.5462,2367570.6
1751666400000,1.546,1.575,1.543,1.5716,4137694.6
1751670000000,1.5716,1.5716,1.544,1.5489,3145601.9
1751673600000,1.549,1.574,1.5446,1.5664,3439291.5
1751677200000,1.5664,1.5667,1.5514,1.5573,1738193.8
1751680800000,1.5572,1.5572,1.5413,1.5561,2910109.2
1751684400000,1.556,1.5791,1.5548,1.576,3163259.5
1751688000000,1.5761,1.5765,1.5572,1.558,2739136.5
1751691600000,1.5579,1.5912,1.5541,1.5889,3050533.9
1751695200000,1.589,1.6161,1.5819,1.6154,4036343.3
1751698800000,1.6154,1.6214,1.5942,1.5993,4733864.4
1751702400000,1.5994,1.6098,1.5773,1.5826,4829202.5
1751706000000,1.5827,1.5867,1.5659,1.5816,3950483.1
1751709600000,1.5816,1.5825,1.567,1.5688,2221853.0
1751713200000,1.5691,1.5728,1.5567,1.5583,1824885.3
1751716800000,1.5588,1.5629,1.5445,1.5512,4582087.3
1751720400000,1.551,1.5613,1.5385,1.5418,3323722.2
1751724000000,1.5419,1.5512,1.5366,1.5496,3136706.4
1751727600000,1.5495,1.5536,1.5415,1.5435,2561587.0
1751731200000,1.5434,1.5549,1.5345,1.5488,3500590.7
1751734800000,1.5487,1.5537,1.5322,1.5378,3023431.0
1751738400000,1.5379,1.538,1.5139,1.5194,3336639.1
1751742000000,1.5194,1.5363,1.5151,1.5339,2220583.1
1751745600000,1.5339,1.5358,1.525,1.5339,1943074.7
1751749200000,1.5338,1.5434,1.5305,1.5388,1891460.5
1751752800000,1.5388,1.546,1.5342,1.5404,1302305.1
1751756400000,1.5405,1.5501,1.5372,1.5406,1822913.2
1751760000000,1.5407,1.5476,1.5375,1.5456,1656436.5
1751763600000,1.5456,1.5471,1.5347,1.5402,1407402.5
1751767200000,1.5401,1.5558,1.5356,1.5356,2650800.3
1751770800000,1.5355,1.5377,1.5282,1.5301,1599750.8
1751774400000,1.5299,1.5411,1.5269,1.5316,1530014.9
1751778000000,1.5315,1.533,1.5256,1.527,1545305.3
1751781600000,1.5271,1.538,1.5223,1.5343,2810184.9
1751785200000,1.5343,1.5497,1.5275,1.5282,3398934.2
1751788800000,1.5282,1.5341,1.5162,1.5287,3704386.9
1751792400000,1.5288,1.5369,1.5185,1.5199,2447913.5
1751796000000,1.5199,1.5336,1.5162,1.5267,2608901.9
1751799600000,1.5267,1.546,1.5225,1.5451,1689914.4
1751803200000,1.5452,1.5543,1.5352,1.5511,3240769.1
1751806800000,1.551,1.5858,1.5352,1.573,7848853.1
1751810400000,1.5732,1.5829,1.5539,1.5621,5489385.3
1751814000000,1.5621,1.5659,1.5376,1.5486,3952608.5
1751817600000,1.5486,1.5568,1.5432,1.5562,2961629.9
1751821200000,1.5562,1.5601,1.5442,1.5528,2969233.3
1751824800000,1.5528,1.554,1.5315,1.5419,2783198.3
1751828400000,1.542,1.5492,1.5378,1.5457,1685006.7
1751832000000,1.5456,1.5638,1.5453,1.5546,1692135.0
1751835600000,1.5547,1.5909,1.5547,1.5765,4277672.4
1751839200000,1.5766,1.5942,1.5701,1.5715,3429748.3
1751842800000,1.5715,1.5726,1.543,1.5515,3826302.0
1751846400000,1.5515,1.5552,1.5379,1.5452,2971684.9
1751850000000,1.5453,1.5619,1.5383,1.5587,2376912.1
1751853600000,1.5587,1.5938,1.5587,1.5743,3813475.7
1751857200000,1.5743,1.5974,1.5674,1.5708,3327712.0
1751860800000,1.5709,1.5805,1.564,1.5643,1996432.8
1751864400000,1.5642,1.5711,1.555,1.5596,1581717.9
1751868000000,1.5596,1.563,1.5423,1.5461,2560192.3
1751871600000,1.5461,1.5611,1.5387,1.561,2548739.7
1751875200000,1.561,1.5669,1.5504,1.5578,2381992.1
1751878800000,1.5577,1.5577,1.539,1.5418,3167430.2
1751882400000,1.5417,1.5438,1.5307,1.5356,2952681.9
1751886000000,1.5356,1.5513,1.5311,1.5399,3223924.4
1751889600000,1.5398,1.5409,1.5235,1.5283,2616120.7
1751893200000,1.5282,1.538,1.5136,1.5328,4572219.5
1751896800000,1.5328,1.5362,1.49,1.4971,6662008.3
1751900400000,1.4972,1.5074,1.4929,1.499,2974332.6
1751904000000,1.4991,1.5014,1.4748,1.4808,5575354.3
1751907600000,1.4805,1.4931,1.4726,1.4836,3447962.9
1751911200000,1.4836,1.4904,1.4717,1.4898,2859392.0
1751914800000,1.4897,1.5065,1.4848,1.4877,3377013.7
1751918400000,1.4876,1.4876,1.4635,1.4774,3958166.3
1751922000000,1.4775,1.4878,1.474,1.4819,1720699.7
1751925600000,1.4818,1.4868,1.4742,1.4825,1510495.7
1751929200000,1.4823,1.5,1.4822,1.4967,1884030.0
1751932800000,1.4968,1.5209,1.4927,1.508,3774127.8
1751936400000,1.508,1.5083,1.4893,1.49,3165838.4
1751940000000,1.4901,1.4923,1.4734,1.4787,4668538.6
1751943600000,1.4785,1.4817,1.465,1.4671,2614441.9
1751947200000,1.4671,1.4776,1.4604,1.4737,2669696.9
1751950800000,1.4737,1.4749,1.4601,1.4637,2201070.5
1751954400000,1.4637,1.4759,1.461,1.4631,3013045.6
1751958000000,1.463,1.4764,1.4568,1.4741,3141059.1
1751961600000,1.4741,1.4838,1.4612,1.4628,2796287.7
1751965200000,1.4629,1.4743,1.4597,1.4712,1990586.3
1751968800000,1.4711,1.4826,1.4696,1.4793,2841540.3
1751972400000,1.4794,1.4894,1.465,1.468,3866459.7
1751976000000,1.468,1.4768,1.4611,1.4724,4029815.1
1751979600000,1.4723,1.4808,1.4511,1.4714,4943643.4
1751983200000,1.4713,1.4737,1.4474,1.4545,5056744.1
1751986800000,1.4546,1.4578,1.4334,1.4391,3990028.6
1751990400000,1.4391,1.4576,1.429,1.4487,5144024.0
1751994000000,1.4488,1.4813,1.445,1.4713,5088519.4
1751997600000,1.4712,1.4868,1.47,1.486,2114066.2
1752001200000,1.4859,1.4865,1.4591,1.4676,2088346.3
1752004800000,1.4675,1.4746,1.4607,1.4617,1177639.2
1752008400000,1.4616,1.4741,1.4606,1.4717,953005.4
1752012000000,1.4718,1.4808,1.4662,1.4763,1580080.9
1752015600000,1.4763,1.4782,1.4692,1.4722,1423775.8
1752019200000,1.4722,1.4742,1.4574,1.4621,2040419.0
1752022800000,1.462,1.4726,1.4487,1.4541,2458823.8
1752026400000,1.4542,1.4554,1.4419,1.444,2296101.2
1752030000000,1.444,1.4534,1.4412,1.4482,1742662.6
1752033600000,1.4481,1.4621,1.4456,1.4595,1651181.6
1752037200000,1.4595,1.4803,1.4522,1.468,3609680.4
1752040800000,1.468,1.4717,1.4549,1.4631,2047484.4
1752044400000,1.4632,1.4717,1.454,1.4679,2162574.0
1752048000000,1.468,1.4792,1.4646,1.4696,2566707.2
1752051600000,1.4696,1.4755,1.4566,1.4667,1901893.6
1752055200000,1.4667,1.4751,1.4598,1.4668,1560982.9
1752058800000,1.4668,1.4775,1.464,1.4729,3020443.7
1752062400000,1.4729,1.5074,1.4671,1.4876,6970986.4
1752066000000,1.4876,1.5027,1.4774,1.4797,4798650.1
1752069600000,1.4796,1.4978,1.4554,1.469,7482741.1
1752073200000,1.4689,1.4779,1.4574,1.4656,3852687.5
1752076800000,1.4657,1.4874,1.4652,1.4777,3329451.6
1752080400000,1.4775,1.4787,1.457,1.4632,2510817.8
1752084000000,1.4633,1.5011,1.4616,1.4844,5892486.6
1752087600000,1.4845,1.5668,1.483,1.5564,15604031.8
1752091200000,1.5562,1.5626,1.5075,1.5376,11874678.6
1752094800000,1.5376,1.5699,1.5369,1.5545,5460052.2
1752098400000,1.5548,1.5719,1.55,1.5583,4261383.4
1752102000000,1.5581,1.5789,1.5503,1.5596,3574414.8
1752105600000,1.5597,1.5897,1.5529,1.5604,6372551.7
1752109200000,1.5605,1.6038,1.5605,1.58,5160202.9
1752112800000,1.5801,1.6047,1.5762,1.5918,4426589.4
1752116400000,1.5916,1.598,1.5743,1.5884,3198820.4
1752120000000,1.5883,1.6067,1.5727,1.6061,4196776.9
1752123600000,1.6061,1.6334,1.6002,1.6197,5220852.2
1752127200000,1.6196,1.6331,1.5959,1.6235,5435904.2
1752130800000,1.6234,1.6697,1.6228,1.6371,8858399.7
1752134400000,1.637,1.6495,1.6274,1.6494,3670571.8
1752138000000,1.6494,1.6519,1.6117,1.6129,4567846.8
1752141600000,1.6128,1.6335,1.5978,1.6284,5279793.4
1752145200000,1.6286,1.6334,1.619,1.629,2920944.0
1752148800000,1.629,1.629,1.5987,1.6106,4212479.0
1752152400000,1.6105,1.631,1.5861,1.601,9365184.1
1752156000000,1.601,1.6144,1.591,1.6052,5293946.1
1752159600000,1.6052,1.6073,1.5829,1.5956,4212748.7
1752163200000,1.5957,1.6705,1.5931,1.6646,12469042.5
1752166800000,1.6645,1.7155,1.6517,1.7101,13421325.3
1752170400000,1.7102,1.7115,1.6685,1.6827,7157404.4
1752174000000,1.6825,1.6946,1.6582,1.6659,4192503.8
1752177600000,1.6657,1.6909,1.6653,1.6848,3025020.6
1752181200000,1.6847,1.7847,1.6826,1.7683,14571517.7
1752184800000,1.7684,1.7895,1.754,1.7868,6842538.5
1752188400000,1.7869,1.793,1.75,1.7618,4605377.5
1752192000000,1.762,1.7719,1.7288,1.7462,5347277.9
1752195600000,1.7462,1.7888,1.7444,1.7877,4888055.1
1752199200000,1.7876,1.815,1.7808,1.8026,4749605.9
1752202800000,1.8025,1.8179,1.7927,1.8128,4171996.0
1752206400000,1.8127,1.8285,1.791,1.8247,4471750.9
1752210000000,1.8249,1.8611,1.8233,1.8412,8608602.2
1752213600000,1.8408,1.8606,1.7909,1.7949,8067842.4
1752217200000,1.7948,1.8097,1.7742,1.7827,6488345.1
1752220800000,1.7828,1.8305,1.7815,1.8302,4744731.2
1752224400000,1.8301,1.8516,1.816,1.8472,4890320.5
1752228000000,1.8473,1.8524,1.8275,1.8314,3952175.5
1752231600000,1.8314,1.8402,1.8153,1.8374,3828721.7
1752235200000,1.8375,1.854,1.8192,1.8471,3759944.4
1752238800000,1.8472,1.8816,1.8225,1.856,8018627.0
1752242400000,1.8562,1.8744,1.8347,1.8489,5720443.9
1752246000000,1.8489,1.8499,1.7526,1.764,10860694.2
1752249600000,1.7644,1.8045,1.7612,1.7913,7359694.0
1752253200000,1.7914,1.8086,1.7842,1.7983,3420747.1
1752256800000,1.7984,1.8048,1.7736,1.783,2110541.8
1752260400000,1.7829,1.7995,1.7732,1.797,2216095.9
1752264000000,1.797,1.797,1.7536,1.7539,2604062.5
1752267600000,1.754,1.7638,1.7166,1.7285,5045502.8
1752271200000,1.7285,1.7346,1.6674,1.7029,7200703.1
1752274800000,1.7032,1.7217,1.6977,1.7139,3479702.3
1752278400000,1.7141,1.7277,1.6875,1.708,3937375.7
1752282000000,1.708,1.7569,1.708,1.7449,4324012.0
1752285600000,1.7447,1.763,1.7362,1.747,3125433.9
1752289200000,1.7469,1.763,1.7445,1.7621,1826426.5
1752292800000,1.7622,1.7663,1.7208,1.7276,3236919.1
1752296400000,1.7276,1.7388,1.7046,1.7257,3101480.6
1752300000000,1.7261,1.7464,1.7091,1.7421,3255839.5
1752303600000,1.7421,1.7628,1.738,1.7458,3918551.5
1752307200000,1.7459,1.7638,1.7444,1.7628,2356748.8
1752310800000,1.7627,1.7806,1.752,1.7764,3488272.9
1752314400000,1.7763,1.7763,1.756,1.7611,1889855.7
1752318000000,1.7612,1.7677,1.7467,1.7527,2717002.6
1752321600000,1.7526,1.7625,1.6831,1.7056,6199601.2
1752325200000,1.7057,1.7063,1.6634,1.6943,6461040.8
1752328800000,1.6944,1.7174,1.6822,1.6857,4753663.5
1752332400000,1.6857,1.6897,1.6366,1.6581,7745518.2
1752336000000,1.6584,1.6824,1.646,1.6678,3362390.0
1752339600000,1.6678,1.7106,1.6644,1.7064,2283736.5
1752343200000,1.7064,1.721,1.6957,1.7139,2161198.9
1752346800000,1.714,1.7335,1.7083,1.724,2261422.1
1752350400000,1.7242,1.727,1.6945,1.6969,2143649.3
1752354000000,1.6968,1.7125,1.6939,1.7109,1517644.4
1752357600000,1.711,1.7134,1.6887,1.7068,1656996.9
1752361200000,1.7068,1.7176,1.6948,1.7084,1668740.5
1752364800000,1.7082,1.7217,1.6993,1.705,3091110.4
1752368400000,1.705,1.7324,1.7017,1.7192,2913019.8
1752372000000,1.7193,1.734,1.7029,1.7286,2344960.6
1752375600000,1.7287,1.7313,1.7121,1.7148,2146421.9
1752379200000,1.7149,1.7224,1.6987,1.7195,2351425.4
1752382800000,1.7195,1.7253,1.7021,1.7044,2556976.2
1752386400000,1.7044,1.7189,1.7013,1.7069,2029766.1
1752390000000,1.707,1.7324,1.7005,1.7238,2962927.7
1752393600000,1.7237,1.7279,1.6951,1.7041,2905851.0
1752397200000,1.704,1.7133,1.6911,1.7,2536132.6
1752400800000,1.7001,1.7157,1.6958,1.7038,1920185.6
1752404400000,1.7038,1.7546,1.7016,1.7538,4679666.3
1752408000000,1.7535,1.7751,1.7325,1.765,5254715.7
1752411600000,1.7651,1.7682,1.7438,1.7558,4562088.7
1752415200000,1.7558,1.7872,1.7317,1.739,6798658.7
1752418800000,1.739,1.757,1.7104,1.726,5918465.5
1752422400000,1.7259,1.75,1.7102,1.7138,4750401.9
1752426000000,1.7141,1.7372,1.7037,1.7274,2977750.6
1752429600000,1.7275,1.7574,1.7225,1.7397,2365448.9
1752433200000,1.7397,1.759,1.731,1.7338,2293442.9
1752436800000,1.7336,1.753,1.7236,1.7393,2107062.1
1752440400000,1.7392,1.74,1.6808,1.7071,4422039.1
1752444000000,1.707,1.7151,1.6862,1.701,3802785.7
1752447600000,1.7009,1.7149,1.6931,1.7085,2367209.4
1752451200000,1.7086,1.7301,1.6919,1.7135,4129877.6
1752454800000,1.7135,1.7402,1.698,1.7392,3554770.2
1752458400000,1.7394,1.8257,1.7328,1.7754,11332074.0
1752462000000,1.7748,1.8291,1.7635,1.8112,7037917.8
1752465600000,1.8111,1.8392,1.7882,1.8369,5974658.8
1752469200000,1.8368,1.8384,1.7532,1.7914,8929566.8
1752472800000,1.7915,1.7916,1.76,1.7754,4967737.5
1752476400000,1.7753,1.8045,1.7742,1.797,3920710.3
1752480000000,1.7971,1.7994,1.7553,1.7886,4858038.4
1752483600000,1.7885,1.8114,1.782,1.7948,4218864.5
1752487200000,1.7947,1.8256,1.7693,1.8028,5659770.3
1752490800000,1.8027,1.8178,1.7826,1.7987,5175071.2
1752494400000,1.7986,1.8123,1.7809,1.797,3640826.7
1752498000000,1.7969,1.8063,1.765,1.789,5048678.6
1752501600000,1.789,1.8003,1.7154,1.7484,9294468.8
1752505200000,1.7485,1.7492,1.6988,1.7142,6029940.7
1752508800000,1.7144,1.7248,1.6896,1.7214,5562441.3
1752512400000,1.7216,1.7227,1.6976,1.7095,3049237.6
1752516000000,1.7095,1.7097,1.6757,1.6765,4090049.4
1752519600000,1.6765,1.6903,1.6704,1.6811,2664845.1
1752523200000,1.681,1.6919,1.653,1.6814,3959829.1
1752526800000,1.6813,1.7048,1.6715,1.6955,2409782.7
1752530400000,1.6954,1.7052,1.6869,1.693,2780413.9
1752534000000,1.693,1.7019,1.6791,1.6887,3093452.6
1752537600000,1.6887,1.7002,1.6599,1.6634,4243206.0
1752541200000,1.6636,1.6749,1.64,1.6526,5597760.2
1752544800000,1.6525,1.6627,1.6339,1.641,4364902.7
1752548400000,1.6408,1.6408,1.593,1.6122,9063253.7
1752552000000,1.6123,1.628,1.5954,1.6195,4741325.2
1752555600000,1.6195,1.6319,1.6181,1.6277,2983628.5
1752559200000,1.6277,1.6374,1.6187,1.6313,2742838.0
1752562800000,1.6315,1.6464,1.6098,1.6132,3621007.7
1752566400000,1.6131,1.6137,1.5966,1.6014,3688505.1
1752570000000,1.6013,1.6163,1.6002,1.605,2552529.5
1752573600000,1.6049,1.6151,1.6025,1.6071,2215593.0
1752577200000,1.6072,1.6209,1.5859,1.6186,4338566.7
1752580800000,1.6185,1.6468,1.59,1.6241,8099075.2
1752584400000,1.6242,1.6617,1.6209,1.6492,7645053.2
1752588000000,1.6493,1.6606,1.565,1.5841,8713648.2
1752591600000,1.584,1.6355,1.58,1.6253,6351415.0
1752595200000,1.625,1.656,1.6204,1.6374,5349171.7
1752598800000,1.6374,1.6654,1.6282,1.6645,4405780.8
1752602400000,1.6648,1.6736,1.6116,1.6324,7095294.7
1752606000000,1.6323,1.6474,1.594,1.6022,4328401.2
1752609600000,1.6016,1.6216,1.5949,1.6093,2549127.5
1752613200000,1.6092,1.639,1.6041,1.6318,3145829.1
1752616800000,1.6318,1.6456,1.622,1.6438,2691308.0
1752620400000,1.6439,1.6903,1.6436,1.6854,6093593.7
1752624000000,1.6853,1.7067,1.6581,1.6971,6297295.2
1752627600000,1.6969,1.6986,1.6766,1.6828,3833202.7
1752631200000,1.6829,1.6874,1.6315,1.6447,6058035.4
1752634800000,1.6447,1.6509,1.6349,1.643,2362284.6
1752638400000,1.6431,1.6463,1.625,1.6446,2488872.2
1752642000000,1.6445,1.6578,1.6391,1.643,2686945.7
1752645600000,1.643,1.671,1.6303,1.6685,3350842.3
1752649200000,1.6682,1.6999,1.6554,1.6891,4566703.6
1752652800000,1.6891,1.6922,1.6708,1.6814,3546964.4
1752656400000,1.6814,1.702,1.6651,1.68,4633719.5
1752660000000,1.6801,1.686,1.668,1.6694,2422411.9
1752663600000,1.6693,1.6932,1.6693,1.6832,2813414.5
1752667200000,1.6831,1.7165,1.6778,1.695,5296266.6
1752670800000,1.6948,1.7087,1.6748,1.6927,4367408.4
1752674400000,1.6926,1.7345,1.6799,1.7236,6679611.0
1752678000000,1.7237,1.7371,1.6692,1.6993,9583093.9
1752681600000,1.6995,1.7453,1.6904,1.744,6015559.5
1752685200000,1.744,1.7893,1.7431,1.789,6793436.3
1752688800000,1.7892,1.8406,1.7892,1.8137,7880531.9
1752692400000,1.8142,1.8219,1.7771,1.7904,6477509.7
1752696000000,1.7907,1.8374,1.7903,1.805,5698122.1
1752699600000,1.805,1.8328,1.7959,1.8267,4300996.6
1752703200000,1.8268,1.8541,1.7945,1.799,6372687.5
1752706800000,1.7989,1.8025,1.7595,1.7795,6862675.9
1752710400000,1.7795,1.8394,1.7776,1.7921,6874175.2
1752714000000,1.7921,1.807,1.728,1.7424,7582682.8
1752717600000,1.7422,1.7699,1.7344,1.7505,3604412.6
1752721200000,1.7506,1.7528,1.7057,1.7199,5042101.5
1752724800000,1.7198,1.7429,1.7151,1.7417,2950949.9
1752728400000,1.742,1.7523,1.7231,1.7523,2499482.8
1752732000000,1.7523,1.7772,1.7274,1.7696,4970954.6
1752735600000,1.7697,1.8307,1.7534,1.8285,7867663.9
1752739200000,1.8285,1.918,1.8277,1.8876,18575128.9
1752742800000,1.8875,1.9247,1.8651,1.886,16450041.0
1752746400000,1.886,1.8901,1.8473,1.8641,6754850.6
1752750000000,1.8642,1.8837,1.8355,1.8371,7321049.6
1752753600000,1.8369,1.8568,1.8119,1.8452,8028509.6
1752757200000,1.845,1.8538,1.7998,1.8421,6790151.0
1752760800000,1.842,1.8676,1.8316,1.8486,5416076.4
1752764400000,1.8488,1.856,1.8073,1.8332,4376473.5
1752768000000,1.833,1.8402,1.7734,1.797,7350143.4
1752771600000,1.7972,1.822,1.7836,1.8094,8708870.5
1752775200000,1.8092,1.8228,1.801,1.8053,4662578.5
1752778800000,1.8053,1.8206,1.766,1.7694,4254520.2
1752782400000,1.7692,1.7877,1.7447,1.7836,5938353.3
1752786000000,1.7836,1.8623,1.7819,1.8168,8948813.2
1752789600000,1.8168,1.842,1.8026,1.8154,4809672.0
1752793200000,1.8155,1.841,1.803,1.8064,3493542.3
1752796800000,1.8063,1.8328,1.7848,1.8262,6647899.1
1752800400000,1.8262,1.8752,1.8146,1.8653,7827466.3
1752804000000,1.8651,1.872,1.8368,1.8686,4532333.9
1752807600000,1.8687,1.88,1.8451,1.8573,4500033.5
1752811200000,1.8573,1.8814,1.8469,1.8806,3494949.2
1752814800000,1.8807,1.9205,1.879,1.9179,7037014.5
1752818400000,1.9179,1.9235,1.8851,1.9195,4861854.3
1752822000000,1.9196,1.9284,1.86,1.862,6757689.7
1752825600000,1.8621,1.8971,1.8393,1.849,6878278.1
1752829200000,1.8493,1.8699,1.8322,1.8693,4441114.9
1752832800000,1.8694,1.8706,1.8365,1.8633,3317799.0
1752836400000,1.8633,1.8692,1.8255,1.8422,4533585.2
1752840000000,1.8422,1.8999,1.8422,1.8992,4622760.2
1752843600000,1.8991,1.9029,1.8672,1.886,6122940.5
1752847200000,1.8859,1.9005,1.7713,1.7917,15100671.0
1752850800000,1.7917,1.8092,1.74,1.7619,9006847.6
1752854400000,1.7618,1.7863,1.7438,1.7734,4961261.8
1752858000000,1.7736,1.7893,1.757,1.775,3695100.7
1752861600000,1.7749,1.7788,1.742,1.7453,3785726.5
1752865200000,1.7453,1.7524,1.7232,1.7375,5143787.0
1752868800000,1.7374,1.7376,1.6746,1.7104,9203907.2
1752872400000,1.7104,1.749,1.7076,1.7308,3597901.4
1752876000000,1.7308,1.7527,1.7181,1.7339,3348372.2
1752879600000,1.734,1.7463,1.7132,1.7422,2337334.4
1752883200000,1.7421,1.7547,1.7104,1.714,3945212.2
1752886800000,1.7141,1.7369,1.6953,1.7272,3131157.6
1752890400000,1.7273,1.747,1.7158,1.7417,2425232.0
1752894000000,1.7418,1.758,1.7403,1.7569,2584370.4
1752897600000,1.7569,1.7676,1.7492,1.7618,2735659.0
1752901200000,1.7618,1.7697,1.7519,1.7577,2150295.5
1752904800000,1.7576,1.7582,1.7369,1.7461,1902999.1
1752908400000,1.7459,1.7562,1.7356,1.7413,1577632.4
1752912000000,1.7412,1.7455,1.7233,1.7354,2380136.0
1752915600000,1.7356,1.7502,1.7259,1.7394,2263185.8
1752919200000,1.7394,1.7609,1.732,1.7494,1917868.5
1752922800000,1.7497,1.7949,1.7429,1.7662,6919739.7
1752926400000,1.7662,1.7685,1.7451,1.7591,2871605.4
1752930000000,1.7591,1.7609,1.7357,1.7457,2111373.6
1752933600000,1.7458,1.7479,1.7104,1.7142,3442509.1
1752937200000,1.7142,1.7514,1.7128,1.7386,2812816.0
1752940800000,1.7388,1.7592,1.7266,1.7533,2443018.7
1752944400000,1.7533,1.7539,1.7318,1.7383,1207768.8
1752948000000,1.7383,1.7568,1.7356,1.7493,1336501.9
1752951600000,1.7494,1.7758,1.7405,1.7686,2177604.2
1752955200000,1.7685,1.7934,1.7657,1.7789,2208270.5
1752958800000,1.7788,1.785,1.7483,1.7627,2705417.0
1752962400000,1.7627,1.7793,1.7543,1.7695,1869704.0
1752966000000,1.7694,1.7775,1.7626,1.7733,1155784.1
1752969600000,1.7733,1.7773,1.7562,1.7711,1945124.4
1752973200000,1.7711,1.7964,1.7643,1.767,3378614.2
1752976800000,1.7669,1.7759,1.7609,1.766,1699181.1
1752980400000,1.7659,1.7987,1.7605,1.7791,3453507.5
1752984000000,1.7792,1.7818,1.761,1.7644,2134354.4
1752987600000,1.7645,1.7789,1.7589,1.7773,1607856.4
1752991200000,1.7773,1.7773,1.7632,1.7648,1407734.8
1752994800000,1.7649,1.7943,1.7635,1.7801,2228427.8
1752998400000,1.7802,1.8061,1.7788,1.8043,2879303.4
1753002000000,1.8043,1.8144,1.7916,1.7995,3802496.8
1753005600000,1.7994,1.8062,1.7843,1.7866,2212484.0
1753009200000,1.7867,1.8316,1.7862,1.812,3807573.8
1753012800000,1.812,1.8238,1.8016,1.8186,3873865.7
1753016400000,1.8186,1.8463,1.8122,1.8451,3753906.2
1753020000000,1.8451,1.8464,1.8158,1.8333,4710139.3
1753023600000,1.8334,1.8592,1.825,1.859,3877927.2
1753027200000,1.8591,1.8891,1.8519,1.871,7107434.0
1753030800000,1.8709,1.8714,1.8169,1.8196,8461283.3
1753034400000,1.8197,1.842,1.8182,1.8368,3584607.6
1753038000000,1.8369,1.8564,1.8344,1.8413,2455626.3
1753041600000,1.8413,1.8634,1.8195,1.8441,3246990.9
1753045200000,1.8441,1.862,1.8112,1.8619,3595786.8
1753048800000,1.8618,1.8641,1.76,1.8264,9609596.0
1753052400000,1.8264,1.8486,1.8039,1.8267,4547917.3
1753056000000,1.8268,1.8337,1.7791,1.8053,6551974.0
1753059600000,1.8053,1.8195,1.7573,1.7964,5682800.8
1753063200000,1.7962,1.8433,1.7951,1.8423,3937879.0
1753066800000,1.8421,1.8819,1.8405,1.8801,5233101.9
1753070400000,1.8801,1.915,1.8703,1.9078,5892387.4
1753074000000,1.9078,1.9386,1.8927,1.9239,5294496.9
1753077600000,1.924,1.939,1.9086,1.9155,4772517.2
1753081200000,1.9155,1.936,1.9054,1.9109,3144464.7
1753084800000,1.9109,1.9266,1.8987,1.914,4129192.7
1753088400000,1.9141,1.9196,1.885,1.8998,3530603.8
1753092000000,1.8998,1.9092,1.8739,1.9059,3204756.9
1753095600000,1.906,1.9188,1.8923,1.9002,3574307.0
1753099200000,1.9003,1.907,1.8808,1.8954,2877937.2
1753102800000,1.8955,1.9459,1.8765,1.9448,6295563.1
1753106400000,1.9449,1.9607,1.9168,1.9278,8083593.1
1753110000000,1.9276,1.9516,1.8909,1.906,5953200.4
1753113600000,1.9061,1.9123,1.844,1.8707,8138791.4
1753117200000,1.8709,1.8829,1.8553,1.878,3248965.5
1753120800000,1.8778,1.8974,1.8538,1.8587,2847973.7
1753124400000,1.8587,1.8832,1.8327,1.8492,3678625.7
1753128000000,1.8495,1.8894,1.8398,1.8742,3511596.6
1753131600000,1.8741,1.8921,1.8672,1.8763,1934164.1
1753135200000,1.8763,1.9289,1.8718,1.9148,3591264.8
1753138800000,1.9148,1.9422,1.8989,1.9201,4434333.1
1753142400000,1.9202,1.9411,1.8902,1.8936,4418440.0
1753146000000,1.8937,1.9549,1.8314,1.9418,10488131.9
1753149600000,1.9417,1.956,1.9,1.9084,4974698.2
1753153200000,1.9081,1.9126,1.8572,1.8854,6382607.7
1753156800000,1.8854,1.8978,1.8334,1.8361,6761677.9
1753160400000,1.8361,1.8695,1.8154,1.8419,6478687.0
1753164000000,1.8419,1.8716,1.8319,1.8535,4744789.2
1753167600000,1.8536,1.8672,1.821,1.8294,4905543.1
1753171200000,1.8294,1.8305,1.7791,1.8126,8058166.8
1753174800000,1.8126,1.8259,1.7825,1.8105,3694649.6
1753178400000,1.8105,1.8419,1.8056,1.8407,4027091.3
1753182000000,1.8405,1.8574,1.8232,1.8461,3791693.5
1753185600000,1.8463,1.8738,1.8381,1.859,4342247.6
1753189200000,1.859,1.8868,1.8265,1.862,9143037.4
1753192800000,1.862,1.8658,1.8172,1.8656,10552497.8
1753196400000,1.8653,1.9062,1.8617,1.867,9166554.8
1753200000000,1.8671,1.8925,1.8527,1.8703,4643856.5
1753203600000,1.8698,1.8709,1.816,1.846,6032366.0
1753207200000,1.8458,1.9087,1.8374,1.8909,5653879.3
1753210800000,1.8908,1.8963,1.8406,1.8476,4567573.5
1753214400000,1.8475,1.9,1.8372,1.8904,4572950.5
1753218000000,1.8905,1.9134,1.8756,1.9086,2382214.4
1753221600000,1.9085,1.94,1.9085,1.9347,4002646.9
1753225200000,1.9348,1.951,1.929,1.94,3904348.0
1753228800000,1.9402,1.9418,1.8908,1.8955,3943078.0
1753232400000,1.8955,1.9057,1.8706,1.9043,4525761.9
1753236000000,1.9042,1.9129,1.8774,1.8918,3690325.9
1753239600000,1.8917,1.9073,1.8805,1.885,2639521.1
1753243200000,1.8851,1.9215,1.8793,1.9206,2449522.4
1753246800000,1.9205,1.9215,1.9001,1.9142,2277432.8
1753250400000,1.9142,1.9162,1.8725,1.8994,4210953.6
1753254000000,1.8993,1.9158,1.8636,1.8733,4653138.8
1753257600000,1.8732,1.8831,1.8608,1.882,3269793.6
1753261200000,1.882,1.885,1.8327,1.8331,4511102.1
1753264800000,1.8335,1.8374,1.815,1.8339,6568241.1
1753268400000,1.8338,1.8387,1.8164,1.834,3100090.0
1753272000000,1.8339,1.8435,1.786,1.7936,6203651.2
1753275600000,1.7938,1.8084,1.7085,1.7349,17777313.2
1753279200000,1.7349,1.7641,1.7277,1.7551,5985967.4
1753282800000,1.7551,1.7693,1.7278,1.7624,4457064.9
1753286400000,1.7624,1.7627,1.7111,1.7148,4323099.7
1753290000000,1.715,1.7263,1.68,1.7109,6723168.6
1753293600000,1.7111,1.7443,1.7056,1.7432,3708122.5
1753297200000,1.743,1.743,1.7132,1.7163,2796465.7
1753300800000,1.716,1.7266,1.6509,1.6816,7911517.0
1753304400000,1.6817,1.6888,1.6254,1.6832,7908583.1
1753308000000,1.6831,1.7375,1.6638,1.7202,4929106.9
1753311600000,1.7202,1.7266,1.7018,1.7091,2884930.4
1753315200000,1.7092,1.7211,1.6924,1.7116,4533230.4
1753318800000,1.7116,1.7118,1.6816,1.7064,3230846.9
1753322400000,1.7067,1.7084,1.6836,1.6886,2867259.7
1753326000000,1.689,1.7083,1.6775,1.6798,3167805.1
1753329600000,1.6801,1.6882,1.6374,1.6428,4870768.3
1753333200000,1.6428,1.6431,1.5755,1.5848,9173416.9
1753336800000,1.585,1.6121,1.51,1.54,13224853.9
1753340400000,1.5399,1.578,1.517,1.5754,8654021.8
1753344000000,1.5753,1.5995,1.5661,1.5919,5867493.9
1753347600000,1.5919,1.6015,1.5699,1.5746,5803822.8
1753351200000,1.5746,1.5854,1.5436,1.569,5708526.2
1753354800000,1.5689,1.6087,1.5656,1.6003,4629975.1
1753358400000,1.6002,1.6105,1.5742,1.589,5088071.7
1753362000000,1.589,1.6034,1.5662,1.5682,5903943.6
1753365600000,1.5684,1.6365,1.5493,1.6331,7888326.3
1753369200000,1.6331,1.6493,1.5924,1.6013,7047224.1
1753372800000,1.6016,1.6076,1.5435,1.5534,6922029.5
1753376400000,1.5536,1.6016,1.5498,1.5871,3996964.3
1753380000000,1.587,1.6014,1.5687,1.5889,4062806.7
1753383600000,1.5889,1.5999,1.568,1.5725,3474576.4
1753387200000,1.5725,1.5925,1.559,1.5854,2556339.1
1753390800000,1.5855,1.5871,1.553,1.5676,2905635.7
1753394400000,1.5676,1.5804,1.5476,1.566,3154416.4
1753398000000,1.5659,1.5659,1.5265,1.5411,5074803.7
1753401600000,1.5415,1.5415,1.5023,1.5162,7172389.4
1753405200000,1.5162,1.5605,1.5072,1.5438,6092882.4
1753408800000,1.5439,1.5526,1.5091,1.5128,4475802.0
1753412400000,1.5132,1.5347,1.4908,1.5185,6574356.0
1753416000000,1.5184,1.5329,1.4953,1.5287,6470080.6
1753419600000,1.5287,1.5397,1.5027,1.5083,4944426.6
1753423200000,1.5083,1.525,1.4925,1.5122,3474703.0
1753426800000,1.5123,1.531,1.495,1.5151,5570675.9
1753430400000,1.5151,1.5425,1.5101,1.5231,5544865.3
1753434000000,1.523,1.5577,1.5144,1.5564,4432593.6
1753437600000,1.5563,1.5779,1.5463,1.5554,5013130.4
1753441200000,1.5555,1.5723,1.5528,1.5589,3289518.1
1753444800000,1.559,1.5646,1.54,1.5489,3760025.6
1753448400000,1.549,1.5581,1.528,1.5485,4364877.6
1753452000000,1.5484,1.5506,1.4856,1.4871,8463469.7
1753455600000,1.4872,1.5076,1.4723,1.4965,5386945.1
1753459200000,1.4965,1.5155,1.4833,1.511,4858406.5
1753462800000,1.5108,1.5188,1.4978,1.5033,2799368.4
1753466400000,1.5033,1.5128,1.5004,1.5083,1772330.6
1753470000000,1.5082,1.5253,1.5043,1.5151,2227757.6
1753473600000,1.5151,1.5557,1.5144,1.5496,2990108.1
1753477200000,1.5497,1.5658,1.5497,1.5625,2843959.5
1753480800000,1.5625,1.5681,1.5563,1.5643,2314357.5
1753484400000,1.5643,1.5694,1.5562,1.568,1796334.6
1753488000000,1.5679,1.5724,1.5558,1.5675,2433703.5
1753491600000,1.5676,1.571,1.5551,1.5569,2078030.6
1753495200000,1.557,1.5855,1.557,1.5768,3089883.2
1753498800000,1.5767,1.5825,1.5714,1.5792,1616428.5
1753502400000,1.5791,1.585,1.5769,1.5804,1426033.0
1753506000000,1.5803,1.5866,1.5757,1.5851,1479117.2
1753509600000,1.5853,1.5869,1.5735,1.5751,1461250.5
1753513200000,1.5751,1.5839,1.5692,1.5799,1817685.8
1753516800000,1.5799,1.596,1.5779,1.5851,2937299.9
1753520400000,1.5852,1.6012,1.5782,1.5927,2572655.7
1753524000000,1.5926,1.6005,1.5889,1.5954,2151590.6
1753527600000,1.5955,1.6013,1.586,1.5883,2215806.8
1753531200000,1.5883,1.5883,1.576,1.5831,3112665.6
1753534800000,1.5831,1.5991,1.5809,1.5896,2022010.1
1753538400000,1.5898,1.595,1.5782,1.5785,2115841.9
1753542000000,1.5785,1.5879,1.5682,1.5877,2682253.9
1753545600000,1.5878,1.595,1.5777,1.5824,1965590.6
1753549200000,1.5822,1.5825,1.5687,1.5728,1297437.5
1753552800000,1.573,1.5889,1.5645,1.5836,1959476.0
1753556400000,1.5836,1.5927,1.582,1.5899,1177017.9
1753560000000,1.59,1.5905,1.5808,1.5831,968925.8
1753563600000,1.583,1.5932,1.579,1.5907,913320.7
1753567200000,1.5907,1.5987,1.5759,1.5779,2160215.2
1753570800000,1.5779,1.5801,1.5666,1.5693,1681566.7
1753574400000,1.5693,1.5771,1.5648,1.5768,1865671.7
1753578000000,1.5767,1.5924,1.572,1.5803,1718251.5
1753581600000,1.5802,1.5918,1.5725,1.5893,1592121.7
1753585200000,1.5893,1.5915,1.5784,1.5808,1395571.1
1753588800000,1.5807,1.589,1.578,1.5848,1398659.5
1753592400000,1.5848,1.5958,1.5813,1.586,2276622.3
1753596000000,1.5861,1.5879,1.5752,1.5819,1498557.0
1753599600000,1.5819,1.5912,1.5752,1.579,2015338.1
1753603200000,1.579,1.5823,1.5662,1.5762,2195548.4
1753606800000,1.5761,1.5787,1.5662,1.5709,1301255.6
1753610400000,1.571,1.6047,1.5698,1.5984,3459743.1
1753614000000,1.5985,1.6123,1.5853,1.588,2574233.6
1753617600000,1.588,1.5934,1.5709,1.5916,2675332.9
1753621200000,1.5915,1.5976,1.5784,1.5818,2063423.8
1753624800000,1.5817,1.5932,1.5729,1.5817,2088250.7
1753628400000,1.5816,1.5884,1.5698,1.5879,1575125.0
1753632000000,1.5879,1.6229,1.5879,1.5961,4633468.6
1753635600000,1.596,1.5997,1.5823,1.5935,2541067.2
1753639200000,1.5934,1.6006,1.5862,1.5926,2163721.5
1753642800000,1.5925,1.5954,1.5765,1.5806,1274214.0
1753646400000,1.5806,1.5923,1.5745,1.5786,1462235.9
1753650000000,1.5788,1.5893,1.5711,1.5893,1471086.0
1753653600000,1.5894,1.6185,1.5886,1.6067,3658270.0
1753657200000,1.6067,1.607,1.5895,1.6001,2197737.0
1753660800000,1.6001,1.6191,1.5881,1.59,3362783.2
1753664400000,1.59,1.5915,1.5558,1.5686,4512036.7
1753668000000,1.5685,1.6072,1.561,1.5908,5793962.9
1753671600000,1.5908,1.5969,1.5807,1.5922,2014016.4
1753675200000,1.5921,1.607,1.5817,1.5969,3228267.5
1753678800000,1.5968,1.6197,1.5931,1.6101,5158991.0
1753682400000,1.6102,1.6148,1.5996,1.6039,2135453.0
1753686000000,1.6039,1.6044,1.5741,1.5944,3781458.1
1753689600000,1.5944,1.6027,1.5798,1.5982,2738842.9
1753693200000,1.5982,1.6034,1.5813,1.5957,2047810.8
1753696800000,1.5957,1.5972,1.581,1.5851,1578063.4
1753700400000,1.5852,1.5869,1.5673,1.5799,2250470.8
1753704000000,1.58,1.5874,1.5662,1.5698,2320796.1
1753707600000,1.5698,1.57,1.5241,1.5306,6687453.2
1753711200000,1.5306,1.5373,1.4873,1.4974,8783394.8
1753714800000,1.4973,1.5149,1.4846,1.4943,4817965.1
1753718400000,1.4942,1.5002,1.476,1.4873,3814419.4
1753722000000,1.4872,1.4929,1.4724,1.478,2930847.4
1753725600000,1.478,1.4787,1.4513,1.462,6150363.4
1753729200000,1.462,1.4737,1.4489,1.4643,3394598.2
1753732800000,1.4644,1.467,1.434,1.4429,4216137.1
1753736400000,1.4428,1.4598,1.4347,1.4483,2504378.8
1753740000000,1.4482,1.4552,1.4223,1.4393,4036964.0
1753743600000,1.4394,1.4515,1.435,1.4504,2536713.7
1753747200000,1.4505,1.4716,1.4335,1.4636,5974086.3
1753750800000,1.4637,1.4749,1.4546,1.4551,1985952.7
1753754400000,1.4552,1.4599,1.4374,1.4447,2914768.4
1753758000000,1.4447,1.4656,1.4445,1.4617,2177734.9
1753761600000,1.4618,1.4652,1.4495,1.4516,1734996.0
1753765200000,1.4516,1.4652,1.4502,1.4649,1497218.5
1753768800000,1.465,1.4743,1.4613,1.4693,2674499.6
1753772400000,1.4692,1.4907,1.4679,1.4882,3341521.0
1753776000000,1.4882,1.4941,1.4825,1.4884,2133520.3
1753779600000,1.4886,1.4912,1.4757,1.4827,1593531.2
1753783200000,1.4827,1.484,1.4415,1.4465,3290388.3
1753786800000,1.4464,1.4658,1.4442,1.4534,3495185.6
1753790400000,1.4535,1.4708,1.4461,1.4599,2428074.2
1753794000000,1.4598,1.472,1.4004,1.4159,7845278.4
1753797600000,1.416,1.4187,1.3735,1.3883,11717703.9
1753801200000,1.3882,1.3952,1.3726,1.3906,4977693.6
1753804800000,1.3906,1.3982,1.3605,1.3858,6786654.4
1753808400000,1.3857,1.3966,1.3752,1.3799,2754842.7
1753812000000,1.3797,1.3818,1.3695,1.3722,1826319.9
1753815600000,1.3721,1.3812,1.358,1.363,2765345.4
1753819200000,1.3631,1.3662,1.331,1.3478,8194461.0
1753822800000,1.3479,1.3839,1.3378,1.375,4962681.5
1753826400000,1.3751,1.3828,1.3654,1.3723,3198528.8
1753830000000,1.3723,1.3791,1.3657,1.3764,2122751.4
1753833600000,1.3764,1.38,1.3556,1.3662,2760942.4
1753837200000,1.3662,1.3834,1.3505,1.3727,3569680.4
1753840800000,1.3727,1.383,1.3648,1.366,3542110.3
1753844400000,1.3659,1.3718,1.359,1.3646,2036370.6
1753848000000,1.3647,1.3713,1.3563,1.3621,1896943.1
1753851600000,1.3621,1.3803,1.3531,1.377,2834709.2
1753855200000,1.3769,1.389,1.3744,1.3823,2515054.9
1753858800000,1.3822,1.3874,1.3636,1.3678,1930247.7
1753862400000,1.3677,1.3851,1.3577,1.3755,2915159.8
1753866000000,1.3755,1.3797,1.3602,1.3628,2771268.2
1753869600000,1.363,1.3725,1.3498,1.3534,2347045.9
1753873200000,1.3534,1.3598,1.3083,1.3228,8910766.1
1753876800000,1.3227,1.3423,1.3028,1.3275,8120773.9
1753880400000,1.3275,1.3346,1.3145,1.3234,4208947.9
1753884000000,1.3235,1.3566,1.3168,1.3512,3383077.5
1753887600000,1.3511,1.3545,1.3242,1.3263,2803897.8
1753891200000,1.3264,1.344,1.3192,1.3339,3273573.5
1753894800000,1.3339,1.347,1.3275,1.3433,2117493.6
1753898400000,1.3434,1.3559,1.3113,1.3144,6072090.5
1753902000000,1.3143,1.3361,1.25,1.3303,16004646.2
1753905600000,1.3302,1.3446,1.3172,1.3232,4471347.4
1753909200000,1.3231,1.3331,1.3056,1.3194,2702196.9
1753912800000,1.3193,1.3264,1.3087,1.32,1435245.2
1753916400000,1.32,1.3445,1.3198,1.3421,2346601.9
1753920000000,1.3421,1.3595,1.3352,1.3573,2113587.9
1753923600000,1.3573,1.368,1.3517,1.3644,2342821.1
1753927200000,1.3645,1.3692,1.3561,1.3646,1964394.0
1753930800000,1.3646,1.3768,1.3611,1.3721,2552443.7
1753934400000,1.3721,1.3821,1.3691,1.3791,1618265.6
1753938000000,1.379,1.3804,1.3734,1.3783,1194726.0
1753941600000,1.3784,1.3799,1.3691,1.3764,1882536.3
1753945200000,1.3765,1.3783,1.3694,1.3754,1580602.9
1753948800000,1.3753,1.3795,1.3709,1.3725,1453723.1
1753952400000,1.3727,1.3808,1.3652,1.3785,1849067.7
1753956000000,1.3785,1.3798,1.3708,1.3718,1542787.7
1753959600000,1.3719,1.3766,1.3627,1.3652,2295200.3
1753963200000,1.3652,1.3668,1.3462,1.3524,3736186.9
1753966800000,1.3523,1.3529,1.3194,1.3327,6296373.2
1753970400000,1.3328,1.3369,1.3055,1.313,4616246.7
1753974000000,1.3129,1.3325,1.3068,1.3238,2503840.5
1753977600000,1.3238,1.3543,1.3174,1.3448,3075213.0
1753981200000,1.3449,1.3452,1.3132,1.3179,2724226.8
1753984800000,1.3179,1.3224,1.3006,1.3098,3464315.7
1753988400000,1.3098,1.3122,1.2896,1.2946,2900296.6
1753992000000,1.2947,1.299,1.2807,1.2925,3651876.9
1753995600000,1.2924,1.3017,1.272,1.2865,2570323.4
1753999200000,1.2865,1.2866,1.2679,1.275,2781206.5
1754002800000,1.275,1.2855,1.2479,1.2527,4489761.5
1754006400000,1.2527,1.257,1.2,1.2379,14763592.3
1754010000000,1.238,1.2498,1.2224,1.2357,4859594.7
1754013600000,1.2354,1.2558,1.2321,1.2474,3225630.8
1754017200000,1.2473,1.2525,1.2397,1.2427,2318620.7
1754020800000,1.2427,1.2433,1.23,1.2359,2548465.2
1754024400000,1.236,1.242,1.2208,1.2259,2420360.7
1754028000000,1.226,1.2297,1.2126,1.2273,2875870.8
1754031600000,1.2273,1.2333,1.2167,1.2231,2823673.6
1754035200000,1.2233,1.2234,1.1868,1.2073,7276876.0
1754038800000,1.2072,1.2223,1.2045,1.2053,3060663.7
1754042400000,1.2054,1.2157,1.202,1.2088,2231492.3
1754046000000,1.2088,1.2256,1.2029,1.2222,2281113.7
1754049600000,1.2222,1.2338,1.208,1.2219,4788537.0
1754053200000,1.2221,1.2318,1.1829,1.1938,5848708.8
1754056800000,1.1937,1.2437,1.1839,1.2352,6904455.2
1754060400000,1.2353,1.2373,1.215,1.2305,4295689.1
1754064000000,1.2304,1.2393,1.2058,1.2098,3444001.7
1754067600000,1.2097,1.2218,1.1985,1.205,3564013.9
1754071200000,1.2049,1.2238,1.1962,1.2132,4257191.2
1754074800000,1.2131,1.2363,1.2108,1.2336,3803604.6
1754078400000,1.2336,1.2384,1.2019,1.2266,4523890.1
1754082000000,1.2268,1.2374,1.2229,1.2292,2571959.3
1754085600000,1.2293,1.2309,1.15,1.1964,10609790.0
1754089200000,1.1965,1.2205,1.1918,1.2151,3103910.6
1754092800000,1.2151,1.2252,1.2111,1.2184,3735742.0
1754096400000,1.2185,1.2197,1.2056,1.2157,980717.3
1754100000000,1.2157,1.2191,1.2113,1.218,870824.7
1754103600000,1.2181,1.2232,1.2131,1.2148,1391346.8
1754107200000,1.2147,1.2226,1.2091,1.222,1577786.9
1754110800000,1.222,1.2224,1.2113,1.212,1277945.4
1754114400000,1.2119,1.213,1.1752,1.1864,3686740.9
1754118000000,1.1864,1.211,1.1728,1.2074,3074328.4
1754121600000,1.2075,1.2116,1.19,1.1906,2116228.8
1754125200000,1.1906,1.1969,1.1856,1.1905,1872400.7
1754128800000,1.1904,1.193,1.1786,1.188,1657412.1
1754132400000,1.1879,1.2004,1.1773,1.19,2220920.4
1754136000000,1.19,1.1916,1.1765,1.1859,1429348.5
1754139600000,1.1862,1.1952,1.1742,1.1912,2007696.0
1754143200000,1.1914,1.1942,1.1664,1.1736,3315691.5
1754146800000,1.1735,1.1896,1.1609,1.1664,2917047.1
1754150400000,1.1664,1.1816,1.151,1.1725,3927882.4
1754154000000,1.1724,1.1835,1.1404,1.1501,4657423.6
1754157600000,1.1503,1.1563,1.127,1.1415,6112260.2
1754161200000,1.1414,1.1676,1.1339,1.1493,3946479.3
1754164800000,1.1496,1.1627,1.149,1.1626,2291732.3
1754168400000,1.1625,1.1708,1.1518,1.1562,1680576.3
1754172000000,1.1561,1.1632,1.1434,1.1592,2312019.9
1754175600000,1.1592,1.1606,1.1374,1.1527,3418412.3
1754179200000,1.1527,1.1702,1.1336,1.17,4532094.8
1754182800000,1.1699,1.1796,1.1641,1.1792,2637271.4
1754186400000,1.1792,1.2062,1.1792,1.2029,4662896.1
1754190000000,1.203,1.2166,1.1983,1.2083,3769112.3
1754193600000,1.2084,1.2329,1.2061,1.2312,4875727.4
1754197200000,1.2312,1.245,1.2258,1.2412,4882569.3
1754200800000,1.2412,1.2433,1.2227,1.2262,3996713.4
1754204400000,1.2262,1.2282,1.2004,1.2144,6595831.8
1754208000000,1.2144,1.2167,1.202,1.2057,2633013.7
1754211600000,1.2056,1.2142,1.1969,1.2129,2951296.3
1754215200000,1.213,1.2162,1.2081,1.2098,1883955.2
1754218800000,1.2098,1.2211,1.202,1.2034,3216736.6
1754222400000,1.2034,1.217,1.1991,1.2131,2740252.9
1754226000000,1.2131,1.2176,1.2081,1.2131,1573025.4
1754229600000,1.2131,1.2138,1.1998,1.2087,3105095.8
1754233200000,1.2086,1.2133,1.2021,1.2116,1474177.9
1754236800000,1.2114,1.2183,1.2075,1.2154,1650851.3
1754240400000,1.2153,1.2164,1.2077,1.2145,1578821.6
1754244000000,1.2144,1.2179,1.2099,1.217,1483671.9
1754247600000,1.217,1.2269,1.2149,1.2171,2635629.9
1754251200000,1.217,1.2196,1.2093,1.2183,1756685.6
1754254800000,1.2182,1.2224,1.2161,1.2209,952905.1
1754258400000,1.2209,1.2251,1.2123,1.2218,2101505.7
1754262000000,1.2217,1.2291,1.2147,1.218,2239603.3
1754265600000,1.218,1.2431,1.2172,1.2427,4395758.5
1754269200000,1.2427,1.2465,1.2231,1.2256,3253052.5
1754272800000,1.2257,1.2352,1.2164,1.2326,2731063.4
1754276400000,1.2326,1.2349,1.2186,1.2229,2266599.1
1754280000000,1.2229,1.2282,1.2182,1.2217,2008934.6
1754283600000,1.2217,1.2229,1.2089,1.2176,2434046.8
1754287200000,1.2175,1.2214,1.2073,1.2186,1847913.9
1754290800000,1.2187,1.2293,1.2148,1.224,2071721.8
1754294400000,1.2241,1.2305,1.212,1.2163,2602269.9
1754298000000,1.2164,1.2213,1.2092,1.2105,1509011.1
1754301600000,1.2106,1.2165,1.2073,1.2098,1512097.0
1754305200000,1.2098,1.2113,1.1986,1.2095,3161591.9
1754308800000,1.2095,1.2185,1.2063,1.2176,1742095.6
1754312400000,1.2176,1.241,1.21,1.2405,4166398.0
1754316000000,1.2405,1.2561,1.2271,1.2307,5656492.4
1754319600000,1.2307,1.24,1.2235,1.2341,2099347.5
1754323200000,1.2341,1.2536,1.234,1.2503,2788501.2
1754326800000,1.2503,1.2667,1.2363,1.2411,4127207.2
1754330400000,1.241,1.2451,1.2256,1.2296,2789668.2
1754334000000,1.2296,1.2317,1.2181,1.2279,1934108.5
1754337600000,1.228,1.2419,1.2268,1.238,2370157.1
1754341200000,1.2379,1.2519,1.2376,1.2448,2095778.9
1754344800000,1.2446,1.2628,1.2425,1.2609,3783520.5
1754348400000,1.2609,1.2621,1.2511,1.2568,2488113.4
1754352000000,1.2569,1.2679,1.2506,1.2636,3161242.9
1754355600000,1.2637,1.266,1.2419,1.2438,2278404.9
1754359200000,1.2439,1.2498,1.2401,1.2457,1842550.4
1754362800000,1.2458,1.2459,1.2188,1.2208,3598464.8
1754366400000,1.2206,1.2281,1.2128,1.2168,2153182.0
1754370000000,1.2168,1.2271,1.2162,1.2219,1854680.4
1754373600000,1.222,1.2337,1.2096,1.2135,2264692.3
1754377200000,1.2135,1.2154,1.1923,1.1973,3463978.6
1754380800000,1.1972,1.2084,1.1942,1.2065,1862285.9
1754384400000,1.2065,1.2225,1.2063,1.2199,2368360.9
1754388000000,1.2198,1.2511,1.2145,1.2374,5589519.5
1754391600000,1.2375,1.2426,1.2341,1.2409,1606157.3
1754395200000,1.2411,1.2437,1.2128,1.2193,3505660.3
1754398800000,1.2193,1.2313,1.2146,1.2238,3719764.5
1754402400000,1.2238,1.2249,1.1842,1.1916,7200312.1
1754406000000,1.1916,1.2035,1.1701,1.1788,3960477.7
1754409600000,1.1786,1.1889,1.1722,1.1834,3584270.0
1754413200000,1.1835,1.1907,1.178,1.1886,1803696.9
1754416800000,1.1882,1.1889,1.1722,1.1834,1717918.0
1754420400000,1.1834,1.1875,1.1701,1.1751,1613156.7
1754424000000,1.1749,1.1905,1.1747,1.1777,1821221.9
1754427600000,1.1777,1.1822,1.1672,1.168,1269641.1
1754431200000,1.1679,1.1775,1.1567,1.1766,2920122.3
1754434800000,1.1766,1.1861,1.1745,1.1836,1599672.9
1754438400000,1.1837,1.184,1.1654,1.1667,2110577.9
1754442000000,1.1666,1.1723,1.1614,1.1711,2146582.3
1754445600000,1.171,1.1734,1.1604,1.1637,1346999.4
1754449200000,1.1638,1.1644,1.1518,1.1562,2060225.4
1754452800000,1.1561,1.1568,1.1485,1.1538,1558245.1
1754456400000,1.1538,1.1964,1.15,1.1852,4686462.5
1754460000000,1.1854,1.2139,1.1776,1.2051,3549982.6
1754463600000,1.2052,1.2137,1.2015,1.207,2141106.9
1754467200000,1.207,1.2118,1.186,1.193,3344826.9
1754470800000,1.1929,1.2072,1.1883,1.1942,2131755.0
1754474400000,1.1941,1.1974,1.1836,1.1859,1918307.0
1754478000000,1.186,1.1997,1.1848,1.1889,1131281.2
1754481600000,1.1889,1.1945,1.1741,1.1819,2108212.8
1754485200000,1.182,1.1964,1.1777,1.1921,2708042.8
1754488800000,1.1922,1.2127,1.1833,1.2125,3602798.6
1754492400000,1.2126,1.2299,1.2029,1.2259,3950182.1
1754496000000,1.2259,1.2349,1.2113,1.2139,2834674.9
1754499600000,1.2139,1.229,1.2092,1.2269,2165402.6
1754503200000,1.2268,1.2395,1.2235,1.2244,2955516.3
1754506800000,1.2243,1.2307,1.2241,1.2306,1427094.2
1754510400000,1.2305,1.2348,1.2262,1.2305,1488437.8
1754514000000,1.2305,1.2361,1.2219,1.2291,1674837.1
1754517600000,1.2292,1.2338,1.2263,1.228,1282461.8
1754521200000,1.2279,1.2337,1.226,1.2312,1113420.0
1754524800000,1.2312,1.2341,1.2204,1.2235,1801851.9
1754528400000,1.2235,1.2398,1.2181,1.2187,2105908.8
1754532000000,1.2187,1.223,1.215,1.218,1534510.7
1754535600000,1.2179,1.2199,1.211,1.2116,1029259.7
1754539200000,1.2115,1.2211,1.2105,1.214,1185200.6
1754542800000,1.2139,1.2309,1.2122,1.23,2243860.7
1754546400000,1.2301,1.2373,1.2254,1.2318,2244010.2
1754550000000,1.2319,1.2384,1.2294,1.233,1120374.4
1754553600000,1.233,1.2425,1.2307,1.2323,2278590.6
1754557200000,1.2322,1.2437,1.2273,1.2414,1501606.4
1754560800000,1.2413,1.2877,1.2402,1.285,7180291.0
1754564400000,1.285,1.3298,1.2843,1.3274,7072421.8
1754568000000,1.3275,1.3376,1.3138,1.3318,5938147.3
1754571600000,1.3318,1.3549,1.3176,1.3541,5121002.7
1754575200000,1.3541,1.356,1.3103,1.3173,8234517.9
1754578800000,1.3171,1.3272,1.3005,1.3095,4828701.6
1754582400000,1.3094,1.3114,1.2704,1.2846,5995679.8
1754586000000,1.2846,1.2896,1.2777,1.284,3207381.7
1754589600000,1.2839,1.2887,1.2783,1.2865,1723964.4
1754593200000,1.2865,1.322,1.2857,1.3217,5288810.5
1754596800000,1.3218,1.3306,1.3111,1.3263,3183561.5
1754600400000,1.3264,1.3339,1.316,1.3224,2637639.8
1754604000000,1.3224,1.3398,1.3203,1.3358,2361501.9
1754607600000,1.3359,1.3395,1.3251,1.3328,2248098.7
1754611200000,1.3328,1.3473,1.3157,1.3319,5570945.0
1754614800000,1.3319,1.3395,1.319,1.3291,5174458.0
1754618400000,1.329,1.3434,1.3203,1.3337,3225500.5
1754622000000,1.3335,1.3481,1.3294,1.3422,2423978.5
1754625600000,1.3421,1.3447,1.3323,1.3408,1739963.7
1754629200000,1.3409,1.3443,1.3335,1.3403,1679830.7
1754632800000,1.3402,1.3588,1.3393,1.3513,2899445.6
1754636400000,1.3512,1.3536,1.3347,1.3515,2939460.8
1754640000000,1.3515,1.3617,1.3338,1.3411,2920958.9
1754643600000,1.3411,1.3461,1.3314,1.342,1767904.5
1754647200000,1.342,1.3437,1.3336,1.3357,1591587.3
1754650800000,1.3358,1.3452,1.3348,1.3436,1586582.5
1754654400000,1.3435,1.3457,1.3235,1.3269,2253063.8
1754658000000,1.3268,1.3654,1.3267,1.3624,4098593.9
1754661600000,1.3625,1.3736,1.3309,1.3419,5260184.7
1754665200000,1.342,1.3434,1.3126,1.3264,3731185.6
1754668800000,1.3264,1.3344,1.3219,1.3338,1923300.4
1754672400000,1.3339,1.3748,1.3325,1.3722,3528436.0
1754676000000,1.3724,1.3782,1.3569,1.3633,3114482.4
1754679600000,1.3634,1.375,1.3591,1.3748,1838430.4
1754683200000,1.3746,1.3776,1.3668,1.3725,1901169.2
1754686800000,1.3723,1.3754,1.3608,1.3708,1265653.7
1754690400000,1.3708,1.3745,1.3641,1.3702,1397092.2
1754694000000,1.3702,1.3776,1.3653,1.3712,1352673.3
1754697600000,1.3712,1.3714,1.3617,1.3669,1533469.5
1754701200000,1.3666,1.377,1.3629,1.373,1390731.4
1754704800000,1.373,1.3789,1.3716,1.3724,1156580.1
1754708400000,1.3725,1.3728,1.3652,1.3675,1244172.1
1754712000000,1.3675,1.3819,1.3638,1.38,1878360.8
1754715600000,1.3801,1.4254,1.3772,1.4132,7005292.3
1754719200000,1.4133,1.4151,1.3849,1.39,3638513.1
1754722800000,1.3898,1.4055,1.3864,1.405,2346297.7
1754726400000,1.4049,1.4296,1.4024,1.4216,3283585.0
1754730000000,1.4217,1.4264,1.4126,1.4207,2616267.0
1754733600000,1.4206,1.4265,1.4126,1.4127,2497557.6
1754737200000,1.4128,1.4163,1.4031,1.4062,1854219.9
1754740800000,1.4062,1.4223,1.4024,1.4159,1845545.2
1754744400000,1.4158,1.4208,1.3904,1.3915,2946738.7
1754748000000,1.3915,1.4098,1.3811,1.4083,3029018.5
1754751600000,1.4085,1.417,1.3982,1.412,1783414.8
1754755200000,1.412,1.4196,1.4029,1.4087,1324138.2
1754758800000,1.4085,1.4252,1.4054,1.4215,1501272.0
1754762400000,1.4216,1.4299,1.4157,1.4241,1485292.2
1754766000000,1.4244,1.4405,1.4232,1.4344,2340504.0
1754769600000,1.4345,1.4589,1.4344,1.4578,3167958.2
1754773200000,1.4577,1.4592,1.4321,1.4409,1857392.9
1754776800000,1.4409,1.4531,1.4238,1.4277,2142430.7
1754780400000,1.4278,1.4293,1.4151,1.42,1547508.6
1754784000000,1.4199,1.4431,1.4177,1.4358,1977276.4
1754787600000,1.4355,1.4397,1.4158,1.4176,2102134.1
1754791200000,1.4177,1.4288,1.4048,1.4064,2322327.1
1754794800000,1.4063,1.428,1.4004,1.4207,2938645.9
1754798400000,1.4208,1.4423,1.4135,1.4299,2129880.4
1754802000000,1.4299,1.4299,1.4047,1.4062,2165616.8
1754805600000,1.4063,1.4083,1.3857,1.3951,2533345.5
1754809200000,1.3952,1.4068,1.3632,1.3691,5349215.1
1754812800000,1.3695,1.3776,1.3377,1.3745,5811694.9
1754816400000,1.3746,1.3853,1.3712,1.3774,1611487.4
1754820000000,1.3774,1.3782,1.3599,1.3635,2355270.0
1754823600000,1.3636,1.3711,1.357,1.3606,1631550.0
1754827200000,1.3605,1.3692,1.356,1.368,2000720.3
1754830800000,1.3681,1.3742,1.3546,1.3564,1690783.3
1754834400000,1.3563,1.3929,1.3525,1.3884,2468121.5
1754838000000,1.3883,1.4044,1.382,1.394,3432120.2
1754841600000,1.3941,1.433,1.3914,1.4322,3492825.1
1754845200000,1.4323,1.4516,1.4273,1.4367,4797783.0
1754848800000,1.4366,1.4589,1.4365,1.4552,3249007.5
1754852400000,1.4553,1.4747,1.4468,1.4668,3646035.1
1754856000000,1.4666,1.4702,1.4485,1.454,3124240.4
1754859600000,1.454,1.4549,1.4275,1.4376,3045259.5
1754863200000,1.4377,1.4476,1.4267,1.4459,2542506.1
1754866800000,1.446,1.465,1.4448,1.4523,2810577.7
1754870400000,1.4523,1.4527,1.4211,1.4213,4198759.3
1754874000000,1.4212,1.4751,1.4166,1.4683,6474848.0
1754877600000,1.4684,1.4896,1.4663,1.4706,6292727.4
1754881200000,1.4707,1.4713,1.455,1.4656,2661691.5
1754884800000,1.4656,1.4794,1.4598,1.4598,2440973.5
1754888400000,1.4601,1.462,1.4505,1.4565,2217596.9
1754892000000,1.4566,1.4588,1.443,1.4522,1749180.9
1754895600000,1.4521,1.4591,1.4286,1.431,2811592.0
1754899200000,1.4308,1.4371,1.4215,1.4335,2427107.9
1754902800000,1.4335,1.4414,1.4217,1.4279,1439211.8
1754906400000,1.428,1.4285,1.4083,1.4125,3000010.5
1754910000000,1.4125,1.4145,1.3681,1.3735,5923709.0
1754913600000,1.3736,1.3819,1.3654,1.3735,4227515.7
1754917200000,1.3736,1.393,1.3543,1.3857,7742860.1
1754920800000,1.3858,1.4078,1.3784,1.3837,3328480.4
1754924400000,1.3838,1.3891,1.3689,1.3869,2683471.8
1754928000000,1.3869,1.4123,1.367,1.3742,3961931.5
1754931600000,1.3741,1.3817,1.3576,1.3607,2169722.9
1754935200000,1.3608,1.3663,1.3412,1.3619,3284280.9
1754938800000,1.362,1.3626,1.3422,1.3531,2828382.0
1754942400000,1.3532,1.3533,1.3384,1.3438,2123710.6
1754946000000,1.3437,1.352,1.3093,1.3153,4057027.2
1754949600000,1.3153,1.3161,1.2938,1.3088,4440425.1
1754953200000,1.3086,1.317,1.3058,1.3115,1934791.6
1754956800000,1.3114,1.3286,1.3099,1.3264,2376006.5
1754960400000,1.3264,1.334,1.3214,1.3268,2106850.2
1754964000000,1.3268,1.3375,1.3204,1.3265,2018704.4
1754967600000,1.3264,1.3291,1.315,1.3186,1920548.1
1754971200000,1.3185,1.3297,1.3152,1.3215,1293919.0
1754974800000,1.3214,1.322,1.3045,1.3134,2110541.9
1754978400000,1.3133,1.3202,1.2976,1.3099,1718472.6
1754982000000,1.3099,1.3266,1.3097,1.324,1257194.9
1754985600000,1.3241,1.3245,1.3045,1.3049,1758242.9
1754989200000,1.3049,1.3097,1.2966,1.2986,1748041.7
1754992800000,1.2986,1.3037,1.2918,1.2946,1722227.6
1754996400000,1.2947,1.305,1.2823,1.2968,2326779.2
1755000000000,1.2968,1.3485,1.2834,1.3298,9577146.8
1755003600000,1.3298,1.3421,1.3025,1.3167,4143470.9
1755007200000,1.3165,1.3427,1.3129,1.3427,2527683.6
1755010800000,1.3425,1.368,1.3403,1.366,5943606.4
1755014400000,1.3661,1.3721,1.3519,1.3625,3381484.0
1755018000000,1.3626,1.3737,1.3562,1.3596,2983263.6
1755021600000,1.3597,1.3829,1.3571,1.3677,2620291.3
1755025200000,1.3678,1.382,1.364,1.3796,1704658.2
1755028800000,1.3797,1.3941,1.371,1.3869,3139576.3
1755032400000,1.3867,1.3868,1.3574,1.3595,2586775.6
1755036000000,1.3596,1.3622,1.3414,1.3451,3563244.0
1755039600000,1.3451,1.353,1.3367,1.3384,1878167.9
1755043200000,1.3383,1.36,1.3347,1.3483,2410213.9
1755046800000,1.3483,1.3493,1.3252,1.3374,2846292.7
1755050400000,1.3374,1.355,1.3254,1.3549,2534046.9
1755054000000,1.3549,1.3712,1.3443,1.3567,4927954.7
1755057600000,1.3567,1.3728,1.3486,1.3628,3554021.3
1755061200000,1.3627,1.3636,1.3422,1.3465,2602046.8
1755064800000,1.3464,1.3556,1.3385,1.3485,2227297.1
1755068400000,1.3485,1.3639,1.3441,1.3624,1394337.6
1755072000000,1.3623,1.377,1.3602,1.3749,3005013.0
1755075600000,1.3749,1.3903,1.3704,1.3888,2936229.9
1755079200000,1.3891,1.4054,1.3815,1.3963,3170330.0
1755082800000,1.3963,1.3992,1.3846,1.3894,2222540.8
1755086400000,1.3893,1.3965,1.3727,1.3751,3101805.7
1755090000000,1.375,1.4122,1.3691,1.3866,7705974.9
1755093600000,1.3867,1.3908,1.346,1.3508,7404373.9
1755097200000,1.3509,1.369,1.3385,1.3583,4856372.1
1755100800000,1.3582,1.3766,1.3504,1.356,2902003.7
1755104400000,1.3559,1.3693,1.3526,1.361,4596424.1
1755108000000,1.3609,1.3674,1.3376,1.3516,2615462.3
1755111600000,1.3516,1.3764,1.3501,1.375,2778887.5
1755115200000,1.3749,1.378,1.3577,1.3654,2587972.4
1755118800000,1.3653,1.3857,1.3618,1.3693,3111653.2
1755122400000,1.3691,1.398,1.3617,1.3775,3736954.6
1755126000000,1.3774,1.3893,1.3737,1.3759,2228895.5
1755129600000,1.3759,1.3876,1.3545,1.3565,3665834.4
1755133200000,1.3565,1.3815,1.3485,1.3735,3167871.0
1755136800000,1.3733,1.3968,1.3679,1.3954,3318542.6
1755140400000,1.3955,1.398,1.385,1.3899,2238399.8
1755144000000,1.3898,1.3996,1.3812,1.3817,2938256.3
1755147600000,1.3817,1.3907,1.3551,1.3588,3650140.1
1755151200000,1.3587,1.3589,1.3283,1.3405,5569379.0
1755154800000,1.3404,1.3416,1.3158,1.3245,5626413.1
1755158400000,1.3246,1.3258,1.2903,1.2935,6183889.6
1755162000000,1.2935,1.3115,1.2853,1.309,4429746.4
1755165600000,1.309,1.3114,1.285,1.3013,3727579.2
1755169200000,1.3012,1.3082,1.296,1.3019,2413774.8
1755172800000,1.3019,1.3077,1.1823,1.2267,20796266.1
1755176400000,1.2267,1.2471,1.1959,1.2348,10369189.8
1755180000000,1.2347,1.2528,1.2252,1.24,4675234.8
1755183600000,1.2401,1.2463,1.2233,1.2276,3092839.9
1755187200000,1.2275,1.2275,1.2025,1.2069,4361449.6
1755190800000,1.2071,1.21,1.1935,1.2039,3046631.1
1755194400000,1.2038,1.2062,1.1823,1.2013,3068198.3
1755198000000,1.2014,1.2082,1.1957,1.1965,1469479.1
1755201600000,1.1964,1.1966,1.183,1.195,2726272.5
1755205200000,1.1949,1.1952,1.1646,1.1819,3820158.0
1755208800000,1.1818,1.1871,1.1745,1.1858,2495264.2
1755212400000,1.1858,1.1975,1.185,1.1868,2402367.9
1755216000000,1.1867,1.202,1.1836,1.193,2781398.7
1755219600000,1.1928,1.2097,1.1862,1.2053,2531590.6
1755223200000,1.2052,1.2147,1.2029,1.2058,2151648.6
1755226800000,1.2059,1.2236,1.2025,1.2156,2274871.5
1755230400000,1.2157,1.2173,1.2056,1.2086,1663561.6
1755234000000,1.2087,1.2161,1.2028,1.2158,1236598.4
1755237600000,1.2157,1.2352,1.2136,1.2313,3868160.9
1755241200000,1.2314,1.2432,1.2287,1.2395,2740751.8
1755244800000,1.2394,1.2411,1.2225,1.2226,2162720.2
1755248400000,1.2225,1.2272,1.2076,1.2151,3697213.2
1755252000000,1.2152,1.2284,1.2145,1.2202,2194394.1
1755255600000,1.2201,1.228,1.2147,1.2166,1941463.1
1755259200000,1.2166,1.2405,1.2064,1.2253,6012477.2
1755262800000,1.2252,1.2317,1.2143,1.2159,4567951.7
1755266400000,1.2159,1.2242,1.1871,1.1926,5138321.2
1755270000000,1.1926,1.1951,1.1572,1.1686,7968407.4
1755273600000,1.1685,1.1792,1.1504,1.1756,5070761.9
1755277200000,1.1757,1.1884,1.1626,1.1778,2886728.7
1755280800000,1.1778,1.1802,1.1601,1.1669,2472218.2
1755284400000,1.167,1.177,1.1609,1.1684,1952720.8
1755288000000,1.1684,1.1864,1.1621,1.1857,2376609.9
1755291600000,1.1857,1.1958,1.1768,1.1958,1787397.3
1755295200000,1.1958,1.2089,1.193,1.208,3196966.0
1755298800000,1.2081,1.2114,1.1834,1.1937,2771051.4
1755302400000,1.1937,1.2012,1.1888,1.1966,1793702.7
1755306000000,1.1966,1.1979,1.187,1.1926,1578192.4
1755309600000,1.1927,1.1982,1.1891,1.1949,1064518.3
1755313200000,1.195,1.2023,1.1913,1.1952,802194.0
1755316800000,1.1952,1.2071,1.1923,1.2067,921414.9
1755320400000,1.2067,1.2074,1.1926,1.1939,1171503.6
1755324000000,1.194,1.1981,1.1904,1.1946,1016498.3
1755327600000,1.1946,1.211,1.1939,1.2044,1619096.8
1755331200000,1.2046,1.2047,1.1949,1.1951,1041748.6
1755334800000,1.1953,1.1991,1.1838,1.1846,1987307.2
1755338400000,1.1846,1.1919,1.1812,1.1857,3491817.4
1755342000000,1.1856,1.1958,1.1799,1.1812,1570203.1
1755345600000,1.1812,1.1881,1.1751,1.187,1948205.8
1755349200000,1.187,1.1976,1.1819,1.1836,1627111.0
1755352800000,1.1836,1.1957,1.18,1.1946,1721770.2
1755356400000,1.1948,1.199,1.1892,1.1906,1602627.2
1755360000000,1.1906,1.1995,1.188,1.1916,1946059.5
1755363600000,1.1917,1.1923,1.1843,1.1888,997579.5
1755367200000,1.1887,1.1988,1.1876,1.1942,1566469.5
1755370800000,1.1942,1.2039,1.1934,1.1953,933311.4
1755374400000,1.1952,1.206,1.1941,1.2018,1134427.9
1755378000000,1.2017,1.2023,1.1945,1.1954,619428.3
1755381600000,1.1955,1.2162,1.1932,1.2041,2870592.2
1755385200000,1.2041,1.211,1.2,1.2085,1358853.9
1755388800000,1.2085,1.2111,1.2036,1.2066,1010611.1
1755392400000,1.2068,1.2086,1.1986,1.2078,1404749.9
1755396000000,1.2077,1.2201,1.2042,1.2193,1837876.7
1755399600000,1.2193,1.2289,1.2162,1.225,1781238.5
1755403200000,1.225,1.2312,1.2181,1.2306,1817786.0
1755406800000,1.2307,1.2353,1.2252,1.2279,1466685.5
1755410400000,1.2279,1.233,1.2266,1.2305,1088602.5
1755414000000,1.2305,1.2427,1.226,1.2376,2295275.7
1755417600000,1.2377,1.2613,1.2334,1.2589,2930512.1
1755421200000,1.2588,1.2621,1.248,1.2544,2405126.7
1755424800000,1.2544,1.2617,1.2454,1.2594,1638888.7
1755428400000,1.2592,1.2691,1.2547,1.2691,1973485.5
1755432000000,1.2691,1.2867,1.2681,1.2751,4411755.9
1755435600000,1.2752,1.2796,1.2625,1.2741,3461493.5
1755439200000,1.2742,1.2885,1.2721,1.2885,2558684.5
1755442800000,1.2883,1.3235,1.2807,1.3234,5007354.6
1755446400000,1.3234,1.3581,1.3164,1.3384,13644142.5
1755450000000,1.3383,1.3502,1.3287,1.3338,7149596.4
1755453600000,1.3337,1.3461,1.3017,1.3144,7440731.7
1755457200000,1.3144,1.3185,1.2883,1.2924,4570515.8
1755460800000,1.2923,1.309,1.2884,1.3016,2937348.4
1755464400000,1.3017,1.3024,1.2864,1.2904,2273747.9
1755468000000,1.2904,1.3293,1.29,1.3201,5286432.1
1755471600000,1.3201,1.3238,1.3024,1.3048,4496874.2
1755475200000,1.3048,1.3124,1.2902,1.2924,5115118.9
1755478800000,1.2923,1.2944,1.2585,1.2632,6523223.9
1755482400000,1.263,1.2677,1.225,1.228,9017565.8
1755486000000,1.2279,1.2364,1.2153,1.2344,4976403.9
1755489600000,1.2343,1.2504,1.2239,1.2446,4830843.5
1755493200000,1.2447,1.2528,1.222,1.2407,5224851.5
1755496800000,1.2408,1.2423,1.2029,1.2108,5641694.5
1755500400000,1.2107,1.2178,1.2017,1.2171,2873389.0
1755504000000,1.217,1.2244,1.2098,1.2142,2657097.8
1755507600000,1.2143,1.2451,1.2006,1.237,6498377.3
1755511200000,1.237,1.251,1.228,1.2289,5739746.8
1755514800000,1.229,1.2329,1.2133,1.225,3526889.4
1755518400000,1.2249,1.2518,1.2206,1.25,4989915.7
1755522000000,1.25,1.2519,1.2154,1.2158,5459710.2
1755525600000,1.2157,1.2325,1.2098,1.2321,4140447.1
1755529200000,1.2319,1.2343,1.2142,1.2326,2795830.0
1755532800000,1.2326,1.243,1.2154,1.218,2808827.6
1755536400000,1.2179,1.2472,1.2163,1.2216,3497252.2
1755540000000,1.2214,1.2295,1.2144,1.2295,2628465.8
1755543600000,1.2294,1.2335,1.2152,1.2198,2767678.4
1755547200000,1.2197,1.2252,1.2059,1.2155,2697823.8
1755550800000,1.2155,1.2324,1.2109,1.2302,1966834.8
1755554400000,1.2304,1.245,1.2218,1.2228,3644894.6
1755558000000,1.2228,1.2284,1.2062,1.2125,2867860.9
1755561600000,1.2125,1.2345,1.1965,1.2335,5045355.3
1755565200000,1.2334,1.2393,1.2029,1.2102,3699219.0
1755568800000,1.2101,1.2222,1.2059,1.2083,2218773.7
1755572400000,1.2082,1.2096,1.184,1.1867,4537704.5
1755576000000,1.1866,1.2006,1.1751,1.2003,3679984.6
1755579600000,1.2003,1.2068,1.1915,1.196,3005689.4
1755583200000,1.1959,1.201,1.1867,1.1934,1833875.7
1755586800000,1.1935,1.1951,1.1835,1.1898,2622453.3
1755590400000,1.1896,1.2062,1.18,1.203,2710948.7
1755594000000,1.2031,1.2355,1.203,1.2323,7635087.6
1755597600000,1.2324,1.2397,1.2261,1.2296,3416026.2
1755601200000,1.2295,1.2364,1.2237,1.2361,2715555.9
1755604800000,1.2362,1.2413,1.2207,1.2266,2450939.2
1755608400000,1.2265,1.2312,1.2,1.2138,6146082.8
1755612000000,1.2139,1.2202,1.1737,1.1862,7110175.2
1755615600000,1.1863,1.2089,1.1785,1.1827,6097548.0
1755619200000,1.1828,1.1881,1.1675,1.1751,5034322.3
1755622800000,1.1751,1.1836,1.1639,1.1812,3377394.0
1755626400000,1.1813,1.1817,1.1536,1.1583,3280422.0
1755630000000,1.1584,1.174,1.1482,1.1595,3770641.6
1755633600000,1.1594,1.1886,1.155,1.1856,2399906.3
1755637200000,1.1857,1.1868,1.1744,1.1853,1908979.1
1755640800000,1.1853,1.1884,1.1758,1.1811,1733490.6
1755644400000,1.1811,1.1815,1.1626,1.1671,3017451.2
1755648000000,1.167,1.1817,1.1645,1.1711,2564718.1
1755651600000,1.171,1.1821,1.1597,1.1789,3060173.0
1755655200000,1.179,1.1811,1.1711,1.1741,2215918.3
1755658800000,1.1741,1.1911,1.1675,1.1791,2440693.2
1755662400000,1.1791,1.2015,1.1788,1.1971,2395687.1
1755666000000,1.197,1.1983,1.1863,1.1947,1175037.7
1755669600000,1.1944,1.1948,1.1817,1.1852,1536499.0
1755673200000,1.1852,1.1975,1.1851,1.1889,2052572.8
1755676800000,1.189,1.2042,1.1865,1.2029,2813286.0
1755680400000,1.2029,1.2029,1.1919,1.1971,1456807.8
1755684000000,1.197,1.206,1.1919,1.1988,1422553.9
1755687600000,1.1988,1.2008,1.17,1.1871,2779527.8
1755691200000,1.1871,1.2006,1.1802,1.1876,2603914.2
1755694800000,1.1875,1.1904,1.1595,1.1654,4962850.1
1755698400000,1.1653,1.2006,1.1521,1.1889,7605243.1
1755702000000,1.1889,1.2392,1.1869,1.2318,9073721.6
1755705600000,1.2317,1.2939,1.2317,1.2897,12078509.6
1755709200000,1.2897,1.3052,1.2785,1.292,7556242.4
1755712800000,1.2919,1.2931,1.25,1.2614,7710422.0
1755716400000,1.2613,1.2842,1.2584,1.2785,3989641.6
1755720000000,1.2784,1.2831,1.2709,1.2741,2285349.4
1755723600000,1.2738,1.2767,1.259,1.2662,2201278.9
1755727200000,1.2662,1.2743,1.2591,1.2694,1953753.4
1755730800000,1.2693,1.2698,1.2574,1.2602,1246552.0
1755734400000,1.2602,1.2711,1.2544,1.2574,2855627.4
1755738000000,1.2574,1.2643,1.2479,1.2641,2197505.1
1755741600000,1.264,1.268,1.2335,1.2376,3104768.0
1755745200000,1.2375,1.2526,1.2367,1.2408,2766211.4
1755748800000,1.2409,1.2466,1.236,1.2433,1632226.6
1755752400000,1.2434,1.2479,1.2343,1.2476,2003156.2
1755756000000,1.2476,1.2483,1.2293,1.2336,1935611.0
1755759600000,1.2335,1.2354,1.2219,1.2324,2876832.1
1755763200000,1.2325,1.2368,1.2202,1.2206,1941921.9
1755766800000,1.2208,1.2216,1.2112,1.2132,2879768.5
1755770400000,1.2132,1.2146,1.2058,1.207,2070918.0
1755774000000,1.2069,1.2214,1.2064,1.2141,2615890.0
1755777600000,1.214,1.2169,1.1971,1.2036,2707599.4
1755781200000,1.2035,1.2165,1.1992,1.2052,3536712.2
1755784800000,1.2053,1.2355,1.2005,1.2067,5736328.3
1755788400000,1.2067,1.2087,1.193,1.1943,3365190.4
1755792000000,1.1944,1.1982,1.1791,1.1815,3944993.3
1755795600000,1.1817,1.1904,1.1759,1.1885,2800642.8
1755799200000,1.1884,1.1979,1.1826,1.1964,2102655.9
1755802800000,1.1964,1.2028,1.1779,1.1817,2224784.8
1755806400000,1.1817,1.1983,1.1778,1.1891,2282931.1
1755810000000,1.1891,1.1975,1.1827,1.1926,1505938.6
1755813600000,1.1926,1.2002,1.1904,1.1937,733287.0
1755817200000,1.1934,1.1936,1.1775,1.1839,1541204.3
1755820800000,1.1838,1.1941,1.1791,1.1833,2197663.3
1755824400000,1.1832,1.1913,1.174,1.1859,2494834.8
1755828000000,1.186,1.2124,1.1841,1.1966,3249720.9
1755831600000,1.1967,1.2104,1.1867,1.1912,2349157.6
1755835200000,1.1912,1.2054,1.1854,1.1902,2223449.2
1755838800000,1.1902,1.2012,1.1844,1.1976,1515389.6
1755842400000,1.1975,1.2039,1.1861,1.1898,2233510.3
1755846000000,1.1897,1.2013,1.1872,1.1984,1793982.7
1755849600000,1.1984,1.2034,1.1918,1.1923,1635012.3
1755853200000,1.1923,1.1988,1.1865,1.1937,1827021.8
1755856800000,1.1938,1.1941,1.1774,1.1817,1811458.7
1755860400000,1.1818,1.1831,1.1687,1.1702,2324520.7
1755864000000,1.1702,1.171,1.1319,1.1453,7796696.2
1755867600000,1.1453,1.1774,1.142,1.1602,6726189.6
1755871200000,1.1601,1.289,1.1599,1.2877,36151960.2
1755874800000,1.2875,1.3088,1.2742,1.2742,10013976.7
1755878400000,1.2746,1.3194,1.2745,1.3168,9300130.0
1755882000000,1.3167,1.3536,1.3164,1.3431,8804097.4
1755885600000,1.3431,1.3532,1.3287,1.335,4753257.8
1755889200000,1.335,1.3411,1.3295,1.3345,2393543.4
1755892800000,1.3345,1.3377,1.3266,1.3356,2395853.4
1755896400000,1.3356,1.3438,1.319,1.3281,3716473.9
1755900000000,1.3281,1.3332,1.308,1.3146,3585745.4
1755903600000,1.3146,1.3316,1.3127,1.3269,3050554.9
1755907200000,1.327,1.3325,1.3184,1.3241,2370246.6
1755910800000,1.3241,1.3255,1.2865,1.302,3958122.8
1755914400000,1.302,1.3068,1.2618,1.2804,6251551.2
1755918000000,1.2801,1.2802,1.2641,1.2682,2131102.5
1755921600000,1.2683,1.2901,1.2675,1.2894,2609446.2
1755925200000,1.2893,1.3082,1.2861,1.3058,3081406.6
1755928800000,1.3059,1.3076,1.2942,1.2962,1869360.2
1755932400000,1.2962,1.2979,1.2703,1.2715,2410441.5
1755936000000,1.2715,1.2833,1.2705,1.2787,2342996.6
1755939600000,1.2786,1.2843,1.2732,1.2823,1764235.7
1755943200000,1.2824,1.2845,1.2692,1.2729,2165513.2
1755946800000,1.2729,1.2815,1.271,1.2761,1505669.8
1755950400000,1.2762,1.2844,1.2699,1.2733,1862559.0
1755954000000,1.2733,1.2782,1.2696,1.2727,1673245.1
1755957600000,1.2728,1.279,1.2648,1.2715,2330615.9
1755961200000,1.2714,1.2822,1.2675,1.2736,2712943.4
1755964800000,1.2736,1.2784,1.2686,1.2737,1304707.5
1755968400000,1.2737,1.2782,1.2694,1.2742,1374978.4
1755972000000,1.2742,1.2798,1.2724,1.2789,863532.1
1755975600000,1.2789,1.2817,1.277,1.2801,916959.5
1755979200000,1.2801,1.2814,1.2727,1.2786,795993.2
1755982800000,1.2785,1.2801,1.2723,1.2748,1017270.4
1755986400000,1.2747,1.2885,1.2745,1.287,1021030.0
1755990000000,1.2871,1.2911,1.2816,1.2842,1049286.8
1755993600000,1.2843,1.2886,1.2813,1.2827,1653799.1
1755997200000,1.2826,1.2826,1.2688,1.2746,1699785.7
1756000800000,1.2747,1.2837,1.265,1.2678,2329556.8
1756004400000,1.2679,1.2696,1.2575,1.2678,2409247.5
1756008000000,1.2678,1.2731,1.2625,1.2673,1216568.9
1756011600000,1.2673,1.2678,1.2538,1.2548,1182110.0
1756015200000,1.2549,1.2549,1.2261,1.2265,3233068.1
1756018800000,1.2264,1.2388,1.2232,1.2281,2368730.2
1756022400000,1.2282,1.2359,1.2242,1.2303,1411813.3
1756026000000,1.2302,1.2339,1.2264,1.2292,1192497.3
1756029600000,1.2292,1.2294,1.2049,1.2049,3801750.8
1756033200000,1.2049,1.2104,1.195,1.2086,3539386.9
1756036800000,1.2087,1.2195,1.2041,1.218,2056316.3
1756040400000,1.2179,1.2242,1.216,1.2174,2497035.0
1756044000000,1.2175,1.2234,1.2108,1.2207,1836766.5
1756047600000,1.2206,1.2328,1.2164,1.218,2464239.7
1756051200000,1.218,1.2232,1.2126,1.2191,2230880.9
1756054800000,1.2191,1.2582,1.2182,1.2491,4705395.1
1756058400000,1.249,1.2992,1.2451,1.2928,7680441.5
1756062000000,1.2928,1.3076,1.2155,1.2536,19024473.1
1756065600000,1.2536,1.2539,1.2175,1.2416,7394598.4
1756069200000,1.2417,1.2599,1.2313,1.2424,3564802.1
1756072800000,1.2424,1.2439,1.2157,1.2382,2905118.2
1756076400000,1.2382,1.2487,1.2303,1.2331,1754397.6
1756080000000,1.2331,1.2418,1.2018,1.2129,4652033.7
1756083600000,1.2129,1.2326,1.2097,1.221,2748297.1
1756087200000,1.221,1.2606,1.2205,1.2541,4841113.1
1756090800000,1.254,1.2654,1.2476,1.2496,4151774.9
1756094400000,1.2496,1.282,1.2448,1.2816,4981881.7
1756098000000,1.2817,1.289,1.2517,1.26,7110167.7
1756101600000,1.2598,1.2668,1.2421,1.2485,4771612.3
1756105200000,1.2484,1.2583,1.2183,1.223,5649487.3
1756108800000,1.2231,1.2348,1.2069,1.212,5473305.4
1756112400000,1.2118,1.2122,1.1908,1.2038,6616341.6
1756116000000,1.2038,1.2039,1.1756,1.1807,5449691.9
1756119600000,1.1807,1.1932,1.175,1.1932,3892692.9
1756123200000,1.193,1.2125,1.1815,1.1962,5057432.0
1756126800000,1.1961,1.1961,1.1722,1.1805,4762036.8
1756130400000,1.1804,1.1963,1.1768,1.1823,4721041.1
1756134000000,1.1823,1.1881,1.1643,1.1672,2994629.0
1756137600000,1.1673,1.1829,1.1607,1.1678,3006193.5
1756141200000,1.1678,1.1688,1.1555,1.162,3590041.2
1756144800000,1.1621,1.1642,1.1541,1.1553,2389961.9
1756148400000,1.1554,1.1625,1.127,1.1309,6231139.8
1756152000000,1.1309,1.1348,1.0904,1.0923,12840556.6
1756155600000,1.0921,1.1012,1.0805,1.0858,7380942.4
1756159200000,1.0858,1.1267,1.0857,1.121,5282924.4
1756162800000,1.1209,1.1266,1.1126,1.1169,3243752.2
1756166400000,1.1169,1.134,1.1092,1.1245,5735633.9
1756170000000,1.1243,1.1378,1.1189,1.1339,3365287.4
1756173600000,1.1339,1.1428,1.129,1.1356,2343638.8
1756177200000,1.1356,1.1443,1.128,1.1346,2361489.1
1756180800000,1.1347,1.1411,1.1313,1.1338,1773992.4
1756184400000,1.1339,1.1442,1.1334,1.1374,1962143.7
1756188000000,1.1375,1.1583,1.1332,1.1416,4103576.4
1756191600000,1.1415,1.1548,1.1341,1.147,2650568.4
1756195200000,1.1469,1.1493,1.1363,1.1472,1508771.3
1756198800000,1.1472,1.1546,1.1426,1.147,1565167.5
1756202400000,1.147,1.1624,1.1464,1.1526,3169272.5
1756206000000,1.1528,1.1556,1.1319,1.1381,2614920.2
1756209600000,1.1382,1.1743,1.1303,1.1604,6349679.3
1756213200000,1.1605,1.1684,1.1396,1.1561,4418634.5
1756216800000,1.1562,1.1716,1.1415,1.1696,3249109.5
1756220400000,1.1695,1.1753,1.1526,1.1537,2489823.3
1756224000000,1.1537,1.1716,1.1511,1.1706,1803859.0
1756227600000,1.1705,1.1716,1.1538,1.1607,3162431.8
1756231200000,1.1607,1.175,1.1599,1.1716,1940886.0
1756234800000,1.1716,1.1874,1.1647,1.1841,2829197.6
1756238400000,1.1841,1.193,1.177,1.1825,3050690.1
1756242000000,1.1826,1.1868,1.1753,1.1864,1484308.9
1756245600000,1.1864,1.1885,1.1745,1.1825,1234305.9
1756249200000,1.1825,1.1916,1.1758,1.1789,2019893.8
1756252800000,1.1789,1.1813,1.1673,1.1693,2063604.8
1756256400000,1.1694,1.1695,1.1595,1.1661,2149498.0
1756260000000,1.1661,1.1847,1.1547,1.1796,3797955.8
1756263600000,1.1798,1.1922,1.1615,1.1841,3760772.8
1756267200000,1.1841,1.198,1.1819,1.1949,2828587.8
1756270800000,1.195,1.1951,1.1774,1.1843,2016988.8
1756274400000,1.1844,1.1942,1.1812,1.1846,1550809.0
1756278000000,1.1846,1.1867,1.173,1.1794,1443046.9
1756281600000,1.1794,1.186,1.1729,1.1857,1305543.1
1756285200000,1.1855,1.1919,1.1802,1.1817,1686549.4
1756288800000,1.1817,1.1856,1.1731,1.1785,1466111.7
1756292400000,1.1785,1.1836,1.1776,1.1813,880360.8
1756296000000,1.1812,1.1848,1.1668,1.174,1940722.5
1756299600000,1.1739,1.1906,1.164,1.1745,3074910.8
1756303200000,1.1744,1.1971,1.1693,1.1829,3472207.1
1756306800000,1.1829,1.1952,1.1731,1.1835,5035910.6
1756310400000,1.1836,1.1842,1.1655,1.1762,2220683.5
1756314000000,1.1761,1.1828,1.1696,1.1797,1884349.0
1756317600000,1.1797,1.1859,1.1732,1.1738,1572899.8
1756321200000,1.1738,1.1754,1.1586,1.1664,2595403.5
1756324800000,1.1665,1.1874,1.1516,1.1825,9459683.2
1756328400000,1.1825,1.1895,1.1644,1.1682,2326107.8
1756332000000,1.1682,1.1708,1.152,1.1641,2673711.4
1756335600000,1.164,1.1672,1.1547,1.1575,1680487.2
1756339200000,1.1576,1.1651,1.1441,1.1571,2982836.8
1756342800000,1.1572,1.1691,1.1558,1.1675,1885271.2
1756346400000,1.1675,1.1743,1.1597,1.1618,1928367.1
1756350000000,1.1619,1.1727,1.1584,1.1707,1823115.4
1756353600000,1.1707,1.1847,1.1682,1.1814,2089684.0
1756357200000,1.1815,1.1848,1.1711,1.1763,1747365.4
1756360800000,1.1763,1.1824,1.1744,1.1803,1538523.8
1756364400000,1.1802,1.1892,1.1755,1.1884,2418372.6
1756368000000,1.1884,1.2063,1.1871,1.2038,4625889.8
1756371600000,1.2037,1.2048,1.1858,1.1882,2582716.8
1756375200000,1.1881,1.2042,1.185,1.2037,1945265.5
1756378800000,1.2037,1.2037,1.19,1.1962,1708283.7
1756382400000,1.1961,1.1991,1.1856,1.1952,2472494.1
1756386000000,1.1952,1.2112,1.1938,1.2055,3496635.8
1756389600000,1.2056,1.22,1.1977,1.215,3485869.7
1756393200000,1.215,1.2203,1.1861,1.1911,3715491.1
1756396800000,1.191,1.2002,1.1731,1.1735,3202788.9
1756400400000,1.1735,1.1926,1.1704,1.1912,2705016.1
1756404000000,1.1911,1.2029,1.1852,1.1984,2268373.8
1756407600000,1.1983,1.2066,1.1824,1.1827,2095876.7
1756411200000,1.1829,1.1953,1.1788,1.1896,1713261.1
1756414800000,1.1896,1.2053,1.1887,1.2043,1093012.3
1756418400000,1.2044,1.2158,1.2042,1.2149,2248931.6
1756422000000,1.2149,1.2175,1.21,1.2114,2034746.2
1756425600000,1.2114,1.2143,1.1946,1.1973,2323855.1
1756429200000,1.1973,1.1986,1.18,1.1878,3036729.9
1756432800000,1.1877,1.2057,1.1851,1.1937,2023907.9
1756436400000,1.1938,1.2011,1.1866,1.1956,1539403.6
1756440000000,1.1956,1.2026,1.1895,1.1958,1595890.2
1756443600000,1.1959,1.1996,1.1876,1.1921,1544338.6
1756447200000,1.1922,1.1951,1.1748,1.1862,3025072.3
1756450800000,1.1863,1.1865,1.1429,1.145,7049466.8
1756454400000,1.145,1.1522,1.1316,1.1336,3240413.6
1756458000000,1.1336,1.1437,1.1225,1.1406,3160082.3
1756461600000,1.1407,1.1524,1.1396,1.1442,2419532.5
1756465200000,1.1441,1.1562,1.1414,1.1435,1361436.5
1756468800000,1.1434,1.1897,1.1416,1.1665,10141660.3
1756472400000,1.1663,1.167,1.1357,1.1457,4840039.2
1756476000000,1.1457,1.1563,1.1274,1.1406,5833398.3
1756479600000,1.1406,1.1541,1.1304,1.1337,3085796.4
1756483200000,1.1338,1.1415,1.1243,1.1333,3070833.3
1756486800000,1.1332,1.1336,1.1182,1.1208,2197057.2
1756490400000,1.1208,1.1247,1.1108,1.1126,2648855.9
1756494000000,1.1124,1.1342,1.1093,1.1269,2538745.4
1756497600000,1.1268,1.129,1.1171,1.119,1918084.9
1756501200000,1.119,1.1389,1.112,1.1357,2078719.1
1756504800000,1.1358,1.143,1.1293,1.143,1401388.7
1756508400000,1.1429,1.1436,1.1327,1.1336,1189355.9
1756512000000,1.1337,1.1464,1.1309,1.1384,1760441.0
1756515600000,1.1383,1.1418,1.1151,1.1172,2111340.3
1756519200000,1.1172,1.1374,1.1146,1.1374,1533720.5
1756522800000,1.1375,1.1623,1.1369,1.1545,3348844.9
1756526400000,1.1545,1.1563,1.146,1.1488,1186819.2
1756530000000,1.1489,1.1568,1.1473,1.1508,1512047.6
1756533600000,1.1509,1.1582,1.148,1.1539,1242111.1
1756537200000,1.1539,1.1622,1.1523,1.1604,891594.1
1756540800000,1.1603,1.1647,1.1538,1.1547,1413162.3
1756544400000,1.1548,1.1585,1.1503,1.1518,990011.3
1756548000000,1.1518,1.1592,1.1502,1.1554,890775.6
1756551600000,1.1554,1.158,1.149,1.1538,781881.4
1756555200000,1.1538,1.1548,1.1341,1.1367,3350700.8
1756558800000,1.1366,1.1367,1.1227,1.136,3581171.5
1756562400000,1.136,1.1422,1.1283,1.1412,1595599.0
1756566000000,1.1412,1.1595,1.1386,1.1585,2277381.7
1756569600000,1.1584,1.159,1.1429,1.1437,1584917.4
1756573200000,1.1438,1.1467,1.1391,1.143,1462985.8
1756576800000,1.1429,1.1508,1.1387,1.1439,1215821.5
1756580400000,1.1438,1.1486,1.1405,1.1484,666874.0
1756584000000,1.1484,1.1486,1.1398,1.1442,854918.2
1756587600000,1.1441,1.147,1.1417,1.1439,717257.5
1756591200000,1.1439,1.149,1.1404,1.1478,758948.8
1756594800000,1.1476,1.1526,1.1469,1.1507,869578.7
1756598400000,1.1508,1.1634,1.1496,1.1614,2359615.8
1756602000000,1.1614,1.1686,1.157,1.1672,1620143.6
1756605600000,1.1672,1.1701,1.1638,1.1655,1940514.3
1756609200000,1.1656,1.1673,1.1599,1.167,1571330.6
1756612800000,1.1671,1.169,1.1545,1.1582,1363716.7
1756616400000,1.1581,1.1582,1.1534,1.1559,897007.8
1756620000000,1.156,1.1565,1.145,1.1464,2417071.5
1756623600000,1.1463,1.154,1.1452,1.1491,1120842.4
1756627200000,1.149,1.156,1.1487,1.155,1078602.4
1756630800000,1.1551,1.156,1.1451,1.1457,1003020.9
1756634400000,1.1457,1.1464,1.1326,1.1374,2266171.5
1756638000000,1.1374,1.1443,1.1341,1.1439,1254984.2
1756641600000,1.1439,1.1449,1.1344,1.1418,1230155.8
1756645200000,1.1417,1.1451,1.1306,1.1334,1252319.0
1756648800000,1.1333,1.1355,1.1268,1.129,1314210.5
1756652400000,1.129,1.1409,1.1282,1.1398,1534094.8
1756656000000,1.1399,1.1399,1.131,1.1339,1601943.6
1756659600000,1.134,1.1358,1.1301,1.1309,979564.1
1756663200000,1.131,1.1432,1.1302,1.1426,1180347.0
1756666800000,1.1426,1.1437,1.1303,1.1311,1127278.7
1756670400000,1.1312,1.1361,1.1281,1.1313,1022994.7
1756674000000,1.1314,1.137,1.1292,1.1342,1032467.2
1756677600000,1.1343,1.1377,1.1223,1.1245,1744907.0
1756681200000,1.1244,1.1247,1.1075,1.1087,2921922.2
1756684800000,1.1087,1.1101,1.0937,1.1034,3592137.4
1756688400000,1.1034,1.1097,1.0964,1.1011,2339941.3
1756692000000,1.1013,1.1013,1.0758,1.0822,3605082.4
1756695600000,1.0822,1.0871,1.0773,1.0849,2584996.8
1756699200000,1.0848,1.0875,1.0662,1.0679,2661880.2
1756702800000,1.068,1.0732,1.062,1.0706,2035816.1
1756706400000,1.0706,1.0784,1.064,1.0732,1727607.6
1756710000000,1.0732,1.1125,1.0657,1.1125,4326198.2
1756713600000,1.1124,1.1232,1.1091,1.1192,4716845.0
1756717200000,1.1191,1.1262,1.108,1.1081,2304978.8
1756720800000,1.1082,1.1085,1.0801,1.0874,3260583.6
1756724400000,1.0874,1.0892,1.0769,1.0807,2206492.1
1756728000000,1.0807,1.0871,1.073,1.0738,1985112.4
1756731600000,1.0738,1.0829,1.0623,1.0667,3426291.0
1756735200000,1.0668,1.0741,1.0549,1.062,3253240.1
1756738800000,1.062,1.0652,1.0512,1.0549,2600317.4
1756742400000,1.0548,1.0605,1.0481,1.0543,2413872.5
1756746000000,1.0542,1.0564,1.0401,1.0476,2855468.2
1756749600000,1.0477,1.0581,1.0451,1.054,2204702.7
1756753200000,1.054,1.0604,1.0511,1.0583,1659214.7
1756756800000,1.0582,1.0592,1.0191,1.0329,7094575.4
1756760400000,1.0328,1.0343,1.0034,1.0185,4630984.5
1756764000000,1.0182,1.0245,1.0027,1.0128,3602804.0
1756767600000,1.0129,1.0291,1.0124,1.0259,2869390.2
1756771200000,1.0259,1.0285,1.0177,1.0207,2223826.3
1756774800000,1.0206,1.027,1.0116,1.0174,3274554.0
1756778400000,1.0174,1.0396,1.0117,1.0376,3031666.6
1756782000000,1.0375,1.046,1.0278,1.0335,3962060.5
1756785600000,1.0336,1.0446,1.0292,1.0445,2394052.5
1756789200000,1.0445,1.0469,1.0361,1.0438,1629633.3
1756792800000,1.0438,1.0509,1.0416,1.0481,1748615.1
1756796400000,1.0481,1.0486,1.0324,1.0348,2219988.0
1756800000000,1.0348,1.0406,1.0308,1.0364,1781061.3
1756803600000,1.0364,1.0466,1.034,1.0451,2000863.3
1756807200000,1.0452,1.0462,1.0332,1.0406,1772602.1
1756810800000,1.0407,1.0411,1.0289,1.0313,2056952.5
1756814400000,1.0312,1.0341,1.0034,1.0059,4811964.9
1756818000000,1.0055,1.0489,1.0046,1.0463,8282138.0
1756821600000,1.0462,1.0548,1.0336,1.0419,6219638.5
1756825200000,1.0418,1.0438,1.0172,1.0192,3137850.0
1756828800000,1.0192,1.0353,1.0191,1.0315,2826867.9
1756832400000,1.0316,1.0412,1.0285,1.0345,3012284.9
1756836000000,1.0345,1.0375,1.0166,1.0309,2360789.9
1756839600000,1.0309,1.0363,1.0188,1.0255,2421294.2
1756843200000,1.0255,1.0497,1.023,1.0491,2744395.7
1756846800000,1.0491,1.0556,1.0462,1.0521,2514460.2
1756850400000,1.0522,1.0603,1.0437,1.06,2288189.9
1756854000000,1.06,1.0627,1.0548,1.0617,1645666.8
1756857600000,1.0618,1.0645,1.0532,1.0558,1817419.8
1756861200000,1.0557,1.0689,1.0492,1.0682,1845830.9
1756864800000,1.0681,1.074,1.0585,1.0643,3373379.3
1756868400000,1.0643,1.0682,1.058,1.0658,1875415.9
1756872000000,1.0657,1.0676,1.0575,1.0616,1647416.1
1756875600000,1.0616,1.0622,1.053,1.0548,1875880.7
1756879200000,1.0549,1.0634,1.0497,1.0536,1723107.5
1756882800000,1.0535,1.0618,1.0509,1.0608,1821017.7
1756886400000,1.0606,1.0706,1.0582,1.0605,1570330.3
1756890000000,1.0605,1.068,1.0537,1.0677,1657470.4
1756893600000,1.0678,1.0771,1.0631,1.0734,2299412.9
1756897200000,1.0733,1.0827,1.0711,1.0716,2077559.8
1756900800000,1.0717,1.0776,1.0638,1.067,2350547.5
1756904400000,1.0671,1.0876,1.0647,1.0798,3299282.2
1756908000000,1.0799,1.1192,1.0798,1.1152,6618840.0
1756911600000,1.1152,1.1418,1.1115,1.1404,8976679.9
1756915200000,1.1403,1.1616,1.1261,1.131,11667811.1
1756918800000,1.1309,1.1548,1.1308,1.1457,4608769.8
1756922400000,1.1457,1.1593,1.1443,1.1469,5121222.4
1756926000000,1.1469,1.154,1.1362,1.1533,4161099.8
1756929600000,1.1534,1.1541,1.1401,1.1421,2943079.5
1756933200000,1.142,1.1422,1.1308,1.1395,2529879.7
1756936800000,1.1395,1.1498,1.1353,1.1373,2185750.9
1756940400000,1.1373,1.1388,1.1307,1.1334,1485062.5
1756944000000,1.1336,1.1386,1.1268,1.1324,2962185.9
1756947600000,1.1323,1.1331,1.1229,1.1298,2080829.3
1756951200000,1.1296,1.1321,1.118,1.1188,1944442.5
1756954800000,1.1188,1.1188,1.0991,1.0999,3998229.4
1756958400000,1.0999,1.1014,1.0877,1.0883,3226192.7
1756962000000,1.0883,1.0883,1.0731,1.0774,3889142.3
1756965600000,1.0773,1.0788,1.0644,1.0678,2895533.3
1756969200000,1.0676,1.0818,1.0666,1.0789,2207360.8
1756972800000,1.079,1.0898,1.0782,1.079,3024587.0
1756976400000,1.079,1.0916,1.0721,1.0767,4317807.3
1756980000000,1.0766,1.0844,1.0749,1.077,2107199.5
1756983600000,1.0769,1.0811,1.0709,1.0711,1367710.3
1756987200000,1.0712,1.0836,1.0682,1.0807,2379033.5
1756990800000,1.0808,1.0812,1.0688,1.071,2716967.8
1756994400000,1.0709,1.0722,1.057,1.0582,3383111.7
1756998000000,1.0583,1.0599,1.0419,1.0466,2792657.8
1757001600000,1.0466,1.0496,1.0414,1.0453,1828501.9
1757005200000,1.0452,1.0558,1.0449,1.0497,1647792.2
1757008800000,1.0498,1.052,1.0371,1.0409,1861810.0
1757012400000,1.041,1.0431,1.0333,1.0354,1617723.8
1757016000000,1.0353,1.049,1.0338,1.0478,2025722.4
1757019600000,1.0477,1.0531,1.0472,1.0525,1604688.0
1757023200000,1.0524,1.0751,1.0516,1.0729,2334233.3
1757026800000,1.0726,1.0769,1.0564,1.0571,2818717.9
1757030400000,1.0571,1.0808,1.0564,1.0722,3885465.1
1757034000000,1.0723,1.0757,1.0651,1.0678,1965903.6
1757037600000,1.0677,1.0761,1.0661,1.0752,1558053.0
1757041200000,1.0752,1.0767,1.0672,1.0748,1596760.0
1757044800000,1.0749,1.0892,1.0748,1.0858,2296110.7
1757048400000,1.0857,1.0896,1.0808,1.0858,2123405.2
1757052000000,1.0859,1.0898,1.0788,1.0831,1540587.7
1757055600000,1.083,1.1031,1.0813,1.1019,3699611.3
1757059200000,1.1019,1.1023,1.092,1.0954,1920859.6
1757062800000,1.0955,1.1009,1.0845,1.0905,1927231.8
1757066400000,1.0905,1.1045,1.0895,1.0941,1639214.5
1757070000000,1.0942,1.1019,1.0919,1.0974,1239135.3
1757073600000,1.0974,1.1195,1.0952,1.1171,9684490.1
1757077200000,1.1172,1.1201,1.1042,1.1096,3151626.1
1757080800000,1.1096,1.1104,1.0665,1.0684,10235878.3
1757084400000,1.0682,1.0838,1.0647,1.076,3383099.3
1757088000000,1.0761,1.0784,1.0707,1.0776,1879428.4
1757091600000,1.0776,1.078,1.0695,1.0736,1337180.4
1757095200000,1.0737,1.0924,1.071,1.0887,1961234.4
1757098800000,1.0887,1.0994,1.0882,1.0989,2067488.3
1757102400000,1.0988,1.1113,1.0987,1.1068,2722476.4
1757106000000,1.1067,1.1072,1.0882,1.0971,4089719.3
1757109600000,1.0972,1.1065,1.0941,1.1039,1323654.4
1757113200000,1.1039,1.1085,1.0994,1.0996,1020380.6
1757116800000,1.0997,1.1036,1.0928,1.1014,1191169.9
1757120400000,1.1014,1.1099,1.0983,1.1075,1220816.6
1757124000000,1.1075,1.1113,1.1013,1.1076,1115643.3
1757127600000,1.1077,1.1091,1.1014,1.1039,930298.9
1757131200000,1.1038,1.1041,1.0943,1.0995,1126480.1
1757134800000,1.0995,1.1003,1.0932,1.094,743004.3
1757138400000,1.0939,1.1012,1.0929,1.1,709875.2
1757142000000,1.1001,1.102,1.0936,1.0986,926453.2
1757145600000,1.0984,1.1019,1.0909,1.0915,1448122.6
1757149200000,1.0915,1.0915,1.0808,1.0845,1537786.1
1757152800000,1.0845,1.0952,1.0823,1.0948,1080147.4
1757156400000,1.0949,1.0949,1.086,1.0931,778748.5
1757160000000,1.0931,1.1023,1.0913,1.0997,1559340.4
1757163600000,1.0995,1.1007,1.091,1.0944,1001873.2
1757167200000,1.0945,1.1089,1.0945,1.1082,1599830.7
1757170800000,1.1081,1.1098,1.093,1.0944,2168556.7
1757174400000,1.0943,1.1073,1.0924,1.1024,2024341.5
1757178000000,1.1024,1.1036,1.096,1.0999,1170724.6
1757181600000,1.1,1.1116,1.0993,1.1096,1559846.6
1757185200000,1.1096,1.1105,1.094,1.096,1193705.6
1757188800000,1.096,1.1072,1.0956,1.1071,988939.6
1757192400000,1.1072,1.1168,1.1021,1.1164,1038010.3
1757196000000,1.1163,1.1216,1.1014,1.1049,1948827.6
1757199600000,1.1047,1.1135,1.1038,1.111,971791.8
1757203200000,1.1109,1.1216,1.1087,1.1212,1208555.4
1757206800000,1.1212,1.1424,1.1181,1.1342,2918198.8
1757210400000,1.1341,1.1376,1.1274,1.1333,1637367.0
1757214000000,1.1334,1.1373,1.1282,1.1344,1461035.9
1757217600000,1.1344,1.1415,1.1291,1.1415,1779769.8
1757221200000,1.1415,1.15,1.1358,1.149,1808571.2
1757224800000,1.149,1.153,1.1348,1.1371,1976268.8
1757228400000,1.137,1.1439,1.1311,1.1366,1548561.8
1757232000000,1.1365,1.1561,1.1365,1.1442,2582521.0
1757235600000,1.1443,1.1479,1.1347,1.14,1434574.5
1757239200000,1.14,1.1469,1.1397,1.1438,741467.0
1757242800000,1.1438,1.1532,1.1433,1.1488,2152542.2
1757246400000,1.1488,1.1489,1.1417,1.1435,972178.8
1757250000000,1.1435,1.1515,1.1412,1.1501,1685094.2
1757253600000,1.15,1.1533,1.1419,1.1484,1575120.6
1757257200000,1.1483,1.1483,1.1392,1.145,1287997.1
1757260800000,1.1449,1.149,1.1387,1.1399,1029264.5
1757264400000,1.14,1.1405,1.1315,1.1318,1354744.9
1757268000000,1.1318,1.1329,1.1248,1.1281,1483576.7
1757271600000,1.1283,1.1368,1.1274,1.1305,1041782.3
1757275200000,1.1305,1.1353,1.1253,1.1348,1037474.0
1757278800000,1.1349,1.1397,1.1316,1.1383,706386.1
1757282400000,1.1382,1.1478,1.1356,1.1475,1190526.1
1757286000000,1.1475,1.153,1.1419,1.143,1576778.4
1757289600000,1.1428,1.1486,1.1352,1.1391,1629396.7
1757293200000,1.1391,1.1434,1.1364,1.1391,1004527.7
1757296800000,1.1391,1.1827,1.1374,1.1813,3917918.8
1757300400000,1.1814,1.1948,1.1721,1.1799,6373388.9
1757304000000,1.1793,1.1889,1.1654,1.1828,3183959.2
1757307600000,1.1826,1.1994,1.1805,1.194,3823672.4
1757311200000,1.1939,1.2018,1.1783,1.2007,3237018.9
1757314800000,1.2007,1.2075,1.1799,1.1835,8467522.6
1757318400000,1.1836,1.1964,1.1804,1.1902,2754843.9
1757322000000,1.1902,1.2015,1.1843,1.1963,2200596.9
1757325600000,1.1964,1.2049,1.1946,1.1957,2598648.2
1757329200000,1.1958,1.1963,1.1763,1.187,3273452.0
1757332800000,1.187,1.1966,1.1824,1.1963,1841874.7
1757336400000,1.1963,1.2102,1.1911,1.193,3824102.6
1757340000000,1.1928,1.2481,1.1911,1.247,7249591.1
1757343600000,1.247,1.2885,1.2453,1.2707,13580067.3
1757347200000,1.2707,1.275,1.252,1.2596,4549114.6
1757350800000,1.2596,1.2769,1.2459,1.2587,3702184.0
1757354400000,1.2589,1.2727,1.2537,1.2725,3245386.5
1757358000000,1.2724,1.2724,1.2449,1.2474,2813324.1
1757361600000,1.2474,1.2532,1.2373,1.2469,2366314.9
1757365200000,1.2469,1.2745,1.2435,1.2704,2269936.1
1757368800000,1.2704,1.2855,1.2622,1.2645,3399203.4
1757372400000,1.2646,1.2809,1.2621,1.2808,2966908.4
1757376000000,1.2808,1.3256,1.2636,1.298,11943829.3
1757379600000,1.298,1.3189,1.2743,1.2839,9041849.6
1757383200000,1.2839,1.3027,1.2581,1.2716,7446194.6
1757386800000,1.2716,1.3015,1.2668,1.2986,5400274.6
1757390400000,1.2986,1.3035,1.2855,1.2903,3970025.6
1757394000000,1.2902,1.3018,1.2832,1.2974,2460183.0
1757397600000,1.2974,1.3255,1.2926,1.3088,6804353.8
1757401200000,1.3089,1.3212,1.2999,1.3096,4987000.8
1757404800000,1.3096,1.3268,1.3077,1.3225,2969420.8
1757408400000,1.3225,1.3289,1.3112,1.3172,2651696.2
1757412000000,1.3173,1.3372,1.3028,1.3045,4776313.7
1757415600000,1.3046,1.3126,1.2913,1.2933,3072073.3
1757419200000,1.2936,1.3084,1.2697,1.2738,6211065.7
1757422800000,1.2737,1.2976,1.2736,1.2896,4724186.6
1757426400000,1.2898,1.2953,1.2569,1.2676,7924143.2
1757430000000,1.2675,1.2729,1.2448,1.2494,5590078.4
1757433600000,1.2495,1.2569,1.2372,1.2481,3192231.6
1757437200000,1.2481,1.2584,1.2409,1.2435,2472118.0
1757440800000,1.2434,1.249,1.239,1.2458,1776042.0
1757444400000,1.2459,1.2555,1.2422,1.2458,2463995.3
1757448000000,1.246,1.255,1.2419,1.2545,1382637.0
1757451600000,1.2544,1.2676,1.2469,1.2474,2352558.8
1757455200000,1.2475,1.2578,1.2442,1.2552,2205575.3
1757458800000,1.2554,1.2654,1.2537,1.2567,1989873.6
1757462400000,1.2568,1.2769,1.2507,1.2542,5252675.1
1757466000000,1.2542,1.2883,1.2479,1.2711,4214324.0
1757469600000,1.2711,1.286,1.2672,1.2777,3661283.8
1757473200000,1.2776,1.2776,1.2623,1.2733,2005941.4
1757476800000,1.2732,1.276,1.2653,1.2726,1697378.3
1757480400000,1.2725,1.2725,1.2576,1.2658,4409681.9
1757484000000,1.2657,1.2718,1.2567,1.2634,6010216.7
1757487600000,1.2634,1.2773,1.2633,1.272,6148188.6
1757491200000,1.2721,1.2809,1.2689,1.2691,3503879.7
1757494800000,1.269,1.2753,1.2626,1.27,4070278.5
1757498400000,1.2699,1.272,1.2495,1.252,5268584.3
1757502000000,1.252,1.2672,1.25,1.2651,3018981.0
1757505600000,1.265,1.3,1.2617,1.2837,7283168.7
1757509200000,1.2836,1.3099,1.2823,1.2844,5297464.8
1757512800000,1.2845,1.2964,1.28,1.2817,2338269.4
1757516400000,1.2816,1.295,1.2771,1.2785,2018764.7
1757520000000,1.2784,1.2804,1.2531,1.2649,4347994.6
1757523600000,1.2649,1.2689,1.251,1.2587,1853254.9
1757527200000,1.2586,1.2634,1.2516,1.2596,1109951.0
1757530800000,1.2597,1.2618,1.2372,1.2456,2885145.8
1757534400000,1.2457,1.2559,1.2453,1.2537,1512339.2
1757538000000,1.2537,1.2619,1.2529,1.2573,1207678.1
1757541600000,1.2573,1.2625,1.253,1.2612,1024865.0
1757545200000,1.2612,1.264,1.253,1.2576,1190231.6
1757548800000,1.2576,1.2646,1.2497,1.2525,2091186.4
1757552400000,1.2524,1.2594,1.2474,1.2505,1679402.8
1757556000000,1.2504,1.2521,1.2451,1.2455,1049504.8
1757559600000,1.2455,1.2546,1.2424,1.2525,1288701.1
1757563200000,1.2525,1.255,1.2444,1.2506,1616014.4
1757566800000,1.2505,1.2508,1.2412,1.246,1169495.5
1757570400000,1.246,1.2535,1.243,1.2508,1194609.0
1757574000000,1.251,1.2532,1.2449,1.2522,1440609.1
1757577600000,1.2522,1.257,1.2489,1.2561,1339629.3
1757581200000,1.256,1.2574,1.254,1.256,1394597.1
1757584800000,1.256,1.2593,1.2537,1.2571,1885384.6
1757588400000,1.257,1.2728,1.2436,1.2472,6161000.5
1757592000000,1.2472,1.2664,1.2129,1.2424,11581064.2
1757595600000,1.2423,1.2519,1.2254,1.2516,3589129.1
1757599200000,1.2517,1.253,1.2289,1.2388,2143423.3
1757602800000,1.2388,1.2463,1.2333,1.2356,1280776.7
1757606400000,1.2357,1.2514,1.2352,1.2437,1693935.8
1757610000000,1.2436,1.2546,1.2425,1.2542,1318198.9
1757613600000,1.2542,1.2561,1.2464,1.2494,954973.5
1757617200000,1.2494,1.2566,1.2466,1.2552,711204.4
1757620800000,1.2552,1.258,1.2507,1.2561,727643.3
1757624400000,1.2559,1.2671,1.2548,1.2666,776056.3
1757628000000,1.2666,1.2848,1.2666,1.2762,3527269.7
1757631600000,1.2762,1.2861,1.2762,1.2837,1562383.0
1757635200000,1.2839,1.3049,1.2792,1.2888,2973564.4
1757638800000,1.2889,1.2976,1.2858,1.2892,1612308.8
1757642400000,1.2893,1.3018,1.2889,1.2968,1426571.2
1757646000000,1.2968,1.2978,1.2863,1.2927,1391109.1
1757649600000,1.2925,1.2939,1.2793,1.2924,1784642.9
1757653200000,1.2923,1.3065,1.2914,1.3011,1562575.9
1757656800000,1.3011,1.3128,1.2959,1.3009,1935784.6
1757660400000,1.3009,1.3112,1.298,1.3,1287743.4
1757664000000,1.3,1.3015,1.2852,1.2867,2216485.6
1757667600000,1.2867,1.288,1.2681,1.2736,2439249.8
1757671200000,1.2734,1.2768,1.2644,1.2757,2275852.3
1757674800000,1.2756,1.2802,1.2681,1.269,1142926.1
1757678400000,1.2691,1.2837,1.2603,1.282,1876675.4
1757682000000,1.282,1.2898,1.2757,1.2881,1692843.9
1757685600000,1.288,1.2947,1.2752,1.2841,1974271.2
1757689200000,1.2842,1.2842,1.2699,1.2792,1819149.9
1757692800000,1.2792,1.2986,1.2763,1.2979,1646695.6
1757696400000,1.2979,1.3195,1.2914,1.3142,3156898.2
1757700000000,1.3142,1.3239,1.3094,1.3231,1635051.3
1757703600000,1.323,1.3295,1.3168,1.3289,1447977.7
1757707200000,1.3289,1.3351,1.3168,1.3295,3118459.5
1757710800000,1.3295,1.3325,1.3215,1.3221,1315306.2
1757714400000,1.3221,1.3433,1.3221,1.3339,1818796.9
1757718000000,1.3339,1.3341,1.3254,1.3309,1057203.1
1757721600000,1.3308,1.3348,1.318,1.3221,2041355.9
1757725200000,1.3222,1.3279,1.3102,1.3103,2104847.5
1757728800000,1.3102,1.3109,1.3022,1.3088,1893645.0
1757732400000,1.3087,1.3164,1.3079,1.3139,1173638.9
1757736000000,1.3139,1.3181,1.3054,1.3066,1031916.9
1757739600000,1.3065,1.3097,1.3013,1.3081,1202362.5
1757743200000,1.3082,1.3147,1.3076,1.3117,946912.2
1757746800000,1.3115,1.3128,1.3092,1.3119,607288.9
1757750400000,1.3119,1.3277,1.3114,1.3267,1572475.0
1757754000000,1.3266,1.3491,1.3265,1.344,3687927.9
1757757600000,1.3437,1.3585,1.3383,1.3548,3583805.6
1757761200000,1.3549,1.3998,1.3527,1.3901,6683322.5
1757764800000,1.39,1.409,1.3708,1.4029,3496825.9
1757768400000,1.403,1.4072,1.347,1.3727,6199713.9
1757772000000,1.3726,1.3833,1.3543,1.3702,3511530.8
1757775600000,1.3702,1.3833,1.351,1.3568,2483940.0
1757779200000,1.3568,1.364,1.3377,1.348,2880730.1
1757782800000,1.3479,1.3519,1.3312,1.35,2659990.2
1757786400000,1.3499,1.3514,1.3376,1.3501,1395035.7
1757790000000,1.3502,1.3521,1.3416,1.3437,865065.1
1757793600000,1.3437,1.366,1.3422,1.3627,2175578.5
1757797200000,1.3627,1.3675,1.3547,1.3569,950787.5
1757800800000,1.357,1.3589,1.3464,1.3502,1086836.1
1757804400000,1.3501,1.3624,1.3498,1.3602,890242.8
1757808000000,1.36,1.3618,1.3439,1.3472,1287101.9
1757811600000,1.3471,1.3471,1.3174,1.336,2884620.8
1757815200000,1.3362,1.3468,1.3323,1.3389,1401992.3
1757818800000,1.339,1.3407,1.3159,1.3176,1659370.1
1757822400000,1.3177,1.3211,1.304,1.3173,2250498.4
1757826000000,1.3172,1.3317,1.3163,1.3286,1107058.0
1757829600000,1.3285,1.3341,1.313,1.3226,1669877.2
1757833200000,1.3225,1.3292,1.3148,1.32,1708740.0
1757836800000,1.3201,1.3266,1.3133,1.3191,1252253.3
1757840400000,1.319,1.3288,1.3154,1.3249,1026106.7
1757844000000,1.3248,1.326,1.3172,1.3233,1111998.5
1757847600000,1.3233,1.3243,1.2842,1.2907,5002630.4
1757851200000,1.2909,1.2991,1.2723,1.2814,3368841.5
1757854800000,1.2815,1.2875,1.2687,1.2751,2138371.2
1757858400000,1.2751,1.287,1.2535,1.2631,4625882.4
1757862000000,1.2632,1.2681,1.2518,1.2602,1932669.5
1757865600000,1.2604,1.2729,1.2575,1.2661,1489390.1
1757869200000,1.2661,1.2824,1.2633,1.2755,1767792.2
1757872800000,1.2754,1.2761,1.2648,1.2678,1579291.4
1757876400000,1.2677,1.2734,1.262,1.2666,1060828.6
1757880000000,1.2665,1.2784,1.2658,1.2711,1629564.3
1757883600000,1.2711,1.2853,1.2615,1.2824,1670389.2
1757887200000,1.2824,1.2896,1.2723,1.2851,1348604.1
1757890800000,1.285,1.2854,1.2658,1.2697,1288087.3
1757894400000,1.2698,1.2785,1.266,1.2665,1296467.0
1757898000000,1.2665,1.2738,1.2475,1.2689,2860712.5
1757901600000,1.2688,1.2779,1.264,1.2653,1290116.8
1757905200000,1.2654,1.2803,1.2644,1.277,1034433.1
1757908800000,1.2769,1.2876,1.2733,1.2738,1823220.3
1757912400000,1.2738,1.2918,1.2713,1.289,1550783.9
1757916000000,1.2892,1.2932,1.2528,1.2606,2504818.8
1757919600000,1.2606,1.2755,1.2354,1.2422,3769266.8
1757923200000,1.2422,1.2423,1.2067,1.2103,7986021.0
1757926800000,1.2102,1.2315,1.2082,1.2265,3472889.7
1757930400000,1.2264,1.2269,1.2128,1.2195,1720862.5
1757934000000,1.2196,1.2238,1.2119,1.2183,1344680.3
1757937600000,1.2182,1.2222,1.2055,1.2074,1641362.7
1757941200000,1.2073,1.2233,1.2058,1.2142,2935701.1
1757944800000,1.2145,1.2431,1.1983,1.2072,9014927.4
1757948400000,1.2072,1.2168,1.1914,1.2024,3306719.3
1757952000000,1.2024,1.2025,1.181,1.1862,2704821.6
1757955600000,1.1861,1.2013,1.1829,1.2006,1520155.8
1757959200000,1.2005,1.2082,1.1945,1.2053,1364615.4
1757962800000,1.2053,1.2155,1.2005,1.2108,1405433.6
1757966400000,1.2107,1.2243,1.2095,1.2221,1315754.0
1757970000000,1.2222,1.2298,1.221,1.2232,1575528.2
1757973600000,1.2232,1.2279,1.2196,1.226,792319.1
1757977200000,1.226,1.2288,1.2239,1.2248,688736.0
1757980800000,1.2247,1.2247,1.2155,1.2226,1142080.3
1757984400000,1.2226,1.2306,1.217,1.2189,1376027.7
1757988000000,1.219,1.2282,1.218,1.2205,1085161.7
1757991600000,1.2206,1.2268,1.2178,1.2182,845196.0
1757995200000,1.2183,1.2253,1.2069,1.2213,1513949.1
1757998800000,1.2212,1.236,1.2199,1.2356,1580234.6
1758002400000,1.2356,1.2386,1.2234,1.2277,2042126.5
1758006000000,1.2277,1.2369,1.2272,1.2309,1193783.0
1758009600000,1.2309,1.2444,1.2307,1.2387,1585115.3
1758013200000,1.2388,1.2434,1.2311,1.2424,1185267.6
1758016800000,1.2424,1.2466,1.2377,1.2381,1225226.8
1758020400000,1.2381,1.2395,1.2279,1.2306,1552390.0
1758024000000,1.2306,1.2347,1.2262,1.2318,1332081.4
1758027600000,1.2319,1.2474,1.2199,1.2331,4378196.5
1758031200000,1.2331,1.2336,1.2101,1.2322,2344534.3
1758034800000,1.2323,1.2434,1.2234,1.2433,1875206.9
1758038400000,1.2434,1.2448,1.2281,1.2325,1787411.4
1758042000000,1.2325,1.255,1.2318,1.2472,2626428.7
1758045600000,1.2471,1.2557,1.2372,1.2435,1562887.4
1758049200000,1.2436,1.2478,1.2386,1.2463,870098.6
1758052800000,1.2463,1.2491,1.2429,1.2461,780182.0
1758056400000,1.2461,1.25,1.2424,1.2495,896229.1
1758060000000,1.2495,1.2573,1.2453,1.2499,1265765.3
1758063600000,1.25,1.2506,1.2429,1.245,754216.8
1758067200000,1.245,1.2542,1.2396,1.2503,1373268.3
1758070800000,1.2504,1.2547,1.2388,1.2464,1437698.0
1758074400000,1.2463,1.2582,1.2416,1.2503,1423736.3
1758078000000,1.2503,1.2522,1.234,1.2347,1489176.1
1758081600000,1.2347,1.2414,1.2249,1.2301,1710985.3
1758085200000,1.2301,1.2457,1.2287,1.2457,1372245.6
1758088800000,1.2457,1.2528,1.2401,1.2508,1461512.0
1758092400000,1.2508,1.2516,1.2452,1.2476,795915.3
1758096000000,1.2476,1.2479,1.2294,1.2346,1747845.5
1758099600000,1.2345,1.2364,1.2262,1.2273,947011.4
1758103200000,1.2273,1.2304,1.2179,1.2241,1528167.7
1758106800000,1.2241,1.2367,1.2227,1.2329,888984.8
1758110400000,1.2329,1.2423,1.2255,1.2371,1331420.4
1758114000000,1.2372,1.2447,1.2332,1.2398,1058709.4
1758117600000,1.2399,1.2439,1.2271,1.2309,965537.8
1758121200000,1.231,1.2372,1.2264,1.2285,1088881.7
1758124800000,1.2286,1.2393,1.2166,1.2368,1841878.0
1758128400000,1.2368,1.2562,1.2262,1.2294,2615967.9
1758132000000,1.2286,1.2621,1.2233,1.2316,11339224.0
1758135600000,1.2316,1.2935,1.2304,1.2931,5677972.1
1758139200000,1.293,1.3221,1.2846,1.292,4984225.5
1758142800000,1.2919,1.3479,1.2758,1.3432,6162933.0
1758146400000,1.3431,1.3716,1.343,1.3711,5199504.7
1758150000000,1.371,1.3758,1.3517,1.3612,3057305.3
1758153600000,1.3612,1.3721,1.3379,1.3414,3274323.3
1758157200000,1.3413,1.3532,1.3346,1.3499,2046679.0
1758160800000,1.35,1.3513,1.3334,1.3492,1732963.2
1758164400000,1.3492,1.3582,1.3445,1.3475,2081262.1
1758168000000,1.3477,1.3515,1.3392,1.3467,1559217.8
1758171600000,1.3466,1.358,1.3404,1.3471,1370856.2
1758175200000,1.3472,1.3491,1.3213,1.3318,2962211.0
1758178800000,1.3318,1.349,1.3296,1.344,1363186.6
1758182400000,1.3439,1.3558,1.3378,1.354,1722856.2
1758186000000,1.354,1.3681,1.3506,1.3635,1797669.7
1758189600000,1.3636,1.368,1.3416,1.3506,2418221.3
1758193200000,1.3507,1.3552,1.3446,1.353,1194867.9
1758196800000,1.353,1.3683,1.3459,1.3629,1808988.9
1758200400000,1.363,1.3742,1.3494,1.3738,2988319.2
1758204000000,1.3737,1.3883,1.3683,1.376,2727247.6
1758207600000,1.376,1.3821,1.3591,1.3668,2551362.2
1758211200000,1.3668,1.3785,1.3657,1.3722,1605029.2
1758214800000,1.3722,1.3793,1.3636,1.365,2466328.6
1758218400000,1.3649,1.3722,1.3634,1.3717,1394666.9
1758222000000,1.3716,1.3721,1.3478,1.3577,2497150.1
1758225600000,1.3577,1.3657,1.3542,1.362,713473.2
1758229200000,1.3619,1.3647,1.3525,1.3614,917633.6
1758232800000,1.3613,1.3653,1.3503,1.3524,1785726.8
1758236400000,1.3525,1.3627,1.3419,1.3587,1784020.8
1758240000000,1.3587,1.3624,1.3494,1.3572,1287588.8
1758243600000,1.3571,1.364,1.3453,1.3491,1484056.0
1758247200000,1.349,1.3553,1.3424,1.3431,1472541.0
1758250800000,1.3432,1.3507,1.3228,1.3238,3109961.9
1758254400000,1.3236,1.3236,1.3025,1.3171,4251662.8
1758258000000,1.3173,1.3191,1.3067,1.3123,1214832.2
1758261600000,1.3122,1.3166,1.3047,1.3054,1274990.5
1758265200000,1.3053,1.3267,1.304,1.3173,1563771.7
1758268800000,1.3172,1.3298,1.316,1.323,1029223.2
1758272400000,1.3231,1.3303,1.2992,1.3054,2408461.9
1758276000000,1.3055,1.3108,1.3023,1.3076,1326771.7
1758279600000,1.3074,1.3083,1.2842,1.2906,2953038.4
1758283200000,1.2907,1.299,1.2843,1.2885,1889214.0
1758286800000,1.2885,1.3024,1.2882,1.298,1735950.7
1758290400000,1.298,1.2993,1.2754,1.282,2639452.1
1758294000000,1.282,1.2828,1.2597,1.2732,3393235.9
1758297600000,1.2733,1.2839,1.2718,1.2801,1427251.7
1758301200000,1.28,1.2805,1.2642,1.2651,1280544.2
1758304800000,1.2651,1.2675,1.2522,1.2617,1995020.1
1758308400000,1.2618,1.2678,1.2578,1.258,1045822.5
1758312000000,1.2582,1.266,1.2575,1.2598,840398.3
1758315600000,1.2598,1.2694,1.2553,1.2672,906892.5
1758319200000,1.2671,1.2712,1.2666,1.2675,488814.8
1758322800000,1.2675,1.2681,1.2467,1.258,1420584.1
1758326400000,1.2581,1.2656,1.2534,1.2626,904177.7
1758330000000,1.2627,1.2643,1.256,1.2585,953720.0
1758333600000,1.2585,1.2614,1.2434,1.2608,1718793.6
1758337200000,1.2607,1.2672,1.2556,1.2656,1234685.6
1758340800000,1.2656,1.2722,1.2617,1.2679,994373.0
1758344400000,1.268,1.2867,1.264,1.2825,1455836.1
1758348000000,1.2825,1.2849,1.2781,1.2836,994956.1
1758351600000,1.2836,1.2886,1.2793,1.2843,942788.8
1758355200000,1.2842,1.2922,1.2728,1.2736,1402263.0
1758358800000,1.2735,1.2793,1.2626,1.263,1390514.0
1758362400000,1.2631,1.2687,1.2573,1.2576,870316.5
1758366000000,1.2577,1.2657,1.2551,1.2654,828899.3
1758369600000,1.2655,1.2662,1.2607,1.2644,608467.8
1758373200000,1.2646,1.2704,1.2602,1.2651,837978.6
1758376800000,1.2651,1.2791,1.2578,1.2779,1432768.7
1758380400000,1.2779,1.2874,1.2725,1.2758,1654267.6
1758384000000,1.2758,1.2806,1.2674,1.2762,979408.2
1758387600000,1.2762,1.2775,1.2628,1.2675,1013841.4
1758391200000,1.2676,1.2676,1.2571,1.2614,931268.4
1758394800000,1.2615,1.266,1.2574,1.2604,573187.5
1758398400000,1.2603,1.27,1.2585,1.267,596224.0
1758402000000,1.2669,1.272,1.264,1.2647,548007.3
1758405600000,1.2647,1.2669,1.2617,1.2644,503353.3
1758409200000,1.2644,1.2645,1.257,1.2605,556212.4
1758412800000,1.2605,1.2738,1.257,1.2716,854014.3
1758416400000,1.2717,1.2732,1.2608,1.261,687897.6
1758420000000,1.2609,1.271,1.2577,1.2672,1078325.6
1758423600000,1.2673,1.2681,1.2633,1.2648,543891.6
1758427200000,1.2649,1.2657,1.2573,1.2584,738422.1
1758430800000,1.2584,1.2679,1.2564,1.2676,987075.1
1758434400000,1.2677,1.2707,1.2608,1.2611,886592.4
1758438000000,1.2611,1.2649,1.2577,1.2605,743134.9
1758441600000,1.2606,1.2632,1.2503,1.2556,1160534.5
1758445200000,1.2557,1.257,1.23,1.2412,3295337.3
1758448800000,1.2411,1.2436,1.2346,1.2346,1187003.2
1758452400000,1.2346,1.2455,1.2327,1.2428,862726.3
1758456000000,1.2429,1.2559,1.2413,1.2464,1167902.2
1758459600000,1.2463,1.2595,1.2454,1.2567,1034293.9
1758463200000,1.2566,1.2627,1.248,1.248,1047101.4
1758466800000,1.248,1.2525,1.2406,1.2433,1590872.4
1758470400000,1.2434,1.2459,1.2235,1.2292,2258004.1
1758474000000,1.229,1.2399,1.2203,1.2396,1479729.7
1758477600000,1.2396,1.2433,1.2342,1.2432,980846.9
1758481200000,1.2432,1.2436,1.2305,1.2375,847266.3
1758484800000,1.2374,1.2399,1.2308,1.2316,669799.3
1758488400000,1.2316,1.236,1.2278,1.2331,655057.4
1758492000000,1.233,1.2379,1.2236,1.2368,924534.9
1758495600000,1.2368,1.237,1.2222,1.2225,864528.1
1758499200000,1.2224,1.2304,1.1794,1.1852,8496815.6
1758502800000,1.1851,1.2005,1.1792,1.1886,2808891.9
1758506400000,1.1888,1.1926,1.153,1.166,5108073.2
1758510000000,1.166,1.1736,1.1636,1.1685,1736171.3
1758513600000,1.1684,1.1757,1.1607,1.1664,1562746.9
1758517200000,1.1663,1.1681,1.1382,1.1386,2147004.4
1758520800000,1.1389,1.1416,1.035,1.1126,18912034.3
1758524400000,1.1126,1.1159,1.0995,1.1001,3325397.0
1758528000000,1.1002,1.1113,1.092,1.1077,2489132.3
1758531600000,1.1077,1.1083,1.0872,1.0886,2459270.9
1758535200000,1.0885,1.1025,1.0866,1.1003,1839604.3
1758538800000,1.1002,1.1038,1.0879,1.091,1655508.8
1758542400000,1.0911,1.1007,1.0865,1.0961,1640932.2
1758546000000,1.0961,1.1063,1.0892,1.106,2038382.4
1758549600000,1.1059,1.1121,1.0918,1.0953,2497672.0
1758553200000,1.0953,1.0978,1.0814,1.0845,2025213.9
1758556800000,1.0846,1.0919,1.0767,1.0818,2211999.9
1758560400000,1.0818,1.0902,1.075,1.0843,2115070.7
1758564000000,1.0841,1.0895,1.0808,1.0821,1303203.8
1758567600000,1.0821,1.0877,1.0723,1.0761,2280731.1
1758571200000,1.0761,1.0954,1.0749,1.0914,2182326.6
1758574800000,1.0912,1.1027,1.0896,1.1026,1229588.3
1758578400000,1.1025,1.1113,1.0998,1.1095,1245993.0
1758582000000,1.1095,1.1183,1.109,1.1154,1351367.7
1758585600000,1.1153,1.1172,1.1046,1.1059,1373405.5
1758589200000,1.1059,1.1067,1.0912,1.0915,1654899.4
1758592800000,1.0916,1.0974,1.0806,1.0809,1621744.5
1758596400000,1.0809,1.1091,1.0744,1.0964,3480525.5
1758600000000,1.0963,1.0988,1.0816,1.0846,1754463.6
1758603600000,1.0845,1.1018,1.0811,1.0911,4078195.7
1758607200000,1.0912,1.1098,1.0906,1.1047,2848050.5
1758610800000,1.1046,1.1085,1.0964,1.1013,2091840.7
1758614400000,1.1014,1.1112,1.0978,1.1108,1522860.2
1758618000000,1.1107,1.1158,1.0985,1.1026,2046518.0
1758621600000,1.1026,1.1124,1.1007,1.1084,1167112.6
1758625200000,1.1084,1.1136,1.1014,1.1092,1077479.1
1758628800000,1.1091,1.116,1.1069,1.109,1605971.6
1758632400000,1.109,1.1096,1.0986,1.1025,2192943.0
1758636000000,1.1026,1.1138,1.0985,1.1004,2814486.4
1758639600000,1.1004,1.1135,1.0923,1.1057,1993103.5
1758643200000,1.1056,1.1185,1.0994,1.1121,2496236.4
1758646800000,1.112,1.1135,1.0914,1.0933,1950803.1
1758650400000,1.0933,1.0983,1.0831,1.0864,2035173.0
1758654000000,1.0863,1.0976,1.0808,1.0834,1615709.2
1758657600000,1.0834,1.0936,1.0798,1.0935,1411935.1
1758661200000,1.0934,1.1001,1.0875,1.0967,831131.4
1758664800000,1.0967,1.1007,1.0884,1.0889,1018467.9
1758668400000,1.0889,1.0923,1.0806,1.0839,972475.1
1758672000000,1.084,1.0961,1.084,1.0878,1579767.8
1758675600000,1.0878,1.0998,1.084,1.0972,1116517.3
1758679200000,1.0972,1.0987,1.0836,1.0903,2135754.3
1758682800000,1.0902,1.0934,1.0658,1.0671,4088369.0
1758686400000,1.067,1.0887,1.05,1.0782,6263786.6
1758690000000,1.0783,1.0996,1.077,1.0961,2438556.2
1758693600000,1.0961,1.1032,1.0926,1.1,3587532.2
1758697200000,1.1001,1.1036,1.0936,1.1031,2163943.5
1758700800000,1.1032,1.1087,1.1001,1.1065,3200677.8
1758704400000,1.1066,1.1136,1.1041,1.1117,1366575.7
1758708000000,1.1117,1.1152,1.1055,1.1125,1720738.7
1758711600000,1.1125,1.117,1.1062,1.1086,1655698.5
1758715200000,1.1083,1.1126,1.1011,1.1057,1560859.0
1758718800000,1.1057,1.1097,1.0941,1.0946,2114391.6
1758722400000,1.0945,1.1152,1.0942,1.1067,2164209.0
1758726000000,1.1067,1.109,1.0946,1.0961,1808022.6
1758729600000,1.0962,1.0968,1.0907,1.0927,1656653.9
1758733200000,1.0927,1.1018,1.0923,1.0959,1119392.4
1758736800000,1.0958,1.0976,1.0888,1.0896,1191372.0
1758740400000,1.0895,1.091,1.0831,1.0887,1521658.2
1758744000000,1.0887,1.0918,1.0826,1.0892,1027090.5
1758747600000,1.0891,1.0897,1.0772,1.0801,591749.8
1758751200000,1.08,1.0903,1.079,1.0876,1429004.7
1758754800000,1.0875,1.0914,1.0847,1.0891,1215978.7
1758758400000,1.0892,1.092,1.0739,1.0758,2773434.9
1758762000000,1.0757,1.0796,1.067,1.0709,2639281.8
1758765600000,1.0708,1.0841,1.0614,1.0759,3132868.2
1758769200000,1.0758,1.0759,1.0544,1.0669,2653626.1
1758772800000,1.0669,1.0706,1.0421,1.0486,3910854.8
1758776400000,1.0485,1.064,1.0415,1.0567,2492615.6
1758780000000,1.0567,1.0585,1.045,1.046,2163044.8
1758783600000,1.0459,1.0559,1.044,1.0477,1861863.2
1758787200000,1.0476,1.0565,1.0447,1.0501,1750696.5
1758790800000,1.05,1.0586,1.0436,1.0441,2673816.2
1758794400000,1.0441,1.0552,1.0429,1.0435,1795160.7
1758798000000,1.0436,1.0475,1.0336,1.0385,2154923.2
1758801600000,1.0384,1.0458,1.0135,1.0364,6786725.9
1758805200000,1.0361,1.0507,1.0282,1.0399,4480438.1
1758808800000,1.04,1.0595,1.04,1.0422,3469027.7
1758812400000,1.0422,1.0447,1.0336,1.0414,1828586.8
1758816000000,1.0415,1.043,1.0163,1.0183,2753045.2
1758819600000,1.0182,1.0189,0.9845,0.9924,9060778.0
1758823200000,0.9923,1.0251,0.986,1.0241,5729262.7
1758826800000,1.0243,1.0319,1.014,1.0153,2517063.0
1758830400000,1.0154,1.0179,0.9989,1.0017,1908622.6
1758834000000,1.0017,1.0149,0.9972,1.0091,2146259.7
1758837600000,1.0092,1.0161,0.9987,1.004,1323041.3
1758841200000,1.0041,1.0108,0.9885,0.9999,3450511.3
1758844800000,0.9997,1.0165,0.9972,1.0136,2991101.7
1758848400000,1.0136,1.0182,1.0078,1.0115,2335154.3
1758852000000,1.0114,1.0179,1.0058,1.0109,1543849.2
1758855600000,1.0112,1.02,1.008,1.0189,1694382.1
1758859200000,1.0189,1.0209,1.0085,1.0096,1384424.0
1758862800000,1.0096,1.0196,1.0062,1.0087,1451066.8
1758866400000,1.0089,1.0155,1.0021,1.0052,2279495.1
1758870000000,1.0054,1.013,0.9991,1.0105,1945028.8
1758873600000,1.0105,1.0141,1.0059,1.0064,1404341.0
1758877200000,1.0064,1.0117,0.9993,1.0049,1624029.0
1758880800000,1.005,1.0057,0.9896,0.9956,2958378.1
1758884400000,0.9955,1.0095,0.989,1.0052,2364642.2
1758888000000,1.0052,1.0209,0.9912,1.0106,4680315.9
1758891600000,1.0105,1.0257,1.002,1.0224,5001573.5
1758895200000,1.0222,1.0252,1.0069,1.0151,2974823.2
1758898800000,1.0152,1.0259,1.014,1.0228,1982796.3
1758902400000,1.0228,1.038,1.0221,1.0364,2270992.2
1758906000000,1.0363,1.0507,1.0331,1.0477,2967474.8
1758909600000,1.0477,1.0569,1.0469,1.0505,1765047.8
1758913200000,1.0505,1.0523,1.038,1.0444,2411411.7
1758916800000,1.0444,1.0484,1.0373,1.0401,1497280.4
1758920400000,1.04,1.0447,1.0366,1.0433,1211045.9
1758924000000,1.0434,1.0461,1.0413,1.0419,1015057.4
1758927600000,1.042,1.0452,1.039,1.0436,747287.7
1758931200000,1.0436,1.0442,1.0381,1.0432,937552.6
1758934800000,1.0432,1.0442,1.0369,1.0396,780538.7
1758938400000,1.0396,1.0419,1.0367,1.0373,1257794.5
1758942000000,1.0373,1.0472,1.0367,1.0422,1205323.5
1758945600000,1.0421,1.0475,1.0408,1.0419,838165.9
1758949200000,1.0419,1.0533,1.0373,1.05,1600916.2
1758952800000,1.05,1.0514,1.0425,1.0454,1106734.9
1758956400000,1.0455,1.048,1.0354,1.0379,1409788.7
1758960000000,1.0379,1.0386,1.0277,1.0281,2549351.7
1758963600000,1.0281,1.0305,1.0199,1.0288,2616604.2
1758967200000,1.0289,1.0356,1.027,1.0317,1119861.4
1758970800000,1.0318,1.0353,1.0291,1.0353,839707.8
1758974400000,1.0354,1.0468,1.0326,1.0435,3778252.9
1758978000000,1.0434,1.0436,1.0376,1.0389,1063617.5
1758981600000,1.0389,1.0419,1.0342,1.0352,1105143.2
1758985200000,1.0353,1.0431,1.0277,1.0422,1643180.8
1758988800000,1.0423,1.0426,1.0303,1.0314,1206333.7
1758992400000,1.0315,1.0322,1.0203,1.0283,2260314.3
1758996000000,1.0283,1.0293,1.023,1.0269,1142658.0
1758999600000,1.0269,1.0286,1.0236,1.0261,798375.8
1759003200000,1.0262,1.0287,1.0223,1.0238,731439.4
1759006800000,1.0239,1.0299,1.0221,1.0289,514925.7
1759010400000,1.0289,1.0371,1.0274,1.0286,1157458.0
1759014000000,1.0286,1.0315,1.022,1.0229,742692.7
1759017600000,1.023,1.0254,1.0151,1.0181,2012404.3
1759021200000,1.018,1.0191,1.0087,1.0118,1704626.5
1759024800000,1.0117,1.0168,1.0103,1.0133,784420.1
1759028400000,1.0134,1.0182,1.0125,1.0164,863032.0
1759032000000,1.0165,1.0172,1.0117,1.0131,659796.3
1759035600000,1.0131,1.0174,1.0103,1.0115,546113.6
1759039200000,1.0113,1.013,1.0038,1.0088,1138684.7
1759042800000,1.0088,1.013,1.0051,1.008,814413.8
1759046400000,1.008,1.0106,1.0029,1.0057,968635.6
1759050000000,1.0056,1.0085,1.0017,1.0038,908571.2
1759053600000,1.0038,1.0065,0.9986,1.0055,979169.9
1759057200000,1.0055,1.0061,0.9966,1.0007,1154366.5
1759060800000,1.0006,1.0007,0.991,0.9948,1656291.6
1759064400000,0.9948,1.0128,0.9937,1.0103,2044174.1
1759068000000,1.0104,1.0121,1.0043,1.0091,918013.7
1759071600000,1.0092,1.0159,1.0059,1.0156,1229925.0
1759075200000,1.0157,1.027,1.0156,1.0225,2017819.6
1759078800000,1.0225,1.0325,1.018,1.0266,1786391.2
1759082400000,1.0266,1.0318,1.0245,1.0317,1110961.4
1759086000000,1.0317,1.0367,1.0282,1.0314,1365345.6
1759089600000,1.0314,1.0424,1.0301,1.037,1409992.4
1759093200000,1.037,1.0406,1.0328,1.0354,653730.6
1759096800000,1.0354,1.0605,1.0354,1.0571,3406458.6
1759100400000,1.0571,1.0597,1.0507,1.0521,2092129.1
1759104000000,1.052,1.0529,1.0444,1.0482,1485825.1
1759107600000,1.0482,1.0513,1.0447,1.0453,905295.1
1759111200000,1.0453,1.052,1.0424,1.0466,1090675.1
1759114800000,1.0466,1.0529,1.042,1.0504,1461695.6
1759118400000,1.0505,1.0515,1.0398,1.0407,1103939.2
1759122000000,1.0408,1.0413,1.0328,1.0392,1497966.5
1759125600000,1.0393,1.0423,1.0341,1.0372,1189825.6
1759129200000,1.0371,1.0451,1.0341,1.0404,1063741.5
1759132800000,1.0403,1.0463,1.0367,1.042,1184495.7
1759136400000,1.0419,1.0454,1.0332,1.0362,1031820.3
1759140000000,1.036,1.0387,1.0255,1.0271,1178263.3
1759143600000,1.0271,1.0289,1.019,1.0273,1725377.3
1759147200000,1.0273,1.0332,1.0153,1.0158,1550335.4
1759150800000,1.0158,1.041,1.0072,1.0356,4370353.7
1759154400000,1.0357,1.0563,1.034,1.0521,4562933.3
1759158000000,1.0522,1.0547,1.0283,1.0298,3150571.0
1759161600000,1.0299,1.0388,1.0165,1.0174,2710249.9
1759165200000,1.0175,1.0256,1.0112,1.0239,2700578.3
1759168800000,1.024,1.0241,1.0153,1.0199,1215431.5
1759172400000,1.02,1.0363,1.0181,1.0347,1915686.9
1759176000000,1.0346,1.0544,1.034,1.0528,2703342.7
1759179600000,1.0529,1.0552,1.0441,1.0442,1627876.0
1759183200000,1.0442,1.0451,1.0347,1.0363,1215343.0
1759186800000,1.0363,1.0369,1.0273,1.0277,1005842.4
1759190400000,1.0277,1.0316,1.016,1.0195,3684137.0
1759194000000,1.0195,1.0267,1.0085,1.0164,2899408.6
1759197600000,1.0163,1.0195,1.0113,1.0122,1786129.4
1759201200000,1.0122,1.0239,1.0105,1.0168,1881002.5
1759204800000,1.0169,1.0245,1.013,1.0147,1918143.2
1759208400000,1.0145,1.0206,1.011,1.0171,1989250.2
1759212000000,1.0171,1.0191,1.009,1.0126,2555973.2
1759215600000,1.0126,1.0174,1.0034,1.0079,2602720.4
1759219200000,1.0079,1.0122,1.0044,1.0065,1556091.6
1759222800000,1.0064,1.0124,1.0011,1.0042,2212903.0
1759226400000,1.0043,1.01,1.0015,1.0041,1923124.8
1759230000000,1.0041,1.0089,0.9993,1.0071,1754832.4
1759233600000,1.007,1.0094,0.9999,1.0007,1105381.1
1759237200000,1.0007,1.01,0.9942,1.0006,2409786.2
1759240800000,1.0006,1.0028,0.9914,0.9979,3418323.1
1759244400000,0.998,0.9984,0.973,0.9847,5742072.4
1759248000000,0.9847,0.9847,0.9731,0.9779,2220901.1
1759251600000,0.9779,0.9846,0.9753,0.9803,3035739.4
1759255200000,0.9804,0.9896,0.9776,0.9883,2463991.5
1759258800000,0.9882,1.0112,0.9825,1.007,3634030.1
1759262400000,1.0072,1.0222,1.0044,1.0174,4537143.2
1759266000000,1.0174,1.0242,1.0105,1.0106,2117550.8
1759269600000,1.0108,1.0209,1.0041,1.0054,1764923.6
1759273200000,1.0054,1.0125,1.0011,1.0124,1599052.8
1759276800000,1.0125,1.0163,1.0047,1.0121,1743636.4
1759280400000,1.0123,1.0239,1.0081,1.0232,2146798.4
1759284000000,1.0233,1.03,1.022,1.0234,2342970.3
1759287600000,1.0234,1.0262,1.0074,1.0076,1914244.8
1759291200000,1.0077,1.0237,1.0066,1.0156,2377865.4
1759294800000,1.0156,1.0255,1.0153,1.019,2301804.9
1759298400000,1.019,1.0213,1.0092,1.0106,2051395.1
1759302000000,1.0105,1.0255,1.0098,1.0201,2417310.0
1759305600000,1.02,1.0801,1.0194,1.0795,8801004.1
1759309200000,1.0796,1.1007,1.0779,1.099,6755507.2
1759312800000,1.0991,1.1027,1.0778,1.0803,4263481.9
1759316400000,1.0803,1.088,1.08,1.0854,1969465.7
1759320000000,1.0854,1.087,1.0683,1.069,3125150.4
1759323600000,1.0693,1.0777,1.065,1.0729,3042521.6
1759327200000,1.0729,1.0796,1.0684,1.0713,2197635.6
1759330800000,1.0714,1.0952,1.0694,1.0859,2646240.0
1759334400000,1.086,1.09,1.0746,1.0766,2137433.2
1759338000000,1.0766,1.0843,1.0745,1.0752,1618559.3
1759341600000,1.0752,1.0923,1.0749,1.0902,1298738.9
1759345200000,1.0901,1.093,1.0862,1.0886,1522446.4
1759348800000,1.0886,1.0901,1.0823,1.0851,1583174.6
1759352400000,1.0852,1.0855,1.0774,1.081,1008272.9
1759356000000,1.081,1.0874,1.0755,1.0813,1444966.8
1759359600000,1.0812,1.089,1.0795,1.0878,1393073.5
1759363200000,1.0879,1.0935,1.08,1.0823,2411808.2
1759366800000,1.0822,1.1037,1.079,1.1035,2970425.8
1759370400000,1.1034,1.1132,1.0944,1.104,2459468.3
1759374000000,1.1041,1.1089,1.1019,1.1071,1528423.9
1759377600000,1.1071,1.1125,1.1028,1.1112,1739525.2
1759381200000,1.1112,1.1159,1.1074,1.1094,1405085.0
1759384800000,1.1095,1.1189,1.1061,1.1183,2558016.5
1759388400000,1.1183,1.126,1.1108,1.114,2868087.1
1759392000000,1.1141,1.1266,1.1125,1.1241,2020543.3
1759395600000,1.124,1.1286,1.1188,1.1253,1308737.2
1759399200000,1.1253,1.1303,1.1188,1.128,1568459.1
1759402800000,1.128,1.147,1.1271,1.1397,3322252.0
1759406400000,1.1396,1.155,1.1293,1.1324,3067412.8
1759410000000,1.1324,1.1349,1.1115,1.126,5557823.3
1759413600000,1.1258,1.1268,1.0945,1.1027,4988961.7
1759417200000,1.1028,1.1215,1.094,1.121,3505804.6
1759420800000,1.121,1.1401,1.1193,1.1239,4172548.6
1759424400000,1.1239,1.1421,1.1204,1.1381,2188485.1
1759428000000,1.1381,1.1524,1.1381,1.1504,1923829.5
1759431600000,1.1501,1.1727,1.1489,1.1643,3630636.5
1759435200000,1.1645,1.1682,1.153,1.1621,2528678.7
1759438800000,1.1623,1.1689,1.1519,1.1652,2621136.0
1759442400000,1.1651,1.1702,1.1535,1.1559,1618059.4
1759446000000,1.1558,1.1609,1.1519,1.1594,1264412.1
1759449600000,1.1595,1.1597,1.14,1.1401,2229204.5
1759453200000,1.1401,1.1462,1.1299,1.1315,2109706.5
1759456800000,1.1314,1.1444,1.1299,1.1442,1833629.5
1759460400000,1.1441,1.1583,1.1339,1.1368,2984433.4
1759464000000,1.1367,1.1491,1.135,1.1462,1170122.8
1759467600000,1.1461,1.1461,1.1326,1.1363,1121920.4
1759471200000,1.1363,1.149,1.1308,1.1435,2015337.0
1759474800000,1.1436,1.1444,1.1325,1.1422,1487694.4
1759478400000,1.1421,1.1444,1.1312,1.1366,2730148.4
1759482000000,1.1365,1.1392,1.1282,1.1366,1442679.5
1759485600000,1.1367,1.1404,1.1328,1.1349,838513.5
1759489200000,1.1349,1.1362,1.127,1.1303,1011228.8
1759492800000,1.1304,1.1371,1.1263,1.1321,1105528.3
1759496400000,1.132,1.1342,1.107,1.1289,5064071.0
1759500000000,1.1288,1.1362,1.1127,1.1297,2826390.8
1759503600000,1.1296,1.1541,1.1217,1.1529,3098971.7
1759507200000,1.153,1.171,1.1466,1.1482,3916618.4
1759510800000,1.1478,1.1485,1.1178,1.1216,5844399.8
1759514400000,1.1217,1.1429,1.1159,1.1415,2592659.4
1759518000000,1.1415,1.1489,1.1357,1.1383,2166091.2
1759521600000,1.1383,1.1462,1.1295,1.1462,1194575.9
1759525200000,1.1462,1.1524,1.1413,1.1434,1128866.3
1759528800000,1.1435,1.15,1.1435,1.1461,794294.9
1759532400000,1.146,1.1469,1.1386,1.1403,730321.8
1759536000000,1.1404,1.1485,1.1341,1.1369,1479064.5
1759539600000,1.1369,1.1372,1.122,1.1247,1182423.4
1759543200000,1.1246,1.1336,1.1194,1.1264,1232522.0
1759546800000,1.1263,1.1283,1.1174,1.1232,1105887.6
1759550400000,1.1232,1.1277,1.1174,1.1218,853039.9
1759554000000,1.1218,1.1307,1.1194,1.1248,809899.4
1759557600000,1.1248,1.1422,1.1248,1.1387,1420016.4
1759561200000,1.1386,1.1397,1.1231,1.1257,1131252.4
1759564800000,1.1256,1.127,1.1101,1.115,1578222.1
1759568400000,1.115,1.1237,1.1063,1.1099,1815478.5
1759572000000,1.11,1.1162,1.1033,1.1047,1119949.6
1759575600000,1.1046,1.11,1.1019,1.1082,831990.8
1759579200000,1.1082,1.1138,1.104,1.1048,877928.7
1759582800000,1.1049,1.122,1.1039,1.1135,1305111.9
1759586400000,1.1134,1.1204,1.096,1.0965,1253621.8
1759590000000,1.0966,1.1009,1.0806,1.086,3301696.1
1759593600000,1.0861,1.0923,1.0786,1.0912,1414997.0
1759597200000,1.0911,1.0983,1.0879,1.0956,792193.8
1759600800000,1.0956,1.097,1.0902,1.0916,721791.2
1759604400000,1.0917,1.098,1.0917,1.0972,684052.1
1759608000000,1.0973,1.1028,1.0972,1.0975,916077.9
1759611600000,1.0975,1.1046,1.097,1.1004,541058.1
1759615200000,1.1005,1.1084,1.0991,1.1061,817861.3
1759618800000,1.1062,1.1187,1.1026,1.1078,1156030.4
1759622400000,1.1079,1.1133,1.0955,1.096,1088103.2
1759626000000,1.096,1.105,1.0951,1.1036,562356.4
1759629600000,1.1035,1.129,1.0986,1.1279,3053901.9
1759633200000,1.128,1.1342,1.1219,1.1229,2182550.2
1759636800000,1.1228,1.1429,1.1184,1.1349,3247843.2
1759640400000,1.1351,1.1418,1.13,1.1373,1519651.9
1759644000000,1.1374,1.1392,1.1309,1.1334,1081137.0
1759647600000,1.1334,1.1528,1.1332,1.1522,2110679.8
1759651200000,1.1523,1.1593,1.1487,1.1519,1864864.1
1759654800000,1.1518,1.1529,1.128,1.1324,2888212.7
1759658400000,1.1324,1.1342,1.1206,1.1269,2242198.4
1759662000000,1.1268,1.128,1.1158,1.1254,1342073.3
1759665600000,1.1254,1.1257,1.115,1.1156,1238782.8
1759669200000,1.1155,1.1257,1.1152,1.1216,914378.0
1759672800000,1.1216,1.1263,1.1074,1.113,1371027.8
1759676400000,1.1129,1.121,1.1115,1.1184,952630.8
1759680000000,1.1184,1.1221,1.1052,1.1164,1488990.1
1759683600000,1.1165,1.119,1.0969,1.0996,1598556.9
1759687200000,1.0996,1.1027,1.0927,1.0967,1453283.0
1759690800000,1.0967,1.0978,1.08,1.0818,1556606.0
1759694400000,1.0819,1.0896,1.0733,1.0866,1952155.7
1759698000000,1.0865,1.0883,1.083,1.0865,757791.4
1759701600000,1.0865,1.0925,1.0818,1.0882,893028.1
1759705200000,1.0881,1.0905,1.0836,1.0844,818501.0
1759708800000,1.0844,1.0956,1.0733,1.0767,3089875.0
1759712400000,1.0766,1.0992,1.0714,1.0898,1964912.3
1759716000000,1.0897,1.1008,1.0816,1.0952,1415122.0
1759719600000,1.0951,1.1014,1.0933,1.0973,934749.3
1759723200000,1.0971,1.0991,1.0891,1.0903,1331075.2
1759726800000,1.0903,1.0982,1.0873,1.0969,1227430.7
1759730400000,1.0971,1.1125,1.0968,1.1112,1848892.7
1759734000000,1.1112,1.1165,1.0969,1.101,2050319.7
1759737600000,1.1011,1.1168,1.1009,1.1156,1639002.6
1759741200000,1.1157,1.1243,1.1144,1.1205,1615838.6
1759744800000,1.1204,1.1231,1.1118,1.1199,1573996.1
1759748400000,1.1198,1.1284,1.114,1.1191,1810653.1
1759752000000,1.1192,1.1312,1.1189,1.1297,1684958.0
1759755600000,1.1296,1.1409,1.1242,1.1406,2898236.5
1759759200000,1.1407,1.1446,1.1311,1.1348,3085844.9
1759762800000,1.1348,1.1606,1.1347,1.1558,2958090.1
1759766400000,1.1557,1.164,1.1468,1.1594,3552884.7
1759770000000,1.1594,1.1751,1.1548,1.1653,3176484.9
1759773600000,1.1654,1.1796,1.1648,1.1766,2221592.7
1759777200000,1.1767,1.1771,1.1653,1.1714,1694149.9
1759780800000,1.1715,1.1761,1.1644,1.1709,1677711.6
1759784400000,1.1711,1.1755,1.162,1.1704,1364407.6
1759788000000,1.1706,1.1741,1.1657,1.1703,1046381.3
1759791600000,1.1703,1.1751,1.1654,1.1685,1458257.0
1759795200000,1.1685,1.1728,1.1658,1.1709,1081315.1
1759798800000,1.1708,1.1731,1.1558,1.1588,1860250.4
1759802400000,1.1588,1.1615,1.1518,1.1529,1292926.0
1759806000000,1.153,1.1588,1.15,1.1566,923616.5
1759809600000,1.1565,1.1827,1.1491,1.1744,2694639.3
1759813200000,1.1743,1.185,1.1684,1.1762,2353987.5
1759816800000,1.1762,1.1793,1.1435,1.1455,3106805.6
1759820400000,1.1456,1.1537,1.1373,1.1441,2614850.1
1759824000000,1.1442,1.1442,1.1209,1.1414,3439187.6
1759827600000,1.1413,1.1528,1.1396,1.146,1948943.2
1759831200000,1.1459,1.1668,1.1422,1.1658,2141005.1
1759834800000,1.1659,1.1684,1.1581,1.1635,2269658.7
1759838400000,1.1633,1.1754,1.1573,1.1701,2080601.5
1759842000000,1.1701,1.1777,1.1413,1.1533,5177437.0
1759845600000,1.1533,1.1566,1.1131,1.114,6050784.5
1759849200000,1.1141,1.1169,1.0868,1.0949,7892454.9
1759852800000,1.0949,1.115,1.0806,1.1079,5173360.6
1759856400000,1.1079,1.1127,1.0953,1.0954,1493444.6
1759860000000,1.0954,1.1,1.0921,1.0923,1265242.4
1759863600000,1.0922,1.0989,1.0869,1.0925,1713320.2
1759867200000,1.0926,1.1105,1.0909,1.1041,1839848.6
1759870800000,1.1041,1.1049,1.0914,1.0949,1092595.1
1759874400000,1.0948,1.1014,1.0909,1.0959,773554.4
1759878000000,1.0959,1.096,1.0816,1.0865,1308220.0
1759881600000,1.0865,1.0953,1.0811,1.0889,1665564.3
1759885200000,1.0889,1.0951,1.0857,1.089,1295669.0
1759888800000,1.0891,1.0935,1.0844,1.0867,1154211.8
1759892400000,1.0867,1.0873,1.0596,1.0656,3246910.9
1759896000000,1.0656,1.0751,1.0557,1.0735,2142454.9
1759899600000,1.0735,1.0735,1.0601,1.0667,1188710.9
1759903200000,1.0666,1.0688,1.0594,1.0662,1299051.8
1759906800000,1.0663,1.0736,1.064,1.0731,1332276.5
1759910400000,1.0733,1.0917,1.0733,1.0867,2129180.5
1759914000000,1.0868,1.0915,1.0777,1.0843,1206553.2
1759917600000,1.0843,1.0958,1.0835,1.092,1874033.6
1759921200000,1.092,1.0983,1.082,1.084,1045243.8
1759924800000,1.084,1.0907,1.0808,1.0888,1394988.2
1759928400000,1.0887,1.0988,1.0822,1.098,1951862.6
1759932000000,1.0979,1.1246,1.0888,1.094,4867787.1
1759935600000,1.094,1.1132,1.0924,1.1007,2253441.2
1759939200000,1.1008,1.1141,1.0973,1.1136,1650768.7
1759942800000,1.1135,1.1427,1.1105,1.1341,5089211.0
1759946400000,1.1343,1.1376,1.1223,1.13,2090466.8
1759950000000,1.1299,1.1313,1.1205,1.1233,1506853.7
1759953600000,1.1233,1.1254,1.1166,1.1181,1282327.8
1759957200000,1.118,1.1282,1.1172,1.1229,875584.0
1759960800000,1.1228,1.1392,1.1216,1.1252,2347881.1
1759964400000,1.1252,1.1307,1.1213,1.1264,1079758.8
1759968000000,1.1264,1.1301,1.1169,1.1175,1194176.5
1759971600000,1.1174,1.1191,1.1073,1.1142,1848297.1
1759975200000,1.1141,1.115,1.0729,1.0764,3186427.8
1759978800000,1.0764,1.0974,1.0763,1.0927,1721862.3
1759982400000,1.0927,1.1026,1.0875,1.1013,1355407.8
1759986000000,1.1012,1.1055,1.091,1.0936,1086034.0
1759989600000,1.0937,1.094,1.0827,1.0841,1167687.6
1759993200000,1.084,1.0884,1.075,1.0786,1144368.4
1759996800000,1.0784,1.0803,1.0506,1.0529,3684880.2
1760000400000,1.0529,1.0641,1.0521,1.0605,1874859.8
1760004000000,1.0606,1.0699,1.0538,1.0651,1950406.1
1760007600000,1.0649,1.0728,1.0648,1.0663,1244781.1
1760011200000,1.0663,1.0845,1.0654,1.0802,1576868.9
1760014800000,1.0801,1.0815,1.0533,1.0545,2110363.6
1760018400000,1.0547,1.0603,1.0323,1.0473,4661788.6
1760022000000,1.0474,1.0549,1.033,1.0389,2178185.3
1760025600000,1.0388,1.0456,1.0251,1.0285,2392055.8
1760029200000,1.0285,1.0542,1.0276,1.0531,2857683.2
1760032800000,1.0532,1.0576,1.0459,1.0459,1539190.9
1760036400000,1.046,1.0558,1.0445,1.0529,1319399.3
1760040000000,1.053,1.0588,1.0496,1.0562,968844.0
1760043600000,1.0562,1.0618,1.0478,1.0525,2199850.4
1760047200000,1.0526,1.0639,1.0516,1.0597,1023990.5
1760050800000,1.0598,1.0602,1.0496,1.0514,917890.2
1760054400000,1.0515,1.0589,1.0506,1.0527,908468.9
1760058000000,1.0528,1.0633,1.0521,1.0584,878546.1
1760061600000,1.0585,1.0627,1.0499,1.0529,994484.6
1760065200000,1.0529,1.0789,1.0456,1.0681,2606382.3
1760068800000,1.0678,1.0735,1.0584,1.0633,1209874.9
1760072400000,1.0631,1.0764,1.0551,1.0764,1193640.1
1760076000000,1.0765,1.0792,1.0519,1.0549,1708595.8
1760079600000,1.055,1.0561,1.0485,1.0499,1468664.2
1760083200000,1.0497,1.062,1.0471,1.0603,1186656.2
1760086800000,1.0602,1.0685,1.0534,1.0576,1336467.5
1760090400000,1.0575,1.0666,1.0567,1.0627,958704.3
1760094000000,1.0627,1.0726,1.057,1.0694,1444059.8
1760097600000,1.0694,1.0763,1.067,1.0746,1583957.8
1760101200000,1.0745,1.0856,1.0691,1.0753,2711019.1
1760104800000,1.0753,1.0831,1.0482,1.0502,3816482.0
1760108400000,1.0502,1.0514,0.9884,0.9958,15673793.6
1760112000000,0.9958,1.009,0.9871,0.9912,5338262.5
1760115600000,0.9912,0.9983,0.9764,0.984,3047046.5
1760119200000,0.984,0.9895,0.9751,0.9758,2376297.4
1760122800000,0.9756,0.9793,0.938,0.9523,10011516.8
1760126400000,0.9524,0.9645,0.8403,0.8737,14346876.6
1760130000000,0.874,0.8902,0.2605,0.6536,62877684.4
1760133600000,0.6568,0.6973,0.5487,0.6773,44750158.0
1760137200000,0.6775,0.7511,0.6709,0.7213,18987916.0
1760140800000,0.7215,0.7415,0.7077,0.7287,11708405.2
1760144400000,0.7286,0.7321,0.6882,0.6933,9222223.6
1760148000000,0.6933,0.7488,0.6924,0.7404,6513889.4
1760151600000,0.7403,0.7413,0.7096,0.7223,5805661.2
1760155200000,0.7222,0.7351,0.716,0.7347,3836669.0
1760158800000,0.7347,0.7351,0.7088,0.715,4164905.4
1760162400000,0.7149,0.7287,0.7098,0.7132,4245990.6
1760166000000,0.7133,0.7246,0.7084,0.7189,3827106.7
1760169600000,0.7189,0.7466,0.7152,0.7441,4339150.1
1760173200000,0.7439,0.766,0.7387,0.7424,8565555.2
1760176800000,0.7423,0.7582,0.7409,0.747,3505635.8
1760180400000,0.7471,0.7487,0.7322,0.7457,2588534.8
1760184000000,0.7456,0.7486,0.7212,0.7291,3152885.2
1760187600000,0.7291,0.7353,0.713,0.7296,3821650.3
1760191200000,0.7297,0.7395,0.7235,0.7386,2635654.7
1760194800000,0.7385,0.7514,0.735,0.7418,4280238.1
1760198400000,0.7419,0.7501,0.7326,0.7357,2677824.9
1760202000000,0.7357,0.7443,0.7304,0.7395,1905235.9
1760205600000,0.7395,0.7397,0.7263,0.7267,2578837.2
1760209200000,0.7268,0.7268,0.6909,0.6976,4967429.8
1760212800000,0.6975,0.7005,0.6728,0.6792,5967045.3
1760216400000,0.6793,0.6944,0.6635,0.6908,4779068.7
1760220000000,0.6908,0.7034,0.6902,0.6993,3899557.2
1760223600000,0.6992,0.7062,0.6967,0.7047,2208273.5
1760227200000,0.7048,0.7071,0.6856,0.6878,3128520.4
1760230800000,0.6877,0.703,0.6796,0.6824,3511960.6
1760234400000,0.6824,0.6924,0.6746,0.6821,3676239.4
1760238000000,0.6822,0.7081,0.681,0.6975,5241518.2
1760241600000,0.6976,0.7141,0.6968,0.7093,2616086.4
1760245200000,0.7092,0.7132,0.7058,0.7064,1420173.7
1760248800000,0.7064,0.7203,0.7054,0.7165,1843874.5
1760252400000,0.7166,0.7192,0.709,0.7143,1402282.8
1760256000000,0.7144,0.7173,0.7058,0.7067,1253376.4
1760259600000,0.7067,0.7119,0.6976,0.7119,1897671.0
1760263200000,0.7119,0.7167,0.7034,0.7046,2067168.3
1760266800000,0.7046,0.7136,0.6982,0.706,4406689.2
1760270400000,0.7059,0.7186,0.7052,0.7107,2803378.5
1760274000000,0.7107,0.7133,0.6909,0.6926,3960416.2
1760277600000,0.6927,0.7444,0.6919,0.7331,10134642.3
1760281200000,0.7331,0.7734,0.7319,0.7695,10564738.2
1760284800000,0.7698,0.8089,0.7695,0.7944,8230954.9
1760288400000,0.7945,0.801,0.7819,0.793,3896052.3
1760292000000,0.7931,0.7976,0.7822,0.7878,2906209.5
1760295600000,0.7877,0.8117,0.7876,0.8108,2188311.1
1760299200000,0.811,0.8122,0.7978,0.8008,2162340.5
1760302800000,0.8009,0.8088,0.7803,0.7922,2904019.4
1760306400000,0.7923,0.8002,0.7828,0.7886,2154316.8
1760310000000,0.7886,0.7904,0.7764,0.788,2391511.1
1760313600000,0.788,0.7996,0.7749,0.7843,4161819.2
1760317200000,0.7842,0.7962,0.7779,0.7953,2142633.7
1760320800000,0.7952,0.7989,0.7844,0.7947,2385872.9
1760324400000,0.7948,0.7999,0.7832,0.7856,2689049.5
1760328000000,0.7856,0.789,0.7786,0.7876,1894590.6
1760331600000,0.7876,0.7893,0.7789,0.7806,1245828.4
1760335200000,0.7806,0.795,0.7758,0.7908,2300921.4
1760338800000,0.7908,0.8021,0.7849,0.7871,2664354.9
1760342400000,0.7871,0.806,0.7863,0.8015,2675274.5
1760346000000,0.8014,0.8065,0.7905,0.8063,2718995.0
1760349600000,0.8063,0.8098,0.7952,0.8027,3296077.5
1760353200000,0.8025,0.8027,0.7641,0.7812,8718157.1
1760356800000,0.7812,0.7996,0.7722,0.7842,4817695.5
1760360400000,0.7844,0.8189,0.7812,0.8113,14129860.3
1760364000000,0.8113,0.8395,0.8013,0.811,12300610.5
1760367600000,0.8109,0.8505,0.8098,0.8437,8798031.0
1760371200000,0.8436,0.8603,0.8362,0.8474,6969648.1
1760374800000,0.8475,0.8687,0.8413,0.8673,4673276.9
1760378400000,0.8673,0.8733,0.8516,0.858,4214763.6
1760382000000,0.8581,0.8744,0.8577,0.871,3638015.7
1760385600000,0.8709,0.8757,0.8653,0.875,2599211.7
1760389200000,0.875,0.8794,0.8646,0.8669,1763007.8
1760392800000,0.8668,0.8764,0.8662,0.8742,1504871.1
1760396400000,0.8743,0.8779,0.866,0.8699,1893085.5
1760400000000,0.87,0.8796,0.8613,0.8661,2549616.6
1760403600000,0.866,0.8691,0.8562,0.8621,2126379.2
1760407200000,0.862,0.8636,0.8454,0.8461,2730699.9
1760410800000,0.8463,0.8468,0.834,0.8357,2759426.9
1760414400000,0.8356,0.839,0.8114,0.8173,3980060.6
1760418000000,0.8172,0.829,0.8051,0.8094,3316770.2
1760421600000,0.8094,0.8156,0.7701,0.7847,7406321.2
1760425200000,0.7848,0.7945,0.7773,0.7811,3692512.2
1760428800000,0.7813,0.7954,0.7732,0.7868,3013026.4
1760432400000,0.7869,0.7915,0.7834,0.79,2170459.1
1760436000000,0.7899,0.79,0.76,0.7764,4154260.5
1760439600000,0.7768,0.7916,0.7763,0.7904,2785175.1
1760443200000,0.7905,0.7912,0.7719,0.7733,2090988.6
1760446800000,0.7733,0.7912,0.7667,0.7837,3849288.8
1760450400000,0.7837,0.805,0.7792,0.7917,4430156.1
1760454000000,0.7917,0.8183,0.7855,0.818,3252840.2
1760457600000,0.8181,0.8354,0.8074,0.8155,4433082.9
1760461200000,0.8158,0.8346,0.8029,0.8219,3422164.5
1760464800000,0.822,0.836,0.8189,0.8227,1617505.0
1760468400000,0.8227,0.8296,0.8014,0.8156,3781213.4
1760472000000,0.8157,0.8199,0.8096,0.8188,1470114.6
1760475600000,0.8189,0.8193,0.8098,0.8178,957657.1
1760479200000,0.8178,0.8269,0.8116,0.8159,1548252.8
1760482800000,0.8158,0.8224,0.8152,0.8192,1004337.7
1760486400000,0.8191,0.8221,0.8123,0.8173,1498052.2
1760490000000,0.8172,0.8185,0.804,0.8127,1297276.3
1760493600000,0.8126,0.827,0.8121,0.8163,1980536.5
1760497200000,0.8163,0.8184,0.8035,0.81,1134582.1
1760500800000,0.81,0.8242,0.8052,0.8204,1387013.4
1760504400000,0.8205,0.8237,0.81,0.8141,1401688.6
1760508000000,0.814,0.8214,0.8048,0.8162,1225773.1
1760511600000,0.8162,0.8206,0.8094,0.8197,1226018.8
1760515200000,0.8196,0.836,0.8179,0.8224,2189257.5
1760518800000,0.8223,0.8239,0.8101,0.812,1557421.7
1760522400000,0.8119,0.8179,0.807,0.8133,1237484.3
1760526000000,0.8132,0.8148,0.8014,0.8089,1047479.2
1760529600000,0.8089,0.811,0.7967,0.7996,1712569.6
1760533200000,0.7995,0.8041,0.7775,0.7933,4689199.4
1760536800000,0.7934,0.8066,0.7774,0.7835,3362237.4
1760540400000,0.7836,0.7908,0.7703,0.7773,3821036.7
1760544000000,0.7774,0.7813,0.7708,0.7749,1760101.4
1760547600000,0.775,0.7784,0.7644,0.7781,2518912.1
1760551200000,0.7779,0.7811,0.7711,0.7797,1252804.6
1760554800000,0.7797,0.7808,0.7674,0.7713,2065682.4
1760558400000,0.7713,0.7795,0.7562,0.7674,2846923.6
1760562000000,0.7674,0.7762,0.7606,0.7642,1858424.7
1760565600000,0.7643,0.7743,0.7633,0.7662,1286732.8
1760569200000,0.7662,0.7748,0.7653,0.7735,1230791.8
1760572800000,0.7735,0.7762,0.7677,0.7684,1205061.9
1760576400000,0.7684,0.7804,0.7679,0.7788,1194513.8
1760580000000,0.7788,0.7852,0.7757,0.7842,1052110.7
1760583600000,0.7842,0.8158,0.7804,0.7932,5484906.9
1760587200000,0.7931,0.8023,0.791,0.7915,1935500.6
1760590800000,0.7915,0.8197,0.7882,0.7998,4424658.6
1760594400000,0.7996,0.8213,0.7974,0.8181,1984044.2
1760598000000,0.8182,0.8222,0.8028,0.8064,2426893.6
1760601600000,0.8065,0.8113,0.7921,0.7927,1982034.4
1760605200000,0.7925,0.8144,0.7652,0.8084,8940995.9
1760608800000,0.8083,0.8238,0.7979,0.8191,6798581.2
1760612400000,0.819,0.8533,0.8184,0.8412,8600875.3
1760616000000,0.8411,0.8838,0.829,0.8439,21543656.2
1760619600000,0.8437,0.856,0.8303,0.8424,12495150.5
1760623200000,0.8424,0.846,0.8094,0.8143,12385720.2
1760626800000,0.8143,0.8172,0.7813,0.7851,7238077.9
1760630400000,0.785,0.8058,0.7676,0.8056,8665108.8
1760634000000,0.8057,0.806,0.7816,0.7865,6270485.3
1760637600000,0.7865,0.7949,0.774,0.7865,5126200.2
1760641200000,0.7867,0.7874,0.7571,0.7667,5310023.4
1760644800000,0.7667,0.7734,0.7518,0.759,3265069.1
1760648400000,0.759,0.7846,0.7571,0.7837,3209983.8
1760652000000,0.7834,0.7849,0.7577,0.7592,6741206.0
1760655600000,0.7592,0.7722,0.7578,0.7658,2972353.6
1760659200000,0.7658,0.7747,0.7644,0.7685,3440118.6
1760662800000,0.7686,0.778,0.7622,0.77,2670647.8
1760666400000,0.77,0.7803,0.7628,0.7777,1985425.2
1760670000000,0.7777,0.7856,0.7722,0.7769,1928676.8
1760673600000,0.7768,0.7773,0.7668,0.7699,1622696.7
1760677200000,0.7701,0.7767,0.7633,0.7651,1694983.4
1760680800000,0.7653,0.7705,0.7277,0.7333,8187286.9
1760684400000,0.7333,0.7352,0.7061,0.7099,8084506.4
1760688000000,0.71,0.7133,0.6941,0.6992,8204136.8
1760691600000,0.6993,0.734,0.6984,0.7149,5257729.6
1760695200000,0.7147,0.7252,0.705,0.7247,4917625.4
1760698800000,0.7247,0.7502,0.7242,0.747,6344927.6
1760702400000,0.7471,0.7506,0.7324,0.7333,3008702.3
1760706000000,0.7333,0.7447,0.7255,0.7371,4528300.5
1760709600000,0.7371,0.7405,0.7174,0.726,4285792.7
1760713200000,0.7261,0.7415,0.7202,0.7409,6416899.6
1760716800000,0.7413,0.7544,0.7332,0.7375,4588166.3
1760720400000,0.7376,0.7583,0.7376,0.7501,4030526.9
1760724000000,0.7502,0.7595,0.7458,0.7473,2278291.7
1760727600000,0.7475,0.7522,0.7401,0.7447,2145258.6
1760731200000,0.7447,0.7542,0.7417,0.7485,1266080.9
1760734800000,0.7485,0.7588,0.7478,0.757,1471328.1
1760738400000,0.7571,0.7579,0.7471,0.7521,1682961.5
1760742000000,0.7521,0.7524,0.7403,0.7417,1687868.8
1760745600000,0.7417,0.7457,0.7353,0.7449,2316626.0
1760749200000,0.745,0.7555,0.7447,0.7544,2297607.9
1760752800000,0.7545,0.7621,0.7511,0.7536,2115787.4
1760756400000,0.7536,0.7621,0.751,0.7616,1417857.9
1760760000000,0.7616,0.7623,0.7493,0.7509,1390787.7
1760763600000,0.7509,0.7639,0.748,0.7627,1785629.5
1760767200000,0.7628,0.7666,0.7544,0.7595,2183668.5
1760770800000,0.7596,0.7738,0.7547,0.7566,3154699.8
1760774400000,0.7565,0.7639,0.7549,0.7555,2984005.1
1760778000000,0.7555,0.7685,0.7554,0.761,2148119.1
1760781600000,0.7613,0.7636,0.7567,0.761,1202467.7
1760785200000,0.7609,0.7678,0.7581,0.7625,1361169.3
1760788800000,0.7625,0.7676,0.756,0.7571,1754196.2
1760792400000,0.7572,0.7574,0.749,0.7505,2757697.4
1760796000000,0.7506,0.7563,0.7437,0.7531,2344491.6
1760799600000,0.7531,0.7562,0.7459,0.75,1796606.3
1760803200000,0.75,0.7518,0.7379,0.7433,1741081.5
1760806800000,0.7434,0.7554,0.7394,0.7542,1468443.2
1760810400000,0.7542,0.7559,0.7493,0.7501,1030690.2
1760814000000,0.7501,0.7546,0.7485,0.7543,697997.2
1760817600000,0.7543,0.7605,0.7531,0.7539,1614492.9
1760821200000,0.7538,0.7568,0.7494,0.7558,760378.6
1760824800000,0.7558,0.757,0.7514,0.7523,654925.8
1760828400000,0.7522,0.7528,0.7505,0.7518,523257.3
1760832000000,0.7517,0.7529,0.7427,0.7452,962280.1
1760835600000,0.7454,0.75,0.7421,0.7492,836570.3
1760839200000,0.7492,0.7515,0.7447,0.7461,690949.6
1760842800000,0.746,0.7625,0.7448,0.76,1375347.5
1760846400000,0.7601,0.7742,0.7591,0.7599,2427369.9
1760850000000,0.76,0.7647,0.7566,0.7587,1303948.2
1760853600000,0.7587,0.761,0.7487,0.7529,1072598.0
1760857200000,0.7528,0.7593,0.7521,0.7575,998733.9
1760860800000,0.7577,0.7683,0.7476,0.7513,3669835.0
1760864400000,0.7513,0.7722,0.7441,0.7644,4332434.4
1760868000000,0.7644,0.7827,0.7598,0.7793,3600166.1
1760871600000,0.7792,0.7895,0.779,0.7853,2575587.6
1760875200000,0.7853,0.7989,0.781,0.7989,4235942.5
1760878800000,0.799,0.8078,0.7876,0.8043,3656031.0
1760882400000,0.8044,0.8065,0.7931,0.8021,2675012.9
1760886000000,0.802,0.803,0.7916,0.7938,1692243.5
1760889600000,0.7938,0.8005,0.7874,0.7972,1882434.6
1760893200000,0.7973,0.8057,0.7932,0.7966,2152346.3
1760896800000,0.7967,0.8024,0.7946,0.7989,1135392.1
1760900400000,0.799,0.7993,0.7935,0.7973,995905.3
1760904000000,0.7972,0.8014,0.7961,0.8008,1174724.9
1760907600000,0.8009,0.8029,0.7942,0.7978,1082662.2
1760911200000,0.7978,0.8022,0.7962,0.8009,857242.8
1760914800000,0.8009,0.8009,0.7884,0.7904,1653309.6
1760918400000,0.7903,0.7903,0.7724,0.7831,2682542.4
1760922000000,0.7832,0.7871,0.7785,0.7795,1363084.1
1760925600000,0.7794,0.7933,0.7735,0.7927,2309908.2
1760929200000,0.7928,0.8133,0.7857,0.8074,2961347.4
1760932800000,0.8074,0.8139,0.8053,0.8122,2699657.0
1760936400000,0.8122,0.8217,0.8087,0.8212,1797022.0
1760940000000,0.8213,0.8392,0.8196,0.8302,2889358.9
1760943600000,0.8301,0.8301,0.8176,0.821,1671478.1
1760947200000,0.8209,0.8225,0.8119,0.8139,1701725.7
1760950800000,0.8138,0.8139,0.8044,0.8083,2244937.9
1760954400000,0.8083,0.8141,0.8003,0.8028,1781999.8
1760958000000,0.8027,0.8104,0.7992,0.8081,1233913.3
1760961600000,0.808,0.8133,0.8055,0.8127,1221565.1
1760965200000,0.8127,0.8217,0.8081,0.8196,1675221.2
1760968800000,0.8197,0.822,0.8106,0.8183,1528513.0
1760972400000,0.8185,0.8202,0.8031,0.8036,2169130.6
1760976000000,0.8035,0.8035,0.7864,0.794,5600673.7
1760979600000,0.794,0.7989,0.7839,0.7901,1990327.3
1760983200000,0.7901,0.7941,0.7854,0.7934,1761573.9
1760986800000,0.7933,0.8049,0.7895,0.8001,1579843.7
1760990400000,0.8001,0.8035,0.7968,0.8015,1061285.4
1760994000000,0.8015,0.8069,0.7954,0.7968,1134175.6
1760997600000,0.7968,0.8164,0.7946,0.8025,2383694.0
1761001200000,0.8025,0.8028,0.7945,0.796,1642769.9
1761004800000,0.7961,0.8016,0.794,0.7992,1284331.7
1761008400000,0.7993,0.8002,0.786,0.7892,1545983.2
1761012000000,0.7892,0.7923,0.7835,0.7893,1323696.7
1761015600000,0.7894,0.7926,0.7847,0.7864,997808.0
1761019200000,0.7863,0.7877,0.7594,0.7613,4541814.2
1761022800000,0.7614,0.768,0.7586,0.7624,1987334.7
1761026400000,0.7624,0.7727,0.7606,0.7665,1554136.5
1761030000000,0.7664,0.7909,0.7633,0.7792,2826086.6
1761033600000,0.7793,0.7813,0.7671,0.7747,2356501.8
1761037200000,0.7747,0.7767,0.7683,0.7689,1289594.2
1761040800000,0.7689,0.7767,0.7672,0.7726,1741067.9
1761044400000,0.7725,0.7771,0.7686,0.7762,1176863.5
1761048000000,0.7762,0.7886,0.7731,0.7778,2649706.9
1761051600000,0.7779,0.7877,0.772,0.7774,2924434.2
1761055200000,0.7773,0.8264,0.7773,0.8251,6323106.1
1761058800000,0.8252,0.8509,0.8197,0.8463,6701743.6
1761062400000,0.8463,0.8493,0.8123,0.817,5874736.8
1761066000000,0.817,0.8274,0.8055,0.8224,5400521.1
1761069600000,0.8224,0.8241,0.811,0.8175,1495095.8
1761073200000,0.8174,0.8198,0.8129,0.8129,1042858.2
1761076800000,0.813,0.8144,0.7935,0.796,3538018.9
1761080400000,0.796,0.8019,0.7818,0.7977,2142951.0
1761084000000,0.7977,0.798,0.7732,0.7824,7150290.7
1761087600000,0.7824,0.7856,0.7692,0.7739,2165956.2
1761091200000,0.7739,0.783,0.7661,0.7698,2584233.4
1761094800000,0.7698,0.7756,0.7636,0.7692,3905003.3
1761098400000,0.7693,0.7756,0.7683,0.7707,833785.1
1761102000000,0.7707,0.7709,0.7618,0.7677,995092.1
1761105600000,0.7677,0.7759,0.767,0.7705,1569911.1
1761109200000,0.7705,0.7705,0.745,0.7563,4550571.0
1761112800000,0.7563,0.7587,0.7525,0.7526,1220401.7
1761116400000,0.7525,0.7622,0.7489,0.7611,2185269.4
1761120000000,0.761,0.7622,0.7555,0.7579,1240296.3
1761123600000,0.7579,0.7595,0.7515,0.7551,1767175.6
1761127200000,0.7551,0.7602,0.7522,0.7526,1050373.1
1761130800000,0.7526,0.7692,0.7429,0.7606,5023973.2
1761134400000,0.7603,0.765,0.7551,0.7607,1328912.8
1761138000000,0.7609,0.7729,0.7557,0.7711,3707194.7
1761141600000,0.7712,0.7712,0.7511,0.7706,4650484.7
1761145200000,0.7706,0.7742,0.7556,0.7638,3541971.9
1761148800000,0.7639,0.7656,0.7512,0.7552,3313268.6
1761152400000,0.7553,0.7575,0.7438,0.7475,2155366.2
1761156000000,0.7475,0.7506,0.7408,0.7429,1813101.8
1761159600000,0.7429,0.7535,0.7328,0.7417,2525522.3
1761163200000,0.7419,0.7443,0.73,0.7313,1961819.7
1761166800000,0.7313,0.7317,0.7068,0.7171,6007468.2
1761170400000,0.7171,0.7246,0.716,0.7199,2471524.4
1761174000000,0.7198,0.7373,0.7193,0.7349,2643618.5
1761177600000,0.735,0.7396,0.7298,0.7378,1413805.8
1761181200000,0.7378,0.7441,0.7368,0.7404,1493779.1
1761184800000,0.7404,0.7421,0.7385,0.7405,1096032.2
1761188400000,0.7404,0.746,0.7389,0.7429,956569.9
1761192000000,0.743,0.7538,0.7422,0.7509,1277227.7
1761195600000,0.751,0.7598,0.7509,0.7571,1844854.6
1761199200000,0.757,0.7697,0.7552,0.7681,2638900.8
1761202800000,0.7681,0.7686,0.7622,0.7641,1582838.2
1761206400000,0.7642,0.7749,0.7636,0.7714,1694804.0
1761210000000,0.7714,0.7732,0.7654,0.7695,1454240.7
1761213600000,0.7695,0.7722,0.7662,0.7662,1745324.9
1761217200000,0.7661,0.7683,0.7578,0.7597,1580254.5
1761220800000,0.7596,0.7618,0.7494,0.7617,2120139.6
1761224400000,0.7617,0.7731,0.7566,0.7674,2284502.3
1761228000000,0.7675,0.7714,0.7567,0.7714,2524529.7
1761231600000,0.7714,0.781,0.7673,0.7749,2729555.6
1761235200000,0.7749,0.7851,0.7705,0.7834,1840415.5
1761238800000,0.7835,0.7957,0.7722,0.7906,3089092.6
1761242400000,0.7907,0.792,0.778,0.7807,2303998.8
1761246000000,0.7808,0.7829,0.7744,0.7821,1315209.1
1761249600000,0.7822,0.783,0.7654,0.7691,1781983.1
1761253200000,0.7689,0.7739,0.7673,0.7708,1292877.4
1761256800000,0.7708,0.78,0.7705,0.7795,1235146.8
1761260400000,0.7795,0.7843,0.7787,0.7833,1010103.7
1761264000000,0.7833,0.7986,0.7789,0.7961,2945164.1
1761267600000,0.7962,0.7985,0.7809,0.7839,3117428.5
1761271200000,0.784,0.7864,0.7801,0.7828,1148354.1
1761274800000,0.783,0.7835,0.7767,0.7804,893379.3
1761278400000,0.7804,0.8028,0.7788,0.8006,2445036.6
1761282000000,0.8005,0.801,0.7955,0.8005,1938630.7
1761285600000,0.8006,0.8731,0.8005,0.8409,35818223.7
1761289200000,0.8408,0.8522,0.8263,0.8496,9744004.9
1761292800000,0.8496,0.9246,0.8376,0.9232,15524120.3
1761296400000,0.9232,0.9242,0.8463,0.8554,20028073.0
1761300000000,0.8553,0.8776,0.8446,0.8703,9520535.6
1761303600000,0.8703,0.8807,0.8585,0.8712,7089584.4
1761307200000,0.8712,0.9428,0.8711,0.908,24832307.1
1761310800000,0.9081,0.9184,0.8885,0.9053,14893567.5
1761314400000,0.9054,0.9222,0.8908,0.9081,15920356.6
1761318000000,0.908,0.9229,0.8902,0.8932,10935019.4
1761321600000,0.8934,0.8969,0.8708,0.8814,10447911.8
1761325200000,0.8815,0.897,0.8777,0.8923,4868796.9
1761328800000,0.8925,0.9173,0.8898,0.9163,6309273.4
1761332400000,0.9163,0.9259,0.9049,0.914,7043650.0
1761336000000,0.9137,0.9445,0.9134,0.9283,11013329.4
1761339600000,0.9283,0.9742,0.9204,0.9683,9064674.0
1761343200000,0.9689,0.9996,0.964,0.9727,19839647.1
1761346800000,0.9728,1.009,0.9699,1.0001,15542966.1
1761350400000,1.0001,1.0317,0.9702,1.008,28357408.5
1761354000000,1.008,1.0247,0.9805,0.9927,17002772.7
1761357600000,0.9926,1.1084,0.9922,1.0978,32439259.3
1761361200000,1.0979,1.0979,1.0099,1.0206,35091268.3
1761364800000,1.0205,1.058,1.0199,1.0548,14714552.9
1761368400000,1.0548,1.0848,1.0382,1.076,15094748.0
1761372000000,1.076,1.0882,1.0577,1.0658,15236277.1
1761375600000,1.0659,1.0976,1.0568,1.0788,14592054.6
1761379200000,1.0792,1.177,1.0781,1.1676,39397202.7
1761382800000,1.1676,1.2218,1.1581,1.1888,38298707.8
1761386400000,1.1889,1.1913,1.1435,1.151,31079654.8
1761390000000,1.151,1.179,1.1304,1.1483,18269291.6
1761393600000,1.1484,1.2358,1.1438,1.2275,30399607.2
1761397200000,1.2275,1.2791,1.2074,1.2526,47959702.2
1761400800000,1.2528,1.363,1.2442,1.3311,62001985.2
1761404400000,1.3312,1.3608,1.3042,1.3293,44712023.2
1761408000000,1.3293,1.3928,1.2649,1.3107,62460729.5
1761411600000,1.3108,1.3384,1.2948,1.3055,24618248.3
1761415200000,1.3055,1.3309,1.2808,1.3058,25520326.3
1761418800000,1.3057,1.31,1.2733,1.2881,18054089.6
1761422400000,1.2881,1.3167,1.2734,1.2861,15606694.2
1761426000000,1.286,1.3027,1.2702,1.2878,15829677.3
1761429600000,1.2877,1.2958,1.2511,1.2731,16880710.1
1761433200000,1.273,1.3174,1.2674,1.3154,13326790.2
1761436800000,1.3154,1.3274,1.2854,1.2877,22002679.4
1761440400000,1.2878,1.2923,1.2498,1.2592,16443726.0
1761444000000,1.2592,1.2606,1.22,1.2226,21428107.4
1761447600000,1.2227,1.2293,1.1768,1.192,20543019.5
1761451200000,1.1919,1.2175,1.1867,1.1961,15112693.2
1761454800000,1.1961,1.2196,1.1911,1.216,10412948.8
1761458400000,1.2159,1.2172,1.1737,1.1842,12802774.4
1761462000000,1.1843,1.2128,1.182,1.2114,9207371.4
1761465600000,1.2114,1.2213,1.1843,1.1872,10903643.9
1761469200000,1.1871,1.2174,1.1848,1.2142,11853157.1
1761472800000,1.2143,1.2274,1.2001,1.2136,9008582.6
1761476400000,1.2137,1.2941,1.2084,1.2823,28776034.2
1761480000000,1.2823,1.3238,1.2278,1.2357,31524119.0
1761483600000,1.2357,1.2409,1.208,1.2191,14258307.1
1761487200000,1.219,1.2359,1.2053,1.2333,10429892.3
1761490800000,1.2333,1.2589,1.2179,1.2291,13601617.4
1761494400000,1.2291,1.2432,1.2144,1.2286,9148715.1
1761498000000,1.2285,1.268,1.224,1.2669,8713152.4
1761501600000,1.2669,1.3391,1.2666,1.3181,17872042.2
1761505200000,1.3181,1.3355,1.3017,1.3121,11953586.6
1761508800000,1.312,1.3336,1.2821,1.3336,10673074.1
1761512400000,1.3335,1.444,1.3318,1.438,23154300.3
1761516000000,1.4379,1.5191,1.4261,1.4833,38516619.7
1761519600000,1.4833,1.5754,1.481,1.5104,34889103.7
1761523200000,1.5104,1.5559,1.4906,1.5278,22185877.4
1761526800000,1.5277,1.5947,1.5155,1.5897,17550096.3
1761530400000,1.5897,1.6463,1.5724,1.5972,25451650.8
1761534000000,1.5972,1.5984,1.5187,1.5397,23113530.3
1761537600000,1.5397,1.58,1.536,1.5629,14430636.9
1761541200000,1.5626,1.5839,1.5432,1.5536,9966563.5
1761544800000,1.5537,1.5562,1.48,1.4886,21234532.2
1761548400000,1.4886,1.4979,1.4536,1.4883,15196912.0
1761552000000,1.4882,1.5081,1.443,1.4489,17683464.1
1761555600000,1.449,1.4607,1.4356,1.454,11668754.0
1761559200000,1.4539,1.4679,1.4386,1.4615,9502923.3
1761562800000,1.4616,1.4648,1.405,1.4095,17488119.8
1761566400000,1.4096,1.4895,1.4061,1.4744,18848605.1
1761570000000,1.4742,1.4911,1.4482,1.4706,23322438.2
1761573600000,1.4705,1.4927,1.4521,1.4597,16233994.7
1761577200000,1.4597,1.5067,1.457,1.4719,12863383.1
1761580800000,1.4721,1.4984,1.461,1.4715,10894753.8
1761584400000,1.4714,1.4864,1.4659,1.4756,6167946.8
1761588000000,1.4755,1.4756,1.4337,1.4565,9355219.8
1761591600000,1.4566,1.4669,1.4383,1.4405,6020401.1
1761595200000,1.4406,1.4412,1.4239,1.4255,6622401.6
1761598800000,1.4255,1.4407,1.4175,1.4269,5294252.8
1761602400000,1.4269,1.4345,1.4001,1.4049,6710661.2
1761606000000,1.4049,1.4552,1.4041,1.4319,10080458.9
1761609600000,1.4319,1.4619,1.4071,1.4547,11932284.4
1761613200000,1.4547,1.4758,1.4124,1.414,9922455.6
1761616800000,1.4141,1.4244,1.381,1.4058,12428787.5
1761620400000,1.4058,1.4851,1.4028,1.4721,16275221.8
1761624000000,1.4722,1.4963,1.4453,1.4551,12046708.1
1761627600000,1.455,1.4745,1.4227,1.4496,8735983.7
1761631200000,1.4497,1.4685,1.4031,1.4041,9979171.6
1761634800000,1.4042,1.4144,1.36,1.3753,15179467.6
1761638400000,1.3752,1.4331,1.3708,1.4163,9421249.7
1761642000000,1.4163,1.4798,1.4156,1.4593,13044631.4
1761645600000,1.4597,1.589,1.4516,1.5804,21866768.1
1761649200000,1.5804,1.6837,1.562,1.5769,42356392.1
1761652800000,1.577,1.5817,1.3785,1.4558,65693133.5
1761656400000,1.4557,1.5192,1.4438,1.4724,25117240.9
1761660000000,1.4725,1.4889,1.4541,1.4727,16225356.6
1761663600000,1.4727,1.483,1.4247,1.4466,11237637.9
1761667200000,1.4466,1.4899,1.443,1.4705,12736685.8
1761670800000,1.4708,1.5188,1.4565,1.513,8713614.3
1761674400000,1.5129,1.5299,1.4956,1.524,7638728.2
1761678000000,1.524,1.5371,1.4711,1.4855,12338676.0
1761681600000,1.4852,1.4889,1.4438,1.4457,13071179.4
1761685200000,1.4457,1.5222,1.4365,1.4729,11405470.8
1761688800000,1.4729,1.5451,1.4657,1.5288,13048406.5
1761692400000,1.5287,1.5318,1.494,1.4954,7978760.7
1761696000000,1.4954,1.5431,1.4807,1.521,12588164.3
1761699600000,1.5209,1.5382,1.4957,1.5182,8416206.4
1761703200000,1.5182,1.54,1.4867,1.4916,12058164.0
1761706800000,1.4915,1.5026,1.4653,1.4683,6083707.0
1761710400000,1.4684,1.5281,1.466,1.5049,8260955.7
1761714000000,1.5049,1.5078,1.4591,1.4676,6819954.5
1761717600000,1.4675,1.4844,1.4473,1.4626,7023709.3
1761721200000,1.4626,1.4952,1.4511,1.4544,6293591.5
1761724800000,1.4545,1.4895,1.4314,1.462,9492735.4
1761728400000,1.462,1.4851,1.4489,1.4809,4842134.4
1761732000000,1.481,1.5322,1.4758,1.509,11957683.3
1761735600000,1.5091,1.5273,1.4661,1.5162,11779891.1
1761739200000,1.5161,1.5178,1.4829,1.4936,5694341.7
1761742800000,1.4936,1.5145,1.4711,1.4817,7946615.1
1761746400000,1.4818,1.4871,1.4521,1.4694,6997228.0
1761750000000,1.4696,1.4987,1.4604,1.4677,9594848.8
1761753600000,1.4677,1.5299,1.4578,1.522,10207416.1
1761757200000,1.5219,1.5689,1.5088,1.5516,16649196.3
1761760800000,1.5516,1.5564,1.4618,1.511,22010794.8
1761764400000,1.5111,1.5791,1.5104,1.5226,14826766.5
1761768000000,1.5226,1.5765,1.5047,1.5692,9035044.5
1761771600000,1.5692,1.5955,1.543,1.5695,7705997.2
1761775200000,1.5695,1.5714,1.5145,1.533,6466381.4
1761778800000,1.533,1.539,1.4823,1.5143,8362970.6
1761782400000,1.5144,1.53,1.486,1.498,9489831.1
1761786000000,1.4979,1.5196,1.4878,1.4986,6736328.8
1761789600000,1.4985,1.5543,1.4965,1.542,6862009.7
1761793200000,1.5422,1.5451,1.503,1.52,5728787.4
1761796800000,1.5201,1.5204,1.4406,1.4812,19491938.4
1761800400000,1.481,1.4848,1.4425,1.4538,8728102.3
1761804000000,1.4537,1.4537,1.4084,1.4353,10868740.6
1761807600000,1.4353,1.4959,1.4252,1.4928,10123267.1
1761811200000,1.4928,1.5118,1.4584,1.4609,9589676.3
1761814800000,1.4609,1.463,1.4176,1.4193,10368350.1
1761818400000,1.4194,1.431,1.3914,1.4097,9084557.9
1761822000000,1.4097,1.4169,1.3868,1.3889,7191937.8
1761825600000,1.3888,1.4008,1.3687,1.3827,11854159.4
1761829200000,1.3827,1.3989,1.3406,1.3543,16991204.4
1761832800000,1.3544,1.3754,1.3303,1.3385,11039113.2
1761836400000,1.3384,1.3491,1.3066,1.31,11768195.0
1761840000000,1.31,1.3196,1.2873,1.2971,12066180.2
1761843600000,1.2971,1.2988,1.2587,1.268,12740265.9
1761847200000,1.268,1.2802,1.2064,1.2221,15575908.7
1761850800000,1.2221,1.2512,1.2152,1.2384,10892675.8
1761854400000,1.2384,1.265,1.2325,1.2534,9743248.3
1761858000000,1.2533,1.2963,1.2399,1.2856,10071721.0
1761861600000,1.2855,1.3045,1.2611,1.2744,26105071.6
1761865200000,1.2745,1.2757,1.2512,1.2545,8344730.0
1761868800000,1.2546,1.323,1.2448,1.3158,14927848.5
1761872400000,1.3157,1.3548,1.3076,1.3404,15155360.5
1761876000000,1.3403,1.3403,1.3014,1.3149,9571621.9
1761879600000,1.315,1.3432,1.3087,1.325,5495068.6
1761883200000,1.325,1.3413,1.3106,1.3294,12181262.8
1761886800000,1.3296,1.3416,1.3173,1.3301,6611065.1
1761890400000,1.3302,1.36,1.3231,1.3274,8171804.4
1761894000000,1.3274,1.3588,1.3248,1.3533,6337968.6
1761897600000,1.3533,1.4154,1.3344,1.4142,12319432.0
1761901200000,1.4141,1.464,1.4073,1.4448,15508951.9
1761904800000,1.4449,1.4527,1.3996,1.4155,11305905.4
1761908400000,1.4156,1.4441,1.3951,1.4284,12029113.2
1761912000000,1.4283,1.4283,1.3554,1.3779,14759147.1
1761915600000,1.3778,1.4069,1.3667,1.4054,8969114.7
1761919200000,1.4054,1.4066,1.3636,1.4025,11343385.2
1761922800000,1.402,1.4024,1.3674,1.377,7779681.2
1761926400000,1.377,1.3794,1.3443,1.3496,9355529.2
1761930000000,1.3495,1.3654,1.3291,1.3594,11408113.5
1761933600000,1.3594,1.3797,1.3486,1.3604,7390345.6
1761937200000,1.3603,1.3896,1.3461,1.3787,5031212.8
1761940800000,1.3788,1.3957,1.3722,1.3785,3456137.8
1761944400000,1.3784,1.3862,1.3714,1.3741,2243942.6
1761948000000,1.3741,1.3741,1.3513,1.3681,3998650.1
1761951600000,1.368,1.3694,1.3583,1.3588,2107282.3
1761955200000,1.3588,1.4787,1.342,1.4686,21462875.6
1761958800000,1.4685,1.5912,1.4647,1.559,29427347.3
1761962400000,1.5591,1.6408,1.5106,1.6228,26510419.2
1761966000000,1.6225,1.78,1.6181,1.7617,43499894.3
1761969600000,1.7621,1.8276,1.7617,1.8055,35744929.9
1761973200000,1.8054,1.82,1.73,1.7859,32159976.0
1761976800000,1.7858,1.8081,1.7545,1.7732,21011444.9
1761980400000,1.7731,1.864,1.6522,1.7509,69542087.7
1761984000000,1.7509,1.7963,1.7118,1.776,31835414.5
1761987600000,1.7759,1.797,1.7384,1.7605,16564141.3
1761991200000,1.7605,1.7893,1.7462,1.7612,12022912.4
1761994800000,1.7613,1.825,1.7613,1.814,18592531.7
1761998400000,1.8141,1.88,1.8057,1.8429,32802014.1
1762002000000,1.8429,1.8513,1.7496,1.7658,30014168.5
1762005600000,1.7659,1.7787,1.6894,1.7047,26096789.8
1762009200000,1.7047,1.749,1.6482,1.7193,28717148.1
1762012800000,1.7193,1.7562,1.6998,1.7504,16381720.3
1762016400000,1.7504,1.7672,1.7348,1.7377,10047107.3
1762020000000,1.7376,1.8062,1.7342,1.7953,12207007.0
1762023600000,1.7953,1.8354,1.7732,1.8347,12892476.0
1762027200000,1.8347,1.9,1.8258,1.8656,18923316.7
1762030800000,1.8655,1.8847,1.7909,1.7923,14074104.3
1762034400000,1.7923,1.7954,1.7554,1.7844,13661088.2
1762038000000,1.7844,1.8527,1.775,1.8322,14979559.9
1762041600000,1.8322,1.8507,1.7796,1.8034,22454520.2
1762045200000,1.8034,1.8393,1.7873,1.8033,11600011.0
1762048800000,1.8033,1.84,1.7988,1.824,10778626.4
1762052400000,1.8241,1.8277,1.7624,1.778,11317186.7
1762056000000,1.778,1.8119,1.7698,1.7725,8959080.3
1762059600000,1.7725,1.7898,1.7006,1.7303,18047395.1
1762063200000,1.7303,1.7719,1.7282,1.7389,11856979.3
1762066800000,1.7389,1.7684,1.7373,1.7554,6518289.3
1762070400000,1.7555,1.7612,1.7161,1.7231,7786279.7
1762074000000,1.723,1.7476,1.6938,1.6983,9884615.9
1762077600000,1.6982,1.7094,1.6736,1.6791,10331107.2
1762081200000,1.6792,1.6948,1.6606,1.6805,7968301.5
1762084800000,1.6805,1.6995,1.6635,1.6725,8712774.0
1762088400000,1.6726,1.7061,1.6626,1.6894,9453280.6
1762092000000,1.6895,1.7004,1.6184,1.675,19240534.8
1762095600000,1.675,1.7034,1.6622,1.6765,12793475.0
1762099200000,1.6763,1.7012,1.6601,1.6777,8144589.8
1762102800000,1.6777,1.678,1.6424,1.6465,5195408.4
1762106400000,1.6466,1.651,1.6269,1.6392,6542738.4
1762110000000,1.6392,1.642,1.6048,1.6275,7336721.7
1762113600000,1.6275,1.6423,1.6222,1.6412,3409778.1
1762117200000,1.6412,1.6776,1.6338,1.6599,5707308.2
1762120800000,1.6598,1.6806,1.6395,1.6545,5324801.4
1762124400000,1.6546,1.6788,1.6546,1.6716,6905938.4
1762128000000,1.6715,1.6923,1.5779,1.5795,16609152.3
1762131600000,1.5794,1.6052,1.5568,1.5727,11795885.6
1762135200000,1.5727,1.5797,1.5383,1.5425,10432322.9
1762138800000,1.5424,1.5548,1.48,1.5124,15489922.6
1762142400000,1.5124,1.5572,1.4796,1.5544,22834173.4
1762146000000,1.5543,1.56,1.5169,1.523,12067392.0
1762149600000,1.5231,1.547,1.504,1.5295,8628630.3
1762153200000,1.5296,1.5515,1.5143,1.5369,8654648.5
1762156800000,1.5368,1.5423,1.4499,1.4904,17938401.4
1762160400000,1.4905,1.4957,1.4306,1.4411,12976436.8
1762164000000,1.4412,1.4641,1.4323,1.4394,8043386.1
1762167600000,1.4393,1.4715,1.4393,1.4573,7360212.1
1762171200000,1.4573,1.4596,1.4013,1.4079,11799783.0
1762174800000,1.4078,1.4275,1.3906,1.3945,13043650.5
1762178400000,1.3945,1.4383,1.3704,1.4351,16175154.8
1762182000000,1.4352,1.4379,1.3,1.3785,36107601.4
1762185600000,1.3786,1.4175,1.3714,1.4112,17079159.4
1762189200000,1.4112,1.499,1.406,1.4882,19944687.9
1762192800000,1.4881,1.4903,1.4508,1.462,9747127.0
1762196400000,1.462,1.4739,1.4371,1.4622,7437420.2
1762200000000,1.4623,1.4672,1.4199,1.4273,7976311.8
1762203600000,1.4272,1.4561,1.4148,1.4537,7499003.3
1762207200000,1.4536,1.4819,1.4337,1.4338,7798160.3
1762210800000,1.4339,1.4652,1.4207,1.4596,5439305.2
1762214400000,1.4596,1.4719,1.4155,1.4295,10677346.7
1762218000000,1.4295,1.4492,1.4187,1.4352,6488830.2
1762221600000,1.4352,1.4602,1.3995,1.4033,10080660.1
1762225200000,1.4033,1.4332,1.3986,1.42,7534507.8
1762228800000,1.42,1.4218,1.3786,1.3853,8826524.9
1762232400000,1.3854,1.4039,1.3473,1.3482,17644892.6
1762236000000,1.3483,1.3923,1.3359,1.3546,15270442.2
1762239600000,1.3545,1.3545,1.3158,1.3281,8917052.6
1762243200000,1.3281,1.3447,1.3085,1.3214,13422461.6
1762246800000,1.3214,1.3839,1.3208,1.3828,8914523.4
1762250400000,1.3826,1.3959,1.3633,1.372,7095286.1
1762254000000,1.372,1.389,1.3545,1.3595,6994476.2
1762257600000,1.3595,1.3638,1.326,1.3362,6300062.5
1762261200000,1.3362,1.3467,1.3012,1.3245,9765934.3
1762264800000,1.3244,1.4042,1.3135,1.3884,15876462.0
1762268400000,1.3884,1.4475,1.3833,1.3881,19099928.6
1762272000000,1.3881,1.4004,1.3614,1.3793,13508301.7
1762275600000,1.3794,1.3997,1.3377,1.3625,18562175.8
1762279200000,1.3625,1.3847,1.3305,1.3649,16442975.2
1762282800000,1.365,1.3843,1.324,1.3336,9959210.2
1762286400000,1.3336,1.3724,1.2765,1.3707,22698745.3
1762290000000,1.3707,1.3719,1.2745,1.3396,19447621.4
1762293600000,1.3396,1.4055,1.3258,1.3938,19351002.1
1762297200000,1.3938,1.3985,1.3487,1.3607,7282833.2
1762300800000,1.3608,1.3867,1.3134,1.335,11107676.8
1762304400000,1.335,1.338,1.2715,1.3277,14471690.9
1762308000000,1.3276,1.3572,1.3115,1.344,11158882.6
1762311600000,1.3441,1.3466,1.2998,1.314,10078831.7
1762315200000,1.314,1.3173,1.288,1.2974,6218162.9
1762318800000,1.2975,1.3331,1.2961,1.3058,5525945.3
1762322400000,1.3058,1.3139,1.2884,1.3056,5034729.3
1762326000000,1.3057,1.3074,1.275,1.2969,5596893.6
1762329600000,1.2969,1.2973,1.2501,1.2691,9311641.1
1762333200000,1.269,1.2947,1.2627,1.2912,6695154.4
1762336800000,1.2911,1.3038,1.2638,1.2667,5131752.3
1762340400000,1.2667,1.2881,1.2659,1.2816,3999829.0
1762344000000,1.2815,1.3024,1.268,1.2876,6736895.9
1762347600000,1.2875,1.3216,1.2787,1.321,8604815.9
1762351200000,1.321,1.3692,1.315,1.3538,16099428.6
1762354800000,1.3539,1.3706,1.3233,1.3682,8857670.7
1762358400000,1.368,1.3965,1.34,1.3877,8309083.8
1762362000000,1.3878,1.389,1.3587,1.3639,6577269.2
1762365600000,1.3638,1.4114,1.361,1.3928,8613482.3
1762369200000,1.3928,1.4366,1.3923,1.4232,10199937.2
1762372800000,1.4231,1.4292,1.3726,1.3844,6295994.9
1762376400000,1.3843,1.3852,1.3571,1.3673,5370749.7
1762380000000,1.3673,1.3904,1.3554,1.3771,3983449.0
1762383600000,1.3772,1.3906,1.3654,1.3838,5277901.5
1762387200000,1.3837,1.429,1.3622,1.3953,14662565.9
1762390800000,1.3952,1.3991,1.326,1.3351,12030312.9
1762394400000,1.335,1.3382,1.3134,1.3296,7238113.2
1762398000000,1.3296,1.3657,1.3241,1.352,5702034.5
1762401600000,1.352,1.3579,1.3315,1.3471,6056746.0
1762405200000,1.3471,1.3534,1.3076,1.3172,7861386.0
1762408800000,1.3171,1.321,1.2951,1.3089,5143055.1
1762412400000,1.3089,1.3139,1.2939,1.3033,4363283.8
1762416000000,1.3032,1.322,1.2613,1.2784,9285004.7
1762419600000,1.2783,1.2827,1.2635,1.2678,5198634.3
1762423200000,1.2678,1.2938,1.257,1.2824,6707585.3
1762426800000,1.2824,1.2895,1.2671,1.2818,4359813.1
1762430400000,1.2817,1.2827,1.2452,1.2487,6587222.0
1762434000000,1.2487,1.2818,1.2472,1.2602,8504092.3
1762437600000,1.2603,1.2729,1.2257,1.2281,11285651.6
1762441200000,1.228,1.2448,1.2036,1.2121,15688694.0
1762444800000,1.2121,1.2181,1.1802,1.1912,13522646.3
1762448400000,1.1911,1.2383,1.1834,1.231,10061427.4
1762452000000,1.231,1.2353,1.1998,1.2175,7374552.9
1762455600000,1.2175,1.224,1.1988,1.2091,5200088.4
1762459200000,1.2091,1.221,1.191,1.2048,5112262.1
1762462800000,1.2048,1.214,1.1956,1.2059,3449328.5
1762466400000,1.206,1.2099,1.177,1.1982,6795750.2
1762470000000,1.1981,1.1981,1.1666,1.192,6920035.4
1762473600000,1.192,1.2164,1.1732,1.2035,8261413.9
1762477200000,1.2037,1.2094,1.1808,1.2091,6744773.4
1762480800000,1.2091,1.211,1.1857,1.2048,5796698.0
1762484400000,1.2049,1.2494,1.2032,1.2465,8132317.5
1762488000000,1.2465,1.2985,1.2258,1.2904,14777092.6
1762491600000,1.2903,1.3677,1.2784,1.3507,16367287.0
1762495200000,1.3507,1.3689,1.3025,1.3207,15734364.8
1762498800000,1.3205,1.3594,1.312,1.3514,8518073.4
1762502400000,1.3513,1.3679,1.3289,1.3404,11407679.0
1762506000000,1.3404,1.3407,1.3041,1.3211,7024193.3
1762509600000,1.321,1.322,1.2728,1.29,10810078.4
1762513200000,1.2899,1.2932,1.2617,1.286,9938233.8
1762516800000,1.286,1.3473,1.2804,1.3194,16318547.1
1762520400000,1.3191,1.3435,1.3087,1.3339,8112785.5
1762524000000,1.3339,1.3963,1.317,1.3907,15213891.9
1762527600000,1.3907,1.4181,1.3646,1.3729,17206973.4
1762531200000,1.3729,1.4068,1.3395,1.3891,14811020.9
1762534800000,1.389,1.4447,1.3696,1.4121,16291384.7
1762538400000,1.4121,1.4625,1.4053,1.4434,12291143.4
1762542000000,1.4434,1.4715,1.43,1.4683,8625345.7
1762545600000,1.4682,1.5341,1.4671,1.4957,15891356.4
1762549200000,1.4958,1.4996,1.4674,1.4901,6041322.4
1762552800000,1.4904,1.551,1.4892,1.5236,8177338.2
1762556400000,1.5237,1.5333,1.4549,1.5043,8625517.6
1762560000000,1.5036,1.6069,1.4947,1.5072,28824108.7
1762563600000,1.5071,1.5471,1.4712,1.4836,13194780.3
1762567200000,1.4837,1.5291,1.4743,1.4883,7122171.8
1762570800000,1.4883,1.5166,1.4546,1.4597,6704418.3
1762574400000,1.4597,1.506,1.4597,1.4713,6409950.9
1762578000000,1.4712,1.477,1.4222,1.4613,10862842.5
1762581600000,1.4612,1.4732,1.435,1.4527,5989172.5
1762585200000,1.4526,1.4546,1.4139,1.4407,10527449.0
1762588800000,1.4408,1.4496,1.4239,1.4356,4015653.7
1762592400000,1.4356,1.4383,1.4083,1.4242,4746579.3
1762596000000,1.4243,1.4427,1.4182,1.4279,3470852.5
1762599600000,1.4278,1.4401,1.4124,1.4165,4599158.1
1762603200000,1.4165,1.4324,1.4165,1.4272,2657740.4
1762606800000,1.4273,1.4308,1.3938,1.3971,5883210.0
1762610400000,1.3971,1.422,1.3821,1.3989,7850340.0
1762614000000,1.399,1.4041,1.3523,1.3609,8692705.3
1762617600000,1.3609,1.3739,1.343,1.3651,6351955.7
1762621200000,1.3651,1.3781,1.3598,1.3754,3009516.1
1762624800000,1.3756,1.381,1.364,1.3737,2555484.0
1762628400000,1.3737,1.3786,1.3456,1.3556,2375354.2
1762632000000,1.3557,1.3629,1.344,1.3544,1670803.5
1762635600000,1.3544,1.3708,1.3472,1.3679,1894746.6
1762639200000,1.3679,1.38,1.3586,1.3771,1582636.5
1762642800000,1.3771,1.3846,1.3729,1.3744,2210075.4
1762646400000,1.3743,1.3746,1.3256,1.3326,6322034.7
1762650000000,1.3327,1.3418,1.321,1.3362,2885180.5
1762653600000,1.3362,1.3364,1.2937,1.2988,6139611.1
1762657200000,1.2988,1.3073,1.2836,1.3055,4747106.1
1762660800000,1.3055,1.3328,1.3023,1.3241,4040308.3
1762664400000,1.3242,1.3323,1.314,1.3183,2701290.2
1762668000000,1.3183,1.3213,1.2968,1.3093,2913558.9
1762671600000,1.3091,1.3332,1.3036,1.3239,3989870.6
1762675200000,1.3239,1.3336,1.3084,1.3293,3397858.2
1762678800000,1.3293,1.3474,1.314,1.3218,4121531.1
1762682400000,1.3218,1.3343,1.3055,1.3337,3969641.3
1762686000000,1.3337,1.3563,1.3322,1.334,4118734.4
1762689600000,1.334,1.3512,1.3274,1.3362,3398696.2
1762693200000,1.3362,1.3523,1.333,1.3438,3174469.1
1762696800000,1.3437,1.423,1.3375,1.3698,12556214.5
1762700400000,1.3698,1.4238,1.3697,1.3997,9584158.6
1762704000000,1.3997,1.4113,1.3774,1.3983,4268543.2
1762707600000,1.3982,1.4009,1.3815,1.3892,2437839.3
1762711200000,1.3891,1.4061,1.3811,1.4018,2247848.5
1762714800000,1.4018,1.4214,1.3961,1.4207,3663998.8
1762718400000,1.4206,1.4219,1.3853,1.3993,3887123.5
1762722000000,1.3994,1.4443,1.3986,1.4433,4448202.5
1762725600000,1.4433,1.4741,1.429,1.4516,6112678.0
1762729200000,1.4516,1.4716,1.4336,1.456,10096210.5
1762732800000,1.456,1.6302,1.4324,1.6054,22226651.5
1762736400000,1.6053,1.6394,1.5357,1.5751,17211425.0
1762740000000,1.5751,1.5771,1.529,1.5477,6368228.4
1762743600000,1.5478,1.5649,1.5131,1.5236,5541864.3
1762747200000,1.5237,1.5572,1.4932,1.5239,6894791.1
1762750800000,1.5239,1.5452,1.52,1.5332,4304043.0
1762754400000,1.5332,1.5582,1.5232,1.553,4487026.4
1762758000000,1.5529,1.5679,1.5437,1.5515,5001692.7
1762761600000,1.5515,1.5515,1.5024,1.5048,6410770.3
1762765200000,1.5048,1.5387,1.4993,1.5227,4471981.7
1762768800000,1.5228,1.5232,1.4719,1.4863,6488114.7
1762772400000,1.4864,1.4978,1.4777,1.4809,3749467.5
1762776000000,1.4808,1.4821,1.4636,1.4714,4326095.4
1762779600000,1.4714,1.4975,1.4697,1.4812,4473840.4
1762783200000,1.4812,1.4812,1.4229,1.4347,9227049.0
1762786800000,1.435,1.4481,1.4168,1.4251,6591937.5
1762790400000,1.425,1.4359,1.404,1.4118,5948919.8
1762794000000,1.4118,1.4422,1.4099,1.4414,3953301.2
1762797600000,1.4413,1.4654,1.4289,1.4476,5200332.7
1762801200000,1.4476,1.4784,1.4431,1.4666,4467105.1
1762804800000,1.4665,1.4842,1.4605,1.4705,3174873.3
1762808400000,1.4706,1.4721,1.4294,1.4426,3465615.0
1762812000000,1.4426,1.4804,1.4346,1.4718,3161695.0
1762815600000,1.4717,1.473,1.4527,1.4645,2474494.4
1762819200000,1.4646,1.4655,1.4184,1.4477,5309077.1
1762822800000,1.4478,1.4798,1.4314,1.4506,6090982.6
1762826400000,1.4506,1.4743,1.4342,1.4583,3758960.7
1762830000000,1.4583,1.4702,1.4569,1.4637,2423505.7
1762833600000,1.4636,1.465,1.4252,1.4337,3413963.1
1762837200000,1.4337,1.4349,1.3939,1.3991,6933698.0
1762840800000,1.399,1.4134,1.3887,1.403,5210639.4
1762844400000,1.4029,1.4057,1.3721,1.3743,6116075.4
1762848000000,1.3744,1.3854,1.3616,1.3703,4284488.6
1762851600000,1.3703,1.3808,1.3539,1.3572,4186348.0
1762855200000,1.3572,1.3625,1.3453,1.3507,2832491.8
1762858800000,1.3507,1.3772,1.3488,1.3674,4856352.8
1762862400000,1.3674,1.3837,1.3563,1.3641,4027758.2
1762866000000,1.3642,1.3773,1.3471,1.3521,3389912.2
1762869600000,1.3521,1.3794,1.3361,1.3738,6871344.1
1762873200000,1.3738,1.3739,1.3493,1.3649,4674937.5
1762876800000,1.3648,1.3846,1.3595,1.3727,3162456.7
1762880400000,1.3728,1.3827,1.3515,1.3639,2776806.0
1762884000000,1.3639,1.3695,1.3413,1.3465,2311069.7
1762887600000,1.3465,1.3492,1.3302,1.3368,2697578.0
1762891200000,1.3369,1.3394,1.3123,1.3168,4208516.1
1762894800000,1.3169,1.3326,1.3131,1.3246,2693009.5
1762898400000,1.3245,1.3575,1.319,1.353,3361702.3
1762902000000,1.353,1.3549,1.3324,1.3339,2439661.9
1762905600000,1.3339,1.3455,1.3067,1.3088,4972491.0
1762909200000,1.3088,1.3343,1.3077,1.3319,3386847.0
1762912800000,1.3319,1.3415,1.3155,1.3269,2642152.2
1762916400000,1.3269,1.3493,1.325,1.3438,2118235.8
1762920000000,1.3439,1.3492,1.3362,1.3413,1617134.9
1762923600000,1.3414,1.3442,1.3275,1.3368,1606101.5
1762927200000,1.3368,1.3811,1.3353,1.3731,4491585.1
1762930800000,1.3731,1.3933,1.3551,1.359,4895548.2
1762934400000,1.3591,1.4331,1.355,1.3974,9291881.6
1762938000000,1.3974,1.4214,1.3882,1.4126,5884148.0
1762941600000,1.4126,1.4584,1.409,1.4283,6533090.6
1762945200000,1.4283,1.4353,1.4031,1.4243,4805549.1
1762948800000,1.4242,1.4329,1.3927,1.394,4354545.9
1762952400000,1.3939,1.4122,1.3762,1.3986,5066905.9
1762956000000,1.3985,1.3985,1.3242,1.3371,9238983.3
1762959600000,1.337,1.3506,1.285,1.2936,13797019.7
1762963200000,1.2937,1.2952,1.2366,1.2499,20405061.3
1762966800000,1.2499,1.2843,1.2365,1.274,7751473.3
1762970400000,1.2739,1.2832,1.2635,1.2698,2967169.2
1762974000000,1.2698,1.2706,1.2284,1.2505,6206113.2
1762977600000,1.2506,1.2799,1.245,1.2646,3647743.2
1762981200000,1.2647,1.2719,1.2574,1.2637,2121521.5
1762984800000,1.2636,1.2712,1.2523,1.2691,2121997.8
1762988400000,1.269,1.2696,1.249,1.256,3283675.5
1762992000000,1.256,1.2788,1.2535,1.2746,4620949.5
1762995600000,1.2745,1.2862,1.2593,1.2628,4022535.4
1762999200000,1.2627,1.2811,1.2616,1.272,2165932.9
1763002800000,1.2721,1.3285,1.253,1.3096,9654226.6
1763006400000,1.3096,1.3259,1.2896,1.311,7307797.5
1763010000000,1.3111,1.3262,1.3027,1.3162,6388996.5
1763013600000,1.3163,1.3311,1.3102,1.3139,4406051.1
1763017200000,1.314,1.3207,1.2946,1.2998,3228590.0
1763020800000,1.2998,1.3163,1.2925,1.3065,4254904.6
1763024400000,1.3065,1.312,1.2911,1.2962,4185859.9
1763028000000,1.2963,1.3167,1.2912,1.2985,2530025.2
1763031600000,1.2984,1.3022,1.2865,1.2902,2642210.6
1763035200000,1.2902,1.3004,1.28,1.2921,4455335.8
1763038800000,1.2922,1.2971,1.2608,1.2706,4730699.9
1763042400000,1.2707,1.2932,1.2422,1.2748,9193672.8
1763046000000,1.2748,1.2814,1.2481,1.2598,5841394.3
1763049600000,1.2598,1.2628,1.2307,1.2359,4925315.7
1763053200000,1.2359,1.2404,1.2048,1.2082,6987679.1
1763056800000,1.2083,1.2185,1.1927,1.2039,8204410.5
1763060400000,1.204,1.2161,1.1893,1.1966,5367131.1
1763064000000,1.1966,1.2035,1.1811,1.1944,5319773.4
1763067600000,1.1944,1.2097,1.1874,1.2072,3114611.9
1763071200000,1.2072,1.2425,1.2039,1.2413,4299321.0
1763074800000,1.2413,1.2657,1.2342,1.2446,3738276.2
1763078400000,1.2446,1.2538,1.2281,1.2377,3911633.0
1763082000000,1.2378,1.2549,1.2337,1.2427,3229676.0
1763085600000,1.2428,1.2518,1.24,1.2458,2346969.2
1763089200000,1.2458,1.2465,1.2275,1.2402,2184721.6
1763092800000,1.2403,1.2413,1.18,1.2214,9515189.6
1763096400000,1.2214,1.2267,1.2043,1.215,5085012.5
1763100000000,1.215,1.231,1.1872,1.2302,4683349.5
1763103600000,1.2302,1.243,1.2096,1.2138,4113137.1
1763107200000,1.2137,1.2144,1.2001,1.2076,2781329.1
1763110800000,1.2075,1.2129,1.1863,1.1903,2810471.3
1763114400000,1.1902,1.2081,1.1869,1.1939,2326142.9
1763118000000,1.1938,1.1953,1.1709,1.1816,4932434.7
1763121600000,1.1817,1.1866,1.1447,1.1823,10625474.4
1763125200000,1.1824,1.2031,1.1765,1.1988,7473930.4
1763128800000,1.1988,1.2516,1.1908,1.2426,12635298.5
1763132400000,1.2427,1.2456,1.2151,1.2324,7201051.6
1763136000000,1.2324,1.2403,1.2195,1.231,3739269.3
1763139600000,1.2311,1.2438,1.2051,1.2097,5559502.9
1763143200000,1.2096,1.2239,1.2025,1.2069,3119559.7
1763146800000,1.2069,1.2323,1.2036,1.2237,2623617.1
1763150400000,1.2237,1.2278,1.1809,1.1882,6028992.7
1763154000000,1.1882,1.2044,1.1816,1.193,3237168.9
1763157600000,1.193,1.2028,1.1817,1.1859,2274714.9
1763161200000,1.186,1.19,1.1517,1.1745,5045573.1
1763164800000,1.1745,1.1978,1.1728,1.1865,3297802.1
1763168400000,1.1864,1.2018,1.1791,1.1996,2506114.7
1763172000000,1.1995,1.1995,1.1875,1.1984,2057030.3
1763175600000,1.1983,1.1983,1.1811,1.1881,2446120.1
1763179200000,1.1882,1.1967,1.1788,1.1825,1578082.9
1763182800000,1.1826,1.1882,1.1803,1.1813,1317137.8
1763186400000,1.1814,1.1852,1.1729,1.1784,2290258.9
1763190000000,1.1783,1.1888,1.1669,1.1729,3023470.4
1763193600000,1.1729,1.1738,1.1323,1.1373,7568434.9
1763197200000,1.1373,1.1451,1.1144,1.1332,6560929.2
1763200800000,1.1332,1.1479,1.1306,1.1467,2304388.2
1763204400000,1.1466,1.1493,1.1305,1.1383,2470459.1
1763208000000,1.1382,1.1465,1.1306,1.1429,2728034.3
1763211600000,1.1429,1.1642,1.1393,1.1603,3654024.1
1763215200000,1.1603,1.1616,1.1447,1.1505,2285747.0
1763218800000,1.1505,1.157,1.1473,1.1503,1548022.5
1763222400000,1.1502,1.1574,1.1365,1.1563,2443123.5
1763226000000,1.1563,1.1718,1.152,1.1691,2903744.4
1763229600000,1.1692,1.1759,1.1631,1.1689,1682279.8
1763233200000,1.1689,1.1752,1.1619,1.1639,1034796.7
1763236800000,1.1638,1.1638,1.1485,1.1502,1558840.4
1763240400000,1.1503,1.1605,1.1382,1.1406,1551956.7
1763244000000,1.1406,1.1489,1.1384,1.1471,1200162.6
1763247600000,1.1471,1.158,1.1452,1.1489,1951681.9
1763251200000,1.149,1.1556,1.1315,1.1429,2252282.3
1763254800000,1.1428,1.1483,1.1215,1.1403,2744850.1
1763258400000,1.1403,1.1561,1.1323,1.1561,2080933.9
1763262000000,1.1562,1.1838,1.1532,1.1699,3966467.6
1763265600000,1.1698,1.1739,1.155,1.1632,1849289.0
1763269200000,1.1631,1.1778,1.1606,1.1702,2139842.7
1763272800000,1.1701,1.1767,1.1608,1.1618,1147613.8
1763276400000,1.1618,1.1625,1.151,1.1601,1919550.7
1763280000000,1.1601,1.161,1.1477,1.1563,1607580.8
1763283600000,1.1563,1.1767,1.1466,1.1761,2180821.1
1763287200000,1.176,1.1891,1.1714,1.1782,3323066.9
1763290800000,1.1782,1.1816,1.1377,1.1438,4597245.2
1763294400000,1.1438,1.1518,1.1318,1.1444,3120292.6
1763298000000,1.1443,1.1482,1.126,1.1327,3069277.7
1763301600000,1.1327,1.1432,1.1274,1.1401,2564903.9
1763305200000,1.1402,1.1429,1.0858,1.0985,9601746.9
1763308800000,1.0986,1.1132,1.0787,1.085,8686073.4
1763312400000,1.0849,1.0969,1.0728,1.0944,5177122.9
1763316000000,1.0943,1.1235,1.0864,1.095,5692478.3
1763319600000,1.0949,1.1146,1.0928,1.094,2690230.5
1763323200000,1.094,1.107,1.0919,1.0946,1919556.4
1763326800000,1.0945,1.0965,1.0766,1.0834,3715580.1
1763330400000,1.0833,1.1024,1.0637,1.0964,4927206.2
1763334000000,1.0965,1.1152,1.0715,1.1069,5788742.6
1763337600000,1.1068,1.1249,1.0861,1.1193,4416729.2
1763341200000,1.1194,1.1242,1.1051,1.1084,2372535.9
1763344800000,1.1085,1.1213,1.104,1.1106,2274631.2
1763348400000,1.1107,1.1254,1.1094,1.123,2414951.1
1763352000000,1.1231,1.1281,1.1131,1.1161,2651315.6
1763355600000,1.1161,1.1225,1.1116,1.1176,2251793.7
1763359200000,1.1177,1.1197,1.1041,1.1144,1829315.1
1763362800000,1.1144,1.1232,1.1117,1.119,1692143.1
1763366400000,1.1191,1.1295,1.112,1.1181,2356105.9
1763370000000,1.118,1.1295,1.1128,1.1226,2055435.1
1763373600000,1.1227,1.1318,1.1202,1.1252,1499807.5
1763377200000,1.1252,1.15,1.1225,1.1402,2857374.7
1763380800000,1.1401,1.1416,1.124,1.1251,2578805.2
1763384400000,1.1251,1.1273,1.076,1.0913,7057464.7
1763388000000,1.0912,1.1497,1.0844,1.1175,12319500.9
1763391600000,1.1176,1.1261,1.0914,1.096,6439516.3
1763395200000,1.0959,1.1197,1.079,1.1189,7016959.0
1763398800000,1.1189,1.1214,1.0753,1.0781,4135691.0
1763402400000,1.0781,1.0883,1.0579,1.0669,6530736.4
1763406000000,1.0669,1.0737,1.0488,1.0634,6441588.2
1763409600000,1.0634,1.0767,1.0513,1.0645,4695289.0
1763413200000,1.0646,1.0766,1.0499,1.0564,4333728.7
1763416800000,1.0565,1.0748,1.0514,1.0673,2556367.1
1763420400000,1.0674,1.0723,1.0497,1.0597,4093575.2
1763424000000,1.0597,1.0626,1.0301,1.0548,6294049.2
1763427600000,1.0548,1.065,1.0448,1.0505,3304508.5
1763431200000,1.0504,1.0721,1.0393,1.0507,5365001.4
1763434800000,1.0507,1.0731,1.0364,1.07,5883575.9
1763438400000,1.07,1.0735,1.0448,1.072,4683469.1
1763442000000,1.0721,1.0775,1.0603,1.0669,3013870.2
1763445600000,1.067,1.0687,1.0482,1.0514,3211693.8
1763449200000,1.0513,1.0907,1.0464,1.0834,9755508.2
1763452800000,1.0833,1.0932,1.0753,1.0896,4017359.3
1763456400000,1.0896,1.0917,1.0805,1.0892,2343034.5
1763460000000,1.0891,1.0898,1.0729,1.0791,2943883.0
1763463600000,1.0791,1.0806,1.0709,1.0754,1608311.0
1763467200000,1.0755,1.0837,1.0631,1.0731,2285052.8
1763470800000,1.0731,1.0734,1.0565,1.0656,2661664.7
1763474400000,1.0656,1.0811,1.0565,1.0592,6680223.0
1763478000000,1.0591,1.1214,1.0513,1.1025,11189055.7
1763481600000,1.1026,1.135,1.0955,1.1227,6508941.9
1763485200000,1.1226,1.1288,1.1062,1.1151,2846637.5
1763488800000,1.1152,1.1349,1.1152,1.1291,2330738.6
1763492400000,1.1292,1.1325,1.1163,1.1203,1590037.6
1763496000000,1.1203,1.1251,1.1143,1.1154,1430449.7
1763499600000,1.1155,1.12,1.1,1.1007,2223858.3
1763503200000,1.1008,1.124,1.1008,1.1202,1807461.5
1763506800000,1.1202,1.1424,1.1144,1.1364,4423320.0
1763510400000,1.1365,1.1367,1.1116,1.1222,3848152.3
1763514000000,1.1222,1.1272,1.1069,1.1133,2454871.8
1763517600000,1.1133,1.1264,1.1114,1.1197,2146429.9
1763521200000,1.1196,1.1241,1.1005,1.1032,2282891.6
1763524800000,1.1031,1.1043,1.0874,1.0921,2891418.3
1763528400000,1.0921,1.0956,1.0567,1.0712,4115538.9
1763532000000,1.0712,1.0818,1.0665,1.0791,2204080.3
1763535600000,1.0791,1.1068,1.0762,1.101,3292829.9
1763539200000,1.101,1.1095,1.0964,1.1001,1686192.5
1763542800000,1.1,1.1004,1.0837,1.0974,2127583.4
1763546400000,1.0974,1.1131,1.0916,1.0941,2249688.3
1763550000000,1.094,1.1118,1.0929,1.1035,2941170.1
1763553600000,1.1036,1.1139,1.0973,1.1122,1698721.0
1763557200000,1.1122,1.1126,1.0847,1.0875,2791340.5
1763560800000,1.0876,1.0962,1.0695,1.096,4814452.8
1763564400000,1.096,1.1329,1.0799,1.0839,9861629.9
1763568000000,1.0838,1.0924,1.0561,1.0626,4895034.4
1763571600000,1.0626,1.068,1.037,1.0582,5268684.5
1763575200000,1.0581,1.0612,1.0199,1.0298,6884431.7
1763578800000,1.0298,1.0375,1.0179,1.0331,3720563.3
1763582400000,1.0332,1.0784,1.0258,1.0755,7266213.2
1763586000000,1.0759,1.1316,1.0683,1.1271,10691762.5
1763589600000,1.1271,1.1294,1.0999,1.1095,3990831.8
1763593200000,1.1094,1.1462,1.1079,1.1456,7316596.5
1763596800000,1.1455,1.15,1.123,1.1315,5501542.9
1763600400000,1.1314,1.1511,1.1296,1.1441,3572687.8
1763604000000,1.1441,1.1538,1.1335,1.135,3010086.7
1763607600000,1.135,1.1416,1.13,1.1388,2503947.4
1763611200000,1.1389,1.1409,1.125,1.14,2395172.9
1763614800000,1.14,1.1441,1.1281,1.1333,2111729.2
1763618400000,1.1334,1.1412,1.1175,1.1214,2636475.7
1763622000000,1.1214,1.131,1.1167,1.1283,2054211.7
1763625600000,1.1283,1.129,1.1156,1.1195,1697825.0
1763629200000,1.1194,1.1254,1.1018,1.1063,3209184.0
1763632800000,1.1064,1.1103,1.0974,1.1079,2628865.8
1763636400000,1.108,1.1165,1.1064,1.1114,2175451.6
1763640000000,1.1114,1.119,1.1001,1.1168,2870362.8
1763643600000,1.1169,1.1268,1.0955,1.0992,5488954.4
1763647200000,1.0993,1.1082,1.0772,1.0878,7478761.4
1763650800000,1.0879,1.0893,1.0365,1.0414,7814453.9
1763654400000,1.0415,1.0442,1.0027,1.0106,15601171.8
1763658000000,1.0105,1.017,0.9883,0.9958,11560116.2
1763661600000,0.9958,1.0008,0.9866,0.989,4941527.2
1763665200000,0.9889,1.0044,0.981,1.0016,4305781.6
1763668800000,1.0015,1.0064,0.9906,1.0006,3077971.0
1763672400000,1.0007,1.0224,1.0,1.0104,3564519.3
1763676000000,1.0103,1.0311,1.0089,1.0276,2523630.6
1763679600000,1.0275,1.0285,0.9933,0.996,4532823.9
1763683200000,0.9963,1.0091,0.9898,0.9961,4790002.6
1763686800000,0.9962,1.0009,0.9833,0.9867,3346567.2
1763690400000,0.9867,0.9894,0.965,0.9692,6636595.9
1763694000000,0.9691,0.9886,0.969,0.9753,4551410.1
1763697600000,0.9753,0.9833,0.9662,0.9828,2842716.6
1763701200000,0.9827,0.9847,0.9679,0.974,1967266.1
1763704800000,0.9741,0.9776,0.9631,0.9672,2467955.2
1763708400000,0.9672,0.971,0.8494,0.9309,19218108.0
1763712000000,0.931,0.9427,0.9174,0.9253,6494574.9
1763715600000,0.9254,0.9335,0.9116,0.9138,7733898.2
1763719200000,0.9137,0.9283,0.9062,0.9163,6170218.3
1763722800000,0.9164,0.9247,0.899,0.9057,4858993.9
1763726400000,0.9058,0.9274,0.8808,0.9147,10653614.4
1763730000000,0.9146,0.9364,0.9113,0.9205,6601169.6
1763733600000,0.9205,0.9381,0.9107,0.9289,8117108.0
1763737200000,0.9291,0.9325,0.898,0.9086,6264886.7
1763740800000,0.9086,0.9284,0.8953,0.9277,7043751.5
1763744400000,0.9276,0.94,0.9201,0.9253,6730503.5
1763748000000,0.9253,0.9383,0.9072,0.9264,5632825.9
1763751600000,0.9264,0.933,0.9164,0.9221,4613698.7
1763755200000,0.9221,0.9228,0.9052,0.9156,4022869.4
1763758800000,0.9155,0.9267,0.9059,0.9192,3631285.0
1763762400000,0.9192,0.9235,0.8875,0.8882,3523507.4
1763766000000,0.8882,0.9165,0.8832,0.9128,5677244.1
1763769600000,0.9128,0.9147,0.9005,0.9122,3947312.3
1763773200000,0.9123,0.9251,0.9111,0.9178,2904158.2
1763776800000,0.9178,0.9203,0.9022,0.9103,2543865.9
1763780400000,0.9104,0.9109,0.8978,0.9023,2161597.5
1763784000000,0.9023,0.905,0.8761,0.8926,4414506.2
1763787600000,0.8927,0.8949,0.8683,0.881,4610662.4
1763791200000,0.8811,0.892,0.8707,0.8828,3614311.2
1763794800000,0.8828,0.8889,0.8714,0.887,4022534.8
1763798400000,0.8871,0.8872,0.8644,0.8668,3646909.8
1763802000000,0.8668,0.8883,0.8668,0.8791,3133855.3
1763805600000,0.879,0.8844,0.8714,0.8789,2562370.7
1763809200000,0.8788,0.8934,0.8754,0.8823,2733709.3
1763812800000,0.8824,0.8837,0.8719,0.8777,1814197.0
1763816400000,0.8778,0.882,0.8629,0.8693,2640514.5
1763820000000,0.8693,0.8849,0.8683,0.8774,2895919.9
1763823600000,0.8773,0.8797,0.8644,0.873,2772066.3
1763827200000,0.8731,0.8831,0.8713,0.8811,2272379.6
1763830800000,0.8811,0.886,0.8765,0.879,2041685.9
1763834400000,0.879,0.8833,0.8729,0.8827,1295997.6
1763838000000,0.8827,0.8866,0.8738,0.8763,1104818.2
1763841600000,0.8763,0.8841,0.8652,0.8704,1830039.7
1763845200000,0.8705,0.8783,0.8698,0.8757,2803640.6
1763848800000,0.8758,0.899,0.8708,0.8914,1853809.4
1763852400000,0.8913,0.8917,0.8759,0.8773,1925484.9
1763856000000,0.8773,0.8878,0.8717,0.8759,2691672.4
1763859600000,0.876,0.9103,0.8757,0.9006,4293915.0
1763863200000,0.9007,0.9404,0.8969,0.924,11536596.9
1763866800000,0.924,0.925,0.9076,0.9234,3849427.3
1763870400000,0.9234,0.9375,0.917,0.9199,3737894.0
1763874000000,0.9199,0.929,0.9122,0.9274,2536828.7
1763877600000,0.9272,0.9283,0.9136,0.9203,2510106.6
1763881200000,0.9204,0.921,0.8971,0.9132,3858553.5
1763884800000,0.9132,0.9154,0.9037,0.9104,1992281.5
1763888400000,0.9104,0.9163,0.9012,0.9063,2082530.7
1763892000000,0.9062,0.907,0.8975,0.9015,1441546.8
1763895600000,0.9015,0.9032,0.8912,0.9,1910346.4
1763899200000,0.8999,0.9151,0.8985,0.9056,1894735.2
1763902800000,0.9057,0.9114,0.8982,0.9084,1600591.9
1763906400000,0.9084,0.9135,0.8888,0.8905,2830490.6
1763910000000,0.8905,0.9109,0.8872,0.9065,2372868.9
1763913600000,0.9064,0.9108,0.8975,0.8992,2152164.1
1763917200000,0.8993,0.9044,0.8915,0.8944,2075803.8
1763920800000,0.8944,0.9082,0.8941,0.9034,1628602.0
1763924400000,0.9035,0.913,0.8998,0.904,1551273.2
1763928000000,0.904,0.9084,0.9004,0.9025,1228476.9
1763931600000,0.9028,0.9095,0.8955,0.9067,1398708.1
1763935200000,0.9068,0.9085,0.8987,0.9035,1066181.3
1763938800000,0.9036,0.9054,0.8768,0.8819,4492437.8
1763942400000,0.882,0.8867,0.8671,0.8771,4966350.5
1763946000000,0.877,0.89,0.8725,0.8885,2272796.2
1763949600000,0.8885,0.917,0.8866,0.9012,4737859.2
1763953200000,0.9011,0.914,0.896,0.9038,1885390.8
1763956800000,0.9038,0.9072,0.881,0.8873,2713459.9
1763960400000,0.8874,0.9105,0.8847,0.9003,2931656.5
1763964000000,0.9004,0.902,0.8864,0.8943,2659091.8
1763967600000,0.8942,0.8995,0.8882,0.8929,1932716.4
1763971200000,0.8929,0.8938,0.8836,0.8908,1857770.8
1763974800000,0.8908,0.8908,0.8674,0.8688,2739034.7
1763978400000,0.8688,0.8746,0.865,0.8731,2195879.9
1763982000000,0.873,0.8816,0.8696,0.8793,1790289.3
1763985600000,0.8792,0.8792,0.8655,0.8703,2197916.7
1763989200000,0.8702,0.8856,0.8688,0.8747,2466862.2
1763992800000,0.8745,0.9056,0.8682,0.9056,9369721.7
1763996400000,0.9056,0.9109,0.8906,0.8982,5023691.1
1764000000000,0.8981,0.9114,0.8972,0.9031,3323164.9
1764003600000,0.9032,0.9363,0.9031,0.9349,4509115.5
1764007200000,0.9348,0.9388,0.929,0.9328,3011323.2
1764010800000,0.9328,0.9411,0.9303,0.9319,2110037.4
1764014400000,0.9319,0.9485,0.9304,0.9432,2667681.2
1764018000000,0.9433,0.9455,0.9334,0.9377,1960490.0
1764021600000,0.9376,0.9459,0.9346,0.9389,1490515.6
1764025200000,0.9388,0.9435,0.9331,0.9358,1320792.1
1764028800000,0.9357,0.9523,0.9212,0.937,5454966.5
1764032400000,0.937,0.9378,0.9268,0.9272,2000708.0
1764036000000,0.9273,0.932,0.9171,0.9315,2270750.3
1764039600000,0.9315,0.9375,0.9273,0.9333,1354080.5
1764043200000,0.9333,0.9383,0.9279,0.9364,1550131.0
1764046800000,0.9363,0.9402,0.9342,0.9381,1069644.0
1764050400000,0.9379,0.9396,0.9258,0.9357,1540918.0
1764054000000,0.9358,0.9373,0.9173,0.9186,2275796.8
1764057600000,0.9186,0.9209,0.9068,0.9093,2612232.3
1764061200000,0.9094,0.9124,0.8922,0.9115,5306163.4
1764064800000,0.9114,0.9171,0.9073,0.9157,2040826.6
1764068400000,0.9156,0.9177,0.908,0.9103,1315356.7
1764072000000,0.9103,0.9291,0.9069,0.9281,3672287.1
1764075600000,0.9282,0.9347,0.9091,0.9119,3908198.4
1764079200000,0.912,0.9178,0.8876,0.8992,5811023.3
1764082800000,0.8993,0.9124,0.8887,0.9021,4392715.4
1764086400000,0.902,0.9109,0.8944,0.9033,3365501.0
1764090000000,0.9032,0.9183,0.895,0.9064,3009574.5
1764093600000,0.9064,0.9189,0.9023,0.9056,2304243.1
1764097200000,0.9055,0.9094,0.8845,0.9051,3179585.4
1764100800000,0.9052,0.9193,0.9045,0.9158,2427822.2
1764104400000,0.9157,0.9182,0.9056,0.9059,1537824.0
1764108000000,0.9058,0.9216,0.8928,0.9183,2588803.3
1764111600000,0.9183,0.9286,0.9114,0.9169,2838448.0
1764115200000,0.917,0.9196,0.908,0.9117,1885267.5
1764118800000,0.9117,0.9242,0.9043,0.9162,2000285.1
1764122400000,0.916,0.9208,0.91,0.9117,1765648.4
1764126000000,0.9117,0.9155,0.8956,0.8965,2348268.8
1764129600000,0.8965,0.9013,0.8923,0.897,1485170.8
1764133200000,0.8969,0.9063,0.8951,0.9016,1219902.9
1764136800000,0.9015,0.9091,0.8981,0.9064,1562186.5
1764140400000,0.9064,0.9097,0.9012,0.9072,1262145.1
1764144000000,0.9073,0.9077,0.8934,0.8937,1660197.6
1764147600000,0.8937,0.8954,0.886,0.8885,2783942.5
1764151200000,0.8885,0.8947,0.8852,0.8903,1635482.1
1764154800000,0.8902,0.8944,0.8799,0.8859,2056951.3
1764158400000,0.8859,0.8878,0.8752,0.8825,2295386.1
1764162000000,0.8825,0.9007,0.8813,0.8994,2364883.7
1764165600000,0.8993,0.9049,0.8857,0.8888,3084198.2
1764169200000,0.8888,0.8964,0.8779,0.8876,2415269.7
1764172800000,0.8876,0.9043,0.887,0.9032,2391225.8
1764176400000,0.9032,0.9397,0.9012,0.9377,5207706.2
1764180000000,0.9378,0.9492,0.9359,0.9491,3687644.8
1764183600000,0.949,0.9537,0.9402,0.9423,2812404.1
1764187200000,0.9423,0.9438,0.9323,0.9384,1755787.2
1764190800000,0.9385,0.9553,0.9369,0.9536,2103448.1
1764194400000,0.9535,0.9645,0.9496,0.9597,3356367.4
1764198000000,0.9597,0.9937,0.959,0.977,8259776.5
1764201600000,0.9769,0.9976,0.9669,0.9926,3986625.1
1764205200000,0.9925,1.0202,0.9791,0.9927,7068573.4
1764208800000,0.9927,1.0071,0.9782,0.9925,4686606.2
1764212400000,0.9924,0.9962,0.9691,0.9715,3493230.7
1764216000000,0.9716,0.9786,0.969,0.9695,2368827.0
1764219600000,0.9695,0.9749,0.9685,0.9707,2796388.4
1764223200000,0.9708,0.9836,0.9708,0.9812,2471774.7
1764226800000,0.9812,1.0036,0.9797,1.0026,2739143.3
1764230400000,1.0026,1.0075,0.9869,0.9919,3965428.6
1764234000000,0.9919,1.0267,0.9885,1.0014,6051802.3
1764237600000,1.0017,1.0163,0.9803,0.9809,8072427.4
1764241200000,0.981,1.0053,0.9752,1.0004,5827529.7
1764244800000,1.0004,1.012,0.9937,0.9997,3564871.9
1764248400000,0.9998,1.015,0.9994,1.0082,4473479.0
1764252000000,1.0081,1.0189,1.0006,1.0113,4083374.7
1764255600000,1.0113,1.0163,1.001,1.0067,2206142.4
1764259200000,1.0067,1.0117,0.9983,1.0042,2788867.0
1764262800000,1.004,1.0105,0.9989,1.0089,2161450.2
1764266400000,1.0088,1.0181,1.005,1.0167,1292607.3
1764270000000,1.0166,1.0229,1.0121,1.0207,2045122.0
1764273600000,1.0206,1.0206,1.0104,1.0128,1429897.4
1764277200000,1.0127,1.0488,1.0109,1.0293,4802105.1
1764280800000,1.0293,1.031,1.0039,1.0064,3152329.8
1764284400000,1.0064,1.015,0.9963,1.0023,2708936.4
1764288000000,1.0023,1.0099,0.9945,0.998,2800606.2
1764291600000,0.9979,0.9979,0.9729,0.9736,5063136.7
1764295200000,0.9737,0.9795,0.9674,0.9775,3238515.7
1764298800000,0.9776,0.9812,0.9722,0.9745,1628859.6
1764302400000,0.9745,0.9784,0.9702,0.9705,1799255.2
1764306000000,0.9705,0.974,0.963,0.9708,3090401.7
1764309600000,0.9708,0.9708,0.9569,0.9618,2482447.9
1764313200000,0.9617,0.9658,0.9593,0.9602,1333138.4
1764316800000,0.9601,0.9937,0.9595,0.9885,3813059.8
1764320400000,0.9885,0.9943,0.9771,0.9809,2350737.9
1764324000000,0.9805,0.9858,0.9792,0.9821,1403128.4
1764327600000,0.982,0.9829,0.9651,0.9729,2259157.6
1764331200000,0.9729,0.9765,0.9662,0.9682,1731832.6
1764334800000,0.9682,0.9888,0.9645,0.9832,2424884.3
1764338400000,0.9831,0.9909,0.9685,0.9784,4691645.0
1764342000000,0.9784,0.9981,0.9717,0.9825,4095140.5
1764345600000,0.9825,0.9828,0.9502,0.952,4532538.1
1764349200000,0.952,0.9593,0.94,0.9439,3943606.3
1764352800000,0.9439,0.9461,0.9353,0.9419,2555856.0
1764356400000,0.942,0.956,0.9405,0.9525,1713949.1
1764360000000,0.9524,0.9524,0.9413,0.9455,1481466.3
1764363600000,0.9454,0.9477,0.9376,0.938,1432073.4
1764367200000,0.9382,0.9466,0.9334,0.9456,1508603.9
1764370800000,0.9457,0.9475,0.9341,0.9345,1988286.6
1764374400000,0.9344,0.9414,0.9337,0.939,1343697.5
1764378000000,0.9389,0.9491,0.9242,0.9266,5173001.8
1764381600000,0.9266,0.9325,0.9243,0.9311,2229446.1
1764385200000,0.9311,0.9352,0.929,0.9318,1088884.6
1764388800000,0.9318,0.9416,0.9313,0.9403,1152514.7
1764392400000,0.9404,0.9429,0.9357,0.9359,921781.8
1764396000000,0.936,0.9388,0.9312,0.9362,1522443.8
1764399600000,0.9362,0.9411,0.9333,0.9349,1035568.8
1764403200000,0.9348,0.9364,0.9285,0.9309,991556.0
1764406800000,0.9308,0.933,0.9282,0.9289,697374.1
1764410400000,0.9288,0.936,0.923,0.935,1228347.9
1764414000000,0.935,0.9434,0.9331,0.9415,1275222.9
1764417600000,0.9416,0.9432,0.9342,0.9342,903700.1
1764421200000,0.9341,0.937,0.9309,0.9333,823948.7
1764424800000,0.9332,0.9333,0.9252,0.9263,1899954.3
1764428400000,0.9264,0.9425,0.9261,0.9424,1765489.2
1764432000000,0.9425,0.9461,0.936,0.9389,1700829.1
1764435600000,0.9388,0.9408,0.9301,0.932,1389038.8
1764439200000,0.9319,0.9391,0.928,0.9369,2064574.5
1764442800000,0.937,0.9423,0.9349,0.936,1071449.2
1764446400000,0.9361,0.9405,0.9296,0.9393,1257445.7
1764450000000,0.9394,0.9422,0.9353,0.9406,1025645.9
1764453600000,0.9405,0.9405,0.9348,0.9351,835069.0
1764457200000,0.9351,0.9376,0.9295,0.934,1079399.9
1764460800000,0.9338,0.941,0.9337,0.9342,1238895.0
1764464400000,0.9342,0.941,0.9322,0.9371,827320.9
1764468000000,0.9371,0.9407,0.9286,0.9303,1414890.0
1764471600000,0.9301,0.936,0.9153,0.9341,3911241.6
1764475200000,0.9342,0.9372,0.9271,0.9299,1121913.8
1764478800000,0.9299,0.9299,0.9234,0.9255,860313.4
1764482400000,0.9254,0.9388,0.9246,0.9379,1086162.3
1764486000000,0.938,0.9407,0.9364,0.9378,954128.2
1764489600000,0.9378,0.947,0.9334,0.937,1649742.0
1764493200000,0.9371,0.9404,0.9337,0.9368,1061424.2
1764496800000,0.9367,0.9488,0.9337,0.9342,2070450.4
1764500400000,0.9342,0.9375,0.9258,0.9279,1742837.0
1764504000000,0.928,0.9414,0.9225,0.9344,1932823.3
1764507600000,0.9344,0.9448,0.9314,0.9372,2051073.0
1764511200000,0.9372,0.938,0.9282,0.9344,1624195.1
1764514800000,0.9343,0.9349,0.9223,0.9274,1736163.8
1764518400000,0.9274,0.9407,0.9253,0.936,1680537.7
1764522000000,0.9359,0.9359,0.9245,0.9294,1384495.8
1764525600000,0.9294,0.9319,0.9266,0.9308,691095.3
1764529200000,0.9307,0.9329,0.9264,0.9301,971216.9
1764532800000,0.93,0.9374,0.925,0.9287,1298528.4
1764536400000,0.9286,0.931,0.9238,0.9288,826623.4
1764540000000,0.9289,0.937,0.9259,0.9308,1018297.3
1764543600000,0.9308,0.931,0.9044,0.9054,3953571.5
1764547200000,0.9053,0.9081,0.8246,0.8314,19770005.3
1764550800000,0.8312,0.8444,0.8266,0.8312,6229653.1
1764554400000,0.831,0.8373,0.8219,0.8283,5987784.6
1764558000000,0.8284,0.8297,0.8136,0.814,4370488.5
1764561600000,0.814,0.8183,0.8062,0.8099,3121869.5
1764565200000,0.8097,0.8138,0.8039,0.8088,2349169.0
1764568800000,0.8087,0.826,0.8083,0.8195,3486276.1
1764572400000,0.8196,0.8198,0.8105,0.8152,1894982.5
1764576000000,0.8151,0.8197,0.8131,0.8183,1567684.8
1764579600000,0.8182,0.8226,0.8154,0.8192,2015620.9
1764583200000,0.8193,0.8354,0.8192,0.8302,3383464.5
1764586800000,0.8301,0.8308,0.8179,0.8199,2632848.0
1764590400000,0.82,0.8303,0.7993,0.8276,5960959.8
1764594000000,0.8274,0.8676,0.8242,0.8633,14951455.3
1764597600000,0.8634,0.8661,0.8473,0.8606,6963212.8
1764601200000,0.8606,0.872,0.8337,0.8622,9991783.8
1764604800000,0.8623,0.8645,0.8349,0.8385,4841778.3
1764608400000,0.8386,0.8413,0.8217,0.8283,4263275.2
1764612000000,0.8284,0.8335,0.8189,0.8268,3027843.5
1764615600000,0.8268,0.8308,0.819,0.8235,2576637.4
1764619200000,0.8234,0.8402,0.8232,0.8273,2870335.4
1764622800000,0.8272,0.846,0.8265,0.8368,3465234.5
1764626400000,0.8367,0.8499,0.8356,0.841,2978679.0
1764630000000,0.841,0.8514,0.8339,0.835,3636696.6
1764633600000,0.835,0.8546,0.834,0.839,4204070.4
1764637200000,0.839,0.8578,0.8318,0.8349,2967134.5
1764640800000,0.8348,0.8398,0.8281,0.8307,2032820.7
1764644400000,0.8305,0.8356,0.8187,0.8329,3092659.8
1764648000000,0.8328,0.8405,0.827,0.83,2294991.2
1764651600000,0.8299,0.8391,0.8261,0.833,1653683.3
1764655200000,0.833,0.8358,0.8284,0.8323,1270361.2
1764658800000,0.8321,0.8324,0.825,0.8292,1386165.3
1764662400000,0.8291,0.8351,0.8204,0.8309,3312261.1
1764666000000,0.8309,0.8392,0.8282,0.8295,1921850.1
1764669600000,0.8294,0.8564,0.8291,0.8475,2894711.8
1764673200000,0.8476,0.8563,0.8433,0.8536,2443193.2
1764676800000,0.8536,0.8618,0.8459,0.8551,2553202.6
1764680400000,0.8552,0.858,0.846,0.8496,3040594.0
1764684000000,0.8495,0.8883,0.8477,0.8859,7609643.9
1764687600000,0.8859,0.9419,0.8859,0.939,12599317.3
1764691200000,0.9391,0.9456,0.9169,0.9251,7323740.3
1764694800000,0.9251,0.9342,0.9206,0.9272,3110933.0
1764698400000,0.9273,0.9394,0.9236,0.9373,2461197.9
1764702000000,0.9371,0.9408,0.9238,0.9253,2099590.2
1764705600000,0.9252,0.9269,0.9052,0.9107,2873744.5
1764709200000,0.9107,0.9137,0.902,0.9115,2701489.6
1764712800000,0.9115,0.9308,0.9113,0.9298,2079620.3
1764716400000,0.9299,0.9302,0.9151,0.9183,2274889.7
1764720000000,0.9184,0.9269,0.9142,0.9236,2503964.8
1764723600000,0.9235,0.9344,0.9205,0.9295,2180177.7
1764727200000,0.9295,0.952,0.9281,0.9469,4243314.9
1764730800000,0.9468,0.991,0.9465,0.9795,7852818.1
1764734400000,0.9794,0.9896,0.9706,0.9834,4946179.5
1764738000000,0.9833,0.9896,0.9786,0.9799,2670450.0
1764741600000,0.9799,0.9929,0.9671,0.97,3352358.1
1764745200000,0.9699,0.9702,0.9551,0.9594,2517522.1
1764748800000,0.9593,0.9707,0.9587,0.9636,2805427.0
1764752400000,0.9635,0.9737,0.952,0.9587,6192917.5
1764756000000,0.9587,0.9653,0.9444,0.9454,3202022.8
1764759600000,0.9454,0.9503,0.9425,0.9449,1878235.7
1764763200000,0.9448,0.9528,0.9379,0.9468,2374305.2
1764766800000,0.9467,0.9761,0.9463,0.9641,6873191.4
1764770400000,0.9641,1.0143,0.935,0.983,17684663.0
1764774000000,0.9831,0.9997,0.9692,0.9746,7429946.4
1764777600000,0.9746,0.9789,0.9551,0.9592,5835961.2
1764781200000,0.9593,0.9837,0.9578,0.9799,2893694.4
1764784800000,0.98,0.9891,0.962,0.9662,4236321.4
1764788400000,0.9661,0.9795,0.9659,0.9758,1821369.1
1764792000000,0.9758,0.9805,0.9675,0.9705,1523090.2
1764795600000,0.9706,0.9832,0.9676,0.9806,1627571.1
1764799200000,0.9807,0.99,0.9722,0.9874,2478399.3
1764802800000,0.9874,0.9965,0.9825,0.9846,3027281.2
1764806400000,0.9846,0.9958,0.9713,0.9876,3919126.0
1764810000000,0.9875,1.0122,0.9818,0.9892,5675410.9
1764813600000,0.9891,1.011,0.9868,1.0027,5110373.7
1764817200000,1.0027,1.011,0.9906,1.0011,6334426.1
1764820800000,1.001,1.005,0.9845,0.9861,3802248.7
1764824400000,0.9862,0.989,0.9672,0.9717,3979831.5
1764828000000,0.9717,0.9797,0.9691,0.9725,2567747.2
1764831600000,0.9724,0.9724,0.9475,0.9528,4410660.0
1764835200000,0.9528,0.9585,0.9417,0.948,3518025.0
1764838800000,0.9481,0.9595,0.9479,0.9545,2255364.5
1764842400000,0.9545,0.9568,0.9475,0.9502,1662448.3
1764846000000,0.9501,0.9529,0.9441,0.9481,1587312.7
1764849600000,0.9482,0.9517,0.9417,0.9445,1543937.8
1764853200000,0.9445,0.9469,0.9284,0.934,3229235.5
1764856800000,0.934,0.9416,0.9259,0.929,4399731.0
1764860400000,0.929,0.9509,0.9285,0.9472,3522616.8
1764864000000,0.9471,0.9527,0.936,0.9424,3779674.5
1764867600000,0.9423,0.9441,0.9302,0.9381,2607109.1
1764871200000,0.9381,0.9403,0.9258,0.93,2641742.4
1764874800000,0.9298,0.931,0.9003,0.9196,6853497.2
1764878400000,0.9195,0.924,0.9114,0.9209,2558544.7
1764882000000,0.9209,0.9256,0.9115,0.9121,1798742.0
1764885600000,0.9122,0.921,0.9122,0.9187,1206672.6
1764889200000,0.9188,0.9201,0.915,0.9162,1041391.0
1764892800000,0.9162,0.9223,0.909,0.9103,2336430.6
1764896400000,0.9102,0.9222,0.9084,0.9166,1512304.5
1764900000000,0.9166,0.9319,0.9143,0.9263,3051722.4
1764903600000,0.9262,0.9315,0.9173,0.9195,1697049.6
1764907200000,0.9194,0.923,0.9056,0.9109,1983352.8
1764910800000,0.911,0.914,0.9065,0.9102,1196136.9
1764914400000,0.9103,0.9213,0.9101,0.9184,1674408.8
1764918000000,0.9185,0.9259,0.9146,0.9157,1827883.9
1764921600000,0.9157,0.9164,0.9052,0.9068,1803559.2
1764925200000,0.9067,0.9069,0.8862,0.8863,5581379.4
1764928800000,0.8863,0.8927,0.8776,0.8886,7015043.7
1764932400000,0.8886,0.8947,0.8835,0.8861,2241935.7
1764936000000,0.8862,0.8865,0.8811,0.8842,1521023.5
1764939600000,0.8843,0.8866,0.8662,0.8683,6043714.3
1764943200000,0.8684,0.8731,0.8619,0.8636,2877517.2
1764946800000,0.8637,0.8895,0.8637,0.8701,5558012.7
1764950400000,0.87,0.8706,0.8328,0.8406,7842050.2
1764954000000,0.8406,0.8496,0.8343,0.8427,3407797.1
1764957600000,0.8426,0.852,0.8323,0.8338,2739400.9
1764961200000,0.8339,0.8498,0.8294,0.8462,2384671.7
1764964800000,0.8463,0.8501,0.8382,0.8414,1863454.8
1764968400000,0.8414,0.8472,0.8385,0.8431,1697842.4
1764972000000,0.8432,0.8487,0.8367,0.8448,1358706.7
1764975600000,0.8447,0.845,0.8369,0.8437,1300013.9
1764979200000,0.8436,0.8583,0.8404,0.8514,3471933.3
1764982800000,0.8514,0.8533,0.8387,0.8423,2953480.1
1764986400000,0.8424,0.8436,0.8361,0.8384,1690560.6
1764990000000,0.8384,0.8453,0.8378,0.8448,1250298.2
1764993600000,0.8449,0.8456,0.8353,0.8379,1262292.6
1764997200000,0.8379,0.8402,0.8371,0.8377,712739.0
1765000800000,0.8377,0.8427,0.8359,0.8387,853498.5
1765004400000,0.8388,0.8415,0.8358,0.8398,804400.6
1765008000000,0.8399,0.8418,0.8314,0.833,1506404.3
1765011600000,0.833,0.8412,0.8328,0.8367,1266701.0
1765015200000,0.8367,0.8389,0.8331,0.8334,837955.6
1765018800000,0.8333,0.836,0.8316,0.8334,1097391.7
1765022400000,0.8334,0.834,0.8288,0.8308,1394545.2
1765026000000,0.8308,0.8333,0.8272,0.8286,1523287.3
1765029600000,0.8286,0.8559,0.8274,0.8532,4480497.1
1765033200000,0.8532,0.8641,0.8392,0.8578,4315066.4
1765036800000,0.8578,0.8668,0.8532,0.8566,3215215.8
1765040400000,0.8565,0.8607,0.8545,0.8577,1330422.8
1765044000000,0.8578,0.8664,0.855,0.8576,1612945.8
1765047600000,0.8576,0.8586,0.8459,0.8493,1983149.9
1765051200000,0.8493,0.8543,0.8482,0.8482,1234590.8
1765054800000,0.8481,0.863,0.847,0.8514,1965703.4
1765058400000,0.8514,0.8551,0.8465,0.8478,1112208.6
1765062000000,0.8478,0.8517,0.8396,0.8506,1610268.1
1765065600000,0.8506,0.8613,0.8495,0.86,1637009.6
1765069200000,0.8599,0.8604,0.8485,0.8485,1784856.6
1765072800000,0.8485,0.8551,0.848,0.8534,879440.3
1765076400000,0.8534,0.8558,0.8512,0.8543,710636.2
1765080000000,0.8543,0.8555,0.8472,0.8493,835260.3
1765083600000,0.8493,0.8516,0.8469,0.8493,652813.3
1765087200000,0.8494,0.8523,0.8455,0.848,1437112.4
1765090800000,0.848,0.8497,0.8394,0.8437,1147817.9
1765094400000,0.8437,0.844,0.8375,0.839,1353952.2
1765098000000,0.8391,0.8411,0.8284,0.8296,1738782.8
1765101600000,0.8296,0.8367,0.829,0.8325,1504806.5
1765105200000,0.8325,0.8375,0.8301,0.8309,1084774.4
1765108800000,0.8308,0.8394,0.8297,0.8364,1214606.9
1765112400000,0.8364,0.8615,0.831,0.8334,9224154.2
1765116000000,0.8335,0.8337,0.8049,0.8102,8961086.1
1765119600000,0.8101,0.8434,0.8081,0.8392,4774472.2
1765123200000,0.8392,0.8414,0.8264,0.8411,2782616.4
1765126800000,0.841,0.8749,0.8354,0.8703,5335646.3
1765130400000,0.8705,0.8793,0.8679,0.8701,2142570.2
1765134000000,0.8701,0.8707,0.8593,0.8653,1349535.4
1765137600000,0.8653,0.8686,0.8613,0.862,942903.6
1765141200000,0.862,0.862,0.8304,0.8357,2613452.5
1765144800000,0.8357,0.838,0.8141,0.827,5463589.5
1765148400000,0.827,0.8303,0.8198,0.8297,2174705.4
1765152000000,0.8298,0.8402,0.8241,0.8284,2691840.4
1765155600000,0.8285,0.8542,0.8279,0.8437,3076876.1
1765159200000,0.8438,0.8507,0.8402,0.8495,1225623.1
1765162800000,0.8496,0.8547,0.8471,0.8515,1389176.6
1765166400000,0.8515,0.8697,0.8515,0.8627,1970696.7
1765170000000,0.8626,0.863,0.8551,0.8565,1500197.6
1765173600000,0.8567,0.8646,0.8556,0.8594,1240154.5
1765177200000,0.8597,0.8609,0.8539,0.855,1264216.2
1765180800000,0.855,0.8622,0.853,0.8612,1251655.6
1765184400000,0.8612,0.879,0.8609,0.8721,2729708.3
1765188000000,0.8718,0.877,0.8696,0.871,1329145.7
1765191600000,0.871,0.8728,0.862,0.8666,1681797.8
1765195200000,0.8666,0.8673,0.8594,0.862,1634465.1
1765198800000,0.862,0.8674,0.8554,0.8573,1597948.6
1765202400000,0.8572,0.8651,0.8462,0.8496,3694520.3
1765206000000,0.8496,0.8539,0.8309,0.8385,4733245.5
1765209600000,0.8385,0.8504,0.8319,0.838,3205413.9
1765213200000,0.838,0.844,0.8291,0.8409,2430684.7
1765216800000,0.841,0.8456,0.825,0.8298,4667598.8
1765220400000,0.8299,0.8364,0.8265,0.8319,2312645.4
1765224000000,0.832,0.8431,0.8317,0.8396,1494315.9
1765227600000,0.8395,0.8494,0.8343,0.8444,2451342.0
1765231200000,0.8444,0.8455,0.8336,0.835,1381272.9
1765234800000,0.8351,0.8369,0.8292,0.8336,1484592.9
1765238400000,0.8335,0.8425,0.8322,0.8361,2511927.5
1765242000000,0.8362,0.8384,0.8293,0.8316,1455259.3
1765245600000,0.8317,0.842,0.8299,0.8347,1803983.6
1765249200000,0.8347,0.8506,0.8319,0.8506,2686447.2
1765252800000,0.8507,0.8548,0.8379,0.8403,2598462.3
1765256400000,0.8403,0.8476,0.8332,0.8388,2252341.5
1765260000000,0.8389,0.8448,0.8311,0.8417,1965306.2
1765263600000,0.8418,0.8434,0.8378,0.8418,1184619.1
1765267200000,0.8419,0.8468,0.8391,0.8399,1273965.2
1765270800000,0.8399,0.8409,0.8345,0.8388,1081328.1
1765274400000,0.8388,0.844,0.8348,0.8396,1262461.4
1765278000000,0.8395,0.8459,0.8367,0.8451,991918.6
1765281600000,0.8451,0.8518,0.8381,0.8509,2350384.4
1765285200000,0.8509,0.852,0.837,0.8418,2281299.7
1765288800000,0.8418,0.8468,0.8332,0.8402,2435592.9
1765292400000,0.8402,0.8877,0.8387,0.8809,10431741.6
1765296000000,0.8809,0.9138,0.8807,0.9096,11281230.4
1765299600000,0.9096,0.9164,0.8973,0.9138,5524581.7
1765303200000,0.9139,0.9216,0.9076,0.9137,3397274.3
1765306800000,0.9138,0.9144,0.8982,0.9015,2451112.9
1765310400000,0.9016,0.9043,0.8815,0.8855,3620458.2
1765314000000,0.8855,0.8864,0.8568,0.8686,4880314.8
1765317600000,0.8687,0.8879,0.8674,0.8832,2473453.0
1765321200000,0.8831,0.8891,0.8759,0.8861,1676305.1
1765324800000,0.886,0.8873,0.8741,0.8764,2053366.6
1765328400000,0.8764,0.8809,0.8676,0.8788,2423996.5
1765332000000,0.8787,0.8787,0.8676,0.8735,1929594.5
1765335600000,0.8734,0.876,0.8701,0.8723,1175652.7
1765339200000,0.8723,0.8791,0.8697,0.8719,1515909.6
1765342800000,0.8719,0.8776,0.8701,0.8714,1203854.8
1765346400000,0.8714,0.8721,0.8663,0.8681,1008036.6
1765350000000,0.868,0.868,0.8616,0.8646,1172982.8
1765353600000,0.8646,0.8662,0.852,0.8521,1832167.7
1765357200000,0.8521,0.8628,0.8477,0.862,2359130.7
1765360800000,0.862,0.87,0.8496,0.8513,2601275.1
1765364400000,0.8512,0.8548,0.8476,0.8531,1509425.9
1765368000000,0.853,0.8554,0.8477,0.8544,1335873.0
1765371600000,0.8544,0.8611,0.8524,0.8609,1888042.7
1765375200000,0.8607,0.8633,0.8541,0.859,1752039.5
1765378800000,0.8589,0.867,0.8498,0.8543,2287927.5
1765382400000,0.8542,0.8657,0.8515,0.8606,1452013.9
1765386000000,0.8606,0.8713,0.8573,0.8588,1708438.1
1765389600000,0.8586,0.8783,0.8531,0.8633,3113611.2
1765393200000,0.8636,0.8843,0.852,0.8836,9099538.8
1765396800000,0.8837,0.9113,0.8614,0.8636,8236791.9
1765400400000,0.8636,0.8681,0.8482,0.8499,4592941.3
1765404000000,0.85,0.8565,0.838,0.8513,3564728.1
1765407600000,0.8513,0.8534,0.839,0.8398,1542737.5
1765411200000,0.8398,0.8419,0.8189,0.8231,3648629.6
1765414800000,0.823,0.8245,0.8123,0.8138,3185986.5
1765418400000,0.8138,0.8138,0.8049,0.8093,2779556.6
1765422000000,0.8093,0.8094,0.7951,0.7953,3800153.6
1765425600000,0.7952,0.8124,0.7908,0.8101,2859769.3
1765429200000,0.8101,0.8109,0.8056,0.8091,1283596.1
1765432800000,0.8091,0.8152,0.8085,0.8093,1885860.0
1765436400000,0.8093,0.8105,0.8052,0.8066,1048520.4
1765440000000,0.8066,0.8073,0.8006,0.8059,1486086.1
1765443600000,0.8059,0.8135,0.8047,0.8069,1450800.8
1765447200000,0.807,0.8096,0.8034,0.8068,1117976.1
1765450800000,0.8068,0.813,0.8059,0.8084,1281144.2
1765454400000,0.8083,0.8156,0.8073,0.8112,1505158.7
1765458000000,0.8112,0.8153,0.804,0.8081,1949602.4
1765461600000,0.8082,0.8104,0.795,0.8012,3762470.8
1765465200000,0.8011,0.8139,0.7972,0.8012,2405811.8
1765468800000,0.8011,0.808,0.7933,0.8019,2703474.1
1765472400000,0.8019,0.8052,0.795,0.8011,1920773.8
1765476000000,0.801,0.8232,0.7998,0.8147,3081084.8
1765479600000,0.8148,0.8291,0.8108,0.8148,2862285.2
1765483200000,0.8148,0.8367,0.8141,0.8344,4506336.3
1765486800000,0.8344,0.8594,0.8341,0.8492,5277115.2
1765490400000,0.8492,0.854,0.8319,0.8389,2680981.6
1765494000000,0.839,0.8454,0.834,0.8412,2043338.5
1765497600000,0.8411,0.8467,0.8222,0.8237,2626023.0
1765501200000,0.8237,0.8376,0.8224,0.8333,2094067.3
1765504800000,0.8333,0.8427,0.8313,0.8404,1499855.3
1765508400000,0.8404,0.8413,0.8316,0.837,1186523.0
1765512000000,0.837,0.8405,0.8363,0.838,1342320.7
1765515600000,0.838,0.8461,0.8364,0.8458,2093240.2
1765519200000,0.8458,0.8571,0.839,0.8427,2684966.0
1765522800000,0.8428,0.8467,0.84,0.8418,1253635.0
1765526400000,0.8418,0.8436,0.8366,0.8422,1360930.9
1765530000000,0.842,0.8494,0.8385,0.8477,1526256.1
1765533600000,0.8476,0.8501,0.8432,0.8443,1169934.0
1765537200000,0.8442,0.8451,0.8385,0.8428,1210195.8
1765540800000,0.8427,0.8463,0.839,0.8463,1043419.1
1765544400000,0.8462,0.8476,0.8427,0.8449,1036968.4
1765548000000,0.8448,0.846,0.8358,0.8413,2012381.8
1765551600000,0.8412,0.8414,0.7864,0.7913,10178481.0
1765555200000,0.7913,0.7949,0.7772,0.7855,7137834.0
1765558800000,0.7855,0.8005,0.7838,0.7895,3178662.1
1765562400000,0.7896,0.8051,0.7889,0.7965,2336574.7
1765566000000,0.7966,0.7969,0.7895,0.7936,1215542.1
1765569600000,0.7936,0.7958,0.7891,0.7918,1330374.8
1765573200000,0.7917,0.7966,0.7904,0.793,1003460.2
1765576800000,0.793,0.8014,0.7926,0.7968,888792.4
1765580400000,0.7969,0.7995,0.7962,0.7995,662406.4
1765584000000,0.7996,0.8019,0.7968,0.7987,912130.3
1765587600000,0.7986,0.8016,0.7945,0.7966,850465.2
1765591200000,0.7967,0.7993,0.7954,0.7976,554972.9
1765594800000,0.7976,0.8011,0.7948,0.8,785744.0
1765598400000,0.7999,0.8025,0.7968,0.8016,753355.4
1765602000000,0.8015,0.8024,0.7973,0.7988,585523.8
1765605600000,0.7988,0.804,0.7968,0.8017,876570.0
1765609200000,0.8017,0.807,0.8014,0.8039,866506.4
1765612800000,0.804,0.8128,0.8034,0.8038,1438305.1
1765616400000,0.8039,0.8064,0.8022,0.8032,804092.8
1765620000000,0.8032,0.8127,0.8017,0.8107,938830.9
1765623600000,0.8108,0.8127,0.8085,0.8091,1044738.6
1765627200000,0.8091,0.8119,0.8054,0.8077,838412.4
1765630800000,0.8078,0.809,0.8034,0.8049,1371184.9
1765634400000,0.805,0.8069,0.7973,0.8004,1564860.9
1765638000000,0.8004,0.809,0.8004,0.8037,1008979.4
1765641600000,0.8039,0.8098,0.8025,0.8086,1107685.7
1765645200000,0.8086,0.81,0.8049,0.8078,685724.2
1765648800000,0.8077,0.8138,0.8072,0.8089,929740.8
1765652400000,0.8088,0.8147,0.8085,0.8121,582838.2
1765656000000,0.8121,0.8151,0.8075,0.8083,707097.1
1765659600000,0.8082,0.809,0.8013,0.8067,918713.8
1765663200000,0.8067,0.8098,0.8033,0.8075,388092.0
1765666800000,0.8075,0.8094,0.8055,0.8077,464737.0
1765670400000,0.8076,0.8076,0.8034,0.8046,888135.5
1765674000000,0.8046,0.8065,0.8023,0.8046,701096.5
1765677600000,0.8046,0.8132,0.8043,0.8105,873547.8
1765681200000,0.8107,0.8126,0.8052,0.8054,526784.5
1765684800000,0.8054,0.8069,0.8002,0.8011,813786.1
1765688400000,0.8011,0.8023,0.7951,0.7976,1048522.4
1765692000000,0.7978,0.7999,0.7945,0.7993,784334.6
1765695600000,0.7993,0.8019,0.7966,0.7994,644448.9
1765699200000,0.7993,0.8015,0.7916,0.7927,1078579.2
1765702800000,0.7927,0.7998,0.7924,0.7971,1325161.2
1765706400000,0.797,0.7972,0.79,0.7926,1532335.9
1765710000000,0.7927,0.7938,0.7718,0.7838,7324676.2
1765713600000,0.7839,0.7909,0.7801,0.7887,1867193.5
1765717200000,0.7887,0.7891,0.7836,0.7888,1086004.0
1765720800000,0.7888,0.7914,0.7778,0.7817,2128925.8
1765724400000,0.7816,0.7836,0.778,0.7819,1113774.4
1765728000000,0.7819,0.7877,0.7788,0.7815,1360919.2
1765731600000,0.7814,0.7832,0.7666,0.7743,2982787.7
1765735200000,0.7742,0.7794,0.7714,0.7792,1323272.3
1765738800000,0.7791,0.7791,0.771,0.7738,784191.6
1765742400000,0.7737,0.778,0.7666,0.7709,1691669.8
1765746000000,0.7711,0.7735,0.7626,0.7653,1378290.2
1765749600000,0.7654,0.77,0.7603,0.7658,1203499.5
1765753200000,0.766,0.7701,0.7535,0.7627,2481503.9
1765756800000,0.7626,0.7703,0.7608,0.7684,1546020.9
1765760400000,0.7683,0.7828,0.7661,0.777,2447134.2
1765764000000,0.777,0.792,0.7764,0.7777,2445559.2
1765767600000,0.7776,0.7794,0.7735,0.7752,1521417.1
1765771200000,0.7752,0.7856,0.774,0.7842,1051150.7
1765774800000,0.7842,0.7876,0.783,0.7866,876037.4
1765778400000,0.7865,0.7931,0.7862,0.7884,1298642.5
1765782000000,0.7884,0.7897,0.778,0.7812,1396934.3
1765785600000,0.7812,0.7848,0.7784,0.7787,931039.5
1765789200000,0.7787,0.7844,0.7775,0.7824,893841.4
1765792800000,0.7825,0.7857,0.7794,0.7818,1127106.4
1765796400000,0.7819,0.7852,0.7796,0.7819,843034.3
1765800000000,0.7819,0.7827,0.7764,0.7814,1177128.3
1765803600000,0.7815,0.7817,0.7628,0.7642,4005885.4
1765807200000,0.7641,0.7749,0.7448,0.754,8147286.4
1765810800000,0.7539,0.7567,0.724,0.7304,10213286.2
1765814400000,0.7304,0.7325,0.7154,0.7211,4692028.1
1765818000000,0.7211,0.7252,0.7124,0.7153,3019081.3
1765821600000,0.7152,0.7182,0.7024,0.7169,4166121.5
1765825200000,0.717,0.7262,0.7167,0.7189,3239333.3
1765828800000,0.7188,0.7192,0.7092,0.7133,1783553.0
1765832400000,0.7134,0.7213,0.7121,0.7183,1575883.5
1765836000000,0.7183,0.7192,0.7143,0.7189,1053708.3
1765839600000,0.7189,0.725,0.7178,0.7222,1281256.6
1765843200000,0.7221,0.7246,0.7075,0.7084,2059381.5
1765846800000,0.7084,0.7147,0.7062,0.7101,1650151.6
1765850400000,0.7102,0.7145,0.7069,0.7107,1336913.0
1765854000000,0.7107,0.7124,0.7039,0.7117,1590847.1
1765857600000,0.7118,0.7131,0.6946,0.7065,2320668.1
1765861200000,0.7065,0.7133,0.7048,0.7088,1234866.0
1765864800000,0.7089,0.7137,0.7078,0.7123,1083614.3
1765868400000,0.7124,0.7145,0.6996,0.7033,1802477.5
1765872000000,0.7033,0.7088,0.7018,0.7052,1191503.4
1765875600000,0.7052,0.7112,0.7043,0.7106,1285346.4
1765879200000,0.7106,0.7246,0.7066,0.7184,2394272.2
1765882800000,0.7184,0.7209,0.7145,0.7208,1761106.9
1765886400000,0.7207,0.7256,0.7185,0.7199,1491992.7
1765890000000,0.7199,0.7339,0.711,0.7112,4097119.7
1765893600000,0.7113,0.7241,0.7046,0.7186,5507995.1
1765897200000,0.7187,0.7285,0.7072,0.7244,4210884.3
1765900800000,0.7244,0.7263,0.7145,0.7182,2631813.0
1765904400000,0.7182,0.7237,0.7112,0.7119,1900656.0
1765908000000,0.712,0.7264,0.71,0.7218,1873203.1
1765911600000,0.7217,0.7217,0.7086,0.714,1819376.9
1765915200000,0.7139,0.7216,0.7131,0.7182,1563921.6
1765918800000,0.7182,0.7249,0.7165,0.7227,1155944.0
1765922400000,0.7227,0.7264,0.722,0.7223,924456.1
1765926000000,0.7224,0.7231,0.719,0.7228,953176.5
1765929600000,0.7228,0.7228,0.7147,0.7174,964221.7
1765933200000,0.7174,0.7263,0.7163,0.7182,1096578.4
1765936800000,0.7181,0.7405,0.7172,0.7378,6972057.5
1765940400000,0.7377,0.7501,0.7324,0.7336,4115812.9
1765944000000,0.7337,0.7354,0.7237,0.726,2364530.0
1765947600000,0.7261,0.7266,0.715,0.7211,2128647.0
1765951200000,0.721,0.7277,0.7202,0.7239,1472414.3
1765954800000,0.724,0.7377,0.7229,0.7358,2063508.1
1765958400000,0.7358,0.7359,0.7233,0.7242,2100669.0
1765962000000,0.7243,0.726,0.7182,0.7215,1929094.2
1765965600000,0.7214,0.7254,0.7167,0.7181,1729044.5
1765969200000,0.718,0.727,0.7176,0.7217,1922342.1
1765972800000,0.7216,0.726,0.718,0.722,1649679.7
1765976400000,0.722,0.7349,0.7178,0.7334,2420488.9
1765980000000,0.7334,0.7585,0.7165,0.7572,7868814.7
1765983600000,0.7568,0.7837,0.7251,0.7293,19026285.4
1765987200000,0.7293,0.7379,0.7009,0.7077,10814039.2
1765990800000,0.7077,0.7103,0.6913,0.6918,5700383.9
1765994400000,0.6918,0.7019,0.6807,0.683,4236172.0
1765998000000,0.6829,0.6911,0.6759,0.691,3912704.8
1766001600000,0.6911,0.6968,0.6831,0.685,2053780.6
1766005200000,0.6849,0.6878,0.6756,0.6782,3230761.0
1766008800000,0.6783,0.6858,0.6739,0.6833,2294660.5
1766012400000,0.6833,0.6833,0.6757,0.6793,1573458.2
1766016000000,0.6794,0.687,0.6753,0.6868,1957638.0
1766019600000,0.6868,0.6868,0.6743,0.6798,2328482.5
1766023200000,0.6799,0.693,0.6766,0.6869,2514675.0
1766026800000,0.6868,0.687,0.6807,0.6817,1339859.8
1766030400000,0.6818,0.688,0.6813,0.6831,1404925.0
1766034000000,0.6829,0.6829,0.6674,0.6684,2939916.5
1766037600000,0.6684,0.6709,0.6655,0.6703,1596984.7
1766041200000,0.6702,0.6733,0.668,0.6698,1193168.8
1766044800000,0.6698,0.6859,0.6685,0.6789,3063836.1
1766048400000,0.6788,0.6867,0.6756,0.6823,3092812.8
1766052000000,0.6821,0.6926,0.6821,0.69,2482006.9
1766055600000,0.69,0.6902,0.6834,0.6856,1908945.6
1766059200000,0.6857,0.6868,0.6805,0.6819,1642803.6
1766062800000,0.6819,0.7117,0.6819,0.7066,7307565.6
1766066400000,0.7067,0.7167,0.6898,0.6989,6476537.4
1766070000000,0.699,0.7152,0.6904,0.7062,3889745.4
1766073600000,0.7061,0.7065,0.6913,0.6975,2625499.6
1766077200000,0.6975,0.6977,0.6515,0.6638,10792090.9
1766080800000,0.6638,0.6712,0.6512,0.6543,2809277.2
1766084400000,0.6542,0.655,0.6312,0.6329,6039059.0
1766088000000,0.6327,0.6464,0.6319,0.6368,3159297.6
1766091600000,0.6369,0.6555,0.6368,0.6555,3244652.8
1766095200000,0.6555,0.6591,0.6509,0.6516,1275629.2
1766098800000,0.6515,0.6515,0.6416,0.6422,1279541.2
1766102400000,0.6423,0.6463,0.6313,0.6383,2110680.5
1766106000000,0.6382,0.6382,0.6285,0.6333,1595040.1
1766109600000,0.6333,0.6438,0.63,0.6413,1682699.5
1766113200000,0.6412,0.6747,0.6412,0.6678,6308352.7
1766116800000,0.6679,0.6742,0.6672,0.6719,2181895.1
1766120400000,0.672,0.6723,0.6657,0.6694,1671194.2
1766124000000,0.6693,0.6738,0.6662,0.6735,1312357.9
1766127600000,0.6734,0.6882,0.6728,0.6785,3009568.0
1766131200000,0.6784,0.6879,0.6783,0.6829,1779479.9
1766134800000,0.6828,0.683,0.6759,0.6786,1336552.5
1766138400000,0.6786,0.6832,0.6766,0.6816,1174591.5
1766142000000,0.6816,0.6865,0.6805,0.683,1492578.9
1766145600000,0.6831,0.686,0.6808,0.6825,1420781.1
1766149200000,0.6826,0.684,0.6766,0.6807,1815833.3
1766152800000,0.6807,0.6948,0.6774,0.6861,3560300.5
1766156400000,0.6859,0.7069,0.6839,0.6943,5108875.4
1766160000000,0.6942,0.7147,0.6932,0.703,4678621.2
1766163600000,0.7031,0.7143,0.686,0.6868,5399669.8
1766167200000,0.6869,0.699,0.6865,0.695,2283582.1
1766170800000,0.6951,0.7141,0.6951,0.7092,2128443.6
1766174400000,0.7093,0.7173,0.7057,0.7155,2464708.9
1766178000000,0.7153,0.7156,0.704,0.7059,1263801.1
1766181600000,0.706,0.711,0.7055,0.7082,869744.5
1766185200000,0.7081,0.7102,0.7054,0.7097,711803.7
1766188800000,0.7097,0.7137,0.6999,0.7084,3907185.0
1766192400000,0.7083,0.7097,0.7025,0.7038,1218129.7
1766196000000,0.7038,0.7099,0.702,0.7052,1283630.3
1766199600000,0.7051,0.712,0.7013,0.7102,1832887.2
1766203200000,0.7102,0.7121,0.7052,0.7064,1222665.0
1766206800000,0.7064,0.7109,0.7062,0.7092,1010410.3
1766210400000,0.7092,0.7264,0.709,0.7264,3254117.2
1766214000000,0.7264,0.731,0.7167,0.7299,3439353.5
1766217600000,0.7298,0.737,0.7267,0.727,2540637.7
1766221200000,0.7269,0.7289,0.7216,0.7233,2222514.1
1766224800000,0.7231,0.7238,0.7115,0.7126,2233691.0
1766228400000,0.7126,0.7196,0.7108,0.719,1496892.2
1766232000000,0.7189,0.7219,0.7152,0.7181,915430.2
1766235600000,0.718,0.7213,0.7078,0.7159,2618825.7
1766239200000,0.7158,0.7219,0.7084,0.7205,2732271.5
1766242800000,0.7206,0.7207,0.7129,0.7152,1034320.1
1766246400000,0.7152,0.7208,0.7127,0.7194,1156996.9
1766250000000,0.7194,0.7254,0.716,0.7202,1197060.3
1766253600000,0.7203,0.7281,0.7169,0.7281,929822.7
1766257200000,0.7281,0.7359,0.7246,0.7271,2376193.5
1766260800000,0.727,0.7285,0.7242,0.7262,660948.7
1766264400000,0.7263,0.7317,0.726,0.7265,898733.9
1766268000000,0.7265,0.7287,0.7235,0.7278,1016651.8
1766271600000,0.7277,0.729,0.7208,0.7236,1500486.1
1766275200000,0.7235,0.7235,0.7163,0.7179,1387145.1
1766278800000,0.7179,0.7179,0.7061,0.7077,1986305.7
1766282400000,0.7076,0.7096,0.7018,0.7039,1679374.0
1766286000000,0.7038,0.7104,0.7028,0.7062,973836.0
1766289600000,0.7062,0.7084,0.7048,0.7055,601921.7
1766293200000,0.7054,0.7116,0.7051,0.7083,591388.5
1766296800000,0.7083,0.7168,0.707,0.7125,2169096.9
1766300400000,0.7125,0.7161,0.7112,0.7132,947725.9
1766304000000,0.7132,0.7256,0.7099,0.7173,3097616.5
1766307600000,0.7173,0.7249,0.7137,0.722,1483118.2
1766311200000,0.7221,0.7355,0.7165,0.7179,3658274.5
1766314800000,0.7179,0.7189,0.7126,0.7136,1423897.5
1766318400000,0.7137,0.7198,0.707,0.7101,2060348.8
1766322000000,0.7101,0.7108,0.6862,0.688,4895811.7
1766325600000,0.6879,0.6994,0.6865,0.6959,2857719.9
1766329200000,0.6958,0.6993,0.6904,0.6962,1541473.4
1766332800000,0.6962,0.6994,0.6901,0.6983,1845944.1
1766336400000,0.6983,0.7035,0.6936,0.6956,1656323.8
1766340000000,0.6954,0.6962,0.687,0.6947,1529302.6
1766343600000,0.6948,0.7014,0.6921,0.7003,1187331.2
1766347200000,0.7002,0.7009,0.6945,0.6951,923882.6
1766350800000,0.6952,0.7025,0.6941,0.6969,1280335.0
1766354400000,0.6968,0.7097,0.6954,0.7088,1525720.6
1766358000000,0.7089,0.7153,0.7061,0.7083,1399154.1
1766361600000,0.7082,0.7295,0.7079,0.7157,3700361.9
1766365200000,0.7156,0.7304,0.715,0.7166,1844385.8
1766368800000,0.7166,0.7168,0.7033,0.7152,2092907.7
1766372400000,0.7151,0.7234,0.7118,0.7206,1007839.1
1766376000000,0.7206,0.7313,0.7205,0.7278,1907747.9
1766379600000,0.7277,0.7318,0.7245,0.7255,1417947.3
1766383200000,0.7254,0.729,0.7185,0.7244,1427357.9
1766386800000,0.7243,0.7403,0.723,0.7292,3736802.7
1766390400000,0.7291,0.7358,0.7211,0.7226,2781932.4
1766394000000,0.7226,0.7242,0.7182,0.7226,1412465.4
1766397600000,0.7227,0.7257,0.7197,0.724,1197632.8
1766401200000,0.724,0.7336,0.7212,0.729,1445653.1
1766404800000,0.729,0.7404,0.7283,0.7332,1767039.3
1766408400000,0.7332,0.7341,0.7198,0.7236,1665826.7
1766412000000,0.7237,0.73,0.7153,0.7249,2879969.4
1766415600000,0.7248,0.7294,0.7121,0.7212,3037797.4
1766419200000,0.7213,0.7243,0.7151,0.7183,1470574.9
1766422800000,0.7182,0.7217,0.711,0.7197,1218882.6
1766426400000,0.7196,0.7243,0.7152,0.7176,1301161.2
1766430000000,0.7175,0.7176,0.6955,0.6975,3517652.3
1766433600000,0.6975,0.7029,0.692,0.6997,3405791.2
1766437200000,0.6996,0.7079,0.6995,0.7048,1178968.4
1766440800000,0.7047,0.7127,0.7014,0.7118,1119507.6
1766444400000,0.712,0.7122,0.7057,0.7099,985222.6
1766448000000,0.7098,0.7175,0.7075,0.7135,1527525.0
1766451600000,0.7135,0.7154,0.7076,0.7106,1180324.4
1766455200000,0.7107,0.7153,0.7029,0.7033,1474380.0
1766458800000,0.7034,0.704,0.6977,0.7003,1250635.3
1766462400000,0.7003,0.7044,0.6963,0.6966,1912094.5
1766466000000,0.6966,0.7008,0.693,0.6983,1411617.4
1766469600000,0.6982,0.7016,0.691,0.6961,2135883.4
1766473200000,0.6961,0.6986,0.6927,0.6952,1207261.1
1766476800000,0.6953,0.7004,0.6937,0.6955,1273015.0
1766480400000,0.6954,0.6985,0.6924,0.6976,792045.3
1766484000000,0.6976,0.707,0.6974,0.7053,1196085.4
1766487600000,0.7052,0.7058,0.7007,0.7018,830575.4
1766491200000,0.7019,0.7019,0.6936,0.696,1082680.1
1766494800000,0.696,0.7001,0.6884,0.6907,1986748.0
1766498400000,0.6906,0.6951,0.676,0.6825,4535219.0
1766502000000,0.6825,0.6966,0.6788,0.6954,3513249.6
1766505600000,0.6954,0.7082,0.6927,0.7054,2450509.5
1766509200000,0.7053,0.7104,0.6937,0.6951,2967297.4
1766512800000,0.6952,0.7098,0.6948,0.7065,2332508.7
1766516400000,0.7066,0.7094,0.6997,0.7031,1374709.0
1766520000000,0.7031,0.7159,0.7015,0.7092,1391408.6
1766523600000,0.7093,0.7109,0.7039,0.7052,1354370.0
1766527200000,0.7051,0.7072,0.6983,0.7001,1195305.8
1766530800000,0.7,0.7033,0.6978,0.7006,831389.6
1766534400000,0.7007,0.7034,0.6985,0.7017,889138.4
1766538000000,0.7017,0.7048,0.6931,0.6958,1014372.0
1766541600000,0.6958,0.6958,0.6636,0.6672,9670643.8
1766545200000,0.6671,0.6725,0.6495,0.672,10314689.2
1766548800000,0.672,0.6764,0.6645,0.6662,2105181.0
1766552400000,0.6663,0.6724,0.6642,0.6671,1821887.1
1766556000000,0.667,0.6709,0.6649,0.6695,828401.4
1766559600000,0.6695,0.6712,0.6645,0.6674,1181940.8
1766563200000,0.6675,0.6688,0.6626,0.666,1318297.6
1766566800000,0.6661,0.67,0.6657,0.667,766950.0
1766570400000,0.6669,0.6716,0.6665,0.6682,859120.5
1766574000000,0.668,0.6726,0.6679,0.6702,1056607.0
1766577600000,0.6702,0.6757,0.6666,0.6743,1579182.7
1766581200000,0.6742,0.6762,0.6716,0.674,1052035.5
1766584800000,0.6741,0.6837,0.6689,0.6807,2545337.2
1766588400000,0.6806,0.6869,0.672,0.6861,3012906.9
1766592000000,0.6861,0.6985,0.6834,0.6955,2874440.0
1766595600000,0.6956,0.6984,0.6875,0.6888,1803007.9
1766599200000,0.6886,0.6916,0.6864,0.6897,988663.6
1766602800000,0.6896,0.6918,0.6857,0.6907,739068.5
1766606400000,0.6907,0.697,0.6903,0.692,1934005.2
1766610000000,0.692,0.6969,0.6917,0.696,885208.5
1766613600000,0.696,0.7028,0.6954,0.7014,1110775.0
1766617200000,0.7015,0.7029,0.697,0.6978,861668.2
1766620800000,0.6979,0.6981,0.69,0.6909,1290453.7
1766624400000,0.6909,0.6969,0.6906,0.6955,932311.0
1766628000000,0.6953,0.7023,0.6932,0.7,753816.3
1766631600000,0.7,0.7019,0.6966,0.6983,961777.0
1766635200000,0.6982,0.7014,0.696,0.7,1016502.8
1766638800000,0.6998,0.7,0.6966,0.6978,445471.9
1766642400000,0.6978,0.6988,0.6958,0.6972,426079.2
1766646000000,0.6972,0.7031,0.6932,0.7013,857636.5
1766649600000,0.7013,0.7048,0.6948,0.6972,1460684.6
1766653200000,0.6972,0.6976,0.6922,0.694,808712.9
1766656800000,0.694,0.694,0.6836,0.6869,1360784.0
1766660400000,0.6871,0.6914,0.6867,0.6902,731141.3
1766664000000,0.6901,0.698,0.6887,0.6976,1151926.2
1766667600000,0.6976,0.6983,0.6923,0.6959,1141218.8
1766671200000,0.6959,0.6962,0.6868,0.6903,1254313.7
1766674800000,0.6904,0.7017,0.6877,0.6972,2114615.8
1766678400000,0.6973,0.7031,0.6859,0.6875,3272356.6
1766682000000,0.6875,0.6923,0.6857,0.6904,1264880.4
1766685600000,0.6905,0.6938,0.6883,0.6916,865581.7
1766689200000,0.6916,0.6926,0.6889,0.6922,540062.5
1766692800000,0.6923,0.6937,0.6895,0.692,583910.9
1766696400000,0.692,0.6958,0.6909,0.6928,564991.3
1766700000000,0.6928,0.6939,0.6727,0.677,1669178.9
1766703600000,0.6773,0.682,0.668,0.6705,2542902.7
1766707200000,0.6704,0.6741,0.6663,0.6719,1826253.0
1766710800000,0.6719,0.6808,0.67,0.6806,1221440.8
1766714400000,0.6805,0.7122,0.6798,0.701,5157409.0
1766718000000,0.701,0.703,0.6948,0.6989,1943570.8
1766721600000,0.6988,0.7024,0.6926,0.6997,1286686.7
1766725200000,0.6997,0.7048,0.6975,0.7039,775918.7
1766728800000,0.704,0.7101,0.7005,0.7028,1803501.3
1766732400000,0.7028,0.7068,0.6929,0.6946,1259536.2
1766736000000,0.6946,0.701,0.6939,0.6995,1360286.9
1766739600000,0.6995,0.7084,0.6972,0.7047,1400467.4
1766743200000,0.7047,0.707,0.7031,0.705,672490.0
1766746800000,0.7048,0.7066,0.7019,0.7055,810274.8
1766750400000,0.7054,0.7084,0.704,0.707,719253.2
1766754000000,0.7071,0.7205,0.705,0.7186,1566513.4
1766757600000,0.7187,0.7188,0.6903,0.693,3912942.4
1766761200000,0.693,0.695,0.6833,0.6911,3715753.1
1766764800000,0.6912,0.6939,0.6802,0.6819,2448053.6
1766768400000,0.6818,0.6918,0.6814,0.6888,1382909.8
1766772000000,0.6886,0.6944,0.6882,0.6912,1100321.9
1766775600000,0.6912,0.6978,0.6905,0.6953,588392.7
1766779200000,0.6953,0.6993,0.6934,0.6968,661286.8
1766782800000,0.6968,0.6984,0.6926,0.6928,629493.5
1766786400000,0.6928,0.6959,0.6898,0.6956,958990.0
1766790000000,0.6955,0.696,0.6933,0.6943,468709.8
1766793600000,0.6943,0.699,0.6934,0.6976,965926.6
1766797200000,0.6978,0.7028,0.6948,0.7028,975396.3
1766800800000,0.7028,0.7037,0.6985,0.7004,714404.3
1766804400000,0.7005,0.7044,0.6995,0.7035,1330877.9
1766808000000,0.7036,0.704,0.6988,0.6994,888300.8
1766811600000,0.6995,0.7009,0.6973,0.6991,606080.8
1766815200000,0.6992,0.7007,0.6981,0.6992,583712.6
1766818800000,0.6992,0.7022,0.6974,0.6982,733514.3
1766822400000,0.6982,0.6998,0.6955,0.6955,605242.7
1766826000000,0.6956,0.7001,0.6953,0.697,792741.0
1766829600000,0.697,0.698,0.6886,0.6956,1238812.3
1766833200000,0.6956,0.6993,0.6943,0.6977,901230.7
1766836800000,0.6979,0.6999,0.6962,0.6987,663386.3
1766840400000,0.6987,0.6994,0.6932,0.6954,627257.7
1766844000000,0.6954,0.7004,0.6934,0.7,792012.9
1766847600000,0.7001,0.7073,0.6969,0.7043,2217877.5
1766851200000,0.7044,0.7078,0.7007,0.7016,2483535.7
1766854800000,0.7016,0.7105,0.7011,0.7051,1333298.6
1766858400000,0.7051,0.7056,0.7008,0.7027,685483.4
1766862000000,0.7027,0.7027,0.6976,0.6997,725651.6
1766865600000,0.6998,0.7031,0.6984,0.7,538415.7
1766869200000,0.7001,0.7061,0.7,0.7057,539245.0
1766872800000,0.7058,0.7125,0.7017,0.7027,999976.1
1766876400000,0.7028,0.7143,0.7028,0.7097,862126.1
1766880000000,0.7096,0.7117,0.7063,0.7092,617070.3
1766883600000,0.7092,0.7114,0.7053,0.7075,954456.2
1766887200000,0.7075,0.7135,0.7065,0.7124,572101.7
1766890800000,0.7125,0.7131,0.7093,0.7115,466260.3
1766894400000,0.7114,0.7117,0.7043,0.7051,1199410.9
1766898000000,0.7051,0.7077,0.7028,0.7053,803988.1
1766901600000,0.7053,0.7108,0.7048,0.7097,806975.2
1766905200000,0.7097,0.7103,0.7061,0.7069,481872.3
1766908800000,0.707,0.71,0.7051,0.7066,795853.2
1766912400000,0.7066,0.7089,0.7021,0.7052,1060505.8
1766916000000,0.7053,0.7097,0.705,0.7069,441146.5
1766919600000,0.7069,0.7086,0.7029,0.7047,661640.9
1766923200000,0.7048,0.7052,0.7014,0.7021,647776.1
1766926800000,0.7021,0.7048,0.7003,0.7025,682541.3
1766930400000,0.7024,0.7092,0.7024,0.7055,809499.3
1766934000000,0.7055,0.709,0.702,0.7022,752064.6
1766937600000,0.7022,0.7057,0.6994,0.7023,840432.8
1766941200000,0.7022,0.706,0.6996,0.7003,515706.6
1766944800000,0.7004,0.7013,0.6902,0.6911,2069551.1
1766948400000,0.6911,0.6948,0.6893,0.6903,738453.4
1766952000000,0.6902,0.6924,0.6869,0.6896,982468.7
1766955600000,0.6895,0.6911,0.6873,0.6897,600053.4
1766959200000,0.6898,0.696,0.6878,0.6947,670571.7
1766962800000,0.6946,0.6987,0.6905,0.6976,993472.8
1766966400000,0.6976,0.7067,0.6942,0.7034,2147793.9
1766970000000,0.7033,0.71,0.6939,0.7077,2610361.1
1766973600000,0.7078,0.7161,0.7044,0.7087,2738907.4
1766977200000,0.7087,0.7239,0.7071,0.7232,2452969.7
1766980800000,0.7231,0.7255,0.7167,0.7168,2953641.6
1766984400000,0.7168,0.718,0.7127,0.7148,1715734.4
1766988000000,0.7148,0.7206,0.7105,0.7126,1707052.5
1766991600000,0.7126,0.7139,0.7066,0.7129,1211221.9
1766995200000,0.713,0.718,0.7115,0.713,1346949.1
1766998800000,0.7129,0.7132,0.6924,0.6974,2771763.2
1767002400000,0.6973,0.7046,0.6956,0.7008,1272625.8
1767006000000,0.7007,0.7014,0.6954,0.6959,783930.1
1767009600000,0.696,0.6961,0.6778,0.6876,4052546.3
1767013200000,0.6876,0.6895,0.6811,0.6833,1256276.6
1767016800000,0.6833,0.6972,0.6795,0.683,5468048.1
1767020400000,0.6831,0.6945,0.6821,0.6866,3605917.7
1767024000000,0.6866,0.689,0.681,0.684,1932958.1
1767027600000,0.6841,0.6921,0.6818,0.6909,2548695.9
1767031200000,0.6909,0.6916,0.6834,0.685,1634117.7
1767034800000,0.685,0.6903,0.6801,0.6827,3226514.4
1767038400000,0.6827,0.6923,0.6793,0.6817,3388869.1
1767042000000,0.6816,0.6886,0.6813,0.6851,1170783.9
1767045600000,0.6852,0.6859,0.6825,0.6831,558967.8
1767049200000,0.6831,0.6836,0.6773,0.6795,1052164.2
1767052800000,0.6796,0.6831,0.6748,0.6787,1366629.3
1767056400000,0.6787,0.6796,0.6754,0.6773,812248.1
1767060000000,0.6774,0.6799,0.6742,0.6773,1252107.9
1767063600000,0.6775,0.6801,0.6712,0.6777,1940426.4
1767067200000,0.6779,0.6824,0.6754,0.6803,1336336.2
1767070800000,0.6802,0.6811,0.6731,0.6758,954434.8
1767074400000,0.6759,0.6817,0.6754,0.6796,1021613.1
1767078000000,0.6796,0.6846,0.6786,0.68,1185634.7
1767081600000,0.68,0.6929,0.6798,0.6818,2099948.4
1767085200000,0.6818,0.6866,0.6802,0.6832,944075.0
1767088800000,0.6832,0.6851,0.6814,0.6829,916815.8
1767092400000,0.683,0.6848,0.6808,0.6833,629368.8
1767096000000,0.6834,0.6841,0.6779,0.6789,1571690.2
1767099600000,0.6789,0.685,0.6778,0.6843,1505196.7
1767103200000,0.6845,0.6908,0.6745,0.687,2937585.5
1767106800000,0.6869,0.692,0.68,0.6914,1753087.7
1767110400000,0.6914,0.695,0.6808,0.6842,1894750.7
1767114000000,0.6842,0.6857,0.6754,0.6783,1514673.7
1767117600000,0.6783,0.6798,0.6754,0.6781,659374.1
1767121200000,0.6781,0.6817,0.6717,0.6805,1410638.9
1767124800000,0.6805,0.6806,0.6757,0.6769,694538.4
1767128400000,0.6769,0.6807,0.6761,0.6783,746063.0
1767132000000,0.6784,0.6813,0.676,0.6769,550094.0
1767135600000,0.6769,0.6787,0.6755,0.6774,756817.8
1767139200000,0.6774,0.6774,0.6729,0.675,751766.6
1767142800000,0.675,0.685,0.6736,0.6819,1445986.5
1767146400000,0.6818,0.6846,0.6771,0.6787,1347632.2
1767150000000,0.6787,0.6808,0.6751,0.6781,785366.5
1767153600000,0.6781,0.68,0.676,0.6761,817404.9
1767157200000,0.6762,0.6781,0.675,0.6762,537462.1
1767160800000,0.6762,0.6781,0.6748,0.6764,605558.0
1767164400000,0.6763,0.6771,0.674,0.6751,607341.2
1767168000000,0.6751,0.6789,0.6702,0.6706,1214018.9
1767171600000,0.6706,0.676,0.6703,0.6752,804144.4
1767175200000,0.6752,0.6771,0.6721,0.6733,579823.2
1767178800000,0.6733,0.681,0.6728,0.6806,1308665.7
1767182400000,0.6805,0.6841,0.6759,0.6776,2913578.3
1767186000000,0.6776,0.6837,0.6769,0.6811,1454832.5
1767189600000,0.6809,0.688,0.6713,0.6772,3985532.0
1767193200000,0.6771,0.6792,0.6677,0.6708,2515559.2
1767196800000,0.6709,0.6738,0.6485,0.6567,4300259.2
1767200400000,0.6566,0.6566,0.6402,0.6443,4789915.9
1767204000000,0.6444,0.6475,0.6403,0.6415,2388768.8
1767207600000,0.6416,0.6514,0.6415,0.6446,1282394.7
1767211200000,0.6447,0.6469,0.6383,0.6446,1758741.3
1767214800000,0.6447,0.6453,0.6414,0.6424,828041.0
1767218400000,0.6422,0.6481,0.6422,0.6463,1378052.2
1767222000000,0.6463,0.6484,0.644,0.6448,762611.2
1767225600000,0.6449,0.6534,0.6449,0.6491,1983722.4
1767229200000,0.649,0.6566,0.6476,0.6494,3147296.8
1767232800000,0.6495,0.6515,0.6474,0.65,916481.2
1767236400000,0.65,0.6509,0.6455,0.6467,1510371.4
1767240000000,0.6468,0.6471,0.6415,0.6431,1118559.0
1767243600000,0.6431,0.6464,0.6426,0.6454,962952.5
1767247200000,0.6453,0.6474,0.6423,0.6426,641080.5
1767250800000,0.6426,0.647,0.6426,0.6445,845148.6
1767254400000,0.6444,0.6478,0.6432,0.6473,842751.8
1767258000000,0.6473,0.6532,0.6473,0.6511,976221.7
1767261600000,0.6511,0.6536,0.6496,0.6536,485849.4
1767265200000,0.6536,0.6575,0.6518,0.6569,717196.3
1767268800000,0.657,0.6576,0.6506,0.6514,871128.8
1767272400000,0.6514,0.6627,0.6506,0.6622,1207062.0
1767276000000,0.6623,0.6669,0.66,0.6638,1830781.0
1767279600000,0.6638,0.6844,0.6617,0.6822,5360716.5
1767283200000,0.6822,0.6828,0.6718,0.677,2764991.4
1767286800000,0.6771,0.6842,0.6761,0.6792,1622319.2
1767290400000,0.6792,0.6796,0.6755,0.6764,763918.9
1767294000000,0.6763,0.6867,0.6753,0.6866,1368122.5
1767297600000,0.6867,0.6883,0.6794,0.6838,1235720.4
1767301200000,0.684,0.6889,0.6825,0.6848,1630313.7
1767304800000,0.6848,0.6945,0.6843,0.6937,1475613.8
1767308400000,0.6936,0.7004,0.6919,0.6987,2182054.8
1767312000000,0.6986,0.701,0.6919,0.6968,1451303.7
1767315600000,0.6967,0.6983,0.6926,0.6949,867289.3
1767319200000,0.695,0.6974,0.6902,0.697,967859.8
1767322800000,0.6969,0.7063,0.694,0.7049,2089684.2
1767326400000,0.7049,0.71,0.7,0.7052,1884618.2
1767330000000,0.7052,0.7071,0.6994,0.7063,960258.2
1767333600000,0.7064,0.7167,0.7064,0.7119,2312816.2
1767337200000,0.7119,0.7134,0.7054,0.7083,1348368.8
1767340800000,0.7083,0.7144,0.7074,0.7137,1146538.1
1767344400000,0.7136,0.7291,0.7123,0.7254,2875779.0
1767348000000,0.7255,0.7339,0.7244,0.7279,2717906.0
1767351600000,0.7279,0.728,0.7155,0.7196,2101719.8
1767355200000,0.7195,0.735,0.7155,0.7308,2873964.8
1767358800000,0.7308,0.7379,0.7285,0.7334,2675401.1
1767362400000,0.7334,0.7437,0.7166,0.737,6756913.9
1767366000000,0.737,0.7468,0.7274,0.736,5443137.7
1767369600000,0.736,0.7524,0.7333,0.7486,4723507.1
1767373200000,0.7487,0.7556,0.7414,0.7455,3625813.5
1767376800000,0.7454,0.7552,0.7416,0.7479,2909056.3
1767380400000,0.748,0.763,0.7474,0.758,2907701.7
1767384000000,0.758,0.7599,0.7484,0.7521,2531968.8
1767387600000,0.752,0.7664,0.7512,0.7654,1711338.3
1767391200000,0.7655,0.7926,0.7636,0.7826,4366501.1
1767394800000,0.7827,0.7849,0.7737,0.7788,3263944.1
1767398400000,0.7787,0.7865,0.7749,0.7793,1840950.8
1767402000000,0.7792,0.7897,0.7771,0.7887,1614304.7
1767405600000,0.7888,0.8023,0.7843,0.8009,3132746.3
1767409200000,0.801,0.8633,0.8002,0.8544,14312887.0
1767412800000,0.8546,0.867,0.8352,0.8582,14077530.3
1767416400000,0.8584,0.8879,0.8582,0.8781,16802835.7
1767420000000,0.8781,0.8952,0.8254,0.8414,23328484.5
1767423600000,0.8413,0.853,0.8296,0.8396,15026667.9
1767427200000,0.8396,0.8486,0.81,0.8128,14297585.2
1767430800000,0.8128,0.8265,0.8087,0.8206,7427959.2
1767434400000,0.8206,0.8256,0.8131,0.8211,3531501.0
1767438000000,0.821,0.8243,0.8095,0.8169,4257709.9
1767441600000,0.8166,0.8241,0.8109,0.823,3483548.9
1767445200000,0.823,0.84,0.8177,0.8347,8443783.0
1767448800000,0.8347,0.8422,0.8299,0.8387,4637800.5
1767452400000,0.8388,0.8388,0.8262,0.8325,4360046.6
1767456000000,0.8324,0.8478,0.8322,0.8356,5524791.1
1767459600000,0.8357,0.8464,0.8326,0.8394,3022512.3
1767463200000,0.8395,0.8453,0.8342,0.8452,3168162.4
1767466800000,0.8451,0.8506,0.8412,0.8469,2740583.0
1767470400000,0.8468,0.8475,0.8359,0.8438,3124816.0
1767474000000,0.8438,0.8479,0.8393,0.8434,1519214.7
1767477600000,0.8434,0.855,0.84,0.8537,2370999.2
1767481200000,0.8537,0.8883,0.8534,0.8742,8780754.5
1767484800000,0.8743,0.8859,0.8521,0.862,9759784.9
1767488400000,0.8623,0.8645,0.8498,0.8583,3173167.8
1767492000000,0.8583,0.88,0.8561,0.8594,4019368.0
1767495600000,0.8593,0.8807,0.8577,0.8734,5781638.3
1767499200000,0.8735,0.879,0.8665,0.8695,3114009.6
1767502800000,0.8695,0.8775,0.8657,0.8741,3377520.1
1767506400000,0.8741,0.8749,0.8512,0.8546,4204614.0
1767510000000,0.8547,0.8681,0.8536,0.8647,2551028.6
1767513600000,0.8647,0.8692,0.8539,0.8647,3131448.0
1767517200000,0.8648,0.8675,0.8567,0.862,2272008.7
1767520800000,0.8619,0.8716,0.8601,0.8661,4777290.7
1767524400000,0.866,0.882,0.8592,0.8762,4306103.9
1767528000000,0.8762,0.8978,0.8672,0.8701,7793629.1
1767531600000,0.8703,0.8846,0.863,0.8826,4288339.9
1767535200000,0.8825,0.905,0.8744,0.9003,8158712.7
1767538800000,0.9003,0.9191,0.8942,0.9036,7192031.0
1767542400000,0.9035,0.9121,0.8975,0.9045,4712698.0
1767546000000,0.9043,0.9131,0.8998,0.9006,3108298.5
1767549600000,0.9008,0.9039,0.883,0.897,3792475.5
1767553200000,0.8969,0.8986,0.8756,0.8896,3130672.4
1767556800000,0.8897,0.8972,0.8873,0.8947,1369360.7
1767560400000,0.8947,0.9051,0.8889,0.8973,2198242.9
1767564000000,0.8973,0.9099,0.8936,0.8974,2565492.8
1767567600000,0.8975,0.9088,0.8975,0.9048,2477501.5
1767571200000,0.9047,0.9217,0.8978,0.9172,7229922.4
1767574800000,0.9171,1.0155,0.9146,1.0037,25414899.0
1767578400000,1.0037,1.0485,0.9843,1.0442,17062093.1
1767582000000,1.044,1.0593,1.0159,1.0349,15513166.6
1767585600000,1.0349,1.0492,1.0035,1.0178,12415282.8
1767589200000,1.0177,1.05,1.0133,1.0288,12960683.0
1767592800000,1.0287,1.07,1.0272,1.0632,18652747.1
1767596400000,1.0633,1.0968,1.0592,1.0866,25623526.4
1767600000000,1.0864,1.096,1.0551,1.0637,20853735.1
1767603600000,1.0637,1.0659,1.0363,1.0412,15816496.6
1767607200000,1.0412,1.0619,1.036,1.0584,11997529.1
1767610800000,1.0584,1.088,1.053,1.0785,15997000.4
1767614400000,1.0786,1.0861,1.0541,1.0618,12444902.7
1767618000000,1.062,1.0705,1.05,1.064,12376957.2
1767621600000,1.064,1.1409,1.0541,1.1253,34273511.9
1767625200000,1.1254,1.1303,1.101,1.1093,20715345.0
1767628800000,1.1094,1.1126,1.0755,1.083,14369952.8
1767632400000,1.0831,1.1296,1.0825,1.1202,18250599.0
1767636000000,1.1203,1.149,1.1145,1.1325,18421751.2
1767639600000,1.1325,1.1337,1.1161,1.1192,9672402.9
1767643200000,1.1193,1.1317,1.0976,1.1048,13776828.8
1767646800000,1.1047,1.1147,1.0934,1.0939,7603817.1
1767650400000,1.0939,1.1128,1.0934,1.1021,5894033.7
1767654000000,1.1021,1.1023,1.0867,1.0916,5184527.0
1767657600000,1.0916,1.0922,1.0692,1.0848,9212738.8
1767661200000,1.0847,1.0947,1.0719,1.0915,8500097.2
1767664800000,1.0916,1.1316,1.088,1.1273,14387704.3
1767668400000,1.1272,1.1411,1.1124,1.1186,13126908.1
1767672000000,1.1185,1.1686,1.1145,1.1548,16798015.4
1767675600000,1.1547,1.1547,1.0943,1.1,14615454.8
1767679200000,1.1001,1.1104,1.0911,1.102,10085039.5
1767682800000,1.1021,1.1245,1.0818,1.0955,12758739.8
1767686400000,1.0955,1.1217,1.0955,1.106,7880496.2
1767690000000,1.1062,1.1151,1.0965,1.1015,4156610.6
1767693600000,1.1015,1.1138,1.0985,1.1074,3000442.1
1767697200000,1.1075,1.1197,1.1057,1.1105,5362648.0
1767700800000,1.1104,1.1465,1.1093,1.1329,7380590.1
1767704400000,1.1328,1.1431,1.1222,1.1332,5342995.0
1767708000000,1.1333,1.1397,1.1032,1.1112,8849037.8
1767711600000,1.1112,1.1281,1.1009,1.1195,8024873.3
1767715200000,1.1195,1.1277,1.0836,1.1051,12689117.9
1767718800000,1.1051,1.1201,1.0779,1.0808,9587095.5
1767722400000,1.0806,1.1086,1.0742,1.1004,8043883.4
1767726000000,1.1005,1.1154,1.099,1.1059,3309706.5
1767729600000,1.1062,1.1255,1.1041,1.1243,3606686.2
1767733200000,1.1242,1.1903,1.1134,1.1857,11913303.3
1767736800000,1.1856,1.1979,1.1503,1.1625,11059609.9
1767740400000,1.1626,1.1682,1.1363,1.1438,6410386.6
1767744000000,1.1437,1.1598,1.1159,1.1168,8392009.8
1767747600000,1.1168,1.1261,1.0893,1.0994,7734459.0
1767751200000,1.0993,1.1227,1.094,1.1196,4934898.3
1767754800000,1.1196,1.1464,1.1108,1.132,6958366.7
1767758400000,1.1323,1.1333,1.1133,1.1143,4662490.6
1767762000000,1.1144,1.1424,1.1134,1.121,4796354.2
1767765600000,1.1209,1.1304,1.1144,1.1239,3164158.4
1767769200000,1.1239,1.1415,1.1195,1.127,3756184.9
1767772800000,1.1269,1.1303,1.1163,1.1188,3725036.2
1767776400000,1.1189,1.1218,1.0922,1.0984,6874429.2
1767780000000,1.0984,1.1041,1.0908,1.0949,3250055.7
1767783600000,1.0948,1.113,1.0935,1.0992,2987417.3
1767787200000,1.0992,1.0995,1.0813,1.0848,4654031.9
1767790800000,1.0849,1.0887,1.068,1.0796,6078892.9
1767794400000,1.0796,1.0896,1.0563,1.0856,10277392.6
1767798000000,1.0857,1.0876,1.0589,1.0632,8519723.0
1767801600000,1.0632,1.071,1.0498,1.0528,5611633.5
1767805200000,1.0528,1.0638,1.0494,1.0606,2825821.4
1767808800000,1.0607,1.0668,1.0527,1.0578,3083277.5
1767812400000,1.0577,1.0647,1.0467,1.0615,3277388.9
1767816000000,1.0615,1.0707,1.0523,1.0603,2349302.0
1767819600000,1.0602,1.0669,1.0558,1.0606,1698523.5
1767823200000,1.0606,1.0663,1.0491,1.0502,2481037.3
1767826800000,1.05,1.0586,1.0408,1.0474,3021860.1
1767830400000,1.0474,1.0588,1.0373,1.0551,3575608.8
1767834000000,1.0552,1.0736,1.053,1.0543,4314871.1
1767837600000,1.0544,1.0555,1.026,1.032,6204175.0
1767841200000,1.0321,1.0329,1.008,1.0169,7265994.2
1767844800000,1.0168,1.0367,1.0167,1.0296,4179195.8
1767848400000,1.0296,1.0456,1.0279,1.0317,2620160.6
1767852000000,1.0318,1.0353,1.019,1.0207,3270269.1
1767855600000,1.0207,1.0533,1.016,1.0316,7352551.8
1767859200000,1.0316,1.0633,1.0301,1.045,5490304.0
1767862800000,1.0451,1.057,1.0201,1.0238,5619743.0
1767866400000,1.0239,1.0538,1.0167,1.0439,5957989.3
1767870000000,1.044,1.044,1.016,1.0264,5433392.2
1767873600000,1.0265,1.0282,1.0001,1.0056,5332959.9
1767877200000,1.0057,1.0158,1.0011,1.0077,4828825.1
1767880800000,1.0077,1.039,0.9925,1.033,9941985.0
1767884400000,1.033,1.1245,1.0286,1.12,21770690.3
1767888000000,1.1203,1.1232,1.0813,1.0956,8545511.3
1767891600000,1.0957,1.1035,1.0827,1.0916,3604972.7
1767895200000,1.0916,1.0931,1.0704,1.0784,3521991.6
1767898800000,1.0783,1.0929,1.064,1.0668,3815180.6
1767902400000,1.0668,1.0668,1.0474,1.0624,3590589.3
1767906000000,1.0624,1.0836,1.059,1.0816,2699114.3
1767909600000,1.0816,1.0882,1.0633,1.0685,2481158.4
1767913200000,1.0684,1.072,1.0589,1.0621,1607592.9
1767916800000,1.062,1.0643,1.0551,1.0569,1966606.8
1767920400000,1.057,1.0675,1.033,1.0378,5381770.2
1767924000000,1.0379,1.0626,1.035,1.0428,3934582.0
1767927600000,1.0428,1.0536,1.036,1.0508,3508501.7
1767931200000,1.0508,1.0535,1.0388,1.0413,1897743.2
1767934800000,1.0413,1.0473,1.0406,1.0446,1225739.1
1767938400000,1.0445,1.0486,1.0396,1.0469,1504800.3
1767942000000,1.0468,1.0471,1.0371,1.0401,1566440.7
1767945600000,1.0401,1.0466,1.0229,1.0322,4017397.4
1767949200000,1.0322,1.0462,1.0312,1.0351,3290071.6
1767952800000,1.0351,1.0509,1.0318,1.0439,1917317.4
1767956400000,1.0439,1.0561,1.037,1.0492,2261139.8
1767960000000,1.0491,1.058,1.0391,1.0399,2287758.1
1767963600000,1.0399,1.0667,1.0395,1.0624,4120252.4
1767967200000,1.0625,1.0628,1.038,1.0427,4698541.4
1767970800000,1.0427,1.1034,1.0383,1.074,12946335.0
1767974400000,1.0739,1.0954,1.0707,1.0933,5252081.5
1767978000000,1.0934,1.0963,1.0658,1.0856,3505810.7
1767981600000,1.0855,1.0904,1.0489,1.0647,3497855.2
1767985200000,1.0646,1.0674,1.0382,1.0472,5298254.3
1767988800000,1.0472,1.0631,1.0446,1.0554,2054256.0
1767992400000,1.0555,1.0798,1.0509,1.0714,2737246.5
1767996000000,1.0713,1.0883,1.0666,1.0738,2751285.1
1767999600000,1.0737,1.0737,1.0601,1.0618,1748206.2
1768003200000,1.0618,1.0671,1.0538,1.0558,1881077.2
1768006800000,1.0557,1.0715,1.055,1.0576,1544700.7
1768010400000,1.0575,1.0668,1.0452,1.0474,2306608.0
1768014000000,1.0473,1.0524,1.0407,1.0458,2097570.4
1768017600000,1.0459,1.0472,1.0333,1.0369,2585573.3
1768021200000,1.037,1.0419,1.0337,1.0377,1151654.6
1768024800000,1.0377,1.0515,1.0361,1.0437,1848942.0
1768028400000,1.0437,1.0503,1.0374,1.04,1472454.5
1768032000000,1.0399,1.0454,1.0349,1.0442,1419095.8
1768035600000,1.0442,1.0662,1.0421,1.0621,2644262.9
1768039200000,1.0619,1.0858,1.0551,1.0777,3624660.1
1768042800000,1.0777,1.0838,1.0678,1.0811,2371137.9
1768046400000,1.0812,1.0901,1.0712,1.0747,2780762.0
1768050000000,1.0746,1.0835,1.0696,1.0794,2061214.7
1768053600000,1.0795,1.0907,1.073,1.0767,3493913.0
1768057200000,1.0768,1.0785,1.0573,1.0609,2694276.6
1768060800000,1.0609,1.0667,1.0561,1.0612,1712326.8
1768064400000,1.0613,1.0695,1.0523,1.0528,1378993.8
1768068000000,1.0527,1.059,1.0489,1.0558,1257015.5
1768071600000,1.0558,1.0673,1.0491,1.0631,1496995.9
1768075200000,1.0632,1.0643,1.0559,1.0569,706622.4
1768078800000,1.0568,1.0588,1.0491,1.0496,1085945.5
1768082400000,1.0496,1.0568,1.0419,1.0431,1482196.8
1768086000000,1.0429,1.051,1.0416,1.0463,1259116.7
1768089600000,1.0464,1.0608,1.0428,1.0547,2237783.2
1768093200000,1.0547,1.0597,1.0452,1.0595,1325479.5
1768096800000,1.0596,1.072,1.0578,1.0584,2366893.7
1768100400000,1.0585,1.0637,1.0546,1.0558,1529921.3
1768104000000,1.0557,1.0658,1.0497,1.0657,1543504.0
1768107600000,1.0658,1.0729,1.0587,1.0699,1906783.6
1768111200000,1.0699,1.0812,1.0528,1.0684,3221068.9
1768114800000,1.0684,1.0811,1.0654,1.0763,2060759.7
1768118400000,1.0764,1.1107,1.073,1.1011,8453198.1
1768122000000,1.1011,1.1107,1.0841,1.0841,5566220.5
1768125600000,1.084,1.0897,1.069,1.0786,3557681.9
1768129200000,1.0786,1.0867,1.0766,1.0866,1787221.2
1768132800000,1.0866,1.0981,1.0832,1.0918,3045903.2
1768136400000,1.0918,1.1011,1.0725,1.0728,3634938.2
1768140000000,1.0727,1.0914,1.0688,1.0889,2773209.0
1768143600000,1.0889,1.0922,1.0591,1.0652,3527916.8
1768147200000,1.0652,1.1,1.0647,1.085,5461520.2
1768150800000,1.0849,1.0896,1.068,1.0798,2518049.9
1768154400000,1.0799,1.0799,1.0638,1.0706,2098903.8
1768158000000,1.0706,1.078,1.0624,1.0677,1783637.4
1768161600000,1.0677,1.068,1.0478,1.0519,4022428.1
1768165200000,1.0518,1.0552,1.0437,1.0524,2187106.3
1768168800000,1.0524,1.0524,1.0353,1.0358,2842896.8
1768172400000,1.0359,1.0493,1.0274,1.0431,3694824.0
1768176000000,1.0431,1.0485,1.0148,1.0373,5804619.6
1768179600000,1.0373,1.0557,1.0322,1.0346,5179529.9
1768183200000,1.0344,1.0718,1.0336,1.0699,5440178.4
1768186800000,1.07,1.0765,1.0511,1.0516,4841171.9
1768190400000,1.0518,1.067,1.0469,1.0578,2653077.1
1768194000000,1.0577,1.0654,1.052,1.0604,2234875.8
1768197600000,1.0602,1.0683,1.0541,1.0581,2333419.3
1768201200000,1.0582,1.0598,1.0268,1.0286,4282092.3
1768204800000,1.0287,1.0347,1.0087,1.0183,5847885.2
1768208400000,1.0184,1.026,1.0147,1.0217,2681947.5
1768212000000,1.0218,1.028,1.0192,1.0206,1996856.7
1768215600000,1.0207,1.0274,1.0175,1.022,1712772.2
1768219200000,1.022,1.0292,1.019,1.02,2196184.6
1768222800000,1.0199,1.0227,1.0099,1.0109,2829843.9
1768226400000,1.0109,1.0384,1.0,1.0293,5979490.5
1768230000000,1.0293,1.0346,1.0136,1.0306,4209211.8
1768233600000,1.0305,1.0449,1.0207,1.0385,3803800.3
1768237200000,1.0385,1.0459,1.0162,1.0237,3034576.0
1768240800000,1.0237,1.0308,1.0117,1.0182,1797446.6
1768244400000,1.0181,1.0185,1.0094,1.0166,1633069.0
1768248000000,1.0164,1.0242,1.0051,1.0071,1950895.0
1768251600000,1.007,1.0072,0.9873,0.994,3936824.6
1768255200000,0.994,1.004,0.9936,0.9982,2278563.5
1768258800000,0.9981,0.9997,0.9827,0.9851,2471619.0
1768262400000,0.9851,0.993,0.9837,0.9919,2188975.8
1768266000000,0.9919,0.9941,0.9718,0.9774,3541713.1
1768269600000,0.9774,0.9867,0.9588,0.9605,4529149.7
1768273200000,0.9605,0.9646,0.9429,0.9434,7233611.3
1768276800000,0.9433,0.9586,0.9428,0.9575,3220243.3
1768280400000,0.9575,0.9746,0.9548,0.9647,3204840.9
1768284000000,0.9648,0.9739,0.963,0.9721,2067775.7
1768287600000,0.9722,0.9748,0.9643,0.9726,1817365.0
1768291200000,0.9726,0.983,0.9699,0.9819,2051390.2
1768294800000,0.9818,0.9917,0.9783,0.9917,3189884.4
1768298400000,0.9917,1.0121,0.9916,1.0016,4053203.5
1768302000000,1.0016,1.0078,0.9968,0.9974,1523913.6
1768305600000,0.9977,1.0041,0.9905,0.9919,2231036.3
1768309200000,0.9919,1.0285,0.9862,1.025,9830167.8
1768312800000,1.025,1.051,1.0176,1.0336,10560052.3
1768316400000,1.0336,1.0374,0.9963,1.0318,8989388.4
1768320000000,1.0318,1.0379,1.0044,1.0079,6859978.1
1768323600000,1.0081,1.0153,0.998,1.0127,3283798.3
1768327200000,1.0126,1.0219,1.0104,1.0156,2219918.4
1768330800000,1.0156,1.0301,1.0105,1.0201,2614415.0
1768334400000,1.0202,1.026,1.0042,1.0099,2843699.3
1768338000000,1.01,1.0244,1.0062,1.0218,1894013.2
1768341600000,1.0218,1.0628,1.0189,1.058,13130547.1
1768345200000,1.0581,1.0797,1.0441,1.0514,6244925.8
1768348800000,1.0515,1.1089,1.0514,1.0809,11800332.6
1768352400000,1.0808,1.0942,1.0714,1.0769,4041878.9
1768356000000,1.0769,1.0911,1.0706,1.0788,3318914.6
1768359600000,1.0788,1.0998,1.0765,1.0888,3045637.7
1768363200000,1.0887,1.0887,1.0628,1.0656,3454134.8
1768366800000,1.0656,1.0683,1.0566,1.0569,2096088.3
1768370400000,1.057,1.0627,1.0468,1.0618,3029549.8
1768374000000,1.062,1.0665,1.0549,1.062,1984593.0
1768377600000,1.0621,1.0775,1.0614,1.0669,2927370.9
1768381200000,1.0668,1.0788,1.0649,1.0697,2098988.3
1768384800000,1.0697,1.0751,1.0487,1.0524,2779609.6
1768388400000,1.0524,1.0526,1.0272,1.0301,4175535.4
1768392000000,1.0301,1.04,1.0263,1.0391,2513031.6
1768395600000,1.039,1.0464,1.0303,1.0359,2544453.4
1768399200000,1.0358,1.0663,1.0347,1.0555,4145749.0
1768402800000,1.0556,1.0848,1.0418,1.0715,7390451.2
1768406400000,1.0716,1.0808,1.0601,1.0691,3813646.8
1768410000000,1.069,1.0731,1.0452,1.0456,3368656.6
1768413600000,1.0455,1.0529,1.0103,1.0197,7291229.5
1768417200000,1.0197,1.0465,1.0145,1.0303,3642726.2
1768420800000,1.0304,1.0406,1.0245,1.034,2131190.4
1768424400000,1.034,1.0369,1.0252,1.0288,1248600.5
1768428000000,1.0287,1.032,1.0148,1.0179,2046104.4
1768431600000,1.018,1.0328,1.0179,1.022,1327067.7
1768435200000,1.022,1.022,1.0071,1.0155,2633115.3
1768438800000,1.0156,1.0213,1.004,1.0077,2681046.2
1768442400000,1.0077,1.009,0.9948,1.0011,3073800.9
1768446000000,1.0013,1.0052,0.9765,0.9862,5012994.0
1768449600000,0.9862,1.0021,0.983,1.0021,2533943.7
1768453200000,1.0021,1.0104,1.0011,1.0034,1773008.7
1768456800000,1.0033,1.0127,1.0017,1.0043,1832022.7
1768460400000,1.0043,1.0166,1.0036,1.016,1568319.7
1768464000000,1.016,1.0291,1.0128,1.0184,2397532.5
1768467600000,1.0183,1.0368,1.0121,1.0315,2121249.2
1768471200000,1.0316,1.0387,1.0259,1.0311,2124159.6
1768474800000,1.0311,1.0396,1.026,1.0289,1852882.9
1768478400000,1.0288,1.047,1.0266,1.0456,1885075.6
1768482000000,1.0457,1.0614,1.0373,1.0436,4079357.7
1768485600000,1.0436,1.046,1.0166,1.0273,4804593.1
1768489200000,1.0272,1.0321,0.9883,1.0119,7020559.0
1768492800000,1.0118,1.0146,0.9969,1.0095,3660491.1
1768496400000,1.0095,1.015,0.9913,0.9963,2698547.4
1768500000000,0.9963,1.0014,0.9855,0.9893,2638078.9
1768503600000,0.9893,0.9954,0.9818,0.9943,2365516.7
1768507200000,0.9942,0.9987,0.9781,0.9836,2126222.4
1768510800000,0.9837,0.9946,0.9815,0.9923,1322710.6
1768514400000,0.9922,1.0038,0.9921,0.9996,1449055.9
1768518000000,0.9996,1.0026,0.9947,1.0021,987304.7
1768521600000,1.0022,1.0091,0.9977,0.9988,1524082.2
1768525200000,0.9989,1.0002,0.9895,0.9972,1825879.1
1768528800000,0.9971,0.9986,0.9883,0.9975,1690966.5
1768532400000,0.9975,0.9989,0.9835,0.9854,1756844.4
1768536000000,0.9853,0.9904,0.9725,0.9782,2141137.9
1768539600000,0.9781,0.9991,0.9769,0.9949,2206764.4
1768543200000,0.9948,0.9965,0.9906,0.9952,1157655.9
1768546800000,0.9952,0.9961,0.9881,0.9913,1182799.3
1768550400000,0.9914,1.0024,0.9906,0.9972,1301882.4
1768554000000,0.9972,1.0034,0.9954,0.9972,1084743.3
1768557600000,0.9971,0.9979,0.9884,0.9916,1209754.3
1768561200000,0.9916,0.9933,0.9825,0.9893,1838981.5
1768564800000,0.9893,0.9922,0.9851,0.9888,1039954.3
1768568400000,0.9888,0.9899,0.9785,0.9833,1489387.2
1768572000000,0.9833,0.9954,0.9826,0.986,2054625.8
1768575600000,0.986,0.9925,0.9452,0.9581,7256731.2
1768579200000,0.9581,0.9722,0.9562,0.9666,2893832.8
1768582800000,0.9667,0.9756,0.9585,0.9741,1638106.1
1768586400000,0.9742,0.9795,0.9725,0.9753,1400814.1
1768590000000,0.9753,0.9781,0.9655,0.9741,1506605.6
1768593600000,0.9741,0.9889,0.9684,0.988,1537541.1
1768597200000,0.9881,0.9917,0.9851,0.9861,1378336.0
1768600800000,0.986,0.9879,0.9799,0.9875,1230383.7
1768604400000,0.9876,0.9929,0.9863,0.9904,1010496.2
1768608000000,0.9905,0.9906,0.986,0.9895,1195630.9
1768611600000,0.9895,0.99,0.9828,0.9869,820381.6
1768615200000,0.987,0.9884,0.9791,0.9841,1131967.4
1768618800000,0.9842,0.9846,0.9737,0.9797,1321947.3
1768622400000,0.9798,0.9841,0.9778,0.9834,679432.6
1768626000000,0.9833,0.9882,0.9805,0.9849,774088.8
1768629600000,0.985,0.987,0.982,0.9855,622728.0
1768633200000,0.9854,0.9854,0.9767,0.9803,1185102.8
1768636800000,0.9803,0.9849,0.9788,0.9833,896804.4
1768640400000,0.9833,0.984,0.9786,0.979,854589.9
1768644000000,0.9791,0.9819,0.9741,0.9759,854616.1
1768647600000,0.9757,0.9775,0.9702,0.9733,883619.5
1768651200000,0.9732,0.9765,0.9687,0.9697,1026715.1
1768654800000,0.9699,0.974,0.9629,0.9694,1700821.5
1768658400000,0.9694,0.971,0.9632,0.969,1761968.6
1768662000000,0.9691,0.9788,0.9641,0.9749,2525358.6
1768665600000,0.9747,0.9747,0.9533,0.9571,2559587.5
1768669200000,0.9571,0.9636,0.9556,0.9626,893779.9
1768672800000,0.9625,0.9655,0.9585,0.9626,702730.8
1768676400000,0.9627,0.9667,0.9578,0.9609,1142152.1
1768680000000,0.961,0.9638,0.9589,0.9602,601582.8
1768683600000,0.9601,0.9604,0.9567,0.9583,566716.3
1768687200000,0.9582,0.9591,0.9451,0.9483,1631967.9
1768690800000,0.9482,0.9501,0.9452,0.9463,946021.8
1768694400000,0.9463,0.9604,0.9395,0.9474,2789535.0
1768698000000,0.9474,0.9479,0.9311,0.9359,3029930.0
1768701600000,0.9359,0.942,0.9281,0.9299,2754075.4
1768705200000,0.93,0.9393,0.9294,0.9344,1301737.3
1768708800000,0.9344,0.9359,0.9291,0.9352,1051442.9
1768712400000,0.9351,0.94,0.9315,0.9393,895327.8
1768716000000,0.9392,0.9404,0.9338,0.9353,893937.2
1768719600000,0.9354,0.9354,0.9233,0.9274,1908985.1
1768723200000,0.9273,0.9328,0.927,0.9274,1210970.7
1768726800000,0.9275,0.9308,0.9255,0.9291,874276.2
1768730400000,0.929,0.9291,0.9223,0.927,1107930.7
1768734000000,0.9271,0.9324,0.9247,0.9269,1269303.4
1768737600000,0.927,0.9282,0.9155,0.9168,1967204.7
1768741200000,0.9168,0.9241,0.9114,0.9196,2553786.1
1768744800000,0.9196,0.9294,0.9139,0.9194,2445684.3
1768748400000,0.9193,0.9256,0.9156,0.9183,1843468.0
1768752000000,0.9184,0.9203,0.9135,0.9137,1438880.7
1768755600000,0.9138,0.9183,0.9091,0.917,1407281.1
1768759200000,0.917,0.9277,0.9155,0.923,1484127.0
1768762800000,0.923,0.9256,0.9097,0.9117,1122346.2
1768766400000,0.9118,0.9185,0.9108,0.9172,801533.7
1768770000000,0.9172,0.921,0.9147,0.9176,681338.7
1768773600000,0.9177,0.9238,0.9172,0.9207,771623.8
1768777200000,0.9206,0.9206,0.8661,0.8697,11632219.0
1768780800000,0.8697,0.8697,0.7712,0.8328,26799905.9
1768784400000,0.8327,0.8474,0.8288,0.8432,5180194.3
1768788000000,0.8433,0.8539,0.8413,0.8449,2872753.7
1768791600000,0.8448,0.8797,0.84,0.8772,5321167.9
1768795200000,0.8771,0.8825,0.863,0.8631,4637128.1
1768798800000,0.8633,0.8658,0.854,0.8554,2734458.6
1768802400000,0.8553,0.86,0.849,0.8553,2664195.2
1768806000000,0.8554,0.864,0.8536,0.8606,2229752.2
1768809600000,0.8607,0.8868,0.8573,0.8845,5038050.4
1768813200000,0.8845,0.8845,0.8732,0.879,3121515.5
1768816800000,0.8791,0.8797,0.8693,0.871,2715741.2
1768820400000,0.8711,0.877,0.8644,0.8707,3156635.3
1768824000000,0.8706,0.8711,0.8562,0.8632,3087541.4
1768827600000,0.8632,0.8684,0.8574,0.8603,2057086.9
1768831200000,0.8602,0.8745,0.8597,0.869,2439500.8
1768834800000,0.8691,0.8727,0.8625,0.8662,1755005.5
1768838400000,0.8661,0.8799,0.863,0.8727,2597698.2
1768842000000,0.8727,0.8768,0.8692,0.8709,1293616.7
1768845600000,0.871,0.8816,0.869,0.8757,1461841.1
1768849200000,0.8757,0.882,0.8724,0.8752,1265432.2
1768852800000,0.8752,0.8835,0.874,0.8812,2264451.7
1768856400000,0.8812,0.8845,0.8744,0.8745,2150811.4
1768860000000,0.8744,0.8771,0.8619,0.8639,2682244.9
1768863600000,0.8638,0.8817,0.8607,0.8719,4234507.1
1768867200000,0.8718,0.8775,0.8671,0.8687,2897984.5
1768870800000,0.8688,0.8849,0.8643,0.8821,3184212.5
1768874400000,0.8821,0.8849,0.8683,0.876,3671462.8
1768878000000,0.876,0.8843,0.8705,0.8782,2247182.9
1768881600000,0.8782,0.8796,0.8691,0.8728,2024715.1
1768885200000,0.8729,0.8818,0.8624,0.8774,4559496.6
1768888800000,0.8774,0.8781,0.8639,0.8695,3709617.8
1768892400000,0.8694,0.8734,0.8518,0.8569,4269515.7
1768896000000,0.8568,0.859,0.8427,0.8492,4743950.7
1768899600000,0.8492,0.852,0.8416,0.8426,2321732.5
1768903200000,0.8427,0.8446,0.8316,0.8351,4075634.4
1768906800000,0.8349,0.8418,0.8336,0.836,2551108.8
1768910400000,0.836,0.8389,0.8328,0.8359,1348950.4
1768914000000,0.8358,0.8359,0.82,0.822,5535425.9
1768917600000,0.8221,0.863,0.822,0.8479,7210124.5
1768921200000,0.8478,0.8522,0.8338,0.8402,4684585.4
1768924800000,0.8402,0.8432,0.8195,0.8223,3131945.0
1768928400000,0.8222,0.8326,0.8063,0.8132,4580480.7
1768932000000,0.8132,0.8175,0.8037,0.8069,2417224.7
1768935600000,0.807,0.8149,0.8021,0.807,2124645.4
1768939200000,0.8069,0.8178,0.8037,0.8163,1811834.6
1768942800000,0.8164,0.8165,0.8024,0.804,1278961.2
1768946400000,0.804,0.8088,0.7873,0.8006,4829002.1
1768950000000,0.8007,0.8058,0.7932,0.7995,4353050.1
1768953600000,0.7994,0.8261,0.7986,0.8228,5940331.7
1768957200000,0.8228,0.829,0.8154,0.8178,2937776.8
1768960800000,0.8179,0.8266,0.8134,0.8187,2204845.7
1768964400000,0.8186,0.8324,0.8185,0.8272,2373545.1
1768968000000,0.8272,0.8308,0.8249,0.8289,1336087.3
1768971600000,0.8289,0.8364,0.8277,0.8356,1918101.4
1768975200000,0.8355,0.8373,0.8296,0.8307,1993734.3
1768978800000,0.8306,0.8353,0.8222,0.8251,2194929.3
1768982400000,0.8251,0.8255,0.8152,0.8211,2025857.2
1768986000000,0.8211,0.8232,0.8174,0.8184,1621442.6
1768989600000,0.8185,0.8253,0.8169,0.8171,1574395.0
1768993200000,0.8171,0.8175,0.8009,0.8026,3032005.0
1768996800000,0.8025,0.8072,0.791,0.8056,4240722.2
1769000400000,0.8057,0.8116,0.7971,0.7987,2460049.1
1769004000000,0.7986,0.8541,0.7975,0.8467,13405348.7
1769007600000,0.8467,0.8639,0.8368,0.8461,7063383.4
1769011200000,0.8462,0.8486,0.8072,0.8092,6626943.8
1769014800000,0.8091,0.8172,0.7858,0.7983,9295976.5
1769018400000,0.7983,0.813,0.7969,0.808,3677360.3
1769022000000,0.8081,0.8707,0.8045,0.8576,11578851.9
1769025600000,0.8576,0.8584,0.8372,0.8562,4515816.7
1769029200000,0.8562,0.8658,0.85,0.8581,3633608.0
1769032800000,0.8582,0.8654,0.849,0.8497,2714623.6
1769036400000,0.8497,0.8553,0.8351,0.8394,3578048.4
1769040000000,0.8393,0.858,0.8384,0.8529,3564694.4
1769043600000,0.8529,0.8628,0.8501,0.8612,2813374.2
1769047200000,0.8612,0.8746,0.8582,0.859,3978822.6
1769050800000,0.8591,0.8629,0.843,0.8522,2627937.9
1769054400000,0.8522,0.8614,0.8519,0.859,1615487.5
1769058000000,0.859,0.8598,0.8481,0.8518,1702126.2
1769061600000,0.8517,0.8569,0.8423,0.8553,2052430.7
1769065200000,0.8554,0.8564,0.8421,0.8432,1266413.3
1769068800000,0.8431,0.8507,0.8337,0.8478,3196898.6
1769072400000,0.8478,0.8561,0.8469,0.8525,2139539.2
1769076000000,0.8525,0.8554,0.8439,0.8473,2736294.1
1769079600000,0.8472,0.8484,0.8391,0.8416,1235664.4
1769083200000,0.8416,0.8432,0.8318,0.8379,1926949.2
1769086800000,0.8378,0.8518,0.8282,0.8322,5205402.2
1769090400000,0.8321,0.8336,0.8156,0.8207,3895643.7
1769094000000,0.8207,0.8263,0.8078,0.8162,3818653.4
1769097600000,0.8162,0.8351,0.8153,0.8306,4870262.2
1769101200000,0.8306,0.8325,0.8195,0.8318,2309356.5
1769104800000,0.8317,0.8357,0.8241,0.8262,1425148.1
1769108400000,0.8261,0.8407,0.8221,0.8363,2535796.5
1769112000000,0.8362,0.838,0.8243,0.8292,1700407.8
1769115600000,0.8293,0.8378,0.8293,0.834,1111209.6
1769119200000,0.8339,0.8461,0.831,0.8385,2215579.0
1769122800000,0.8384,0.8391,0.8313,0.8384,1307767.5
1769126400000,0.8385,0.8444,0.8353,0.8392,1597565.5
1769130000000,0.8393,0.8513,0.8391,0.8508,1165183.6
1769133600000,0.8508,0.8623,0.8494,0.8499,2689060.3
1769137200000,0.8499,0.8671,0.8496,0.864,1514001.0
1769140800000,0.864,0.8782,0.8606,0.8752,3138229.3
1769144400000,0.8751,0.8815,0.8682,0.8734,2927688.3
1769148000000,0.8733,0.8817,0.8616,0.8664,3132533.6
1769151600000,0.8665,0.8737,0.8659,0.8712,1191511.6
1769155200000,0.8712,0.8774,0.8628,0.8669,2971160.7
1769158800000,0.8668,0.8735,0.8604,0.8692,2690349.0
1769162400000,0.8692,0.8694,0.8534,0.8573,2085778.0
1769166000000,0.857,0.8621,0.8543,0.8556,1937092.4
1769169600000,0.8557,0.8558,0.8484,0.8516,2237944.5
1769173200000,0.8515,0.8597,0.8499,0.856,1677185.1
1769176800000,0.8561,0.8585,0.8328,0.8391,4549205.0
1769180400000,0.8392,0.8624,0.834,0.8617,4158088.1
1769184000000,0.8617,0.8692,0.8457,0.8574,4745714.2
1769187600000,0.8574,0.8772,0.8459,0.8589,5807814.8
1769191200000,0.8589,0.8658,0.854,0.8565,2336842.7
1769194800000,0.8566,0.8567,0.8358,0.8406,3995520.9
1769198400000,0.8407,0.8418,0.8231,0.8284,3808853.4
1769202000000,0.8283,0.8369,0.8273,0.831,1256953.8
1769205600000,0.831,0.8358,0.8306,0.8338,1164069.8
1769209200000,0.8339,0.8339,0.8265,0.8288,1445518.5
1769212800000,0.8288,0.8333,0.8176,0.8198,2388398.0
1769216400000,0.8197,0.8256,0.8196,0.8233,1317202.9
1769220000000,0.8234,0.8282,0.8226,0.8273,960133.0
1769223600000,0.8274,0.8387,0.826,0.8366,1871291.3
1769227200000,0.8365,0.8374,0.8252,0.8279,1706314.2
1769230800000,0.8279,0.8283,0.8188,0.8229,2087005.5
1769234400000,0.823,0.8279,0.8211,0.8251,1130216.5
1769238000000,0.8252,0.8316,0.8233,0.8265,1472317.0
1769241600000,0.8264,0.8308,0.8241,0.8306,1045572.7
1769245200000,0.8305,0.8311,0.8213,0.8229,994821.5
1769248800000,0.8229,0.8262,0.8206,0.8248,880369.5
1769252400000,0.8248,0.828,0.8242,0.8245,608528.3
1769256000000,0.8245,0.831,0.8228,0.8292,1243047.8
1769259600000,0.8292,0.8305,0.8218,0.8224,962434.0
1769263200000,0.822,0.8253,0.8196,0.824,1127563.6
1769266800000,0.8239,0.826,0.8135,0.8155,1721470.4
1769270400000,0.8157,0.8215,0.8138,0.8197,1258406.5
1769274000000,0.8197,0.8255,0.8191,0.8251,735840.9
1769277600000,0.8252,0.8293,0.8242,0.8254,716761.2
1769281200000,0.8253,0.8263,0.8216,0.8222,582889.3
1769284800000,0.8222,0.8264,0.8189,0.8202,1012998.8
1769288400000,0.8202,0.8213,0.8172,0.8198,644314.7
1769292000000,0.8198,0.8312,0.8192,0.8304,810991.2
1769295600000,0.8304,0.8321,0.8224,0.8227,1026967.2
1769299200000,0.8226,0.8242,0.8119,0.8191,1976398.1
1769302800000,0.8191,0.8217,0.8104,0.8118,1240395.3
1769306400000,0.8119,0.817,0.8078,0.8126,1484431.7
1769310000000,0.8127,0.8147,0.8055,0.8087,1497118.8
1769313600000,0.8087,0.8132,0.8056,0.8077,689941.9
1769317200000,0.8076,0.8118,0.8063,0.8115,676321.5
1769320800000,0.8114,0.8114,0.8063,0.8072,673035.1
1769324400000,0.8073,0.8073,0.801,0.8031,1211416.5
1769328000000,0.8032,0.8039,0.7972,0.7995,1664838.3
1769331600000,0.7995,0.8141,0.7985,0.8066,1663179.3
1769335200000,0.8066,0.8187,0.8054,0.8117,1306904.7
1769338800000,0.8116,0.8149,0.808,0.8103,859765.7
1769342400000,0.8102,0.8102,0.8029,0.8066,1405498.2
1769346000000,0.8067,0.8072,0.8004,0.8046,1168270.0
1769349600000,0.8046,0.8057,0.7937,0.7989,1940089.2
1769353200000,0.7989,0.8015,0.7911,0.7939,1509634.9
1769356800000,0.794,0.794,0.7722,0.7789,6864610.9
1769360400000,0.7788,0.7815,0.7689,0.7708,2273568.8
1769364000000,0.7708,0.7736,0.7612,0.7697,4528175.3
1769367600000,0.7699,0.7734,0.7471,0.7514,5365648.5
1769371200000,0.7515,0.7587,0.7469,0.7564,2584750.6
1769374800000,0.7563,0.7676,0.7559,0.7629,2437207.0
1769378400000,0.763,0.7636,0.7521,0.7573,2385785.6
1769382000000,0.7574,0.7675,0.7523,0.7661,1940247.0
1769385600000,0.7661,0.7724,0.7622,0.7716,2512956.0
1769389200000,0.7716,0.7988,0.7716,0.7954,4158002.7
1769392800000,0.7954,0.7979,0.7881,0.7945,2638280.3
1769396400000,0.7945,0.7991,0.7831,0.7878,4304495.5
1769400000000,0.7878,0.7987,0.7852,0.7943,2700188.5
1769403600000,0.7943,0.7955,0.7898,0.7932,972595.9
1769407200000,0.7933,0.7938,0.7883,0.7907,962114.8
1769410800000,0.7907,0.7963,0.7877,0.7949,1617291.1
1769414400000,0.7949,0.8053,0.7912,0.7971,1651132.2
1769418000000,0.797,0.7977,0.788,0.7913,1123438.7
1769421600000,0.7913,0.798,0.7913,0.7936,852701.6
1769425200000,0.7936,0.7946,0.7906,0.792,622487.9
1769428800000,0.792,0.7963,0.7892,0.7934,946722.5
1769432400000,0.7935,0.8135,0.7927,0.812,3274115.2
1769436000000,0.812,0.8404,0.7966,0.8237,8843066.3
1769439600000,0.8237,0.8413,0.8046,0.8117,8991041.6
1769443200000,0.8117,0.8169,0.8026,0.8058,3112569.7
1769446800000,0.8059,0.8127,0.7975,0.8092,2507065.4
1769450400000,0.8092,0.8237,0.8062,0.8196,3767445.3
1769454000000,0.8197,0.8215,0.811,0.8127,1209365.2
1769457600000,0.8126,0.8146,0.8049,0.807,1200729.7
1769461200000,0.807,0.8176,0.8026,0.8093,1795045.4
1769464800000,0.8093,0.8125,0.804,0.8058,983018.7
1769468400000,0.8057,0.8089,0.8004,0.8022,1609074.2
1769472000000,0.8021,0.8067,0.7989,0.8019,1303485.9
1769475600000,0.8019,0.8057,0.7971,0.8011,1901595.4
1769479200000,0.8011,0.808,0.7984,0.8031,1518508.3
1769482800000,0.803,0.8063,0.8015,0.8023,990260.3
1769486400000,0.8023,0.8145,0.8015,0.807,1499637.9
1769490000000,0.8069,0.8081,0.8002,0.8007,804900.7
1769493600000,0.8007,0.8025,0.7934,0.7957,1343075.9
1769497200000,0.7958,0.8048,0.7952,0.8006,1427781.0
1769500800000,0.8007,0.805,0.7951,0.7986,1001160.9
1769504400000,0.7987,0.7987,0.792,0.7928,1064695.9
1769508000000,0.7928,0.7951,0.7906,0.7925,975637.8
1769511600000,0.7925,0.7954,0.7894,0.794,1322260.8
1769515200000,0.7939,0.7964,0.7892,0.7952,1057936.5
1769518800000,0.7953,0.8,0.7852,0.7886,2461570.1
1769522400000,0.7886,0.8004,0.7868,0.7891,2441017.2
1769526000000,0.7892,0.8065,0.7868,0.8045,2122193.4
1769529600000,0.8044,0.8263,0.8044,0.8213,5935968.8
1769533200000,0.8214,0.823,0.7927,0.7959,3868318.5
1769536800000,0.7959,0.8201,0.7943,0.8151,2506945.1
1769540400000,0.8151,0.8222,0.809,0.8167,2280006.9
1769544000000,0.8165,0.8321,0.8161,0.8293,2758702.6
1769547600000,0.8292,0.8306,0.823,0.8246,1669438.3
1769551200000,0.8246,0.8306,0.8231,0.8266,1210540.7
1769554800000,0.8266,0.8336,0.8216,0.8292,1911274.4
1769558400000,0.829,0.8312,0.8162,0.8306,2357834.8
1769562000000,0.8306,0.8309,0.8197,0.8246,1724631.5
1769565600000,0.8245,0.8278,0.8195,0.8223,2056494.2
1769569200000,0.8222,0.8253,0.8173,0.819,1571874.8
1769572800000,0.8189,0.8194,0.8072,0.812,1657908.3
1769576400000,0.8121,0.8187,0.8089,0.8147,1490725.0
1769580000000,0.8146,0.8262,0.8146,0.8248,1854113.3
1769583600000,0.8248,0.8286,0.8119,0.8264,3266210.6
1769587200000,0.8264,0.8467,0.8242,0.8309,7150486.3
1769590800000,0.8309,0.8437,0.8213,0.8422,3770345.7
1769594400000,0.8421,0.8431,0.8333,0.8357,2479623.3
1769598000000,0.8357,0.8524,0.8356,0.8515,3223449.6
1769601600000,0.8514,0.8546,0.8365,0.8431,3045113.6
1769605200000,0.843,0.87,0.8422,0.8555,5681495.4
1769608800000,0.8555,0.8558,0.8373,0.8397,4791657.5
1769612400000,0.8398,0.8479,0.8326,0.8368,4144436.4
1769616000000,0.8369,0.8382,0.8246,0.8261,6454279.1
1769619600000,0.826,0.8531,0.8233,0.8452,3517695.6
1769623200000,0.8452,0.8455,0.8339,0.8389,2614195.9
1769626800000,0.8387,0.8465,0.8308,0.8412,3124865.1
1769630400000,0.8411,0.8548,0.8354,0.8371,2823206.1
1769634000000,0.837,0.8469,0.8289,0.842,2732343.5
1769637600000,0.8421,0.8938,0.837,0.8935,6700792.0
1769641200000,0.8935,0.8959,0.8527,0.8556,10674672.2
1769644800000,0.8555,0.8576,0.8347,0.8464,5264772.1
1769648400000,0.8464,0.851,0.8328,0.8353,3751291.4
1769652000000,0.8355,0.8389,0.8085,0.8162,8906653.5
1769655600000,0.8162,0.8254,0.8132,0.8174,2644933.8
1769659200000,0.8173,0.8176,0.7956,0.807,5693525.1
1769662800000,0.8069,0.8101,0.7971,0.8011,2181626.0
1769666400000,0.8011,0.8126,0.8002,0.8118,2262446.7
1769670000000,0.8117,0.8168,0.8094,0.811,1640195.3
1769673600000,0.811,0.811,0.7985,0.8013,3362838.0
1769677200000,0.8012,0.8026,0.7957,0.7964,2163596.5
1769680800000,0.7965,0.8003,0.794,0.7978,1385832.4
1769684400000,0.7978,0.7983,0.7866,0.7891,3384346.2
1769688000000,0.789,0.7937,0.7838,0.7905,2257030.3
1769691600000,0.7904,0.8019,0.7902,0.8017,1785040.1
1769695200000,0.8017,0.8052,0.7719,0.7756,6148834.5
1769698800000,0.7757,0.7772,0.7501,0.7665,13169587.4
1769702400000,0.7663,0.7804,0.7569,0.7786,5765987.1
1769706000000,0.7787,0.8198,0.7775,0.7939,11429758.2
1769709600000,0.7939,0.796,0.7617,0.766,9408424.6
1769713200000,0.7661,0.7722,0.7541,0.7673,5474166.1
1769716800000,0.7674,0.7742,0.7621,0.7724,3848652.7
1769720400000,0.7725,0.7819,0.7725,0.7756,3915494.4
1769724000000,0.7757,0.7803,0.7627,0.7641,2584961.3
1769727600000,0.7641,0.7683,0.7305,0.7412,12729864.9
1769731200000,0.7411,0.7453,0.7295,0.7403,5643834.0
1769734800000,0.7404,0.7511,0.7064,0.742,9845363.9
1769738400000,0.7419,0.7421,0.7185,0.7274,6708441.6
1769742000000,0.7275,0.7308,0.724,0.7282,1934356.9
1769745600000,0.7281,0.7499,0.7277,0.7454,4587723.7
1769749200000,0.7455,0.7457,0.7351,0.7401,2153969.7
1769752800000,0.7401,0.7415,0.7194,0.7247,4090619.9
1769756400000,0.7246,0.7413,0.7246,0.7306,3188832.6
1769760000000,0.7307,0.7324,0.7226,0.7289,2251970.9
1769763600000,0.729,0.7306,0.7209,0.7257,1894292.3
1769767200000,0.7257,0.7337,0.723,0.7331,1320725.3
1769770800000,0.7331,0.7534,0.7322,0.7481,3330665.9
1769774400000,0.748,0.7524,0.7364,0.7412,4757105.7
1769778000000,0.7411,0.7438,0.7322,0.7352,3286444.2
1769781600000,0.7351,0.7469,0.7336,0.7398,4317402.5
1769785200000,0.7399,0.7481,0.7281,0.7373,4225858.7
1769788800000,0.7372,0.7464,0.7297,0.7385,3232138.8
1769792400000,0.7385,0.7528,0.7321,0.7399,2964705.0
1769796000000,0.7399,0.764,0.7158,0.759,9370239.2
1769799600000,0.759,0.7682,0.7549,0.7574,5430204.6
1769803200000,0.7574,0.7575,0.738,0.7416,5124876.2
1769806800000,0.7416,0.7509,0.7392,0.7426,2118665.1
1769810400000,0.7427,0.7445,0.7343,0.7403,1751666.9
1769814000000,0.7403,0.744,0.7344,0.7438,1197538.2
1769817600000,0.7437,0.744,0.7359,0.7366,2120142.5
1769821200000,0.7366,0.7419,0.7355,0.7397,1661957.0
1769824800000,0.7396,0.7397,0.731,0.7322,1368017.4
1769828400000,0.7322,0.7333,0.7257,0.7278,1187032.9
1769832000000,0.7277,0.7324,0.7266,0.7276,1547546.4
1769835600000,0.7276,0.7318,0.7245,0.7284,1018957.4
1769839200000,0.7284,0.729,0.7165,0.7201,1949009.7
1769842800000,0.7202,0.7204,0.702,0.7033,3644878.0
1769846400000,0.7032,0.7114,0.6997,0.7092,6392587.1
1769850000000,0.7092,0.7135,0.7037,0.7068,2688387.0
1769853600000,0.7068,0.7132,0.7046,0.7081,2239300.2
1769857200000,0.7081,0.7083,0.7011,0.7026,1304291.5
1769860800000,0.7025,0.7026,0.6934,0.6949,2858329.5
1769864400000,0.695,0.6955,0.6872,0.6889,2952399.1
1769868000000,0.6889,0.6911,0.6479,0.6643,18049347.4
1769871600000,0.6644,0.6742,0.6563,0.6572,5433607.1
1769875200000,0.6573,0.67,0.6487,0.6528,8518482.6
1769878800000,0.6528,0.6543,0.6039,0.6229,16191673.4
1769882400000,0.623,0.6276,0.57,0.6139,19571427.2
1769886000000,0.6139,0.626,0.6076,0.617,8518063.6
1769889600000,0.6169,0.6279,0.6129,0.6252,4766196.9
1769893200000,0.6252,0.6423,0.6217,0.6374,4541108.0
1769896800000,0.6375,0.6407,0.6343,0.6369,1708355.0
1769900400000,0.6369,0.6554,0.6366,0.6494,4219602.9
1769904000000,0.6494,0.6579,0.6476,0.6515,3413252.5
1769907600000,0.6514,0.6527,0.6401,0.6464,2982462.0
1769911200000,0.6465,0.6507,0.6423,0.6487,1788605.2
1769914800000,0.6488,0.6499,0.6428,0.6465,1662563.3
1769918400000,0.6465,0.6489,0.6428,0.6429,1670470.2
1769922000000,0.643,0.6439,0.6343,0.635,2643571.7
1769925600000,0.635,0.6379,0.6303,0.6313,2636492.5
1769929200000,0.6313,0.6407,0.6273,0.6342,2893935.2
1769932800000,0.6343,0.635,0.6273,0.6285,2909702.9
1769936400000,0.6286,0.6298,0.6233,0.6285,2311756.4
1769940000000,0.6284,0.6311,0.617,0.6176,3764719.2
1769943600000,0.6177,0.6313,0.6176,0.6289,3028286.2
1769947200000,0.6288,0.6309,0.6228,0.624,2147852.4
1769950800000,0.6239,0.6304,0.613,0.6161,2449815.7
1769954400000,0.6162,0.6228,0.6062,0.6154,5778405.9
1769958000000,0.6153,0.6154,0.5916,0.6024,6987859.1
1769961600000,0.6025,0.6116,0.5982,0.6035,4284811.6
1769965200000,0.6035,0.6089,0.599,0.6082,4518206.5
1769968800000,0.6082,0.6289,0.6081,0.6177,6345943.7
1769972400000,0.6176,0.6211,0.6099,0.6142,2813653.9
1769976000000,0.614,0.6218,0.6065,0.611,3967491.6
1769979600000,0.611,0.6137,0.6051,0.6093,2979629.6
1769983200000,0.6093,0.6237,0.608,0.6167,3818189.1
1769986800000,0.6166,0.6228,0.5935,0.6107,9309098.3
1769990400000,0.6108,0.638,0.6045,0.6278,8000968.4
1769994000000,0.6278,0.6353,0.6143,0.6307,4834002.7
1769997600000,0.6308,0.6354,0.6247,0.6269,4014129.0
1770001200000,0.6271,0.6375,0.602,0.6375,12043838.5
1770004800000,0.6373,0.6394,0.621,0.6242,5304402.0
1770008400000,0.6242,0.6249,0.6075,0.6162,4880913.7
1770012000000,0.6162,0.633,0.6006,0.6194,8851117.7
1770015600000,0.6193,0.626,0.6143,0.6176,4856262.1
1770019200000,0.6175,0.6252,0.6172,0.6212,2873506.8
1770022800000,0.6212,0.6333,0.6165,0.6301,4783189.3
1770026400000,0.6303,0.6361,0.6276,0.6295,3141022.9
1770030000000,0.6295,0.6406,0.6292,0.6364,5280330.7
1770033600000,0.6363,0.6521,0.6351,0.6454,5839912.4
1770037200000,0.6453,0.6457,0.636,0.6407,3738754.3
1770040800000,0.6406,0.6536,0.6313,0.64,7792015.8
1770044400000,0.6398,0.6526,0.6369,0.6487,5313446.2
1770048000000,0.6486,0.6578,0.6471,0.6489,5109542.8
1770051600000,0.6489,0.6557,0.6463,0.6488,2391297.0
1770055200000,0.6488,0.6547,0.6442,0.6513,2470120.4
1770058800000,0.6512,0.6512,0.6447,0.6463,1341026.9
1770062400000,0.6462,0.6481,0.6378,0.6403,2846698.7
1770066000000,0.6404,0.6456,0.6396,0.6439,1466293.4
1770069600000,0.6439,0.6489,0.6439,0.647,1326360.2
1770073200000,0.647,0.6474,0.6409,0.6417,2066686.9
1770076800000,0.6417,0.6455,0.6343,0.6442,2968622.5
1770080400000,0.6443,0.6452,0.6382,0.6409,1776580.5
1770084000000,0.641,0.6412,0.6243,0.6255,3493375.5
1770087600000,0.6255,0.641,0.6223,0.6397,4347151.4
1770091200000,0.6396,0.6474,0.6367,0.6441,2794189.3
1770094800000,0.6442,0.6449,0.638,0.6386,1380189.0
1770098400000,0.6388,0.6426,0.632,0.6392,1896442.3
1770102000000,0.6391,0.6454,0.6364,0.6425,1861267.1
1770105600000,0.6426,0.6584,0.6391,0.6461,5183529.6
1770109200000,0.6461,0.6485,0.6331,0.641,4466139.2
1770112800000,0.641,0.6439,0.636,0.638,1492878.8
1770116400000,0.638,0.6445,0.636,0.6419,2246144.1
1770120000000,0.6421,0.6536,0.6407,0.6522,2267613.5
1770123600000,0.6523,0.6584,0.6515,0.6558,2660407.5
1770127200000,0.6558,0.6579,0.636,0.6374,5404503.6
1770130800000,0.6372,0.663,0.6344,0.6608,10847880.4
1770134400000,0.6609,0.6612,0.6366,0.6396,6634144.3
1770138000000,0.6395,0.6419,0.62,0.6208,6753795.6
1770141600000,0.6209,0.6259,0.6071,0.611,8536989.9
1770145200000,0.611,0.6527,0.6103,0.6435,10350293.6
1770148800000,0.6434,0.6748,0.6356,0.6706,9068162.2
1770152400000,0.6706,0.6787,0.6554,0.6565,3858038.0
1770156000000,0.6566,0.6576,0.6394,0.6418,5231742.3
1770159600000,0.6417,0.6422,0.6305,0.6358,3088915.3
1770163200000,0.6359,0.6404,0.6301,0.6325,2891901.8
1770166800000,0.6325,0.6495,0.6321,0.6446,2722771.6
1770170400000,0.6446,0.6483,0.6358,0.638,2289063.2
1770174000000,0.638,0.6537,0.6369,0.6498,2723753.4
1770177600000,0.6497,0.6499,0.6435,0.644,1629989.8
1770181200000,0.6441,0.6469,0.639,0.6428,1378904.0
1770184800000,0.6426,0.6535,0.6416,0.6499,1683310.7
1770188400000,0.6499,0.6538,0.6449,0.651,1953751.2
1770192000000,0.6511,0.6588,0.6476,0.6573,2085374.0
1770195600000,0.6572,0.6574,0.647,0.6504,1570543.0
1770199200000,0.6505,0.6519,0.6472,0.65,1599423.8
1770202800000,0.65,0.652,0.6387,0.6458,3333313.1
1770206400000,0.6459,0.6482,0.6398,0.6434,1524395.0
1770210000000,0.6433,0.6435,0.6301,0.6307,2503514.5
1770213600000,0.6306,0.6373,0.6199,0.6206,5858650.9
1770217200000,0.6207,0.6319,0.6148,0.6237,7374095.3
1770220800000,0.6237,0.6274,0.6114,0.6214,6203232.6
1770224400000,0.6213,0.6283,0.6124,0.6227,4158767.9
1770228000000,0.6227,0.6434,0.6107,0.6347,7499107.2
1770231600000,0.6348,0.654,0.627,0.6524,4891406.5
1770235200000,0.6523,0.6528,0.6371,0.6404,2634298.1
1770238800000,0.6404,0.6434,0.625,0.632,2625243.1
1770242400000,0.632,0.641,0.6166,0.6223,3173450.7
1770246000000,0.6223,0.6396,0.6219,0.6328,3856129.8
1770249600000,0.6327,0.6346,0.6273,0.6294,1953453.0
1770253200000,0.6295,0.6376,0.6201,0.6259,3998262.8
1770256800000,0.6259,0.6326,0.6183,0.6202,3426618.8
1770260400000,0.6201,0.6259,0.6139,0.6174,4654304.4
1770264000000,0.6174,0.6238,0.6125,0.6154,4024679.2
1770267600000,0.6154,0.6199,0.6052,0.6128,4290523.2
1770271200000,0.6128,0.6139,0.604,0.6083,2650594.2
1770274800000,0.6081,0.6211,0.6077,0.6117,2777604.0
1770278400000,0.6117,0.6234,0.6112,0.6186,2614555.9
1770282000000,0.6187,0.6281,0.6174,0.6191,2716533.5
1770285600000,0.619,0.62,0.5994,0.6025,2868468.5
1770289200000,0.6025,0.6057,0.5875,0.5994,6411038.7
1770292800000,0.5995,0.6034,0.5916,0.5965,4965094.8
1770296400000,0.5965,0.6036,0.5894,0.5909,2559184.6
1770300000000,0.591,0.609,0.5909,0.5928,6569714.9
1770303600000,0.5928,0.5959,0.5491,0.5694,22275899.9
1770307200000,0.5695,0.5793,0.5616,0.5693,10718599.4
1770310800000,0.5693,0.5729,0.5476,0.5517,10038353.0
1770314400000,0.5517,0.5563,0.5406,0.5506,6872556.3
1770318000000,0.5506,0.5517,0.5369,0.5395,4920593.6
1770321600000,0.5395,0.5441,0.5119,0.5218,17912311.4
1770325200000,0.5219,0.5391,0.5157,0.5202,9443210.5
1770328800000,0.5202,0.5335,0.5131,0.5247,6395288.7
1770332400000,0.5247,0.5392,0.5157,0.5175,6722457.5
1770336000000,0.5175,0.5224,0.4594,0.5138,45215694.1
1770339600000,0.5138,0.5394,0.5136,0.5373,9970152.2
1770343200000,0.5374,0.5436,0.52,0.524,5963844.9
1770346800000,0.524,0.5288,0.519,0.5219,3999662.6
1770350400000,0.5218,0.5323,0.5192,0.5316,2752072.7
1770354000000,0.5316,0.5519,0.5298,0.5497,4042664.7
1770357600000,0.5498,0.5533,0.5372,0.5381,3798880.5
1770361200000,0.5381,0.54,0.5295,0.5337,4076863.6
1770364800000,0.5336,0.5362,0.5259,0.5293,3374162.9
1770368400000,0.5293,0.55,0.5277,0.5461,4171239.3
1770372000000,0.5464,0.5546,0.5429,0.55,3087342.0
1770375600000,0.5498,0.5586,0.5478,0.5571,3384416.8
1770379200000,0.557,0.557,0.5515,0.5556,2141881.7
1770382800000,0.5556,0.5703,0.5543,0.5657,5474621.3
1770386400000,0.5656,0.5913,0.5626,0.5865,11792742.7
1770390000000,0.5866,0.5869,0.5772,0.5807,6855482.1
1770393600000,0.5806,0.6042,0.5775,0.5977,8035541.4
1770397200000,0.5977,0.6147,0.5936,0.6051,6052146.1
1770400800000,0.6051,0.6057,0.588,0.5933,4418592.2
1770404400000,0.5934,0.596,0.587,0.5936,2657436.6
1770408000000,0.5936,0.5972,0.585,0.5867,2584818.8
1770411600000,0.5867,0.5945,0.5832,0.5934,1822790.6
1770415200000,0.5935,0.6035,0.5925,0.6009,2292684.3
1770418800000,0.6009,0.6054,0.5918,0.595,2069836.1
1770422400000,0.5952,0.5955,0.5846,0.5878,3532587.0
1770426000000,0.5877,0.594,0.5824,0.5925,3214437.7
1770429600000,0.5925,0.598,0.5906,0.595,1765219.8
1770433200000,0.5951,0.6058,0.594,0.6001,3254590.3
1770436800000,0.6001,0.6077,0.5969,0.5998,2767150.3
1770440400000,0.5997,0.6086,0.5939,0.5966,2161303.2
1770444000000,0.5966,0.6013,0.5832,0.5834,2984816.3
1770447600000,0.5835,0.5865,0.5641,0.5718,8935798.2
1770451200000,0.5718,0.5764,0.5678,0.5746,2653189.7
1770454800000,0.5747,0.5771,0.5676,0.57,1728832.3
1770458400000,0.5699,0.571,0.5635,0.567,3262556.7
1770462000000,0.5669,0.5676,0.5632,0.5652,1617498.6
1770465600000,0.5651,0.5882,0.5643,0.5808,5162322.3
1770469200000,0.5809,0.5841,0.5731,0.5774,1672589.5
1770472800000,0.5774,0.5793,0.5694,0.5719,1877165.4
1770476400000,0.572,0.5876,0.5701,0.5831,2656975.6
1770480000000,0.583,0.6027,0.5804,0.5869,20474644.6
1770483600000,0.5868,0.5924,0.5834,0.5908,1658805.6
1770487200000,0.5907,0.6003,0.59,0.5956,1687299.7
1770490800000,0.5954,0.5957,0.5892,0.5909,1257029.6
1770494400000,0.5908,0.5983,0.5895,0.597,1193116.4
1770498000000,0.5971,0.5986,0.592,0.5938,1107460.9
1770501600000,0.5937,0.5965,0.5911,0.5917,878447.1
1770505200000,0.5918,0.5924,0.5855,0.5906,1993214.5
1770508800000,0.5906,0.5909,0.5826,0.5862,1956165.4
1770512400000,0.5862,0.5887,0.5843,0.5875,952004.9
1770516000000,0.5875,0.5917,0.5838,0.5861,976094.2
1770519600000,0.5859,0.5869,0.5807,0.5822,1270917.1
1770523200000,0.5822,0.5852,0.58,0.5851,1128512.0
1770526800000,0.5849,0.5868,0.5814,0.5829,990169.5
1770530400000,0.5828,0.5849,0.5799,0.581,736949.0
1770534000000,0.5811,0.5821,0.5764,0.5806,1295942.9
1770537600000,0.5806,0.5955,0.5792,0.5914,2464573.7
1770541200000,0.5915,0.594,0.5841,0.5846,1592836.0
1770544800000,0.5845,0.5884,0.5768,0.581,2023383.0
1770548400000,0.5809,0.5937,0.5804,0.5906,2144718.8
1770552000000,0.5906,0.5915,0.5823,0.5867,1683403.6
1770555600000,0.5866,0.5897,0.5829,0.5896,2070274.0
1770559200000,0.5897,0.5904,0.5848,0.587,1386287.6
1770562800000,0.5869,0.5884,0.5768,0.5806,2057624.1
1770566400000,0.5806,0.5817,0.5669,0.5697,2567343.8
1770570000000,0.5696,0.5763,0.5694,0.5755,1281905.9
1770573600000,0.5756,0.5846,0.5753,0.5808,1113500.6
1770577200000,0.5807,0.5844,0.5787,0.5839,803687.6
1770580800000,0.5839,0.5839,0.5754,0.5768,967601.8
1770584400000,0.5768,0.5808,0.5733,0.576,1471563.8
1770588000000,0.576,0.58,0.5748,0.5793,967427.8
1770591600000,0.5792,0.5932,0.5719,0.5767,3395667.5
1770595200000,0.5767,0.5798,0.5725,0.5773,1466682.6
1770598800000,0.5772,0.5841,0.5729,0.5768,2638364.7
1770602400000,0.5767,0.584,0.573,0.5793,1509913.9
1770606000000,0.5794,0.5879,0.5785,0.5866,1629261.0
1770609600000,0.5865,0.5866,0.5817,0.5832,802001.4
1770613200000,0.5831,0.585,0.5804,0.5829,916636.1
1770616800000,0.5828,0.5828,0.5734,0.5766,1755060.8
1770620400000,0.5766,0.5809,0.5737,0.5742,2055673.5
1770624000000,0.5743,0.5754,0.5614,0.5661,2884125.5
1770627600000,0.566,0.5675,0.5561,0.5589,2949327.3
1770631200000,0.5588,0.5609,0.5463,0.549,4045160.7
1770634800000,0.549,0.5551,0.549,0.5516,1995532.5
1770638400000,0.5517,0.5591,0.5515,0.5575,1853310.6
1770642000000,0.5575,0.5597,0.5497,0.5498,1618399.9
1770645600000,0.5499,0.5665,0.5483,0.5641,4388591.3
1770649200000,0.5642,0.5702,0.5571,0.5652,3360932.8
1770652800000,0.5651,0.5786,0.5597,0.5722,3262615.2
1770656400000,0.5721,0.5821,0.5672,0.5787,2695979.3
1770660000000,0.5786,0.5827,0.5711,0.5753,1793120.5
1770663600000,0.5752,0.5796,0.5727,0.5788,1439401.5
1770667200000,0.5787,0.5818,0.5718,0.5757,1772932.0
1770670800000,0.5759,0.577,0.5661,0.5732,2162361.4
1770674400000,0.5733,0.5766,0.5721,0.5739,1155809.6
1770678000000,0.5738,0.5757,0.568,0.5691,1048410.5
1770681600000,0.5692,0.571,0.5646,0.5663,1893599.5
1770685200000,0.5663,0.5743,0.5661,0.5719,1405384.7
1770688800000,0.5716,0.5719,0.5666,0.5679,1181657.3
1770692400000,0.568,0.5691,0.5541,0.5599,3466107.7
1770696000000,0.5599,0.5656,0.5593,0.5641,1147219.8
1770699600000,0.5642,0.5649,0.5572,0.5589,1472505.5
1770703200000,0.559,0.561,0.5482,0.5517,3078094.4
1770706800000,0.5518,0.5564,0.5512,0.5544,1223733.7
1770710400000,0.5545,0.5593,0.5527,0.558,1678521.3
1770714000000,0.5579,0.5625,0.5571,0.5597,1687585.5
1770717600000,0.5597,0.5646,0.5585,0.56,920607.6
1770721200000,0.5599,0.5616,0.5545,0.5555,1532118.9
1770724800000,0.5555,0.5578,0.5528,0.5555,1373659.1
1770728400000,0.5554,0.5605,0.5546,0.5579,1738320.9
1770732000000,0.5578,0.5647,0.5522,0.5558,3084395.8
1770735600000,0.5557,0.5657,0.5538,0.5619,2519801.4
1770739200000,0.5619,0.5672,0.5576,0.562,2316368.9
1770742800000,0.562,0.5702,0.5594,0.566,2018840.7
1770746400000,0.566,0.5666,0.5533,0.5573,2190646.6
1770750000000,0.5572,0.5634,0.554,0.5609,1595939.2
1770753600000,0.5607,0.5635,0.5593,0.5617,1456778.7
1770757200000,0.5616,0.5636,0.5563,0.5586,1284645.8
1770760800000,0.5586,0.5643,0.5586,0.5608,938230.3
1770764400000,0.5607,0.5629,0.559,0.5608,1020696.3
1770768000000,0.5608,0.5659,0.5608,0.5646,1312163.9
1770771600000,0.5646,0.5673,0.5622,0.5671,1013407.3
1770775200000,0.5671,0.5703,0.5654,0.5658,1828229.8
1770778800000,0.5658,0.568,0.5585,0.565,2291845.9
1770782400000,0.565,0.5664,0.5534,0.5562,2937665.1
1770786000000,0.5562,0.5596,0.551,0.5535,1536022.5
1770789600000,0.5535,0.5541,0.5404,0.544,5274194.7
1770793200000,0.544,0.5474,0.5421,0.5435,1798731.7
1770796800000,0.5434,0.5448,0.5402,0.5436,1673965.2
1770800400000,0.5436,0.5463,0.5403,0.5416,1311576.5
1770804000000,0.5416,0.5418,0.5347,0.5361,2607868.4
1770807600000,0.5361,0.5416,0.5357,0.541,1628867.2
1770811200000,0.5409,0.5433,0.5384,0.5415,2410031.9
1770814800000,0.5415,0.5524,0.5386,0.5519,3964737.9
1770818400000,0.5519,0.5675,0.5352,0.5365,7349124.2
1770822000000,0.5366,0.5403,0.528,0.537,5520127.6
1770825600000,0.537,0.5468,0.532,0.5333,3036652.7
1770829200000,0.5332,0.5414,0.531,0.5371,2283030.6
1770832800000,0.5373,0.5476,0.5329,0.5447,2110951.4
1770836400000,0.5447,0.5498,0.5435,0.5463,2116165.1
1770840000000,0.5463,0.5505,0.5416,0.549,1936067.3
1770843600000,0.5491,0.5569,0.5474,0.5525,2792689.9
1770847200000,0.5524,0.553,0.5392,0.5396,1787550.5
1770850800000,0.5396,0.5414,0.5323,0.5373,2456173.8
1770854400000,0.5374,0.543,0.5374,0.5411,1641819.6
1770858000000,0.5412,0.5512,0.5412,0.5468,2070056.6
1770861600000,0.5469,0.5507,0.5448,0.5487,1181797.8
1770865200000,0.5488,0.5556,0.5488,0.5548,1999905.3
1770868800000,0.5549,0.555,0.5483,0.5498,1900716.6
1770872400000,0.5498,0.5539,0.5453,0.5518,1256576.4
1770876000000,0.5518,0.5601,0.5509,0.558,2032833.4
1770879600000,0.5579,0.5634,0.5553,0.5627,1792321.7
1770883200000,0.5628,0.5664,0.5561,0.5588,2220833.9
1770886800000,0.5589,0.5727,0.5582,0.5709,2630805.0
1770890400000,0.5709,0.603,0.5708,0.6028,10880540.3
1770894000000,0.6029,0.605,0.5838,0.5838,9799404.3
1770897600000,0.5838,0.5842,0.5725,0.576,6977810.1
1770901200000,0.5759,0.5939,0.5729,0.5921,5837932.2
1770904800000,0.592,0.5932,0.5803,0.5877,5737522.2
1770908400000,0.5878,0.5919,0.5772,0.579,5690318.6
1770912000000,0.5791,0.5801,0.5586,0.5658,9915264.8
1770915600000,0.5657,0.5716,0.561,0.5651,3872804.1
1770919200000,0.5652,0.5737,0.5615,0.5689,2827460.5
1770922800000,0.569,0.5836,0.5652,0.5741,3283450.6
1770926400000,0.574,0.576,0.5633,0.5655,2430929.6
1770930000000,0.5656,0.5768,0.5654,0.5729,1718118.5
1770933600000,0.5728,0.5862,0.5704,0.5851,2187272.2
1770937200000,0.5852,0.5872,0.5785,0.5819,2080764.0
1770940800000,0.5818,0.5838,0.5678,0.5703,3144309.8
1770944400000,0.5702,0.5757,0.569,0.5706,2555230.0
1770948000000,0.5707,0.5801,0.5699,0.5777,2908859.3
1770951600000,0.5777,0.5798,0.5724,0.5753,1904346.0
1770955200000,0.5751,0.5754,0.5685,0.5693,1744180.9
1770958800000,0.5694,0.5715,0.5643,0.5649,1776072.9
1770962400000,0.5648,0.5668,0.5559,0.5649,2723275.8
1770966000000,0.5649,0.57,0.5637,0.5669,1786934.1
1770969600000,0.567,0.5776,0.5664,0.577,1750603.9
1770973200000,0.5769,0.5771,0.5716,0.5725,2032138.6
1770976800000,0.5725,0.5741,0.5679,0.5721,2884168.3
1770980400000,0.572,0.5721,0.5583,0.5598,7895885.9
1770984000000,0.5598,0.562,0.5552,0.5578,3740461.2
1770987600000,0.5578,0.5683,0.5565,0.564,3958693.9
1770991200000,0.564,0.578,0.5621,0.5725,5064119.3
1770994800000,0.5726,0.5921,0.5701,0.581,10051544.7
1770998400000,0.5808,0.5979,0.5791,0.5945,5213641.0
1771002000000,0.5944,0.5986,0.5897,0.5958,3309274.3
1771005600000,0.5957,0.5964,0.5909,0.5944,2170753.8
1771009200000,0.5944,0.601,0.5927,0.5984,2222842.8
1771012800000,0.5983,0.5998,0.5943,0.5958,1661888.2
1771016400000,0.5958,0.6023,0.5954,0.6018,1332076.9
1771020000000,0.6017,0.6059,0.5981,0.6006,1988825.8
1771023600000,0.6006,0.6006,0.5942,0.5988,1794459.2
1771027200000,0.5989,0.6134,0.5957,0.609,3631667.7
1771030800000,0.6089,0.6209,0.6057,0.6164,3462149.3
1771034400000,0.6163,0.6291,0.6149,0.6217,4314441.6
1771038000000,0.6217,0.6435,0.6205,0.6402,9344919.5
1771041600000,0.6402,0.6482,0.6245,0.6258,6029842.1
1771045200000,0.6257,0.6265,0.6137,0.6144,3426883.2
1771048800000,0.6145,0.6219,0.6104,0.6207,2631455.6
1771052400000,0.6206,0.6438,0.6201,0.6421,4596565.2
1771056000000,0.6421,0.6708,0.6421,0.6669,18037307.1
1771059600000,0.6669,0.6847,0.6567,0.684,11591110.2
1771063200000,0.6841,0.6931,0.673,0.6784,12984892.1
1771066800000,0.6785,0.6944,0.6679,0.6801,10382927.3
1771070400000,0.68,0.6941,0.6662,0.673,9473299.2
1771074000000,0.6729,0.6732,0.6566,0.6591,6390354.9
1771077600000,0.6591,0.6684,0.6552,0.6675,3480157.7
1771081200000,0.6675,0.6779,0.6641,0.6754,4671406.9
1771084800000,0.6755,0.6783,0.6626,0.6736,4475722.3
1771088400000,0.6736,0.684,0.6695,0.6761,4937065.7
1771092000000,0.676,0.6847,0.6752,0.6817,2671873.8
1771095600000,0.6817,0.6896,0.6773,0.689,2357395.4
1771099200000,0.6889,0.6929,0.6796,0.6866,2137865.9
1771102800000,0.6867,0.6983,0.6803,0.6855,3449464.8
1771106400000,0.6855,0.6957,0.6844,0.6879,2480610.0
1771110000000,0.6879,0.6898,0.6791,0.6836,2521480.1
1771113600000,0.6836,0.6842,0.6725,0.6839,4671689.4
1771117200000,0.6839,0.6946,0.6772,0.6866,4616714.7
1771120800000,0.6865,0.6916,0.6715,0.6799,3568342.5
1771124400000,0.6798,0.6849,0.6654,0.6782,4355423.5
1771128000000,0.6782,0.6879,0.6751,0.6776,2856164.4
1771131600000,0.6775,0.6877,0.6752,0.6779,2987475.6
1771135200000,0.6777,0.6821,0.6759,0.6819,1679661.9
1771138800000,0.682,0.6865,0.6767,0.6778,2525440.7
1771142400000,0.6777,0.6798,0.6621,0.6676,3870457.5
1771146000000,0.6676,0.6779,0.6665,0.677,2281648.3
1771149600000,0.6771,0.679,0.663,0.6686,1908449.2
1771153200000,0.6686,0.6705,0.6614,0.663,1696950.7
1771156800000,0.6631,0.6646,0.6435,0.6437,5910793.5
1771160400000,0.6438,0.6514,0.635,0.6385,5357817.2
1771164000000,0.6384,0.6496,0.6377,0.6484,2348171.5
1771167600000,0.6484,0.6521,0.6457,0.6475,1609266.3
1771171200000,0.6475,0.6475,0.6394,0.6417,2370551.7
1771174800000,0.6417,0.643,0.6236,0.6303,4098826.2
1771178400000,0.6302,0.6313,0.6227,0.6256,2627552.9
1771182000000,0.6255,0.6297,0.6208,0.6249,1992260.3
1771185600000,0.6248,0.6303,0.6223,0.6287,1601718.9
1771189200000,0.6287,0.6353,0.6282,0.632,1640006.2
1771192800000,0.632,0.6353,0.6301,0.6333,1490574.8
1771196400000,0.6333,0.6333,0.6239,0.6319,2110996.9
1771200000000,0.6319,0.6324,0.626,0.6319,4197232.1
1771203600000,0.632,0.635,0.619,0.6272,3837186.8
1771207200000,0.6272,0.6311,0.6238,0.6242,1681341.4
1771210800000,0.6242,0.6248,0.6211,0.6233,1579921.8
1771214400000,0.6232,0.6323,0.6225,0.6314,1437690.0
1771218000000,0.6315,0.6333,0.6252,0.626,1696711.5
1771221600000,0.6259,0.6372,0.6257,0.6355,2038825.4
1771225200000,0.6355,0.6362,0.6302,0.6314,1635437.3
1771228800000,0.6315,0.64,0.6312,0.6372,2032398.9
1771232400000,0.6371,0.6519,0.6369,0.6493,3889469.7
1771236000000,0.6492,0.6542,0.6419,0.6515,2563269.3
1771239600000,0.6514,0.6582,0.64,0.65,4061392.9
1771243200000,0.65,0.6639,0.6461,0.6625,3457231.0
1771246800000,0.6625,0.6711,0.6475,0.6508,7776957.5
1771250400000,0.6509,0.6646,0.6501,0.6568,4775075.1
1771254000000,0.6569,0.663,0.6322,0.6365,8103728.5
1771257600000,0.6366,0.6466,0.6359,0.6414,3453879.1
1771261200000,0.6414,0.6468,0.6368,0.6419,2188084.4
1771264800000,0.642,0.6487,0.6401,0.641,1497798.2
1771268400000,0.6411,0.6491,0.6387,0.6473,1642489.2
1771272000000,0.6472,0.6583,0.6442,0.6566,1941398.4
1771275600000,0.6565,0.6638,0.6522,0.6614,1573250.5
1771279200000,0.6614,0.6616,0.6513,0.6538,1445564.7
1771282800000,0.6537,0.6566,0.6521,0.6549,931388.7
1771286400000,0.6549,0.6682,0.6525,0.6601,4151058.8
1771290000000,0.6601,0.6653,0.6569,0.6594,2822559.8
1771293600000,0.6593,0.6669,0.6488,0.6613,3268880.8
1771297200000,0.6613,0.6627,0.6557,0.6574,1890332.5
1771300800000,0.6573,0.6617,0.6513,0.6563,1969107.9
1771304400000,0.6561,0.6571,0.6412,0.6508,3126338.0
1771308000000,0.6508,0.6538,0.648,0.6516,1110369.7
1771311600000,0.6515,0.6522,0.6462,0.6493,1166331.2
1771315200000,0.6494,0.653,0.6416,0.6432,2655368.7
1771318800000,0.6432,0.6443,0.6332,0.6386,3572927.7
1771322400000,0.6385,0.6402,0.6322,0.6344,1673140.4
1771326000000,0.6346,0.6415,0.6345,0.638,1304378.4
1771329600000,0.638,0.644,0.6366,0.638,1750572.8
1771333200000,0.638,0.6481,0.6363,0.6442,1660057.3
1771336800000,0.6441,0.6508,0.626,0.6295,4902122.2
1771340400000,0.6295,0.6417,0.6278,0.6408,3223772.3
1771344000000,0.6407,0.6585,0.6391,0.6458,4549910.9
1771347600000,0.6457,0.6457,0.6348,0.6403,2167415.4
1771351200000,0.6402,0.6577,0.6383,0.6537,2582949.5
1771354800000,0.6537,0.6578,0.6492,0.6498,1939301.5
1771358400000,0.6496,0.6522,0.645,0.65,1076500.1
1771362000000,0.65,0.6541,0.649,0.654,659420.8
1771365600000,0.6539,0.6546,0.6464,0.6464,652306.3
1771369200000,0.6463,0.6484,0.6415,0.6444,1703656.2
1771372800000,0.6445,0.6459,0.636,0.6361,2237902.9
1771376400000,0.6362,0.6375,0.6304,0.6338,1741040.8
1771380000000,0.6337,0.6413,0.6332,0.6358,1104044.8
1771383600000,0.6359,0.6456,0.6343,0.6423,1664167.4
1771387200000,0.6423,0.6453,0.6399,0.6406,1003116.7
1771390800000,0.6406,0.6456,0.6394,0.6426,1154483.9
1771394400000,0.6427,0.6454,0.638,0.6388,1956566.4
1771398000000,0.6389,0.6476,0.6355,0.6451,1574071.9
1771401600000,0.6452,0.6599,0.6445,0.6532,4968441.7
1771405200000,0.6531,0.6621,0.6521,0.6561,1525677.7
1771408800000,0.6562,0.6581,0.6465,0.6502,1990863.0
1771412400000,0.6501,0.6517,0.6386,0.6401,3819404.4
1771416000000,0.6402,0.6457,0.6395,0.6407,2572373.2
1771419600000,0.6408,0.6436,0.6316,0.6358,2763410.6
1771423200000,0.6358,0.6389,0.628,0.6362,3115555.5
1771426800000,0.6361,0.6548,0.6354,0.644,3463303.5
1771430400000,0.6442,0.6446,0.6333,0.6348,1942268.2
1771434000000,0.6349,0.643,0.6312,0.6323,1369069.0
1771437600000,0.6324,0.6338,0.6203,0.6222,2655123.4
1771441200000,0.6221,0.6265,0.6096,0.6158,3243411.5
1771444800000,0.6159,0.6224,0.6143,0.6158,1499655.4
1771448400000,0.6159,0.6193,0.613,0.6141,1134186.5
1771452000000,0.6141,0.6158,0.6075,0.6142,1628447.5
1771455600000,0.6142,0.6153,0.6062,0.6087,2092632.1
1771459200000,0.6088,0.6139,0.6053,0.6099,2387540.3
1771462800000,0.6098,0.6191,0.6098,0.6182,2205828.8
1771466400000,0.6182,0.623,0.6148,0.6215,1629816.4
1771470000000,0.6215,0.6286,0.6186,0.6202,2267176.0
1771473600000,0.6203,0.6228,0.6163,0.6176,1251375.2
1771477200000,0.6176,0.6204,0.6131,0.6195,1180127.0
1771480800000,0.6194,0.6285,0.6187,0.6256,1608522.6
1771484400000,0.6257,0.6305,0.6216,0.6262,1709156.4
1771488000000,0.6262,0.6273,0.6123,0.6163,2479366.9
1771491600000,0.6163,0.622,0.6146,0.6161,1408046.5
1771495200000,0.616,0.6193,0.6113,0.6148,1463966.6
1771498800000,0.6149,0.6186,0.6137,0.6146,1162931.3
1771502400000,0.6145,0.6191,0.6126,0.6142,1397569.1
1771506000000,0.6142,0.6145,0.592,0.5994,7152067.0
1771509600000,0.5994,0.6112,0.5979,0.6084,3334416.7
1771513200000,0.6085,0.6207,0.6033,0.608,5669472.7
1771516800000,0.6079,0.6118,0.6018,0.6058,2531790.9
1771520400000,0.6059,0.6183,0.603,0.6063,2862756.6
1771524000000,0.6063,0.6187,0.6052,0.6185,2140109.8
1771527600000,0.6185,0.6206,0.6114,0.6176,1345557.2
1771531200000,0.6175,0.6236,0.6152,0.6227,1676021.3
1771534800000,0.6226,0.6283,0.6221,0.6267,2091992.6
1771538400000,0.6267,0.6294,0.6177,0.622,1613811.1
1771542000000,0.6219,0.6306,0.6191,0.6299,1458342.1
1771545600000,0.6298,0.6469,0.6261,0.6389,4035874.6
1771549200000,0.6391,0.6493,0.6353,0.6463,4229865.0
1771552800000,0.6464,0.6519,0.639,0.6414,3132008.9
1771556400000,0.6414,0.6489,0.6389,0.6408,1992013.5
1771560000000,0.6409,0.6471,0.6317,0.6346,3745437.6
1771563600000,0.6347,0.6427,0.6274,0.6367,2958812.6
1771567200000,0.6368,0.6403,0.6331,0.6379,1785720.1
1771570800000,0.6378,0.6381,0.6328,0.6346,1170095.9
1771574400000,0.6346,0.6436,0.6336,0.6415,2175848.0
1771578000000,0.6415,0.6515,0.6409,0.6458,2856091.4
1771581600000,0.6457,0.6544,0.6454,0.6487,2447615.9
1771585200000,0.6488,0.6505,0.6353,0.6381,3183890.4
1771588800000,0.6383,0.6406,0.6347,0.6377,1692751.3
1771592400000,0.6377,0.6381,0.6134,0.6204,8031512.1
1771596000000,0.6205,0.6362,0.6195,0.6312,3843080.8
1771599600000,0.6311,0.6504,0.6311,0.6495,7562117.5
1771603200000,0.6496,0.6525,0.6391,0.6502,4034352.0
1771606800000,0.6501,0.6568,0.6336,0.656,6016847.0
1771610400000,0.6559,0.6607,0.6499,0.6572,4032223.2
1771614000000,0.6572,0.6604,0.648,0.6503,1608503.7
1771617600000,0.6503,0.6522,0.6412,0.646,3973761.4
1771621200000,0.646,0.6493,0.6447,0.6476,958778.0
1771624800000,0.6476,0.6542,0.645,0.6522,1315991.5
1771628400000,0.6521,0.6538,0.6491,0.6521,1113054.7
1771632000000,0.6521,0.6532,0.643,0.6437,1510199.7
1771635600000,0.6438,0.6502,0.6437,0.6493,720254.7
1771639200000,0.6492,0.6523,0.6472,0.6477,654454.7
1771642800000,0.6478,0.6481,0.6381,0.6403,1689663.8
1771646400000,0.6403,0.6431,0.6377,0.6412,879771.6
1771650000000,0.6411,0.6471,0.6411,0.6445,773061.9
1771653600000,0.6446,0.6454,0.6387,0.6403,981100.2
1771657200000,0.6402,0.645,0.6377,0.6437,1355271.1
1771660800000,0.6436,0.6509,0.6435,0.65,1090598.0
1771664400000,0.6499,0.6559,0.648,0.6495,1387966.5
1771668000000,0.6494,0.6522,0.6468,0.6486,1089382.5
1771671600000,0.6486,0.6522,0.6442,0.6458,1212673.8
1771675200000,0.6459,0.6472,0.6418,0.6456,953432.4
1771678800000,0.6456,0.6495,0.6425,0.6493,1260627.6
1771682400000,0.6493,0.6561,0.6477,0.6517,2419623.6
1771686000000,0.6516,0.6548,0.6476,0.6521,1131421.6
1771689600000,0.6521,0.6525,0.6441,0.6463,2241221.2
1771693200000,0.6463,0.6482,0.6444,0.6466,780938.3
1771696800000,0.6465,0.6515,0.6463,0.6499,632282.1
1771700400000,0.65,0.6557,0.6488,0.6508,1209100.6
1771704000000,0.6508,0.6511,0.6424,0.6439,1072067.8
1771707600000,0.644,0.6489,0.6433,0.6487,741997.5
1771711200000,0.6486,0.6492,0.6438,0.6444,535950.9
1771714800000,0.6443,0.6461,0.6429,0.6437,645647.4
1771718400000,0.6436,0.6437,0.6352,0.6384,2258581.1
1771722000000,0.6384,0.6401,0.6372,0.6378,607844.4
1771725600000,0.6379,0.6405,0.6316,0.6323,1624337.4
1771729200000,0.6323,0.6348,0.6288,0.6335,1090115.8
1771732800000,0.6334,0.6345,0.6316,0.6328,414329.7
1771736400000,0.6327,0.6334,0.6284,0.6294,741831.5
1771740000000,0.6295,0.6309,0.6267,0.6291,997352.8
1771743600000,0.6292,0.6349,0.6281,0.6325,979328.8
1771747200000,0.6324,0.6368,0.6273,0.6273,1216075.4
1771750800000,0.6274,0.6341,0.6271,0.6341,785190.5
1771754400000,0.6342,0.638,0.6328,0.6355,4368289.3
1771758000000,0.6354,0.6374,0.6336,0.6356,717680.5
1771761600000,0.6355,0.6362,0.6246,0.6262,1546011.6
1771765200000,0.6262,0.6266,0.6184,0.6212,2532429.6
1771768800000,0.6212,0.6224,0.6172,0.6191,2040430.2
1771772400000,0.6191,0.6224,0.6139,0.6208,2360462.7
1771776000000,0.6207,0.6267,0.6193,0.6259,1033165.8
1771779600000,0.6258,0.6262,0.6166,0.6201,1003095.3
1771783200000,0.6201,0.6228,0.6186,0.6215,678611.5
1771786800000,0.6216,0.6224,0.6186,0.6197,429234.7
1771790400000,0.6197,0.6211,0.6147,0.6156,658381.7
1771794000000,0.6157,0.6199,0.6124,0.6185,728459.7
1771797600000,0.6184,0.6224,0.6172,0.6219,486119.6
1771801200000,0.6219,0.6236,0.6193,0.6229,845357.1
1771804800000,0.6229,0.6243,0.6076,0.61,2650710.9
1771808400000,0.61,0.6103,0.5774,0.5809,10385793.6
1771812000000,0.5809,0.589,0.5791,0.5882,2896566.2
1771815600000,0.5883,0.5958,0.5857,0.5916,2532241.1
1771819200000,0.5917,0.5934,0.5875,0.5877,2075926.1
1771822800000,0.5877,0.597,0.5876,0.5937,2547757.1
1771826400000,0.5938,0.6054,0.5934,0.6043,2554080.6
1771830000000,0.6043,0.6085,0.6029,0.6032,1257687.0
1771833600000,0.6032,0.6033,0.597,0.5995,1268049.7
1771837200000,0.5997,0.619,0.5997,0.6179,2652481.7
1771840800000,0.6179,0.6221,0.6161,0.6184,1671123.9
1771844400000,0.6184,0.622,0.6158,0.6172,1466366.0
1771848000000,0.6173,0.6316,0.6153,0.6303,2942239.0
1771851600000,0.6304,0.6343,0.6126,0.6138,3059254.7
1771855200000,0.6138,0.6146,0.6047,0.6085,2778189.2
1771858800000,0.6086,0.6102,0.5971,0.5983,3226074.7
1771862400000,0.5984,0.6019,0.5921,0.5942,3085983.7
1771866000000,0.5943,0.5962,0.5786,0.5897,5049421.1
1771869600000,0.5898,0.5969,0.5865,0.5885,2320495.9
1771873200000,0.5885,0.59,0.5823,0.5839,1996584.4
1771876800000,0.5838,0.5877,0.5801,0.587,2730600.6
1771880400000,0.587,0.5936,0.5867,0.5915,2028822.7
1771884000000,0.5916,0.597,0.5902,0.591,1731639.4
1771887600000,0.591,0.5948,0.5856,0.5874,1280942.8
1771891200000,0.5875,0.5958,0.5875,0.595,1919032.8
1771894800000,0.5949,0.6002,0.5754,0.5914,6292322.5
1771898400000,0.5914,0.5936,0.5864,0.5875,1583633.6
1771902000000,0.5874,0.5875,0.5759,0.5791,3173099.7
1771905600000,0.5792,0.5814,0.5723,0.5796,3843122.5
1771909200000,0.5795,0.5836,0.5749,0.5781,2229286.0
1771912800000,0.5781,0.5809,0.5756,0.5769,1095863.1
1771916400000,0.5769,0.5809,0.5751,0.5776,1677134.6
1771920000000,0.5775,0.5843,0.5713,0.5821,2089215.9
1771923600000,0.582,0.5828,0.5737,0.5796,1764499.1
1771927200000,0.5796,0.5812,0.5764,0.5789,1212444.9
1771930800000,0.579,0.5801,0.5757,0.5774,739883.5
1771934400000,0.5774,0.5801,0.5738,0.5755,1516391.5
1771938000000,0.5756,0.5822,0.5682,0.5795,2907495.9
1771941600000,0.5795,0.5957,0.5757,0.5906,3494074.7
1771945200000,0.5907,0.6043,0.5868,0.5983,3370075.5
1771948800000,0.5982,0.6097,0.5964,0.6085,3546272.4
1771952400000,0.6085,0.6114,0.6037,0.6058,2405447.5
1771956000000,0.6057,0.6077,0.5995,0.6024,1216458.7
1771959600000,0.6026,0.6081,0.6009,0.6059,1310463.4
1771963200000,0.6058,0.608,0.6036,0.6059,1000391.0
1771966800000,0.606,0.6062,0.5985,0.6018,1599767.2
1771970400000,0.6017,0.6169,0.601,0.6157,5010366.7
1771974000000,0.6156,0.6158,0.6037,0.6058,2923902.3
1771977600000,0.6058,0.6078,0.5988,0.602,1722314.0
1771981200000,0.6019,0.6538,0.6018,0.6525,10171547.8
1771984800000,0.6522,0.6728,0.6518,0.663,9132206.7
1771988400000,0.663,0.6668,0.6482,0.6585,6641283.8
1771992000000,0.6585,0.6618,0.6503,0.6592,5578122.2
1771995600000,0.6592,0.6625,0.6377,0.6494,6119674.3
1771999200000,0.6493,0.6603,0.6483,0.6517,3330893.5
1772002800000,0.6517,0.6593,0.6512,0.6579,3046166.8
1772006400000,0.6577,0.6994,0.6571,0.6968,15122488.1
1772010000000,0.6967,0.7239,0.6874,0.7221,16813405.8
1772013600000,0.7221,0.7248,0.6929,0.6941,14407657.9
1772017200000,0.6942,0.6949,0.6803,0.6824,8404555.1
1772020800000,0.6823,0.6965,0.6742,0.6892,9313369.9
1772024400000,0.6893,0.7029,0.6837,0.6929,7334933.9
1772028000000,0.693,0.7105,0.6909,0.7044,10305494.0
1772031600000,0.7043,0.7083,0.6835,0.6941,8691060.7
1772035200000,0.6941,0.6999,0.6886,0.696,4686903.4
1772038800000,0.6958,0.7062,0.693,0.7056,4592616.1
1772042400000,0.7056,0.7146,0.704,0.714,4419769.4
1772046000000,0.7139,0.7139,0.7037,0.7085,3001659.6
1772049600000,0.7085,0.7151,0.7005,0.7088,4006661.7
1772053200000,0.7087,0.7269,0.7029,0.7196,5973161.5
1772056800000,0.7197,0.7227,0.696,0.7013,4512899.1
1772060400000,0.7013,0.7025,0.6814,0.6929,6771212.5
1772064000000,0.6928,0.7054,0.6818,0.6869,7618618.3
1772067600000,0.6869,0.6916,0.6832,0.6848,3038196.5
1772071200000,0.685,0.7009,0.6783,0.6984,4646250.3
1772074800000,0.6984,0.706,0.6917,0.6972,5202062.4
1772078400000,0.6972,0.704,0.6917,0.6968,3097601.3
1772082000000,0.6968,0.6995,0.6842,0.695,4200385.1
1772085600000,0.695,0.6956,0.6888,0.6935,2470195.3
1772089200000,0.6935,0.701,0.6923,0.7002,2864528.3
1772092800000,0.7003,0.7153,0.7003,0.7042,6137273.4
1772096400000,0.7042,0.7103,0.6916,0.7048,6625289.1
1772100000000,0.7049,0.7119,0.6991,0.7009,4419033.1
1772103600000,0.7009,0.7055,0.6908,0.6942,3290502.4
1772107200000,0.6943,0.6959,0.6887,0.6937,2244903.8
1772110800000,0.6938,0.6996,0.6906,0.6965,2329982.0
1772114400000,0.6966,0.6982,0.6799,0.6888,5859140.0
1772118000000,0.6887,0.6912,0.6763,0.6859,6671307.8
1772121600000,0.6859,0.6864,0.6547,0.6575,9511198.4
1772125200000,0.6575,0.6659,0.6564,0.6575,3862541.3
1772128800000,0.6574,0.6611,0.6512,0.658,3690334.3
1772132400000,0.658,0.6725,0.6575,0.6688,4729344.5
1772136000000,0.6687,0.6722,0.6589,0.6597,2218525.3
1772139600000,0.6597,0.6652,0.6578,0.6645,1546167.9
1772143200000,0.6645,0.6708,0.6637,0.6695,1414914.4
1772146800000,0.6694,0.6743,0.6662,0.6714,1981254.0
1772150400000,0.6714,0.6729,0.6636,0.6668,3389871.1
1772154000000,0.6669,0.6761,0.6648,0.6759,3108864.1
1772157600000,0.6758,0.6829,0.6747,0.6792,2106930.5
1772161200000,0.6792,0.6892,0.6746,0.6864,2262239.5
1772164800000,0.6865,0.7102,0.686,0.705,6638060.0
1772168400000,0.705,0.7126,0.7027,0.707,3800349.7
1772172000000,0.7071,0.7135,0.7018,0.7088,2680225.5
1772175600000,0.7088,0.7235,0.7027,0.723,4565501.6
1772179200000,0.7229,0.7303,0.7183,0.7259,6893306.3
1772182800000,0.7258,0.7436,0.7081,0.711,9434870.0
1772186400000,0.7111,0.716,0.6956,0.6991,9327205.3
1772190000000,0.6991,0.7055,0.6899,0.7004,9082060.6
1772193600000,0.7003,0.7011,0.6818,0.6856,5737434.1
1772197200000,0.6856,0.6883,0.6771,0.6861,5106835.3
1772200800000,0.6861,0.6969,0.685,0.6872,6572972.5
1772204400000,0.6871,0.6938,0.6814,0.689,3566326.6
1772208000000,0.689,0.691,0.6733,0.6761,4910791.4
1772211600000,0.676,0.6856,0.6685,0.6838,4265817.0
1772215200000,0.6839,0.6848,0.6763,0.6783,2085553.5
1772218800000,0.6782,0.6805,0.6708,0.6729,1951884.3
1772222400000,0.6729,0.6772,0.6701,0.6723,1574234.9
1772226000000,0.6722,0.6761,0.6686,0.6708,1533591.2
1772229600000,0.6707,0.6717,0.6542,0.6709,3693400.6
1772233200000,0.6708,0.6836,0.6704,0.6832,2679592.3
1772236800000,0.6831,0.685,0.6763,0.6837,2780469.6
1772240400000,0.6837,0.6916,0.6796,0.6799,3769839.0
1772244000000,0.6799,0.6803,0.6713,0.6748,2691749.8
1772247600000,0.6747,0.6758,0.6655,0.6662,2741244.5
1772251200000,0.6663,0.6706,0.6634,0.669,1520377.0
1772254800000,0.6691,0.6698,0.6604,0.6643,1661865.4
1772258400000,0.6642,0.6643,0.6239,0.6274,13596792.8
1772262000000,0.6274,0.6549,0.6231,0.6425,9634665.4
1772265600000,0.6425,0.6462,0.6335,0.635,3644246.3
1772269200000,0.6349,0.641,0.6315,0.6332,2965470.6
1772272800000,0.6331,0.6389,0.6258,0.6332,3954615.2
1772276400000,0.6333,0.641,0.6289,0.6301,3055935.8
1772280000000,0.6301,0.6331,0.6257,0.63,2820456.0
1772283600000,0.6301,0.6604,0.6297,0.6601,5623278.1
1772287200000,0.6601,0.6656,0.6501,0.6511,6476232.5
1772290800000,0.6511,0.656,0.642,0.6527,3158235.3
1772294400000,0.6528,0.6587,0.648,0.6577,2031587.4
1772298000000,0.6578,0.6609,0.6483,0.6582,1935608.3
1772301600000,0.6581,0.6763,0.6531,0.6704,2984446.4
1772305200000,0.6703,0.6947,0.6652,0.6891,4451502.4
1772308800000,0.6892,0.7066,0.6859,0.7017,5502670.9
1772312400000,0.7017,0.7053,0.6913,0.6978,2990174.1
1772316000000,0.6979,0.7188,0.697,0.7068,4333798.8
1772319600000,0.7067,0.7115,0.7043,0.7069,2364910.9
1772323200000,0.7068,0.713,0.7019,0.7117,3577104.7
1772326800000,0.7116,0.7375,0.6975,0.7294,7163916.8
1772330400000,0.7295,0.7476,0.7277,0.7318,7350690.4
1772334000000,0.7317,0.738,0.7243,0.7271,3375699.5
1772337600000,0.7272,0.7301,0.7171,0.7238,2410712.8
1772341200000,0.7238,0.7282,0.7205,0.7227,1494060.6
1772344800000,0.7226,0.7237,0.7118,0.7179,2967320.1
1772348400000,0.7179,0.7237,0.7152,0.7167,1512848.9
1772352000000,0.7168,0.7184,0.7003,0.7038,2921742.7
1772355600000,0.7038,0.7093,0.695,0.6996,3104676.5
1772359200000,0.6996,0.7074,0.6951,0.7016,2720809.6
1772362800000,0.7016,0.7039,0.6969,0.6985,1722219.7
1772366400000,0.6986,0.7008,0.6913,0.6922,2358481.8
1772370000000,0.6922,0.7128,0.6873,0.7057,5111990.7
1772373600000,0.7056,0.7133,0.6951,0.6967,4264659.1
1772377200000,0.6966,0.7124,0.6956,0.7051,3182032.5
1772380800000,0.7052,0.7122,0.6913,0.6978,4090508.4
1772384400000,0.6976,0.6989,0.6874,0.6897,3007427.0
1772388000000,0.6898,0.702,0.6897,0.6943,2330643.8
1772391600000,0.6944,0.695,0.6836,0.6872,2211246.2
1772395200000,0.6872,0.688,0.6735,0.6758,4363567.5
1772398800000,0.6758,0.6859,0.6757,0.6816,1741195.5
1772402400000,0.6816,0.6965,0.6763,0.6803,3797406.4
1772406000000,0.6803,0.6928,0.6788,0.6847,1922589.5
1772409600000,0.6846,0.6961,0.6828,0.6919,2639287.7
1772413200000,0.6919,0.7035,0.6899,0.7008,2774878.0
1772416800000,0.7009,0.7032,0.6887,0.6935,2495607.7
1772420400000,0.6936,0.7079,0.684,0.7045,3569975.8
1772424000000,0.7047,0.7089,0.6998,0.7011,1986110.9
1772427600000,0.7012,0.7141,0.697,0.7057,2709141.9
1772431200000,0.7057,0.7065,0.691,0.6953,3262325.4
1772434800000,0.6953,0.6955,0.685,0.6913,2166936.1
1772438400000,0.6914,0.7,0.6825,0.6974,2830648.4
1772442000000,0.6974,0.7052,0.6949,0.6953,2593595.8
1772445600000,0.6952,0.7045,0.6936,0.7028,2171085.1
1772449200000,0.7028,0.7067,0.697,0.7024,2795823.8
1772452800000,0.7024,0.7029,0.6924,0.6927,2064433.3
1772456400000,0.6927,0.6958,0.6871,0.6895,2467223.8
1772460000000,0.6895,0.7249,0.6878,0.7248,7680854.4
1772463600000,0.7248,0.7882,0.7245,0.782,20308542.3
1772467200000,0.7821,0.7896,0.7635,0.7778,11397931.4
1772470800000,0.7778,0.7804,0.7548,0.766,8689178.5
1772474400000,0.766,0.7973,0.7594,0.7826,6597819.2
1772478000000,0.7826,0.7846,0.7679,0.781,4144663.3
1772481600000,0.781,0.7878,0.7645,0.7679,4146712.9
1772485200000,0.768,0.7792,0.7633,0.7731,3202643.2
1772488800000,0.773,0.7815,0.7719,0.7782,1923723.2
1772492400000,0.7781,0.7788,0.7611,0.7649,2587092.8
1772496000000,0.7648,0.7724,0.7525,0.7659,5113618.9
1772499600000,0.7658,0.7756,0.7616,0.7657,3030934.2
1772503200000,0.7656,0.7659,0.7549,0.7619,3615598.3
1772506800000,0.762,0.7734,0.757,0.7705,3139823.9
1772510400000,0.7706,0.7717,0.7573,0.7602,3493422.2
1772514000000,0.7601,0.7742,0.7428,0.747,7295102.6
1772517600000,0.7471,0.7579,0.7468,0.7485,4116066.2
1772521200000,0.7484,0.7587,0.7459,0.7551,2535069.0
1772524800000,0.7551,0.7596,0.7406,0.7433,4336402.7
1772528400000,0.7433,0.7489,0.7336,0.7386,6371491.0
1772532000000,0.7385,0.7427,0.7297,0.7379,3672850.3
1772535600000,0.7379,0.7462,0.7354,0.7448,3009465.5
1772539200000,0.745,0.7609,0.7415,0.7426,4501958.1
1772542800000,0.7427,0.7431,0.7221,0.7253,5042149.7
1772546400000,0.7253,0.7354,0.7133,0.7184,5896056.2
1772550000000,0.7184,0.735,0.7163,0.7319,5114950.6
1772553600000,0.7318,0.757,0.7251,0.7377,8241274.3
1772557200000,0.7377,0.7485,0.7306,0.7458,3702601.3
1772560800000,0.7459,0.7527,0.7373,0.7462,3036301.3
1772564400000,0.7462,0.7469,0.7368,0.7406,2263144.5
1772568000000,0.7407,0.7412,0.7297,0.7325,2249258.9
1772571600000,0.7325,0.7327,0.7241,0.7304,1552436.0
1772575200000,0.7305,0.7431,0.7295,0.7377,2172630.4
1772578800000,0.7378,0.7471,0.736,0.7412,1858504.7
1772582400000,0.7412,0.7483,0.7346,0.7442,2813456.4
1772586000000,0.7442,0.7568,0.7433,0.7494,3366088.5
1772589600000,0.7493,0.7503,0.7406,0.7475,2816152.0
1772593200000,0.7476,0.748,0.7282,0.7361,2787474.5
1772596800000,0.736,0.7423,0.7327,0.7409,2058099.8
1772600400000,0.7409,0.7462,0.7343,0.7349,2931798.5
1772604000000,0.7349,0.7417,0.7291,0.7366,2800423.3
1772607600000,0.7366,0.751,0.7316,0.7469,4206496.8
1772611200000,0.7469,0.7659,0.7352,0.7625,6643050.5
1772614800000,0.7624,0.7797,0.7562,0.771,7083802.8
1772618400000,0.771,0.778,0.7584,0.7602,4565970.7
1772622000000,0.7603,0.767,0.7497,0.757,3376541.2
1772625600000,0.757,0.7586,0.7444,0.7539,2931077.6
1772629200000,0.7539,0.7675,0.7524,0.7654,3988558.3
1772632800000,0.7654,0.7803,0.7539,0.7552,5903671.2
1772636400000,0.7552,0.7829,0.7547,0.7808,5783791.7
1772640000000,0.7807,0.7819,0.7561,0.7598,5113281.7
1772643600000,0.7598,0.7652,0.7483,0.753,3775409.2
1772647200000,0.753,0.7721,0.7492,0.7712,3040436.7
1772650800000,0.7712,0.7835,0.7657,0.7742,4292001.0
1772654400000,0.7742,0.7775,0.7623,0.763,2199527.8
1772658000000,0.7631,0.764,0.7545,0.7614,1624500.6
1772661600000,0.7614,0.7692,0.7514,0.7532,2539947.4
1772665200000,0.7533,0.7536,0.7424,0.7509,2282567.8
1772668800000,0.7509,0.7575,0.748,0.7514,2254854.4
1772672400000,0.7514,0.7559,0.7384,0.7425,3302780.8
1772676000000,0.7425,0.748,0.7394,0.7449,1560025.6
1772679600000,0.7448,0.7465,0.7345,0.7374,2883711.1
1772683200000,0.7374,0.7433,0.7349,0.7399,1920484.3
1772686800000,0.7399,0.7442,0.733,0.7367,1696934.4
1772690400000,0.7367,0.74,0.7306,0.7374,1883042.6
1772694000000,0.7374,0.741,0.7287,0.7316,1843837.2
1772697600000,0.7316,0.7364,0.7293,0.7334,1826917.9
1772701200000,0.7334,0.742,0.7329,0.7375,2110107.3
1772704800000,0.7376,0.7563,0.7367,0.7514,3379604.4
1772708400000,0.7515,0.7534,0.7396,0.7477,2763827.7
1772712000000,0.7478,0.7484,0.7381,0.7438,2401766.1
1772715600000,0.7439,0.7445,0.7296,0.7361,2382375.5
1772719200000,0.7362,0.7477,0.7349,0.7443,2876293.9
1772722800000,0.7444,0.7455,0.7214,0.7268,6372287.8
1772726400000,0.7268,0.7269,0.707,0.7181,5894183.1
1772730000000,0.7182,0.7241,0.7055,0.707,3147606.7
1772733600000,0.7069,0.7136,0.7052,0.7111,1540712.0
1772737200000,0.7111,0.7223,0.7107,0.716,1577114.7
1772740800000,0.7161,0.7298,0.7151,0.7263,2010195.4
1772744400000,0.7262,0.7322,0.7208,0.7251,1770902.7
1772748000000,0.7251,0.7256,0.7194,0.7216,1025236.6
1772751600000,0.7217,0.7218,0.7159,0.7171,1159053.0
1772755200000,0.7172,0.72,0.7131,0.7197,1391066.5
1772758800000,0.7197,0.7243,0.715,0.722,1890968.3
1772762400000,0.7221,0.7268,0.7188,0.7265,1243351.5
1772766000000,0.7266,0.7285,0.7231,0.7265,1046281.9
1772769600000,0.7265,0.7268,0.7145,0.7207,1348666.1
1772773200000,0.7207,0.7223,0.7096,0.7154,1616130.0
1772776800000,0.7154,0.7175,0.711,0.7133,1740841.8
1772780400000,0.7133,0.719,0.7112,0.7174,1397759.5
1772784000000,0.7174,0.7175,0.7102,0.7114,1443920.8
1772787600000,0.7115,0.7133,0.7033,0.707,2393758.0
1772791200000,0.707,0.7132,0.7063,0.7109,1922255.7
1772794800000,0.711,0.7129,0.7047,0.7051,1157172.3
1772798400000,0.705,0.7054,0.6964,0.703,3517213.4
1772802000000,0.703,0.7114,0.692,0.6927,3905586.1
1772805600000,0.6926,0.6962,0.6787,0.6829,6111016.0
1772809200000,0.6828,0.6955,0.6823,0.6874,2560393.9
1772812800000,0.6875,0.6918,0.6844,0.6866,1656000.2
1772816400000,0.6865,0.6903,0.68,0.6858,1372581.7
1772820000000,0.6857,0.6939,0.6852,0.6916,1441314.3
1772823600000,0.6916,0.697,0.6916,0.6957,1074479.9
1772827200000,0.6957,0.699,0.6914,0.6952,1660195.7
1772830800000,0.6951,0.6974,0.6924,0.6971,679823.4
1772834400000,0.697,0.6986,0.6937,0.6954,659151.0
1772838000000,0.6953,0.6964,0.6891,0.6906,731473.5
1772841600000,0.6906,0.6937,0.6892,0.6909,879913.8
1772845200000,0.6908,0.6908,0.6861,0.6876,1783217.8
1772848800000,0.6876,0.6877,0.6832,0.6851,1254212.2
1772852400000,0.6851,0.6904,0.6838,0.6842,852944.8
1772856000000,0.6843,0.6843,0.6794,0.6824,1212479.1
1772859600000,0.6823,0.6836,0.6768,0.6804,1113664.6
1772863200000,0.6803,0.6803,0.6738,0.6753,1723381.2
1772866800000,0.6753,0.6806,0.6741,0.6801,1372672.2
1772870400000,0.6801,0.6831,0.6773,0.6773,1125546.7
1772874000000,0.6773,0.6824,0.6754,0.6811,770514.9
1772877600000,0.6811,0.6833,0.6789,0.6794,759897.1
1772881200000,0.6794,0.6854,0.6772,0.6807,1420526.1
1772884800000,0.6806,0.6829,0.677,0.6783,910534.7
1772888400000,0.6784,0.6828,0.6757,0.6805,1054612.4
1772892000000,0.6804,0.6807,0.6703,0.6789,2107267.4
1772895600000,0.6789,0.6806,0.6735,0.6765,977304.4
1772899200000,0.6765,0.6782,0.6744,0.6767,723097.8
1772902800000,0.6766,0.6798,0.6752,0.6767,699307.7
1772906400000,0.6768,0.6769,0.671,0.6736,945672.8
1772910000000,0.6736,0.6742,0.6654,0.6681,1964975.0
1772913600000,0.6682,0.6716,0.6679,0.6689,1174579.3
1772917200000,0.6689,0.672,0.6672,0.6685,1074410.1
1772920800000,0.6686,0.6687,0.6604,0.663,1255499.0
1772924400000,0.663,0.6668,0.6624,0.6664,540866.7
1772928000000,0.6665,0.6679,0.6587,0.6602,1968279.7
1772931600000,0.6603,0.6613,0.6549,0.6563,1812779.1
1772935200000,0.6563,0.6566,0.6471,0.6494,2419719.3
1772938800000,0.6495,0.6534,0.6492,0.6518,1075775.1
1772942400000,0.6518,0.6542,0.6458,0.6477,1659462.1
1772946000000,0.6477,0.6558,0.6475,0.6538,1288808.8
1772949600000,0.6538,0.6564,0.652,0.6534,836692.4
1772953200000,0.6533,0.6638,0.653,0.6607,2280393.6
1772956800000,0.6606,0.6612,0.6472,0.6539,4716425.4
1772960400000,0.6539,0.6591,0.6532,0.6558,1732627.2
1772964000000,0.6558,0.6602,0.6548,0.6564,2221890.4
1772967600000,0.6563,0.6563,0.6471,0.6504,1937741.3
1772971200000,0.6505,0.6522,0.6412,0.6463,2913436.1
1772974800000,0.6463,0.6473,0.6356,0.6428,3411558.9
1772978400000,0.6428,0.6455,0.6402,0.6437,1470265.5
1772982000000,0.6438,0.6444,0.6341,0.6378,1946291.6
1772985600000,0.6377,0.638,0.6313,0.6336,1636908.3
1772989200000,0.6336,0.6387,0.6326,0.6371,1057334.3
1772992800000,0.6372,0.6378,0.6321,0.634,725058.6
1772996400000,0.6341,0.643,0.6331,0.6402,1393428.4
1773000000000,0.6402,0.6432,0.6352,0.6385,1374325.5
1773003600000,0.6386,0.6401,0.6338,0.6366,1008669.9
1773007200000,0.6366,0.6366,0.6193,0.6342,4925583.9
1773010800000,0.6343,0.6364,0.6257,0.6269,1715179.9
1773014400000,0.627,0.6412,0.626,0.6345,2566731.4
1773018000000,0.6344,0.6401,0.6304,0.6307,1891442.9
1773021600000,0.6307,0.6401,0.6284,0.6354,1913198.0
1773025200000,0.6355,0.6525,0.6347,0.6442,4291233.6
1773028800000,0.6441,0.6539,0.644,0.649,1749972.2
1773032400000,0.649,0.6619,0.6487,0.6605,3092514.2
1773036000000,0.6606,0.6607,0.6504,0.6517,1256775.7
1773039600000,0.6516,0.655,0.6434,0.654,2052783.3
1773043200000,0.654,0.659,0.6522,0.6563,2352028.6
1773046800000,0.6564,0.6684,0.652,0.659,2570423.9
1773050400000,0.6591,0.662,0.6514,0.6548,2209946.9
1773054000000,0.6548,0.6588,0.6512,0.6558,1512161.3
1773057600000,0.6558,0.6624,0.6557,0.6608,1922555.7
1773061200000,0.6607,0.6775,0.6598,0.6722,5825532.5
1773064800000,0.6721,0.6767,0.6672,0.6705,3536132.9
1773068400000,0.6705,0.6712,0.6607,0.6646,2108017.6
1773072000000,0.6646,0.6678,0.6584,0.6597,3409663.1
1773075600000,0.6597,0.6629,0.6566,0.6593,1823384.5
1773079200000,0.6592,0.6633,0.6556,0.6597,1352663.4
1773082800000,0.6597,0.6774,0.6572,0.6642,2900071.5
1773086400000,0.6642,0.6667,0.6608,0.6653,1220222.3
1773090000000,0.6652,0.672,0.6645,0.668,1290928.1
1773093600000,0.6679,0.6686,0.6572,0.6592,1458066.9
1773097200000,0.6591,0.6628,0.6572,0.6587,1212442.8
1773100800000,0.6586,0.6665,0.6543,0.6626,1762874.4
1773104400000,0.6625,0.6678,0.6582,0.6668,1410974.7
1773108000000,0.6668,0.6779,0.6625,0.6773,3946517.3
1773111600000,0.6772,0.686,0.6711,0.6742,3753769.1
1773115200000,0.6743,0.6817,0.6736,0.6796,1747447.5
1773118800000,0.6796,0.6827,0.6736,0.6755,1349944.8
1773122400000,0.6754,0.6757,0.6681,0.6735,2259423.1
1773126000000,0.6735,0.6848,0.6727,0.6846,2872489.3
1773129600000,0.6847,0.7149,0.682,0.6989,13110106.9
1773133200000,0.699,0.7124,0.6979,0.7112,4497549.1
1773136800000,0.7113,0.7254,0.7078,0.7237,5852419.5
1773140400000,0.7238,0.7249,0.7157,0.7196,4120387.5
1773144000000,0.7195,0.7218,0.702,0.712,4426998.3
1773147600000,0.712,0.718,0.699,0.702,4685802.0
1773151200000,0.702,0.7251,0.6928,0.7247,6892037.9
1773154800000,0.7247,0.7263,0.71,0.7199,4404033.0
1773158400000,0.7198,0.7287,0.7111,0.7254,3149879.6
1773162000000,0.7253,0.7283,0.7146,0.7157,3349432.7
1773165600000,0.7156,0.7165,0.6966,0.6995,4095511.6
1773169200000,0.6994,0.7033,0.6948,0.7,2202328.0
1773172800000,0.6999,0.706,0.6991,0.703,1565953.0
1773176400000,0.7029,0.7077,0.6919,0.6963,2825275.1
1773180000000,0.6963,0.7008,0.6928,0.6979,1514569.4
1773183600000,0.6978,0.7028,0.6974,0.7024,1517917.5
1773187200000,0.7022,0.7063,0.699,0.7048,2134941.7
1773190800000,0.7048,0.7073,0.6992,0.7068,1597311.0
1773194400000,0.7068,0.7104,0.6982,0.704,2315011.5
1773198000000,0.7039,0.7076,0.6971,0.6984,1939960.2
1773201600000,0.6983,0.7064,0.696,0.7058,1737700.1
1773205200000,0.7056,0.7076,0.6877,0.6957,3012421.1
1773208800000,0.6956,0.7029,0.6944,0.6993,1483208.3
1773212400000,0.6993,0.7,0.6887,0.691,1876835.8
1773216000000,0.6911,0.6949,0.6867,0.6922,1762131.3
1773219600000,0.6921,0.6954,0.6895,0.6911,1083523.2
1773223200000,0.691,0.6958,0.6896,0.6925,1116084.0
1773226800000,0.6926,0.697,0.6888,0.69,1672332.4
1773230400000,0.6901,0.7016,0.687,0.6969,2421252.6
1773234000000,0.6968,0.7181,0.6957,0.7044,7098209.6
1773237600000,0.7043,0.7155,0.7038,0.7078,3209849.2
1773241200000,0.7079,0.7087,0.6903,0.6974,4043048.5
1773244800000,0.6975,0.7024,0.6939,0.7004,2037047.7
1773248400000,0.7005,0.7056,0.6933,0.6973,2393889.0
1773252000000,0.6973,0.7044,0.6969,0.703,1783445.4
1773255600000,0.7028,0.7044,0.6982,0.7013,993344.3
1773259200000,0.7014,0.7028,0.6985,0.7018,809644.2
1773262800000,0.7019,0.7045,0.7006,0.7031,790108.5
1773266400000,0.7032,0.706,0.6958,0.6997,1080866.8
1773270000000,0.6997,0.7019,0.6943,0.6965,828582.9
1773273600000,0.6964,0.6979,0.6918,0.6948,1086237.8
1773277200000,0.6947,0.6951,0.6861,0.6873,1338155.5
1773280800000,0.6873,0.6895,0.6794,0.6814,2149974.0
1773284400000,0.6813,0.6885,0.6811,0.6834,1483478.5
1773288000000,0.6835,0.6869,0.6835,0.6852,1256319.1
1773291600000,0.6851,0.6876,0.6824,0.6857,833191.0
1773295200000,0.6856,0.6938,0.6846,0.6936,1534053.0
1773298800000,0.6936,0.7014,0.6916,0.6997,2142178.7
1773302400000,0.6995,0.7049,0.6966,0.7046,2261118.1
1773306000000,0.7046,0.7095,0.698,0.7055,2260441.6
1773309600000,0.7056,0.7165,0.7036,0.7136,2849672.1
1773313200000,0.7135,0.7162,0.7075,0.7098,2238866.8
1773316800000,0.7098,0.7151,0.7075,0.7134,1895041.4
1773320400000,0.7135,0.7224,0.7057,0.7109,5181107.5
1773324000000,0.7109,0.7146,0.6947,0.7032,4996495.4
1773327600000,0.7031,0.7131,0.6982,0.7089,3936977.6
1773331200000,0.709,0.7147,0.7029,0.712,2669255.2
1773334800000,0.712,0.713,0.7059,0.7063,1755978.2
1773338400000,0.7063,0.7104,0.704,0.7063,1159298.3
1773342000000,0.7063,0.7143,0.7033,0.7123,1147951.7
1773345600000,0.7123,0.7124,0.7032,0.7065,1309784.7
1773349200000,0.7066,0.7154,0.7066,0.7141,798629.9
1773352800000,0.714,0.7161,0.7099,0.7132,1032106.7
1773356400000,0.7131,0.72,0.7129,0.7174,1991356.8
1773360000000,0.7173,0.7423,0.7148,0.7302,6051181.6
1773363600000,0.7301,0.7439,0.73,0.7423,2944072.8
1773367200000,0.7423,0.7443,0.7346,0.7425,2648651.6
1773370800000,0.7425,0.7502,0.7397,0.747,2313878.2
1773374400000,0.7469,0.7473,0.7357,0.739,2253521.2
1773378000000,0.739,0.7448,0.7359,0.7421,1882816.7
1773381600000,0.7421,0.7479,0.7367,0.7392,2081811.5
1773385200000,0.7392,0.7441,0.7362,0.7403,1547362.6
1773388800000,0.7402,0.7548,0.7368,0.7468,3107841.4
1773392400000,0.7467,0.7583,0.7448,0.7537,2751323.2
1773396000000,0.7536,0.7666,0.7532,0.7628,3338256.6
1773399600000,0.7627,0.7677,0.7584,0.7644,2816045.7
1773403200000,0.7643,0.7791,0.7606,0.7749,4022179.6
1773406800000,0.775,0.79,0.7723,0.7778,5309089.5
1773410400000,0.7778,0.7821,0.7529,0.7574,6530687.6
1773414000000,0.7575,0.7641,0.7409,0.7463,6202419.2
1773417600000,0.7465,0.7524,0.7391,0.7489,4500739.7
1773421200000,0.7488,0.7519,0.7302,0.7363,3450024.9
1773424800000,0.7364,0.7386,0.7309,0.7351,2121628.2
1773428400000,0.735,0.7365,0.7317,0.7346,925946.7
1773432000000,0.7346,0.7372,0.7328,0.7358,1177834.1
1773435600000,0.7358,0.7388,0.7267,0.7281,2009157.9
1773439200000,0.728,0.7286,0.7149,0.7214,2710948.6
1773442800000,0.7213,0.722,0.7187,0.7199,975057.8
1773446400000,0.7198,0.7242,0.7123,0.7153,2304205.8
1773450000000,0.7152,0.7243,0.7135,0.7224,1919136.5
1773453600000,0.7224,0.7279,0.7216,0.7262,1192232.8
1773457200000,0.7263,0.731,0.7263,0.7289,1617379.7
1773460800000,0.7288,0.7292,0.7194,0.7207,2365701.0
1773464400000,0.7207,0.7234,0.7175,0.7222,1295505.6
1773468000000,0.7221,0.7221,0.7089,0.7138,2135436.3
1773471600000,0.7139,0.7157,0.7081,0.7099,1659537.0
1773475200000,0.7099,0.7117,0.7066,0.7089,1015258.5
1773478800000,0.7087,0.7134,0.7072,0.7092,1554968.0
1773482400000,0.7091,0.7103,0.7048,0.7053,1047829.6
1773486000000,0.7054,0.7082,0.7036,0.7076,1351389.3
1773489600000,0.7076,0.7095,0.704,0.706,1201654.7
1773493200000,0.706,0.7121,0.7048,0.7089,921102.9
1773496800000,0.709,0.7107,0.7024,0.7042,1239253.8
1773500400000,0.7042,0.7063,0.7025,0.7043,745077.7
1773504000000,0.7043,0.7087,0.7026,0.7083,1064403.7
1773507600000,0.7082,0.7111,0.7068,0.7097,734208.9
1773511200000,0.7097,0.7122,0.7071,0.7086,1096158.2
1773514800000,0.7086,0.7099,0.7063,0.707,746027.4
1773518400000,0.7071,0.71,0.706,0.7079,688970.1
1773522000000,0.7078,0.7093,0.7059,0.7087,518441.1
1773525600000,0.7088,0.7116,0.708,0.7099,807695.2
1773529200000,0.7098,0.7252,0.7098,0.7221,2604280.4
1773532800000,0.722,0.7223,0.7128,0.7148,1939772.8
1773536400000,0.7149,0.7406,0.7136,0.7403,4728027.6
1773540000000,0.7403,0.7498,0.7368,0.7429,4599434.1
1773543600000,0.7429,0.7475,0.7356,0.7416,2006107.5
1773547200000,0.7415,0.7458,0.7339,0.7387,2152425.5
1773550800000,0.7387,0.7441,0.7338,0.7344,1910658.3
1773554400000,0.7345,0.735,0.7293,0.7317,1717458.8
1773558000000,0.7317,0.7352,0.7256,0.7288,1778142.3
1773561600000,0.7288,0.7341,0.7285,0.7332,1281056.6
1773565200000,0.7332,0.7393,0.7327,0.7358,2779211.1
1773568800000,0.7357,0.7419,0.7335,0.7335,1516368.9
1773572400000,0.7335,0.7355,0.7306,0.7325,1323169.6
1773576000000,0.7325,0.7372,0.7316,0.7347,1374184.7
1773579600000,0.7347,0.7351,0.7202,0.7251,4043528.2
1773583200000,0.725,0.7296,0.7238,0.7288,1341259.0
1773586800000,0.7288,0.7308,0.7247,0.7267,975179.1
1773590400000,0.7267,0.7306,0.7241,0.7258,1166189.5
1773594000000,0.7259,0.7359,0.7253,0.7335,1373262.9
1773597600000,0.7335,0.7379,0.7295,0.7317,1334738.9
1773601200000,0.7317,0.7353,0.7296,0.7346,1010298.5
1773604800000,0.7345,0.7422,0.7337,0.7351,1202410.9
1773608400000,0.7351,0.7415,0.7321,0.7405,1076580.5
1773612000000,0.7404,0.7533,0.7352,0.7506,4242332.1
1773615600000,0.7506,0.7556,0.7426,0.7544,4001111.8
1773619200000,0.7542,0.7637,0.7485,0.7513,3264718.4
1773622800000,0.7513,0.7532,0.7447,0.75,1662374.1
1773626400000,0.75,0.7542,0.7439,0.7496,1450231.0
1773630000000,0.7495,0.77,0.7473,0.7604,4355950.9
1773633600000,0.7605,0.7714,0.7588,0.7655,3791564.6
1773637200000,0.7655,0.771,0.7619,0.7657,3808216.6
1773640800000,0.7656,0.766,0.7543,0.7591,2386039.1
1773644400000,0.759,0.7629,0.7577,0.7593,2026791.6
1773648000000,0.7592,0.7661,0.7485,0.7514,3284499.3
1773651600000,0.7515,0.7588,0.7487,0.7567,1688796.0
1773655200000,0.7566,0.7631,0.7564,0.7631,1663238.0
1773658800000,0.763,0.7662,0.7555,0.7595,1802202.6
1773662400000,0.7594,0.7672,0.7536,0.7619,3201238.4
1773666000000,0.7619,0.7716,0.7597,0.7681,3180521.4
1773669600000,0.7681,0.7878,0.7619,0.7776,11140980.6
1773673200000,0.7777,0.7853,0.7733,0.7758,5270915.5
1773676800000,0.7759,0.7859,0.7738,0.7815,3065599.2
1773680400000,0.7815,0.7974,0.7804,0.7866,5188163.0
1773684000000,0.7866,0.7945,0.7847,0.7849,2907792.6
1773687600000,0.785,0.793,0.7795,0.7918,2714652.4
1773691200000,0.7918,0.7968,0.7901,0.7958,1876597.7
1773694800000,0.7957,0.801,0.7914,0.7945,2525186.6
1773698400000,0.7946,0.8072,0.794,0.8049,2713394.0
1773702000000,0.8048,0.8067,0.7927,0.8004,2873358.0
1773705600000,0.8004,0.8139,0.7928,0.8138,5169266.2
1773709200000,0.8138,0.8265,0.8066,0.8201,5300250.2
1773712800000,0.8201,0.8241,0.8066,0.8074,3218029.5
1773716400000,0.8075,0.8146,0.7908,0.7951,4579969.2
1773720000000,0.7951,0.8004,0.7762,0.7853,4893392.8
1773723600000,0.7853,0.7912,0.781,0.7899,2276373.1
1773727200000,0.7897,0.7985,0.7854,0.7914,2089776.7
1773730800000,0.7914,0.8045,0.7911,0.7986,2122280.0
1773734400000,0.7985,0.8025,0.7901,0.7913,1528036.4
1773738000000,0.7913,0.7948,0.7845,0.7884,2193515.5
1773741600000,0.7884,0.7893,0.7823,0.7882,1290390.3
1773745200000,0.7883,0.7932,0.7867,0.7878,1203792.3
1773748800000,0.7877,0.7878,0.7734,0.777,3371633.2
1773752400000,0.7769,0.7886,0.7724,0.7755,3002966.5
1773756000000,0.7755,0.7832,0.772,0.7779,2130544.0
1773759600000,0.7779,0.7863,0.7666,0.7738,4943924.8
1773763200000,0.7738,0.782,0.7733,0.7776,1563260.1
1773766800000,0.7776,0.7833,0.7771,0.7825,827201.9
1773770400000,0.7824,0.7864,0.7805,0.7858,810212.3
1773774000000,0.7857,0.7866,0.7789,0.7797,904089.6
1773777600000,0.7797,0.7856,0.7782,0.7838,862733.9
1773781200000,0.7838,0.7999,0.7838,0.7976,3895190.8
1773784800000,0.7979,0.8027,0.7833,0.7912,2775840.1
1773788400000,0.7912,0.7917,0.7805,0.7818,1300085.9
1773792000000,0.7819,0.7848,0.7725,0.7819,2425367.7
1773795600000,0.7819,0.7891,0.7814,0.7822,1369043.0
1773799200000,0.7821,0.7942,0.7816,0.7902,1519351.4
1773802800000,0.7901,0.7985,0.7881,0.7917,1102346.0
1773806400000,0.7916,0.7925,0.7844,0.7887,1229671.8
1773810000000,0.7887,0.7971,0.7805,0.7811,1664337.3
1773813600000,0.781,0.7904,0.781,0.7833,979118.8
1773817200000,0.7833,0.7833,0.7777,0.7821,1263249.5
1773820800000,0.782,0.7879,0.7818,0.7841,1392354.3
1773824400000,0.7842,0.7889,0.7822,0.7851,683081.6
1773828000000,0.7851,0.7891,0.7787,0.7843,1648694.3
1773831600000,0.7841,0.7923,0.7638,0.7682,5587441.6
1773835200000,0.7682,0.7689,0.7455,0.7478,5353342.0
1773838800000,0.7478,0.7511,0.7323,0.7437,5599646.1
1773842400000,0.7437,0.7447,0.726,0.7285,4189205.7
1773846000000,0.7284,0.7366,0.7243,0.7306,3739864.7
1773849600000,0.7306,0.7312,0.7205,0.7248,2870383.5
1773853200000,0.7249,0.7328,0.7209,0.7309,2356898.6
1773856800000,0.731,0.7438,0.727,0.73,3799402.7
1773860400000,0.7299,0.7365,0.7267,0.7286,1403198.5
1773864000000,0.7285,0.735,0.7216,0.7337,2215861.9
1773867600000,0.7336,0.7418,0.7332,0.739,1421865.9
1773871200000,0.739,0.7391,0.7324,0.7348,1214115.5
1773874800000,0.7348,0.7398,0.7335,0.7385,1021100.4
1773878400000,0.7386,0.7399,0.7344,0.7346,1353537.2
1773882000000,0.7346,0.7358,0.7305,0.7307,1271600.4
1773885600000,0.7306,0.7329,0.7274,0.7304,1345515.9
1773889200000,0.7305,0.7442,0.7285,0.7356,2127898.4
1773892800000,0.7355,0.7358,0.7295,0.7299,977036.2
1773896400000,0.7299,0.7324,0.7194,0.7231,2876475.9
1773900000000,0.7232,0.7257,0.7186,0.7229,1523022.6
1773903600000,0.7228,0.7236,0.707,0.7155,4176768.8
1773907200000,0.7155,0.7185,0.7112,0.7137,1667840.7
1773910800000,0.7138,0.7212,0.7124,0.7206,1619256.4
1773914400000,0.7205,0.7211,0.7134,0.7136,1007182.7
1773918000000,0.7137,0.7164,0.7102,0.7107,1287762.5
1773921600000,0.7108,0.7114,0.7008,0.7016,2259488.8
1773925200000,0.7017,0.7084,0.6961,0.7062,3558765.5
1773928800000,0.7063,0.7099,0.6931,0.7,2804056.7
1773932400000,0.7,0.7042,0.69,0.6961,2294337.0
1773936000000,0.6962,0.6969,0.6873,0.6894,1739870.0
1773939600000,0.6893,0.6995,0.6859,0.6967,1491049.5
1773943200000,0.6967,0.6974,0.6898,0.6929,1138965.0
1773946800000,0.6929,0.7047,0.6924,0.6962,2525070.6
1773950400000,0.6962,0.7062,0.6952,0.7032,1955854.5
1773954000000,0.7032,0.7092,0.7026,0.707,1314019.3
1773957600000,0.707,0.7093,0.7023,0.7069,1620466.4
1773961200000,0.707,0.7089,0.702,0.7063,1688846.1
1773964800000,0.7063,0.7162,0.7047,0.7131,2699028.5
1773968400000,0.7132,0.7187,0.713,0.7143,1417937.9
1773972000000,0.7143,0.7162,0.7091,0.7154,1573165.5
1773975600000,0.7154,0.7213,0.7133,0.7196,1488143.3
1773979200000,0.7196,0.7274,0.7182,0.7254,2362852.5
1773982800000,0.7255,0.7374,0.7254,0.7343,4327490.1
1773986400000,0.7344,0.7367,0.7262,0.7277,1998054.2
1773990000000,0.7276,0.7294,0.7192,0.7289,1783698.8
1773993600000,0.729,0.7451,0.7241,0.7269,4756789.8
1773997200000,0.7268,0.7268,0.7167,0.7211,2003908.3
1774000800000,0.7211,0.7226,0.7142,0.7205,2072429.8
1774004400000,0.7204,0.7229,0.711,0.7143,1742344.0
1774008000000,0.7144,0.7167,0.7087,0.7103,1832813.7
1774011600000,0.7104,0.7157,0.7033,0.7067,2835381.0
1774015200000,0.7068,0.7123,0.7021,0.7028,3066847.1
1774018800000,0.7029,0.707,0.6978,0.7047,2065017.3
1774022400000,0.7046,0.7084,0.7028,0.7074,1386940.0
1774026000000,0.7073,0.7089,0.7002,0.7069,1282206.7
1774029600000,0.7069,0.707,0.6926,0.697,2109005.8
1774033200000,0.697,0.701,0.6918,0.6991,1941625.4
1774036800000,0.699,0.7025,0.6915,0.6982,1293397.1
1774040400000,0.6982,0.7099,0.6961,0.7062,1889661.1
1774044000000,0.7063,0.7134,0.7063,0.7084,1195276.5
1774047600000,0.7083,0.7083,0.7002,0.704,948695.7
1774051200000,0.7041,0.7073,0.7021,0.7054,1015827.8
1774054800000,0.7055,0.7072,0.7009,0.7015,916863.8
1774058400000,0.7015,0.7045,0.6978,0.7039,1136731.1
1774062000000,0.7039,0.704,0.7011,0.7017,386093.6
1774065600000,0.7017,0.7042,0.7003,0.7007,687133.4
1774069200000,0.7007,0.7085,0.7007,0.7021,703433.8
1774072800000,0.7021,0.7043,0.7005,0.7009,669552.0
1774076400000,0.7009,0.7029,0.6968,0.698,1138890.1
1774080000000,0.6981,0.6983,0.6939,0.6971,1502450.9
1774083600000,0.6971,0.6995,0.6956,0.6967,890157.1
1774087200000,0.6967,0.697,0.6907,0.6929,1671172.9
1774090800000,0.693,0.6948,0.6919,0.6928,769028.2
1774094400000,0.6929,0.6947,0.692,0.6926,1040416.1
1774098000000,0.6925,0.696,0.6923,0.6947,864356.6
1774101600000,0.6947,0.7035,0.6947,0.6955,2660219.1
1774105200000,0.6955,0.7038,0.6941,0.7022,1990118.0
1774108800000,0.7022,0.7042,0.6956,0.6963,2011736.4
1774112400000,0.6964,0.6978,0.6941,0.6953,811154.8
1774116000000,0.6953,0.6983,0.6938,0.6964,724672.9
1774119600000,0.6964,0.6969,0.6932,0.6959,487634.4
1774123200000,0.6959,0.6996,0.6953,0.6987,458506.8
1774126800000,0.6988,0.6996,0.6961,0.6966,570433.3
1774130400000,0.6965,0.6977,0.6936,0.6946,854162.0
1774134000000,0.6947,0.6949,0.6629,0.6709,6198450.8
1774137600000,0.6708,0.6729,0.6579,0.6692,6607843.5
1774141200000,0.6694,0.6744,0.6665,0.6703,1850284.1
1774144800000,0.6703,0.6784,0.6691,0.6744,1786842.4
1774148400000,0.6744,0.6842,0.6715,0.6736,2491922.6
1774152000000,0.6736,0.6792,0.6725,0.6742,898558.5
1774155600000,0.6742,0.6753,0.6704,0.6728,1683962.2
1774159200000,0.6728,0.6733,0.6673,0.6728,1139808.3
1774162800000,0.6728,0.675,0.6657,0.6658,928812.9
1774166400000,0.6659,0.6678,0.661,0.6669,1556836.8
1774170000000,0.6668,0.6697,0.664,0.6654,689644.4
1774173600000,0.6654,0.6659,0.6595,0.6604,1163015.8
1774177200000,0.6604,0.662,0.6546,0.6603,2010939.5
1774180800000,0.6602,0.6669,0.6599,0.6621,1248332.8
1774184400000,0.6622,0.6667,0.661,0.6628,1049910.2
1774188000000,0.6628,0.6632,0.6586,0.6604,1420008.4
1774191600000,0.6604,0.667,0.6603,0.6639,1688631.0
1774195200000,0.6639,0.6654,0.6609,0.6625,733984.7
1774198800000,0.6625,0.6652,0.6606,0.6608,688516.7
1774202400000,0.6608,0.662,0.6527,0.6564,1868969.6
1774206000000,0.6563,0.6564,0.6479,0.6541,1504337.9
1774209600000,0.6542,0.6588,0.6508,0.6523,1097225.9
1774213200000,0.6523,0.6541,0.6418,0.651,2929408.8
1774216800000,0.6511,0.6603,0.6464,0.6594,1716958.8
1774220400000,0.6595,0.6627,0.6565,0.6572,1123182.5
1774224000000,0.6573,0.6633,0.6549,0.6609,2084092.3
1774227600000,0.6609,0.6671,0.6575,0.6631,1437885.0
1774231200000,0.6632,0.6726,0.6632,0.6676,1374486.8
1774234800000,0.6676,0.6723,0.6633,0.6639,1227123.3
1774238400000,0.6639,0.6709,0.6638,0.6705,1012828.6
1774242000000,0.6705,0.6791,0.6704,0.678,2780630.9
1774245600000,0.6779,0.678,0.6599,0.6651,2362344.2
1774249200000,0.6652,0.6675,0.6563,0.6629,1872329.6
1774252800000,0.663,0.6663,0.6599,0.6608,1067972.6
1774256400000,0.6608,0.6625,0.6528,0.6616,1757849.1
1774260000000,0.6616,0.6657,0.6564,0.6601,1255262.3
1774263600000,0.6601,0.7108,0.6601,0.6822,16118967.7
1774267200000,0.6822,0.6958,0.6766,0.6932,4700214.1
1774270800000,0.6933,0.7025,0.6869,0.7005,3203507.7
1774274400000,0.7006,0.7029,0.6931,0.6986,2681432.2
1774278000000,0.6986,0.7017,0.6855,0.6866,3422288.3
1774281600000,0.6865,0.6923,0.6794,0.6867,2216736.0
1774285200000,0.6867,0.6937,0.6824,0.6931,1167383.3
1774288800000,0.693,0.6959,0.6893,0.693,1223284.1
1774292400000,0.693,0.6949,0.6855,0.6865,1025363.9
1774296000000,0.6865,0.6938,0.6839,0.6921,723235.7
1774299600000,0.6922,0.6934,0.6887,0.6898,569324.4
1774303200000,0.6898,0.6907,0.6791,0.6815,2057770.9
1774306800000,0.6815,0.6841,0.6745,0.6821,1630633.0
1774310400000,0.6821,0.6867,0.6763,0.684,2010066.3
1774314000000,0.6841,0.6854,0.6729,0.6785,1796837.5
1774317600000,0.6784,0.686,0.677,0.6827,1789777.6
1774321200000,0.6826,0.6952,0.6826,0.6947,1726310.1
1774324800000,0.6945,0.6988,0.683,0.6883,3212858.4
1774328400000,0.6883,0.6897,0.6837,0.6862,1566911.0
1774332000000,0.6861,0.6958,0.6851,0.6939,1717670.0
1774335600000,0.6938,0.7132,0.6931,0.7115,5167092.0
1774339200000,0.7114,0.727,0.7086,0.7152,6300996.0
1774342800000,0.7153,0.7216,0.7072,0.7116,2969116.1
1774346400000,0.7115,0.7133,0.7047,0.7132,2022993.2
1774350000000,0.7131,0.7145,0.6983,0.7067,3469664.3
1774353600000,0.7067,0.7111,0.7038,0.7082,1826933.0
1774357200000,0.7081,0.7142,0.6988,0.7027,4088998.8
1774360800000,0.7026,0.7116,0.6914,0.7024,8185894.8
1774364400000,0.7024,0.711,0.7005,0.7034,2547425.7
1774368000000,0.7033,0.7093,0.7018,0.707,2316543.5
1774371600000,0.7071,0.7081,0.6936,0.6976,2511607.4
1774375200000,0.6976,0.7105,0.6973,0.7054,1750726.2
1774378800000,0.7054,0.7135,0.7047,0.7101,2460891.1
1774382400000,0.71,0.739,0.7096,0.7251,6536710.4
1774386000000,0.7251,0.7306,0.7172,0.7299,2509441.3
1774389600000,0.7299,0.7336,0.7211,0.7266,2447595.7
1774393200000,0.7266,0.7303,0.7238,0.7261,1884535.9
1774396800000,0.7261,0.7323,0.7202,0.7286,2523665.6
1774400400000,0.7287,0.7335,0.7273,0.731,1653137.7
1774404000000,0.7311,0.7335,0.7216,0.7233,2108065.4
1774407600000,0.7232,0.7265,0.7194,0.7239,2095595.9
1774411200000,0.7239,0.7305,0.7209,0.7286,1400201.5
1774414800000,0.7286,0.731,0.7236,0.7262,1979987.4
1774418400000,0.7262,0.7305,0.7243,0.7246,1378387.2
1774422000000,0.7246,0.7366,0.7241,0.7289,3327236.5
1774425600000,0.729,0.7386,0.7283,0.7329,2121264.8
1774429200000,0.7328,0.7361,0.7307,0.7355,1061755.7
1774432800000,0.7355,0.7452,0.7344,0.7422,2128714.1
1774436400000,0.7422,0.7509,0.7421,0.7459,3123700.5
1774440000000,0.746,0.7477,0.7287,0.7408,5229282.0
1774443600000,0.7408,0.7496,0.7374,0.7424,2228671.0
1774447200000,0.7424,0.7549,0.7386,0.7464,3041857.0
1774450800000,0.7465,0.7488,0.7291,0.736,4319874.0
1774454400000,0.7359,0.745,0.7314,0.7405,2054660.9
1774458000000,0.7405,0.7433,0.7313,0.7329,1210211.4
1774461600000,0.7329,0.7371,0.7276,0.7293,1670113.2
1774465200000,0.7292,0.7327,0.7259,0.728,1293412.5
1774468800000,0.7281,0.7283,0.7175,0.7199,2197318.4
1774472400000,0.7199,0.7217,0.7172,0.7191,995266.1
1774476000000,0.7191,0.7255,0.7181,0.7223,1593622.8
1774479600000,0.7224,0.7261,0.7208,0.7236,1146788.1
1774483200000,0.7236,0.7268,0.7186,0.7243,1783718.1
1774486800000,0.7244,0.7261,0.7186,0.7204,2206728.5
1774490400000,0.7204,0.7233,0.7112,0.7144,2357846.6
1774494000000,0.7145,0.715,0.7083,0.7118,1717634.3
1774497600000,0.7117,0.7122,0.7083,0.7112,1043063.9
1774501200000,0.7112,0.7124,0.6976,0.7005,2320679.4
1774504800000,0.7004,0.7038,0.6983,0.6992,1789577.6
1774508400000,0.6992,0.7016,0.6951,0.6996,1135773.3
1774512000000,0.6997,0.7015,0.6962,0.6995,1003844.1
1774515600000,0.6996,0.7014,0.6865,0.6896,2764119.8
1774519200000,0.6896,0.6924,0.6858,0.6896,1963691.9
1774522800000,0.6897,0.6927,0.6875,0.6893,1270598.8
1774526400000,0.6894,0.6944,0.6876,0.693,1197561.5
1774530000000,0.6931,0.7058,0.6909,0.7005,3193427.0
1774533600000,0.7007,0.7044,0.6931,0.6971,1910286.6
1774537200000,0.6971,0.6977,0.6834,0.6865,2873799.1
1774540800000,0.6864,0.6879,0.6803,0.6826,2903870.4
1774544400000,0.6827,0.6883,0.6781,0.6807,1594387.3
1774548000000,0.6807,0.6821,0.6762,0.6805,1664939.8
1774551600000,0.6806,0.6816,0.6741,0.6767,1035390.5
1774555200000,0.6767,0.6939,0.6749,0.6867,3989914.0
1774558800000,0.6867,0.6931,0.6852,0.6875,1533582.6
1774562400000,0.6876,0.6891,0.6817,0.6854,1192618.6
1774566000000,0.6854,0.6871,0.6825,0.6832,795621.2
1774569600000,0.6832,0.6884,0.6816,0.6853,1343120.0
1774573200000,0.6853,0.6938,0.6851,0.6915,1464347.9
1774576800000,0.6916,0.6956,0.6897,0.6907,1317924.1
1774580400000,0.6908,0.6915,0.6843,0.6847,1205497.7
1774584000000,0.6848,0.6849,0.6769,0.6809,2275154.3
1774587600000,0.681,0.6876,0.6794,0.6831,1188975.8
1774591200000,0.6832,0.6853,0.6815,0.6824,736799.0
1774594800000,0.6825,0.6879,0.6821,0.6874,1106149.4
1774598400000,0.6874,0.689,0.6714,0.6793,2868755.7
1774602000000,0.6793,0.6793,0.6639,0.6679,4572212.5
1774605600000,0.6681,0.6693,0.6518,0.6542,4790938.5
1774609200000,0.6543,0.6592,0.6513,0.6566,1721457.9
1774612800000,0.6567,0.6572,0.6505,0.6548,1827107.5
1774616400000,0.6549,0.6574,0.6483,0.6534,3238607.8
1774620000000,0.6534,0.66,0.6506,0.6551,3577896.1
1774623600000,0.6551,0.6688,0.6537,0.6604,2957231.9
1774627200000,0.6605,0.6607,0.6549,0.657,1820065.3
1774630800000,0.657,0.6633,0.6562,0.6579,1277149.7
1774634400000,0.6579,0.6601,0.6538,0.6551,1322089.7
1774638000000,0.6551,0.6608,0.6528,0.6596,1021592.1
1774641600000,0.6596,0.6609,0.654,0.6563,778172.2
1774645200000,0.6564,0.6595,0.6537,0.6543,622114.7
1774648800000,0.6544,0.6558,0.6494,0.65,1180065.7
1774652400000,0.65,0.6526,0.6475,0.6525,907580.1
1774656000000,0.6525,0.6551,0.65,0.6523,1316416.7
1774659600000,0.6524,0.6528,0.6454,0.6488,1402654.7
1774663200000,0.6489,0.6534,0.6484,0.6501,699414.0
1774666800000,0.6502,0.6514,0.6469,0.648,593037.3
1774670400000,0.648,0.6503,0.6463,0.6479,473852.9
1774674000000,0.648,0.6526,0.6471,0.6511,767911.7
1774677600000,0.651,0.6558,0.6501,0.6516,662992.4
1774681200000,0.6516,0.6596,0.6516,0.6595,963424.6
1774684800000,0.6596,0.662,0.6564,0.6572,1036888.2
1774688400000,0.6573,0.6585,0.6533,0.6556,778288.7
1774692000000,0.6555,0.6606,0.6511,0.6548,868324.7
1774695600000,0.6548,0.6575,0.6529,0.6566,532967.9
1774699200000,0.6566,0.6635,0.6556,0.6593,1121261.8
1774702800000,0.6593,0.6726,0.6576,0.6692,2675092.3
1774706400000,0.6693,0.6736,0.6643,0.6709,1544336.0
1774710000000,0.6708,0.6848,0.6698,0.6789,2585676.5
1774713600000,0.679,0.6815,0.6723,0.6741,1260923.3
1774717200000,0.674,0.6772,0.6681,0.6696,946005.9
1774720800000,0.6696,0.6716,0.6691,0.6704,555398.0
1774724400000,0.6704,0.6729,0.6665,0.6706,971982.9
1774728000000,0.6707,0.6735,0.6692,0.6704,770956.5
1774731600000,0.6704,0.6711,0.6623,0.6637,830772.5
1774735200000,0.6638,0.6655,0.6606,0.664,792725.6
1774738800000,0.6639,0.6639,0.6508,0.6558,1747327.0
1774742400000,0.6557,0.6569,0.6506,0.6545,940628.5
1774746000000,0.6544,0.6584,0.6543,0.6569,1360780.0
1774749600000,0.6569,0.6594,0.6558,0.6576,672300.1
1774753200000,0.6576,0.6629,0.6571,0.6594,1071047.7
1774756800000,0.6594,0.6602,0.6569,0.6583,596274.6
1774760400000,0.6583,0.6594,0.6559,0.6582,605677.4
1774764000000,0.6581,0.6588,0.6531,0.658,1250085.7
1774767600000,0.6579,0.6579,0.6527,0.6544,464067.6
1774771200000,0.6544,0.6552,0.6526,0.6542,439640.2
1774774800000,0.6542,0.6544,0.6512,0.6531,603651.1
1774778400000,0.653,0.653,0.6472,0.6498,908845.0
1774782000000,0.6497,0.6586,0.6493,0.6562,1544625.7
1774785600000,0.6561,0.6563,0.6508,0.6537,565538.3
1774789200000,0.6536,0.6541,0.6456,0.6481,1609798.6
1774792800000,0.6482,0.6542,0.6475,0.6508,808937.5
1774796400000,0.6508,0.6527,0.6474,0.6499,568203.0
1774800000000,0.6499,0.6526,0.6476,0.6481,778879.4
1774803600000,0.6482,0.6502,0.6461,0.6493,920654.8
1774807200000,0.6493,0.6507,0.6464,0.6492,463451.4
1774810800000,0.6492,0.6493,0.6463,0.6473,393838.6
1774814400000,0.6473,0.6559,0.6471,0.6528,622152.2
1774818000000,0.6527,0.6577,0.6522,0.6561,665679.9
1774821600000,0.656,0.656,0.6222,0.6401,6480486.8
1774825200000,0.64,0.648,0.6395,0.6448,2494995.6
1774828800000,0.6448,0.6622,0.643,0.6553,2374175.3
1774832400000,0.6554,0.6634,0.6552,0.6624,1287656.8
1774836000000,0.6625,0.6763,0.6617,0.6706,3692010.0
1774839600000,0.6706,0.6745,0.6684,0.6707,2100150.0
1774843200000,0.6707,0.6747,0.6703,0.6734,1523934.8
1774846800000,0.6733,0.6761,0.6687,0.6703,1188648.9
1774850400000,0.6702,0.6725,0.6658,0.6668,967005.3
1774854000000,0.6668,0.6744,0.6643,0.673,1555918.7
1774857600000,0.6728,0.6782,0.6713,0.6726,1581544.7
1774861200000,0.6726,0.6728,0.6662,0.6667,720119.0
1774864800000,0.6667,0.67,0.6654,0.6688,620704.6
1774868400000,0.6688,0.6769,0.6681,0.6703,1590144.7
1774872000000,0.6703,0.6734,0.6695,0.6717,903467.3
1774875600000,0.6717,0.6745,0.6621,0.6629,1814964.2
1774879200000,0.663,0.6658,0.6558,0.6625,2590103.7
1774882800000,0.6625,0.6655,0.6549,0.6624,1430823.8
1774886400000,0.6625,0.6635,0.6555,0.6586,982430.1
1774890000000,0.6586,0.6597,0.6472,0.6515,1620061.2
1774893600000,0.6516,0.6517,0.6445,0.6465,971618.4
1774897200000,0.6465,0.6465,0.6409,0.6451,1018319.0
1774900800000,0.6451,0.6474,0.6419,0.6447,1301237.5
1774904400000,0.6446,0.6521,0.6438,0.6479,1127880.0
1774908000000,0.648,0.6504,0.6442,0.6453,786123.9
1774911600000,0.6452,0.6454,0.6374,0.6421,2088311.6
1774915200000,0.6421,0.6482,0.6385,0.6453,1972300.4
1774918800000,0.6452,0.6595,0.6412,0.6554,5649262.0
1774922400000,0.6553,0.6592,0.6528,0.6577,962321.8
1774926000000,0.6576,0.6582,0.6511,0.6527,905578.6
1774929600000,0.6528,0.6554,0.6497,0.6505,907844.6
1774933200000,0.6505,0.6549,0.6493,0.6535,585644.1
1774936800000,0.6536,0.654,0.6494,0.6518,698098.3
1774940400000,0.6518,0.6534,0.6458,0.6512,1397520.0
1774944000000,0.6512,0.6528,0.6413,0.6414,1526681.2
1774947600000,0.6415,0.6418,0.6311,0.634,2298910.7
1774951200000,0.634,0.6371,0.6329,0.633,1024079.7
1774954800000,0.633,0.639,0.6304,0.6375,2253009.0
1774958400000,0.6376,0.6428,0.6372,0.6393,1574860.6
1774962000000,0.6393,0.6499,0.6393,0.6473,1595465.3
1774965600000,0.6472,0.654,0.6326,0.6361,3491518.4
1774969200000,0.6361,0.6447,0.6358,0.636,1696099.6
1774972800000,0.636,0.6539,0.6359,0.6524,3204874.2
1774976400000,0.6523,0.6612,0.6455,0.6479,3413380.2
1774980000000,0.648,0.6536,0.648,0.6535,1017622.2
1774983600000,0.6534,0.6555,0.6521,0.6549,932753.2
1774987200000,0.655,0.6591,0.6536,0.6573,944684.2
1774990800000,0.6573,0.6574,0.6496,0.6515,735232.9
1774994400000,0.6515,0.6546,0.6493,0.6513,891724.8
1774998000000,0.6512,0.6565,0.6503,0.6559,711890.3
1775001600000,0.6558,0.6618,0.654,0.661,1249693.9
1775005200000,0.661,0.6637,0.6557,0.656,1880170.4
1775008800000,0.656,0.6582,0.6518,0.6527,1017969.7
1775012400000,0.6527,0.6622,0.6527,0.6603,1562891.1
1775016000000,0.6602,0.6628,0.6575,0.6601,1239571.7
1775019600000,0.6601,0.6658,0.6564,0.6637,1355675.4
1775023200000,0.6636,0.6789,0.6636,0.6771,2897284.4
1775026800000,0.6771,0.6812,0.6721,0.674,1565793.7
1775030400000,0.674,0.6765,0.6704,0.6731,1281338.2
1775034000000,0.673,0.6749,0.6676,0.6688,1068662.2
1775037600000,0.6688,0.6713,0.6649,0.6676,1022456.1
1775041200000,0.6676,0.6726,0.6661,0.6717,964251.3
1775044800000,0.6717,0.6804,0.67,0.6723,2770103.5
1775048400000,0.6724,0.6742,0.663,0.6662,2200493.3
1775052000000,0.6662,0.6755,0.6642,0.674,1596233.6
1775055600000,0.6741,0.6758,0.6703,0.6743,987314.2
1775059200000,0.6743,0.68,0.6701,0.6776,1810174.9
1775062800000,0.6776,0.6847,0.6695,0.6698,1999818.3
1775066400000,0.6697,0.6704,0.6594,0.6637,2736847.4
1775070000000,0.6638,0.6676,0.6626,0.6663,655449.9
1775073600000,0.6663,0.6676,0.6617,0.6655,742076.1
1775077200000,0.6655,0.6712,0.6655,0.6695,739511.5
1775080800000,0.6695,0.6704,0.6574,0.6606,2012550.1
1775084400000,0.6606,0.6629,0.6591,0.6608,859712.9
1775088000000,0.6608,0.6689,0.6603,0.6684,1365409.3
1775091600000,0.6685,0.6685,0.6415,0.6459,6116417.5
1775095200000,0.6459,0.6471,0.6345,0.639,2729846.1
1775098800000,0.6392,0.6411,0.6328,0.6356,2219185.9
1775102400000,0.6356,0.6379,0.6316,0.633,1479971.4
1775106000000,0.6329,0.6384,0.6311,0.6373,1566044.8
1775109600000,0.6373,0.642,0.6364,0.6389,1709519.5
1775113200000,0.6391,0.6397,0.6371,0.6386,986277.5
1775116800000,0.6386,0.6393,0.6334,0.634,1296640.1
1775120400000,0.634,0.6363,0.6322,0.6333,1216818.7
1775124000000,0.6333,0.6333,0.6277,0.6295,1933248.0
1775127600000,0.6296,0.6318,0.6258,0.6291,1277245.0
1775131200000,0.6292,0.6292,0.6248,0.6254,1263379.8
1775134800000,0.6255,0.6262,0.6202,0.6247,2656631.3
1775138400000,0.6247,0.6428,0.6231,0.6386,4209635.0
1775142000000,0.6385,0.6394,0.6301,0.6325,1690461.2
1775145600000,0.6325,0.6371,0.6282,0.6333,1708589.0
1775149200000,0.6333,0.6387,0.6262,0.6269,1451339.1
1775152800000,0.6269,0.6317,0.6256,0.6305,933601.1
1775156400000,0.6306,0.6338,0.6282,0.6333,834447.4
1775160000000,0.6334,0.6386,0.6308,0.6343,668763.6
1775163600000,0.6343,0.6349,0.6294,0.6323,772365.1
1775167200000,0.6322,0.6358,0.6311,0.6344,616245.8
1775170800000,0.6343,0.6352,0.6325,0.6341,667272.1
1775174400000,0.6342,0.6356,0.6305,0.6316,778460.5
1775178000000,0.6316,0.6332,0.6273,0.6314,1017889.6
1775181600000,0.6315,0.6356,0.6287,0.6339,1216550.9
1775185200000,0.6338,0.6385,0.6318,0.6369,1041691.5
1775188800000,0.6369,0.6412,0.636,0.6397,1608700.7
1775192400000,0.6396,0.6449,0.6369,0.6407,1358783.5
1775196000000,0.6407,0.6455,0.6384,0.6449,1266138.4
1775199600000,0.6448,0.6505,0.6443,0.6476,1575012.4
1775203200000,0.6477,0.6536,0.646,0.648,1613150.8
1775206800000,0.648,0.6523,0.6452,0.6513,1262301.3
1775210400000,0.6513,0.6521,0.6465,0.6505,1108818.5
1775214000000,0.6506,0.6515,0.6475,0.6512,526545.5
1775217600000,0.6511,0.659,0.6444,0.6472,2776149.2
1775221200000,0.6473,0.6494,0.6438,0.6479,1618745.8
1775224800000,0.6478,0.651,0.6458,0.6478,1424944.9
1775228400000,0.6478,0.6489,0.6425,0.6441,1690852.4
1775232000000,0.6442,0.6468,0.6431,0.6464,1281219.5
1775235600000,0.6464,0.6472,0.6407,0.642,756718.6
1775239200000,0.6421,0.6453,0.6376,0.6389,1107294.8
1775242800000,0.6389,0.641,0.6357,0.6403,690245.2
1775246400000,0.6402,0.6415,0.6371,0.6396,525992.9
1775250000000,0.6396,0.6421,0.6384,0.6398,635168.3
1775253600000,0.6398,0.6402,0.6342,0.6351,511026.3
1775257200000,0.635,0.6357,0.6316,0.635,1198561.9
1775260800000,0.6349,0.6354,0.6325,0.6354,721995.3
1775264400000,0.6353,0.6373,0.6333,0.6351,704797.8
1775268000000,0.6351,0.6368,0.6327,0.6331,513346.3
1775271600000,0.6331,0.6358,0.6318,0.6345,548783.6
1775275200000,0.6343,0.6354,0.6334,0.6348,663334.0
1775278800000,0.6348,0.6357,0.633,0.6339,866101.8
1775282400000,0.6339,0.6395,0.6336,0.639,741881.2
1775286000000,0.639,0.6396,0.6357,0.6367,740768.5
1775289600000,0.6366,0.637,0.6324,0.6332,651067.1
1775293200000,0.6332,0.6342,0.6317,0.6325,724473.4
1775296800000,0.6325,0.636,0.6307,0.6348,775320.2
1775300400000,0.6348,0.636,0.6337,0.6349,535413.7
1775304000000,0.6349,0.6356,0.6318,0.6324,805492.6
1775307600000,0.6324,0.6352,0.631,0.6311,679326.8
1775311200000,0.631,0.634,0.6265,0.6338,1571839.1
1775314800000,0.6337,0.6383,0.6327,0.6338,1627278.2
1775318400000,0.6338,0.6369,0.6305,0.6311,1252670.3
1775322000000,0.6311,0.6382,0.6306,0.6361,1258541.1
1775325600000,0.6361,0.637,0.6333,0.6342,445413.3
1775329200000,0.6341,0.6414,0.6332,0.6355,1072788.1
1775332800000,0.6355,0.6361,0.6327,0.6334,378012.7
1775336400000,0.6334,0.6359,0.6328,0.6344,407470.8
1775340000000,0.6344,0.6372,0.634,0.6356,470494.0
1775343600000,0.6355,0.6355,0.6336,0.6354,459891.6
1775347200000,0.6354,0.6358,0.6313,0.6323,904371.8
1775350800000,0.6323,0.6328,0.6288,0.6299,795396.3
1775354400000,0.6299,0.6302,0.6259,0.6301,1576292.1
1775358000000,0.63,0.6307,0.6288,0.63,345739.0
1775361600000,0.63,0.6305,0.6272,0.6274,853816.7
1775365200000,0.6274,0.6286,0.6231,0.624,939037.8
1775368800000,0.6239,0.6244,0.6174,0.6201,1991244.4
1775372400000,0.6201,0.6212,0.6146,0.6165,1261369.8
1775376000000,0.6164,0.617,0.6119,0.6148,1538533.2
1775379600000,0.6148,0.618,0.6146,0.6171,984723.1
1775383200000,0.617,0.6202,0.6152,0.6153,816824.6
1775386800000,0.6153,0.6163,0.6141,0.6155,829185.3
1775390400000,0.6155,0.616,0.6046,0.6078,3043704.1
1775394000000,0.6077,0.6114,0.6041,0.6113,1050069.0
1775397600000,0.6113,0.6134,0.6082,0.6087,856797.4
1775401200000,0.6087,0.6205,0.6062,0.6131,2218498.4
1775404800000,0.613,0.616,0.6113,0.6116,903052.0
1775408400000,0.6116,0.6161,0.6114,0.6148,787270.0
1775412000000,0.6147,0.6164,0.6131,0.6142,571261.9
1775415600000,0.6142,0.6165,0.6105,0.6132,613529.9
1775419200000,0.6134,0.6166,0.6127,0.6154,728944.8
1775422800000,0.6154,0.6167,0.612,0.6143,594971.5
1775426400000,0.6143,0.6265,0.6131,0.6259,2462669.4
1775430000000,0.626,0.6393,0.6252,0.6393,4860964.6
1775433600000,0.6393,0.648,0.6392,0.6428,4050704.8
1775437200000,0.6427,0.6436,0.6373,0.6392,1789847.1
1775440800000,0.639,0.6505,0.6387,0.6479,2166288.5
1775444400000,0.6479,0.6502,0.6445,0.6465,1350916.9
1775448000000,0.6465,0.654,0.6453,0.6502,2611691.9
1775451600000,0.6502,0.651,0.6448,0.6453,1298375.4
1775455200000,0.6452,0.6477,0.641,0.6435,2191970.4
1775458800000,0.6435,0.6466,0.6405,0.6447,936963.8
1775462400000,0.6448,0.6516,0.6442,0.6459,1429897.6
1775466000000,0.6459,0.6575,0.6458,0.6553,2641863.0
1775469600000,0.6553,0.6642,0.6553,0.6595,2913496.5
1775473200000,0.6594,0.6605,0.6554,0.6571,1100532.4
1775476800000,0.6571,0.6591,0.6531,0.6561,1401700.4
1775480400000,0.6561,0.6581,0.6515,0.6542,1722827.8
1775484000000,0.6542,0.6572,0.6455,0.6518,2348032.1
1775487600000,0.6518,0.6543,0.6487,0.6519,1382674.5
1775491200000,0.6519,0.6526,0.6469,0.649,1709186.2
1775494800000,0.649,0.6493,0.6425,0.6472,1570569.0
1775498400000,0.6472,0.6506,0.6459,0.6487,975543.9
1775502000000,0.6487,0.6487,0.642,0.6431,708740.4
1775505600000,0.6431,0.6442,0.6409,0.6434,1105067.3
1775509200000,0.6434,0.6442,0.639,0.64,715429.1
1775512800000,0.6399,0.6399,0.6288,0.6288,2058368.3
1775516400000,0.6287,0.6301,0.6231,0.6286,2321921.9
1775520000000,0.6285,0.6347,0.6261,0.6273,1571251.1
1775523600000,0.6273,0.6313,0.625,0.625,1298359.3
1775527200000,0.625,0.6283,0.6217,0.6251,2012145.6
1775530800000,0.6251,0.6289,0.6249,0.6283,741669.1
1775534400000,0.6283,0.632,0.6255,0.6299,990863.0
1775538000000,0.6299,0.6301,0.6259,0.6284,610263.4
1775541600000,0.6283,0.6287,0.6248,0.6276,561035.1
1775545200000,0.6277,0.6324,0.6266,0.6301,700876.9
1775548800000,0.63,0.637,0.6298,0.6353,1375744.4
1775552400000,0.6353,0.6427,0.6349,0.6384,1680758.7
1775556000000,0.6384,0.6399,0.6255,0.6272,2838027.5
1775559600000,0.6272,0.6276,0.6223,0.6238,1703473.5
1775563200000,0.6238,0.6247,0.6144,0.6177,3397766.0
1775566800000,0.6178,0.621,0.6137,0.6139,1792359.7
1775570400000,0.6139,0.6193,0.6103,0.6133,2262882.2
1775574000000,0.6133,0.6184,0.6118,0.6162,1803290.7
1775577600000,0.6161,0.6197,0.6149,0.618,1485436.9
1775581200000,0.618,0.6308,0.6179,0.6265,2159813.1
1775584800000,0.6265,0.6278,0.6216,0.6236,1482384.8
1775588400000,0.6236,0.6384,0.6224,0.6381,2817652.1
1775592000000,0.6381,0.6455,0.6376,0.6402,2682325.9
1775595600000,0.64,0.6604,0.6399,0.6591,3921378.9
1775599200000,0.6591,0.6809,0.6558,0.6808,6144959.3
1775602800000,0.6809,0.6932,0.6765,0.6852,5819001.2
1775606400000,0.6853,0.6907,0.6738,0.6764,3497734.1
1775610000000,0.6764,0.6797,0.6741,0.6784,1756729.8
1775613600000,0.6784,0.6866,0.6777,0.681,1987969.3
1775617200000,0.6811,0.6828,0.6759,0.6781,1219363.7
1775620800000,0.6781,0.6849,0.6778,0.6815,1666356.7
1775624400000,0.6816,0.6868,0.6816,0.6854,1242215.9
1775628000000,0.6854,0.6884,0.6824,0.6833,1505648.6
1775631600000,0.6834,0.6917,0.6832,0.6877,2162072.9
1775635200000,0.6876,0.6949,0.6875,0.6935,2599413.4
1775638800000,0.6934,0.6962,0.6892,0.6927,1357684.3
1775642400000,0.6926,0.6954,0.6829,0.6831,2342518.2
1775646000000,0.683,0.687,0.6746,0.6807,3050100.1
1775649600000,0.6806,0.6866,0.6778,0.686,1778378.5
1775653200000,0.686,0.6982,0.6837,0.6887,5632916.1
1775656800000,0.6886,0.6902,0.667,0.6692,4894565.0
1775660400000,0.6692,0.6744,0.6667,0.6739,2369062.3
1775664000000,0.674,0.6779,0.6694,0.6764,1804889.3
1775667600000,0.6764,0.6784,0.6705,0.675,1212007.7
1775671200000,0.675,0.6754,0.6641,0.6645,1557067.8
1775674800000,0.6644,0.6673,0.6631,0.6672,1249934.1
1775678400000,0.6671,0.6697,0.6641,0.6666,691602.9
1775682000000,0.6666,0.6736,0.6658,0.6702,1140525.1
1775685600000,0.6702,0.6705,0.6634,0.6634,1844198.0
1775689200000,0.6635,0.6636,0.6548,0.6566,3173575.5
1775692800000,0.6566,0.6577,0.6469,0.6526,2985707.6
1775696400000,0.6526,0.6531,0.646,0.6509,1691559.6
1775700000000,0.6509,0.6549,0.6488,0.6516,970576.1
1775703600000,0.6517,0.6528,0.6476,0.6489,1063256.1
1775707200000,0.6488,0.6559,0.6468,0.6516,2441088.3
1775710800000,0.6516,0.658,0.6504,0.6532,1196015.4
1775714400000,0.6533,0.6557,0.6503,0.6556,1145804.4
1775718000000,0.6556,0.6573,0.6521,0.6527,698605.5
1775721600000,0.6527,0.6609,0.6517,0.6576,1515765.8
1775725200000,0.6576,0.6648,0.6552,0.6629,1609948.1
1775728800000,0.6628,0.6631,0.6597,0.6601,882188.7
1775732400000,0.6601,0.6604,0.6564,0.6573,734993.5
1775736000000,0.6572,0.6618,0.6561,0.6605,893323.7
1775739600000,0.6605,0.6628,0.6561,0.6581,1416447.2
1775743200000,0.6581,0.6632,0.6536,0.6606,1313837.7
1775746800000,0.6606,0.6775,0.6575,0.6754,4480231.9
1775750400000,0.6754,0.6802,0.6659,0.6706,4246090.2
1775754000000,0.6705,0.6771,0.6693,0.6763,1765203.5
1775757600000,0.6763,0.6774,0.668,0.6741,1746386.9
1775761200000,0.674,0.6783,0.6708,0.6752,1127407.5
1775764800000,0.6753,0.6808,0.6745,0.6784,1011464.7
1775768400000,0.6783,0.6828,0.6753,0.6777,1092708.1
1775772000000,0.6777,0.6904,0.6755,0.6761,2586003.7
1775775600000,0.676,0.6766,0.6629,0.6652,2394793.4
1775779200000,0.6652,0.6665,0.659,0.6637,2146245.3
1775782800000,0.6637,0.6721,0.6612,0.6682,1620473.3
1775786400000,0.6681,0.6764,0.6672,0.6717,1370053.6
1775790000000,0.6717,0.6755,0.6663,0.6668,1138399.3
1775793600000,0.6668,0.6757,0.6665,0.6729,1248461.6
1775797200000,0.673,0.6774,0.6689,0.6756,1066100.3
1775800800000,0.6757,0.6768,0.6691,0.6714,758902.6
1775804400000,0.6713,0.6743,0.6674,0.6682,830907.5
1775808000000,0.6683,0.6729,0.665,0.6672,1135441.5
1775811600000,0.6672,0.6742,0.6672,0.674,1219800.4
1775815200000,0.6739,0.6742,0.6664,0.6678,1188939.8
1775818800000,0.6677,0.6732,0.6675,0.6684,1489399.1
1775822400000,0.6684,0.6761,0.6674,0.674,2122564.9
1775826000000,0.674,0.6773,0.669,0.6741,2685097.6
1775829600000,0.674,0.6784,0.6706,0.678,2735365.7
1775833200000,0.6779,0.6844,0.6744,0.6762,3159907.4
1775836800000,0.6763,0.6839,0.6762,0.6825,1481971.8
1775840400000,0.6824,0.6836,0.6786,0.6815,916317.5
1775844000000,0.6815,0.6865,0.6804,0.6851,1162194.7
1775847600000,0.6851,0.6911,0.685,0.6902,1173933.0
1775851200000,0.6903,0.6919,0.6864,0.6887,1289094.0
1775854800000,0.6887,0.6887,0.681,0.6835,1816045.8
1775858400000,0.6836,0.6838,0.6758,0.679,1057239.8
1775862000000,0.6791,0.6795,0.6757,0.6783,1300649.7
1775865600000,0.6784,0.6787,0.6725,0.6727,1165900.8
1775869200000,0.6726,0.6743,0.6684,0.6725,1504522.0
1775872800000,0.6726,0.6764,0.6716,0.6746,742909.8
1775876400000,0.6746,0.6802,0.6722,0.6729,1398733.1
1775880000000,0.6729,0.6761,0.672,0.6743,646205.4
1775883600000,0.6743,0.6748,0.6696,0.6703,542072.3
1775887200000,0.6703,0.6716,0.6677,0.6695,752024.7
1775890800000,0.6695,0.6732,0.6691,0.6706,980843.8
1775894400000,0.6706,0.6734,0.6701,0.6712,606556.2
1775898000000,0.6712,0.6769,0.6704,0.6738,860057.9
1775901600000,0.6738,0.6763,0.6711,0.6721,594547.5
1775905200000,0.672,0.6743,0.6713,0.6731,610017.1
1775908800000,0.673,0.6747,0.6708,0.6714,422798.5
1775912400000,0.6714,0.6714,0.6641,0.668,3268484.5
1775916000000,0.6681,0.6712,0.6657,0.6675,855247.0
1775919600000,0.6674,0.6732,0.6673,0.6705,734421.9
1775923200000,0.6706,0.6889,0.6703,0.685,3828203.9
1775926800000,0.6851,0.6915,0.6838,0.6855,2651854.8
1775930400000,0.6855,0.6974,0.6822,0.6931,2471328.8
1775934000000,0.6932,0.7039,0.6916,0.7039,1607704.6
1775937600000,0.7039,0.7043,0.6951,0.6957,1251155.9
1775941200000,0.6958,0.7012,0.6926,0.6972,1221526.3
1775944800000,0.6972,0.7021,0.6925,0.6942,1171422.5
1775948400000,0.6941,0.6942,0.6843,0.6887,1394752.7
1775952000000,0.6888,0.6892,0.6826,0.6846,1168048.4
1775955600000,0.6847,0.6863,0.6544,0.6574,8104801.0
1775959200000,0.6573,0.659,0.6451,0.6569,4911715.4
1775962800000,0.657,0.6599,0.6515,0.6518,1427647.9
1775966400000,0.6518,0.6535,0.6474,0.6485,1740589.8
1775970000000,0.6485,0.6518,0.6458,0.6511,1123517.2
1775973600000,0.6511,0.6524,0.6472,0.6481,767590.0
1775977200000,0.6481,0.6508,0.6465,0.6491,851277.7
1775980800000,0.6491,0.6513,0.6474,0.649,774379.4
1775984400000,0.6491,0.6523,0.6472,0.6508,1251260.3
1775988000000,0.6508,0.6516,0.6455,0.646,914680.0
1775991600000,0.646,0.6506,0.6432,0.6499,1033727.6
1775995200000,0.6498,0.6537,0.6463,0.6463,1251587.1
1775998800000,0.6463,0.6492,0.6409,0.6418,1695452.5
1776002400000,0.6419,0.6462,0.641,0.6419,921395.7
1776006000000,0.6419,0.6443,0.6387,0.6432,883780.1
1776009600000,0.6432,0.6462,0.6429,0.6455,704514.8
1776013200000,0.6456,0.6542,0.6455,0.6526,907105.9
1776016800000,0.6527,0.6542,0.651,0.6513,679338.4
1776020400000,0.6512,0.6527,0.6483,0.6504,688129.0
1776024000000,0.6504,0.6566,0.6489,0.6539,790940.3
1776027600000,0.6539,0.6552,0.6489,0.6505,615442.0
1776031200000,0.6504,0.6506,0.641,0.6458,1622478.6
1776034800000,0.6458,0.6458,0.6406,0.6423,1123883.6
1776038400000,0.6424,0.6507,0.6411,0.6489,1663881.6
1776042000000,0.649,0.6552,0.6487,0.6541,920886.8
1776045600000,0.6541,0.656,0.6485,0.6499,987373.1
1776049200000,0.65,0.6517,0.6487,0.6508,724907.6
1776052800000,0.6508,0.654,0.6477,0.6483,1642911.3
1776056400000,0.6482,0.6491,0.6447,0.6473,1664858.1
1776060000000,0.6474,0.6541,0.6471,0.6503,986151.6
1776063600000,0.6503,0.6508,0.6431,0.6432,1501817.1
1776067200000,0.6433,0.6447,0.6402,0.6432,1037064.8
1776070800000,0.6431,0.6466,0.6428,0.645,616617.4
1776074400000,0.6449,0.6457,0.6415,0.6434,665568.4
1776078000000,0.6434,0.6539,0.6429,0.6512,2567917.4
1776081600000,0.6512,0.6585,0.6473,0.6583,2326511.9
1776085200000,0.6582,0.6763,0.6581,0.6744,7315733.5
1776088800000,0.6745,0.6808,0.6676,0.6781,3320201.9
1776092400000,0.6781,0.6784,0.6571,0.6602,2834686.3
1776096000000,0.6602,0.664,0.6546,0.662,3869196.6
1776099600000,0.662,0.6698,0.659,0.6604,2140529.9
1776103200000,0.6604,0.6662,0.6585,0.6661,1349199.7
1776106800000,0.666,0.6759,0.6625,0.6746,1971049.7
1776110400000,0.6745,0.6749,0.6656,0.6675,1620919.6
1776114000000,0.6674,0.6754,0.6652,0.6734,1611238.1
1776117600000,0.6733,0.6994,0.6733,0.6964,5920528.2
1776121200000,0.6964,0.7018,0.6954,0.6992,4675185.2
1776124800000,0.6993,0.7014,0.6893,0.6903,2284812.5
1776128400000,0.6902,0.6931,0.686,0.6922,1310174.8
1776132000000,0.6922,0.6933,0.6873,0.6892,1055716.3
1776135600000,0.6891,0.6948,0.6875,0.6918,1097376.6
1776139200000,0.6919,0.6926,0.6883,0.6899,1051193.4
1776142800000,0.6899,0.6902,0.6765,0.6782,3066652.7
1776146400000,0.6782,0.6813,0.6757,0.68,2090204.1
1776150000000,0.68,0.6828,0.6759,0.6791,1970977.0
1776153600000,0.6791,0.6856,0.6775,0.6825,1630642.5
1776157200000,0.6824,0.6871,0.6822,0.6853,892790.8
1776160800000,0.6853,0.6871,0.6829,0.6834,927526.2
1776164400000,0.6833,0.6862,0.6817,0.6826,873119.5
1776168000000,0.6825,0.6846,0.6801,0.6816,982709.9
1776171600000,0.6816,0.6963,0.681,0.6962,2677329.6
1776175200000,0.6962,0.6989,0.6877,0.6877,3120357.9
1776178800000,0.6878,0.6905,0.6805,0.6838,3768311.4
1776182400000,0.6837,0.6888,0.6775,0.6789,1928194.4
1776186000000,0.6788,0.6803,0.6718,0.679,3333759.2
1776189600000,0.679,0.6808,0.661,0.6638,2819647.6
1776193200000,0.6638,0.6692,0.6616,0.6687,990146.8
1776196800000,0.6688,0.671,0.6651,0.6666,907866.2
1776200400000,0.6666,0.6716,0.6664,0.6705,629542.3
1776204000000,0.6705,0.6718,0.6659,0.6663,663425.5
1776207600000,0.6663,0.6707,0.6656,0.6691,656509.8
1776211200000,0.6692,0.6759,0.6692,0.6728,1257959.4
1776214800000,0.6727,0.6794,0.6711,0.6772,884295.2
1776218400000,0.6771,0.6797,0.6723,0.6756,974488.5
1776222000000,0.6757,0.6761,0.6726,0.6754,592830.1
1776225600000,0.6754,0.6794,0.6745,0.6779,617741.1
1776229200000,0.6778,0.68,0.6707,0.673,952820.4
1776232800000,0.673,0.6739,0.6694,0.6712,1392490.0
1776236400000,0.6711,0.6726,0.6646,0.6669,1148658.6
1776240000000,0.6669,0.6755,0.6657,0.6716,934687.6
1776243600000,0.6715,0.6735,0.6692,0.6732,926154.8
1776247200000,0.6732,0.68,0.6717,0.673,1388876.3
1776250800000,0.6731,0.6826,0.6731,0.6799,1094865.7
1776254400000,0.6798,0.6839,0.6765,0.6811,1253973.6
1776258000000,0.6811,0.6816,0.6742,0.6769,1787199.1
1776261600000,0.6769,0.6861,0.6756,0.6857,2851552.9
1776265200000,0.6857,0.6885,0.6752,0.6789,2049706.9
1776268800000,0.6789,0.6835,0.6778,0.6814,1261243.6
1776272400000,0.6814,0.6847,0.6781,0.6803,1116906.1
1776276000000,0.6803,0.686,0.6788,0.6858,958577.7
1776279600000,0.6858,0.6915,0.684,0.6894,1554594.8
1776283200000,0.6894,0.6896,0.6832,0.6856,750681.2
1776286800000,0.6856,0.6927,0.6823,0.6907,1472715.3
1776290400000,0.6906,0.6959,0.6888,0.6889,1760782.2
1776294000000,0.6889,0.6899,0.6845,0.6895,1018934.5
1776297600000,0.6896,0.6912,0.6851,0.6897,909662.0
1776301200000,0.6897,0.6904,0.6833,0.6892,884306.1
1776304800000,0.6892,0.6993,0.6887,0.6946,2073814.9
1776308400000,0.6947,0.7028,0.6941,0.7015,1832481.1
1776312000000,0.7015,0.7061,0.6979,0.7005,2473644.4
1776315600000,0.7004,0.7103,0.6967,0.7064,2433578.8
1776319200000,0.7064,0.7211,0.7055,0.7193,4217955.1
1776322800000,0.7193,0.7243,0.7124,0.7175,2499080.0
1776326400000,0.7174,0.7219,0.7112,0.7126,2655901.9
1776330000000,0.7125,0.7193,0.7097,0.7108,1338536.8
1776333600000,0.7107,0.7126,0.7044,0.7062,1704627.3
1776337200000,0.7061,0.7091,0.7043,0.708,1092605.3
1776340800000,0.7079,0.7169,0.7076,0.7164,2349691.7
1776344400000,0.7163,0.7278,0.6927,0.7035,6022516.2
1776348000000,0.7035,0.7058,0.6904,0.7012,5236463.0
1776351600000,0.7011,0.7218,0.7002,0.7213,4072855.7
1776355200000,0.7213,0.7283,0.714,0.7188,4386718.2
1776358800000,0.7188,0.7245,0.714,0.7229,1934752.6
1776362400000,0.7228,0.7465,0.7197,0.7452,4881402.9
1776366000000,0.7452,0.7459,0.7392,0.7419,2869063.7
1776369600000,0.7419,0.743,0.7264,0.7334,3317329.4
1776373200000,0.7333,0.7355,0.7245,0.7335,1467226.0
1776376800000,0.7337,0.7417,0.7336,0.7355,1386306.6
1776380400000,0.7354,0.7398,0.7344,0.7366,1034662.8
1776384000000,0.7366,0.7445,0.7332,0.742,1960644.5
1776387600000,0.7419,0.7455,0.7293,0.7334,2419972.3
1776391200000,0.7333,0.7346,0.7217,0.7248,2478838.7
1776394800000,0.7248,0.7278,0.7217,0.7237,1103656.1
1776398400000,0.7237,0.727,0.7219,0.7241,919014.9
1776402000000,0.7241,0.7243,0.7124,0.7134,2688185.8
1776405600000,0.7133,0.7222,0.7097,0.7209,2082830.1
1776409200000,0.721,0.7255,0.721,0.7236,966985.9
1776412800000,0.7236,0.7308,0.7233,0.7283,1717147.7
1776416400000,0.7284,0.7363,0.7251,0.7335,2132470.0
1776420000000,0.7336,0.7348,0.7178,0.7227,2043718.3
1776423600000,0.7227,0.7382,0.7222,0.736,6628775.2
1776427200000,0.736,0.7629,0.736,0.7593,8945764.6
1776430800000,0.7593,0.7882,0.7528,0.7858,10113286.3
1776434400000,0.7859,0.796,0.7772,0.7872,5637614.3
1776438000000,0.7872,0.7906,0.7774,0.7827,5455526.6
1776441600000,0.7828,0.7835,0.7716,0.7766,3885442.7
1776445200000,0.7766,0.7776,0.7638,0.7729,3090402.2
1776448800000,0.773,0.7736,0.7624,0.7634,1761957.1
1776452400000,0.7634,0.7668,0.7591,0.7616,1270401.6
1776456000000,0.7617,0.7633,0.7528,0.7568,1500055.5
1776459600000,0.7567,0.7626,0.7515,0.7561,1139195.6
1776463200000,0.756,0.7573,0.7517,0.7546,1329080.7
1776466800000,0.7546,0.7546,0.7422,0.7459,1869279.3
1776470400000,0.7459,0.7536,0.7437,0.7535,1759424.0
1776474000000,0.7536,0.7538,0.7456,0.748,1129371.1
1776477600000,0.7478,0.7533,0.7444,0.7503,1115902.4
1776481200000,0.7503,0.7553,0.7475,0.7492,1156623.3
1776484800000,0.7493,0.7533,0.7473,0.7513,860340.5
1776488400000,0.7512,0.761,0.751,0.7579,1901612.4
1776492000000,0.7578,0.7582,0.7546,0.7566,737806.0
1776495600000,0.7565,0.761,0.7557,0.7568,793581.7
1776499200000,0.7567,0.7567,0.7411,0.747,2809307.7
1776502800000,0.7471,0.748,0.7345,0.7379,2526414.6
1776506400000,0.7379,0.7381,0.7141,0.7206,7371913.0
1776510000000,0.7207,0.7222,0.7118,0.7165,3020917.3
1776513600000,0.7165,0.7218,0.7149,0.7198,1169295.5
1776517200000,0.7198,0.7223,0.7135,0.7201,1690236.9
1776520800000,0.7201,0.7243,0.7179,0.7231,822911.9
1776524400000,0.723,0.7261,0.7162,0.7193,1121033.6
1776528000000,0.7193,0.7209,0.7121,0.7136,1947824.5
1776531600000,0.7136,0.7175,0.7098,0.7142,900594.5
1776535200000,0.7142,0.7146,0.703,0.7048,2109804.2
1776538800000,0.7048,0.7091,0.7026,0.7056,1047226.9
1776542400000,0.7055,0.7083,0.7018,0.7064,1091191.9
1776546000000,0.7065,0.7112,0.7063,0.7109,811618.4
1776549600000,0.7109,0.7109,0.7034,0.7072,1235876.0
1776553200000,0.7071,0.7095,0.7024,0.7027,488745.6
1776556800000,0.7027,0.7027,0.6932,0.697,2106554.3
1776560400000,0.6971,0.6999,0.6924,0.6954,982012.2
1776564000000,0.6953,0.696,0.6849,0.6878,2752481.6
1776567600000,0.6878,0.6927,0.6849,0.6877,1322450.2
1776571200000,0.6878,0.6931,0.6855,0.6891,1031552.4
1776574800000,0.6892,0.6925,0.6884,0.6884,504393.2
1776578400000,0.6884,0.6923,0.6842,0.6898,1137849.9
1776582000000,0.6898,0.6904,0.6803,0.6851,2090613.9
1776585600000,0.6851,0.6861,0.6816,0.6833,833649.5
1776589200000,0.6833,0.6847,0.6784,0.68,987507.4
1776592800000,0.68,0.685,0.6781,0.6838,954759.3
1776596400000,0.6838,0.6946,0.6835,0.6946,1987102.8
1776600000000,0.6946,0.7025,0.6934,0.7003,1835609.7
1776603600000,0.7002,0.7101,0.6996,0.7025,2672727.1
1776607200000,0.7026,0.7055,0.6969,0.701,1966760.3
1776610800000,0.701,0.7011,0.6833,0.6965,2511298.5
1776614400000,0.6964,0.6982,0.6885,0.6905,1435475.5
1776618000000,0.6905,0.6906,0.6809,0.6813,2063056.6
1776621600000,0.6813,0.684,0.6788,0.6821,1415253.8
1776625200000,0.6822,0.6867,0.6817,0.6846,1030924.7
1776628800000,0.6847,0.6849,0.6769,0.6803,1583869.7
1776632400000,0.6802,0.6845,0.6789,0.6794,805459.0
1776636000000,0.6794,0.6794,0.6642,0.6697,3424567.8
1776639600000,0.6697,0.6716,0.6667,0.6693,1200789.3
1776643200000,0.6694,0.6798,0.6682,0.6765,1758532.0
1776646800000,0.6765,0.6831,0.6763,0.6802,828781.7
1776650400000,0.6803,0.6808,0.6765,0.6782,1039867.9
1776654000000,0.6782,0.6849,0.6781,0.6835,1591459.4
1776657600000,0.6835,0.6845,0.6815,0.6838,585989.9
1776661200000,0.6837,0.684,0.6731,0.676,902113.5
1776664800000,0.676,0.6868,0.6756,0.683,1291992.9
1776668400000,0.6831,0.6993,0.6823,0.6901,2820324.1
1776672000000,0.6901,0.691,0.6838,0.6854,1302117.4
1776675600000,0.6853,0.6908,0.684,0.688,923234.5
1776679200000,0.688,0.6928,0.6866,0.6871,1257288.9
1776682800000,0.687,0.6909,0.6855,0.6884,696617.7
1776686400000,0.6883,0.6939,0.6856,0.6933,1366222.3
1776690000000,0.6933,0.6948,0.6862,0.6916,1528452.0
1776693600000,0.6916,0.6968,0.6834,0.6859,3114813.5
1776697200000,0.6859,0.695,0.6814,0.692,2236285.4
1776700800000,0.692,0.6922,0.6854,0.6855,970517.9
1776704400000,0.6855,0.6937,0.6846,0.6928,973068.2
1776708000000,0.6928,0.6971,0.6903,0.6941,1727828.7
1776711600000,0.6942,0.6946,0.6898,0.6927,598119.4
1776715200000,0.6926,0.6966,0.6896,0.6952,650048.0
1776718800000,0.6952,0.6981,0.6905,0.6945,911587.2
1776722400000,0.6945,0.696,0.6909,0.6911,829386.6
1776726000000,0.691,0.691,0.6866,0.6881,544866.0
1776729600000,0.6881,0.692,0.6867,0.691,779240.3
1776733200000,0.691,0.694,0.6879,0.6891,794027.8
1776736800000,0.6891,0.6896,0.686,0.686,961845.8
1776740400000,0.6859,0.6865,0.6819,0.6853,1566134.8
1776744000000,0.6853,0.6877,0.6819,0.6873,1181256.7
1776747600000,0.6872,0.6933,0.6871,0.6916,923487.1
1776751200000,0.6916,0.6942,0.6859,0.6897,1160993.0
1776754800000,0.6896,0.6936,0.6872,0.6905,722741.2
1776758400000,0.6905,0.6978,0.6887,0.693,1092114.0
1776762000000,0.6929,0.6959,0.6907,0.6951,948781.4
1776765600000,0.6952,0.6975,0.6934,0.6965,911424.1
1776769200000,0.6964,0.6965,0.6899,0.6929,1263767.8
1776772800000,0.6928,0.693,0.6772,0.6852,3056600.5
1776776400000,0.6852,0.6877,0.6825,0.6856,1625742.8
1776780000000,0.6857,0.6944,0.6818,0.6828,1570292.0
1776783600000,0.6826,0.6877,0.6793,0.6844,1795171.1
1776787200000,0.6845,0.6872,0.6796,0.6802,940669.9
1776790800000,0.6802,0.6839,0.6715,0.6784,1904272.6
1776794400000,0.6785,0.6794,0.6718,0.6759,1100552.3
1776798000000,0.676,0.6811,0.6593,0.6652,3274368.2
1776801600000,0.6653,0.6766,0.6645,0.6743,1952086.0
1776805200000,0.6743,0.6764,0.6728,0.6739,619034.1
1776808800000,0.6739,0.6752,0.6696,0.6727,719974.1
1776812400000,0.6726,0.6826,0.6726,0.6811,808290.5
1776816000000,0.681,0.6844,0.6798,0.6812,741090.8
1776819600000,0.6811,0.682,0.6763,0.6771,895327.4
1776823200000,0.6771,0.7008,0.676,0.7004,4889343.2
1776826800000,0.7003,0.7035,0.6948,0.6969,2183036.6
1776830400000,0.6969,0.7024,0.6955,0.7,928030.0
1776834000000,0.7001,0.7161,0.6988,0.7091,4041077.3
1776837600000,0.7091,0.7103,0.705,0.708,1732661.2
1776841200000,0.7081,0.7166,0.7053,0.7099,1925284.3
1776844800000,0.7099,0.7164,0.7086,0.7137,3582790.8
1776848400000,0.7138,0.7174,0.7087,0.7098,1519415.4
1776852000000,0.7098,0.7137,0.7053,0.7128,1448378.6
1776855600000,0.7128,0.7177,0.7126,0.7136,2046019.6
1776859200000,0.7137,0.7155,0.708,0.7105,1400899.8
1776862800000,0.7104,0.7169,0.7073,0.716,2338547.7
1776866400000,0.716,0.7174,0.7089,0.7132,1965116.8
1776870000000,0.7132,0.7142,0.7089,0.71,1939022.3
1776873600000,0.7101,0.7136,0.7042,0.7062,1713628.0
1776877200000,0.7062,0.7122,0.7052,0.7106,1083107.9
1776880800000,0.7105,0.7147,0.7088,0.709,713464.8
1776884400000,0.709,0.7104,0.7002,0.7049,1082574.1
1776888000000,0.705,0.7054,0.6995,0.7009,1206957.5
1776891600000,0.7009,0.7088,0.7009,0.7067,744882.9
1776895200000,0.7066,0.7076,0.6983,0.6997,1175562.7
1776898800000,0.6997,0.6998,0.6904,0.6906,1740433.3
1776902400000,0.6908,0.6949,0.6803,0.6942,4110606.6
1776906000000,0.6943,0.6944,0.6862,0.6909,1938934.3
1776909600000,0.6908,0.6909,0.6792,0.6821,1962087.2
1776913200000,0.6821,0.6842,0.6779,0.6813,1230401.1
1776916800000,0.6812,0.6855,0.6797,0.6834,1555327.2
1776920400000,0.6834,0.686,0.6812,0.6844,740928.5
1776924000000,0.6844,0.6916,0.6843,0.69,1113975.7
1776927600000,0.6901,0.6914,0.6842,0.6856,1219801.4
1776931200000,0.6856,0.6873,0.6825,0.6846,885072.9
1776934800000,0.6845,0.6848,0.6778,0.6815,1131656.4
1776938400000,0.6815,0.6827,0.6743,0.6785,1710244.3
1776942000000,0.6785,0.6865,0.6781,0.684,1194082.2
1776945600000,0.6841,0.6876,0.6826,0.6864,1070735.5
1776949200000,0.6862,0.6877,0.6819,0.6823,1229103.2
1776952800000,0.6823,0.6907,0.6807,0.69,1474737.0
1776956400000,0.6899,0.6984,0.6875,0.6949,2520272.4
1776960000000,0.695,0.6965,0.691,0.6915,1321823.1
1776963600000,0.6916,0.6924,0.6736,0.6823,3464284.6
1776967200000,0.6822,0.6856,0.679,0.679,1065724.5
1776970800000,0.679,0.6855,0.6765,0.6838,2287939.2
1776974400000,0.6838,0.6954,0.6837,0.6911,4409983.2
1776978000000,0.6911,0.6993,0.6885,0.6966,1343351.5
1776981600000,0.6966,0.702,0.6965,0.698,1395925.1
1776985200000,0.6979,0.7026,0.6975,0.7015,939938.9
1776988800000,0.7016,0.7133,0.7015,0.7132,2139740.2
1776992400000,0.7133,0.7134,0.702,0.7104,1478391.9
1776996000000,0.7103,0.7141,0.7062,0.7096,1737932.5
1776999600000,0.7096,0.7099,0.6966,0.7033,2060154.2
1777003200000,0.7034,0.7044,0.6966,0.6985,1466343.2
1777006800000,0.6985,0.7056,0.694,0.7027,1458355.9
1777010400000,0.7028,0.7066,0.7011,0.7027,707350.2
1777014000000,0.7026,0.704,0.7001,0.7018,779300.9
1777017600000,0.7019,0.7093,0.6998,0.7055,1540256.1
1777021200000,0.7055,0.7063,0.6977,0.7003,1353587.9
1777024800000,0.7002,0.708,0.6975,0.7059,1075461.6
1777028400000,0.7059,0.7155,0.7054,0.7137,1847801.9
1777032000000,0.7138,0.7163,0.7096,0.712,1552392.2
1777035600000,0.7121,0.718,0.7042,0.7075,2647129.4
1777039200000,0.7075,0.7081,0.7018,0.7051,1585074.3
1777042800000,0.7052,0.7096,0.6984,0.708,1744509.0
1777046400000,0.708,0.7088,0.6995,0.7034,2316265.0
1777050000000,0.7033,0.7083,0.7015,0.7066,1508713.7
1777053600000,0.7066,0.7076,0.7007,0.7051,594764.0
1777057200000,0.7052,0.7077,0.7044,0.7068,759623.9
1777060800000,0.7068,0.7111,0.7028,0.7103,795746.0
1777064400000,0.7102,0.7122,0.7037,0.705,808132.1
1777068000000,0.705,0.7053,0.6975,0.6994,876180.8
1777071600000,0.6996,0.7019,0.6983,0.7011,323661.9
1777075200000,0.701,0.7029,0.6982,0.7023,961189.4
1777078800000,0.7022,0.7038,0.7006,0.7032,499727.7
1777082400000,0.7032,0.7058,0.7014,0.7046,514572.6
1777086000000,0.7045,0.7097,0.7031,0.7082,840861.7
1777089600000,0.7083,0.7094,0.7014,0.7044,922803.9
1777093200000,0.7043,0.7053,0.7004,0.7037,549045.0
1777096800000,0.7038,0.7086,0.7038,0.7048,756370.9
1777100400000,0.7047,0.7059,0.7031,0.7034,578431.0
1777104000000,0.7033,0.7071,0.7031,0.7071,376327.7
1777107600000,0.7072,0.7103,0.7053,0.7082,619922.1
1777111200000,0.7082,0.7111,0.708,0.7091,670553.0
1777114800000,0.709,0.709,0.7007,0.7037,1095711.0
1777118400000,0.7036,0.7053,0.7004,0.7013,591415.4
1777122000000,0.7013,0.7049,0.7009,0.7044,545315.7
1777125600000,0.7044,0.7052,0.7007,0.7008,538047.8
1777129200000,0.7007,0.7038,0.6962,0.6977,1245027.8
1777132800000,0.6976,0.6999,0.6921,0.695,1948909.9
1777136400000,0.6951,0.6959,0.6909,0.6925,967811.7
1777140000000,0.6925,0.6967,0.692,0.6941,726088.7
1777143600000,0.694,0.6944,0.6902,0.6918,810710.9
1777147200000,0.6919,0.6949,0.6896,0.6949,886970.7
1777150800000,0.695,0.6977,0.6945,0.6949,527003.9
1777154400000,0.6949,0.6996,0.6945,0.6972,435609.4
1777158000000,0.6973,0.699,0.6963,0.699,364783.6
1777161600000,0.699,0.6991,0.6936,0.6947,675604.8
1777165200000,0.6947,0.6949,0.6917,0.6923,653647.0
1777168800000,0.6923,0.6964,0.6923,0.6956,450804.5
1777172400000,0.6957,0.6973,0.6908,0.6944,591241.6
1777176000000,0.6944,0.6995,0.6923,0.6976,687801.6
1777179600000,0.6975,0.7061,0.6964,0.7044,2107360.8
1777183200000,0.7044,0.7093,0.7043,0.7061,1242574.7
1777186800000,0.7062,0.7085,0.7049,0.708,471974.1
1777190400000,0.7081,0.7085,0.7047,0.7064,847886.0
1777194000000,0.7063,0.7137,0.7055,0.7113,1307121.9
1777197600000,0.7112,0.7153,0.7085,0.7145,1015339.1
1777201200000,0.7146,0.7173,0.7128,0.7145,848809.4
1777204800000,0.7144,0.7148,0.7072,0.7091,1110987.9
1777208400000,0.7091,0.7119,0.7063,0.7077,1080990.1
1777212000000,0.7076,0.7163,0.7071,0.7127,1040459.3
1777215600000,0.7126,0.7153,0.7101,0.7131,810078.3
1777219200000,0.7131,0.7134,0.7076,0.7081,681097.9
1777222800000,0.7082,0.7108,0.7051,0.7104,1205126.5
1777226400000,0.7103,0.7145,0.7093,0.713,701604.1
1777230000000,0.7131,0.7182,0.7116,0.7135,942207.2
1777233600000,0.7135,0.7157,0.7114,0.7116,418420.3
1777237200000,0.7115,0.7135,0.7041,0.7124,976873.1
1777240800000,0.7124,0.7177,0.7082,0.7119,1467248.5
1777244400000,0.7118,0.7165,0.7094,0.7116,854956.1
1777248000000,0.7117,0.7206,0.7088,0.7206,2247597.2
1777251600000,0.7206,0.7307,0.7183,0.7287,3198251.5
1777255200000,0.7287,0.7342,0.7232,0.7317,2442673.9
1777258800000,0.7316,0.7385,0.7306,0.7311,1608536.1
1777262400000,0.7311,0.7353,0.7276,0.7298,1817833.6
1777266000000,0.7298,0.7302,0.7003,0.7029,6193800.4
1777269600000,0.7028,0.7041,0.6927,0.6986,2436656.2
1777273200000,0.6986,0.7002,0.6948,0.695,1407329.3
1777276800000,0.695,0.6986,0.6912,0.6982,1950759.7
1777280400000,0.6982,0.7014,0.6963,0.6988,984629.0
1777284000000,0.6989,0.7011,0.697,0.6972,650350.4
1777287600000,0.6972,0.6992,0.6945,0.6978,751955.2
1777291200000,0.6979,0.6993,0.6953,0.6983,838762.0
1777294800000,0.6983,0.7007,0.6922,0.6961,1313322.9
1777298400000,0.696,0.7081,0.6954,0.7019,2201692.0
1777302000000,0.7019,0.702,0.6778,0.683,5474064.1
1777305600000,0.683,0.6858,0.6805,0.6837,1355570.4
1777309200000,0.6838,0.6905,0.6838,0.6869,824275.3
1777312800000,0.6869,0.6905,0.6855,0.6889,709530.3
1777316400000,0.6888,0.6903,0.6827,0.687,874618.1
1777320000000,0.687,0.6902,0.687,0.6876,636269.1
1777323600000,0.6875,0.6927,0.6871,0.6903,634668.8
1777327200000,0.6904,0.6962,0.6902,0.6954,902003.6
1777330800000,0.6953,0.6995,0.6935,0.6982,766692.5
1777334400000,0.6981,0.7007,0.6952,0.6988,756931.1
1777338000000,0.6987,0.7011,0.6952,0.6955,873939.5
1777341600000,0.6956,0.6975,0.6884,0.6911,1323894.4
1777345200000,0.691,0.6915,0.688,0.6905,627386.3
1777348800000,0.6905,0.6953,0.6895,0.6918,790717.6
1777352400000,0.6919,0.6966,0.6911,0.6926,1003645.7
1777356000000,0.6927,0.696,0.6849,0.6872,1254605.0
1777359600000,0.6872,0.6886,0.681,0.6882,1290350.2
1777363200000,0.6882,0.692,0.6866,0.6897,784542.1
1777366800000,0.6896,0.69,0.6835,0.6854,547128.6
1777370400000,0.6854,0.6889,0.6849,0.6871,990165.4
1777374000000,0.6872,0.6877,0.6819,0.684,1264703.8
1777377600000,0.684,0.6844,0.6789,0.6831,2292715.0
1777381200000,0.6831,0.6867,0.6763,0.6829,2075486.6
1777384800000,0.6829,0.6834,0.6769,0.6833,1656217.1
1777388400000,0.6835,0.6897,0.6795,0.6892,5817827.4
1777392000000,0.6893,0.691,0.6835,0.6867,2468308.9
1777395600000,0.6866,0.6901,0.6833,0.688,985000.1
1777399200000,0.6881,0.6925,0.6881,0.6915,1059757.4
1777402800000,0.6916,0.6928,0.6889,0.6912,843570.7
1777406400000,0.6913,0.6927,0.6899,0.6905,411010.8
1777410000000,0.6906,0.6931,0.6864,0.6888,741750.1
1777413600000,0.6889,0.6921,0.6886,0.6894,418477.8
1777417200000,0.6893,0.69,0.6872,0.6898,340818.2
1777420800000,0.6897,0.6907,0.687,0.6894,671917.8
1777424400000,0.6894,0.6917,0.6856,0.6903,738187.4
1777428000000,0.6903,0.6925,0.6871,0.69,534125.8
1777431600000,0.6901,0.7035,0.6896,0.7024,1968535.4
1777435200000,0.7025,0.7118,0.7011,0.7098,2387309.8
1777438800000,0.7099,0.7134,0.7069,0.7116,1804846.6
1777442400000,0.7115,0.7124,0.7021,0.7046,1685776.2
1777446000000,0.7047,0.7088,0.7023,0.7054,1310474.3
1777449600000,0.7054,0.7064,0.7016,0.7036,879228.4
1777453200000,0.7034,0.7204,0.7007,0.7198,2657127.2
1777456800000,0.7198,0.7243,0.7171,0.7187,2797473.3
1777460400000,0.7187,0.7198,0.7127,0.7139,1527820.4
1777464000000,0.7138,0.714,0.7012,0.7061,3150206.7
1777467600000,0.7061,0.7075,0.6946,0.7013,2452703.5
1777471200000,0.7013,0.7049,0.6974,0.6983,1585867.9
1777474800000,0.6983,0.6996,0.6828,0.685,3707801.7
1777478400000,0.6849,0.6885,0.6794,0.6804,2352956.6
1777482000000,0.6805,0.689,0.6805,0.6889,1441147.1
1777485600000,0.6888,0.6898,0.6653,0.6772,6282878.9
1777489200000,0.6773,0.6793,0.6723,0.676,1756801.6
1777492800000,0.676,0.685,0.6752,0.6815,1606576.5
1777496400000,0.6815,0.6904,0.6803,0.6869,1144594.6
1777500000000,0.687,0.6892,0.685,0.6876,691457.3
1777503600000,0.6876,0.6898,0.6849,0.6881,854646.6
1777507200000,0.6882,0.7019,0.688,0.6988,1405520.4
1777510800000,0.6987,0.7079,0.6953,0.7036,2866073.4
1777514400000,0.7038,0.7101,0.6856,0.6896,5065978.7
1777518000000,0.6895,0.6963,0.6888,0.6939,1080957.2
1777521600000,0.6938,0.6941,0.6835,0.6842,1510974.6
1777525200000,0.6843,0.6889,0.6814,0.6857,1137664.7
1777528800000,0.6856,0.6891,0.6846,0.6885,775414.4
1777532400000,0.6885,0.6944,0.6869,0.6944,933318.0
1777536000000,0.6945,0.6947,0.689,0.6893,947901.5
1777539600000,0.6893,0.6962,0.6889,0.6918,894957.1
1777543200000,0.6918,0.6933,0.6879,0.6901,771986.8
1777546800000,0.6901,0.6969,0.6885,0.6932,1615643.2
1777550400000,0.6933,0.7002,0.6926,0.6946,1426915.9
1777554000000,0.6947,0.6969,0.69,0.6934,1902879.6
1777557600000,0.6933,0.6964,0.6865,0.6912,1939443.7
1777561200000,0.6911,0.6961,0.6885,0.6929,1303200.8
1777564800000,0.6929,0.6931,0.6868,0.6876,1094671.3
1777568400000,0.6877,0.6893,0.6854,0.6875,807543.0
1777572000000,0.6875,0.6902,0.6852,0.6873,705389.5
1777575600000,0.6871,0.6899,0.6864,0.6865,521370.7
1777579200000,0.6865,0.6871,0.6847,0.6855,645792.9
1777582800000,0.6854,0.6873,0.683,0.6832,666000.9
1777586400000,0.6832,0.6849,0.6816,0.6827,836819.7
1777590000000,0.6828,0.6868,0.6823,0.6864,1098960.1
1777593600000,0.6864,0.6917,0.6862,0.6873,908333.3
1777597200000,0.6874,0.695,0.6872,0.6937,2018255.3
1777600800000,0.6938,0.6951,0.6916,0.6945,1068588.5
1777604400000,0.6945,0.7069,0.6931,0.7021,3454389.8
1777608000000,0.7023,0.7055,0.6977,0.6987,1377595.9
1777611600000,0.6987,0.7015,0.6974,0.6993,599379.3
1777615200000,0.6995,0.6999,0.6918,0.6931,1147024.9
1777618800000,0.693,0.6948,0.691,0.6933,863006.8
1777622400000,0.6933,0.7007,0.6924,0.6994,1435336.5
1777626000000,0.6994,0.7045,0.6946,0.6969,3305716.4
1777629600000,0.6968,0.6995,0.6928,0.6988,696263.8
1777633200000,0.6988,0.701,0.6952,0.6993,962887.9
1777636800000,0.6991,0.7049,0.6979,0.7011,2002643.8
1777640400000,0.7011,0.7128,0.7011,0.7099,2325330.1
1777644000000,0.71,0.7114,0.7037,0.7089,2280349.2
1777647600000,0.7088,0.7146,0.7061,0.7105,2175766.9
1777651200000,0.7107,0.7135,0.706,0.7082,1455511.3
1777654800000,0.7082,0.711,0.7046,0.7104,2293345.5
1777658400000,0.7104,0.7115,0.7085,0.7092,687288.6
1777662000000,0.7092,0.7106,0.7072,0.7079,607516.4
1777665600000,0.708,0.7087,0.6979,0.7004,1265058.6
1777669200000,0.7004,0.7023,0.6975,0.7019,1334234.8
1777672800000,0.7021,0.705,0.6979,0.6989,898440.9
1777676400000,0.6988,0.6992,0.6951,0.6987,985602.3
1777680000000,0.6987,0.7014,0.6971,0.6999,715589.3
1777683600000,0.6999,0.7017,0.6982,0.7001,564169.6
1777687200000,0.6999,0.7014,0.6973,0.6983,680728.6
1777690800000,0.6983,0.706,0.6969,0.7043,2010162.0
1777694400000,0.7043,0.7051,0.6993,0.7003,835204.3
1777698000000,0.7003,0.7004,0.6965,0.6987,866457.7
1777701600000,0.6988,0.7045,0.6981,0.7034,502124.1
1777705200000,0.7034,0.7041,0.7008,0.701,547167.5
1777708800000,0.701,0.701,0.6984,0.6998,744147.9
1777712400000,0.6998,0.7038,0.6998,0.7031,783338.8
1777716000000,0.703,0.7034,0.7005,0.7011,353670.5
1777719600000,0.701,0.7015,0.6982,0.6992,639185.4
1777723200000,0.6991,0.7037,0.6988,0.7008,590893.0
1777726800000,0.7009,0.7066,0.7008,0.7058,776101.0
1777730400000,0.7058,0.7124,0.7058,0.7118,1682533.1
1777734000000,0.7118,0.7183,0.7114,0.7179,1790412.8
1777737600000,0.7179,0.7213,0.7129,0.7212,2812417.7
1777741200000,0.7213,0.7242,0.7173,0.7193,1473307.7
1777744800000,0.7193,0.7262,0.7169,0.7258,983830.3
1777748400000,0.7258,0.735,0.7249,0.735,2277323.1
1777752000000,0.735,0.7608,0.7331,0.7579,4637307.2
1777755600000,0.7579,0.7643,0.7431,0.7543,3971285.4
1777759200000,0.7543,0.7704,0.7525,0.755,3439716.3
1777762800000,0.7549,0.7549,0.7477,0.7499,1588215.4
1777766400000,0.7499,0.7559,0.7388,0.7456,3102040.7
1777770000000,0.7457,0.7465,0.7335,0.7354,2157769.3
1777773600000,0.7354,0.7363,0.7294,0.7327,1633318.2
1777777200000,0.7328,0.7328,0.7272,0.7299,1647322.3
1777780800000,0.7298,0.7335,0.727,0.7309,1959223.1
1777784400000,0.7308,0.7358,0.7293,0.7348,1187486.1
1777788000000,0.7347,0.7401,0.731,0.7361,1291561.2
1777791600000,0.7361,0.7415,0.7357,0.738,2373792.6
1777795200000,0.7379,0.7478,0.7378,0.7415,2192861.9
1777798800000,0.7415,0.7447,0.7357,0.7384,2053447.2
1777802400000,0.7385,0.7394,0.7329,0.7345,829572.8
